ISO-10303-21;
HEADER;
FILE_DESCRIPTION(('ViewDefinition [CoordinationView]'),'2;1');
FILE_NAME('','2026-08-23T17:02:17',(''),(''),'IfcOpenShell 0.8.4-e8eb5e4','IfcOpenShell 0.8.4-e8eb5e4','');
FILE_SCHEMA(('IFC4'));
ENDSEC;
DATA;
#1=IFCPERSON($,'','ryan@openingdesign.com',$,$,$,$,$);
#2=IFCORGANIZATION($,'','',$,$);
#3=IFCPERSONANDORGANIZATION(#1,#2,$);
#4=IFCAPPLICATION($,'0.8.3','Bonsai','Bonsai-0.8.3');
#5=IFCOWNERHISTORY(#3,#4,.READWRITE.,.MODIFIED.,1786125332,#3,#4,1759683330);
#6=IFCCARTESIANPOINT((0.,0.,0.));
#7=IFCDIRECTION((0.,0.,1.));
#8=IFCDIRECTION((1.,0.,0.));
#9=IFCAXIS2PLACEMENT3D(#6,#7,#8);
#10=IFCGEOMETRICREPRESENTATIONCONTEXT($,'Model',3,1.E-05,#9,$);
#11=IFCGEOMETRICREPRESENTATIONCONTEXT($,'Plan',2,1.E-05,$,$);
#12=IFCSIUNIT(*,.VOLUMEUNIT.,$,.CUBIC_METRE.);
#13=IFCSIUNIT(*,.LENGTHUNIT.,.MILLI.,.METRE.);
#14=IFCDIMENSIONALEXPONENTS(0,0,0,0,0,0,0);
#15=IFCSIUNIT(*,.PLANEANGLEUNIT.,$,.RADIAN.);
#16=IFCMEASUREWITHUNIT(IFCREAL(0.0174532925199433),#15);
#17=IFCCONVERSIONBASEDUNIT(#14,.PLANEANGLEUNIT.,'degree',#16);
#18=IFCSIUNIT(*,.AREAUNIT.,$,.SQUARE_METRE.);
#19=IFCUNITASSIGNMENT((#12,#13,#17,#18));
#20=IFCPROJECT('3hFmn2ED14Ofwsj$DzZ0HC',$,'My Project',$,$,$,$,(#10,#11),#19);
#21=IFCPERSON($,'','ryan@openingdesign.com',$,$,$,$,$);
#22=IFCORGANIZATION($,'','',$,$);
#23=IFCPERSONANDORGANIZATION(#21,#22,$);
#24=IFCACTORROLE(.USERDEFINED.,'CONTRIBUTOR',$);
#25=IFCTELECOMADDRESS(.USERDEFINED.,$,'WEBPAGE',$,$,$,$,'https://ifcopenshell.org',$);
#26=IFCORGANIZATION('IfcOpenShell','IfcOpenShell','IfcOpenShell is an open source software library that helps users and software developers to work with IFC data.',(#24),(#25));
#27=IFCAPPLICATION(#26,'0.8.4','Bonsai','Bonsai-0.8.4');
#28=IFCOWNERHISTORY(#23,#4,.READWRITE.,.MODIFIED.,1787475737,#3,#27,1762494973);
#60=IFCCARTESIANPOINT((0.,0.,0.));
#61=IFCDIRECTION((0.,0.,1.));
#62=IFCDIRECTION((1.,0.,0.));
#63=IFCAXIS2PLACEMENT3D(#60,#61,#62);
#64=IFCCARTESIANPOINTLIST3D(((3.80101418495178,-8.79948425292969,3.24997115135193),(9.31804656982422,-3.18374919891357,3.24997115135193),(7.14624214172363,-6.54628610610962,3.24997115135193),(10.,0.450755923986435,3.24997115135193),(0.,10.4507465362549,3.24997115135193),(7.,7.59507894515991,3.24997115135193),(9.2521390914917,4.24985837936401,3.24997115135193),(3.63639879226685,9.76688480377197,3.24997115135193),(-3.63258457183838,-8.86538696289062,3.24997115135193),(0.,-9.5492525100708,3.24997115135193),(-7.,-6.6935887336731,3.24997115135193),(-9.31423187255859,4.08523941040039,3.24997115135193),(-9.24832439422607,-3.34835338592529,3.24997115135193),(-10.,0.450749397277832,3.24997115135193),(-7.14242744445801,7.44777631759644,3.24997115135193),(-3.79719996452332,9.70097827911377,3.24997115135193),(7.,149.775650024414,224.412811279297),(-7.14247417449951,149.91325378418,224.46533203125),(9.25209045410156,152.901168823242,225.60514831543),(-3.79724478721619,147.808059692383,223.662200927734),(3.63635396957397,147.746459960938,223.638702392578),(-9.31428146362305,153.054946899414,225.663833618164),(10.,156.450744628906,226.959274291992),(-10.,156.450744628906,226.959274291992),(9.31799411773682,159.846527099609,228.254730224609),(7.14618682861328,162.988204956055,229.453247070312),(-7.,163.125839233398,229.505737304688),(3.80095744132996,165.093444824219,230.25634765625),(-9.24837684631348,160.,228.313400268555),(0.,147.107528686523,223.394958496094),(-3.63264131546021,165.155014038086,230.279846191406),(0.,165.7939453125,230.523590087891),(-9.24832439422607,-3.39343690872192,24.9899711608887),(-9.81994438171387,-1.47348201274872,24.9899711608887),(-9.81994438171387,-1.45094406604767,14.1199712753296),(-9.24832439422607,-3.37089896202087,14.1199712753296),(-10.,0.405665934085846,24.9899711608887),(-10.,0.428211390972137,14.1199712753296),(-3.63258457183838,-8.9104700088501,24.9899711608887),(-5.40536022186279,-8.,24.9899711608887),(-5.40536022186279,-7.98377561569214,14.1199712753296),(-3.63258457183838,-8.88792514801025,14.1199712753296),(-7.,-6.7386646270752,24.9899711608887),(-7.,-6.71611928939819,14.1199712753296),(0.,-9.59432792663574,24.9899711608887),(-1.79437255859375,-9.43167591094971,24.9899711608887),(-1.79437255859375,-9.40913772583008,14.1199712753296),(0.,-9.57179069519043,14.1199712753296),(3.80101418495178,-8.84456062316895,24.9899711608887),(1.88106095790863,-9.41617679595947,24.9899711608887),(1.88106095790863,-9.39363861083984,14.1199712753296),(3.80101418495178,-8.82202243804932,14.1199712753296),(9.31804656982422,-3.22881770133972,24.9899711608887),(8.41388988494873,-5.,24.9899711608887),(8.41388988494873,-4.97905588150024,14.1199712753296),(9.31804656982422,-3.20627975463867,14.1199712753296),(7.14624214172363,-6.59136199951172,24.9899711608887),(7.14624214172363,-6.56882429122925,14.1199712753296),(10.,0.405672460794449,24.9899711608887),(9.83925247192383,-1.39061033725739,24.9899711608887),(9.83925247192383,-1.36807227134705,14.1199712753296),(10.,0.42821791768074,14.1199712753296),(9.2521390914917,4.20478248596191,24.9899711608887),(9.82375907897949,2.28482055664062,24.9899711608887),(9.82375907897949,2.30736589431763,14.1199712753296),(9.2521390914917,4.22732067108154,14.1199712753296),(3.63639879226685,9.72181224822998,24.9899711608887),(5.40917491912842,8.81765174865723,24.9899711608887),(5.40917491912842,8.84019374847412,14.1199712753296),(3.63639879226685,9.74435043334961,14.1199712753296),(7.,7.55000305175781,24.9899711608887),(7.,7.57254123687744,14.1199712753296),(0.,10.4056701660156,24.9899711608887),(1.79818689823151,10.2430171966553,24.9899711608887),(1.79818689823151,10.2655553817749,14.1199712753296),(0.,10.4282083511353,14.1199712753296),(-3.79719996452332,9.65590286254883,24.9899711608887),(-1.87724661827087,10.2275218963623,24.9899711608887),(-1.87724661827087,10.2500600814819,14.1199712753296),(-3.79719996452332,9.67844104766846,14.1199712753296),(-9.31423187255859,4.04016351699829,24.9899711608887),(-8.41007518768311,5.81294012069702,24.9899711608887),(-8.41007518768311,5.83547782897949,14.1199712753296),(-9.31423187255859,4.06270122528076,14.1199712753296),(-7.14242744445801,7.40270805358887,24.9899711608887),(-7.14242744445801,7.42523860931396,14.1199712753296),(-9.83543872833252,2.20194864273071,24.9899711608887),(-9.83543872833252,2.22448658943176,14.1199712753296),(-10.,0.360589921474457,46.7299690246582),(-9.24832439422607,-3.43851280212402,46.7299690246582),(-7.,-6.78374052047729,46.7299690246582),(-3.6325843334198,-8.95554637908936,46.7299690246582),(0.,-9.639404296875,46.7299690246582),(3.80101418495178,-8.8896369934082,46.7299690246582),(7.14624214172363,-6.63643789291382,46.7299690246582),(9.31804656982422,-3.27389359474182,46.7299690246582),(10.,0.36059644818306,46.7299690246582),(9.2521390914917,4.15969896316528,46.7299690246582),(7.,7.50492715835571,46.7299690246582),(3.63639879226685,9.67673301696777,46.7299690246582),(0.,10.3605947494507,46.7299690246582),(-3.79719972610474,9.6108226776123,46.7299690246582),(-7.14242744445801,7.35762453079224,46.7299690246582),(-9.31423187255859,4.,46.7299690246582),(-9.24832439422607,-3.4835889339447,68.469970703125),(-10.,0.315513908863068,68.469970703125),(-7.,-6.82881689071655,68.469970703125),(-3.6325843334198,-9.,68.469970703125),(0.,-9.68448066711426,68.469970703125),(3.80101442337036,-8.93472003936768,68.469970703125),(7.14624214172363,-6.68152141571045,68.469970703125),(9.31804656982422,-3.31897711753845,68.469970703125),(10.,0.315520435571671,68.469970703125),(9.2521390914917,4.11462306976318,68.469970703125),(7.,7.45985126495361,68.469970703125),(3.63639903068542,9.63166046142578,68.469970703125),(0.,10.3155183792114,68.469970703125),(-3.79719972610474,9.56575107574463,68.469970703125),(-7.14242744445801,7.31254863739014,68.469970703125),(-9.31423187255859,3.95000386238098,68.469970703125),(-9.24832439422607,-3.52867221832275,90.2099609375),(-10.,0.270437896251678,90.2099609375),(-7.,-6.87389278411865,90.2099609375),(-3.6325843334198,-9.04569816589355,90.2099609375),(0.,-9.7295560836792,90.2099609375),(3.80101442337036,-8.9797887802124,90.2099609375),(7.14624214172363,-6.72659015655518,90.2099609375),(9.31804656982422,-3.36405324935913,90.2099609375),(10.,0.270444422960281,90.2099609375),(9.2521390914917,4.06954717636108,90.2099609375),(7.,7.41477489471436,90.2099609375),(3.63639903068542,9.58658027648926,90.2099609375),(0.,10.2704381942749,90.2099609375),(-3.79719972610474,9.52067089080811,90.2099609375),(-7.14242744445801,7.26747226715088,90.2099609375),(-9.31423187255859,3.90493559837341,90.2099609375),(-9.24832439422607,-3.57374095916748,111.94995880127),(-10.,0.225361898541451,111.94995880127),(-7.,-6.91897630691528,111.94995880127),(-3.6325843334198,-9.09077453613281,111.94995880127),(0.,-9.77464008331299,111.94995880127),(3.80101442337036,-9.02486419677734,111.94995880127),(7.14624214172363,-6.77166604995728,111.94995880127),(9.31804656982422,-3.40912914276123,111.94995880127),(10.,0.225368410348892,111.94995880127),(9.2521390914917,4.02447080612183,111.94995880127),(7.,7.36969900131226,111.94995880127),(3.63639903068542,9.54150104522705,111.94995880127),(0.,10.22536277771,111.94995880127),(-3.79719972610474,9.47559452056885,111.94995880127),(-7.14242744445801,7.22239637374878,111.94995880127),(-9.31423187255859,3.85985946655273,111.94995880127),(-9.24832439422607,-3.61881685256958,133.689956665039),(-10.,0.180285885930061,133.689956665039),(-7.,-6.96404457092285,133.689956665039),(-3.6325843334198,-9.13584995269775,133.689956665039),(0.,-9.8197078704834,133.689956665039),(3.80101442337036,-9.06994819641113,133.689956665039),(7.14624214172363,-6.81674957275391,133.689956665039),(9.31804656982422,-3.45420527458191,133.689956665039),(10.,0.180292397737503,133.689956665039),(9.2521390914917,3.97939491271973,133.689956665039),(7.,7.32462310791016,133.689956665039),(3.63639903068542,9.49642848968506,133.689956665039),(0.,10.1802864074707,133.689956665039),(-3.79719972610474,9.43051910400391,133.689956665039),(-7.14242744445801,7.17732048034668,133.689956665039),(-9.31423187255859,3.8147759437561,133.689956665039),(-9.24832439422607,-3.66390037536621,155.429946899414),(-10.,0.135209873318672,155.429946899414),(-7.,-7.,155.429946899414),(-3.6325843334198,-9.18092632293701,155.429946899414),(0.,-9.86478424072266,155.429946899414),(3.80101442337036,-9.11502361297607,155.429946899414),(7.14624214172363,-6.86182546615601,155.429946899414),(9.31804656982422,-3.49928116798401,155.429946899414),(10.,0.135216385126114,155.429946899414),(9.2521390914917,3.93431901931763,155.429946899414),(7.,7.27954721450806,155.429946899414),(3.63639903068542,9.45134925842285,155.429946899414),(0.,10.1352109909058,155.429946899414),(-3.79719972610474,9.38543891906738,155.429946899414),(-7.14242744445801,7.13224458694458,155.429946899414),(-9.31423187255859,3.769700050354,155.429946899414),(-9.24832439422607,-3.70897626876831,177.169952392578),(-10.,0.0901264101266861,177.169952392578),(-7.,-7.05420446395874,177.169952392578),(-3.6325843334198,-9.22600936889648,177.169952392578),(0.,-9.90986824035645,177.169952392578),(3.80101442337036,-9.1600923538208,177.169952392578),(7.14624214172363,-6.90690183639526,177.169952392578),(9.31804656982422,-3.54435729980469,177.169952392578),(10.,0.0901329293847084,177.169952392578),(9.2521390914917,3.88923573493958,177.169952392578),(7.,7.2344708442688,177.169952392578),(3.63639903068542,9.40627670288086,177.169952392578),(0.,10.0901346206665,177.169952392578),(-3.79719972610474,9.34036636352539,177.169952392578),(-7.14242744445801,7.08716821670532,177.169952392578),(-9.31423187255859,3.72462391853333,177.169952392578),(-9.81994438171387,-1.83409762382507,198.909957885742),(-9.24832439422607,-3.75405240058899,198.909957885742),(-10.,0.0450504012405872,198.909957885742),(-8.30331707000732,-5.52479410171509,198.909957885742),(-7.,-7.09928035736084,198.909957885742),(-5.40536022186279,-8.36692142486572,198.909957885742),(-3.6325843334198,-9.27108573913574,198.909957885742),(-1.79437243938446,-9.79229068756104,198.909957885742),(0.,-9.95494365692139,198.909957885742),(1.88106107711792,-9.7767915725708,198.909957885742),(3.80101442337036,-9.20517635345459,198.909957885742),(5.57175874710083,-8.26017379760742,198.909957885742),(7.14624214172363,-6.95197772979736,198.909957885742),(8.41388988494873,-5.36220979690552,198.909957885742),(9.31804656982422,-3.58944058418274,198.909957885742),(9.83925342559814,-1.75121831893921,198.909957885742),(10.,0.0450569167733192,198.909957885742),(9.82375907897949,1.92421233654022,198.909957885742),(9.2521390914917,3.8441596031189,198.909957885742),(8.30713176727295,5.61490917205811,198.909957885742),(7.,7.1893949508667,198.909957885742),(5.40917491912842,8.45703601837158,198.909957885742),(3.63639903068542,9.36119651794434,198.909957885742),(0.,10.04505443573,198.909957885742),(-1.87724649906158,9.86691093444824,198.909957885742),(-3.79719972610474,9.29528713226318,198.909957885742),(-5.56794404983521,8.35028076171875,198.909957885742),(-7.14242744445801,7.04209232330322,198.909957885742),(-8.41007518768311,5.45232439041138,198.909957885742),(-9.31423187255859,3.67954802513123,198.909957885742),(-9.83543872833252,1.84133315086365,198.909957885742),(-9.24832439422607,-3.77658295631409,209.77995300293),(-9.81994438171387,-1.85663557052612,209.77995300293),(-10.,0.0225198455154896,209.77995300293),(-7.,-7.12181806564331,209.77995300293),(-8.30331707000732,-5.54733228683472,209.77995300293),(-3.6325843334198,-9.29362392425537,209.77995300293),(-5.40536022186279,-8.38945960998535,209.77995300293),(0.,-9.97748184204102,209.77995300293),(-1.79437243938446,-9.81482887268066,209.77995300293),(3.80101442337036,-9.22771453857422,209.77995300293),(1.88106107711792,-9.79932975769043,209.77995300293),(7.14624214172363,-6.97451543807983,209.77995300293),(5.57175874710083,-8.28270435333252,209.77995300293),(9.31804656982422,-3.61197876930237,209.77995300293),(8.41388988494873,-5.38474750518799,209.77995300293),(10.,0.0225263629108667,209.77995300293),(9.83925342559814,-1.7737637758255,209.77995300293),(9.2521390914917,3.82162165641785,209.77995300293),(9.82375907897949,1.90167438983917,209.77995300293),(7.,7.16685724258423,209.77995300293),(8.30713176727295,5.59237098693848,209.77995300293),(3.63639903068542,9.33865833282471,209.77995300293),(5.40917491912842,8.43450164794922,209.77995300293),(-3.79719972610474,9.27274894714355,209.77995300293),(-1.87724649906158,9.84436893463135,209.77995300293),(0.,10.0225210189819,209.77995300293),(-7.14242744445801,7.01955461502075,209.77995300293),(-5.56794404983521,8.32774257659912,209.77995300293),(-9.31423187255859,3.65701007843018,209.77995300293),(-8.41007518768311,5.42978620529175,209.77995300293),(-9.83543872833252,1.81879508495331,209.77995300293),(-10.,0.,220.649963378906),(-9.29597473144531,-3.68096971511841,220.649963378906),(-7.06915760040283,-7.07108736038208,220.649963378906),(-3.67903637886047,-9.29790019989014,220.649963378906),(0.,-10.,220.649963378906),(3.68285727500916,-9.2978982925415,220.649963378906),(7.07297706604004,-7.0710825920105,220.649963378906),(9.29979133605957,-3.68096351623535,220.649963378906),(10.,0.,220.649963378906),(9.29978942871094,3.68093228340149,220.649963378906),(7.07297229766846,7.07105016708374,220.649963378906),(0.,10.,220.649963378906),(3.6828510761261,9.2978630065918,220.649963378906),(-3.67904257774353,9.29786109924316,220.649963378906),(-7.06916236877441,7.07104539871216,220.649963378906),(-9.29597663879395,3.68092632293701,220.649963378906),(-9.24832534790039,-0.767405331134796,236.728485107422),(-9.81994438171387,1.01804411411285,236.022491455078),(-9.81994438171387,-1.15573716163635,228.472961425781),(-9.24832439422607,-3.04173970222473,228.832305908203),(-10.,2.76554775238037,235.331527709961),(-10.,0.690188705921173,228.121276855469),(-7.,-3.87828254699707,237.958557128906),(-8.30331802368164,-2.41410255432129,237.379592895508),(-8.30331707000732,-4.78118181228638,229.163726806641),(-7.,-6.32781744003296,229.458389282227),(-3.6325855255127,-5.89794778823853,238.757141113281),(-5.40536117553711,-5.05712795257568,238.424682617188),(-5.40536069869995,-7.57305479049683,229.695648193359),(-3.63258457183838,-8.46122264862061,229.864868164062),(3.80101323127747,-5.83665657043457,238.73291015625),(1.88106000423431,-6.36822652816772,238.943084716797),(1.88106083869934,-8.95799541473389,229.959518432617),(3.80101418495178,-8.39647483825684,229.8525390625),(0.,-6.5338978767395,239.),(0.,-9.13298797607422,230.),(7.14624118804932,-3.74129915237427,237.904373168945),(5.57175731658936,-4.95784521102905,238.385406494141),(5.57175827026367,-7.46818399429321,229.675689697266),(7.14624166488647,-6.1831226348877,229.430847167969),(9.3180456161499,-0.614327132701874,236.667953491211),(8.41388893127441,-2.26290988922119,237.319808959961),(8.41388988494873,-4.6214656829834,229.13330078125),(9.31804656982422,-2.88003373146057,228.801513671875),(10.,2.76555442810059,235.331527709961),(9.83925247192383,1.09511184692383,236.),(9.83925247192383,-1.07432568073273,228.457473754883),(10.,0.690195202827454,228.121276855469),(-9.83543968200684,4.43599033355713,234.671005249023),(-9.83543872833252,2.45470952987671,227.785064697266),(-9.31423282623291,6.1454291343689,234.),(-9.31423187255859,4.26041746139526,227.441024780273),(-10.,11.6044397354126,248.868865966797),(-9.24832820892334,8.9155101776123,251.552688598633),(-7.,6.54782819747925,253.915863037109),(-3.63258910179138,5.01067018508911,255.450088500977),(0.,4.52664470672607,255.933212280273),(3.80100965499878,5.05732107162476,255.403564453125),(7.14623737335205,6.65208148956299,253.811828613281),(9.31804275512695,9.03202438354492,251.436401367188),(10.,11.6044454574585,248.868865966797),(9.25213527679443,14.2933712005615,246.185073852539),(9.25213813781738,6.29851484298706,233.934539794922),(7.,16.6610565185547,243.821884155273),(7.,9.40938854217529,232.704483032227),(3.63639640808105,18.1982154846191,242.287658691406),(3.63639831542969,11.4290494918823,231.905899047852),(0.,18.6822376251221,241.804550170898),(0.,12.0650005340576,231.654418945312),(-3.79720234870911,18.1515636444092,242.334197998047),(-3.79720044136047,11.3677549362183,231.930130004883),(-7.14243078231812,16.5568008422852,243.925933837891),(-7.14242792129517,9.27240562438965,232.758651733398),(-9.31423568725586,14.1768569946289,246.301361083984),(-9.81995296478271,24.3937740325928,259.535675048828),(-9.24833297729492,23.6843929290771,261.319793701172),(-10.,25.088077545166,257.789520263672),(-8.30332660675049,23.030143737793,262.965240478516),(-7.,22.4484062194824,264.428344726562),(-5.40536975860596,21.980037689209,265.606262207031),(-3.63259434700012,21.6459712982178,266.446472167969),(-1.79438257217407,21.4533939361572,266.930816650391),(0.,21.3932971954346,267.081970214844),(1.88105094432831,21.4591236114502,266.916412353516),(3.80100440979004,21.6703243255615,266.38525390625),(5.57174873352051,22.0194835662842,265.507080078125),(7.14623260498047,22.5028324127197,264.291442871094),(8.41388034820557,23.0902137756348,262.814178466797),(9.31803798675537,23.7452182769775,261.166839599609),(10.,25.0880851745605,257.789520263672),(9.25213146209717,26.491771697998,254.259216308594),(7.,27.7277565002441,251.150680541992),(3.63639283180237,28.5301914215088,249.132568359375),(0.,28.782865524292,248.497085571289),(-3.79720592498779,28.5058403015137,249.193801879883),(-7.14243412017822,27.6733303070068,251.287567138672),(-9.31423950195312,26.430944442749,254.412185668945),(-9.83544540405273,25.7517604827881,256.120300292969),(-9.24833583831787,31.5674896240234,263.639007568359),(-9.81995487213135,31.9304161071777,261.753723144531),(-10.,32.2856330871582,259.908447265625),(-7.,30.9351387023926,266.923919677734),(-8.30332851409912,31.2327671051025,265.377838134766),(-3.63259744644165,30.5246047973633,269.056549072266),(-5.40537261962891,30.6955165863037,268.168701171875),(0.,30.3953342437744,269.728088378906),(-1.79438555240631,30.426082611084,269.568328857422),(3.80100131034851,30.5370655059814,269.),(1.88104796409607,30.4290084838867,269.553100585938),(7.14622974395752,30.9629898071289,266.779296875),(5.57174587249756,30.7157001495361,268.063873291016),(9.31803512573242,31.5986156463623,263.477416992188),(8.41387748718262,31.2635021209717,265.218200683594),(-9.83544731140137,32.625186920166,258.144561767578),(-9.31424236297607,32.9726638793945,256.339538574219),(-10.,39.7526435852051,260.643890380859),(-9.29598808288574,39.7456436157227,264.324829101562),(-7.06917285919189,39.7391891479492,267.714935302734),(-3.67905259132385,39.7349548339844,269.941741943359),(0.,39.7336158752441,270.643859863281),(3.68284106254578,39.7349548339844,269.941741943359),(7.07296133041382,39.7391967773438,267.714935302734),(9.29977703094482,39.7456474304199,264.324829101562),(7.07296133041382,39.76611328125,253.572814941406),(9.29977703094482,39.7596588134766,256.962951660156),(10.,39.7526512145996,260.643890380859),(3.68284106254578,39.7703475952148,251.346008300781),(0.,39.7716827392578,250.643859863281),(-7.06917285919189,39.7661056518555,253.572814941406),(-3.67905259132385,39.7703475952148,251.346008300781),(-9.29598808288574,39.759651184082,256.962951660156),(-9.2483434677124,58.5155944824219,264.770660400391),(-9.8199634552002,58.5232963562012,262.850738525391),(-9.81996059417725,49.1370735168457,262.686859130859),(-9.24834060668945,49.1323089599609,264.606811523438),(-10.,58.530834197998,260.971649169922),(-10.,49.1417388916016,260.807769775391),(-7.,58.5021781921387,268.115844726562),(-8.30333709716797,58.5084953308105,266.541381835938),(-8.30333423614502,49.1279106140137,266.377563476562),(-7.,49.1240043640137,267.952056884766),(-3.63260650634766,58.4934730529785,270.28759765625),(-5.40538215637207,58.4970970153809,269.383453369141),(-5.40537881851196,49.1208572387695,269.219696044922),(-3.63260340690613,49.1186141967773,270.123840332031),(3.8009922504425,58.4937362670898,270.221710205078),(1.88103878498077,58.4914436340332,270.793304443359),(1.8810418844223,49.117359161377,270.629547119141),(3.80099534988403,49.1187782287598,270.057891845703),(0.,58.4907264709473,270.971466064453),(0.,49.1169128417969,270.807708740234),(7.14622068405151,58.5027809143066,267.968536376953),(5.57173681259155,58.4975280761719,269.276702880859),(5.57174015045166,49.1211242675781,269.112945556641),(7.14622402191162,49.1243782043457,267.804718017578),(9.31802749633789,58.5162658691406,264.606079101562),(8.41386985778809,58.5091514587402,266.378814697266),(8.41387271881104,49.1283226013184,266.214996337891),(9.31803035736084,49.1327209472656,264.442230224609),(9.25212097167969,58.5460777282715,257.172637939453),(9.82374095916748,58.5383796691895,259.092529296875),(9.82374382019043,49.1464157104492,258.928619384766),(9.25212383270264,49.151180267334,257.),(10.,58.5308418273926,260.971649169922),(10.,49.1417465209961,260.807769775391),(7.,58.5594940185547,253.82746887207),(8.30711460113525,58.5531806945801,255.401901245117),(8.3071174621582,49.155574798584,255.237930297852),(7.,49.1594848632812,253.663467407227),(3.63638305664062,58.5682029724121,251.655685424805),(5.40915870666504,58.5645790100098,252.559829711914),(5.40916156768799,49.1626319885254,252.39582824707),(3.63638615608215,49.1648750305176,251.491683959961),(-3.79721570014954,58.5679397583008,251.721572875977),(-1.87726223468781,58.5702323913574,251.149963378906),(-1.87725925445557,49.166130065918,250.985961914062),(-3.79721260070801,49.1647109985352,251.557601928711),(0.,58.5709457397461,250.97184753418),(0.,49.1665725708008,250.807815551758),(-7.14244413375854,58.5588989257812,253.974746704102),(-5.56796026229858,58.5641479492188,252.666580200195),(-5.56795692443848,49.1623649597168,252.502578735352),(-7.14244079589844,49.1591110229492,253.810745239258),(-9.31424999237061,58.54541015625,257.337188720703),(-8.4100923538208,58.5525207519531,255.564468383789),(-8.41008949279785,49.1551666259766,255.400527954102),(-9.31424713134766,49.150764465332,257.173278808594),(-9.83545589447021,58.5380401611328,259.175415039062),(-9.83545303344727,49.1461982727051,259.011505126953),(-10.,77.297119140625,261.299224853516),(-9.24835014343262,77.2642822265625,265.098083496094),(-7.,77.2353668212891,268.443084716797),(-3.63261270523071,77.2165985107422,270.614776611328),(0.,77.2106857299805,271.298614501953),(3.80098605155945,77.2171630859375,270.548858642578),(7.14621496200562,77.2366409301758,268.295806884766),(9.31802082061768,77.2657089233398,264.933471679688),(10.,77.297119140625,261.299224853516),(9.25211429595947,77.3299560546875,257.500335693359),(7.,77.3588714599609,254.155288696289),(3.63637709617615,77.3776397705078,251.983627319336),(0.,77.3835525512695,251.299819946289),(-3.79722166061401,77.377067565918,252.049530029297),(-7.1424503326416,77.3576049804688,254.302581787109),(-9.31425666809082,77.3285369873047,257.664947509766),(-9.81997680664062,96.036491394043,263.505676269531),(-9.24835681915283,96.0110092163086,265.425476074219),(-10.,96.0614318847656,261.626739501953),(-8.3033504486084,95.9874954223633,267.196044921875),(-7.,95.9665985107422,268.770355224609),(-5.40539407730103,95.9497756958008,270.037902832031),(-3.63261866569519,95.9377670288086,270.941925048828),(-1.79440689086914,95.9308471679688,271.463073730469),(0.,95.9286956787109,271.625732421875),(1.88102662563324,95.9310531616211,271.447601318359),(3.80098009109497,95.9386444091797,270.876068115234),(5.57172441482544,95.9511871337891,269.93115234375),(7.14620876312256,95.9685516357422,268.623077392578),(8.41385650634766,95.9896545410156,267.033477783203),(9.31801414489746,96.01318359375,265.260894775391),(10.,96.0614318847656,261.626739501953),(9.82372760772705,96.0863800048828,259.747802734375),(9.25210857391357,96.1118698120117,257.828002929688),(8.30710220336914,96.1353759765625,256.057464599609),(7.,96.1562728881836,254.483123779297),(5.40914630889893,96.173095703125,253.215591430664),(3.63637065887451,96.1850967407227,252.311508178711),(0.,96.1941833496094,251.627731323242),(-1.87727451324463,96.1918106079102,251.805862426758),(-3.79722809791565,96.1842269897461,252.37744140625),(-5.56797218322754,96.1716766357422,253.322357177734),(-7.14245653152466,96.1543121337891,254.630401611328),(-8.41010475158691,96.1332092285156,256.220031738281),(-9.31426239013672,96.1096801757812,258.),(-9.83546924591064,96.0852737426758,259.830627441406),(-9.24835968017578,105.387359619141,265.589202880859),(-9.81997966766357,105.41577911377,263.66943359375),(-10.,105.443588256836,261.79052734375),(-7.,105.337852478027,268.934020996094),(-8.30335330963135,105.36116027832,267.359710693359),(-3.63262176513672,105.305709838867,271.105560302734),(-5.40539741516113,105.319091796875,270.201507568359),(0.,105.295593261719,271.789398193359),(-1.79440999031067,105.297988891602,271.626739501953),(3.80097699165344,105.306686401367,271.039672851562),(1.88102352619171,105.298233032227,271.611267089844),(7.14620542526245,105.340034484863,268.786773681641),(5.57172155380249,105.320671081543,270.094757080078),(9.31801128387451,105.389801025391,265.424560546875),(8.41385364532471,105.363563537598,267.197143554688),(9.25210571289062,105.499824523926,258.),(9.8237247467041,105.471405029297,259.911590576172),(10.,105.443588256836,261.79052734375),(7.,105.549331665039,254.64697265625),(8.30709934234619,105.526023864746,256.221313476562),(3.63636779785156,105.581474304199,252.475433349609),(5.40914297103882,105.568092346191,253.379486083984),(-3.7972309589386,105.580497741699,252.541320800781),(-1.87727761268616,105.588958740234,251.969772338867),(0.,105.591590881348,251.791641235352),(-7.14245986938477,105.547157287598,254.794250488281),(-5.56797552108765,105.566513061523,253.486236572266),(-9.31426525115967,105.497383117676,258.156433105469),(-8.41010761260986,105.523628234863,256.383850097656),(-9.83547210693359,105.470176696777,260.),(-10.,114.825752258301,261.954254150391),(-9.29601287841797,114.769142150879,265.634796142578),(-7.06919717788696,114.717002868652,269.024505615234),(0.,114.671951293945,271.953094482422),(3.68281698226929,114.682762145996,271.251068115234),(-3.67907667160034,114.682762145996,271.251068115234),(7.07293748855591,114.717002868652,269.024505615234),(9.29975318908691,114.769142150879,265.634796142578),(10.,114.825752258301,261.954254150391),(9.29975318908691,114.882362365723,258.273773193359),(7.07293748855591,114.934501647949,254.884048461914),(0.,114.979545593262,251.955444335938),(-3.67907691001892,114.968742370605,252.657485961914),(3.68281674385071,114.968742370605,252.657485961914),(-7.06919717788696,114.934501647949,254.884048461914),(-9.29601287841797,114.882362365723,258.273773193359),(-9.24837112426758,140.022506713867,258.26708984375),(-10.,137.891555786133,255.121871948242),(-10.,126.604461669922,260.39501953125),(-9.24836730957031,127.664443969727,264.043273925781),(-7.,141.898864746094,261.036529541016),(-7.,128.597778320312,267.255615234375),(-3.63263392448425,143.117065429688,262.834503173828),(-3.63262963294983,129.203735351562,269.341217041016),(0.,143.50065612793,263.400665283203),(0.,129.39453125,270.),(3.80096483230591,143.080093383789,262.779937744141),(3.80096912384033,129.185333251953,269.277923583984),(7.14619398117065,141.816253662109,260.914581298828),(7.14619779586792,128.556671142578,267.114166259766),(9.31799983978271,139.93017578125,258.130767822266),(9.31800365447998,127.618499755859,263.885192871094),(10.,137.891555786133,255.121871948242),(10.,126.604461669922,260.39501953125),(9.25209617614746,135.760604858398,251.976684570312),(9.25209903717041,125.544479370117,256.746795654297),(7.,133.884216308594,249.207244873047),(7.,124.611129760742,253.534393310547),(3.63635873794556,132.666015625,247.409255981445),(3.63636159896851,124.,251.448791503906),(0.,132.282440185547,246.843124389648),(0.,123.814384460449,250.792129516602),(-3.7972400188446,132.703002929688,247.463821411133),(-3.79723715782166,124.023574829102,251.512100219727),(-7.14246892929077,133.966827392578,249.329193115234),(-7.14246559143066,124.652229309082,253.675842285156),(-9.31427574157715,135.852920532227,252.112976074219),(-9.31427192687988,125.590408325195,256.904815673828),(-9.24837398529053,150.,248.96907043457),(-10.,147.,246.632034301758),(-7.,152.641571044922,251.026916503906),(-3.63263773918152,154.353820800781,252.362930297852),(0.,154.892990112305,252.783615112305),(3.80096101760864,154.301879882812,252.322357177734),(7.14619016647339,152.525436401367,250.936294555664),(9.31799697875977,149.874389648438,248.867828369141),(10.,147.,246.632034301758),(9.25209331512451,144.013717651367,244.294967651367),(7.,141.376312255859,242.237121582031),(3.63635683059692,139.664047241211,240.901138305664),(0.,139.124893188477,240.480438232422),(-3.79724216461182,139.716018676758,240.941680908203),(-7.14247131347656,141.492446899414,242.327743530273),(-9.31427764892578,144.143478393555,244.396224975586),(-9.2960262298584,156.306259155273,237.60710144043),(-10.,152.867065429688,236.295074462891),(-3.67909216880798,161.554275512695,239.609146118164),(-7.06921195983887,159.473709106445,238.8154296875),(3.68280148506165,161.554275512695,239.609146118164),(0.,162.21028137207,239.859390258789),(9.29973888397217,156.306259155273,237.60710144043),(7.07292222976685,159.473709106445,238.8154296875),(10.,152.867065429688,236.295074462891),(7.07292699813843,146.260406494141,233.77473449707),(9.29974174499512,149.427871704102,234.983093261719),(0.,143.523849487305,232.730758666992),(3.68280720710754,144.179840087891,232.981033325195),(-7.06920719146729,146.260406494141,233.77473449707),(-3.67908644676208,144.179840087891,232.981033325195),(-9.29602336883545,149.427871704102,234.983093261719),(-5.03617715835571,-24.4874877929688,-0.750028550624847),(-5.03617715835571,-24.4874877929688,3.24997115135193),(-13.9616222381592,-20.7381801605225,3.24997115135193),(-13.9616222381592,-20.7381801605225,-0.750028550624847),(14.2456560134888,-20.5441970825195,-0.750028550624847),(14.2456560134888,-20.5441970825195,3.24997115135193),(5.04705381393433,-24.4852714538574,3.24997115135193),(5.04705381393433,-24.4852714538574,-0.750028550624847),(24.4875373840332,-5.03626394271851,-0.750028550624847),(24.4875373840332,-5.03626394271851,3.24997115135193),(20.738224029541,-13.9617099761963,3.24997115135193),(20.738224029541,-13.9617099761963,-0.750028550624847),(20.5442409515381,14.2455682754517,-0.750028550624847),(20.5442409515381,14.2455682754517,3.24997115135193),(24.4853248596191,5.04696369171143,3.24997115135193),(24.4853248596191,5.04696369171143,-0.750028550624847),(13.9617538452148,20.7381343841553,-0.750028550624847),(13.9617538452148,20.7381343841553,3.24997115135193),(-5.04692077636719,24.4852390289307,-0.750028550624847),(-5.04692077636719,24.4852390289307,3.24997115135193),(5.03631019592285,24.4874515533447,3.24997115135193),(5.03631019592285,24.4874515533447,-0.750028550624847),(-20.7380924224854,13.9616689682007,-0.750028550624847),(-20.7380924224854,13.9616689682007,3.24997115135193),(-14.2455215454102,20.5441551208496,3.24997115135193),(-14.2455215454102,20.5441551208496,-0.750028550624847),(-24.4851913452148,-5.0470085144043,-0.750028550624847),(-24.4851913452148,-5.0470085144043,3.24997115135193),(-24.4874057769775,5.03621912002563,3.24997115135193),(-24.4874057769775,5.03621912002563,-0.750028550624847),(-20.5441112518311,-14.24560546875,3.24997115135193),(-20.5441112518311,-14.24560546875,-0.750028550624847),(-5.36432838439941,-21.8511829376221,-1.25002861022949),(-5.36432838439941,-21.8511829376221,1.24997127056122),(-13.2636079788208,-18.1748600006104,1.24997127056122),(-13.2636079788208,-18.1748600006104,-1.25002861022949),(12.1113271713257,-18.9622745513916,-1.25002861022949),(12.1113271713257,-18.9622745513916,1.24997127056122),(3.70413851737976,-22.1930332183838,1.24997127056122),(3.70413851737976,-22.1930332183838,-1.25002861022949),(21.8512268066406,-5.36441087722778,-1.25002861022949),(21.8512268066406,-5.36441087722778,1.24997127056122),(18.1749076843262,-13.2636890411377,1.24997127056122),(18.1749076843262,-13.2636890411377,-1.25002861022949),(18.9623260498047,12.1112413406372,-1.25002861022949),(18.9623260498047,12.1112413406372,1.24997127056122),(22.193078994751,3.70405578613281,1.24997127056122),(22.193078994751,3.70405578613281,-1.25002861022949),(13.2637395858765,18.1748180389404,-1.25002861022949),(13.2637395858765,18.1748180389404,1.24997127056122),(-3.70400595664978,22.1929931640625,-1.25002861022949),(-3.70400595664978,22.1929931640625,1.24997127056122),(5.36446142196655,21.8511409759521,1.24997127056122),(5.36446142196655,21.8511409759521,-1.25002861022949),(-18.1747760772705,13.2636556625366,-1.25002861022949),(-18.1747760772705,13.2636556625366,1.24997127056122),(-12.1111946105957,18.9622364044189,1.24997127056122),(-12.1111946105957,18.9622364044189,-1.25002861022949),(-22.1929454803467,-3.70409297943115,-1.25002861022949),(-22.1929454803467,-3.70409297943115,1.24997127056122),(-21.8510932922363,5.36438083648682,1.24997127056122),(-21.8510932922363,5.36438083648682,-1.25002861022949),(-18.962194442749,-12.1112823486328,1.24997127056122),(-18.962194442749,-12.1112823486328,-1.25002861022949)));
#65=IFCINDEXEDPOLYGONALFACE((1,2,3));
#66=IFCINDEXEDPOLYGONALFACE((4,2,1));
#67=IFCINDEXEDPOLYGONALFACE((4,1,5));
#68=IFCINDEXEDPOLYGONALFACE((6,7,4));
#69=IFCINDEXEDPOLYGONALFACE((6,5,8));
#70=IFCINDEXEDPOLYGONALFACE((4,5,6));
#71=IFCINDEXEDPOLYGONALFACE((9,1,10));
#72=IFCINDEXEDPOLYGONALFACE((1,11,12));
#73=IFCINDEXEDPOLYGONALFACE((12,11,13));
#74=IFCINDEXEDPOLYGONALFACE((13,14,12));
#75=IFCINDEXEDPOLYGONALFACE((15,16,5));
#76=IFCINDEXEDPOLYGONALFACE((5,12,15));
#77=IFCINDEXEDPOLYGONALFACE((5,1,12));
#78=IFCINDEXEDPOLYGONALFACE((9,11,1));
#79=IFCINDEXEDPOLYGONALFACE((17,18,19));
#80=IFCINDEXEDPOLYGONALFACE((20,17,21));
#81=IFCINDEXEDPOLYGONALFACE((22,23,19));
#82=IFCINDEXEDPOLYGONALFACE((24,25,23));
#83=IFCINDEXEDPOLYGONALFACE((26,27,28));
#84=IFCINDEXEDPOLYGONALFACE((29,26,25));
#85=IFCINDEXEDPOLYGONALFACE((30,20,21));
#86=IFCINDEXEDPOLYGONALFACE((19,18,22));
#87=IFCINDEXEDPOLYGONALFACE((22,24,23));
#88=IFCINDEXEDPOLYGONALFACE((25,24,29));
#89=IFCINDEXEDPOLYGONALFACE((31,32,28));
#90=IFCINDEXEDPOLYGONALFACE((27,31,28));
#91=IFCINDEXEDPOLYGONALFACE((26,29,27));
#92=IFCINDEXEDPOLYGONALFACE((18,17,20));
#93=IFCINDEXEDPOLYGONALFACE((33,34,35));
#94=IFCINDEXEDPOLYGONALFACE((35,36,33));
#95=IFCINDEXEDPOLYGONALFACE((34,37,38));
#96=IFCINDEXEDPOLYGONALFACE((38,35,34));
#97=IFCINDEXEDPOLYGONALFACE((39,40,41));
#98=IFCINDEXEDPOLYGONALFACE((41,42,39));
#99=IFCINDEXEDPOLYGONALFACE((40,43,44));
#100=IFCINDEXEDPOLYGONALFACE((44,41,40));
#101=IFCINDEXEDPOLYGONALFACE((45,46,47));
#102=IFCINDEXEDPOLYGONALFACE((47,48,45));
#103=IFCINDEXEDPOLYGONALFACE((46,39,42));
#104=IFCINDEXEDPOLYGONALFACE((42,47,46));
#105=IFCINDEXEDPOLYGONALFACE((49,50,51));
#106=IFCINDEXEDPOLYGONALFACE((51,52,49));
#107=IFCINDEXEDPOLYGONALFACE((50,45,48));
#108=IFCINDEXEDPOLYGONALFACE((48,51,50));
#109=IFCINDEXEDPOLYGONALFACE((53,54,55));
#110=IFCINDEXEDPOLYGONALFACE((55,56,53));
#111=IFCINDEXEDPOLYGONALFACE((54,57,58));
#112=IFCINDEXEDPOLYGONALFACE((58,55,54));
#113=IFCINDEXEDPOLYGONALFACE((59,60,61));
#114=IFCINDEXEDPOLYGONALFACE((61,62,59));
#115=IFCINDEXEDPOLYGONALFACE((60,53,56));
#116=IFCINDEXEDPOLYGONALFACE((56,61,60));
#117=IFCINDEXEDPOLYGONALFACE((63,64,65));
#118=IFCINDEXEDPOLYGONALFACE((65,66,63));
#119=IFCINDEXEDPOLYGONALFACE((64,59,62));
#120=IFCINDEXEDPOLYGONALFACE((62,65,64));
#121=IFCINDEXEDPOLYGONALFACE((67,68,69));
#122=IFCINDEXEDPOLYGONALFACE((69,70,67));
#123=IFCINDEXEDPOLYGONALFACE((68,71,72));
#124=IFCINDEXEDPOLYGONALFACE((72,69,68));
#125=IFCINDEXEDPOLYGONALFACE((73,74,75));
#126=IFCINDEXEDPOLYGONALFACE((75,76,73));
#127=IFCINDEXEDPOLYGONALFACE((74,67,70));
#128=IFCINDEXEDPOLYGONALFACE((70,75,74));
#129=IFCINDEXEDPOLYGONALFACE((77,78,79));
#130=IFCINDEXEDPOLYGONALFACE((79,80,77));
#131=IFCINDEXEDPOLYGONALFACE((78,73,76));
#132=IFCINDEXEDPOLYGONALFACE((76,79,78));
#133=IFCINDEXEDPOLYGONALFACE((81,82,83));
#134=IFCINDEXEDPOLYGONALFACE((83,84,81));
#135=IFCINDEXEDPOLYGONALFACE((82,85,86));
#136=IFCINDEXEDPOLYGONALFACE((86,83,82));
#137=IFCINDEXEDPOLYGONALFACE((37,87,88));
#138=IFCINDEXEDPOLYGONALFACE((88,38,37));
#139=IFCINDEXEDPOLYGONALFACE((87,81,84));
#140=IFCINDEXEDPOLYGONALFACE((84,88,87));
#141=IFCINDEXEDPOLYGONALFACE((34,89,37));
#142=IFCINDEXEDPOLYGONALFACE((90,34,33));
#143=IFCINDEXEDPOLYGONALFACE((89,34,90));
#144=IFCINDEXEDPOLYGONALFACE((91,90,33));
#145=IFCINDEXEDPOLYGONALFACE((33,43,91));
#146=IFCINDEXEDPOLYGONALFACE((40,91,43));
#147=IFCINDEXEDPOLYGONALFACE((92,40,39));
#148=IFCINDEXEDPOLYGONALFACE((91,40,92));
#149=IFCINDEXEDPOLYGONALFACE((46,92,39));
#150=IFCINDEXEDPOLYGONALFACE((93,46,45));
#151=IFCINDEXEDPOLYGONALFACE((92,46,93));
#152=IFCINDEXEDPOLYGONALFACE((50,93,45));
#153=IFCINDEXEDPOLYGONALFACE((94,50,49));
#154=IFCINDEXEDPOLYGONALFACE((93,50,94));
#155=IFCINDEXEDPOLYGONALFACE((95,94,49));
#156=IFCINDEXEDPOLYGONALFACE((49,57,95));
#157=IFCINDEXEDPOLYGONALFACE((54,95,57));
#158=IFCINDEXEDPOLYGONALFACE((96,54,53));
#159=IFCINDEXEDPOLYGONALFACE((95,54,96));
#160=IFCINDEXEDPOLYGONALFACE((60,96,53));
#161=IFCINDEXEDPOLYGONALFACE((97,60,59));
#162=IFCINDEXEDPOLYGONALFACE((96,60,97));
#163=IFCINDEXEDPOLYGONALFACE((64,97,59));
#164=IFCINDEXEDPOLYGONALFACE((98,64,63));
#165=IFCINDEXEDPOLYGONALFACE((97,64,98));
#166=IFCINDEXEDPOLYGONALFACE((99,98,63));
#167=IFCINDEXEDPOLYGONALFACE((63,71,99));
#168=IFCINDEXEDPOLYGONALFACE((68,99,71));
#169=IFCINDEXEDPOLYGONALFACE((100,68,67));
#170=IFCINDEXEDPOLYGONALFACE((99,68,100));
#171=IFCINDEXEDPOLYGONALFACE((74,100,67));
#172=IFCINDEXEDPOLYGONALFACE((101,74,73));
#173=IFCINDEXEDPOLYGONALFACE((100,74,101));
#174=IFCINDEXEDPOLYGONALFACE((78,101,73));
#175=IFCINDEXEDPOLYGONALFACE((102,78,77));
#176=IFCINDEXEDPOLYGONALFACE((101,78,102));
#177=IFCINDEXEDPOLYGONALFACE((103,102,77));
#178=IFCINDEXEDPOLYGONALFACE((77,85,103));
#179=IFCINDEXEDPOLYGONALFACE((82,103,85));
#180=IFCINDEXEDPOLYGONALFACE((104,82,81));
#181=IFCINDEXEDPOLYGONALFACE((103,82,104));
#182=IFCINDEXEDPOLYGONALFACE((87,104,81));
#183=IFCINDEXEDPOLYGONALFACE((89,87,37));
#184=IFCINDEXEDPOLYGONALFACE((104,87,89));
#185=IFCINDEXEDPOLYGONALFACE((105,106,89));
#186=IFCINDEXEDPOLYGONALFACE((89,90,105));
#187=IFCINDEXEDPOLYGONALFACE((107,105,90));
#188=IFCINDEXEDPOLYGONALFACE((90,91,107));
#189=IFCINDEXEDPOLYGONALFACE((108,107,91));
#190=IFCINDEXEDPOLYGONALFACE((91,92,108));
#191=IFCINDEXEDPOLYGONALFACE((109,108,92));
#192=IFCINDEXEDPOLYGONALFACE((92,93,109));
#193=IFCINDEXEDPOLYGONALFACE((110,109,93));
#194=IFCINDEXEDPOLYGONALFACE((93,94,110));
#195=IFCINDEXEDPOLYGONALFACE((111,110,94));
#196=IFCINDEXEDPOLYGONALFACE((94,95,111));
#197=IFCINDEXEDPOLYGONALFACE((112,111,95));
#198=IFCINDEXEDPOLYGONALFACE((95,96,112));
#199=IFCINDEXEDPOLYGONALFACE((113,112,96));
#200=IFCINDEXEDPOLYGONALFACE((96,97,113));
#201=IFCINDEXEDPOLYGONALFACE((114,113,97));
#202=IFCINDEXEDPOLYGONALFACE((97,98,114));
#203=IFCINDEXEDPOLYGONALFACE((115,114,98));
#204=IFCINDEXEDPOLYGONALFACE((98,99,115));
#205=IFCINDEXEDPOLYGONALFACE((116,115,99));
#206=IFCINDEXEDPOLYGONALFACE((99,100,116));
#207=IFCINDEXEDPOLYGONALFACE((117,116,100));
#208=IFCINDEXEDPOLYGONALFACE((100,101,117));
#209=IFCINDEXEDPOLYGONALFACE((118,117,101));
#210=IFCINDEXEDPOLYGONALFACE((101,102,118));
#211=IFCINDEXEDPOLYGONALFACE((119,118,102));
#212=IFCINDEXEDPOLYGONALFACE((102,103,119));
#213=IFCINDEXEDPOLYGONALFACE((120,119,103));
#214=IFCINDEXEDPOLYGONALFACE((103,104,120));
#215=IFCINDEXEDPOLYGONALFACE((106,120,104));
#216=IFCINDEXEDPOLYGONALFACE((104,89,106));
#217=IFCINDEXEDPOLYGONALFACE((121,122,106));
#218=IFCINDEXEDPOLYGONALFACE((106,105,121));
#219=IFCINDEXEDPOLYGONALFACE((123,121,105));
#220=IFCINDEXEDPOLYGONALFACE((105,107,123));
#221=IFCINDEXEDPOLYGONALFACE((124,123,107));
#222=IFCINDEXEDPOLYGONALFACE((107,108,124));
#223=IFCINDEXEDPOLYGONALFACE((125,124,108));
#224=IFCINDEXEDPOLYGONALFACE((108,109,125));
#225=IFCINDEXEDPOLYGONALFACE((126,125,109));
#226=IFCINDEXEDPOLYGONALFACE((109,110,126));
#227=IFCINDEXEDPOLYGONALFACE((127,126,110));
#228=IFCINDEXEDPOLYGONALFACE((110,111,127));
#229=IFCINDEXEDPOLYGONALFACE((128,127,111));
#230=IFCINDEXEDPOLYGONALFACE((111,112,128));
#231=IFCINDEXEDPOLYGONALFACE((129,128,112));
#232=IFCINDEXEDPOLYGONALFACE((112,113,129));
#233=IFCINDEXEDPOLYGONALFACE((130,129,113));
#234=IFCINDEXEDPOLYGONALFACE((113,114,130));
#235=IFCINDEXEDPOLYGONALFACE((131,130,114));
#236=IFCINDEXEDPOLYGONALFACE((114,115,131));
#237=IFCINDEXEDPOLYGONALFACE((132,131,115));
#238=IFCINDEXEDPOLYGONALFACE((115,116,132));
#239=IFCINDEXEDPOLYGONALFACE((133,132,116));
#240=IFCINDEXEDPOLYGONALFACE((116,117,133));
#241=IFCINDEXEDPOLYGONALFACE((134,133,117));
#242=IFCINDEXEDPOLYGONALFACE((117,118,134));
#243=IFCINDEXEDPOLYGONALFACE((135,134,118));
#244=IFCINDEXEDPOLYGONALFACE((118,119,135));
#245=IFCINDEXEDPOLYGONALFACE((136,135,119));
#246=IFCINDEXEDPOLYGONALFACE((119,120,136));
#247=IFCINDEXEDPOLYGONALFACE((122,136,120));
#248=IFCINDEXEDPOLYGONALFACE((120,106,122));
#249=IFCINDEXEDPOLYGONALFACE((137,138,122));
#250=IFCINDEXEDPOLYGONALFACE((122,121,137));
#251=IFCINDEXEDPOLYGONALFACE((139,137,121));
#252=IFCINDEXEDPOLYGONALFACE((121,123,139));
#253=IFCINDEXEDPOLYGONALFACE((140,139,123));
#254=IFCINDEXEDPOLYGONALFACE((123,124,140));
#255=IFCINDEXEDPOLYGONALFACE((141,140,124));
#256=IFCINDEXEDPOLYGONALFACE((124,125,141));
#257=IFCINDEXEDPOLYGONALFACE((142,141,125));
#258=IFCINDEXEDPOLYGONALFACE((125,126,142));
#259=IFCINDEXEDPOLYGONALFACE((143,142,126));
#260=IFCINDEXEDPOLYGONALFACE((126,127,143));
#261=IFCINDEXEDPOLYGONALFACE((144,143,127));
#262=IFCINDEXEDPOLYGONALFACE((127,128,144));
#263=IFCINDEXEDPOLYGONALFACE((145,144,128));
#264=IFCINDEXEDPOLYGONALFACE((128,129,145));
#265=IFCINDEXEDPOLYGONALFACE((146,145,129));
#266=IFCINDEXEDPOLYGONALFACE((129,130,146));
#267=IFCINDEXEDPOLYGONALFACE((147,146,130));
#268=IFCINDEXEDPOLYGONALFACE((130,131,147));
#269=IFCINDEXEDPOLYGONALFACE((148,147,131));
#270=IFCINDEXEDPOLYGONALFACE((131,132,148));
#271=IFCINDEXEDPOLYGONALFACE((149,148,132));
#272=IFCINDEXEDPOLYGONALFACE((132,133,149));
#273=IFCINDEXEDPOLYGONALFACE((150,149,133));
#274=IFCINDEXEDPOLYGONALFACE((133,134,150));
#275=IFCINDEXEDPOLYGONALFACE((151,150,134));
#276=IFCINDEXEDPOLYGONALFACE((134,135,151));
#277=IFCINDEXEDPOLYGONALFACE((152,151,135));
#278=IFCINDEXEDPOLYGONALFACE((135,136,152));
#279=IFCINDEXEDPOLYGONALFACE((138,152,136));
#280=IFCINDEXEDPOLYGONALFACE((136,122,138));
#281=IFCINDEXEDPOLYGONALFACE((153,154,138));
#282=IFCINDEXEDPOLYGONALFACE((138,137,153));
#283=IFCINDEXEDPOLYGONALFACE((155,153,137));
#284=IFCINDEXEDPOLYGONALFACE((137,139,155));
#285=IFCINDEXEDPOLYGONALFACE((156,155,139));
#286=IFCINDEXEDPOLYGONALFACE((139,140,156));
#287=IFCINDEXEDPOLYGONALFACE((157,156,140));
#288=IFCINDEXEDPOLYGONALFACE((140,141,157));
#289=IFCINDEXEDPOLYGONALFACE((158,157,141));
#290=IFCINDEXEDPOLYGONALFACE((141,142,158));
#291=IFCINDEXEDPOLYGONALFACE((159,158,142));
#292=IFCINDEXEDPOLYGONALFACE((142,143,159));
#293=IFCINDEXEDPOLYGONALFACE((160,159,143));
#294=IFCINDEXEDPOLYGONALFACE((143,144,160));
#295=IFCINDEXEDPOLYGONALFACE((161,160,144));
#296=IFCINDEXEDPOLYGONALFACE((144,145,161));
#297=IFCINDEXEDPOLYGONALFACE((162,161,145));
#298=IFCINDEXEDPOLYGONALFACE((145,146,162));
#299=IFCINDEXEDPOLYGONALFACE((163,162,146));
#300=IFCINDEXEDPOLYGONALFACE((146,147,163));
#301=IFCINDEXEDPOLYGONALFACE((164,163,147));
#302=IFCINDEXEDPOLYGONALFACE((147,148,164));
#303=IFCINDEXEDPOLYGONALFACE((165,164,148));
#304=IFCINDEXEDPOLYGONALFACE((148,149,165));
#305=IFCINDEXEDPOLYGONALFACE((166,165,149));
#306=IFCINDEXEDPOLYGONALFACE((149,150,166));
#307=IFCINDEXEDPOLYGONALFACE((167,166,150));
#308=IFCINDEXEDPOLYGONALFACE((150,151,167));
#309=IFCINDEXEDPOLYGONALFACE((168,167,151));
#310=IFCINDEXEDPOLYGONALFACE((151,152,168));
#311=IFCINDEXEDPOLYGONALFACE((154,168,152));
#312=IFCINDEXEDPOLYGONALFACE((152,138,154));
#313=IFCINDEXEDPOLYGONALFACE((169,170,154));
#314=IFCINDEXEDPOLYGONALFACE((154,153,169));
#315=IFCINDEXEDPOLYGONALFACE((171,169,153));
#316=IFCINDEXEDPOLYGONALFACE((153,155,171));
#317=IFCINDEXEDPOLYGONALFACE((172,171,155));
#318=IFCINDEXEDPOLYGONALFACE((155,156,172));
#319=IFCINDEXEDPOLYGONALFACE((173,172,156));
#320=IFCINDEXEDPOLYGONALFACE((156,157,173));
#321=IFCINDEXEDPOLYGONALFACE((174,173,157));
#322=IFCINDEXEDPOLYGONALFACE((157,158,174));
#323=IFCINDEXEDPOLYGONALFACE((175,174,158));
#324=IFCINDEXEDPOLYGONALFACE((158,159,175));
#325=IFCINDEXEDPOLYGONALFACE((176,175,159));
#326=IFCINDEXEDPOLYGONALFACE((159,160,176));
#327=IFCINDEXEDPOLYGONALFACE((177,176,160));
#328=IFCINDEXEDPOLYGONALFACE((160,161,177));
#329=IFCINDEXEDPOLYGONALFACE((178,177,161));
#330=IFCINDEXEDPOLYGONALFACE((161,162,178));
#331=IFCINDEXEDPOLYGONALFACE((179,178,162));
#332=IFCINDEXEDPOLYGONALFACE((162,163,179));
#333=IFCINDEXEDPOLYGONALFACE((180,179,163));
#334=IFCINDEXEDPOLYGONALFACE((163,164,180));
#335=IFCINDEXEDPOLYGONALFACE((181,180,164));
#336=IFCINDEXEDPOLYGONALFACE((164,165,181));
#337=IFCINDEXEDPOLYGONALFACE((182,181,165));
#338=IFCINDEXEDPOLYGONALFACE((165,166,182));
#339=IFCINDEXEDPOLYGONALFACE((183,182,166));
#340=IFCINDEXEDPOLYGONALFACE((166,167,183));
#341=IFCINDEXEDPOLYGONALFACE((184,183,167));
#342=IFCINDEXEDPOLYGONALFACE((167,168,184));
#343=IFCINDEXEDPOLYGONALFACE((170,184,168));
#344=IFCINDEXEDPOLYGONALFACE((168,154,170));
#345=IFCINDEXEDPOLYGONALFACE((185,186,170));
#346=IFCINDEXEDPOLYGONALFACE((170,169,185));
#347=IFCINDEXEDPOLYGONALFACE((187,185,169));
#348=IFCINDEXEDPOLYGONALFACE((169,171,187));
#349=IFCINDEXEDPOLYGONALFACE((188,187,171));
#350=IFCINDEXEDPOLYGONALFACE((171,172,188));
#351=IFCINDEXEDPOLYGONALFACE((189,188,172));
#352=IFCINDEXEDPOLYGONALFACE((172,173,189));
#353=IFCINDEXEDPOLYGONALFACE((190,189,173));
#354=IFCINDEXEDPOLYGONALFACE((173,174,190));
#355=IFCINDEXEDPOLYGONALFACE((191,190,174));
#356=IFCINDEXEDPOLYGONALFACE((174,175,191));
#357=IFCINDEXEDPOLYGONALFACE((192,191,175));
#358=IFCINDEXEDPOLYGONALFACE((175,176,192));
#359=IFCINDEXEDPOLYGONALFACE((193,192,176));
#360=IFCINDEXEDPOLYGONALFACE((176,177,193));
#361=IFCINDEXEDPOLYGONALFACE((194,193,177));
#362=IFCINDEXEDPOLYGONALFACE((177,178,194));
#363=IFCINDEXEDPOLYGONALFACE((195,194,178));
#364=IFCINDEXEDPOLYGONALFACE((178,179,195));
#365=IFCINDEXEDPOLYGONALFACE((196,195,179));
#366=IFCINDEXEDPOLYGONALFACE((179,180,196));
#367=IFCINDEXEDPOLYGONALFACE((197,196,180));
#368=IFCINDEXEDPOLYGONALFACE((180,181,197));
#369=IFCINDEXEDPOLYGONALFACE((198,197,181));
#370=IFCINDEXEDPOLYGONALFACE((181,182,198));
#371=IFCINDEXEDPOLYGONALFACE((199,198,182));
#372=IFCINDEXEDPOLYGONALFACE((182,183,199));
#373=IFCINDEXEDPOLYGONALFACE((200,199,183));
#374=IFCINDEXEDPOLYGONALFACE((183,184,200));
#375=IFCINDEXEDPOLYGONALFACE((186,200,184));
#376=IFCINDEXEDPOLYGONALFACE((184,170,186));
#377=IFCINDEXEDPOLYGONALFACE((201,185,202));
#378=IFCINDEXEDPOLYGONALFACE((186,201,203));
#379=IFCINDEXEDPOLYGONALFACE((185,201,186));
#380=IFCINDEXEDPOLYGONALFACE((204,187,205));
#381=IFCINDEXEDPOLYGONALFACE((185,204,202));
#382=IFCINDEXEDPOLYGONALFACE((187,204,185));
#383=IFCINDEXEDPOLYGONALFACE((206,188,207));
#384=IFCINDEXEDPOLYGONALFACE((187,206,205));
#385=IFCINDEXEDPOLYGONALFACE((188,206,187));
#386=IFCINDEXEDPOLYGONALFACE((208,189,209));
#387=IFCINDEXEDPOLYGONALFACE((188,208,207));
#388=IFCINDEXEDPOLYGONALFACE((189,208,188));
#389=IFCINDEXEDPOLYGONALFACE((210,190,211));
#390=IFCINDEXEDPOLYGONALFACE((189,210,209));
#391=IFCINDEXEDPOLYGONALFACE((190,210,189));
#392=IFCINDEXEDPOLYGONALFACE((212,191,213));
#393=IFCINDEXEDPOLYGONALFACE((190,212,211));
#394=IFCINDEXEDPOLYGONALFACE((191,212,190));
#395=IFCINDEXEDPOLYGONALFACE((214,192,215));
#396=IFCINDEXEDPOLYGONALFACE((191,214,213));
#397=IFCINDEXEDPOLYGONALFACE((192,214,191));
#398=IFCINDEXEDPOLYGONALFACE((216,193,217));
#399=IFCINDEXEDPOLYGONALFACE((192,216,215));
#400=IFCINDEXEDPOLYGONALFACE((193,216,192));
#401=IFCINDEXEDPOLYGONALFACE((218,194,219));
#402=IFCINDEXEDPOLYGONALFACE((193,218,217));
#403=IFCINDEXEDPOLYGONALFACE((194,218,193));
#404=IFCINDEXEDPOLYGONALFACE((220,195,221));
#405=IFCINDEXEDPOLYGONALFACE((194,220,219));
#406=IFCINDEXEDPOLYGONALFACE((195,220,194));
#407=IFCINDEXEDPOLYGONALFACE((222,196,223));
#408=IFCINDEXEDPOLYGONALFACE((195,222,221));
#409=IFCINDEXEDPOLYGONALFACE((196,222,195));
#410=IFCINDEXEDPOLYGONALFACE((224,223,196));
#411=IFCINDEXEDPOLYGONALFACE((196,197,224));
#412=IFCINDEXEDPOLYGONALFACE((225,198,226));
#413=IFCINDEXEDPOLYGONALFACE((197,225,224));
#414=IFCINDEXEDPOLYGONALFACE((198,225,197));
#415=IFCINDEXEDPOLYGONALFACE((227,199,228));
#416=IFCINDEXEDPOLYGONALFACE((198,227,226));
#417=IFCINDEXEDPOLYGONALFACE((199,227,198));
#418=IFCINDEXEDPOLYGONALFACE((229,200,230));
#419=IFCINDEXEDPOLYGONALFACE((199,229,228));
#420=IFCINDEXEDPOLYGONALFACE((200,229,199));
#421=IFCINDEXEDPOLYGONALFACE((231,186,203));
#422=IFCINDEXEDPOLYGONALFACE((200,231,230));
#423=IFCINDEXEDPOLYGONALFACE((186,231,200));
#424=IFCINDEXEDPOLYGONALFACE((232,233,201));
#425=IFCINDEXEDPOLYGONALFACE((201,202,232));
#426=IFCINDEXEDPOLYGONALFACE((233,234,203));
#427=IFCINDEXEDPOLYGONALFACE((203,201,233));
#428=IFCINDEXEDPOLYGONALFACE((235,236,204));
#429=IFCINDEXEDPOLYGONALFACE((204,205,235));
#430=IFCINDEXEDPOLYGONALFACE((236,232,202));
#431=IFCINDEXEDPOLYGONALFACE((202,204,236));
#432=IFCINDEXEDPOLYGONALFACE((237,238,206));
#433=IFCINDEXEDPOLYGONALFACE((206,207,237));
#434=IFCINDEXEDPOLYGONALFACE((238,235,205));
#435=IFCINDEXEDPOLYGONALFACE((205,206,238));
#436=IFCINDEXEDPOLYGONALFACE((239,240,208));
#437=IFCINDEXEDPOLYGONALFACE((208,209,239));
#438=IFCINDEXEDPOLYGONALFACE((240,237,207));
#439=IFCINDEXEDPOLYGONALFACE((207,208,240));
#440=IFCINDEXEDPOLYGONALFACE((241,242,210));
#441=IFCINDEXEDPOLYGONALFACE((210,211,241));
#442=IFCINDEXEDPOLYGONALFACE((242,239,209));
#443=IFCINDEXEDPOLYGONALFACE((209,210,242));
#444=IFCINDEXEDPOLYGONALFACE((243,244,212));
#445=IFCINDEXEDPOLYGONALFACE((212,213,243));
#446=IFCINDEXEDPOLYGONALFACE((244,241,211));
#447=IFCINDEXEDPOLYGONALFACE((211,212,244));
#448=IFCINDEXEDPOLYGONALFACE((245,246,214));
#449=IFCINDEXEDPOLYGONALFACE((214,215,245));
#450=IFCINDEXEDPOLYGONALFACE((246,243,213));
#451=IFCINDEXEDPOLYGONALFACE((213,214,246));
#452=IFCINDEXEDPOLYGONALFACE((247,248,216));
#453=IFCINDEXEDPOLYGONALFACE((216,217,247));
#454=IFCINDEXEDPOLYGONALFACE((248,245,215));
#455=IFCINDEXEDPOLYGONALFACE((215,216,248));
#456=IFCINDEXEDPOLYGONALFACE((249,250,218));
#457=IFCINDEXEDPOLYGONALFACE((218,219,249));
#458=IFCINDEXEDPOLYGONALFACE((250,247,217));
#459=IFCINDEXEDPOLYGONALFACE((217,218,250));
#460=IFCINDEXEDPOLYGONALFACE((251,252,220));
#461=IFCINDEXEDPOLYGONALFACE((220,221,251));
#462=IFCINDEXEDPOLYGONALFACE((252,249,219));
#463=IFCINDEXEDPOLYGONALFACE((219,220,252));
#464=IFCINDEXEDPOLYGONALFACE((253,254,222));
#465=IFCINDEXEDPOLYGONALFACE((222,223,253));
#466=IFCINDEXEDPOLYGONALFACE((254,251,221));
#467=IFCINDEXEDPOLYGONALFACE((221,222,254));
#468=IFCINDEXEDPOLYGONALFACE((255,256,225));
#469=IFCINDEXEDPOLYGONALFACE((225,226,255));
#470=IFCINDEXEDPOLYGONALFACE((256,257,224));
#471=IFCINDEXEDPOLYGONALFACE((224,225,256));
#472=IFCINDEXEDPOLYGONALFACE((258,259,227));
#473=IFCINDEXEDPOLYGONALFACE((227,228,258));
#474=IFCINDEXEDPOLYGONALFACE((259,255,226));
#475=IFCINDEXEDPOLYGONALFACE((226,227,259));
#476=IFCINDEXEDPOLYGONALFACE((260,261,229));
#477=IFCINDEXEDPOLYGONALFACE((229,230,260));
#478=IFCINDEXEDPOLYGONALFACE((261,258,228));
#479=IFCINDEXEDPOLYGONALFACE((228,229,261));
#480=IFCINDEXEDPOLYGONALFACE((234,262,231));
#481=IFCINDEXEDPOLYGONALFACE((231,203,234));
#482=IFCINDEXEDPOLYGONALFACE((262,260,230));
#483=IFCINDEXEDPOLYGONALFACE((230,231,262));
#484=IFCINDEXEDPOLYGONALFACE((35,14,13));
#485=IFCINDEXEDPOLYGONALFACE((11,44,36));
#486=IFCINDEXEDPOLYGONALFACE((36,13,11));
#487=IFCINDEXEDPOLYGONALFACE((14,35,38));
#488=IFCINDEXEDPOLYGONALFACE((13,36,35));
#489=IFCINDEXEDPOLYGONALFACE((10,48,47));
#490=IFCINDEXEDPOLYGONALFACE((47,9,10));
#491=IFCINDEXEDPOLYGONALFACE((1,52,51));
#492=IFCINDEXEDPOLYGONALFACE((51,10,1));
#493=IFCINDEXEDPOLYGONALFACE((3,58,52));
#494=IFCINDEXEDPOLYGONALFACE((52,1,3));
#495=IFCINDEXEDPOLYGONALFACE((3,2,55));
#496=IFCINDEXEDPOLYGONALFACE((42,41,9));
#497=IFCINDEXEDPOLYGONALFACE((41,11,9));
#498=IFCINDEXEDPOLYGONALFACE((41,44,11));
#499=IFCINDEXEDPOLYGONALFACE((44,43,33));
#500=IFCINDEXEDPOLYGONALFACE((33,36,44));
#501=IFCINDEXEDPOLYGONALFACE((9,47,42));
#502=IFCINDEXEDPOLYGONALFACE((10,51,48));
#503=IFCINDEXEDPOLYGONALFACE((58,57,49));
#504=IFCINDEXEDPOLYGONALFACE((49,52,58));
#505=IFCINDEXEDPOLYGONALFACE((3,55,58));
#506=IFCINDEXEDPOLYGONALFACE((2,61,56));
#507=IFCINDEXEDPOLYGONALFACE((2,56,55));
#508=IFCINDEXEDPOLYGONALFACE((4,61,2));
#509=IFCINDEXEDPOLYGONALFACE((7,66,65));
#510=IFCINDEXEDPOLYGONALFACE((65,4,7));
#511=IFCINDEXEDPOLYGONALFACE((6,72,66));
#512=IFCINDEXEDPOLYGONALFACE((66,7,6));
#513=IFCINDEXEDPOLYGONALFACE((4,65,62));
#514=IFCINDEXEDPOLYGONALFACE((62,61,4));
#515=IFCINDEXEDPOLYGONALFACE((8,5,75));
#516=IFCINDEXEDPOLYGONALFACE((5,16,79));
#517=IFCINDEXEDPOLYGONALFACE((83,15,12));
#518=IFCINDEXEDPOLYGONALFACE((15,86,80));
#519=IFCINDEXEDPOLYGONALFACE((80,16,15));
#520=IFCINDEXEDPOLYGONALFACE((12,14,88));
#521=IFCINDEXEDPOLYGONALFACE((6,69,72));
#522=IFCINDEXEDPOLYGONALFACE((6,8,69));
#523=IFCINDEXEDPOLYGONALFACE((72,71,63));
#524=IFCINDEXEDPOLYGONALFACE((63,66,72));
#525=IFCINDEXEDPOLYGONALFACE((8,70,69));
#526=IFCINDEXEDPOLYGONALFACE((8,75,70));
#527=IFCINDEXEDPOLYGONALFACE((5,76,75));
#528=IFCINDEXEDPOLYGONALFACE((16,80,79));
#529=IFCINDEXEDPOLYGONALFACE((86,85,77));
#530=IFCINDEXEDPOLYGONALFACE((77,80,86));
#531=IFCINDEXEDPOLYGONALFACE((12,84,83));
#532=IFCINDEXEDPOLYGONALFACE((14,38,88));
#533=IFCINDEXEDPOLYGONALFACE((12,88,84));
#534=IFCINDEXEDPOLYGONALFACE((15,83,86));
#535=IFCINDEXEDPOLYGONALFACE((5,79,76));
#536=IFCINDEXEDPOLYGONALFACE((263,234,233));
#537=IFCINDEXEDPOLYGONALFACE((264,233,232));
#538=IFCINDEXEDPOLYGONALFACE((265,236,235));
#539=IFCINDEXEDPOLYGONALFACE((265,235,238));
#540=IFCINDEXEDPOLYGONALFACE((236,264,232));
#541=IFCINDEXEDPOLYGONALFACE((266,237,240));
#542=IFCINDEXEDPOLYGONALFACE((267,240,239));
#543=IFCINDEXEDPOLYGONALFACE((268,242,241));
#544=IFCINDEXEDPOLYGONALFACE((269,244,243));
#545=IFCINDEXEDPOLYGONALFACE((244,268,241));
#546=IFCINDEXEDPOLYGONALFACE((242,267,239));
#547=IFCINDEXEDPOLYGONALFACE((237,266,238));
#548=IFCINDEXEDPOLYGONALFACE((264,236,265));
#549=IFCINDEXEDPOLYGONALFACE((265,238,266));
#550=IFCINDEXEDPOLYGONALFACE((267,242,268));
#551=IFCINDEXEDPOLYGONALFACE((268,244,269));
#552=IFCINDEXEDPOLYGONALFACE((266,240,267));
#553=IFCINDEXEDPOLYGONALFACE((270,246,245));
#554=IFCINDEXEDPOLYGONALFACE((270,245,248));
#555=IFCINDEXEDPOLYGONALFACE((270,248,271));
#556=IFCINDEXEDPOLYGONALFACE((250,271,247));
#557=IFCINDEXEDPOLYGONALFACE((271,248,247));
#558=IFCINDEXEDPOLYGONALFACE((269,243,246));
#559=IFCINDEXEDPOLYGONALFACE((246,270,269));
#560=IFCINDEXEDPOLYGONALFACE((263,233,264));
#561=IFCINDEXEDPOLYGONALFACE((272,250,249));
#562=IFCINDEXEDPOLYGONALFACE((273,252,251));
#563=IFCINDEXEDPOLYGONALFACE((273,251,254));
#564=IFCINDEXEDPOLYGONALFACE((252,272,249));
#565=IFCINDEXEDPOLYGONALFACE((253,223,224));
#566=IFCINDEXEDPOLYGONALFACE((224,257,253));
#567=IFCINDEXEDPOLYGONALFACE((257,274,275));
#568=IFCINDEXEDPOLYGONALFACE((275,253,257));
#569=IFCINDEXEDPOLYGONALFACE((276,256,255));
#570=IFCINDEXEDPOLYGONALFACE((256,274,257));
#571=IFCINDEXEDPOLYGONALFACE((253,275,254));
#572=IFCINDEXEDPOLYGONALFACE((254,275,273));
#573=IFCINDEXEDPOLYGONALFACE((272,252,273));
#574=IFCINDEXEDPOLYGONALFACE((274,256,276));
#575=IFCINDEXEDPOLYGONALFACE((276,255,259));
#576=IFCINDEXEDPOLYGONALFACE((259,277,276));
#577=IFCINDEXEDPOLYGONALFACE((258,277,259));
#578=IFCINDEXEDPOLYGONALFACE((261,277,258));
#579=IFCINDEXEDPOLYGONALFACE((278,261,260));
#580=IFCINDEXEDPOLYGONALFACE((278,260,262));
#581=IFCINDEXEDPOLYGONALFACE((262,263,278));
#582=IFCINDEXEDPOLYGONALFACE((262,234,263));
#583=IFCINDEXEDPOLYGONALFACE((261,278,277));
#584=IFCINDEXEDPOLYGONALFACE((272,271,250));
#585=IFCINDEXEDPOLYGONALFACE((279,280,281));
#586=IFCINDEXEDPOLYGONALFACE((281,282,279));
#587=IFCINDEXEDPOLYGONALFACE((280,283,284));
#588=IFCINDEXEDPOLYGONALFACE((284,281,280));
#589=IFCINDEXEDPOLYGONALFACE((285,286,287));
#590=IFCINDEXEDPOLYGONALFACE((287,288,285));
#591=IFCINDEXEDPOLYGONALFACE((286,279,282));
#592=IFCINDEXEDPOLYGONALFACE((282,287,286));
#593=IFCINDEXEDPOLYGONALFACE((289,290,291));
#594=IFCINDEXEDPOLYGONALFACE((291,292,289));
#595=IFCINDEXEDPOLYGONALFACE((290,285,288));
#596=IFCINDEXEDPOLYGONALFACE((288,291,290));
#597=IFCINDEXEDPOLYGONALFACE((293,294,295));
#598=IFCINDEXEDPOLYGONALFACE((295,296,293));
#599=IFCINDEXEDPOLYGONALFACE((294,297,298));
#600=IFCINDEXEDPOLYGONALFACE((298,295,294));
#601=IFCINDEXEDPOLYGONALFACE((299,300,301));
#602=IFCINDEXEDPOLYGONALFACE((301,302,299));
#603=IFCINDEXEDPOLYGONALFACE((300,293,296));
#604=IFCINDEXEDPOLYGONALFACE((296,301,300));
#605=IFCINDEXEDPOLYGONALFACE((303,304,305));
#606=IFCINDEXEDPOLYGONALFACE((305,306,303));
#607=IFCINDEXEDPOLYGONALFACE((304,299,302));
#608=IFCINDEXEDPOLYGONALFACE((302,305,304));
#609=IFCINDEXEDPOLYGONALFACE((307,308,309));
#610=IFCINDEXEDPOLYGONALFACE((309,310,307));
#611=IFCINDEXEDPOLYGONALFACE((308,303,306));
#612=IFCINDEXEDPOLYGONALFACE((306,309,308));
#613=IFCINDEXEDPOLYGONALFACE((283,311,312));
#614=IFCINDEXEDPOLYGONALFACE((312,284,283));
#615=IFCINDEXEDPOLYGONALFACE((311,313,314));
#616=IFCINDEXEDPOLYGONALFACE((314,312,311));
#617=IFCINDEXEDPOLYGONALFACE((280,315,283));
#618=IFCINDEXEDPOLYGONALFACE((316,280,279));
#619=IFCINDEXEDPOLYGONALFACE((315,280,316));
#620=IFCINDEXEDPOLYGONALFACE((286,316,279));
#621=IFCINDEXEDPOLYGONALFACE((317,286,285));
#622=IFCINDEXEDPOLYGONALFACE((316,286,317));
#623=IFCINDEXEDPOLYGONALFACE((290,317,285));
#624=IFCINDEXEDPOLYGONALFACE((318,290,289));
#625=IFCINDEXEDPOLYGONALFACE((317,290,318));
#626=IFCINDEXEDPOLYGONALFACE((319,318,289));
#627=IFCINDEXEDPOLYGONALFACE((289,297,319));
#628=IFCINDEXEDPOLYGONALFACE((294,319,297));
#629=IFCINDEXEDPOLYGONALFACE((320,294,293));
#630=IFCINDEXEDPOLYGONALFACE((319,294,320));
#631=IFCINDEXEDPOLYGONALFACE((300,320,293));
#632=IFCINDEXEDPOLYGONALFACE((321,300,299));
#633=IFCINDEXEDPOLYGONALFACE((320,300,321));
#634=IFCINDEXEDPOLYGONALFACE((304,321,299));
#635=IFCINDEXEDPOLYGONALFACE((322,304,303));
#636=IFCINDEXEDPOLYGONALFACE((321,304,322));
#637=IFCINDEXEDPOLYGONALFACE((308,322,303));
#638=IFCINDEXEDPOLYGONALFACE((323,308,307));
#639=IFCINDEXEDPOLYGONALFACE((322,308,323));
#640=IFCINDEXEDPOLYGONALFACE((324,323,307));
#641=IFCINDEXEDPOLYGONALFACE((307,325,324));
#642=IFCINDEXEDPOLYGONALFACE((326,324,325));
#643=IFCINDEXEDPOLYGONALFACE((325,327,326));
#644=IFCINDEXEDPOLYGONALFACE((328,326,327));
#645=IFCINDEXEDPOLYGONALFACE((327,329,328));
#646=IFCINDEXEDPOLYGONALFACE((330,328,329));
#647=IFCINDEXEDPOLYGONALFACE((329,331,330));
#648=IFCINDEXEDPOLYGONALFACE((332,330,331));
#649=IFCINDEXEDPOLYGONALFACE((331,333,332));
#650=IFCINDEXEDPOLYGONALFACE((334,332,333));
#651=IFCINDEXEDPOLYGONALFACE((333,335,334));
#652=IFCINDEXEDPOLYGONALFACE((336,334,335));
#653=IFCINDEXEDPOLYGONALFACE((335,313,336));
#654=IFCINDEXEDPOLYGONALFACE((311,336,313));
#655=IFCINDEXEDPOLYGONALFACE((315,311,283));
#656=IFCINDEXEDPOLYGONALFACE((336,311,315));
#657=IFCINDEXEDPOLYGONALFACE((337,316,338));
#658=IFCINDEXEDPOLYGONALFACE((315,337,339));
#659=IFCINDEXEDPOLYGONALFACE((316,337,315));
#660=IFCINDEXEDPOLYGONALFACE((340,317,341));
#661=IFCINDEXEDPOLYGONALFACE((316,340,338));
#662=IFCINDEXEDPOLYGONALFACE((317,340,316));
#663=IFCINDEXEDPOLYGONALFACE((342,318,343));
#664=IFCINDEXEDPOLYGONALFACE((317,342,341));
#665=IFCINDEXEDPOLYGONALFACE((318,342,317));
#666=IFCINDEXEDPOLYGONALFACE((344,319,345));
#667=IFCINDEXEDPOLYGONALFACE((318,344,343));
#668=IFCINDEXEDPOLYGONALFACE((319,344,318));
#669=IFCINDEXEDPOLYGONALFACE((346,320,347));
#670=IFCINDEXEDPOLYGONALFACE((319,346,345));
#671=IFCINDEXEDPOLYGONALFACE((320,346,319));
#672=IFCINDEXEDPOLYGONALFACE((348,321,349));
#673=IFCINDEXEDPOLYGONALFACE((320,348,347));
#674=IFCINDEXEDPOLYGONALFACE((321,348,320));
#675=IFCINDEXEDPOLYGONALFACE((350,322,351));
#676=IFCINDEXEDPOLYGONALFACE((321,350,349));
#677=IFCINDEXEDPOLYGONALFACE((322,350,321));
#678=IFCINDEXEDPOLYGONALFACE((352,351,322));
#679=IFCINDEXEDPOLYGONALFACE((322,323,352));
#680=IFCINDEXEDPOLYGONALFACE((353,352,323));
#681=IFCINDEXEDPOLYGONALFACE((323,324,353));
#682=IFCINDEXEDPOLYGONALFACE((354,353,324));
#683=IFCINDEXEDPOLYGONALFACE((324,326,354));
#684=IFCINDEXEDPOLYGONALFACE((355,354,326));
#685=IFCINDEXEDPOLYGONALFACE((326,328,355));
#686=IFCINDEXEDPOLYGONALFACE((356,355,328));
#687=IFCINDEXEDPOLYGONALFACE((328,330,356));
#688=IFCINDEXEDPOLYGONALFACE((357,356,330));
#689=IFCINDEXEDPOLYGONALFACE((330,332,357));
#690=IFCINDEXEDPOLYGONALFACE((358,357,332));
#691=IFCINDEXEDPOLYGONALFACE((332,334,358));
#692=IFCINDEXEDPOLYGONALFACE((359,358,334));
#693=IFCINDEXEDPOLYGONALFACE((334,336,359));
#694=IFCINDEXEDPOLYGONALFACE((360,315,339));
#695=IFCINDEXEDPOLYGONALFACE((336,360,359));
#696=IFCINDEXEDPOLYGONALFACE((315,360,336));
#697=IFCINDEXEDPOLYGONALFACE((361,362,337));
#698=IFCINDEXEDPOLYGONALFACE((337,338,361));
#699=IFCINDEXEDPOLYGONALFACE((362,363,339));
#700=IFCINDEXEDPOLYGONALFACE((339,337,362));
#701=IFCINDEXEDPOLYGONALFACE((364,365,340));
#702=IFCINDEXEDPOLYGONALFACE((340,341,364));
#703=IFCINDEXEDPOLYGONALFACE((365,361,338));
#704=IFCINDEXEDPOLYGONALFACE((338,340,365));
#705=IFCINDEXEDPOLYGONALFACE((366,367,342));
#706=IFCINDEXEDPOLYGONALFACE((342,343,366));
#707=IFCINDEXEDPOLYGONALFACE((367,364,341));
#708=IFCINDEXEDPOLYGONALFACE((341,342,367));
#709=IFCINDEXEDPOLYGONALFACE((368,369,344));
#710=IFCINDEXEDPOLYGONALFACE((344,345,368));
#711=IFCINDEXEDPOLYGONALFACE((369,366,343));
#712=IFCINDEXEDPOLYGONALFACE((343,344,369));
#713=IFCINDEXEDPOLYGONALFACE((370,371,346));
#714=IFCINDEXEDPOLYGONALFACE((346,347,370));
#715=IFCINDEXEDPOLYGONALFACE((371,368,345));
#716=IFCINDEXEDPOLYGONALFACE((345,346,371));
#717=IFCINDEXEDPOLYGONALFACE((372,373,348));
#718=IFCINDEXEDPOLYGONALFACE((348,349,372));
#719=IFCINDEXEDPOLYGONALFACE((373,370,347));
#720=IFCINDEXEDPOLYGONALFACE((347,348,373));
#721=IFCINDEXEDPOLYGONALFACE((374,375,350));
#722=IFCINDEXEDPOLYGONALFACE((350,351,374));
#723=IFCINDEXEDPOLYGONALFACE((375,372,349));
#724=IFCINDEXEDPOLYGONALFACE((349,350,375));
#725=IFCINDEXEDPOLYGONALFACE((363,376,360));
#726=IFCINDEXEDPOLYGONALFACE((360,339,363));
#727=IFCINDEXEDPOLYGONALFACE((376,377,359));
#728=IFCINDEXEDPOLYGONALFACE((359,360,376));
#729=IFCINDEXEDPOLYGONALFACE((264,281,284));
#730=IFCINDEXEDPOLYGONALFACE((284,263,264));
#731=IFCINDEXEDPOLYGONALFACE((264,282,281));
#732=IFCINDEXEDPOLYGONALFACE((287,282,264));
#733=IFCINDEXEDPOLYGONALFACE((266,291,288));
#734=IFCINDEXEDPOLYGONALFACE((288,265,266));
#735=IFCINDEXEDPOLYGONALFACE((267,298,292));
#736=IFCINDEXEDPOLYGONALFACE((292,266,267));
#737=IFCINDEXEDPOLYGONALFACE((269,301,296));
#738=IFCINDEXEDPOLYGONALFACE((296,268,269));
#739=IFCINDEXEDPOLYGONALFACE((268,295,298));
#740=IFCINDEXEDPOLYGONALFACE((298,267,268));
#741=IFCINDEXEDPOLYGONALFACE((287,265,288));
#742=IFCINDEXEDPOLYGONALFACE((287,264,265));
#743=IFCINDEXEDPOLYGONALFACE((298,297,289));
#744=IFCINDEXEDPOLYGONALFACE((289,292,298));
#745=IFCINDEXEDPOLYGONALFACE((266,292,291));
#746=IFCINDEXEDPOLYGONALFACE((268,296,295));
#747=IFCINDEXEDPOLYGONALFACE((269,305,302));
#748=IFCINDEXEDPOLYGONALFACE((269,302,301));
#749=IFCINDEXEDPOLYGONALFACE((270,305,269));
#750=IFCINDEXEDPOLYGONALFACE((271,309,306));
#751=IFCINDEXEDPOLYGONALFACE((306,270,271));
#752=IFCINDEXEDPOLYGONALFACE((273,327,325));
#753=IFCINDEXEDPOLYGONALFACE((325,272,273));
#754=IFCINDEXEDPOLYGONALFACE((272,310,271));
#755=IFCINDEXEDPOLYGONALFACE((275,329,327));
#756=IFCINDEXEDPOLYGONALFACE((327,273,275));
#757=IFCINDEXEDPOLYGONALFACE((306,305,270));
#758=IFCINDEXEDPOLYGONALFACE((274,331,329));
#759=IFCINDEXEDPOLYGONALFACE((329,275,274));
#760=IFCINDEXEDPOLYGONALFACE((276,333,331));
#761=IFCINDEXEDPOLYGONALFACE((331,274,276));
#762=IFCINDEXEDPOLYGONALFACE((277,278,314));
#763=IFCINDEXEDPOLYGONALFACE((263,312,314));
#764=IFCINDEXEDPOLYGONALFACE((314,278,263));
#765=IFCINDEXEDPOLYGONALFACE((277,335,333));
#766=IFCINDEXEDPOLYGONALFACE((333,276,277));
#767=IFCINDEXEDPOLYGONALFACE((325,307,310));
#768=IFCINDEXEDPOLYGONALFACE((271,310,309));
#769=IFCINDEXEDPOLYGONALFACE((263,284,312));
#770=IFCINDEXEDPOLYGONALFACE((277,314,335));
#771=IFCINDEXEDPOLYGONALFACE((314,313,335));
#772=IFCINDEXEDPOLYGONALFACE((310,272,325));
#773=IFCINDEXEDPOLYGONALFACE((378,363,362));
#774=IFCINDEXEDPOLYGONALFACE((379,361,365));
#775=IFCINDEXEDPOLYGONALFACE((380,365,364));
#776=IFCINDEXEDPOLYGONALFACE((361,379,362));
#777=IFCINDEXEDPOLYGONALFACE((381,367,366));
#778=IFCINDEXEDPOLYGONALFACE((381,366,369));
#779=IFCINDEXEDPOLYGONALFACE((382,368,371));
#780=IFCINDEXEDPOLYGONALFACE((383,371,370));
#781=IFCINDEXEDPOLYGONALFACE((368,382,369));
#782=IFCINDEXEDPOLYGONALFACE((367,380,364));
#783=IFCINDEXEDPOLYGONALFACE((379,365,380));
#784=IFCINDEXEDPOLYGONALFACE((381,369,382));
#785=IFCINDEXEDPOLYGONALFACE((382,371,383));
#786=IFCINDEXEDPOLYGONALFACE((380,367,381));
#787=IFCINDEXEDPOLYGONALFACE((384,373,372));
#788=IFCINDEXEDPOLYGONALFACE((384,372,375));
#789=IFCINDEXEDPOLYGONALFACE((383,370,373));
#790=IFCINDEXEDPOLYGONALFACE((373,384,383));
#791=IFCINDEXEDPOLYGONALFACE((375,385,384));
#792=IFCINDEXEDPOLYGONALFACE((374,385,375));
#793=IFCINDEXEDPOLYGONALFACE((378,362,379));
#794=IFCINDEXEDPOLYGONALFACE((374,351,352));
#795=IFCINDEXEDPOLYGONALFACE((354,386,387));
#796=IFCINDEXEDPOLYGONALFACE((387,353,354));
#797=IFCINDEXEDPOLYGONALFACE((353,387,388));
#798=IFCINDEXEDPOLYGONALFACE((388,352,353));
#799=IFCINDEXEDPOLYGONALFACE((355,389,386));
#800=IFCINDEXEDPOLYGONALFACE((386,354,355));
#801=IFCINDEXEDPOLYGONALFACE((356,390,389));
#802=IFCINDEXEDPOLYGONALFACE((389,355,356));
#803=IFCINDEXEDPOLYGONALFACE((358,391,392));
#804=IFCINDEXEDPOLYGONALFACE((392,357,358));
#805=IFCINDEXEDPOLYGONALFACE((358,359,377));
#806=IFCINDEXEDPOLYGONALFACE((357,392,390));
#807=IFCINDEXEDPOLYGONALFACE((390,356,357));
#808=IFCINDEXEDPOLYGONALFACE((388,374,352));
#809=IFCINDEXEDPOLYGONALFACE((393,377,376));
#810=IFCINDEXEDPOLYGONALFACE((378,376,363));
#811=IFCINDEXEDPOLYGONALFACE((377,393,391));
#812=IFCINDEXEDPOLYGONALFACE((376,378,393));
#813=IFCINDEXEDPOLYGONALFACE((377,391,358));
#814=IFCINDEXEDPOLYGONALFACE((388,385,374));
#815=IFCINDEXEDPOLYGONALFACE((394,395,396));
#816=IFCINDEXEDPOLYGONALFACE((396,397,394));
#817=IFCINDEXEDPOLYGONALFACE((395,398,399));
#818=IFCINDEXEDPOLYGONALFACE((399,396,395));
#819=IFCINDEXEDPOLYGONALFACE((400,401,402));
#820=IFCINDEXEDPOLYGONALFACE((402,403,400));
#821=IFCINDEXEDPOLYGONALFACE((401,394,397));
#822=IFCINDEXEDPOLYGONALFACE((397,402,401));
#823=IFCINDEXEDPOLYGONALFACE((404,405,406));
#824=IFCINDEXEDPOLYGONALFACE((406,407,404));
#825=IFCINDEXEDPOLYGONALFACE((405,400,403));
#826=IFCINDEXEDPOLYGONALFACE((403,406,405));
#827=IFCINDEXEDPOLYGONALFACE((408,409,410));
#828=IFCINDEXEDPOLYGONALFACE((410,411,408));
#829=IFCINDEXEDPOLYGONALFACE((409,412,413));
#830=IFCINDEXEDPOLYGONALFACE((413,410,409));
#831=IFCINDEXEDPOLYGONALFACE((414,415,416));
#832=IFCINDEXEDPOLYGONALFACE((416,417,414));
#833=IFCINDEXEDPOLYGONALFACE((415,408,411));
#834=IFCINDEXEDPOLYGONALFACE((411,416,415));
#835=IFCINDEXEDPOLYGONALFACE((418,419,420));
#836=IFCINDEXEDPOLYGONALFACE((420,421,418));
#837=IFCINDEXEDPOLYGONALFACE((419,414,417));
#838=IFCINDEXEDPOLYGONALFACE((417,420,419));
#839=IFCINDEXEDPOLYGONALFACE((422,423,424));
#840=IFCINDEXEDPOLYGONALFACE((424,425,422));
#841=IFCINDEXEDPOLYGONALFACE((423,426,427));
#842=IFCINDEXEDPOLYGONALFACE((427,424,423));
#843=IFCINDEXEDPOLYGONALFACE((428,429,430));
#844=IFCINDEXEDPOLYGONALFACE((430,431,428));
#845=IFCINDEXEDPOLYGONALFACE((429,422,425));
#846=IFCINDEXEDPOLYGONALFACE((425,430,429));
#847=IFCINDEXEDPOLYGONALFACE((432,433,434));
#848=IFCINDEXEDPOLYGONALFACE((434,435,432));
#849=IFCINDEXEDPOLYGONALFACE((433,428,431));
#850=IFCINDEXEDPOLYGONALFACE((431,434,433));
#851=IFCINDEXEDPOLYGONALFACE((436,437,438));
#852=IFCINDEXEDPOLYGONALFACE((438,439,436));
#853=IFCINDEXEDPOLYGONALFACE((437,440,441));
#854=IFCINDEXEDPOLYGONALFACE((441,438,437));
#855=IFCINDEXEDPOLYGONALFACE((442,443,444));
#856=IFCINDEXEDPOLYGONALFACE((444,445,442));
#857=IFCINDEXEDPOLYGONALFACE((443,436,439));
#858=IFCINDEXEDPOLYGONALFACE((439,444,443));
#859=IFCINDEXEDPOLYGONALFACE((446,447,448));
#860=IFCINDEXEDPOLYGONALFACE((448,449,446));
#861=IFCINDEXEDPOLYGONALFACE((447,442,445));
#862=IFCINDEXEDPOLYGONALFACE((445,448,447));
#863=IFCINDEXEDPOLYGONALFACE((398,450,451));
#864=IFCINDEXEDPOLYGONALFACE((451,399,398));
#865=IFCINDEXEDPOLYGONALFACE((450,446,449));
#866=IFCINDEXEDPOLYGONALFACE((449,451,450));
#867=IFCINDEXEDPOLYGONALFACE((395,452,398));
#868=IFCINDEXEDPOLYGONALFACE((453,395,394));
#869=IFCINDEXEDPOLYGONALFACE((452,395,453));
#870=IFCINDEXEDPOLYGONALFACE((401,453,394));
#871=IFCINDEXEDPOLYGONALFACE((454,401,400));
#872=IFCINDEXEDPOLYGONALFACE((453,401,454));
#873=IFCINDEXEDPOLYGONALFACE((405,454,400));
#874=IFCINDEXEDPOLYGONALFACE((455,405,404));
#875=IFCINDEXEDPOLYGONALFACE((454,405,455));
#876=IFCINDEXEDPOLYGONALFACE((456,455,404));
#877=IFCINDEXEDPOLYGONALFACE((404,412,456));
#878=IFCINDEXEDPOLYGONALFACE((409,456,412));
#879=IFCINDEXEDPOLYGONALFACE((457,409,408));
#880=IFCINDEXEDPOLYGONALFACE((456,409,457));
#881=IFCINDEXEDPOLYGONALFACE((415,457,408));
#882=IFCINDEXEDPOLYGONALFACE((458,415,414));
#883=IFCINDEXEDPOLYGONALFACE((457,415,458));
#884=IFCINDEXEDPOLYGONALFACE((419,458,414));
#885=IFCINDEXEDPOLYGONALFACE((459,419,418));
#886=IFCINDEXEDPOLYGONALFACE((458,419,459));
#887=IFCINDEXEDPOLYGONALFACE((460,459,418));
#888=IFCINDEXEDPOLYGONALFACE((418,426,460));
#889=IFCINDEXEDPOLYGONALFACE((423,460,426));
#890=IFCINDEXEDPOLYGONALFACE((461,423,422));
#891=IFCINDEXEDPOLYGONALFACE((460,423,461));
#892=IFCINDEXEDPOLYGONALFACE((429,461,422));
#893=IFCINDEXEDPOLYGONALFACE((462,429,428));
#894=IFCINDEXEDPOLYGONALFACE((461,429,462));
#895=IFCINDEXEDPOLYGONALFACE((433,462,428));
#896=IFCINDEXEDPOLYGONALFACE((463,433,432));
#897=IFCINDEXEDPOLYGONALFACE((462,433,463));
#898=IFCINDEXEDPOLYGONALFACE((464,463,432));
#899=IFCINDEXEDPOLYGONALFACE((432,440,464));
#900=IFCINDEXEDPOLYGONALFACE((437,464,440));
#901=IFCINDEXEDPOLYGONALFACE((465,437,436));
#902=IFCINDEXEDPOLYGONALFACE((464,437,465));
#903=IFCINDEXEDPOLYGONALFACE((443,465,436));
#904=IFCINDEXEDPOLYGONALFACE((466,443,442));
#905=IFCINDEXEDPOLYGONALFACE((465,443,466));
#906=IFCINDEXEDPOLYGONALFACE((447,466,442));
#907=IFCINDEXEDPOLYGONALFACE((467,447,446));
#908=IFCINDEXEDPOLYGONALFACE((466,447,467));
#909=IFCINDEXEDPOLYGONALFACE((450,467,446));
#910=IFCINDEXEDPOLYGONALFACE((452,450,398));
#911=IFCINDEXEDPOLYGONALFACE((467,450,452));
#912=IFCINDEXEDPOLYGONALFACE((468,453,469));
#913=IFCINDEXEDPOLYGONALFACE((452,468,470));
#914=IFCINDEXEDPOLYGONALFACE((453,468,452));
#915=IFCINDEXEDPOLYGONALFACE((471,454,472));
#916=IFCINDEXEDPOLYGONALFACE((453,471,469));
#917=IFCINDEXEDPOLYGONALFACE((454,471,453));
#918=IFCINDEXEDPOLYGONALFACE((473,455,474));
#919=IFCINDEXEDPOLYGONALFACE((454,473,472));
#920=IFCINDEXEDPOLYGONALFACE((455,473,454));
#921=IFCINDEXEDPOLYGONALFACE((475,456,476));
#922=IFCINDEXEDPOLYGONALFACE((455,475,474));
#923=IFCINDEXEDPOLYGONALFACE((456,475,455));
#924=IFCINDEXEDPOLYGONALFACE((477,457,478));
#925=IFCINDEXEDPOLYGONALFACE((456,477,476));
#926=IFCINDEXEDPOLYGONALFACE((457,477,456));
#927=IFCINDEXEDPOLYGONALFACE((479,458,480));
#928=IFCINDEXEDPOLYGONALFACE((457,479,478));
#929=IFCINDEXEDPOLYGONALFACE((458,479,457));
#930=IFCINDEXEDPOLYGONALFACE((481,459,482));
#931=IFCINDEXEDPOLYGONALFACE((458,481,480));
#932=IFCINDEXEDPOLYGONALFACE((459,481,458));
#933=IFCINDEXEDPOLYGONALFACE((483,482,459));
#934=IFCINDEXEDPOLYGONALFACE((459,460,483));
#935=IFCINDEXEDPOLYGONALFACE((484,461,485));
#936=IFCINDEXEDPOLYGONALFACE((460,484,483));
#937=IFCINDEXEDPOLYGONALFACE((461,484,460));
#938=IFCINDEXEDPOLYGONALFACE((486,462,487));
#939=IFCINDEXEDPOLYGONALFACE((461,486,485));
#940=IFCINDEXEDPOLYGONALFACE((462,486,461));
#941=IFCINDEXEDPOLYGONALFACE((488,463,489));
#942=IFCINDEXEDPOLYGONALFACE((462,488,487));
#943=IFCINDEXEDPOLYGONALFACE((463,488,462));
#944=IFCINDEXEDPOLYGONALFACE((490,489,463));
#945=IFCINDEXEDPOLYGONALFACE((463,464,490));
#946=IFCINDEXEDPOLYGONALFACE((491,465,492));
#947=IFCINDEXEDPOLYGONALFACE((464,491,490));
#948=IFCINDEXEDPOLYGONALFACE((465,491,464));
#949=IFCINDEXEDPOLYGONALFACE((493,466,494));
#950=IFCINDEXEDPOLYGONALFACE((465,493,492));
#951=IFCINDEXEDPOLYGONALFACE((466,493,465));
#952=IFCINDEXEDPOLYGONALFACE((495,467,496));
#953=IFCINDEXEDPOLYGONALFACE((466,495,494));
#954=IFCINDEXEDPOLYGONALFACE((467,495,466));
#955=IFCINDEXEDPOLYGONALFACE((497,452,470));
#956=IFCINDEXEDPOLYGONALFACE((467,497,496));
#957=IFCINDEXEDPOLYGONALFACE((452,497,467));
#958=IFCINDEXEDPOLYGONALFACE((498,499,468));
#959=IFCINDEXEDPOLYGONALFACE((468,469,498));
#960=IFCINDEXEDPOLYGONALFACE((499,500,470));
#961=IFCINDEXEDPOLYGONALFACE((470,468,499));
#962=IFCINDEXEDPOLYGONALFACE((501,502,471));
#963=IFCINDEXEDPOLYGONALFACE((471,472,501));
#964=IFCINDEXEDPOLYGONALFACE((502,498,469));
#965=IFCINDEXEDPOLYGONALFACE((469,471,502));
#966=IFCINDEXEDPOLYGONALFACE((503,504,473));
#967=IFCINDEXEDPOLYGONALFACE((473,474,503));
#968=IFCINDEXEDPOLYGONALFACE((504,501,472));
#969=IFCINDEXEDPOLYGONALFACE((472,473,504));
#970=IFCINDEXEDPOLYGONALFACE((505,506,475));
#971=IFCINDEXEDPOLYGONALFACE((475,476,505));
#972=IFCINDEXEDPOLYGONALFACE((506,503,474));
#973=IFCINDEXEDPOLYGONALFACE((474,475,506));
#974=IFCINDEXEDPOLYGONALFACE((507,508,477));
#975=IFCINDEXEDPOLYGONALFACE((477,478,507));
#976=IFCINDEXEDPOLYGONALFACE((508,505,476));
#977=IFCINDEXEDPOLYGONALFACE((476,477,508));
#978=IFCINDEXEDPOLYGONALFACE((509,510,479));
#979=IFCINDEXEDPOLYGONALFACE((479,480,509));
#980=IFCINDEXEDPOLYGONALFACE((510,507,478));
#981=IFCINDEXEDPOLYGONALFACE((478,479,510));
#982=IFCINDEXEDPOLYGONALFACE((511,512,481));
#983=IFCINDEXEDPOLYGONALFACE((481,482,511));
#984=IFCINDEXEDPOLYGONALFACE((512,509,480));
#985=IFCINDEXEDPOLYGONALFACE((480,481,512));
#986=IFCINDEXEDPOLYGONALFACE((513,514,484));
#987=IFCINDEXEDPOLYGONALFACE((484,485,513));
#988=IFCINDEXEDPOLYGONALFACE((514,515,483));
#989=IFCINDEXEDPOLYGONALFACE((483,484,514));
#990=IFCINDEXEDPOLYGONALFACE((516,517,486));
#991=IFCINDEXEDPOLYGONALFACE((486,487,516));
#992=IFCINDEXEDPOLYGONALFACE((517,513,485));
#993=IFCINDEXEDPOLYGONALFACE((485,486,517));
#994=IFCINDEXEDPOLYGONALFACE((518,519,488));
#995=IFCINDEXEDPOLYGONALFACE((488,489,518));
#996=IFCINDEXEDPOLYGONALFACE((519,516,487));
#997=IFCINDEXEDPOLYGONALFACE((487,488,519));
#998=IFCINDEXEDPOLYGONALFACE((520,521,491));
#999=IFCINDEXEDPOLYGONALFACE((491,492,520));
#1000=IFCINDEXEDPOLYGONALFACE((521,522,490));
#1001=IFCINDEXEDPOLYGONALFACE((490,491,521));
#1002=IFCINDEXEDPOLYGONALFACE((523,524,493));
#1003=IFCINDEXEDPOLYGONALFACE((493,494,523));
#1004=IFCINDEXEDPOLYGONALFACE((524,520,492));
#1005=IFCINDEXEDPOLYGONALFACE((492,493,524));
#1006=IFCINDEXEDPOLYGONALFACE((525,526,495));
#1007=IFCINDEXEDPOLYGONALFACE((495,496,525));
#1008=IFCINDEXEDPOLYGONALFACE((526,523,494));
#1009=IFCINDEXEDPOLYGONALFACE((494,495,526));
#1010=IFCINDEXEDPOLYGONALFACE((500,527,497));
#1011=IFCINDEXEDPOLYGONALFACE((497,470,500));
#1012=IFCINDEXEDPOLYGONALFACE((527,525,496));
#1013=IFCINDEXEDPOLYGONALFACE((496,497,527));
#1014=IFCINDEXEDPOLYGONALFACE((379,396,399));
#1015=IFCINDEXEDPOLYGONALFACE((399,378,379));
#1016=IFCINDEXEDPOLYGONALFACE((379,397,396));
#1017=IFCINDEXEDPOLYGONALFACE((379,402,397));
#1018=IFCINDEXEDPOLYGONALFACE((380,402,379));
#1019=IFCINDEXEDPOLYGONALFACE((381,406,403));
#1020=IFCINDEXEDPOLYGONALFACE((403,380,381));
#1021=IFCINDEXEDPOLYGONALFACE((382,413,407));
#1022=IFCINDEXEDPOLYGONALFACE((407,381,382));
#1023=IFCINDEXEDPOLYGONALFACE((384,416,411));
#1024=IFCINDEXEDPOLYGONALFACE((411,383,384));
#1025=IFCINDEXEDPOLYGONALFACE((388,427,421));
#1026=IFCINDEXEDPOLYGONALFACE((421,385,388));
#1027=IFCINDEXEDPOLYGONALFACE((385,420,417));
#1028=IFCINDEXEDPOLYGONALFACE((417,384,385));
#1029=IFCINDEXEDPOLYGONALFACE((383,410,413));
#1030=IFCINDEXEDPOLYGONALFACE((413,382,383));
#1031=IFCINDEXEDPOLYGONALFACE((380,403,402));
#1032=IFCINDEXEDPOLYGONALFACE((381,407,406));
#1033=IFCINDEXEDPOLYGONALFACE((404,407,413));
#1034=IFCINDEXEDPOLYGONALFACE((413,412,404));
#1035=IFCINDEXEDPOLYGONALFACE((383,411,410));
#1036=IFCINDEXEDPOLYGONALFACE((385,421,420));
#1037=IFCINDEXEDPOLYGONALFACE((384,417,416));
#1038=IFCINDEXEDPOLYGONALFACE((418,421,427));
#1039=IFCINDEXEDPOLYGONALFACE((427,426,418));
#1040=IFCINDEXEDPOLYGONALFACE((386,430,425));
#1041=IFCINDEXEDPOLYGONALFACE((425,387,386));
#1042=IFCINDEXEDPOLYGONALFACE((427,388,424));
#1043=IFCINDEXEDPOLYGONALFACE((424,388,387));
#1044=IFCINDEXEDPOLYGONALFACE((387,425,424));
#1045=IFCINDEXEDPOLYGONALFACE((431,430,386));
#1046=IFCINDEXEDPOLYGONALFACE((390,441,435));
#1047=IFCINDEXEDPOLYGONALFACE((435,389,390));
#1048=IFCINDEXEDPOLYGONALFACE((392,438,441));
#1049=IFCINDEXEDPOLYGONALFACE((441,390,392));
#1050=IFCINDEXEDPOLYGONALFACE((393,448,445));
#1051=IFCINDEXEDPOLYGONALFACE((445,391,393));
#1052=IFCINDEXEDPOLYGONALFACE((391,444,439));
#1053=IFCINDEXEDPOLYGONALFACE((439,392,391));
#1054=IFCINDEXEDPOLYGONALFACE((378,451,449));
#1055=IFCINDEXEDPOLYGONALFACE((449,393,378));
#1056=IFCINDEXEDPOLYGONALFACE((386,434,431));
#1057=IFCINDEXEDPOLYGONALFACE((386,389,434));
#1058=IFCINDEXEDPOLYGONALFACE((389,435,434));
#1059=IFCINDEXEDPOLYGONALFACE((441,440,432));
#1060=IFCINDEXEDPOLYGONALFACE((432,435,441));
#1061=IFCINDEXEDPOLYGONALFACE((391,445,444));
#1062=IFCINDEXEDPOLYGONALFACE((393,449,448));
#1063=IFCINDEXEDPOLYGONALFACE((378,399,451));
#1064=IFCINDEXEDPOLYGONALFACE((392,439,438));
#1065=IFCINDEXEDPOLYGONALFACE((528,500,499));
#1066=IFCINDEXEDPOLYGONALFACE((529,499,498));
#1067=IFCINDEXEDPOLYGONALFACE((530,502,501));
#1068=IFCINDEXEDPOLYGONALFACE((530,501,504));
#1069=IFCINDEXEDPOLYGONALFACE((502,529,498));
#1070=IFCINDEXEDPOLYGONALFACE((483,515,511));
#1071=IFCINDEXEDPOLYGONALFACE((511,482,483));
#1072=IFCINDEXEDPOLYGONALFACE((531,506,505));
#1073=IFCINDEXEDPOLYGONALFACE((532,508,507));
#1074=IFCINDEXEDPOLYGONALFACE((508,531,505));
#1075=IFCINDEXEDPOLYGONALFACE((506,533,503));
#1076=IFCINDEXEDPOLYGONALFACE((503,533,504));
#1077=IFCINDEXEDPOLYGONALFACE((529,502,530));
#1078=IFCINDEXEDPOLYGONALFACE((530,504,533));
#1079=IFCINDEXEDPOLYGONALFACE((531,508,532));
#1080=IFCINDEXEDPOLYGONALFACE((507,510,532));
#1081=IFCINDEXEDPOLYGONALFACE((533,506,531));
#1082=IFCINDEXEDPOLYGONALFACE((534,510,509));
#1083=IFCINDEXEDPOLYGONALFACE((534,509,512));
#1084=IFCINDEXEDPOLYGONALFACE((512,511,535));
#1085=IFCINDEXEDPOLYGONALFACE((515,536,535));
#1086=IFCINDEXEDPOLYGONALFACE((535,511,515));
#1087=IFCINDEXEDPOLYGONALFACE((534,512,535));
#1088=IFCINDEXEDPOLYGONALFACE((534,532,510));
#1089=IFCINDEXEDPOLYGONALFACE((528,499,529));
#1090=IFCINDEXEDPOLYGONALFACE((537,514,513));
#1091=IFCINDEXEDPOLYGONALFACE((538,517,516));
#1092=IFCINDEXEDPOLYGONALFACE((538,516,519));
#1093=IFCINDEXEDPOLYGONALFACE((517,537,513));
#1094=IFCINDEXEDPOLYGONALFACE((490,522,518));
#1095=IFCINDEXEDPOLYGONALFACE((518,489,490));
#1096=IFCINDEXEDPOLYGONALFACE((539,522,521));
#1097=IFCINDEXEDPOLYGONALFACE((540,520,524));
#1098=IFCINDEXEDPOLYGONALFACE((520,540,521));
#1099=IFCINDEXEDPOLYGONALFACE((522,539,541));
#1100=IFCINDEXEDPOLYGONALFACE((541,518,522));
#1101=IFCINDEXEDPOLYGONALFACE((518,541,519));
#1102=IFCINDEXEDPOLYGONALFACE((537,517,538));
#1103=IFCINDEXEDPOLYGONALFACE((538,519,541));
#1104=IFCINDEXEDPOLYGONALFACE((539,521,540));
#1105=IFCINDEXEDPOLYGONALFACE((524,523,542));
#1106=IFCINDEXEDPOLYGONALFACE((540,524,542));
#1107=IFCINDEXEDPOLYGONALFACE((526,542,523));
#1108=IFCINDEXEDPOLYGONALFACE((543,526,525));
#1109=IFCINDEXEDPOLYGONALFACE((543,525,527));
#1110=IFCINDEXEDPOLYGONALFACE((527,528,543));
#1111=IFCINDEXEDPOLYGONALFACE((527,500,528));
#1112=IFCINDEXEDPOLYGONALFACE((526,543,542));
#1113=IFCINDEXEDPOLYGONALFACE((536,515,514));
#1114=IFCINDEXEDPOLYGONALFACE((514,537,536));
#1115=IFCINDEXEDPOLYGONALFACE((544,545,546));
#1116=IFCINDEXEDPOLYGONALFACE((546,547,544));
#1117=IFCINDEXEDPOLYGONALFACE((548,544,547));
#1118=IFCINDEXEDPOLYGONALFACE((547,549,548));
#1119=IFCINDEXEDPOLYGONALFACE((550,548,549));
#1120=IFCINDEXEDPOLYGONALFACE((549,551,550));
#1121=IFCINDEXEDPOLYGONALFACE((552,550,551));
#1122=IFCINDEXEDPOLYGONALFACE((551,553,552));
#1123=IFCINDEXEDPOLYGONALFACE((554,552,553));
#1124=IFCINDEXEDPOLYGONALFACE((553,555,554));
#1125=IFCINDEXEDPOLYGONALFACE((556,554,555));
#1126=IFCINDEXEDPOLYGONALFACE((555,557,556));
#1127=IFCINDEXEDPOLYGONALFACE((558,556,557));
#1128=IFCINDEXEDPOLYGONALFACE((557,559,558));
#1129=IFCINDEXEDPOLYGONALFACE((560,558,559));
#1130=IFCINDEXEDPOLYGONALFACE((559,561,560));
#1131=IFCINDEXEDPOLYGONALFACE((562,560,561));
#1132=IFCINDEXEDPOLYGONALFACE((561,563,562));
#1133=IFCINDEXEDPOLYGONALFACE((564,562,563));
#1134=IFCINDEXEDPOLYGONALFACE((563,565,564));
#1135=IFCINDEXEDPOLYGONALFACE((566,564,565));
#1136=IFCINDEXEDPOLYGONALFACE((565,567,566));
#1137=IFCINDEXEDPOLYGONALFACE((568,566,567));
#1138=IFCINDEXEDPOLYGONALFACE((567,569,568));
#1139=IFCINDEXEDPOLYGONALFACE((570,568,569));
#1140=IFCINDEXEDPOLYGONALFACE((569,571,570));
#1141=IFCINDEXEDPOLYGONALFACE((572,570,571));
#1142=IFCINDEXEDPOLYGONALFACE((571,573,572));
#1143=IFCINDEXEDPOLYGONALFACE((574,572,573));
#1144=IFCINDEXEDPOLYGONALFACE((573,575,574));
#1145=IFCINDEXEDPOLYGONALFACE((545,574,575));
#1146=IFCINDEXEDPOLYGONALFACE((575,546,545));
#1147=IFCINDEXEDPOLYGONALFACE((576,577,545));
#1148=IFCINDEXEDPOLYGONALFACE((545,544,576));
#1149=IFCINDEXEDPOLYGONALFACE((578,576,544));
#1150=IFCINDEXEDPOLYGONALFACE((544,548,578));
#1151=IFCINDEXEDPOLYGONALFACE((579,578,548));
#1152=IFCINDEXEDPOLYGONALFACE((548,550,579));
#1153=IFCINDEXEDPOLYGONALFACE((580,579,550));
#1154=IFCINDEXEDPOLYGONALFACE((550,552,580));
#1155=IFCINDEXEDPOLYGONALFACE((581,580,552));
#1156=IFCINDEXEDPOLYGONALFACE((552,554,581));
#1157=IFCINDEXEDPOLYGONALFACE((582,581,554));
#1158=IFCINDEXEDPOLYGONALFACE((554,556,582));
#1159=IFCINDEXEDPOLYGONALFACE((583,582,556));
#1160=IFCINDEXEDPOLYGONALFACE((556,558,583));
#1161=IFCINDEXEDPOLYGONALFACE((584,583,558));
#1162=IFCINDEXEDPOLYGONALFACE((558,560,584));
#1163=IFCINDEXEDPOLYGONALFACE((585,584,560));
#1164=IFCINDEXEDPOLYGONALFACE((560,562,585));
#1165=IFCINDEXEDPOLYGONALFACE((586,585,562));
#1166=IFCINDEXEDPOLYGONALFACE((562,564,586));
#1167=IFCINDEXEDPOLYGONALFACE((587,586,564));
#1168=IFCINDEXEDPOLYGONALFACE((564,566,587));
#1169=IFCINDEXEDPOLYGONALFACE((588,587,566));
#1170=IFCINDEXEDPOLYGONALFACE((566,568,588));
#1171=IFCINDEXEDPOLYGONALFACE((589,588,568));
#1172=IFCINDEXEDPOLYGONALFACE((568,570,589));
#1173=IFCINDEXEDPOLYGONALFACE((590,589,570));
#1174=IFCINDEXEDPOLYGONALFACE((570,572,590));
#1175=IFCINDEXEDPOLYGONALFACE((591,590,572));
#1176=IFCINDEXEDPOLYGONALFACE((572,574,591));
#1177=IFCINDEXEDPOLYGONALFACE((577,591,574));
#1178=IFCINDEXEDPOLYGONALFACE((574,545,577));
#1179=IFCINDEXEDPOLYGONALFACE((529,547,546));
#1180=IFCINDEXEDPOLYGONALFACE((546,528,529));
#1181=IFCINDEXEDPOLYGONALFACE((533,551,549));
#1182=IFCINDEXEDPOLYGONALFACE((549,530,533));
#1183=IFCINDEXEDPOLYGONALFACE((530,549,547));
#1184=IFCINDEXEDPOLYGONALFACE((547,529,530));
#1185=IFCINDEXEDPOLYGONALFACE((532,555,553));
#1186=IFCINDEXEDPOLYGONALFACE((553,531,532));
#1187=IFCINDEXEDPOLYGONALFACE((535,559,557));
#1188=IFCINDEXEDPOLYGONALFACE((557,534,535));
#1189=IFCINDEXEDPOLYGONALFACE((534,557,555));
#1190=IFCINDEXEDPOLYGONALFACE((555,532,534));
#1191=IFCINDEXEDPOLYGONALFACE((531,553,551));
#1192=IFCINDEXEDPOLYGONALFACE((551,533,531));
#1193=IFCINDEXEDPOLYGONALFACE((536,561,559));
#1194=IFCINDEXEDPOLYGONALFACE((559,535,536));
#1195=IFCINDEXEDPOLYGONALFACE((538,565,563));
#1196=IFCINDEXEDPOLYGONALFACE((563,537,538));
#1197=IFCINDEXEDPOLYGONALFACE((539,569,567));
#1198=IFCINDEXEDPOLYGONALFACE((567,541,539));
#1199=IFCINDEXEDPOLYGONALFACE((541,567,565));
#1200=IFCINDEXEDPOLYGONALFACE((565,538,541));
#1201=IFCINDEXEDPOLYGONALFACE((542,573,571));
#1202=IFCINDEXEDPOLYGONALFACE((571,540,542));
#1203=IFCINDEXEDPOLYGONALFACE((528,546,575));
#1204=IFCINDEXEDPOLYGONALFACE((575,543,528));
#1205=IFCINDEXEDPOLYGONALFACE((543,575,573));
#1206=IFCINDEXEDPOLYGONALFACE((573,542,543));
#1207=IFCINDEXEDPOLYGONALFACE((540,571,569));
#1208=IFCINDEXEDPOLYGONALFACE((569,539,540));
#1209=IFCINDEXEDPOLYGONALFACE((561,536,537));
#1210=IFCINDEXEDPOLYGONALFACE((537,563,561));
#1211=IFCINDEXEDPOLYGONALFACE((576,592,593));
#1212=IFCINDEXEDPOLYGONALFACE((593,577,576));
#1213=IFCINDEXEDPOLYGONALFACE((579,594,595));
#1214=IFCINDEXEDPOLYGONALFACE((595,578,579));
#1215=IFCINDEXEDPOLYGONALFACE((578,595,592));
#1216=IFCINDEXEDPOLYGONALFACE((592,576,578));
#1217=IFCINDEXEDPOLYGONALFACE((581,596,597));
#1218=IFCINDEXEDPOLYGONALFACE((597,580,581));
#1219=IFCINDEXEDPOLYGONALFACE((583,598,599));
#1220=IFCINDEXEDPOLYGONALFACE((599,582,583));
#1221=IFCINDEXEDPOLYGONALFACE((582,599,596));
#1222=IFCINDEXEDPOLYGONALFACE((596,581,582));
#1223=IFCINDEXEDPOLYGONALFACE((580,597,594));
#1224=IFCINDEXEDPOLYGONALFACE((594,579,580));
#1225=IFCINDEXEDPOLYGONALFACE((584,600,598));
#1226=IFCINDEXEDPOLYGONALFACE((598,583,584));
#1227=IFCINDEXEDPOLYGONALFACE((586,601,602));
#1228=IFCINDEXEDPOLYGONALFACE((602,585,586));
#1229=IFCINDEXEDPOLYGONALFACE((588,603,604));
#1230=IFCINDEXEDPOLYGONALFACE((604,587,588));
#1231=IFCINDEXEDPOLYGONALFACE((587,604,601));
#1232=IFCINDEXEDPOLYGONALFACE((601,586,587));
#1233=IFCINDEXEDPOLYGONALFACE((590,605,606));
#1234=IFCINDEXEDPOLYGONALFACE((606,589,590));
#1235=IFCINDEXEDPOLYGONALFACE((577,593,607));
#1236=IFCINDEXEDPOLYGONALFACE((607,591,577));
#1237=IFCINDEXEDPOLYGONALFACE((591,607,605));
#1238=IFCINDEXEDPOLYGONALFACE((605,590,591));
#1239=IFCINDEXEDPOLYGONALFACE((589,606,603));
#1240=IFCINDEXEDPOLYGONALFACE((603,588,589));
#1241=IFCINDEXEDPOLYGONALFACE((585,602,600));
#1242=IFCINDEXEDPOLYGONALFACE((600,584,585));
#1243=IFCINDEXEDPOLYGONALFACE((592,29,24));
#1244=IFCINDEXEDPOLYGONALFACE((24,593,592));
#1245=IFCINDEXEDPOLYGONALFACE((594,31,27));
#1246=IFCINDEXEDPOLYGONALFACE((27,595,594));
#1247=IFCINDEXEDPOLYGONALFACE((595,27,29));
#1248=IFCINDEXEDPOLYGONALFACE((29,592,595));
#1249=IFCINDEXEDPOLYGONALFACE((596,28,32));
#1250=IFCINDEXEDPOLYGONALFACE((32,597,596));
#1251=IFCINDEXEDPOLYGONALFACE((598,25,26));
#1252=IFCINDEXEDPOLYGONALFACE((26,599,598));
#1253=IFCINDEXEDPOLYGONALFACE((599,26,28));
#1254=IFCINDEXEDPOLYGONALFACE((28,596,599));
#1255=IFCINDEXEDPOLYGONALFACE((597,32,31));
#1256=IFCINDEXEDPOLYGONALFACE((31,594,597));
#1257=IFCINDEXEDPOLYGONALFACE((602,19,23));
#1258=IFCINDEXEDPOLYGONALFACE((23,600,602));
#1259=IFCINDEXEDPOLYGONALFACE((604,21,17));
#1260=IFCINDEXEDPOLYGONALFACE((17,601,604));
#1261=IFCINDEXEDPOLYGONALFACE((601,17,19));
#1262=IFCINDEXEDPOLYGONALFACE((19,602,601));
#1263=IFCINDEXEDPOLYGONALFACE((606,20,30));
#1264=IFCINDEXEDPOLYGONALFACE((30,603,606));
#1265=IFCINDEXEDPOLYGONALFACE((607,22,18));
#1266=IFCINDEXEDPOLYGONALFACE((18,605,607));
#1267=IFCINDEXEDPOLYGONALFACE((593,24,22));
#1268=IFCINDEXEDPOLYGONALFACE((22,607,593));
#1269=IFCINDEXEDPOLYGONALFACE((605,18,20));
#1270=IFCINDEXEDPOLYGONALFACE((20,606,605));
#1271=IFCINDEXEDPOLYGONALFACE((603,30,21));
#1272=IFCINDEXEDPOLYGONALFACE((21,604,603));
#1273=IFCINDEXEDPOLYGONALFACE((600,23,25));
#1274=IFCINDEXEDPOLYGONALFACE((25,598,600));
#1275=IFCPOLYGONALFACESET(#64,.T.,(#65,#66,#67,#68,#69,#70,#71,#72,#73,#74,#75,#76,#77,#78,#79,#80,#81,#82,#83,#84,#85,#86,#87,#88,#89,#90,#91,#92,#93,#94,#95,#96,#97,#98,#99,#100,#101,#102,#103,#104,#105,#106,#107,#108,#109,#110,#111,#112,#113,#114,#115,#116,#117,#118,#119,#120,#121,#122,#123,#124,#125,#126,#127,#128,#129,#130,#131,#132,#133,#134,#135,#136,#137,#138,#139,#140,#141,#142,#143,#144,#145,#146,#147,#148,#149,#150,#151,#152,#153,#154,#155,#156,#157,#158,#159,#160,#161,#162,#163,#164,#165,#166,#167,#168,#169,#170,#171,#172,#173,#174,#175,#176,#177,#178,#179,#180,#181,#182,#183,#184,#185,#186,#187,#188,#189,#190,#191,#192,#193,#194,#195,#196,#197,#198,#199,#200,#201,#202,#203,#204,#205,#206,#207,#208,#209,#210,#211,#212,#213,#214,#215,#216,#217,#218,#219,#220,#221,#222,#223,#224,#225,#226,#227,#228,#229,#230,#231,#232,#233,#234,#235,#236,#237,#238,#239,#240,#241,#242,#243,#244,#245,#246,#247,#248,#249,#250,#251,#252,#253,#254,#255,#256,#257,#258,#259,#260,#261,#262,#263,#264,#265,#266,#267,#268,#269,#270,#271,#272,#273,#274,#275,#276,#277,#278,#279,#280,#281,#282,#283,#284,#285,#286,#287,#288,#289,#290,#291,#292,#293,#294,#295,#296,#297,#298,#299,#300,#301,#302,#303,#304,#305,#306,#307,#308,#309,#310,#311,#312,#313,#314,#315,#316,#317,#318,#319,#320,#321,#322,#323,#324,#325,#326,#327,#328,#329,#330,#331,#332,#333,#334,#335,#336,#337,#338,#339,#340,#341,#342,#343,#344,#345,#346,#347,#348,#349,#350,#351,#352,#353,#354,#355,#356,#357,#358,#359,#360,#361,#362,#363,#364,#365,#366,#367,#368,#369,#370,#371,#372,#373,#374,#375,#376,#377,#378,#379,#380,#381,#382,#383,#384,#385,#386,#387,#388,#389,#390,#391,#392,#393,#394,#395,#396,#397,#398,#399,#400,#401,#402,#403,#404,#405,#406,#407,#408,#409,#410,#411,#412,#413,#414,#415,#416,#417,#418,#419,#420,#421,#422,#423,#424,#425,#426,#427,#428,#429,#430,#431,#432,#433,#434,#435,#436,#437,#438,#439,#440,#441,#442,#443,#444,#445,#446,#447,#448,#449,#450,#451,#452,#453,#454,#455,#456,#457,#458,#459,#460,#461,#462,#463,#464,#465,#466,#467,#468,#469,#470,#471,#472,#473,#474,#475,#476,#477,#478,#479,#480,#481,#482,#483,#484,#485,#486,#487,#488,#489,#490,#491,#492,#493,#494,#495,#496,#497,#498,#499,#500,#501,#502,#503,#504,#505,#506,#507,#508,#509,#510,#511,#512,#513,#514,#515,#516,#517,#518,#519,#520,#521,#522,#523,#524,#525,#526,#527,#528,#529,#530,#531,#532,#533,#534,#535,#536,#537,#538,#539,#540,#541,#542,#543,#544,#545,#546,#547,#548,#549,#550,#551,#552,#553,#554,#555,#556,#557,#558,#559,#560,#561,#562,#563,#564,#565,#566,#567,#568,#569,#570,#571,#572,#573,#574,#575,#576,#577,#578,#579,#580,#581,#582,#583,#584,#585,#586,#587,#588,#589,#590,#591,#592,#593,#594,#595,#596,#597,#598,#599,#600,#601,#602,#603,#604,#605,#606,#607,#608,#609,#610,#611,#612,#613,#614,#615,#616,#617,#618,#619,#620,#621,#622,#623,#624,#625,#626,#627,#628,#629,#630,#631,#632,#633,#634,#635,#636,#637,#638,#639,#640,#641,#642,#643,#644,#645,#646,#647,#648,#649,#650,#651,#652,#653,#654,#655,#656,#657,#658,#659,#660,#661,#662,#663,#664,#665,#666,#667,#668,#669,#670,#671,#672,#673,#674,#675,#676,#677,#678,#679,#680,#681,#682,#683,#684,#685,#686,#687,#688,#689,#690,#691,#692,#693,#694,#695,#696,#697,#698,#699,#700,#701,#702,#703,#704,#705,#706,#707,#708,#709,#710,#711,#712,#713,#714,#715,#716,#717,#718,#719,#720,#721,#722,#723,#724,#725,#726,#727,#728,#729,#730,#731,#732,#733,#734,#735,#736,#737,#738,#739,#740,#741,#742,#743,#744,#745,#746,#747,#748,#749,#750,#751,#752,#753,#754,#755,#756,#757,#758,#759,#760,#761,#762,#763,#764,#765,#766,#767,#768,#769,#770,#771,#772,#773,#774,#775,#776,#777,#778,#779,#780,#781,#782,#783,#784,#785,#786,#787,#788,#789,#790,#791,#792,#793,#794,#795,#796,#797,#798,#799,#800,#801,#802,#803,#804,#805,#806,#807,#808,#809,#810,#811,#812,#813,#814,#815,#816,#817,#818,#819,#820,#821,#822,#823,#824,#825,#826,#827,#828,#829,#830,#831,#832,#833,#834,#835,#836,#837,#838,#839,#840,#841,#842,#843,#844,#845,#846,#847,#848,#849,#850,#851,#852,#853,#854,#855,#856,#857,#858,#859,#860,#861,#862,#863,#864,#865,#866,#867,#868,#869,#870,#871,#872,#873,#874,#875,#876,#877,#878,#879,#880,#881,#882,#883,#884,#885,#886,#887,#888,#889,#890,#891,#892,#893,#894,#895,#896,#897,#898,#899,#900,#901,#902,#903,#904,#905,#906,#907,#908,#909,#910,#911,#912,#913,#914,#915,#916,#917,#918,#919,#920,#921,#922,#923,#924,#925,#926,#927,#928,#929,#930,#931,#932,#933,#934,#935,#936,#937,#938,#939,#940,#941,#942,#943,#944,#945,#946,#947,#948,#949,#950,#951,#952,#953,#954,#955,#956,#957,#958,#959,#960,#961,#962,#963,#964,#965,#966,#967,#968,#969,#970,#971,#972,#973,#974,#975,#976,#977,#978,#979,#980,#981,#982,#983,#984,#985,#986,#987,#988,#989,#990,#991,#992,#993,#994,#995,#996,#997,#998,#999,#1000,#1001,#1002,#1003,#1004,#1005,#1006,#1007,#1008,#1009,#1010,#1011,#1012,#1013,#1014,#1015,#1016,#1017,#1018,#1019,#1020,#1021,#1022,#1023,#1024,#1025,#1026,#1027,#1028,#1029,#1030,#1031,#1032,#1033,#1034,#1035,#1036,#1037,#1038,#1039,#1040,#1041,#1042,#1043,#1044,#1045,#1046,#1047,#1048,#1049,#1050,#1051,#1052,#1053,#1054,#1055,#1056,#1057,#1058,#1059,#1060,#1061,#1062,#1063,#1064,#1065,#1066,#1067,#1068,#1069,#1070,#1071,#1072,#1073,#1074,#1075,#1076,#1077,#1078,#1079,#1080,#1081,#1082,#1083,#1084,#1085,#1086,#1087,#1088,#1089,#1090,#1091,#1092,#1093,#1094,#1095,#1096,#1097,#1098,#1099,#1100,#1101,#1102,#1103,#1104,#1105,#1106,#1107,#1108,#1109,#1110,#1111,#1112,#1113,#1114,#1115,#1116,#1117,#1118,#1119,#1120,#1121,#1122,#1123,#1124,#1125,#1126,#1127,#1128,#1129,#1130,#1131,#1132,#1133,#1134,#1135,#1136,#1137,#1138,#1139,#1140,#1141,#1142,#1143,#1144,#1145,#1146,#1147,#1148,#1149,#1150,#1151,#1152,#1153,#1154,#1155,#1156,#1157,#1158,#1159,#1160,#1161,#1162,#1163,#1164,#1165,#1166,#1167,#1168,#1169,#1170,#1171,#1172,#1173,#1174,#1175,#1176,#1177,#1178,#1179,#1180,#1181,#1182,#1183,#1184,#1185,#1186,#1187,#1188,#1189,#1190,#1191,#1192,#1193,#1194,#1195,#1196,#1197,#1198,#1199,#1200,#1201,#1202,#1203,#1204,#1205,#1206,#1207,#1208,#1209,#1210,#1211,#1212,#1213,#1214,#1215,#1216,#1217,#1218,#1219,#1220,#1221,#1222,#1223,#1224,#1225,#1226,#1227,#1228,#1229,#1230,#1231,#1232,#1233,#1234,#1235,#1236,#1237,#1238,#1239,#1240,#1241,#1242,#1243,#1244,#1245,#1246,#1247,#1248,#1249,#1250,#1251,#1252,#1253,#1254,#1255,#1256,#1257,#1258,#1259,#1260,#1261,#1262,#1263,#1264,#1265,#1266,#1267,#1268,#1269,#1270,#1271,#1272,#1273,#1274),$);
#1276=IFCINDEXEDPOLYGONALFACE((608,609,610));
#1277=IFCINDEXEDPOLYGONALFACE((610,611,608));
#1278=IFCINDEXEDPOLYGONALFACE((612,613,614));
#1279=IFCINDEXEDPOLYGONALFACE((614,615,612));
#1280=IFCINDEXEDPOLYGONALFACE((615,614,609));
#1281=IFCINDEXEDPOLYGONALFACE((609,608,615));
#1282=IFCINDEXEDPOLYGONALFACE((616,617,618));
#1283=IFCINDEXEDPOLYGONALFACE((618,619,616));
#1284=IFCINDEXEDPOLYGONALFACE((620,621,622));
#1285=IFCINDEXEDPOLYGONALFACE((622,623,620));
#1286=IFCINDEXEDPOLYGONALFACE((623,622,617));
#1287=IFCINDEXEDPOLYGONALFACE((617,616,623));
#1288=IFCINDEXEDPOLYGONALFACE((619,618,613));
#1289=IFCINDEXEDPOLYGONALFACE((613,612,619));
#1290=IFCINDEXEDPOLYGONALFACE((624,625,621));
#1291=IFCINDEXEDPOLYGONALFACE((621,620,624));
#1292=IFCINDEXEDPOLYGONALFACE((626,627,628));
#1293=IFCINDEXEDPOLYGONALFACE((628,629,626));
#1294=IFCINDEXEDPOLYGONALFACE((630,631,632));
#1295=IFCINDEXEDPOLYGONALFACE((632,633,630));
#1296=IFCINDEXEDPOLYGONALFACE((633,632,627));
#1297=IFCINDEXEDPOLYGONALFACE((627,626,633));
#1298=IFCINDEXEDPOLYGONALFACE((634,635,636));
#1299=IFCINDEXEDPOLYGONALFACE((636,637,634));
#1300=IFCINDEXEDPOLYGONALFACE((611,610,638));
#1301=IFCINDEXEDPOLYGONALFACE((638,639,611));
#1302=IFCINDEXEDPOLYGONALFACE((639,638,635));
#1303=IFCINDEXEDPOLYGONALFACE((635,634,639));
#1304=IFCINDEXEDPOLYGONALFACE((637,636,631));
#1305=IFCINDEXEDPOLYGONALFACE((631,630,637));
#1306=IFCINDEXEDPOLYGONALFACE((629,628,625));
#1307=IFCINDEXEDPOLYGONALFACE((625,624,629));
#1308=IFCINDEXEDPOLYGONALFACE((624,620,623));
#1309=IFCINDEXEDPOLYGONALFACE((623,629,624));
#1310=IFCINDEXEDPOLYGONALFACE((616,611,623));
#1311=IFCINDEXEDPOLYGONALFACE((612,616,619));
#1312=IFCINDEXEDPOLYGONALFACE((616,612,611));
#1313=IFCINDEXEDPOLYGONALFACE((615,611,612));
#1314=IFCINDEXEDPOLYGONALFACE((626,629,623));
#1315=IFCINDEXEDPOLYGONALFACE((630,633,626));
#1316=IFCINDEXEDPOLYGONALFACE((626,637,630));
#1317=IFCINDEXEDPOLYGONALFACE((634,637,626));
#1318=IFCINDEXEDPOLYGONALFACE((608,611,615));
#1319=IFCINDEXEDPOLYGONALFACE((639,623,611));
#1320=IFCINDEXEDPOLYGONALFACE((626,639,634));
#1321=IFCINDEXEDPOLYGONALFACE((639,626,623));
#1322=IFCINDEXEDPOLYGONALFACE((625,622,621));
#1323=IFCINDEXEDPOLYGONALFACE((622,625,628));
#1324=IFCINDEXEDPOLYGONALFACE((617,622,610));
#1325=IFCINDEXEDPOLYGONALFACE((613,618,617));
#1326=IFCINDEXEDPOLYGONALFACE((617,610,613));
#1327=IFCINDEXEDPOLYGONALFACE((614,613,610));
#1328=IFCINDEXEDPOLYGONALFACE((627,622,628));
#1329=IFCINDEXEDPOLYGONALFACE((631,627,632));
#1330=IFCINDEXEDPOLYGONALFACE((627,631,636));
#1331=IFCINDEXEDPOLYGONALFACE((635,627,636));
#1332=IFCINDEXEDPOLYGONALFACE((609,614,610));
#1333=IFCINDEXEDPOLYGONALFACE((638,610,622));
#1334=IFCINDEXEDPOLYGONALFACE((627,635,638));
#1335=IFCINDEXEDPOLYGONALFACE((638,622,627));
#1336=IFCPOLYGONALFACESET(#64,.T.,(#1276,#1277,#1278,#1279,#1280,#1281,#1282,#1283,#1284,#1285,#1286,#1287,#1288,#1289,#1290,#1291,#1292,#1293,#1294,#1295,#1296,#1297,#1298,#1299,#1300,#1301,#1302,#1303,#1304,#1305,#1306,#1307,#1308,#1309,#1310,#1311,#1312,#1313,#1314,#1315,#1316,#1317,#1318,#1319,#1320,#1321,#1322,#1323,#1324,#1325,#1326,#1327,#1328,#1329,#1330,#1331,#1332,#1333,#1334,#1335),$);
#1337=IFCINDEXEDPOLYGONALFACE((640,641,642));
#1338=IFCINDEXEDPOLYGONALFACE((642,643,640));
#1339=IFCINDEXEDPOLYGONALFACE((644,645,646));
#1340=IFCINDEXEDPOLYGONALFACE((646,647,644));
#1341=IFCINDEXEDPOLYGONALFACE((647,646,641));
#1342=IFCINDEXEDPOLYGONALFACE((641,640,647));
#1343=IFCINDEXEDPOLYGONALFACE((648,649,650));
#1344=IFCINDEXEDPOLYGONALFACE((650,651,648));
#1345=IFCINDEXEDPOLYGONALFACE((652,653,654));
#1346=IFCINDEXEDPOLYGONALFACE((654,655,652));
#1347=IFCINDEXEDPOLYGONALFACE((655,654,649));
#1348=IFCINDEXEDPOLYGONALFACE((649,648,655));
#1349=IFCINDEXEDPOLYGONALFACE((651,650,645));
#1350=IFCINDEXEDPOLYGONALFACE((645,644,651));
#1351=IFCINDEXEDPOLYGONALFACE((656,657,653));
#1352=IFCINDEXEDPOLYGONALFACE((653,652,656));
#1353=IFCINDEXEDPOLYGONALFACE((658,659,660));
#1354=IFCINDEXEDPOLYGONALFACE((660,661,658));
#1355=IFCINDEXEDPOLYGONALFACE((662,663,664));
#1356=IFCINDEXEDPOLYGONALFACE((664,665,662));
#1357=IFCINDEXEDPOLYGONALFACE((665,664,659));
#1358=IFCINDEXEDPOLYGONALFACE((659,658,665));
#1359=IFCINDEXEDPOLYGONALFACE((666,667,668));
#1360=IFCINDEXEDPOLYGONALFACE((668,669,666));
#1361=IFCINDEXEDPOLYGONALFACE((643,642,670));
#1362=IFCINDEXEDPOLYGONALFACE((670,671,643));
#1363=IFCINDEXEDPOLYGONALFACE((671,670,667));
#1364=IFCINDEXEDPOLYGONALFACE((667,666,671));
#1365=IFCINDEXEDPOLYGONALFACE((669,668,663));
#1366=IFCINDEXEDPOLYGONALFACE((663,662,669));
#1367=IFCINDEXEDPOLYGONALFACE((661,660,657));
#1368=IFCINDEXEDPOLYGONALFACE((657,656,661));
#1369=IFCINDEXEDPOLYGONALFACE((643,671,666));
#1370=IFCINDEXEDPOLYGONALFACE((644,666,669));
#1371=IFCINDEXEDPOLYGONALFACE((644,643,666));
#1372=IFCINDEXEDPOLYGONALFACE((658,669,662));
#1373=IFCINDEXEDPOLYGONALFACE((662,665,658));
#1374=IFCINDEXEDPOLYGONALFACE((644,669,658));
#1375=IFCINDEXEDPOLYGONALFACE((647,640,643));
#1376=IFCINDEXEDPOLYGONALFACE((658,652,644));
#1377=IFCINDEXEDPOLYGONALFACE((652,651,644));
#1378=IFCINDEXEDPOLYGONALFACE((651,652,648));
#1379=IFCINDEXEDPOLYGONALFACE((656,658,661));
#1380=IFCINDEXEDPOLYGONALFACE((656,652,658));
#1381=IFCINDEXEDPOLYGONALFACE((652,655,648));
#1382=IFCINDEXEDPOLYGONALFACE((647,643,644));
#1383=IFCINDEXEDPOLYGONALFACE((642,667,670));
#1384=IFCINDEXEDPOLYGONALFACE((645,668,667));
#1385=IFCINDEXEDPOLYGONALFACE((645,667,642));
#1386=IFCINDEXEDPOLYGONALFACE((659,663,668));
#1387=IFCINDEXEDPOLYGONALFACE((663,659,664));
#1388=IFCINDEXEDPOLYGONALFACE((645,659,668));
#1389=IFCINDEXEDPOLYGONALFACE((646,642,641));
#1390=IFCINDEXEDPOLYGONALFACE((659,645,653));
#1391=IFCINDEXEDPOLYGONALFACE((653,645,650));
#1392=IFCINDEXEDPOLYGONALFACE((650,649,653));
#1393=IFCINDEXEDPOLYGONALFACE((657,660,659));
#1394=IFCINDEXEDPOLYGONALFACE((657,659,653));
#1395=IFCINDEXEDPOLYGONALFACE((653,649,654));
#1396=IFCINDEXEDPOLYGONALFACE((646,645,642));
#1397=IFCPOLYGONALFACESET(#64,.T.,(#1337,#1338,#1339,#1340,#1341,#1342,#1343,#1344,#1345,#1346,#1347,#1348,#1349,#1350,#1351,#1352,#1353,#1354,#1355,#1356,#1357,#1358,#1359,#1360,#1361,#1362,#1363,#1364,#1365,#1366,#1367,#1368,#1369,#1370,#1371,#1372,#1373,#1374,#1375,#1376,#1377,#1378,#1379,#1380,#1381,#1382,#1383,#1384,#1385,#1386,#1387,#1388,#1389,#1390,#1391,#1392,#1393,#1394,#1395,#1396),$);
#1398=IFCSHAPEREPRESENTATION(#1417,'Body','Tessellation',(#1275,#1336,#1397));
#1399=IFCREPRESENTATIONMAP(#63,#1398);
#1400=IFCDIRECTION((1.,0.,0.));
#1401=IFCDIRECTION((0.,1.,0.));
#1402=IFCCARTESIANPOINT((0.,0.,0.));
#1403=IFCDIRECTION((0.,0.,1.));
#1404=IFCCARTESIANTRANSFORMATIONOPERATOR3D(#1400,#1401,#1402,1.,#1403);
#1405=IFCMAPPEDITEM(#1399,#1404);
#1406=IFCSHAPEREPRESENTATION(#1417,'Body','MappedRepresentation',(#1405));
#1407=IFCPRODUCTDEFINITIONSHAPE($,$,(#1406));
#1408=IFCSANITARYTERMINAL('1jM_suNMPAw8_nvZejQSnp',#28,'SanitaryTerminal',$,$,#1422,#1407,$,$);
#1409=IFCSTYLEDITEM(#1275,(#1414),'8e137154_b510_4b1e_90b9_1509c84b5d0a.003');
#1410=IFCCOLOURRGB($,0.800047397613525,0.563774406909943,0.314339339733124);
#1411=IFCCOLOURRGB($,0.800000011920929,0.800000011920929,0.800000011920929);
#1412=IFCSURFACESTYLERENDERING(#1410,0.,#1411,$,$,$,IFCNORMALISEDRATIOMEASURE(0.),IFCSPECULARROUGHNESS(0.5),.NOTDEFINED.);
#1413=IFCEXTERNALLYDEFINEDSURFACESTYLE('Materials.blend','materials/MetalBrassCast005_1K','MetalBrassCast005_1K');
#1414=IFCSURFACESTYLE('MetalBrassCast005_1K',.BOTH.,(#1412,#1413));
#1415=IFCSTYLEDITEM(#1336,(#1414),'8e137154_b510_4b1e_90b9_1509c84b5d0a.004');
#1416=IFCSTYLEDITEM(#1397,(#1414),'8e137154_b510_4b1e_90b9_1509c84b5d0a.005');
#1417=IFCGEOMETRICREPRESENTATIONSUBCONTEXT('Body','Model',*,*,*,*,#10,$,.MODEL_VIEW.,$);
#1418=IFCCARTESIANPOINT((-6266.80183410645,-888.,834.));
#1419=IFCDIRECTION((0.,0.,1.));
#1420=IFCDIRECTION((1.,0.,0.));
#1421=IFCAXIS2PLACEMENT3D(#1418,#1419,#1420);
#1422=IFCLOCALPLACEMENT($,#1421);
#1423=IFCOWNERHISTORY(#23,#4,.READWRITE.,.MODIFIED.,1770360967,#23,#27,1762494931);
#1424=IFCSANITARYTERMINALTYPE('1N6dRlBGvEs8EXU8M9hy4X',#1423,'Gessi316 54093','High spout basin',$,$,(#1399),$,$,.SANITARYFOUNTAIN.);
#1431=IFCOWNERHISTORY(#3,#4,.READWRITE.,.ADDED.,1787475737,#3,#4,1787475737);
#1432=IFCRELDEFINESBYTYPE('239xQAQmz378FMMJlvjRR3',#1431,$,$,(#1408),#1424);
#1433=IFCOWNERHISTORY(#23,#4,.READWRITE.,.MODIFIED.,1787475737,#3,#27,1762419167);
#1434=IFCBUILDINGSTOREY('0HiMVAajv8xAARS233qDTe',#1433,'BATHM',$,$,#1439,$,$,$,$);
#1435=IFCCARTESIANPOINT((0.,0.,0.));
#1436=IFCDIRECTION((0.,0.,1.));
#1437=IFCDIRECTION((1.,0.,0.));
#1438=IFCAXIS2PLACEMENT3D(#1435,#1436,#1437);
#1439=IFCLOCALPLACEMENT($,#1438);
#1440=IFCOWNERHISTORY(#23,#4,.READWRITE.,.MODIFIED.,1787475737,#3,#27,1761750327);
#1441=IFCBUILDINGSTOREY('1VjEk5I8XFmfiAYaLk_F_7',#1440,'FUR',$,$,#1446,$,$,$,$);
#1442=IFCCARTESIANPOINT((0.,0.,0.));
#1443=IFCDIRECTION((0.,0.,1.));
#1444=IFCDIRECTION((1.,0.,0.));
#1445=IFCAXIS2PLACEMENT3D(#1442,#1443,#1444);
#1446=IFCLOCALPLACEMENT($,#1445);
#1447=IFCOWNERHISTORY(#23,#4,.READWRITE.,.MODIFIED.,1787475737,#3,#27,1759986564);
#1448=IFCBUILDING('0aVVbcf_9A9x07_Nod0gAP',#1447,'My Building',$,$,#1453,$,$,$,$,$,$);
#1449=IFCCARTESIANPOINT((0.,0.,0.));
#1450=IFCDIRECTION((0.,0.,1.));
#1451=IFCDIRECTION((1.,0.,0.));
#1452=IFCAXIS2PLACEMENT3D(#1449,#1450,#1451);
#1453=IFCLOCALPLACEMENT($,#1452);
#1454=IFCSITE('3iWnpcHW54tQCcUMk_yOsj',#1460,'My Site',$,$,#1459,$,$,$,$,$,$,$,$);
#1455=IFCCARTESIANPOINT((0.,0.,0.));
#1456=IFCDIRECTION((0.,0.,1.));
#1457=IFCDIRECTION((1.,0.,0.));
#1458=IFCAXIS2PLACEMENT3D(#1455,#1456,#1457);
#1459=IFCLOCALPLACEMENT($,#1458);
#1460=IFCOWNERHISTORY(#3,#27,.READWRITE.,.ADDED.,1787475737,#3,#27,1787475737);
#1461=IFCRELCONTAINEDINSPATIALSTRUCTURE('26ymwv3H935OzXg0D0oexI',#5,$,$,(#1408),#1434);
#1462=IFCRELAGGREGATES('1ipXVose9A$w0iem$afHE8',#5,$,$,#1441,(#1434));
#1463=IFCRELAGGREGATES('2HjACo3nDDnBVOIBAUiMWw',#5,$,$,#1448,(#1441));
#1464=IFCRELAGGREGATES('0K3jIPfO5EOArP3bzsS436',#5,$,$,#1454,(#1448));
#1465=IFCRELAGGREGATES('0lIO2Fy8P8D9l7Avbl4lGt',#5,$,$,#20,(#1454));
ENDSEC;
END-ISO-10303-21;
