ISO-10303-21;
HEADER;
FILE_DESCRIPTION(('ViewDefinition [CoordinationView]'),'2;1');
FILE_NAME('','2026-08-23T12:23:33',(''),(''),'IfcOpenShell 0.8.4-e8eb5e4','IfcOpenShell 0.8.4-e8eb5e4','');
FILE_SCHEMA(('IFC4'));
ENDSEC;
DATA;
#1=IFCPERSON($,'','ryan@openingdesign.com',$,$,$,$,$);
#2=IFCORGANIZATION($,'','',$,$);
#3=IFCPERSONANDORGANIZATION(#1,#2,$);
#4=IFCAPPLICATION($,'0.8.3','Bonsai','Bonsai-0.8.3');
#5=IFCOWNERHISTORY(#3,#4,.READWRITE.,.MODIFIED.,1786125332,#3,#4,1759683330);
#6=IFCCARTESIANPOINT((0.,0.,0.));
#7=IFCDIRECTION((0.,0.,1.));
#8=IFCDIRECTION((1.,0.,0.));
#9=IFCAXIS2PLACEMENT3D(#6,#7,#8);
#10=IFCGEOMETRICREPRESENTATIONCONTEXT($,'Model',3,1.E-05,#9,$);
#11=IFCGEOMETRICREPRESENTATIONCONTEXT($,'Plan',2,1.E-05,$,$);
#12=IFCSIUNIT(*,.VOLUMEUNIT.,$,.CUBIC_METRE.);
#13=IFCSIUNIT(*,.LENGTHUNIT.,.MILLI.,.METRE.);
#14=IFCDIMENSIONALEXPONENTS(0,0,0,0,0,0,0);
#15=IFCSIUNIT(*,.PLANEANGLEUNIT.,$,.RADIAN.);
#16=IFCMEASUREWITHUNIT(IFCREAL(0.0174532925199433),#15);
#17=IFCCONVERSIONBASEDUNIT(#14,.PLANEANGLEUNIT.,'degree',#16);
#18=IFCSIUNIT(*,.AREAUNIT.,$,.SQUARE_METRE.);
#19=IFCUNITASSIGNMENT((#12,#13,#17,#18));
#20=IFCPROJECT('3hFmn2ED14Ofwsj$DzZ0HC',$,'My Project',$,$,$,$,(#10,#11),#19);
#21=IFCPERSON($,'','ryan@openingdesign.com',$,$,$,$,$);
#22=IFCORGANIZATION($,'','',$,$);
#23=IFCPERSONANDORGANIZATION(#21,#22,$);
#24=IFCACTORROLE(.USERDEFINED.,'CONTRIBUTOR',$);
#25=IFCTELECOMADDRESS(.USERDEFINED.,$,'WEBPAGE',$,$,$,$,'https://ifcopenshell.org',$);
#26=IFCORGANIZATION('IfcOpenShell','IfcOpenShell','IfcOpenShell is an open source software library that helps users and software developers to work with IFC data.',(#24),(#25));
#27=IFCAPPLICATION(#26,'0.8.4','Bonsai','Bonsai-0.8.4');
#28=IFCOWNERHISTORY(#23,#4,.READWRITE.,.MODIFIED.,1787459013,#3,#4,1762099275);
#65=IFCCARTESIANPOINT((0.,0.,0.));
#66=IFCDIRECTION((0.,0.,1.));
#67=IFCDIRECTION((1.,0.,0.));
#68=IFCAXIS2PLACEMENT3D(#65,#66,#67);
#69=IFCCARTESIANPOINTLIST3D(((-211.329055786133,-223.434906005859,12.9619827270508),(-211.806060791016,-220.726913452148,12.9619827270508),(-213.181060791016,-218.345916748047,12.9619827270508),(-215.287063598633,-216.578918457031,12.9619827270508),(-217.871063232422,-215.637908935547,12.9619836807251),(-220.620071411133,-215.637908935547,12.9619836807251),(-223.204055786133,-216.578918457031,12.9619827270508),(-225.311050415039,-218.345916748047,12.9619827270508),(-226.68505859375,-220.726913452148,12.9619827270508),(-227.163055419922,-223.434906005859,12.9619827270508),(-226.68505859375,-226.142913818359,12.9619827270508),(-225.311050415039,-228.523910522461,12.9619817733765),(-223.204055786133,-230.290908813477,12.9619817733765),(-220.620071411133,-231.231918334961,12.9619817733765),(-217.871063232422,-231.231918334961,12.9619817733765),(-215.287063598633,-230.290908813477,12.9619817733765),(-213.181060791016,-228.523910522461,12.9619817733765),(-211.806060791016,-226.142913818359,12.9619827270508),(-212.406051635742,-220.945907592773,0.62898325920105),(-211.863052368164,-220.805908203125,1.60398328304291),(-211.967071533203,-223.434906005859,0.628983080387115),(-211.409057617188,-223.48991394043,1.60398304462433),(-213.670059204102,-218.755920410156,0.628983438014984),(-213.207061767578,-218.439910888672,1.6039834022522),(-215.606063842773,-217.131912231445,0.628983557224274),(-215.280059814453,-216.675903320312,1.60398352146149),(-217.982055664062,-216.26692199707,0.628983616828918),(-217.8310546875,-215.726913452148,1.60398364067078),(-220.510070800781,-216.26692199707,0.628983616828918),(-220.55305480957,-215.707916259766,1.60398364067078),(-222.885055541992,-217.131912231445,0.628983557224274),(-223.117050170898,-216.620910644531,1.60398364067078),(-224.821060180664,-218.755920410156,0.628983438014984),(-225.214065551758,-218.355911254883,1.6039834022522),(-226.085067749023,-220.945907592773,0.62898325920105),(-226.591064453125,-220.702911376953,1.60398328304291),(-226.524063110352,-223.434906005859,0.628983080387115),(-227.082061767578,-223.379913330078,1.60398304462433),(-226.085067749023,-225.923904418945,0.628982901573181),(-226.628067016602,-226.063903808594,1.60398280620575),(-224.821060180664,-228.113906860352,0.628982722759247),(-225.284057617188,-228.429916381836,1.60398268699646),(-222.885055541992,-229.737915039062,0.628982603549957),(-223.211059570312,-230.193908691406,1.60398256778717),(-220.510070800781,-230.602905273438,0.628982603549957),(-220.660064697266,-231.142913818359,1.60398244857788),(-217.982055664062,-230.602905273438,0.628982603549957),(-217.939071655273,-231.161911010742,1.60398244857788),(-215.606063842773,-229.737915039062,0.628982603549957),(-215.375061035156,-230.248916625977,1.60398256778717),(-213.670059204102,-228.113906860352,0.628982722759247),(-213.278060913086,-228.513916015625,1.60398268699646),(-212.406051635742,-225.923904418945,0.628982901573181),(-211.900054931641,-226.166900634766,1.60398280620575),(-214.281051635742,-227.600921630859,0.156982809305191),(-215.924057006836,-228.730911254883,0.0659827291965485),(-219.959060668945,-228.932922363281,0.),(-219.061065673828,-229.977905273438,0.146982625126839),(-223.31005859375,-228.56591796875,0.146982729434967),(-225.,-225.73991394043,0.0479829534888268),(-225.726058959961,-223.434906005859,0.156983122229576),(-225.195068359375,-221.513916015625,0.0659832656383514),(-224.210052490234,-219.269912719727,0.156983435153961),(-222.530075073242,-218.155914306641,0.0529835261404514),(-220.371047973633,-217.05290222168,0.156983613967896),(-218.356063842773,-217.265899658203,0.0619835965335369),(-215.181060791016,-218.303909301758,0.146983504295349),(-213.484069824219,-221.129913330078,0.0479833036661148),(-213.319061279297,-225.362915039062,0.0589829832315445),(-212.765060424805,-223.434906005859,0.156983122229576)));
#70=IFCINDEXEDPOLYGONALFACE((60,62,64));
#71=IFCINDEXEDPOLYGONALFACE((64,66,68));
#72=IFCINDEXEDPOLYGONALFACE((60,64,68));
#73=IFCINDEXEDPOLYGONALFACE((57,60,68));
#74=IFCINDEXEDPOLYGONALFACE((57,68,69));
#75=IFCINDEXEDPOLYGONALFACE((56,57,69));
#76=IFCINDEXEDPOLYGONALFACE((20,2,1));
#77=IFCINDEXEDPOLYGONALFACE((1,22,20));
#78=IFCINDEXEDPOLYGONALFACE((24,3,2));
#79=IFCINDEXEDPOLYGONALFACE((2,20,24));
#80=IFCINDEXEDPOLYGONALFACE((26,4,3));
#81=IFCINDEXEDPOLYGONALFACE((3,24,26));
#82=IFCINDEXEDPOLYGONALFACE((28,5,4));
#83=IFCINDEXEDPOLYGONALFACE((4,26,28));
#84=IFCINDEXEDPOLYGONALFACE((30,6,5));
#85=IFCINDEXEDPOLYGONALFACE((5,28,30));
#86=IFCINDEXEDPOLYGONALFACE((32,7,6));
#87=IFCINDEXEDPOLYGONALFACE((6,30,32));
#88=IFCINDEXEDPOLYGONALFACE((34,8,7));
#89=IFCINDEXEDPOLYGONALFACE((7,32,34));
#90=IFCINDEXEDPOLYGONALFACE((36,9,8));
#91=IFCINDEXEDPOLYGONALFACE((8,34,36));
#92=IFCINDEXEDPOLYGONALFACE((38,10,9));
#93=IFCINDEXEDPOLYGONALFACE((9,36,38));
#94=IFCINDEXEDPOLYGONALFACE((40,11,10));
#95=IFCINDEXEDPOLYGONALFACE((10,38,40));
#96=IFCINDEXEDPOLYGONALFACE((42,12,11));
#97=IFCINDEXEDPOLYGONALFACE((11,40,42));
#98=IFCINDEXEDPOLYGONALFACE((44,13,12));
#99=IFCINDEXEDPOLYGONALFACE((12,42,44));
#100=IFCINDEXEDPOLYGONALFACE((46,14,13));
#101=IFCINDEXEDPOLYGONALFACE((13,44,46));
#102=IFCINDEXEDPOLYGONALFACE((48,15,14));
#103=IFCINDEXEDPOLYGONALFACE((14,46,48));
#104=IFCINDEXEDPOLYGONALFACE((50,16,15));
#105=IFCINDEXEDPOLYGONALFACE((15,48,50));
#106=IFCINDEXEDPOLYGONALFACE((52,17,16));
#107=IFCINDEXEDPOLYGONALFACE((16,50,52));
#108=IFCINDEXEDPOLYGONALFACE((54,18,17));
#109=IFCINDEXEDPOLYGONALFACE((17,52,54));
#110=IFCINDEXEDPOLYGONALFACE((22,1,18));
#111=IFCINDEXEDPOLYGONALFACE((18,54,22));
#112=IFCINDEXEDPOLYGONALFACE((69,55,56));
#113=IFCINDEXEDPOLYGONALFACE((55,69,53));
#114=IFCINDEXEDPOLYGONALFACE((53,51,55));
#115=IFCINDEXEDPOLYGONALFACE((56,55,51));
#116=IFCINDEXEDPOLYGONALFACE((51,49,56));
#117=IFCINDEXEDPOLYGONALFACE((56,58,57));
#118=IFCINDEXEDPOLYGONALFACE((58,56,49));
#119=IFCINDEXEDPOLYGONALFACE((49,47,58));
#120=IFCINDEXEDPOLYGONALFACE((47,45,58));
#121=IFCINDEXEDPOLYGONALFACE((58,59,57));
#122=IFCINDEXEDPOLYGONALFACE((59,58,45));
#123=IFCINDEXEDPOLYGONALFACE((45,43,59));
#124=IFCINDEXEDPOLYGONALFACE((60,57,59));
#125=IFCINDEXEDPOLYGONALFACE((43,41,59));
#126=IFCINDEXEDPOLYGONALFACE((60,59,41));
#127=IFCINDEXEDPOLYGONALFACE((41,39,60));
#128=IFCINDEXEDPOLYGONALFACE((60,61,62));
#129=IFCINDEXEDPOLYGONALFACE((61,60,39));
#130=IFCINDEXEDPOLYGONALFACE((39,37,61));
#131=IFCINDEXEDPOLYGONALFACE((62,61,37));
#132=IFCINDEXEDPOLYGONALFACE((37,35,62));
#133=IFCINDEXEDPOLYGONALFACE((62,63,64));
#134=IFCINDEXEDPOLYGONALFACE((63,62,35));
#135=IFCINDEXEDPOLYGONALFACE((35,33,63));
#136=IFCINDEXEDPOLYGONALFACE((64,63,33));
#137=IFCINDEXEDPOLYGONALFACE((33,31,64));
#138=IFCINDEXEDPOLYGONALFACE((64,65,66));
#139=IFCINDEXEDPOLYGONALFACE((65,64,31));
#140=IFCINDEXEDPOLYGONALFACE((31,29,65));
#141=IFCINDEXEDPOLYGONALFACE((66,65,29));
#142=IFCINDEXEDPOLYGONALFACE((29,27,66));
#143=IFCINDEXEDPOLYGONALFACE((67,66,27));
#144=IFCINDEXEDPOLYGONALFACE((27,25,67));
#145=IFCINDEXEDPOLYGONALFACE((68,66,67));
#146=IFCINDEXEDPOLYGONALFACE((25,23,67));
#147=IFCINDEXEDPOLYGONALFACE((68,67,23));
#148=IFCINDEXEDPOLYGONALFACE((23,19,68));
#149=IFCINDEXEDPOLYGONALFACE((68,70,69));
#150=IFCINDEXEDPOLYGONALFACE((70,68,19));
#151=IFCINDEXEDPOLYGONALFACE((19,21,70));
#152=IFCINDEXEDPOLYGONALFACE((69,70,21));
#153=IFCINDEXEDPOLYGONALFACE((21,53,69));
#154=IFCINDEXEDPOLYGONALFACE((20,22,21));
#155=IFCINDEXEDPOLYGONALFACE((21,19,20));
#156=IFCINDEXEDPOLYGONALFACE((24,20,19));
#157=IFCINDEXEDPOLYGONALFACE((19,23,24));
#158=IFCINDEXEDPOLYGONALFACE((26,24,23));
#159=IFCINDEXEDPOLYGONALFACE((23,25,26));
#160=IFCINDEXEDPOLYGONALFACE((28,26,25));
#161=IFCINDEXEDPOLYGONALFACE((25,27,28));
#162=IFCINDEXEDPOLYGONALFACE((30,28,27));
#163=IFCINDEXEDPOLYGONALFACE((27,29,30));
#164=IFCINDEXEDPOLYGONALFACE((32,30,29));
#165=IFCINDEXEDPOLYGONALFACE((29,31,32));
#166=IFCINDEXEDPOLYGONALFACE((34,32,31));
#167=IFCINDEXEDPOLYGONALFACE((31,33,34));
#168=IFCINDEXEDPOLYGONALFACE((36,34,33));
#169=IFCINDEXEDPOLYGONALFACE((33,35,36));
#170=IFCINDEXEDPOLYGONALFACE((38,36,35));
#171=IFCINDEXEDPOLYGONALFACE((35,37,38));
#172=IFCINDEXEDPOLYGONALFACE((40,38,37));
#173=IFCINDEXEDPOLYGONALFACE((37,39,40));
#174=IFCINDEXEDPOLYGONALFACE((42,40,39));
#175=IFCINDEXEDPOLYGONALFACE((39,41,42));
#176=IFCINDEXEDPOLYGONALFACE((44,42,41));
#177=IFCINDEXEDPOLYGONALFACE((41,43,44));
#178=IFCINDEXEDPOLYGONALFACE((46,44,43));
#179=IFCINDEXEDPOLYGONALFACE((43,45,46));
#180=IFCINDEXEDPOLYGONALFACE((48,46,45));
#181=IFCINDEXEDPOLYGONALFACE((45,47,48));
#182=IFCINDEXEDPOLYGONALFACE((50,48,47));
#183=IFCINDEXEDPOLYGONALFACE((47,49,50));
#184=IFCINDEXEDPOLYGONALFACE((52,50,49));
#185=IFCINDEXEDPOLYGONALFACE((49,51,52));
#186=IFCINDEXEDPOLYGONALFACE((54,52,51));
#187=IFCINDEXEDPOLYGONALFACE((51,53,54));
#188=IFCINDEXEDPOLYGONALFACE((22,54,53));
#189=IFCINDEXEDPOLYGONALFACE((53,21,22));
#190=IFCPOLYGONALFACESET(#69,$,(#70,#71,#72,#73,#74,#75,#76,#77,#78,#79,#80,#81,#82,#83,#84,#85,#86,#87,#88,#89,#90,#91,#92,#93,#94,#95,#96,#97,#98,#99,#100,#101,#102,#103,#104,#105,#106,#107,#108,#109,#110,#111,#112,#113,#114,#115,#116,#117,#118,#119,#120,#121,#122,#123,#124,#125,#126,#127,#128,#129,#130,#131,#132,#133,#134,#135,#136,#137,#138,#139,#140,#141,#142,#143,#144,#145,#146,#147,#148,#149,#150,#151,#152,#153,#154,#155,#156,#157,#158,#159,#160,#161,#162,#163,#164,#165,#166,#167,#168,#169,#170,#171,#172,#173,#174,#175,#176,#177,#178,#179,#180,#181,#182,#183,#184,#185,#186,#187,#188,#189),$);
#191=IFCCARTESIANPOINTLIST3D(((-202.679916381836,215.911041259766,0.0480163022875786),(-207.749908447266,211.529067993164,0.0360159687697887),(-205.742919921875,214.811050415039,0.0900162160396576),(-196.034912109375,207.46403503418,0.0480156615376472),(-195.868911743164,211.697036743164,0.059015978127718),(-197.515914916992,214.532043457031,0.0900161936879158),(-200.670913696289,216.15104675293,0.157016307115555),(-200.531921386719,216.937057495117,0.6290163397789),(-203.059921264648,216.937057495117,0.6290163397789),(-205.434906005859,216.072036743164,0.629016280174255),(-203.210906982422,217.477035522461,1.60401630401611),(-200.488906860352,217.496032714844,1.60401630401611),(-203.170913696289,217.566040039062,12.9620161056519),(-200.420913696289,217.566040039062,12.9620161056519),(-197.924911499023,216.583038330078,1.60401618480682),(-197.8369140625,216.625045776367,12.9620161056519),(-195.827926635742,214.848037719727,1.60401606559753),(-198.15690612793,216.072036743164,0.629016280174255),(-196.219909667969,214.448059082031,0.629016160964966),(-194.955917358398,212.258041381836,0.629015982151031),(-194.450912475586,212.501052856445,1.60401594638824),(-195.730911254883,214.858047485352,12.9620151519775),(-194.355911254883,212.47705078125,12.9620151519775),(-193.958908081055,209.824035644531,1.60401570796967),(-194.41291809082,207.140045166016,1.60401546955109),(-193.87890625,209.76904296875,12.9620151519775),(-194.51692199707,209.76904296875,0.629015803337097),(-195.31591796875,209.76904296875,0.157015830278397),(-194.955917358398,207.280044555664,0.629015624523163),(-196.219924926758,205.090042114258,0.629015445709229),(-195.757934570312,204.774047851562,1.6040153503418),(-194.355911254883,207.06103515625,12.9620151519775),(-195.730926513672,204.680038452148,12.9620151519775),(-197.829940795898,203.010040283203,1.60401523113251),(-197.836929321289,202.913055419922,12.9620141983032),(-200.380920410156,202.061050415039,1.60401511192322),(-198.156921386719,203.466049194336,0.629015326499939),(-197.73193359375,204.638046264648,0.147015437483788),(-200.531936645508,202.601043701172,0.629015266895294),(-200.905914306641,203.600051879883,0.0620153695344925),(-203.059936523438,202.601043701172,0.629015266895294),(-203.102935791016,202.042053222656,1.60401511192322),(-200.420928955078,201.972045898438,12.9620141983032),(-203.170928955078,201.972045898438,12.9620141983032),(-205.666931152344,202.955032348633,1.60401523113251),(-205.754928588867,202.913055419922,12.9620141983032),(-207.763931274414,204.690063476562,1.6040153503418),(-205.434921264648,203.466049194336,0.629015326499939),(-205.079925537109,204.490051269531,0.0530154369771481),(-207.371917724609,205.090057373047,0.629015445709229),(-202.920928955078,203.387054443359,0.157015338540077),(-206.75993347168,205.604064941406,0.157015517354012),(-208.63591003418,207.280059814453,0.629015624523163),(-209.140914916992,207.037063598633,1.60401546955109),(-207.860931396484,204.680038452148,12.9620151519775),(-209.235916137695,207.061050415039,12.9620151519775),(-209.632904052734,209.714050292969,1.60401570796967),(-209.712905883789,209.769058227539,12.9620151519775),(-209.178909301758,212.398056030273,1.60401594638824),(-209.074920654297,209.769058227539,0.629015803337097),(-208.271911621094,208.815048217773,0.147015750408173),(-208.63591003418,212.258056640625,0.629015982151031),(-207.37190246582,214.448059082031,0.629016160964966),(-207.833923339844,214.764053344727,1.60401606559753),(-209.235916137695,212.477066040039,12.9620151519775),(-207.860916137695,214.858047485352,12.9620151519775),(-205.761917114258,216.528045654297,1.60401618480682),(-205.754913330078,216.625045776367,12.9620161056519)));
#192=IFCINDEXEDPOLYGONALFACE((4,2,1));
#193=IFCINDEXEDPOLYGONALFACE((2,3,1));
#194=IFCINDEXEDPOLYGONALFACE((9,1,3));
#195=IFCINDEXEDPOLYGONALFACE((5,4,1));
#196=IFCINDEXEDPOLYGONALFACE((5,1,6));
#197=IFCINDEXEDPOLYGONALFACE((1,7,6));
#198=IFCINDEXEDPOLYGONALFACE((8,7,1));
#199=IFCINDEXEDPOLYGONALFACE((1,9,8));
#200=IFCINDEXEDPOLYGONALFACE((12,8,9));
#201=IFCINDEXEDPOLYGONALFACE((3,10,9));
#202=IFCINDEXEDPOLYGONALFACE((11,9,10));
#203=IFCINDEXEDPOLYGONALFACE((9,11,12));
#204=IFCINDEXEDPOLYGONALFACE((13,14,12));
#205=IFCINDEXEDPOLYGONALFACE((12,11,13));
#206=IFCINDEXEDPOLYGONALFACE((15,12,14));
#207=IFCINDEXEDPOLYGONALFACE((8,12,15));
#208=IFCINDEXEDPOLYGONALFACE((14,16,15));
#209=IFCINDEXEDPOLYGONALFACE((17,15,16));
#210=IFCINDEXEDPOLYGONALFACE((18,15,17));
#211=IFCINDEXEDPOLYGONALFACE((15,18,8));
#212=IFCINDEXEDPOLYGONALFACE((18,6,7));
#213=IFCINDEXEDPOLYGONALFACE((6,18,19));
#214=IFCINDEXEDPOLYGONALFACE((17,19,18));
#215=IFCINDEXEDPOLYGONALFACE((7,8,18));
#216=IFCINDEXEDPOLYGONALFACE((6,19,20));
#217=IFCINDEXEDPOLYGONALFACE((21,20,19));
#218=IFCINDEXEDPOLYGONALFACE((19,17,21));
#219=IFCINDEXEDPOLYGONALFACE((22,23,21));
#220=IFCINDEXEDPOLYGONALFACE((21,17,22));
#221=IFCINDEXEDPOLYGONALFACE((24,21,23));
#222=IFCINDEXEDPOLYGONALFACE((20,21,24));
#223=IFCINDEXEDPOLYGONALFACE((27,24,25));
#224=IFCINDEXEDPOLYGONALFACE((25,24,26));
#225=IFCINDEXEDPOLYGONALFACE((23,26,24));
#226=IFCINDEXEDPOLYGONALFACE((24,27,20));
#227=IFCINDEXEDPOLYGONALFACE((27,28,5));
#228=IFCINDEXEDPOLYGONALFACE((28,27,29));
#229=IFCINDEXEDPOLYGONALFACE((25,29,27));
#230=IFCINDEXEDPOLYGONALFACE((5,20,27));
#231=IFCINDEXEDPOLYGONALFACE((29,4,28));
#232=IFCINDEXEDPOLYGONALFACE((4,29,30));
#233=IFCINDEXEDPOLYGONALFACE((31,30,29));
#234=IFCINDEXEDPOLYGONALFACE((29,25,31));
#235=IFCINDEXEDPOLYGONALFACE((32,33,31));
#236=IFCINDEXEDPOLYGONALFACE((31,25,32));
#237=IFCINDEXEDPOLYGONALFACE((34,31,33));
#238=IFCINDEXEDPOLYGONALFACE((30,31,34));
#239=IFCINDEXEDPOLYGONALFACE((33,35,34));
#240=IFCINDEXEDPOLYGONALFACE((36,34,35));
#241=IFCINDEXEDPOLYGONALFACE((37,34,36));
#242=IFCINDEXEDPOLYGONALFACE((34,37,30));
#243=IFCINDEXEDPOLYGONALFACE((38,30,37));
#244=IFCINDEXEDPOLYGONALFACE((38,37,39));
#245=IFCINDEXEDPOLYGONALFACE((36,39,37));
#246=IFCINDEXEDPOLYGONALFACE((39,40,38));
#247=IFCINDEXEDPOLYGONALFACE((40,39,41));
#248=IFCINDEXEDPOLYGONALFACE((42,41,39));
#249=IFCINDEXEDPOLYGONALFACE((39,36,42));
#250=IFCINDEXEDPOLYGONALFACE((43,44,42));
#251=IFCINDEXEDPOLYGONALFACE((42,36,43));
#252=IFCINDEXEDPOLYGONALFACE((45,42,44));
#253=IFCINDEXEDPOLYGONALFACE((41,42,45));
#254=IFCINDEXEDPOLYGONALFACE((44,46,45));
#255=IFCINDEXEDPOLYGONALFACE((47,45,46));
#256=IFCINDEXEDPOLYGONALFACE((48,45,47));
#257=IFCINDEXEDPOLYGONALFACE((45,48,41));
#258=IFCINDEXEDPOLYGONALFACE((48,49,51));
#259=IFCINDEXEDPOLYGONALFACE((49,48,50));
#260=IFCINDEXEDPOLYGONALFACE((47,50,48));
#261=IFCINDEXEDPOLYGONALFACE((51,41,48));
#262=IFCINDEXEDPOLYGONALFACE((41,51,40));
#263=IFCINDEXEDPOLYGONALFACE((40,51,49));
#264=IFCINDEXEDPOLYGONALFACE((50,52,49));
#265=IFCINDEXEDPOLYGONALFACE((52,50,53));
#266=IFCINDEXEDPOLYGONALFACE((54,53,50));
#267=IFCINDEXEDPOLYGONALFACE((50,47,54));
#268=IFCINDEXEDPOLYGONALFACE((55,56,54));
#269=IFCINDEXEDPOLYGONALFACE((54,47,55));
#270=IFCINDEXEDPOLYGONALFACE((57,54,56));
#271=IFCINDEXEDPOLYGONALFACE((53,54,57));
#272=IFCINDEXEDPOLYGONALFACE((56,58,57));
#273=IFCINDEXEDPOLYGONALFACE((59,57,58));
#274=IFCINDEXEDPOLYGONALFACE((60,57,59));
#275=IFCINDEXEDPOLYGONALFACE((57,60,53));
#276=IFCINDEXEDPOLYGONALFACE((61,53,60));
#277=IFCINDEXEDPOLYGONALFACE((61,60,62));
#278=IFCINDEXEDPOLYGONALFACE((59,62,60));
#279=IFCINDEXEDPOLYGONALFACE((62,2,61));
#280=IFCINDEXEDPOLYGONALFACE((2,62,63));
#281=IFCINDEXEDPOLYGONALFACE((64,63,62));
#282=IFCINDEXEDPOLYGONALFACE((62,59,64));
#283=IFCINDEXEDPOLYGONALFACE((65,66,64));
#284=IFCINDEXEDPOLYGONALFACE((64,59,65));
#285=IFCINDEXEDPOLYGONALFACE((67,64,66));
#286=IFCINDEXEDPOLYGONALFACE((63,64,67));
#287=IFCINDEXEDPOLYGONALFACE((66,68,67));
#288=IFCINDEXEDPOLYGONALFACE((11,67,68));
#289=IFCINDEXEDPOLYGONALFACE((10,67,11));
#290=IFCINDEXEDPOLYGONALFACE((67,10,63));
#291=IFCINDEXEDPOLYGONALFACE((68,13,11));
#292=IFCINDEXEDPOLYGONALFACE((58,65,59));
#293=IFCINDEXEDPOLYGONALFACE((63,3,2));
#294=IFCINDEXEDPOLYGONALFACE((3,63,10));
#295=IFCINDEXEDPOLYGONALFACE((61,2,49));
#296=IFCINDEXEDPOLYGONALFACE((53,61,52));
#297=IFCINDEXEDPOLYGONALFACE((49,52,61));
#298=IFCINDEXEDPOLYGONALFACE((46,55,47));
#299=IFCINDEXEDPOLYGONALFACE((4,49,2));
#300=IFCINDEXEDPOLYGONALFACE((4,40,49));
#301=IFCINDEXEDPOLYGONALFACE((35,43,36));
#302=IFCINDEXEDPOLYGONALFACE((38,40,4));
#303=IFCINDEXEDPOLYGONALFACE((30,38,4));
#304=IFCINDEXEDPOLYGONALFACE((26,32,25));
#305=IFCINDEXEDPOLYGONALFACE((5,28,4));
#306=IFCINDEXEDPOLYGONALFACE((16,22,17));
#307=IFCINDEXEDPOLYGONALFACE((20,5,6));
#308=IFCPOLYGONALFACESET(#191,$,(#192,#193,#194,#195,#196,#197,#198,#199,#200,#201,#202,#203,#204,#205,#206,#207,#208,#209,#210,#211,#212,#213,#214,#215,#216,#217,#218,#219,#220,#221,#222,#223,#224,#225,#226,#227,#228,#229,#230,#231,#232,#233,#234,#235,#236,#237,#238,#239,#240,#241,#242,#243,#244,#245,#246,#247,#248,#249,#250,#251,#252,#253,#254,#255,#256,#257,#258,#259,#260,#261,#262,#263,#264,#265,#266,#267,#268,#269,#270,#271,#272,#273,#274,#275,#276,#277,#278,#279,#280,#281,#282,#283,#284,#285,#286,#287,#288,#289,#290,#291,#292,#293,#294,#295,#296,#297,#298,#299,#300,#301,#302,#303,#304,#305,#306,#307),$);
#309=IFCCARTESIANPOINTLIST3D(((219.958923339844,-228.933059692383,0.),(216.694900512695,-218.512054443359,0.),(225.,-225.74006652832,0.0479829534888268),(213.016906738281,-223.220062255859,0.0589831471443176),(214.347915649414,-227.290069580078,0.0619828402996063),(216.833908081055,-229.520050048828,0.146982654929161),(221.309921264648,-229.647048950195,0.146982654929161),(217.981903076172,-230.603057861328,0.628982603549957),(220.509918212891,-230.603057861328,0.628982603549957),(222.884902954102,-229.738052368164,0.628982603549957),(224.209899902344,-227.60107421875,0.156982809305191),(224.820907592773,-228.114059448242,0.628982722759247),(226.084915161133,-225.924057006836,0.628982901573181),(225.283905029297,-228.430068969727,1.60398268699646),(223.210922241211,-230.194061279297,1.60398256778717),(225.309906005859,-228.524063110352,12.9619817733765),(223.203918457031,-230.291061401367,12.9619817733765),(220.659912109375,-231.143051147461,1.60398244857788),(220.619918823242,-231.232055664062,12.9619817733765),(217.938919067383,-231.162063598633,1.60398244857788),(217.870910644531,-231.232055664062,12.9619817733765),(215.374923706055,-230.249069213867,1.60398256778717),(215.286911010742,-230.291061401367,12.9619817733765),(213.277908325195,-228.514068603516,1.60398268699646),(215.605911254883,-229.738052368164,0.628982603549957),(213.669906616211,-228.114059448242,0.628982722759247),(212.405914306641,-225.924057006836,0.628982901573181),(211.89990234375,-226.167053222656,1.60398280620575),(213.180923461914,-228.524063110352,12.9619817733765),(211.805908203125,-226.14306640625,12.9619827270508),(211.408920288086,-223.49006652832,1.60398304462433),(211.862915039062,-220.806060791016,1.60398328304291),(211.328903198242,-223.43505859375,12.9619827270508),(211.966918945312,-223.43505859375,0.628983080387115),(212.405914306641,-220.946060180664,0.62898325920105),(213.155914306641,-225.651062011719,0.156982958316803),(213.670913696289,-220.,0.14698338508606),(213.669906616211,-218.756072998047,0.628983438014984),(213.206924438477,-218.440063476562,1.6039834022522),(211.805908203125,-220.72705078125,12.9619827270508),(213.180923461914,-218.346054077148,12.9619827270508),(215.279907226562,-216.676055908203,1.60398352146149),(215.286911010742,-216.579071044922,12.9619827270508),(217.830917358398,-215.727066040039,1.60398364067078),(215.605911254883,-217.132064819336,0.628983557224274),(217.180908203125,-217.223068237305,0.146983593702316),(217.981903076172,-216.267059326172,0.628983616828918),(220.509918212891,-216.267059326172,0.628983616828918),(220.55290222168,-215.708068847656,1.60398364067078),(217.870910644531,-215.638061523438,12.9619836807251),(220.619918823242,-215.638061523438,12.9619836807251),(223.116912841797,-216.621063232422,1.60398364067078),(223.203918457031,-216.579071044922,12.9619827270508),(225.213912963867,-218.356063842773,1.6039834022522),(222.884902954102,-217.132064819336,0.628983557224274),(223.592910766602,-218.542053222656,0.146983489394188),(224.820907592773,-218.756072998047,0.628983438014984),(220.525909423828,-217.351058959961,0.0529835857450962),(225.165908813477,-221.488052368164,0.0619832761585712),(225.72590637207,-223.43505859375,0.156983122229576),(226.523910522461,-223.43505859375,0.628983080387115),(226.084915161133,-220.946060180664,0.62898325920105),(226.590911865234,-220.703063964844,1.60398328304291),(227.081909179688,-223.380065917969,1.60398304462433),(226.684921264648,-220.72705078125,12.9619827270508),(227.16291809082,-223.43505859375,12.9619827270508),(226.627914428711,-226.064056396484,1.60398280620575),(226.684921264648,-226.14306640625,12.9619827270508),(225.309906005859,-218.346054077148,12.9619827270508)));
#310=IFCINDEXEDPOLYGONALFACE((4,2,1));
#311=IFCINDEXEDPOLYGONALFACE((2,3,1));
#312=IFCINDEXEDPOLYGONALFACE((7,1,3));
#313=IFCINDEXEDPOLYGONALFACE((4,1,5));
#314=IFCINDEXEDPOLYGONALFACE((6,5,1));
#315=IFCINDEXEDPOLYGONALFACE((1,7,6));
#316=IFCINDEXEDPOLYGONALFACE((8,6,7));
#317=IFCINDEXEDPOLYGONALFACE((7,9,8));
#318=IFCINDEXEDPOLYGONALFACE((7,10,9));
#319=IFCINDEXEDPOLYGONALFACE((10,7,11));
#320=IFCINDEXEDPOLYGONALFACE((3,11,7));
#321=IFCINDEXEDPOLYGONALFACE((12,11,3));
#322=IFCINDEXEDPOLYGONALFACE((11,12,10));
#323=IFCINDEXEDPOLYGONALFACE((15,10,12));
#324=IFCINDEXEDPOLYGONALFACE((3,13,12));
#325=IFCINDEXEDPOLYGONALFACE((14,12,13));
#326=IFCINDEXEDPOLYGONALFACE((12,14,15));
#327=IFCINDEXEDPOLYGONALFACE((16,17,15));
#328=IFCINDEXEDPOLYGONALFACE((15,14,16));
#329=IFCINDEXEDPOLYGONALFACE((18,15,17));
#330=IFCINDEXEDPOLYGONALFACE((10,15,18));
#331=IFCINDEXEDPOLYGONALFACE((17,19,18));
#332=IFCINDEXEDPOLYGONALFACE((20,18,19));
#333=IFCINDEXEDPOLYGONALFACE((9,18,20));
#334=IFCINDEXEDPOLYGONALFACE((18,9,10));
#335=IFCINDEXEDPOLYGONALFACE((19,21,20));
#336=IFCINDEXEDPOLYGONALFACE((22,20,21));
#337=IFCINDEXEDPOLYGONALFACE((8,20,22));
#338=IFCINDEXEDPOLYGONALFACE((20,8,9));
#339=IFCINDEXEDPOLYGONALFACE((21,23,22));
#340=IFCINDEXEDPOLYGONALFACE((24,22,23));
#341=IFCINDEXEDPOLYGONALFACE((25,22,24));
#342=IFCINDEXEDPOLYGONALFACE((22,25,8));
#343=IFCINDEXEDPOLYGONALFACE((6,8,25));
#344=IFCINDEXEDPOLYGONALFACE((6,25,26));
#345=IFCINDEXEDPOLYGONALFACE((24,26,25));
#346=IFCINDEXEDPOLYGONALFACE((26,5,6));
#347=IFCINDEXEDPOLYGONALFACE((5,26,27));
#348=IFCINDEXEDPOLYGONALFACE((28,27,26));
#349=IFCINDEXEDPOLYGONALFACE((26,24,28));
#350=IFCINDEXEDPOLYGONALFACE((29,30,28));
#351=IFCINDEXEDPOLYGONALFACE((28,24,29));
#352=IFCINDEXEDPOLYGONALFACE((31,28,30));
#353=IFCINDEXEDPOLYGONALFACE((27,28,31));
#354=IFCINDEXEDPOLYGONALFACE((34,31,32));
#355=IFCINDEXEDPOLYGONALFACE((32,31,33));
#356=IFCINDEXEDPOLYGONALFACE((30,33,31));
#357=IFCINDEXEDPOLYGONALFACE((31,34,27));
#358=IFCINDEXEDPOLYGONALFACE((34,4,36));
#359=IFCINDEXEDPOLYGONALFACE((4,34,35));
#360=IFCINDEXEDPOLYGONALFACE((32,35,34));
#361=IFCINDEXEDPOLYGONALFACE((36,27,34));
#362=IFCINDEXEDPOLYGONALFACE((27,36,5));
#363=IFCINDEXEDPOLYGONALFACE((5,36,4));
#364=IFCINDEXEDPOLYGONALFACE((35,37,4));
#365=IFCINDEXEDPOLYGONALFACE((37,35,38));
#366=IFCINDEXEDPOLYGONALFACE((39,38,35));
#367=IFCINDEXEDPOLYGONALFACE((35,32,39));
#368=IFCINDEXEDPOLYGONALFACE((40,41,39));
#369=IFCINDEXEDPOLYGONALFACE((39,32,40));
#370=IFCINDEXEDPOLYGONALFACE((42,39,41));
#371=IFCINDEXEDPOLYGONALFACE((38,39,42));
#372=IFCINDEXEDPOLYGONALFACE((41,43,42));
#373=IFCINDEXEDPOLYGONALFACE((44,42,43));
#374=IFCINDEXEDPOLYGONALFACE((45,42,44));
#375=IFCINDEXEDPOLYGONALFACE((42,45,38));
#376=IFCINDEXEDPOLYGONALFACE((45,46,37));
#377=IFCINDEXEDPOLYGONALFACE((46,45,47));
#378=IFCINDEXEDPOLYGONALFACE((44,47,45));
#379=IFCINDEXEDPOLYGONALFACE((37,38,45));
#380=IFCINDEXEDPOLYGONALFACE((46,47,48));
#381=IFCINDEXEDPOLYGONALFACE((49,48,47));
#382=IFCINDEXEDPOLYGONALFACE((47,44,49));
#383=IFCINDEXEDPOLYGONALFACE((50,51,49));
#384=IFCINDEXEDPOLYGONALFACE((49,44,50));
#385=IFCINDEXEDPOLYGONALFACE((52,49,51));
#386=IFCINDEXEDPOLYGONALFACE((48,49,52));
#387=IFCINDEXEDPOLYGONALFACE((51,53,52));
#388=IFCINDEXEDPOLYGONALFACE((54,52,53));
#389=IFCINDEXEDPOLYGONALFACE((55,52,54));
#390=IFCINDEXEDPOLYGONALFACE((52,55,48));
#391=IFCINDEXEDPOLYGONALFACE((55,56,58));
#392=IFCINDEXEDPOLYGONALFACE((56,55,57));
#393=IFCINDEXEDPOLYGONALFACE((54,57,55));
#394=IFCINDEXEDPOLYGONALFACE((58,48,55));
#395=IFCINDEXEDPOLYGONALFACE((2,58,3));
#396=IFCINDEXEDPOLYGONALFACE((58,59,3));
#397=IFCINDEXEDPOLYGONALFACE((56,59,58));
#398=IFCINDEXEDPOLYGONALFACE((2,46,58));
#399=IFCINDEXEDPOLYGONALFACE((48,58,46));
#400=IFCINDEXEDPOLYGONALFACE((59,60,3));
#401=IFCINDEXEDPOLYGONALFACE((61,60,59));
#402=IFCINDEXEDPOLYGONALFACE((59,62,61));
#403=IFCINDEXEDPOLYGONALFACE((62,59,56));
#404=IFCINDEXEDPOLYGONALFACE((64,61,62));
#405=IFCINDEXEDPOLYGONALFACE((56,57,62));
#406=IFCINDEXEDPOLYGONALFACE((63,62,57));
#407=IFCINDEXEDPOLYGONALFACE((62,63,64));
#408=IFCINDEXEDPOLYGONALFACE((65,66,64));
#409=IFCINDEXEDPOLYGONALFACE((64,63,65));
#410=IFCINDEXEDPOLYGONALFACE((67,64,66));
#411=IFCINDEXEDPOLYGONALFACE((61,64,67));
#412=IFCINDEXEDPOLYGONALFACE((66,68,67));
#413=IFCINDEXEDPOLYGONALFACE((14,67,68));
#414=IFCINDEXEDPOLYGONALFACE((13,67,14));
#415=IFCINDEXEDPOLYGONALFACE((67,13,61));
#416=IFCINDEXEDPOLYGONALFACE((68,16,14));
#417=IFCINDEXEDPOLYGONALFACE((69,65,63));
#418=IFCINDEXEDPOLYGONALFACE((53,69,54));
#419=IFCINDEXEDPOLYGONALFACE((63,54,69));
#420=IFCINDEXEDPOLYGONALFACE((57,54,63));
#421=IFCINDEXEDPOLYGONALFACE((60,61,13));
#422=IFCINDEXEDPOLYGONALFACE((13,3,60));
#423=IFCINDEXEDPOLYGONALFACE((43,50,44));
#424=IFCINDEXEDPOLYGONALFACE((2,37,46));
#425=IFCINDEXEDPOLYGONALFACE((33,40,32));
#426=IFCINDEXEDPOLYGONALFACE((37,2,4));
#427=IFCINDEXEDPOLYGONALFACE((23,29,24));
#428=IFCPOLYGONALFACESET(#309,$,(#310,#311,#312,#313,#314,#315,#316,#317,#318,#319,#320,#321,#322,#323,#324,#325,#326,#327,#328,#329,#330,#331,#332,#333,#334,#335,#336,#337,#338,#339,#340,#341,#342,#343,#344,#345,#346,#347,#348,#349,#350,#351,#352,#353,#354,#355,#356,#357,#358,#359,#360,#361,#362,#363,#364,#365,#366,#367,#368,#369,#370,#371,#372,#373,#374,#375,#376,#377,#378,#379,#380,#381,#382,#383,#384,#385,#386,#387,#388,#389,#390,#391,#392,#393,#394,#395,#396,#397,#398,#399,#400,#401,#402,#403,#404,#405,#406,#407,#408,#409,#410,#411,#412,#413,#414,#415,#416,#417,#418,#419,#420,#421,#422,#423,#424,#425,#426,#427),$);
#429=IFCCARTESIANPOINTLIST3D(((195.869064331055,211.696929931641,0.059015978127718),(202.680068969727,215.910934448242,0.0480163022875786),(196.035064697266,207.463928222656,0.0480156615376472),(197.516052246094,214.531936645508,0.0900161936879158),(194.956069946289,212.257919311523,0.629015982151031),(195.316070556641,209.768920898438,0.157015830278397),(194.517059326172,209.768920898438,0.629015803337097),(194.956069946289,207.279922485352,0.629015624523163),(194.413070678711,207.139923095703,1.60401546955109),(193.959060668945,209.823928833008,1.60401570796967),(193.879058837891,209.768920898438,12.9620151519775),(194.356063842773,212.476928710938,12.9620151519775),(194.451065063477,212.500930786133,1.60401594638824),(195.731063842773,214.857925415039,12.9620151519775),(195.828063964844,214.847930908203,1.60401606559753),(196.220062255859,214.447937011719,0.629016160964966),(198.15705871582,216.071914672852,0.629016280174255),(200.67106628418,216.150924682617,0.157016307115555),(200.532073974609,216.936935424805,0.6290163397789),(197.925064086914,216.582931518555,1.60401618480682),(200.42106628418,217.56591796875,12.9620161056519),(197.837051391602,216.624938964844,12.9620161056519),(200.489059448242,217.49592590332,1.60401630401611),(203.17106628418,217.56591796875,12.9620161056519),(203.211059570312,217.476913452148,1.60401630401611),(203.06005859375,216.936935424805,0.6290163397789),(205.743057250977,214.810928344727,0.0900162160396576),(205.43505859375,216.071914672852,0.629016280174255),(207.372055053711,214.44792175293,0.629016160964966),(205.762054443359,216.527908325195,1.60401618480682),(207.861068725586,214.85791015625,12.9620151519775),(205.75505065918,216.624923706055,12.9620161056519),(207.834060668945,214.763916015625,1.60401606559753),(209.236053466797,212.476913452148,12.9620151519775),(209.179061889648,212.397903442383,1.60401594638824),(208.63606262207,212.257904052734,0.629015982151031),(208.208053588867,211.0869140625,0.147015929222107),(209.075057983398,209.768905639648,0.629015803337097),(207.555053710938,206.657913208008,0.147015586495399),(208.63606262207,207.279907226562,0.629015624523163),(209.633056640625,209.713912963867,1.60401570796967),(209.236053466797,207.060913085938,12.9620151519775),(209.71305847168,209.768905639648,12.9620151519775),(209.141067504883,207.036911010742,1.60401546955109),(207.861053466797,204.679916381836,12.9620151519775),(207.764053344727,204.689910888672,1.6040153503418),(207.372039794922,205.089920043945,0.629015445709229),(205.080047607422,204.489929199219,0.0530154369771481),(205.435043334961,203.465927124023,0.629015326499939),(202.921051025391,203.386932373047,0.157015338540077),(203.060043334961,202.600921630859,0.629015266895294),(205.667053222656,202.95491027832,1.60401523113251),(203.171051025391,201.971908569336,12.9620141983032),(205.755035400391,202.91291809082,12.9620141983032),(203.103057861328,202.041931152344,1.60401511192322),(200.421051025391,201.971923828125,12.9620141983032),(200.381042480469,202.060928344727,1.60401511192322),(200.53205871582,202.600921630859,0.629015266895294),(200.906036376953,203.59992980957,0.0620153695344925),(197.732055664062,204.637939453125,0.147015437483788),(198.157043457031,203.465927124023,0.629015326499939),(196.22004699707,205.089935302734,0.629015445709229),(197.830047607422,203.,1.60401523113251),(195.731048583984,204.679916381836,12.9620151519775),(197.837036132812,202.912933349609,12.9620141983032),(195.758041381836,204.773941040039,1.6040153503418),(194.356063842773,207.060913085938,12.9620151519775),(207.334060668945,210.020919799805,0.)));
#430=IFCINDEXEDPOLYGONALFACE((4,2,1));
#431=IFCINDEXEDPOLYGONALFACE((2,3,1));
#432=IFCINDEXEDPOLYGONALFACE((3,6,1));
#433=IFCINDEXEDPOLYGONALFACE((4,1,5));
#434=IFCINDEXEDPOLYGONALFACE((7,5,1));
#435=IFCINDEXEDPOLYGONALFACE((1,6,7));
#436=IFCINDEXEDPOLYGONALFACE((7,8,9));
#437=IFCINDEXEDPOLYGONALFACE((8,7,6));
#438=IFCINDEXEDPOLYGONALFACE((5,7,10));
#439=IFCINDEXEDPOLYGONALFACE((9,10,7));
#440=IFCINDEXEDPOLYGONALFACE((10,11,12));
#441=IFCINDEXEDPOLYGONALFACE((11,10,9));
#442=IFCINDEXEDPOLYGONALFACE((12,13,10));
#443=IFCINDEXEDPOLYGONALFACE((10,13,5));
#444=IFCINDEXEDPOLYGONALFACE((14,15,13));
#445=IFCINDEXEDPOLYGONALFACE((13,12,14));
#446=IFCINDEXEDPOLYGONALFACE((13,15,16));
#447=IFCINDEXEDPOLYGONALFACE((16,5,13));
#448=IFCINDEXEDPOLYGONALFACE((5,16,4));
#449=IFCINDEXEDPOLYGONALFACE((16,17,4));
#450=IFCINDEXEDPOLYGONALFACE((17,16,15));
#451=IFCINDEXEDPOLYGONALFACE((18,4,17));
#452=IFCINDEXEDPOLYGONALFACE((17,19,18));
#453=IFCINDEXEDPOLYGONALFACE((19,17,20));
#454=IFCINDEXEDPOLYGONALFACE((15,20,17));
#455=IFCINDEXEDPOLYGONALFACE((21,23,20));
#456=IFCINDEXEDPOLYGONALFACE((20,22,21));
#457=IFCINDEXEDPOLYGONALFACE((22,20,15));
#458=IFCINDEXEDPOLYGONALFACE((20,23,19));
#459=IFCINDEXEDPOLYGONALFACE((24,25,23));
#460=IFCINDEXEDPOLYGONALFACE((23,21,24));
#461=IFCINDEXEDPOLYGONALFACE((23,25,26));
#462=IFCINDEXEDPOLYGONALFACE((26,19,23));
#463=IFCINDEXEDPOLYGONALFACE((19,26,2));
#464=IFCINDEXEDPOLYGONALFACE((27,2,26));
#465=IFCINDEXEDPOLYGONALFACE((26,28,27));
#466=IFCINDEXEDPOLYGONALFACE((28,26,25));
#467=IFCINDEXEDPOLYGONALFACE((28,29,27));
#468=IFCINDEXEDPOLYGONALFACE((29,28,30));
#469=IFCINDEXEDPOLYGONALFACE((25,30,28));
#470=IFCINDEXEDPOLYGONALFACE((31,33,30));
#471=IFCINDEXEDPOLYGONALFACE((30,32,31));
#472=IFCINDEXEDPOLYGONALFACE((32,30,25));
#473=IFCINDEXEDPOLYGONALFACE((30,33,29));
#474=IFCINDEXEDPOLYGONALFACE((34,35,33));
#475=IFCINDEXEDPOLYGONALFACE((33,31,34));
#476=IFCINDEXEDPOLYGONALFACE((33,35,36));
#477=IFCINDEXEDPOLYGONALFACE((36,29,33));
#478=IFCINDEXEDPOLYGONALFACE((29,36,37));
#479=IFCINDEXEDPOLYGONALFACE((36,38,37));
#480=IFCINDEXEDPOLYGONALFACE((38,36,35));
#481=IFCINDEXEDPOLYGONALFACE((39,37,38));
#482=IFCINDEXEDPOLYGONALFACE((38,40,39));
#483=IFCINDEXEDPOLYGONALFACE((40,38,41));
#484=IFCINDEXEDPOLYGONALFACE((35,41,38));
#485=IFCINDEXEDPOLYGONALFACE((42,44,41));
#486=IFCINDEXEDPOLYGONALFACE((41,43,42));
#487=IFCINDEXEDPOLYGONALFACE((43,41,35));
#488=IFCINDEXEDPOLYGONALFACE((41,44,40));
#489=IFCINDEXEDPOLYGONALFACE((45,46,44));
#490=IFCINDEXEDPOLYGONALFACE((44,42,45));
#491=IFCINDEXEDPOLYGONALFACE((44,46,47));
#492=IFCINDEXEDPOLYGONALFACE((47,40,44));
#493=IFCINDEXEDPOLYGONALFACE((40,47,39));
#494=IFCINDEXEDPOLYGONALFACE((48,39,47));
#495=IFCINDEXEDPOLYGONALFACE((47,49,48));
#496=IFCINDEXEDPOLYGONALFACE((49,47,46));
#497=IFCINDEXEDPOLYGONALFACE((50,48,49));
#498=IFCINDEXEDPOLYGONALFACE((49,51,50));
#499=IFCINDEXEDPOLYGONALFACE((51,49,52));
#500=IFCINDEXEDPOLYGONALFACE((46,52,49));
#501=IFCINDEXEDPOLYGONALFACE((53,55,52));
#502=IFCINDEXEDPOLYGONALFACE((52,54,53));
#503=IFCINDEXEDPOLYGONALFACE((54,52,46));
#504=IFCINDEXEDPOLYGONALFACE((52,55,51));
#505=IFCINDEXEDPOLYGONALFACE((56,57,55));
#506=IFCINDEXEDPOLYGONALFACE((55,53,56));
#507=IFCINDEXEDPOLYGONALFACE((55,57,58));
#508=IFCINDEXEDPOLYGONALFACE((58,51,55));
#509=IFCINDEXEDPOLYGONALFACE((51,58,59));
#510=IFCINDEXEDPOLYGONALFACE((60,59,58));
#511=IFCINDEXEDPOLYGONALFACE((58,61,60));
#512=IFCINDEXEDPOLYGONALFACE((61,58,57));
#513=IFCINDEXEDPOLYGONALFACE((61,62,60));
#514=IFCINDEXEDPOLYGONALFACE((62,61,63));
#515=IFCINDEXEDPOLYGONALFACE((57,63,61));
#516=IFCINDEXEDPOLYGONALFACE((64,66,63));
#517=IFCINDEXEDPOLYGONALFACE((63,65,64));
#518=IFCINDEXEDPOLYGONALFACE((65,63,57));
#519=IFCINDEXEDPOLYGONALFACE((63,66,62));
#520=IFCINDEXEDPOLYGONALFACE((67,9,66));
#521=IFCINDEXEDPOLYGONALFACE((66,64,67));
#522=IFCINDEXEDPOLYGONALFACE((66,9,8));
#523=IFCINDEXEDPOLYGONALFACE((8,62,66));
#524=IFCINDEXEDPOLYGONALFACE((9,67,11));
#525=IFCINDEXEDPOLYGONALFACE((57,56,65));
#526=IFCINDEXEDPOLYGONALFACE((3,60,62));
#527=IFCINDEXEDPOLYGONALFACE((62,8,3));
#528=IFCINDEXEDPOLYGONALFACE((3,59,60));
#529=IFCINDEXEDPOLYGONALFACE((48,50,59));
#530=IFCINDEXEDPOLYGONALFACE((48,59,3));
#531=IFCINDEXEDPOLYGONALFACE((59,50,51));
#532=IFCINDEXEDPOLYGONALFACE((46,45,54));
#533=IFCINDEXEDPOLYGONALFACE((68,48,3));
#534=IFCINDEXEDPOLYGONALFACE((48,68,39));
#535=IFCINDEXEDPOLYGONALFACE((2,68,3));
#536=IFCINDEXEDPOLYGONALFACE((2,27,68));
#537=IFCINDEXEDPOLYGONALFACE((27,37,68));
#538=IFCINDEXEDPOLYGONALFACE((37,39,68));
#539=IFCINDEXEDPOLYGONALFACE((35,34,43));
#540=IFCINDEXEDPOLYGONALFACE((37,27,29));
#541=IFCINDEXEDPOLYGONALFACE((25,24,32));
#542=IFCINDEXEDPOLYGONALFACE((15,14,22));
#543=IFCINDEXEDPOLYGONALFACE((2,18,19));
#544=IFCINDEXEDPOLYGONALFACE((4,18,2));
#545=IFCINDEXEDPOLYGONALFACE((6,3,8));
#546=IFCPOLYGONALFACESET(#429,$,(#430,#431,#432,#433,#434,#435,#436,#437,#438,#439,#440,#441,#442,#443,#444,#445,#446,#447,#448,#449,#450,#451,#452,#453,#454,#455,#456,#457,#458,#459,#460,#461,#462,#463,#464,#465,#466,#467,#468,#469,#470,#471,#472,#473,#474,#475,#476,#477,#478,#479,#480,#481,#482,#483,#484,#485,#486,#487,#488,#489,#490,#491,#492,#493,#494,#495,#496,#497,#498,#499,#500,#501,#502,#503,#504,#505,#506,#507,#508,#509,#510,#511,#512,#513,#514,#515,#516,#517,#518,#519,#520,#521,#522,#523,#524,#525,#526,#527,#528,#529,#530,#531,#532,#533,#534,#535,#536,#537,#538,#539,#540,#541,#542,#543,#544,#545),$);
#547=IFCCARTESIANPOINTLIST3D(((-162.911026000977,-138.970977783203,465.692962646484),(-112.518035888672,-129.584991455078,472.151977539062),(-150.261016845703,-89.3219833374023,466.411987304688),(-137.820053100586,-179.044982910156,468.673980712891),(-190.255035400391,-125.148956298828,460.581970214844),(-162.93505859375,-176.102966308594,464.781982421875),(-145.832046508789,-204.223983764648,465.073944091797),(-181.807037353516,-184.517959594727,459.440979003906),(-213.810028076172,-120.979957580566,455.429962158203),(-234.711029052734,-109.290954589844,448.099975585938),(-214.261016845703,-111.76195526123,454.747985839844),(-235.461029052734,-117.083946228027,448.649963378906),(-222.031036376953,-160.28694152832,449.441986083984),(-230.604019165039,-158.750946044922,445.494995117188),(-215.798049926758,-191.852966308594,445.677978515625),(-210.456039428711,-187.807968139648,449.566955566406),(-179.434066772461,-207.283966064453,455.791961669922),(-203.,-208.13395690918,446.937957763672),(-182.535049438477,-231.960952758789,445.562927246094),(-205.105072021484,-212.666961669922,441.829956054688),(-158.592071533203,-234.196975708008,453.511962890625),(-192.801055908203,-227.350952148438,441.608947753906),(-179.966064453125,-239.032958984375,441.456939697266),(-198.181060791016,-220.178970336914,440.854949951172),(-189.329055786133,-229.741958618164,440.682952880859),(-179.438064575195,-238.437957763672,440.5439453125),(-152.924087524414,-257.775939941406,441.234954833984),(-152.756088256836,-256.713928222656,440.188934326172),(-121.369079589844,-272.983978271484,440.372955322266),(-91.5120849609375,-277.582977294922,445.363952636719),(-122.523086547852,-268.676971435547,445.766937255859),(-88.6380844116211,-282.787994384766,439.695953369141),(-52.5710868835449,-282.47900390625,445.026947021484),(-55.8860893249512,-287.559997558594,439.305938720703),(-30.113094329834,-289.306030273438,440.117950439453),(-13.633092880249,-289.784027099609,439.),(24.4129047393799,-289.882995605469,439.083923339844),(18.6969051361084,-284.596008300781,444.562957763672),(55.8859024047852,-287.560028076172,439.305938720703),(85.5578994750977,-278.525024414062,445.634948730469),(88.6379089355469,-282.788055419922,439.695953369141),(121.368896484375,-272.984039306641,440.372955322266),(152.923904418945,-257.776062011719,441.234954833984),(122.522903442383,-268.677032470703,445.766937255859),(152.755905151367,-256.714050292969,440.188934326172),(179.437911987305,-238.438064575195,440.5439453125),(179.965911865234,-239.033081054688,441.456939697266),(189.328918457031,-229.742080688477,440.682952880859),(198.180923461914,-220.179092407227,440.854949951172),(192.800918579102,-227.35107421875,441.608947753906),(205.104919433594,-212.667098999023,441.829956054688),(182.534912109375,-231.961074829102,445.562927246094),(202.98991394043,-208.134094238281,446.937957763672),(215.797927856445,-191.853088378906,445.677978515625),(210.455932617188,-187.80810546875,449.566955566406),(179.43391418457,-207.284072875977,455.791961669922),(158.591918945312,-234.197082519531,453.511962890625),(152.380905151367,-252.92106628418,446.172943115234),(124.345916748047,-253.368057250977,453.860931396484),(120.899917602539,-233.7890625,461.733947753906),(152.270919799805,-221.143081665039,459.542938232422),(145.831939697266,-204.224075317383,465.073944091797),(162.934936523438,-176.103073120117,464.781982421875),(92.8319244384766,-215.549057006836,467.535949707031),(89.3259353637695,-181.978057861328,472.895965576172),(137.819931030273,-179.045074462891,468.673980712891),(181.807922363281,-184.51806640625,459.440979003906),(213.809936523438,-120.980102539062,455.429962158203),(222.03092956543,-160.287094116211,449.441986083984),(235.4609375,-117.084098815918,448.649963378906),(230.603927612305,-158.751083374023,445.494995117188),(242.247940063477,-116.668106079102,444.91796875),(234.849945068359,-157.757095336914,441.576965332031),(227.013931274414,-176.781097412109,441.682952880859),(217.323928833008,-194.,440.878967285156),(226.660919189453,-176.829086303711,440.776977539062),(233.658920288086,-160.099090576172,440.72998046875),(238.404937744141,-143.354095458984,440.491973876953),(241.971939086914,-128.365112304688,440.228973388672),(245.704940795898,-114.802108764648,441.1259765625),(242.811950683594,-109.448104858398,441.538970947266),(245.157943725586,-114.575103759766,440.498992919922),(234.710968017578,-109.291107177734,448.099975585938),(237.787963867188,-108.09610748291,443.93896484375),(238.014953613281,-108.557106018066,443.347961425781),(232.394943237305,-108.757102966309,445.191986083984),(218.532943725586,-108.467094421387,448.615966796875),(224.93196105957,-109.34309387207,447.044982910156),(217.606964111328,-109.393096923828,448.114959716797),(210.436950683594,-105.099098205566,448.137969970703),(205.937957763672,-98.5790939331055,447.553955078125),(210.54296875,-103.637100219727,448.615966796875),(202.829956054688,-90.6010894775391,447.),(201.939956665039,-91.2560882568359,446.760986328125),(214.260955810547,-111.762100219727,454.747985839844),(204.77294921875,-105.117095947266,454.868988037109),(190.254943847656,-125.149078369141,460.581970214844),(181.672958374023,-107.488090515137,460.768981933594),(196.468948364258,-92.8130874633789,454.216949462891),(197.901947021484,-71.3500900268555,445.611999511719),(191.250946044922,-69.699089050293,453.083953857422),(169.465972900391,-65.5630874633789,461.047973632812),(138.88899230957,-15.987078666687,466.603973388672),(150.260955810547,-89.3220748901367,466.411987304688),(158.253982543945,21.0279140472412,458.303955078125),(131.318008422852,43.9239196777344,463.619964599609),(145.405014038086,79.2539138793945,455.715972900391),(177.631011962891,27.3429069519043,448.542999267578),(170.040008544922,57.5349082946777,448.222961425781),(161.199020385742,88.2719039916992,446.606964111328),(178.10400390625,52.3889045715332,441.215972900391),(168.083023071289,92.1709060668945,438.704956054688),(184.51399230957,20.761905670166,439.699981689453),(168.851028442383,92.2309036254883,435.501953125),(195.059967041016,-50.0200958251953,445.196960449219),(187.225982666016,7.31390476226807,441.927978515625),(184.923004150391,28.9349060058594,441.054962158203),(179.244995117188,62.7209053039551,439.589965820312),(170.619018554688,92.4979019165039,437.551971435547),(163.233016967773,110.206901550293,433.319946289062),(162.130020141602,110.261901855469,435.278991699219),(151.326034545898,125.890899658203,433.588989257812),(142.099029541016,135.796905517578,432.845977783203),(149.933029174805,126.347923278809,432.079986572266),(154.914047241211,123.964912414551,431.478973388672),(149.099044799805,126.278915405273,437.205963134766),(141.907043457031,136.595916748047,434.119964599609),(161.533020019531,110.09790802002,434.766967773438),(160.129013061523,110.250915527344,437.85498046875),(154.667022705078,109.587905883789,443.39697265625),(133.63703918457,114.863914489746,450.756958007812),(133.,139.251922607422,439.02197265625),(106.645042419434,127.190925598145,453.378967285156),(107.081039428711,143.060913085938,446.149963378906),(112.643051147461,154.233917236328,433.544952392578),(127.46403503418,145.854904174805,435.398956298828),(126.250038146973,146.849914550781,432.371978759766),(129.823028564453,144.230926513672,433.037963867188),(114.778045654297,152.204925537109,432.651000976562),(100.649047851562,158.633941650391,433.608978271484),(101.761047363281,157.482925415039,432.643981933594),(69.910041809082,164.861938476562,431.940979003906),(77.1170501708984,164.414932250977,432.754974365234),(80.4350433349609,147.,449.31298828125),(35.3260459899902,152.268951416016,450.507965087891),(45.2330513000488,168.305938720703,434.075988769531),(-5.86694955825806,154.147964477539,451.212982177734),(0.,168.317962646484,439.029968261719),(38.9320526123047,168.256942749023,433.294982910156),(0.,171.495956420898,433.919982910156),(0.,170.519958496094,432.425964355469),(-45.2329406738281,168.305969238281,434.075988769531),(-38.931941986084,168.256973266602,433.294982910156),(-69.9099426269531,164.86198425293,431.940979003906),(-101.760940551758,157.482986450195,432.643981933594),(-77.116943359375,164.414978027344,432.754974365234),(-80.4349517822266,147.,449.31298828125),(-100.648941040039,158.634002685547,433.608978271484),(-114.777938842773,152.205001831055,432.651000976562),(-107.080955505371,143.060989379883,446.149963378906),(-112.642944335938,154.233993530273,433.544952392578),(-133.,139.252014160156,439.02197265625),(-127.463943481445,145.854995727539,435.398956298828),(-126.249946594238,146.850006103516,432.371978759766),(-142.098937988281,135.796997070312,432.845977783203),(-129.822952270508,144.231018066406,433.037963867188),(-141.906951904297,136.596008300781,434.119964599609),(-154.913955688477,123.96501159668,431.478973388672),(-149.09895324707,126.279006958008,437.205963134766),(-154.666961669922,109.588005065918,443.39697265625),(-160.128952026367,110.251014709473,437.85498046875),(-161.532958984375,110.098014831543,434.766967773438),(-168.850967407227,92.2310180664062,435.501953125),(-168.082962036133,92.171012878418,438.704956054688),(-184.51399230957,20.7620258331299,439.699981689453),(-178.103973388672,52.3890228271484,441.215972900391),(-163.232955932617,110.207015991211,433.319946289062),(-170.618957519531,92.4980163574219,437.551971435547),(-179.244964599609,62.7210159301758,439.589965820312),(-184.922973632812,28.9350242614746,441.054962158203),(-187.225982666016,7.31402683258057,441.927978515625),(-195.059997558594,-50.0199699401855,445.196960449219),(-177.630981445312,27.3430213928223,448.542999267578),(-191.251007080078,-69.6989593505859,453.083953857422),(-197.902008056641,-71.349967956543,445.611999511719),(-196.469009399414,-92.8129653930664,454.216949462891),(-201.940017700195,-91.2559661865234,446.760986328125),(-202.830017089844,-90.600959777832,447.),(-204.773010253906,-105.116966247559,454.868988037109),(-210.543029785156,-103.63695526123,448.615966796875),(-218.533004760742,-108.466957092285,448.615966796875),(-205.938018798828,-98.5789642333984,447.553955078125),(-210.43701171875,-105.09895324707,448.137969970703),(-217.607025146484,-109.392959594727,448.114959716797),(-224.932022094727,-109.342956542969,447.044982910156),(-232.395004272461,-108.756942749023,445.191986083984),(-238.015014648438,-108.556945800781,443.347961425781),(-237.788024902344,-108.09595489502,443.93896484375),(-242.81201171875,-109.447952270508,441.538970947266),(-245.705017089844,-114.801948547363,441.1259765625),(-242.248031616211,-116.667945861816,444.91796875),(-245.15803527832,-114.57494354248,440.498992919922),(-241.972030639648,-128.364944458008,440.228973388672),(-238.405029296875,-143.353942871094,440.491973876953),(-234.850036621094,-157.756942749023,441.576965332031),(-233.659042358398,-160.098937988281,440.72998046875),(-226.661041259766,-176.82893371582,440.776977539062),(-217.32405090332,-194.,440.878967285156),(-227.014053344727,-176.780944824219,441.682952880859),(-204.563064575195,-212.151962280273,441.040924072266),(-181.67301940918,-107.487968444824,460.768981933594),(-169.466003417969,-65.5629730224609,461.047973632812),(-138.88899230957,-15.9869890213013,466.603973388672),(-158.253982543945,21.0280170440674,458.303955078125),(-131.317977905273,43.9240036010742,463.619964599609),(-170.039978027344,57.5350189208984,448.222961425781),(-145.40495300293,79.2540130615234,455.715972900391),(-133.636947631836,114.863998413086,450.756958007812),(-161.198959350586,88.2720184326172,446.606964111328),(-120.403961181641,100.394004821777,457.879974365234),(-88.1749572753906,105.159980773926,460.928985595703),(-99.4899749755859,69.9899978637695,465.767974853516),(-106.644950866699,127.19100189209,453.378967285156),(-50.1369514465332,132.490982055664,457.051971435547),(0.,134.437957763672,458.507995605469),(0.,106.518951416016,466.465972900391),(88.1750335693359,105.159927368164,460.928985595703),(0.,59.6959609985352,472.100982666016),(50.1370391845703,132.490951538086,457.051971435547),(93.0860137939453,78.679931640625,465.045959472656),(37.9000129699707,42.3779487609863,470.903961181641),(120.404022216797,100.393920898438,457.879974365234),(96.6540069580078,45.2109298706055,468.841979980469),(108.591987609863,-26.7940692901611,472.237976074219),(76.6349945068359,-23.104061126709,474.053985595703),(18.4849681854248,-94.8330383300781,476.759979248047),(2.11399292945862,-21.291036605835,474.929962158203),(75.3379592895508,-115.443054199219,475.057952880859),(112.517944335938,-129.585067749023,472.151977539062),(45.910945892334,-164.872039794922,474.734954833984),(-17.185037612915,-112.827026367188,476.774963378906),(0.,-184.322021484375,472.807983398438),(47.5789337158203,-193.634033203125,472.762969970703),(17.8639278411865,-219.776031494141,467.325927734375),(-43.1220779418945,-243.587005615234,461.770965576172),(59.3819160461426,-242.344055175781,461.866943359375),(-46.3400611877441,-199.067993164062,472.076965332031),(-92.8320617675781,-215.54899597168,467.535949707031),(-89.326057434082,-181.977996826172,472.895965576172),(-45.9100494384766,-164.872009277344,474.734954833984),(-75.3380279541016,-115.443008422852,475.057952880859),(-76.0739974975586,-27.9280090332031,474.150970458984),(-108.592002868652,-26.7939987182617,472.237976074219),(-54.9479751586914,53.3859786987305,469.692962646484),(-120.900062561035,-233.788986206055,461.733947753906),(-124.346076965332,-253.367980957031,453.860931396484),(-152.271072387695,-221.142974853516,459.542938232422),(-85.0810852050781,-263.31298828125,453.89794921875),(81.3849105834961,-264.448028564453,453.673919677734),(-152.381088256836,-252.920944213867,446.172943115234),(162.910949707031,-138.971084594727,465.692962646484),(-162.129959106445,110.262016296387,435.278991699219),(-151.325942993164,125.891006469727,433.588989257812),(-149.93293762207,126.348007202148,432.079986572266),(204.562927246094,-212.152099609375,441.040924072266)));
#548=IFCINDEXEDPOLYGONALFACE((2,1,4));
#549=IFCINDEXEDPOLYGONALFACE((2,3,1));
#550=IFCINDEXEDPOLYGONALFACE((5,1,3));
#551=IFCINDEXEDPOLYGONALFACE((4,1,6));
#552=IFCINDEXEDPOLYGONALFACE((1,5,6));
#553=IFCINDEXEDPOLYGONALFACE((8,7,6));
#554=IFCINDEXEDPOLYGONALFACE((4,6,7));
#555=IFCINDEXEDPOLYGONALFACE((6,9,8));
#556=IFCINDEXEDPOLYGONALFACE((9,6,5));
#557=IFCINDEXEDPOLYGONALFACE((12,9,10));
#558=IFCINDEXEDPOLYGONALFACE((11,10,9));
#559=IFCINDEXEDPOLYGONALFACE((13,8,9));
#560=IFCINDEXEDPOLYGONALFACE((5,11,9));
#561=IFCINDEXEDPOLYGONALFACE((9,12,13));
#562=IFCINDEXEDPOLYGONALFACE((13,14,15));
#563=IFCINDEXEDPOLYGONALFACE((14,13,12));
#564=IFCINDEXEDPOLYGONALFACE((8,13,16));
#565=IFCINDEXEDPOLYGONALFACE((15,16,13));
#566=IFCINDEXEDPOLYGONALFACE((16,17,8));
#567=IFCINDEXEDPOLYGONALFACE((15,18,16));
#568=IFCINDEXEDPOLYGONALFACE((17,16,18));
#569=IFCINDEXEDPOLYGONALFACE((19,18,22));
#570=IFCINDEXEDPOLYGONALFACE((21,18,19));
#571=IFCINDEXEDPOLYGONALFACE((18,15,20));
#572=IFCINDEXEDPOLYGONALFACE((18,20,22));
#573=IFCINDEXEDPOLYGONALFACE((18,21,17));
#574=IFCINDEXEDPOLYGONALFACE((22,23,19));
#575=IFCINDEXEDPOLYGONALFACE((23,22,25));
#576=IFCINDEXEDPOLYGONALFACE((24,22,20));
#577=IFCINDEXEDPOLYGONALFACE((24,25,22));
#578=IFCINDEXEDPOLYGONALFACE((25,26,23));
#579=IFCINDEXEDPOLYGONALFACE((27,26,28));
#580=IFCINDEXEDPOLYGONALFACE((26,27,23));
#581=IFCINDEXEDPOLYGONALFACE((29,27,28));
#582=IFCINDEXEDPOLYGONALFACE((29,32,30));
#583=IFCINDEXEDPOLYGONALFACE((30,31,29));
#584=IFCINDEXEDPOLYGONALFACE((27,29,31));
#585=IFCINDEXEDPOLYGONALFACE((33,30,32));
#586=IFCINDEXEDPOLYGONALFACE((32,34,33));
#587=IFCINDEXEDPOLYGONALFACE((34,35,33));
#588=IFCINDEXEDPOLYGONALFACE((34,36,35));
#589=IFCINDEXEDPOLYGONALFACE((37,35,36));
#590=IFCINDEXEDPOLYGONALFACE((35,37,38));
#591=IFCINDEXEDPOLYGONALFACE((38,37,39));
#592=IFCINDEXEDPOLYGONALFACE((39,40,38));
#593=IFCINDEXEDPOLYGONALFACE((40,39,41));
#594=IFCINDEXEDPOLYGONALFACE((40,41,42));
#595=IFCINDEXEDPOLYGONALFACE((45,43,42));
#596=IFCINDEXEDPOLYGONALFACE((44,42,43));
#597=IFCINDEXEDPOLYGONALFACE((42,44,40));
#598=IFCINDEXEDPOLYGONALFACE((45,46,43));
#599=IFCINDEXEDPOLYGONALFACE((47,43,46));
#600=IFCINDEXEDPOLYGONALFACE((47,46,48));
#601=IFCINDEXEDPOLYGONALFACE((50,48,49));
#602=IFCINDEXEDPOLYGONALFACE((48,50,47));
#603=IFCINDEXEDPOLYGONALFACE((51,50,49));
#604=IFCINDEXEDPOLYGONALFACE((50,51,53));
#605=IFCINDEXEDPOLYGONALFACE((50,53,52));
#606=IFCINDEXEDPOLYGONALFACE((52,47,50));
#607=IFCINDEXEDPOLYGONALFACE((51,54,53));
#608=IFCINDEXEDPOLYGONALFACE((55,53,54));
#609=IFCINDEXEDPOLYGONALFACE((53,55,56));
#610=IFCINDEXEDPOLYGONALFACE((52,53,57));
#611=IFCINDEXEDPOLYGONALFACE((56,57,53));
#612=IFCINDEXEDPOLYGONALFACE((57,58,52));
#613=IFCINDEXEDPOLYGONALFACE((58,57,59));
#614=IFCINDEXEDPOLYGONALFACE((57,56,61));
#615=IFCINDEXEDPOLYGONALFACE((60,59,57));
#616=IFCINDEXEDPOLYGONALFACE((57,61,60));
#617=IFCINDEXEDPOLYGONALFACE((62,61,56));
#618=IFCINDEXEDPOLYGONALFACE((62,60,61));
#619=IFCINDEXEDPOLYGONALFACE((63,62,67));
#620=IFCINDEXEDPOLYGONALFACE((62,63,66));
#621=IFCINDEXEDPOLYGONALFACE((56,67,62));
#622=IFCINDEXEDPOLYGONALFACE((60,62,64));
#623=IFCINDEXEDPOLYGONALFACE((65,64,62));
#624=IFCINDEXEDPOLYGONALFACE((62,66,65));
#625=IFCINDEXEDPOLYGONALFACE((55,69,67));
#626=IFCINDEXEDPOLYGONALFACE((67,56,55));
#627=IFCINDEXEDPOLYGONALFACE((67,68,63));
#628=IFCINDEXEDPOLYGONALFACE((68,67,69));
#629=IFCINDEXEDPOLYGONALFACE((69,70,68));
#630=IFCINDEXEDPOLYGONALFACE((70,69,71));
#631=IFCINDEXEDPOLYGONALFACE((54,71,69));
#632=IFCINDEXEDPOLYGONALFACE((69,55,54));
#633=IFCINDEXEDPOLYGONALFACE((71,54,74));
#634=IFCINDEXEDPOLYGONALFACE((71,72,70));
#635=IFCINDEXEDPOLYGONALFACE((72,71,73));
#636=IFCINDEXEDPOLYGONALFACE((74,73,71));
#637=IFCINDEXEDPOLYGONALFACE((75,74,54));
#638=IFCINDEXEDPOLYGONALFACE((75,76,74));
#639=IFCINDEXEDPOLYGONALFACE((73,74,76));
#640=IFCINDEXEDPOLYGONALFACE((76,77,73));
#641=IFCINDEXEDPOLYGONALFACE((77,78,73));
#642=IFCINDEXEDPOLYGONALFACE((78,79,80));
#643=IFCINDEXEDPOLYGONALFACE((80,73,78));
#644=IFCINDEXEDPOLYGONALFACE((72,80,81));
#645=IFCINDEXEDPOLYGONALFACE((73,80,72));
#646=IFCINDEXEDPOLYGONALFACE((80,82,81));
#647=IFCINDEXEDPOLYGONALFACE((80,79,82));
#648=IFCINDEXEDPOLYGONALFACE((81,83,72));
#649=IFCINDEXEDPOLYGONALFACE((83,81,84));
#650=IFCINDEXEDPOLYGONALFACE((85,84,81));
#651=IFCINDEXEDPOLYGONALFACE((84,85,86));
#652=IFCINDEXEDPOLYGONALFACE((86,88,87));
#653=IFCINDEXEDPOLYGONALFACE((87,84,86));
#654=IFCINDEXEDPOLYGONALFACE((87,88,89));
#655=IFCINDEXEDPOLYGONALFACE((87,89,90));
#656=IFCINDEXEDPOLYGONALFACE((90,92,87));
#657=IFCINDEXEDPOLYGONALFACE((92,90,91));
#658=IFCINDEXEDPOLYGONALFACE((95,87,92));
#659=IFCINDEXEDPOLYGONALFACE((94,93,92));
#660=IFCINDEXEDPOLYGONALFACE((96,92,93));
#661=IFCINDEXEDPOLYGONALFACE((92,91,94));
#662=IFCINDEXEDPOLYGONALFACE((92,96,95));
#663=IFCINDEXEDPOLYGONALFACE((97,95,96));
#664=IFCINDEXEDPOLYGONALFACE((96,98,97));
#665=IFCINDEXEDPOLYGONALFACE((99,98,96));
#666=IFCINDEXEDPOLYGONALFACE((93,99,96));
#667=IFCINDEXEDPOLYGONALFACE((102,98,99));
#668=IFCINDEXEDPOLYGONALFACE((99,93,100));
#669=IFCINDEXEDPOLYGONALFACE((100,101,99));
#670=IFCINDEXEDPOLYGONALFACE((99,101,102));
#671=IFCINDEXEDPOLYGONALFACE((103,104,102));
#672=IFCINDEXEDPOLYGONALFACE((102,105,103));
#673=IFCINDEXEDPOLYGONALFACE((98,102,104));
#674=IFCINDEXEDPOLYGONALFACE((105,102,101));
#675=IFCINDEXEDPOLYGONALFACE((105,107,106));
#676=IFCINDEXEDPOLYGONALFACE((106,103,105));
#677=IFCINDEXEDPOLYGONALFACE((105,109,107));
#678=IFCINDEXEDPOLYGONALFACE((101,108,105));
#679=IFCINDEXEDPOLYGONALFACE((109,105,108));
#680=IFCINDEXEDPOLYGONALFACE((109,110,107));
#681=IFCINDEXEDPOLYGONALFACE((109,108,111));
#682=IFCINDEXEDPOLYGONALFACE((110,109,111));
#683=IFCINDEXEDPOLYGONALFACE((112,111,114));
#684=IFCINDEXEDPOLYGONALFACE((111,112,110));
#685=IFCINDEXEDPOLYGONALFACE((113,111,115));
#686=IFCINDEXEDPOLYGONALFACE((113,114,111));
#687=IFCINDEXEDPOLYGONALFACE((115,111,108));
#688=IFCINDEXEDPOLYGONALFACE((108,101,115));
#689=IFCINDEXEDPOLYGONALFACE((101,100,115));
#690=IFCINDEXEDPOLYGONALFACE((115,116,113));
#691=IFCINDEXEDPOLYGONALFACE((116,117,113));
#692=IFCINDEXEDPOLYGONALFACE((113,117,118));
#693=IFCINDEXEDPOLYGONALFACE((118,114,113));
#694=IFCINDEXEDPOLYGONALFACE((114,118,119));
#695=IFCINDEXEDPOLYGONALFACE((120,114,119));
#696=IFCINDEXEDPOLYGONALFACE((119,121,120));
#697=IFCINDEXEDPOLYGONALFACE((120,121,122));
#698=IFCINDEXEDPOLYGONALFACE((124,122,123));
#699=IFCINDEXEDPOLYGONALFACE((122,124,120));
#700=IFCINDEXEDPOLYGONALFACE((125,124,123));
#701=IFCINDEXEDPOLYGONALFACE((128,125,126));
#702=IFCINDEXEDPOLYGONALFACE((126,125,127));
#703=IFCINDEXEDPOLYGONALFACE((123,127,125));
#704=IFCINDEXEDPOLYGONALFACE((114,128,129));
#705=IFCINDEXEDPOLYGONALFACE((126,129,128));
#706=IFCINDEXEDPOLYGONALFACE((110,112,129));
#707=IFCINDEXEDPOLYGONALFACE((129,112,114));
#708=IFCINDEXEDPOLYGONALFACE((129,130,110));
#709=IFCINDEXEDPOLYGONALFACE((126,130,129));
#710=IFCINDEXEDPOLYGONALFACE((130,131,107));
#711=IFCINDEXEDPOLYGONALFACE((107,110,130));
#712=IFCINDEXEDPOLYGONALFACE((131,130,132));
#713=IFCINDEXEDPOLYGONALFACE((126,132,130));
#714=IFCINDEXEDPOLYGONALFACE((133,131,132));
#715=IFCINDEXEDPOLYGONALFACE((132,134,133));
#716=IFCINDEXEDPOLYGONALFACE((134,132,135));
#717=IFCINDEXEDPOLYGONALFACE((127,132,126));
#718=IFCINDEXEDPOLYGONALFACE((132,127,136));
#719=IFCINDEXEDPOLYGONALFACE((136,135,132));
#720=IFCINDEXEDPOLYGONALFACE((137,136,127));
#721=IFCINDEXEDPOLYGONALFACE((135,136,137));
#722=IFCINDEXEDPOLYGONALFACE((135,137,139));
#723=IFCINDEXEDPOLYGONALFACE((123,138,137));
#724=IFCINDEXEDPOLYGONALFACE((127,123,137));
#725=IFCINDEXEDPOLYGONALFACE((138,139,137));
#726=IFCINDEXEDPOLYGONALFACE((140,135,139));
#727=IFCINDEXEDPOLYGONALFACE((139,141,140));
#728=IFCINDEXEDPOLYGONALFACE((141,142,143));
#729=IFCINDEXEDPOLYGONALFACE((143,140,141));
#730=IFCINDEXEDPOLYGONALFACE((145,144,143));
#731=IFCINDEXEDPOLYGONALFACE((140,143,144));
#732=IFCINDEXEDPOLYGONALFACE((143,146,145));
#733=IFCINDEXEDPOLYGONALFACE((146,143,142));
#734=IFCINDEXEDPOLYGONALFACE((146,148,147));
#735=IFCINDEXEDPOLYGONALFACE((147,145,146));
#736=IFCINDEXEDPOLYGONALFACE((146,150,148));
#737=IFCINDEXEDPOLYGONALFACE((142,149,146));
#738=IFCINDEXEDPOLYGONALFACE((146,149,151));
#739=IFCINDEXEDPOLYGONALFACE((151,150,146));
#740=IFCINDEXEDPOLYGONALFACE((151,153,152));
#741=IFCINDEXEDPOLYGONALFACE((152,150,151));
#742=IFCINDEXEDPOLYGONALFACE((152,153,154));
#743=IFCINDEXEDPOLYGONALFACE((156,154,155));
#744=IFCINDEXEDPOLYGONALFACE((154,156,152));
#745=IFCINDEXEDPOLYGONALFACE((156,157,147));
#746=IFCINDEXEDPOLYGONALFACE((157,156,158));
#747=IFCINDEXEDPOLYGONALFACE((155,158,156));
#748=IFCINDEXEDPOLYGONALFACE((147,152,156));
#749=IFCINDEXEDPOLYGONALFACE((158,155,159));
#750=IFCINDEXEDPOLYGONALFACE((158,160,157));
#751=IFCINDEXEDPOLYGONALFACE((159,161,158));
#752=IFCINDEXEDPOLYGONALFACE((160,158,161));
#753=IFCINDEXEDPOLYGONALFACE((162,161,163));
#754=IFCINDEXEDPOLYGONALFACE((161,162,160));
#755=IFCINDEXEDPOLYGONALFACE((164,163,161));
#756=IFCINDEXEDPOLYGONALFACE((159,164,161));
#757=IFCINDEXEDPOLYGONALFACE((164,166,165));
#758=IFCINDEXEDPOLYGONALFACE((164,165,167));
#759=IFCINDEXEDPOLYGONALFACE((164,159,166));
#760=IFCINDEXEDPOLYGONALFACE((167,163,164));
#761=IFCINDEXEDPOLYGONALFACE((168,167,165));
#762=IFCINDEXEDPOLYGONALFACE((167,168,169));
#763=IFCINDEXEDPOLYGONALFACE((169,162,167));
#764=IFCINDEXEDPOLYGONALFACE((163,167,162));
#765=IFCINDEXEDPOLYGONALFACE((170,162,169));
#766=IFCINDEXEDPOLYGONALFACE((169,168,172));
#767=IFCINDEXEDPOLYGONALFACE((171,170,169));
#768=IFCINDEXEDPOLYGONALFACE((172,171,169));
#769=IFCINDEXEDPOLYGONALFACE((171,172,173));
#770=IFCINDEXEDPOLYGONALFACE((173,176,174));
#771=IFCINDEXEDPOLYGONALFACE((173,174,171));
#772=IFCINDEXEDPOLYGONALFACE((175,173,179));
#773=IFCINDEXEDPOLYGONALFACE((176,173,175));
#774=IFCINDEXEDPOLYGONALFACE((178,173,177));
#775=IFCINDEXEDPOLYGONALFACE((178,179,173));
#776=IFCINDEXEDPOLYGONALFACE((179,180,175));
#777=IFCINDEXEDPOLYGONALFACE((175,180,181));
#778=IFCINDEXEDPOLYGONALFACE((175,181,182));
#779=IFCINDEXEDPOLYGONALFACE((183,176,182));
#780=IFCINDEXEDPOLYGONALFACE((182,184,183));
#781=IFCINDEXEDPOLYGONALFACE((182,176,175));
#782=IFCINDEXEDPOLYGONALFACE((182,185,184));
#783=IFCINDEXEDPOLYGONALFACE((186,184,185));
#784=IFCINDEXEDPOLYGONALFACE((185,188,186));
#785=IFCINDEXEDPOLYGONALFACE((185,187,188));
#786=IFCINDEXEDPOLYGONALFACE((188,190,189));
#787=IFCINDEXEDPOLYGONALFACE((189,186,188));
#788=IFCINDEXEDPOLYGONALFACE((190,188,187));
#789=IFCINDEXEDPOLYGONALFACE((11,189,190));
#790=IFCINDEXEDPOLYGONALFACE((190,191,11));
#791=IFCINDEXEDPOLYGONALFACE((191,190,193));
#792=IFCINDEXEDPOLYGONALFACE((192,193,190));
#793=IFCINDEXEDPOLYGONALFACE((187,192,190));
#794=IFCINDEXEDPOLYGONALFACE((193,194,191));
#795=IFCINDEXEDPOLYGONALFACE((194,195,191));
#796=IFCINDEXEDPOLYGONALFACE((191,195,196));
#797=IFCINDEXEDPOLYGONALFACE((196,197,198));
#798=IFCINDEXEDPOLYGONALFACE((196,198,191));
#799=IFCINDEXEDPOLYGONALFACE((199,198,197));
#800=IFCINDEXEDPOLYGONALFACE((198,199,10));
#801=IFCINDEXEDPOLYGONALFACE((191,198,10));
#802=IFCINDEXEDPOLYGONALFACE((201,10,199));
#803=IFCINDEXEDPOLYGONALFACE((199,202,200));
#804=IFCINDEXEDPOLYGONALFACE((199,200,201));
#805=IFCINDEXEDPOLYGONALFACE((202,203,200));
#806=IFCINDEXEDPOLYGONALFACE((200,203,204));
#807=IFCINDEXEDPOLYGONALFACE((204,205,200));
#808=IFCINDEXEDPOLYGONALFACE((205,204,206));
#809=IFCINDEXEDPOLYGONALFACE((205,206,207));
#810=IFCINDEXEDPOLYGONALFACE((209,207,208));
#811=IFCINDEXEDPOLYGONALFACE((207,209,205));
#812=IFCINDEXEDPOLYGONALFACE((14,205,209));
#813=IFCINDEXEDPOLYGONALFACE((209,15,14));
#814=IFCINDEXEDPOLYGONALFACE((15,209,208));
#815=IFCINDEXEDPOLYGONALFACE((15,208,20));
#816=IFCINDEXEDPOLYGONALFACE((210,20,208));
#817=IFCINDEXEDPOLYGONALFACE((20,210,24));
#818=IFCINDEXEDPOLYGONALFACE((205,14,201));
#819=IFCINDEXEDPOLYGONALFACE((201,200,205));
#820=IFCINDEXEDPOLYGONALFACE((12,201,14));
#821=IFCINDEXEDPOLYGONALFACE((10,201,12));
#822=IFCINDEXEDPOLYGONALFACE((10,11,191));
#823=IFCINDEXEDPOLYGONALFACE((5,211,189));
#824=IFCINDEXEDPOLYGONALFACE((189,211,186));
#825=IFCINDEXEDPOLYGONALFACE((189,11,5));
#826=IFCINDEXEDPOLYGONALFACE((3,211,5));
#827=IFCINDEXEDPOLYGONALFACE((186,211,212));
#828=IFCINDEXEDPOLYGONALFACE((3,212,211));
#829=IFCINDEXEDPOLYGONALFACE((213,214,212));
#830=IFCINDEXEDPOLYGONALFACE((212,3,213));
#831=IFCINDEXEDPOLYGONALFACE((184,212,214));
#832=IFCINDEXEDPOLYGONALFACE((212,184,186));
#833=IFCINDEXEDPOLYGONALFACE((214,183,184));
#834=IFCINDEXEDPOLYGONALFACE((183,214,216));
#835=IFCINDEXEDPOLYGONALFACE((214,213,215));
#836=IFCINDEXEDPOLYGONALFACE((215,217,214));
#837=IFCINDEXEDPOLYGONALFACE((217,216,214));
#838=IFCINDEXEDPOLYGONALFACE((217,218,170));
#839=IFCINDEXEDPOLYGONALFACE((218,217,220));
#840=IFCINDEXEDPOLYGONALFACE((217,219,216));
#841=IFCINDEXEDPOLYGONALFACE((170,219,217));
#842=IFCINDEXEDPOLYGONALFACE((217,215,220));
#843=IFCINDEXEDPOLYGONALFACE((220,223,218));
#844=IFCINDEXEDPOLYGONALFACE((223,220,221));
#845=IFCINDEXEDPOLYGONALFACE((220,222,221));
#846=IFCINDEXEDPOLYGONALFACE((222,220,215));
#847=IFCINDEXEDPOLYGONALFACE((223,157,160));
#848=IFCINDEXEDPOLYGONALFACE((157,223,224));
#849=IFCINDEXEDPOLYGONALFACE((221,224,223));
#850=IFCINDEXEDPOLYGONALFACE((223,160,162));
#851=IFCINDEXEDPOLYGONALFACE((162,218,223));
#852=IFCINDEXEDPOLYGONALFACE((224,147,157));
#853=IFCINDEXEDPOLYGONALFACE((147,224,225));
#854=IFCINDEXEDPOLYGONALFACE((225,224,226));
#855=IFCINDEXEDPOLYGONALFACE((221,226,224));
#856=IFCINDEXEDPOLYGONALFACE((226,229,225));
#857=IFCINDEXEDPOLYGONALFACE((229,226,227));
#858=IFCINDEXEDPOLYGONALFACE((230,227,226));
#859=IFCINDEXEDPOLYGONALFACE((226,228,230));
#860=IFCINDEXEDPOLYGONALFACE((222,228,226));
#861=IFCINDEXEDPOLYGONALFACE((226,221,222));
#862=IFCINDEXEDPOLYGONALFACE((228,231,230));
#863=IFCINDEXEDPOLYGONALFACE((231,233,230));
#864=IFCINDEXEDPOLYGONALFACE((227,230,232));
#865=IFCINDEXEDPOLYGONALFACE((106,232,230));
#866=IFCINDEXEDPOLYGONALFACE((230,233,106));
#867=IFCINDEXEDPOLYGONALFACE((233,235,234));
#868=IFCINDEXEDPOLYGONALFACE((233,234,106));
#869=IFCINDEXEDPOLYGONALFACE((231,235,233));
#870=IFCINDEXEDPOLYGONALFACE((235,237,236));
#871=IFCINDEXEDPOLYGONALFACE((236,238,235));
#872=IFCINDEXEDPOLYGONALFACE((235,231,237));
#873=IFCINDEXEDPOLYGONALFACE((234,235,238));
#874=IFCINDEXEDPOLYGONALFACE((236,240,238));
#875=IFCINDEXEDPOLYGONALFACE((239,234,238));
#876=IFCINDEXEDPOLYGONALFACE((238,65,239));
#877=IFCINDEXEDPOLYGONALFACE((65,238,240));
#878=IFCINDEXEDPOLYGONALFACE((241,242,240));
#879=IFCINDEXEDPOLYGONALFACE((240,236,241));
#880=IFCINDEXEDPOLYGONALFACE((243,65,240));
#881=IFCINDEXEDPOLYGONALFACE((243,240,242));
#882=IFCINDEXEDPOLYGONALFACE((243,244,64));
#883=IFCINDEXEDPOLYGONALFACE((64,65,243));
#884=IFCINDEXEDPOLYGONALFACE((244,243,242));
#885=IFCINDEXEDPOLYGONALFACE((244,245,246));
#886=IFCINDEXEDPOLYGONALFACE((244,247,245));
#887=IFCINDEXEDPOLYGONALFACE((247,244,242));
#888=IFCINDEXEDPOLYGONALFACE((246,64,244));
#889=IFCINDEXEDPOLYGONALFACE((242,250,247));
#890=IFCINDEXEDPOLYGONALFACE((247,248,245));
#891=IFCINDEXEDPOLYGONALFACE((247,249,248));
#892=IFCINDEXEDPOLYGONALFACE((250,249,247));
#893=IFCINDEXEDPOLYGONALFACE((250,242,241));
#894=IFCINDEXEDPOLYGONALFACE((251,250,241));
#895=IFCINDEXEDPOLYGONALFACE((250,251,249));
#896=IFCINDEXEDPOLYGONALFACE((251,252,253));
#897=IFCINDEXEDPOLYGONALFACE((252,251,241));
#898=IFCINDEXEDPOLYGONALFACE((2,249,251));
#899=IFCINDEXEDPOLYGONALFACE((251,253,2));
#900=IFCINDEXEDPOLYGONALFACE((253,215,213));
#901=IFCINDEXEDPOLYGONALFACE((215,253,222));
#902=IFCINDEXEDPOLYGONALFACE((254,222,253));
#903=IFCINDEXEDPOLYGONALFACE((253,252,254));
#904=IFCINDEXEDPOLYGONALFACE((253,213,3));
#905=IFCINDEXEDPOLYGONALFACE((3,2,253));
#906=IFCINDEXEDPOLYGONALFACE((237,228,254));
#907=IFCINDEXEDPOLYGONALFACE((222,254,228));
#908=IFCINDEXEDPOLYGONALFACE((254,252,237));
#909=IFCINDEXEDPOLYGONALFACE((237,252,241));
#910=IFCINDEXEDPOLYGONALFACE((4,249,2));
#911=IFCINDEXEDPOLYGONALFACE((249,4,7));
#912=IFCINDEXEDPOLYGONALFACE((7,248,249));
#913=IFCINDEXEDPOLYGONALFACE((255,245,248));
#914=IFCINDEXEDPOLYGONALFACE((248,7,255));
#915=IFCINDEXEDPOLYGONALFACE((257,255,7));
#916=IFCINDEXEDPOLYGONALFACE((245,255,258));
#917=IFCINDEXEDPOLYGONALFACE((255,257,21));
#918=IFCINDEXEDPOLYGONALFACE((21,256,255));
#919=IFCINDEXEDPOLYGONALFACE((256,258,255));
#920=IFCINDEXEDPOLYGONALFACE((30,33,258));
#921=IFCINDEXEDPOLYGONALFACE((259,258,33));
#922=IFCINDEXEDPOLYGONALFACE((258,259,245));
#923=IFCINDEXEDPOLYGONALFACE((258,256,31));
#924=IFCINDEXEDPOLYGONALFACE((31,30,258));
#925=IFCINDEXEDPOLYGONALFACE((33,38,259));
#926=IFCINDEXEDPOLYGONALFACE((259,246,245));
#927=IFCINDEXEDPOLYGONALFACE((44,59,259));
#928=IFCINDEXEDPOLYGONALFACE((259,40,44));
#929=IFCINDEXEDPOLYGONALFACE((60,259,59));
#930=IFCINDEXEDPOLYGONALFACE((259,38,40));
#931=IFCINDEXEDPOLYGONALFACE((259,60,246));
#932=IFCINDEXEDPOLYGONALFACE((17,257,7));
#933=IFCINDEXEDPOLYGONALFACE((257,17,21));
#934=IFCINDEXEDPOLYGONALFACE((256,21,260));
#935=IFCINDEXEDPOLYGONALFACE((260,31,256));
#936=IFCINDEXEDPOLYGONALFACE((260,19,23));
#937=IFCINDEXEDPOLYGONALFACE((19,260,21));
#938=IFCINDEXEDPOLYGONALFACE((31,260,27));
#939=IFCINDEXEDPOLYGONALFACE((23,27,260));
#940=IFCINDEXEDPOLYGONALFACE((64,246,60));
#941=IFCINDEXEDPOLYGONALFACE((241,236,237));
#942=IFCINDEXEDPOLYGONALFACE((66,261,239));
#943=IFCINDEXEDPOLYGONALFACE((261,104,239));
#944=IFCINDEXEDPOLYGONALFACE((234,239,104));
#945=IFCINDEXEDPOLYGONALFACE((239,65,66));
#946=IFCINDEXEDPOLYGONALFACE((104,261,97));
#947=IFCINDEXEDPOLYGONALFACE((63,261,66));
#948=IFCINDEXEDPOLYGONALFACE((63,97,261));
#949=IFCINDEXEDPOLYGONALFACE((231,228,237));
#950=IFCINDEXEDPOLYGONALFACE((103,106,234));
#951=IFCINDEXEDPOLYGONALFACE((104,103,234));
#952=IFCINDEXEDPOLYGONALFACE((232,106,107));
#953=IFCINDEXEDPOLYGONALFACE((232,107,131));
#954=IFCINDEXEDPOLYGONALFACE((227,232,133));
#955=IFCINDEXEDPOLYGONALFACE((131,133,232));
#956=IFCINDEXEDPOLYGONALFACE((144,145,229));
#957=IFCINDEXEDPOLYGONALFACE((229,133,144));
#958=IFCINDEXEDPOLYGONALFACE((133,229,227));
#959=IFCINDEXEDPOLYGONALFACE((225,229,145));
#960=IFCINDEXEDPOLYGONALFACE((145,147,225));
#961=IFCINDEXEDPOLYGONALFACE((176,216,219));
#962=IFCINDEXEDPOLYGONALFACE((219,174,176));
#963=IFCINDEXEDPOLYGONALFACE((171,174,219));
#964=IFCINDEXEDPOLYGONALFACE((219,170,171));
#965=IFCINDEXEDPOLYGONALFACE((162,170,218));
#966=IFCINDEXEDPOLYGONALFACE((176,183,216));
#967=IFCINDEXEDPOLYGONALFACE((177,262,178));
#968=IFCINDEXEDPOLYGONALFACE((263,262,177));
#969=IFCINDEXEDPOLYGONALFACE((177,264,263));
#970=IFCINDEXEDPOLYGONALFACE((165,263,264));
#971=IFCINDEXEDPOLYGONALFACE((165,264,168));
#972=IFCINDEXEDPOLYGONALFACE((147,148,152));
#973=IFCINDEXEDPOLYGONALFACE((148,150,152));
#974=IFCINDEXEDPOLYGONALFACE((134,144,133));
#975=IFCINDEXEDPOLYGONALFACE((144,134,140));
#976=IFCINDEXEDPOLYGONALFACE((135,140,134));
#977=IFCINDEXEDPOLYGONALFACE((97,98,104));
#978=IFCINDEXEDPOLYGONALFACE((93,94,100));
#979=IFCINDEXEDPOLYGONALFACE((97,63,68));
#980=IFCINDEXEDPOLYGONALFACE((68,95,97));
#981=IFCINDEXEDPOLYGONALFACE((68,83,95));
#982=IFCINDEXEDPOLYGONALFACE((87,95,83));
#983=IFCINDEXEDPOLYGONALFACE((83,84,87));
#984=IFCINDEXEDPOLYGONALFACE((83,68,70));
#985=IFCINDEXEDPOLYGONALFACE((70,72,83));
#986=IFCINDEXEDPOLYGONALFACE((51,75,54));
#987=IFCINDEXEDPOLYGONALFACE((75,51,265));
#988=IFCINDEXEDPOLYGONALFACE((49,265,51));
#989=IFCINDEXEDPOLYGONALFACE((59,44,58));
#990=IFCINDEXEDPOLYGONALFACE((43,58,44));
#991=IFCINDEXEDPOLYGONALFACE((58,43,47));
#992=IFCINDEXEDPOLYGONALFACE((47,52,58));
#993=IFCINDEXEDPOLYGONALFACE((38,33,35));
#994=IFCINDEXEDPOLYGONALFACE((7,8,17));
#995=IFCPOLYGONALFACESET(#547,$,(#548,#549,#550,#551,#552,#553,#554,#555,#556,#557,#558,#559,#560,#561,#562,#563,#564,#565,#566,#567,#568,#569,#570,#571,#572,#573,#574,#575,#576,#577,#578,#579,#580,#581,#582,#583,#584,#585,#586,#587,#588,#589,#590,#591,#592,#593,#594,#595,#596,#597,#598,#599,#600,#601,#602,#603,#604,#605,#606,#607,#608,#609,#610,#611,#612,#613,#614,#615,#616,#617,#618,#619,#620,#621,#622,#623,#624,#625,#626,#627,#628,#629,#630,#631,#632,#633,#634,#635,#636,#637,#638,#639,#640,#641,#642,#643,#644,#645,#646,#647,#648,#649,#650,#651,#652,#653,#654,#655,#656,#657,#658,#659,#660,#661,#662,#663,#664,#665,#666,#667,#668,#669,#670,#671,#672,#673,#674,#675,#676,#677,#678,#679,#680,#681,#682,#683,#684,#685,#686,#687,#688,#689,#690,#691,#692,#693,#694,#695,#696,#697,#698,#699,#700,#701,#702,#703,#704,#705,#706,#707,#708,#709,#710,#711,#712,#713,#714,#715,#716,#717,#718,#719,#720,#721,#722,#723,#724,#725,#726,#727,#728,#729,#730,#731,#732,#733,#734,#735,#736,#737,#738,#739,#740,#741,#742,#743,#744,#745,#746,#747,#748,#749,#750,#751,#752,#753,#754,#755,#756,#757,#758,#759,#760,#761,#762,#763,#764,#765,#766,#767,#768,#769,#770,#771,#772,#773,#774,#775,#776,#777,#778,#779,#780,#781,#782,#783,#784,#785,#786,#787,#788,#789,#790,#791,#792,#793,#794,#795,#796,#797,#798,#799,#800,#801,#802,#803,#804,#805,#806,#807,#808,#809,#810,#811,#812,#813,#814,#815,#816,#817,#818,#819,#820,#821,#822,#823,#824,#825,#826,#827,#828,#829,#830,#831,#832,#833,#834,#835,#836,#837,#838,#839,#840,#841,#842,#843,#844,#845,#846,#847,#848,#849,#850,#851,#852,#853,#854,#855,#856,#857,#858,#859,#860,#861,#862,#863,#864,#865,#866,#867,#868,#869,#870,#871,#872,#873,#874,#875,#876,#877,#878,#879,#880,#881,#882,#883,#884,#885,#886,#887,#888,#889,#890,#891,#892,#893,#894,#895,#896,#897,#898,#899,#900,#901,#902,#903,#904,#905,#906,#907,#908,#909,#910,#911,#912,#913,#914,#915,#916,#917,#918,#919,#920,#921,#922,#923,#924,#925,#926,#927,#928,#929,#930,#931,#932,#933,#934,#935,#936,#937,#938,#939,#940,#941,#942,#943,#944,#945,#946,#947,#948,#949,#950,#951,#952,#953,#954,#955,#956,#957,#958,#959,#960,#961,#962,#963,#964,#965,#966,#967,#968,#969,#970,#971,#972,#973,#974,#975,#976,#977,#978,#979,#980,#981,#982,#983,#984,#985,#986,#987,#988,#989,#990,#991,#992,#993,#994),$);
#996=IFCCARTESIANPOINTLIST3D(((-193.230010986328,-45.6219635009766,386.745971679688),(-192.104995727539,-48.3259658813477,393.989990234375),(-190.830993652344,-12.2599668502808,392.182983398438),(-190.477981567383,5.38803291320801,385.484954833984),(-191.688018798828,-85.5209655761719,393.970977783203),(-192.757019042969,-93.3289642333984,388.848968505859),(-193.579025268555,-101.592956542969,390.794982910156),(-194.761016845703,-100.287963867188,389.225952148438),(-194.389022827148,-101.432960510254,390.564971923828),(-194.896011352539,-105.235954284668,391.187957763672),(-195.234024047852,-103.928955078125,390.934967041016),(-197.256011962891,-106.304962158203,389.855987548828),(-202.380020141602,-110.238952636719,386.487976074219),(-199.989028930664,-108.229957580566,388.046997070312),(-202.981018066406,-109.38395690918,386.224975585938),(-206.866012573242,-110.128952026367,383.830963134766),(-220.120010375977,-112.750946044922,378.835968017578),(-214.639007568359,-110.881950378418,380.569000244141),(-204.792007446289,-114.012954711914,388.398986816406),(-203.845016479492,-114.036956787109,394.427978515625),(-197.498016357422,-110.793952941895,392.665985107422),(-210.560028076172,-115.832954406738,389.0849609375),(-220.909027099609,-115.231948852539,388.588958740234),(-226.236022949219,-114.199951171875,381.290985107422),(-212.094009399414,-111.860954284668,417.344970703125),(-222.15901184082,-112.481948852539,424.243957519531),(-228.895004272461,-112.533950805664,420.320953369141),(-242.054016113281,-108.396949768066,430.340972900391),(-235.490005493164,-112.137954711914,403.063995361328),(-231.322021484375,-107.657943725586,444.976959228516),(-254.817016601562,-66.1549606323242,581.166931152344),(-247.625015258789,-101.304946899414,463.916961669922),(-253.710998535156,-87.7059478759766,512.546997070312),(-227.748016357422,-105.830955505371,450.564971923828),(-240.49201965332,-82.0389556884766,526.),(-247.406005859375,-65.287956237793,579.790954589844),(-230.926025390625,-82.8309631347656,515.622009277344),(-233.518020629883,-69.3579559326172,552.802917480469),(-216.984024047852,-108.396957397461,435.724975585938),(-209.483016967773,-106.168952941895,429.829986572266),(-204.195007324219,-100.754951477051,427.839965820312),(-212.874008178711,-85.2179641723633,478.103973388672),(-202.619018554688,-91.9599609375,434.744995117188),(-206.259002685547,-67.3529663085938,483.379974365234),(-211.454025268555,-70.2869644165039,498.77099609375),(-224.291000366211,-68.5929718017578,536.463928222656),(-217.283004760742,-50.7529678344727,544.802978515625),(-231.662002563477,-64.276969909668,560.818908691406),(-226.876007080078,-43.860969543457,580.826965332031),(-229.977981567383,-10.8889713287354,621.362976074219),(-237.706008911133,-39.7619705200195,609.508972167969),(-239.516998291016,-54.7709617614746,592.380981445312),(-221.727005004883,-24.4849700927734,587.552978515625),(-216.035980224609,54.8600196838379,624.200988769531),(-211.544998168945,16.7460231781006,580.870971679688),(-213.652008056641,-29.7179698944092,553.699951171875),(-204.22998046875,8.95602512359619,544.034973144531),(-204.21501159668,-43.6609649658203,501.),(-195.656997680664,-23.1889705657959,471.528991699219),(-195.479995727539,19.6710243225098,511.5419921875),(-199.31201171875,-76.4039611816406,438.836975097656),(-193.384002685547,-36.1589698791504,441.918975830078),(-194.354019165039,-82.5689697265625,410.0849609375),(-193.404998779297,-64.631965637207,413.013000488281),(-191.777008056641,-41.7579689025879,415.785980224609),(-187.908996582031,4.65102863311768,422.526947021484),(-180.581970214844,51.,421.903961181641),(-185.945983886719,29.1160297393799,391.901977539062),(-187.649978637695,17.9460258483887,451.876983642578),(-186.981979370117,38.2820243835449,480.899963378906),(-176.66796875,71.2720184326172,450.011962890625),(-166.924957275391,102.914016723633,454.),(-163.968948364258,103.165016174316,407.967987060547),(-171.318954467773,99.8600158691406,484.630981445312),(-170.786972045898,86.6560134887695,406.767974853516),(-176.353958129883,70.1020278930664,406.026977539062),(-177.437957763672,70.8420257568359,390.449981689453),(-177.882965087891,73.2560272216797,384.112976074219),(-171.765960693359,90.5740203857422,383.849975585938),(-183.464981079102,50.4760246276855,384.585968017578),(-163.766952514648,105.165016174316,390.613983154297),(-155.881942749023,118.150016784668,392.956970214844),(-154.,123.868019104004,384.433990478516),(-165.087951660156,105.201011657715,383.926971435547),(-137.750946044922,142.,385.150970458984),(-145.39794921875,132.345016479492,393.795959472656),(-158.330947875977,115.012016296387,419.553955078125),(-135.53694152832,142.244995117188,393.52099609375),(-151.784942626953,127.738006591797,448.629974365234),(-155.788955688477,128.089996337891,487.387969970703),(-139.893936157227,141.087005615234,458.630981445312),(-141.606948852539,143.125,492.66796875),(-126.253952026367,152.328994750977,491.763977050781),(-147.463958740234,144.122009277344,525.591979980469),(-132.617935180664,154.851989746094,525.192932128906),(-121.636940002441,151.630981445312,461.826995849609),(-106.9609375,161.265991210938,492.156982421875),(-92.8559417724609,162.082992553711,430.06396484375),(-92.6689453125,162.893981933594,461.9599609375),(-125.094940185547,149.17301940918,435.181976318359),(-133.631958007812,143.882019042969,419.169952392578),(-117.083938598633,153.14599609375,416.034973144531),(-102.508941650391,161.645980834961,393.135955810547),(-125.35994720459,149.457000732422,392.4169921875),(-100.859939575195,163.508987426758,386.358978271484),(-126.433944702148,149.904998779297,385.566986083984),(-86.491943359375,167.476989746094,394.207977294922),(-64.7919387817383,174.137969970703,386.561981201172),(-29.8429412841797,177.883972167969,393.540985107422),(-24.6859397888184,179.761978149414,386.432983398438),(-63.2409324645996,172.950973510742,393.747955322266),(-72.2189407348633,168.538970947266,417.560974121094),(-28.6859397888184,174.547973632812,417.269989013672),(-64.9149475097656,168.735977172852,436.210968017578),(-33.8029441833496,172.103958129883,460.951995849609),(-0.58894294500351,175.031967163086,430.823974609375),(-71.5169448852539,168.029968261719,462.020965576172),(-52.4339408874512,174.053970336914,492.336944580078),(-85.7859420776367,168.541976928711,492.986968994141),(-94.9269332885742,174.873962402344,534.456970214844),(-76.3969345092773,178.064971923828,527.972961425781),(-39.3679389953613,182.370971679688,528.140991210938),(-92.1829376220703,191.476974487305,590.207946777344),(-65.6739349365234,190.039978027344,566.721008300781),(-21.4119338989258,201.613952636719,592.722961425781),(-73.7639236450195,200.36897277832,605.151977539062),(-99.205924987793,205.826965332031,641.578002929688),(-23.4779281616211,217.327941894531,641.5859375),(-74.9169311523438,212.325958251953,642.2939453125),(-75.0799179077148,223.144943237305,670.100952148438),(-101.250923156738,216.405975341797,669.60498046875),(-93.6279144287109,233.766952514648,700.908996582031),(-116.80591583252,225.967971801758,700.263916015625),(-124.768928527832,206.19596862793,668.545959472656),(-121.786918640137,195.819976806641,640.64794921875),(-140.491928100586,213.702987670898,698.02294921875),(-150.848937988281,193.825988769531,674.5849609375),(-141.257934570312,183.887985229492,639.204956054688),(-165.579940795898,176.338989257812,664.339965820312),(-174.665939331055,179.379989624023,683.951904296875),(-173.455932617188,198.030975341797,708.2099609375),(-159.182907104492,209.935974121094,709.585998535156),(-145.976928710938,226.825988769531,720.1279296875),(-177.922912597656,206.431991577148,719.853942871094),(-149.169906616211,234.485977172852,727.411926269531),(-190.616928100586,179.096008300781,705.509948730469),(-204.711929321289,174.927001953125,715.538940429688),(-192.792922973633,199.4580078125,723.288940429688),(-217.132934570312,166.669998168945,719.127990722656),(-213.533920288086,181.93000793457,723.052917480469),(-171.372909545898,226.11198425293,728.727966308594),(-152.903915405273,245.504989624023,731.475952148438),(-131.021926879883,249.092971801758,731.534973144531),(-202.375915527344,204.887008666992,726.403991699219),(-201.329925537109,212.650009155273,726.295959472656),(-245.6689453125,135.935012817383,719.10693359375),(-237.714935302734,160.753021240234,720.482971191406),(-235.793914794922,174.315017700195,719.532958984375),(-259.124938964844,111.342018127441,714.552978515625),(-253.056930541992,140.834030151367,715.471923828125),(-216.269927978516,203.361999511719,722.745971679688),(-196.886917114258,223.966003417969,725.369934082031),(-211.921920776367,209.259002685547,722.56494140625),(-220.98893737793,197.775009155273,721.227966308594),(-231.423934936523,182.285995483398,719.533935546875),(-247.118942260742,153.766021728516,716.307983398438),(-258.654968261719,128.27001953125,712.921936035156),(-262.283966064453,117.810028076172,712.361938476562),(-264.558959960938,111.296020507812,710.719970703125),(-270.144958496094,91.691032409668,708.695983886719),(-270.455932617188,89.4650344848633,709.382995605469),(-275.764953613281,62.3320350646973,704.956970214844),(-275.455963134766,62.6310386657715,705.98291015625),(-277.796997070312,43.4430351257324,701.108947753906),(-278.670989990234,29.5500354766846,697.148010253906),(-278.228973388672,34.9020347595215,699.910949707031),(-270.961975097656,14.7010345458984,695.360961914062),(-279.170959472656,15.8310375213623,691.859985351562),(-270.408966064453,35.767032623291,702.856994628906),(-267.166961669922,62.9740257263184,709.200927734375),(-263.611968994141,46.1220321655273,705.176940917969),(-258.569946289062,46.4090270996094,702.496948242188),(-253.228942871094,99.1320266723633,713.673950195312),(-247.806945800781,103.867027282715,712.658935546875),(-265.174987792969,4.53803443908691,689.390991210938),(-269.753967285156,-11.3459634780884,678.901000976562),(-260.616973876953,3.9270327091217,685.782958984375),(-270.685974121094,1.46303606033325,688.511962890625),(-262.122985839844,-12.6109647750854,675.586975097656),(-260.318969726562,-24.576961517334,662.747924804688),(-253.377990722656,4.20503091812134,677.493957519531),(-251.848983764648,-19.164966583252,657.73095703125),(-268.026977539062,-23.6699600219727,666.294921875),(-265.505981445312,-35.1539611816406,650.695007324219),(-276.125,-22.766960144043,662.142944335938),(-277.847991943359,-10.484959602356,674.702941894531),(-278.839996337891,2.46803879737854,684.547973632812),(-273.601989746094,-34.1759567260742,646.644958496094),(-262.506988525391,-45.6729621887207,632.245971679688),(-270.566986083984,-44.7349548339844,628.219970703125),(-259.373016357422,-54.972957611084,611.43701171875),(-267.286010742188,-54.5169563293457,606.731994628906),(-263.872009277344,-63.1279525756836,584.336975097656),(-261.85400390625,-67.6019515991211,574.309997558594),(-260.630035400391,-71.3029556274414,561.347961425781),(-256.346008300781,-81.9379501342773,529.040954589844),(-251.,-95.0159530639648,485.215972900391),(-245.873016357422,-104.093948364258,448.715972900391),(-239.468002319336,-109.776954650879,416.275970458984),(-234.294006347656,-111.874946594238,398.272979736328),(-229.678024291992,-113.052947998047,386.849975585938),(-225.615005493164,-113.138954162598,380.184997558594),(-223.290008544922,-113.485946655273,378.888977050781),(-222.389007568359,-112.339950561523,378.588989257812),(-252.072998046875,-54.842960357666,608.868957519531),(-255.106018066406,-45.8209609985352,629.135986328125),(-257.919006347656,-35.6879653930664,647.185913085938),(-247.960006713867,-40.6629638671875,627.799926757812),(-239.55598449707,-18.9759674072266,635.02294921875),(-243.068984985352,10.3220281600952,663.799987792969),(-234.428955078125,85.3100128173828,688.128967285156),(-251.633987426758,44.7990264892578,695.242980957031),(-230.559967041016,72.5660171508789,672.839965820312),(-224.285980224609,60.1300201416016,650.748962402344),(-215.465942382812,94.2290115356445,654.890991210938),(-208.187957763672,86.0750198364258,626.893981933594),(-200.125961303711,107.988006591797,629.823974609375),(-194.75895690918,95.5310211181641,592.662963867188),(-202.657974243164,68.3190155029297,589.593994140625),(-191.57795715332,74.166015625,551.02001953125),(-182.021957397461,103.490013122559,555.031982421875),(-181.13996887207,85.0810241699219,516.431945800781),(-174.539962768555,103.661010742188,518.619995117188),(-160.746948242188,128.95100402832,521.682006835938),(-168.239944458008,129.02001953125,558.871948242188),(-160.871948242188,145.581008911133,580.525939941406),(-147.058944702148,153.517990112305,562.04296875),(-160.742935180664,167.512985229492,637.185974121094),(-152.28092956543,161.428985595703,601.470947265625),(-181.524948120117,141.771011352539,634.402954101562),(-179.222946166992,127.458015441895,596.944946289062),(-188.864944458008,147.389007568359,661.203918457031),(-213.560958862305,109.955017089844,666.321960449219),(-220.205947875977,119.088020324707,688.836975097656),(-209.445938110352,139.607009887695,690.374938964844),(-240.492950439453,87.1170196533203,698.651000976562),(-228.227951049805,124.,704.81298828125),(-209.503936767578,157.544998168945,706.844970703125),(-222.444931030273,148.427001953125,713.841918945312),(-244.486953735352,94.7790222167969,706.797973632812),(-196.262939453125,159.747009277344,691.278930664062),(-135.141937255859,168.425994873047,583.852966308594),(-113.301940917969,165.475982666016,526.641967773438),(-117.158935546875,179.916976928711,586.984985351562),(-242.63200378418,-61.7429618835449,583.389953613281),(-240.804946899414,134.175018310547,718.734924316406),(-201.797912597656,220.,723.93994140625),(-190.695907592773,230.058990478516,725.269958496094),(-178.826919555664,239.601989746094,726.592956542969),(-159.140899658203,252.273986816406,728.),(-159.671920776367,251.36198425293,728.786987304688),(-134.854904174805,258.115997314453,731.844970703125),(-129.646911621094,266.193969726562,730.340942382812),(-129.452911376953,266.730987548828,729.536987304688),(-101.174903869629,275.849945068359,731.379943847656),(-72.3889083862305,281.604949951172,731.964965820312),(-100.828903198242,276.343963623047,730.600952148438),(-89.5089111328125,268.574981689453,734.032958984375),(-21.5129070281982,282.095916748047,733.626953125),(0.,278.354919433594,733.966979980469),(-85.6879119873047,262.791931152344,733.086975097656),(-98.5469055175781,254.677963256836,729.877990722656),(-33.6219139099121,265.147979736328,730.422912597656),(-0.0109111769124866,272.593933105469,732.60693359375),(-0.0259134862571955,265.497924804688,728.452941894531),(-29.2939109802246,260.259918212891,725.270935058594),(0.,251.568923950195,712.180908203125),(24.3710765838623,237.34992980957,687.920959472656),(29.2930850982666,260.259918212891,725.270935058594),(31.6180782318115,254.213912963867,717.690979003906),(0.0260865055024624,265.486907958984,728.444946289062),(31.1080780029297,246.322937011719,705.318969726562),(-29.,237.621932983398,689.203918457031),(-53.8849220275879,244.034957885742,705.497924804688),(-31.6179161071777,254.213943481445,717.68994140625),(-84.06591796875,246.437957763672,717.484985351562),(-85.1989135742188,252.26594543457,725.238952636719),(-121.244911193848,239.096969604492,721.975952148438),(-67.1729202270508,233.640960693359,690.260986328125),(-22.346923828125,228.059951782227,668.192932128906),(18.2570686340332,217.579925537109,641.154968261719),(26.1450729370117,228.011917114258,668.7939453125),(75.0800704956055,223.144897460938,670.100952148438),(67.1730651855469,233.640914916992,690.259948730469),(93.6280670166016,233.766906738281,700.908996582031),(67.6510848999023,246.271911621094,713.197937011719),(94.6360778808594,243.819885253906,717.524963378906),(85.1990737915039,252.265884399414,725.238952636719),(121.245063781738,239.096893310547,721.975952148438),(98.5470733642578,254.67790222168,729.877990722656),(33.6220855712891,265.14794921875,730.422912597656),(85.6880798339844,262.791900634766,733.086975097656),(0.011088821105659,272.593933105469,732.60693359375),(30.4800872802734,276.238922119141,734.464965820312),(27.5800914764404,287.177917480469,732.216979980469),(72.3890838623047,281.604888916016,731.964965820312),(-0.0909059122204781,288.756927490234,732.101928710938),(89.1910781860352,272.904876708984,733.333984375),(126.919082641602,257.838897705078,732.914916992188),(129.647079467773,266.193878173828,730.340942382812),(159.673065185547,251.361862182617,728.786987304688),(163.738067626953,238.53288269043,730.56494140625),(131.022079467773,249.092880249023,731.534973144531),(101.175086975098,275.849884033203,731.379943847656),(100.829078674316,276.343902587891,730.600952148438),(129.453079223633,266.730895996094,729.536987304688),(159.141082763672,252.273864746094,728.),(178.827072143555,239.601867675781,726.592956542969),(196.887069702148,223.965866088867,725.369934082031),(201.330062866211,212.649871826172,726.295959472656),(190.696060180664,230.058868408203,725.269958496094),(201.798065185547,220.,723.93994140625),(211.922073364258,209.258865356445,722.56494140625),(216.26904296875,203.361877441406,722.745971679688),(220.989044189453,197.774871826172,721.227966308594),(231.424041748047,182.285842895508,719.533935546875),(247.119018554688,153.765869140625,716.307983398438),(235.794036865234,174.314865112305,719.532958984375),(237.715057373047,160.752853393555,720.482971191406),(253.057052612305,140.833862304688,715.471923828125),(262.284027099609,117.809852600098,712.361938476562),(259.125,111.341850280762,714.552978515625),(258.655029296875,128.26985168457,712.921936035156),(264.559020996094,111.295852661133,710.719970703125),(270.14501953125,91.6908569335938,708.695983886719),(275.765014648438,62.3318557739258,704.956970214844),(270.455993652344,89.4648513793945,709.382995605469),(267.167022705078,62.9738540649414,709.200927734375),(275.456024169922,62.630859375,705.98291015625),(270.408966064453,35.7668571472168,702.856994628906),(278.228973388672,34.9018516540527,699.910949707031),(277.796997070312,43.4428520202637,701.108947753906),(278.670989990234,29.5498542785645,697.148010253906),(279.170959472656,15.8308544158936,691.859985351562),(270.685974121094,1.46285974979401,688.511962890625),(270.961975097656,14.7008590698242,695.360961914062),(278.839996337891,2.46785736083984,684.547973632812),(269.753967285156,-11.3461380004883,678.901000976562),(277.847991943359,-10.4851408004761,674.702941894531),(268.026977539062,-23.6701354980469,666.294921875),(276.125,-22.7671375274658,662.142944335938),(265.505981445312,-35.1541328430176,650.695007324219),(273.601989746094,-34.1761360168457,646.644958496094),(270.566986083984,-44.7351303100586,628.219970703125),(262.506988525391,-45.6731338500977,632.245971679688),(259.372955322266,-54.9731254577637,611.43701171875),(257.919006347656,-35.6881332397461,647.185913085938),(255.10595703125,-45.8211288452148,629.135986328125),(252.072952270508,-54.8431243896484,608.868957519531),(247.959976196289,-40.6631240844727,627.799926757812),(239.55598449707,-18.9761238098145,635.02294921875),(237.705978393555,-39.7621231079102,609.508972167969),(251.848983764648,-19.1651306152344,657.73095703125),(239.516967773438,-54.7711181640625,592.380981445312),(226.8759765625,-43.8611183166504,580.826965332031),(231.661972045898,-64.2771148681641,560.818908691406),(242.631973266602,-61.7431182861328,583.389953613281),(247.405975341797,-65.2881240844727,579.790954589844),(233.517959594727,-69.3581161499023,552.802917480469),(212.873947143555,-85.2180938720703,478.103973388672),(209.482955932617,-106.169097900391,429.829986572266),(224.290969848633,-68.5931091308594,536.464965820312),(230.925964355469,-82.8311080932617,515.622009277344),(227.747955322266,-105.831100463867,450.564971923828),(240.491958618164,-82.0391159057617,526.),(216.983963012695,-108.397094726562,435.724975585938),(212.093948364258,-111.86009979248,417.344970703125),(222.158950805664,-112.482093811035,424.243957519531),(228.894943237305,-112.53409576416,420.320953369141),(231.321960449219,-107.658103942871,444.976959228516),(210.559936523438,-115.83309173584,389.0849609375),(220.11994934082,-112.751091003418,378.835968017578),(220.908935546875,-115.232093811035,388.588958740234),(204.790954589844,-114.013092041016,388.398986816406),(226.235961914062,-114.200103759766,381.290985107422),(203.844955444336,-114.037086486816,394.427978515625),(197.497955322266,-110.794090270996,392.665985107422),(194.895950317383,-105.236083984375,391.187957763672),(194.30696105957,-105.936080932617,393.955993652344),(202.379959106445,-110.23908996582,386.487976074219),(204.194946289062,-100.755088806152,427.839965820312),(202.618957519531,-91.960090637207,434.744995117188),(193.32795715332,-97.2990875244141,398.289978027344),(191.687957763672,-85.5210800170898,393.970977783203),(193.578964233398,-101.593086242676,390.794982910156),(194.353958129883,-82.569091796875,410.085968017578),(199.311965942383,-76.4040908813477,438.836975097656),(193.404968261719,-64.6320877075195,413.013000488281),(193.383987426758,-36.1590957641602,441.918975830078),(191.776977539062,-41.7580909729004,415.785980224609),(192.104965209961,-48.3260917663574,393.989990234375),(190.830993652344,-12.2600917816162,392.182983398438),(193.22998046875,-45.6220893859863,386.745971679688),(190.477981567383,5.38790845870972,385.484954833984),(192.756958007812,-93.3290786743164,388.848968505859),(194.760955810547,-100.2880859375,389.225952148438),(194.388961791992,-101.433082580566,390.564971923828),(195.233963012695,-103.929084777832,390.934967041016),(197.255950927734,-106.30509185791,389.855987548828),(199.988967895508,-108.230094909668,388.046997070312),(202.98095703125,-109.384094238281,386.224975585938),(206.865951538086,-110.129089355469,383.830963134766),(214.638946533203,-110.88208770752,380.569000244141),(222.388961791992,-112.340103149414,378.588989257812),(225.614944458008,-113.139099121094,380.184997558594),(223.289947509766,-113.486099243164,378.888977050781),(229.677963256836,-113.053100585938,386.849975585938),(235.489944458008,-112.13809967041,403.063995361328),(234.293960571289,-111.875091552734,398.272979736328),(239.467956542969,-109.77710723877,416.275970458984),(245.872955322266,-104.094100952148,448.715972900391),(242.053955078125,-108.397102355957,430.340972900391),(247.624954223633,-101.305114746094,463.916961669922),(253.7109375,-87.7061157226562,512.546997070312),(251.,-95.01611328125,485.215972900391),(256.345947265625,-81.938117980957,529.040954589844),(260.629974365234,-71.3031234741211,561.347961425781),(261.853942871094,-67.6021270751953,574.309997558594),(254.816970825195,-66.1551208496094,581.166931152344),(267.285949707031,-54.5171318054199,606.731994628906),(263.871948242188,-63.1281242370605,584.336975097656),(185.945999145508,29.1159076690674,391.901977539062),(183.46501159668,50.4759063720703,384.585968017578),(177.883010864258,73.2559051513672,384.112976074219),(177.438018798828,70.8419036865234,390.449981689453),(163.767013549805,105.164909362793,390.613983154297),(176.354019165039,70.1019058227539,406.025970458984),(180.582000732422,51.,421.903961181641),(170.787033081055,86.6558990478516,406.767974853516),(171.766021728516,90.5739059448242,383.849975585938),(165.088012695312,105.200912475586,383.926971435547),(154.,123.86791229248,384.433990478516),(155.883041381836,118.149917602539,392.956970214844),(137.751037597656,142.,385.150970458984),(145.398040771484,132.344924926758,393.795959472656),(151.785034179688,127.737899780273,448.629974365234),(135.537033081055,142.244918823242,393.52099609375),(158.331039428711,115.011909484863,419.553955078125),(163.969009399414,103.164909362793,407.967987060547),(166.925018310547,102.913902282715,454.),(155.789031982422,128.089889526367,487.387969970703),(171.31901550293,99.8599014282227,484.629943847656),(176.668029785156,71.2719039916992,450.011962890625),(186.982009887695,38.2818984985352,480.899963378906),(187.649978637695,17.9469032287598,451.876983642578),(195.656967163086,-23.1890983581543,471.528991699219),(187.908996582031,4.65090656280518,422.525970458984),(195.479995727539,19.6708965301514,511.5419921875),(204.214981079102,-43.6610984802246,501.),(204.22998046875,8.95589160919189,544.034973144531),(206.258972167969,-67.3531036376953,483.379974365234),(213.651977539062,-29.718111038208,553.699951171875),(217.282974243164,-50.7531089782715,544.802978515625),(211.453964233398,-70.2870941162109,498.77197265625),(221.726974487305,-24.4851150512695,587.552978515625),(216.036010742188,54.8598785400391,624.200988769531),(211.544998168945,16.7458839416504,580.870971679688),(229.977981567383,-10.8891220092773,621.362976074219),(224.286010742188,60.1298751831055,650.748962402344),(243.068984985352,10.3218698501587,663.799987792969),(234.429016113281,85.3098678588867,688.128967285156),(230.560012817383,72.5658721923828,672.839965820312),(251.633987426758,44.7988624572754,695.242980957031),(253.377990722656,4.20486640930176,677.493957519531),(262.122985839844,-12.6111354827881,675.586975097656),(260.616973876953,3.9268627166748,685.782958984375),(265.174987792969,4.53786134719849,689.390991210938),(258.570007324219,46.4088592529297,702.496948242188),(247.807006835938,103.866859436035,712.658935546875),(244.487014770508,94.7788619995117,706.797973632812),(263.612030029297,46.1218605041504,705.176940917969),(253.22900390625,99.1318588256836,713.673950195312),(240.805023193359,134.174865722656,718.734924316406),(245.669036865234,135.934844970703,719.10693359375),(202.376037597656,204.886871337891,726.403991699219),(213.534042358398,181.929870605469,723.052917480469),(171.373062133789,226.111877441406,728.727966308594),(192.793045043945,199.457870483398,723.288940429688),(217.133041381836,166.669860839844,719.127990722656),(204.712051391602,174.926864624023,715.538940429688),(222.445022583008,148.426864624023,713.841918945312),(209.504028320312,157.544876098633,706.844970703125),(228.22802734375,124.,704.81298828125),(220.206039428711,119.087867736816,688.836975097656),(240.493011474609,87.1168594360352,698.651000976562),(209.446029663086,139.606872558594,690.374938964844),(188.865036010742,147.388885498047,661.203918457031),(196.263031005859,159.746871948242,691.278930664062),(190.617050170898,179.09587097168,705.509948730469),(174.666046142578,179.3798828125,683.951904296875),(165.580047607422,176.338882446289,664.339965820312),(141.258056640625,183.887908935547,639.204956054688),(160.743041992188,167.512878417969,637.185974121094),(150.849044799805,193.825881958008,674.5849609375),(124.769058227539,206.195892333984,668.545959472656),(140.492080688477,213.702896118164,698.02294921875),(173.4560546875,198.030883789062,708.2109375),(159.183059692383,209.935882568359,709.5869140625),(121.787055969238,195.819900512695,640.64794921875),(92.1830520629883,191.476913452148,590.207946777344),(99.2060623168945,205.826904296875,641.578002929688),(117.159057617188,179.916885375977,586.984985351562),(113.302047729492,165.47590637207,526.641967773438),(135.142044067383,168.425903320312,583.852966308594),(94.9270553588867,174.873901367188,534.456970214844),(106.961044311523,161.265914916992,492.156982421875),(76.3970565795898,178.064926147461,527.973999023438),(85.7860488891602,168.542922973633,492.986968994141),(57.,173.560943603516,492.828979492188),(71.5170440673828,168.029922485352,462.020965576172),(92.6690521240234,162.893920898438,461.9599609375),(121.637046813965,151.630920410156,461.826995849609),(92.8560409545898,162.082931518555,430.06396484375),(72.1330413818359,167.284927368164,436.52294921875),(28.5950546264648,172.698944091797,436.301971435547),(72.2190475463867,168.538925170898,417.560974121094),(28.686056137085,174.547943115234,417.269989013672),(2.96505856513977,179.98095703125,393.540985107422),(53.4650535583496,174.833938598633,393.785980224609),(86.4920501708984,167.476928710938,394.207977294922),(24.686056137085,179.761962890625,386.432983398438),(64.7920532226562,174.137939453125,386.561981201172),(100.860046386719,163.508926391602,386.358978271484),(125.36003112793,149.456909179688,392.4169921875),(102.509048461914,161.645919799805,393.135955810547),(126.434036254883,149.904907226562,385.566986083984),(117.084037780762,153.145919799805,416.034973144531),(133.632034301758,143.881927490234,419.169952392578),(125.095031738281,149.172927856445,435.181976318359),(139.894027709961,141.0869140625,458.630981445312),(141.607040405273,143.124893188477,492.66796875),(132.618026733398,154.851898193359,525.192016601562),(126.254043579102,152.328918457031,491.763977050781),(147.464050292969,144.12190246582,525.591979980469),(160.872039794922,145.580902099609,580.525939941406),(147.059036254883,153.517913818359,562.04296875),(160.747039794922,128.950897216797,521.682006835938),(168.240036010742,129.019897460938,558.871948242188),(182.022018432617,103.489891052246,555.031982421875),(174.540023803711,103.66089630127,518.619995117188),(181.140029907227,85.0809020996094,516.431945800781),(191.578018188477,74.1658935546875,551.02001953125),(194.759017944336,95.5308837890625,592.662963867188),(202.658004760742,68.3188858032227,589.594970703125),(208.188018798828,86.0748825073242,626.893981933594),(200.126022338867,107.987884521484,629.823974609375),(215.466003417969,94.228874206543,654.890991210938),(205.983032226562,117.638870239258,658.364990234375),(221.780014038086,101.669860839844,676.068969726562),(181.525039672852,141.770889282227,634.402954101562),(179.223037719727,127.457893371582,596.944946289062),(152.281051635742,161.428909301758,601.470947265625),(0.,181.484954833984,386.341979980469),(0.988056600093842,173.968963623047,462.501983642578),(41.7760543823242,171.465942382812,461.630981445312),(2.26705741882324,176.336944580078,492.495971679688),(0.0790603458881378,185.226943969727,532.100952148438),(39.3680572509766,182.370941162109,528.140991210938),(65.6740570068359,190.039932250977,566.721008300781),(27.1250629425049,201.,592.328979492188),(1.09306740760803,206.802932739258,606.52392578125),(73.7640609741211,200.368911743164,605.151977539062),(74.9170684814453,212.325912475586,642.2939453125),(101.25106048584,216.405899047852,669.60498046875),(116.80606842041,225.967895507812,700.263916015625),(145.977066040039,226.825881958008,720.1279296875),(149.170059204102,234.485885620117,727.411926269531),(177.923049926758,206.431869506836,719.853942871094),(260.318969726562,-24.5771312713623,662.747924804688),(72.2030868530273,282.044891357422,731.172912597656),(27.2900905609131,287.653930664062,731.481994628906),(0.,289.02392578125,731.324951171875),(-27.2899055480957,287.653930664062,731.481994628906),(-28.6599044799805,287.089935302734,732.177001953125),(-72.2029113769531,282.044952392578,731.172912597656),(-193.328018188477,-97.2979583740234,398.289978027344),(-194.307022094727,-105.93595123291,393.955993652344)));
#997=IFCINDEXEDPOLYGONALFACE((1,2,5));
#998=IFCINDEXEDPOLYGONALFACE((1,3,2));
#999=IFCINDEXEDPOLYGONALFACE((3,1,4));
#1000=IFCINDEXEDPOLYGONALFACE((5,6,1));
#1001=IFCINDEXEDPOLYGONALFACE((6,5,7));
#1002=IFCINDEXEDPOLYGONALFACE((7,8,6));
#1003=IFCINDEXEDPOLYGONALFACE((7,9,8));
#1004=IFCINDEXEDPOLYGONALFACE((10,11,9));
#1005=IFCINDEXEDPOLYGONALFACE((9,7,10));
#1006=IFCINDEXEDPOLYGONALFACE((10,12,11));
#1007=IFCINDEXEDPOLYGONALFACE((12,10,13));
#1008=IFCINDEXEDPOLYGONALFACE((13,14,12));
#1009=IFCINDEXEDPOLYGONALFACE((15,14,13));
#1010=IFCINDEXEDPOLYGONALFACE((16,15,13));
#1011=IFCINDEXEDPOLYGONALFACE((19,17,16));
#1012=IFCINDEXEDPOLYGONALFACE((18,16,17));
#1013=IFCINDEXEDPOLYGONALFACE((16,13,19));
#1014=IFCINDEXEDPOLYGONALFACE((19,20,22));
#1015=IFCINDEXEDPOLYGONALFACE((20,19,21));
#1016=IFCINDEXEDPOLYGONALFACE((13,21,19));
#1017=IFCINDEXEDPOLYGONALFACE((19,22,17));
#1018=IFCINDEXEDPOLYGONALFACE((23,24,22));
#1019=IFCINDEXEDPOLYGONALFACE((27,23,22));
#1020=IFCINDEXEDPOLYGONALFACE((22,20,25));
#1021=IFCINDEXEDPOLYGONALFACE((17,22,24));
#1022=IFCINDEXEDPOLYGONALFACE((25,26,22));
#1023=IFCINDEXEDPOLYGONALFACE((22,26,27));
#1024=IFCINDEXEDPOLYGONALFACE((27,30,28));
#1025=IFCINDEXEDPOLYGONALFACE((28,29,27));
#1026=IFCINDEXEDPOLYGONALFACE((23,27,29));
#1027=IFCINDEXEDPOLYGONALFACE((30,27,26));
#1028=IFCINDEXEDPOLYGONALFACE((35,31,30));
#1029=IFCINDEXEDPOLYGONALFACE((31,33,30));
#1030=IFCINDEXEDPOLYGONALFACE((33,32,30));
#1031=IFCINDEXEDPOLYGONALFACE((32,28,30));
#1032=IFCINDEXEDPOLYGONALFACE((26,34,30));
#1033=IFCINDEXEDPOLYGONALFACE((30,34,35));
#1034=IFCINDEXEDPOLYGONALFACE((37,36,35));
#1035=IFCINDEXEDPOLYGONALFACE((31,35,36));
#1036=IFCINDEXEDPOLYGONALFACE((37,35,34));
#1037=IFCINDEXEDPOLYGONALFACE((38,36,37));
#1038=IFCINDEXEDPOLYGONALFACE((40,38,37));
#1039=IFCINDEXEDPOLYGONALFACE((34,39,37));
#1040=IFCINDEXEDPOLYGONALFACE((37,39,40));
#1041=IFCINDEXEDPOLYGONALFACE((41,42,40));
#1042=IFCINDEXEDPOLYGONALFACE((41,40,21));
#1043=IFCINDEXEDPOLYGONALFACE((20,21,40));
#1044=IFCINDEXEDPOLYGONALFACE((25,20,40));
#1045=IFCINDEXEDPOLYGONALFACE((39,25,40));
#1046=IFCINDEXEDPOLYGONALFACE((38,40,42));
#1047=IFCINDEXEDPOLYGONALFACE((42,43,44));
#1048=IFCINDEXEDPOLYGONALFACE((42,41,43));
#1049=IFCINDEXEDPOLYGONALFACE((44,45,42));
#1050=IFCINDEXEDPOLYGONALFACE((46,42,45));
#1051=IFCINDEXEDPOLYGONALFACE((38,42,46));
#1052=IFCINDEXEDPOLYGONALFACE((47,49,46));
#1053=IFCINDEXEDPOLYGONALFACE((46,45,47));
#1054=IFCINDEXEDPOLYGONALFACE((38,46,48));
#1055=IFCINDEXEDPOLYGONALFACE((48,46,49));
#1056=IFCINDEXEDPOLYGONALFACE((49,47,53));
#1057=IFCINDEXEDPOLYGONALFACE((51,49,50));
#1058=IFCINDEXEDPOLYGONALFACE((53,50,49));
#1059=IFCINDEXEDPOLYGONALFACE((49,52,48));
#1060=IFCINDEXEDPOLYGONALFACE((49,51,52));
#1061=IFCINDEXEDPOLYGONALFACE((55,54,53));
#1062=IFCINDEXEDPOLYGONALFACE((50,53,54));
#1063=IFCINDEXEDPOLYGONALFACE((53,56,55));
#1064=IFCINDEXEDPOLYGONALFACE((56,53,47));
#1065=IFCINDEXEDPOLYGONALFACE((58,56,47));
#1066=IFCINDEXEDPOLYGONALFACE((56,58,57));
#1067=IFCINDEXEDPOLYGONALFACE((57,55,56));
#1068=IFCINDEXEDPOLYGONALFACE((47,44,58));
#1069=IFCINDEXEDPOLYGONALFACE((59,60,58));
#1070=IFCINDEXEDPOLYGONALFACE((58,61,59));
#1071=IFCINDEXEDPOLYGONALFACE((57,58,60));
#1072=IFCINDEXEDPOLYGONALFACE((61,58,44));
#1073=IFCINDEXEDPOLYGONALFACE((62,59,61));
#1074=IFCINDEXEDPOLYGONALFACE((64,62,61));
#1075=IFCINDEXEDPOLYGONALFACE((63,61,43));
#1076=IFCINDEXEDPOLYGONALFACE((61,44,43));
#1077=IFCINDEXEDPOLYGONALFACE((61,63,64));
#1078=IFCINDEXEDPOLYGONALFACE((62,64,65));
#1079=IFCINDEXEDPOLYGONALFACE((64,5,2));
#1080=IFCINDEXEDPOLYGONALFACE((2,65,64));
#1081=IFCINDEXEDPOLYGONALFACE((5,64,63));
#1082=IFCINDEXEDPOLYGONALFACE((62,65,66));
#1083=IFCINDEXEDPOLYGONALFACE((3,66,65));
#1084=IFCINDEXEDPOLYGONALFACE((65,2,3));
#1085=IFCINDEXEDPOLYGONALFACE((66,69,62));
#1086=IFCINDEXEDPOLYGONALFACE((68,67,66));
#1087=IFCINDEXEDPOLYGONALFACE((69,66,67));
#1088=IFCINDEXEDPOLYGONALFACE((66,3,68));
#1089=IFCINDEXEDPOLYGONALFACE((67,71,69));
#1090=IFCINDEXEDPOLYGONALFACE((70,69,71));
#1091=IFCINDEXEDPOLYGONALFACE((69,70,59));
#1092=IFCINDEXEDPOLYGONALFACE((59,62,69));
#1093=IFCINDEXEDPOLYGONALFACE((76,71,67));
#1094=IFCINDEXEDPOLYGONALFACE((74,70,71));
#1095=IFCINDEXEDPOLYGONALFACE((71,72,74));
#1096=IFCINDEXEDPOLYGONALFACE((71,73,72));
#1097=IFCINDEXEDPOLYGONALFACE((71,75,73));
#1098=IFCINDEXEDPOLYGONALFACE((71,76,75));
#1099=IFCINDEXEDPOLYGONALFACE((77,75,76));
#1100=IFCINDEXEDPOLYGONALFACE((67,77,76));
#1101=IFCINDEXEDPOLYGONALFACE((67,68,77));
#1102=IFCINDEXEDPOLYGONALFACE((77,78,79));
#1103=IFCINDEXEDPOLYGONALFACE((77,80,78));
#1104=IFCINDEXEDPOLYGONALFACE((80,77,68));
#1105=IFCINDEXEDPOLYGONALFACE((79,81,77));
#1106=IFCINDEXEDPOLYGONALFACE((75,77,81));
#1107=IFCINDEXEDPOLYGONALFACE((81,82,73));
#1108=IFCINDEXEDPOLYGONALFACE((83,82,81));
#1109=IFCINDEXEDPOLYGONALFACE((81,84,83));
#1110=IFCINDEXEDPOLYGONALFACE((81,73,75));
#1111=IFCINDEXEDPOLYGONALFACE((81,79,84));
#1112=IFCINDEXEDPOLYGONALFACE((83,86,82));
#1113=IFCINDEXEDPOLYGONALFACE((86,83,85));
#1114=IFCINDEXEDPOLYGONALFACE((87,82,86));
#1115=IFCINDEXEDPOLYGONALFACE((86,89,87));
#1116=IFCINDEXEDPOLYGONALFACE((89,86,88));
#1117=IFCINDEXEDPOLYGONALFACE((85,88,86));
#1118=IFCINDEXEDPOLYGONALFACE((72,89,90));
#1119=IFCINDEXEDPOLYGONALFACE((92,90,89));
#1120=IFCINDEXEDPOLYGONALFACE((89,72,87));
#1121=IFCINDEXEDPOLYGONALFACE((88,91,89));
#1122=IFCINDEXEDPOLYGONALFACE((89,91,92));
#1123=IFCINDEXEDPOLYGONALFACE((95,92,93));
#1124=IFCINDEXEDPOLYGONALFACE((96,93,92));
#1125=IFCINDEXEDPOLYGONALFACE((90,92,94));
#1126=IFCINDEXEDPOLYGONALFACE((92,95,94));
#1127=IFCINDEXEDPOLYGONALFACE((92,91,96));
#1128=IFCINDEXEDPOLYGONALFACE((97,96,99));
#1129=IFCINDEXEDPOLYGONALFACE((96,97,93));
#1130=IFCINDEXEDPOLYGONALFACE((96,100,98));
#1131=IFCINDEXEDPOLYGONALFACE((98,99,96));
#1132=IFCINDEXEDPOLYGONALFACE((100,96,91));
#1133=IFCINDEXEDPOLYGONALFACE((100,102,98));
#1134=IFCINDEXEDPOLYGONALFACE((91,101,100));
#1135=IFCINDEXEDPOLYGONALFACE((100,101,102));
#1136=IFCINDEXEDPOLYGONALFACE((103,98,102));
#1137=IFCINDEXEDPOLYGONALFACE((102,104,103));
#1138=IFCINDEXEDPOLYGONALFACE((104,102,101));
#1139=IFCINDEXEDPOLYGONALFACE((105,103,104));
#1140=IFCINDEXEDPOLYGONALFACE((101,88,104));
#1141=IFCINDEXEDPOLYGONALFACE((106,104,88));
#1142=IFCINDEXEDPOLYGONALFACE((104,106,105));
#1143=IFCINDEXEDPOLYGONALFACE((88,85,106));
#1144=IFCINDEXEDPOLYGONALFACE((105,107,103));
#1145=IFCINDEXEDPOLYGONALFACE((107,105,108));
#1146=IFCINDEXEDPOLYGONALFACE((108,111,107));
#1147=IFCINDEXEDPOLYGONALFACE((108,109,111));
#1148=IFCINDEXEDPOLYGONALFACE((109,108,110));
#1149=IFCINDEXEDPOLYGONALFACE((112,107,111));
#1150=IFCINDEXEDPOLYGONALFACE((112,111,109));
#1151=IFCINDEXEDPOLYGONALFACE((107,112,98));
#1152=IFCINDEXEDPOLYGONALFACE((114,112,113));
#1153=IFCINDEXEDPOLYGONALFACE((109,113,112));
#1154=IFCINDEXEDPOLYGONALFACE((112,114,98));
#1155=IFCINDEXEDPOLYGONALFACE((114,115,117));
#1156=IFCINDEXEDPOLYGONALFACE((115,114,116));
#1157=IFCINDEXEDPOLYGONALFACE((113,116,114));
#1158=IFCINDEXEDPOLYGONALFACE((99,98,114));
#1159=IFCINDEXEDPOLYGONALFACE((114,117,99));
#1160=IFCINDEXEDPOLYGONALFACE((118,117,115));
#1161=IFCINDEXEDPOLYGONALFACE((117,118,119));
#1162=IFCINDEXEDPOLYGONALFACE((119,99,117));
#1163=IFCINDEXEDPOLYGONALFACE((121,119,118));
#1164=IFCINDEXEDPOLYGONALFACE((120,97,119));
#1165=IFCINDEXEDPOLYGONALFACE((119,121,120));
#1166=IFCINDEXEDPOLYGONALFACE((99,119,97));
#1167=IFCINDEXEDPOLYGONALFACE((118,122,121));
#1168=IFCINDEXEDPOLYGONALFACE((124,121,122));
#1169=IFCINDEXEDPOLYGONALFACE((123,120,121));
#1170=IFCINDEXEDPOLYGONALFACE((121,124,123));
#1171=IFCINDEXEDPOLYGONALFACE((122,125,124));
#1172=IFCINDEXEDPOLYGONALFACE((126,124,125));
#1173=IFCINDEXEDPOLYGONALFACE((126,123,124));
#1174=IFCINDEXEDPOLYGONALFACE((127,123,126));
#1175=IFCINDEXEDPOLYGONALFACE((126,129,127));
#1176=IFCINDEXEDPOLYGONALFACE((128,126,125));
#1177=IFCINDEXEDPOLYGONALFACE((126,128,129));
#1178=IFCINDEXEDPOLYGONALFACE((131,127,129));
#1179=IFCINDEXEDPOLYGONALFACE((129,130,131));
#1180=IFCINDEXEDPOLYGONALFACE((130,129,128));
#1181=IFCINDEXEDPOLYGONALFACE((127,131,134));
#1182=IFCINDEXEDPOLYGONALFACE((132,131,130));
#1183=IFCINDEXEDPOLYGONALFACE((131,132,133));
#1184=IFCINDEXEDPOLYGONALFACE((133,134,131));
#1185=IFCINDEXEDPOLYGONALFACE((134,135,127));
#1186=IFCINDEXEDPOLYGONALFACE((134,133,136));
#1187=IFCINDEXEDPOLYGONALFACE((135,134,137));
#1188=IFCINDEXEDPOLYGONALFACE((136,137,134));
#1189=IFCINDEXEDPOLYGONALFACE((138,137,139));
#1190=IFCINDEXEDPOLYGONALFACE((137,138,135));
#1191=IFCINDEXEDPOLYGONALFACE((142,137,136));
#1192=IFCINDEXEDPOLYGONALFACE((139,137,140));
#1193=IFCINDEXEDPOLYGONALFACE((141,140,137));
#1194=IFCINDEXEDPOLYGONALFACE((137,142,141));
#1195=IFCINDEXEDPOLYGONALFACE((144,142,143));
#1196=IFCINDEXEDPOLYGONALFACE((136,143,142));
#1197=IFCINDEXEDPOLYGONALFACE((144,141,142));
#1198=IFCINDEXEDPOLYGONALFACE((144,145,148));
#1199=IFCINDEXEDPOLYGONALFACE((145,144,143));
#1200=IFCINDEXEDPOLYGONALFACE((144,146,141));
#1201=IFCINDEXEDPOLYGONALFACE((146,144,147));
#1202=IFCINDEXEDPOLYGONALFACE((148,147,144));
#1203=IFCINDEXEDPOLYGONALFACE((150,149,148));
#1204=IFCINDEXEDPOLYGONALFACE((147,148,149));
#1205=IFCINDEXEDPOLYGONALFACE((148,151,150));
#1206=IFCINDEXEDPOLYGONALFACE((151,148,145));
#1207=IFCINDEXEDPOLYGONALFACE((145,153,151));
#1208=IFCINDEXEDPOLYGONALFACE((151,152,154));
#1209=IFCINDEXEDPOLYGONALFACE((152,151,153));
#1210=IFCINDEXEDPOLYGONALFACE((154,150,151));
#1211=IFCINDEXEDPOLYGONALFACE((152,155,154));
#1212=IFCINDEXEDPOLYGONALFACE((155,157,154));
#1213=IFCINDEXEDPOLYGONALFACE((150,154,156));
#1214=IFCINDEXEDPOLYGONALFACE((156,154,157));
#1215=IFCINDEXEDPOLYGONALFACE((157,155,161));
#1216=IFCINDEXEDPOLYGONALFACE((157,159,156));
#1217=IFCINDEXEDPOLYGONALFACE((158,160,157));
#1218=IFCINDEXEDPOLYGONALFACE((161,158,157));
#1219=IFCINDEXEDPOLYGONALFACE((159,157,160));
#1220=IFCINDEXEDPOLYGONALFACE((163,161,162));
#1221=IFCINDEXEDPOLYGONALFACE((162,161,155));
#1222=IFCINDEXEDPOLYGONALFACE((165,158,161));
#1223=IFCINDEXEDPOLYGONALFACE((161,163,164));
#1224=IFCINDEXEDPOLYGONALFACE((161,164,165));
#1225=IFCINDEXEDPOLYGONALFACE((158,165,166));
#1226=IFCINDEXEDPOLYGONALFACE((160,166,167));
#1227=IFCINDEXEDPOLYGONALFACE((166,160,158));
#1228=IFCINDEXEDPOLYGONALFACE((168,167,169));
#1229=IFCINDEXEDPOLYGONALFACE((167,168,160));
#1230=IFCINDEXEDPOLYGONALFACE((168,169,170));
#1231=IFCINDEXEDPOLYGONALFACE((170,171,168));
#1232=IFCINDEXEDPOLYGONALFACE((171,170,172));
#1233=IFCINDEXEDPOLYGONALFACE((173,172,174));
#1234=IFCINDEXEDPOLYGONALFACE((172,173,171));
#1235=IFCINDEXEDPOLYGONALFACE((176,174,175));
#1236=IFCINDEXEDPOLYGONALFACE((174,176,173));
#1237=IFCINDEXEDPOLYGONALFACE((176,178,177));
#1238=IFCINDEXEDPOLYGONALFACE((177,179,176));
#1239=IFCINDEXEDPOLYGONALFACE((176,175,178));
#1240=IFCINDEXEDPOLYGONALFACE((173,176,179));
#1241=IFCINDEXEDPOLYGONALFACE((181,179,177));
#1242=IFCINDEXEDPOLYGONALFACE((179,180,173));
#1243=IFCINDEXEDPOLYGONALFACE((181,180,179));
#1244=IFCINDEXEDPOLYGONALFACE((182,181,185));
#1245=IFCINDEXEDPOLYGONALFACE((181,182,184));
#1246=IFCINDEXEDPOLYGONALFACE((180,181,183));
#1247=IFCINDEXEDPOLYGONALFACE((184,183,181));
#1248=IFCINDEXEDPOLYGONALFACE((177,185,181));
#1249=IFCINDEXEDPOLYGONALFACE((185,188,186));
#1250=IFCINDEXEDPOLYGONALFACE((186,189,185));
#1251=IFCINDEXEDPOLYGONALFACE((187,185,189));
#1252=IFCINDEXEDPOLYGONALFACE((185,187,182));
#1253=IFCINDEXEDPOLYGONALFACE((185,177,188));
#1254=IFCINDEXEDPOLYGONALFACE((193,190,189));
#1255=IFCINDEXEDPOLYGONALFACE((192,189,190));
#1256=IFCINDEXEDPOLYGONALFACE((191,187,189));
#1257=IFCINDEXEDPOLYGONALFACE((189,192,191));
#1258=IFCINDEXEDPOLYGONALFACE((189,186,193));
#1259=IFCINDEXEDPOLYGONALFACE((190,193,194));
#1260=IFCINDEXEDPOLYGONALFACE((194,193,195));
#1261=IFCINDEXEDPOLYGONALFACE((196,195,193));
#1262=IFCINDEXEDPOLYGONALFACE((193,186,196));
#1263=IFCINDEXEDPOLYGONALFACE((197,196,186));
#1264=IFCINDEXEDPOLYGONALFACE((186,188,197));
#1265=IFCINDEXEDPOLYGONALFACE((178,197,188));
#1266=IFCINDEXEDPOLYGONALFACE((195,198,194));
#1267=IFCINDEXEDPOLYGONALFACE((198,200,199));
#1268=IFCINDEXEDPOLYGONALFACE((199,194,198));
#1269=IFCINDEXEDPOLYGONALFACE((201,199,200));
#1270=IFCINDEXEDPOLYGONALFACE((200,202,201));
#1271=IFCINDEXEDPOLYGONALFACE((31,201,202));
#1272=IFCINDEXEDPOLYGONALFACE((203,204,202));
#1273=IFCINDEXEDPOLYGONALFACE((202,204,31));
#1274=IFCINDEXEDPOLYGONALFACE((204,33,31));
#1275=IFCINDEXEDPOLYGONALFACE((206,33,204));
#1276=IFCINDEXEDPOLYGONALFACE((204,205,206));
#1277=IFCINDEXEDPOLYGONALFACE((204,203,205));
#1278=IFCINDEXEDPOLYGONALFACE((33,206,207));
#1279=IFCINDEXEDPOLYGONALFACE((32,207,208));
#1280=IFCINDEXEDPOLYGONALFACE((207,32,33));
#1281=IFCINDEXEDPOLYGONALFACE((28,208,209));
#1282=IFCINDEXEDPOLYGONALFACE((208,28,32));
#1283=IFCINDEXEDPOLYGONALFACE((29,209,210));
#1284=IFCINDEXEDPOLYGONALFACE((209,29,28));
#1285=IFCINDEXEDPOLYGONALFACE((29,210,211));
#1286=IFCINDEXEDPOLYGONALFACE((211,24,29));
#1287=IFCINDEXEDPOLYGONALFACE((24,211,212));
#1288=IFCINDEXEDPOLYGONALFACE((212,214,213));
#1289=IFCINDEXEDPOLYGONALFACE((212,213,24));
#1290=IFCINDEXEDPOLYGONALFACE((17,213,214));
#1291=IFCINDEXEDPOLYGONALFACE((17,214,18));
#1292=IFCINDEXEDPOLYGONALFACE((24,213,17));
#1293=IFCINDEXEDPOLYGONALFACE((216,199,201));
#1294=IFCINDEXEDPOLYGONALFACE((215,201,31));
#1295=IFCINDEXEDPOLYGONALFACE((201,215,216));
#1296=IFCINDEXEDPOLYGONALFACE((199,216,217));
#1297=IFCINDEXEDPOLYGONALFACE((218,216,215));
#1298=IFCINDEXEDPOLYGONALFACE((218,217,216));
#1299=IFCINDEXEDPOLYGONALFACE((215,52,218));
#1300=IFCINDEXEDPOLYGONALFACE((51,218,52));
#1301=IFCINDEXEDPOLYGONALFACE((218,51,219));
#1302=IFCINDEXEDPOLYGONALFACE((217,218,192));
#1303=IFCINDEXEDPOLYGONALFACE((219,192,218));
#1304=IFCINDEXEDPOLYGONALFACE((50,219,51));
#1305=IFCINDEXEDPOLYGONALFACE((50,220,219));
#1306=IFCINDEXEDPOLYGONALFACE((192,219,220));
#1307=IFCINDEXEDPOLYGONALFACE((220,50,224));
#1308=IFCINDEXEDPOLYGONALFACE((223,221,220));
#1309=IFCINDEXEDPOLYGONALFACE((222,220,221));
#1310=IFCINDEXEDPOLYGONALFACE((220,222,191));
#1311=IFCINDEXEDPOLYGONALFACE((220,191,192));
#1312=IFCINDEXEDPOLYGONALFACE((224,223,220));
#1313=IFCINDEXEDPOLYGONALFACE((226,225,224));
#1314=IFCINDEXEDPOLYGONALFACE((223,224,225));
#1315=IFCINDEXEDPOLYGONALFACE((224,54,226));
#1316=IFCINDEXEDPOLYGONALFACE((54,224,50));
#1317=IFCINDEXEDPOLYGONALFACE((225,226,227));
#1318=IFCINDEXEDPOLYGONALFACE((228,227,226));
#1319=IFCINDEXEDPOLYGONALFACE((226,229,228));
#1320=IFCINDEXEDPOLYGONALFACE((229,226,54));
#1321=IFCINDEXEDPOLYGONALFACE((230,229,55));
#1322=IFCINDEXEDPOLYGONALFACE((230,228,229));
#1323=IFCINDEXEDPOLYGONALFACE((54,55,229));
#1324=IFCINDEXEDPOLYGONALFACE((228,230,231));
#1325=IFCINDEXEDPOLYGONALFACE((231,230,232));
#1326=IFCINDEXEDPOLYGONALFACE((60,232,230));
#1327=IFCINDEXEDPOLYGONALFACE((60,230,57));
#1328=IFCINDEXEDPOLYGONALFACE((55,57,230));
#1329=IFCINDEXEDPOLYGONALFACE((233,232,74));
#1330=IFCINDEXEDPOLYGONALFACE((232,233,231));
#1331=IFCINDEXEDPOLYGONALFACE((70,74,232));
#1332=IFCINDEXEDPOLYGONALFACE((232,60,70));
#1333=IFCINDEXEDPOLYGONALFACE((234,233,74));
#1334=IFCINDEXEDPOLYGONALFACE((233,234,231));
#1335=IFCINDEXEDPOLYGONALFACE((235,231,234));
#1336=IFCINDEXEDPOLYGONALFACE((236,235,234));
#1337=IFCINDEXEDPOLYGONALFACE((74,90,234));
#1338=IFCINDEXEDPOLYGONALFACE((94,234,90));
#1339=IFCINDEXEDPOLYGONALFACE((234,94,236));
#1340=IFCINDEXEDPOLYGONALFACE((237,239,236));
#1341=IFCINDEXEDPOLYGONALFACE((94,237,236));
#1342=IFCINDEXEDPOLYGONALFACE((241,235,236));
#1343=IFCINDEXEDPOLYGONALFACE((236,238,240));
#1344=IFCINDEXEDPOLYGONALFACE((238,236,239));
#1345=IFCINDEXEDPOLYGONALFACE((240,241,236));
#1346=IFCINDEXEDPOLYGONALFACE((241,231,235));
#1347=IFCINDEXEDPOLYGONALFACE((241,240,227));
#1348=IFCINDEXEDPOLYGONALFACE((231,241,228));
#1349=IFCINDEXEDPOLYGONALFACE((227,228,241));
#1350=IFCINDEXEDPOLYGONALFACE((242,240,238));
#1351=IFCINDEXEDPOLYGONALFACE((240,242,243));
#1352=IFCINDEXEDPOLYGONALFACE((243,227,240));
#1353=IFCINDEXEDPOLYGONALFACE((227,243,225));
#1354=IFCINDEXEDPOLYGONALFACE((243,244,221));
#1355=IFCINDEXEDPOLYGONALFACE((244,243,242));
#1356=IFCINDEXEDPOLYGONALFACE((225,243,223));
#1357=IFCINDEXEDPOLYGONALFACE((221,223,243));
#1358=IFCINDEXEDPOLYGONALFACE((247,244,245));
#1359=IFCINDEXEDPOLYGONALFACE((242,245,244));
#1360=IFCINDEXEDPOLYGONALFACE((246,221,244));
#1361=IFCINDEXEDPOLYGONALFACE((244,247,246));
#1362=IFCINDEXEDPOLYGONALFACE((245,248,247));
#1363=IFCINDEXEDPOLYGONALFACE((249,247,248));
#1364=IFCINDEXEDPOLYGONALFACE((250,246,247));
#1365=IFCINDEXEDPOLYGONALFACE((247,249,250));
#1366=IFCINDEXEDPOLYGONALFACE((246,250,222));
#1367=IFCINDEXEDPOLYGONALFACE((182,222,250));
#1368=IFCINDEXEDPOLYGONALFACE((250,184,182));
#1369=IFCINDEXEDPOLYGONALFACE((184,250,249));
#1370=IFCINDEXEDPOLYGONALFACE((149,249,147));
#1371=IFCINDEXEDPOLYGONALFACE((248,147,249));
#1372=IFCINDEXEDPOLYGONALFACE((249,149,184));
#1373=IFCINDEXEDPOLYGONALFACE((248,251,146));
#1374=IFCINDEXEDPOLYGONALFACE((248,245,251));
#1375=IFCINDEXEDPOLYGONALFACE((147,248,146));
#1376=IFCINDEXEDPOLYGONALFACE((242,251,245));
#1377=IFCINDEXEDPOLYGONALFACE((139,140,251));
#1378=IFCINDEXEDPOLYGONALFACE((251,242,139));
#1379=IFCINDEXEDPOLYGONALFACE((146,251,140));
#1380=IFCINDEXEDPOLYGONALFACE((221,246,222));
#1381=IFCINDEXEDPOLYGONALFACE((238,139,242));
#1382=IFCINDEXEDPOLYGONALFACE((239,237,252));
#1383=IFCINDEXEDPOLYGONALFACE((238,239,252));
#1384=IFCINDEXEDPOLYGONALFACE((252,95,253));
#1385=IFCINDEXEDPOLYGONALFACE((253,254,252));
#1386=IFCINDEXEDPOLYGONALFACE((95,252,237));
#1387=IFCINDEXEDPOLYGONALFACE((252,138,238));
#1388=IFCINDEXEDPOLYGONALFACE((138,252,254));
#1389=IFCINDEXEDPOLYGONALFACE((254,253,120));
#1390=IFCINDEXEDPOLYGONALFACE((254,135,138));
#1391=IFCINDEXEDPOLYGONALFACE((120,123,254));
#1392=IFCINDEXEDPOLYGONALFACE((135,254,123));
#1393=IFCINDEXEDPOLYGONALFACE((97,253,95));
#1394=IFCINDEXEDPOLYGONALFACE((97,120,253));
#1395=IFCINDEXEDPOLYGONALFACE((139,238,138));
#1396=IFCINDEXEDPOLYGONALFACE((237,94,95));
#1397=IFCINDEXEDPOLYGONALFACE((187,191,222));
#1398=IFCINDEXEDPOLYGONALFACE((222,182,187));
#1399=IFCINDEXEDPOLYGONALFACE((217,194,199));
#1400=IFCINDEXEDPOLYGONALFACE((192,190,217));
#1401=IFCINDEXEDPOLYGONALFACE((194,217,190));
#1402=IFCINDEXEDPOLYGONALFACE((36,255,215));
#1403=IFCINDEXEDPOLYGONALFACE((31,36,215));
#1404=IFCINDEXEDPOLYGONALFACE((52,215,255));
#1405=IFCINDEXEDPOLYGONALFACE((36,38,255));
#1406=IFCINDEXEDPOLYGONALFACE((255,48,52));
#1407=IFCINDEXEDPOLYGONALFACE((48,255,38));
#1408=IFCINDEXEDPOLYGONALFACE((188,177,178));
#1409=IFCINDEXEDPOLYGONALFACE((184,256,183));
#1410=IFCINDEXEDPOLYGONALFACE((256,184,149));
#1411=IFCINDEXEDPOLYGONALFACE((149,150,256));
#1412=IFCINDEXEDPOLYGONALFACE((156,256,150));
#1413=IFCINDEXEDPOLYGONALFACE((156,183,256));
#1414=IFCINDEXEDPOLYGONALFACE((183,156,180));
#1415=IFCINDEXEDPOLYGONALFACE((171,173,180));
#1416=IFCINDEXEDPOLYGONALFACE((180,159,171));
#1417=IFCINDEXEDPOLYGONALFACE((180,156,159));
#1418=IFCINDEXEDPOLYGONALFACE((168,171,159));
#1419=IFCINDEXEDPOLYGONALFACE((160,168,159));
#1420=IFCINDEXEDPOLYGONALFACE((162,257,163));
#1421=IFCINDEXEDPOLYGONALFACE((162,258,257));
#1422=IFCINDEXEDPOLYGONALFACE((258,162,259));
#1423=IFCINDEXEDPOLYGONALFACE((259,162,155));
#1424=IFCINDEXEDPOLYGONALFACE((155,152,259));
#1425=IFCINDEXEDPOLYGONALFACE((261,260,259));
#1426=IFCINDEXEDPOLYGONALFACE((261,259,152));
#1427=IFCINDEXEDPOLYGONALFACE((152,262,261));
#1428=IFCINDEXEDPOLYGONALFACE((263,261,262));
#1429=IFCINDEXEDPOLYGONALFACE((260,261,263));
#1430=IFCINDEXEDPOLYGONALFACE((263,264,260));
#1431=IFCINDEXEDPOLYGONALFACE((264,263,265));
#1432=IFCINDEXEDPOLYGONALFACE((265,263,262));
#1433=IFCINDEXEDPOLYGONALFACE((262,268,265));
#1434=IFCINDEXEDPOLYGONALFACE((267,265,266));
#1435=IFCINDEXEDPOLYGONALFACE((266,265,268));
#1436=IFCINDEXEDPOLYGONALFACE((265,267,264));
#1437=IFCINDEXEDPOLYGONALFACE((268,269,266));
#1438=IFCINDEXEDPOLYGONALFACE((268,270,269));
#1439=IFCINDEXEDPOLYGONALFACE((271,270,268));
#1440=IFCINDEXEDPOLYGONALFACE((271,268,152));
#1441=IFCINDEXEDPOLYGONALFACE((268,262,152));
#1442=IFCINDEXEDPOLYGONALFACE((270,271,274));
#1443=IFCINDEXEDPOLYGONALFACE((272,271,153));
#1444=IFCINDEXEDPOLYGONALFACE((271,272,273));
#1445=IFCINDEXEDPOLYGONALFACE((152,153,271));
#1446=IFCINDEXEDPOLYGONALFACE((273,274,271));
#1447=IFCINDEXEDPOLYGONALFACE((274,273,275));
#1448=IFCINDEXEDPOLYGONALFACE((276,275,273));
#1449=IFCINDEXEDPOLYGONALFACE((277,275,276));
#1450=IFCINDEXEDPOLYGONALFACE((276,285,277));
#1451=IFCINDEXEDPOLYGONALFACE((282,277,278));
#1452=IFCINDEXEDPOLYGONALFACE((278,277,283));
#1453=IFCINDEXEDPOLYGONALFACE((279,281,277));
#1454=IFCINDEXEDPOLYGONALFACE((277,280,279));
#1455=IFCINDEXEDPOLYGONALFACE((282,280,277));
#1456=IFCINDEXEDPOLYGONALFACE((283,277,284));
#1457=IFCINDEXEDPOLYGONALFACE((285,284,277));
#1458=IFCINDEXEDPOLYGONALFACE((285,276,287));
#1459=IFCINDEXEDPOLYGONALFACE((284,285,286));
#1460=IFCINDEXEDPOLYGONALFACE((287,286,285));
#1461=IFCINDEXEDPOLYGONALFACE((286,287,288));
#1462=IFCINDEXEDPOLYGONALFACE((272,288,287));
#1463=IFCINDEXEDPOLYGONALFACE((287,273,272));
#1464=IFCINDEXEDPOLYGONALFACE((273,287,276));
#1465=IFCINDEXEDPOLYGONALFACE((145,143,288));
#1466=IFCINDEXEDPOLYGONALFACE((288,272,145));
#1467=IFCINDEXEDPOLYGONALFACE((132,286,288));
#1468=IFCINDEXEDPOLYGONALFACE((288,133,132));
#1469=IFCINDEXEDPOLYGONALFACE((133,288,143));
#1470=IFCINDEXEDPOLYGONALFACE((286,132,284));
#1471=IFCINDEXEDPOLYGONALFACE((284,289,283));
#1472=IFCINDEXEDPOLYGONALFACE((289,284,132));
#1473=IFCINDEXEDPOLYGONALFACE((130,289,132));
#1474=IFCINDEXEDPOLYGONALFACE((289,130,290));
#1475=IFCINDEXEDPOLYGONALFACE((290,283,289));
#1476=IFCINDEXEDPOLYGONALFACE((290,278,283));
#1477=IFCINDEXEDPOLYGONALFACE((128,290,130));
#1478=IFCINDEXEDPOLYGONALFACE((292,290,291));
#1479=IFCINDEXEDPOLYGONALFACE((291,290,128));
#1480=IFCINDEXEDPOLYGONALFACE((292,278,290));
#1481=IFCINDEXEDPOLYGONALFACE((293,292,291));
#1482=IFCINDEXEDPOLYGONALFACE((294,278,292));
#1483=IFCINDEXEDPOLYGONALFACE((292,293,294));
#1484=IFCINDEXEDPOLYGONALFACE((295,294,293));
#1485=IFCINDEXEDPOLYGONALFACE((295,296,294));
#1486=IFCINDEXEDPOLYGONALFACE((278,294,296));
#1487=IFCINDEXEDPOLYGONALFACE((280,296,298));
#1488=IFCINDEXEDPOLYGONALFACE((296,280,282));
#1489=IFCINDEXEDPOLYGONALFACE((296,295,297));
#1490=IFCINDEXEDPOLYGONALFACE((296,282,278));
#1491=IFCINDEXEDPOLYGONALFACE((296,297,298));
#1492=IFCINDEXEDPOLYGONALFACE((298,279,280));
#1493=IFCINDEXEDPOLYGONALFACE((298,299,300));
#1494=IFCINDEXEDPOLYGONALFACE((299,298,297));
#1495=IFCINDEXEDPOLYGONALFACE((300,301,298));
#1496=IFCINDEXEDPOLYGONALFACE((279,298,301));
#1497=IFCINDEXEDPOLYGONALFACE((301,300,302));
#1498=IFCINDEXEDPOLYGONALFACE((302,303,301));
#1499=IFCINDEXEDPOLYGONALFACE((281,301,303));
#1500=IFCINDEXEDPOLYGONALFACE((301,281,279));
#1501=IFCINDEXEDPOLYGONALFACE((304,270,303));
#1502=IFCINDEXEDPOLYGONALFACE((303,302,304));
#1503=IFCINDEXEDPOLYGONALFACE((270,304,269));
#1504=IFCINDEXEDPOLYGONALFACE((304,305,307));
#1505=IFCINDEXEDPOLYGONALFACE((304,306,305));
#1506=IFCINDEXEDPOLYGONALFACE((306,304,308));
#1507=IFCINDEXEDPOLYGONALFACE((307,269,304));
#1508=IFCINDEXEDPOLYGONALFACE((308,304,309));
#1509=IFCINDEXEDPOLYGONALFACE((309,304,302));
#1510=IFCINDEXEDPOLYGONALFACE((309,310,314));
#1511=IFCINDEXEDPOLYGONALFACE((309,311,310));
#1512=IFCINDEXEDPOLYGONALFACE((311,309,312));
#1513=IFCINDEXEDPOLYGONALFACE((312,309,313));
#1514=IFCINDEXEDPOLYGONALFACE((302,313,309));
#1515=IFCINDEXEDPOLYGONALFACE((314,308,309));
#1516=IFCINDEXEDPOLYGONALFACE((308,314,306));
#1517=IFCINDEXEDPOLYGONALFACE((306,314,315));
#1518=IFCINDEXEDPOLYGONALFACE((314,310,316));
#1519=IFCINDEXEDPOLYGONALFACE((316,315,314));
#1520=IFCINDEXEDPOLYGONALFACE((317,316,310));
#1521=IFCINDEXEDPOLYGONALFACE((318,317,311));
#1522=IFCINDEXEDPOLYGONALFACE((310,311,317));
#1523=IFCINDEXEDPOLYGONALFACE((312,318,311));
#1524=IFCINDEXEDPOLYGONALFACE((318,319,321));
#1525=IFCINDEXEDPOLYGONALFACE((320,319,318));
#1526=IFCINDEXEDPOLYGONALFACE((318,312,320));
#1527=IFCINDEXEDPOLYGONALFACE((322,321,319));
#1528=IFCINDEXEDPOLYGONALFACE((323,322,319));
#1529=IFCINDEXEDPOLYGONALFACE((325,323,324));
#1530=IFCINDEXEDPOLYGONALFACE((319,324,323));
#1531=IFCINDEXEDPOLYGONALFACE((326,325,324));
#1532=IFCINDEXEDPOLYGONALFACE((324,328,326));
#1533=IFCINDEXEDPOLYGONALFACE((327,326,328));
#1534=IFCINDEXEDPOLYGONALFACE((329,328,324));
#1535=IFCINDEXEDPOLYGONALFACE((329,330,328));
#1536=IFCINDEXEDPOLYGONALFACE((328,330,327));
#1537=IFCINDEXEDPOLYGONALFACE((330,331,333));
#1538=IFCINDEXEDPOLYGONALFACE((332,331,330));
#1539=IFCINDEXEDPOLYGONALFACE((330,329,332));
#1540=IFCINDEXEDPOLYGONALFACE((333,327,330));
#1541=IFCINDEXEDPOLYGONALFACE((334,333,331));
#1542=IFCINDEXEDPOLYGONALFACE((335,334,331));
#1543=IFCINDEXEDPOLYGONALFACE((336,335,337));
#1544=IFCINDEXEDPOLYGONALFACE((331,337,335));
#1545=IFCINDEXEDPOLYGONALFACE((337,339,336));
#1546=IFCINDEXEDPOLYGONALFACE((332,337,331));
#1547=IFCINDEXEDPOLYGONALFACE((338,339,337));
#1548=IFCINDEXEDPOLYGONALFACE((337,332,338));
#1549=IFCINDEXEDPOLYGONALFACE((339,338,340));
#1550=IFCINDEXEDPOLYGONALFACE((340,341,339));
#1551=IFCINDEXEDPOLYGONALFACE((339,341,342));
#1552=IFCINDEXEDPOLYGONALFACE((342,336,339));
#1553=IFCINDEXEDPOLYGONALFACE((343,342,341));
#1554=IFCINDEXEDPOLYGONALFACE((344,343,341));
#1555=IFCINDEXEDPOLYGONALFACE((345,347,344));
#1556=IFCINDEXEDPOLYGONALFACE((344,346,345));
#1557=IFCINDEXEDPOLYGONALFACE((346,344,341));
#1558=IFCINDEXEDPOLYGONALFACE((347,345,348));
#1559=IFCINDEXEDPOLYGONALFACE((348,349,347));
#1560=IFCINDEXEDPOLYGONALFACE((350,351,349));
#1561=IFCINDEXEDPOLYGONALFACE((349,348,350));
#1562=IFCINDEXEDPOLYGONALFACE((352,353,351));
#1563=IFCINDEXEDPOLYGONALFACE((351,350,352));
#1564=IFCINDEXEDPOLYGONALFACE((353,352,355));
#1565=IFCINDEXEDPOLYGONALFACE((355,354,353));
#1566=IFCINDEXEDPOLYGONALFACE((355,352,357));
#1567=IFCINDEXEDPOLYGONALFACE((354,355,356));
#1568=IFCINDEXEDPOLYGONALFACE((356,355,358));
#1569=IFCINDEXEDPOLYGONALFACE((357,358,355));
#1570=IFCINDEXEDPOLYGONALFACE((358,359,356));
#1571=IFCINDEXEDPOLYGONALFACE((358,357,360));
#1572=IFCINDEXEDPOLYGONALFACE((359,358,360));
#1573=IFCINDEXEDPOLYGONALFACE((360,363,361));
#1574=IFCINDEXEDPOLYGONALFACE((361,362,360));
#1575=IFCINDEXEDPOLYGONALFACE((364,360,362));
#1576=IFCINDEXEDPOLYGONALFACE((360,364,359));
#1577=IFCINDEXEDPOLYGONALFACE((363,360,357));
#1578=IFCINDEXEDPOLYGONALFACE((364,362,365));
#1579=IFCINDEXEDPOLYGONALFACE((366,364,365));
#1580=IFCINDEXEDPOLYGONALFACE((364,366,367));
#1581=IFCINDEXEDPOLYGONALFACE((367,359,364));
#1582=IFCINDEXEDPOLYGONALFACE((359,367,368));
#1583=IFCINDEXEDPOLYGONALFACE((369,367,366));
#1584=IFCINDEXEDPOLYGONALFACE((367,369,368));
#1585=IFCINDEXEDPOLYGONALFACE((370,371,369));
#1586=IFCINDEXEDPOLYGONALFACE((372,370,369));
#1587=IFCINDEXEDPOLYGONALFACE((373,369,371));
#1588=IFCINDEXEDPOLYGONALFACE((366,372,369));
#1589=IFCINDEXEDPOLYGONALFACE((373,368,369));
#1590=IFCINDEXEDPOLYGONALFACE((374,375,373));
#1591=IFCINDEXEDPOLYGONALFACE((373,376,374));
#1592=IFCINDEXEDPOLYGONALFACE((375,368,373));
#1593=IFCINDEXEDPOLYGONALFACE((371,376,373));
#1594=IFCINDEXEDPOLYGONALFACE((376,377,378));
#1595=IFCINDEXEDPOLYGONALFACE((371,377,376));
#1596=IFCINDEXEDPOLYGONALFACE((378,374,376));
#1597=IFCINDEXEDPOLYGONALFACE((379,378,381));
#1598=IFCINDEXEDPOLYGONALFACE((378,379,380));
#1599=IFCINDEXEDPOLYGONALFACE((380,374,378));
#1600=IFCINDEXEDPOLYGONALFACE((381,378,377));
#1601=IFCINDEXEDPOLYGONALFACE((381,383,379));
#1602=IFCINDEXEDPOLYGONALFACE((382,381,384));
#1603=IFCINDEXEDPOLYGONALFACE((385,381,382));
#1604=IFCINDEXEDPOLYGONALFACE((381,385,383));
#1605=IFCINDEXEDPOLYGONALFACE((381,386,384));
#1606=IFCINDEXEDPOLYGONALFACE((377,386,381));
#1607=IFCINDEXEDPOLYGONALFACE((387,384,386));
#1608=IFCINDEXEDPOLYGONALFACE((371,387,386));
#1609=IFCINDEXEDPOLYGONALFACE((371,386,377));
#1610=IFCINDEXEDPOLYGONALFACE((384,387,390));
#1611=IFCINDEXEDPOLYGONALFACE((388,390,387));
#1612=IFCINDEXEDPOLYGONALFACE((389,388,387));
#1613=IFCINDEXEDPOLYGONALFACE((391,389,387));
#1614=IFCINDEXEDPOLYGONALFACE((387,371,391));
#1615=IFCINDEXEDPOLYGONALFACE((371,370,391));
#1616=IFCINDEXEDPOLYGONALFACE((392,391,370));
#1617=IFCINDEXEDPOLYGONALFACE((391,392,393));
#1618=IFCINDEXEDPOLYGONALFACE((393,389,391));
#1619=IFCINDEXEDPOLYGONALFACE((389,393,395));
#1620=IFCINDEXEDPOLYGONALFACE((394,395,393));
#1621=IFCINDEXEDPOLYGONALFACE((393,396,394));
#1622=IFCINDEXEDPOLYGONALFACE((396,393,392));
#1623=IFCINDEXEDPOLYGONALFACE((392,397,396));
#1624=IFCINDEXEDPOLYGONALFACE((398,396,397));
#1625=IFCINDEXEDPOLYGONALFACE((396,398,394));
#1626=IFCINDEXEDPOLYGONALFACE((397,399,398));
#1627=IFCINDEXEDPOLYGONALFACE((400,398,399));
#1628=IFCINDEXEDPOLYGONALFACE((398,400,401));
#1629=IFCINDEXEDPOLYGONALFACE((401,394,398));
#1630=IFCINDEXEDPOLYGONALFACE((402,401,400));
#1631=IFCINDEXEDPOLYGONALFACE((401,402,403));
#1632=IFCINDEXEDPOLYGONALFACE((394,401,403));
#1633=IFCINDEXEDPOLYGONALFACE((404,403,402));
#1634=IFCINDEXEDPOLYGONALFACE((403,405,394));
#1635=IFCINDEXEDPOLYGONALFACE((405,406,395));
#1636=IFCINDEXEDPOLYGONALFACE((395,394,405));
#1637=IFCINDEXEDPOLYGONALFACE((406,407,395));
#1638=IFCINDEXEDPOLYGONALFACE((407,408,388));
#1639=IFCINDEXEDPOLYGONALFACE((388,395,407));
#1640=IFCINDEXEDPOLYGONALFACE((408,409,388));
#1641=IFCINDEXEDPOLYGONALFACE((409,410,390));
#1642=IFCINDEXEDPOLYGONALFACE((390,388,409));
#1643=IFCINDEXEDPOLYGONALFACE((390,410,411));
#1644=IFCINDEXEDPOLYGONALFACE((390,411,412));
#1645=IFCINDEXEDPOLYGONALFACE((412,382,384));
#1646=IFCINDEXEDPOLYGONALFACE((382,412,413));
#1647=IFCINDEXEDPOLYGONALFACE((384,390,412));
#1648=IFCINDEXEDPOLYGONALFACE((413,414,382));
#1649=IFCINDEXEDPOLYGONALFACE((414,416,382));
#1650=IFCINDEXEDPOLYGONALFACE((416,414,415));
#1651=IFCINDEXEDPOLYGONALFACE((382,416,385));
#1652=IFCINDEXEDPOLYGONALFACE((385,416,415));
#1653=IFCINDEXEDPOLYGONALFACE((415,417,385));
#1654=IFCINDEXEDPOLYGONALFACE((417,419,418));
#1655=IFCINDEXEDPOLYGONALFACE((418,385,417));
#1656=IFCINDEXEDPOLYGONALFACE((419,420,418));
#1657=IFCINDEXEDPOLYGONALFACE((422,418,420));
#1658=IFCINDEXEDPOLYGONALFACE((420,421,422));
#1659=IFCINDEXEDPOLYGONALFACE((422,380,379));
#1660=IFCINDEXEDPOLYGONALFACE((379,418,422));
#1661=IFCINDEXEDPOLYGONALFACE((380,422,423));
#1662=IFCINDEXEDPOLYGONALFACE((423,422,421));
#1663=IFCINDEXEDPOLYGONALFACE((380,423,424));
#1664=IFCINDEXEDPOLYGONALFACE((424,423,425));
#1665=IFCINDEXEDPOLYGONALFACE((421,425,423));
#1666=IFCINDEXEDPOLYGONALFACE((425,426,424));
#1667=IFCINDEXEDPOLYGONALFACE((426,427,428));
#1668=IFCINDEXEDPOLYGONALFACE((428,424,426));
#1669=IFCINDEXEDPOLYGONALFACE((429,428,430));
#1670=IFCINDEXEDPOLYGONALFACE((429,424,428));
#1671=IFCINDEXEDPOLYGONALFACE((430,428,431));
#1672=IFCINDEXEDPOLYGONALFACE((427,431,428));
#1673=IFCINDEXEDPOLYGONALFACE((430,356,429));
#1674=IFCINDEXEDPOLYGONALFACE((356,430,354));
#1675=IFCINDEXEDPOLYGONALFACE((380,429,375));
#1676=IFCINDEXEDPOLYGONALFACE((380,424,429));
#1677=IFCINDEXEDPOLYGONALFACE((429,356,359));
#1678=IFCINDEXEDPOLYGONALFACE((359,368,429));
#1679=IFCINDEXEDPOLYGONALFACE((368,375,429));
#1680=IFCINDEXEDPOLYGONALFACE((418,379,383));
#1681=IFCINDEXEDPOLYGONALFACE((383,385,418));
#1682=IFCINDEXEDPOLYGONALFACE((402,432,404));
#1683=IFCINDEXEDPOLYGONALFACE((433,404,432));
#1684=IFCINDEXEDPOLYGONALFACE((434,433,435));
#1685=IFCINDEXEDPOLYGONALFACE((432,435,433));
#1686=IFCINDEXEDPOLYGONALFACE((436,435,439));
#1687=IFCINDEXEDPOLYGONALFACE((435,436,440));
#1688=IFCINDEXEDPOLYGONALFACE((437,439,435));
#1689=IFCINDEXEDPOLYGONALFACE((437,435,438));
#1690=IFCINDEXEDPOLYGONALFACE((435,432,438));
#1691=IFCINDEXEDPOLYGONALFACE((440,434,435));
#1692=IFCINDEXEDPOLYGONALFACE((441,440,436));
#1693=IFCINDEXEDPOLYGONALFACE((442,441,436));
#1694=IFCINDEXEDPOLYGONALFACE((436,443,442));
#1695=IFCINDEXEDPOLYGONALFACE((443,445,442));
#1696=IFCINDEXEDPOLYGONALFACE((444,442,445));
#1697=IFCINDEXEDPOLYGONALFACE((447,445,446));
#1698=IFCINDEXEDPOLYGONALFACE((448,446,445));
#1699=IFCINDEXEDPOLYGONALFACE((445,447,444));
#1700=IFCINDEXEDPOLYGONALFACE((445,443,448));
#1701=IFCINDEXEDPOLYGONALFACE((449,448,443));
#1702=IFCINDEXEDPOLYGONALFACE((450,448,449));
#1703=IFCINDEXEDPOLYGONALFACE((448,450,446));
#1704=IFCINDEXEDPOLYGONALFACE((450,452,451));
#1705=IFCINDEXEDPOLYGONALFACE((451,446,450));
#1706=IFCINDEXEDPOLYGONALFACE((452,450,453));
#1707=IFCINDEXEDPOLYGONALFACE((450,449,453));
#1708=IFCINDEXEDPOLYGONALFACE((453,455,454));
#1709=IFCINDEXEDPOLYGONALFACE((453,454,452));
#1710=IFCINDEXEDPOLYGONALFACE((449,439,453));
#1711=IFCINDEXEDPOLYGONALFACE((455,453,438));
#1712=IFCINDEXEDPOLYGONALFACE((438,453,437));
#1713=IFCINDEXEDPOLYGONALFACE((439,437,453));
#1714=IFCINDEXEDPOLYGONALFACE((456,454,455));
#1715=IFCINDEXEDPOLYGONALFACE((455,399,456));
#1716=IFCINDEXEDPOLYGONALFACE((438,457,455));
#1717=IFCINDEXEDPOLYGONALFACE((399,455,457));
#1718=IFCINDEXEDPOLYGONALFACE((457,438,432));
#1719=IFCINDEXEDPOLYGONALFACE((457,400,399));
#1720=IFCINDEXEDPOLYGONALFACE((400,457,402));
#1721=IFCINDEXEDPOLYGONALFACE((432,402,457));
#1722=IFCINDEXEDPOLYGONALFACE((454,456,458));
#1723=IFCINDEXEDPOLYGONALFACE((459,458,456));
#1724=IFCINDEXEDPOLYGONALFACE((456,397,459));
#1725=IFCINDEXEDPOLYGONALFACE((397,456,399));
#1726=IFCINDEXEDPOLYGONALFACE((458,459,460));
#1727=IFCINDEXEDPOLYGONALFACE((461,459,397));
#1728=IFCINDEXEDPOLYGONALFACE((460,459,462));
#1729=IFCINDEXEDPOLYGONALFACE((459,461,463));
#1730=IFCINDEXEDPOLYGONALFACE((463,462,459));
#1731=IFCINDEXEDPOLYGONALFACE((464,463,461));
#1732=IFCINDEXEDPOLYGONALFACE((372,365,463));
#1733=IFCINDEXEDPOLYGONALFACE((465,463,365));
#1734=IFCINDEXEDPOLYGONALFACE((463,465,462));
#1735=IFCINDEXEDPOLYGONALFACE((463,464,372));
#1736=IFCINDEXEDPOLYGONALFACE((465,466,467));
#1737=IFCINDEXEDPOLYGONALFACE((466,465,468));
#1738=IFCINDEXEDPOLYGONALFACE((467,462,465));
#1739=IFCINDEXEDPOLYGONALFACE((365,468,465));
#1740=IFCINDEXEDPOLYGONALFACE((468,469,466));
#1741=IFCINDEXEDPOLYGONALFACE((469,468,470));
#1742=IFCINDEXEDPOLYGONALFACE((361,470,468));
#1743=IFCINDEXEDPOLYGONALFACE((362,361,468));
#1744=IFCINDEXEDPOLYGONALFACE((468,365,362));
#1745=IFCINDEXEDPOLYGONALFACE((470,361,363));
#1746=IFCINDEXEDPOLYGONALFACE((470,472,469));
#1747=IFCINDEXEDPOLYGONALFACE((470,471,472));
#1748=IFCINDEXEDPOLYGONALFACE((471,470,473));
#1749=IFCINDEXEDPOLYGONALFACE((474,473,470));
#1750=IFCINDEXEDPOLYGONALFACE((363,474,470));
#1751=IFCINDEXEDPOLYGONALFACE((473,474,476));
#1752=IFCINDEXEDPOLYGONALFACE((474,363,475));
#1753=IFCINDEXEDPOLYGONALFACE((475,476,474));
#1754=IFCINDEXEDPOLYGONALFACE((475,477,476));
#1755=IFCINDEXEDPOLYGONALFACE((478,476,477));
#1756=IFCINDEXEDPOLYGONALFACE((476,478,473));
#1757=IFCINDEXEDPOLYGONALFACE((478,479,480));
#1758=IFCINDEXEDPOLYGONALFACE((479,478,481));
#1759=IFCINDEXEDPOLYGONALFACE((480,473,478));
#1760=IFCINDEXEDPOLYGONALFACE((477,481,478));
#1761=IFCINDEXEDPOLYGONALFACE((481,482,479));
#1762=IFCINDEXEDPOLYGONALFACE((346,340,481));
#1763=IFCINDEXEDPOLYGONALFACE((481,477,346));
#1764=IFCINDEXEDPOLYGONALFACE((340,338,481));
#1765=IFCINDEXEDPOLYGONALFACE((482,481,338));
#1766=IFCINDEXEDPOLYGONALFACE((482,483,479));
#1767=IFCINDEXEDPOLYGONALFACE((483,482,484));
#1768=IFCINDEXEDPOLYGONALFACE((338,484,482));
#1769=IFCINDEXEDPOLYGONALFACE((484,485,486));
#1770=IFCINDEXEDPOLYGONALFACE((329,485,484));
#1771=IFCINDEXEDPOLYGONALFACE((484,332,329));
#1772=IFCINDEXEDPOLYGONALFACE((332,484,338));
#1773=IFCINDEXEDPOLYGONALFACE((486,483,484));
#1774=IFCINDEXEDPOLYGONALFACE((486,487,488));
#1775=IFCINDEXEDPOLYGONALFACE((487,486,485));
#1776=IFCINDEXEDPOLYGONALFACE((488,489,486));
#1777=IFCINDEXEDPOLYGONALFACE((483,486,489));
#1778=IFCINDEXEDPOLYGONALFACE((489,488,490));
#1779=IFCINDEXEDPOLYGONALFACE((489,479,483));
#1780=IFCINDEXEDPOLYGONALFACE((490,491,489));
#1781=IFCINDEXEDPOLYGONALFACE((479,489,491));
#1782=IFCINDEXEDPOLYGONALFACE((491,490,492));
#1783=IFCINDEXEDPOLYGONALFACE((492,493,491));
#1784=IFCINDEXEDPOLYGONALFACE((480,491,493));
#1785=IFCINDEXEDPOLYGONALFACE((491,480,479));
#1786=IFCINDEXEDPOLYGONALFACE((493,492,496));
#1787=IFCINDEXEDPOLYGONALFACE((496,494,493));
#1788=IFCINDEXEDPOLYGONALFACE((495,493,494));
#1789=IFCINDEXEDPOLYGONALFACE((493,495,480));
#1790=IFCINDEXEDPOLYGONALFACE((498,496,492));
#1791=IFCINDEXEDPOLYGONALFACE((494,496,497));
#1792=IFCINDEXEDPOLYGONALFACE((496,498,497));
#1793=IFCINDEXEDPOLYGONALFACE((499,498,492));
#1794=IFCINDEXEDPOLYGONALFACE((501,497,498));
#1795=IFCINDEXEDPOLYGONALFACE((500,498,499));
#1796=IFCINDEXEDPOLYGONALFACE((498,500,501));
#1797=IFCINDEXEDPOLYGONALFACE((502,503,501));
#1798=IFCINDEXEDPOLYGONALFACE((501,504,502));
#1799=IFCINDEXEDPOLYGONALFACE((497,501,503));
#1800=IFCINDEXEDPOLYGONALFACE((500,504,501));
#1801=IFCINDEXEDPOLYGONALFACE((504,505,509));
#1802=IFCINDEXEDPOLYGONALFACE((505,504,506));
#1803=IFCINDEXEDPOLYGONALFACE((509,502,504));
#1804=IFCINDEXEDPOLYGONALFACE((506,504,508));
#1805=IFCINDEXEDPOLYGONALFACE((504,500,507));
#1806=IFCINDEXEDPOLYGONALFACE((507,508,504));
#1807=IFCINDEXEDPOLYGONALFACE((510,512,509));
#1808=IFCINDEXEDPOLYGONALFACE((509,511,510));
#1809=IFCINDEXEDPOLYGONALFACE((511,509,505));
#1810=IFCINDEXEDPOLYGONALFACE((502,509,512));
#1811=IFCINDEXEDPOLYGONALFACE((515,513,512));
#1812=IFCINDEXEDPOLYGONALFACE((514,512,513));
#1813=IFCINDEXEDPOLYGONALFACE((512,514,502));
#1814=IFCINDEXEDPOLYGONALFACE((512,510,515));
#1815=IFCINDEXEDPOLYGONALFACE((513,515,516));
#1816=IFCINDEXEDPOLYGONALFACE((518,516,515));
#1817=IFCINDEXEDPOLYGONALFACE((515,517,518));
#1818=IFCINDEXEDPOLYGONALFACE((517,515,510));
#1819=IFCINDEXEDPOLYGONALFACE((519,518,517));
#1820=IFCINDEXEDPOLYGONALFACE((518,519,520));
#1821=IFCINDEXEDPOLYGONALFACE((520,521,518));
#1822=IFCINDEXEDPOLYGONALFACE((516,518,521));
#1823=IFCINDEXEDPOLYGONALFACE((521,522,516));
#1824=IFCINDEXEDPOLYGONALFACE((522,521,523));
#1825=IFCINDEXEDPOLYGONALFACE((524,523,521));
#1826=IFCINDEXEDPOLYGONALFACE((521,520,524));
#1827=IFCINDEXEDPOLYGONALFACE((524,525,527));
#1828=IFCINDEXEDPOLYGONALFACE((525,524,520));
#1829=IFCINDEXEDPOLYGONALFACE((523,524,526));
#1830=IFCINDEXEDPOLYGONALFACE((527,526,524));
#1831=IFCINDEXEDPOLYGONALFACE((527,525,116));
#1832=IFCINDEXEDPOLYGONALFACE((528,527,116));
#1833=IFCINDEXEDPOLYGONALFACE((528,529,527));
#1834=IFCINDEXEDPOLYGONALFACE((526,527,529));
#1835=IFCINDEXEDPOLYGONALFACE((530,529,532));
#1836=IFCINDEXEDPOLYGONALFACE((529,530,526));
#1837=IFCINDEXEDPOLYGONALFACE((529,528,531));
#1838=IFCINDEXEDPOLYGONALFACE((531,532,529));
#1839=IFCINDEXEDPOLYGONALFACE((532,533,530));
#1840=IFCINDEXEDPOLYGONALFACE((535,530,533));
#1841=IFCINDEXEDPOLYGONALFACE((533,536,534));
#1842=IFCINDEXEDPOLYGONALFACE((534,535,533));
#1843=IFCINDEXEDPOLYGONALFACE((447,534,536));
#1844=IFCINDEXEDPOLYGONALFACE((536,444,447));
#1845=IFCINDEXEDPOLYGONALFACE((530,535,523));
#1846=IFCINDEXEDPOLYGONALFACE((535,534,537));
#1847=IFCINDEXEDPOLYGONALFACE((537,523,535));
#1848=IFCINDEXEDPOLYGONALFACE((523,537,539));
#1849=IFCINDEXEDPOLYGONALFACE((538,537,534));
#1850=IFCINDEXEDPOLYGONALFACE((537,538,539));
#1851=IFCINDEXEDPOLYGONALFACE((540,522,539));
#1852=IFCINDEXEDPOLYGONALFACE((523,539,522));
#1853=IFCINDEXEDPOLYGONALFACE((539,538,540));
#1854=IFCINDEXEDPOLYGONALFACE((541,540,446));
#1855=IFCINDEXEDPOLYGONALFACE((522,540,541));
#1856=IFCINDEXEDPOLYGONALFACE((538,447,540));
#1857=IFCINDEXEDPOLYGONALFACE((446,540,447));
#1858=IFCINDEXEDPOLYGONALFACE((543,541,542));
#1859=IFCINDEXEDPOLYGONALFACE((544,542,541));
#1860=IFCINDEXEDPOLYGONALFACE((541,543,522));
#1861=IFCINDEXEDPOLYGONALFACE((446,451,541));
#1862=IFCINDEXEDPOLYGONALFACE((544,541,451));
#1863=IFCINDEXEDPOLYGONALFACE((545,544,547));
#1864=IFCINDEXEDPOLYGONALFACE((545,546,544));
#1865=IFCINDEXEDPOLYGONALFACE((542,544,546));
#1866=IFCINDEXEDPOLYGONALFACE((451,547,544));
#1867=IFCINDEXEDPOLYGONALFACE((547,548,545));
#1868=IFCINDEXEDPOLYGONALFACE((547,549,548));
#1869=IFCINDEXEDPOLYGONALFACE((547,451,452));
#1870=IFCINDEXEDPOLYGONALFACE((549,547,550));
#1871=IFCINDEXEDPOLYGONALFACE((452,550,547));
#1872=IFCINDEXEDPOLYGONALFACE((549,550,551));
#1873=IFCINDEXEDPOLYGONALFACE((452,551,550));
#1874=IFCINDEXEDPOLYGONALFACE((551,452,454));
#1875=IFCINDEXEDPOLYGONALFACE((551,552,549));
#1876=IFCINDEXEDPOLYGONALFACE((552,551,458));
#1877=IFCINDEXEDPOLYGONALFACE((454,458,551));
#1878=IFCINDEXEDPOLYGONALFACE((460,552,458));
#1879=IFCINDEXEDPOLYGONALFACE((552,460,467));
#1880=IFCINDEXEDPOLYGONALFACE((554,553,552));
#1881=IFCINDEXEDPOLYGONALFACE((549,552,553));
#1882=IFCINDEXEDPOLYGONALFACE((467,554,552));
#1883=IFCINDEXEDPOLYGONALFACE((466,555,554));
#1884=IFCINDEXEDPOLYGONALFACE((553,554,555));
#1885=IFCINDEXEDPOLYGONALFACE((554,467,466));
#1886=IFCINDEXEDPOLYGONALFACE((555,466,469));
#1887=IFCINDEXEDPOLYGONALFACE((469,557,555));
#1888=IFCINDEXEDPOLYGONALFACE((555,556,553));
#1889=IFCINDEXEDPOLYGONALFACE((556,555,557));
#1890=IFCINDEXEDPOLYGONALFACE((557,558,556));
#1891=IFCINDEXEDPOLYGONALFACE((558,557,559));
#1892=IFCINDEXEDPOLYGONALFACE((472,559,557));
#1893=IFCINDEXEDPOLYGONALFACE((557,469,472));
#1894=IFCINDEXEDPOLYGONALFACE((559,494,558));
#1895=IFCINDEXEDPOLYGONALFACE((471,494,559));
#1896=IFCINDEXEDPOLYGONALFACE((559,472,471));
#1897=IFCINDEXEDPOLYGONALFACE((558,497,560));
#1898=IFCINDEXEDPOLYGONALFACE((560,556,558));
#1899=IFCINDEXEDPOLYGONALFACE((497,558,494));
#1900=IFCINDEXEDPOLYGONALFACE((556,560,561));
#1901=IFCINDEXEDPOLYGONALFACE((545,561,560));
#1902=IFCINDEXEDPOLYGONALFACE((503,560,497));
#1903=IFCINDEXEDPOLYGONALFACE((560,503,545));
#1904=IFCINDEXEDPOLYGONALFACE((548,549,561));
#1905=IFCINDEXEDPOLYGONALFACE((545,548,561));
#1906=IFCINDEXEDPOLYGONALFACE((561,553,556));
#1907=IFCINDEXEDPOLYGONALFACE((553,561,549));
#1908=IFCINDEXEDPOLYGONALFACE((545,562,546));
#1909=IFCINDEXEDPOLYGONALFACE((546,514,542));
#1910=IFCINDEXEDPOLYGONALFACE((514,546,562));
#1911=IFCINDEXEDPOLYGONALFACE((562,545,503));
#1912=IFCINDEXEDPOLYGONALFACE((514,562,503));
#1913=IFCINDEXEDPOLYGONALFACE((543,516,522));
#1914=IFCINDEXEDPOLYGONALFACE((516,543,542));
#1915=IFCINDEXEDPOLYGONALFACE((542,513,516));
#1916=IFCINDEXEDPOLYGONALFACE((513,542,514));
#1917=IFCINDEXEDPOLYGONALFACE((534,447,538));
#1918=IFCINDEXEDPOLYGONALFACE((531,528,563));
#1919=IFCINDEXEDPOLYGONALFACE((563,109,110));
#1920=IFCINDEXEDPOLYGONALFACE((563,528,109));
#1921=IFCINDEXEDPOLYGONALFACE((523,526,530));
#1922=IFCINDEXEDPOLYGONALFACE((528,116,109));
#1923=IFCINDEXEDPOLYGONALFACE((525,564,116));
#1924=IFCINDEXEDPOLYGONALFACE((565,564,525));
#1925=IFCINDEXEDPOLYGONALFACE((520,565,525));
#1926=IFCINDEXEDPOLYGONALFACE((564,565,519));
#1927=IFCINDEXEDPOLYGONALFACE((565,520,519));
#1928=IFCINDEXEDPOLYGONALFACE((519,566,564));
#1929=IFCINDEXEDPOLYGONALFACE((564,118,115));
#1930=IFCINDEXEDPOLYGONALFACE((116,564,115));
#1931=IFCINDEXEDPOLYGONALFACE((564,566,118));
#1932=IFCINDEXEDPOLYGONALFACE((566,122,118));
#1933=IFCINDEXEDPOLYGONALFACE((566,567,122));
#1934=IFCINDEXEDPOLYGONALFACE((568,567,566));
#1935=IFCINDEXEDPOLYGONALFACE((566,519,568));
#1936=IFCINDEXEDPOLYGONALFACE((570,567,568));
#1937=IFCINDEXEDPOLYGONALFACE((568,517,569));
#1938=IFCINDEXEDPOLYGONALFACE((569,570,568));
#1939=IFCINDEXEDPOLYGONALFACE((517,568,519));
#1940=IFCINDEXEDPOLYGONALFACE((570,571,567));
#1941=IFCINDEXEDPOLYGONALFACE((571,570,291));
#1942=IFCINDEXEDPOLYGONALFACE((570,572,291));
#1943=IFCINDEXEDPOLYGONALFACE((570,569,572));
#1944=IFCINDEXEDPOLYGONALFACE((573,291,572));
#1945=IFCINDEXEDPOLYGONALFACE((572,510,511));
#1946=IFCINDEXEDPOLYGONALFACE((511,573,572));
#1947=IFCINDEXEDPOLYGONALFACE((569,510,572));
#1948=IFCINDEXEDPOLYGONALFACE((291,573,293));
#1949=IFCINDEXEDPOLYGONALFACE((574,293,573));
#1950=IFCINDEXEDPOLYGONALFACE((573,511,574));
#1951=IFCINDEXEDPOLYGONALFACE((575,295,574));
#1952=IFCINDEXEDPOLYGONALFACE((293,574,295));
#1953=IFCINDEXEDPOLYGONALFACE((505,574,511));
#1954=IFCINDEXEDPOLYGONALFACE((574,505,575));
#1955=IFCINDEXEDPOLYGONALFACE((506,575,505));
#1956=IFCINDEXEDPOLYGONALFACE((295,575,299));
#1957=IFCINDEXEDPOLYGONALFACE((575,506,576));
#1958=IFCINDEXEDPOLYGONALFACE((576,299,575));
#1959=IFCINDEXEDPOLYGONALFACE((299,576,577));
#1960=IFCINDEXEDPOLYGONALFACE((576,578,577));
#1961=IFCINDEXEDPOLYGONALFACE((508,576,506));
#1962=IFCINDEXEDPOLYGONALFACE((576,508,578));
#1963=IFCINDEXEDPOLYGONALFACE((488,577,578));
#1964=IFCINDEXEDPOLYGONALFACE((507,499,578));
#1965=IFCINDEXEDPOLYGONALFACE((490,578,499));
#1966=IFCINDEXEDPOLYGONALFACE((578,490,488));
#1967=IFCINDEXEDPOLYGONALFACE((508,507,578));
#1968=IFCINDEXEDPOLYGONALFACE((577,488,487));
#1969=IFCINDEXEDPOLYGONALFACE((487,313,577));
#1970=IFCINDEXEDPOLYGONALFACE((577,300,299));
#1971=IFCINDEXEDPOLYGONALFACE((300,577,313));
#1972=IFCINDEXEDPOLYGONALFACE((571,291,128));
#1973=IFCINDEXEDPOLYGONALFACE((567,571,125));
#1974=IFCINDEXEDPOLYGONALFACE((571,128,125));
#1975=IFCINDEXEDPOLYGONALFACE((510,569,517));
#1976=IFCINDEXEDPOLYGONALFACE((567,125,122));
#1977=IFCINDEXEDPOLYGONALFACE((503,502,514));
#1978=IFCINDEXEDPOLYGONALFACE((499,507,500));
#1979=IFCINDEXEDPOLYGONALFACE((499,492,490));
#1980=IFCINDEXEDPOLYGONALFACE((473,495,471));
#1981=IFCINDEXEDPOLYGONALFACE((494,471,495));
#1982=IFCINDEXEDPOLYGONALFACE((473,480,495));
#1983=IFCINDEXEDPOLYGONALFACE((485,312,487));
#1984=IFCINDEXEDPOLYGONALFACE((313,487,312));
#1985=IFCINDEXEDPOLYGONALFACE((485,320,312));
#1986=IFCINDEXEDPOLYGONALFACE((485,329,320));
#1987=IFCINDEXEDPOLYGONALFACE((348,345,477));
#1988=IFCINDEXEDPOLYGONALFACE((345,346,477));
#1989=IFCINDEXEDPOLYGONALFACE((477,475,348));
#1990=IFCINDEXEDPOLYGONALFACE((475,579,350));
#1991=IFCINDEXEDPOLYGONALFACE((350,348,475));
#1992=IFCINDEXEDPOLYGONALFACE((579,475,363));
#1993=IFCINDEXEDPOLYGONALFACE((352,350,579));
#1994=IFCINDEXEDPOLYGONALFACE((579,357,352));
#1995=IFCINDEXEDPOLYGONALFACE((357,579,363));
#1996=IFCINDEXEDPOLYGONALFACE((462,467,460));
#1997=IFCINDEXEDPOLYGONALFACE((464,370,372));
#1998=IFCINDEXEDPOLYGONALFACE((370,464,461));
#1999=IFCINDEXEDPOLYGONALFACE((392,461,397));
#2000=IFCINDEXEDPOLYGONALFACE((461,392,370));
#2001=IFCINDEXEDPOLYGONALFACE((439,449,436));
#2002=IFCINDEXEDPOLYGONALFACE((449,443,436));
#2003=IFCINDEXEDPOLYGONALFACE((388,389,395));
#2004=IFCINDEXEDPOLYGONALFACE((375,374,380));
#2005=IFCINDEXEDPOLYGONALFACE((365,372,366));
#2006=IFCINDEXEDPOLYGONALFACE((341,340,346));
#2007=IFCINDEXEDPOLYGONALFACE((324,320,329));
#2008=IFCINDEXEDPOLYGONALFACE((320,324,319));
#2009=IFCINDEXEDPOLYGONALFACE((315,580,306));
#2010=IFCINDEXEDPOLYGONALFACE((305,306,580));
#2011=IFCINDEXEDPOLYGONALFACE((580,581,305));
#2012=IFCINDEXEDPOLYGONALFACE((307,305,581));
#2013=IFCINDEXEDPOLYGONALFACE((581,582,307));
#2014=IFCINDEXEDPOLYGONALFACE((307,582,583));
#2015=IFCINDEXEDPOLYGONALFACE((584,583,585));
#2016=IFCINDEXEDPOLYGONALFACE((583,584,307));
#2017=IFCINDEXEDPOLYGONALFACE((585,266,584));
#2018=IFCINDEXEDPOLYGONALFACE((266,585,267));
#2019=IFCINDEXEDPOLYGONALFACE((307,584,269));
#2020=IFCINDEXEDPOLYGONALFACE((584,266,269));
#2021=IFCINDEXEDPOLYGONALFACE((313,302,300));
#2022=IFCINDEXEDPOLYGONALFACE((299,297,295));
#2023=IFCINDEXEDPOLYGONALFACE((153,145,272));
#2024=IFCINDEXEDPOLYGONALFACE((140,141,146));
#2025=IFCINDEXEDPOLYGONALFACE((143,136,133));
#2026=IFCINDEXEDPOLYGONALFACE((123,127,135));
#2027=IFCINDEXEDPOLYGONALFACE((116,113,109));
#2028=IFCINDEXEDPOLYGONALFACE((98,103,107));
#2029=IFCINDEXEDPOLYGONALFACE((91,88,101));
#2030=IFCINDEXEDPOLYGONALFACE((95,93,97));
#2031=IFCINDEXEDPOLYGONALFACE((90,74,72));
#2032=IFCINDEXEDPOLYGONALFACE((82,87,73));
#2033=IFCINDEXEDPOLYGONALFACE((73,87,72));
#2034=IFCINDEXEDPOLYGONALFACE((68,4,80));
#2035=IFCINDEXEDPOLYGONALFACE((60,59,70));
#2036=IFCINDEXEDPOLYGONALFACE((4,68,3));
#2037=IFCINDEXEDPOLYGONALFACE((43,586,63));
#2038=IFCINDEXEDPOLYGONALFACE((5,63,586));
#2039=IFCINDEXEDPOLYGONALFACE((586,43,41));
#2040=IFCINDEXEDPOLYGONALFACE((7,586,587));
#2041=IFCINDEXEDPOLYGONALFACE((41,587,586));
#2042=IFCINDEXEDPOLYGONALFACE((586,7,5));
#2043=IFCINDEXEDPOLYGONALFACE((21,587,41));
#2044=IFCINDEXEDPOLYGONALFACE((21,10,587));
#2045=IFCINDEXEDPOLYGONALFACE((7,587,10));
#2046=IFCINDEXEDPOLYGONALFACE((44,47,45));
#2047=IFCINDEXEDPOLYGONALFACE((26,25,39));
#2048=IFCINDEXEDPOLYGONALFACE((39,34,26));
#2049=IFCINDEXEDPOLYGONALFACE((29,24,23));
#2050=IFCINDEXEDPOLYGONALFACE((21,13,10));
#2051=IFCPOLYGONALFACESET(#996,$,(#997,#998,#999,#1000,#1001,#1002,#1003,#1004,#1005,#1006,#1007,#1008,#1009,#1010,#1011,#1012,#1013,#1014,#1015,#1016,#1017,#1018,#1019,#1020,#1021,#1022,#1023,#1024,#1025,#1026,#1027,#1028,#1029,#1030,#1031,#1032,#1033,#1034,#1035,#1036,#1037,#1038,#1039,#1040,#1041,#1042,#1043,#1044,#1045,#1046,#1047,#1048,#1049,#1050,#1051,#1052,#1053,#1054,#1055,#1056,#1057,#1058,#1059,#1060,#1061,#1062,#1063,#1064,#1065,#1066,#1067,#1068,#1069,#1070,#1071,#1072,#1073,#1074,#1075,#1076,#1077,#1078,#1079,#1080,#1081,#1082,#1083,#1084,#1085,#1086,#1087,#1088,#1089,#1090,#1091,#1092,#1093,#1094,#1095,#1096,#1097,#1098,#1099,#1100,#1101,#1102,#1103,#1104,#1105,#1106,#1107,#1108,#1109,#1110,#1111,#1112,#1113,#1114,#1115,#1116,#1117,#1118,#1119,#1120,#1121,#1122,#1123,#1124,#1125,#1126,#1127,#1128,#1129,#1130,#1131,#1132,#1133,#1134,#1135,#1136,#1137,#1138,#1139,#1140,#1141,#1142,#1143,#1144,#1145,#1146,#1147,#1148,#1149,#1150,#1151,#1152,#1153,#1154,#1155,#1156,#1157,#1158,#1159,#1160,#1161,#1162,#1163,#1164,#1165,#1166,#1167,#1168,#1169,#1170,#1171,#1172,#1173,#1174,#1175,#1176,#1177,#1178,#1179,#1180,#1181,#1182,#1183,#1184,#1185,#1186,#1187,#1188,#1189,#1190,#1191,#1192,#1193,#1194,#1195,#1196,#1197,#1198,#1199,#1200,#1201,#1202,#1203,#1204,#1205,#1206,#1207,#1208,#1209,#1210,#1211,#1212,#1213,#1214,#1215,#1216,#1217,#1218,#1219,#1220,#1221,#1222,#1223,#1224,#1225,#1226,#1227,#1228,#1229,#1230,#1231,#1232,#1233,#1234,#1235,#1236,#1237,#1238,#1239,#1240,#1241,#1242,#1243,#1244,#1245,#1246,#1247,#1248,#1249,#1250,#1251,#1252,#1253,#1254,#1255,#1256,#1257,#1258,#1259,#1260,#1261,#1262,#1263,#1264,#1265,#1266,#1267,#1268,#1269,#1270,#1271,#1272,#1273,#1274,#1275,#1276,#1277,#1278,#1279,#1280,#1281,#1282,#1283,#1284,#1285,#1286,#1287,#1288,#1289,#1290,#1291,#1292,#1293,#1294,#1295,#1296,#1297,#1298,#1299,#1300,#1301,#1302,#1303,#1304,#1305,#1306,#1307,#1308,#1309,#1310,#1311,#1312,#1313,#1314,#1315,#1316,#1317,#1318,#1319,#1320,#1321,#1322,#1323,#1324,#1325,#1326,#1327,#1328,#1329,#1330,#1331,#1332,#1333,#1334,#1335,#1336,#1337,#1338,#1339,#1340,#1341,#1342,#1343,#1344,#1345,#1346,#1347,#1348,#1349,#1350,#1351,#1352,#1353,#1354,#1355,#1356,#1357,#1358,#1359,#1360,#1361,#1362,#1363,#1364,#1365,#1366,#1367,#1368,#1369,#1370,#1371,#1372,#1373,#1374,#1375,#1376,#1377,#1378,#1379,#1380,#1381,#1382,#1383,#1384,#1385,#1386,#1387,#1388,#1389,#1390,#1391,#1392,#1393,#1394,#1395,#1396,#1397,#1398,#1399,#1400,#1401,#1402,#1403,#1404,#1405,#1406,#1407,#1408,#1409,#1410,#1411,#1412,#1413,#1414,#1415,#1416,#1417,#1418,#1419,#1420,#1421,#1422,#1423,#1424,#1425,#1426,#1427,#1428,#1429,#1430,#1431,#1432,#1433,#1434,#1435,#1436,#1437,#1438,#1439,#1440,#1441,#1442,#1443,#1444,#1445,#1446,#1447,#1448,#1449,#1450,#1451,#1452,#1453,#1454,#1455,#1456,#1457,#1458,#1459,#1460,#1461,#1462,#1463,#1464,#1465,#1466,#1467,#1468,#1469,#1470,#1471,#1472,#1473,#1474,#1475,#1476,#1477,#1478,#1479,#1480,#1481,#1482,#1483,#1484,#1485,#1486,#1487,#1488,#1489,#1490,#1491,#1492,#1493,#1494,#1495,#1496,#1497,#1498,#1499,#1500,#1501,#1502,#1503,#1504,#1505,#1506,#1507,#1508,#1509,#1510,#1511,#1512,#1513,#1514,#1515,#1516,#1517,#1518,#1519,#1520,#1521,#1522,#1523,#1524,#1525,#1526,#1527,#1528,#1529,#1530,#1531,#1532,#1533,#1534,#1535,#1536,#1537,#1538,#1539,#1540,#1541,#1542,#1543,#1544,#1545,#1546,#1547,#1548,#1549,#1550,#1551,#1552,#1553,#1554,#1555,#1556,#1557,#1558,#1559,#1560,#1561,#1562,#1563,#1564,#1565,#1566,#1567,#1568,#1569,#1570,#1571,#1572,#1573,#1574,#1575,#1576,#1577,#1578,#1579,#1580,#1581,#1582,#1583,#1584,#1585,#1586,#1587,#1588,#1589,#1590,#1591,#1592,#1593,#1594,#1595,#1596,#1597,#1598,#1599,#1600,#1601,#1602,#1603,#1604,#1605,#1606,#1607,#1608,#1609,#1610,#1611,#1612,#1613,#1614,#1615,#1616,#1617,#1618,#1619,#1620,#1621,#1622,#1623,#1624,#1625,#1626,#1627,#1628,#1629,#1630,#1631,#1632,#1633,#1634,#1635,#1636,#1637,#1638,#1639,#1640,#1641,#1642,#1643,#1644,#1645,#1646,#1647,#1648,#1649,#1650,#1651,#1652,#1653,#1654,#1655,#1656,#1657,#1658,#1659,#1660,#1661,#1662,#1663,#1664,#1665,#1666,#1667,#1668,#1669,#1670,#1671,#1672,#1673,#1674,#1675,#1676,#1677,#1678,#1679,#1680,#1681,#1682,#1683,#1684,#1685,#1686,#1687,#1688,#1689,#1690,#1691,#1692,#1693,#1694,#1695,#1696,#1697,#1698,#1699,#1700,#1701,#1702,#1703,#1704,#1705,#1706,#1707,#1708,#1709,#1710,#1711,#1712,#1713,#1714,#1715,#1716,#1717,#1718,#1719,#1720,#1721,#1722,#1723,#1724,#1725,#1726,#1727,#1728,#1729,#1730,#1731,#1732,#1733,#1734,#1735,#1736,#1737,#1738,#1739,#1740,#1741,#1742,#1743,#1744,#1745,#1746,#1747,#1748,#1749,#1750,#1751,#1752,#1753,#1754,#1755,#1756,#1757,#1758,#1759,#1760,#1761,#1762,#1763,#1764,#1765,#1766,#1767,#1768,#1769,#1770,#1771,#1772,#1773,#1774,#1775,#1776,#1777,#1778,#1779,#1780,#1781,#1782,#1783,#1784,#1785,#1786,#1787,#1788,#1789,#1790,#1791,#1792,#1793,#1794,#1795,#1796,#1797,#1798,#1799,#1800,#1801,#1802,#1803,#1804,#1805,#1806,#1807,#1808,#1809,#1810,#1811,#1812,#1813,#1814,#1815,#1816,#1817,#1818,#1819,#1820,#1821,#1822,#1823,#1824,#1825,#1826,#1827,#1828,#1829,#1830,#1831,#1832,#1833,#1834,#1835,#1836,#1837,#1838,#1839,#1840,#1841,#1842,#1843,#1844,#1845,#1846,#1847,#1848,#1849,#1850,#1851,#1852,#1853,#1854,#1855,#1856,#1857,#1858,#1859,#1860,#1861,#1862,#1863,#1864,#1865,#1866,#1867,#1868,#1869,#1870,#1871,#1872,#1873,#1874,#1875,#1876,#1877,#1878,#1879,#1880,#1881,#1882,#1883,#1884,#1885,#1886,#1887,#1888,#1889,#1890,#1891,#1892,#1893,#1894,#1895,#1896,#1897,#1898,#1899,#1900,#1901,#1902,#1903,#1904,#1905,#1906,#1907,#1908,#1909,#1910,#1911,#1912,#1913,#1914,#1915,#1916,#1917,#1918,#1919,#1920,#1921,#1922,#1923,#1924,#1925,#1926,#1927,#1928,#1929,#1930,#1931,#1932,#1933,#1934,#1935,#1936,#1937,#1938,#1939,#1940,#1941,#1942,#1943,#1944,#1945,#1946,#1947,#1948,#1949,#1950,#1951,#1952,#1953,#1954,#1955,#1956,#1957,#1958,#1959,#1960,#1961,#1962,#1963,#1964,#1965,#1966,#1967,#1968,#1969,#1970,#1971,#1972,#1973,#1974,#1975,#1976,#1977,#1978,#1979,#1980,#1981,#1982,#1983,#1984,#1985,#1986,#1987,#1988,#1989,#1990,#1991,#1992,#1993,#1994,#1995,#1996,#1997,#1998,#1999,#2000,#2001,#2002,#2003,#2004,#2005,#2006,#2007,#2008,#2009,#2010,#2011,#2012,#2013,#2014,#2015,#2016,#2017,#2018,#2019,#2020,#2021,#2022,#2023,#2024,#2025,#2026,#2027,#2028,#2029,#2030,#2031,#2032,#2033,#2034,#2035,#2036,#2037,#2038,#2039,#2040,#2041,#2042,#2043,#2044,#2045,#2046,#2047,#2048,#2049,#2050),$);
#2052=IFCCARTESIANPOINTLIST3D(((-97.0399475097656,140.272994995117,373.472961425781),(-83.5949478149414,146.950988769531,374.678985595703),(-103.067947387695,143.839996337891,375.195983886719),(-5.31195211410522,146.019958496094,373.789978027344),(-119.284950256348,133.22900390625,373.580963134766),(-135.731948852539,126.080017089844,375.184997558594),(-148.852966308594,105.240020751953,375.409973144531),(111.059043884277,129.346923828125,373.679962158203),(-3.12397217750549,85.3639602661133,376.3759765625),(-118.826950073242,137.325012207031,375.029998779297),(-141.72395324707,124.15901184082,376.64599609375),(-118.403945922852,140.616012573242,378.897003173828),(-145.137939453125,128.567993164062,386.931976318359),(-101.075942993164,149.229995727539,384.605987548828),(-146.14094543457,124.981018066406,381.692993164062),(-115.315948486328,146.035003662109,390.318969726562),(-133.77294921875,137.207000732422,392.420989990234),(-113.707939147949,152.156982421875,413.049957275391),(-100.127944946289,157.724990844727,417.474945068359),(-116.87393951416,152.552993774414,426.774993896484),(-145.110946655273,133.785995483398,407.649963378906),(-155.087951660156,123.573013305664,409.144958496094),(-142.958938598633,136.545013427734,426.406982421875),(-152.921951293945,126.241004943848,427.110961914062),(-143.846954345703,135.024002075195,426.676971435547),(-130.777954101562,143.369003295898,426.618957519531),(-119.09294128418,151.012985229492,428.200958251953),(-120.099937438965,149.670989990234,427.276977539062),(-113.56494140625,152.975997924805,427.584991455078),(-100.049942016602,158.794982910156,428.262969970703),(-84.6279449462891,163.108993530273,428.233978271484),(-100.691940307617,157.852996826172,428.055969238281),(-85.2619400024414,162.137985229492,428.393951416016),(-66.5349502563477,165.579986572266,428.655975341797),(-65.330940246582,166.577972412109,428.422973632812),(-38.9849395751953,168.333984375,428.791961669922),(0.,170.390960693359,428.648986816406),(-36.5959434509277,169.460968017578,428.506988525391),(-43.6589469909668,160.715972900391,398.985992431641),(0.130055785179138,171.238967895508,428.344970703125),(36.3970527648926,169.483947753906,428.524963378906),(0.,165.941955566406,410.926971435547),(-8.15494823455811,157.722961425781,392.461975097656),(42.1430473327637,159.704940795898,396.164978027344),(68.3110427856445,157.356948852539,392.948974609375),(60.4630432128906,152.137939453125,378.705993652344),(87.3040466308594,149.679931640625,378.340972900391),(0.262049198150635,151.058959960938,378.028961181641),(64.1750411987305,148.089950561523,374.941986083984),(96.7860412597656,144.809936523438,374.643981933594),(96.1180419921875,140.381942749023,373.424987792969),(122.277038574219,132.63591003418,374.018005371094),(141.574035644531,123.338912963867,376.046966552734),(120.128036499023,136.693923950195,375.040985107422),(141.81803894043,116.594917297363,375.040985107422),(149.430023193359,92.9499206542969,375.897979736328),(174.245010375977,55.102912902832,376.397003173828),(162.306015014648,102.939910888672,377.624969482422),(166.693023681641,101.058906555176,381.815979003906),(157.170028686523,114.575904846191,382.025970458984),(172.112014770508,81.4839096069336,378.141967773438),(179.572006225586,52.3289108276367,378.609954833984),(173.629013061523,85.0589141845703,382.453979492188),(170.709014892578,91.9899063110352,400.789978027344),(180.433013916016,57.5859069824219,382.723968505859),(187.660003662109,29.3589057922363,399.407989501953),(189.423980712891,3.75290894508362,386.086975097656),(193.,-69.2460861206055,382.543975830078),(185.922988891602,9.14591026306152,380.383972167969),(194.849960327148,-74.6070861816406,386.499969482422),(191.541976928711,-25.2880897521973,391.348968505859),(191.788986206055,5.29790687561035,400.586975097656),(190.100997924805,28.6049022674561,434.632965087891),(189.048004150391,26.8389053344727,407.098968505859),(192.884979248047,-18.3960933685303,414.539978027344),(198.241973876953,-49.6120948791504,420.622985839844),(193.513000488281,-13.3680953979492,437.823974609375),(192.683990478516,-13.9330949783325,439.599975585938),(198.202972412109,-42.5140953063965,438.874969482422),(200.638946533203,-76.1550903320312,426.578979492188),(200.203964233398,-71.3000946044922,441.876983642578),(197.105972290039,-42.6320915222168,439.367980957031),(192.570983886719,-15.7760953903198,437.850982666016),(199.568954467773,-71.2120971679688,440.930969238281),(203.668960571289,-91.7240905761719,442.711975097656),(204.553970336914,-91.5130920410156,443.214996337891),(207.172958374023,-99.0850982666016,443.810974121094),(208.321960449219,-99.0491027832031,444.10498046875),(211.47395324707,-105.842102050781,444.431976318359),(218.477951049805,-109.092094421387,443.904968261719),(212.447952270508,-105.19709777832,444.492980957031),(210.636962890625,-106.,437.697967529297),(219.570953369141,-108.328094482422,443.775970458984),(227.39794921875,-103.545097351074,424.54296875),(238.930953979492,-106.215103149414,438.902984619141),(216.692962646484,-107.491096496582,437.411956787109),(231.450958251953,-107.569107055664,440.863983154297),(238.656951904297,-106.740104675293,438.903961181641),(224.973968505859,-108.73210144043,442.524963378906),(244.540954589844,-107.550109863281,437.383972167969),(246.908966064453,-112.585105895996,436.578948974609),(245.088943481445,-107.067100524902,437.301971435547),(244.033966064453,-106.943099975586,425.174987792969),(247.818954467773,-112.250106811523,436.3349609375),(247.754959106445,-111.932106018066,420.593994140625),(241.899948120117,-112.657104492188,395.809997558594),(244.894943237305,-127.781097412109,416.874969482422),(239.043930053711,-153.034103393555,423.614990234375),(241.871932983398,-139.399108886719,436.215972900391),(239.123947143555,-148.19709777832,413.519989013672),(232.559921264648,-170.977096557617,418.928985595703),(234.408950805664,-149.945098876953,400.293975830078),(226.212921142578,-171.228103637695,399.949981689453),(225.811950683594,-151.814086914062,384.325988769531),(232.934951782227,-110.495101928711,379.860961914062),(236.82795715332,-111.712097167969,384.357971191406),(219.,-157.074096679688,378.385955810547),(219.602935791016,-167.346099853516,384.887969970703),(208.062927246094,-187.812088012695,385.157989501953),(195.845932006836,-205.766082763672,385.827941894531),(203.645935058594,-184.287078857422,378.794982910156),(206.62092590332,-205.872085571289,398.737945556641),(207.26091003418,-213.54508972168,411.952941894531),(219.975921630859,-193.342086791992,412.982971191406),(181.891906738281,-234.64306640625,398.415954589844),(187.096908569336,-237.922073364258,411.849945068359),(178.189910888672,-224.524078369141,385.354949951172),(168.184906005859,-245.295074462891,397.658935546875),(147.561904907227,-265.218048095703,410.223937988281),(144.452911376953,-259.970092773438,397.310943603516),(172.297912597656,-249.966064453125,410.952941894531),(144.064910888672,-247.919052124023,384.173950195312),(165.722915649414,-234.174072265625,384.68994140625),(172.410903930664,-219.140075683594,378.508972167969),(183.684936523438,-205.147079467773,376.974945068359),(153.943923950195,-226.923065185547,376.271942138672),(143.583908081055,-239.231063842773,378.595947265625),(118.,-247.386032104492,377.020965576172),(130.477905273438,-229.508056640625,374.742950439453),(88.6979141235352,-258.535034179688,378.817962646484),(7.50491380691528,-262.703002929688,376.268951416016),(120.49291229248,-258.065032958984,383.686950683594),(93.1329040527344,-265.419036865234,383.888946533203),(118.411903381348,-271.026031494141,396.735931396484),(90.1009063720703,-278.474060058594,396.412933349609),(118.048904418945,-277.980041503906,409.8359375),(88.7258987426758,-286.349029541016,409.409942626953),(119.194900512695,-279.464050292969,420.616973876953),(88.7889022827148,-288.5810546875,420.015930175781),(148.688903808594,-266.634063720703,421.235961914062),(121.297904968262,-276.342041015625,436.228942871094),(152.471908569336,-261.055053710938,437.089965820312),(153.,-263.073059082031,432.017944335938),(91.1509017944336,-285.604034423828,435.599945068359),(121.208908081055,-275.313018798828,436.077941894531),(89.8279037475586,-284.682037353516,435.754943847656),(152.843902587891,-259.390075683594,436.686950683594),(180.081909179688,-241.404067993164,437.),(180.261917114258,-242.607070922852,437.305938720703),(190.517913818359,-232.357070922852,437.026947021484),(199.346923828125,-222.505096435547,437.045928955078),(191.441909790039,-232.744064331055,437.382934570312),(204.520919799805,-217.661087036133,437.229919433594),(194.129913330078,-233.37907409668,432.328948974609),(191.555923461914,-237.047073364258,422.),(208.816925048828,-214.535095214844,432.622955322266),(180.467910766602,-245.333068847656,432.092926025391),(175.628921508789,-250.391082763672,421.313934326172),(222.364929199219,-190.328094482422,436.960968017578),(224.728927612305,-187.730087280273,433.109985351562),(209.301910400391,-214.698089599609,422.551940917969),(223.321929931641,-191.099090576172,422.974975585938),(232.161926269531,-171.409088134766,436.717956542969),(236.940933227539,-158.554092407227,436.668975830078),(230.978927612305,-171.655090332031,437.149963378906),(225.575927734375,-182.459091186523,437.122985839844),(235.957931518555,-158.553100585938,437.095977783203),(240.454940795898,-141.480087280273,436.643951416016),(219.537933349609,-193.13508605957,437.101959228516),(206.404907226562,-213.493103027344,436.825927734375),(59.1479034423828,-289.60205078125,435.547943115234),(60.6299057006836,-290.872039794922,434.987945556641),(29.773904800415,-291.9580078125,435.399963378906),(0.,-292.289001464844,435.350952148438),(22.9669036865234,-293.325012207031,434.917938232422),(-29.0220947265625,-292.058013916016,435.646942138672),(20.3629016876221,-295.113006591797,430.234954833984),(15.5559024810791,-296.670013427734,419.234924316406),(-29.8150939941406,-294.485992431641,430.866943359375),(-61.0360870361328,-290.757995605469,435.090942382812),(-29.8190956115723,-295.986022949219,419.658935546875),(-58.931095123291,-293.547973632812,419.763946533203),(-46.1110916137695,-292.847015380859,409.213928222656),(-88.7260894775391,-286.348968505859,409.409942626953),(0.,-295.,409.079956054688),(-30.8800926208496,-286.470001220703,396.260955810547),(-86.0480804443359,-279.538970947266,396.599945068359),(-118.412086486816,-271.025970458984,396.735931396484),(-90.9050903320312,-265.900970458984,383.827972412109),(-120.156074523926,-258.381988525391,383.819946289062),(-31.3050880432129,-273.981994628906,383.386932373047),(-89.0900726318359,-258.321990966797,378.77294921875),(-34.6930809020996,-263.199005126953,377.124938964844),(-120.661071777344,-246.328964233398,377.019958496094),(-144.737075805664,-235.904983520508,377.325958251953),(-146.,-222.04997253418,374.523956298828),(-186.680053710938,-195.920959472656,375.377990722656),(-169.016067504883,-218.199951171875,376.737945556641),(-122.52906036377,-215.541976928711,373.849945068359),(-170.605056762695,-196.134963989258,373.905975341797),(-1.28008139133453,-250.247009277344,374.258941650391),(64.1099243164062,-226.362030029297,374.266967773438),(-43.1580696105957,-230.869003295898,374.082946777344),(-1.01006066799164,-186.488021850586,377.172973632812),(-137.813049316406,-179.425979614258,374.5009765625),(110.248947143555,-137.761047363281,374.973999023438),(137.104934692383,-178.,374.537994384766),(-85.9010391235352,-140.578994750977,375.383972167969),(-0.0370508544147015,-156.072021484375,377.315002441406),(118.844924926758,-216.955047607422,373.863952636719),(173.901931762695,-194.865081787109,374.),(196.91194152832,-180.05908203125,374.800994873047),(170.024917602539,-206.92707824707,374.644927978516),(188.042922973633,-166.165069580078,375.),(209.851943969727,-152.629089355469,375.163970947266),(196.445938110352,-114.79808807373,374.742980957031),(138.861953735352,-108.135070800781,375.755981445312),(167.313949584961,-103.870071411133,376.121002197266),(197.869964599609,-106.967086791992,375.393951416016),(219.953948974609,-112.015090942383,376.180969238281),(227.332946777344,-110.854095458984,377.567993164062),(221.436965942383,-106.744094848633,377.443969726562),(210.562957763672,-105.126091003418,378.066955566406),(227.363952636719,-105.348098754883,380.04296875),(233.,-106.987098693848,384.914001464844),(226.23095703125,-103.,386.207000732422),(235.23095703125,-107.785102844238,393.111968994141),(234.967956542969,-104.039100646973,422.924957275391),(207.125961303711,-102.734092712402,384.16796875),(217.708969116211,-102.424102783203,398.799957275391),(214.113952636719,-104.790100097656,416.466979980469),(206.865951538086,-103.85408782959,398.079956054688),(207.103958129883,-101.797088623047,390.898986816406),(200.922958374023,-96.1160888671875,384.921966552734),(200.857955932617,-102.05509185791,399.184967041016),(195.682968139648,-91.1920852661133,381.056976318359),(197.272964477539,-90.8700942993164,385.058990478516),(198.338958740234,-93.7980880737305,395.246978759766),(199.97395324707,-101.52409362793,409.871002197266),(203.873962402344,-93.283088684082,435.054962158203),(201.141952514648,-107.807090759277,409.217987060547),(206.305953979492,-107.330093383789,410.180969238281),(203.941955566406,-105.,423.345977783203),(207.010955810547,-101.043090820312,437.028991699219),(209.374954223633,-106.063087463379,422.333953857422),(203.648956298828,-103.330093383789,378.487976074219),(190.242965698242,-94.0450820922852,378.151977539062),(157.096954345703,-69.2740783691406,378.199981689453),(186.443969726562,-56.,379.669982910156),(164.547973632812,-29.2990798950195,378.773956298828),(183.899993896484,-17.7430896759033,379.361968994141),(86.5289916992188,-32.1560554504395,379.072967529297),(124.645004272461,25.8909301757812,377.645965576172),(44.8260231018066,80.090950012207,376.768981933594),(-44.5270042419434,-8.89201354980469,378.624969482422),(32.1199684143066,-95.70703125,378.341979980469),(-92.5670166015625,-60.6639976501465,378.971984863281),(-18.7810325622559,-100.067016601562,378.422973632812),(-152.215026855469,-80.6209716796875,377.664978027344),(-169.714019775391,-104.,376.091949462891),(-187.922012329102,-80.922966003418,378.798980712891),(-148.027038574219,-118.700973510742,374.965972900391),(-157.050003051758,-29.42897605896,378.743988037109),(-174.858978271484,51.0260276794434,376.54296875),(-186.,-38.0879669189453,379.862976074219),(-192.977020263672,-72.0609588623047,382.126953125),(-186.746994018555,2.59703207015991,380.77197265625),(-189.712982177734,2.9570324420929,386.54296875),(-190.219985961914,-13.4239664077759,385.756988525391),(-179.571975708008,52.3290252685547,378.609954833984),(-172.111968994141,81.4840240478516,378.141967773438),(-180.513961791992,57.1670265197754,382.629974365234),(-173.628967285156,85.0590286254883,382.453979492188),(-184.309982299805,42.9880256652832,405.345977783203),(-181.687973022461,64.9350280761719,433.027984619141),(-170.776947021484,91.8700180053711,400.148956298828),(-188.827972412109,27.,404.486999511719),(-191.609985351562,7.38103199005127,402.470977783203),(-189.8759765625,30.5440273284912,434.150970458984),(-193.692977905273,-16.6249694824219,438.52197265625),(-188.161972045898,30.2840270996094,437.548980712891),(-181.071975708008,63.2790298461914,435.870971679688),(-188.314971923828,29.7880268096924,434.797973632812),(-190.372985839844,8.502028465271,436.064971923828),(-192.570983886719,-15.7759704589844,437.850982666016),(-197.294998168945,-43.9739685058594,439.442962646484),(-199.84602355957,-71.4739685058594,440.865966796875),(-198.371002197266,-43.5769691467285,438.920989990234),(-200.530014038086,-69.6299667358398,440.177978515625),(-198.130996704102,-47.837963104248,420.647979736328),(-191.77099609375,-21.9009666442871,402.619964599609),(-193.440994262695,-17.3169689178467,421.558990478516),(-200.034027099609,-75.3889617919922,422.728973388672),(-197.011016845703,-77.1489562988281,401.438995361328),(-200.436019897461,-102.924957275391,409.734954833984),(-194.928024291992,-75.7239532470703,386.493988037109),(-197.219024658203,-90.4199600219727,385.630981445312),(-201.398010253906,-96.7699584960938,383.924957275391),(-195.822021484375,-91.2389526367188,381.089965820312),(-199.870025634766,-95.798957824707,388.851989746094),(-206.316009521484,-101.763954162598,390.174987792969),(-201.142013549805,-107.80696105957,409.217987060547),(-203.839019775391,-107.401954650879,408.092987060547),(-212.584014892578,-104.752960205078,410.655975341797),(-209.375015258789,-106.062957763672,422.333953857422),(-204.698013305664,-104.198959350586,426.469970703125),(-210.637023925781,-106.,437.697967529297),(-214.698013305664,-105.22395324707,423.886993408203),(-216.795013427734,-107.516952514648,438.011962890625),(-225.878021240234,-103.468948364258,423.259979248047),(-231.734008789062,-107.,440.870971679688),(-214.193023681641,-102.600952148438,395.3759765625),(-224.698028564453,-102.645950317383,386.),(-236.365020751953,-104.152946472168,424.),(-243.772018432617,-106.721946716309,424.779998779297),(-235.838012695312,-107.989944458008,394.050964355469),(-239.984024047852,-106.364952087402,438.674957275391),(-238.657012939453,-106.739944458008,438.903961181641),(-245.160018920898,-107.183952331543,437.286987304688),(-247.88801574707,-111.634948730469,428.920989990234),(-247.815017700195,-112.247955322266,436.322967529297),(-244.541015625,-107.549949645996,437.383972167969),(-246.909027099609,-112.584945678711,436.578948974609),(-240.546035766602,-141.176940917969,436.679962158203),(-235.958023071289,-158.552947998047,437.095977783203),(-242.713027954102,-135.978942871094,436.157989501953),(-236.880035400391,-158.694946289062,436.677978515625),(-244.70703125,-129.579956054688,421.418975830078),(-237.764038085938,-157.045944213867,423.026977539062),(-244.010025024414,-128.781951904297,412.905975341797),(-234.160049438477,-163.956939697266,413.760955810547),(-234.532028198242,-149.573944091797,400.239990234375),(-246.350021362305,-112.301940917969,413.623962402344),(-241.780014038086,-112.654937744141,395.550964355469),(-236.833023071289,-111.605949401855,384.321960449219),(-230.910018920898,-106.643943786621,381.06298828125),(-233.127014160156,-110.598945617676,379.946990966797),(-225.768035888672,-151.791946411133,384.257965087891),(-219.574035644531,-156.181945800781,378.484985351562),(-219.968048095703,-165.983947753906,384.468994140625),(-225.467041015625,-172.2939453125,399.389984130859),(-209.883056640625,-185.426940917969,385.425994873047),(-206.26806640625,-206.604965209961,398.953948974609),(-197.984039306641,-203.474960327148,386.172943115234),(-203.668045043945,-184.163940429688,378.736968994141),(-187.456039428711,-201.401947021484,377.215972900391),(-206.855041503906,-172.059936523438,376.036987304688),(-216.074035644531,-153.938934326172,376.366973876953),(-197.235046386719,-179.103958129883,374.784973144531),(-208.630020141602,-157.036956787109,375.1669921875),(-218.461029052734,-112.665954589844,376.),(-197.035034179688,-117.650955200195,374.727966308594),(-197.431015014648,-106.606956481934,375.330993652344),(-221.458023071289,-106.761947631836,377.397979736328),(-204.518020629883,-104.28295135498,378.255981445312),(-190.462005615234,-94.954963684082,378.075958251953),(-222.887008666992,-104.76294708252,379.727966308594),(-206.851028442383,-102.858955383301,383.335998535156),(-227.331008911133,-110.952949523926,377.527984619141),(-187.674057006836,-214.398956298828,385.269958496094),(-181.749069213867,-234.791946411133,398.530944824219),(-172.606063842773,-232.462951660156,387.769958496094),(-170.678070068359,-227.213943481445,382.475952148438),(-144.08805847168,-247.929977416992,384.199951171875),(-145.546081542969,-259.413940429688,397.294952392578),(-168.825057983398,-244.780960083008,397.650939941406),(-147.554077148438,-265.262939453125,410.401947021484),(-175.985061645508,-250.158950805664,421.420928955078),(-148.689086914062,-266.633941650391,421.235961914062),(-178.536056518555,-245.416961669922,410.789947509766),(-118.049087524414,-277.97998046875,409.8359375),(-119.195083618164,-279.463989257812,420.616973876953),(-88.7890930175781,-288.580993652344,420.015930175781),(-121.591087341309,-276.1669921875,436.258941650391),(-153.,-263.072937011719,432.017944335938),(-90.793083190918,-285.657989501953,435.678924560547),(-153.475082397461,-260.518951416016,437.031951904297),(-121.209083557129,-275.31298828125,436.077941894531),(-89.8280868530273,-284.681976318359,435.754943847656),(-152.84407043457,-259.389953613281,436.686950683594),(-180.08805847168,-241.406967163086,437.),(-190.51806640625,-232.356948852539,437.026947021484),(-181.129058837891,-241.803955078125,437.362945556641),(-180.466064453125,-245.312957763672,432.266967773438),(-191.658065795898,-232.513946533203,437.376953125),(-191.932052612305,-235.416946411133,432.490936279297),(-204.982055664062,-217.145950317383,437.183959960938),(-206.112060546875,-218.604949951172,432.711944580078),(-224.710052490234,-186.638946533203,436.932983398438),(-206.26106262207,-213.729965209961,436.707946777344),(-199.347061157227,-222.504959106445,437.045928955078),(-219.538055419922,-193.13493347168,437.101959228516),(-225.576049804688,-182.458938598633,437.122985839844),(-230.979034423828,-171.654937744141,437.149963378906),(-230.419036865234,-174.840942382812,436.934967041016),(-232.502044677734,-172.593933105469,426.682983398438),(-223.203048706055,-191.326950073242,422.944976806641),(-208.821060180664,-215.420959472656,422.219940185547),(-215.904037475586,-200.833953857422,412.682952880859),(-197.820053100586,-225.57096862793,411.640960693359),(-191.342056274414,-237.277954101562,422.187957763672),(-59.1480865478516,-289.601989746094,435.547943115234),(-231.829025268555,-107.504951477051,440.682983398438),(-224.974029541016,-108.731956481934,442.524963378906),(-218.478012084961,-109.091949462891,443.904968261719),(-219.224029541016,-108.22095489502,443.861968994141),(-211.474014282227,-105.841957092285,444.431976318359),(-207.17301940918,-99.0849609375,443.810974121094),(-212.412017822266,-105.174957275391,444.525970458984),(-208.446014404297,-99.3619537353516,444.096984863281),(-204.568008422852,-91.4729614257812,443.173980712891),(-203.669021606445,-91.7239685058594,442.711975097656),(-203.934020996094,-90.9309616088867,437.596984863281),(-181.045974731445,62.9690246582031,432.887969970703),(-172.523971557617,92.4760208129883,430.56298828125),(-173.331970214844,92.6420211791992,430.841979980469),(-164.297958374023,110.089012145996,428.360961914062),(-163.627960205078,106.,394.504974365234),(-156.673950195312,115.188018798828,382.264984130859),(-166.875961303711,100.606018066406,381.862976074219),(-162.263961791992,103.054016113281,377.662963867188),(-166.546966552734,79.4150161743164,376.286987304688),(-85.7239761352539,71.4680023193359,377.014984130859),(212.451919555664,-162.525085449219,376.),(192.34992980957,-191.621078491211,375.744964599609),(9.79491138458252,-269.134033203125,378.670928955078),(34.9459075927734,-273.816009521484,383.484924316406),(-0.180089831352234,-275.709014892578,383.326965332031),(0.,-287.813995361328,396.097930908203),(41.7969055175781,-285.799011230469,396.519927978516),(47.8069000244141,-292.631042480469,409.232940673828),(58.9309005737305,-293.548034667969,419.763946533203),(188.875,22.0419044494629,435.216979980469),(181.046005249023,62.9689064025879,432.887969970703),(188.199996948242,29.9829044342041,437.548980712891),(181.072006225586,63.2789077758789,435.870971679688),(172.636016845703,92.9869079589844,430.512969970703),(181.628005981445,64.9659042358398,433.120971679688),(173.612014770508,92.3689041137695,430.47998046875),(164.313018798828,110.075904846191,428.361999511719),(154.875030517578,123.891914367676,409.642974853516),(152.918029785156,126.246910095215,427.110961914062),(141.673034667969,137.680923461914,425.961975097656),(143.847045898438,135.023910522461,426.676971435547),(117.772041320801,151.746917724609,428.2099609375),(130.778030395508,143.368927001953,426.618957519531),(120.100044250488,149.670913696289,427.276977539062),(113.565040588379,152.975921630859,427.584991455078),(100.692039489746,157.852935791016,428.055969238281),(93.1980514526367,161.047927856445,428.276947021484),(85.2620468139648,162.137924194336,428.393951416016),(66.5350494384766,165.579940795898,428.655975341797),(38.9850540161133,168.333953857422,428.791961669922),(64.5070495605469,166.725921630859,428.397979736328),(84.2060470581055,161.806930541992,418.588958740234),(100.518051147461,157.763931274414,418.347991943359),(85.8330459594727,154.166931152344,389.706970214844),(99.9400482177734,150.925918579102,389.690002441406),(101.788040161133,146.716934204102,378.825958251953),(115.108032226562,146.218933105469,390.703979492188),(133.563034057617,137.333923339844,392.390960693359),(113.033042907715,153.574920654297,418.384979248047),(118.774032592773,140.652923583984,379.242950439453),(145.410034179688,128.230926513672,387.151977539062),(145.305023193359,124.452919006348,380.118957519531),(144.961029052734,133.986907958984,408.114959716797),(162.386016845703,108.230911254883,398.703979492188),(-60.4129486083984,152.155975341797,378.714996337891),(-68.3089447021484,156.365997314453,390.221984863281),(-87.121940612793,149.77099609375,378.460968017578),(-85.6889419555664,154.214981079102,389.790985107422),(-76.8909378051758,161.088989257812,409.767974853516)));
#2053=IFCINDEXEDPOLYGONALFACE((1,2,4));
#2054=IFCINDEXEDPOLYGONALFACE((1,3,2));
#2055=IFCINDEXEDPOLYGONALFACE((10,3,1,5));
#2056=IFCINDEXEDPOLYGONALFACE((8,5,1,4));
#2057=IFCINDEXEDPOLYGONALFACE((11,10,5,6));
#2058=IFCINDEXEDPOLYGONALFACE((7,6,5));
#2059=IFCINDEXEDPOLYGONALFACE((5,9,7));
#2060=IFCINDEXEDPOLYGONALFACE((8,9,5));
#2061=IFCINDEXEDPOLYGONALFACE((10,11,12));
#2062=IFCINDEXEDPOLYGONALFACE((3,10,12));
#2063=IFCINDEXEDPOLYGONALFACE((11,15,12));
#2064=IFCINDEXEDPOLYGONALFACE((17,16,12,13));
#2065=IFCINDEXEDPOLYGONALFACE((13,12,15));
#2066=IFCINDEXEDPOLYGONALFACE((12,14,3));
#2067=IFCINDEXEDPOLYGONALFACE((14,12,16));
#2068=IFCINDEXEDPOLYGONALFACE((18,19,14,16));
#2069=IFCINDEXEDPOLYGONALFACE((17,18,16));
#2070=IFCINDEXEDPOLYGONALFACE((18,20,19));
#2071=IFCINDEXEDPOLYGONALFACE((18,21,20));
#2072=IFCINDEXEDPOLYGONALFACE((18,17,21));
#2073=IFCINDEXEDPOLYGONALFACE((23,20,21));
#2074=IFCINDEXEDPOLYGONALFACE((21,17,13));
#2075=IFCINDEXEDPOLYGONALFACE((13,429,22,21));
#2076=IFCINDEXEDPOLYGONALFACE((21,22,24,23));
#2077=IFCINDEXEDPOLYGONALFACE((25,23,24));
#2078=IFCINDEXEDPOLYGONALFACE((23,25,27,20));
#2079=IFCINDEXEDPOLYGONALFACE((26,27,25));
#2080=IFCINDEXEDPOLYGONALFACE((29,27,28));
#2081=IFCINDEXEDPOLYGONALFACE((28,27,26));
#2082=IFCINDEXEDPOLYGONALFACE((27,29,32,30));
#2083=IFCINDEXEDPOLYGONALFACE((20,27,30));
#2084=IFCINDEXEDPOLYGONALFACE((30,19,20));
#2085=IFCINDEXEDPOLYGONALFACE((30,31,19));
#2086=IFCINDEXEDPOLYGONALFACE((30,32,33,31));
#2087=IFCINDEXEDPOLYGONALFACE((31,33,34,35));
#2088=IFCINDEXEDPOLYGONALFACE((38,35,34,36));
#2089=IFCINDEXEDPOLYGONALFACE((40,38,36,37));
#2090=IFCINDEXEDPOLYGONALFACE((38,39,482,35));
#2091=IFCINDEXEDPOLYGONALFACE((38,40,42,39));
#2092=IFCINDEXEDPOLYGONALFACE((40,37,463,41));
#2093=IFCINDEXEDPOLYGONALFACE((42,40,41,44));
#2094=IFCINDEXEDPOLYGONALFACE((42,43,39));
#2095=IFCINDEXEDPOLYGONALFACE((42,44,43));
#2096=IFCINDEXEDPOLYGONALFACE((41,464,45,44));
#2097=IFCINDEXEDPOLYGONALFACE((45,46,44));
#2098=IFCINDEXEDPOLYGONALFACE((43,44,46,48));
#2099=IFCINDEXEDPOLYGONALFACE((49,46,47,50));
#2100=IFCINDEXEDPOLYGONALFACE((467,47,46,45));
#2101=IFCINDEXEDPOLYGONALFACE((48,46,49,4));
#2102=IFCINDEXEDPOLYGONALFACE((51,49,50));
#2103=IFCINDEXEDPOLYGONALFACE((4,49,51));
#2104=IFCINDEXEDPOLYGONALFACE((51,8,4));
#2105=IFCINDEXEDPOLYGONALFACE((54,52,51,50));
#2106=IFCINDEXEDPOLYGONALFACE((52,8,51));
#2107=IFCINDEXEDPOLYGONALFACE((52,54,53));
#2108=IFCINDEXEDPOLYGONALFACE((53,55,52));
#2109=IFCINDEXEDPOLYGONALFACE((52,55,8));
#2110=IFCINDEXEDPOLYGONALFACE((58,55,53));
#2111=IFCINDEXEDPOLYGONALFACE((55,56,8));
#2112=IFCINDEXEDPOLYGONALFACE((56,55,57));
#2113=IFCINDEXEDPOLYGONALFACE((57,55,58,61));
#2114=IFCINDEXEDPOLYGONALFACE((63,61,58,59));
#2115=IFCINDEXEDPOLYGONALFACE((59,58,60));
#2116=IFCINDEXEDPOLYGONALFACE((53,475,60,58));
#2117=IFCINDEXEDPOLYGONALFACE((62,57,61));
#2118=IFCINDEXEDPOLYGONALFACE((61,63,65,62));
#2119=IFCINDEXEDPOLYGONALFACE((63,64,66,65));
#2120=IFCINDEXEDPOLYGONALFACE((64,63,59,477));
#2121=IFCINDEXEDPOLYGONALFACE((67,69,62,65));
#2122=IFCINDEXEDPOLYGONALFACE((66,67,65));
#2123=IFCINDEXEDPOLYGONALFACE((67,70,68));
#2124=IFCINDEXEDPOLYGONALFACE((69,67,68));
#2125=IFCINDEXEDPOLYGONALFACE((72,67,66));
#2126=IFCINDEXEDPOLYGONALFACE((70,67,71));
#2127=IFCINDEXEDPOLYGONALFACE((75,71,67,72));
#2128=IFCINDEXEDPOLYGONALFACE((77,75,72,73));
#2129=IFCINDEXEDPOLYGONALFACE((72,74,73));
#2130=IFCINDEXEDPOLYGONALFACE((72,66,74));
#2131=IFCINDEXEDPOLYGONALFACE((75,77,79,76));
#2132=IFCINDEXEDPOLYGONALFACE((75,76,71));
#2133=IFCINDEXEDPOLYGONALFACE((78,82,79,77));
#2134=IFCINDEXEDPOLYGONALFACE((78,77,73));
#2135=IFCINDEXEDPOLYGONALFACE((76,79,80));
#2136=IFCINDEXEDPOLYGONALFACE((79,81,80));
#2137=IFCINDEXEDPOLYGONALFACE((82,81,79));
#2138=IFCINDEXEDPOLYGONALFACE((82,84,81));
#2139=IFCINDEXEDPOLYGONALFACE((82,78,83));
#2140=IFCINDEXEDPOLYGONALFACE((81,84,85,86));
#2141=IFCINDEXEDPOLYGONALFACE((86,85,87,88));
#2142=IFCINDEXEDPOLYGONALFACE((88,87,89,91));
#2143=IFCINDEXEDPOLYGONALFACE((91,89,90,93));
#2144=IFCINDEXEDPOLYGONALFACE((91,92,254,88));
#2145=IFCINDEXEDPOLYGONALFACE((91,93,96,92));
#2146=IFCINDEXEDPOLYGONALFACE((94,241,96,93));
#2147=IFCINDEXEDPOLYGONALFACE((94,93,95));
#2148=IFCINDEXEDPOLYGONALFACE((95,93,97));
#2149=IFCINDEXEDPOLYGONALFACE((93,90,99,97));
#2150=IFCINDEXEDPOLYGONALFACE((98,95,97));
#2151=IFCINDEXEDPOLYGONALFACE((95,98,100,102));
#2152=IFCINDEXEDPOLYGONALFACE((101,104,102,100));
#2153=IFCINDEXEDPOLYGONALFACE((103,238,95,102));
#2154=IFCINDEXEDPOLYGONALFACE((105,103,102));
#2155=IFCINDEXEDPOLYGONALFACE((102,104,105));
#2156=IFCINDEXEDPOLYGONALFACE((103,105,106,237));
#2157=IFCINDEXEDPOLYGONALFACE((106,105,107));
#2158=IFCINDEXEDPOLYGONALFACE((107,105,104));
#2159=IFCINDEXEDPOLYGONALFACE((107,108,110));
#2160=IFCINDEXEDPOLYGONALFACE((107,109,108));
#2161=IFCINDEXEDPOLYGONALFACE((107,110,112,106));
#2162=IFCINDEXEDPOLYGONALFACE((104,109,107));
#2163=IFCINDEXEDPOLYGONALFACE((108,111,110));
#2164=IFCINDEXEDPOLYGONALFACE((111,113,112,110));
#2165=IFCINDEXEDPOLYGONALFACE((114,116,106,112));
#2166=IFCINDEXEDPOLYGONALFACE((114,112,113,118));
#2167=IFCINDEXEDPOLYGONALFACE((114,117,115));
#2168=IFCINDEXEDPOLYGONALFACE((114,115,116));
#2169=IFCINDEXEDPOLYGONALFACE((118,117,114));
#2170=IFCINDEXEDPOLYGONALFACE((117,118,119,121));
#2171=IFCINDEXEDPOLYGONALFACE((122,119,118,113));
#2172=IFCINDEXEDPOLYGONALFACE((121,119,120,135));
#2173=IFCINDEXEDPOLYGONALFACE((122,120,119));
#2174=IFCINDEXEDPOLYGONALFACE((127,120,122,125));
#2175=IFCINDEXEDPOLYGONALFACE((126,125,122,123));
#2176=IFCINDEXEDPOLYGONALFACE((123,122,124));
#2177=IFCINDEXEDPOLYGONALFACE((113,124,122));
#2178=IFCINDEXEDPOLYGONALFACE((131,128,125,126));
#2179=IFCINDEXEDPOLYGONALFACE((133,127,125,128));
#2180=IFCINDEXEDPOLYGONALFACE((130,128,129));
#2181=IFCINDEXEDPOLYGONALFACE((128,131,129));
#2182=IFCINDEXEDPOLYGONALFACE((128,130,132));
#2183=IFCINDEXEDPOLYGONALFACE((128,132,133));
#2184=IFCINDEXEDPOLYGONALFACE((137,134,133,132));
#2185=IFCINDEXEDPOLYGONALFACE((127,133,134));
#2186=IFCINDEXEDPOLYGONALFACE((134,135,120,127));
#2187=IFCINDEXEDPOLYGONALFACE((136,135,134));
#2188=IFCINDEXEDPOLYGONALFACE((136,134,137));
#2189=IFCINDEXEDPOLYGONALFACE((138,137,132,142));
#2190=IFCINDEXEDPOLYGONALFACE((138,136,137));
#2191=IFCINDEXEDPOLYGONALFACE((211,139,138,141));
#2192=IFCINDEXEDPOLYGONALFACE((139,136,138));
#2193=IFCINDEXEDPOLYGONALFACE((140,138,142,143));
#2194=IFCINDEXEDPOLYGONALFACE((140,436,141,138));
#2195=IFCINDEXEDPOLYGONALFACE((143,142,144,145));
#2196=IFCINDEXEDPOLYGONALFACE((130,144,142,132));
#2197=IFCINDEXEDPOLYGONALFACE((145,144,146,147));
#2198=IFCINDEXEDPOLYGONALFACE((129,146,144,130));
#2199=IFCINDEXEDPOLYGONALFACE((149,147,146,148));
#2200=IFCINDEXEDPOLYGONALFACE((129,150,148,146));
#2201=IFCINDEXEDPOLYGONALFACE((154,149,148,151));
#2202=IFCINDEXEDPOLYGONALFACE((150,153,151,148));
#2203=IFCINDEXEDPOLYGONALFACE((152,157,155,151));
#2204=IFCINDEXEDPOLYGONALFACE((151,153,152));
#2205=IFCINDEXEDPOLYGONALFACE((151,155,156,154));
#2206=IFCINDEXEDPOLYGONALFACE((157,152,158));
#2207=IFCINDEXEDPOLYGONALFACE((158,152,159));
#2208=IFCINDEXEDPOLYGONALFACE((162,160,158,159));
#2209=IFCINDEXEDPOLYGONALFACE((163,161,160,162));
#2210=IFCINDEXEDPOLYGONALFACE((162,164,163));
#2211=IFCINDEXEDPOLYGONALFACE((164,162,159,167));
#2212=IFCINDEXEDPOLYGONALFACE((164,165,171,166));
#2213=IFCINDEXEDPOLYGONALFACE((165,164,167,168));
#2214=IFCINDEXEDPOLYGONALFACE((166,163,164));
#2215=IFCINDEXEDPOLYGONALFACE((153,150,168,167));
#2216=IFCINDEXEDPOLYGONALFACE((152,153,167,159));
#2217=IFCINDEXEDPOLYGONALFACE((126,165,168,131));
#2218=IFCINDEXEDPOLYGONALFACE((131,168,129));
#2219=IFCINDEXEDPOLYGONALFACE((129,168,150));
#2220=IFCINDEXEDPOLYGONALFACE((163,166,169));
#2221=IFCINDEXEDPOLYGONALFACE((166,170,169));
#2222=IFCINDEXEDPOLYGONALFACE((172,170,166,171));
#2223=IFCINDEXEDPOLYGONALFACE((124,172,171,123));
#2224=IFCINDEXEDPOLYGONALFACE((165,126,123,171));
#2225=IFCINDEXEDPOLYGONALFACE((172,124,111));
#2226=IFCINDEXEDPOLYGONALFACE((173,170,172,111));
#2227=IFCINDEXEDPOLYGONALFACE((170,173,169));
#2228=IFCINDEXEDPOLYGONALFACE((175,173,174,177));
#2229=IFCINDEXEDPOLYGONALFACE((111,108,174,173));
#2230=IFCINDEXEDPOLYGONALFACE((176,169,173,175));
#2231=IFCINDEXEDPOLYGONALFACE((177,174,109,178));
#2232=IFCINDEXEDPOLYGONALFACE((101,178,109,104));
#2233=IFCINDEXEDPOLYGONALFACE((169,176,179));
#2234=IFCINDEXEDPOLYGONALFACE((169,179,180,163));
#2235=IFCINDEXEDPOLYGONALFACE((161,163,180));
#2236=IFCINDEXEDPOLYGONALFACE((108,109,174));
#2237=IFCINDEXEDPOLYGONALFACE((154,156,181,182));
#2238=IFCINDEXEDPOLYGONALFACE((182,181,183,185));
#2239=IFCINDEXEDPOLYGONALFACE((185,183,184));
#2240=IFCINDEXEDPOLYGONALFACE((186,185,184));
#2241=IFCINDEXEDPOLYGONALFACE((189,187,185,186));
#2242=IFCINDEXEDPOLYGONALFACE((182,185,187));
#2243=IFCINDEXEDPOLYGONALFACE((187,188,442,182));
#2244=IFCINDEXEDPOLYGONALFACE((191,188,187,189));
#2245=IFCINDEXEDPOLYGONALFACE((192,191,189,190));
#2246=IFCINDEXEDPOLYGONALFACE((190,189,186));
#2247=IFCINDEXEDPOLYGONALFACE((191,193,195,188));
#2248=IFCINDEXEDPOLYGONALFACE((193,191,192));
#2249=IFCINDEXEDPOLYGONALFACE((197,193,194));
#2250=IFCINDEXEDPOLYGONALFACE((193,192,383,194));
#2251=IFCINDEXEDPOLYGONALFACE((193,196,439,195));
#2252=IFCINDEXEDPOLYGONALFACE((193,197,196));
#2253=IFCINDEXEDPOLYGONALFACE((197,194,381,198));
#2254=IFCINDEXEDPOLYGONALFACE((201,196,197,199));
#2255=IFCINDEXEDPOLYGONALFACE((199,197,198,200));
#2256=IFCINDEXEDPOLYGONALFACE((202,199,200,204));
#2257=IFCINDEXEDPOLYGONALFACE((203,201,199,202));
#2258=IFCINDEXEDPOLYGONALFACE((203,202,204));
#2259=IFCINDEXEDPOLYGONALFACE((204,200,374,205));
#2260=IFCINDEXEDPOLYGONALFACE((206,204,205));
#2261=IFCINDEXEDPOLYGONALFACE((204,206,211,203));
#2262=IFCINDEXEDPOLYGONALFACE((207,359,210,206));
#2263=IFCINDEXEDPOLYGONALFACE((206,208,207));
#2264=IFCINDEXEDPOLYGONALFACE((206,205,208));
#2265=IFCINDEXEDPOLYGONALFACE((206,209,213,211));
#2266=IFCINDEXEDPOLYGONALFACE((209,206,210));
#2267=IFCINDEXEDPOLYGONALFACE((211,141,203));
#2268=IFCINDEXEDPOLYGONALFACE((139,211,212));
#2269=IFCINDEXEDPOLYGONALFACE((213,212,211));
#2270=IFCINDEXEDPOLYGONALFACE((209,214,213));
#2271=IFCINDEXEDPOLYGONALFACE((214,212,213));
#2272=IFCINDEXEDPOLYGONALFACE((214,209,215));
#2273=IFCINDEXEDPOLYGONALFACE((218,214,215));
#2274=IFCINDEXEDPOLYGONALFACE((219,216,214));
#2275=IFCINDEXEDPOLYGONALFACE((216,217,214));
#2276=IFCINDEXEDPOLYGONALFACE((214,217,220));
#2277=IFCINDEXEDPOLYGONALFACE((214,218,219));
#2278=IFCINDEXEDPOLYGONALFACE((220,212,214));
#2279=IFCINDEXEDPOLYGONALFACE((220,221,223,139));
#2280=IFCINDEXEDPOLYGONALFACE((212,220,139));
#2281=IFCINDEXEDPOLYGONALFACE((221,220,217));
#2282=IFCINDEXEDPOLYGONALFACE((221,217,224));
#2283=IFCINDEXEDPOLYGONALFACE((224,225,222,221));
#2284=IFCINDEXEDPOLYGONALFACE((221,222,435,223));
#2285=IFCINDEXEDPOLYGONALFACE((225,224,226));
#2286=IFCINDEXEDPOLYGONALFACE((224,217,226));
#2287=IFCINDEXEDPOLYGONALFACE((216,226,217));
#2288=IFCINDEXEDPOLYGONALFACE((226,216,227));
#2289=IFCINDEXEDPOLYGONALFACE((227,228,226));
#2290=IFCINDEXEDPOLYGONALFACE((229,226,228));
#2291=IFCINDEXEDPOLYGONALFACE((229,232,230,226));
#2292=IFCINDEXEDPOLYGONALFACE((226,230,225));
#2293=IFCINDEXEDPOLYGONALFACE((231,225,230));
#2294=IFCINDEXEDPOLYGONALFACE((232,231,230));
#2295=IFCINDEXEDPOLYGONALFACE((232,229,233));
#2296=IFCINDEXEDPOLYGONALFACE((232,233,234));
#2297=IFCINDEXEDPOLYGONALFACE((234,115,231,232));
#2298=IFCINDEXEDPOLYGONALFACE((115,234,235,116));
#2299=IFCINDEXEDPOLYGONALFACE((236,235,234));
#2300=IFCINDEXEDPOLYGONALFACE((239,236,234,233));
#2301=IFCINDEXEDPOLYGONALFACE((237,236,238));
#2302=IFCINDEXEDPOLYGONALFACE((236,237,235));
#2303=IFCINDEXEDPOLYGONALFACE((240,238,236));
#2304=IFCINDEXEDPOLYGONALFACE((236,239,240));
#2305=IFCINDEXEDPOLYGONALFACE((241,94,240));
#2306=IFCINDEXEDPOLYGONALFACE((241,240,242));
#2307=IFCINDEXEDPOLYGONALFACE((242,240,243));
#2308=IFCINDEXEDPOLYGONALFACE((239,243,240));
#2309=IFCINDEXEDPOLYGONALFACE((238,240,94));
#2310=IFCINDEXEDPOLYGONALFACE((243,244,245,242));
#2311=IFCINDEXEDPOLYGONALFACE((244,243,239));
#2312=IFCINDEXEDPOLYGONALFACE((248,245,244));
#2313=IFCINDEXEDPOLYGONALFACE((244,239,246));
#2314=IFCINDEXEDPOLYGONALFACE((246,247,244));
#2315=IFCINDEXEDPOLYGONALFACE((244,247,248));
#2316=IFCINDEXEDPOLYGONALFACE((70,248,247));
#2317=IFCINDEXEDPOLYGONALFACE((245,248,249,251));
#2318=IFCINDEXEDPOLYGONALFACE((249,248,70));
#2319=IFCINDEXEDPOLYGONALFACE((71,76,249));
#2320=IFCINDEXEDPOLYGONALFACE((76,80,249));
#2321=IFCINDEXEDPOLYGONALFACE((253,251,249,250));
#2322=IFCINDEXEDPOLYGONALFACE((250,249,80));
#2323=IFCINDEXEDPOLYGONALFACE((71,249,70));
#2324=IFCINDEXEDPOLYGONALFACE((251,252,242,245));
#2325=IFCINDEXEDPOLYGONALFACE((252,251,253,255));
#2326=IFCINDEXEDPOLYGONALFACE((250,254,253));
#2327=IFCINDEXEDPOLYGONALFACE((255,253,254,92));
#2328=IFCINDEXEDPOLYGONALFACE((92,96,241,255));
#2329=IFCINDEXEDPOLYGONALFACE((241,252,255));
#2330=IFCINDEXEDPOLYGONALFACE((88,254,250,86));
#2331=IFCINDEXEDPOLYGONALFACE((242,252,241));
#2332=IFCINDEXEDPOLYGONALFACE((86,250,80,81));
#2333=IFCINDEXEDPOLYGONALFACE((246,68,70,247));
#2334=IFCINDEXEDPOLYGONALFACE((68,246,257,259));
#2335=IFCINDEXEDPOLYGONALFACE((239,256,246));
#2336=IFCINDEXEDPOLYGONALFACE((229,257,246));
#2337=IFCINDEXEDPOLYGONALFACE((229,246,256));
#2338=IFCINDEXEDPOLYGONALFACE((228,257,229));
#2339=IFCINDEXEDPOLYGONALFACE((228,258,257));
#2340=IFCINDEXEDPOLYGONALFACE((258,259,257));
#2341=IFCINDEXEDPOLYGONALFACE((258,260,259));
#2342=IFCINDEXEDPOLYGONALFACE((259,260,261));
#2343=IFCINDEXEDPOLYGONALFACE((68,259,261));
#2344=IFCINDEXEDPOLYGONALFACE((261,69,68));
#2345=IFCINDEXEDPOLYGONALFACE((261,260,57));
#2346=IFCINDEXEDPOLYGONALFACE((69,261,57,62));
#2347=IFCINDEXEDPOLYGONALFACE((262,260,258));
#2348=IFCINDEXEDPOLYGONALFACE((262,263,260));
#2349=IFCINDEXEDPOLYGONALFACE((263,57,260));
#2350=IFCINDEXEDPOLYGONALFACE((262,9,263));
#2351=IFCINDEXEDPOLYGONALFACE((263,9,264));
#2352=IFCINDEXEDPOLYGONALFACE((56,57,263));
#2353=IFCINDEXEDPOLYGONALFACE((263,264,56));
#2354=IFCINDEXEDPOLYGONALFACE((9,8,264));
#2355=IFCINDEXEDPOLYGONALFACE((8,56,264));
#2356=IFCINDEXEDPOLYGONALFACE((262,265,9));
#2357=IFCINDEXEDPOLYGONALFACE((265,262,266));
#2358=IFCINDEXEDPOLYGONALFACE((258,266,262));
#2359=IFCINDEXEDPOLYGONALFACE((267,265,266));
#2360=IFCINDEXEDPOLYGONALFACE((268,267,266));
#2361=IFCINDEXEDPOLYGONALFACE((268,266,219));
#2362=IFCINDEXEDPOLYGONALFACE((216,219,266));
#2363=IFCINDEXEDPOLYGONALFACE((266,227,216));
#2364=IFCINDEXEDPOLYGONALFACE((266,258,227));
#2365=IFCINDEXEDPOLYGONALFACE((267,268,269));
#2366=IFCINDEXEDPOLYGONALFACE((268,218,272,269));
#2367=IFCINDEXEDPOLYGONALFACE((219,218,268));
#2368=IFCINDEXEDPOLYGONALFACE((267,269,273));
#2369=IFCINDEXEDPOLYGONALFACE((271,269,270,366));
#2370=IFCINDEXEDPOLYGONALFACE((272,270,269));
#2371=IFCINDEXEDPOLYGONALFACE((275,273,269,271));
#2372=IFCINDEXEDPOLYGONALFACE((265,273,274));
#2373=IFCINDEXEDPOLYGONALFACE((265,267,273));
#2374=IFCINDEXEDPOLYGONALFACE((273,275,274));
#2375=IFCINDEXEDPOLYGONALFACE((271,276,275));
#2376=IFCINDEXEDPOLYGONALFACE((275,276,277));
#2377=IFCINDEXEDPOLYGONALFACE((274,275,277,280));
#2378=IFCINDEXEDPOLYGONALFACE((276,306,279,277));
#2379=IFCINDEXEDPOLYGONALFACE((278,282,280,277));
#2380=IFCINDEXEDPOLYGONALFACE((277,279,278));
#2381=IFCINDEXEDPOLYGONALFACE((282,283,281,280));
#2382=IFCINDEXEDPOLYGONALFACE((432,274,280,281));
#2383=IFCINDEXEDPOLYGONALFACE((284,286,283,282));
#2384=IFCINDEXEDPOLYGONALFACE((287,284,282,278));
#2385=IFCINDEXEDPOLYGONALFACE((287,289,285,284));
#2386=IFCINDEXEDPOLYGONALFACE((284,285,426,286));
#2387=IFCINDEXEDPOLYGONALFACE((278,288,287));
#2388=IFCINDEXEDPOLYGONALFACE((289,287,288));
#2389=IFCINDEXEDPOLYGONALFACE((288,302,290,289));
#2390=IFCINDEXEDPOLYGONALFACE((291,289,290));
#2391=IFCINDEXEDPOLYGONALFACE((285,289,291,292));
#2392=IFCINDEXEDPOLYGONALFACE((424,292,291,293));
#2393=IFCINDEXEDPOLYGONALFACE((290,295,294,291));
#2394=IFCINDEXEDPOLYGONALFACE((291,294,293));
#2395=IFCINDEXEDPOLYGONALFACE((296,295,290));
#2396=IFCINDEXEDPOLYGONALFACE((290,298,296));
#2397=IFCINDEXEDPOLYGONALFACE((299,297,296,298));
#2398=IFCINDEXEDPOLYGONALFACE((302,300,298,290));
#2399=IFCINDEXEDPOLYGONALFACE((300,303,299,298));
#2400=IFCINDEXEDPOLYGONALFACE((301,304,300));
#2401=IFCINDEXEDPOLYGONALFACE((301,300,302));
#2402=IFCINDEXEDPOLYGONALFACE((300,304,303));
#2403=IFCINDEXEDPOLYGONALFACE((304,301,279,306));
#2404=IFCINDEXEDPOLYGONALFACE((423,303,304,305));
#2405=IFCINDEXEDPOLYGONALFACE((307,305,304,306));
#2406=IFCINDEXEDPOLYGONALFACE((309,307,306,276));
#2407=IFCINDEXEDPOLYGONALFACE((308,310,307));
#2408=IFCINDEXEDPOLYGONALFACE((309,308,307));
#2409=IFCINDEXEDPOLYGONALFACE((305,307,310));
#2410=IFCINDEXEDPOLYGONALFACE((310,311,313));
#2411=IFCINDEXEDPOLYGONALFACE((310,308,311));
#2412=IFCINDEXEDPOLYGONALFACE((305,310,312));
#2413=IFCINDEXEDPOLYGONALFACE((312,310,313));
#2414=IFCINDEXEDPOLYGONALFACE((311,314,313));
#2415=IFCINDEXEDPOLYGONALFACE((315,313,314,318));
#2416=IFCINDEXEDPOLYGONALFACE((316,312,313,315));
#2417=IFCINDEXEDPOLYGONALFACE((316,315,317));
#2418=IFCINDEXEDPOLYGONALFACE((317,315,318,319));
#2419=IFCINDEXEDPOLYGONALFACE((319,318,320));
#2420=IFCINDEXEDPOLYGONALFACE((322,320,318,314));
#2421=IFCINDEXEDPOLYGONALFACE((319,320,321));
#2422=IFCINDEXEDPOLYGONALFACE((321,320,324,327));
#2423=IFCINDEXEDPOLYGONALFACE((322,323,320));
#2424=IFCINDEXEDPOLYGONALFACE((323,324,320));
#2425=IFCINDEXEDPOLYGONALFACE((326,325,324));
#2426=IFCINDEXEDPOLYGONALFACE((325,329,327,324));
#2427=IFCINDEXEDPOLYGONALFACE((326,324,323));
#2428=IFCINDEXEDPOLYGONALFACE((321,327,328,413));
#2429=IFCINDEXEDPOLYGONALFACE((327,329,332,328));
#2430=IFCINDEXEDPOLYGONALFACE((330,329,325));
#2431=IFCINDEXEDPOLYGONALFACE((329,330,331));
#2432=IFCINDEXEDPOLYGONALFACE((329,331,333,332));
#2433=IFCINDEXEDPOLYGONALFACE((333,331,336,334));
#2434=IFCINDEXEDPOLYGONALFACE((336,337,335,334));
#2435=IFCINDEXEDPOLYGONALFACE((336,338,339,337));
#2436=IFCINDEXEDPOLYGONALFACE((330,338,336));
#2437=IFCINDEXEDPOLYGONALFACE((336,331,330));
#2438=IFCINDEXEDPOLYGONALFACE((338,330,343,340));
#2439=IFCINDEXEDPOLYGONALFACE((338,340,341,339));
#2440=IFCINDEXEDPOLYGONALFACE((342,341,340));
#2441=IFCINDEXEDPOLYGONALFACE((342,340,344));
#2442=IFCINDEXEDPOLYGONALFACE((343,344,340));
#2443=IFCINDEXEDPOLYGONALFACE((344,345,348,342));
#2444=IFCINDEXEDPOLYGONALFACE((326,345,344));
#2445=IFCINDEXEDPOLYGONALFACE((344,343,325,326));
#2446=IFCINDEXEDPOLYGONALFACE((326,346,345));
#2447=IFCINDEXEDPOLYGONALFACE((346,347,345));
#2448=IFCINDEXEDPOLYGONALFACE((348,345,347,349));
#2449=IFCINDEXEDPOLYGONALFACE((349,350,348));
#2450=IFCINDEXEDPOLYGONALFACE((351,342,348,350));
#2451=IFCINDEXEDPOLYGONALFACE((352,350,349,355));
#2452=IFCINDEXEDPOLYGONALFACE((350,352,351));
#2453=IFCINDEXEDPOLYGONALFACE((352,354,353));
#2454=IFCINDEXEDPOLYGONALFACE((352,353,351));
#2455=IFCINDEXEDPOLYGONALFACE((354,352,355,356));
#2456=IFCINDEXEDPOLYGONALFACE((357,355,349));
#2457=IFCINDEXEDPOLYGONALFACE((357,356,355));
#2458=IFCINDEXEDPOLYGONALFACE((360,359,357,358));
#2459=IFCINDEXEDPOLYGONALFACE((358,357,349));
#2460=IFCINDEXEDPOLYGONALFACE((359,207,356,357));
#2461=IFCINDEXEDPOLYGONALFACE((360,210,359));
#2462=IFCINDEXEDPOLYGONALFACE((358,361,360));
#2463=IFCINDEXEDPOLYGONALFACE((360,361,362));
#2464=IFCINDEXEDPOLYGONALFACE((215,360,362));
#2465=IFCINDEXEDPOLYGONALFACE((215,210,360));
#2466=IFCINDEXEDPOLYGONALFACE((272,215,362));
#2467=IFCINDEXEDPOLYGONALFACE((363,362,361,364));
#2468=IFCINDEXEDPOLYGONALFACE((272,362,363));
#2469=IFCINDEXEDPOLYGONALFACE((364,365,363));
#2470=IFCINDEXEDPOLYGONALFACE((365,309,366,363));
#2471=IFCINDEXEDPOLYGONALFACE((272,363,270));
#2472=IFCINDEXEDPOLYGONALFACE((363,366,270));
#2473=IFCINDEXEDPOLYGONALFACE((276,271,366,309));
#2474=IFCINDEXEDPOLYGONALFACE((364,367,365));
#2475=IFCINDEXEDPOLYGONALFACE((367,323,365));
#2476=IFCINDEXEDPOLYGONALFACE((368,365,323));
#2477=IFCINDEXEDPOLYGONALFACE((365,368,308,309));
#2478=IFCINDEXEDPOLYGONALFACE((368,322,311));
#2479=IFCINDEXEDPOLYGONALFACE((311,308,368));
#2480=IFCINDEXEDPOLYGONALFACE((322,368,323));
#2481=IFCINDEXEDPOLYGONALFACE((364,346,367));
#2482=IFCINDEXEDPOLYGONALFACE((323,367,346));
#2483=IFCINDEXEDPOLYGONALFACE((346,364,369,347));
#2484=IFCINDEXEDPOLYGONALFACE((364,361,369));
#2485=IFCINDEXEDPOLYGONALFACE((349,347,369,358));
#2486=IFCINDEXEDPOLYGONALFACE((358,369,361));
#2487=IFCINDEXEDPOLYGONALFACE((356,370,354));
#2488=IFCINDEXEDPOLYGONALFACE((370,356,208,373));
#2489=IFCINDEXEDPOLYGONALFACE((356,207,208));
#2490=IFCINDEXEDPOLYGONALFACE((371,370,372));
#2491=IFCINDEXEDPOLYGONALFACE((370,371,353));
#2492=IFCINDEXEDPOLYGONALFACE((354,370,353));
#2493=IFCINDEXEDPOLYGONALFACE((373,372,370));
#2494=IFCINDEXEDPOLYGONALFACE((372,373,374));
#2495=IFCINDEXEDPOLYGONALFACE((205,374,373,208));
#2496=IFCINDEXEDPOLYGONALFACE((376,372,374,375));
#2497=IFCINDEXEDPOLYGONALFACE((375,374,200,198));
#2498=IFCINDEXEDPOLYGONALFACE((377,375,198,381));
#2499=IFCINDEXEDPOLYGONALFACE((380,376,375,377));
#2500=IFCINDEXEDPOLYGONALFACE((380,377,378));
#2501=IFCINDEXEDPOLYGONALFACE((377,379,378));
#2502=IFCINDEXEDPOLYGONALFACE((382,379,377,381));
#2503=IFCINDEXEDPOLYGONALFACE((383,382,381,194));
#2504=IFCINDEXEDPOLYGONALFACE((382,383,386,384));
#2505=IFCINDEXEDPOLYGONALFACE((379,382,384,385));
#2506=IFCINDEXEDPOLYGONALFACE((384,387,385));
#2507=IFCINDEXEDPOLYGONALFACE((384,386,389,388));
#2508=IFCINDEXEDPOLYGONALFACE((387,384,388,390));
#2509=IFCINDEXEDPOLYGONALFACE((393,387,390,391));
#2510=IFCINDEXEDPOLYGONALFACE((395,393,391,392));
#2511=IFCINDEXEDPOLYGONALFACE((396,394,393,395));
#2512=IFCINDEXEDPOLYGONALFACE((394,387,393));
#2513=IFCINDEXEDPOLYGONALFACE((398,396,395,397));
#2514=IFCINDEXEDPOLYGONALFACE((392,401,397,395));
#2515=IFCINDEXEDPOLYGONALFACE((398,397,399));
#2516=IFCINDEXEDPOLYGONALFACE((399,397,400));
#2517=IFCINDEXEDPOLYGONALFACE((401,400,397));
#2518=IFCINDEXEDPOLYGONALFACE((400,402,399));
#2519=IFCINDEXEDPOLYGONALFACE((405,399,402,403));
#2520=IFCINDEXEDPOLYGONALFACE((403,404,405));
#2521=IFCINDEXEDPOLYGONALFACE((337,405,404,335));
#2522=IFCINDEXEDPOLYGONALFACE((406,405,337));
#2523=IFCINDEXEDPOLYGONALFACE((399,405,406));
#2524=IFCINDEXEDPOLYGONALFACE((337,339,406));
#2525=IFCINDEXEDPOLYGONALFACE((407,399,406));
#2526=IFCINDEXEDPOLYGONALFACE((339,341,406));
#2527=IFCINDEXEDPOLYGONALFACE((407,406,341,409));
#2528=IFCINDEXEDPOLYGONALFACE((407,408,398,399));
#2529=IFCINDEXEDPOLYGONALFACE((409,408,407));
#2530=IFCINDEXEDPOLYGONALFACE((409,341,351));
#2531=IFCINDEXEDPOLYGONALFACE((409,410,408));
#2532=IFCINDEXEDPOLYGONALFACE((410,409,353));
#2533=IFCINDEXEDPOLYGONALFACE((409,351,353));
#2534=IFCINDEXEDPOLYGONALFACE((410,411,408));
#2535=IFCINDEXEDPOLYGONALFACE((410,380,411));
#2536=IFCINDEXEDPOLYGONALFACE((410,353,371));
#2537=IFCINDEXEDPOLYGONALFACE((371,380,410));
#2538=IFCINDEXEDPOLYGONALFACE((411,378,394,396));
#2539=IFCINDEXEDPOLYGONALFACE((380,378,411));
#2540=IFCINDEXEDPOLYGONALFACE((396,398,411));
#2541=IFCINDEXEDPOLYGONALFACE((398,408,411));
#2542=IFCINDEXEDPOLYGONALFACE((378,379,385,394));
#2543=IFCINDEXEDPOLYGONALFACE((394,385,387));
#2544=IFCINDEXEDPOLYGONALFACE((386,190,412,389));
#2545=IFCINDEXEDPOLYGONALFACE((186,412,190));
#2546=IFCINDEXEDPOLYGONALFACE((383,192,190,386));
#2547=IFCINDEXEDPOLYGONALFACE((371,376,380));
#2548=IFCINDEXEDPOLYGONALFACE((371,372,376));
#2549=IFCINDEXEDPOLYGONALFACE((342,351,341));
#2550=IFCINDEXEDPOLYGONALFACE((323,346,326));
#2551=IFCINDEXEDPOLYGONALFACE((343,330,325));
#2552=IFCINDEXEDPOLYGONALFACE((413,414,321));
#2553=IFCINDEXEDPOLYGONALFACE((416,321,414,415));
#2554=IFCINDEXEDPOLYGONALFACE((419,416,415,417));
#2555=IFCINDEXEDPOLYGONALFACE((420,419,417,418));
#2556=IFCINDEXEDPOLYGONALFACE((419,420,316,317));
#2557=IFCINDEXEDPOLYGONALFACE((319,416,419,317));
#2558=IFCINDEXEDPOLYGONALFACE((420,421,423,316));
#2559=IFCINDEXEDPOLYGONALFACE((418,422,421,420));
#2560=IFCINDEXEDPOLYGONALFACE((422,297,421));
#2561=IFCINDEXEDPOLYGONALFACE((297,299,421));
#2562=IFCINDEXEDPOLYGONALFACE((299,423,421));
#2563=IFCINDEXEDPOLYGONALFACE((316,423,305,312));
#2564=IFCINDEXEDPOLYGONALFACE((423,299,303));
#2565=IFCINDEXEDPOLYGONALFACE((416,319,321));
#2566=IFCINDEXEDPOLYGONALFACE((314,311,322));
#2567=IFCINDEXEDPOLYGONALFACE((288,301,302));
#2568=IFCINDEXEDPOLYGONALFACE((301,288,278,279));
#2569=IFCINDEXEDPOLYGONALFACE((292,424,425,426));
#2570=IFCINDEXEDPOLYGONALFACE((425,427,426));
#2571=IFCINDEXEDPOLYGONALFACE((427,22,286,426));
#2572=IFCINDEXEDPOLYGONALFACE((24,22,427));
#2573=IFCINDEXEDPOLYGONALFACE((426,285,292));
#2574=IFCINDEXEDPOLYGONALFACE((430,283,286,428));
#2575=IFCINDEXEDPOLYGONALFACE((286,22,428));
#2576=IFCINDEXEDPOLYGONALFACE((429,430,428));
#2577=IFCINDEXEDPOLYGONALFACE((22,429,428));
#2578=IFCINDEXEDPOLYGONALFACE((431,281,283,430));
#2579=IFCINDEXEDPOLYGONALFACE((431,430,429));
#2580=IFCINDEXEDPOLYGONALFACE((429,15,11,431));
#2581=IFCINDEXEDPOLYGONALFACE((7,431,11,6));
#2582=IFCINDEXEDPOLYGONALFACE((432,281,431,7));
#2583=IFCINDEXEDPOLYGONALFACE((15,429,13));
#2584=IFCINDEXEDPOLYGONALFACE((274,432,7));
#2585=IFCINDEXEDPOLYGONALFACE((433,274,7));
#2586=IFCINDEXEDPOLYGONALFACE((265,274,433));
#2587=IFCINDEXEDPOLYGONALFACE((265,433,9));
#2588=IFCINDEXEDPOLYGONALFACE((433,7,9));
#2589=IFCINDEXEDPOLYGONALFACE((215,272,218));
#2590=IFCINDEXEDPOLYGONALFACE((258,228,227));
#2591=IFCINDEXEDPOLYGONALFACE((229,256,233));
#2592=IFCINDEXEDPOLYGONALFACE((233,256,239));
#2593=IFCINDEXEDPOLYGONALFACE((237,238,103));
#2594=IFCINDEXEDPOLYGONALFACE((238,94,95));
#2595=IFCINDEXEDPOLYGONALFACE((237,106,116));
#2596=IFCINDEXEDPOLYGONALFACE((237,116,235));
#2597=IFCINDEXEDPOLYGONALFACE((434,225,231));
#2598=IFCINDEXEDPOLYGONALFACE((117,434,231,115));
#2599=IFCINDEXEDPOLYGONALFACE((434,121,435));
#2600=IFCINDEXEDPOLYGONALFACE((435,222,434));
#2601=IFCINDEXEDPOLYGONALFACE((434,222,225));
#2602=IFCINDEXEDPOLYGONALFACE((434,117,121));
#2603=IFCINDEXEDPOLYGONALFACE((435,121,135));
#2604=IFCINDEXEDPOLYGONALFACE((135,223,435));
#2605=IFCINDEXEDPOLYGONALFACE((223,135,136));
#2606=IFCINDEXEDPOLYGONALFACE((136,139,223));
#2607=IFCINDEXEDPOLYGONALFACE((215,209,210));
#2608=IFCINDEXEDPOLYGONALFACE((141,436,203));
#2609=IFCINDEXEDPOLYGONALFACE((436,438,201,203));
#2610=IFCINDEXEDPOLYGONALFACE((437,438,436));
#2611=IFCINDEXEDPOLYGONALFACE((437,436,140));
#2612=IFCINDEXEDPOLYGONALFACE((440,439,438,437));
#2613=IFCINDEXEDPOLYGONALFACE((196,201,438,439));
#2614=IFCINDEXEDPOLYGONALFACE((441,195,439,440));
#2615=IFCINDEXEDPOLYGONALFACE((147,441,440,145));
#2616=IFCINDEXEDPOLYGONALFACE((145,440,437,143));
#2617=IFCINDEXEDPOLYGONALFACE((442,188,441));
#2618=IFCINDEXEDPOLYGONALFACE((195,441,188));
#2619=IFCINDEXEDPOLYGONALFACE((441,147,149,442));
#2620=IFCINDEXEDPOLYGONALFACE((182,442,149,154));
#2621=IFCINDEXEDPOLYGONALFACE((143,437,140));
#2622=IFCINDEXEDPOLYGONALFACE((124,113,111));
#2623=IFCINDEXEDPOLYGONALFACE((443,83,78));
#2624=IFCINDEXEDPOLYGONALFACE((444,443,445,446));
#2625=IFCINDEXEDPOLYGONALFACE((78,445,443));
#2626=IFCINDEXEDPOLYGONALFACE((445,73,448,446));
#2627=IFCINDEXEDPOLYGONALFACE((73,445,78));
#2628=IFCINDEXEDPOLYGONALFACE((446,447,444));
#2629=IFCINDEXEDPOLYGONALFACE((446,448,449,447));
#2630=IFCINDEXEDPOLYGONALFACE((74,449,448,73));
#2631=IFCINDEXEDPOLYGONALFACE((450,449,64,451));
#2632=IFCINDEXEDPOLYGONALFACE((450,447,449));
#2633=IFCINDEXEDPOLYGONALFACE((449,74,64));
#2634=IFCINDEXEDPOLYGONALFACE((451,452,450));
#2635=IFCINDEXEDPOLYGONALFACE((452,453,454));
#2636=IFCINDEXEDPOLYGONALFACE((476,453,452,451));
#2637=IFCINDEXEDPOLYGONALFACE((453,455,454));
#2638=IFCINDEXEDPOLYGONALFACE((454,455,456));
#2639=IFCINDEXEDPOLYGONALFACE((455,457,456));
#2640=IFCINDEXEDPOLYGONALFACE((455,458,457));
#2641=IFCINDEXEDPOLYGONALFACE((459,458,455,460));
#2642=IFCINDEXEDPOLYGONALFACE((460,461,459));
#2643=IFCINDEXEDPOLYGONALFACE((462,461,460,464));
#2644=IFCINDEXEDPOLYGONALFACE((41,463,462,464));
#2645=IFCINDEXEDPOLYGONALFACE((460,465,464));
#2646=IFCINDEXEDPOLYGONALFACE((465,45,464));
#2647=IFCINDEXEDPOLYGONALFACE((466,468,467,465));
#2648=IFCINDEXEDPOLYGONALFACE((465,460,466));
#2649=IFCINDEXEDPOLYGONALFACE((465,467,45));
#2650=IFCINDEXEDPOLYGONALFACE((47,467,468,469));
#2651=IFCINDEXEDPOLYGONALFACE((470,473,469,468));
#2652=IFCINDEXEDPOLYGONALFACE((468,466,472,470));
#2653=IFCINDEXEDPOLYGONALFACE((470,472,471));
#2654=IFCINDEXEDPOLYGONALFACE((473,470,471));
#2655=IFCINDEXEDPOLYGONALFACE((471,474,473));
#2656=IFCINDEXEDPOLYGONALFACE((474,475,473));
#2657=IFCINDEXEDPOLYGONALFACE((54,473,475,53));
#2658=IFCINDEXEDPOLYGONALFACE((50,469,473,54));
#2659=IFCINDEXEDPOLYGONALFACE((60,475,474));
#2660=IFCINDEXEDPOLYGONALFACE((474,476,451,60));
#2661=IFCINDEXEDPOLYGONALFACE((471,476,474));
#2662=IFCINDEXEDPOLYGONALFACE((453,476,472));
#2663=IFCINDEXEDPOLYGONALFACE((476,471,472));
#2664=IFCINDEXEDPOLYGONALFACE((453,472,455));
#2665=IFCINDEXEDPOLYGONALFACE((472,466,460,455));
#2666=IFCINDEXEDPOLYGONALFACE((469,50,47));
#2667=IFCINDEXEDPOLYGONALFACE((477,451,64));
#2668=IFCINDEXEDPOLYGONALFACE((477,60,451));
#2669=IFCINDEXEDPOLYGONALFACE((477,59,60));
#2670=IFCINDEXEDPOLYGONALFACE((74,66,64));
#2671=IFCINDEXEDPOLYGONALFACE((4,478,48));
#2672=IFCINDEXEDPOLYGONALFACE((43,48,478,39));
#2673=IFCINDEXEDPOLYGONALFACE((481,479,478,480));
#2674=IFCINDEXEDPOLYGONALFACE((478,479,39));
#2675=IFCINDEXEDPOLYGONALFACE((4,2,478));
#2676=IFCINDEXEDPOLYGONALFACE((2,480,478));
#2677=IFCINDEXEDPOLYGONALFACE((480,14,481));
#2678=IFCINDEXEDPOLYGONALFACE((14,480,3));
#2679=IFCINDEXEDPOLYGONALFACE((2,3,480));
#2680=IFCINDEXEDPOLYGONALFACE((479,481,482));
#2681=IFCINDEXEDPOLYGONALFACE((481,14,19,482));
#2682=IFCINDEXEDPOLYGONALFACE((479,482,39));
#2683=IFCINDEXEDPOLYGONALFACE((31,482,19));
#2684=IFCINDEXEDPOLYGONALFACE((482,31,35));
#2685=IFCPOLYGONALFACESET(#2052,$,(#2053,#2054,#2055,#2056,#2057,#2058,#2059,#2060,#2061,#2062,#2063,#2064,#2065,#2066,#2067,#2068,#2069,#2070,#2071,#2072,#2073,#2074,#2075,#2076,#2077,#2078,#2079,#2080,#2081,#2082,#2083,#2084,#2085,#2086,#2087,#2088,#2089,#2090,#2091,#2092,#2093,#2094,#2095,#2096,#2097,#2098,#2099,#2100,#2101,#2102,#2103,#2104,#2105,#2106,#2107,#2108,#2109,#2110,#2111,#2112,#2113,#2114,#2115,#2116,#2117,#2118,#2119,#2120,#2121,#2122,#2123,#2124,#2125,#2126,#2127,#2128,#2129,#2130,#2131,#2132,#2133,#2134,#2135,#2136,#2137,#2138,#2139,#2140,#2141,#2142,#2143,#2144,#2145,#2146,#2147,#2148,#2149,#2150,#2151,#2152,#2153,#2154,#2155,#2156,#2157,#2158,#2159,#2160,#2161,#2162,#2163,#2164,#2165,#2166,#2167,#2168,#2169,#2170,#2171,#2172,#2173,#2174,#2175,#2176,#2177,#2178,#2179,#2180,#2181,#2182,#2183,#2184,#2185,#2186,#2187,#2188,#2189,#2190,#2191,#2192,#2193,#2194,#2195,#2196,#2197,#2198,#2199,#2200,#2201,#2202,#2203,#2204,#2205,#2206,#2207,#2208,#2209,#2210,#2211,#2212,#2213,#2214,#2215,#2216,#2217,#2218,#2219,#2220,#2221,#2222,#2223,#2224,#2225,#2226,#2227,#2228,#2229,#2230,#2231,#2232,#2233,#2234,#2235,#2236,#2237,#2238,#2239,#2240,#2241,#2242,#2243,#2244,#2245,#2246,#2247,#2248,#2249,#2250,#2251,#2252,#2253,#2254,#2255,#2256,#2257,#2258,#2259,#2260,#2261,#2262,#2263,#2264,#2265,#2266,#2267,#2268,#2269,#2270,#2271,#2272,#2273,#2274,#2275,#2276,#2277,#2278,#2279,#2280,#2281,#2282,#2283,#2284,#2285,#2286,#2287,#2288,#2289,#2290,#2291,#2292,#2293,#2294,#2295,#2296,#2297,#2298,#2299,#2300,#2301,#2302,#2303,#2304,#2305,#2306,#2307,#2308,#2309,#2310,#2311,#2312,#2313,#2314,#2315,#2316,#2317,#2318,#2319,#2320,#2321,#2322,#2323,#2324,#2325,#2326,#2327,#2328,#2329,#2330,#2331,#2332,#2333,#2334,#2335,#2336,#2337,#2338,#2339,#2340,#2341,#2342,#2343,#2344,#2345,#2346,#2347,#2348,#2349,#2350,#2351,#2352,#2353,#2354,#2355,#2356,#2357,#2358,#2359,#2360,#2361,#2362,#2363,#2364,#2365,#2366,#2367,#2368,#2369,#2370,#2371,#2372,#2373,#2374,#2375,#2376,#2377,#2378,#2379,#2380,#2381,#2382,#2383,#2384,#2385,#2386,#2387,#2388,#2389,#2390,#2391,#2392,#2393,#2394,#2395,#2396,#2397,#2398,#2399,#2400,#2401,#2402,#2403,#2404,#2405,#2406,#2407,#2408,#2409,#2410,#2411,#2412,#2413,#2414,#2415,#2416,#2417,#2418,#2419,#2420,#2421,#2422,#2423,#2424,#2425,#2426,#2427,#2428,#2429,#2430,#2431,#2432,#2433,#2434,#2435,#2436,#2437,#2438,#2439,#2440,#2441,#2442,#2443,#2444,#2445,#2446,#2447,#2448,#2449,#2450,#2451,#2452,#2453,#2454,#2455,#2456,#2457,#2458,#2459,#2460,#2461,#2462,#2463,#2464,#2465,#2466,#2467,#2468,#2469,#2470,#2471,#2472,#2473,#2474,#2475,#2476,#2477,#2478,#2479,#2480,#2481,#2482,#2483,#2484,#2485,#2486,#2487,#2488,#2489,#2490,#2491,#2492,#2493,#2494,#2495,#2496,#2497,#2498,#2499,#2500,#2501,#2502,#2503,#2504,#2505,#2506,#2507,#2508,#2509,#2510,#2511,#2512,#2513,#2514,#2515,#2516,#2517,#2518,#2519,#2520,#2521,#2522,#2523,#2524,#2525,#2526,#2527,#2528,#2529,#2530,#2531,#2532,#2533,#2534,#2535,#2536,#2537,#2538,#2539,#2540,#2541,#2542,#2543,#2544,#2545,#2546,#2547,#2548,#2549,#2550,#2551,#2552,#2553,#2554,#2555,#2556,#2557,#2558,#2559,#2560,#2561,#2562,#2563,#2564,#2565,#2566,#2567,#2568,#2569,#2570,#2571,#2572,#2573,#2574,#2575,#2576,#2577,#2578,#2579,#2580,#2581,#2582,#2583,#2584,#2585,#2586,#2587,#2588,#2589,#2590,#2591,#2592,#2593,#2594,#2595,#2596,#2597,#2598,#2599,#2600,#2601,#2602,#2603,#2604,#2605,#2606,#2607,#2608,#2609,#2610,#2611,#2612,#2613,#2614,#2615,#2616,#2617,#2618,#2619,#2620,#2621,#2622,#2623,#2624,#2625,#2626,#2627,#2628,#2629,#2630,#2631,#2632,#2633,#2634,#2635,#2636,#2637,#2638,#2639,#2640,#2641,#2642,#2643,#2644,#2645,#2646,#2647,#2648,#2649,#2650,#2651,#2652,#2653,#2654,#2655,#2656,#2657,#2658,#2659,#2660,#2661,#2662,#2663,#2664,#2665,#2666,#2667,#2668,#2669,#2670,#2671,#2672,#2673,#2674,#2675,#2676,#2677,#2678,#2679,#2680,#2681,#2682,#2683,#2684),$);
#2686=IFCCARTESIANPOINTLIST3D(((-157.894927978516,192.290008544922,375.363983154297),(-132.577911376953,212.80500793457,378.464019775391),(-161.198928833008,195.,378.410003662109),(-168.779922485352,175.219024658203,372.530975341797),(-144.612930297852,193.658996582031,372.491973876953),(-114.638916015625,217.417999267578,375.337005615234),(-177.772933959961,173.269027709961,375.374969482422),(-191.597946166992,142.704010009766,372.471954345703),(-176.260925292969,182.870025634766,379.722991943359),(-188.690933227539,166.542007446289,379.700958251953),(-200.962951660156,136.157028198242,375.357971191406),(-210.146957397461,105.07202911377,373.180969238281),(-199.414947509766,149.079010009766,379.618988037109),(-209.415939331055,130.,379.871002197266),(-208.871948242188,141.257034301758,387.346984863281),(-216.47395324707,110.799034118652,379.371978759766),(-217.602935791016,121.952033996582,387.159973144531),(-220.343948364258,130.732040405273,417.567962646484),(-228.239959716797,109.712036132812,418.362976074219),(-224.280960083008,101.036033630371,386.835968017578),(-229.318969726562,73.2980422973633,383.655975341797),(-232.553955078125,74.7910385131836,395.),(-231.815948486328,95.5650405883789,415.868957519531),(-221.566955566406,93.7140350341797,379.269958496094),(-229.624969482422,49.1720390319824,377.847961425781),(-221.752960205078,72.1740417480469,374.889984130859),(-231.856994628906,4.10304689407349,374.580993652344),(-218.637969970703,65.4520416259766,372.362976074219),(-206.098968505859,93.2350311279297,370.315979003906),(-217.551971435547,39.6420402526855,370.383972167969),(-226.036987304688,13.0280447006226,372.087951660156),(-233.313003540039,-79.1929550170898,373.049987792969),(-223.495010375977,-39.7449531555176,370.567993164062),(-217.95100402832,-43.5359535217285,370.546966552734),(-227.314010620117,-88.3959503173828,372.599975585938),(-221.321014404297,-108.757949829102,375.),(-232.8330078125,-105.722946166992,375.133972167969),(-212.468994140625,-56.4219551086426,371.8759765625),(-223.937026977539,-109.286949157715,374.899993896484),(-224.90202331543,-109.738945007324,376.),(-222.63102722168,-109.257949829102,375.489990234375),(-234.209014892578,-109.076950073242,377.499969482422),(-230.091018676758,-110.809944152832,378.039978027344),(-231.873016357422,-111.181945800781,382.334991455078),(-228.017013549805,-110.508949279785,377.673980712891),(-229.789016723633,-110.92594909668,379.188995361328),(-237.381011962891,-110.42894744873,392.099975585938),(-234.905014038086,-110.673950195312,388.593963623047),(-237.886016845703,-109.046943664551,382.544982910156),(-242.989013671875,-106.234939575195,391.143981933594),(-244.535018920898,-106.841934204102,402.474975585938),(-239.551010131836,-106.78694152832,381.572967529297),(-245.052017211914,-100.311943054199,393.046966552734),(-237.151016235352,-106.796943664551,377.683959960938),(-240.303009033203,-87.1409454345703,378.289001464844),(-237.176010131836,-86.8159408569336,374.936004638672),(-243.184020996094,-82.31494140625,385.505981445312),(-239.647994995117,-54.2219467163086,379.668975830078),(-235.318984985352,-1.67695164680481,376.976959228516),(-238.016983032227,1.07904863357544,380.532989501953),(-240.010986328125,1.88004910945892,384.102966308594),(-242.957992553711,-49.066951751709,389.280975341797),(-249.022018432617,-78.,407.600982666016),(-242.341979980469,-16.659948348999,389.478973388672),(-250.442993164062,-43.1509475708008,423.116973876953),(-256.683013916016,-72.3809432983398,451.134979248047),(-248.427993774414,0.348049074411392,421.739959716797),(-269.364990234375,11.0290451049805,560.020935058594),(-247.045959472656,26.5240459442139,429.182983398438),(-267.112976074219,-10.2669525146484,536.23193359375),(-242.86799621582,5.48104906082153,394.639984130859),(-238.080963134766,40.2910461425781,392.178985595703),(-242.683975219727,41.4310455322266,414.841979980469),(-241.84797668457,64.3770446777344,434.79296875),(-278.951965332031,59.1140403747559,663.225952148438),(-277.783966064453,39.0650367736816,636.233947753906),(-251.769943237305,83.4820404052734,524.228942871094),(-275.869934082031,81.6690368652344,672.5439453125),(-271.6689453125,99.6730346679688,676.023986816406),(-274.953948974609,93.43603515625,691.6669921875),(-267.606964111328,113.819030761719,678.732971191406),(-237.176940917969,131.626037597656,526.956970214844),(-260.899932861328,132.922012329102,680.953918457031),(-267.018951416016,120.366027832031,694.618957519531),(-255.202926635742,149.741012573242,698.504943847656),(-266.537933349609,120.095031738281,702.296936035156),(-274.572937011719,92.8280334472656,699.180969238281),(-264.889953613281,120.208023071289,707.765930175781),(-254.897933959961,148.959014892578,706.109985351562),(-249.96794128418,155.044021606445,712.381958007812),(-236.382934570312,183.665023803711,710.213989257812),(-257.391906738281,137.587020874023,710.809936523438),(-249.508941650391,154.357025146484,712.832946777344),(-262.348968505859,124.876022338867,708.9189453125),(-266.742950439453,112.132019042969,707.243957519531),(-270.597961425781,99.0130310058594,705.774963378906),(-273.224975585938,92.,704.524963378906),(-273.881958007812,85.566032409668,704.281921386719),(-277.494964599609,66.5900344848633,701.847900390625),(-280.22998046875,44.3390350341797,697.684936523438),(-278.506958007812,64.6210327148438,701.090942382812),(-279.77294921875,65.9140319824219,695.912963867188),(-280.174957275391,66.7700347900391,688.361938476562),(-283.044006347656,36.423038482666,689.789978027344),(-281.169982910156,30.0850372314453,693.634948730469),(-283.587005615234,37.8580360412598,680.949951171875),(-283.636962890625,9.03804111480713,678.655944824219),(-284.233001708984,9.37404155731201,671.89794921875),(-282.387969970703,-13.6309566497803,657.388916015625),(-281.480010986328,16.173038482666,688.092956542969),(-281.152008056641,2.69204020500183,680.528930664062),(-280.16796875,-10.2369585037231,670.445007324219),(-278.391967773438,-22.3549575805664,657.505920410156),(-279.430969238281,-22.1639575958252,656.804931640625),(-276.047973632812,-33.706958770752,641.902954101562),(-278.903961181641,-32.8139533996582,631.755981445312),(-271.847991943359,-59.0789489746094,572.805969238281),(-281.050994873047,-17.375955581665,638.759948730469),(-273.862030029297,-50.965950012207,600.183959960938),(-273.184997558594,-44.0759544372559,623.453918457031),(-270.287017822266,-53.5359573364258,602.835998535156),(-268.746002197266,-66.3019561767578,563.453918457031),(-261.028015136719,-80.7309494018555,526.408935546875),(-263.756011962891,-79.6939544677734,521.615966796875),(-266.756011962891,-65.9249496459961,570.641967773438),(-265.827026367188,-66.1539535522461,570.213012695312),(-261.467010498047,-77.1179504394531,537.716979980469),(-257.041015625,-88.1049499511719,501.947967529297),(-252.085021972656,-97.9059524536133,464.654998779297),(-255.932998657227,-92.2929534912109,486.701965332031),(-259.600036621094,-88.8129501342773,491.301971435547),(-250.332015991211,-101.556953430176,448.220977783203),(-248.046005249023,-103.251953125,439.767974853516),(-254.648010253906,-97.7219467163086,448.),(-244.238021850586,-107.430953979492,416.203979492188),(-244.924011230469,-106.225944519043,423.478973388672),(-241.677017211914,-108.351943969727,409.349975585938),(-249.588012695312,-103.022941589355,418.084991455078),(-251.241012573242,-96.5899429321289,419.133972167969),(-256.693023681641,-90.6039428710938,451.927947998047),(-264.218994140625,-75.9759521484375,507.819976806641),(-261.480010986328,-86.0729522705078,492.811981201172),(-266.989013671875,-60.8579483032227,526.245971679688),(-277.198974609375,-9.16795444488525,607.879943847656),(-283.234985351562,14.4430418014526,660.075988769531),(-238.329010009766,-109.781951904297,397.636993408203),(-238.693923950195,174.698013305664,715.164978027344),(-231.281921386719,187.160995483398,716.519958496094),(-234.910919189453,182.818008422852,715.52490234375),(-223.116928100586,199.481994628906,718.015991210938),(-213.952911376953,211.162002563477,719.344909667969),(-220.013916015625,207.657989501953,712.767944335938),(-205.553909301758,223.67399597168,714.435974121094),(-220.504913330078,207.986999511719,705.083984375),(-223.,201.979995727539,688.699951171875),(-214.510925292969,212.934005737305,691.732971191406),(-205.621917724609,224.574996948242,703.162963867188),(-236.938919067383,183.960021972656,702.581970214844),(-235.507919311523,183.546020507812,686.607971191406),(-203.100921630859,162.621032714844,416.595001220703),(-249.487930297852,157.932022094727,682.7109375),(-210.672927856445,176.877029418945,517.166015625),(-199.6279296875,193.974014282227,529.183959960938),(-191.39892578125,180.097015380859,417.295959472656),(-177.667938232422,192.122009277344,398.398956298828),(-184.837921142578,179.675018310547,387.509979248047),(-197.347930908203,161.283020019531,387.162994384766),(-172.116928100586,192.933013916016,385.956970214844),(-162.778930664062,197.63801574707,381.794982910156),(-159.180923461914,203.209014892578,385.779998779297),(-129.746917724609,221.186996459961,386.038024902344),(-161.750930786133,205.055023193359,395.819000244141),(-172.490936279297,201.897018432617,422.414001464844),(-144.574920654297,216.59700012207,397.682006835938),(-157.172912597656,217.9169921875,444.350006103516),(-160.555923461914,237.339996337891,580.201965332031),(-138.363922119141,231.729995727539,458.027008056641),(-175.882904052734,223.270004272461,562.),(-193.295913696289,233.835998535156,692.178955078125),(-181.324920654297,243.202987670898,692.2509765625),(-188.785919189453,207.853012084961,541.401977539062),(-162.408889770508,255.721969604492,692.539978027344),(-189.014907836914,239.361999511719,708.599914550781),(-162.786911010742,257.101989746094,710.877990722656),(-188.519912719727,238.90998840332,716.282958984375),(-192.609909057617,232.192993164062,722.),(-180.444915771484,241.720993041992,723.22998046875),(-162.544891357422,256.379974365234,718.695983886719),(-167.389923095703,250.482986450195,724.346923828125),(-153.148895263672,258.617004394531,725.320922851562),(-132.162902832031,271.451995849609,720.700927734375),(-108.77490234375,279.964965820312,722.),(-132.131896972656,272.444976806641,713.),(-131.22590637207,269.743988037109,726.014953613281),(-102.167907714844,279.686950683594,727.343933105469),(-138.237899780273,265.757995605469,726.014953613281),(-123.010902404785,272.024963378906,726.790954589844),(-107.737907409668,277.178955078125,727.455932617188),(-92.7419052124023,281.076965332031,727.969970703125),(-78.0509033203125,284.,728.326904296875),(-63.694896697998,286.205963134766,728.515014648438),(-72.4969024658203,285.825958251953,728.121948242188),(-24.7559032440186,291.561920166016,728.676940917969),(-78.6898956298828,287.636962890625,723.070922851562),(-102.936904907227,283.046936035156,714.737976074219),(-24.0569038391113,294.208923339844,724.184936523438),(-74.0118942260742,289.733947753906,715.622985839844),(-35.089900970459,294.966949462891,716.420959472656),(-1.33690321445465,296.812927246094,717.557983398438),(-33.2839012145996,295.234954833984,703.389953613281),(-73.9068984985352,289.490936279297,702.581970214844),(0.,296.742919921875,702.31298828125),(-30.5369033813477,293.23193359375,680.552978515625),(-61.9469032287598,289.159973144531,679.805969238281),(-61.2119102478027,264.085968017578,503.571960449219),(-90.3919067382812,273.306945800781,614.216003417969),(-89.5389022827148,283.346954345703,678.8349609375),(-106.34090423584,281.140960693359,697.478942871094),(-125.370895385742,273.827972412109,694.076965332031),(-117.161911010742,261.877990722656,595.823974609375),(-142.353912353516,249.118988037109,586.25),(-103.375915527344,249.39697265625,476.783996582031),(-121.040908813477,241.863983154297,470.794006347656),(-125.601921081543,227.342987060547,398.873016357422),(-111.85391998291,232.962982177734,397.466979980469),(-91.3249206542969,239.547988891602,396.622985839844),(-104.219924926758,231.609985351562,384.618011474609),(-128.519912719727,218.768005371094,381.885009765625),(-108.337913513184,224.610992431641,378.450988769531),(-76.8289184570312,235.488983154297,379.680999755859),(-76.6609115600586,240.106979370117,386.076995849609),(-62.,246.055969238281,395.157989501953),(-48.9609184265137,245.439971923828,386.264007568359),(-48.8999214172363,240.929977416992,379.803009033203),(-36.0919151306152,250.745971679688,399.141998291016),(-23.3529186248779,247.783966064453,386.35400390625),(21.6360778808594,247.797958374023,386.143005371094),(-22.5079174041748,243.581970214844,380.052001953125),(-23.1989154815674,250.606964111328,395.283020019531),(-6.77491617202759,256.276947021484,421.013000488281),(26.866081237793,250.634948730469,395.141998291016),(50.,252.503921508789,417.700012207031),(69.7250747680664,244.858917236328,396.033996582031),(23.25608253479,255.66796875,420.355010986328),(48.9610748291016,245.43994140625,386.264007568359),(76.7680740356445,239.400924682617,384.579986572266),(48.903076171875,240.925933837891,379.801025390625),(23.213077545166,243.246963500977,379.740020751953),(24.4490776062012,237.727951049805,375.566986083984),(78.2160720825195,229.185928344727,375.209014892578),(84.6130752563477,232.095932006836,378.361999511719),(104.33406829834,231.550933837891,384.580993652344),(120.242065429688,219.460906982422,378.404998779297),(128.566070556641,218.73991394043,381.880004882812),(121.028060913086,214.328918457031,375.388000488281),(160.012054443359,196.039916992188,378.450958251953),(158.978042602539,191.346923828125,375.338989257812),(158.761047363281,202.762924194336,384.421997070312),(172.690048217773,186.800903320312,379.688995361328),(177.680053710938,173.404907226562,375.389984130859),(184.555038452148,172.542907714844,379.708984375),(172.233047485352,192.802886962891,385.932983398438),(177.610046386719,190.836898803711,394.091979980469),(184.503051757812,178.911895751953,385.936981201172),(193.438034057617,170.368896484375,394.185974121094),(201.321044921875,154.831909179688,387.094970703125),(196.579025268555,154.110900878906,379.623992919922),(215.450042724609,131.28288269043,393.782989501953),(207.428024291992,141.220901489258,384.350952148438),(211.346038818359,149.55989074707,419.485961914062),(220.055023193359,131.127883911133,416.873962402344),(236.680038452148,131.615875244141,523.780944824219),(242.59504699707,171.247863769531,685.),(198.0810546875,171.048904418945,418.544982910156),(251.642028808594,153.39485168457,682.086975097656),(218.382049560547,167.521881103516,525.885986328125),(230.86604309082,190.822860717773,687.650939941406),(205.642044067383,184.264892578125,518.969970703125),(192.097045898438,202.872894287109,532.117004394531),(223.216049194336,201.908874511719,689.778930664062),(184.801040649414,188.078903198242,416.135986328125),(172.445053100586,201.771896362305,421.440002441406),(157.709060668945,218.97590637207,453.040985107422),(161.868057250977,205.096908569336,396.248016357422),(179.918075561523,218.509887695312,555.101928710938),(193.238067626953,233.800872802734,691.757934570312),(165.715057373047,233.,574.317932128906),(204.211059570312,223.745864868164,691.23291015625),(214.197052001953,213.152877807617,690.857971191406),(205.946060180664,224.147872924805,711.350952148438),(189.188064575195,239.229873657227,708.516967773438),(220.438064575195,208.059860229492,705.18994140625),(220.014068603516,207.657867431641,712.767944335938),(188.520065307617,238.909866333008,716.282958984375),(203.793060302734,222.022857666016,720.683959960938),(213.953063964844,211.161865234375,719.344909667969),(192.610061645508,232.192855834961,722.),(180.445068359375,241.72087097168,723.22998046875),(167.390075683594,250.482864379883,724.346923828125),(153.149078369141,258.616882324219,725.320922851562),(162.54606628418,256.379852294922,718.695983886719),(163.040069580078,256.960845947266,710.779968261719),(132.1630859375,271.451904296875,720.700927734375),(131.226089477539,269.743896484375,726.014953613281),(108.775077819824,279.964904785156,722.),(132.488082885742,272.298889160156,712.890014648438),(103.427085876465,282.908905029297,714.676940917969),(125.727081298828,273.579895019531,693.302917480469),(140.751083374023,266.889892578125,692.184936523438),(141.691070556641,249.050903320312,583.590942382812),(162.387084960938,255.616851806641,691.786987304688),(181.319061279297,243.10188293457,691.669982910156),(117.05606842041,261.335906982422,591.989929199219),(121.252075195312,241.182907104492,466.914001464844),(144.099060058594,227.775924682617,453.434997558594),(132.401077270508,231.156921386719,436.2919921875),(144.147064208984,216.925903320312,397.908020019531),(110.635063171387,233.708923339844,398.477996826172),(123.717071533203,227.092910766602,394.983001708984),(129.7470703125,221.186904907227,386.038024902344),(93.8110656738281,238.927932739258,396.847991943359),(103.170074462891,250.583938598633,484.294006347656),(81.7440795898438,256.795928955078,484.858978271484),(90.1970825195312,272.123901367188,605.868957519531),(62.543083190918,279.463928222656,613.901916503906),(89.4740829467773,283.683868408203,681.06396484375),(60.7570877075195,289.533935546875,680.545959472656),(73.9400939941406,289.448913574219,702.383972167969),(106.38508605957,280.989898681641,696.3779296875),(74.8570861816406,289.593902587891,715.542907714844),(33.2910957336426,295.249908447266,703.822937011719),(39.7260932922363,292.311920166016,681.401000976562),(19.2200946807861,293.638916015625,678.),(31.1140956878662,295.423950195312,716.553955078125),(24.0570945739746,294.208923339844,724.184936523438),(78.6900939941406,287.636901855469,723.070922851562),(72.4970932006836,285.825897216797,728.121948242188),(102.168083190918,279.686889648438,727.343933105469),(92.7420883178711,281.076904296875,727.969970703125),(107.738082885742,277.178894042969,727.455932617188),(123.011085510254,272.024871826172,726.790954589844),(138.238082885742,265.757904052734,726.014953613281),(78.0510864257812,284.,728.326904296875),(63.6950912475586,286.205902099609,728.515014648438),(39.4330902099609,289.234924316406,728.757934570312),(24.5740947723389,291.582916259766,728.674987792969),(0.,291.823944091797,728.755981445312),(19.7210941314697,291.074920654297,728.890991210938),(-19.7199039459229,291.075927734375,728.891967773438),(0.,295.164916992188,724.348999023438),(-39.4329032897949,289.234954833984,728.757934570312),(24.8940830230713,263.295959472656,468.622009277344),(0.373094767332077,290.880920410156,652.540954589844),(-4.28490877151489,278.365966796875,568.433959960938),(-2.91191387176514,263.35595703125,464.601989746094),(-34.6119117736816,261.858947753906,463.182006835938),(-60.7919120788574,251.447982788086,422.372009277344),(-81.7219085693359,256.648986816406,483.919006347656),(41.3640823364258,261.595916748047,466.919006347656),(61.4250831604004,261.074920654297,482.954010009766),(223.117034912109,199.481842041016,718.015991210938),(234.912033081055,182.817855834961,715.52490234375),(231.282043457031,187.160858154297,716.519958496094),(238.694046020508,174.697845458984,715.164978027344),(249.509033203125,154.356857299805,712.832946777344),(249.968032836914,155.043853759766,712.381958007812),(257.392028808594,137.586853027344,710.809936523438),(264.889984130859,120.207855224609,707.765930175781),(254.898056030273,148.958847045898,706.109985351562),(262.349029541016,124.875854492188,708.9189453125),(266.743011474609,112.132850646973,707.244934082031),(270.598022460938,99.0128555297852,705.774963378906),(273.882019042969,85.5658493041992,704.281921386719),(273.226013183594,92.,704.524963378906),(278.507019042969,64.6198577880859,701.090942382812),(274.572998046875,92.8278503417969,699.180969238281),(274.907012939453,93.6148529052734,691.7529296875),(266.537994384766,120.094848632812,702.296936035156),(279.773010253906,65.9148559570312,695.912963867188),(280.125,67.0698547363281,688.496948242188),(283.044006347656,36.4228553771973,689.789978027344),(280.22998046875,44.3388519287109,697.684936523438),(283.596984863281,36.873851776123,682.578002929688),(281.169982910156,30.0848541259766,693.634948730469),(283.636962890625,9.03785610198975,678.655944824219),(282.760986328125,-9.45414161682129,661.881958007812),(281.480010986328,16.1728553771973,688.092956542969),(284.233001708984,9.56085681915283,672.086975097656),(281.152008056641,2.6918568611145,680.528930664062),(280.16796875,-10.2371406555176,670.445007324219),(278.483978271484,-22.4351387023926,657.641967773438),(281.,-21.5691394805908,649.375),(276.047973632812,-33.7071342468262,641.902954101562),(278.573974609375,-33.,633.716979980469),(273.184997558594,-44.0761337280273,623.453918457031),(270.286956787109,-53.5361328125,602.835998535156),(273.958953857422,-50.6231307983398,600.912963867188),(273.395935058594,-54.033130645752,585.628967285156),(269.182952880859,-65.9121246337891,563.245971679688),(265.953948974609,-73.958122253418,529.389953613281),(263.39794921875,-79.8681182861328,522.68994140625),(260.981964111328,-80.8481216430664,526.047973632812),(266.755950927734,-65.9251251220703,570.641967773438),(265.826965332031,-66.1541290283203,570.213012695312),(261.467956542969,-77.1171264648438,537.720947265625),(257.048950195312,-88.0821151733398,502.016998291016),(252.065948486328,-97.9261093139648,464.532958984375),(255.813934326172,-92.4831161499023,486.030975341797),(250.315948486328,-101.564102172852,448.175964355469),(259.206970214844,-89.4151153564453,489.551971435547),(254.816970825195,-97.4891128540039,449.045959472656),(261.291961669922,-86.4611129760742,491.35595703125),(267.768951416016,-65.208122253418,534.487976074219),(256.545959472656,-90.8421173095703,451.),(257.116943359375,-71.3261184692383,454.370971679688),(251.976943969727,-82.3721084594727,421.505950927734),(250.381958007812,-101.19310760498,418.024963378906),(247.82795715332,-104.797103881836,416.111968994141),(241.970962524414,-107.466102600098,389.826995849609),(246.68196105957,-99.5041046142578,399.199981689453),(241.786956787109,-101.57209777832,383.751953125),(246.9599609375,-79.667106628418,398.526000976562),(240.840972900391,-51.5781059265137,382.370971679688),(240.301956176758,-83.8540954589844,378.358978271484),(246.986968994141,-44.6711082458496,405.825988769531),(246.677978515625,-11.48410987854,409.076965332031),(250.271987915039,1.60488557815552,433.657989501953),(240.425994873047,0.468892574310303,384.760986328125),(242.219985961914,10.5498905181885,393.989990234375),(246.970001220703,26.4228839874268,428.619995117188),(241.95100402832,47.,415.444976806641),(236.098999023438,42.2378921508789,386.060974121094),(231.761001586914,42.4628944396973,378.931976318359),(230.051010131836,75.978889465332,386.526977539062),(226.453018188477,72.6648864746094,379.264984130859),(235.214004516602,83.4738845825195,418.452972412109),(224.307022094727,107.239891052246,393.199981689453),(223.191009521484,100.150894165039,383.982971191406),(217.610015869141,103.706893920898,378.190002441406),(216.340042114258,121.682899475098,384.348968505859),(208.441040039062,128.691909790039,378.468963623047),(200.845031738281,136.398910522461,375.358978271484),(191.61003112793,142.814895629883,372.495971679688),(215.841018676758,96.9848937988281,375.079956054688),(206.296020507812,110.527893066406,372.433959960938),(195.739028930664,120.867897033691,370.329986572266),(208.922012329102,83.0848999023438,370.319000244141),(218.436004638672,67.3389053344727,372.305969238281),(218.190002441406,33.,370.368957519531),(227.501983642578,-2.90910196304321,372.074981689453),(225.955001831055,50.1008987426758,374.936004638672),(231.838989257812,-0.857103765010834,374.404968261719),(235.499984741211,-1.33510518074036,377.197998046875),(236.46696472168,-81.6641006469727,374.514984130859),(235.022964477539,-94.1211013793945,374.433959960938),(225.902969360352,-52.3790969848633,370.989990234375),(214.672973632812,-38.645092010498,370.636962890625),(226.070953369141,-85.4990997314453,372.377960205078),(231.128967285156,-106.166091918945,374.845977783203),(221.163955688477,-87.3940887451172,372.970001220703),(222.310958862305,-109.,374.801971435547),(208.566970825195,-58.0480918884277,373.049987792969),(203.176986694336,12.1439056396484,371.765991210938),(204.649963378906,-93.0340881347656,378.874969482422),(201.600967407227,-67.0290908813477,377.459991455078),(199.033996582031,-14.029091835022,376.245971679688),(195.240966796875,-87.7610855102539,384.530975341797),(192.545959472656,-85.0360870361328,388.412994384766),(198.20295715332,-103.071090698242,385.621002197266),(193.174957275391,-94.2490844726562,388.966979980469),(193.068969726562,-58.3220901489258,387.214965820312),(194.982986450195,-20.016092300415,381.246978759766),(190.684997558594,22.0139064788818,380.560974121094),(191.477981567383,-7.74309110641479,385.768981933594),(193.,-37.0590934753418,386.499969482422),(188.276992797852,21.6869068145752,385.162994384766),(183.434005737305,50.6769104003906,384.585968017578),(177.949020385742,73.0379028320312,384.117980957031),(186.518005371094,51.7199096679688,378.958984375),(179.21501159668,78.2149124145508,379.395965576172),(183.887023925781,79.8719024658203,374.581970214844),(193.505004882812,52.7619094848633,373.019958496094),(195.36799621582,22.1319065093994,375.629974365234),(193.380020141602,73.4409027099609,370.832977294922),(202.873016357422,55.1489028930664,369.913970947266),(177.,115.251914978027,370.689971923828),(185.,114.226898193359,369.549957275391),(179.981033325195,137.652893066406,369.553985595703),(151.696044921875,161.622909545898,370.),(206.327026367188,72.1408996582031,369.578979492188),(159.205032348633,142.695907592773,371.057952880859),(140.683029174805,160.019912719727,371.418975830078),(149.298034667969,141.779922485352,375.126953125),(158.949035644531,130.23991394043,374.811981201172),(145.11003112793,138.837905883789,380.099975585938),(164.670028686523,112.460914611816,379.301971435547),(170.885009765625,111.398910522461,374.456970214844),(164.94401550293,105.485908508301,383.929962158203),(171.88102722168,90.2839126586914,383.850982666016),(157.320022583008,118.690910339355,384.269989013672),(148.690032958984,130.425918579102,384.678955078125),(141.868026733398,137.929916381836,384.97998046875),(135.319030761719,143.922912597656,385.254974365234),(126.212036132812,150.033905029297,385.572967529297),(130.255035400391,150.715927124023,380.595977783203),(105.626045227051,164.180923461914,381.282958984375),(134.881042480469,152.,377.055969238281),(107.228050231934,169.553924560547,376.077972412109),(136.910049438477,155.044921875,374.382965087891),(106.361053466797,179.323928833008,371.885955810547),(89.9400482177734,176.400939941406,376.261993408203),(77.,189.263931274414,372.),(80.6400604248047,173.443939208984,381.514984130859),(67.6010589599609,182.284942626953,376.31298828125),(32.7240562438965,188.255935668945,376.201965332031),(-2.78893780708313,190.443954467773,376.259979248047),(32.5960578918457,182.314956665039,381.282958984375),(32.9640617370605,197.075942993164,371.937957763672),(-2.63193511962891,198.77995300293,372.072998046875),(48.4530639648438,203.64794921875,370.463989257812),(-18.0809326171875,206.725967407227,370.413024902344),(-3.05992984771729,215.275955200195,369.975006103516),(82.9080581665039,206.360916137695,370.057006835938),(104.363052368164,188.872924804688,370.446990966797),(149.920059204102,171.908920288086,369.788970947266),(152.873046875,179.774917602539,370.436004638672),(93.9270629882812,210.748931884766,370.593994140625),(144.373046875,193.840911865234,372.501983642578),(176.415023803711,154.806900024414,370.405975341797),(168.687057495117,175.319900512695,372.522979736328),(95.3170700073242,218.277938842773,372.507995605469),(39.8900718688965,229.638931274414,372.600006103516),(19.9520702362061,223.734954833984,370.536010742188),(-8.4379243850708,231.302963256836,372.453002929688),(-35.6709175109863,236.876968383789,375.529998779297),(-65.,225.798980712891,372.530029296875),(-56.6139259338379,219.791961669922,370.592010498047),(-96.1119232177734,202.651992797852,370.072998046875),(-113.05492401123,202.940002441406,370.578002929688),(-163.357940673828,171.76301574707,370.448974609375),(-105.651924133301,214.125,372.550994873047),(-191.378936767578,130.150024414062,370.362976074219),(-171.721939086914,152.865005493164,369.642974853516),(-171.736938476562,138.805023193359,369.685974121094),(-205.906967163086,73.5320358276367,369.574981689453),(-145.570922851562,165.466003417969,370.067993164062),(-99.1399383544922,191.758987426758,370.495971679688),(-141.407943725586,159.526016235352,371.384979248047),(-107.572937011719,178.816986083984,371.881958007812),(-159.204956054688,142.696014404297,371.057952880859),(-136.344940185547,153.208999633789,375.47998046875),(-105.931930541992,172.489990234375,374.924957275391),(-102.728942871094,169.427993774414,377.940979003906),(-145.109939575195,138.837997436523,380.099975585938),(-130.239944458008,150.723007202148,380.599975585938),(-149.297943115234,141.780014038086,375.126953125),(-158.948944091797,130.240020751953,374.811981201172),(-164.669967651367,112.461013793945,379.301971435547),(-170.884963989258,111.399024963379,374.456970214844),(-177.,115.252029418945,370.689971923828),(-188.481964111328,77.0530319213867,372.408966064453),(-183.356964111328,79.3130264282227,375.159973144531),(-194.254974365234,48.4420280456543,373.160980224609),(-186.517974853516,51.7200317382812,378.958984375),(-179.214965820312,78.2150268554688,379.395965576172),(-171.880966186523,90.2840194702148,383.850982666016),(-177.948959350586,73.0380249023438,384.117980957031),(-183.433975219727,50.6770286560059,384.585968017578),(-188.276992797852,21.6870288848877,385.162994384766),(-192.762985229492,7.85103368759155,380.620971679688),(-191.477981567383,-7.74196624755859,385.768981933594),(-193.,-37.0759658813477,386.504974365234),(-195.513000488281,-45.6549644470215,382.347991943359),(-193.069000244141,-58.321964263916,387.214965820312),(-192.529006958008,-84.9719696044922,388.398986816406),(-194.986022949219,-88.8569564819336,385.061981201172),(-193.175018310547,-94.2489624023438,388.966979980469),(-194.630020141602,-100.3349609375,389.290954589844),(-196.542007446289,-101.653953552246,387.760986328125),(-198.203018188477,-103.070953369141,385.621002197266),(-199.120010375977,-103.97095489502,386.018981933594),(-202.897018432617,-105.360954284668,382.912963867188),(-200.244018554688,-90.725959777832,381.103973388672),(-211.575012207031,-106.464950561523,378.647979736328),(-211.257019042969,-106.793952941895,379.541961669922),(-202.519012451172,-105.537956237793,383.951965332031),(-219.628021240234,-108.594947814941,376.161956787109),(-208.271011352539,-90.2839508056641,376.803985595703),(-206.236022949219,-78.3459548950195,375.878967285156),(-199.641021728516,-72.2199554443359,379.492004394531),(-206.205001831055,-45.3149604797363,373.228973388672),(-204.438980102539,12.6790380477905,371.308990478516),(-201.,-1.53696262836456,373.81298828125),(-197.702987670898,-15.2769632339478,377.714965820312),(-195.364990234375,22.,375.651977539062),(-203.670959472656,57.2170333862305,369.858978271484),(-195.043960571289,72.6090316772461,370.481964111328),(-164.943954467773,105.486015319824,383.929962158203),(-157.319931030273,118.691009521484,384.269989013672),(-148.68994140625,130.426010131836,384.678955078125),(-141.867935180664,137.93000793457,384.97998046875),(-135.324951171875,143.915008544922,385.252990722656),(-126.215942382812,150.031005859375,385.572967529297),(-107.88094329834,160.,386.165985107422),(-94.7429428100586,165.773986816406,386.434967041016),(-105.496940612793,164.237991333008,381.293975830078),(-88.3759460449219,170.919982910156,381.485961914062),(-55.3899383544922,178.938980102539,381.507965087891),(-81.6599426269531,169.849990844727,386.532958984375),(-75.0199356079102,180.644989013672,376.336975097656),(-77.,189.26399230957,372.),(-43.2169380187988,184.665969848633,377.832977294922),(-43.3749351501465,190.712982177734,373.907989501953),(-32.0799331665039,199.29296875,371.4169921875),(-65.3739395141602,173.75798034668,386.549987792969),(-42.0999374389648,177.702972412109,386.485961914062),(-18.5679397583008,180.237945556641,386.410980224609),(-2.18393993377686,184.694961547852,381.297973632812),(0.,181.485961914062,386.341979980469),(18.5720596313477,180.237945556641,386.410980224609),(42.1150550842285,177.690948486328,386.48095703125),(65.4030532836914,173.729949951172,386.536956787109),(81.6600494384766,169.84992980957,386.532958984375),(94.7230453491211,165.799942016602,386.443969726562),(107.869041442871,160.,386.168975830078),(-77.0299224853516,229.303985595703,375.308013916016),(194.629959106445,-100.335083007812,389.290954589844),(196.541946411133,-101.654090881348,387.760986328125),(199.119964599609,-103.971084594727,386.018981933594),(202.519958496094,-105.537086486816,383.951965332031),(202.889953613281,-105.360092163086,382.918975830078),(211.238952636719,-106.803092956543,379.54296875),(219.609954833984,-108.60408782959,376.161956787109),(214.569961547852,-107.026092529297,377.340972900391),(222.629943847656,-109.260101318359,375.488983154297),(224.907943725586,-109.717094421387,376.),(226.956954956055,-109.956092834473,375.89599609375),(228.016952514648,-110.510093688965,377.673980712891),(229.74494934082,-111.057098388672,379.111968994141),(231.893951416016,-111.048095703125,382.387969970703),(234.378952026367,-109.03409576416,377.564971923828),(233.696960449219,-111.09009552002,383.528991699219),(234.903961181641,-110.674095153809,388.593963623047),(238.05696105957,-108.393096923828,380.81396484375),(240.929962158203,-109.222106933594,403.071960449219),(238.328948974609,-109.783096313477,397.636993408203),(241.676956176758,-108.351104736328,409.349975585938),(245.,-106.341102600098,423.764984130859),(248.045944213867,-103.252105712891,439.767974853516),(237.073959350586,-106.860092163086,377.655975341797),(238.914947509766,-95.8031005859375,377.439971923828),(237.967987060547,-0.0811062455177307,380.296997070312),(227.813018798828,109.612892150879,415.6259765625),(267.744995117188,113.377853393555,678.442993164062),(252.407028198242,83.7148742675781,528.630920410156),(273.128997802734,95.0368499755859,676.727966308594),(278.069000244141,69.5648498535156,670.307983398438),(283.194000244141,30.4618549346924,668.987976074219),(254.438034057617,54.4828758239746,504.176940917969),(276.027984619141,41.7938575744629,626.905944824219),(272.580993652344,19.3788661956787,586.751953125),(267.798004150391,-2.87912821769714,542.848999023438),(277.367980957031,-5.55413579940796,609.613952636719),(280.355987548828,-23.9551391601562,634.747924804688),(282.965972900391,-0.662141561508179,654.406982421875),(264.237945556641,-62.5111198425293,505.413970947266),(260.888031005859,132.921844482422,680.872009277344),(267.,120.409851074219,694.651977539062),(255.141036987305,149.884857177734,698.482971191406),(236.792037963867,184.19384765625,702.697937011719),(236.383056640625,183.664855957031,710.213989257812),(277.492004394531,66.6198577880859,701.852905273438),(-140.433898925781,267.152984619141,693.),(-203.792922973633,222.022994995117,720.683959960938),(-226.393936157227,151.925018310547,519.333984375),(-211.23893737793,150.196014404297,420.880981445312),(-235.191970825195,39.9100456237793,383.290985107422)));
#2687=IFCINDEXEDPOLYGONALFACE((6,1,2));
#2688=IFCINDEXEDPOLYGONALFACE((1,3,2));
#2689=IFCINDEXEDPOLYGONALFACE((9,3,1,7));
#2690=IFCINDEXEDPOLYGONALFACE((7,1,4));
#2691=IFCINDEXEDPOLYGONALFACE((1,5,4));
#2692=IFCINDEXEDPOLYGONALFACE((1,6,5));
#2693=IFCINDEXEDPOLYGONALFACE((11,7,8));
#2694=IFCINDEXEDPOLYGONALFACE((7,4,8));
#2695=IFCINDEXEDPOLYGONALFACE((10,9,7));
#2696=IFCINDEXEDPOLYGONALFACE((7,11,13,10));
#2697=IFCINDEXEDPOLYGONALFACE((11,12,16,14));
#2698=IFCINDEXEDPOLYGONALFACE((11,8,12));
#2699=IFCINDEXEDPOLYGONALFACE((14,13,11));
#2700=IFCINDEXEDPOLYGONALFACE((14,17,15));
#2701=IFCINDEXEDPOLYGONALFACE((14,15,13));
#2702=IFCINDEXEDPOLYGONALFACE((17,14,16));
#2703=IFCINDEXEDPOLYGONALFACE((20,17,16,24));
#2704=IFCINDEXEDPOLYGONALFACE((18,15,17));
#2705=IFCINDEXEDPOLYGONALFACE((17,19,18));
#2706=IFCINDEXEDPOLYGONALFACE((20,23,19,17));
#2707=IFCINDEXEDPOLYGONALFACE((20,24,21));
#2708=IFCINDEXEDPOLYGONALFACE((20,21,22));
#2709=IFCINDEXEDPOLYGONALFACE((23,20,22));
#2710=IFCINDEXEDPOLYGONALFACE((25,21,24));
#2711=IFCINDEXEDPOLYGONALFACE((26,25,24));
#2712=IFCINDEXEDPOLYGONALFACE((12,26,24,16));
#2713=IFCINDEXEDPOLYGONALFACE((31,27,26,28));
#2714=IFCINDEXEDPOLYGONALFACE((27,25,26));
#2715=IFCINDEXEDPOLYGONALFACE((26,12,28));
#2716=IFCINDEXEDPOLYGONALFACE((29,28,12));
#2717=IFCINDEXEDPOLYGONALFACE((30,28,29));
#2718=IFCINDEXEDPOLYGONALFACE((30,31,28));
#2719=IFCINDEXEDPOLYGONALFACE((33,32,31));
#2720=IFCINDEXEDPOLYGONALFACE((27,31,32));
#2721=IFCINDEXEDPOLYGONALFACE((30,33,31));
#2722=IFCINDEXEDPOLYGONALFACE((545,34,33,30));
#2723=IFCINDEXEDPOLYGONALFACE((33,35,32));
#2724=IFCINDEXEDPOLYGONALFACE((34,38,35,33));
#2725=IFCINDEXEDPOLYGONALFACE((35,38,36));
#2726=IFCINDEXEDPOLYGONALFACE((36,39,35));
#2727=IFCINDEXEDPOLYGONALFACE((37,35,39));
#2728=IFCINDEXEDPOLYGONALFACE((37,32,35));
#2729=IFCINDEXEDPOLYGONALFACE((41,39,36,587));
#2730=IFCINDEXEDPOLYGONALFACE((39,40,45,43));
#2731=IFCINDEXEDPOLYGONALFACE((40,39,41));
#2732=IFCINDEXEDPOLYGONALFACE((43,42,39));
#2733=IFCINDEXEDPOLYGONALFACE((42,37,39));
#2734=IFCINDEXEDPOLYGONALFACE((43,46,44));
#2735=IFCINDEXEDPOLYGONALFACE((42,43,44,49));
#2736=IFCINDEXEDPOLYGONALFACE((43,45,46));
#2737=IFCINDEXEDPOLYGONALFACE((49,44,47));
#2738=IFCINDEXEDPOLYGONALFACE((44,48,47));
#2739=IFCINDEXEDPOLYGONALFACE((49,50,52));
#2740=IFCINDEXEDPOLYGONALFACE((51,50,49));
#2741=IFCINDEXEDPOLYGONALFACE((54,42,49,52));
#2742=IFCINDEXEDPOLYGONALFACE((47,51,49));
#2743=IFCINDEXEDPOLYGONALFACE((55,52,53));
#2744=IFCINDEXEDPOLYGONALFACE((52,50,53));
#2745=IFCINDEXEDPOLYGONALFACE((52,55,54));
#2746=IFCINDEXEDPOLYGONALFACE((55,58,56));
#2747=IFCINDEXEDPOLYGONALFACE((54,55,56));
#2748=IFCINDEXEDPOLYGONALFACE((57,62,58,55));
#2749=IFCINDEXEDPOLYGONALFACE((57,55,53));
#2750=IFCINDEXEDPOLYGONALFACE((58,59,56));
#2751=IFCINDEXEDPOLYGONALFACE((58,60,59));
#2752=IFCINDEXEDPOLYGONALFACE((60,58,61));
#2753=IFCINDEXEDPOLYGONALFACE((62,64,61,58));
#2754=IFCINDEXEDPOLYGONALFACE((63,65,62));
#2755=IFCINDEXEDPOLYGONALFACE((63,62,57));
#2756=IFCINDEXEDPOLYGONALFACE((65,64,62));
#2757=IFCINDEXEDPOLYGONALFACE((71,64,65,67));
#2758=IFCINDEXEDPOLYGONALFACE((66,65,63));
#2759=IFCINDEXEDPOLYGONALFACE((66,67,65));
#2760=IFCINDEXEDPOLYGONALFACE((67,70,68));
#2761=IFCINDEXEDPOLYGONALFACE((68,69,67));
#2762=IFCINDEXEDPOLYGONALFACE((67,69,71));
#2763=IFCINDEXEDPOLYGONALFACE((66,70,67));
#2764=IFCINDEXEDPOLYGONALFACE((61,64,71));
#2765=IFCINDEXEDPOLYGONALFACE((61,71,72,677));
#2766=IFCINDEXEDPOLYGONALFACE((71,73,72));
#2767=IFCINDEXEDPOLYGONALFACE((69,73,71));
#2768=IFCINDEXEDPOLYGONALFACE((72,73,22));
#2769=IFCINDEXEDPOLYGONALFACE((74,22,73));
#2770=IFCINDEXEDPOLYGONALFACE((69,74,73));
#2771=IFCINDEXEDPOLYGONALFACE((23,74,77));
#2772=IFCINDEXEDPOLYGONALFACE((23,22,74));
#2773=IFCINDEXEDPOLYGONALFACE((77,74,75));
#2774=IFCINDEXEDPOLYGONALFACE((74,76,75));
#2775=IFCINDEXEDPOLYGONALFACE((76,74,69));
#2776=IFCINDEXEDPOLYGONALFACE((75,78,77));
#2777=IFCINDEXEDPOLYGONALFACE((78,79,77));
#2778=IFCINDEXEDPOLYGONALFACE((77,79,19));
#2779=IFCINDEXEDPOLYGONALFACE((77,19,23));
#2780=IFCINDEXEDPOLYGONALFACE((81,79,80,84));
#2781=IFCINDEXEDPOLYGONALFACE((80,79,78));
#2782=IFCINDEXEDPOLYGONALFACE((81,19,79));
#2783=IFCINDEXEDPOLYGONALFACE((18,19,81,82));
#2784=IFCINDEXEDPOLYGONALFACE((82,81,83));
#2785=IFCINDEXEDPOLYGONALFACE((84,83,81));
#2786=IFCINDEXEDPOLYGONALFACE((87,86,84,80));
#2787=IFCINDEXEDPOLYGONALFACE((84,85,83));
#2788=IFCINDEXEDPOLYGONALFACE((86,89,85,84));
#2789=IFCINDEXEDPOLYGONALFACE((97,88,86,87));
#2790=IFCINDEXEDPOLYGONALFACE((88,92,89,86));
#2791=IFCINDEXEDPOLYGONALFACE((92,90,89));
#2792=IFCINDEXEDPOLYGONALFACE((91,89,90,149));
#2793=IFCINDEXEDPOLYGONALFACE((158,85,89,91));
#2794=IFCINDEXEDPOLYGONALFACE((92,88,94));
#2795=IFCINDEXEDPOLYGONALFACE((92,93,90));
#2796=IFCINDEXEDPOLYGONALFACE((95,94,88));
#2797=IFCINDEXEDPOLYGONALFACE((97,96,95,88));
#2798=IFCINDEXEDPOLYGONALFACE((97,98,96));
#2799=IFCINDEXEDPOLYGONALFACE((101,99,98,97));
#2800=IFCINDEXEDPOLYGONALFACE((101,100,99));
#2801=IFCINDEXEDPOLYGONALFACE((100,101,102,104));
#2802=IFCINDEXEDPOLYGONALFACE((101,97,87,102));
#2803=IFCINDEXEDPOLYGONALFACE((102,87,80,103));
#2804=IFCINDEXEDPOLYGONALFACE((104,102,103,106));
#2805=IFCINDEXEDPOLYGONALFACE((110,105,104,107));
#2806=IFCINDEXEDPOLYGONALFACE((105,100,104));
#2807=IFCINDEXEDPOLYGONALFACE((107,104,106,108));
#2808=IFCINDEXEDPOLYGONALFACE((108,109,107));
#2809=IFCINDEXEDPOLYGONALFACE((112,111,107,109));
#2810=IFCINDEXEDPOLYGONALFACE((111,110,107));
#2811=IFCINDEXEDPOLYGONALFACE((113,112,114));
#2812=IFCINDEXEDPOLYGONALFACE((114,112,109));
#2813=IFCINDEXEDPOLYGONALFACE((114,115,113));
#2814=IFCINDEXEDPOLYGONALFACE((109,116,114));
#2815=IFCINDEXEDPOLYGONALFACE((114,116,115));
#2816=IFCINDEXEDPOLYGONALFACE((119,116,117));
#2817=IFCINDEXEDPOLYGONALFACE((118,117,116));
#2818=IFCINDEXEDPOLYGONALFACE((116,109,118));
#2819=IFCINDEXEDPOLYGONALFACE((116,119,120,115));
#2820=IFCINDEXEDPOLYGONALFACE((122,119,117));
#2821=IFCINDEXEDPOLYGONALFACE((119,121,120));
#2822=IFCINDEXEDPOLYGONALFACE((119,122,125,121));
#2823=IFCINDEXEDPOLYGONALFACE((117,124,122));
#2824=IFCINDEXEDPOLYGONALFACE((123,125,122));
#2825=IFCINDEXEDPOLYGONALFACE((123,122,124));
#2826=IFCINDEXEDPOLYGONALFACE((125,123,127,126));
#2827=IFCINDEXEDPOLYGONALFACE((126,121,125));
#2828=IFCINDEXEDPOLYGONALFACE((127,123,128));
#2829=IFCINDEXEDPOLYGONALFACE((128,130,129));
#2830=IFCINDEXEDPOLYGONALFACE((130,128,123));
#2831=IFCINDEXEDPOLYGONALFACE((130,131,134,132));
#2832=IFCINDEXEDPOLYGONALFACE((123,124,131,130));
#2833=IFCINDEXEDPOLYGONALFACE((132,129,130));
#2834=IFCINDEXEDPOLYGONALFACE((129,132,133));
#2835=IFCINDEXEDPOLYGONALFACE((133,132,135,136));
#2836=IFCINDEXEDPOLYGONALFACE((132,134,138,135));
#2837=IFCINDEXEDPOLYGONALFACE((51,47,135));
#2838=IFCINDEXEDPOLYGONALFACE((137,135,47,146));
#2839=IFCINDEXEDPOLYGONALFACE((136,135,137));
#2840=IFCINDEXEDPOLYGONALFACE((135,138,51));
#2841=IFCINDEXEDPOLYGONALFACE((134,140,139,138));
#2842=IFCINDEXEDPOLYGONALFACE((138,139,53,50));
#2843=IFCINDEXEDPOLYGONALFACE((51,138,50));
#2844=IFCINDEXEDPOLYGONALFACE((63,53,139));
#2845=IFCINDEXEDPOLYGONALFACE((63,139,66));
#2846=IFCINDEXEDPOLYGONALFACE((66,139,140));
#2847=IFCINDEXEDPOLYGONALFACE((141,143,66,140));
#2848=IFCINDEXEDPOLYGONALFACE((140,142,141));
#2849=IFCINDEXEDPOLYGONALFACE((140,134,142));
#2850=IFCINDEXEDPOLYGONALFACE((131,142,134));
#2851=IFCINDEXEDPOLYGONALFACE((124,142,131));
#2852=IFCINDEXEDPOLYGONALFACE((141,142,124));
#2853=IFCINDEXEDPOLYGONALFACE((143,141,117));
#2854=IFCINDEXEDPOLYGONALFACE((124,117,141));
#2855=IFCINDEXEDPOLYGONALFACE((144,143,118));
#2856=IFCINDEXEDPOLYGONALFACE((117,118,143));
#2857=IFCINDEXEDPOLYGONALFACE((143,144,70));
#2858=IFCINDEXEDPOLYGONALFACE((70,66,143));
#2859=IFCINDEXEDPOLYGONALFACE((145,144,118));
#2860=IFCINDEXEDPOLYGONALFACE((68,144,145));
#2861=IFCINDEXEDPOLYGONALFACE((144,68,70));
#2862=IFCINDEXEDPOLYGONALFACE((108,106,145));
#2863=IFCINDEXEDPOLYGONALFACE((76,145,106));
#2864=IFCINDEXEDPOLYGONALFACE((145,118,109,108));
#2865=IFCINDEXEDPOLYGONALFACE((76,68,145));
#2866=IFCINDEXEDPOLYGONALFACE((146,47,48));
#2867=IFCINDEXEDPOLYGONALFACE((75,76,106));
#2868=IFCINDEXEDPOLYGONALFACE((106,103,75));
#2869=IFCINDEXEDPOLYGONALFACE((103,78,75));
#2870=IFCINDEXEDPOLYGONALFACE((103,80,78));
#2871=IFCINDEXEDPOLYGONALFACE((149,90,93,147));
#2872=IFCINDEXEDPOLYGONALFACE((149,147,148));
#2873=IFCINDEXEDPOLYGONALFACE((148,150,149));
#2874=IFCINDEXEDPOLYGONALFACE((152,91,149,150));
#2875=IFCINDEXEDPOLYGONALFACE((152,150,151));
#2876=IFCINDEXEDPOLYGONALFACE((153,152,151,674));
#2877=IFCINDEXEDPOLYGONALFACE((157,154,152,153));
#2878=IFCINDEXEDPOLYGONALFACE((154,158,91,152));
#2879=IFCINDEXEDPOLYGONALFACE((155,159,158,154));
#2880=IFCINDEXEDPOLYGONALFACE((154,156,155));
#2881=IFCINDEXEDPOLYGONALFACE((154,157,156));
#2882=IFCINDEXEDPOLYGONALFACE((159,161,85,158));
#2883=IFCINDEXEDPOLYGONALFACE((160,675,161,159));
#2884=IFCINDEXEDPOLYGONALFACE((159,162,160));
#2885=IFCINDEXEDPOLYGONALFACE((155,162,159));
#2886=IFCINDEXEDPOLYGONALFACE((162,163,164));
#2887=IFCINDEXEDPOLYGONALFACE((163,162,155));
#2888=IFCINDEXEDPOLYGONALFACE((162,164,160));
#2889=IFCINDEXEDPOLYGONALFACE((165,164,163));
#2890=IFCINDEXEDPOLYGONALFACE((165,166,164));
#2891=IFCINDEXEDPOLYGONALFACE((167,160,164,166));
#2892=IFCINDEXEDPOLYGONALFACE((166,9,10));
#2893=IFCINDEXEDPOLYGONALFACE((9,166,168));
#2894=IFCINDEXEDPOLYGONALFACE((165,168,166));
#2895=IFCINDEXEDPOLYGONALFACE((10,167,166));
#2896=IFCINDEXEDPOLYGONALFACE((168,169,9));
#2897=IFCINDEXEDPOLYGONALFACE((168,165,172,170));
#2898=IFCINDEXEDPOLYGONALFACE((169,168,170));
#2899=IFCINDEXEDPOLYGONALFACE((170,171,228,169));
#2900=IFCINDEXEDPOLYGONALFACE((172,174,171,170));
#2901=IFCINDEXEDPOLYGONALFACE((173,175,172));
#2902=IFCINDEXEDPOLYGONALFACE((165,173,172));
#2903=IFCINDEXEDPOLYGONALFACE((175,174,172));
#2904=IFCINDEXEDPOLYGONALFACE((178,175,173));
#2905=IFCINDEXEDPOLYGONALFACE((177,175,176,221));
#2906=IFCINDEXEDPOLYGONALFACE((175,178,176));
#2907=IFCINDEXEDPOLYGONALFACE((175,177,174));
#2908=IFCINDEXEDPOLYGONALFACE((157,179,178,181));
#2909=IFCINDEXEDPOLYGONALFACE((178,179,180));
#2910=IFCINDEXEDPOLYGONALFACE((173,181,178));
#2911=IFCINDEXEDPOLYGONALFACE((180,182,176,178));
#2912=IFCINDEXEDPOLYGONALFACE((173,165,163,181));
#2913=IFCINDEXEDPOLYGONALFACE((156,157,181,163));
#2914=IFCINDEXEDPOLYGONALFACE((183,180,179));
#2915=IFCINDEXEDPOLYGONALFACE((182,180,183,184));
#2916=IFCINDEXEDPOLYGONALFACE((157,183,179));
#2917=IFCINDEXEDPOLYGONALFACE((185,188,184,183));
#2918=IFCINDEXEDPOLYGONALFACE((153,185,183,157));
#2919=IFCINDEXEDPOLYGONALFACE((674,186,185,153));
#2920=IFCINDEXEDPOLYGONALFACE((186,187,185));
#2921=IFCINDEXEDPOLYGONALFACE((187,189,188,185));
#2922=IFCINDEXEDPOLYGONALFACE((189,190,188));
#2923=IFCINDEXEDPOLYGONALFACE((190,194,191,188));
#2924=IFCINDEXEDPOLYGONALFACE((188,191,193,184));
#2925=IFCINDEXEDPOLYGONALFACE((191,192,205,193));
#2926=IFCINDEXEDPOLYGONALFACE((194,195,192,191));
#2927=IFCINDEXEDPOLYGONALFACE((197,198,195,194));
#2928=IFCINDEXEDPOLYGONALFACE((196,197,194));
#2929=IFCINDEXEDPOLYGONALFACE((194,190,196));
#2930=IFCINDEXEDPOLYGONALFACE((198,199,195));
#2931=IFCINDEXEDPOLYGONALFACE((199,200,202,195));
#2932=IFCINDEXEDPOLYGONALFACE((200,201,202));
#2933=IFCINDEXEDPOLYGONALFACE((206,204,202,203));
#2934=IFCINDEXEDPOLYGONALFACE((202,201,203));
#2935=IFCINDEXEDPOLYGONALFACE((204,195,202));
#2936=IFCINDEXEDPOLYGONALFACE((192,204,205));
#2937=IFCINDEXEDPOLYGONALFACE((195,204,192));
#2938=IFCINDEXEDPOLYGONALFACE((207,205,204));
#2939=IFCINDEXEDPOLYGONALFACE((204,206,208));
#2940=IFCINDEXEDPOLYGONALFACE((208,207,204));
#2941=IFCINDEXEDPOLYGONALFACE((210,211,207,208));
#2942=IFCINDEXEDPOLYGONALFACE((206,209,208));
#2943=IFCINDEXEDPOLYGONALFACE((208,209,210));
#2944=IFCINDEXEDPOLYGONALFACE((214,211,210));
#2945=IFCINDEXEDPOLYGONALFACE((210,209,212));
#2946=IFCINDEXEDPOLYGONALFACE((213,210,212));
#2947=IFCINDEXEDPOLYGONALFACE((213,214,210));
#2948=IFCINDEXEDPOLYGONALFACE((216,214,215,358));
#2949=IFCINDEXEDPOLYGONALFACE((214,213,356,215));
#2950=IFCINDEXEDPOLYGONALFACE((214,217,211));
#2951=IFCINDEXEDPOLYGONALFACE((214,216,217));
#2952=IFCINDEXEDPOLYGONALFACE((217,218,211));
#2953=IFCINDEXEDPOLYGONALFACE((218,217,216,220));
#2954=IFCINDEXEDPOLYGONALFACE((218,219,193,205));
#2955=IFCINDEXEDPOLYGONALFACE((220,219,218));
#2956=IFCINDEXEDPOLYGONALFACE((211,218,205,207));
#2957=IFCINDEXEDPOLYGONALFACE((673,219,220,221));
#2958=IFCINDEXEDPOLYGONALFACE((220,216,222));
#2959=IFCINDEXEDPOLYGONALFACE((221,220,223));
#2960=IFCINDEXEDPOLYGONALFACE((222,223,220));
#2961=IFCINDEXEDPOLYGONALFACE((224,223,225));
#2962=IFCINDEXEDPOLYGONALFACE((177,223,224));
#2963=IFCINDEXEDPOLYGONALFACE((223,222,225));
#2964=IFCINDEXEDPOLYGONALFACE((221,223,177));
#2965=IFCINDEXEDPOLYGONALFACE((225,226,227));
#2966=IFCINDEXEDPOLYGONALFACE((222,226,225));
#2967=IFCINDEXEDPOLYGONALFACE((224,225,227,171));
#2968=IFCINDEXEDPOLYGONALFACE((227,228,171));
#2969=IFCINDEXEDPOLYGONALFACE((228,227,229));
#2970=IFCINDEXEDPOLYGONALFACE((227,230,229));
#2971=IFCINDEXEDPOLYGONALFACE((230,227,231));
#2972=IFCINDEXEDPOLYGONALFACE((231,227,226));
#2973=IFCINDEXEDPOLYGONALFACE((231,233,234,230));
#2974=IFCINDEXEDPOLYGONALFACE((233,231,232));
#2975=IFCINDEXEDPOLYGONALFACE((226,232,231));
#2976=IFCINDEXEDPOLYGONALFACE((232,235,233));
#2977=IFCINDEXEDPOLYGONALFACE((233,236,238,234));
#2978=IFCINDEXEDPOLYGONALFACE((235,239,236,233));
#2979=IFCINDEXEDPOLYGONALFACE((236,239,241,237));
#2980=IFCINDEXEDPOLYGONALFACE((238,236,237));
#2981=IFCINDEXEDPOLYGONALFACE((239,235,240));
#2982=IFCINDEXEDPOLYGONALFACE((240,241,239));
#2983=IFCINDEXEDPOLYGONALFACE((241,244,242));
#2984=IFCINDEXEDPOLYGONALFACE((241,242,243));
#2985=IFCINDEXEDPOLYGONALFACE((245,241,243));
#2986=IFCINDEXEDPOLYGONALFACE((241,245,237));
#2987=IFCINDEXEDPOLYGONALFACE((240,244,241));
#2988=IFCINDEXEDPOLYGONALFACE((243,246,245));
#2989=IFCINDEXEDPOLYGONALFACE((246,247,245));
#2990=IFCINDEXEDPOLYGONALFACE((248,237,245,247));
#2991=IFCINDEXEDPOLYGONALFACE((249,248,247));
#2992=IFCINDEXEDPOLYGONALFACE((249,247,250));
#2993=IFCINDEXEDPOLYGONALFACE((250,247,251));
#2994=IFCINDEXEDPOLYGONALFACE((246,251,247));
#2995=IFCINDEXEDPOLYGONALFACE((252,253,251));
#2996=IFCINDEXEDPOLYGONALFACE((252,251,246));
#2997=IFCINDEXEDPOLYGONALFACE((253,255,250,251));
#2998=IFCINDEXEDPOLYGONALFACE((254,256,253));
#2999=IFCINDEXEDPOLYGONALFACE((254,253,252));
#3000=IFCINDEXEDPOLYGONALFACE((255,253,256));
#3001=IFCINDEXEDPOLYGONALFACE((258,256,254));
#3002=IFCINDEXEDPOLYGONALFACE((255,256,257));
#3003=IFCINDEXEDPOLYGONALFACE((259,260,257,256));
#3004=IFCINDEXEDPOLYGONALFACE((259,256,258));
#3005=IFCINDEXEDPOLYGONALFACE((262,259,258));
#3006=IFCINDEXEDPOLYGONALFACE((260,259,261));
#3007=IFCINDEXEDPOLYGONALFACE((259,262,264,261));
#3008=IFCINDEXEDPOLYGONALFACE((262,258,284,263));
#3009=IFCINDEXEDPOLYGONALFACE((263,264,262));
#3010=IFCINDEXEDPOLYGONALFACE((265,266,264));
#3011=IFCINDEXEDPOLYGONALFACE((264,263,265));
#3012=IFCINDEXEDPOLYGONALFACE((261,264,266,267));
#3013=IFCINDEXEDPOLYGONALFACE((266,269,267));
#3014=IFCINDEXEDPOLYGONALFACE((270,271,268,266));
#3015=IFCINDEXEDPOLYGONALFACE((269,266,268));
#3016=IFCINDEXEDPOLYGONALFACE((274,270,266,265));
#3017=IFCINDEXEDPOLYGONALFACE((271,270,272));
#3018=IFCINDEXEDPOLYGONALFACE((270,275,272));
#3019=IFCINDEXEDPOLYGONALFACE((273,270,276));
#3020=IFCINDEXEDPOLYGONALFACE((275,270,273));
#3021=IFCINDEXEDPOLYGONALFACE((270,274,276));
#3022=IFCINDEXEDPOLYGONALFACE((277,273,276));
#3023=IFCINDEXEDPOLYGONALFACE((278,276,274));
#3024=IFCINDEXEDPOLYGONALFACE((276,278,277));
#3025=IFCINDEXEDPOLYGONALFACE((281,278,274));
#3026=IFCINDEXEDPOLYGONALFACE((279,289,280,278));
#3027=IFCINDEXEDPOLYGONALFACE((278,281,279));
#3028=IFCINDEXEDPOLYGONALFACE((277,278,280));
#3029=IFCINDEXEDPOLYGONALFACE((281,274,265,263));
#3030=IFCINDEXEDPOLYGONALFACE((282,281,263));
#3031=IFCINDEXEDPOLYGONALFACE((282,279,281));
#3032=IFCINDEXEDPOLYGONALFACE((282,283,285));
#3033=IFCINDEXEDPOLYGONALFACE((282,284,283));
#3034=IFCINDEXEDPOLYGONALFACE((284,282,263));
#3035=IFCINDEXEDPOLYGONALFACE((279,282,285));
#3036=IFCINDEXEDPOLYGONALFACE((288,279,285));
#3037=IFCINDEXEDPOLYGONALFACE((283,287,285));
#3038=IFCINDEXEDPOLYGONALFACE((285,286,288));
#3039=IFCINDEXEDPOLYGONALFACE((286,285,287,312));
#3040=IFCINDEXEDPOLYGONALFACE((286,291,290,288));
#3041=IFCINDEXEDPOLYGONALFACE((288,290,292,289));
#3042=IFCINDEXEDPOLYGONALFACE((289,279,288));
#3043=IFCINDEXEDPOLYGONALFACE((290,291,294));
#3044=IFCINDEXEDPOLYGONALFACE((290,293,292));
#3045=IFCINDEXEDPOLYGONALFACE((296,293,290,295));
#3046=IFCINDEXEDPOLYGONALFACE((294,297,295,290));
#3047=IFCINDEXEDPOLYGONALFACE((294,298,297));
#3048=IFCINDEXEDPOLYGONALFACE((301,299,298,294));
#3049=IFCINDEXEDPOLYGONALFACE((301,300,299));
#3050=IFCINDEXEDPOLYGONALFACE((302,301,294,291));
#3051=IFCINDEXEDPOLYGONALFACE((306,303,301,302));
#3052=IFCINDEXEDPOLYGONALFACE((303,304,300,301));
#3053=IFCINDEXEDPOLYGONALFACE((305,338,304,303));
#3054=IFCINDEXEDPOLYGONALFACE((307,305,303,306));
#3055=IFCINDEXEDPOLYGONALFACE((329,307,306,308));
#3056=IFCINDEXEDPOLYGONALFACE((306,309,308));
#3057=IFCINDEXEDPOLYGONALFACE((309,306,302,311));
#3058=IFCINDEXEDPOLYGONALFACE((310,309,311));
#3059=IFCINDEXEDPOLYGONALFACE((309,310,313,308));
#3060=IFCINDEXEDPOLYGONALFACE((310,311,287));
#3061=IFCINDEXEDPOLYGONALFACE((287,311,312));
#3062=IFCINDEXEDPOLYGONALFACE((311,302,291,312));
#3063=IFCINDEXEDPOLYGONALFACE((291,286,312));
#3064=IFCINDEXEDPOLYGONALFACE((314,313,310));
#3065=IFCINDEXEDPOLYGONALFACE((315,310,287));
#3066=IFCINDEXEDPOLYGONALFACE((314,310,316));
#3067=IFCINDEXEDPOLYGONALFACE((315,316,310));
#3068=IFCINDEXEDPOLYGONALFACE((315,317,316));
#3069=IFCINDEXEDPOLYGONALFACE((319,316,317));
#3070=IFCINDEXEDPOLYGONALFACE((316,318,314));
#3071=IFCINDEXEDPOLYGONALFACE((319,318,316));
#3072=IFCINDEXEDPOLYGONALFACE((317,320,319));
#3073=IFCINDEXEDPOLYGONALFACE((252,318,319,320));
#3074=IFCINDEXEDPOLYGONALFACE((320,317,284,258));
#3075=IFCINDEXEDPOLYGONALFACE((258,254,320));
#3076=IFCINDEXEDPOLYGONALFACE((320,254,252));
#3077=IFCINDEXEDPOLYGONALFACE((252,321,318));
#3078=IFCINDEXEDPOLYGONALFACE((321,322,318));
#3079=IFCINDEXEDPOLYGONALFACE((314,318,322));
#3080=IFCINDEXEDPOLYGONALFACE((313,314,322));
#3081=IFCINDEXEDPOLYGONALFACE((322,324,313));
#3082=IFCINDEXEDPOLYGONALFACE((322,321,323));
#3083=IFCINDEXEDPOLYGONALFACE((324,322,323));
#3084=IFCINDEXEDPOLYGONALFACE((326,324,325,327));
#3085=IFCINDEXEDPOLYGONALFACE((325,324,323));
#3086=IFCINDEXEDPOLYGONALFACE((329,313,324,326));
#3087=IFCINDEXEDPOLYGONALFACE((327,328,326));
#3088=IFCINDEXEDPOLYGONALFACE((326,328,329));
#3089=IFCINDEXEDPOLYGONALFACE((313,329,308));
#3090=IFCINDEXEDPOLYGONALFACE((328,330,307,329));
#3091=IFCINDEXEDPOLYGONALFACE((331,334,330,328));
#3092=IFCINDEXEDPOLYGONALFACE((327,331,328));
#3093=IFCINDEXEDPOLYGONALFACE((332,331,327));
#3094=IFCINDEXEDPOLYGONALFACE((333,331,332));
#3095=IFCINDEXEDPOLYGONALFACE((331,333,212));
#3096=IFCINDEXEDPOLYGONALFACE((334,331,212,209));
#3097=IFCINDEXEDPOLYGONALFACE((335,334,209,350));
#3098=IFCINDEXEDPOLYGONALFACE((336,330,334));
#3099=IFCINDEXEDPOLYGONALFACE((334,335,336));
#3100=IFCINDEXEDPOLYGONALFACE((337,336,335,346));
#3101=IFCINDEXEDPOLYGONALFACE((338,336,337));
#3102=IFCINDEXEDPOLYGONALFACE((336,338,305));
#3103=IFCINDEXEDPOLYGONALFACE((336,307,330));
#3104=IFCINDEXEDPOLYGONALFACE((307,336,305));
#3105=IFCINDEXEDPOLYGONALFACE((337,343,339,338));
#3106=IFCINDEXEDPOLYGONALFACE((338,339,340));
#3107=IFCINDEXEDPOLYGONALFACE((338,340,341,304));
#3108=IFCINDEXEDPOLYGONALFACE((304,341,342));
#3109=IFCINDEXEDPOLYGONALFACE((300,304,342));
#3110=IFCINDEXEDPOLYGONALFACE((337,344,343));
#3111=IFCINDEXEDPOLYGONALFACE((344,337,346));
#3112=IFCINDEXEDPOLYGONALFACE((344,346,345));
#3113=IFCINDEXEDPOLYGONALFACE((345,346,348));
#3114=IFCINDEXEDPOLYGONALFACE((350,347,346,335));
#3115=IFCINDEXEDPOLYGONALFACE((347,348,346));
#3116=IFCINDEXEDPOLYGONALFACE((347,203,349));
#3117=IFCINDEXEDPOLYGONALFACE((203,347,350,206));
#3118=IFCINDEXEDPOLYGONALFACE((206,350,209));
#3119=IFCINDEXEDPOLYGONALFACE((349,203,351));
#3120=IFCINDEXEDPOLYGONALFACE((203,201,351));
#3121=IFCINDEXEDPOLYGONALFACE((352,333,332,359));
#3122=IFCINDEXEDPOLYGONALFACE((212,333,353));
#3123=IFCINDEXEDPOLYGONALFACE((333,352,355));
#3124=IFCINDEXEDPOLYGONALFACE((353,333,354));
#3125=IFCINDEXEDPOLYGONALFACE((355,354,333));
#3126=IFCINDEXEDPOLYGONALFACE((356,355,240));
#3127=IFCINDEXEDPOLYGONALFACE((356,354,355));
#3128=IFCINDEXEDPOLYGONALFACE((244,240,355,352));
#3129=IFCINDEXEDPOLYGONALFACE((240,235,356));
#3130=IFCINDEXEDPOLYGONALFACE((357,356,235));
#3131=IFCINDEXEDPOLYGONALFACE((215,356,357));
#3132=IFCINDEXEDPOLYGONALFACE((354,356,213));
#3133=IFCINDEXEDPOLYGONALFACE((358,215,357));
#3134=IFCINDEXEDPOLYGONALFACE((235,232,357));
#3135=IFCINDEXEDPOLYGONALFACE((232,226,357));
#3136=IFCINDEXEDPOLYGONALFACE((358,357,226));
#3137=IFCINDEXEDPOLYGONALFACE((222,358,226));
#3138=IFCINDEXEDPOLYGONALFACE((358,222,216));
#3139=IFCINDEXEDPOLYGONALFACE((354,213,353));
#3140=IFCINDEXEDPOLYGONALFACE((213,212,353));
#3141=IFCINDEXEDPOLYGONALFACE((352,359,244));
#3142=IFCINDEXEDPOLYGONALFACE((359,360,242));
#3143=IFCINDEXEDPOLYGONALFACE((242,244,359));
#3144=IFCINDEXEDPOLYGONALFACE((359,332,360));
#3145=IFCINDEXEDPOLYGONALFACE((332,325,360));
#3146=IFCINDEXEDPOLYGONALFACE((360,325,323));
#3147=IFCINDEXEDPOLYGONALFACE((360,243,242));
#3148=IFCINDEXEDPOLYGONALFACE((323,243,360));
#3149=IFCINDEXEDPOLYGONALFACE((332,327,325));
#3150=IFCINDEXEDPOLYGONALFACE((321,243,323));
#3151=IFCINDEXEDPOLYGONALFACE((321,252,246));
#3152=IFCINDEXEDPOLYGONALFACE((246,243,321));
#3153=IFCINDEXEDPOLYGONALFACE((317,315,283,284));
#3154=IFCINDEXEDPOLYGONALFACE((315,287,283));
#3155=IFCINDEXEDPOLYGONALFACE((361,293,296));
#3156=IFCINDEXEDPOLYGONALFACE((362,671,293,361));
#3157=IFCINDEXEDPOLYGONALFACE((361,363,362));
#3158=IFCINDEXEDPOLYGONALFACE((364,362,363));
#3159=IFCINDEXEDPOLYGONALFACE((365,366,362,364));
#3160=IFCINDEXEDPOLYGONALFACE((366,365,367));
#3161=IFCINDEXEDPOLYGONALFACE((369,366,367));
#3162=IFCINDEXEDPOLYGONALFACE((369,367,368,378));
#3163=IFCINDEXEDPOLYGONALFACE((370,368,367));
#3164=IFCINDEXEDPOLYGONALFACE((368,370,371));
#3165=IFCINDEXEDPOLYGONALFACE((374,368,371,372));
#3166=IFCINDEXEDPOLYGONALFACE((374,372,373));
#3167=IFCINDEXEDPOLYGONALFACE((378,368,374,376));
#3168=IFCINDEXEDPOLYGONALFACE((375,374,373,672));
#3169=IFCINDEXEDPOLYGONALFACE((376,374,375,379));
#3170=IFCINDEXEDPOLYGONALFACE((377,376,379,380));
#3171=IFCINDEXEDPOLYGONALFACE((668,378,376,377));
#3172=IFCINDEXEDPOLYGONALFACE((380,379,381,383));
#3173=IFCINDEXEDPOLYGONALFACE((379,375,382,381));
#3174=IFCINDEXEDPOLYGONALFACE((381,382,384));
#3175=IFCINDEXEDPOLYGONALFACE((383,381,385,388));
#3176=IFCINDEXEDPOLYGONALFACE((381,384,387,385));
#3177=IFCINDEXEDPOLYGONALFACE((385,389,390,386));
#3178=IFCINDEXEDPOLYGONALFACE((386,388,385));
#3179=IFCINDEXEDPOLYGONALFACE((385,387,389));
#3180=IFCINDEXEDPOLYGONALFACE((391,392,386,390));
#3181=IFCINDEXEDPOLYGONALFACE((392,391,393,394));
#3182=IFCINDEXEDPOLYGONALFACE((395,397,394,393));
#3183=IFCINDEXEDPOLYGONALFACE((396,397,395));
#3184=IFCINDEXEDPOLYGONALFACE((664,394,397,398));
#3185=IFCINDEXEDPOLYGONALFACE((399,398,397));
#3186=IFCINDEXEDPOLYGONALFACE((403,399,397,396));
#3187=IFCINDEXEDPOLYGONALFACE((400,399,401));
#3188=IFCINDEXEDPOLYGONALFACE((398,399,400));
#3189=IFCINDEXEDPOLYGONALFACE((399,402,401));
#3190=IFCINDEXEDPOLYGONALFACE((399,403,402));
#3191=IFCINDEXEDPOLYGONALFACE((396,404,403));
#3192=IFCINDEXEDPOLYGONALFACE((405,402,403,404));
#3193=IFCINDEXEDPOLYGONALFACE((405,406,402));
#3194=IFCINDEXEDPOLYGONALFACE((408,402,406));
#3195=IFCINDEXEDPOLYGONALFACE((406,407,408));
#3196=IFCINDEXEDPOLYGONALFACE((402,408,410,401));
#3197=IFCINDEXEDPOLYGONALFACE((409,408,407));
#3198=IFCINDEXEDPOLYGONALFACE((408,409,411,410));
#3199=IFCINDEXEDPOLYGONALFACE((411,412,410));
#3200=IFCINDEXEDPOLYGONALFACE((412,401,410));
#3201=IFCINDEXEDPOLYGONALFACE((401,412,400));
#3202=IFCINDEXEDPOLYGONALFACE((413,400,412));
#3203=IFCINDEXEDPOLYGONALFACE((414,413,412));
#3204=IFCINDEXEDPOLYGONALFACE((412,411,414));
#3205=IFCINDEXEDPOLYGONALFACE((413,414,415,666));
#3206=IFCINDEXEDPOLYGONALFACE((414,416,415));
#3207=IFCINDEXEDPOLYGONALFACE((411,417,414));
#3208=IFCINDEXEDPOLYGONALFACE((416,414,417));
#3209=IFCINDEXEDPOLYGONALFACE((417,411,418));
#3210=IFCINDEXEDPOLYGONALFACE((419,417,418));
#3211=IFCINDEXEDPOLYGONALFACE((420,416,417));
#3212=IFCINDEXEDPOLYGONALFACE((417,419,420));
#3213=IFCINDEXEDPOLYGONALFACE((419,421,420));
#3214=IFCINDEXEDPOLYGONALFACE((420,421,422));
#3215=IFCINDEXEDPOLYGONALFACE((416,420,422));
#3216=IFCINDEXEDPOLYGONALFACE((424,422,421));
#3217=IFCINDEXEDPOLYGONALFACE((423,425,422));
#3218=IFCINDEXEDPOLYGONALFACE((423,422,424));
#3219=IFCINDEXEDPOLYGONALFACE((416,422,425));
#3220=IFCINDEXEDPOLYGONALFACE((415,425,426));
#3221=IFCINDEXEDPOLYGONALFACE((425,423,428,426));
#3222=IFCINDEXEDPOLYGONALFACE((425,415,416));
#3223=IFCINDEXEDPOLYGONALFACE((426,427,415));
#3224=IFCINDEXEDPOLYGONALFACE((426,429,427));
#3225=IFCINDEXEDPOLYGONALFACE((429,426,428));
#3226=IFCINDEXEDPOLYGONALFACE((427,429,430));
#3227=IFCINDEXEDPOLYGONALFACE((430,429,431));
#3228=IFCINDEXEDPOLYGONALFACE((431,429,432));
#3229=IFCINDEXEDPOLYGONALFACE((432,429,428));
#3230=IFCINDEXEDPOLYGONALFACE((652,433,432,428));
#3231=IFCINDEXEDPOLYGONALFACE((433,435,434,432));
#3232=IFCINDEXEDPOLYGONALFACE((431,432,434));
#3233=IFCINDEXEDPOLYGONALFACE((438,434,435));
#3234=IFCINDEXEDPOLYGONALFACE((434,436,431));
#3235=IFCINDEXEDPOLYGONALFACE((436,434,437));
#3236=IFCINDEXEDPOLYGONALFACE((437,434,438));
#3237=IFCINDEXEDPOLYGONALFACE((438,435,439));
#3238=IFCINDEXEDPOLYGONALFACE((437,438,440));
#3239=IFCINDEXEDPOLYGONALFACE((438,439,440));
#3240=IFCINDEXEDPOLYGONALFACE((440,441,269));
#3241=IFCINDEXEDPOLYGONALFACE((441,440,439));
#3242=IFCINDEXEDPOLYGONALFACE((268,440,269));
#3243=IFCINDEXEDPOLYGONALFACE((440,268,437));
#3244=IFCINDEXEDPOLYGONALFACE((442,267,441));
#3245=IFCINDEXEDPOLYGONALFACE((267,269,441));
#3246=IFCINDEXEDPOLYGONALFACE((439,444,442,441));
#3247=IFCINDEXEDPOLYGONALFACE((267,442,260,261));
#3248=IFCINDEXEDPOLYGONALFACE((442,443,260));
#3249=IFCINDEXEDPOLYGONALFACE((442,445,443));
#3250=IFCINDEXEDPOLYGONALFACE((444,445,442));
#3251=IFCINDEXEDPOLYGONALFACE((446,443,445));
#3252=IFCINDEXEDPOLYGONALFACE((446,445,447));
#3253=IFCINDEXEDPOLYGONALFACE((448,445,444));
#3254=IFCINDEXEDPOLYGONALFACE((445,448,447));
#3255=IFCINDEXEDPOLYGONALFACE((448,450,449));
#3256=IFCINDEXEDPOLYGONALFACE((448,449,447));
#3257=IFCINDEXEDPOLYGONALFACE((451,452,450,448));
#3258=IFCINDEXEDPOLYGONALFACE((448,444,451));
#3259=IFCINDEXEDPOLYGONALFACE((435,433,451));
#3260=IFCINDEXEDPOLYGONALFACE((452,451,433,453));
#3261=IFCINDEXEDPOLYGONALFACE((451,444,435));
#3262=IFCINDEXEDPOLYGONALFACE((452,453,454));
#3263=IFCINDEXEDPOLYGONALFACE((450,452,454,456));
#3264=IFCINDEXEDPOLYGONALFACE((454,424,651,455));
#3265=IFCINDEXEDPOLYGONALFACE((453,652,424,454));
#3266=IFCINDEXEDPOLYGONALFACE((456,454,455,458));
#3267=IFCINDEXEDPOLYGONALFACE((490,449,456,457));
#3268=IFCINDEXEDPOLYGONALFACE((449,450,456));
#3269=IFCINDEXEDPOLYGONALFACE((457,456,458,460));
#3270=IFCINDEXEDPOLYGONALFACE((455,459,458));
#3271=IFCINDEXEDPOLYGONALFACE((458,459,460));
#3272=IFCINDEXEDPOLYGONALFACE((460,459,461));
#3273=IFCINDEXEDPOLYGONALFACE((462,460,461));
#3274=IFCINDEXEDPOLYGONALFACE((462,457,460));
#3275=IFCINDEXEDPOLYGONALFACE((463,457,462));
#3276=IFCINDEXEDPOLYGONALFACE((462,461,464));
#3277=IFCINDEXEDPOLYGONALFACE((462,465,463));
#3278=IFCINDEXEDPOLYGONALFACE((465,462,464));
#3279=IFCINDEXEDPOLYGONALFACE((465,466,463));
#3280=IFCINDEXEDPOLYGONALFACE((466,465,467,472));
#3281=IFCINDEXEDPOLYGONALFACE((465,464,467));
#3282=IFCINDEXEDPOLYGONALFACE((468,467,470));
#3283=IFCINDEXEDPOLYGONALFACE((467,468,471));
#3284=IFCINDEXEDPOLYGONALFACE((464,631,469,467));
#3285=IFCINDEXEDPOLYGONALFACE((627,470,467,469));
#3286=IFCINDEXEDPOLYGONALFACE((472,467,471,475));
#3287=IFCINDEXEDPOLYGONALFACE((466,472,473,483));
#3288=IFCINDEXEDPOLYGONALFACE((472,474,476,473));
#3289=IFCINDEXEDPOLYGONALFACE((475,474,472));
#3290=IFCINDEXEDPOLYGONALFACE((473,476,477,479));
#3291=IFCINDEXEDPOLYGONALFACE((479,477,478,480));
#3292=IFCINDEXEDPOLYGONALFACE((480,481,479));
#3293=IFCINDEXEDPOLYGONALFACE((481,482,479));
#3294=IFCINDEXEDPOLYGONALFACE((479,482,483));
#3295=IFCINDEXEDPOLYGONALFACE((479,483,473));
#3296=IFCINDEXEDPOLYGONALFACE((482,463,483));
#3297=IFCINDEXEDPOLYGONALFACE((466,483,463));
#3298=IFCINDEXEDPOLYGONALFACE((463,482,484));
#3299=IFCINDEXEDPOLYGONALFACE((481,484,482));
#3300=IFCINDEXEDPOLYGONALFACE((497,486,484,481));
#3301=IFCINDEXEDPOLYGONALFACE((463,484,485));
#3302=IFCINDEXEDPOLYGONALFACE((487,485,484));
#3303=IFCINDEXEDPOLYGONALFACE((487,484,486));
#3304=IFCINDEXEDPOLYGONALFACE((487,488,490));
#3305=IFCINDEXEDPOLYGONALFACE((489,488,487));
#3306=IFCINDEXEDPOLYGONALFACE((491,489,487));
#3307=IFCINDEXEDPOLYGONALFACE((490,485,487));
#3308=IFCINDEXEDPOLYGONALFACE((487,486,491));
#3309=IFCINDEXEDPOLYGONALFACE((509,492,491,493));
#3310=IFCINDEXEDPOLYGONALFACE((489,491,492));
#3311=IFCINDEXEDPOLYGONALFACE((491,494,493));
#3312=IFCINDEXEDPOLYGONALFACE((494,491,486,497));
#3313=IFCINDEXEDPOLYGONALFACE((494,495,493));
#3314=IFCINDEXEDPOLYGONALFACE((495,494,496));
#3315=IFCINDEXEDPOLYGONALFACE((497,496,494));
#3316=IFCINDEXEDPOLYGONALFACE((496,497,481,480));
#3317=IFCINDEXEDPOLYGONALFACE((498,496,499));
#3318=IFCINDEXEDPOLYGONALFACE((500,496,498));
#3319=IFCINDEXEDPOLYGONALFACE((480,499,496));
#3320=IFCINDEXEDPOLYGONALFACE((496,500,501,495));
#3321=IFCINDEXEDPOLYGONALFACE((502,495,501));
#3322=IFCINDEXEDPOLYGONALFACE((495,502,503));
#3323=IFCINDEXEDPOLYGONALFACE((503,505,495));
#3324=IFCINDEXEDPOLYGONALFACE((505,503,504));
#3325=IFCINDEXEDPOLYGONALFACE((507,505,506,508));
#3326=IFCINDEXEDPOLYGONALFACE((506,505,504,625));
#3327=IFCINDEXEDPOLYGONALFACE((505,507,495));
#3328=IFCINDEXEDPOLYGONALFACE((508,509,507));
#3329=IFCINDEXEDPOLYGONALFACE((493,507,509));
#3330=IFCINDEXEDPOLYGONALFACE((493,495,507));
#3331=IFCINDEXEDPOLYGONALFACE((492,509,508,510));
#3332=IFCINDEXEDPOLYGONALFACE((510,508,511));
#3333=IFCINDEXEDPOLYGONALFACE((506,513,511,508));
#3334=IFCINDEXEDPOLYGONALFACE((512,511,514));
#3335=IFCINDEXEDPOLYGONALFACE((511,512,510));
#3336=IFCINDEXEDPOLYGONALFACE((514,511,513));
#3337=IFCINDEXEDPOLYGONALFACE((515,518,512,514));
#3338=IFCINDEXEDPOLYGONALFACE((513,517,515,514));
#3339=IFCINDEXEDPOLYGONALFACE((519,518,515,516));
#3340=IFCINDEXEDPOLYGONALFACE((516,515,517,618));
#3341=IFCINDEXEDPOLYGONALFACE((520,512,518));
#3342=IFCINDEXEDPOLYGONALFACE((521,520,518,519));
#3343=IFCINDEXEDPOLYGONALFACE((522,520,521));
#3344=IFCINDEXEDPOLYGONALFACE((522,523,520));
#3345=IFCINDEXEDPOLYGONALFACE((520,523,524));
#3346=IFCINDEXEDPOLYGONALFACE((524,512,520));
#3347=IFCINDEXEDPOLYGONALFACE((489,492,510,524));
#3348=IFCINDEXEDPOLYGONALFACE((524,525,489));
#3349=IFCINDEXEDPOLYGONALFACE((524,523,525));
#3350=IFCINDEXEDPOLYGONALFACE((512,524,510));
#3351=IFCINDEXEDPOLYGONALFACE((489,525,488));
#3352=IFCINDEXEDPOLYGONALFACE((525,526,529,488));
#3353=IFCINDEXEDPOLYGONALFACE((526,525,523));
#3354=IFCINDEXEDPOLYGONALFACE((528,526,527,531));
#3355=IFCINDEXEDPOLYGONALFACE((526,523,527));
#3356=IFCINDEXEDPOLYGONALFACE((526,528,530));
#3357=IFCINDEXEDPOLYGONALFACE((526,530,529));
#3358=IFCINDEXEDPOLYGONALFACE((257,530,528));
#3359=IFCINDEXEDPOLYGONALFACE((260,530,257));
#3360=IFCINDEXEDPOLYGONALFACE((260,443,530));
#3361=IFCINDEXEDPOLYGONALFACE((529,530,443));
#3362=IFCINDEXEDPOLYGONALFACE((446,488,529));
#3363=IFCINDEXEDPOLYGONALFACE((529,443,446));
#3364=IFCINDEXEDPOLYGONALFACE((255,528,531));
#3365=IFCINDEXEDPOLYGONALFACE((257,528,255));
#3366=IFCINDEXEDPOLYGONALFACE((531,527,533,532));
#3367=IFCINDEXEDPOLYGONALFACE((255,531,250));
#3368=IFCINDEXEDPOLYGONALFACE((250,531,532));
#3369=IFCINDEXEDPOLYGONALFACE((250,532,249));
#3370=IFCINDEXEDPOLYGONALFACE((532,534,249));
#3371=IFCINDEXEDPOLYGONALFACE((534,532,533));
#3372=IFCINDEXEDPOLYGONALFACE((535,249,534));
#3373=IFCINDEXEDPOLYGONALFACE((535,534,536));
#3374=IFCINDEXEDPOLYGONALFACE((537,534,533));
#3375=IFCINDEXEDPOLYGONALFACE((537,536,534));
#3376=IFCINDEXEDPOLYGONALFACE((541,536,537,539));
#3377=IFCINDEXEDPOLYGONALFACE((533,522,537));
#3378=IFCINDEXEDPOLYGONALFACE((537,522,538));
#3379=IFCINDEXEDPOLYGONALFACE((539,537,538));
#3380=IFCINDEXEDPOLYGONALFACE((539,540,5));
#3381=IFCINDEXEDPOLYGONALFACE((539,5,541));
#3382=IFCINDEXEDPOLYGONALFACE((538,543,540,539));
#3383=IFCINDEXEDPOLYGONALFACE((536,541,6,626));
#3384=IFCINDEXEDPOLYGONALFACE((6,541,5));
#3385=IFCINDEXEDPOLYGONALFACE((540,542,8));
#3386=IFCINDEXEDPOLYGONALFACE((540,8,4));
#3387=IFCINDEXEDPOLYGONALFACE((542,540,543));
#3388=IFCINDEXEDPOLYGONALFACE((540,4,5));
#3389=IFCINDEXEDPOLYGONALFACE((543,545,29,542));
#3390=IFCINDEXEDPOLYGONALFACE((546,544,543));
#3391=IFCINDEXEDPOLYGONALFACE((544,545,543));
#3392=IFCINDEXEDPOLYGONALFACE((543,538,547,546));
#3393=IFCINDEXEDPOLYGONALFACE((548,546,547,549));
#3394=IFCINDEXEDPOLYGONALFACE((544,546,548,550));
#3395=IFCINDEXEDPOLYGONALFACE((551,548,549,552));
#3396=IFCINDEXEDPOLYGONALFACE((550,548,551,556));
#3397=IFCINDEXEDPOLYGONALFACE((552,553,551));
#3398=IFCINDEXEDPOLYGONALFACE((606,555,551,553));
#3399=IFCINDEXEDPOLYGONALFACE((554,556,551));
#3400=IFCINDEXEDPOLYGONALFACE((551,555,554));
#3401=IFCINDEXEDPOLYGONALFACE((556,557,550));
#3402=IFCINDEXEDPOLYGONALFACE((554,557,556));
#3403=IFCINDEXEDPOLYGONALFACE((558,559,557));
#3404=IFCINDEXEDPOLYGONALFACE((557,554,558));
#3405=IFCINDEXEDPOLYGONALFACE((560,550,557,559));
#3406=IFCINDEXEDPOLYGONALFACE((562,559,558,565));
#3407=IFCINDEXEDPOLYGONALFACE((559,561,560));
#3408=IFCINDEXEDPOLYGONALFACE((559,562,561));
#3409=IFCINDEXEDPOLYGONALFACE((561,562,563));
#3410=IFCINDEXEDPOLYGONALFACE((563,562,564));
#3411=IFCINDEXEDPOLYGONALFACE((564,562,565));
#3412=IFCINDEXEDPOLYGONALFACE((566,565,558));
#3413=IFCINDEXEDPOLYGONALFACE((565,566,567));
#3414=IFCINDEXEDPOLYGONALFACE((567,568,564,565));
#3415=IFCINDEXEDPOLYGONALFACE((568,569,570,564));
#3416=IFCINDEXEDPOLYGONALFACE((570,569,571));
#3417=IFCINDEXEDPOLYGONALFACE((570,571,572,573));
#3418=IFCINDEXEDPOLYGONALFACE((574,573,572));
#3419=IFCINDEXEDPOLYGONALFACE((575,576,573,574));
#3420=IFCINDEXEDPOLYGONALFACE((575,577,576));
#3421=IFCINDEXEDPOLYGONALFACE((576,577,578,580));
#3422=IFCINDEXEDPOLYGONALFACE((578,579,580));
#3423=IFCINDEXEDPOLYGONALFACE((583,576,580,582));
#3424=IFCINDEXEDPOLYGONALFACE((582,580,581,586));
#3425=IFCINDEXEDPOLYGONALFACE((580,579,581));
#3426=IFCINDEXEDPOLYGONALFACE((588,583,582,584));
#3427=IFCINDEXEDPOLYGONALFACE((582,585,584));
#3428=IFCINDEXEDPOLYGONALFACE((582,586,585));
#3429=IFCINDEXEDPOLYGONALFACE((587,36,584,585));
#3430=IFCINDEXEDPOLYGONALFACE((584,36,588));
#3431=IFCINDEXEDPOLYGONALFACE((589,583,588));
#3432=IFCINDEXEDPOLYGONALFACE((38,588,36));
#3433=IFCINDEXEDPOLYGONALFACE((588,38,589));
#3434=IFCINDEXEDPOLYGONALFACE((589,590,583));
#3435=IFCINDEXEDPOLYGONALFACE((590,589,591));
#3436=IFCINDEXEDPOLYGONALFACE((38,591,589));
#3437=IFCINDEXEDPOLYGONALFACE((591,593,590));
#3438=IFCINDEXEDPOLYGONALFACE((592,591,38,596));
#3439=IFCINDEXEDPOLYGONALFACE((591,592,593));
#3440=IFCINDEXEDPOLYGONALFACE((590,593,594));
#3441=IFCINDEXEDPOLYGONALFACE((593,595,594));
#3442=IFCINDEXEDPOLYGONALFACE((595,593,563));
#3443=IFCINDEXEDPOLYGONALFACE((592,563,593));
#3444=IFCINDEXEDPOLYGONALFACE((595,563,564));
#3445=IFCINDEXEDPOLYGONALFACE((595,564,570));
#3446=IFCINDEXEDPOLYGONALFACE((594,595,570));
#3447=IFCINDEXEDPOLYGONALFACE((573,594,570));
#3448=IFCINDEXEDPOLYGONALFACE((573,590,594));
#3449=IFCINDEXEDPOLYGONALFACE((592,596,597));
#3450=IFCINDEXEDPOLYGONALFACE((563,592,597));
#3451=IFCINDEXEDPOLYGONALFACE((596,544,560,597));
#3452=IFCINDEXEDPOLYGONALFACE((560,561,597));
#3453=IFCINDEXEDPOLYGONALFACE((561,563,597));
#3454=IFCINDEXEDPOLYGONALFACE((596,34,545));
#3455=IFCINDEXEDPOLYGONALFACE((596,545,544));
#3456=IFCINDEXEDPOLYGONALFACE((596,38,34));
#3457=IFCINDEXEDPOLYGONALFACE((576,583,590));
#3458=IFCINDEXEDPOLYGONALFACE((573,576,590));
#3459=IFCINDEXEDPOLYGONALFACE((558,598,566));
#3460=IFCINDEXEDPOLYGONALFACE((558,599,598));
#3461=IFCINDEXEDPOLYGONALFACE((600,599,558,554));
#3462=IFCINDEXEDPOLYGONALFACE((554,601,600));
#3463=IFCINDEXEDPOLYGONALFACE((602,601,554));
#3464=IFCINDEXEDPOLYGONALFACE((555,603,602));
#3465=IFCINDEXEDPOLYGONALFACE((554,555,602));
#3466=IFCINDEXEDPOLYGONALFACE((606,604,603,555));
#3467=IFCINDEXEDPOLYGONALFACE((604,606,605));
#3468=IFCINDEXEDPOLYGONALFACE((607,605,606));
#3469=IFCINDEXEDPOLYGONALFACE((553,607,606));
#3470=IFCINDEXEDPOLYGONALFACE((610,608,607));
#3471=IFCINDEXEDPOLYGONALFACE((609,607,608,615));
#3472=IFCINDEXEDPOLYGONALFACE((605,607,609));
#3473=IFCINDEXEDPOLYGONALFACE((607,553,610));
#3474=IFCINDEXEDPOLYGONALFACE((553,552,610));
#3475=IFCINDEXEDPOLYGONALFACE((613,610,611));
#3476=IFCINDEXEDPOLYGONALFACE((610,552,549,611));
#3477=IFCINDEXEDPOLYGONALFACE((613,612,610));
#3478=IFCINDEXEDPOLYGONALFACE((612,608,610));
#3479=IFCINDEXEDPOLYGONALFACE((516,612,613));
#3480=IFCINDEXEDPOLYGONALFACE((519,516,613));
#3481=IFCINDEXEDPOLYGONALFACE((614,519,613));
#3482=IFCINDEXEDPOLYGONALFACE((613,611,614));
#3483=IFCINDEXEDPOLYGONALFACE((547,521,614,611));
#3484=IFCINDEXEDPOLYGONALFACE((519,614,521));
#3485=IFCINDEXEDPOLYGONALFACE((608,612,516,618));
#3486=IFCINDEXEDPOLYGONALFACE((547,611,549));
#3487=IFCINDEXEDPOLYGONALFACE((608,616,615));
#3488=IFCINDEXEDPOLYGONALFACE((616,608,618,617));
#3489=IFCINDEXEDPOLYGONALFACE((618,619,617));
#3490=IFCINDEXEDPOLYGONALFACE((620,619,618,517));
#3491=IFCINDEXEDPOLYGONALFACE((517,621,620));
#3492=IFCINDEXEDPOLYGONALFACE((622,621,517,513));
#3493=IFCINDEXEDPOLYGONALFACE((513,623,622));
#3494=IFCINDEXEDPOLYGONALFACE((624,623,513));
#3495=IFCINDEXEDPOLYGONALFACE((625,624,506));
#3496=IFCINDEXEDPOLYGONALFACE((513,506,624));
#3497=IFCINDEXEDPOLYGONALFACE((550,560,544));
#3498=IFCINDEXEDPOLYGONALFACE((521,547,538));
#3499=IFCINDEXEDPOLYGONALFACE((29,545,30));
#3500=IFCINDEXEDPOLYGONALFACE((542,12,8));
#3501=IFCINDEXEDPOLYGONALFACE((542,29,12));
#3502=IFCINDEXEDPOLYGONALFACE((521,538,522));
#3503=IFCINDEXEDPOLYGONALFACE((626,535,536));
#3504=IFCINDEXEDPOLYGONALFACE((229,230,626,6));
#3505=IFCINDEXEDPOLYGONALFACE((230,234,535,626));
#3506=IFCINDEXEDPOLYGONALFACE((238,248,249,535));
#3507=IFCINDEXEDPOLYGONALFACE((535,234,238));
#3508=IFCINDEXEDPOLYGONALFACE((523,522,533));
#3509=IFCINDEXEDPOLYGONALFACE((527,523,533));
#3510=IFCINDEXEDPOLYGONALFACE((499,480,478));
#3511=IFCINDEXEDPOLYGONALFACE((446,490,488));
#3512=IFCINDEXEDPOLYGONALFACE((447,490,446));
#3513=IFCINDEXEDPOLYGONALFACE((490,447,449));
#3514=IFCINDEXEDPOLYGONALFACE((490,457,485));
#3515=IFCINDEXEDPOLYGONALFACE((485,457,463));
#3516=IFCINDEXEDPOLYGONALFACE((469,628,627));
#3517=IFCINDEXEDPOLYGONALFACE((628,469,629));
#3518=IFCINDEXEDPOLYGONALFACE((629,469,631,630));
#3519=IFCINDEXEDPOLYGONALFACE((632,630,631));
#3520=IFCINDEXEDPOLYGONALFACE((634,633,632));
#3521=IFCINDEXEDPOLYGONALFACE((634,632,631));
#3522=IFCINDEXEDPOLYGONALFACE((633,634,461));
#3523=IFCINDEXEDPOLYGONALFACE((464,461,634));
#3524=IFCINDEXEDPOLYGONALFACE((464,634,631));
#3525=IFCINDEXEDPOLYGONALFACE((461,635,633));
#3526=IFCINDEXEDPOLYGONALFACE((636,635,461));
#3527=IFCINDEXEDPOLYGONALFACE((638,636,637));
#3528=IFCINDEXEDPOLYGONALFACE((461,637,636));
#3529=IFCINDEXEDPOLYGONALFACE((639,638,637));
#3530=IFCINDEXEDPOLYGONALFACE((641,639,637));
#3531=IFCINDEXEDPOLYGONALFACE((640,639,642));
#3532=IFCINDEXEDPOLYGONALFACE((642,639,641,644));
#3533=IFCINDEXEDPOLYGONALFACE((645,642,419));
#3534=IFCINDEXEDPOLYGONALFACE((644,419,642));
#3535=IFCINDEXEDPOLYGONALFACE((642,643,640));
#3536=IFCINDEXEDPOLYGONALFACE((642,645,646,643));
#3537=IFCINDEXEDPOLYGONALFACE((419,418,645));
#3538=IFCINDEXEDPOLYGONALFACE((648,645,418));
#3539=IFCINDEXEDPOLYGONALFACE((645,647,646));
#3540=IFCINDEXEDPOLYGONALFACE((648,647,645));
#3541=IFCINDEXEDPOLYGONALFACE((648,409,649));
#3542=IFCINDEXEDPOLYGONALFACE((409,648,418,411));
#3543=IFCINDEXEDPOLYGONALFACE((407,649,409));
#3544=IFCINDEXEDPOLYGONALFACE((419,644,421));
#3545=IFCINDEXEDPOLYGONALFACE((644,650,421));
#3546=IFCINDEXEDPOLYGONALFACE((650,644,641));
#3547=IFCINDEXEDPOLYGONALFACE((650,459,455));
#3548=IFCINDEXEDPOLYGONALFACE((455,651,650));
#3549=IFCINDEXEDPOLYGONALFACE((651,421,650));
#3550=IFCINDEXEDPOLYGONALFACE((459,650,641));
#3551=IFCINDEXEDPOLYGONALFACE((421,651,424));
#3552=IFCINDEXEDPOLYGONALFACE((641,637,459));
#3553=IFCINDEXEDPOLYGONALFACE((459,637,461));
#3554=IFCINDEXEDPOLYGONALFACE((453,433,652));
#3555=IFCINDEXEDPOLYGONALFACE((652,423,424));
#3556=IFCINDEXEDPOLYGONALFACE((423,652,428));
#3557=IFCINDEXEDPOLYGONALFACE((439,435,444));
#3558=IFCINDEXEDPOLYGONALFACE((271,653,437,268));
#3559=IFCINDEXEDPOLYGONALFACE((437,653,436));
#3560=IFCINDEXEDPOLYGONALFACE((271,272,653));
#3561=IFCINDEXEDPOLYGONALFACE((272,654,653));
#3562=IFCINDEXEDPOLYGONALFACE((653,655,436));
#3563=IFCINDEXEDPOLYGONALFACE((656,653,654));
#3564=IFCINDEXEDPOLYGONALFACE((653,656,655));
#3565=IFCINDEXEDPOLYGONALFACE((654,668,377,656));
#3566=IFCINDEXEDPOLYGONALFACE((655,656,657));
#3567=IFCINDEXEDPOLYGONALFACE((656,377,380,657));
#3568=IFCINDEXEDPOLYGONALFACE((657,380,383,658));
#3569=IFCINDEXEDPOLYGONALFACE((657,658,660));
#3570=IFCINDEXEDPOLYGONALFACE((657,659,655));
#3571=IFCINDEXEDPOLYGONALFACE((660,659,657));
#3572=IFCINDEXEDPOLYGONALFACE((659,660,430));
#3573=IFCINDEXEDPOLYGONALFACE((658,661,660));
#3574=IFCINDEXEDPOLYGONALFACE((661,430,660));
#3575=IFCINDEXEDPOLYGONALFACE((661,662,427));
#3576=IFCINDEXEDPOLYGONALFACE((661,663,662));
#3577=IFCINDEXEDPOLYGONALFACE((661,658,665,663));
#3578=IFCINDEXEDPOLYGONALFACE((430,661,427));
#3579=IFCINDEXEDPOLYGONALFACE((663,666,662));
#3580=IFCINDEXEDPOLYGONALFACE((664,413,663));
#3581=IFCINDEXEDPOLYGONALFACE((664,663,665));
#3582=IFCINDEXEDPOLYGONALFACE((663,413,666));
#3583=IFCINDEXEDPOLYGONALFACE((666,415,662));
#3584=IFCINDEXEDPOLYGONALFACE((388,665,658));
#3585=IFCINDEXEDPOLYGONALFACE((665,386,392,664));
#3586=IFCINDEXEDPOLYGONALFACE((386,665,388));
#3587=IFCINDEXEDPOLYGONALFACE((398,413,664));
#3588=IFCINDEXEDPOLYGONALFACE((394,664,392));
#3589=IFCINDEXEDPOLYGONALFACE((427,662,415));
#3590=IFCINDEXEDPOLYGONALFACE((659,431,436,655));
#3591=IFCINDEXEDPOLYGONALFACE((431,659,430));
#3592=IFCINDEXEDPOLYGONALFACE((388,658,383));
#3593=IFCINDEXEDPOLYGONALFACE((272,667,654));
#3594=IFCINDEXEDPOLYGONALFACE((668,654,667));
#3595=IFCINDEXEDPOLYGONALFACE((669,369,378,668));
#3596=IFCINDEXEDPOLYGONALFACE((668,667,669));
#3597=IFCINDEXEDPOLYGONALFACE((369,669,670,671));
#3598=IFCINDEXEDPOLYGONALFACE((669,273,670));
#3599=IFCINDEXEDPOLYGONALFACE((669,275,273));
#3600=IFCINDEXEDPOLYGONALFACE((669,667,275));
#3601=IFCINDEXEDPOLYGONALFACE((670,273,277));
#3602=IFCINDEXEDPOLYGONALFACE((671,670,292,293));
#3603=IFCINDEXEDPOLYGONALFACE((280,292,670,277));
#3604=IFCINDEXEDPOLYGONALFACE((366,369,671,362));
#3605=IFCINDEXEDPOLYGONALFACE((275,667,272));
#3606=IFCINDEXEDPOLYGONALFACE((400,413,398));
#3607=IFCINDEXEDPOLYGONALFACE((382,375,672));
#3608=IFCINDEXEDPOLYGONALFACE((292,280,289));
#3609=IFCINDEXEDPOLYGONALFACE((238,237,248));
#3610=IFCINDEXEDPOLYGONALFACE((228,229,2));
#3611=IFCINDEXEDPOLYGONALFACE((6,2,229));
#3612=IFCINDEXEDPOLYGONALFACE((2,3,169,228));
#3613=IFCINDEXEDPOLYGONALFACE((177,224,174));
#3614=IFCINDEXEDPOLYGONALFACE((171,174,224));
#3615=IFCINDEXEDPOLYGONALFACE((221,182,673));
#3616=IFCINDEXEDPOLYGONALFACE((221,176,182));
#3617=IFCINDEXEDPOLYGONALFACE((673,182,184,193));
#3618=IFCINDEXEDPOLYGONALFACE((193,219,673));
#3619=IFCINDEXEDPOLYGONALFACE((9,169,3));
#3620=IFCINDEXEDPOLYGONALFACE((167,10,13));
#3621=IFCINDEXEDPOLYGONALFACE((167,13,15));
#3622=IFCINDEXEDPOLYGONALFACE((15,676,160,167));
#3623=IFCINDEXEDPOLYGONALFACE((163,155,156));
#3624=IFCINDEXEDPOLYGONALFACE((85,161,83));
#3625=IFCINDEXEDPOLYGONALFACE((161,82,83));
#3626=IFCINDEXEDPOLYGONALFACE((82,161,675));
#3627=IFCINDEXEDPOLYGONALFACE((675,676,18,82));
#3628=IFCINDEXEDPOLYGONALFACE((675,160,676));
#3629=IFCINDEXEDPOLYGONALFACE((15,18,676));
#3630=IFCINDEXEDPOLYGONALFACE((69,68,76));
#3631=IFCINDEXEDPOLYGONALFACE((677,72,22,21));
#3632=IFCINDEXEDPOLYGONALFACE((59,60,677,25));
#3633=IFCINDEXEDPOLYGONALFACE((677,60,61));
#3634=IFCINDEXEDPOLYGONALFACE((21,25,677));
#3635=IFCINDEXEDPOLYGONALFACE((53,63,57));
#3636=IFCINDEXEDPOLYGONALFACE((56,59,27,32));
#3637=IFCINDEXEDPOLYGONALFACE((27,59,25));
#3638=IFCINDEXEDPOLYGONALFACE((56,37,54));
#3639=IFCINDEXEDPOLYGONALFACE((32,37,56));
#3640=IFCINDEXEDPOLYGONALFACE((42,54,37));
#3641=IFCPOLYGONALFACESET(#2686,$,(#2687,#2688,#2689,#2690,#2691,#2692,#2693,#2694,#2695,#2696,#2697,#2698,#2699,#2700,#2701,#2702,#2703,#2704,#2705,#2706,#2707,#2708,#2709,#2710,#2711,#2712,#2713,#2714,#2715,#2716,#2717,#2718,#2719,#2720,#2721,#2722,#2723,#2724,#2725,#2726,#2727,#2728,#2729,#2730,#2731,#2732,#2733,#2734,#2735,#2736,#2737,#2738,#2739,#2740,#2741,#2742,#2743,#2744,#2745,#2746,#2747,#2748,#2749,#2750,#2751,#2752,#2753,#2754,#2755,#2756,#2757,#2758,#2759,#2760,#2761,#2762,#2763,#2764,#2765,#2766,#2767,#2768,#2769,#2770,#2771,#2772,#2773,#2774,#2775,#2776,#2777,#2778,#2779,#2780,#2781,#2782,#2783,#2784,#2785,#2786,#2787,#2788,#2789,#2790,#2791,#2792,#2793,#2794,#2795,#2796,#2797,#2798,#2799,#2800,#2801,#2802,#2803,#2804,#2805,#2806,#2807,#2808,#2809,#2810,#2811,#2812,#2813,#2814,#2815,#2816,#2817,#2818,#2819,#2820,#2821,#2822,#2823,#2824,#2825,#2826,#2827,#2828,#2829,#2830,#2831,#2832,#2833,#2834,#2835,#2836,#2837,#2838,#2839,#2840,#2841,#2842,#2843,#2844,#2845,#2846,#2847,#2848,#2849,#2850,#2851,#2852,#2853,#2854,#2855,#2856,#2857,#2858,#2859,#2860,#2861,#2862,#2863,#2864,#2865,#2866,#2867,#2868,#2869,#2870,#2871,#2872,#2873,#2874,#2875,#2876,#2877,#2878,#2879,#2880,#2881,#2882,#2883,#2884,#2885,#2886,#2887,#2888,#2889,#2890,#2891,#2892,#2893,#2894,#2895,#2896,#2897,#2898,#2899,#2900,#2901,#2902,#2903,#2904,#2905,#2906,#2907,#2908,#2909,#2910,#2911,#2912,#2913,#2914,#2915,#2916,#2917,#2918,#2919,#2920,#2921,#2922,#2923,#2924,#2925,#2926,#2927,#2928,#2929,#2930,#2931,#2932,#2933,#2934,#2935,#2936,#2937,#2938,#2939,#2940,#2941,#2942,#2943,#2944,#2945,#2946,#2947,#2948,#2949,#2950,#2951,#2952,#2953,#2954,#2955,#2956,#2957,#2958,#2959,#2960,#2961,#2962,#2963,#2964,#2965,#2966,#2967,#2968,#2969,#2970,#2971,#2972,#2973,#2974,#2975,#2976,#2977,#2978,#2979,#2980,#2981,#2982,#2983,#2984,#2985,#2986,#2987,#2988,#2989,#2990,#2991,#2992,#2993,#2994,#2995,#2996,#2997,#2998,#2999,#3000,#3001,#3002,#3003,#3004,#3005,#3006,#3007,#3008,#3009,#3010,#3011,#3012,#3013,#3014,#3015,#3016,#3017,#3018,#3019,#3020,#3021,#3022,#3023,#3024,#3025,#3026,#3027,#3028,#3029,#3030,#3031,#3032,#3033,#3034,#3035,#3036,#3037,#3038,#3039,#3040,#3041,#3042,#3043,#3044,#3045,#3046,#3047,#3048,#3049,#3050,#3051,#3052,#3053,#3054,#3055,#3056,#3057,#3058,#3059,#3060,#3061,#3062,#3063,#3064,#3065,#3066,#3067,#3068,#3069,#3070,#3071,#3072,#3073,#3074,#3075,#3076,#3077,#3078,#3079,#3080,#3081,#3082,#3083,#3084,#3085,#3086,#3087,#3088,#3089,#3090,#3091,#3092,#3093,#3094,#3095,#3096,#3097,#3098,#3099,#3100,#3101,#3102,#3103,#3104,#3105,#3106,#3107,#3108,#3109,#3110,#3111,#3112,#3113,#3114,#3115,#3116,#3117,#3118,#3119,#3120,#3121,#3122,#3123,#3124,#3125,#3126,#3127,#3128,#3129,#3130,#3131,#3132,#3133,#3134,#3135,#3136,#3137,#3138,#3139,#3140,#3141,#3142,#3143,#3144,#3145,#3146,#3147,#3148,#3149,#3150,#3151,#3152,#3153,#3154,#3155,#3156,#3157,#3158,#3159,#3160,#3161,#3162,#3163,#3164,#3165,#3166,#3167,#3168,#3169,#3170,#3171,#3172,#3173,#3174,#3175,#3176,#3177,#3178,#3179,#3180,#3181,#3182,#3183,#3184,#3185,#3186,#3187,#3188,#3189,#3190,#3191,#3192,#3193,#3194,#3195,#3196,#3197,#3198,#3199,#3200,#3201,#3202,#3203,#3204,#3205,#3206,#3207,#3208,#3209,#3210,#3211,#3212,#3213,#3214,#3215,#3216,#3217,#3218,#3219,#3220,#3221,#3222,#3223,#3224,#3225,#3226,#3227,#3228,#3229,#3230,#3231,#3232,#3233,#3234,#3235,#3236,#3237,#3238,#3239,#3240,#3241,#3242,#3243,#3244,#3245,#3246,#3247,#3248,#3249,#3250,#3251,#3252,#3253,#3254,#3255,#3256,#3257,#3258,#3259,#3260,#3261,#3262,#3263,#3264,#3265,#3266,#3267,#3268,#3269,#3270,#3271,#3272,#3273,#3274,#3275,#3276,#3277,#3278,#3279,#3280,#3281,#3282,#3283,#3284,#3285,#3286,#3287,#3288,#3289,#3290,#3291,#3292,#3293,#3294,#3295,#3296,#3297,#3298,#3299,#3300,#3301,#3302,#3303,#3304,#3305,#3306,#3307,#3308,#3309,#3310,#3311,#3312,#3313,#3314,#3315,#3316,#3317,#3318,#3319,#3320,#3321,#3322,#3323,#3324,#3325,#3326,#3327,#3328,#3329,#3330,#3331,#3332,#3333,#3334,#3335,#3336,#3337,#3338,#3339,#3340,#3341,#3342,#3343,#3344,#3345,#3346,#3347,#3348,#3349,#3350,#3351,#3352,#3353,#3354,#3355,#3356,#3357,#3358,#3359,#3360,#3361,#3362,#3363,#3364,#3365,#3366,#3367,#3368,#3369,#3370,#3371,#3372,#3373,#3374,#3375,#3376,#3377,#3378,#3379,#3380,#3381,#3382,#3383,#3384,#3385,#3386,#3387,#3388,#3389,#3390,#3391,#3392,#3393,#3394,#3395,#3396,#3397,#3398,#3399,#3400,#3401,#3402,#3403,#3404,#3405,#3406,#3407,#3408,#3409,#3410,#3411,#3412,#3413,#3414,#3415,#3416,#3417,#3418,#3419,#3420,#3421,#3422,#3423,#3424,#3425,#3426,#3427,#3428,#3429,#3430,#3431,#3432,#3433,#3434,#3435,#3436,#3437,#3438,#3439,#3440,#3441,#3442,#3443,#3444,#3445,#3446,#3447,#3448,#3449,#3450,#3451,#3452,#3453,#3454,#3455,#3456,#3457,#3458,#3459,#3460,#3461,#3462,#3463,#3464,#3465,#3466,#3467,#3468,#3469,#3470,#3471,#3472,#3473,#3474,#3475,#3476,#3477,#3478,#3479,#3480,#3481,#3482,#3483,#3484,#3485,#3486,#3487,#3488,#3489,#3490,#3491,#3492,#3493,#3494,#3495,#3496,#3497,#3498,#3499,#3500,#3501,#3502,#3503,#3504,#3505,#3506,#3507,#3508,#3509,#3510,#3511,#3512,#3513,#3514,#3515,#3516,#3517,#3518,#3519,#3520,#3521,#3522,#3523,#3524,#3525,#3526,#3527,#3528,#3529,#3530,#3531,#3532,#3533,#3534,#3535,#3536,#3537,#3538,#3539,#3540,#3541,#3542,#3543,#3544,#3545,#3546,#3547,#3548,#3549,#3550,#3551,#3552,#3553,#3554,#3555,#3556,#3557,#3558,#3559,#3560,#3561,#3562,#3563,#3564,#3565,#3566,#3567,#3568,#3569,#3570,#3571,#3572,#3573,#3574,#3575,#3576,#3577,#3578,#3579,#3580,#3581,#3582,#3583,#3584,#3585,#3586,#3587,#3588,#3589,#3590,#3591,#3592,#3593,#3594,#3595,#3596,#3597,#3598,#3599,#3600,#3601,#3602,#3603,#3604,#3605,#3606,#3607,#3608,#3609,#3610,#3611,#3612,#3613,#3614,#3615,#3616,#3617,#3618,#3619,#3620,#3621,#3622,#3623,#3624,#3625,#3626,#3627,#3628,#3629,#3630,#3631,#3632,#3633,#3634,#3635,#3636,#3637,#3638,#3639,#3640),$);
#3642=IFCCARTESIANPOINTLIST3D(((-220.102020263672,-108.718948364258,376.),(-218.79801940918,-108.86994934082,375.490966796875),(-222.641021728516,-109.221954345703,375.453979492188),(-209.556015014648,-106.549957275391,380.326965332031),(-211.264022827148,-107.146957397461,378.432952880859),(-205.169021606445,-106.058959960938,382.523986816406),(-202.,-105.894950866699,382.914978027344),(-202.010025024414,-105.337959289551,384.263977050781),(-199.114013671875,-103.982955932617,386.017974853516),(-196.542007446289,-101.67195892334,387.759979248047),(-198.309020996094,-104.293960571289,385.183959960938),(-193.564010620117,-103.139953613281,387.696990966797),(-195.799011230469,-102.350959777832,386.759002685547),(-193.709014892578,-100.913955688477,388.506988525391),(-194.802017211914,-100.242958068848,389.344970703125),(-192.918014526367,-102.267967224121,389.723968505859),(-194.391021728516,-101.428955078125,390.561004638672),(-195.220016479492,-103.950958251953,390.962951660156),(-193.584014892578,-104.408958435059,389.611968994141),(-196.526016235352,-106.957954406738,389.304962158203),(-197.250015258789,-106.29695892334,389.838958740234),(-199.987014770508,-108.225959777832,388.035980224609),(-202.979019165039,-109.379959106445,386.211975097656),(-199.325012207031,-108.966957092285,387.464965820312),(-203.,-110.520957946777,383.585968017578),(-198.597015380859,-108.550956726074,384.557983398438),(-203.489028930664,-110.359954833984,385.16796875),(-206.182022094727,-110.,384.430969238281),(-212.537017822266,-111.466949462891,380.659973144531),(-210.089019775391,-110.358955383301,382.461975097656),(-206.796020507812,-110.239952087402,380.02099609375),(-220.044021606445,-112.767951965332,378.071960449219),(-223.600021362305,-113.557952880859,378.192962646484),(-224.309020996094,-113.86994934082,375.593963623047),(-220.501022338867,-111.912948608398,378.719970703125),(-223.211029052734,-112.538948059082,378.781982421875),(-224.701019287109,-112.910949707031,379.532958984375),(-226.031021118164,-113.203948974609,380.650970458984),(-226.297027587891,-114.168952941895,380.292999267578),(-227.78401184082,-113.24195098877,383.497985839844),(-230.274017333984,-114.016952514648,387.450958251953),(-230.822006225586,-112.764945983887,389.482971191406),(-234.315002441406,-111.874946594238,398.298980712891),(-237.728012084961,-110.591949462891,409.675964355469),(-234.561004638672,-112.864952087402,398.351959228516),(-237.135009765625,-113.340950012207,401.704986572266),(-239.22102355957,-111.066947937012,414.239990234375),(-243.381011962891,-108.727951049805,431.142944335938),(-241.031021118164,-108.682945251465,423.420959472656),(-247.831024169922,-102.798950195312,459.109954833984),(-255.186004638672,-86.4639511108398,517.701965332031),(-247.137008666992,-102.198951721191,456.951965332031),(-244.191024780273,-105.911949157715,439.317962646484),(-249.797012329102,-97.4599533081055,475.945983886719),(-250.964004516602,-102.30394744873,463.347961425781),(-254.932006835938,-90.6989517211914,505.783935546875),(-252.327011108398,-91.8789520263672,496.048950195312),(-254.873016357422,-85.6609497070312,516.93896484375),(-257.588012695312,-78.8029556274414,538.68798828125),(-260.639038085938,-71.3019485473633,561.351989746094),(-259.454040527344,-75.4569473266602,551.976013183594),(-264.161010742188,-64.2819519042969,584.469909667969),(-261.151000976562,-76.131950378418,552.492919921875),(-266.816009521484,-65.7409515380859,581.079956054688),(-256.973022460938,-90.1119537353516,507.421936035156),(-255.275024414062,-95.4609527587891,485.902954101562),(-256.376007080078,-92.0169525146484,490.752960205078),(-260.073028564453,-82.9319534301758,521.815979003906),(-251.526016235352,-102.473945617676,456.490966796875),(-249.368011474609,-103.862953186035,441.594970703125),(-247.396026611328,-107.760948181152,437.694000244141),(-242.435012817383,-111.646949768066,415.115997314453),(-245.380020141602,-109.228950500488,422.641967773438),(-243.522018432617,-108.531944274902,413.393981933594),(-242.046020507812,-111.332946777344,408.867980957031),(-238.53401184082,-112.695945739746,397.058959960938),(-239.,-110.503952026367,397.323974609375),(-235.665008544922,-114.212944030762,393.582977294922),(-233.817016601562,-111.764945983887,384.02197265625),(-234.73600769043,-113.832954406738,388.),(-228.427017211914,-114.732948303223,379.02197265625),(-230.073013305664,-113.784950256348,378.724975585938),(-229.842025756836,-111.523948669434,377.892974853516),(-227.259017944336,-113.159950256348,376.),(-224.808013916016,-110.358947753906,374.867980957031),(-224.80500793457,-113.211944580078,374.949981689453),(-220.921005249023,-112.457946777344,374.739990234375),(-216.800018310547,-110.92894744873,375.661987304688),(-222.518020629883,-110.220947265625,374.245971679688),(-209.631011962891,-109.,378.211975097656),(-202.690017700195,-108.515953063965,381.622985839844),(-225.050018310547,-109.774948120117,376.06396484375),(-228.011016845703,-110.524948120117,377.674987792969),(-229.783020019531,-110.939949035645,379.188995361328),(-231.890014648438,-111.059951782227,382.386993408203),(-234.897018432617,-110.686950683594,388.589996337891),(-238.323013305664,-109.794944763184,397.637969970703),(-241.672012329102,-108.363952636719,409.35498046875),(-244.919021606445,-106.239944458008,423.48095703125),(-248.042022705078,-103.264953613281,439.765960693359),(-251.015014648438,-99.4349517822266,457.808959960938),(-253.815002441406,-94.7449493408203,477.201965332031),(-256.455017089844,-89.3709564208984,497.300994873047),(-259.656036376953,-81.7329559326172,523.310974121094),(-264.287017822266,-70.1589508056641,558.536987304688),(-267.164001464844,-62.4799499511719,579.984985351562),(-266.64501953125,-66.4119567871094,571.48095703125),(-271.436004638672,-54.1979560852051,607.655944824219),(-270.801025390625,-54.3669548034668,601.842956542969),(-270.143005371094,-53.727954864502,602.057983398438),(-273.885009765625,-44.4999580383301,623.406982421875),(-276.805969238281,-33.9759559631348,642.013977050781),(-273.105987548828,-44.0429573059082,623.2529296875),(-275.960998535156,-33.6389541625977,641.749938964844),(-278.392974853516,-22.3599586486816,657.524963378906),(-280.068969726562,-10.1519584655762,670.336975097656),(-279.267974853516,-22.7249565124512,657.700988769531),(-280.984985351562,-10.3649587631226,670.611938476562),(-279.886962890625,-24.5509586334229,659.257995605469),(-279.379974365234,-23.5949573516846,662.731994628906),(-281.940002441406,-10.2619590759277,673.983947753906),(-277.170959472656,-34.9519577026367,647.087951660156),(-272.733001708984,-46.1079559326172,628.539916992188),(-274.150970458984,-45.6509552001953,627.727966308594),(-273.941986083984,-35.,647.256958007812),(-276.551971435547,-23.5509586334229,662.872985839844),(-270.774963378906,-45.0969581604004,629.213928222656),(-273.455993652344,-34.,646.737976074219),(-275.963989257812,-22.592960357666,662.205932617188),(-270.437957763672,-44.540958404541,628.364929199219),(-267.196014404297,-54.2329559326172,607.113952636719),(-267.528015136719,-55.3309555053711,607.370910644531),(-263.882995605469,-63.1309471130371,584.332946777344),(-270.132019042969,-55.5909538269043,607.466979980469),(-277.669006347656,-10.3319606781006,674.726989746094),(-278.504974365234,2.57803893089294,684.630920410156),(-278.140960693359,-10.782958984375,675.583984375),(-280.817962646484,-11.4749584197998,675.409912109375),(-280.770965576172,1.46703958511353,685.385986328125),(-279.606994628906,15.6080379486084,692.81494140625),(-282.149993896484,15.0990390777588,692.590942382812),(-282.695983886719,2.32604026794434,684.820983886719),(-283.208984375,16.209041595459,691.755981445312),(-282.868988037109,21.036039352417,691.609008789062),(-282.925964355469,30.0990371704102,697.057983398438),(-280.876953125,56.5560340881348,703.040954589844),(-281.975982666016,43.7820358276367,701.029968261719),(-281.706970214844,28.7560367584229,698.041931152344),(-280.868988037109,42.7420349121094,702.),(-279.247985839844,29.4590377807617,698.088989257812),(-278.684997558594,29.5480365753174,697.143005371094),(-277.976928710938,48.5230369567871,703.295959472656),(-273.404937744141,79.0450286865234,708.070922851562),(-279.444946289062,56.7220344543457,704.882934570312),(-275.894958496094,75.8990325927734,707.972961425781),(-276.348968505859,57.3960304260254,704.023986816406),(-277.807983398438,43.4450340270996,701.10595703125),(-274.301971435547,71.22802734375,706.236999511719),(-271.658935546875,84.8620300292969,707.942993164062),(-268.400939941406,98.2470321655273,709.345947265625),(-261.672943115234,120.156021118164,711.791931152344),(-266.982971191406,105.763023376465,710.940979003906),(-258.873962402344,128.930023193359,713.683959960938),(-265.147979736328,115.724021911621,712.160949707031),(-261.35498046875,131.910018920898,713.615966796875),(-247.949935913086,153.350021362305,717.),(-270.946960449219,103.594032287598,710.23291015625),(-251.346923828125,151.98503112793,716.829956054688),(-242.909927368164,171.047027587891,717.661926269531),(-253.135940551758,151.129028320312,715.35595703125),(-238.131927490234,175.53401184082,719.725952148438),(-234.401931762695,185.611999511719,719.703918457031),(-235.142929077148,183.136016845703,716.350952148438),(-224.353927612305,199.330001831055,721.880920410156),(-224.337921142578,200.669006347656,720.661926269531),(-224.048934936523,199.833999633789,718.164916992188),(-215.118911743164,212.283996582031,722.519958496094),(-211.339904785156,213.699005126953,723.953979492188),(-214.81591796875,211.621002197266,719.514953613281),(-205.102905273438,222.179992675781,724.5029296875),(-204.604904174805,223.432006835938,722.388916015625),(-193.395919799805,232.740005493164,722.177917480469),(-193.521926879883,233.429000854492,725.243957519531),(-203.818923950195,221.901992797852,720.390930175781),(-213.960922241211,210.968002319336,719.18896484375),(-192.562911987305,232.075012207031,721.848999023438),(-180.398910522461,241.602981567383,723.0859375),(-167.251922607422,250.428985595703,724.201904296875),(-181.248901367188,242.313980102539,723.443969726562),(-167.763900756836,252.095001220703,726.083923339844),(-161.547897338867,254.952987670898,724.882995605469),(-181.245910644531,243.025985717773,726.500915527344),(-168.345916748047,251.04997253418,728.250915527344),(-184.426910400391,238.1669921875,727.177001953125),(-159.482894897461,252.607986450195,728.761901855469),(-144.502899169922,263.121002197266,730.072937011719),(-185.506912231445,235.051986694336,726.527954101562),(-201.742919921875,219.929992675781,724.026916503906),(-178.679916381836,239.480987548828,726.469970703125),(-190.696914672852,230.070983886719,725.260925292969),(-165.699920654297,248.205993652344,727.529968261719),(-151.743896484375,256.186004638672,728.412963867188),(-137.063903808594,263.328979492188,729.16796875),(-129.824905395508,267.027984619141,730.351928710938),(-122.027900695801,269.493957519531,729.833984375),(-106.901908874512,274.548950195312,730.392944335938),(-101.190902709961,276.628967285156,731.441955566406),(-92.0559005737305,278.332946777344,730.816955566406),(-77.4859085083008,281.149963378906,731.099975585938),(-72.930908203125,282.311950683594,732.070922851562),(-62.9319076538086,283.353973388672,731.228942871094),(-35.6309051513672,286.597961425781,731.447937011719),(-25.439905166626,288.274932861328,732.4619140625),(-19.5619068145752,288.19091796875,731.48095703125),(3.71009397506714,289.010925292969,731.347961425781),(23.6140918731689,288.320922851562,732.350952148438),(26.3640918731689,287.643920898438,731.48291015625),(-0.290905684232712,289.352935791016,732.068969726562),(0.984094738960266,290.904907226562,732.598999023438),(59.8650894165039,286.238891601562,732.877990722656),(26.5030937194824,291.310913085938,732.783935546875),(0.,292.818908691406,732.23193359375),(-28.3029022216797,290.885925292969,732.920959472656),(-99.8079071044922,279.311981201172,732.183959960938),(-19.334903717041,292.463897705078,732.010986328125),(-35.2879028320312,291.089965820312,731.64892578125),(-71.2339096069336,285.617950439453,732.631958007812),(-72.3739013671875,286.325958251953,731.780944824219),(-102.321899414062,279.130950927734,731.956970214844),(-101.896903991699,280.227935791016,731.369934082031),(-123.921897888184,272.721984863281,730.901977539062),(-147.596908569336,262.981994628906,729.27294921875),(-123.012901306152,273.756958007812,728.788940429688),(-107.788909912109,278.818939208984,729.490966796875),(-138.478897094727,267.460998535156,727.966979980469),(-131.405899047852,269.742980957031,726.664978027344),(-138.239898681641,265.756988525391,726.026977539062),(-102.332908630371,279.678955078125,727.978942871094),(-123.012901306152,272.024963378906,726.805969238281),(-107.740905761719,277.178955078125,727.468994140625),(-92.7429046630859,281.076965332031,727.983947753906),(-78.0549087524414,284.,728.341979980469),(-63.694896697998,286.205963134766,728.527954101562),(-67.3808975219727,286.773956298828,728.958984375),(-77.8239059448242,285.530975341797,730.420959472656),(-24.6739044189453,291.794921875,729.31396484375),(-0.0339044257998466,293.314910888672,730.447937011719),(0.,291.755920410156,728.621948242188),(-11.3989038467407,291.429931640625,728.803955078125),(-38.0459022521973,289.393951416016,728.785949707031),(-23.2869033813477,290.803924560547,728.89794921875),(0.,292.621917724609,728.908996582031),(31.2100925445557,291.181945800781,729.276977539062),(38.0460891723633,289.393920898438,728.785949707031),(23.2870941162109,290.803924560547,728.89794921875),(18.4810924530029,292.520935058594,730.320922851562),(70.0230941772461,286.319885253906,728.890991210938),(11.399094581604,291.429931640625,728.803955078125),(36.8540916442871,290.864929199219,731.768981933594),(20.2450942993164,292.368927001953,732.072937011719),(74.0120849609375,286.238891601562,731.014953613281),(92.4610824584961,282.709869384766,730.038940429688),(76.3580856323242,285.145904541016,732.401977539062),(102.322082519531,279.130889892578,731.956970214844),(101.897087097168,280.227874755859,731.369934082031),(107.776084899902,278.821899414062,729.486938476562),(131.247085571289,270.400909423828,730.030944824219),(123.,273.759887695312,728.785949707031),(138.471084594727,267.463897705078,727.964965820312),(153.341079711914,260.474884033203,727.935974121094),(131.864074707031,269.120880126953,730.658935546875),(153.618072509766,258.268890380859,729.589965820312),(109.869087219238,275.387908935547,731.588989257812),(72.9420852661133,282.309906005859,732.070922851562),(129.825073242188,267.027893066406,730.351928710938),(101.187080383301,276.583892822266,731.372985839844),(92.0560836791992,278.333892822266,730.816955566406),(106.902084350586,274.548889160156,730.392944335938),(122.02808380127,269.493896484375,729.833984375),(137.064071655273,263.328887939453,729.16796875),(151.744079589844,256.185882568359,728.412963867188),(165.700073242188,248.20588684082,727.529968261719),(159.48307800293,252.607864379883,728.761901855469),(185.507064819336,235.051864624023,726.527954101562),(201.742050170898,219.92985534668,724.026916503906),(186.538055419922,236.655868530273,726.935913085938),(190.697067260742,230.070861816406,725.260925292969),(178.680068969727,239.480865478516,726.469970703125),(181.247055053711,243.024871826172,726.500915527344),(193.517059326172,233.430862426758,725.244934082031),(222.862045288086,200.937850952148,722.282958984375),(205.102066040039,222.180877685547,724.503967285156),(216.465042114258,204.884872436523,722.761962890625),(168.336074829102,251.056869506836,728.251953125),(167.762069702148,252.095855712891,726.081970214844),(181.247055053711,242.316879272461,723.445983886719),(161.550079345703,254.952865600586,724.882995605469),(131.40608215332,269.742889404297,726.664978027344),(153.093078613281,258.519866943359,725.169982910156),(167.252075195312,250.428863525391,724.201904296875),(180.399063110352,241.602874755859,723.0849609375),(192.563064575195,232.07487487793,721.848999023438),(193.398056030273,232.738861083984,722.177917480469),(203.819061279297,221.901870727539,720.390930175781),(213.961059570312,210.967864990234,719.18896484375),(214.81706237793,211.622863769531,719.516967773438),(204.602066040039,223.433868408203,722.388000488281),(215.117050170898,212.284866333008,722.52294921875),(224.338043212891,200.668853759766,720.665954589844),(224.048049926758,199.837844848633,718.1669921875),(234.400054931641,185.613861083984,719.705932617188),(238.120056152344,175.551849365234,719.727966308594),(242.909042358398,171.049850463867,717.662963867188),(251.358047485352,151.964859008789,716.827941894531),(235.139038085938,183.14485168457,716.352966308594),(250.779052734375,154.252868652344,713.066955566406),(231.282043457031,187.161849975586,716.531921386719),(238.694046020508,174.698852539062,715.176940917969),(245.458053588867,162.153854370117,713.763977050781),(251.701034545898,149.759857177734,712.258972167969),(257.357055664062,137.374847412109,710.650939941406),(261.657012939453,129.353851318359,709.665954589844),(262.351013183594,124.87784576416,708.932922363281),(266.746032714844,112.13484954834,707.259948730469),(269.196014404297,107.413848876953,706.823974609375),(270.601989746094,99.0108489990234,705.789001464844),(273.885009765625,85.5638580322266,704.296936035156),(276.566009521484,71.8318557739258,702.557006835938),(275.465026855469,84.2208480834961,704.500915527344),(280.77099609375,48.3148498535156,698.784973144531),(279.559997558594,66.0598526000977,704.373962402344),(276.954010009766,79.7878494262695,707.395935058594),(270.246002197266,107.217849731445,708.320922851562),(261.532012939453,132.242858886719,711.557922363281),(270.947021484375,103.593849182129,710.23291015625),(275.89501953125,75.8988494873047,707.972961425781),(265.147003173828,115.725852966309,712.160949707031),(261.355041503906,131.909851074219,713.615966796875),(253.13703918457,151.127853393555,715.35595703125),(258.8740234375,128.92985534668,713.683959960938),(247.95002746582,153.349853515625,717.),(266.983001708984,105.762855529785,710.940979003906),(261.673004150391,120.15584564209,711.791931152344),(268.401000976562,98.2468490600586,709.345947265625),(273.404998779297,79.0438537597656,708.070922851562),(274.302032470703,71.2278518676758,706.236999511719),(271.658996582031,84.8618545532227,707.942993164062),(278.106994628906,48.1108512878418,703.2919921875),(277.807983398438,43.4448509216309,701.10595703125),(276.349029541016,57.3958549499512,704.023986816406),(279.902038574219,57.0398483276367,704.718994140625),(281.057983398438,42.9328498840332,701.932983398438),(279.356964111328,29.458854675293,698.197998046875),(279.605987548828,15.6138553619385,692.81396484375),(278.684997558594,29.5478553771973,697.141967773438),(281.906005859375,28.9248523712158,697.984924316406),(282.141998291016,15.0988550186157,692.595947265625),(282.928985595703,30.0928516387939,697.046936035156),(282.181976318359,30.3108539581299,693.969970703125),(282.028991699219,44.2398529052734,700.91796875),(283.210968017578,16.1968536376953,691.745971679688),(282.460968017578,14.4998540878296,687.596923828125),(282.824005126953,2.48885607719421,684.73095703125),(281.705993652344,-11.1491422653198,672.090942382812),(281.227996826172,-11.4041423797607,675.193969726562),(280.775970458984,1.47185671329498,685.389953613281),(278.504974365234,2.60385727882385,684.64892578125),(278.238983154297,-10.8371410369873,675.683959960938),(276.391998291016,-23.1381378173828,663.),(278.68798828125,-23.8391399383545,662.869934082031),(277.669006347656,-10.3301410675049,674.727905273438),(275.963989257812,-22.5941371917725,662.204956054688),(273.456970214844,-34.,646.739990234375),(273.869964599609,-34.7421379089355,647.410949707031),(270.435974121094,-44.5431327819824,628.362976074219),(270.830963134766,-45.210132598877,629.214965820312),(267.197937011719,-54.2321319580078,607.116943359375),(267.555969238281,-54.9021301269531,608.066955566406),(263.880950927734,-63.1321258544922,584.330932617188),(260.639953613281,-71.3031234741211,561.349975585938),(262.807952880859,-67.1861190795898,576.035949707031),(264.346954345703,-68.3601226806641,575.025939941406),(256.756958007812,-82.2001190185547,531.131958007812),(254.872955322266,-85.6611175537109,516.93896484375),(257.588958740234,-78.8031234741211,538.68896484375),(257.766937255859,-84.6791229248047,526.013000488281),(249.639953613281,-99.5621109008789,472.278991699219),(249.796951293945,-97.4601135253906,475.945983886719),(252.326950073242,-91.8791198730469,496.048950195312),(249.868957519531,-103.985107421875,455.892974853516),(253.781951904297,-96.4381103515625,485.970977783203),(245.240951538086,-106.105102539062,443.467987060547),(239.031951904297,-111.02010345459,413.702972412109),(239.445953369141,-112.150100708008,410.819976806641),(244.190963745117,-105.912101745605,439.317962646484),(247.136947631836,-102.199111938477,456.951965332031),(247.396957397461,-107.759101867676,437.710968017578),(249.402954101562,-103.81810760498,441.811981201172),(251.495941162109,-102.523109436035,456.368988037109),(245.40495300293,-109.216102600098,422.788970947266),(242.294952392578,-111.698104858398,415.338958740234),(242.,-111.349105834961,408.706970214844),(238.252960205078,-113.174095153809,397.204956054688),(234.867965698242,-114.300094604492,392.152984619141),(226.883941650391,-114.307098388672,380.828979492188),(228.602951049805,-114.657096862793,379.329986572266),(234.735946655273,-113.833099365234,388.),(231.535949707031,-114.027099609375,381.445983886719),(235.551956176758,-111.473098754883,388.026977539062),(238.940948486328,-110.646102905273,396.9599609375),(234.898956298828,-110.686096191406,388.592956542969),(231.047958374023,-111.767097473145,379.240966796875),(231.889953613281,-111.060096740723,382.385986328125),(229.782958984375,-110.940101623535,379.189971923828),(227.759963989258,-111.025093078613,376.326995849609),(229.142944335938,-113.922096252441,377.879974365234),(225.796951293945,-113.132095336914,375.164947509766),(224.86994934082,-113.714096069336,375.408996582031),(222.316955566406,-113.484100341797,375.560974121094),(221.345962524414,-112.373092651367,374.635986328125),(215.432952880859,-110.732086181641,376.040985107422),(222.789962768555,-110.,374.301971435547),(225.053955078125,-109.774101257324,376.06396484375),(218.784957885742,-108.871086120605,375.489990234375),(222.626953125,-109.277099609375,375.490966796875),(220.101959228516,-108.719085693359,376.),(209.555953979492,-106.550094604492,380.326965332031),(202.051956176758,-105.900085449219,382.89599609375),(210.89094543457,-107.30509185791,378.322967529297),(203.010971069336,-105.685096740723,383.673980712891),(199.116958618164,-103.987091064453,386.015991210938),(198.314956665039,-104.297088623047,385.180999755859),(196.541946411133,-101.672088623047,387.759979248047),(194.812957763672,-100.252082824707,389.333984375),(195.811965942383,-102.342086791992,386.766967773438),(193.73796081543,-100.877082824707,388.529968261719),(193.09196472168,-103.498077392578,388.399963378906),(195.015960693359,-105.311080932617,386.648986816406),(205.524948120117,-108.797088623047,380.118957519531),(200.304962158203,-108.608093261719,383.075988769531),(206.725952148438,-110.215087890625,380.033966064453),(203.,-110.51708984375,383.583984375),(212.544952392578,-111.473091125488,380.650970458984),(203.482955932617,-110.359085083008,385.171997070312),(210.095962524414,-110.358093261719,382.457977294922),(220.043960571289,-112.779090881348,378.050994873047),(220.511962890625,-111.92008972168,378.725982666016),(223.60595703125,-113.560096740723,378.197967529297),(223.210968017578,-112.539100646973,378.780975341797),(224.700958251953,-112.910102844238,379.532958984375),(226.030960083008,-113.203094482422,380.650970458984),(227.778961181641,-113.243095397949,383.491973876953),(233.014953613281,-113.304092407227,393.914978027344),(230.821960449219,-112.765098571777,389.482971191406),(234.31494140625,-111.875091552734,398.298980712891),(237.727951049805,-110.592102050781,409.675964355469),(241.030960083008,-108.68310546875,423.420959472656),(206.18196105957,-110.,384.430969238281),(202.977951049805,-109.380088806152,386.211975097656),(199.987945556641,-108.226089477539,388.033966064453),(199.333953857422,-108.973083496094,387.455963134766),(197.250961303711,-106.300086975098,389.841979980469),(196.108947753906,-106.969085693359,389.114990234375),(195.232955932617,-103.92407989502,390.91796875),(194.391952514648,-101.437088012695,390.56396484375),(194.121963500977,-104.511085510254,390.311950683594),(193.,-102.162086486816,389.790985107422),(198.131958007812,-108.386093139648,385.160980224609),(228.,-110.525093078613,377.674987792969),(238.32096862793,-109.797096252441,397.636993408203),(241.671951293945,-108.364105224609,409.352966308594),(243.580947875977,-108.464111328125,413.701995849609),(244.919952392578,-106.239105224609,423.481964111328),(248.040954589844,-103.266105651855,439.765960693359),(251.013946533203,-99.4361114501953,457.803955078125),(253.816940307617,-94.7411117553711,477.216949462891),(256.450958251953,-89.3771133422852,497.279968261719),(257.341979980469,-89.5461196899414,499.230987548828),(263.190979003906,-75.,546.457946777344),(255.111953735352,-95.4351119995117,481.148956298828),(259.567962646484,-81.9321212768555,522.7109375),(264.231964111328,-70.219123840332,558.505981445312),(267.163940429688,-62.4801254272461,579.984985351562),(270.142944335938,-53.7281303405762,602.057983398438),(270.025939941406,-56.5481300354004,596.675964355469),(273.885009765625,-44.5001373291016,623.406982421875),(271.197967529297,-54.9771308898926,605.0439453125),(267.472961425781,-64.4251327514648,583.347961425781),(269.833953857422,-55.875129699707,607.072998046875),(274.230926513672,-45.9281349182129,625.554931640625),(277.751983642578,-33.9541358947754,645.89599609375),(273.279937744141,-46.0561332702637,628.463928222656),(276.503997802734,-35.3101348876953,647.145935058594),(280.041961669922,-23.3581409454346,661.675964355469),(276.04296875,-33.5361328125,641.671997070312),(278.460998535156,-22.3041381835938,657.380981445312),(280.139984130859,-10.0521411895752,670.232971191406),(281.107971191406,2.81985688209534,680.271911621094),(281.367980957031,16.1358547210693,687.926940917969),(281.063995361328,29.8728561401367,693.422912597656),(280.155975341797,43.8488502502441,697.427917480469),(278.651000976562,57.9088516235352,700.344909667969),(273.105987548828,-44.0431365966797,623.2529296875),(258.926940917969,-86.,519.144958496094),(261.658935546875,-77.5441284179688,547.707946777344),(254.593948364258,-96.7511138916016,482.136962890625),(278.973968505859,15.8948554992676,691.804992675781),(255.206008911133,136.438858032227,714.033996582031),(249.547027587891,148.757858276367,715.654968261719),(243.307037353516,161.049865722656,717.171997070312),(236.545043945312,173.466857910156,718.568908691406),(232.443054199219,181.534866333008,720.101989746094),(229.154052734375,185.773849487305,719.89794921875),(221.,197.773864746094,721.221923828125),(211.939071655273,209.24787902832,722.555969238281),(223.085052490234,199.323852539062,717.861938476562),(138.240081787109,265.756896972656,726.026977539062),(123.013076782227,272.024871826172,726.805969238281),(107.741081237793,277.178894042969,727.468994140625),(92.7430877685547,281.076904296875,727.983947753906),(102.333084106445,279.678894042969,727.978942871094),(78.0550842285156,284.,728.341979980469),(63.6950912475586,286.205902099609,728.526977539062),(77.4820861816406,281.15087890625,731.099975585938),(62.9500846862793,283.350891113281,731.228942871094),(-92.4769058227539,282.707946777344,730.0439453125),(-153.092895507812,258.519989013672,725.169982910156),(-153.379913330078,260.259979248047,727.078002929688),(-216.465927124023,204.884002685547,722.762939453125),(-211.937911987305,209.25,722.555969238281),(-221.,197.772003173828,721.221923828125),(-229.153930664062,185.774002075195,719.89794921875),(-232.442932128906,181.535003662109,720.101989746094),(-236.544921875,173.467010498047,718.568908691406),(-243.306915283203,161.050033569336,717.171997070312),(-249.546951293945,148.758010864258,715.654968261719),(-255.205947875977,136.439010620117,714.033996582031),(-223.084930419922,199.324005126953,717.861938476562),(-231.281921386719,187.162002563477,716.531921386719),(-238.693923950195,174.699005126953,715.176940917969),(-245.457931518555,162.154022216797,713.763977050781),(-250.783935546875,154.243026733398,713.06591796875),(-251.700927734375,149.760009765625,712.258972167969),(-257.35693359375,137.375015258789,710.650939941406),(-261.656951904297,129.354019165039,709.665954589844),(-262.350952148438,124.878021240234,708.932922363281),(-266.745971679688,112.135025024414,707.259948730469),(-269.195953369141,107.414031982422,706.823974609375),(-270.601928710938,99.0110244750977,705.789001464844),(-273.884979248047,85.5640335083008,704.296936035156),(-275.464965820312,84.2210311889648,704.500915527344),(-276.565948486328,71.83203125,702.557006835938),(-278.650939941406,57.9090347290039,700.344909667969),(-280.382934570312,52.069034576416,699.540954589844),(-280.177978515625,43.8740348815918,697.357971191406),(-281.123992919922,29.8610363006592,693.254943847656),(-281.428985595703,16.2040367126465,687.789001464844),(-281.04296875,2.77304005622864,680.420959472656),(-281.971984863281,2.55104041099548,680.648010253906),(-270.244934082031,107.221031188965,708.321960449219),(-278.366973876953,72.9030303955078,705.281921386719),(-276.953948974609,79.7880325317383,707.395935058594),(-261.528961181641,132.248016357422,711.558959960938),(-278.973968505859,15.8940372467041,691.803955078125),(-195.182006835938,-106.167961120605,387.218994140625)));
#3643=IFCINDEXEDPOLYGONALFACE((1,4,5,2));
#3644=IFCINDEXEDPOLYGONALFACE((2,3,1));
#3645=IFCINDEXEDPOLYGONALFACE((4,6,7,5));
#3646=IFCINDEXEDPOLYGONALFACE((7,6,8));
#3647=IFCINDEXEDPOLYGONALFACE((8,9,11,7));
#3648=IFCINDEXEDPOLYGONALFACE((13,11,9,10));
#3649=IFCINDEXEDPOLYGONALFACE((7,11,12));
#3650=IFCINDEXEDPOLYGONALFACE((11,13,12));
#3651=IFCINDEXEDPOLYGONALFACE((14,12,13));
#3652=IFCINDEXEDPOLYGONALFACE((14,13,15));
#3653=IFCINDEXEDPOLYGONALFACE((15,13,10));
#3654=IFCINDEXEDPOLYGONALFACE((14,15,16));
#3655=IFCINDEXEDPOLYGONALFACE((15,17,16));
#3656=IFCINDEXEDPOLYGONALFACE((18,16,17));
#3657=IFCINDEXEDPOLYGONALFACE((18,19,16));
#3658=IFCINDEXEDPOLYGONALFACE((18,20,19));
#3659=IFCINDEXEDPOLYGONALFACE((18,21,20));
#3660=IFCINDEXEDPOLYGONALFACE((20,21,22,24));
#3661=IFCINDEXEDPOLYGONALFACE((23,27,24,22));
#3662=IFCINDEXEDPOLYGONALFACE((24,27,25));
#3663=IFCINDEXEDPOLYGONALFACE((25,26,24));
#3664=IFCINDEXEDPOLYGONALFACE((26,565,20,24));
#3665=IFCINDEXEDPOLYGONALFACE((30,29,27,28));
#3666=IFCINDEXEDPOLYGONALFACE((28,27,23));
#3667=IFCINDEXEDPOLYGONALFACE((29,25,27));
#3668=IFCINDEXEDPOLYGONALFACE((35,32,29,30));
#3669=IFCINDEXEDPOLYGONALFACE((25,29,31));
#3670=IFCINDEXEDPOLYGONALFACE((31,29,32,34));
#3671=IFCINDEXEDPOLYGONALFACE((36,33,32,35));
#3672=IFCINDEXEDPOLYGONALFACE((33,34,32));
#3673=IFCINDEXEDPOLYGONALFACE((33,36,37));
#3674=IFCINDEXEDPOLYGONALFACE((37,38,39,33));
#3675=IFCINDEXEDPOLYGONALFACE((40,39,38));
#3676=IFCINDEXEDPOLYGONALFACE((40,41,39));
#3677=IFCINDEXEDPOLYGONALFACE((40,42,41));
#3678=IFCINDEXEDPOLYGONALFACE((42,43,45,41));
#3679=IFCINDEXEDPOLYGONALFACE((47,45,43,44));
#3680=IFCINDEXEDPOLYGONALFACE((45,46,41));
#3681=IFCINDEXEDPOLYGONALFACE((45,47,46));
#3682=IFCINDEXEDPOLYGONALFACE((48,46,47));
#3683=IFCINDEXEDPOLYGONALFACE((47,50,48));
#3684=IFCINDEXEDPOLYGONALFACE((50,47,49,53));
#3685=IFCINDEXEDPOLYGONALFACE((47,44,49));
#3686=IFCINDEXEDPOLYGONALFACE((56,50,51));
#3687=IFCINDEXEDPOLYGONALFACE((57,51,50));
#3688=IFCINDEXEDPOLYGONALFACE((55,71,48,50));
#3689=IFCINDEXEDPOLYGONALFACE((52,54,50));
#3690=IFCINDEXEDPOLYGONALFACE((50,53,52));
#3691=IFCINDEXEDPOLYGONALFACE((50,54,57));
#3692=IFCINDEXEDPOLYGONALFACE((50,56,55));
#3693=IFCINDEXEDPOLYGONALFACE((57,58,51));
#3694=IFCINDEXEDPOLYGONALFACE((58,59,61,51));
#3695=IFCINDEXEDPOLYGONALFACE((61,59,60));
#3696=IFCINDEXEDPOLYGONALFACE((61,60,133,62));
#3697=IFCINDEXEDPOLYGONALFACE((62,63,61));
#3698=IFCINDEXEDPOLYGONALFACE((63,51,61));
#3699=IFCINDEXEDPOLYGONALFACE((63,62,64));
#3700=IFCINDEXEDPOLYGONALFACE((51,63,56));
#3701=IFCINDEXEDPOLYGONALFACE((64,65,63));
#3702=IFCINDEXEDPOLYGONALFACE((56,63,65));
#3703=IFCINDEXEDPOLYGONALFACE((55,56,65));
#3704=IFCINDEXEDPOLYGONALFACE((65,66,55));
#3705=IFCINDEXEDPOLYGONALFACE((66,65,64));
#3706=IFCINDEXEDPOLYGONALFACE((55,66,69));
#3707=IFCINDEXEDPOLYGONALFACE((69,66,67));
#3708=IFCINDEXEDPOLYGONALFACE((67,66,68));
#3709=IFCINDEXEDPOLYGONALFACE((68,66,64));
#3710=IFCINDEXEDPOLYGONALFACE((70,69,67));
#3711=IFCINDEXEDPOLYGONALFACE((69,70,71));
#3712=IFCINDEXEDPOLYGONALFACE((55,69,71));
#3713=IFCINDEXEDPOLYGONALFACE((71,70,73));
#3714=IFCINDEXEDPOLYGONALFACE((71,72,48));
#3715=IFCINDEXEDPOLYGONALFACE((71,73,72));
#3716=IFCINDEXEDPOLYGONALFACE((74,73,70));
#3717=IFCINDEXEDPOLYGONALFACE((73,74,75));
#3718=IFCINDEXEDPOLYGONALFACE((72,73,75));
#3719=IFCINDEXEDPOLYGONALFACE((75,74,77,76));
#3720=IFCINDEXEDPOLYGONALFACE((76,78,72,75));
#3721=IFCINDEXEDPOLYGONALFACE((76,77,79));
#3722=IFCINDEXEDPOLYGONALFACE((78,76,80));
#3723=IFCINDEXEDPOLYGONALFACE((79,80,76));
#3724=IFCINDEXEDPOLYGONALFACE((79,82,80));
#3725=IFCINDEXEDPOLYGONALFACE((81,78,80));
#3726=IFCINDEXEDPOLYGONALFACE((80,82,81));
#3727=IFCINDEXEDPOLYGONALFACE((84,34,81,82));
#3728=IFCINDEXEDPOLYGONALFACE((83,82,79));
#3729=IFCINDEXEDPOLYGONALFACE((84,82,83));
#3730=IFCINDEXEDPOLYGONALFACE((84,83,85));
#3731=IFCINDEXEDPOLYGONALFACE((85,86,84));
#3732=IFCINDEXEDPOLYGONALFACE((34,84,86));
#3733=IFCINDEXEDPOLYGONALFACE((87,86,85));
#3734=IFCINDEXEDPOLYGONALFACE((87,34,86));
#3735=IFCINDEXEDPOLYGONALFACE((2,88,87));
#3736=IFCINDEXEDPOLYGONALFACE((88,90,31,87));
#3737=IFCINDEXEDPOLYGONALFACE((34,87,31));
#3738=IFCINDEXEDPOLYGONALFACE((89,87,85));
#3739=IFCINDEXEDPOLYGONALFACE((89,2,87));
#3740=IFCINDEXEDPOLYGONALFACE((2,89,3));
#3741=IFCINDEXEDPOLYGONALFACE((85,3,89));
#3742=IFCINDEXEDPOLYGONALFACE((2,90,88));
#3743=IFCINDEXEDPOLYGONALFACE((7,90,5));
#3744=IFCINDEXEDPOLYGONALFACE((90,2,5));
#3745=IFCINDEXEDPOLYGONALFACE((31,90,91));
#3746=IFCINDEXEDPOLYGONALFACE((90,7,91));
#3747=IFCINDEXEDPOLYGONALFACE((91,12,26));
#3748=IFCINDEXEDPOLYGONALFACE((7,12,91));
#3749=IFCINDEXEDPOLYGONALFACE((31,91,26));
#3750=IFCINDEXEDPOLYGONALFACE((92,3,85));
#3751=IFCINDEXEDPOLYGONALFACE((93,92,85,83));
#3752=IFCINDEXEDPOLYGONALFACE((83,94,93));
#3753=IFCINDEXEDPOLYGONALFACE((94,83,79,95));
#3754=IFCINDEXEDPOLYGONALFACE((95,79,96));
#3755=IFCINDEXEDPOLYGONALFACE((96,79,77,97));
#3756=IFCINDEXEDPOLYGONALFACE((74,98,97,77));
#3757=IFCINDEXEDPOLYGONALFACE((74,99,98));
#3758=IFCINDEXEDPOLYGONALFACE((70,100,99,74));
#3759=IFCINDEXEDPOLYGONALFACE((70,101,100));
#3760=IFCINDEXEDPOLYGONALFACE((67,102,101,70));
#3761=IFCINDEXEDPOLYGONALFACE((102,67,68,103));
#3762=IFCINDEXEDPOLYGONALFACE((103,68,104));
#3763=IFCINDEXEDPOLYGONALFACE((105,104,68,107));
#3764=IFCINDEXEDPOLYGONALFACE((106,105,107));
#3765=IFCINDEXEDPOLYGONALFACE((110,106,107,109));
#3766=IFCINDEXEDPOLYGONALFACE((107,68,64));
#3767=IFCINDEXEDPOLYGONALFACE((64,108,107));
#3768=IFCINDEXEDPOLYGONALFACE((107,108,109));
#3769=IFCINDEXEDPOLYGONALFACE((111,109,108));
#3770=IFCINDEXEDPOLYGONALFACE((109,111,113,110));
#3771=IFCINDEXEDPOLYGONALFACE((114,113,111,112));
#3772=IFCINDEXEDPOLYGONALFACE((112,111,108,119));
#3773=IFCINDEXEDPOLYGONALFACE((112,117,115,114));
#3774=IFCINDEXEDPOLYGONALFACE((116,115,117,118));
#3775=IFCINDEXEDPOLYGONALFACE((118,117,119,121));
#3776=IFCINDEXEDPOLYGONALFACE((117,112,119));
#3777=IFCINDEXEDPOLYGONALFACE((122,120,119));
#3778=IFCINDEXEDPOLYGONALFACE((121,119,120,138));
#3779=IFCINDEXEDPOLYGONALFACE((119,108,124,122));
#3780=IFCINDEXEDPOLYGONALFACE((122,124,123));
#3781=IFCINDEXEDPOLYGONALFACE((123,125,122));
#3782=IFCINDEXEDPOLYGONALFACE((126,120,122,125));
#3783=IFCINDEXEDPOLYGONALFACE((125,128,129,126));
#3784=IFCINDEXEDPOLYGONALFACE((128,125,127,130));
#3785=IFCINDEXEDPOLYGONALFACE((127,125,123));
#3786=IFCINDEXEDPOLYGONALFACE((132,131,130,127));
#3787=IFCINDEXEDPOLYGONALFACE((131,132,62,133));
#3788=IFCINDEXEDPOLYGONALFACE((134,132,123));
#3789=IFCINDEXEDPOLYGONALFACE((123,132,127));
#3790=IFCINDEXEDPOLYGONALFACE((132,134,64,62));
#3791=IFCINDEXEDPOLYGONALFACE((124,134,123));
#3792=IFCINDEXEDPOLYGONALFACE((64,134,108));
#3793=IFCINDEXEDPOLYGONALFACE((134,124,108));
#3794=IFCINDEXEDPOLYGONALFACE((135,137,126,129));
#3795=IFCINDEXEDPOLYGONALFACE((136,137,135));
#3796=IFCINDEXEDPOLYGONALFACE((126,137,138));
#3797=IFCINDEXEDPOLYGONALFACE((139,137,136));
#3798=IFCINDEXEDPOLYGONALFACE((139,138,137));
#3799=IFCINDEXEDPOLYGONALFACE((136,140,139));
#3800=IFCINDEXEDPOLYGONALFACE((139,140,141));
#3801=IFCINDEXEDPOLYGONALFACE((141,142,139));
#3802=IFCINDEXEDPOLYGONALFACE((139,142,138));
#3803=IFCINDEXEDPOLYGONALFACE((138,142,121));
#3804=IFCINDEXEDPOLYGONALFACE((142,143,121));
#3805=IFCINDEXEDPOLYGONALFACE((142,141,143));
#3806=IFCINDEXEDPOLYGONALFACE((144,121,143));
#3807=IFCINDEXEDPOLYGONALFACE((144,143,145));
#3808=IFCINDEXEDPOLYGONALFACE((148,145,143,141));
#3809=IFCINDEXEDPOLYGONALFACE((147,146,145));
#3810=IFCINDEXEDPOLYGONALFACE((146,144,145));
#3811=IFCINDEXEDPOLYGONALFACE((149,147,145,148));
#3812=IFCINDEXEDPOLYGONALFACE((140,148,141));
#3813=IFCINDEXEDPOLYGONALFACE((148,140,150));
#3814=IFCINDEXEDPOLYGONALFACE((149,148,150,152));
#3815=IFCINDEXEDPOLYGONALFACE((152,150,151,157));
#3816=IFCINDEXEDPOLYGONALFACE((140,564,151,150));
#3817=IFCINDEXEDPOLYGONALFACE((153,152,156,158));
#3818=IFCINDEXEDPOLYGONALFACE((152,153,155));
#3819=IFCINDEXEDPOLYGONALFACE((154,149,152));
#3820=IFCINDEXEDPOLYGONALFACE((152,155,154));
#3821=IFCINDEXEDPOLYGONALFACE((152,157,156));
#3822=IFCINDEXEDPOLYGONALFACE((153,158,159));
#3823=IFCINDEXEDPOLYGONALFACE((162,153,159,160));
#3824=IFCINDEXEDPOLYGONALFACE((162,160,161));
#3825=IFCINDEXEDPOLYGONALFACE((162,163,164));
#3826=IFCINDEXEDPOLYGONALFACE((161,163,162));
#3827=IFCINDEXEDPOLYGONALFACE((162,155,153));
#3828=IFCINDEXEDPOLYGONALFACE((164,155,162));
#3829=IFCINDEXEDPOLYGONALFACE((165,164,168));
#3830=IFCINDEXEDPOLYGONALFACE((167,164,165));
#3831=IFCINDEXEDPOLYGONALFACE((163,166,164));
#3832=IFCINDEXEDPOLYGONALFACE((164,166,168));
#3833=IFCINDEXEDPOLYGONALFACE((164,167,155));
#3834=IFCINDEXEDPOLYGONALFACE((169,168,172));
#3835=IFCINDEXEDPOLYGONALFACE((170,168,169));
#3836=IFCINDEXEDPOLYGONALFACE((165,168,170));
#3837=IFCINDEXEDPOLYGONALFACE((171,172,168));
#3838=IFCINDEXEDPOLYGONALFACE((171,168,166));
#3839=IFCINDEXEDPOLYGONALFACE((172,175,176,173));
#3840=IFCINDEXEDPOLYGONALFACE((173,169,172));
#3841=IFCINDEXEDPOLYGONALFACE((174,172,171));
#3842=IFCINDEXEDPOLYGONALFACE((174,175,172));
#3843=IFCINDEXEDPOLYGONALFACE((177,175,174));
#3844=IFCINDEXEDPOLYGONALFACE((175,177,179,176));
#3845=IFCINDEXEDPOLYGONALFACE((178,177,174));
#3846=IFCINDEXEDPOLYGONALFACE((178,180,177));
#3847=IFCINDEXEDPOLYGONALFACE((181,179,177));
#3848=IFCINDEXEDPOLYGONALFACE((177,180,181));
#3849=IFCINDEXEDPOLYGONALFACE((179,181,184));
#3850=IFCINDEXEDPOLYGONALFACE((182,184,181));
#3851=IFCINDEXEDPOLYGONALFACE((182,181,183));
#3852=IFCINDEXEDPOLYGONALFACE((181,180,183));
#3853=IFCINDEXEDPOLYGONALFACE((179,184,185));
#3854=IFCINDEXEDPOLYGONALFACE((182,186,184));
#3855=IFCINDEXEDPOLYGONALFACE((187,186,182,189));
#3856=IFCINDEXEDPOLYGONALFACE((187,189,191,188));
#3857=IFCINDEXEDPOLYGONALFACE((183,192,189,182));
#3858=IFCINDEXEDPOLYGONALFACE((190,189,192));
#3859=IFCINDEXEDPOLYGONALFACE((191,189,190));
#3860=IFCINDEXEDPOLYGONALFACE((194,193,192));
#3861=IFCINDEXEDPOLYGONALFACE((192,193,190));
#3862=IFCINDEXEDPOLYGONALFACE((194,192,183));
#3863=IFCINDEXEDPOLYGONALFACE((194,195,196));
#3864=IFCINDEXEDPOLYGONALFACE((194,197,195));
#3865=IFCINDEXEDPOLYGONALFACE((194,196,193));
#3866=IFCINDEXEDPOLYGONALFACE((178,194,180));
#3867=IFCINDEXEDPOLYGONALFACE((197,194,178));
#3868=IFCINDEXEDPOLYGONALFACE((180,194,183));
#3869=IFCINDEXEDPOLYGONALFACE((199,201,195,197));
#3870=IFCINDEXEDPOLYGONALFACE((178,198,197));
#3871=IFCINDEXEDPOLYGONALFACE((197,198,200));
#3872=IFCINDEXEDPOLYGONALFACE((200,199,197));
#3873=IFCINDEXEDPOLYGONALFACE((201,202,195));
#3874=IFCINDEXEDPOLYGONALFACE((202,203,204,195));
#3875=IFCINDEXEDPOLYGONALFACE((203,205,204));
#3876=IFCINDEXEDPOLYGONALFACE((205,206,207,204));
#3877=IFCINDEXEDPOLYGONALFACE((206,208,207));
#3878=IFCINDEXEDPOLYGONALFACE((208,209,210,207));
#3879=IFCINDEXEDPOLYGONALFACE((209,211,210));
#3880=IFCINDEXEDPOLYGONALFACE((211,212,210));
#3881=IFCINDEXEDPOLYGONALFACE((214,213,212));
#3882=IFCINDEXEDPOLYGONALFACE((212,213,210));
#3883=IFCINDEXEDPOLYGONALFACE((213,214,215,218));
#3884=IFCINDEXEDPOLYGONALFACE((215,216,218));
#3885=IFCINDEXEDPOLYGONALFACE((216,215,217));
#3886=IFCINDEXEDPOLYGONALFACE((213,218,219));
#3887=IFCINDEXEDPOLYGONALFACE((218,216,219));
#3888=IFCINDEXEDPOLYGONALFACE((219,223,213));
#3889=IFCINDEXEDPOLYGONALFACE((216,220,219));
#3890=IFCINDEXEDPOLYGONALFACE((219,220,221));
#3891=IFCINDEXEDPOLYGONALFACE((221,222,219));
#3892=IFCINDEXEDPOLYGONALFACE((219,222,223));
#3893=IFCINDEXEDPOLYGONALFACE((227,224,223));
#3894=IFCINDEXEDPOLYGONALFACE((213,223,224));
#3895=IFCINDEXEDPOLYGONALFACE((222,225,223));
#3896=IFCINDEXEDPOLYGONALFACE((225,226,223));
#3897=IFCINDEXEDPOLYGONALFACE((228,227,223,226));
#3898=IFCINDEXEDPOLYGONALFACE((229,224,227));
#3899=IFCINDEXEDPOLYGONALFACE((227,228,230,229));
#3900=IFCINDEXEDPOLYGONALFACE((224,229,231));
#3901=IFCINDEXEDPOLYGONALFACE((231,229,230));
#3902=IFCINDEXEDPOLYGONALFACE((232,196,231));
#3903=IFCINDEXEDPOLYGONALFACE((231,233,235,232));
#3904=IFCINDEXEDPOLYGONALFACE((224,231,196));
#3905=IFCINDEXEDPOLYGONALFACE((230,234,233,231));
#3906=IFCINDEXEDPOLYGONALFACE((233,234,238,236));
#3907=IFCINDEXEDPOLYGONALFACE((235,233,236));
#3908=IFCINDEXEDPOLYGONALFACE((528,235,236,191));
#3909=IFCINDEXEDPOLYGONALFACE((191,236,237,527));
#3910=IFCINDEXEDPOLYGONALFACE((236,239,237));
#3911=IFCINDEXEDPOLYGONALFACE((236,238,240,239));
#3912=IFCINDEXEDPOLYGONALFACE((238,241,240));
#3913=IFCINDEXEDPOLYGONALFACE((238,244,242,241));
#3914=IFCINDEXEDPOLYGONALFACE((242,244,243));
#3915=IFCINDEXEDPOLYGONALFACE((526,245,244,238));
#3916=IFCINDEXEDPOLYGONALFACE((244,245,228));
#3917=IFCINDEXEDPOLYGONALFACE((244,246,250,243));
#3918=IFCINDEXEDPOLYGONALFACE((244,226,246));
#3919=IFCINDEXEDPOLYGONALFACE((244,228,226));
#3920=IFCINDEXEDPOLYGONALFACE((246,225,247));
#3921=IFCINDEXEDPOLYGONALFACE((252,246,247));
#3922=IFCINDEXEDPOLYGONALFACE((248,249,246));
#3923=IFCINDEXEDPOLYGONALFACE((248,246,252));
#3924=IFCINDEXEDPOLYGONALFACE((251,246,249));
#3925=IFCINDEXEDPOLYGONALFACE((251,250,246));
#3926=IFCINDEXEDPOLYGONALFACE((246,226,225));
#3927=IFCINDEXEDPOLYGONALFACE((252,247,256,253));
#3928=IFCINDEXEDPOLYGONALFACE((253,248,252));
#3929=IFCINDEXEDPOLYGONALFACE((253,258,248));
#3930=IFCINDEXEDPOLYGONALFACE((254,253,257,523));
#3931=IFCINDEXEDPOLYGONALFACE((254,255,253));
#3932=IFCINDEXEDPOLYGONALFACE((255,258,253));
#3933=IFCINDEXEDPOLYGONALFACE((259,253,256,260));
#3934=IFCINDEXEDPOLYGONALFACE((261,257,253,259));
#3935=IFCINDEXEDPOLYGONALFACE((259,260,221));
#3936=IFCINDEXEDPOLYGONALFACE((221,263,261,259));
#3937=IFCINDEXEDPOLYGONALFACE((257,261,262,521));
#3938=IFCINDEXEDPOLYGONALFACE((262,261,263,265));
#3939=IFCINDEXEDPOLYGONALFACE((263,221,220));
#3940=IFCINDEXEDPOLYGONALFACE((220,264,263));
#3941=IFCINDEXEDPOLYGONALFACE((263,264,265));
#3942=IFCINDEXEDPOLYGONALFACE((265,266,262));
#3943=IFCINDEXEDPOLYGONALFACE((268,266,265,267));
#3944=IFCINDEXEDPOLYGONALFACE((267,265,264,271));
#3945=IFCINDEXEDPOLYGONALFACE((267,269,268));
#3946=IFCINDEXEDPOLYGONALFACE((267,270,269));
#3947=IFCINDEXEDPOLYGONALFACE((270,267,271,272));
#3948=IFCINDEXEDPOLYGONALFACE((271,273,272));
#3949=IFCINDEXEDPOLYGONALFACE((271,264,273));
#3950=IFCINDEXEDPOLYGONALFACE((276,273,274));
#3951=IFCINDEXEDPOLYGONALFACE((273,220,274));
#3952=IFCINDEXEDPOLYGONALFACE((264,220,273));
#3953=IFCINDEXEDPOLYGONALFACE((273,275,272));
#3954=IFCINDEXEDPOLYGONALFACE((275,273,276));
#3955=IFCINDEXEDPOLYGONALFACE((274,524,277,276));
#3956=IFCINDEXEDPOLYGONALFACE((276,277,278));
#3957=IFCINDEXEDPOLYGONALFACE((276,278,279,275));
#3958=IFCINDEXEDPOLYGONALFACE((275,279,280));
#3959=IFCINDEXEDPOLYGONALFACE((275,280,281,283));
#3960=IFCINDEXEDPOLYGONALFACE((283,281,282));
#3961=IFCINDEXEDPOLYGONALFACE((272,283,284,286));
#3962=IFCINDEXEDPOLYGONALFACE((283,272,275));
#3963=IFCINDEXEDPOLYGONALFACE((283,282,288,284));
#3964=IFCINDEXEDPOLYGONALFACE((285,284,287));
#3965=IFCINDEXEDPOLYGONALFACE((285,286,284));
#3966=IFCINDEXEDPOLYGONALFACE((284,288,287));
#3967=IFCINDEXEDPOLYGONALFACE((286,289,294));
#3968=IFCINDEXEDPOLYGONALFACE((286,290,289));
#3969=IFCINDEXEDPOLYGONALFACE((292,290,286));
#3970=IFCINDEXEDPOLYGONALFACE((291,292,286));
#3971=IFCINDEXEDPOLYGONALFACE((286,293,291));
#3972=IFCINDEXEDPOLYGONALFACE((286,285,293));
#3973=IFCINDEXEDPOLYGONALFACE((286,294,272));
#3974=IFCINDEXEDPOLYGONALFACE((270,294,295));
#3975=IFCINDEXEDPOLYGONALFACE((294,289,295));
#3976=IFCINDEXEDPOLYGONALFACE((272,294,270));
#3977=IFCINDEXEDPOLYGONALFACE((295,289,296));
#3978=IFCINDEXEDPOLYGONALFACE((296,297,295));
#3979=IFCINDEXEDPOLYGONALFACE((297,270,295));
#3980=IFCINDEXEDPOLYGONALFACE((517,298,297,299));
#3981=IFCINDEXEDPOLYGONALFACE((298,269,270,297));
#3982=IFCINDEXEDPOLYGONALFACE((301,300,297,296));
#3983=IFCINDEXEDPOLYGONALFACE((300,299,297));
#3984=IFCINDEXEDPOLYGONALFACE((303,302,301,296));
#3985=IFCINDEXEDPOLYGONALFACE((303,304,302));
#3986=IFCINDEXEDPOLYGONALFACE((307,304,303));
#3987=IFCINDEXEDPOLYGONALFACE((304,306,305));
#3988=IFCINDEXEDPOLYGONALFACE((304,307,306));
#3989=IFCINDEXEDPOLYGONALFACE((303,290,307));
#3990=IFCINDEXEDPOLYGONALFACE((290,292,307));
#3991=IFCINDEXEDPOLYGONALFACE((292,308,307));
#3992=IFCINDEXEDPOLYGONALFACE((307,308,306));
#3993=IFCINDEXEDPOLYGONALFACE((309,310,306,308));
#3994=IFCINDEXEDPOLYGONALFACE((291,308,292));
#3995=IFCINDEXEDPOLYGONALFACE((309,308,291));
#3996=IFCINDEXEDPOLYGONALFACE((311,309,291));
#3997=IFCINDEXEDPOLYGONALFACE((311,315,310,309));
#3998=IFCINDEXEDPOLYGONALFACE((314,311,312));
#3999=IFCINDEXEDPOLYGONALFACE((311,291,312));
#4000=IFCINDEXEDPOLYGONALFACE((311,314,313));
#4001=IFCINDEXEDPOLYGONALFACE((315,311,313));
#4002=IFCINDEXEDPOLYGONALFACE((315,317,516,310));
#4003=IFCINDEXEDPOLYGONALFACE((316,319,318,315));
#4004=IFCINDEXEDPOLYGONALFACE((315,313,316));
#4005=IFCINDEXEDPOLYGONALFACE((315,318,317));
#4006=IFCINDEXEDPOLYGONALFACE((316,320,319));
#4007=IFCINDEXEDPOLYGONALFACE((322,321,320,316));
#4008=IFCINDEXEDPOLYGONALFACE((322,323,321));
#4009=IFCINDEXEDPOLYGONALFACE((325,324,323,322));
#4010=IFCINDEXEDPOLYGONALFACE((325,326,324));
#4011=IFCINDEXEDPOLYGONALFACE((329,327,326,325));
#4012=IFCINDEXEDPOLYGONALFACE((329,328,327));
#4013=IFCINDEXEDPOLYGONALFACE((325,333,329));
#4014=IFCINDEXEDPOLYGONALFACE((330,502,328,329));
#4015=IFCINDEXEDPOLYGONALFACE((329,331,330));
#4016=IFCINDEXEDPOLYGONALFACE((331,329,332));
#4017=IFCINDEXEDPOLYGONALFACE((329,333,332));
#4018=IFCINDEXEDPOLYGONALFACE((333,334,338,335));
#4019=IFCINDEXEDPOLYGONALFACE((333,325,322,334));
#4020=IFCINDEXEDPOLYGONALFACE((335,332,333));
#4021=IFCINDEXEDPOLYGONALFACE((332,335,336));
#4022=IFCINDEXEDPOLYGONALFACE((335,337,336));
#4023=IFCINDEXEDPOLYGONALFACE((337,335,338));
#4024=IFCINDEXEDPOLYGONALFACE((339,338,334));
#4025=IFCINDEXEDPOLYGONALFACE((314,338,339));
#4026=IFCINDEXEDPOLYGONALFACE((314,337,338));
#4027=IFCINDEXEDPOLYGONALFACE((316,313,339));
#4028=IFCINDEXEDPOLYGONALFACE((314,339,313));
#4029=IFCINDEXEDPOLYGONALFACE((316,339,334));
#4030=IFCINDEXEDPOLYGONALFACE((337,340,342));
#4031=IFCINDEXEDPOLYGONALFACE((341,340,337));
#4032=IFCINDEXEDPOLYGONALFACE((314,341,337));
#4033=IFCINDEXEDPOLYGONALFACE((342,336,337));
#4034=IFCINDEXEDPOLYGONALFACE((340,343,342));
#4035=IFCINDEXEDPOLYGONALFACE((344,342,343));
#4036=IFCINDEXEDPOLYGONALFACE((347,345,342,344));
#4037=IFCINDEXEDPOLYGONALFACE((345,336,342));
#4038=IFCINDEXEDPOLYGONALFACE((350,348,345,346));
#4039=IFCINDEXEDPOLYGONALFACE((346,345,347));
#4040=IFCINDEXEDPOLYGONALFACE((336,345,348));
#4041=IFCINDEXEDPOLYGONALFACE((355,353,348,349));
#4042=IFCINDEXEDPOLYGONALFACE((349,348,350));
#4043=IFCINDEXEDPOLYGONALFACE((348,352,351));
#4044=IFCINDEXEDPOLYGONALFACE((351,336,348));
#4045=IFCINDEXEDPOLYGONALFACE((352,348,353,356));
#4046=IFCINDEXEDPOLYGONALFACE((356,353,354,357));
#4047=IFCINDEXEDPOLYGONALFACE((354,353,355,507));
#4048=IFCINDEXEDPOLYGONALFACE((361,358,356,357));
#4049=IFCINDEXEDPOLYGONALFACE((358,360,352,356));
#4050=IFCINDEXEDPOLYGONALFACE((359,360,358));
#4051=IFCINDEXEDPOLYGONALFACE((361,362,359,358));
#4052=IFCINDEXEDPOLYGONALFACE((362,361,363));
#4053=IFCINDEXEDPOLYGONALFACE((357,363,361));
#4054=IFCINDEXEDPOLYGONALFACE((363,357,366));
#4055=IFCINDEXEDPOLYGONALFACE((362,363,364));
#4056=IFCINDEXEDPOLYGONALFACE((363,365,364));
#4057=IFCINDEXEDPOLYGONALFACE((365,363,366));
#4058=IFCINDEXEDPOLYGONALFACE((366,357,354));
#4059=IFCINDEXEDPOLYGONALFACE((354,367,366));
#4060=IFCINDEXEDPOLYGONALFACE((368,366,367));
#4061=IFCINDEXEDPOLYGONALFACE((368,365,366));
#4062=IFCINDEXEDPOLYGONALFACE((371,372,369,368));
#4063=IFCINDEXEDPOLYGONALFACE((368,369,370));
#4064=IFCINDEXEDPOLYGONALFACE((367,371,368));
#4065=IFCINDEXEDPOLYGONALFACE((370,365,368));
#4066=IFCINDEXEDPOLYGONALFACE((374,369,372,373));
#4067=IFCINDEXEDPOLYGONALFACE((373,375,376,374));
#4068=IFCINDEXEDPOLYGONALFACE((378,376,375,377));
#4069=IFCINDEXEDPOLYGONALFACE((377,379,381,378));
#4070=IFCINDEXEDPOLYGONALFACE((379,380,381));
#4071=IFCINDEXEDPOLYGONALFACE((378,381,382));
#4072=IFCINDEXEDPOLYGONALFACE((383,386,382,381));
#4073=IFCINDEXEDPOLYGONALFACE((380,385,383,381));
#4074=IFCINDEXEDPOLYGONALFACE((389,387,383,384));
#4075=IFCINDEXEDPOLYGONALFACE((384,383,385));
#4076=IFCINDEXEDPOLYGONALFACE((386,383,387));
#4077=IFCINDEXEDPOLYGONALFACE((396,392,387,388));
#4078=IFCINDEXEDPOLYGONALFACE((388,387,389));
#4079=IFCINDEXEDPOLYGONALFACE((387,391,386));
#4080=IFCINDEXEDPOLYGONALFACE((391,387,390));
#4081=IFCINDEXEDPOLYGONALFACE((390,387,392,397));
#4082=IFCINDEXEDPOLYGONALFACE((457,393,392,395));
#4083=IFCINDEXEDPOLYGONALFACE((392,393,394));
#4084=IFCINDEXEDPOLYGONALFACE((397,392,394,401));
#4085=IFCINDEXEDPOLYGONALFACE((395,392,396));
#4086=IFCINDEXEDPOLYGONALFACE((400,398,397));
#4087=IFCINDEXEDPOLYGONALFACE((398,399,397));
#4088=IFCINDEXEDPOLYGONALFACE((397,399,390));
#4089=IFCINDEXEDPOLYGONALFACE((400,397,401));
#4090=IFCINDEXEDPOLYGONALFACE((402,400,401));
#4091=IFCINDEXEDPOLYGONALFACE((403,402,401));
#4092=IFCINDEXEDPOLYGONALFACE((401,404,403));
#4093=IFCINDEXEDPOLYGONALFACE((404,401,394));
#4094=IFCINDEXEDPOLYGONALFACE((404,407,403));
#4095=IFCINDEXEDPOLYGONALFACE((404,394,405));
#4096=IFCINDEXEDPOLYGONALFACE((404,405,406));
#4097=IFCINDEXEDPOLYGONALFACE((408,407,404,406));
#4098=IFCINDEXEDPOLYGONALFACE((412,409,407,408));
#4099=IFCINDEXEDPOLYGONALFACE((409,410,403,407));
#4100=IFCINDEXEDPOLYGONALFACE((411,470,410,409));
#4101=IFCINDEXEDPOLYGONALFACE((409,412,413,411));
#4102=IFCINDEXEDPOLYGONALFACE((412,414,413));
#4103=IFCINDEXEDPOLYGONALFACE((415,469,414,412));
#4104=IFCINDEXEDPOLYGONALFACE((415,412,416,417));
#4105=IFCINDEXEDPOLYGONALFACE((408,416,412));
#4106=IFCINDEXEDPOLYGONALFACE((406,416,408));
#4107=IFCINDEXEDPOLYGONALFACE((417,416,418));
#4108=IFCINDEXEDPOLYGONALFACE((406,418,416));
#4109=IFCINDEXEDPOLYGONALFACE((418,420,417));
#4110=IFCINDEXEDPOLYGONALFACE((418,406,419));
#4111=IFCINDEXEDPOLYGONALFACE((419,420,418));
#4112=IFCINDEXEDPOLYGONALFACE((419,421,420));
#4113=IFCINDEXEDPOLYGONALFACE((424,422,420,421));
#4114=IFCINDEXEDPOLYGONALFACE((417,420,422));
#4115=IFCINDEXEDPOLYGONALFACE((422,415,417));
#4116=IFCINDEXEDPOLYGONALFACE((422,423,415));
#4117=IFCINDEXEDPOLYGONALFACE((422,425,423));
#4118=IFCINDEXEDPOLYGONALFACE((424,426,425,422));
#4119=IFCINDEXEDPOLYGONALFACE((429,427,426,424));
#4120=IFCINDEXEDPOLYGONALFACE((427,428,430));
#4121=IFCINDEXEDPOLYGONALFACE((428,427,429));
#4122=IFCINDEXEDPOLYGONALFACE((430,428,432,431));
#4123=IFCINDEXEDPOLYGONALFACE((431,432,435,433));
#4124=IFCINDEXEDPOLYGONALFACE((433,435,434));
#4125=IFCINDEXEDPOLYGONALFACE((435,436,434));
#4126=IFCINDEXEDPOLYGONALFACE((435,437,436));
#4127=IFCINDEXEDPOLYGONALFACE((437,435,438));
#4128=IFCINDEXEDPOLYGONALFACE((439,440,438,435));
#4129=IFCINDEXEDPOLYGONALFACE((432,439,435));
#4130=IFCINDEXEDPOLYGONALFACE((428,439,432));
#4131=IFCINDEXEDPOLYGONALFACE((441,439,421));
#4132=IFCINDEXEDPOLYGONALFACE((439,429,421));
#4133=IFCINDEXEDPOLYGONALFACE((429,439,428));
#4134=IFCINDEXEDPOLYGONALFACE((440,439,441));
#4135=IFCINDEXEDPOLYGONALFACE((446,443,441,419));
#4136=IFCINDEXEDPOLYGONALFACE((419,441,421));
#4137=IFCINDEXEDPOLYGONALFACE((440,441,442));
#4138=IFCINDEXEDPOLYGONALFACE((442,441,443));
#4139=IFCINDEXEDPOLYGONALFACE((444,442,443));
#4140=IFCINDEXEDPOLYGONALFACE((444,443,445,458));
#4141=IFCINDEXEDPOLYGONALFACE((447,445,443,446));
#4142=IFCINDEXEDPOLYGONALFACE((419,448,446));
#4143=IFCINDEXEDPOLYGONALFACE((449,447,446,448));
#4144=IFCINDEXEDPOLYGONALFACE((449,448,450));
#4145=IFCINDEXEDPOLYGONALFACE((450,448,405,451));
#4146=IFCINDEXEDPOLYGONALFACE((419,405,448));
#4147=IFCINDEXEDPOLYGONALFACE((452,451,405));
#4148=IFCINDEXEDPOLYGONALFACE((453,454,452));
#4149=IFCINDEXEDPOLYGONALFACE((453,452,405));
#4150=IFCINDEXEDPOLYGONALFACE((454,453,455));
#4151=IFCINDEXEDPOLYGONALFACE((455,453,393,456));
#4152=IFCINDEXEDPOLYGONALFACE((456,393,457));
#4153=IFCINDEXEDPOLYGONALFACE((453,394,393));
#4154=IFCINDEXEDPOLYGONALFACE((453,405,394));
#4155=IFCINDEXEDPOLYGONALFACE((458,459,444));
#4156=IFCINDEXEDPOLYGONALFACE((459,460,461,444));
#4157=IFCINDEXEDPOLYGONALFACE((463,461,460,462));
#4158=IFCINDEXEDPOLYGONALFACE((464,466,463,462));
#4159=IFCINDEXEDPOLYGONALFACE((467,466,464,465));
#4160=IFCINDEXEDPOLYGONALFACE((466,437,463));
#4161=IFCINDEXEDPOLYGONALFACE((466,467,437));
#4162=IFCINDEXEDPOLYGONALFACE((434,467,465));
#4163=IFCINDEXEDPOLYGONALFACE((436,467,434));
#4164=IFCINDEXEDPOLYGONALFACE((437,467,436));
#4165=IFCINDEXEDPOLYGONALFACE((463,468,461));
#4166=IFCINDEXEDPOLYGONALFACE((463,438,468));
#4167=IFCINDEXEDPOLYGONALFACE((437,438,463));
#4168=IFCINDEXEDPOLYGONALFACE((468,440,442));
#4169=IFCINDEXEDPOLYGONALFACE((438,440,468));
#4170=IFCINDEXEDPOLYGONALFACE((468,442,461));
#4171=IFCINDEXEDPOLYGONALFACE((461,442,444));
#4172=IFCINDEXEDPOLYGONALFACE((424,421,429));
#4173=IFCINDEXEDPOLYGONALFACE((415,423,469));
#4174=IFCINDEXEDPOLYGONALFACE((405,419,406));
#4175=IFCINDEXEDPOLYGONALFACE((472,410,470,471));
#4176=IFCINDEXEDPOLYGONALFACE((472,471,473));
#4177=IFCINDEXEDPOLYGONALFACE((398,472,473,474));
#4178=IFCINDEXEDPOLYGONALFACE((398,474,475));
#4179=IFCINDEXEDPOLYGONALFACE((478,398,475,476));
#4180=IFCINDEXEDPOLYGONALFACE((478,476,477));
#4181=IFCINDEXEDPOLYGONALFACE((480,399,398,478));
#4182=IFCINDEXEDPOLYGONALFACE((479,478,481));
#4183=IFCINDEXEDPOLYGONALFACE((478,479,480));
#4184=IFCINDEXEDPOLYGONALFACE((477,481,478));
#4185=IFCINDEXEDPOLYGONALFACE((482,479,481));
#4186=IFCINDEXEDPOLYGONALFACE((483,485,479,482));
#4187=IFCINDEXEDPOLYGONALFACE((484,485,483));
#4188=IFCINDEXEDPOLYGONALFACE((503,486,485,484));
#4189=IFCINDEXEDPOLYGONALFACE((487,485,486));
#4190=IFCINDEXEDPOLYGONALFACE((479,485,487));
#4191=IFCINDEXEDPOLYGONALFACE((487,486,490));
#4192=IFCINDEXEDPOLYGONALFACE((504,479,487,488));
#4193=IFCINDEXEDPOLYGONALFACE((488,487,489));
#4194=IFCINDEXEDPOLYGONALFACE((490,492,489,487));
#4195=IFCINDEXEDPOLYGONALFACE((491,490,486));
#4196=IFCINDEXEDPOLYGONALFACE((491,493,492,490));
#4197=IFCINDEXEDPOLYGONALFACE((493,374,376,492));
#4198=IFCINDEXEDPOLYGONALFACE((492,376,378,489));
#4199=IFCINDEXEDPOLYGONALFACE((494,370,493));
#4200=IFCINDEXEDPOLYGONALFACE((493,370,374));
#4201=IFCINDEXEDPOLYGONALFACE((493,491,494));
#4202=IFCINDEXEDPOLYGONALFACE((364,365,494));
#4203=IFCINDEXEDPOLYGONALFACE((364,494,491));
#4204=IFCINDEXEDPOLYGONALFACE((365,370,494));
#4205=IFCINDEXEDPOLYGONALFACE((495,491,486));
#4206=IFCINDEXEDPOLYGONALFACE((491,495,496));
#4207=IFCINDEXEDPOLYGONALFACE((491,496,497,364));
#4208=IFCINDEXEDPOLYGONALFACE((364,497,498));
#4209=IFCINDEXEDPOLYGONALFACE((364,498,362));
#4210=IFCINDEXEDPOLYGONALFACE((499,362,498));
#4211=IFCINDEXEDPOLYGONALFACE((500,359,362,499));
#4212=IFCINDEXEDPOLYGONALFACE((359,500,501,330));
#4213=IFCINDEXEDPOLYGONALFACE((330,501,502));
#4214=IFCINDEXEDPOLYGONALFACE((495,486,503));
#4215=IFCINDEXEDPOLYGONALFACE((382,489,378));
#4216=IFCINDEXEDPOLYGONALFACE((489,382,488));
#4217=IFCINDEXEDPOLYGONALFACE((488,505,504));
#4218=IFCINDEXEDPOLYGONALFACE((488,382,505));
#4219=IFCINDEXEDPOLYGONALFACE((505,386,504));
#4220=IFCINDEXEDPOLYGONALFACE((382,386,505));
#4221=IFCINDEXEDPOLYGONALFACE((480,479,504,506));
#4222=IFCINDEXEDPOLYGONALFACE((506,504,391));
#4223=IFCINDEXEDPOLYGONALFACE((386,391,504));
#4224=IFCINDEXEDPOLYGONALFACE((391,390,506));
#4225=IFCINDEXEDPOLYGONALFACE((399,506,390));
#4226=IFCINDEXEDPOLYGONALFACE((399,480,506));
#4227=IFCINDEXEDPOLYGONALFACE((472,398,400));
#4228=IFCINDEXEDPOLYGONALFACE((400,402,472));
#4229=IFCINDEXEDPOLYGONALFACE((410,472,402));
#4230=IFCINDEXEDPOLYGONALFACE((402,403,410));
#4231=IFCINDEXEDPOLYGONALFACE((374,370,369));
#4232=IFCINDEXEDPOLYGONALFACE((367,354,507));
#4233=IFCINDEXEDPOLYGONALFACE((360,331,351));
#4234=IFCINDEXEDPOLYGONALFACE((331,360,359));
#4235=IFCINDEXEDPOLYGONALFACE((351,352,360));
#4236=IFCINDEXEDPOLYGONALFACE((359,330,331));
#4237=IFCINDEXEDPOLYGONALFACE((351,332,336));
#4238=IFCINDEXEDPOLYGONALFACE((331,332,351));
#4239=IFCINDEXEDPOLYGONALFACE((343,340,508));
#4240=IFCINDEXEDPOLYGONALFACE((508,340,341,509));
#4241=IFCINDEXEDPOLYGONALFACE((509,341,510));
#4242=IFCINDEXEDPOLYGONALFACE((510,341,512,511));
#4243=IFCINDEXEDPOLYGONALFACE((511,512,513));
#4244=IFCINDEXEDPOLYGONALFACE((513,512,293,514));
#4245=IFCINDEXEDPOLYGONALFACE((515,514,293));
#4246=IFCINDEXEDPOLYGONALFACE((293,285,515));
#4247=IFCINDEXEDPOLYGONALFACE((293,512,312));
#4248=IFCINDEXEDPOLYGONALFACE((312,512,341));
#4249=IFCINDEXEDPOLYGONALFACE((341,314,312));
#4250=IFCINDEXEDPOLYGONALFACE((316,334,322));
#4251=IFCINDEXEDPOLYGONALFACE((305,306,310,516));
#4252=IFCINDEXEDPOLYGONALFACE((291,293,312));
#4253=IFCINDEXEDPOLYGONALFACE((290,303,296,289));
#4254=IFCINDEXEDPOLYGONALFACE((518,298,517));
#4255=IFCINDEXEDPOLYGONALFACE((519,521,298,518));
#4256=IFCINDEXEDPOLYGONALFACE((520,521,519));
#4257=IFCINDEXEDPOLYGONALFACE((522,257,521,520));
#4258=IFCINDEXEDPOLYGONALFACE((521,262,266));
#4259=IFCINDEXEDPOLYGONALFACE((521,266,268,298));
#4260=IFCINDEXEDPOLYGONALFACE((522,523,257));
#4261=IFCINDEXEDPOLYGONALFACE((298,268,269));
#4262=IFCINDEXEDPOLYGONALFACE((274,525,524));
#4263=IFCINDEXEDPOLYGONALFACE((525,274,217));
#4264=IFCINDEXEDPOLYGONALFACE((216,274,220));
#4265=IFCINDEXEDPOLYGONALFACE((217,274,216));
#4266=IFCINDEXEDPOLYGONALFACE((222,260,247));
#4267=IFCINDEXEDPOLYGONALFACE((256,247,260));
#4268=IFCINDEXEDPOLYGONALFACE((260,222,221));
#4269=IFCINDEXEDPOLYGONALFACE((225,222,247));
#4270=IFCINDEXEDPOLYGONALFACE((228,245,526,230));
#4271=IFCINDEXEDPOLYGONALFACE((234,526,238));
#4272=IFCINDEXEDPOLYGONALFACE((234,230,526));
#4273=IFCINDEXEDPOLYGONALFACE((188,191,527));
#4274=IFCINDEXEDPOLYGONALFACE((528,232,235));
#4275=IFCINDEXEDPOLYGONALFACE((232,528,190,193));
#4276=IFCINDEXEDPOLYGONALFACE((190,528,191));
#4277=IFCINDEXEDPOLYGONALFACE((196,232,193));
#4278=IFCINDEXEDPOLYGONALFACE((224,204,207));
#4279=IFCINDEXEDPOLYGONALFACE((224,207,210));
#4280=IFCINDEXEDPOLYGONALFACE((213,224,210));
#4281=IFCINDEXEDPOLYGONALFACE((204,224,196));
#4282=IFCINDEXEDPOLYGONALFACE((196,195,204));
#4283=IFCINDEXEDPOLYGONALFACE((529,198,178));
#4284=IFCINDEXEDPOLYGONALFACE((529,530,198));
#4285=IFCINDEXEDPOLYGONALFACE((530,529,531));
#4286=IFCINDEXEDPOLYGONALFACE((529,533,532,531));
#4287=IFCINDEXEDPOLYGONALFACE((533,534,532));
#4288=IFCINDEXEDPOLYGONALFACE((533,166,535,534));
#4289=IFCINDEXEDPOLYGONALFACE((166,536,535));
#4290=IFCINDEXEDPOLYGONALFACE((166,163,537,536));
#4291=IFCINDEXEDPOLYGONALFACE((163,161,537));
#4292=IFCINDEXEDPOLYGONALFACE((533,529,171));
#4293=IFCINDEXEDPOLYGONALFACE((166,533,171));
#4294=IFCINDEXEDPOLYGONALFACE((171,529,178));
#4295=IFCINDEXEDPOLYGONALFACE((176,179,185,538));
#4296=IFCINDEXEDPOLYGONALFACE((538,539,173,176));
#4297=IFCINDEXEDPOLYGONALFACE((539,540,173));
#4298=IFCINDEXEDPOLYGONALFACE((540,541,542,173));
#4299=IFCINDEXEDPOLYGONALFACE((541,543,542));
#4300=IFCINDEXEDPOLYGONALFACE((543,544,545,542));
#4301=IFCINDEXEDPOLYGONALFACE((544,546,545));
#4302=IFCINDEXEDPOLYGONALFACE((546,547,548,545));
#4303=IFCINDEXEDPOLYGONALFACE((547,549,548));
#4304=IFCINDEXEDPOLYGONALFACE((549,550,551,548));
#4305=IFCINDEXEDPOLYGONALFACE((550,552,551));
#4306=IFCINDEXEDPOLYGONALFACE((552,553,554,551));
#4307=IFCINDEXEDPOLYGONALFACE((553,555,554));
#4308=IFCINDEXEDPOLYGONALFACE((556,554,555));
#4309=IFCINDEXEDPOLYGONALFACE((556,557,144));
#4310=IFCINDEXEDPOLYGONALFACE((144,554,556));
#4311=IFCINDEXEDPOLYGONALFACE((559,557,558));
#4312=IFCINDEXEDPOLYGONALFACE((559,144,557));
#4313=IFCINDEXEDPOLYGONALFACE((118,559,558,116));
#4314=IFCINDEXEDPOLYGONALFACE((559,118,121));
#4315=IFCINDEXEDPOLYGONALFACE((121,144,559));
#4316=IFCINDEXEDPOLYGONALFACE((551,554,146,561));
#4317=IFCINDEXEDPOLYGONALFACE((144,146,554));
#4318=IFCINDEXEDPOLYGONALFACE((551,560,548));
#4319=IFCINDEXEDPOLYGONALFACE((560,551,562));
#4320=IFCINDEXEDPOLYGONALFACE((562,551,561));
#4321=IFCINDEXEDPOLYGONALFACE((562,167,560));
#4322=IFCINDEXEDPOLYGONALFACE((167,562,155));
#4323=IFCINDEXEDPOLYGONALFACE((155,562,154));
#4324=IFCINDEXEDPOLYGONALFACE((562,561,146));
#4325=IFCINDEXEDPOLYGONALFACE((146,154,562));
#4326=IFCINDEXEDPOLYGONALFACE((165,563,560,167));
#4327=IFCINDEXEDPOLYGONALFACE((545,548,560,563));
#4328=IFCINDEXEDPOLYGONALFACE((563,542,545));
#4329=IFCINDEXEDPOLYGONALFACE((542,563,170));
#4330=IFCINDEXEDPOLYGONALFACE((563,165,170));
#4331=IFCINDEXEDPOLYGONALFACE((173,542,169));
#4332=IFCINDEXEDPOLYGONALFACE((542,170,169));
#4333=IFCINDEXEDPOLYGONALFACE((178,174,171));
#4334=IFCINDEXEDPOLYGONALFACE((154,146,147,149));
#4335=IFCINDEXEDPOLYGONALFACE((136,564,140));
#4336=IFCINDEXEDPOLYGONALFACE((120,126,138));
#4337=IFCINDEXEDPOLYGONALFACE((39,41,81));
#4338=IFCINDEXEDPOLYGONALFACE((39,81,33));
#4339=IFCINDEXEDPOLYGONALFACE((41,78,81));
#4340=IFCINDEXEDPOLYGONALFACE((33,81,34));
#4341=IFCINDEXEDPOLYGONALFACE((46,72,78));
#4342=IFCINDEXEDPOLYGONALFACE((46,78,41));
#4343=IFCINDEXEDPOLYGONALFACE((72,46,48));
#4344=IFCINDEXEDPOLYGONALFACE((25,31,26));
#4345=IFCINDEXEDPOLYGONALFACE((565,26,12));
#4346=IFCINDEXEDPOLYGONALFACE((12,19,565));
#4347=IFCINDEXEDPOLYGONALFACE((19,20,565));
#4348=IFCINDEXEDPOLYGONALFACE((19,12,16));
#4349=IFCINDEXEDPOLYGONALFACE((12,14,16));
#4350=IFCPOLYGONALFACESET(#3642,$,(#3643,#3644,#3645,#3646,#3647,#3648,#3649,#3650,#3651,#3652,#3653,#3654,#3655,#3656,#3657,#3658,#3659,#3660,#3661,#3662,#3663,#3664,#3665,#3666,#3667,#3668,#3669,#3670,#3671,#3672,#3673,#3674,#3675,#3676,#3677,#3678,#3679,#3680,#3681,#3682,#3683,#3684,#3685,#3686,#3687,#3688,#3689,#3690,#3691,#3692,#3693,#3694,#3695,#3696,#3697,#3698,#3699,#3700,#3701,#3702,#3703,#3704,#3705,#3706,#3707,#3708,#3709,#3710,#3711,#3712,#3713,#3714,#3715,#3716,#3717,#3718,#3719,#3720,#3721,#3722,#3723,#3724,#3725,#3726,#3727,#3728,#3729,#3730,#3731,#3732,#3733,#3734,#3735,#3736,#3737,#3738,#3739,#3740,#3741,#3742,#3743,#3744,#3745,#3746,#3747,#3748,#3749,#3750,#3751,#3752,#3753,#3754,#3755,#3756,#3757,#3758,#3759,#3760,#3761,#3762,#3763,#3764,#3765,#3766,#3767,#3768,#3769,#3770,#3771,#3772,#3773,#3774,#3775,#3776,#3777,#3778,#3779,#3780,#3781,#3782,#3783,#3784,#3785,#3786,#3787,#3788,#3789,#3790,#3791,#3792,#3793,#3794,#3795,#3796,#3797,#3798,#3799,#3800,#3801,#3802,#3803,#3804,#3805,#3806,#3807,#3808,#3809,#3810,#3811,#3812,#3813,#3814,#3815,#3816,#3817,#3818,#3819,#3820,#3821,#3822,#3823,#3824,#3825,#3826,#3827,#3828,#3829,#3830,#3831,#3832,#3833,#3834,#3835,#3836,#3837,#3838,#3839,#3840,#3841,#3842,#3843,#3844,#3845,#3846,#3847,#3848,#3849,#3850,#3851,#3852,#3853,#3854,#3855,#3856,#3857,#3858,#3859,#3860,#3861,#3862,#3863,#3864,#3865,#3866,#3867,#3868,#3869,#3870,#3871,#3872,#3873,#3874,#3875,#3876,#3877,#3878,#3879,#3880,#3881,#3882,#3883,#3884,#3885,#3886,#3887,#3888,#3889,#3890,#3891,#3892,#3893,#3894,#3895,#3896,#3897,#3898,#3899,#3900,#3901,#3902,#3903,#3904,#3905,#3906,#3907,#3908,#3909,#3910,#3911,#3912,#3913,#3914,#3915,#3916,#3917,#3918,#3919,#3920,#3921,#3922,#3923,#3924,#3925,#3926,#3927,#3928,#3929,#3930,#3931,#3932,#3933,#3934,#3935,#3936,#3937,#3938,#3939,#3940,#3941,#3942,#3943,#3944,#3945,#3946,#3947,#3948,#3949,#3950,#3951,#3952,#3953,#3954,#3955,#3956,#3957,#3958,#3959,#3960,#3961,#3962,#3963,#3964,#3965,#3966,#3967,#3968,#3969,#3970,#3971,#3972,#3973,#3974,#3975,#3976,#3977,#3978,#3979,#3980,#3981,#3982,#3983,#3984,#3985,#3986,#3987,#3988,#3989,#3990,#3991,#3992,#3993,#3994,#3995,#3996,#3997,#3998,#3999,#4000,#4001,#4002,#4003,#4004,#4005,#4006,#4007,#4008,#4009,#4010,#4011,#4012,#4013,#4014,#4015,#4016,#4017,#4018,#4019,#4020,#4021,#4022,#4023,#4024,#4025,#4026,#4027,#4028,#4029,#4030,#4031,#4032,#4033,#4034,#4035,#4036,#4037,#4038,#4039,#4040,#4041,#4042,#4043,#4044,#4045,#4046,#4047,#4048,#4049,#4050,#4051,#4052,#4053,#4054,#4055,#4056,#4057,#4058,#4059,#4060,#4061,#4062,#4063,#4064,#4065,#4066,#4067,#4068,#4069,#4070,#4071,#4072,#4073,#4074,#4075,#4076,#4077,#4078,#4079,#4080,#4081,#4082,#4083,#4084,#4085,#4086,#4087,#4088,#4089,#4090,#4091,#4092,#4093,#4094,#4095,#4096,#4097,#4098,#4099,#4100,#4101,#4102,#4103,#4104,#4105,#4106,#4107,#4108,#4109,#4110,#4111,#4112,#4113,#4114,#4115,#4116,#4117,#4118,#4119,#4120,#4121,#4122,#4123,#4124,#4125,#4126,#4127,#4128,#4129,#4130,#4131,#4132,#4133,#4134,#4135,#4136,#4137,#4138,#4139,#4140,#4141,#4142,#4143,#4144,#4145,#4146,#4147,#4148,#4149,#4150,#4151,#4152,#4153,#4154,#4155,#4156,#4157,#4158,#4159,#4160,#4161,#4162,#4163,#4164,#4165,#4166,#4167,#4168,#4169,#4170,#4171,#4172,#4173,#4174,#4175,#4176,#4177,#4178,#4179,#4180,#4181,#4182,#4183,#4184,#4185,#4186,#4187,#4188,#4189,#4190,#4191,#4192,#4193,#4194,#4195,#4196,#4197,#4198,#4199,#4200,#4201,#4202,#4203,#4204,#4205,#4206,#4207,#4208,#4209,#4210,#4211,#4212,#4213,#4214,#4215,#4216,#4217,#4218,#4219,#4220,#4221,#4222,#4223,#4224,#4225,#4226,#4227,#4228,#4229,#4230,#4231,#4232,#4233,#4234,#4235,#4236,#4237,#4238,#4239,#4240,#4241,#4242,#4243,#4244,#4245,#4246,#4247,#4248,#4249,#4250,#4251,#4252,#4253,#4254,#4255,#4256,#4257,#4258,#4259,#4260,#4261,#4262,#4263,#4264,#4265,#4266,#4267,#4268,#4269,#4270,#4271,#4272,#4273,#4274,#4275,#4276,#4277,#4278,#4279,#4280,#4281,#4282,#4283,#4284,#4285,#4286,#4287,#4288,#4289,#4290,#4291,#4292,#4293,#4294,#4295,#4296,#4297,#4298,#4299,#4300,#4301,#4302,#4303,#4304,#4305,#4306,#4307,#4308,#4309,#4310,#4311,#4312,#4313,#4314,#4315,#4316,#4317,#4318,#4319,#4320,#4321,#4322,#4323,#4324,#4325,#4326,#4327,#4328,#4329,#4330,#4331,#4332,#4333,#4334,#4335,#4336,#4337,#4338,#4339,#4340,#4341,#4342,#4343,#4344,#4345,#4346,#4347,#4348,#4349),$);
#4351=IFCCARTESIANPOINTLIST3D(((-233.659042358398,-160.098937988281,440.72998046875),(-238.405029296875,-143.353942871094,440.491973876953),(-233.94303894043,-160.512939453125,441.586975097656),(-226.927047729492,-176.084945678711,440.810974121094),(-227.412048339844,-176.,441.727966308594),(-215.38005065918,-196.626968383789,441.089965820312),(-203.052062988281,-214.713958740234,442.012939453125),(-216.378051757812,-195.580963134766,442.011993408203),(-200.755065917969,-217.256942749023,440.899932861328),(-189.329055786133,-229.741958618164,440.682952880859),(-184.856063842773,-234.292953491211,441.921966552734),(-179.76806640625,-238.199951171875,440.548919677734),(-179.534072875977,-238.104949951172,441.599945068359),(-152.756088256836,-256.713928222656,440.188934326172),(-121.813079833984,-272.677001953125,440.490936279297),(-152.886077880859,-256.664947509766,441.865966796875),(-153.953079223633,-260.403930664062,441.174957275391),(-121.848083496094,-272.475982666016,441.262939453125),(-184.725067138672,-237.185958862305,442.),(-181.135055541992,-242.249954223633,440.722930908203),(-192.101058959961,-233.100952148438,440.191955566406),(-204.199066162109,-216.233963012695,441.974945068359),(-205.057052612305,-217.901962280273,440.719940185547),(-220.310043334961,-192.412948608398,441.828979492188),(-233.837036132812,-166.269943237305,441.578979492188),(-222.953048706055,-191.029937744141,440.537963867188),(-235.475051879883,-166.119934082031,440.487976074219),(-223.384033203125,-190.365936279297,438.507965087891),(-204.579055786133,-218.949966430664,437.922943115234),(-223.155059814453,-188.862945556641,436.919952392578),(-235.582046508789,-165.682952880859,438.573974609375),(-243.410034179688,-138.,437.903961181641),(-235.224044799805,-163.851943969727,437.014984130859),(-243.502029418945,-132.192947387695,436.171997070312),(-240.758026123047,-140.306945800781,436.64599609375),(-230.979034423828,-171.654937744141,437.149963378906),(-235.958023071289,-158.552947998047,437.095977783203),(-225.576049804688,-182.458938598633,437.122985839844),(-219.538055419922,-193.135955810547,437.101959228516),(-211.437042236328,-205.789962768555,437.014953613281),(-206.,-215.626953125,436.712951660156),(-205.628051757812,-214.446960449219,437.017944335938),(-199.347061157227,-222.505950927734,437.044952392578),(-190.51806640625,-232.356948852539,437.026947021484),(-190.737060546875,-233.464950561523,436.621948242188),(-180.193069458008,-241.323944091797,437.),(-152.84407043457,-259.389953613281,436.686950683594),(-153.464080810547,-260.264953613281,436.122955322266),(-180.333068847656,-242.558959960938,436.643920898438),(-181.279067993164,-242.696960449219,438.508941650391),(-153.550079345703,-261.382965087891,437.123962402344),(-121.101081848145,-276.098968505859,435.679931640625),(-122.334083557129,-276.876983642578,439.358947753906),(-91.0350952148438,-286.260986328125,438.834930419922),(-122.109085083008,-274.742980957031,441.234954833984),(-85.7710876464844,-285.47998046875,440.541961669922),(-59.5080909729004,-290.679962158203,439.120941162109),(-90.3080902099609,-282.227966308594,440.644958496094),(-59.1990928649902,-287.268981933594,440.171936035156),(-32.5870933532715,-292.166015625,439.571960449219),(-27.9730930328369,-293.123016357422,435.753936767578),(-29.9260940551758,-289.788024902344,439.945953369141),(21.,-290.260009765625,439.875946044922),(50.8079032897949,-290.053039550781,440.072967529297),(18.9539031982422,-293.334014892578,438.777954101562),(28.2719020843506,-293.10400390625,435.734924316406),(-0.797095596790314,-293.543029785156,435.767944335938),(60.8829040527344,-290.893035888672,438.617950439453),(91.123893737793,-286.238067626953,438.901947021484),(57.9399032592773,-290.615020751953,435.560943603516),(89.425910949707,-285.6650390625,435.558959960938),(59.1479034423828,-289.60205078125,435.547943115234),(89.8279037475586,-284.682037353516,435.754943847656),(29.773904800415,-291.9580078125,435.399963378906),(0.,-292.289001464844,435.350952148438),(-29.7740936279297,-291.9580078125,435.399963378906),(-59.1480865478516,-289.601989746094,435.547943115234),(-89.8280868530273,-284.681976318359,435.754943847656),(-57.465087890625,-291.022979736328,435.816955566406),(-89.3740844726562,-285.699005126953,435.589935302734),(-121.209083557129,-275.31298828125,436.077941894531),(121.208908081055,-275.313018798828,436.077941894531),(120.852905273438,-276.175048828125,435.672943115234),(152.843902587891,-259.390075683594,436.686950683594),(180.193923950195,-241.32307434082,437.),(152.849899291992,-260.81005859375,436.106964111328),(154.046905517578,-261.316070556641,439.765930175781),(180.275924682617,-242.599075317383,436.638946533203),(181.237915039062,-242.728073120117,438.429962158203),(190.754913330078,-233.446075439453,436.622955322266),(204.617919921875,-218.914093017578,437.928955078125),(192.240905761719,-232.951080322266,440.217956542969),(190.517913818359,-232.357070922852,437.026947021484),(206.085906982422,-215.511077880859,436.720947265625),(211.436935424805,-205.790084838867,437.014953613281),(205.627899169922,-214.44709777832,437.017944335938),(223.362930297852,-188.471099853516,436.920959472656),(199.346923828125,-222.506088256836,437.044952392578),(225.575927734375,-182.459091186523,437.122985839844),(219.537933349609,-193.136093139648,437.101959228516),(231.890930175781,-171.491088867188,436.984954833984),(223.692932128906,-189.7880859375,438.455963134766),(235.655914306641,-165.450103759766,438.529968261719),(223.159927368164,-190.696090698242,440.528961181641),(205.228912353516,-217.750091552734,440.663940429688),(232.263916015625,-173.198089599609,440.503997802734),(220.345932006836,-192.363082885742,441.8349609375),(216.677917480469,-195.062088012695,441.981964111328),(227.443923950195,-175.960098266602,441.733947753906),(235.248916625977,-163.206085205078,441.528991699219),(204.,-216.39909362793,441.984954833984),(184.500915527344,-237.479080200195,441.982971191406),(202.660903930664,-215.175094604492,442.012939453125),(183.15690612793,-236.401077270508,442.080932617188),(200.729904174805,-217.285095214844,440.896942138672),(185.023910522461,-233.75407409668,441.618957519531),(152.088897705078,-257.,441.741943359375),(179.767913818359,-238.200073242188,440.548919677734),(189.328918457031,-229.742080688477,440.682952880859),(152.755905151367,-256.714050292969,440.188934326172),(121.81290435791,-272.677032470703,440.490936279297),(121.625900268555,-272.58203125,441.267944335938),(90.5179061889648,-282.083038330078,439.833953857422),(90.5119018554688,-282.260040283203,440.683929443359),(59.5199012756348,-286.895050048828,439.358947753906),(59.597900390625,-287.279052734375,440.202941894531),(29.9369029998779,-289.314025878906,439.089965820312),(0.,-289.7490234375,438.988952636719),(-29.9370918273926,-289.314025878906,439.089965820312),(-59.5200881958008,-286.894989013672,439.358947753906),(-90.5180816650391,-282.082977294922,439.833953857422),(90.6279067993164,-284.198028564453,440.650939941406),(122.108909606934,-274.743041992188,441.234954833984),(153.534896850586,-258.864044189453,441.857940673828),(122.38890838623,-276.885040283203,439.278930664062),(215.670928955078,-196.,441.101959228516),(226.859924316406,-176.240097045898,440.810974121094),(233.658920288086,-160.099090576172,440.72998046875),(233.932922363281,-160.543090820312,441.585968017578),(238.404937744141,-143.354095458984,440.491973876953),(240.442947387695,-137.031097412109,441.236968994141),(241.971939086914,-128.365112304688,440.228973388672),(245.157943725586,-114.575103759766,440.498992919922),(245.465927124023,-114.786102294922,441.330963134766),(242.638961791992,-109.521102905273,441.647979736328),(238.014953613281,-108.557106018066,443.347961425781),(242.82795715332,-109.552108764648,442.428985595703),(238.033950805664,-108.535102844238,444.180969238281),(244.895950317383,-108.398101806641,442.053985595703),(247.526962280273,-114.084106445312,441.118957519531),(246.506958007812,-106.952102661133,439.740966796875),(234.753952026367,-107.125106811523,445.14697265625),(228.340957641602,-108.869110107422,447.329956054688),(219.462966918945,-106.693099975586,448.376983642578),(239.703948974609,-105.581108093262,441.761962890625),(225.035949707031,-106.087097167969,444.572967529297),(220.080963134766,-105.770095825195,446.294952392578),(218.934951782227,-107.446098327637,443.228973388672),(218.858963012695,-108.747093200684,442.945953369141),(239.250961303711,-105.761100769043,438.510986328125),(238.592956542969,-106.309104919434,438.357971191406),(231.828964233398,-107.505104064941,440.682983398438),(238.656951904297,-106.740104675293,438.903961181641),(244.8349609375,-107.167106628418,436.867980957031),(247.666961669922,-112.639106750488,436.048980712891),(244.540954589844,-107.551109313965,437.383972167969),(247.01594543457,-112.55810546875,436.679962158203),(240.306945800781,-142.143096923828,436.721984863281),(235.957931518555,-158.553100585938,437.095977783203),(237.938934326172,-155.203094482422,436.885986328125),(243.601928710938,-137.157104492188,437.857971191406),(249.046951293945,-112.745109558105,437.797973632812),(238.560943603516,-157.289093017578,440.367980957031),(249.256958007812,-113.726104736328,439.799957275391),(230.978927612305,-171.655090332031,437.149963378906),(224.973968505859,-108.73210144043,442.524963378906),(218.477951049805,-109.092094421387,443.904968261719),(211.47395324707,-105.842102050781,444.431976318359),(211.53596496582,-105.636100769043,443.307983398438),(207.172958374023,-99.0850982666016,443.810974121094),(204.367950439453,-94.2820892333984,442.091979980469),(203.668960571289,-91.7240905761719,442.711975097656),(199.568954467773,-71.2120971679688,440.930969238281),(199.227966308594,-71.2880859375,439.770965576172),(196.980972290039,-43.5200958251953,439.483978271484),(196.423980712891,-43.5890922546387,438.061981201172),(192.570983886719,-15.7760953903198,437.850982666016),(190.372985839844,8.50190448760986,436.064971923828),(191.704986572266,-15.9630937576294,436.122985839844),(194.644989013672,-16.4840965270996,438.031982421875),(187.523010253906,26.6739063262939,432.706970214844),(172.71501159668,89.6909027099609,429.302978515625),(189.61100769043,28.1519031524658,433.772979736328),(188.315002441406,29.7879028320312,434.797973632812),(181.046005249023,62.9689064025879,432.887969970703),(172.524017333984,92.4759063720703,430.56298828125),(163.769027709961,110.112907409668,428.352996826172),(163.456008911133,110.379913330078,426.909973144531),(152.536041259766,126.,427.134979248047),(143.278045654297,135.587921142578,426.602966308594),(152.635025024414,125.499908447266,425.2099609375),(143.657028198242,135.918914794922,426.247985839844),(152.822036743164,127.787910461426,430.846954345703),(164.92301940918,110.658905029297,429.622985839844),(165.014022827148,110.905899047852,433.403961181641),(143.106033325195,137.441909790039,431.206970214844),(151.749038696289,126.148902893066,434.847991943359),(142.720031738281,135.936920166016,434.225982666016),(163.534027099609,110.513900756836,436.254974365234),(161.531021118164,109.946914672852,436.572967529297),(151.01203918457,124.487915039062,433.921966552734),(141.685028076172,134.806915283203,433.606994628906),(151.326034545898,125.890899658203,433.588989257812),(162.703018188477,106.087898254395,436.330963134766),(175.671997070312,61.7859077453613,439.847991943359),(170.619018554688,92.4979019165039,437.551971435547),(162.275024414062,110.,435.252960205078),(171.222015380859,86.7449035644531,439.781951904297),(171.377029418945,92.5879058837891,438.665954589844),(179.697006225586,62.8809089660645,441.),(186.17399597168,13.301905632019,443.538970947266),(200.676971435547,-87.1680908203125,447.721954345703),(196.041976928711,-66.7490921020508,446.199981689453),(186.492004394531,29.0319023132324,442.507995605469),(183.400985717773,21.4869041442871,441.619964599609),(187.202987670898,7.83890533447266,441.874969482422),(184.923004150391,28.9349060058594,441.054962158203),(179.244995117188,62.7209053039551,439.589965820312),(190.472991943359,-16.,443.231964111328),(194.569976806641,-43.5620918273926,444.626953125),(197.829971313477,-70.897087097168,445.630981445312),(201.939956665039,-91.2560882568359,446.760986328125),(201.874954223633,-93.3820953369141,447.785980224609),(205.937957763672,-98.5790939331055,447.553955078125),(210.436950683594,-105.099098205566,448.136962890625),(217.606964111328,-109.392097473145,448.113983154297),(210.744964599609,-105.377098083496,449.634979248047),(212.933959960938,-103.494102478027,449.069976806641),(204.811965942383,-91.6430892944336,447.949981689453),(218.132965087891,-109.257095336914,449.316986083984),(199.579956054688,-68.9660949707031,446.727966308594),(206.938949584961,-92.3480987548828,446.329986572266),(205.828948974609,-90.5370864868164,443.517974853516),(209.321960449219,-97.6820983886719,444.491973876953),(214.252944946289,-102.736099243164,447.221954345703),(201.856964111328,-69.9080963134766,444.711975097656),(201.059951782227,-69.8140869140625,440.791961669922),(199.318984985352,-42.2640953063965,443.638977050781),(194.417984008789,-10.6490964889526,442.201965332031),(198.875961303711,-44.0790939331055,439.451965332031),(190.652008056641,30.0309028625488,439.742980957031),(190.481002807617,30.1349029541016,435.881988525391),(183.313995361328,62.9709091186523,437.774963378906),(181.948013305664,65.,432.401977539062),(174.608032226562,92.519905090332,435.439971923828),(173.725006103516,92.7259063720703,430.317962646484),(206.433959960938,-95.8800964355469,442.614990234375),(213.61296081543,-103.705093383789,444.885986328125),(224.93196105957,-109.34309387207,447.044982910156),(232.394943237305,-108.757102966309,445.191986083984),(141.901031494141,135.932907104492,432.864959716797),(129.742034912109,144.312911987305,433.0439453125),(120.657043457031,148.888916015625,432.29296875),(126.60604095459,145.268920898438,433.636962890625),(117.252044677734,150.569915771484,432.861999511719),(127.,146.186920166016,434.153991699219),(127.219039916992,147.296905517578,433.579986572266),(120.265045166016,150.20491027832,433.496978759766),(101.644050598145,159.120941162109,434.230987548828),(114.476051330566,154.442916870117,433.887969970703),(125.702033996582,149.042907714844,431.134979248047),(114.38005065918,155.528930664062,432.335968017578),(127.604026794434,147.155914306641,428.093963623047),(115.21704864502,153.597915649414,427.949981689453),(130.150039672852,143.591918945312,425.373962402344),(116.836044311523,151.705917358398,427.440979003906),(130.836029052734,143.272918701172,426.622955322266),(100.692039489746,157.852935791016,428.055969238281),(95.7160491943359,160.230926513672,428.145965576172),(69.,166.610931396484,429.202972412109),(84.175048828125,165.533935546875,432.686981201172),(85.2620468139648,162.137924194336,428.393951416016),(99.712043762207,161.403930664062,432.514984130859),(66.5350494384766,165.579940795898,428.655975341797),(38.9850540161133,168.333953857422,428.791961669922),(44.5520515441895,169.532943725586,429.419982910156),(0.,170.390960693359,428.648986816406),(-38.9849395751953,168.333984375,428.791961669922),(0.066056065261364,172.079956054688,429.195983886719),(-0.403942883014679,175.151962280273,433.328948974609),(-62.6119422912598,167.15397644043,428.958984375),(-65.5269470214844,169.254974365234,433.222991943359),(-33.5709419250488,172.946975708008,433.54296875),(-95.1799392700195,160.368988037109,428.149963378906),(-66.5349502563477,165.579986572266,428.655975341797),(-85.2619400024414,162.137985229492,428.393951416016),(-100.691940307617,157.852996826172,428.055969238281),(-115.593940734863,152.21598815918,427.544982910156),(-130.80793762207,143.309997558594,426.618957519531),(-116.120941162109,151.958999633789,426.753967285156),(-115.216941833496,153.597991943359,427.949981689453),(-128.382949829102,146.224014282227,426.971984863281),(-142.171936035156,135.425003051758,424.596954345703),(-143.638946533203,135.97900390625,426.320983886719),(-152.784942626953,126.424003601074,426.469970703125),(-143.,135.510009765625,426.671997070312),(-152.535949707031,126.,427.134979248047),(-163.768966674805,110.113014221191,428.352996826172),(-162.934967041016,111.317016601562,426.871948242188),(-172.523971557617,92.4760208129883,430.56298828125),(-172.68896484375,89.7820129394531,429.300964355469),(-181.045974731445,62.9690246582031,432.887969970703),(-188.314971923828,29.7880268096924,434.797973632812),(-190.372985839844,8.502028465271,436.064971923828),(-187.583969116211,26.498025894165,432.722961425781),(-191.704986572266,-15.9629688262939,436.122985839844),(-189.613967895508,28.1090278625488,433.756988525391),(-190.480987548828,30.1350288391113,435.881988525391),(-182.15397644043,64.3100280761719,432.455963134766),(-194.592987060547,-16.36496925354,437.978973388672),(-194.373977661133,-9.83696937561035,441.98095703125),(-198.85400390625,-44.0879669189453,439.4169921875),(-199.319000244141,-42.2639656066895,443.638977050781),(-201.042007446289,-70.0529632568359,440.758972167969),(-196.424011230469,-43.5889663696289,438.061981201172),(-199.22802734375,-71.2879638671875,439.770965576172),(-196.981002807617,-43.5199661254883,439.483978271484),(-199.56901550293,-71.2119674682617,440.930969238281),(-192.570983886719,-15.7759704589844,437.850982666016),(-203.669021606445,-91.7239685058594,442.711975097656),(-204.196029663086,-93.8209609985352,442.02197265625),(-207.17301940918,-99.0849609375,443.810974121094),(-211.474014282227,-105.841957092285,444.431976318359),(-211.522018432617,-105.529960632324,443.318969726562),(-218.478012084961,-109.091949462891,443.904968261719),(-218.459014892578,-108.532958984375,442.8759765625),(-224.974029541016,-108.731956481934,442.524963378906),(-231.829025268555,-107.504951477051,440.682983398438),(-225.81901550293,-107.980949401855,441.476959228516),(-238.514022827148,-106.232948303223,438.360961914062),(-225.642013549805,-106.073951721191,444.462982177734),(-219.929016113281,-105.689956665039,445.848968505859),(-219.583023071289,-106.799957275391,448.410949707031),(-239.254013061523,-105.600944519043,439.344970703125),(-239.929016113281,-105.635948181152,441.569976806641),(-246.532012939453,-106.987945556641,439.663970947266),(-238.029022216797,-106.74494934082,443.93896484375),(-244.896011352539,-108.39794921875,442.053985595703),(-227.917022705078,-108.961952209473,447.464965820312),(-237.195022583008,-108.507949829102,444.426971435547),(-242.685012817383,-109.189949035645,441.720977783203),(-242.808013916016,-109.570953369141,442.404968261719),(-245.464019775391,-114.778953552246,441.332977294922),(-245.15803527832,-114.57494354248,440.498992919922),(-240.657028198242,-136.213943481445,441.235961914062),(-247.720031738281,-114.739944458008,440.988952636719),(-243.064025878906,-140.263946533203,439.900970458984),(-249.488006591797,-113.308952331543,439.183990478516),(-247.628021240234,-112.334945678711,436.192962646484),(-244.924011230469,-107.135955810547,436.906951904297),(-246.909027099609,-112.584945678711,436.578948974609),(-244.541015625,-107.55094909668,437.383972167969),(-238.657012939453,-106.739944458008,438.903961181641),(-241.972030639648,-128.364944458008,440.228973388672),(-232.395004272461,-108.756942749023,445.191986083984),(-224.932022094727,-109.342956542969,447.044982910156),(-217.607025146484,-109.391960144043,448.113983154297),(-218.032012939453,-109.22395324707,449.340972900391),(-210.43701171875,-105.09895324707,448.136962890625),(-205.938018798828,-98.5789642333984,447.553955078125),(-210.622009277344,-105.286956787109,449.601989746094),(-200.663024902344,-87.0699691772461,447.719970703125),(-212.934020996094,-103.493957519531,449.069976806641),(-201.547012329102,-92.6769638061523,447.697967529297),(-204.732025146484,-91.7299652099609,447.985992431641),(-199.64501953125,-68.6989669799805,446.694976806641),(-206.870025634766,-92.0789566040039,446.249969482422),(-214.253005981445,-102.735961914062,447.221954345703),(-201.857025146484,-69.9079666137695,444.711975097656),(-207.139022827148,-94.1089553833008,444.068969726562),(-213.613021850586,-103.704956054688,444.885986328125),(-206.533020019531,-96.1089630126953,442.629974365234),(-186.795974731445,26.5440254211426,442.653991699219),(-190.651977539062,30.03102684021,439.742980957031),(-184.699981689453,21.7500247955322,443.207977294922),(-179.696975708008,62.8810195922852,441.),(-171.249954223633,86.9300155639648,439.752960205078),(-183.31396484375,62.9710311889648,437.774963378906),(-171.376968383789,92.588020324707,438.665954589844),(-174.607971191406,92.5200119018555,435.439971923828),(-163.533966064453,110.514015197754,436.254974365234),(-151.749938964844,126.14900970459,434.847991943359),(-161.127960205078,109.449012756348,436.080963134766),(-165.013961791992,110.90601348877,433.403961181641),(-152.777938842773,127.509002685547,432.),(-164.922958374023,110.659019470215,429.622985839844),(-173.638961791992,92.8880157470703,430.211975097656),(-143.105941772461,137.442001342773,431.206970214844),(-142.628936767578,136.026992797852,434.219970703125),(-128.078948974609,147.662002563477,431.373992919922),(-114.334938049316,155.514984130859,432.249969482422),(-128.047943115234,146.102005004883,434.108978271484),(-120.339935302734,150.795989990234,433.182983398438),(-118.050941467285,150.660995483398,433.361968994141),(-126.347953796387,145.393997192383,433.618957519531),(-115.810935974121,151.641983032227,432.568969726562),(-141.684936523438,134.807006835938,433.606994628906),(-130.46794128418,143.773010253906,432.969970703125),(-120.656936645508,148.88899230957,432.29296875),(-141.900955200195,135.932998657227,432.864959716797),(-151.325942993164,125.891006469727,433.588989257812),(-151.011947631836,124.488014221191,433.921966552734),(-162.301956176758,110.,435.322967529297),(-170.618957519531,92.4980163574219,437.551971435547),(-179.244964599609,62.7210159301758,439.589965820312),(-167.837966918945,92.3370132446289,438.019958496094),(-180.162963867188,41.213020324707,440.840972900391),(-187.202987670898,7.83902740478516,441.874969482422),(-196.467010498047,-68.7509689331055,446.237976074219),(-184.922973632812,28.9350242614746,441.054962158203),(-197.830017089844,-70.8969650268555,445.630981445312),(-190.472991943359,-16.,443.231964111328),(-194.570007324219,-43.5619659423828,444.626953125),(-201.940017700195,-91.2559661865234,446.760986328125),(-101.760940551758,157.482986450195,432.643981933594),(-85.8179397583008,161.691986083984,431.807983398438),(-101.323944091797,158.197982788086,433.619964599609),(-86.1689376831055,163.482986450195,433.387969970703),(-111.77693939209,155.787002563477,434.158996582031),(-99.5379409790039,161.484985351562,432.615966796875),(-83.9859390258789,165.622985839844,432.775970458984),(-67.3489456176758,167.423965454102,433.978973388672),(-41.8289413452148,170.129974365234,435.),(-67.,165.293975830078,432.086975097656),(-38.931941986084,168.257965087891,433.294982910156),(0.,170.520965576172,432.424957275391),(0.142056465148926,173.325958251953,434.421966552734),(38.9320526123047,168.257934570312,433.294982910156),(40.3850555419922,170.288940429688,435.039001464844),(67.,165.293930053711,432.086975097656),(85.8180465698242,161.691925048828,431.807983398438),(67.5680465698242,167.337936401367,433.923950195312),(86.696044921875,163.441925048828,433.411956787109),(53.5400505065918,170.9609375,433.865966796875),(101.761047363281,157.482925415039,432.643981933594),(114.477043151855,152.387924194336,432.611968994141),(181.31591796875,-242.066070556641,440.769958496094)));
#4352=IFCINDEXEDPOLYGONALFACE((2,355,3,1));
#4353=IFCINDEXEDPOLYGONALFACE((1,3,5,4));
#4354=IFCINDEXEDPOLYGONALFACE((4,5,8,6));
#4355=IFCINDEXEDPOLYGONALFACE((6,7,9));
#4356=IFCINDEXEDPOLYGONALFACE((7,6,8));
#4357=IFCINDEXEDPOLYGONALFACE((11,10,9,7));
#4358=IFCINDEXEDPOLYGONALFACE((13,12,10,11));
#4359=IFCINDEXEDPOLYGONALFACE((16,14,12,13));
#4360=IFCINDEXEDPOLYGONALFACE((18,15,14,16));
#4361=IFCINDEXEDPOLYGONALFACE((19,17,16));
#4362=IFCINDEXEDPOLYGONALFACE((18,16,17,55));
#4363=IFCINDEXEDPOLYGONALFACE((19,16,11));
#4364=IFCINDEXEDPOLYGONALFACE((13,11,16));
#4365=IFCINDEXEDPOLYGONALFACE((17,19,20));
#4366=IFCINDEXEDPOLYGONALFACE((19,21,20));
#4367=IFCINDEXEDPOLYGONALFACE((11,7,22,19));
#4368=IFCINDEXEDPOLYGONALFACE((23,21,19,22));
#4369=IFCINDEXEDPOLYGONALFACE((22,7,8,24));
#4370=IFCINDEXEDPOLYGONALFACE((23,22,24,26));
#4371=IFCINDEXEDPOLYGONALFACE((26,24,25,27));
#4372=IFCINDEXEDPOLYGONALFACE((5,25,24));
#4373=IFCINDEXEDPOLYGONALFACE((5,24,8));
#4374=IFCINDEXEDPOLYGONALFACE((27,31,28,26));
#4375=IFCINDEXEDPOLYGONALFACE((26,28,29,23));
#4376=IFCINDEXEDPOLYGONALFACE((28,30,41,29));
#4377=IFCINDEXEDPOLYGONALFACE((31,33,30,28));
#4378=IFCINDEXEDPOLYGONALFACE((357,32,31,27));
#4379=IFCINDEXEDPOLYGONALFACE((32,34,33,31));
#4380=IFCINDEXEDPOLYGONALFACE((33,36,38,30));
#4381=IFCINDEXEDPOLYGONALFACE((34,35,33));
#4382=IFCINDEXEDPOLYGONALFACE((33,35,37));
#4383=IFCINDEXEDPOLYGONALFACE((36,33,37));
#4384=IFCINDEXEDPOLYGONALFACE((39,30,38));
#4385=IFCINDEXEDPOLYGONALFACE((30,39,40,41));
#4386=IFCINDEXEDPOLYGONALFACE((41,40,42));
#4387=IFCINDEXEDPOLYGONALFACE((43,41,42));
#4388=IFCINDEXEDPOLYGONALFACE((41,43,44,45));
#4389=IFCINDEXEDPOLYGONALFACE((45,44,46,49));
#4390=IFCINDEXEDPOLYGONALFACE((47,48,46));
#4391=IFCINDEXEDPOLYGONALFACE((46,48,49));
#4392=IFCINDEXEDPOLYGONALFACE((45,49,50,21));
#4393=IFCINDEXEDPOLYGONALFACE((51,50,49));
#4394=IFCINDEXEDPOLYGONALFACE((48,51,49));
#4395=IFCINDEXEDPOLYGONALFACE((52,51,48));
#4396=IFCINDEXEDPOLYGONALFACE((53,51,52));
#4397=IFCINDEXEDPOLYGONALFACE((17,20,50,51));
#4398=IFCINDEXEDPOLYGONALFACE((51,53,17));
#4399=IFCINDEXEDPOLYGONALFACE((53,54,56,55));
#4400=IFCINDEXEDPOLYGONALFACE((52,80,54,53));
#4401=IFCINDEXEDPOLYGONALFACE((55,17,53));
#4402=IFCINDEXEDPOLYGONALFACE((58,18,55,56));
#4403=IFCINDEXEDPOLYGONALFACE((60,56,57));
#4404=IFCINDEXEDPOLYGONALFACE((56,54,57));
#4405=IFCINDEXEDPOLYGONALFACE((56,59,58));
#4406=IFCINDEXEDPOLYGONALFACE((62,59,56,60));
#4407=IFCINDEXEDPOLYGONALFACE((60,57,79,61));
#4408=IFCINDEXEDPOLYGONALFACE((61,67,65,60));
#4409=IFCINDEXEDPOLYGONALFACE((60,63,62));
#4410=IFCINDEXEDPOLYGONALFACE((64,63,60));
#4411=IFCINDEXEDPOLYGONALFACE((60,65,64));
#4412=IFCINDEXEDPOLYGONALFACE((68,65,66));
#4413=IFCINDEXEDPOLYGONALFACE((66,65,67));
#4414=IFCINDEXEDPOLYGONALFACE((64,65,68));
#4415=IFCINDEXEDPOLYGONALFACE((69,132,64,68));
#4416=IFCINDEXEDPOLYGONALFACE((71,69,68,70));
#4417=IFCINDEXEDPOLYGONALFACE((66,70,68));
#4418=IFCINDEXEDPOLYGONALFACE((66,74,72,70));
#4419=IFCINDEXEDPOLYGONALFACE((70,72,73,71));
#4420=IFCINDEXEDPOLYGONALFACE((67,75,74,66));
#4421=IFCINDEXEDPOLYGONALFACE((67,61,76,75));
#4422=IFCINDEXEDPOLYGONALFACE((61,79,77,76));
#4423=IFCINDEXEDPOLYGONALFACE((79,80,78,77));
#4424=IFCINDEXEDPOLYGONALFACE((54,79,57));
#4425=IFCINDEXEDPOLYGONALFACE((79,54,80));
#4426=IFCINDEXEDPOLYGONALFACE((52,81,78,80));
#4427=IFCINDEXEDPOLYGONALFACE((48,47,81,52));
#4428=IFCINDEXEDPOLYGONALFACE((73,82,83,71));
#4429=IFCINDEXEDPOLYGONALFACE((82,84,86,83));
#4430=IFCINDEXEDPOLYGONALFACE((86,84,85));
#4431=IFCINDEXEDPOLYGONALFACE((86,87,135,83));
#4432=IFCINDEXEDPOLYGONALFACE((88,89,87,86));
#4433=IFCINDEXEDPOLYGONALFACE((88,86,85));
#4434=IFCINDEXEDPOLYGONALFACE((90,92,89,88));
#4435=IFCINDEXEDPOLYGONALFACE((90,88,85,93));
#4436=IFCINDEXEDPOLYGONALFACE((92,90,91));
#4437=IFCINDEXEDPOLYGONALFACE((91,90,94));
#4438=IFCINDEXEDPOLYGONALFACE((93,98,94,90));
#4439=IFCINDEXEDPOLYGONALFACE((102,91,94,97));
#4440=IFCINDEXEDPOLYGONALFACE((95,100,97,94));
#4441=IFCINDEXEDPOLYGONALFACE((94,96,95));
#4442=IFCINDEXEDPOLYGONALFACE((98,96,94));
#4443=IFCINDEXEDPOLYGONALFACE((99,175,101,97));
#4444=IFCINDEXEDPOLYGONALFACE((97,100,99));
#4445=IFCINDEXEDPOLYGONALFACE((103,102,97,101));
#4446=IFCINDEXEDPOLYGONALFACE((106,104,102,103));
#4447=IFCINDEXEDPOLYGONALFACE((104,105,91,102));
#4448=IFCINDEXEDPOLYGONALFACE((105,104,107,111));
#4449=IFCINDEXEDPOLYGONALFACE((104,106,110,107));
#4450=IFCINDEXEDPOLYGONALFACE((109,108,107));
#4451=IFCINDEXEDPOLYGONALFACE((111,107,108,113));
#4452=IFCINDEXEDPOLYGONALFACE((109,107,110));
#4453=IFCINDEXEDPOLYGONALFACE((105,111,112,92));
#4454=IFCINDEXEDPOLYGONALFACE((114,112,111,113));
#4455=IFCINDEXEDPOLYGONALFACE((116,114,113));
#4456=IFCINDEXEDPOLYGONALFACE((116,113,115,119));
#4457=IFCINDEXEDPOLYGONALFACE((113,108,136,115));
#4458=IFCINDEXEDPOLYGONALFACE((117,116,118));
#4459=IFCINDEXEDPOLYGONALFACE((117,114,116));
#4460=IFCINDEXEDPOLYGONALFACE((116,119,118));
#4461=IFCINDEXEDPOLYGONALFACE((117,118,120));
#4462=IFCINDEXEDPOLYGONALFACE((120,121,122,117));
#4463=IFCINDEXEDPOLYGONALFACE((122,121,123,124));
#4464=IFCINDEXEDPOLYGONALFACE((124,123,125,126));
#4465=IFCINDEXEDPOLYGONALFACE((126,125,127,63));
#4466=IFCINDEXEDPOLYGONALFACE((128,63,127));
#4467=IFCINDEXEDPOLYGONALFACE((62,63,128,129));
#4468=IFCINDEXEDPOLYGONALFACE((59,62,129,130));
#4469=IFCINDEXEDPOLYGONALFACE((58,59,130,131));
#4470=IFCINDEXEDPOLYGONALFACE((18,58,131,15));
#4471=IFCINDEXEDPOLYGONALFACE((126,64,132,124));
#4472=IFCINDEXEDPOLYGONALFACE((64,126,63));
#4473=IFCINDEXEDPOLYGONALFACE((124,132,133,122));
#4474=IFCINDEXEDPOLYGONALFACE((135,133,132,69));
#4475=IFCINDEXEDPOLYGONALFACE((122,133,134,117));
#4476=IFCINDEXEDPOLYGONALFACE((87,134,133,135));
#4477=IFCINDEXEDPOLYGONALFACE((83,135,69,71));
#4478=IFCINDEXEDPOLYGONALFACE((447,112,134,87));
#4479=IFCINDEXEDPOLYGONALFACE((117,134,112,114));
#4480=IFCINDEXEDPOLYGONALFACE((137,136,108,109));
#4481=IFCINDEXEDPOLYGONALFACE((138,137,109,139));
#4482=IFCINDEXEDPOLYGONALFACE((140,138,139,141));
#4483=IFCINDEXEDPOLYGONALFACE((141,142,140));
#4484=IFCINDEXEDPOLYGONALFACE((144,143,142,141));
#4485=IFCINDEXEDPOLYGONALFACE((143,144,147,145));
#4486=IFCINDEXEDPOLYGONALFACE((148,146,145,147));
#4487=IFCINDEXEDPOLYGONALFACE((147,149,152,148));
#4488=IFCINDEXEDPOLYGONALFACE((149,147,144,150));
#4489=IFCINDEXEDPOLYGONALFACE((149,150,174,151));
#4490=IFCINDEXEDPOLYGONALFACE((155,152,149,151));
#4491=IFCINDEXEDPOLYGONALFACE((152,153,148));
#4492=IFCINDEXEDPOLYGONALFACE((153,152,154,240));
#4493=IFCINDEXEDPOLYGONALFACE((157,154,152,156));
#4494=IFCINDEXEDPOLYGONALFACE((152,155,156));
#4495=IFCINDEXEDPOLYGONALFACE((156,155,160));
#4496=IFCINDEXEDPOLYGONALFACE((157,156,158));
#4497=IFCINDEXEDPOLYGONALFACE((158,156,159));
#4498=IFCINDEXEDPOLYGONALFACE((160,159,156));
#4499=IFCINDEXEDPOLYGONALFACE((160,155,151));
#4500=IFCINDEXEDPOLYGONALFACE((160,151,164,161));
#4501=IFCINDEXEDPOLYGONALFACE((161,159,160));
#4502=IFCINDEXEDPOLYGONALFACE((159,161,162,176));
#4503=IFCINDEXEDPOLYGONALFACE((161,163,162));
#4504=IFCINDEXEDPOLYGONALFACE((161,164,166,163));
#4505=IFCINDEXEDPOLYGONALFACE((165,167,166,164));
#4506=IFCINDEXEDPOLYGONALFACE((151,172,165,164));
#4507=IFCINDEXEDPOLYGONALFACE((168,167,165,170));
#4508=IFCINDEXEDPOLYGONALFACE((170,169,168));
#4509=IFCINDEXEDPOLYGONALFACE((101,170,103));
#4510=IFCINDEXEDPOLYGONALFACE((170,171,103));
#4511=IFCINDEXEDPOLYGONALFACE((170,165,171));
#4512=IFCINDEXEDPOLYGONALFACE((175,169,170,101));
#4513=IFCINDEXEDPOLYGONALFACE((103,171,173));
#4514=IFCINDEXEDPOLYGONALFACE((165,172,171));
#4515=IFCINDEXEDPOLYGONALFACE((171,172,174));
#4516=IFCINDEXEDPOLYGONALFACE((171,174,173));
#4517=IFCINDEXEDPOLYGONALFACE((173,174,150,110));
#4518=IFCINDEXEDPOLYGONALFACE((151,174,172));
#4519=IFCINDEXEDPOLYGONALFACE((103,173,106));
#4520=IFCINDEXEDPOLYGONALFACE((110,106,173));
#4521=IFCINDEXEDPOLYGONALFACE((159,176,177));
#4522=IFCINDEXEDPOLYGONALFACE((159,177,178,179));
#4523=IFCINDEXEDPOLYGONALFACE((179,178,180,181));
#4524=IFCINDEXEDPOLYGONALFACE((182,181,180));
#4525=IFCINDEXEDPOLYGONALFACE((181,182,183,184));
#4526=IFCINDEXEDPOLYGONALFACE((184,183,185,186));
#4527=IFCINDEXEDPOLYGONALFACE((186,185,187,189));
#4528=IFCINDEXEDPOLYGONALFACE((189,187,188,191));
#4529=IFCINDEXEDPOLYGONALFACE((250,186,189,190));
#4530=IFCINDEXEDPOLYGONALFACE((190,189,191,193));
#4531=IFCINDEXEDPOLYGONALFACE((191,194,195,192));
#4532=IFCINDEXEDPOLYGONALFACE((191,192,254,193));
#4533=IFCINDEXEDPOLYGONALFACE((194,191,188));
#4534=IFCINDEXEDPOLYGONALFACE((192,195,196));
#4535=IFCINDEXEDPOLYGONALFACE((192,196,197,198));
#4536=IFCINDEXEDPOLYGONALFACE((201,198,197,199));
#4537=IFCINDEXEDPOLYGONALFACE((200,201,199));
#4538=IFCINDEXEDPOLYGONALFACE((201,200,202));
#4539=IFCINDEXEDPOLYGONALFACE((202,203,201));
#4540=IFCINDEXEDPOLYGONALFACE((201,203,204,198));
#4541=IFCINDEXEDPOLYGONALFACE((203,205,204));
#4542=IFCINDEXEDPOLYGONALFACE((207,209,205,203));
#4543=IFCINDEXEDPOLYGONALFACE((202,206,203));
#4544=IFCINDEXEDPOLYGONALFACE((208,207,203,206));
#4545=IFCINDEXEDPOLYGONALFACE((212,211,207,208));
#4546=IFCINDEXEDPOLYGONALFACE((209,207,210));
#4547=IFCINDEXEDPOLYGONALFACE((211,214,210,207));
#4548=IFCINDEXEDPOLYGONALFACE((212,261,213,211));
#4549=IFCINDEXEDPOLYGONALFACE((211,213,217,214));
#4550=IFCINDEXEDPOLYGONALFACE((215,214,216,228));
#4551=IFCINDEXEDPOLYGONALFACE((218,214,215));
#4552=IFCINDEXEDPOLYGONALFACE((217,216,214));
#4553=IFCINDEXEDPOLYGONALFACE((214,218,210));
#4554=IFCINDEXEDPOLYGONALFACE((221,218,215,225));
#4555=IFCINDEXEDPOLYGONALFACE((218,219,209,210));
#4556=IFCINDEXEDPOLYGONALFACE((218,220,219));
#4557=IFCINDEXEDPOLYGONALFACE((220,218,221,224));
#4558=IFCINDEXEDPOLYGONALFACE((221,222,241,224));
#4559=IFCINDEXEDPOLYGONALFACE((222,221,223));
#4560=IFCINDEXEDPOLYGONALFACE((225,223,221));
#4561=IFCINDEXEDPOLYGONALFACE((225,226,229,223));
#4562=IFCINDEXEDPOLYGONALFACE((226,225,227));
#4563=IFCINDEXEDPOLYGONALFACE((215,228,227,225));
#4564=IFCINDEXEDPOLYGONALFACE((230,223,229));
#4565=IFCINDEXEDPOLYGONALFACE((231,223,230));
#4566=IFCINDEXEDPOLYGONALFACE((223,231,232,233));
#4567=IFCINDEXEDPOLYGONALFACE((233,232,234));
#4568=IFCINDEXEDPOLYGONALFACE((233,234,235,237));
#4569=IFCINDEXEDPOLYGONALFACE((237,235,236,240));
#4570=IFCINDEXEDPOLYGONALFACE((240,154,238,237));
#4571=IFCINDEXEDPOLYGONALFACE((239,237,238));
#4572=IFCINDEXEDPOLYGONALFACE((239,222,237));
#4573=IFCINDEXEDPOLYGONALFACE((233,237,222));
#4574=IFCINDEXEDPOLYGONALFACE((240,236,259,153));
#4575=IFCINDEXEDPOLYGONALFACE((242,239,238,245));
#4576=IFCINDEXEDPOLYGONALFACE((222,239,241));
#4577=IFCINDEXEDPOLYGONALFACE((241,239,242,246));
#4578=IFCINDEXEDPOLYGONALFACE((242,243,247,246));
#4579=IFCINDEXEDPOLYGONALFACE((243,242,244));
#4580=IFCINDEXEDPOLYGONALFACE((245,258,244,242));
#4581=IFCINDEXEDPOLYGONALFACE((246,247,250,248));
#4582=IFCINDEXEDPOLYGONALFACE((246,248,241));
#4583=IFCINDEXEDPOLYGONALFACE((248,249,224,241));
#4584=IFCINDEXEDPOLYGONALFACE((248,250,190,249));
#4585=IFCINDEXEDPOLYGONALFACE((247,184,186,250));
#4586=IFCINDEXEDPOLYGONALFACE((251,249,190,252));
#4587=IFCINDEXEDPOLYGONALFACE((224,249,251));
#4588=IFCINDEXEDPOLYGONALFACE((253,220,224,251));
#4589=IFCINDEXEDPOLYGONALFACE((253,251,252,254));
#4590=IFCINDEXEDPOLYGONALFACE((255,253,254,256));
#4591=IFCINDEXEDPOLYGONALFACE((255,219,220,253));
#4592=IFCINDEXEDPOLYGONALFACE((219,255,205,209));
#4593=IFCINDEXEDPOLYGONALFACE((205,255,256,204));
#4594=IFCINDEXEDPOLYGONALFACE((192,256,254));
#4595=IFCINDEXEDPOLYGONALFACE((192,198,256));
#4596=IFCINDEXEDPOLYGONALFACE((256,198,204));
#4597=IFCINDEXEDPOLYGONALFACE((193,254,252));
#4598=IFCINDEXEDPOLYGONALFACE((193,252,190));
#4599=IFCINDEXEDPOLYGONALFACE((243,257,247));
#4600=IFCINDEXEDPOLYGONALFACE((257,181,184,247));
#4601=IFCINDEXEDPOLYGONALFACE((257,244,258,179));
#4602=IFCINDEXEDPOLYGONALFACE((244,257,243));
#4603=IFCINDEXEDPOLYGONALFACE((181,257,179));
#4604=IFCINDEXEDPOLYGONALFACE((245,238,154,157));
#4605=IFCINDEXEDPOLYGONALFACE((157,158,258,245));
#4606=IFCINDEXEDPOLYGONALFACE((158,179,258));
#4607=IFCINDEXEDPOLYGONALFACE((260,153,259));
#4608=IFCINDEXEDPOLYGONALFACE((153,260,146,148));
#4609=IFCINDEXEDPOLYGONALFACE((222,223,233));
#4610=IFCINDEXEDPOLYGONALFACE((264,262,261,212));
#4611=IFCINDEXEDPOLYGONALFACE((263,262,264,265));
#4612=IFCINDEXEDPOLYGONALFACE((265,264,266,268));
#4613=IFCINDEXEDPOLYGONALFACE((264,212,208,266));
#4614=IFCINDEXEDPOLYGONALFACE((268,266,267));
#4615=IFCINDEXEDPOLYGONALFACE((266,208,267));
#4616=IFCINDEXEDPOLYGONALFACE((268,269,265));
#4617=IFCINDEXEDPOLYGONALFACE((269,268,270));
#4618=IFCINDEXEDPOLYGONALFACE((271,272,270,268));
#4619=IFCINDEXEDPOLYGONALFACE((268,267,271));
#4620=IFCINDEXEDPOLYGONALFACE((206,202,273,271));
#4621=IFCINDEXEDPOLYGONALFACE((206,271,267,208));
#4622=IFCINDEXEDPOLYGONALFACE((271,273,274,272));
#4623=IFCINDEXEDPOLYGONALFACE((274,273,275));
#4624=IFCINDEXEDPOLYGONALFACE((275,273,202));
#4625=IFCINDEXEDPOLYGONALFACE((275,276,274));
#4626=IFCINDEXEDPOLYGONALFACE((276,275,277));
#4627=IFCINDEXEDPOLYGONALFACE((275,200,277));
#4628=IFCINDEXEDPOLYGONALFACE((275,202,200));
#4629=IFCINDEXEDPOLYGONALFACE((274,276,279));
#4630=IFCINDEXEDPOLYGONALFACE((279,276,278));
#4631=IFCINDEXEDPOLYGONALFACE((279,283,274));
#4632=IFCINDEXEDPOLYGONALFACE((280,279,282));
#4633=IFCINDEXEDPOLYGONALFACE((280,281,279));
#4634=IFCINDEXEDPOLYGONALFACE((279,281,283));
#4635=IFCINDEXEDPOLYGONALFACE((279,278,282));
#4636=IFCINDEXEDPOLYGONALFACE((283,281,443,269));
#4637=IFCINDEXEDPOLYGONALFACE((283,272,274));
#4638=IFCINDEXEDPOLYGONALFACE((272,283,269,270));
#4639=IFCINDEXEDPOLYGONALFACE((280,282,284));
#4640=IFCINDEXEDPOLYGONALFACE((284,285,286,280));
#4641=IFCINDEXEDPOLYGONALFACE((285,287,289,286));
#4642=IFCINDEXEDPOLYGONALFACE((288,291,289,287));
#4643=IFCINDEXEDPOLYGONALFACE((289,291,293,290));
#4644=IFCINDEXEDPOLYGONALFACE((286,289,290));
#4645=IFCINDEXEDPOLYGONALFACE((292,293,291));
#4646=IFCINDEXEDPOLYGONALFACE((291,294,431,292));
#4647=IFCINDEXEDPOLYGONALFACE((295,291,288));
#4648=IFCINDEXEDPOLYGONALFACE((291,295,296,294));
#4649=IFCINDEXEDPOLYGONALFACE((297,294,296));
#4650=IFCINDEXEDPOLYGONALFACE((298,300,294,297));
#4651=IFCINDEXEDPOLYGONALFACE((300,298,299));
#4652=IFCINDEXEDPOLYGONALFACE((294,300,301));
#4653=IFCINDEXEDPOLYGONALFACE((300,299,303));
#4654=IFCINDEXEDPOLYGONALFACE((300,302,301));
#4655=IFCINDEXEDPOLYGONALFACE((300,303,302));
#4656=IFCINDEXEDPOLYGONALFACE((303,304,302));
#4657=IFCINDEXEDPOLYGONALFACE((303,305,304));
#4658=IFCINDEXEDPOLYGONALFACE((303,299,306));
#4659=IFCINDEXEDPOLYGONALFACE((307,305,303,306));
#4660=IFCINDEXEDPOLYGONALFACE((308,309,305,307));
#4661=IFCINDEXEDPOLYGONALFACE((308,310,311,309));
#4662=IFCINDEXEDPOLYGONALFACE((311,310,312));
#4663=IFCINDEXEDPOLYGONALFACE((312,313,315,311));
#4664=IFCINDEXEDPOLYGONALFACE((313,314,315));
#4665=IFCINDEXEDPOLYGONALFACE((316,315,314,329));
#4666=IFCINDEXEDPOLYGONALFACE((320,317,315,316));
#4667=IFCINDEXEDPOLYGONALFACE((315,317,319,311));
#4668=IFCINDEXEDPOLYGONALFACE((317,318,319));
#4669=IFCINDEXEDPOLYGONALFACE((317,320,318));
#4670=IFCINDEXEDPOLYGONALFACE((384,318,320,321));
#4671=IFCINDEXEDPOLYGONALFACE((316,325,322,320));
#4672=IFCINDEXEDPOLYGONALFACE((320,322,323,321));
#4673=IFCINDEXEDPOLYGONALFACE((379,323,322,324));
#4674=IFCINDEXEDPOLYGONALFACE((324,322,325,326));
#4675=IFCINDEXEDPOLYGONALFACE((326,325,327,328));
#4676=IFCINDEXEDPOLYGONALFACE((325,316,329,327));
#4677=IFCINDEXEDPOLYGONALFACE((331,326,328,330));
#4678=IFCINDEXEDPOLYGONALFACE((330,332,331));
#4679=IFCINDEXEDPOLYGONALFACE((334,331,332,333));
#4680=IFCINDEXEDPOLYGONALFACE((336,334,333,335));
#4681=IFCINDEXEDPOLYGONALFACE((337,339,336,335));
#4682=IFCINDEXEDPOLYGONALFACE((339,337,338,340));
#4683=IFCINDEXEDPOLYGONALFACE((341,339,340,344));
#4684=IFCINDEXEDPOLYGONALFACE((339,341,342,336));
#4685=IFCINDEXEDPOLYGONALFACE((343,342,341));
#4686=IFCINDEXEDPOLYGONALFACE((341,345,347,343));
#4687=IFCINDEXEDPOLYGONALFACE((344,345,341));
#4688=IFCINDEXEDPOLYGONALFACE((345,346,348,347));
#4689=IFCINDEXEDPOLYGONALFACE((344,346,345));
#4690=IFCINDEXEDPOLYGONALFACE((352,350,347,348));
#4691=IFCINDEXEDPOLYGONALFACE((343,347,349));
#4692=IFCINDEXEDPOLYGONALFACE((347,350,349));
#4693=IFCINDEXEDPOLYGONALFACE((349,350,351,365));
#4694=IFCINDEXEDPOLYGONALFACE((351,350,352));
#4695=IFCINDEXEDPOLYGONALFACE((353,352,348,356));
#4696=IFCINDEXEDPOLYGONALFACE((352,353,354,351));
#4697=IFCINDEXEDPOLYGONALFACE((353,355,364,354));
#4698=IFCINDEXEDPOLYGONALFACE((353,356,355));
#4699=IFCINDEXEDPOLYGONALFACE((27,25,356,357));
#4700=IFCINDEXEDPOLYGONALFACE((25,3,355,356));
#4701=IFCINDEXEDPOLYGONALFACE((356,358,357));
#4702=IFCINDEXEDPOLYGONALFACE((358,356,348,346));
#4703=IFCINDEXEDPOLYGONALFACE((32,357,358));
#4704=IFCINDEXEDPOLYGONALFACE((34,32,358,359));
#4705=IFCINDEXEDPOLYGONALFACE((359,358,346,360));
#4706=IFCINDEXEDPOLYGONALFACE((34,359,361,35));
#4707=IFCINDEXEDPOLYGONALFACE((359,360,362,361));
#4708=IFCINDEXEDPOLYGONALFACE((340,363,362,360));
#4709=IFCINDEXEDPOLYGONALFACE((340,338,363));
#4710=IFCINDEXEDPOLYGONALFACE((344,340,360,346));
#4711=IFCINDEXEDPOLYGONALFACE((355,2,364));
#4712=IFCINDEXEDPOLYGONALFACE((365,366,349));
#4713=IFCINDEXEDPOLYGONALFACE((368,349,366,367));
#4714=IFCINDEXEDPOLYGONALFACE((371,368,367,369));
#4715=IFCINDEXEDPOLYGONALFACE((374,371,369,370));
#4716=IFCINDEXEDPOLYGONALFACE((372,371,374));
#4717=IFCINDEXEDPOLYGONALFACE((375,371,372));
#4718=IFCINDEXEDPOLYGONALFACE((375,373,371));
#4719=IFCINDEXEDPOLYGONALFACE((368,371,373,343));
#4720=IFCINDEXEDPOLYGONALFACE((377,378,373,375));
#4721=IFCINDEXEDPOLYGONALFACE((375,372,376));
#4722=IFCINDEXEDPOLYGONALFACE((377,375,376,379));
#4723=IFCINDEXEDPOLYGONALFACE((378,377,380,381));
#4724=IFCINDEXEDPOLYGONALFACE((377,379,324,380));
#4725=IFCINDEXEDPOLYGONALFACE((382,334,381,380));
#4726=IFCINDEXEDPOLYGONALFACE((380,324,382));
#4727=IFCINDEXEDPOLYGONALFACE((326,331,382,324));
#4728=IFCINDEXEDPOLYGONALFACE((331,334,382));
#4729=IFCINDEXEDPOLYGONALFACE((336,342,381,334));
#4730=IFCINDEXEDPOLYGONALFACE((381,342,378));
#4731=IFCINDEXEDPOLYGONALFACE((376,323,379));
#4732=IFCINDEXEDPOLYGONALFACE((378,342,343,373));
#4733=IFCINDEXEDPOLYGONALFACE((323,376,383,321));
#4734=IFCINDEXEDPOLYGONALFACE((385,383,376,372));
#4735=IFCINDEXEDPOLYGONALFACE((383,384,321));
#4736=IFCINDEXEDPOLYGONALFACE((388,384,383,386));
#4737=IFCINDEXEDPOLYGONALFACE((386,383,385,387));
#4738=IFCINDEXEDPOLYGONALFACE((389,386,387));
#4739=IFCINDEXEDPOLYGONALFACE((386,389,390,388));
#4740=IFCINDEXEDPOLYGONALFACE((394,390,389,391));
#4741=IFCINDEXEDPOLYGONALFACE((391,389,387,393));
#4742=IFCINDEXEDPOLYGONALFACE((394,391,392,395));
#4743=IFCINDEXEDPOLYGONALFACE((392,391,393));
#4744=IFCINDEXEDPOLYGONALFACE((394,395,305,396));
#4745=IFCINDEXEDPOLYGONALFACE((394,396,397,390));
#4746=IFCINDEXEDPOLYGONALFACE((396,305,309));
#4747=IFCINDEXEDPOLYGONALFACE((397,396,309));
#4748=IFCINDEXEDPOLYGONALFACE((319,388,390,397));
#4749=IFCINDEXEDPOLYGONALFACE((311,397,309));
#4750=IFCINDEXEDPOLYGONALFACE((397,311,319));
#4751=IFCINDEXEDPOLYGONALFACE((395,398,304,305));
#4752=IFCINDEXEDPOLYGONALFACE((395,392,399,398));
#4753=IFCINDEXEDPOLYGONALFACE((302,304,398,400));
#4754=IFCINDEXEDPOLYGONALFACE((398,399,402,400));
#4755=IFCINDEXEDPOLYGONALFACE((400,401,302));
#4756=IFCINDEXEDPOLYGONALFACE((400,402,403,401));
#4757=IFCINDEXEDPOLYGONALFACE((404,403,402));
#4758=IFCINDEXEDPOLYGONALFACE((406,404,402,405));
#4759=IFCINDEXEDPOLYGONALFACE((399,407,405,402));
#4760=IFCINDEXEDPOLYGONALFACE((409,406,405,408));
#4761=IFCINDEXEDPOLYGONALFACE((405,407,410,408));
#4762=IFCINDEXEDPOLYGONALFACE((407,412,411,410));
#4763=IFCINDEXEDPOLYGONALFACE((412,393,413,411));
#4764=IFCINDEXEDPOLYGONALFACE((413,393,387,416,414));
#4765=IFCINDEXEDPOLYGONALFACE((417,415,414,416));
#4766=IFCINDEXEDPOLYGONALFACE((387,417,416));
#4767=IFCINDEXEDPOLYGONALFACE((422,418,417,419));
#4768=IFCINDEXEDPOLYGONALFACE((418,420,417));
#4769=IFCINDEXEDPOLYGONALFACE((417,385,419));
#4770=IFCINDEXEDPOLYGONALFACE((385,417,387));
#4771=IFCINDEXEDPOLYGONALFACE((420,415,417));
#4772=IFCINDEXEDPOLYGONALFACE((419,385,372));
#4773=IFCINDEXEDPOLYGONALFACE((419,372,374));
#4774=IFCINDEXEDPOLYGONALFACE((419,374,424,421));
#4775=IFCINDEXEDPOLYGONALFACE((419,421,423));
#4776=IFCINDEXEDPOLYGONALFACE((423,422,419));
#4777=IFCINDEXEDPOLYGONALFACE((424,374,370));
#4778=IFCINDEXEDPOLYGONALFACE((412,392,393));
#4779=IFCINDEXEDPOLYGONALFACE((392,412,407,399));
#4780=IFCINDEXEDPOLYGONALFACE((425,427,404,406));
#4781=IFCINDEXEDPOLYGONALFACE((426,428,427,425));
#4782=IFCINDEXEDPOLYGONALFACE((428,429,427));
#4783=IFCINDEXEDPOLYGONALFACE((427,429,404));
#4784=IFCINDEXEDPOLYGONALFACE((404,429,403));
#4785=IFCINDEXEDPOLYGONALFACE((429,401,403));
#4786=IFCINDEXEDPOLYGONALFACE((430,429,428,431));
#4787=IFCINDEXEDPOLYGONALFACE((429,430,401));
#4788=IFCINDEXEDPOLYGONALFACE((301,430,294));
#4789=IFCINDEXEDPOLYGONALFACE((401,430,301));
#4790=IFCINDEXEDPOLYGONALFACE((430,431,294));
#4791=IFCINDEXEDPOLYGONALFACE((431,428,432,292));
#4792=IFCINDEXEDPOLYGONALFACE((434,432,428,426));
#4793=IFCINDEXEDPOLYGONALFACE((292,432,433,293));
#4794=IFCINDEXEDPOLYGONALFACE((432,434,435,433));
#4795=IFCINDEXEDPOLYGONALFACE((433,435,436,437));
#4796=IFCINDEXEDPOLYGONALFACE((436,438,439,437));
#4797=IFCINDEXEDPOLYGONALFACE((438,440,442,439));
#4798=IFCINDEXEDPOLYGONALFACE((440,441,443,442));
#4799=IFCINDEXEDPOLYGONALFACE((281,444,442,443));
#4800=IFCINDEXEDPOLYGONALFACE((439,442,444));
#4801=IFCINDEXEDPOLYGONALFACE((280,444,281));
#4802=IFCINDEXEDPOLYGONALFACE((444,290,437,439));
#4803=IFCINDEXEDPOLYGONALFACE((290,444,286));
#4804=IFCINDEXEDPOLYGONALFACE((286,444,280));
#4805=IFCINDEXEDPOLYGONALFACE((441,445,269,443));
#4806=IFCINDEXEDPOLYGONALFACE((265,445,446));
#4807=IFCINDEXEDPOLYGONALFACE((265,269,445));
#4808=IFCINDEXEDPOLYGONALFACE((265,446,263));
#4809=IFCINDEXEDPOLYGONALFACE((293,433,437,290));
#4810=IFCINDEXEDPOLYGONALFACE((401,301,302));
#4811=IFCINDEXEDPOLYGONALFACE((388,319,318,384));
#4812=IFCINDEXEDPOLYGONALFACE((343,349,368));
#4813=IFCINDEXEDPOLYGONALFACE((179,158,159));
#4814=IFCINDEXEDPOLYGONALFACE((144,141,150));
#4815=IFCINDEXEDPOLYGONALFACE((141,110,150));
#4816=IFCINDEXEDPOLYGONALFACE((141,139,110));
#4817=IFCINDEXEDPOLYGONALFACE((139,109,110));
#4818=IFCINDEXEDPOLYGONALFACE((112,447,92));
#4819=IFCINDEXEDPOLYGONALFACE((89,447,87));
#4820=IFCINDEXEDPOLYGONALFACE((92,447,89));
#4821=IFCINDEXEDPOLYGONALFACE((91,105,92));
#4822=IFCINDEXEDPOLYGONALFACE((21,50,20));
#4823=IFCINDEXEDPOLYGONALFACE((45,29,41));
#4824=IFCINDEXEDPOLYGONALFACE((29,45,21));
#4825=IFCINDEXEDPOLYGONALFACE((29,21,23));
#4826=IFCINDEXEDPOLYGONALFACE((3,25,5));
#4827=IFCPOLYGONALFACESET(#4351,$,(#4352,#4353,#4354,#4355,#4356,#4357,#4358,#4359,#4360,#4361,#4362,#4363,#4364,#4365,#4366,#4367,#4368,#4369,#4370,#4371,#4372,#4373,#4374,#4375,#4376,#4377,#4378,#4379,#4380,#4381,#4382,#4383,#4384,#4385,#4386,#4387,#4388,#4389,#4390,#4391,#4392,#4393,#4394,#4395,#4396,#4397,#4398,#4399,#4400,#4401,#4402,#4403,#4404,#4405,#4406,#4407,#4408,#4409,#4410,#4411,#4412,#4413,#4414,#4415,#4416,#4417,#4418,#4419,#4420,#4421,#4422,#4423,#4424,#4425,#4426,#4427,#4428,#4429,#4430,#4431,#4432,#4433,#4434,#4435,#4436,#4437,#4438,#4439,#4440,#4441,#4442,#4443,#4444,#4445,#4446,#4447,#4448,#4449,#4450,#4451,#4452,#4453,#4454,#4455,#4456,#4457,#4458,#4459,#4460,#4461,#4462,#4463,#4464,#4465,#4466,#4467,#4468,#4469,#4470,#4471,#4472,#4473,#4474,#4475,#4476,#4477,#4478,#4479,#4480,#4481,#4482,#4483,#4484,#4485,#4486,#4487,#4488,#4489,#4490,#4491,#4492,#4493,#4494,#4495,#4496,#4497,#4498,#4499,#4500,#4501,#4502,#4503,#4504,#4505,#4506,#4507,#4508,#4509,#4510,#4511,#4512,#4513,#4514,#4515,#4516,#4517,#4518,#4519,#4520,#4521,#4522,#4523,#4524,#4525,#4526,#4527,#4528,#4529,#4530,#4531,#4532,#4533,#4534,#4535,#4536,#4537,#4538,#4539,#4540,#4541,#4542,#4543,#4544,#4545,#4546,#4547,#4548,#4549,#4550,#4551,#4552,#4553,#4554,#4555,#4556,#4557,#4558,#4559,#4560,#4561,#4562,#4563,#4564,#4565,#4566,#4567,#4568,#4569,#4570,#4571,#4572,#4573,#4574,#4575,#4576,#4577,#4578,#4579,#4580,#4581,#4582,#4583,#4584,#4585,#4586,#4587,#4588,#4589,#4590,#4591,#4592,#4593,#4594,#4595,#4596,#4597,#4598,#4599,#4600,#4601,#4602,#4603,#4604,#4605,#4606,#4607,#4608,#4609,#4610,#4611,#4612,#4613,#4614,#4615,#4616,#4617,#4618,#4619,#4620,#4621,#4622,#4623,#4624,#4625,#4626,#4627,#4628,#4629,#4630,#4631,#4632,#4633,#4634,#4635,#4636,#4637,#4638,#4639,#4640,#4641,#4642,#4643,#4644,#4645,#4646,#4647,#4648,#4649,#4650,#4651,#4652,#4653,#4654,#4655,#4656,#4657,#4658,#4659,#4660,#4661,#4662,#4663,#4664,#4665,#4666,#4667,#4668,#4669,#4670,#4671,#4672,#4673,#4674,#4675,#4676,#4677,#4678,#4679,#4680,#4681,#4682,#4683,#4684,#4685,#4686,#4687,#4688,#4689,#4690,#4691,#4692,#4693,#4694,#4695,#4696,#4697,#4698,#4699,#4700,#4701,#4702,#4703,#4704,#4705,#4706,#4707,#4708,#4709,#4710,#4711,#4712,#4713,#4714,#4715,#4716,#4717,#4718,#4719,#4720,#4721,#4722,#4723,#4724,#4725,#4726,#4727,#4728,#4729,#4730,#4731,#4732,#4733,#4734,#4735,#4736,#4737,#4738,#4739,#4740,#4741,#4742,#4743,#4744,#4745,#4746,#4747,#4748,#4749,#4750,#4751,#4752,#4753,#4754,#4755,#4756,#4757,#4758,#4759,#4760,#4761,#4762,#4763,#4764,#4765,#4766,#4767,#4768,#4769,#4770,#4771,#4772,#4773,#4774,#4775,#4776,#4777,#4778,#4779,#4780,#4781,#4782,#4783,#4784,#4785,#4786,#4787,#4788,#4789,#4790,#4791,#4792,#4793,#4794,#4795,#4796,#4797,#4798,#4799,#4800,#4801,#4802,#4803,#4804,#4805,#4806,#4807,#4808,#4809,#4810,#4811,#4812,#4813,#4814,#4815,#4816,#4817,#4818,#4819,#4820,#4821,#4822,#4823,#4824,#4825,#4826),$);
#4828=IFCCARTESIANPOINTLIST3D(((-152.39794921875,132.671005249023,374.653961181641),(-152.725936889648,154.234008789062,374.628967285156),(-156.473937988281,143.331024169922,374.627990722656),(-143.296936035156,160.725006103516,374.630950927734),(-135.059936523438,161.328002929688,374.553985595703),(-128.270950317383,157.850997924805,374.64599609375),(-134.047958374023,113.440010070801,374.593994140625),(-146.800933837891,125.240005493164,374.399963378906),(-153.429946899414,132.63200378418,374.181976318359),(-155.896957397461,138.239013671875,374.405975341797),(-155.,134.431015014648,373.342956542969),(-156.734954833984,138.323013305664,373.361968994141),(-157.59895324707,142.150024414062,373.762969970703),(-157.457946777344,146.196014404297,373.779998779297),(-203.077926635742,194.809051513672,81.0210113525391),(-204.015930175781,197.963043212891,80.0910110473633),(-208.164932250977,199.471038818359,41.4250106811523),(-204.270935058594,201.09504699707,79.2910079956055),(-209.954925537109,206.598052978516,41.4180107116699),(-209.484909057617,210.397048950195,41.4200096130371),(-203.736938476562,204.177047729492,79.2090072631836),(-202.820907592773,206.697052001953,78.7470092773438),(-156.439956665039,150.283020019531,373.431976318359),(-154.496948242188,153.901992797852,373.773956298828),(-155.703948974609,149.866027832031,374.411987304688),(-151.922943115234,157.039001464844,373.799987792969),(-201.117919921875,208.897048950195,78.5470123291016),(-204.738922119141,216.586044311523,41.4200096130371),(-206.869918823242,215.01203918457,41.4200096130371),(-198.913925170898,210.539047241211,78.6230087280273),(-148.926956176758,159.600006103516,373.43798828125),(-202.271911621094,217.662048339844,41.4200096130371),(-196.358901977539,211.705047607422,78.6000061035156),(-198.736907958984,218.280044555664,41.4170074462891),(-145.176940917969,161.357009887695,373.793975830078),(-193.478912353516,212.305038452148,78.7640075683594),(-190.411911010742,212.051055908203,79.7900161743164),(-141.15592956543,162.469009399414,373.784973144531),(-137.098922729492,162.598007202148,373.773956298828),(-133.277923583984,161.727996826172,373.377990722656),(-187.425918579102,211.283050537109,79.8820114135742),(-191.947906494141,216.705047607422,41.4260063171387),(-187.103912353516,213.985046386719,41.4230079650879),(-129.27995300293,159.852005004883,373.749969482422),(-124.632942199707,155.906005859375,374.425994873047),(-125.568946838379,157.462997436523,373.361968994141),(-120.881935119629,153.348999023438,373.412963867188),(-158.407928466797,188.201034545898,172.356002807617),(-182.650909423828,211.015045166016,41.4200096130371),(-176.56494140625,205.748046875,41.4200096130371),(-108.286949157715,140.790985107422,373.299957275391),(-168.232940673828,197.515029907227,79.5180053710938),(-175.57893371582,204.472045898438,41.4170074462891),(-175.804931640625,203.474044799805,41.4220085144043),(-168.429931640625,196.451019287109,79.4550094604492),(-195.039932250977,183.550048828125,41.4210090637207),(-195.930923461914,183.296051025391,41.4200096130371),(-188.508926391602,175.968048095703,78.9750061035156),(-189.927917480469,176.055053710938,77.5200119018555),(-107.728950500488,138.308990478516,373.256988525391),(-133.327972412109,112.727012634277,373.198974609375),(-133.670959472656,112.791007995605,374.098968505859),(-134.527954101562,112.495002746582,373.132995605469),(-135.729965209961,113.261009216309,373.322967529297),(-134.825973510742,113.063011169434,374.172973632812),(-192.082931518555,177.821044921875,73.5420074462891),(-158.423950195312,138.508026123047,277.596984863281),(-196.986938476562,183.598037719727,41.4190063476562),(-202.035919189453,189.068054199219,41.4200096130371),(-170.260940551758,152.,245.888000488281),(-194.100936889648,180.870040893555,113.69800567627),(-206.407928466797,195.942047119141,41.4220085144043),(-152.540939331055,130.688003540039,373.329986572266),(-147.90495300293,125.444999694824,373.391967773438),(-107.801948547363,138.703994750977,374.136993408203),(-107.478950500488,139.509994506836,373.142974853516),(-108.094947814941,139.953994750977,374.165985107422),(-108.423950195312,139.128982543945,374.584991455078),(-148.601943969727,158.803009033203,374.413970947266),(-208.538909912109,212.927047729492,41.4200096130371)));
#4829=IFCINDEXEDPOLYGONALFACE((4,2,1));
#4830=IFCINDEXEDPOLYGONALFACE((2,3,1));
#4831=IFCINDEXEDPOLYGONALFACE((3,10,1));
#4832=IFCINDEXEDPOLYGONALFACE((5,4,1));
#4833=IFCINDEXEDPOLYGONALFACE((6,5,1));
#4834=IFCINDEXEDPOLYGONALFACE((7,6,1));
#4835=IFCINDEXEDPOLYGONALFACE((1,8,7));
#4836=IFCINDEXEDPOLYGONALFACE((1,9,8));
#4837=IFCINDEXEDPOLYGONALFACE((9,1,10));
#4838=IFCINDEXEDPOLYGONALFACE((11,9,10));
#4839=IFCINDEXEDPOLYGONALFACE((10,12,11));
#4840=IFCINDEXEDPOLYGONALFACE((3,13,10));
#4841=IFCINDEXEDPOLYGONALFACE((12,10,13));
#4842=IFCINDEXEDPOLYGONALFACE((3,14,13));
#4843=IFCINDEXEDPOLYGONALFACE((15,12,13));
#4844=IFCINDEXEDPOLYGONALFACE((16,13,14));
#4845=IFCINDEXEDPOLYGONALFACE((13,16,15));
#4846=IFCINDEXEDPOLYGONALFACE((16,19,17));
#4847=IFCINDEXEDPOLYGONALFACE((17,15,16));
#4848=IFCINDEXEDPOLYGONALFACE((14,18,16));
#4849=IFCINDEXEDPOLYGONALFACE((19,16,18));
#4850=IFCINDEXEDPOLYGONALFACE((21,20,19));
#4851=IFCINDEXEDPOLYGONALFACE((19,18,21));
#4852=IFCINDEXEDPOLYGONALFACE((23,21,18));
#4853=IFCINDEXEDPOLYGONALFACE((21,24,22));
#4854=IFCINDEXEDPOLYGONALFACE((20,21,22));
#4855=IFCINDEXEDPOLYGONALFACE((21,23,24));
#4856=IFCINDEXEDPOLYGONALFACE((2,26,24));
#4857=IFCINDEXEDPOLYGONALFACE((2,24,25));
#4858=IFCINDEXEDPOLYGONALFACE((23,25,24));
#4859=IFCINDEXEDPOLYGONALFACE((24,26,27));
#4860=IFCINDEXEDPOLYGONALFACE((27,22,24));
#4861=IFCINDEXEDPOLYGONALFACE((28,29,27));
#4862=IFCINDEXEDPOLYGONALFACE((27,30,28));
#4863=IFCINDEXEDPOLYGONALFACE((22,27,29));
#4864=IFCINDEXEDPOLYGONALFACE((30,27,26));
#4865=IFCINDEXEDPOLYGONALFACE((33,30,31));
#4866=IFCINDEXEDPOLYGONALFACE((26,31,30));
#4867=IFCINDEXEDPOLYGONALFACE((32,28,30));
#4868=IFCINDEXEDPOLYGONALFACE((30,33,32));
#4869=IFCINDEXEDPOLYGONALFACE((31,35,33));
#4870=IFCINDEXEDPOLYGONALFACE((34,32,33));
#4871=IFCINDEXEDPOLYGONALFACE((33,36,34));
#4872=IFCINDEXEDPOLYGONALFACE((36,33,35));
#4873=IFCINDEXEDPOLYGONALFACE((37,36,38));
#4874=IFCINDEXEDPOLYGONALFACE((36,37,34));
#4875=IFCINDEXEDPOLYGONALFACE((35,38,36));
#4876=IFCINDEXEDPOLYGONALFACE((4,38,35));
#4877=IFCINDEXEDPOLYGONALFACE((38,4,5));
#4878=IFCINDEXEDPOLYGONALFACE((5,39,38));
#4879=IFCINDEXEDPOLYGONALFACE((38,39,37));
#4880=IFCINDEXEDPOLYGONALFACE((5,40,39));
#4881=IFCINDEXEDPOLYGONALFACE((39,40,41));
#4882=IFCINDEXEDPOLYGONALFACE((41,37,39));
#4883=IFCINDEXEDPOLYGONALFACE((37,41,42));
#4884=IFCINDEXEDPOLYGONALFACE((42,41,40));
#4885=IFCINDEXEDPOLYGONALFACE((42,34,37));
#4886=IFCINDEXEDPOLYGONALFACE((43,42,44));
#4887=IFCINDEXEDPOLYGONALFACE((40,44,42));
#4888=IFCINDEXEDPOLYGONALFACE((40,5,44));
#4889=IFCINDEXEDPOLYGONALFACE((6,44,5));
#4890=IFCINDEXEDPOLYGONALFACE((6,45,44));
#4891=IFCINDEXEDPOLYGONALFACE((45,46,44));
#4892=IFCINDEXEDPOLYGONALFACE((44,46,43));
#4893=IFCINDEXEDPOLYGONALFACE((45,47,46));
#4894=IFCINDEXEDPOLYGONALFACE((46,47,48));
#4895=IFCINDEXEDPOLYGONALFACE((48,43,46));
#4896=IFCINDEXEDPOLYGONALFACE((49,43,48));
#4897=IFCINDEXEDPOLYGONALFACE((50,49,48));
#4898=IFCINDEXEDPOLYGONALFACE((50,48,47));
#4899=IFCINDEXEDPOLYGONALFACE((47,51,50));
#4900=IFCINDEXEDPOLYGONALFACE((52,50,51));
#4901=IFCINDEXEDPOLYGONALFACE((50,52,53));
#4902=IFCINDEXEDPOLYGONALFACE((54,53,52));
#4903=IFCINDEXEDPOLYGONALFACE((52,55,54));
#4904=IFCINDEXEDPOLYGONALFACE((56,54,55));
#4905=IFCINDEXEDPOLYGONALFACE((55,58,56));
#4906=IFCINDEXEDPOLYGONALFACE((57,56,58));
#4907=IFCINDEXEDPOLYGONALFACE((58,55,60));
#4908=IFCINDEXEDPOLYGONALFACE((59,58,61));
#4909=IFCINDEXEDPOLYGONALFACE((58,59,57));
#4910=IFCINDEXEDPOLYGONALFACE((60,61,58));
#4911=IFCINDEXEDPOLYGONALFACE((62,61,60));
#4912=IFCINDEXEDPOLYGONALFACE((62,63,61));
#4913=IFCINDEXEDPOLYGONALFACE((61,63,59));
#4914=IFCINDEXEDPOLYGONALFACE((63,64,66));
#4915=IFCINDEXEDPOLYGONALFACE((64,63,65));
#4916=IFCINDEXEDPOLYGONALFACE((62,65,63));
#4917=IFCINDEXEDPOLYGONALFACE((66,59,63));
#4918=IFCINDEXEDPOLYGONALFACE((64,67,66));
#4919=IFCINDEXEDPOLYGONALFACE((67,69,66));
#4920=IFCINDEXEDPOLYGONALFACE((68,59,66));
#4921=IFCINDEXEDPOLYGONALFACE((68,66,69));
#4922=IFCINDEXEDPOLYGONALFACE((69,67,70));
#4923=IFCINDEXEDPOLYGONALFACE((70,71,69));
#4924=IFCINDEXEDPOLYGONALFACE((71,72,69));
#4925=IFCINDEXEDPOLYGONALFACE((72,71,17));
#4926=IFCINDEXEDPOLYGONALFACE((11,17,71));
#4927=IFCINDEXEDPOLYGONALFACE((71,73,11));
#4928=IFCINDEXEDPOLYGONALFACE((73,71,70));
#4929=IFCINDEXEDPOLYGONALFACE((70,74,73));
#4930=IFCINDEXEDPOLYGONALFACE((9,73,74));
#4931=IFCINDEXEDPOLYGONALFACE((9,11,73));
#4932=IFCINDEXEDPOLYGONALFACE((74,67,64));
#4933=IFCINDEXEDPOLYGONALFACE((8,74,64));
#4934=IFCINDEXEDPOLYGONALFACE((74,8,9));
#4935=IFCINDEXEDPOLYGONALFACE((74,70,67));
#4936=IFCINDEXEDPOLYGONALFACE((59,68,57));
#4937=IFCINDEXEDPOLYGONALFACE((64,65,8));
#4938=IFCINDEXEDPOLYGONALFACE((65,7,8));
#4939=IFCINDEXEDPOLYGONALFACE((7,65,62));
#4940=IFCINDEXEDPOLYGONALFACE((60,75,62));
#4941=IFCINDEXEDPOLYGONALFACE((7,62,75));
#4942=IFCINDEXEDPOLYGONALFACE((60,76,75));
#4943=IFCINDEXEDPOLYGONALFACE((76,77,75));
#4944=IFCINDEXEDPOLYGONALFACE((75,77,78));
#4945=IFCINDEXEDPOLYGONALFACE((75,78,7));
#4946=IFCINDEXEDPOLYGONALFACE((7,78,6));
#4947=IFCINDEXEDPOLYGONALFACE((45,6,78));
#4948=IFCINDEXEDPOLYGONALFACE((77,45,78));
#4949=IFCINDEXEDPOLYGONALFACE((77,51,47));
#4950=IFCINDEXEDPOLYGONALFACE((47,45,77));
#4951=IFCINDEXEDPOLYGONALFACE((77,76,51));
#4952=IFCINDEXEDPOLYGONALFACE((51,76,52));
#4953=IFCINDEXEDPOLYGONALFACE((55,52,76));
#4954=IFCINDEXEDPOLYGONALFACE((76,60,55));
#4955=IFCINDEXEDPOLYGONALFACE((31,79,35));
#4956=IFCINDEXEDPOLYGONALFACE((4,35,79));
#4957=IFCINDEXEDPOLYGONALFACE((79,31,26));
#4958=IFCINDEXEDPOLYGONALFACE((26,2,79));
#4959=IFCINDEXEDPOLYGONALFACE((4,79,2));
#4960=IFCINDEXEDPOLYGONALFACE((29,80,22));
#4961=IFCINDEXEDPOLYGONALFACE((22,80,20));
#4962=IFCINDEXEDPOLYGONALFACE((14,3,25));
#4963=IFCINDEXEDPOLYGONALFACE((2,25,3));
#4964=IFCINDEXEDPOLYGONALFACE((25,23,14));
#4965=IFCINDEXEDPOLYGONALFACE((18,14,23));
#4966=IFCINDEXEDPOLYGONALFACE((12,15,17));
#4967=IFCINDEXEDPOLYGONALFACE((17,11,12));
#4968=IFCPOLYGONALFACESET(#4828,$,(#4829,#4830,#4831,#4832,#4833,#4834,#4835,#4836,#4837,#4838,#4839,#4840,#4841,#4842,#4843,#4844,#4845,#4846,#4847,#4848,#4849,#4850,#4851,#4852,#4853,#4854,#4855,#4856,#4857,#4858,#4859,#4860,#4861,#4862,#4863,#4864,#4865,#4866,#4867,#4868,#4869,#4870,#4871,#4872,#4873,#4874,#4875,#4876,#4877,#4878,#4879,#4880,#4881,#4882,#4883,#4884,#4885,#4886,#4887,#4888,#4889,#4890,#4891,#4892,#4893,#4894,#4895,#4896,#4897,#4898,#4899,#4900,#4901,#4902,#4903,#4904,#4905,#4906,#4907,#4908,#4909,#4910,#4911,#4912,#4913,#4914,#4915,#4916,#4917,#4918,#4919,#4920,#4921,#4922,#4923,#4924,#4925,#4926,#4927,#4928,#4929,#4930,#4931,#4932,#4933,#4934,#4935,#4936,#4937,#4938,#4939,#4940,#4941,#4942,#4943,#4944,#4945,#4946,#4947,#4948,#4949,#4950,#4951,#4952,#4953,#4954,#4955,#4956,#4957,#4958,#4959,#4960,#4961,#4962,#4963,#4964,#4965,#4966,#4967),$);
#4969=IFCCARTESIANPOINTLIST3D(((-153.102035522461,-125.827972412109,374.172973632812),(-154.340026855469,-126.27197265625,373.220977783203),(-152.780029296875,-125.253982543945,373.131958007812),(-151.948043823242,-125.55598449707,374.098968505859),(-152.325042724609,-126.203979492188,374.593994140625),(-165.077041625977,-138.,374.399963378906),(-167.252044677734,-139.333953857422,373.404998779297),(-171.70703125,-145.395950317383,374.181976318359),(-170.674026489258,-145.434967041016,374.653961181641),(-171.,-167.,374.628967285156),(-174.751037597656,-156.095962524414,374.627990722656),(-161.573043823242,-173.489959716797,374.630950927734),(-153.336059570312,-174.09196472168,374.553985595703),(-146.548049926758,-170.615982055664,374.64599609375),(-174.173034667969,-151.,374.405975341797),(-173.313034057617,-147.246963500977,373.334991455078),(-175.03303527832,-151.146957397461,373.355987548828),(-175.879028320312,-154.93196105957,373.760986328125),(-175.739044189453,-158.958969116211,373.774993896484),(-220.047058105469,-207.087921142578,81.7599792480469),(-220.906066894531,-210.528930664062,81.),(-226.139053344727,-216.360916137695,43.9179763793945),(-221.306060791016,-213.699920654297,79.3469772338867),(-226.318069458008,-221.44091796875,43.9149780273438),(-220.954055786133,-216.571929931641,78.5819854736328),(-174.718063354492,-163.059951782227,373.420989990234),(-172.778045654297,-166.620956420898,373.793975830078),(-173.980041503906,-162.630966186523,374.411987304688),(-219.841064453125,-219.170928955078,78.552978515625),(-170.273056030273,-169.734954833984,373.795959472656),(-166.879043579102,-171.567962646484,374.413970947266),(-218.260070800781,-221.34992980957,78.4659805297852),(-167.254043579102,-172.333953857422,373.43798828125),(-216.143051147461,-223.,78.620979309082),(-163.466049194336,-174.125961303711,373.786956787109),(-213.620071411133,-224.251922607422,78.3729782104492),(-210.697052001953,-224.675918579102,79.0469818115234),(-159.421051025391,-175.234970092773,373.784973144531),(-207.5810546875,-224.400924682617,80.0849838256836),(-155.379043579102,-175.36296081543,373.773956298828),(-151.597045898438,-174.503967285156,373.387969970703),(-202.308059692383,-222.901931762695,80.9439849853516),(-213.102066040039,-229.982925415039,43.9179725646973),(-206.483062744141,-227.900924682617,43.9189758300781),(-194.178070068359,-217.104934692383,100.886978149414),(-147.612060546875,-172.647979736328,373.7509765625),(-142.910049438477,-168.670974731445,374.425994873047),(-143.667053222656,-170.077972412109,373.376983642578),(-186.418060302734,-210.899917602539,77.4039764404297),(-138.113052368164,-165.113967895508,373.389953613281),(-198.746063232422,-222.669937133789,43.9179725646973),(-192.529052734375,-216.764923095703,43.9149780273438),(-192.735061645508,-215.216918945312,43.9209785461426),(-185.871063232422,-209.764923095703,78.7549819946289),(-125.763038635254,-152.303970336914,373.148986816406),(-186.065063476562,-208.744934082031,78.9239807128906),(-126.,-151.096969604492,373.259979248047),(-126.078033447266,-151.467971801758,374.136993408203),(-151.566040039062,-125.513977050781,373.191986083984),(-205.863052368164,-188.267929077148,79.),(-211.853042602539,-195.296936035156,43.9179763793945),(-206.708053588867,-188.07292175293,78.890983581543),(-207.978042602539,-188.78092956543,76.8689804077148),(-213.285049438477,-195.033920288086,43.9159774780273),(-219.716049194336,-202.,43.9179763793945),(-222.164047241211,-205.757919311523,43.9189796447754),(-197.359039306641,-175.84895324707,202.192977905273),(-224.628067016602,-210.787902832031,43.924976348877),(-170.852035522461,-143.499954223633,373.330993652344),(-126.371032714844,-152.717971801758,374.165985107422),(-126.700035095215,-151.892974853516,374.584991455078),(-126.530044555664,-153.503967285156,373.323974609375),(-216.259063720703,-230.189910888672,43.9179725646973),(-218.98405456543,-229.745910644531,43.9179725646973),(-221.496063232422,-228.60090637207,43.9179725646973),(-223.529052734375,-226.9619140625,43.9179725646973),(-225.045059204102,-224.842910766602,43.9179725646973)));
#4970=IFCINDEXEDPOLYGONALFACE((6,1,2));
#4971=IFCINDEXEDPOLYGONALFACE((1,3,2));
#4972=IFCINDEXEDPOLYGONALFACE((3,1,4));
#4973=IFCINDEXEDPOLYGONALFACE((4,1,5));
#4974=IFCINDEXEDPOLYGONALFACE((6,5,1));
#4975=IFCINDEXEDPOLYGONALFACE((2,7,6));
#4976=IFCINDEXEDPOLYGONALFACE((8,6,7));
#4977=IFCINDEXEDPOLYGONALFACE((6,8,9));
#4978=IFCINDEXEDPOLYGONALFACE((5,6,9));
#4979=IFCINDEXEDPOLYGONALFACE((9,10,12));
#4980=IFCINDEXEDPOLYGONALFACE((9,11,10));
#4981=IFCINDEXEDPOLYGONALFACE((9,15,11));
#4982=IFCINDEXEDPOLYGONALFACE((9,12,13));
#4983=IFCINDEXEDPOLYGONALFACE((9,13,14));
#4984=IFCINDEXEDPOLYGONALFACE((5,9,14));
#4985=IFCINDEXEDPOLYGONALFACE((15,9,8));
#4986=IFCINDEXEDPOLYGONALFACE((15,8,16));
#4987=IFCINDEXEDPOLYGONALFACE((16,17,15));
#4988=IFCINDEXEDPOLYGONALFACE((18,15,17));
#4989=IFCINDEXEDPOLYGONALFACE((15,18,11));
#4990=IFCINDEXEDPOLYGONALFACE((19,18,21));
#4991=IFCINDEXEDPOLYGONALFACE((18,19,11));
#4992=IFCINDEXEDPOLYGONALFACE((20,21,18));
#4993=IFCINDEXEDPOLYGONALFACE((18,17,20));
#4994=IFCINDEXEDPOLYGONALFACE((21,20,22));
#4995=IFCINDEXEDPOLYGONALFACE((23,21,22));
#4996=IFCINDEXEDPOLYGONALFACE((21,23,19));
#4997=IFCINDEXEDPOLYGONALFACE((22,24,23));
#4998=IFCINDEXEDPOLYGONALFACE((25,23,24));
#4999=IFCINDEXEDPOLYGONALFACE((23,25,26));
#5000=IFCINDEXEDPOLYGONALFACE((26,19,23));
#5001=IFCINDEXEDPOLYGONALFACE((19,26,28));
#5002=IFCINDEXEDPOLYGONALFACE((27,26,25));
#5003=IFCINDEXEDPOLYGONALFACE((27,28,26));
#5004=IFCINDEXEDPOLYGONALFACE((28,11,19));
#5005=IFCINDEXEDPOLYGONALFACE((28,27,10));
#5006=IFCINDEXEDPOLYGONALFACE((11,28,10));
#5007=IFCINDEXEDPOLYGONALFACE((30,27,29));
#5008=IFCINDEXEDPOLYGONALFACE((25,29,27));
#5009=IFCINDEXEDPOLYGONALFACE((27,30,10));
#5010=IFCINDEXEDPOLYGONALFACE((31,10,30));
#5011=IFCINDEXEDPOLYGONALFACE((30,33,31));
#5012=IFCINDEXEDPOLYGONALFACE((29,32,30));
#5013=IFCINDEXEDPOLYGONALFACE((33,30,32));
#5014=IFCINDEXEDPOLYGONALFACE((35,31,33));
#5015=IFCINDEXEDPOLYGONALFACE((32,34,33));
#5016=IFCINDEXEDPOLYGONALFACE((35,33,34));
#5017=IFCINDEXEDPOLYGONALFACE((31,35,12));
#5018=IFCINDEXEDPOLYGONALFACE((34,36,35));
#5019=IFCINDEXEDPOLYGONALFACE((35,36,37));
#5020=IFCINDEXEDPOLYGONALFACE((37,38,35));
#5021=IFCINDEXEDPOLYGONALFACE((35,38,12));
#5022=IFCINDEXEDPOLYGONALFACE((38,37,39));
#5023=IFCINDEXEDPOLYGONALFACE((13,12,38));
#5024=IFCINDEXEDPOLYGONALFACE((39,40,38));
#5025=IFCINDEXEDPOLYGONALFACE((38,40,13));
#5026=IFCINDEXEDPOLYGONALFACE((42,41,40));
#5027=IFCINDEXEDPOLYGONALFACE((40,41,13));
#5028=IFCINDEXEDPOLYGONALFACE((40,39,42));
#5029=IFCINDEXEDPOLYGONALFACE((43,42,39));
#5030=IFCINDEXEDPOLYGONALFACE((42,43,44));
#5031=IFCINDEXEDPOLYGONALFACE((44,45,42));
#5032=IFCINDEXEDPOLYGONALFACE((46,42,45));
#5033=IFCINDEXEDPOLYGONALFACE((42,46,41));
#5034=IFCINDEXEDPOLYGONALFACE((46,13,41));
#5035=IFCINDEXEDPOLYGONALFACE((46,47,14));
#5036=IFCINDEXEDPOLYGONALFACE((46,48,47));
#5037=IFCINDEXEDPOLYGONALFACE((45,48,46));
#5038=IFCINDEXEDPOLYGONALFACE((13,46,14));
#5039=IFCINDEXEDPOLYGONALFACE((48,50,47));
#5040=IFCINDEXEDPOLYGONALFACE((51,49,48));
#5041=IFCINDEXEDPOLYGONALFACE((50,48,49));
#5042=IFCINDEXEDPOLYGONALFACE((51,48,45));
#5043=IFCINDEXEDPOLYGONALFACE((49,51,52));
#5044=IFCINDEXEDPOLYGONALFACE((45,44,51));
#5045=IFCINDEXEDPOLYGONALFACE((54,52,53));
#5046=IFCINDEXEDPOLYGONALFACE((52,54,49));
#5047=IFCINDEXEDPOLYGONALFACE((53,56,54));
#5048=IFCINDEXEDPOLYGONALFACE((49,54,55));
#5049=IFCINDEXEDPOLYGONALFACE((57,55,54));
#5050=IFCINDEXEDPOLYGONALFACE((54,56,57));
#5051=IFCINDEXEDPOLYGONALFACE((4,58,57));
#5052=IFCINDEXEDPOLYGONALFACE((57,59,4));
#5053=IFCINDEXEDPOLYGONALFACE((58,55,57));
#5054=IFCINDEXEDPOLYGONALFACE((59,57,56));
#5055=IFCINDEXEDPOLYGONALFACE((59,3,4));
#5056=IFCINDEXEDPOLYGONALFACE((3,59,60));
#5057=IFCINDEXEDPOLYGONALFACE((56,60,59));
#5058=IFCINDEXEDPOLYGONALFACE((62,60,61));
#5059=IFCINDEXEDPOLYGONALFACE((61,60,56));
#5060=IFCINDEXEDPOLYGONALFACE((60,62,3));
#5061=IFCINDEXEDPOLYGONALFACE((62,63,3));
#5062=IFCINDEXEDPOLYGONALFACE((63,62,64));
#5063=IFCINDEXEDPOLYGONALFACE((61,64,62));
#5064=IFCINDEXEDPOLYGONALFACE((65,63,64));
#5065=IFCINDEXEDPOLYGONALFACE((65,67,7));
#5066=IFCINDEXEDPOLYGONALFACE((7,2,65));
#5067=IFCINDEXEDPOLYGONALFACE((65,66,67));
#5068=IFCINDEXEDPOLYGONALFACE((65,2,63));
#5069=IFCINDEXEDPOLYGONALFACE((68,67,66));
#5070=IFCINDEXEDPOLYGONALFACE((67,68,16));
#5071=IFCINDEXEDPOLYGONALFACE((69,7,67));
#5072=IFCINDEXEDPOLYGONALFACE((16,69,67));
#5073=IFCINDEXEDPOLYGONALFACE((7,69,8));
#5074=IFCINDEXEDPOLYGONALFACE((69,16,8));
#5075=IFCINDEXEDPOLYGONALFACE((68,22,20));
#5076=IFCINDEXEDPOLYGONALFACE((17,16,68));
#5077=IFCINDEXEDPOLYGONALFACE((68,20,17));
#5078=IFCINDEXEDPOLYGONALFACE((2,3,63));
#5079=IFCINDEXEDPOLYGONALFACE((56,53,61));
#5080=IFCINDEXEDPOLYGONALFACE((58,4,5));
#5081=IFCINDEXEDPOLYGONALFACE((71,70,58));
#5082=IFCINDEXEDPOLYGONALFACE((58,70,55));
#5083=IFCINDEXEDPOLYGONALFACE((5,71,58));
#5084=IFCINDEXEDPOLYGONALFACE((5,14,71));
#5085=IFCINDEXEDPOLYGONALFACE((71,47,70));
#5086=IFCINDEXEDPOLYGONALFACE((71,14,47));
#5087=IFCINDEXEDPOLYGONALFACE((70,47,50));
#5088=IFCINDEXEDPOLYGONALFACE((50,72,70));
#5089=IFCINDEXEDPOLYGONALFACE((72,55,70));
#5090=IFCINDEXEDPOLYGONALFACE((55,72,49));
#5091=IFCINDEXEDPOLYGONALFACE((49,72,50));
#5092=IFCINDEXEDPOLYGONALFACE((37,73,43));
#5093=IFCINDEXEDPOLYGONALFACE((43,39,37));
#5094=IFCINDEXEDPOLYGONALFACE((36,74,73));
#5095=IFCINDEXEDPOLYGONALFACE((73,37,36));
#5096=IFCINDEXEDPOLYGONALFACE((34,75,74));
#5097=IFCINDEXEDPOLYGONALFACE((74,36,34));
#5098=IFCINDEXEDPOLYGONALFACE((76,75,34));
#5099=IFCINDEXEDPOLYGONALFACE((34,32,76));
#5100=IFCINDEXEDPOLYGONALFACE((77,76,32));
#5101=IFCINDEXEDPOLYGONALFACE((24,77,29));
#5102=IFCINDEXEDPOLYGONALFACE((32,29,77));
#5103=IFCINDEXEDPOLYGONALFACE((10,31,12));
#5104=IFCINDEXEDPOLYGONALFACE((29,25,24));
#5105=IFCPOLYGONALFACESET(#4969,$,(#4970,#4971,#4972,#4973,#4974,#4975,#4976,#4977,#4978,#4979,#4980,#4981,#4982,#4983,#4984,#4985,#4986,#4987,#4988,#4989,#4990,#4991,#4992,#4993,#4994,#4995,#4996,#4997,#4998,#4999,#5000,#5001,#5002,#5003,#5004,#5005,#5006,#5007,#5008,#5009,#5010,#5011,#5012,#5013,#5014,#5015,#5016,#5017,#5018,#5019,#5020,#5021,#5022,#5023,#5024,#5025,#5026,#5027,#5028,#5029,#5030,#5031,#5032,#5033,#5034,#5035,#5036,#5037,#5038,#5039,#5040,#5041,#5042,#5043,#5044,#5045,#5046,#5047,#5048,#5049,#5050,#5051,#5052,#5053,#5054,#5055,#5056,#5057,#5058,#5059,#5060,#5061,#5062,#5063,#5064,#5065,#5066,#5067,#5068,#5069,#5070,#5071,#5072,#5073,#5074,#5075,#5076,#5077,#5078,#5079,#5080,#5081,#5082,#5083,#5084,#5085,#5086,#5087,#5088,#5089,#5090,#5091,#5092,#5093,#5094,#5095,#5096,#5097,#5098,#5099,#5100,#5101,#5102,#5103,#5104),$);
#5106=IFCCARTESIANPOINTLIST3D(((107.718032836914,138.323944091797,373.2509765625),(107.802040100098,138.70393371582,374.136993408203),(107.486038208008,139.542922973633,373.139984130859),(133.671020507812,112.790924072266,374.098968505859),(133.292022705078,112.746917724609,373.189971923828),(168.272048950195,197.537933349609,79.3130111694336),(168.587051391602,196.510925292969,78.828010559082),(195.040054321289,183.549926757812,41.4210090637207),(188.498046875,175.939926147461,79.0840148925781),(175.805053710938,203.473922729492,41.4220085144043),(175.579040527344,204.471939086914,41.4170074462891),(176.586044311523,205.767929077148,41.4200096130371),(182.651062011719,211.013931274414,41.4200096130371),(120.882041931152,153.348907470703,373.412963867188),(108.282035827637,140.784927368164,373.299957275391),(158.40705871582,188.199920654297,172.361999511719),(187.104064941406,213.984924316406,41.4230079650879),(125.569038391113,157.462921142578,373.361968994141),(124.633041381836,155.90592956543,374.425994873047),(129.280044555664,159.851913452148,373.749969482422),(128.271041870117,157.85090637207,374.64599609375),(133.277053833008,161.727905273438,373.377990722656),(135.060043334961,161.327911376953,374.553985595703),(191.948059082031,216.704925537109,41.4260063171387),(190.412063598633,212.050918579102,79.7890090942383),(187.426071166992,211.282913208008,79.8820114135742),(198.737060546875,218.279907226562,41.4170074462891),(196.364059448242,211.701919555664,78.6070098876953),(193.479064941406,212.304901123047,78.7640075683594),(202.272064208984,217.661926269531,41.4200096130371),(198.922058105469,210.53791809082,78.6110076904297),(204.739059448242,216.585906982422,41.4200096130371),(201.118072509766,208.896911621094,78.5480117797852),(206.870071411133,215.011917114258,41.4200096130371),(208.5390625,212.926910400391,41.4200096130371),(202.861053466797,206.797912597656,78.3440093994141),(203.825042724609,204.177917480469,78.7530136108398),(209.485061645508,210.396911621094,41.4200096130371),(154.498031616211,153.860916137695,373.794982910156),(151.967041015625,157.,373.799987792969),(148.602035522461,158.802917480469,374.413970947266),(148.960037231445,159.574920654297,373.444976806641),(152.726028442383,154.233917236328,374.628967285156),(152.398040771484,132.670913696289,374.653961181641),(156.474029541016,143.330917358398,374.627990722656),(143.297058105469,160.724914550781,374.630950927734),(155.704040527344,149.865921020508,374.411987304688),(157.458038330078,146.195907592773,373.779998779297),(156.440032958984,150.282913208008,373.431976318359),(204.271057128906,201.094909667969,79.2910079956055),(204.016052246094,197.962905883789,80.0900115966797),(209.955062866211,206.597915649414,41.4180107116699),(208.165054321289,199.470916748047,41.4250106811523),(194.101058959961,180.869903564453,113.69800567627),(206.40803527832,195.941909790039,41.4220085144043),(203.078048706055,194.80891418457,81.0200042724609),(155.,134.430923461914,373.342956542969),(156.734039306641,138.322906494141,373.361968994141),(155.897048950195,138.238906860352,374.405975341797),(157.599044799805,142.149917602539,373.762969970703),(153.430038452148,132.631912231445,374.181976318359),(147.905044555664,125.44490814209,373.391967773438),(146.801025390625,125.23991394043,374.399963378906),(152.541030883789,130.687911987305,373.329986572266),(170.261032104492,152.,245.888000488281),(158.424041748047,138.506912231445,277.600982666016),(202.036041259766,189.067916870117,41.4200096130371),(196.987045288086,183.597915649414,41.4190063476562),(192.0400390625,177.770919799805,73.8000106811523),(189.922058105469,176.025909423828,77.6790084838867),(135.712020874023,113.242919921875,373.317962646484),(134.826019287109,113.062919616699,374.172973632812),(134.4990234375,112.488922119141,373.134979248047),(134.04801940918,113.439918518066,374.593994140625),(108.424041748047,139.128936767578,374.584991455078),(108.095039367676,139.95393371582,374.165985107422),(195.931045532227,183.295928955078,41.4200096130371),(145.191055297852,161.354919433594,373.790985107422),(141.156051635742,162.46891784668,373.784973144531),(137.099044799805,162.597915649414,373.773956298828)));
#5107=IFCINDEXEDPOLYGONALFACE((4,2,1));
#5108=IFCINDEXEDPOLYGONALFACE((2,3,1));
#5109=IFCINDEXEDPOLYGONALFACE((1,3,6));
#5110=IFCINDEXEDPOLYGONALFACE((1,5,4));
#5111=IFCINDEXEDPOLYGONALFACE((5,1,7));
#5112=IFCINDEXEDPOLYGONALFACE((6,7,1));
#5113=IFCINDEXEDPOLYGONALFACE((7,10,8));
#5114=IFCINDEXEDPOLYGONALFACE((8,9,7));
#5115=IFCINDEXEDPOLYGONALFACE((7,9,5));
#5116=IFCINDEXEDPOLYGONALFACE((10,7,6));
#5117=IFCINDEXEDPOLYGONALFACE((6,11,10));
#5118=IFCINDEXEDPOLYGONALFACE((11,6,12));
#5119=IFCINDEXEDPOLYGONALFACE((6,15,12));
#5120=IFCINDEXEDPOLYGONALFACE((16,13,12));
#5121=IFCINDEXEDPOLYGONALFACE((12,15,14));
#5122=IFCINDEXEDPOLYGONALFACE((14,16,12));
#5123=IFCINDEXEDPOLYGONALFACE((16,17,13));
#5124=IFCINDEXEDPOLYGONALFACE((18,17,16));
#5125=IFCINDEXEDPOLYGONALFACE((16,14,18));
#5126=IFCINDEXEDPOLYGONALFACE((17,18,20));
#5127=IFCINDEXEDPOLYGONALFACE((18,14,19));
#5128=IFCINDEXEDPOLYGONALFACE((20,18,19));
#5129=IFCINDEXEDPOLYGONALFACE((20,19,21));
#5130=IFCINDEXEDPOLYGONALFACE((23,20,21));
#5131=IFCINDEXEDPOLYGONALFACE((20,24,17));
#5132=IFCINDEXEDPOLYGONALFACE((24,20,22));
#5133=IFCINDEXEDPOLYGONALFACE((20,23,22));
#5134=IFCINDEXEDPOLYGONALFACE((24,26,25));
#5135=IFCINDEXEDPOLYGONALFACE((25,27,24));
#5136=IFCINDEXEDPOLYGONALFACE((22,26,24));
#5137=IFCINDEXEDPOLYGONALFACE((27,29,28));
#5138=IFCINDEXEDPOLYGONALFACE((28,30,27));
#5139=IFCINDEXEDPOLYGONALFACE((27,25,29));
#5140=IFCINDEXEDPOLYGONALFACE((30,28,31));
#5141=IFCINDEXEDPOLYGONALFACE((31,32,30));
#5142=IFCINDEXEDPOLYGONALFACE((32,31,33));
#5143=IFCINDEXEDPOLYGONALFACE((33,34,32));
#5144=IFCINDEXEDPOLYGONALFACE((34,33,36));
#5145=IFCINDEXEDPOLYGONALFACE((36,35,34));
#5146=IFCINDEXEDPOLYGONALFACE((37,36,39));
#5147=IFCINDEXEDPOLYGONALFACE((36,37,38));
#5148=IFCINDEXEDPOLYGONALFACE((38,35,36));
#5149=IFCINDEXEDPOLYGONALFACE((36,33,40));
#5150=IFCINDEXEDPOLYGONALFACE((40,39,36));
#5151=IFCINDEXEDPOLYGONALFACE((41,43,40));
#5152=IFCINDEXEDPOLYGONALFACE((40,42,41));
#5153=IFCINDEXEDPOLYGONALFACE((42,40,33));
#5154=IFCINDEXEDPOLYGONALFACE((39,40,43));
#5155=IFCINDEXEDPOLYGONALFACE((43,41,46));
#5156=IFCINDEXEDPOLYGONALFACE((44,43,46));
#5157=IFCINDEXEDPOLYGONALFACE((44,45,43));
#5158=IFCINDEXEDPOLYGONALFACE((45,47,43));
#5159=IFCINDEXEDPOLYGONALFACE((47,39,43));
#5160=IFCINDEXEDPOLYGONALFACE((47,45,48));
#5161=IFCINDEXEDPOLYGONALFACE((48,49,47));
#5162=IFCINDEXEDPOLYGONALFACE((39,47,49));
#5163=IFCINDEXEDPOLYGONALFACE((49,48,50));
#5164=IFCINDEXEDPOLYGONALFACE((39,49,37));
#5165=IFCINDEXEDPOLYGONALFACE((50,37,49));
#5166=IFCINDEXEDPOLYGONALFACE((51,50,48));
#5167=IFCINDEXEDPOLYGONALFACE((50,51,52));
#5168=IFCINDEXEDPOLYGONALFACE((37,50,52));
#5169=IFCINDEXEDPOLYGONALFACE((52,38,37));
#5170=IFCINDEXEDPOLYGONALFACE((53,52,51));
#5171=IFCINDEXEDPOLYGONALFACE((53,54,55));
#5172=IFCINDEXEDPOLYGONALFACE((54,53,57));
#5173=IFCINDEXEDPOLYGONALFACE((53,56,58));
#5174=IFCINDEXEDPOLYGONALFACE((51,56,53));
#5175=IFCINDEXEDPOLYGONALFACE((58,57,53));
#5176=IFCINDEXEDPOLYGONALFACE((60,58,56));
#5177=IFCINDEXEDPOLYGONALFACE((57,58,59));
#5178=IFCINDEXEDPOLYGONALFACE((60,59,58));
#5179=IFCINDEXEDPOLYGONALFACE((48,60,51));
#5180=IFCINDEXEDPOLYGONALFACE((60,48,45));
#5181=IFCINDEXEDPOLYGONALFACE((56,51,60));
#5182=IFCINDEXEDPOLYGONALFACE((59,60,45));
#5183=IFCINDEXEDPOLYGONALFACE((59,44,61));
#5184=IFCINDEXEDPOLYGONALFACE((59,61,57));
#5185=IFCINDEXEDPOLYGONALFACE((44,59,45));
#5186=IFCINDEXEDPOLYGONALFACE((61,63,62));
#5187=IFCINDEXEDPOLYGONALFACE((62,64,61));
#5188=IFCINDEXEDPOLYGONALFACE((63,61,44));
#5189=IFCINDEXEDPOLYGONALFACE((64,57,61));
#5190=IFCINDEXEDPOLYGONALFACE((57,64,54));
#5191=IFCINDEXEDPOLYGONALFACE((65,54,64));
#5192=IFCINDEXEDPOLYGONALFACE((64,62,65));
#5193=IFCINDEXEDPOLYGONALFACE((67,54,65));
#5194=IFCINDEXEDPOLYGONALFACE((66,65,62));
#5195=IFCINDEXEDPOLYGONALFACE((65,66,67));
#5196=IFCINDEXEDPOLYGONALFACE((67,55,54));
#5197=IFCINDEXEDPOLYGONALFACE((67,69,68));
#5198=IFCINDEXEDPOLYGONALFACE((69,67,66));
#5199=IFCINDEXEDPOLYGONALFACE((69,70,68));
#5200=IFCINDEXEDPOLYGONALFACE((70,69,71));
#5201=IFCINDEXEDPOLYGONALFACE((69,66,71));
#5202=IFCINDEXEDPOLYGONALFACE((63,72,71));
#5203=IFCINDEXEDPOLYGONALFACE((72,73,71));
#5204=IFCINDEXEDPOLYGONALFACE((71,66,62));
#5205=IFCINDEXEDPOLYGONALFACE((71,62,63));
#5206=IFCINDEXEDPOLYGONALFACE((71,73,70));
#5207=IFCINDEXEDPOLYGONALFACE((73,5,9));
#5208=IFCINDEXEDPOLYGONALFACE((5,73,4));
#5209=IFCINDEXEDPOLYGONALFACE((73,72,4));
#5210=IFCINDEXEDPOLYGONALFACE((9,70,73));
#5211=IFCINDEXEDPOLYGONALFACE((63,74,72));
#5212=IFCINDEXEDPOLYGONALFACE((4,72,74));
#5213=IFCINDEXEDPOLYGONALFACE((74,21,75));
#5214=IFCINDEXEDPOLYGONALFACE((74,44,21));
#5215=IFCINDEXEDPOLYGONALFACE((74,63,44));
#5216=IFCINDEXEDPOLYGONALFACE((74,75,2));
#5217=IFCINDEXEDPOLYGONALFACE((2,4,74));
#5218=IFCINDEXEDPOLYGONALFACE((75,21,19));
#5219=IFCINDEXEDPOLYGONALFACE((75,19,76));
#5220=IFCINDEXEDPOLYGONALFACE((75,76,2));
#5221=IFCINDEXEDPOLYGONALFACE((2,76,3));
#5222=IFCINDEXEDPOLYGONALFACE((15,3,76));
#5223=IFCINDEXEDPOLYGONALFACE((14,15,76));
#5224=IFCINDEXEDPOLYGONALFACE((76,19,14));
#5225=IFCINDEXEDPOLYGONALFACE((77,70,9));
#5226=IFCINDEXEDPOLYGONALFACE((77,68,70));
#5227=IFCINDEXEDPOLYGONALFACE((9,8,77));
#5228=IFCINDEXEDPOLYGONALFACE((41,78,46));
#5229=IFCINDEXEDPOLYGONALFACE((44,46,23));
#5230=IFCINDEXEDPOLYGONALFACE((23,46,79));
#5231=IFCINDEXEDPOLYGONALFACE((78,79,46));
#5232=IFCINDEXEDPOLYGONALFACE((79,29,25));
#5233=IFCINDEXEDPOLYGONALFACE((29,79,78));
#5234=IFCINDEXEDPOLYGONALFACE((25,80,79));
#5235=IFCINDEXEDPOLYGONALFACE((79,80,23));
#5236=IFCINDEXEDPOLYGONALFACE((26,22,80));
#5237=IFCINDEXEDPOLYGONALFACE((80,22,23));
#5238=IFCINDEXEDPOLYGONALFACE((80,25,26));
#5239=IFCINDEXEDPOLYGONALFACE((78,41,42));
#5240=IFCINDEXEDPOLYGONALFACE((31,28,78));
#5241=IFCINDEXEDPOLYGONALFACE((78,42,31));
#5242=IFCINDEXEDPOLYGONALFACE((78,28,29));
#5243=IFCINDEXEDPOLYGONALFACE((44,23,21));
#5244=IFCINDEXEDPOLYGONALFACE((33,31,42));
#5245=IFCINDEXEDPOLYGONALFACE((15,6,3));
#5246=IFCPOLYGONALFACESET(#5106,$,(#5107,#5108,#5109,#5110,#5111,#5112,#5113,#5114,#5115,#5116,#5117,#5118,#5119,#5120,#5121,#5122,#5123,#5124,#5125,#5126,#5127,#5128,#5129,#5130,#5131,#5132,#5133,#5134,#5135,#5136,#5137,#5138,#5139,#5140,#5141,#5142,#5143,#5144,#5145,#5146,#5147,#5148,#5149,#5150,#5151,#5152,#5153,#5154,#5155,#5156,#5157,#5158,#5159,#5160,#5161,#5162,#5163,#5164,#5165,#5166,#5167,#5168,#5169,#5170,#5171,#5172,#5173,#5174,#5175,#5176,#5177,#5178,#5179,#5180,#5181,#5182,#5183,#5184,#5185,#5186,#5187,#5188,#5189,#5190,#5191,#5192,#5193,#5194,#5195,#5196,#5197,#5198,#5199,#5200,#5201,#5202,#5203,#5204,#5205,#5206,#5207,#5208,#5209,#5210,#5211,#5212,#5213,#5214,#5215,#5216,#5217,#5218,#5219,#5220,#5221,#5222,#5223,#5224,#5225,#5226,#5227,#5228,#5229,#5230,#5231,#5232,#5233,#5234,#5235,#5236,#5237,#5238,#5239,#5240,#5241,#5242,#5243,#5244,#5245),$);
#5247=IFCCARTESIANPOINTLIST3D(((170.673934936523,-145.435089111328,374.653961181641),(171.,-167.,374.628967285156),(174.750946044922,-156.096069335938,374.627990722656),(161.57292175293,-173.49006652832,374.630950927734),(153.3359375,-174.092056274414,374.553985595703),(146.547927856445,-170.616058349609,374.64599609375),(152.324951171875,-126.204063415527,374.593994140625),(165.076950073242,-138.,374.399963378906),(171.706954956055,-145.396072387695,374.181976318359),(174.172943115234,-151.,374.405975341797),(173.312957763672,-147.247085571289,373.334991455078),(175.032943725586,-151.147079467773,373.355987548828),(175.878952026367,-154.932083129883,373.760986328125),(175.738952636719,-158.959075927734,373.774993896484),(220.046905517578,-207.08805847168,81.7589797973633),(220.905914306641,-210.529067993164,81.),(226.138900756836,-216.361068725586,43.9179763793945),(221.305908203125,-213.700057983398,79.3469772338867),(226.317916870117,-221.441055297852,43.9149780273438),(174.71794128418,-163.060073852539,373.420989990234),(220.887908935547,-216.557052612305,78.9479751586914),(219.786911010742,-219.063064575195,79.0299835205078),(172.769927978516,-166.644088745117,373.787963867188),(173.979934692383,-162.631088256836,374.411987304688),(170.226928710938,-169.78108215332,373.795959472656),(218.259918212891,-221.351058959961,78.4619750976562),(223.528915405273,-226.962066650391,43.9179725646973),(216.142913818359,-223.010070800781,78.620979309082),(225.044906616211,-224.843063354492,43.9179725646973),(221.495910644531,-228.601058959961,43.9179725646973),(167.222930908203,-172.35807800293,373.431976318359),(218.983901977539,-229.746063232422,43.9179725646973),(213.617904663086,-224.253067016602,78.3729782104492),(163.446929931641,-174.129058837891,373.789978027344),(216.258911132812,-230.190048217773,43.9179725646973),(210.696914672852,-224.676055908203,79.0459823608398),(159.420928955078,-175.236068725586,373.784973144531),(213.101913452148,-229.983062744141,43.9179725646973),(207.580917358398,-224.401062011719,80.083984375),(155.378921508789,-175.363067626953,373.773956298828),(202.307907104492,-222.902053833008,80.9449768066406),(206.482925415039,-227.901062011719,43.9189758300781),(151.596923828125,-174.504058837891,373.387969970703),(147.611938476562,-172.648056030273,373.7509765625),(194.180908203125,-217.108062744141,100.870979309082),(198.745910644531,-222.670059204102,43.9179725646973),(143.666931152344,-170.078063964844,373.376983642578),(138.112945556641,-165.114059448242,373.389953613281),(186.34391784668,-210.830047607422,77.7959747314453),(142.909942626953,-168.67106628418,374.425994873047),(126.69994354248,-151.89306640625,374.584991455078),(126.370941162109,-152.718063354492,374.165985107422),(126.517944335938,-153.492065429688,373.319976806641),(125.757957458496,-152.275054931641,373.151977539062),(126.077941894531,-151.468063354492,374.136993408203),(126.,-151.083053588867,373.265991210938),(151.947952270508,-125.556076049805,374.098968505859),(152.811950683594,-125.260063171387,373.128997802734),(153.101943969727,-125.828063964844,374.172973632812),(151.602951049805,-125.493072509766,373.200988769531),(205.881927490234,-188.306060791016,78.8469772338867),(206.706924438477,-188.073059082031,78.8929824829102),(208.041915893555,-188.858062744141,76.4789810180664),(211.852920532227,-195.297058105469,43.9179763793945),(213.284927368164,-195.034057617188,43.9159774780273),(219.715927124023,-202.,43.9179763793945),(154.334945678711,-126.267066955566,373.219970703125),(197.357925415039,-175.848068237305,202.196975708008),(222.163925170898,-205.758071899414,43.9189796447754),(167.251953125,-139.334075927734,373.404998779297),(170.851943969727,-143.500076293945,373.330993652344),(224.627914428711,-210.788055419922,43.924976348877),(192.734909057617,-215.217041015625,43.9209785461426),(185.913909912109,-208.71403503418,79.4999771118164),(185.874908447266,-209.768051147461,78.7359771728516),(192.528900146484,-216.765045166016,43.9149780273438),(166.878921508789,-171.568084716797,374.413970947266)));
#5248=IFCINDEXEDPOLYGONALFACE((4,2,1));
#5249=IFCINDEXEDPOLYGONALFACE((2,3,1));
#5250=IFCINDEXEDPOLYGONALFACE((3,10,1));
#5251=IFCINDEXEDPOLYGONALFACE((5,4,1));
#5252=IFCINDEXEDPOLYGONALFACE((6,5,1));
#5253=IFCINDEXEDPOLYGONALFACE((7,6,1));
#5254=IFCINDEXEDPOLYGONALFACE((1,8,7));
#5255=IFCINDEXEDPOLYGONALFACE((1,9,8));
#5256=IFCINDEXEDPOLYGONALFACE((9,1,10));
#5257=IFCINDEXEDPOLYGONALFACE((11,9,10));
#5258=IFCINDEXEDPOLYGONALFACE((10,12,11));
#5259=IFCINDEXEDPOLYGONALFACE((12,10,13));
#5260=IFCINDEXEDPOLYGONALFACE((3,13,10));
#5261=IFCINDEXEDPOLYGONALFACE((15,12,13));
#5262=IFCINDEXEDPOLYGONALFACE((3,14,13));
#5263=IFCINDEXEDPOLYGONALFACE((16,13,14));
#5264=IFCINDEXEDPOLYGONALFACE((13,16,15));
#5265=IFCINDEXEDPOLYGONALFACE((17,16,18));
#5266=IFCINDEXEDPOLYGONALFACE((17,15,16));
#5267=IFCINDEXEDPOLYGONALFACE((14,18,16));
#5268=IFCINDEXEDPOLYGONALFACE((18,19,17));
#5269=IFCINDEXEDPOLYGONALFACE((18,14,20));
#5270=IFCINDEXEDPOLYGONALFACE((19,18,21));
#5271=IFCINDEXEDPOLYGONALFACE((20,21,18));
#5272=IFCINDEXEDPOLYGONALFACE((23,22,21));
#5273=IFCINDEXEDPOLYGONALFACE((19,21,22));
#5274=IFCINDEXEDPOLYGONALFACE((21,20,23));
#5275=IFCINDEXEDPOLYGONALFACE((2,25,23));
#5276=IFCINDEXEDPOLYGONALFACE((2,23,24));
#5277=IFCINDEXEDPOLYGONALFACE((20,24,23));
#5278=IFCINDEXEDPOLYGONALFACE((23,25,26));
#5279=IFCINDEXEDPOLYGONALFACE((26,22,23));
#5280=IFCINDEXEDPOLYGONALFACE((27,26,28));
#5281=IFCINDEXEDPOLYGONALFACE((26,27,29));
#5282=IFCINDEXEDPOLYGONALFACE((28,26,25));
#5283=IFCINDEXEDPOLYGONALFACE((29,22,26));
#5284=IFCINDEXEDPOLYGONALFACE((22,29,19));
#5285=IFCINDEXEDPOLYGONALFACE((28,30,27));
#5286=IFCINDEXEDPOLYGONALFACE((25,31,28));
#5287=IFCINDEXEDPOLYGONALFACE((32,30,28));
#5288=IFCINDEXEDPOLYGONALFACE((33,28,31));
#5289=IFCINDEXEDPOLYGONALFACE((28,33,32));
#5290=IFCINDEXEDPOLYGONALFACE((31,34,33));
#5291=IFCINDEXEDPOLYGONALFACE((35,32,33));
#5292=IFCINDEXEDPOLYGONALFACE((36,33,34));
#5293=IFCINDEXEDPOLYGONALFACE((33,36,35));
#5294=IFCINDEXEDPOLYGONALFACE((34,37,36));
#5295=IFCINDEXEDPOLYGONALFACE((38,35,36));
#5296=IFCINDEXEDPOLYGONALFACE((39,36,37));
#5297=IFCINDEXEDPOLYGONALFACE((36,39,38));
#5298=IFCINDEXEDPOLYGONALFACE((37,40,39));
#5299=IFCINDEXEDPOLYGONALFACE((39,41,38));
#5300=IFCINDEXEDPOLYGONALFACE((41,39,40));
#5301=IFCINDEXEDPOLYGONALFACE((42,38,41));
#5302=IFCINDEXEDPOLYGONALFACE((40,43,41));
#5303=IFCINDEXEDPOLYGONALFACE((41,45,42));
#5304=IFCINDEXEDPOLYGONALFACE((43,44,41));
#5305=IFCINDEXEDPOLYGONALFACE((45,41,44));
#5306=IFCINDEXEDPOLYGONALFACE((45,47,46));
#5307=IFCINDEXEDPOLYGONALFACE((46,42,45));
#5308=IFCINDEXEDPOLYGONALFACE((44,47,45));
#5309=IFCINDEXEDPOLYGONALFACE((49,47,48));
#5310=IFCINDEXEDPOLYGONALFACE((50,48,47));
#5311=IFCINDEXEDPOLYGONALFACE((47,49,46));
#5312=IFCINDEXEDPOLYGONALFACE((50,47,44));
#5313=IFCINDEXEDPOLYGONALFACE((52,50,51));
#5314=IFCINDEXEDPOLYGONALFACE((50,6,51));
#5315=IFCINDEXEDPOLYGONALFACE((6,50,44));
#5316=IFCINDEXEDPOLYGONALFACE((48,50,52));
#5317=IFCINDEXEDPOLYGONALFACE((52,53,48));
#5318=IFCINDEXEDPOLYGONALFACE((52,54,53));
#5319=IFCINDEXEDPOLYGONALFACE((54,52,55));
#5320=IFCINDEXEDPOLYGONALFACE((55,52,51));
#5321=IFCINDEXEDPOLYGONALFACE((56,55,57));
#5322=IFCINDEXEDPOLYGONALFACE((56,54,55));
#5323=IFCINDEXEDPOLYGONALFACE((55,51,7));
#5324=IFCINDEXEDPOLYGONALFACE((7,57,55));
#5325=IFCINDEXEDPOLYGONALFACE((57,59,58));
#5326=IFCINDEXEDPOLYGONALFACE((57,58,60));
#5327=IFCINDEXEDPOLYGONALFACE((7,59,57));
#5328=IFCINDEXEDPOLYGONALFACE((57,60,56));
#5329=IFCINDEXEDPOLYGONALFACE((60,58,62));
#5330=IFCINDEXEDPOLYGONALFACE((56,60,61));
#5331=IFCINDEXEDPOLYGONALFACE((62,61,60));
#5332=IFCINDEXEDPOLYGONALFACE((64,61,62));
#5333=IFCINDEXEDPOLYGONALFACE((63,62,58));
#5334=IFCINDEXEDPOLYGONALFACE((65,62,63));
#5335=IFCINDEXEDPOLYGONALFACE((62,65,64));
#5336=IFCINDEXEDPOLYGONALFACE((65,63,66));
#5337=IFCINDEXEDPOLYGONALFACE((63,67,66));
#5338=IFCINDEXEDPOLYGONALFACE((66,67,70));
#5339=IFCINDEXEDPOLYGONALFACE((68,69,66));
#5340=IFCINDEXEDPOLYGONALFACE((70,68,66));
#5341=IFCINDEXEDPOLYGONALFACE((8,70,67));
#5342=IFCINDEXEDPOLYGONALFACE((70,8,9));
#5343=IFCINDEXEDPOLYGONALFACE((9,71,70));
#5344=IFCINDEXEDPOLYGONALFACE((68,70,71));
#5345=IFCINDEXEDPOLYGONALFACE((9,11,71));
#5346=IFCINDEXEDPOLYGONALFACE((68,71,11));
#5347=IFCINDEXEDPOLYGONALFACE((69,68,72));
#5348=IFCINDEXEDPOLYGONALFACE((72,11,12));
#5349=IFCINDEXEDPOLYGONALFACE((11,72,68));
#5350=IFCINDEXEDPOLYGONALFACE((12,15,72));
#5351=IFCINDEXEDPOLYGONALFACE((15,17,72));
#5352=IFCINDEXEDPOLYGONALFACE((67,63,58));
#5353=IFCINDEXEDPOLYGONALFACE((67,58,59));
#5354=IFCINDEXEDPOLYGONALFACE((67,59,8));
#5355=IFCINDEXEDPOLYGONALFACE((64,73,74));
#5356=IFCINDEXEDPOLYGONALFACE((74,61,64));
#5357=IFCINDEXEDPOLYGONALFACE((75,74,73));
#5358=IFCINDEXEDPOLYGONALFACE((61,74,56));
#5359=IFCINDEXEDPOLYGONALFACE((74,75,54));
#5360=IFCINDEXEDPOLYGONALFACE((54,56,74));
#5361=IFCINDEXEDPOLYGONALFACE((73,76,75));
#5362=IFCINDEXEDPOLYGONALFACE((75,49,54));
#5363=IFCINDEXEDPOLYGONALFACE((49,75,76));
#5364=IFCINDEXEDPOLYGONALFACE((76,46,49));
#5365=IFCINDEXEDPOLYGONALFACE((59,7,8));
#5366=IFCINDEXEDPOLYGONALFACE((53,54,49));
#5367=IFCINDEXEDPOLYGONALFACE((48,53,49));
#5368=IFCINDEXEDPOLYGONALFACE((7,51,6));
#5369=IFCINDEXEDPOLYGONALFACE((43,5,44));
#5370=IFCINDEXEDPOLYGONALFACE((6,44,5));
#5371=IFCINDEXEDPOLYGONALFACE((5,43,40));
#5372=IFCINDEXEDPOLYGONALFACE((5,40,37));
#5373=IFCINDEXEDPOLYGONALFACE((4,37,34));
#5374=IFCINDEXEDPOLYGONALFACE((37,4,5));
#5375=IFCINDEXEDPOLYGONALFACE((31,77,34));
#5376=IFCINDEXEDPOLYGONALFACE((4,34,77));
#5377=IFCINDEXEDPOLYGONALFACE((25,2,77));
#5378=IFCINDEXEDPOLYGONALFACE((77,31,25));
#5379=IFCINDEXEDPOLYGONALFACE((4,77,2));
#5380=IFCINDEXEDPOLYGONALFACE((14,3,24));
#5381=IFCINDEXEDPOLYGONALFACE((2,24,3));
#5382=IFCINDEXEDPOLYGONALFACE((24,20,14));
#5383=IFCPOLYGONALFACESET(#5247,$,(#5248,#5249,#5250,#5251,#5252,#5253,#5254,#5255,#5256,#5257,#5258,#5259,#5260,#5261,#5262,#5263,#5264,#5265,#5266,#5267,#5268,#5269,#5270,#5271,#5272,#5273,#5274,#5275,#5276,#5277,#5278,#5279,#5280,#5281,#5282,#5283,#5284,#5285,#5286,#5287,#5288,#5289,#5290,#5291,#5292,#5293,#5294,#5295,#5296,#5297,#5298,#5299,#5300,#5301,#5302,#5303,#5304,#5305,#5306,#5307,#5308,#5309,#5310,#5311,#5312,#5313,#5314,#5315,#5316,#5317,#5318,#5319,#5320,#5321,#5322,#5323,#5324,#5325,#5326,#5327,#5328,#5329,#5330,#5331,#5332,#5333,#5334,#5335,#5336,#5337,#5338,#5339,#5340,#5341,#5342,#5343,#5344,#5345,#5346,#5347,#5348,#5349,#5350,#5351,#5352,#5353,#5354,#5355,#5356,#5357,#5358,#5359,#5360,#5361,#5362,#5363,#5364,#5365,#5366,#5367,#5368,#5369,#5370,#5371,#5372,#5373,#5374,#5375,#5376,#5377,#5378,#5379,#5380,#5381,#5382),$);
#5384=IFCCARTESIANPOINTLIST3D(((-50.3630218505859,-78.8250045776367,373.231994628906),(-68.,-95.4179992675781,373.235992431641),(-50.5940208435059,-77.9120101928711,374.432983398438),(-36.5450210571289,-67.8810119628906,374.459991455078),(-36.3700218200684,-68.8060073852539,373.234954833984),(-67.8300247192383,-95.2619934082031,328.166961669922),(-50.366024017334,-78.8280029296875,328.130981445312),(-51.7150230407715,-79.2410049438477,327.27099609375),(-36.3740196228027,-68.8090133666992,328.130981445312),(-26.512020111084,-64.0910110473633,328.135986328125),(-37.2790184020996,-68.3580093383789,326.924987792969),(-26.5070190429688,-64.088020324707,373.233978271484),(-19.8040199279785,-60.5730209350586,374.091979980469),(-16.278018951416,-59.8940162658691,373.22998046875),(-7.27901744842529,-56.3840217590332,374.452972412109),(-6.67601823806763,-57.1310234069824,373.236999511719),(-16.278018951416,-59.8940124511719,328.133972167969),(-19.1970195770264,-60.3850135803223,327.311981201172),(-6.69401836395264,-57.1330184936523,328.10595703125),(-7.35001802444458,-56.3830184936523,326.915985107422),(0.,-56.7700271606445,373.199981689453),(0.,-56.7670249938965,328.147979736328),(0.,-56.1590232849121,327.103973388672),(7.25498104095459,-56.5020217895508,327.02197265625),(6.6939811706543,-57.1330223083496,328.10595703125),(4.10598230361938,-54.882022857666,326.784973144531),(59.2699928283691,4.31895589828491,326.804962158203),(19.6509799957275,-59.6840286254883,326.846954345703),(62.510986328125,-21.2030429840088,326.783996582031),(53.6059722900391,-79.8950347900391,326.883972167969),(37.2789726257324,-68.3580322265625,326.924987792969),(71.1909790039062,-34.6100463867188,327.054992675781),(66.2279891967773,-24.8810443878174,327.055969238281),(62.4719924926758,-14.6660442352295,327.055969238281),(60.4909973144531,-5.51204395294189,327.056976318359),(80.7359771728516,-49.2850456237793,326.946990966797),(96.1919708251953,-67.8980560302734,326.919982910156),(81.6339797973633,-49.1600494384766,328.127990722656),(97.4199676513672,-68.0280609130859,328.126983642578),(124.539962768555,-96.5700607299805,373.151977539062),(97.4209671020508,-68.024055480957,373.198974609375),(125.489959716797,-97.4990615844727,328.230987548828),(160.095947265625,-134.69807434082,327.),(160.736938476562,-134.29606628418,328.177978515625),(152.177947998047,-125.054069519043,373.244964599609),(151.287948608398,-125.15306854248,374.379974365234),(151.878936767578,-125.974067687988,374.078979492188),(152.356948852539,-125.82706451416,373.232971191406),(126.082946777344,-151.236068725586,373.950958251953),(160.373947143555,-134.529067993164,331.379974365234),(160.861938476562,-135.210067749023,327.715972900391),(134.965942382812,-159.270065307617,331.302978515625),(135.631942749023,-159.675064086914,327.936981201172),(134.59895324707,-159.519073486328,328.440002441406),(125.226951599121,-151.189071655273,373.522003173828),(124.989944458008,-150.432067871094,374.333984375),(98.7319564819336,-125.686058044434,373.152984619141),(97.2829513549805,-123.848052978516,328.197967529297),(51.714973449707,-79.2410430908203,327.27099609375),(100.,-124.716049194336,326.511993408203),(135.074951171875,-158.926055908203,327.262969970703),(67.829963684082,-95.2620391845703,328.166961669922),(50.3629722595215,-78.8250350952148,373.231994628906),(68.,-95.4180450439453,373.235992431641),(50.3659706115723,-78.8280410766602,328.130981445312),(36.3699760437012,-68.8060302734375,373.234954833984),(36.3739738464355,-68.8090362548828,328.130981445312),(26.5069770812988,-64.0880355834961,373.233978271484),(26.5119781494141,-64.0910263061523,328.135986328125),(16.2779808044434,-59.8940238952637,328.133972167969),(16.2779808044434,-59.8940277099609,373.22998046875),(19.1969776153564,-60.3850250244141,327.311981201172),(7.27898120880127,-56.3840255737305,374.452972412109),(19.8039798736572,-60.5730285644531,374.091979980469),(6.67598104476929,-57.1310272216797,373.236999511719),(0.,-56.0200271606445,374.398986816406),(59.2699928283691,3.52295231819153,374.556976318359),(-60.2339897155762,19.3279895782471,374.578979492188),(-59.794994354248,3.49499106407166,374.409973144531),(62.2550010681152,27.9209499359131,374.577972412109),(60.5589981079102,3.93895173072815,373.620971679688),(7.37002038955688,63.719970703125,374.462982177734),(60.492000579834,13.2759504318237,374.303985595703),(60.5319938659668,-5.87704753875732,374.31298828125),(-59.8870010375977,-9.93900775909424,374.577972412109),(-3.15997958183289,62.1209716796875,374.575988769531),(59.8869934082031,-9.93904685974121,374.577972412109),(67.0379867553711,-29.7790489196777,374.577972412109),(62.5819892883301,-15.066047668457,374.311981201172),(63.0819892883301,-14.369047164917,373.22998046875),(61.1139945983887,-5.16904783248901,373.227996826172),(66.4169921875,-25.3210487365723,374.309967041016),(71.448974609375,-35.0550498962402,374.308990478516),(66.8479919433594,-24.6230487823486,373.23095703125),(71.8299789428711,-34.3710479736328,373.231994628906),(66.8449859619141,-24.6190452575684,328.126007080078),(63.0799865722656,-14.3640451431274,328.123962402344),(61.1119995117188,-5.16504430770874,328.120971679688),(60.5589981079102,3.84295511245728,327.740966796875),(60.5329971313477,13.6359548568726,327.048980712891),(61.1139984130859,12.9059543609619,328.132965087891),(62.5820045471191,22.6589546203613,327.050994873047),(63.0820045471191,21.9469547271729,328.131988525391),(61.112003326416,12.9019508361816,373.239959716797),(63.0800018310547,21.9429492950439,373.236999511719),(66.8450012207031,31.8789501190186,373.234954833984),(62.474006652832,22.2749519348145,374.303985595703),(66.8480072021484,31.8829555511475,328.130981445312),(66.4150009155273,32.5889549255371,327.052978515625),(71.8300094604492,41.1809501647949,328.130981445312),(71.4890060424805,41.9489479064941,327.053985595703),(80.8440093994141,56.2739448547363,326.946990966797),(66.5830078125,36.,326.782989501953),(50.0690231323242,84.2019500732422,326.910980224609),(36.6180267333984,74.7819595336914,326.908996582031),(7.26802062988281,63.7329635620117,326.904998779297),(59.8940048217773,17.747953414917,326.782989501953),(0.,63.2389755249023,326.959991455078),(16.2780227661133,67.2059707641602,328.129974365234),(19.5730209350586,67.5739669799805,327.057952880859),(6.69002056121826,64.4539642333984,328.128967285156),(16.2780227661133,67.2059707641602,373.228973388672),(0.,63.9609718322754,328.14599609375),(6.68102025985718,64.4469680786133,373.261962890625),(0.,63.9629707336426,373.200988769531),(-6.68097829818726,64.4469757080078,373.261962890625),(-6.68997859954834,64.453971862793,328.128967285156),(0.,63.3689651489258,374.260955810547),(-7.25897884368896,63.8509712219238,374.342987060547),(-19.4339752197266,66.9729766845703,374.508972167969),(-18.9729766845703,67.6219711303711,374.051971435547),(-37.2699699401855,75.156982421875,374.453979492188),(-26.5119762420654,71.2209777832031,373.226989746094),(-16.2779769897461,67.2059783935547,373.228973388672),(-16.2779769897461,67.2059783935547,328.129974365234),(-19.5729751586914,67.5739822387695,327.057952880859),(-7.26797866821289,63.7329711914062,326.904998779297),(-26.5069751739502,71.2169799804688,328.126007080078),(-36.3739700317383,75.6149826049805,373.231994628906),(-36.3699722290039,75.6129837036133,328.124969482422),(-49.9139709472656,85.1609802246094,373.231994628906),(-36.6179733276367,74.781982421875,326.908996582031),(-49.9099731445312,85.1579818725586,328.127990722656),(-67.3309707641602,100.684997558594,328.118988037109),(-50.0689697265625,84.2019882202148,326.910980224609),(-67.3169708251953,100.682991027832,373.192962646484),(-69.0249710083008,101.192993164062,374.393981933594),(-86.9059600830078,119.361991882324,373.186981201172),(-106.735946655273,138.525985717773,373.278991699219),(-90.1819534301758,122.249000549316,328.266998291016),(-106.546943664551,137.814987182617,374.06396484375),(-107.381950378418,137.591003417969,374.449005126953),(-87.3139572143555,117.632995605469,374.787963867188),(-107.730949401855,138.373992919922,373.967987060547),(-134.051956176758,112.89900970459,373.938995361328),(-107.572952270508,138.702987670898,373.330993652344),(-133.248962402344,112.609008789062,374.434997558594),(-134.370956420898,112.838005065918,373.252960205078),(-134.243957519531,112.015007019043,373.224975585938),(-116.409950256348,147.065002441406,327.777984619141),(-142.295944213867,121.853019714355,327.745971679688),(-141.554946899414,121.430015563965,327.012969970703),(-142.118957519531,120.932014465332,328.131988525391),(-141.809951782227,122.25301361084,327.213989257812),(-116.784942626953,146.624008178711,327.238983154297),(-115.950950622559,146.233016967773,326.985992431641),(-120.120964050293,99.,326.654968261719),(-89.2439575195312,119.912994384766,326.657989501953),(-115.440948486328,146.889999389648,328.171966552734),(-67.5219650268555,99.7149963378906,326.940979003906),(-96.057975769043,74.2670059204102,326.837951660156),(-80.8439788818359,56.273998260498,326.946990966797),(-96.6909713745117,73.1970062255859,327.794982910156),(-81.1839828491211,55.3809967041016,328.129974365234),(-81.1809768676758,55.3779983520508,373.232971191406),(-117.,94.1810073852539,328.206970214844),(-97.1279678344727,73.6209945678711,373.190979003906),(-133.476959228516,111.809005737305,374.065002441406),(-80.2909851074219,55.5849952697754,374.433959960938),(-95.1449737548828,72.6759948730469,374.431976318359),(-50.9359703063965,84.9139785766602,374.434997558594),(-114.649963378906,93.8970031738281,374.790985107422),(-67.3649826049805,37.5139923095703,374.578979492188),(-71.1579818725586,41.3889923095703,374.304992675781),(-71.8259811401367,41.1759910583496,373.233978271484),(-66.2319946289062,32.1769905090332,374.304992675781),(-66.8449859619141,31.8789901733398,373.234954833984),(-62.473991394043,22.2749919891357,374.303985595703),(-60.4919929504395,13.275990486145,374.303985595703),(-63.0799865722656,21.9429912567139,373.236999511719),(-61.1119956970215,12.9019908905029,373.239959716797),(-66.8479919433594,31.8829956054688,328.130981445312),(-63.0819892883301,21.9469947814941,328.131988525391),(-66.4149856567383,32.5889930725098,327.052978515625),(-62.5819892883301,22.6589946746826,327.050994873047),(-61.1139907836914,12.9059944152832,328.132965087891),(-60.6129951477051,3.89699149131775,373.223968505859),(-60.5329895019531,13.6359949111938,327.048980712891),(-60.6129951477051,3.88299465179443,328.136993408203),(-61.1119995117188,-5.16500425338745,328.120971679688),(-59.794994354248,4.32099485397339,326.951995849609),(-61.1139945983887,-5.16900825500488,373.227996826172),(-63.0820045471191,-14.3690061569214,373.22998046875),(-62.5820045471191,-15.0660066604614,374.311981201172),(-60.5320014953613,-5.87700796127319,374.31298828125),(-66.4170074462891,-25.3210048675537,374.309967041016),(-67.0380020141602,-29.7790031433105,374.577972412109),(-81.3520126342773,-50.1539993286133,374.435974121094),(-71.4490051269531,-35.0550003051758,374.308990478516),(-66.8480072021484,-24.6230030059814,373.23095703125),(-71.8300094604492,-34.3710021972656,373.231994628906),(-81.6370086669922,-49.1639976501465,373.232971191406),(-71.8270111083984,-34.3659973144531,328.126983642578),(-66.8450012207031,-24.6190013885498,328.126007080078),(-63.0800018310547,-14.3640041351318,328.123962402344),(-66.2280044555664,-24.8810024261475,327.055969238281),(-62.4720001220703,-14.6660041809082,327.055969238281),(-60.226001739502,-11.5470037460327,326.782989501953),(-60.4909973144531,-5.51200485229492,327.056976318359),(-67.9169998168945,-31.5070018768311,326.782989501953),(-19.6510162353516,-59.6840171813965,326.846954345703),(-80.7360076904297,-49.2849960327148,326.946990966797),(-71.1910095214844,-34.6099967956543,327.054992675781),(-53.6060218811035,-79.8949966430664,326.883972167969),(-96.1920166015625,-67.8979873657227,326.919982910156),(-100.,-124.715980529785,326.511993408203),(-127.810020446777,-102.35498046875,326.385986328125),(-135.075042724609,-158.925964355469,327.262969970703),(-97.2820281982422,-123.846984863281,328.197967529297),(-134.599029541016,-159.518981933594,328.440002441406),(-125.227043151855,-151.188980102539,373.522003173828),(-98.7320327758789,-125.684997558594,373.152984619141),(-125.,-150.431976318359,374.333984375),(-66.5390243530273,-92.97900390625,374.376983642578),(-96.7050170898438,-69.0439987182617,374.522979736328),(-95.9110336303711,-120.574996948242,374.927001953125),(-125.552032470703,-149.904968261719,374.760955810547),(-124.457023620605,-98.8629760742188,374.922973632812),(-151.288040161133,-125.152984619141,374.379974365234),(-98.6420135498047,-70.2549819946289,374.181976318359),(-97.421012878418,-68.0239944458008,373.198974609375),(-124.540023803711,-96.5709762573242,373.151977539062),(-152.178039550781,-125.053977966309,373.244964599609),(-97.4200134277344,-68.0279922485352,328.126983642578),(-125.490020751953,-97.4989776611328,328.230987548828),(-160.737030029297,-134.295959472656,328.177978515625),(-160.096038818359,-134.697967529297,327.),(-136.,-159.246978759766,327.475982666016),(-160.447036743164,-135.507965087891,327.237976074219),(-160.862030029297,-135.209976196289,327.715972900391),(-135.632034301758,-159.67497253418,327.936981201172),(-134.966033935547,-159.269973754883,331.302978515625),(-160.374038696289,-134.528961181641,331.379974365234),(-126.083038330078,-151.235977172852,373.950958251953),(-152.357025146484,-125.82698059082,373.232971191406),(-151.879028320312,-125.973976135254,374.078979492188),(-126.291046142578,-150.697982788086,374.432983398438),(-81.6340103149414,-49.1599960327148,328.127990722656),(-59.8939895629883,17.7479934692383,326.782989501953),(-66.5829849243164,36.,326.782989501953),(-71.4889831542969,41.9489974975586,327.053985595703),(-71.8299789428711,41.1809997558594,328.130981445312),(18.9730224609375,67.621955871582,374.051971435547),(26.5120220184326,71.2209625244141,373.226989746094),(19.4340209960938,66.9729614257812,374.508972167969),(37.2700233459473,75.1569595336914,374.453979492188),(80.291015625,55.5849418640137,374.433959960938),(50.9360198974609,84.913948059082,374.434997558594),(36.3740234375,75.6149597167969,373.231994628906),(49.9140205383301,85.1609497070312,373.231994628906),(36.3700256347656,75.6129608154297,328.124969482422),(26.5070209503174,71.2169647216797,328.126007080078),(49.9100227355957,85.1579513549805,328.127990722656),(67.3310241699219,100.684951782227,328.118988037109),(67.317024230957,100.682945251465,373.192962646484),(86.9070281982422,119.361930847168,373.186981201172),(69.0250244140625,101.192947387695,374.393981933594),(95.14501953125,72.6759414672852,374.431976318359),(87.3140335083008,117.632934570312,374.787963867188),(106.547035217285,137.814926147461,374.06396484375),(107.382034301758,137.590942382812,374.449005126953),(106.736038208008,138.525924682617,373.278991699219),(107.73104095459,138.373931884766,373.967987060547),(107.573043823242,138.702941894531,373.330993652344),(133.2490234375,112.608917236328,374.434997558594),(134.371017456055,112.837921142578,373.252960205078),(134.052017211914,112.898918151855,373.938995361328),(134.244018554688,112.014923095703,373.224975585938),(133.477020263672,111.808921813965,374.065002441406),(97.1280136108398,73.6209335327148,373.190979003906),(114.650024414062,93.8969268798828,374.790985107422),(81.1810073852539,55.3779411315918,373.232971191406),(96.6910171508789,73.1969375610352,327.794982910156),(117.,94.1809387207031,328.206970214844),(142.119033813477,120.931915283203,328.131988525391),(120.121025085449,99.,326.654968261719),(115.951042175293,146.232940673828,326.985992431641),(141.555038452148,121.42992401123,327.012969970703),(89.2440338134766,119.912940979004,326.657989501953),(96.0580215454102,74.2669372558594,326.837951660156),(67.5220260620117,99.7149505615234,326.940979003906),(115.441040039062,146.889938354492,328.171966552734),(90.1810302734375,122.24893951416,328.266998291016),(116.410041809082,147.064926147461,327.777984619141),(142.296035766602,121.852920532227,327.745971679688),(116.785034179688,146.623931884766,327.238983154297),(141.810043334961,122.252922058105,327.213989257812),(81.1840133666992,55.3809432983398,328.129974365234),(71.8260116577148,41.1759452819824,373.233978271484),(71.1580123901367,41.3889465332031,374.304992675781),(66.2320098876953,32.1769523620605,374.304992675781),(71.8269805908203,-34.3660469055176,328.126983642578),(81.6369857788086,-49.1640548706055,373.232971191406),(81.3519821166992,-50.154052734375,374.435974121094),(98.6419677734375,-70.2550506591797,374.181976318359),(124.456962585449,-98.8630599975586,374.922973632812),(96.7049713134766,-69.044059753418,374.522979736328),(50.5939674377441,-77.9120407104492,374.432983398438),(95.9109573364258,-120.575057983398,374.927001953125),(66.5389633178711,-92.9790420532227,374.376983642578),(125.551948547363,-149.905059814453,374.760955810547),(126.290954589844,-150.69807434082,374.432983398438),(36.5449752807617,-67.8810348510742,374.459991455078),(20.556978225708,-60.1830291748047,374.454986572266),(127.809967041016,-102.35506439209,326.385986328125),(136.,-159.247055053711,327.475982666016),(160.44694519043,-135.508071899414,327.237976074219),(-20.5570182800293,-60.1830177307129,374.454986572266)));
#5385=IFCINDEXEDPOLYGONALFACE((1,2,6));
#5386=IFCINDEXEDPOLYGONALFACE((2,1,3));
#5387=IFCINDEXEDPOLYGONALFACE((4,3,1));
#5388=IFCINDEXEDPOLYGONALFACE((1,5,4));
#5389=IFCINDEXEDPOLYGONALFACE((5,1,7));
#5390=IFCINDEXEDPOLYGONALFACE((6,7,1));
#5391=IFCINDEXEDPOLYGONALFACE((9,7,8));
#5392=IFCINDEXEDPOLYGONALFACE((7,6,8));
#5393=IFCINDEXEDPOLYGONALFACE((7,9,5));
#5394=IFCINDEXEDPOLYGONALFACE((9,10,12));
#5395=IFCINDEXEDPOLYGONALFACE((10,9,11));
#5396=IFCINDEXEDPOLYGONALFACE((8,11,9));
#5397=IFCINDEXEDPOLYGONALFACE((12,5,9));
#5398=IFCINDEXEDPOLYGONALFACE((5,12,13));
#5399=IFCINDEXEDPOLYGONALFACE((12,14,13));
#5400=IFCINDEXEDPOLYGONALFACE((14,12,10));
#5401=IFCINDEXEDPOLYGONALFACE((15,13,14));
#5402=IFCINDEXEDPOLYGONALFACE((14,16,15));
#5403=IFCINDEXEDPOLYGONALFACE((16,14,17));
#5404=IFCINDEXEDPOLYGONALFACE((10,17,14));
#5405=IFCINDEXEDPOLYGONALFACE((17,10,18));
#5406=IFCINDEXEDPOLYGONALFACE((17,19,16));
#5407=IFCINDEXEDPOLYGONALFACE((19,17,18));
#5408=IFCINDEXEDPOLYGONALFACE((21,16,19));
#5409=IFCINDEXEDPOLYGONALFACE((18,20,19));
#5410=IFCINDEXEDPOLYGONALFACE((19,20,23));
#5411=IFCINDEXEDPOLYGONALFACE((19,22,21));
#5412=IFCINDEXEDPOLYGONALFACE((23,22,19));
#5413=IFCINDEXEDPOLYGONALFACE((25,22,23));
#5414=IFCINDEXEDPOLYGONALFACE((23,24,25));
#5415=IFCINDEXEDPOLYGONALFACE((24,23,26));
#5416=IFCINDEXEDPOLYGONALFACE((26,23,20));
#5417=IFCINDEXEDPOLYGONALFACE((26,20,27));
#5418=IFCINDEXEDPOLYGONALFACE((27,29,26));
#5419=IFCINDEXEDPOLYGONALFACE((24,26,28));
#5420=IFCINDEXEDPOLYGONALFACE((28,26,29));
#5421=IFCINDEXEDPOLYGONALFACE((30,31,29));
#5422=IFCINDEXEDPOLYGONALFACE((29,36,30));
#5423=IFCINDEXEDPOLYGONALFACE((31,28,29));
#5424=IFCINDEXEDPOLYGONALFACE((29,33,32));
#5425=IFCINDEXEDPOLYGONALFACE((29,32,36));
#5426=IFCINDEXEDPOLYGONALFACE((29,34,33));
#5427=IFCINDEXEDPOLYGONALFACE((29,35,34));
#5428=IFCINDEXEDPOLYGONALFACE((35,29,27));
#5429=IFCINDEXEDPOLYGONALFACE((30,36,37));
#5430=IFCINDEXEDPOLYGONALFACE((39,37,36));
#5431=IFCINDEXEDPOLYGONALFACE((36,38,39));
#5432=IFCINDEXEDPOLYGONALFACE((38,36,32));
#5433=IFCINDEXEDPOLYGONALFACE((39,41,40));
#5434=IFCINDEXEDPOLYGONALFACE((40,42,39));
#5435=IFCINDEXEDPOLYGONALFACE((41,39,38));
#5436=IFCINDEXEDPOLYGONALFACE((39,42,37));
#5437=IFCINDEXEDPOLYGONALFACE((43,37,42));
#5438=IFCINDEXEDPOLYGONALFACE((42,44,43));
#5439=IFCINDEXEDPOLYGONALFACE((45,44,42));
#5440=IFCINDEXEDPOLYGONALFACE((42,40,45));
#5441=IFCINDEXEDPOLYGONALFACE((46,47,45));
#5442=IFCINDEXEDPOLYGONALFACE((46,45,40));
#5443=IFCINDEXEDPOLYGONALFACE((48,45,47));
#5444=IFCINDEXEDPOLYGONALFACE((44,45,48));
#5445=IFCINDEXEDPOLYGONALFACE((50,48,49));
#5446=IFCINDEXEDPOLYGONALFACE((48,47,49));
#5447=IFCINDEXEDPOLYGONALFACE((48,50,44));
#5448=IFCINDEXEDPOLYGONALFACE((50,51,44));
#5449=IFCINDEXEDPOLYGONALFACE((51,50,52));
#5450=IFCINDEXEDPOLYGONALFACE((49,52,50));
#5451=IFCINDEXEDPOLYGONALFACE((51,52,53));
#5452=IFCINDEXEDPOLYGONALFACE((54,53,52));
#5453=IFCINDEXEDPOLYGONALFACE((52,49,55));
#5454=IFCINDEXEDPOLYGONALFACE((55,54,52));
#5455=IFCINDEXEDPOLYGONALFACE((49,56,55));
#5456=IFCINDEXEDPOLYGONALFACE((57,55,56));
#5457=IFCINDEXEDPOLYGONALFACE((58,54,55));
#5458=IFCINDEXEDPOLYGONALFACE((55,57,58));
#5459=IFCINDEXEDPOLYGONALFACE((58,62,59));
#5460=IFCINDEXEDPOLYGONALFACE((59,60,58));
#5461=IFCINDEXEDPOLYGONALFACE((61,54,58));
#5462=IFCINDEXEDPOLYGONALFACE((58,60,61));
#5463=IFCINDEXEDPOLYGONALFACE((62,58,57));
#5464=IFCINDEXEDPOLYGONALFACE((57,64,62));
#5465=IFCINDEXEDPOLYGONALFACE((63,65,62));
#5466=IFCINDEXEDPOLYGONALFACE((62,64,63));
#5467=IFCINDEXEDPOLYGONALFACE((59,62,65));
#5468=IFCINDEXEDPOLYGONALFACE((59,65,67));
#5469=IFCINDEXEDPOLYGONALFACE((66,67,65));
#5470=IFCINDEXEDPOLYGONALFACE((65,63,66));
#5471=IFCINDEXEDPOLYGONALFACE((67,31,59));
#5472=IFCINDEXEDPOLYGONALFACE((67,66,68));
#5473=IFCINDEXEDPOLYGONALFACE((31,67,69));
#5474=IFCINDEXEDPOLYGONALFACE((68,69,67));
#5475=IFCINDEXEDPOLYGONALFACE((69,72,31));
#5476=IFCINDEXEDPOLYGONALFACE((69,68,71));
#5477=IFCINDEXEDPOLYGONALFACE((71,70,69));
#5478=IFCINDEXEDPOLYGONALFACE((72,69,70));
#5479=IFCINDEXEDPOLYGONALFACE((72,28,31));
#5480=IFCINDEXEDPOLYGONALFACE((72,70,25));
#5481=IFCINDEXEDPOLYGONALFACE((25,24,72));
#5482=IFCINDEXEDPOLYGONALFACE((28,72,24));
#5483=IFCINDEXEDPOLYGONALFACE((73,75,71));
#5484=IFCINDEXEDPOLYGONALFACE((71,74,73));
#5485=IFCINDEXEDPOLYGONALFACE((74,71,68));
#5486=IFCINDEXEDPOLYGONALFACE((70,71,75));
#5487=IFCINDEXEDPOLYGONALFACE((75,73,76));
#5488=IFCINDEXEDPOLYGONALFACE((25,75,21));
#5489=IFCINDEXEDPOLYGONALFACE((76,21,75));
#5490=IFCINDEXEDPOLYGONALFACE((75,25,70));
#5491=IFCINDEXEDPOLYGONALFACE((76,15,16));
#5492=IFCINDEXEDPOLYGONALFACE((16,21,76));
#5493=IFCINDEXEDPOLYGONALFACE((77,76,73));
#5494=IFCINDEXEDPOLYGONALFACE((15,76,77));
#5495=IFCINDEXEDPOLYGONALFACE((77,73,87));
#5496=IFCINDEXEDPOLYGONALFACE((79,77,78));
#5497=IFCINDEXEDPOLYGONALFACE((77,86,78));
#5498=IFCINDEXEDPOLYGONALFACE((79,85,77));
#5499=IFCINDEXEDPOLYGONALFACE((83,80,77));
#5500=IFCINDEXEDPOLYGONALFACE((80,82,77));
#5501=IFCINDEXEDPOLYGONALFACE((81,77,84));
#5502=IFCINDEXEDPOLYGONALFACE((77,81,83));
#5503=IFCINDEXEDPOLYGONALFACE((85,15,77));
#5504=IFCINDEXEDPOLYGONALFACE((82,86,77));
#5505=IFCINDEXEDPOLYGONALFACE((87,84,77));
#5506=IFCINDEXEDPOLYGONALFACE((89,87,88));
#5507=IFCINDEXEDPOLYGONALFACE((88,87,73));
#5508=IFCINDEXEDPOLYGONALFACE((87,89,84));
#5509=IFCINDEXEDPOLYGONALFACE((89,90,91));
#5510=IFCINDEXEDPOLYGONALFACE((90,89,92));
#5511=IFCINDEXEDPOLYGONALFACE((91,84,89));
#5512=IFCINDEXEDPOLYGONALFACE((88,92,89));
#5513=IFCINDEXEDPOLYGONALFACE((92,94,90));
#5514=IFCINDEXEDPOLYGONALFACE((88,93,92));
#5515=IFCINDEXEDPOLYGONALFACE((94,92,93));
#5516=IFCINDEXEDPOLYGONALFACE((96,94,95));
#5517=IFCINDEXEDPOLYGONALFACE((93,95,94));
#5518=IFCINDEXEDPOLYGONALFACE((97,90,94));
#5519=IFCINDEXEDPOLYGONALFACE((94,96,97));
#5520=IFCINDEXEDPOLYGONALFACE((97,34,35));
#5521=IFCINDEXEDPOLYGONALFACE((34,97,96));
#5522=IFCINDEXEDPOLYGONALFACE((35,98,97));
#5523=IFCINDEXEDPOLYGONALFACE((90,97,98));
#5524=IFCINDEXEDPOLYGONALFACE((98,91,90));
#5525=IFCINDEXEDPOLYGONALFACE((91,98,99));
#5526=IFCINDEXEDPOLYGONALFACE((98,35,99));
#5527=IFCINDEXEDPOLYGONALFACE((99,81,91));
#5528=IFCINDEXEDPOLYGONALFACE((81,99,101));
#5529=IFCINDEXEDPOLYGONALFACE((27,99,35));
#5530=IFCINDEXEDPOLYGONALFACE((99,27,100));
#5531=IFCINDEXEDPOLYGONALFACE((100,101,99));
#5532=IFCINDEXEDPOLYGONALFACE((101,104,81));
#5533=IFCINDEXEDPOLYGONALFACE((102,103,101));
#5534=IFCINDEXEDPOLYGONALFACE((101,100,102));
#5535=IFCINDEXEDPOLYGONALFACE((104,101,103));
#5536=IFCINDEXEDPOLYGONALFACE((104,83,81));
#5537=IFCINDEXEDPOLYGONALFACE((103,105,104));
#5538=IFCINDEXEDPOLYGONALFACE((83,104,105));
#5539=IFCINDEXEDPOLYGONALFACE((108,106,105));
#5540=IFCINDEXEDPOLYGONALFACE((107,105,106));
#5541=IFCINDEXEDPOLYGONALFACE((105,107,83));
#5542=IFCINDEXEDPOLYGONALFACE((105,103,108));
#5543=IFCINDEXEDPOLYGONALFACE((109,108,103));
#5544=IFCINDEXEDPOLYGONALFACE((108,109,111));
#5545=IFCINDEXEDPOLYGONALFACE((106,108,110));
#5546=IFCINDEXEDPOLYGONALFACE((111,110,108));
#5547=IFCINDEXEDPOLYGONALFACE((111,113,112));
#5548=IFCINDEXEDPOLYGONALFACE((110,111,112));
#5549=IFCINDEXEDPOLYGONALFACE((113,111,109));
#5550=IFCINDEXEDPOLYGONALFACE((113,115,114));
#5551=IFCINDEXEDPOLYGONALFACE((114,112,113));
#5552=IFCINDEXEDPOLYGONALFACE((116,115,113));
#5553=IFCINDEXEDPOLYGONALFACE((113,117,116));
#5554=IFCINDEXEDPOLYGONALFACE((102,117,113));
#5555=IFCINDEXEDPOLYGONALFACE((113,109,102));
#5556=IFCINDEXEDPOLYGONALFACE((27,116,117));
#5557=IFCINDEXEDPOLYGONALFACE((117,100,27));
#5558=IFCINDEXEDPOLYGONALFACE((117,102,100));
#5559=IFCINDEXEDPOLYGONALFACE((120,115,116));
#5560=IFCINDEXEDPOLYGONALFACE((27,118,116));
#5561=IFCINDEXEDPOLYGONALFACE((121,116,118));
#5562=IFCINDEXEDPOLYGONALFACE((116,121,119));
#5563=IFCINDEXEDPOLYGONALFACE((119,120,116));
#5564=IFCINDEXEDPOLYGONALFACE((122,119,121));
#5565=IFCINDEXEDPOLYGONALFACE((121,124,122));
#5566=IFCINDEXEDPOLYGONALFACE((118,123,121));
#5567=IFCINDEXEDPOLYGONALFACE((121,123,125));
#5568=IFCINDEXEDPOLYGONALFACE((125,124,121));
#5569=IFCINDEXEDPOLYGONALFACE((127,126,125));
#5570=IFCINDEXEDPOLYGONALFACE((128,125,126));
#5571=IFCINDEXEDPOLYGONALFACE((125,123,127));
#5572=IFCINDEXEDPOLYGONALFACE((124,125,128));
#5573=IFCINDEXEDPOLYGONALFACE((126,129,128));
#5574=IFCINDEXEDPOLYGONALFACE((128,82,124));
#5575=IFCINDEXEDPOLYGONALFACE((82,128,86));
#5576=IFCINDEXEDPOLYGONALFACE((86,128,129));
#5577=IFCINDEXEDPOLYGONALFACE((131,129,126));
#5578=IFCINDEXEDPOLYGONALFACE((129,131,130));
#5579=IFCINDEXEDPOLYGONALFACE((130,86,129));
#5580=IFCINDEXEDPOLYGONALFACE((132,130,131));
#5581=IFCINDEXEDPOLYGONALFACE((132,131,133));
#5582=IFCINDEXEDPOLYGONALFACE((134,133,131));
#5583=IFCINDEXEDPOLYGONALFACE((126,134,131));
#5584=IFCINDEXEDPOLYGONALFACE((134,126,127));
#5585=IFCINDEXEDPOLYGONALFACE((127,135,134));
#5586=IFCINDEXEDPOLYGONALFACE((133,134,135));
#5587=IFCINDEXEDPOLYGONALFACE((137,136,135));
#5588=IFCINDEXEDPOLYGONALFACE((138,135,136));
#5589=IFCINDEXEDPOLYGONALFACE((135,127,137));
#5590=IFCINDEXEDPOLYGONALFACE((135,138,133));
#5591=IFCINDEXEDPOLYGONALFACE((140,138,136));
#5592=IFCINDEXEDPOLYGONALFACE((139,133,138));
#5593=IFCINDEXEDPOLYGONALFACE((138,140,139));
#5594=IFCINDEXEDPOLYGONALFACE((136,142,140));
#5595=IFCINDEXEDPOLYGONALFACE((141,139,140));
#5596=IFCINDEXEDPOLYGONALFACE((140,143,141));
#5597=IFCINDEXEDPOLYGONALFACE((143,140,142));
#5598=IFCINDEXEDPOLYGONALFACE((143,144,146));
#5599=IFCINDEXEDPOLYGONALFACE((144,143,145));
#5600=IFCINDEXEDPOLYGONALFACE((142,145,143));
#5601=IFCINDEXEDPOLYGONALFACE((146,141,143));
#5602=IFCINDEXEDPOLYGONALFACE((141,146,147));
#5603=IFCINDEXEDPOLYGONALFACE((147,146,148));
#5604=IFCINDEXEDPOLYGONALFACE((148,146,144));
#5605=IFCINDEXEDPOLYGONALFACE((149,148,150));
#5606=IFCINDEXEDPOLYGONALFACE((148,149,151));
#5607=IFCINDEXEDPOLYGONALFACE((144,150,148));
#5608=IFCINDEXEDPOLYGONALFACE((151,147,148));
#5609=IFCINDEXEDPOLYGONALFACE((149,154,151));
#5610=IFCINDEXEDPOLYGONALFACE((152,151,154));
#5611=IFCINDEXEDPOLYGONALFACE((151,152,153));
#5612=IFCINDEXEDPOLYGONALFACE((153,147,151));
#5613=IFCINDEXEDPOLYGONALFACE((154,155,157));
#5614=IFCINDEXEDPOLYGONALFACE((158,155,154));
#5615=IFCINDEXEDPOLYGONALFACE((154,149,156));
#5616=IFCINDEXEDPOLYGONALFACE((158,154,156));
#5617=IFCINDEXEDPOLYGONALFACE((157,152,154));
#5618=IFCINDEXEDPOLYGONALFACE((159,158,161));
#5619=IFCINDEXEDPOLYGONALFACE((155,158,159));
#5620=IFCINDEXEDPOLYGONALFACE((158,156,160));
#5621=IFCINDEXEDPOLYGONALFACE((160,161,158));
#5622=IFCINDEXEDPOLYGONALFACE((161,163,159));
#5623=IFCINDEXEDPOLYGONALFACE((161,164,162));
#5624=IFCINDEXEDPOLYGONALFACE((163,161,162));
#5625=IFCINDEXEDPOLYGONALFACE((165,164,161));
#5626=IFCINDEXEDPOLYGONALFACE((161,160,165));
#5627=IFCINDEXEDPOLYGONALFACE((165,160,166));
#5628=IFCINDEXEDPOLYGONALFACE((164,165,166));
#5629=IFCINDEXEDPOLYGONALFACE((167,162,166));
#5630=IFCINDEXEDPOLYGONALFACE((166,168,167));
#5631=IFCINDEXEDPOLYGONALFACE((168,166,169));
#5632=IFCINDEXEDPOLYGONALFACE((166,162,164));
#5633=IFCINDEXEDPOLYGONALFACE((169,166,160));
#5634=IFCINDEXEDPOLYGONALFACE((150,169,149));
#5635=IFCINDEXEDPOLYGONALFACE((156,149,169));
#5636=IFCINDEXEDPOLYGONALFACE((169,150,168));
#5637=IFCINDEXEDPOLYGONALFACE((169,160,156));
#5638=IFCINDEXEDPOLYGONALFACE((168,150,144));
#5639=IFCINDEXEDPOLYGONALFACE((144,170,168));
#5640=IFCINDEXEDPOLYGONALFACE((171,167,168));
#5641=IFCINDEXEDPOLYGONALFACE((168,170,171));
#5642=IFCINDEXEDPOLYGONALFACE((145,172,171));
#5643=IFCINDEXEDPOLYGONALFACE((171,170,145));
#5644=IFCINDEXEDPOLYGONALFACE((172,173,171));
#5645=IFCINDEXEDPOLYGONALFACE((171,173,167));
#5646=IFCINDEXEDPOLYGONALFACE((173,174,175));
#5647=IFCINDEXEDPOLYGONALFACE((173,172,174));
#5648=IFCINDEXEDPOLYGONALFACE((175,177,173));
#5649=IFCINDEXEDPOLYGONALFACE((176,167,173));
#5650=IFCINDEXEDPOLYGONALFACE((177,176,173));
#5651=IFCINDEXEDPOLYGONALFACE((176,177,159));
#5652=IFCINDEXEDPOLYGONALFACE((178,159,177));
#5653=IFCINDEXEDPOLYGONALFACE((177,175,179));
#5654=IFCINDEXEDPOLYGONALFACE((177,180,178));
#5655=IFCINDEXEDPOLYGONALFACE((179,180,177));
#5656=IFCINDEXEDPOLYGONALFACE((181,147,180));
#5657=IFCINDEXEDPOLYGONALFACE((180,179,181));
#5658=IFCINDEXEDPOLYGONALFACE((180,147,153));
#5659=IFCINDEXEDPOLYGONALFACE((178,180,182));
#5660=IFCINDEXEDPOLYGONALFACE((153,182,180));
#5661=IFCINDEXEDPOLYGONALFACE((182,157,178));
#5662=IFCINDEXEDPOLYGONALFACE((152,157,182));
#5663=IFCINDEXEDPOLYGONALFACE((182,153,152));
#5664=IFCINDEXEDPOLYGONALFACE((132,181,179));
#5665=IFCINDEXEDPOLYGONALFACE((147,181,141));
#5666=IFCINDEXEDPOLYGONALFACE((181,132,139));
#5667=IFCINDEXEDPOLYGONALFACE((139,141,181));
#5668=IFCINDEXEDPOLYGONALFACE((179,184,183));
#5669=IFCINDEXEDPOLYGONALFACE((179,183,132));
#5670=IFCINDEXEDPOLYGONALFACE((184,179,175));
#5671=IFCINDEXEDPOLYGONALFACE((184,186,183));
#5672=IFCINDEXEDPOLYGONALFACE((186,184,185));
#5673=IFCINDEXEDPOLYGONALFACE((175,185,184));
#5674=IFCINDEXEDPOLYGONALFACE((78,183,186));
#5675=IFCINDEXEDPOLYGONALFACE((185,187,186));
#5676=IFCINDEXEDPOLYGONALFACE((186,188,78));
#5677=IFCINDEXEDPOLYGONALFACE((188,186,187));
#5678=IFCINDEXEDPOLYGONALFACE((188,189,78));
#5679=IFCINDEXEDPOLYGONALFACE((187,190,188));
#5680=IFCINDEXEDPOLYGONALFACE((189,188,190));
#5681=IFCINDEXEDPOLYGONALFACE((190,187,192));
#5682=IFCINDEXEDPOLYGONALFACE((190,191,189));
#5683=IFCINDEXEDPOLYGONALFACE((191,190,193));
#5684=IFCINDEXEDPOLYGONALFACE((192,193,190));
#5685=IFCINDEXEDPOLYGONALFACE((194,195,193));
#5686=IFCINDEXEDPOLYGONALFACE((193,192,194));
#5687=IFCINDEXEDPOLYGONALFACE((196,193,195));
#5688=IFCINDEXEDPOLYGONALFACE((193,196,191));
#5689=IFCINDEXEDPOLYGONALFACE((197,191,196));
#5690=IFCINDEXEDPOLYGONALFACE((196,199,197));
#5691=IFCINDEXEDPOLYGONALFACE((195,198,196));
#5692=IFCINDEXEDPOLYGONALFACE((199,196,198));
#5693=IFCINDEXEDPOLYGONALFACE((202,197,199));
#5694=IFCINDEXEDPOLYGONALFACE((199,200,202));
#5695=IFCINDEXEDPOLYGONALFACE((200,199,201));
#5696=IFCINDEXEDPOLYGONALFACE((198,201,199));
#5697=IFCINDEXEDPOLYGONALFACE((203,202,200));
#5698=IFCINDEXEDPOLYGONALFACE((202,203,204));
#5699=IFCINDEXEDPOLYGONALFACE((204,205,202));
#5700=IFCINDEXEDPOLYGONALFACE((197,202,205));
#5701=IFCINDEXEDPOLYGONALFACE((205,204,85));
#5702=IFCINDEXEDPOLYGONALFACE((205,79,197));
#5703=IFCINDEXEDPOLYGONALFACE((79,205,85));
#5704=IFCINDEXEDPOLYGONALFACE((204,206,207));
#5705=IFCINDEXEDPOLYGONALFACE((206,204,203));
#5706=IFCINDEXEDPOLYGONALFACE((207,85,204));
#5707=IFCINDEXEDPOLYGONALFACE((208,207,209));
#5708=IFCINDEXEDPOLYGONALFACE((4,207,208));
#5709=IFCINDEXEDPOLYGONALFACE((207,4,15));
#5710=IFCINDEXEDPOLYGONALFACE((15,85,207));
#5711=IFCINDEXEDPOLYGONALFACE((206,209,207));
#5712=IFCINDEXEDPOLYGONALFACE((209,206,210));
#5713=IFCINDEXEDPOLYGONALFACE((210,211,209));
#5714=IFCINDEXEDPOLYGONALFACE((208,209,211));
#5715=IFCINDEXEDPOLYGONALFACE((212,211,213));
#5716=IFCINDEXEDPOLYGONALFACE((211,212,208));
#5717=IFCINDEXEDPOLYGONALFACE((211,210,214));
#5718=IFCINDEXEDPOLYGONALFACE((214,213,211));
#5719=IFCINDEXEDPOLYGONALFACE((213,214,216));
#5720=IFCINDEXEDPOLYGONALFACE((215,214,210));
#5721=IFCINDEXEDPOLYGONALFACE((214,215,217));
#5722=IFCINDEXEDPOLYGONALFACE((217,216,214));
#5723=IFCINDEXEDPOLYGONALFACE((216,217,218));
#5724=IFCINDEXEDPOLYGONALFACE((217,219,218));
#5725=IFCINDEXEDPOLYGONALFACE((219,217,215));
#5726=IFCINDEXEDPOLYGONALFACE((215,200,219));
#5727=IFCINDEXEDPOLYGONALFACE((201,219,200));
#5728=IFCINDEXEDPOLYGONALFACE((201,218,219));
#5729=IFCINDEXEDPOLYGONALFACE((218,220,216));
#5730=IFCINDEXEDPOLYGONALFACE((220,218,221));
#5731=IFCINDEXEDPOLYGONALFACE((218,20,221));
#5732=IFCINDEXEDPOLYGONALFACE((20,218,27));
#5733=IFCINDEXEDPOLYGONALFACE((218,201,27));
#5734=IFCINDEXEDPOLYGONALFACE((220,221,11));
#5735=IFCINDEXEDPOLYGONALFACE((11,221,18));
#5736=IFCINDEXEDPOLYGONALFACE((20,18,221));
#5737=IFCINDEXEDPOLYGONALFACE((220,11,224));
#5738=IFCINDEXEDPOLYGONALFACE((222,223,220));
#5739=IFCINDEXEDPOLYGONALFACE((224,222,220));
#5740=IFCINDEXEDPOLYGONALFACE((223,216,220));
#5741=IFCINDEXEDPOLYGONALFACE((225,224,226));
#5742=IFCINDEXEDPOLYGONALFACE((225,222,224));
#5743=IFCINDEXEDPOLYGONALFACE((11,8,224));
#5744=IFCINDEXEDPOLYGONALFACE((224,8,226));
#5745=IFCINDEXEDPOLYGONALFACE((226,227,225));
#5746=IFCINDEXEDPOLYGONALFACE((227,226,228));
#5747=IFCINDEXEDPOLYGONALFACE((228,226,229));
#5748=IFCINDEXEDPOLYGONALFACE((229,226,8));
#5749=IFCINDEXEDPOLYGONALFACE((231,230,229));
#5750=IFCINDEXEDPOLYGONALFACE((229,230,228));
#5751=IFCINDEXEDPOLYGONALFACE((229,232,231));
#5752=IFCINDEXEDPOLYGONALFACE((232,229,6));
#5753=IFCINDEXEDPOLYGONALFACE((8,6,229));
#5754=IFCINDEXEDPOLYGONALFACE((233,231,232));
#5755=IFCINDEXEDPOLYGONALFACE((232,234,233));
#5756=IFCINDEXEDPOLYGONALFACE((234,232,2));
#5757=IFCINDEXEDPOLYGONALFACE((6,2,232));
#5758=IFCINDEXEDPOLYGONALFACE((236,234,235));
#5759=IFCINDEXEDPOLYGONALFACE((235,234,3));
#5760=IFCINDEXEDPOLYGONALFACE((3,234,2));
#5761=IFCINDEXEDPOLYGONALFACE((233,234,236));
#5762=IFCINDEXEDPOLYGONALFACE((236,237,233));
#5763=IFCINDEXEDPOLYGONALFACE((237,236,238));
#5764=IFCINDEXEDPOLYGONALFACE((235,238,236));
#5765=IFCINDEXEDPOLYGONALFACE((238,239,237));
#5766=IFCINDEXEDPOLYGONALFACE((238,240,239));
#5767=IFCINDEXEDPOLYGONALFACE((240,238,235));
#5768=IFCINDEXEDPOLYGONALFACE((239,240,242));
#5769=IFCINDEXEDPOLYGONALFACE((240,208,212));
#5770=IFCINDEXEDPOLYGONALFACE((212,241,240));
#5771=IFCINDEXEDPOLYGONALFACE((240,241,242));
#5772=IFCINDEXEDPOLYGONALFACE((208,240,235));
#5773=IFCINDEXEDPOLYGONALFACE((242,243,239));
#5774=IFCINDEXEDPOLYGONALFACE((243,242,245));
#5775=IFCINDEXEDPOLYGONALFACE((242,241,244));
#5776=IFCINDEXEDPOLYGONALFACE((244,245,242));
#5777=IFCINDEXEDPOLYGONALFACE((245,246,243));
#5778=IFCINDEXEDPOLYGONALFACE((247,246,245));
#5779=IFCINDEXEDPOLYGONALFACE((245,225,247));
#5780=IFCINDEXEDPOLYGONALFACE((225,245,244));
#5781=IFCINDEXEDPOLYGONALFACE((246,247,250));
#5782=IFCINDEXEDPOLYGONALFACE((247,228,248));
#5783=IFCINDEXEDPOLYGONALFACE((228,247,227));
#5784=IFCINDEXEDPOLYGONALFACE((247,225,227));
#5785=IFCINDEXEDPOLYGONALFACE((248,249,247));
#5786=IFCINDEXEDPOLYGONALFACE((249,250,247));
#5787=IFCINDEXEDPOLYGONALFACE((246,250,253));
#5788=IFCINDEXEDPOLYGONALFACE((251,250,249));
#5789=IFCINDEXEDPOLYGONALFACE((250,251,252));
#5790=IFCINDEXEDPOLYGONALFACE((250,252,253));
#5791=IFCINDEXEDPOLYGONALFACE((246,253,255));
#5792=IFCINDEXEDPOLYGONALFACE((253,252,254));
#5793=IFCINDEXEDPOLYGONALFACE((254,255,253));
#5794=IFCINDEXEDPOLYGONALFACE((255,243,246));
#5795=IFCINDEXEDPOLYGONALFACE((256,243,255));
#5796=IFCINDEXEDPOLYGONALFACE((254,256,255));
#5797=IFCINDEXEDPOLYGONALFACE((256,257,237));
#5798=IFCINDEXEDPOLYGONALFACE((237,239,256));
#5799=IFCINDEXEDPOLYGONALFACE((243,256,239));
#5800=IFCINDEXEDPOLYGONALFACE((256,254,257));
#5801=IFCINDEXEDPOLYGONALFACE((233,237,257));
#5802=IFCINDEXEDPOLYGONALFACE((257,254,233));
#5803=IFCINDEXEDPOLYGONALFACE((231,233,254));
#5804=IFCINDEXEDPOLYGONALFACE((231,254,252));
#5805=IFCINDEXEDPOLYGONALFACE((252,230,231));
#5806=IFCINDEXEDPOLYGONALFACE((252,251,230));
#5807=IFCINDEXEDPOLYGONALFACE((230,251,228));
#5808=IFCINDEXEDPOLYGONALFACE((251,248,228));
#5809=IFCINDEXEDPOLYGONALFACE((249,248,251));
#5810=IFCINDEXEDPOLYGONALFACE((222,225,244));
#5811=IFCINDEXEDPOLYGONALFACE((244,258,222));
#5812=IFCINDEXEDPOLYGONALFACE((258,244,241));
#5813=IFCINDEXEDPOLYGONALFACE((241,212,258));
#5814=IFCINDEXEDPOLYGONALFACE((213,258,212));
#5815=IFCINDEXEDPOLYGONALFACE((223,222,258));
#5816=IFCINDEXEDPOLYGONALFACE((258,213,223));
#5817=IFCINDEXEDPOLYGONALFACE((3,208,235));
#5818=IFCINDEXEDPOLYGONALFACE((216,223,213));
#5819=IFCINDEXEDPOLYGONALFACE((210,203,215));
#5820=IFCINDEXEDPOLYGONALFACE((200,215,203));
#5821=IFCINDEXEDPOLYGONALFACE((203,210,206));
#5822=IFCINDEXEDPOLYGONALFACE((208,3,4));
#5823=IFCINDEXEDPOLYGONALFACE((201,259,27));
#5824=IFCINDEXEDPOLYGONALFACE((201,198,259));
#5825=IFCINDEXEDPOLYGONALFACE((260,259,195));
#5826=IFCINDEXEDPOLYGONALFACE((137,259,260));
#5827=IFCINDEXEDPOLYGONALFACE((259,137,27));
#5828=IFCINDEXEDPOLYGONALFACE((198,195,259));
#5829=IFCINDEXEDPOLYGONALFACE((172,260,261));
#5830=IFCINDEXEDPOLYGONALFACE((260,172,145));
#5831=IFCINDEXEDPOLYGONALFACE((145,142,260));
#5832=IFCINDEXEDPOLYGONALFACE((260,142,137));
#5833=IFCINDEXEDPOLYGONALFACE((194,261,260));
#5834=IFCINDEXEDPOLYGONALFACE((195,194,260));
#5835=IFCINDEXEDPOLYGONALFACE((261,194,192));
#5836=IFCINDEXEDPOLYGONALFACE((192,262,261));
#5837=IFCINDEXEDPOLYGONALFACE((172,261,262));
#5838=IFCINDEXEDPOLYGONALFACE((174,262,185));
#5839=IFCINDEXEDPOLYGONALFACE((262,174,172));
#5840=IFCINDEXEDPOLYGONALFACE((262,192,187));
#5841=IFCINDEXEDPOLYGONALFACE((187,185,262));
#5842=IFCINDEXEDPOLYGONALFACE((191,197,79));
#5843=IFCINDEXEDPOLYGONALFACE((79,189,191));
#5844=IFCINDEXEDPOLYGONALFACE((79,78,189));
#5845=IFCINDEXEDPOLYGONALFACE((185,175,174));
#5846=IFCINDEXEDPOLYGONALFACE((183,130,132));
#5847=IFCINDEXEDPOLYGONALFACE((183,78,130));
#5848=IFCINDEXEDPOLYGONALFACE((159,178,155));
#5849=IFCINDEXEDPOLYGONALFACE((157,155,178));
#5850=IFCINDEXEDPOLYGONALFACE((159,163,176));
#5851=IFCINDEXEDPOLYGONALFACE((167,176,163));
#5852=IFCINDEXEDPOLYGONALFACE((145,170,144));
#5853=IFCINDEXEDPOLYGONALFACE((163,162,167));
#5854=IFCINDEXEDPOLYGONALFACE((137,142,136));
#5855=IFCINDEXEDPOLYGONALFACE((133,139,132));
#5856=IFCINDEXEDPOLYGONALFACE((137,118,27));
#5857=IFCINDEXEDPOLYGONALFACE((118,137,127));
#5858=IFCINDEXEDPOLYGONALFACE((86,130,78));
#5859=IFCINDEXEDPOLYGONALFACE((127,123,118));
#5860=IFCINDEXEDPOLYGONALFACE((263,122,124));
#5861=IFCINDEXEDPOLYGONALFACE((124,82,263));
#5862=IFCINDEXEDPOLYGONALFACE((263,264,122));
#5863=IFCINDEXEDPOLYGONALFACE((264,263,266));
#5864=IFCINDEXEDPOLYGONALFACE((265,263,82));
#5865=IFCINDEXEDPOLYGONALFACE((263,265,266));
#5866=IFCINDEXEDPOLYGONALFACE((266,269,264));
#5867=IFCINDEXEDPOLYGONALFACE((266,265,80));
#5868=IFCINDEXEDPOLYGONALFACE((266,80,267));
#5869=IFCINDEXEDPOLYGONALFACE((267,268,266));
#5870=IFCINDEXEDPOLYGONALFACE((269,266,268));
#5871=IFCINDEXEDPOLYGONALFACE((271,269,270));
#5872=IFCINDEXEDPOLYGONALFACE((268,270,269));
#5873=IFCINDEXEDPOLYGONALFACE((272,264,269));
#5874=IFCINDEXEDPOLYGONALFACE((269,271,272));
#5875=IFCINDEXEDPOLYGONALFACE((120,119,272));
#5876=IFCINDEXEDPOLYGONALFACE((120,272,271));
#5877=IFCINDEXEDPOLYGONALFACE((264,272,119));
#5878=IFCINDEXEDPOLYGONALFACE((270,273,271));
#5879=IFCINDEXEDPOLYGONALFACE((115,271,273));
#5880=IFCINDEXEDPOLYGONALFACE((271,115,120));
#5881=IFCINDEXEDPOLYGONALFACE((275,274,273));
#5882=IFCINDEXEDPOLYGONALFACE((114,273,274));
#5883=IFCINDEXEDPOLYGONALFACE((273,114,115));
#5884=IFCINDEXEDPOLYGONALFACE((273,270,275));
#5885=IFCINDEXEDPOLYGONALFACE((274,275,276));
#5886=IFCINDEXEDPOLYGONALFACE((276,275,277));
#5887=IFCINDEXEDPOLYGONALFACE((277,275,270));
#5888=IFCINDEXEDPOLYGONALFACE((279,277,278));
#5889=IFCINDEXEDPOLYGONALFACE((278,277,268));
#5890=IFCINDEXEDPOLYGONALFACE((276,277,280));
#5891=IFCINDEXEDPOLYGONALFACE((280,277,279));
#5892=IFCINDEXEDPOLYGONALFACE((270,268,277));
#5893=IFCINDEXEDPOLYGONALFACE((280,282,276));
#5894=IFCINDEXEDPOLYGONALFACE((279,281,280));
#5895=IFCINDEXEDPOLYGONALFACE((283,280,281));
#5896=IFCINDEXEDPOLYGONALFACE((280,283,282));
#5897=IFCINDEXEDPOLYGONALFACE((284,282,283));
#5898=IFCINDEXEDPOLYGONALFACE((286,284,283));
#5899=IFCINDEXEDPOLYGONALFACE((285,287,283));
#5900=IFCINDEXEDPOLYGONALFACE((283,281,285));
#5901=IFCINDEXEDPOLYGONALFACE((286,283,287));
#5902=IFCINDEXEDPOLYGONALFACE((288,286,287));
#5903=IFCINDEXEDPOLYGONALFACE((287,289,288));
#5904=IFCINDEXEDPOLYGONALFACE((289,287,285));
#5905=IFCINDEXEDPOLYGONALFACE((290,288,289));
#5906=IFCINDEXEDPOLYGONALFACE((289,278,290));
#5907=IFCINDEXEDPOLYGONALFACE((291,278,289));
#5908=IFCINDEXEDPOLYGONALFACE((289,285,291));
#5909=IFCINDEXEDPOLYGONALFACE((281,279,291));
#5910=IFCINDEXEDPOLYGONALFACE((291,285,281));
#5911=IFCINDEXEDPOLYGONALFACE((278,291,279));
#5912=IFCINDEXEDPOLYGONALFACE((288,290,294));
#5913=IFCINDEXEDPOLYGONALFACE((290,278,267));
#5914=IFCINDEXEDPOLYGONALFACE((293,290,292));
#5915=IFCINDEXEDPOLYGONALFACE((267,292,290));
#5916=IFCINDEXEDPOLYGONALFACE((293,294,290));
#5917=IFCINDEXEDPOLYGONALFACE((294,295,288));
#5918=IFCINDEXEDPOLYGONALFACE((295,294,296));
#5919=IFCINDEXEDPOLYGONALFACE((293,296,294));
#5920=IFCINDEXEDPOLYGONALFACE((296,299,297));
#5921=IFCINDEXEDPOLYGONALFACE((297,298,296));
#5922=IFCINDEXEDPOLYGONALFACE((296,298,295));
#5923=IFCINDEXEDPOLYGONALFACE((296,293,300));
#5924=IFCINDEXEDPOLYGONALFACE((299,296,300));
#5925=IFCINDEXEDPOLYGONALFACE((114,301,300));
#5926=IFCINDEXEDPOLYGONALFACE((300,112,114));
#5927=IFCINDEXEDPOLYGONALFACE((300,293,112));
#5928=IFCINDEXEDPOLYGONALFACE((300,301,299));
#5929=IFCINDEXEDPOLYGONALFACE((299,301,274));
#5930=IFCINDEXEDPOLYGONALFACE((274,301,114));
#5931=IFCINDEXEDPOLYGONALFACE((302,297,299));
#5932=IFCINDEXEDPOLYGONALFACE((299,303,302));
#5933=IFCINDEXEDPOLYGONALFACE((274,303,299));
#5934=IFCINDEXEDPOLYGONALFACE((282,302,303));
#5935=IFCINDEXEDPOLYGONALFACE((276,303,274));
#5936=IFCINDEXEDPOLYGONALFACE((303,276,282));
#5937=IFCINDEXEDPOLYGONALFACE((304,297,302));
#5938=IFCINDEXEDPOLYGONALFACE((284,304,302));
#5939=IFCINDEXEDPOLYGONALFACE((302,282,284));
#5940=IFCINDEXEDPOLYGONALFACE((297,304,306));
#5941=IFCINDEXEDPOLYGONALFACE((286,305,304));
#5942=IFCINDEXEDPOLYGONALFACE((306,304,305));
#5943=IFCINDEXEDPOLYGONALFACE((304,284,286));
#5944=IFCINDEXEDPOLYGONALFACE((297,306,307));
#5945=IFCINDEXEDPOLYGONALFACE((305,307,306));
#5946=IFCINDEXEDPOLYGONALFACE((298,307,305));
#5947=IFCINDEXEDPOLYGONALFACE((307,298,297));
#5948=IFCINDEXEDPOLYGONALFACE((298,305,295));
#5949=IFCINDEXEDPOLYGONALFACE((288,295,305));
#5950=IFCINDEXEDPOLYGONALFACE((305,286,288));
#5951=IFCINDEXEDPOLYGONALFACE((292,308,293));
#5952=IFCINDEXEDPOLYGONALFACE((308,112,293));
#5953=IFCINDEXEDPOLYGONALFACE((308,292,309));
#5954=IFCINDEXEDPOLYGONALFACE((112,308,110));
#5955=IFCINDEXEDPOLYGONALFACE((309,110,308));
#5956=IFCINDEXEDPOLYGONALFACE((310,309,292));
#5957=IFCINDEXEDPOLYGONALFACE((309,310,311));
#5958=IFCINDEXEDPOLYGONALFACE((311,106,309));
#5959=IFCINDEXEDPOLYGONALFACE((110,309,106));
#5960=IFCINDEXEDPOLYGONALFACE((106,311,107));
#5961=IFCINDEXEDPOLYGONALFACE((80,311,310));
#5962=IFCINDEXEDPOLYGONALFACE((80,107,311));
#5963=IFCINDEXEDPOLYGONALFACE((292,267,310));
#5964=IFCINDEXEDPOLYGONALFACE((80,310,267));
#5965=IFCINDEXEDPOLYGONALFACE((268,267,278));
#5966=IFCINDEXEDPOLYGONALFACE((80,265,82));
#5967=IFCINDEXEDPOLYGONALFACE((119,122,264));
#5968=IFCINDEXEDPOLYGONALFACE((103,102,109));
#5969=IFCINDEXEDPOLYGONALFACE((80,83,107));
#5970=IFCINDEXEDPOLYGONALFACE((95,312,96));
#5971=IFCINDEXEDPOLYGONALFACE((33,96,312));
#5972=IFCINDEXEDPOLYGONALFACE((96,33,34));
#5973=IFCINDEXEDPOLYGONALFACE((312,32,33));
#5974=IFCINDEXEDPOLYGONALFACE((32,312,38));
#5975=IFCINDEXEDPOLYGONALFACE((313,38,312));
#5976=IFCINDEXEDPOLYGONALFACE((312,95,313));
#5977=IFCINDEXEDPOLYGONALFACE((314,313,95));
#5978=IFCINDEXEDPOLYGONALFACE((313,314,315));
#5979=IFCINDEXEDPOLYGONALFACE((315,41,313));
#5980=IFCINDEXEDPOLYGONALFACE((38,313,41));
#5981=IFCINDEXEDPOLYGONALFACE((317,315,314));
#5982=IFCINDEXEDPOLYGONALFACE((317,316,315));
#5983=IFCINDEXEDPOLYGONALFACE((46,315,316));
#5984=IFCINDEXEDPOLYGONALFACE((40,41,315));
#5985=IFCINDEXEDPOLYGONALFACE((40,315,46));
#5986=IFCINDEXEDPOLYGONALFACE((317,314,318));
#5987=IFCINDEXEDPOLYGONALFACE((318,320,317));
#5988=IFCINDEXEDPOLYGONALFACE((317,320,319));
#5989=IFCINDEXEDPOLYGONALFACE((319,316,317));
#5990=IFCINDEXEDPOLYGONALFACE((56,320,57));
#5991=IFCINDEXEDPOLYGONALFACE((319,320,56));
#5992=IFCINDEXEDPOLYGONALFACE((64,320,318));
#5993=IFCINDEXEDPOLYGONALFACE((64,57,320));
#5994=IFCINDEXEDPOLYGONALFACE((316,319,321));
#5995=IFCINDEXEDPOLYGONALFACE((56,321,319));
#5996=IFCINDEXEDPOLYGONALFACE((321,46,316));
#5997=IFCINDEXEDPOLYGONALFACE((47,46,321));
#5998=IFCINDEXEDPOLYGONALFACE((322,321,56));
#5999=IFCINDEXEDPOLYGONALFACE((321,322,47));
#6000=IFCINDEXEDPOLYGONALFACE((56,49,322));
#6001=IFCINDEXEDPOLYGONALFACE((322,49,47));
#6002=IFCINDEXEDPOLYGONALFACE((323,318,314));
#6003=IFCINDEXEDPOLYGONALFACE((63,318,323));
#6004=IFCINDEXEDPOLYGONALFACE((318,63,64));
#6005=IFCINDEXEDPOLYGONALFACE((314,88,323));
#6006=IFCINDEXEDPOLYGONALFACE((324,323,73));
#6007=IFCINDEXEDPOLYGONALFACE((73,323,88));
#6008=IFCINDEXEDPOLYGONALFACE((66,323,74));
#6009=IFCINDEXEDPOLYGONALFACE((323,66,63));
#6010=IFCINDEXEDPOLYGONALFACE((324,74,323));
#6011=IFCINDEXEDPOLYGONALFACE((74,324,73));
#6012=IFCINDEXEDPOLYGONALFACE((93,88,314));
#6013=IFCINDEXEDPOLYGONALFACE((95,93,314));
#6014=IFCINDEXEDPOLYGONALFACE((84,91,81));
#6015=IFCINDEXEDPOLYGONALFACE((74,68,66));
#6016=IFCINDEXEDPOLYGONALFACE((61,326,53));
#6017=IFCINDEXEDPOLYGONALFACE((61,53,54));
#6018=IFCINDEXEDPOLYGONALFACE((61,60,325));
#6019=IFCINDEXEDPOLYGONALFACE((325,43,61));
#6020=IFCINDEXEDPOLYGONALFACE((326,61,43));
#6021=IFCINDEXEDPOLYGONALFACE((53,326,327));
#6022=IFCINDEXEDPOLYGONALFACE((43,327,326));
#6023=IFCINDEXEDPOLYGONALFACE((327,51,53));
#6024=IFCINDEXEDPOLYGONALFACE((43,51,327));
#6025=IFCINDEXEDPOLYGONALFACE((37,325,60));
#6026=IFCINDEXEDPOLYGONALFACE((325,37,43));
#6027=IFCINDEXEDPOLYGONALFACE((60,59,30));
#6028=IFCINDEXEDPOLYGONALFACE((60,30,37));
#6029=IFCINDEXEDPOLYGONALFACE((30,59,31));
#6030=IFCINDEXEDPOLYGONALFACE((51,43,44));
#6031=IFCINDEXEDPOLYGONALFACE((21,22,25));
#6032=IFCINDEXEDPOLYGONALFACE((11,18,10));
#6033=IFCINDEXEDPOLYGONALFACE((15,328,13));
#6034=IFCINDEXEDPOLYGONALFACE((15,4,328));
#6035=IFCINDEXEDPOLYGONALFACE((4,13,328));
#6036=IFCINDEXEDPOLYGONALFACE((13,4,5));
#6037=IFCPOLYGONALFACESET(#5384,$,(#5385,#5386,#5387,#5388,#5389,#5390,#5391,#5392,#5393,#5394,#5395,#5396,#5397,#5398,#5399,#5400,#5401,#5402,#5403,#5404,#5405,#5406,#5407,#5408,#5409,#5410,#5411,#5412,#5413,#5414,#5415,#5416,#5417,#5418,#5419,#5420,#5421,#5422,#5423,#5424,#5425,#5426,#5427,#5428,#5429,#5430,#5431,#5432,#5433,#5434,#5435,#5436,#5437,#5438,#5439,#5440,#5441,#5442,#5443,#5444,#5445,#5446,#5447,#5448,#5449,#5450,#5451,#5452,#5453,#5454,#5455,#5456,#5457,#5458,#5459,#5460,#5461,#5462,#5463,#5464,#5465,#5466,#5467,#5468,#5469,#5470,#5471,#5472,#5473,#5474,#5475,#5476,#5477,#5478,#5479,#5480,#5481,#5482,#5483,#5484,#5485,#5486,#5487,#5488,#5489,#5490,#5491,#5492,#5493,#5494,#5495,#5496,#5497,#5498,#5499,#5500,#5501,#5502,#5503,#5504,#5505,#5506,#5507,#5508,#5509,#5510,#5511,#5512,#5513,#5514,#5515,#5516,#5517,#5518,#5519,#5520,#5521,#5522,#5523,#5524,#5525,#5526,#5527,#5528,#5529,#5530,#5531,#5532,#5533,#5534,#5535,#5536,#5537,#5538,#5539,#5540,#5541,#5542,#5543,#5544,#5545,#5546,#5547,#5548,#5549,#5550,#5551,#5552,#5553,#5554,#5555,#5556,#5557,#5558,#5559,#5560,#5561,#5562,#5563,#5564,#5565,#5566,#5567,#5568,#5569,#5570,#5571,#5572,#5573,#5574,#5575,#5576,#5577,#5578,#5579,#5580,#5581,#5582,#5583,#5584,#5585,#5586,#5587,#5588,#5589,#5590,#5591,#5592,#5593,#5594,#5595,#5596,#5597,#5598,#5599,#5600,#5601,#5602,#5603,#5604,#5605,#5606,#5607,#5608,#5609,#5610,#5611,#5612,#5613,#5614,#5615,#5616,#5617,#5618,#5619,#5620,#5621,#5622,#5623,#5624,#5625,#5626,#5627,#5628,#5629,#5630,#5631,#5632,#5633,#5634,#5635,#5636,#5637,#5638,#5639,#5640,#5641,#5642,#5643,#5644,#5645,#5646,#5647,#5648,#5649,#5650,#5651,#5652,#5653,#5654,#5655,#5656,#5657,#5658,#5659,#5660,#5661,#5662,#5663,#5664,#5665,#5666,#5667,#5668,#5669,#5670,#5671,#5672,#5673,#5674,#5675,#5676,#5677,#5678,#5679,#5680,#5681,#5682,#5683,#5684,#5685,#5686,#5687,#5688,#5689,#5690,#5691,#5692,#5693,#5694,#5695,#5696,#5697,#5698,#5699,#5700,#5701,#5702,#5703,#5704,#5705,#5706,#5707,#5708,#5709,#5710,#5711,#5712,#5713,#5714,#5715,#5716,#5717,#5718,#5719,#5720,#5721,#5722,#5723,#5724,#5725,#5726,#5727,#5728,#5729,#5730,#5731,#5732,#5733,#5734,#5735,#5736,#5737,#5738,#5739,#5740,#5741,#5742,#5743,#5744,#5745,#5746,#5747,#5748,#5749,#5750,#5751,#5752,#5753,#5754,#5755,#5756,#5757,#5758,#5759,#5760,#5761,#5762,#5763,#5764,#5765,#5766,#5767,#5768,#5769,#5770,#5771,#5772,#5773,#5774,#5775,#5776,#5777,#5778,#5779,#5780,#5781,#5782,#5783,#5784,#5785,#5786,#5787,#5788,#5789,#5790,#5791,#5792,#5793,#5794,#5795,#5796,#5797,#5798,#5799,#5800,#5801,#5802,#5803,#5804,#5805,#5806,#5807,#5808,#5809,#5810,#5811,#5812,#5813,#5814,#5815,#5816,#5817,#5818,#5819,#5820,#5821,#5822,#5823,#5824,#5825,#5826,#5827,#5828,#5829,#5830,#5831,#5832,#5833,#5834,#5835,#5836,#5837,#5838,#5839,#5840,#5841,#5842,#5843,#5844,#5845,#5846,#5847,#5848,#5849,#5850,#5851,#5852,#5853,#5854,#5855,#5856,#5857,#5858,#5859,#5860,#5861,#5862,#5863,#5864,#5865,#5866,#5867,#5868,#5869,#5870,#5871,#5872,#5873,#5874,#5875,#5876,#5877,#5878,#5879,#5880,#5881,#5882,#5883,#5884,#5885,#5886,#5887,#5888,#5889,#5890,#5891,#5892,#5893,#5894,#5895,#5896,#5897,#5898,#5899,#5900,#5901,#5902,#5903,#5904,#5905,#5906,#5907,#5908,#5909,#5910,#5911,#5912,#5913,#5914,#5915,#5916,#5917,#5918,#5919,#5920,#5921,#5922,#5923,#5924,#5925,#5926,#5927,#5928,#5929,#5930,#5931,#5932,#5933,#5934,#5935,#5936,#5937,#5938,#5939,#5940,#5941,#5942,#5943,#5944,#5945,#5946,#5947,#5948,#5949,#5950,#5951,#5952,#5953,#5954,#5955,#5956,#5957,#5958,#5959,#5960,#5961,#5962,#5963,#5964,#5965,#5966,#5967,#5968,#5969,#5970,#5971,#5972,#5973,#5974,#5975,#5976,#5977,#5978,#5979,#5980,#5981,#5982,#5983,#5984,#5985,#5986,#5987,#5988,#5989,#5990,#5991,#5992,#5993,#5994,#5995,#5996,#5997,#5998,#5999,#6000,#6001,#6002,#6003,#6004,#6005,#6006,#6007,#6008,#6009,#6010,#6011,#6012,#6013,#6014,#6015,#6016,#6017,#6018,#6019,#6020,#6021,#6022,#6023,#6024,#6025,#6026,#6027,#6028,#6029,#6030,#6031,#6032,#6033,#6034,#6035,#6036),$);
#6038=IFCCARTESIANPOINTLIST3D(((-200.34391784668,190.684051513672,3.29201173782349),(-182.427917480469,208.892044067383,3.65201330184937),(-200.117935180664,190.455047607422,3.66401195526123),(-182.655914306641,209.106048583984,3.29201316833496),(-201.336929321289,189.968048095703,3.30701184272766),(-201.500930786133,190.294052124023,3.13201212882996),(-200.580932617188,190.957046508789,3.11801195144653),(-201.526931762695,190.772048950195,3.07201194763184),(-182.345916748047,210.100036621094,3.12401342391968),(-182.748916625977,210.328048706055,3.0780131816864),(-181.962905883789,210.066055297852,3.31201338768005),(-181.686904907227,211.332046508789,3.41301345825195),(-182.071914672852,211.34504699707,3.22501373291016),(-192.530914306641,219.895050048828,3.50301384925842),(-182.49690246582,212.721054077148,3.44701337814331),(-182.052917480469,212.556045532227,3.57201337814331),(-183.473922729492,213.112045288086,3.43701362609863),(-188.838912963867,217.5400390625,3.47301387786865),(-188.959915161133,218.189041137695,3.53801393508911),(-194.707916259766,221.67204284668,3.57701420783997),(-194.377914428711,221.831039428711,3.76201415061951),(-189.230911254883,218.751037597656,3.73801398277283),(-186.519912719727,216.634048461914,3.71001386642456),(-189.017913818359,218.853042602539,4.12501382827759),(-186.167907714844,216.621047973633,4.0970139503479),(-182.882904052734,213.552047729492,3.68201351165771),(-182.685913085938,213.626037597656,4.),(-182.548919677734,213.57405090332,4.41601371765137),(-181.784912109375,212.598037719727,3.95201301574707),(-168.165924072266,199.823043823242,78.2160110473633),(-167.367919921875,198.791030883789,78.1160125732422),(-181.379913330078,211.262054443359,3.80101346969604),(-181.691925048828,209.888046264648,3.68701314926147),(-167.341934204102,196.181030273438,77.8950119018555),(-167.03791809082,197.467025756836,78.),(-167.186935424805,197.395034790039,78.3520050048828),(-167.498931884766,198.629043579102,78.4960098266602),(-167.749923706055,198.455032348633,78.6820068359375),(-168.45393371582,199.364044189453,78.7880096435547),(-168.258926391602,199.609024047852,78.6010131835938),(-170.350921630859,201.563034057617,78.6410064697266),(-170.133926391602,200.952026367188,78.8220138549805),(-168.868927001953,199.189041137695,78.8620071411133),(-175.532928466797,205.472045898438,78.8710098266602),(-175.338912963867,205.798034667969,78.6610107421875),(-178.779922485352,207.26203918457,78.9270095825195),(-180.483917236328,208.94303894043,78.8740081787109),(-184.353927612305,211.078048706055,78.9280090332031),(-180.545913696289,209.364044189453,78.6870040893555),(-184.292922973633,211.464050292969,78.724006652832),(-181.360916137695,210.124053955078,78.307014465332),(-178.674911499023,208.384048461914,78.3000106811523),(-175.273910522461,206.037033081055,78.2740097045898),(-172.539916992188,203.759033203125,78.2560119628906),(-169.642929077148,201.20703125,78.2470169067383),(-191.491912841797,220.364044189453,4.13501405715942),(-194.615921020508,222.179046630859,4.15401411056519),(-197.410919189453,223.606048583984,4.17601442337036),(-184.26091003418,211.721054077148,78.3390121459961),(-187.310913085938,212.682037353516,78.7660140991211),(-187.289916992188,212.945053100586,78.3820114135742),(-190.361923217773,213.448043823242,78.817008972168),(-190.375915527344,213.724044799805,78.4350051879883),(-200.182922363281,224.675048828125,4.20901441574097),(-202.98991394043,225.375045776367,4.25101470947266),(-200.284912109375,224.518051147461,3.82501435279846),(-197.547912597656,223.459045410156,3.79101419448853),(-197.708908081055,223.203048706055,3.60101413726807),(-200.411911010742,224.249053955078,3.63601446151733),(-197.129913330078,222.47004699707,3.52501440048218),(-202.411911010742,224.407043457031,3.59801435470581),(-205.956909179688,225.024047851562,3.7030143737793),(-203.138916015625,224.933044433594,3.68001461029053),(-205.876922607422,225.385040283203,3.92401480674744),(-203.05891418457,225.214050292969,3.87001442909241),(-205.848922729492,225.543060302734,4.30301475524902),(-208.748916625977,224.989059448242,4.34301376342773),(-196.73991394043,213.168045043945,78.5440063476562),(-193.556915283203,213.841049194336,78.4970092773438),(-196.632904052734,212.890045166016,78.9210052490234),(-193.494918823242,213.559051513672,78.8760147094727),(-193.389907836914,213.1650390625,79.0750122070312),(-196.505905151367,212.562042236328,79.1000061035156),(-197.522918701172,211.771041870117,79.1670074462891),(-199.275909423828,211.319046020508,79.1250152587891),(-199.464920043945,211.620056152344,78.9480056762695),(-201.60090637207,209.496047973633,79.1580123901367),(-203.650909423828,206.181045532227,79.166015625),(-203.597900390625,207.117050170898,79.1200103759766),(-201.929916381836,209.76904296875,78.9580078125),(-202.165924072266,209.969039916992,78.5790100097656),(-199.643905639648,211.876052856445,78.5590057373047),(-203.898910522461,207.306045532227,78.9430084228516),(-205.066925048828,204.375045776367,78.9050140380859),(-204.164916992188,207.456039428711,78.5630111694336),(-204.736923217773,204.259033203125,79.0840148925781),(-204.916931152344,200.100051879883,79.0740127563477),(-205.269927978516,201.07405090332,79.0370101928711),(-205.610931396484,201.124038696289,78.8560104370117),(-205.105926513672,197.953048706055,78.9790115356445),(-205.442916870117,197.937042236328,78.796012878418),(-202.554931640625,191.296051025391,78.9470138549805),(-203.933929443359,193.791046142578,78.9200057983398),(-203.531921386719,192.018051147461,78.7180099487305),(-204.658935546875,194.97705078125,78.7500076293945),(-201.310928344727,188.328048706055,78.8720092773438),(-200.22492980957,185.986038208008,78.6720123291016),(-196.235931396484,181.514038085938,78.8860092163086),(-197.781921386719,182.896057128906,78.8370132446289),(-202.066925048828,189.048049926758,78.6900100708008),(-202.334930419922,189.046051025391,78.3060073852539),(-203.789916992188,192.,78.3330078125),(-215.,205.837051391602,4.17501258850098),(-213.796936035156,203.043060302734,4.15401268005371),(-204.909927368164,194.931045532227,78.3640060424805),(-205.711929321289,197.933044433594,78.4110107421875),(-215.956909179688,208.5390625,4.1960129737854),(-215.778915405273,208.586074829102,3.80901312828064),(-216.66291809082,211.187072753906,4.23501300811768),(-216.495910644531,211.244064331055,3.84901332855225),(-216.736907958984,214.124053955078,3.90201330184937),(-216.213912963867,211.3310546875,3.65901350975037),(-216.450912475586,214.149063110352,3.71101355552673),(-216.028915405273,215.338073730469,3.66401362419128),(-216.073913574219,217.072052001953,3.75701379776001),(-214.343902587891,220.281066894531,3.73501396179199),(-215.122909545898,219.709060668945,3.79601407051086),(-216.351913452148,217.114059448242,3.94801354408264),(-216.898910522461,214.105056762695,4.28601360321045),(-216.498916625977,217.140060424805,4.33001375198364),(-215.370910644531,219.833068847656,3.9860143661499),(-215.494918823242,219.898056030273,4.36601448059082),(-213.571914672852,222.089050292969,4.),(-213.381912231445,221.892059326172,3.81001400947571),(-210.085922241211,223.656066894531,3.72401428222656),(-211.18391418457,223.498062133789,3.80101418495178),(-208.66291809082,224.575057983398,3.77501463890076),(-211.309906005859,223.742050170898,4.),(-213.646911621094,222.204055786133,4.37901401519775),(-211.352920532227,223.8720703125,4.35601425170898),(-208.724914550781,224.846069335938,3.96601414680481),(-205.348922729492,204.458038330078,78.5230102539062),(-205.890930175781,201.163040161133,78.473014831543),(-215.593902587891,210.410064697266,3.57201313972473),(-209.323928833008,196.858062744141,3.46901249885559),(-213.539932250977,204.661056518555,3.52101278305054),(-212.855926513672,202.215057373047,3.5730128288269),(-215.137908935547,207.531066894531,3.60701298713684),(-213.669921875,203.231063842773,3.76901292800903),(-214.837905883789,205.940048217773,3.78801298141479),(-212.179931640625,200.338073730469,3.75301241874695),(-212.231918334961,200.019058227539,4.13201189041138),(-210.514938354492,197.055053710938,4.11701202392578),(-200.558929443359,186.085052490234,78.2930145263672),(-198.303924560547,182.692047119141,78.265007019043),(-198.07292175293,182.759048461914,78.6510162353516),(-195.640930175781,179.702041625977,78.6250076293945),(-195.363922119141,179.860046386719,78.81201171875),(-191.393936157227,176.280059814453,78.8290100097656),(-191.710922241211,175.97004699707,78.765007019043),(-191.657928466797,175.558044433594,78.5590057373047),(-193.,176.817047119141,78.6000061035156),(-190.282928466797,175.514053344727,78.7120132446289),(-190.466934204102,175.116058349609,78.6470108032227),(-189.321929931641,174.922058105469,78.5370101928711),(-190.623931884766,174.860046386719,78.4610061645508),(-190.75993347168,174.725051879883,78.0800094604492),(-191.830917358398,175.439056396484,78.1730041503906),(-189.384918212891,174.601058959961,78.3360137939453),(-188.176940917969,174.906051635742,78.265007019043),(-189.439926147461,174.455047607422,77.974006652832),(-188.067932128906,175.252059936523,78.4480056762695),(-167.862930297852,196.850036621094,78.5400085449219),(-187.205932617188,175.611053466797,78.2530136108398),(-167.852920532227,196.02702331543,78.4440078735352),(-167.479934692383,196.187042236328,78.2690048217773),(-168.164932250977,195.245025634766,78.2520141601562),(-167.472930908203,197.36003112793,78.5390090942383),(-168.138931274414,198.247039794922,78.7460098266602),(-168.056930541992,195.184036254883,77.8700103759766),(-187.144927978516,175.50505065918,77.8820114135742),(-201.168930053711,189.692047119141,3.67901206016541),(-188.158935546875,174.775054931641,77.8950119018555),(-202.525924682617,189.362045288086,3.77801156044006),(-202.591934204102,189.671035766602,3.39101195335388),(-203.871917724609,189.690048217773,3.91001176834106),(-203.830932617188,189.963043212891,3.52801203727722),(-203.732925415039,190.290054321289,3.34601211547852),(-205.042938232422,191.245056152344,3.45801186561584),(-205.200927734375,190.959060668945,3.6390118598938),(-204.92692565918,190.433044433594,4.),(-206.037933349609,191.485046386719,4.05001211166382),(-208.284927368164,194.362060546875,3.69601202011108),(-208.082931518555,194.606063842773,3.50901198387146),(-210.161926269531,197.453063964844,3.54201221466064),(-210.392929077148,197.246063232422,3.73101234436035),(-208.400924682617,194.163055419922,4.08301210403442),(-195.832931518555,179.590057373047,78.2380142211914),(-193.146926879883,176.67204284668,78.2120132446289),(-204.547927856445,191.380035400391,3.38701176643372),(-202.702926635742,190.437057495117,3.17701196670532),(-202.623916625977,190.028045654297,3.21401190757751),(-190.19792175293,213.,79.026008605957),(-187.375915527344,212.355056762695,78.9490051269531)));
#6039=IFCINDEXEDPOLYGONALFACE((1,4,2));
#6040=IFCINDEXEDPOLYGONALFACE((2,3,1));
#6041=IFCINDEXEDPOLYGONALFACE((5,1,3));
#6042=IFCINDEXEDPOLYGONALFACE((4,1,7));
#6043=IFCINDEXEDPOLYGONALFACE((1,5,6));
#6044=IFCINDEXEDPOLYGONALFACE((6,7,1));
#6045=IFCINDEXEDPOLYGONALFACE((9,7,8));
#6046=IFCINDEXEDPOLYGONALFACE((7,6,8));
#6047=IFCINDEXEDPOLYGONALFACE((7,9,4));
#6048=IFCINDEXEDPOLYGONALFACE((8,10,9));
#6049=IFCINDEXEDPOLYGONALFACE((13,9,10));
#6050=IFCINDEXEDPOLYGONALFACE((11,4,9));
#6051=IFCINDEXEDPOLYGONALFACE((12,11,9));
#6052=IFCINDEXEDPOLYGONALFACE((9,13,12));
#6053=IFCINDEXEDPOLYGONALFACE((14,13,10));
#6054=IFCINDEXEDPOLYGONALFACE((14,17,13));
#6055=IFCINDEXEDPOLYGONALFACE((13,15,16));
#6056=IFCINDEXEDPOLYGONALFACE((13,17,15));
#6057=IFCINDEXEDPOLYGONALFACE((16,12,13));
#6058=IFCINDEXEDPOLYGONALFACE((14,18,17));
#6059=IFCINDEXEDPOLYGONALFACE((17,18,19));
#6060=IFCINDEXEDPOLYGONALFACE((19,15,17));
#6061=IFCINDEXEDPOLYGONALFACE((19,20,21));
#6062=IFCINDEXEDPOLYGONALFACE((20,19,18));
#6063=IFCINDEXEDPOLYGONALFACE((21,22,19));
#6064=IFCINDEXEDPOLYGONALFACE((22,23,19));
#6065=IFCINDEXEDPOLYGONALFACE((15,19,23));
#6066=IFCINDEXEDPOLYGONALFACE((23,22,24));
#6067=IFCINDEXEDPOLYGONALFACE((24,25,23));
#6068=IFCINDEXEDPOLYGONALFACE((26,23,25));
#6069=IFCINDEXEDPOLYGONALFACE((23,26,15));
#6070=IFCINDEXEDPOLYGONALFACE((16,26,27));
#6071=IFCINDEXEDPOLYGONALFACE((25,27,26));
#6072=IFCINDEXEDPOLYGONALFACE((26,16,15));
#6073=IFCINDEXEDPOLYGONALFACE((29,27,28));
#6074=IFCINDEXEDPOLYGONALFACE((25,28,27));
#6075=IFCINDEXEDPOLYGONALFACE((27,29,16));
#6076=IFCINDEXEDPOLYGONALFACE((29,28,30));
#6077=IFCINDEXEDPOLYGONALFACE((12,16,29));
#6078=IFCINDEXEDPOLYGONALFACE((29,32,12));
#6079=IFCINDEXEDPOLYGONALFACE((30,31,29));
#6080=IFCINDEXEDPOLYGONALFACE((32,29,31));
#6081=IFCINDEXEDPOLYGONALFACE((11,12,32));
#6082=IFCINDEXEDPOLYGONALFACE((32,33,11));
#6083=IFCINDEXEDPOLYGONALFACE((34,33,32));
#6084=IFCINDEXEDPOLYGONALFACE((32,35,34));
#6085=IFCINDEXEDPOLYGONALFACE((31,35,32));
#6086=IFCINDEXEDPOLYGONALFACE((34,35,36));
#6087=IFCINDEXEDPOLYGONALFACE((37,36,35));
#6088=IFCINDEXEDPOLYGONALFACE((35,31,37));
#6089=IFCINDEXEDPOLYGONALFACE((40,37,31));
#6090=IFCINDEXEDPOLYGONALFACE((36,37,38));
#6091=IFCINDEXEDPOLYGONALFACE((39,38,37));
#6092=IFCINDEXEDPOLYGONALFACE((37,40,39));
#6093=IFCINDEXEDPOLYGONALFACE((40,41,42));
#6094=IFCINDEXEDPOLYGONALFACE((41,40,30));
#6095=IFCINDEXEDPOLYGONALFACE((31,30,40));
#6096=IFCINDEXEDPOLYGONALFACE((42,39,40));
#6097=IFCINDEXEDPOLYGONALFACE((44,43,42));
#6098=IFCINDEXEDPOLYGONALFACE((39,42,43));
#6099=IFCINDEXEDPOLYGONALFACE((44,42,41));
#6100=IFCINDEXEDPOLYGONALFACE((47,44,45));
#6101=IFCINDEXEDPOLYGONALFACE((41,45,44));
#6102=IFCINDEXEDPOLYGONALFACE((43,44,46));
#6103=IFCINDEXEDPOLYGONALFACE((44,47,46));
#6104=IFCINDEXEDPOLYGONALFACE((48,47,49));
#6105=IFCINDEXEDPOLYGONALFACE((48,46,47));
#6106=IFCINDEXEDPOLYGONALFACE((45,49,47));
#6107=IFCINDEXEDPOLYGONALFACE((49,50,48));
#6108=IFCINDEXEDPOLYGONALFACE((50,49,51));
#6109=IFCINDEXEDPOLYGONALFACE((52,51,49));
#6110=IFCINDEXEDPOLYGONALFACE((53,52,49));
#6111=IFCINDEXEDPOLYGONALFACE((49,45,53));
#6112=IFCINDEXEDPOLYGONALFACE((52,53,24));
#6113=IFCINDEXEDPOLYGONALFACE((54,53,45));
#6114=IFCINDEXEDPOLYGONALFACE((53,54,25));
#6115=IFCINDEXEDPOLYGONALFACE((25,24,53));
#6116=IFCINDEXEDPOLYGONALFACE((54,55,28));
#6117=IFCINDEXEDPOLYGONALFACE((28,25,54));
#6118=IFCINDEXEDPOLYGONALFACE((45,41,54));
#6119=IFCINDEXEDPOLYGONALFACE((55,54,41));
#6120=IFCINDEXEDPOLYGONALFACE((55,30,28));
#6121=IFCINDEXEDPOLYGONALFACE((30,55,41));
#6122=IFCINDEXEDPOLYGONALFACE((51,52,56));
#6123=IFCINDEXEDPOLYGONALFACE((24,56,52));
#6124=IFCINDEXEDPOLYGONALFACE((57,56,21));
#6125=IFCINDEXEDPOLYGONALFACE((56,57,51));
#6126=IFCINDEXEDPOLYGONALFACE((22,21,56));
#6127=IFCINDEXEDPOLYGONALFACE((56,24,22));
#6128=IFCINDEXEDPOLYGONALFACE((58,57,21));
#6129=IFCINDEXEDPOLYGONALFACE((57,58,59));
#6130=IFCINDEXEDPOLYGONALFACE((59,51,57));
#6131=IFCINDEXEDPOLYGONALFACE((61,59,58));
#6132=IFCINDEXEDPOLYGONALFACE((60,50,59));
#6133=IFCINDEXEDPOLYGONALFACE((59,61,60));
#6134=IFCINDEXEDPOLYGONALFACE((51,59,50));
#6135=IFCINDEXEDPOLYGONALFACE((58,64,61));
#6136=IFCINDEXEDPOLYGONALFACE((62,60,61));
#6137=IFCINDEXEDPOLYGONALFACE((61,63,62));
#6138=IFCINDEXEDPOLYGONALFACE((63,61,64));
#6139=IFCINDEXEDPOLYGONALFACE((65,64,66));
#6140=IFCINDEXEDPOLYGONALFACE((64,65,63));
#6141=IFCINDEXEDPOLYGONALFACE((67,66,64));
#6142=IFCINDEXEDPOLYGONALFACE((64,58,67));
#6143=IFCINDEXEDPOLYGONALFACE((66,67,68));
#6144=IFCINDEXEDPOLYGONALFACE((21,67,58));
#6145=IFCINDEXEDPOLYGONALFACE((67,21,20));
#6146=IFCINDEXEDPOLYGONALFACE((20,68,67));
#6147=IFCINDEXEDPOLYGONALFACE((68,20,70));
#6148=IFCINDEXEDPOLYGONALFACE((68,69,66));
#6149=IFCINDEXEDPOLYGONALFACE((69,68,70));
#6150=IFCINDEXEDPOLYGONALFACE((70,71,69));
#6151=IFCINDEXEDPOLYGONALFACE((71,70,14));
#6152=IFCINDEXEDPOLYGONALFACE((14,70,20));
#6153=IFCINDEXEDPOLYGONALFACE((72,73,71));
#6154=IFCINDEXEDPOLYGONALFACE((72,71,14));
#6155=IFCINDEXEDPOLYGONALFACE((73,69,71));
#6156=IFCINDEXEDPOLYGONALFACE((74,75,73));
#6157=IFCINDEXEDPOLYGONALFACE((73,72,74));
#6158=IFCINDEXEDPOLYGONALFACE((69,73,75));
#6159=IFCINDEXEDPOLYGONALFACE((75,74,76));
#6160=IFCINDEXEDPOLYGONALFACE((76,65,75));
#6161=IFCINDEXEDPOLYGONALFACE((66,75,65));
#6162=IFCINDEXEDPOLYGONALFACE((75,66,69));
#6163=IFCINDEXEDPOLYGONALFACE((77,76,74));
#6164=IFCINDEXEDPOLYGONALFACE((76,77,78));
#6165=IFCINDEXEDPOLYGONALFACE((78,79,76));
#6166=IFCINDEXEDPOLYGONALFACE((65,76,79));
#6167=IFCINDEXEDPOLYGONALFACE((63,79,81));
#6168=IFCINDEXEDPOLYGONALFACE((79,63,65));
#6169=IFCINDEXEDPOLYGONALFACE((80,81,79));
#6170=IFCINDEXEDPOLYGONALFACE((79,78,80));
#6171=IFCINDEXEDPOLYGONALFACE((81,80,83));
#6172=IFCINDEXEDPOLYGONALFACE((81,62,63));
#6173=IFCINDEXEDPOLYGONALFACE((62,81,82));
#6174=IFCINDEXEDPOLYGONALFACE((83,82,81));
#6175=IFCINDEXEDPOLYGONALFACE((82,83,84));
#6176=IFCINDEXEDPOLYGONALFACE((83,85,84));
#6177=IFCINDEXEDPOLYGONALFACE((85,83,80));
#6178=IFCINDEXEDPOLYGONALFACE((87,85,86));
#6179=IFCINDEXEDPOLYGONALFACE((80,86,85));
#6180=IFCINDEXEDPOLYGONALFACE((87,84,85));
#6181=IFCINDEXEDPOLYGONALFACE((87,89,88));
#6182=IFCINDEXEDPOLYGONALFACE((46,87,88));
#6183=IFCINDEXEDPOLYGONALFACE((89,87,90));
#6184=IFCINDEXEDPOLYGONALFACE((86,90,87));
#6185=IFCINDEXEDPOLYGONALFACE((46,84,87));
#6186=IFCINDEXEDPOLYGONALFACE((92,91,90));
#6187=IFCINDEXEDPOLYGONALFACE((93,90,91));
#6188=IFCINDEXEDPOLYGONALFACE((90,86,92));
#6189=IFCINDEXEDPOLYGONALFACE((90,93,89));
#6190=IFCINDEXEDPOLYGONALFACE((93,94,96));
#6191=IFCINDEXEDPOLYGONALFACE((94,93,95));
#6192=IFCINDEXEDPOLYGONALFACE((91,95,93));
#6193=IFCINDEXEDPOLYGONALFACE((96,89,93));
#6194=IFCINDEXEDPOLYGONALFACE((97,88,96));
#6195=IFCINDEXEDPOLYGONALFACE((89,96,88));
#6196=IFCINDEXEDPOLYGONALFACE((96,98,97));
#6197=IFCINDEXEDPOLYGONALFACE((98,96,94));
#6198=IFCINDEXEDPOLYGONALFACE((100,98,99));
#6199=IFCINDEXEDPOLYGONALFACE((94,99,98));
#6200=IFCINDEXEDPOLYGONALFACE((98,100,97));
#6201=IFCINDEXEDPOLYGONALFACE((103,100,101));
#6202=IFCINDEXEDPOLYGONALFACE((99,101,100));
#6203=IFCINDEXEDPOLYGONALFACE((102,97,100));
#6204=IFCINDEXEDPOLYGONALFACE((100,103,102));
#6205=IFCINDEXEDPOLYGONALFACE((101,105,103));
#6206=IFCINDEXEDPOLYGONALFACE((106,103,104));
#6207=IFCINDEXEDPOLYGONALFACE((105,104,103));
#6208=IFCINDEXEDPOLYGONALFACE((103,106,102));
#6209=IFCINDEXEDPOLYGONALFACE((108,102,106));
#6210=IFCINDEXEDPOLYGONALFACE((109,106,107));
#6211=IFCINDEXEDPOLYGONALFACE((110,107,106));
#6212=IFCINDEXEDPOLYGONALFACE((106,109,108));
#6213=IFCINDEXEDPOLYGONALFACE((104,110,106));
#6214=IFCINDEXEDPOLYGONALFACE((107,110,111));
#6215=IFCINDEXEDPOLYGONALFACE((112,111,110));
#6216=IFCINDEXEDPOLYGONALFACE((110,104,112));
#6217=IFCINDEXEDPOLYGONALFACE((113,112,115));
#6218=IFCINDEXEDPOLYGONALFACE((112,113,114));
#6219=IFCINDEXEDPOLYGONALFACE((114,111,112));
#6220=IFCINDEXEDPOLYGONALFACE((115,112,104));
#6221=IFCINDEXEDPOLYGONALFACE((115,117,113));
#6222=IFCINDEXEDPOLYGONALFACE((116,115,105));
#6223=IFCINDEXEDPOLYGONALFACE((117,115,116));
#6224=IFCINDEXEDPOLYGONALFACE((104,105,115));
#6225=IFCINDEXEDPOLYGONALFACE((113,117,118));
#6226=IFCINDEXEDPOLYGONALFACE((120,118,117));
#6227=IFCINDEXEDPOLYGONALFACE((116,119,117));
#6228=IFCINDEXEDPOLYGONALFACE((117,119,120));
#6229=IFCINDEXEDPOLYGONALFACE((118,120,122));
#6230=IFCINDEXEDPOLYGONALFACE((121,120,119));
#6231=IFCINDEXEDPOLYGONALFACE((120,121,123));
#6232=IFCINDEXEDPOLYGONALFACE((123,122,120));
#6233=IFCINDEXEDPOLYGONALFACE((122,123,124));
#6234=IFCINDEXEDPOLYGONALFACE((123,125,124));
#6235=IFCINDEXEDPOLYGONALFACE((125,123,121));
#6236=IFCINDEXEDPOLYGONALFACE((126,124,125));
#6237=IFCINDEXEDPOLYGONALFACE((125,127,126));
#6238=IFCINDEXEDPOLYGONALFACE((127,125,128));
#6239=IFCINDEXEDPOLYGONALFACE((121,128,125));
#6240=IFCINDEXEDPOLYGONALFACE((128,121,129));
#6241=IFCINDEXEDPOLYGONALFACE((129,130,128));
#6242=IFCINDEXEDPOLYGONALFACE((131,128,130));
#6243=IFCINDEXEDPOLYGONALFACE((128,131,127));
#6244=IFCINDEXEDPOLYGONALFACE((130,132,131));
#6245=IFCINDEXEDPOLYGONALFACE((133,131,132));
#6246=IFCINDEXEDPOLYGONALFACE((131,133,134));
#6247=IFCINDEXEDPOLYGONALFACE((134,127,131));
#6248=IFCINDEXEDPOLYGONALFACE((136,134,133));
#6249=IFCINDEXEDPOLYGONALFACE((135,126,134));
#6250=IFCINDEXEDPOLYGONALFACE((127,134,126));
#6251=IFCINDEXEDPOLYGONALFACE((134,136,135));
#6252=IFCINDEXEDPOLYGONALFACE((136,137,135));
#6253=IFCINDEXEDPOLYGONALFACE((137,136,138));
#6254=IFCINDEXEDPOLYGONALFACE((133,138,136));
#6255=IFCINDEXEDPOLYGONALFACE((138,133,139));
#6256=IFCINDEXEDPOLYGONALFACE((139,140,138));
#6257=IFCINDEXEDPOLYGONALFACE((141,138,140));
#6258=IFCINDEXEDPOLYGONALFACE((138,141,137));
#6259=IFCINDEXEDPOLYGONALFACE((140,77,141));
#6260=IFCINDEXEDPOLYGONALFACE((74,141,77));
#6261=IFCINDEXEDPOLYGONALFACE((141,74,72));
#6262=IFCINDEXEDPOLYGONALFACE((72,137,141));
#6263=IFCINDEXEDPOLYGONALFACE((92,140,139));
#6264=IFCINDEXEDPOLYGONALFACE((77,140,92));
#6265=IFCINDEXEDPOLYGONALFACE((132,139,133));
#6266=IFCINDEXEDPOLYGONALFACE((91,139,132));
#6267=IFCINDEXEDPOLYGONALFACE((139,91,92));
#6268=IFCINDEXEDPOLYGONALFACE((72,135,137));
#6269=IFCINDEXEDPOLYGONALFACE((126,135,14));
#6270=IFCINDEXEDPOLYGONALFACE((135,72,14));
#6271=IFCINDEXEDPOLYGONALFACE((95,132,130));
#6272=IFCINDEXEDPOLYGONALFACE((132,95,91));
#6273=IFCINDEXEDPOLYGONALFACE((130,142,95));
#6274=IFCINDEXEDPOLYGONALFACE((142,130,129));
#6275=IFCINDEXEDPOLYGONALFACE((99,94,142));
#6276=IFCINDEXEDPOLYGONALFACE((142,143,99));
#6277=IFCINDEXEDPOLYGONALFACE((129,143,142));
#6278=IFCINDEXEDPOLYGONALFACE((95,142,94));
#6279=IFCINDEXEDPOLYGONALFACE((101,99,143));
#6280=IFCINDEXEDPOLYGONALFACE((143,116,101));
#6281=IFCINDEXEDPOLYGONALFACE((119,116,143));
#6282=IFCINDEXEDPOLYGONALFACE((143,129,119));
#6283=IFCINDEXEDPOLYGONALFACE((119,129,121));
#6284=IFCINDEXEDPOLYGONALFACE((124,126,14));
#6285=IFCINDEXEDPOLYGONALFACE((124,144,122));
#6286=IFCINDEXEDPOLYGONALFACE((146,144,124));
#6287=IFCINDEXEDPOLYGONALFACE((145,124,14));
#6288=IFCINDEXEDPOLYGONALFACE((145,146,124));
#6289=IFCINDEXEDPOLYGONALFACE((146,145,147));
#6290=IFCINDEXEDPOLYGONALFACE((147,148,146));
#6291=IFCINDEXEDPOLYGONALFACE((144,146,148));
#6292=IFCINDEXEDPOLYGONALFACE((122,148,118));
#6293=IFCINDEXEDPOLYGONALFACE((150,118,148));
#6294=IFCINDEXEDPOLYGONALFACE((148,147,149));
#6295=IFCINDEXEDPOLYGONALFACE((149,150,148));
#6296=IFCINDEXEDPOLYGONALFACE((148,122,144));
#6297=IFCINDEXEDPOLYGONALFACE((150,149,114));
#6298=IFCINDEXEDPOLYGONALFACE((114,113,150));
#6299=IFCINDEXEDPOLYGONALFACE((118,150,113));
#6300=IFCINDEXEDPOLYGONALFACE((151,149,147));
#6301=IFCINDEXEDPOLYGONALFACE((149,151,152));
#6302=IFCINDEXEDPOLYGONALFACE((152,114,149));
#6303=IFCINDEXEDPOLYGONALFACE((153,152,151));
#6304=IFCINDEXEDPOLYGONALFACE((154,152,153));
#6305=IFCINDEXEDPOLYGONALFACE((152,154,111));
#6306=IFCINDEXEDPOLYGONALFACE((111,114,152));
#6307=IFCINDEXEDPOLYGONALFACE((154,155,156));
#6308=IFCINDEXEDPOLYGONALFACE((153,155,154));
#6309=IFCINDEXEDPOLYGONALFACE((111,154,107));
#6310=IFCINDEXEDPOLYGONALFACE((156,107,154));
#6311=IFCINDEXEDPOLYGONALFACE((156,157,158));
#6312=IFCINDEXEDPOLYGONALFACE((157,156,155));
#6313=IFCINDEXEDPOLYGONALFACE((107,156,109));
#6314=IFCINDEXEDPOLYGONALFACE((158,109,156));
#6315=IFCINDEXEDPOLYGONALFACE((159,108,158));
#6316=IFCINDEXEDPOLYGONALFACE((109,158,108));
#6317=IFCINDEXEDPOLYGONALFACE((158,160,159));
#6318=IFCINDEXEDPOLYGONALFACE((160,158,157));
#6319=IFCINDEXEDPOLYGONALFACE((164,160,161));
#6320=IFCINDEXEDPOLYGONALFACE((162,161,160));
#6321=IFCINDEXEDPOLYGONALFACE((157,162,160));
#6322=IFCINDEXEDPOLYGONALFACE((163,159,160));
#6323=IFCINDEXEDPOLYGONALFACE((160,164,163));
#6324=IFCINDEXEDPOLYGONALFACE((165,164,166));
#6325=IFCINDEXEDPOLYGONALFACE((165,163,164));
#6326=IFCINDEXEDPOLYGONALFACE((161,166,164));
#6327=IFCINDEXEDPOLYGONALFACE((169,166,167));
#6328=IFCINDEXEDPOLYGONALFACE((168,167,166));
#6329=IFCINDEXEDPOLYGONALFACE((166,161,168));
#6330=IFCINDEXEDPOLYGONALFACE((166,169,165));
#6331=IFCINDEXEDPOLYGONALFACE((169,170,172));
#6332=IFCINDEXEDPOLYGONALFACE((170,169,171));
#6333=IFCINDEXEDPOLYGONALFACE((167,171,169));
#6334=IFCINDEXEDPOLYGONALFACE((172,165,169));
#6335=IFCINDEXEDPOLYGONALFACE((173,165,172));
#6336=IFCINDEXEDPOLYGONALFACE((170,174,172));
#6337=IFCINDEXEDPOLYGONALFACE((172,175,173));
#6338=IFCINDEXEDPOLYGONALFACE((175,172,174));
#6339=IFCINDEXEDPOLYGONALFACE((178,175,176));
#6340=IFCINDEXEDPOLYGONALFACE((177,176,175));
#6341=IFCINDEXEDPOLYGONALFACE((174,177,175));
#6342=IFCINDEXEDPOLYGONALFACE((175,178,173));
#6343=IFCINDEXEDPOLYGONALFACE((178,38,179));
#6344=IFCINDEXEDPOLYGONALFACE((179,173,178));
#6345=IFCINDEXEDPOLYGONALFACE((38,178,36));
#6346=IFCINDEXEDPOLYGONALFACE((176,36,178));
#6347=IFCINDEXEDPOLYGONALFACE((173,179,46));
#6348=IFCINDEXEDPOLYGONALFACE((179,43,46));
#6349=IFCINDEXEDPOLYGONALFACE((43,179,38));
#6350=IFCINDEXEDPOLYGONALFACE((176,177,180));
#6351=IFCINDEXEDPOLYGONALFACE((181,180,177));
#6352=IFCINDEXEDPOLYGONALFACE((177,174,181));
#6353=IFCINDEXEDPOLYGONALFACE((181,183,182));
#6354=IFCINDEXEDPOLYGONALFACE((182,3,181));
#6355=IFCINDEXEDPOLYGONALFACE((183,181,174));
#6356=IFCINDEXEDPOLYGONALFACE((180,181,3));
#6357=IFCINDEXEDPOLYGONALFACE((184,182,183));
#6358=IFCINDEXEDPOLYGONALFACE((183,171,184));
#6359=IFCINDEXEDPOLYGONALFACE((171,183,170));
#6360=IFCINDEXEDPOLYGONALFACE((174,170,183));
#6361=IFCINDEXEDPOLYGONALFACE((182,184,185));
#6362=IFCINDEXEDPOLYGONALFACE((187,185,184));
#6363=IFCINDEXEDPOLYGONALFACE((167,186,184));
#6364=IFCINDEXEDPOLYGONALFACE((184,171,167));
#6365=IFCINDEXEDPOLYGONALFACE((184,186,187));
#6366=IFCINDEXEDPOLYGONALFACE((185,187,188));
#6367=IFCINDEXEDPOLYGONALFACE((190,187,186));
#6368=IFCINDEXEDPOLYGONALFACE((189,188,187));
#6369=IFCINDEXEDPOLYGONALFACE((187,190,189));
#6370=IFCINDEXEDPOLYGONALFACE((186,191,190));
#6371=IFCINDEXEDPOLYGONALFACE((191,192,190));
#6372=IFCINDEXEDPOLYGONALFACE((193,190,192));
#6373=IFCINDEXEDPOLYGONALFACE((190,193,194));
#6374=IFCINDEXEDPOLYGONALFACE((194,189,190));
#6375=IFCINDEXEDPOLYGONALFACE((189,194,145));
#6376=IFCINDEXEDPOLYGONALFACE((194,195,145));
#6377=IFCINDEXEDPOLYGONALFACE((195,194,193));
#6378=IFCINDEXEDPOLYGONALFACE((147,195,196));
#6379=IFCINDEXEDPOLYGONALFACE((193,196,195));
#6380=IFCINDEXEDPOLYGONALFACE((195,147,145));
#6381=IFCINDEXEDPOLYGONALFACE((196,193,197));
#6382=IFCINDEXEDPOLYGONALFACE((197,153,196));
#6383=IFCINDEXEDPOLYGONALFACE((151,196,153));
#6384=IFCINDEXEDPOLYGONALFACE((196,151,147));
#6385=IFCINDEXEDPOLYGONALFACE((197,198,155));
#6386=IFCINDEXEDPOLYGONALFACE((198,197,192));
#6387=IFCINDEXEDPOLYGONALFACE((155,153,197));
#6388=IFCINDEXEDPOLYGONALFACE((192,197,193));
#6389=IFCINDEXEDPOLYGONALFACE((162,157,198));
#6390=IFCINDEXEDPOLYGONALFACE((198,199,162));
#6391=IFCINDEXEDPOLYGONALFACE((192,199,198));
#6392=IFCINDEXEDPOLYGONALFACE((155,198,157));
#6393=IFCINDEXEDPOLYGONALFACE((161,162,199));
#6394=IFCINDEXEDPOLYGONALFACE((199,168,161));
#6395=IFCINDEXEDPOLYGONALFACE((191,168,199));
#6396=IFCINDEXEDPOLYGONALFACE((199,192,191));
#6397=IFCINDEXEDPOLYGONALFACE((168,191,186));
#6398=IFCINDEXEDPOLYGONALFACE((145,200,189));
#6399=IFCINDEXEDPOLYGONALFACE((188,189,200));
#6400=IFCINDEXEDPOLYGONALFACE((201,200,14));
#6401=IFCINDEXEDPOLYGONALFACE((200,145,14));
#6402=IFCINDEXEDPOLYGONALFACE((200,201,188));
#6403=IFCINDEXEDPOLYGONALFACE((201,8,6));
#6404=IFCINDEXEDPOLYGONALFACE((8,201,14));
#6405=IFCINDEXEDPOLYGONALFACE((6,202,201));
#6406=IFCINDEXEDPOLYGONALFACE((202,188,201));
#6407=IFCINDEXEDPOLYGONALFACE((188,202,185));
#6408=IFCINDEXEDPOLYGONALFACE((5,185,202));
#6409=IFCINDEXEDPOLYGONALFACE((202,6,5));
#6410=IFCINDEXEDPOLYGONALFACE((186,167,168));
#6411=IFCINDEXEDPOLYGONALFACE((185,5,182));
#6412=IFCINDEXEDPOLYGONALFACE((3,182,5));
#6413=IFCINDEXEDPOLYGONALFACE((3,2,180));
#6414=IFCINDEXEDPOLYGONALFACE((180,2,33));
#6415=IFCINDEXEDPOLYGONALFACE((33,34,180));
#6416=IFCINDEXEDPOLYGONALFACE((180,34,176));
#6417=IFCINDEXEDPOLYGONALFACE((36,176,34));
#6418=IFCINDEXEDPOLYGONALFACE((173,46,165));
#6419=IFCINDEXEDPOLYGONALFACE((46,163,165));
#6420=IFCINDEXEDPOLYGONALFACE((46,102,163));
#6421=IFCINDEXEDPOLYGONALFACE((102,108,163));
#6422=IFCINDEXEDPOLYGONALFACE((108,159,163));
#6423=IFCINDEXEDPOLYGONALFACE((105,101,116));
#6424=IFCINDEXEDPOLYGONALFACE((46,97,102));
#6425=IFCINDEXEDPOLYGONALFACE((46,88,97));
#6426=IFCINDEXEDPOLYGONALFACE((92,78,77));
#6427=IFCINDEXEDPOLYGONALFACE((78,92,86));
#6428=IFCINDEXEDPOLYGONALFACE((86,80,78));
#6429=IFCINDEXEDPOLYGONALFACE((46,82,84));
#6430=IFCINDEXEDPOLYGONALFACE((82,203,62));
#6431=IFCINDEXEDPOLYGONALFACE((46,203,82));
#6432=IFCINDEXEDPOLYGONALFACE((48,204,203));
#6433=IFCINDEXEDPOLYGONALFACE((46,48,203));
#6434=IFCINDEXEDPOLYGONALFACE((60,62,203));
#6435=IFCINDEXEDPOLYGONALFACE((203,204,60));
#6436=IFCINDEXEDPOLYGONALFACE((204,48,50));
#6437=IFCINDEXEDPOLYGONALFACE((50,60,204));
#6438=IFCINDEXEDPOLYGONALFACE((38,39,43));
#6439=IFCINDEXEDPOLYGONALFACE((4,11,33));
#6440=IFCINDEXEDPOLYGONALFACE((33,2,4));
#6441=IFCINDEXEDPOLYGONALFACE((18,14,20));
#6442=IFCINDEXEDPOLYGONALFACE((8,14,10));
#6443=IFCPOLYGONALFACESET(#6038,$,(#6039,#6040,#6041,#6042,#6043,#6044,#6045,#6046,#6047,#6048,#6049,#6050,#6051,#6052,#6053,#6054,#6055,#6056,#6057,#6058,#6059,#6060,#6061,#6062,#6063,#6064,#6065,#6066,#6067,#6068,#6069,#6070,#6071,#6072,#6073,#6074,#6075,#6076,#6077,#6078,#6079,#6080,#6081,#6082,#6083,#6084,#6085,#6086,#6087,#6088,#6089,#6090,#6091,#6092,#6093,#6094,#6095,#6096,#6097,#6098,#6099,#6100,#6101,#6102,#6103,#6104,#6105,#6106,#6107,#6108,#6109,#6110,#6111,#6112,#6113,#6114,#6115,#6116,#6117,#6118,#6119,#6120,#6121,#6122,#6123,#6124,#6125,#6126,#6127,#6128,#6129,#6130,#6131,#6132,#6133,#6134,#6135,#6136,#6137,#6138,#6139,#6140,#6141,#6142,#6143,#6144,#6145,#6146,#6147,#6148,#6149,#6150,#6151,#6152,#6153,#6154,#6155,#6156,#6157,#6158,#6159,#6160,#6161,#6162,#6163,#6164,#6165,#6166,#6167,#6168,#6169,#6170,#6171,#6172,#6173,#6174,#6175,#6176,#6177,#6178,#6179,#6180,#6181,#6182,#6183,#6184,#6185,#6186,#6187,#6188,#6189,#6190,#6191,#6192,#6193,#6194,#6195,#6196,#6197,#6198,#6199,#6200,#6201,#6202,#6203,#6204,#6205,#6206,#6207,#6208,#6209,#6210,#6211,#6212,#6213,#6214,#6215,#6216,#6217,#6218,#6219,#6220,#6221,#6222,#6223,#6224,#6225,#6226,#6227,#6228,#6229,#6230,#6231,#6232,#6233,#6234,#6235,#6236,#6237,#6238,#6239,#6240,#6241,#6242,#6243,#6244,#6245,#6246,#6247,#6248,#6249,#6250,#6251,#6252,#6253,#6254,#6255,#6256,#6257,#6258,#6259,#6260,#6261,#6262,#6263,#6264,#6265,#6266,#6267,#6268,#6269,#6270,#6271,#6272,#6273,#6274,#6275,#6276,#6277,#6278,#6279,#6280,#6281,#6282,#6283,#6284,#6285,#6286,#6287,#6288,#6289,#6290,#6291,#6292,#6293,#6294,#6295,#6296,#6297,#6298,#6299,#6300,#6301,#6302,#6303,#6304,#6305,#6306,#6307,#6308,#6309,#6310,#6311,#6312,#6313,#6314,#6315,#6316,#6317,#6318,#6319,#6320,#6321,#6322,#6323,#6324,#6325,#6326,#6327,#6328,#6329,#6330,#6331,#6332,#6333,#6334,#6335,#6336,#6337,#6338,#6339,#6340,#6341,#6342,#6343,#6344,#6345,#6346,#6347,#6348,#6349,#6350,#6351,#6352,#6353,#6354,#6355,#6356,#6357,#6358,#6359,#6360,#6361,#6362,#6363,#6364,#6365,#6366,#6367,#6368,#6369,#6370,#6371,#6372,#6373,#6374,#6375,#6376,#6377,#6378,#6379,#6380,#6381,#6382,#6383,#6384,#6385,#6386,#6387,#6388,#6389,#6390,#6391,#6392,#6393,#6394,#6395,#6396,#6397,#6398,#6399,#6400,#6401,#6402,#6403,#6404,#6405,#6406,#6407,#6408,#6409,#6410,#6411,#6412,#6413,#6414,#6415,#6416,#6417,#6418,#6419,#6420,#6421,#6422,#6423,#6424,#6425,#6426,#6427,#6428,#6429,#6430,#6431,#6432,#6433,#6434,#6435,#6436,#6437,#6438,#6439,#6440,#6441,#6442),$);
#6444=IFCCARTESIANPOINTLIST3D(((-199.772064208984,-221.425918579102,3.29798078536987),(-199.172073364258,-222.472915649414,3.3289806842804),(-199.526062011719,-221.235931396484,3.6579806804657),(-217.244049072266,-202.644912719727,3.68098211288452),(-217.465042114258,-202.886917114258,3.29598212242126),(-199.507064819336,-222.609924316406,3.15398073196411),(-200.059051513672,-221.647918701172,3.12298083305359),(-200.03205871582,-222.472915649414,3.08198070526123),(-218.464050292969,-202.559906005859,3.12398219108582),(-219.766052246094,-202.23291015625,3.22098207473755),(-218.721054077148,-202.93391418457,3.07898211479187),(-218.474044799805,-202.162902832031,3.31098222732544),(-219.742050170898,-201.873916625977,3.39898228645325),(-221.018051147461,-201.942901611328,3.92698192596436),(-219.688049316406,-201.571914672852,3.77498245239258),(-220.975036621094,-202.214920043945,3.54598212242126),(-221.13005065918,-202.644912719727,3.41898202896118),(-221.957046508789,-203.,3.65398192405701),(-222.132049560547,-202.881927490234,3.97298216819763),(-222.,-202.667907714844,4.39398193359375),(-227.444061279297,-208.833923339844,4.52598142623901),(-227.368057250977,-209.155914306641,3.69898152351379),(-227.520065307617,-209.045913696289,4.02698183059692),(-229.283065795898,-212.029907226562,4.14398145675659),(-229.17805480957,-212.257904052734,3.757981300354),(-217.76203918457,-198.09992980957,78.2879791259766),(-219.575042724609,-201.357940673828,78.3109741210938),(-230.678070068359,-215.,4.16098070144653),(-230.599060058594,-215.308898925781,3.77498126029968),(-221.041046142578,-204.493927001953,78.3399810791016),(-231.978057861328,-218.192901611328,4.18498086929321),(-231.828063964844,-218.3369140625,3.7989809513092),(-222.086059570312,-207.729919433594,78.3759841918945),(-232.827056884766,-221.2119140625,4.20898103713989),(-222.741058349609,-210.737930297852,78.4139785766602),(-233.395050048828,-223.984909057617,4.22998094558716),(-232.661056518555,-221.295913696289,3.82398056983948),(-233.224060058594,-224.021911621094,3.84898042678833),(-232.844055175781,-223.397918701172,3.64798069000244),(-231.560073852539,-218.472915649414,3.60898089408875),(-230.811065673828,-217.52392578125,3.53798079490662),(-229.619064331055,-213.786911010742,3.57798147201538),(-226.799057006836,-209.610916137695,3.45698165893555),(-227.084060668945,-209.307907104492,3.51198148727417),(-221.838043212891,-203.984924316406,3.41398191452026),(-220.258041381836,-202.692916870117,3.24098205566406),(-201.471069335938,-226.063919067383,3.43498063087463),(-199.373062133789,-223.683929443359,3.23698043823242),(-199.698059082031,-224.962921142578,3.43998026847839),(-213.197052001953,-234.837905883789,3.52897977828979),(-203.683059692383,-228.64892578125,3.48198008537292),(-221.379058837891,-237.021911621094,3.62997937202454),(-226.51106262207,-236.346908569336,3.71597933769226),(-230.659057617188,-233.211898803711,3.7329797744751),(-232.729064941406,-228.224899291992,3.66298007965088),(-232.452072143555,-223.647903442383,3.58398056030273),(-233.197067260742,-226.713912963867,3.70198011398315),(-233.485061645508,-226.684921264648,3.89298033714294),(-233.162063598633,-229.43391418457,3.94398045539856),(-232.884063720703,-229.388916015625,3.75398015975952),(-231.863067626953,-231.981903076172,3.78898000717163),(-232.113067626953,-232.10090637207,3.97897958755493),(-232.24006652832,-232.160919189453,4.35597991943359),(-230.619064331055,-234.455917358398,4.37197971343994),(-230.525054931641,-234.355911254883,4.),(-228.429061889648,-236.219909667969,4.35497951507568),(-228.369064331055,-236.098922729492,3.98997974395752),(-230.323059082031,-234.169921875,3.80497980117798),(-228.232055664062,-235.859909057617,3.79997992515564),(-225.635070800781,-237.025909423828,3.77197957038879),(-225.694061279297,-237.299911499023,3.96197962760925),(-225.724060058594,-237.442916870117,4.34297943115234),(-222.813049316406,-237.879913330078,4.29897928237915),(-222.826065063477,-237.721908569336,3.91597938537598),(-219.985061645508,-237.687911987305,4.25397920608521),(-220.026062011719,-237.522918701172,3.86897945404053),(-222.84407043457,-237.436904907227,3.7259795665741),(-220.104049682617,-237.241912841797,3.67897963523865),(-217.344055175781,-236.894912719727,3.83897948265076),(-215.148056030273,-235.985900878906,3.62297964096069),(-211.847076416016,-234.473907470703,3.57797980308533),(-214.534057617188,-236.065902709961,3.81197953224182),(-211.661056518555,-234.716903686523,3.76697969436646),(-211.513061523438,-234.859909057617,4.15397977828979),(-205.5390625,-231.,4.10198020935059),(-205.745056152344,-230.893920898438,3.72797989845276),(-203.03205871582,-228.859939575195,4.08198022842407),(-203.223068237305,-228.740936279297,3.69498014450073),(-205.98405456543,-230.684921264648,3.5379798412323),(-199.82307434082,-225.827926635742,3.97198009490967),(-200.,-225.748931884766,3.66498041152954),(-199.049057006836,-224.866928100586,3.95198059082031),(-199.327072143555,-224.836929321289,3.56098055839539),(-199.,-223.679931640625,3.42398047447205),(-198.695068359375,-223.614929199219,3.79698038101196),(-198.893051147461,-222.318939208984,3.70098066329956),(-184.752059936523,-208.658920288086,77.9109802246094),(-184.525054931641,-209.919937133789,78.),(-184.676071166992,-209.832916259766,78.3629837036133),(-184.843063354492,-211.162933349609,78.1259765625),(-184.89306640625,-208.65592956543,78.281982421875),(-185.255065917969,-208.456924438477,78.4579849243164),(-185.507064819336,-207.645919799805,78.2569808959961),(-204.550048828125,-187.921936035156,78.2569808959961),(-185.403060913086,-207.577926635742,77.8749847412109),(-205.266052246094,-187.644927978516,78.443977355957),(-205.534042358398,-187.2109375,78.2689743041992),(-206.638046264648,-187.237915039062,78.5409851074219),(-189.882064819336,-215.,78.8799743652344),(-207.615051269531,-187.848922729492,78.724983215332),(-185.337066650391,-209.290924072266,78.5559844970703),(-206.747039794922,-186.910934448242,78.3409805297852),(-207.816055297852,-187.456924438477,78.6599731445312),(-207.983047485352,-187.204925537109,78.4739837646484),(-208.611038208008,-188.614929199219,78.8379821777344),(-208.839050292969,-188.242935180664,78.7789764404297),(-215.593048095703,-196.473922729492,78.8979797363281),(-215.082046508789,-195.066925048828,78.8199768066406),(-209.078048706055,-188.039932250977,78.5949783325195),(-209.17805480957,-187.852920532227,78.1919860839844),(-210.492050170898,-189.25993347168,78.2949829101562),(-215.335037231445,-194.875930786133,78.6319808959961),(-208.137054443359,-187.074935913086,78.0949783325195),(-206.803039550781,-186.760940551758,77.9659805297852),(-205.495040893555,-187.087921142578,77.8959808349609),(-218.32405090332,-201.879913330078,3.68498229980469),(-204.479034423828,-187.826934814453,77.8969802856445),(-215.559051513672,-194.806915283203,78.2499771118164),(-217.480056762695,-198.084930419922,78.6749801635742),(-217.814041137695,-199.213928222656,78.8689804077148),(-219.273040771484,-201.288925170898,78.6959762573242),(-220.316040039062,-204.469924926758,78.943977355957),(-220.777053833008,-204.493927001953,78.724983215332),(-222.024047851562,-210.607940673828,79.0119781494141),(-221.495056152344,-207.782928466797,78.943977355957),(-221.819061279297,-207.719924926758,78.7609786987305),(-222.472061157227,-210.721923828125,78.7969741821289),(-222.653060913086,-213.728927612305,78.8479766845703),(-222.312057495117,-213.680923461914,79.0289840698242),(-221.8310546875,-216.660934448242,79.0789794921875),(-221.788070678711,-215.098937988281,79.1109848022461),(-219.593063354492,-220.416915893555,79.177978515625),(-216.560073852539,-223.682922363281,79.1459808349609),(-220.633056640625,-219.488922119141,79.1129760742188),(-218.880065917969,-221.886932373047,79.1289825439453),(-220.934066772461,-219.674926757812,78.9359817504883),(-219.13606262207,-222.133926391602,78.9519805908203),(-221.194061279297,-219.826919555664,78.5599822998047),(-219.366058349609,-222.334915161133,78.5769805908203),(-216.755065917969,-224.056930541992,78.9459838867188),(-216.927062988281,-224.316925048828,78.5559844970703),(-213.852066040039,-225.404922485352,78.9169769287109),(-213.741058349609,-225.,79.1179809570312),(-210.684066772461,-225.578918457031,79.0709838867188),(-210.7060546875,-225.978927612305,78.8699798583984),(-207.689056396484,-225.44091796875,79.0279846191406),(-201.531051635742,-223.684921264648,78.948974609375),(-204.633056640625,-224.799926757812,78.9609832763672),(-207.584060668945,-225.844924926758,78.8169860839844),(-210.744049072266,-226.261932373047,78.4869842529297),(-207.579071044922,-226.117919921875,78.4319839477539),(-204.593063354492,-225.132934570312,78.7779769897461),(-204.576065063477,-225.397933959961,78.3929748535156),(-201.515060424805,-224.098922729492,78.7399826049805),(-201.46907043457,-224.350936889648,78.3529815673828),(-198.371047973633,-222.456939697266,78.6949768066406),(-198.500076293945,-222.158920288086,78.8779830932617),(-192.154067993164,-217.605926513672,78.8489837646484),(-191.894058227539,-217.829925537109,78.6559829711914),(-186.308059692383,-211.576919555664,78.85498046875),(-185.952056884766,-211.845916748047,78.786979675293),(-185.731063842773,-212.063919067383,78.5959854125977),(-185.617065429688,-210.64192199707,78.7409820556641),(-185.225051879883,-210.840927124023,78.6759796142578),(-184.971069335938,-211.,78.4899749755859),(-184.961074829102,-209.788925170898,78.5499801635742),(-185.635070800781,-212.226928710938,78.2799835205078),(-189.286056518555,-215.763931274414,78.2439804077148),(-185.670059204102,-212.345932006836,77.8209838867188),(-199.712051391602,-225.80891418457,4.39498043060303),(-192.100067138672,-218.277938842773,78.2669830322266),(-195.380065917969,-220.677932739258,77.9259796142578),(-198.355072021484,-222.714935302734,78.3379745483398),(-208.520050048828,-232.934906005859,4.49397993087769),(-214.420074462891,-236.220916748047,4.19697999954224),(-217.331069946289,-237.073913574219,4.22497940063477),(-213.946060180664,-225.687927246094,78.5359802246094),(-222.43505859375,-216.879913330078,78.5229797363281),(-233.315063476562,-229.442916870117,4.32298040390015),(-233.648056030273,-226.649917602539,4.27298021316528),(-222.929061889648,-213.778930664062,78.4689788818359),(-222.160064697266,-216.778915405273,78.8999786376953),(-211.186050415039,-189.916931152344,77.802978515625)));
#6445=IFCINDEXEDPOLYGONALFACE((1,2,6));
#6446=IFCINDEXEDPOLYGONALFACE((2,1,3));
#6447=IFCINDEXEDPOLYGONALFACE((4,3,1));
#6448=IFCINDEXEDPOLYGONALFACE((1,5,4));
#6449=IFCINDEXEDPOLYGONALFACE((5,1,7));
#6450=IFCINDEXEDPOLYGONALFACE((6,7,1));
#6451=IFCINDEXEDPOLYGONALFACE((7,9,5));
#6452=IFCINDEXEDPOLYGONALFACE((9,7,8));
#6453=IFCINDEXEDPOLYGONALFACE((7,6,8));
#6454=IFCINDEXEDPOLYGONALFACE((12,5,9));
#6455=IFCINDEXEDPOLYGONALFACE((8,11,9));
#6456=IFCINDEXEDPOLYGONALFACE((9,10,13));
#6457=IFCINDEXEDPOLYGONALFACE((10,9,11));
#6458=IFCINDEXEDPOLYGONALFACE((13,12,9));
#6459=IFCINDEXEDPOLYGONALFACE((12,13,15));
#6460=IFCINDEXEDPOLYGONALFACE((13,16,14));
#6461=IFCINDEXEDPOLYGONALFACE((14,15,13));
#6462=IFCINDEXEDPOLYGONALFACE((16,13,10));
#6463=IFCINDEXEDPOLYGONALFACE((19,14,16));
#6464=IFCINDEXEDPOLYGONALFACE((10,17,16));
#6465=IFCINDEXEDPOLYGONALFACE((18,16,17));
#6466=IFCINDEXEDPOLYGONALFACE((16,18,19));
#6467=IFCINDEXEDPOLYGONALFACE((18,22,19));
#6468=IFCINDEXEDPOLYGONALFACE((14,19,20));
#6469=IFCINDEXEDPOLYGONALFACE((21,20,19));
#6470=IFCINDEXEDPOLYGONALFACE((19,23,21));
#6471=IFCINDEXEDPOLYGONALFACE((23,19,22));
#6472=IFCINDEXEDPOLYGONALFACE((24,23,22));
#6473=IFCINDEXEDPOLYGONALFACE((24,21,23));
#6474=IFCINDEXEDPOLYGONALFACE((28,24,25));
#6475=IFCINDEXEDPOLYGONALFACE((22,25,24));
#6476=IFCINDEXEDPOLYGONALFACE((27,26,24));
#6477=IFCINDEXEDPOLYGONALFACE((21,24,26));
#6478=IFCINDEXEDPOLYGONALFACE((24,28,27));
#6479=IFCINDEXEDPOLYGONALFACE((25,29,28));
#6480=IFCINDEXEDPOLYGONALFACE((31,28,29));
#6481=IFCINDEXEDPOLYGONALFACE((30,27,28));
#6482=IFCINDEXEDPOLYGONALFACE((28,31,30));
#6483=IFCINDEXEDPOLYGONALFACE((29,32,31));
#6484=IFCINDEXEDPOLYGONALFACE((34,31,32));
#6485=IFCINDEXEDPOLYGONALFACE((33,30,31));
#6486=IFCINDEXEDPOLYGONALFACE((31,34,33));
#6487=IFCINDEXEDPOLYGONALFACE((35,33,34));
#6488=IFCINDEXEDPOLYGONALFACE((34,36,35));
#6489=IFCINDEXEDPOLYGONALFACE((36,34,37));
#6490=IFCINDEXEDPOLYGONALFACE((32,37,34));
#6491=IFCINDEXEDPOLYGONALFACE((37,32,40));
#6492=IFCINDEXEDPOLYGONALFACE((37,38,36));
#6493=IFCINDEXEDPOLYGONALFACE((38,37,39));
#6494=IFCINDEXEDPOLYGONALFACE((40,39,37));
#6495=IFCINDEXEDPOLYGONALFACE((39,40,41));
#6496=IFCINDEXEDPOLYGONALFACE((40,42,41));
#6497=IFCINDEXEDPOLYGONALFACE((42,40,32));
#6498=IFCINDEXEDPOLYGONALFACE((44,42,25));
#6499=IFCINDEXEDPOLYGONALFACE((29,25,42));
#6500=IFCINDEXEDPOLYGONALFACE((43,41,42));
#6501=IFCINDEXEDPOLYGONALFACE((32,29,42));
#6502=IFCINDEXEDPOLYGONALFACE((42,44,43));
#6503=IFCINDEXEDPOLYGONALFACE((25,22,44));
#6504=IFCINDEXEDPOLYGONALFACE((45,43,44));
#6505=IFCINDEXEDPOLYGONALFACE((17,44,22));
#6506=IFCINDEXEDPOLYGONALFACE((44,17,45));
#6507=IFCINDEXEDPOLYGONALFACE((46,45,17));
#6508=IFCINDEXEDPOLYGONALFACE((47,45,46));
#6509=IFCINDEXEDPOLYGONALFACE((47,41,45));
#6510=IFCINDEXEDPOLYGONALFACE((41,43,45));
#6511=IFCINDEXEDPOLYGONALFACE((8,47,11));
#6512=IFCINDEXEDPOLYGONALFACE((8,48,47));
#6513=IFCINDEXEDPOLYGONALFACE((47,48,49));
#6514=IFCINDEXEDPOLYGONALFACE((51,47,49));
#6515=IFCINDEXEDPOLYGONALFACE((47,50,52));
#6516=IFCINDEXEDPOLYGONALFACE((47,51,50));
#6517=IFCINDEXEDPOLYGONALFACE((47,52,53));
#6518=IFCINDEXEDPOLYGONALFACE((47,53,54));
#6519=IFCINDEXEDPOLYGONALFACE((47,54,55));
#6520=IFCINDEXEDPOLYGONALFACE((47,55,56));
#6521=IFCINDEXEDPOLYGONALFACE((47,56,41));
#6522=IFCINDEXEDPOLYGONALFACE((47,46,11));
#6523=IFCINDEXEDPOLYGONALFACE((57,39,56));
#6524=IFCINDEXEDPOLYGONALFACE((56,55,57));
#6525=IFCINDEXEDPOLYGONALFACE((41,56,39));
#6526=IFCINDEXEDPOLYGONALFACE((39,57,58));
#6527=IFCINDEXEDPOLYGONALFACE((59,58,57));
#6528=IFCINDEXEDPOLYGONALFACE((57,60,59));
#6529=IFCINDEXEDPOLYGONALFACE((60,57,55));
#6530=IFCINDEXEDPOLYGONALFACE((60,61,62));
#6531=IFCINDEXEDPOLYGONALFACE((61,60,55));
#6532=IFCINDEXEDPOLYGONALFACE((62,59,60));
#6533=IFCINDEXEDPOLYGONALFACE((59,62,63));
#6534=IFCINDEXEDPOLYGONALFACE((64,63,62));
#6535=IFCINDEXEDPOLYGONALFACE((62,65,64));
#6536=IFCINDEXEDPOLYGONALFACE((65,62,61));
#6537=IFCINDEXEDPOLYGONALFACE((66,64,65));
#6538=IFCINDEXEDPOLYGONALFACE((65,67,66));
#6539=IFCINDEXEDPOLYGONALFACE((67,65,68));
#6540=IFCINDEXEDPOLYGONALFACE((61,68,65));
#6541=IFCINDEXEDPOLYGONALFACE((68,69,67));
#6542=IFCINDEXEDPOLYGONALFACE((69,68,54));
#6543=IFCINDEXEDPOLYGONALFACE((68,61,54));
#6544=IFCINDEXEDPOLYGONALFACE((54,53,69));
#6545=IFCINDEXEDPOLYGONALFACE((70,69,53));
#6546=IFCINDEXEDPOLYGONALFACE((69,70,71));
#6547=IFCINDEXEDPOLYGONALFACE((71,67,69));
#6548=IFCINDEXEDPOLYGONALFACE((67,71,72));
#6549=IFCINDEXEDPOLYGONALFACE((73,72,71));
#6550=IFCINDEXEDPOLYGONALFACE((71,74,73));
#6551=IFCINDEXEDPOLYGONALFACE((74,71,70));
#6552=IFCINDEXEDPOLYGONALFACE((75,73,74));
#6553=IFCINDEXEDPOLYGONALFACE((74,76,75));
#6554=IFCINDEXEDPOLYGONALFACE((76,74,77));
#6555=IFCINDEXEDPOLYGONALFACE((70,77,74));
#6556=IFCINDEXEDPOLYGONALFACE((77,78,76));
#6557=IFCINDEXEDPOLYGONALFACE((53,52,77));
#6558=IFCINDEXEDPOLYGONALFACE((78,77,52));
#6559=IFCINDEXEDPOLYGONALFACE((77,70,53));
#6560=IFCINDEXEDPOLYGONALFACE((79,76,78));
#6561=IFCINDEXEDPOLYGONALFACE((78,80,79));
#6562=IFCINDEXEDPOLYGONALFACE((80,78,52));
#6563=IFCINDEXEDPOLYGONALFACE((52,50,80));
#6564=IFCINDEXEDPOLYGONALFACE((81,80,50));
#6565=IFCINDEXEDPOLYGONALFACE((80,81,83));
#6566=IFCINDEXEDPOLYGONALFACE((82,79,80));
#6567=IFCINDEXEDPOLYGONALFACE((83,82,80));
#6568=IFCINDEXEDPOLYGONALFACE((82,83,84));
#6569=IFCINDEXEDPOLYGONALFACE((85,84,83));
#6570=IFCINDEXEDPOLYGONALFACE((83,86,85));
#6571=IFCINDEXEDPOLYGONALFACE((86,83,81));
#6572=IFCINDEXEDPOLYGONALFACE((87,85,86));
#6573=IFCINDEXEDPOLYGONALFACE((86,88,87));
#6574=IFCINDEXEDPOLYGONALFACE((88,86,89));
#6575=IFCINDEXEDPOLYGONALFACE((81,89,86));
#6576=IFCINDEXEDPOLYGONALFACE((50,51,89));
#6577=IFCINDEXEDPOLYGONALFACE((89,51,88));
#6578=IFCINDEXEDPOLYGONALFACE((89,81,50));
#6579=IFCINDEXEDPOLYGONALFACE((90,87,88));
#6580=IFCINDEXEDPOLYGONALFACE((88,91,90));
#6581=IFCINDEXEDPOLYGONALFACE((91,88,51));
#6582=IFCINDEXEDPOLYGONALFACE((92,90,91));
#6583=IFCINDEXEDPOLYGONALFACE((91,93,92));
#6584=IFCINDEXEDPOLYGONALFACE((93,91,49));
#6585=IFCINDEXEDPOLYGONALFACE((51,49,91));
#6586=IFCINDEXEDPOLYGONALFACE((95,92,93));
#6587=IFCINDEXEDPOLYGONALFACE((94,93,49));
#6588=IFCINDEXEDPOLYGONALFACE((93,94,95));
#6589=IFCINDEXEDPOLYGONALFACE((96,95,94));
#6590=IFCINDEXEDPOLYGONALFACE((95,96,97));
#6591=IFCINDEXEDPOLYGONALFACE((97,98,95));
#6592=IFCINDEXEDPOLYGONALFACE((92,95,98));
#6593=IFCINDEXEDPOLYGONALFACE((100,98,99));
#6594=IFCINDEXEDPOLYGONALFACE((101,99,98));
#6595=IFCINDEXEDPOLYGONALFACE((98,100,92));
#6596=IFCINDEXEDPOLYGONALFACE((98,97,101));
#6597=IFCINDEXEDPOLYGONALFACE((103,101,97));
#6598=IFCINDEXEDPOLYGONALFACE((99,101,102));
#6599=IFCINDEXEDPOLYGONALFACE((101,103,102));
#6600=IFCINDEXEDPOLYGONALFACE((103,104,106));
#6601=IFCINDEXEDPOLYGONALFACE((104,103,105));
#6602=IFCINDEXEDPOLYGONALFACE((97,105,103));
#6603=IFCINDEXEDPOLYGONALFACE((106,102,103));
#6604=IFCINDEXEDPOLYGONALFACE((108,106,107));
#6605=IFCINDEXEDPOLYGONALFACE((104,107,106));
#6606=IFCINDEXEDPOLYGONALFACE((102,106,108));
#6607=IFCINDEXEDPOLYGONALFACE((107,112,108));
#6608=IFCINDEXEDPOLYGONALFACE((108,109,111));
#6609=IFCINDEXEDPOLYGONALFACE((108,110,109));
#6610=IFCINDEXEDPOLYGONALFACE((108,113,110));
#6611=IFCINDEXEDPOLYGONALFACE((108,111,102));
#6612=IFCINDEXEDPOLYGONALFACE((113,108,112));
#6613=IFCINDEXEDPOLYGONALFACE((112,114,113));
#6614=IFCINDEXEDPOLYGONALFACE((115,110,113));
#6615=IFCINDEXEDPOLYGONALFACE((116,113,114));
#6616=IFCINDEXEDPOLYGONALFACE((113,116,115));
#6617=IFCINDEXEDPOLYGONALFACE((116,118,117));
#6618=IFCINDEXEDPOLYGONALFACE((117,115,116));
#6619=IFCINDEXEDPOLYGONALFACE((118,116,119));
#6620=IFCINDEXEDPOLYGONALFACE((114,119,116));
#6621=IFCINDEXEDPOLYGONALFACE((123,120,119));
#6622=IFCINDEXEDPOLYGONALFACE((120,121,119));
#6623=IFCINDEXEDPOLYGONALFACE((122,119,121));
#6624=IFCINDEXEDPOLYGONALFACE((119,122,118));
#6625=IFCINDEXEDPOLYGONALFACE((119,114,123));
#6626=IFCINDEXEDPOLYGONALFACE((15,14,123));
#6627=IFCINDEXEDPOLYGONALFACE((123,124,15));
#6628=IFCINDEXEDPOLYGONALFACE((120,123,14));
#6629=IFCINDEXEDPOLYGONALFACE((124,123,114));
#6630=IFCINDEXEDPOLYGONALFACE((126,15,124));
#6631=IFCINDEXEDPOLYGONALFACE((125,124,112));
#6632=IFCINDEXEDPOLYGONALFACE((124,125,126));
#6633=IFCINDEXEDPOLYGONALFACE((114,112,124));
#6634=IFCINDEXEDPOLYGONALFACE((5,12,126));
#6635=IFCINDEXEDPOLYGONALFACE((126,4,5));
#6636=IFCINDEXEDPOLYGONALFACE((4,126,125));
#6637=IFCINDEXEDPOLYGONALFACE((15,126,12));
#6638=IFCINDEXEDPOLYGONALFACE((125,127,4));
#6639=IFCINDEXEDPOLYGONALFACE((112,107,125));
#6640=IFCINDEXEDPOLYGONALFACE((127,125,107));
#6641=IFCINDEXEDPOLYGONALFACE((4,127,105));
#6642=IFCINDEXEDPOLYGONALFACE((107,104,127));
#6643=IFCINDEXEDPOLYGONALFACE((105,127,104));
#6644=IFCINDEXEDPOLYGONALFACE((121,128,122));
#6645=IFCINDEXEDPOLYGONALFACE((129,122,128));
#6646=IFCINDEXEDPOLYGONALFACE((122,129,130));
#6647=IFCINDEXEDPOLYGONALFACE((130,118,122));
#6648=IFCINDEXEDPOLYGONALFACE((118,130,117));
#6649=IFCINDEXEDPOLYGONALFACE((132,130,131));
#6650=IFCINDEXEDPOLYGONALFACE((129,131,130));
#6651=IFCINDEXEDPOLYGONALFACE((132,117,130));
#6652=IFCINDEXEDPOLYGONALFACE((131,133,132));
#6653=IFCINDEXEDPOLYGONALFACE((115,117,132));
#6654=IFCINDEXEDPOLYGONALFACE((135,132,133));
#6655=IFCINDEXEDPOLYGONALFACE((115,132,109));
#6656=IFCINDEXEDPOLYGONALFACE((132,134,109));
#6657=IFCINDEXEDPOLYGONALFACE((132,135,134));
#6658=IFCINDEXEDPOLYGONALFACE((133,136,135));
#6659=IFCINDEXEDPOLYGONALFACE((134,135,136));
#6660=IFCINDEXEDPOLYGONALFACE((136,133,30));
#6661=IFCINDEXEDPOLYGONALFACE((30,33,136));
#6662=IFCINDEXEDPOLYGONALFACE((137,136,33));
#6663=IFCINDEXEDPOLYGONALFACE((136,137,134));
#6664=IFCINDEXEDPOLYGONALFACE((33,35,137));
#6665=IFCINDEXEDPOLYGONALFACE((138,137,35));
#6666=IFCINDEXEDPOLYGONALFACE((137,138,139));
#6667=IFCINDEXEDPOLYGONALFACE((139,134,137));
#6668=IFCINDEXEDPOLYGONALFACE((140,139,138));
#6669=IFCINDEXEDPOLYGONALFACE((139,140,141));
#6670=IFCINDEXEDPOLYGONALFACE((134,139,141));
#6671=IFCINDEXEDPOLYGONALFACE((134,141,109));
#6672=IFCINDEXEDPOLYGONALFACE((141,142,109));
#6673=IFCINDEXEDPOLYGONALFACE((142,141,140));
#6674=IFCINDEXEDPOLYGONALFACE((140,144,142));
#6675=IFCINDEXEDPOLYGONALFACE((142,143,109));
#6676=IFCINDEXEDPOLYGONALFACE((143,142,145));
#6677=IFCINDEXEDPOLYGONALFACE((144,145,142));
#6678=IFCINDEXEDPOLYGONALFACE((145,144,146));
#6679=IFCINDEXEDPOLYGONALFACE((143,145,147));
#6680=IFCINDEXEDPOLYGONALFACE((146,147,145));
#6681=IFCINDEXEDPOLYGONALFACE((147,146,148));
#6682=IFCINDEXEDPOLYGONALFACE((148,149,147));
#6683=IFCINDEXEDPOLYGONALFACE((150,147,149));
#6684=IFCINDEXEDPOLYGONALFACE((147,150,143));
#6685=IFCINDEXEDPOLYGONALFACE((149,151,150));
#6686=IFCINDEXEDPOLYGONALFACE((152,150,151));
#6687=IFCINDEXEDPOLYGONALFACE((150,152,153));
#6688=IFCINDEXEDPOLYGONALFACE((153,143,150));
#6689=IFCINDEXEDPOLYGONALFACE((154,153,152));
#6690=IFCINDEXEDPOLYGONALFACE((143,153,109));
#6691=IFCINDEXEDPOLYGONALFACE((153,154,109));
#6692=IFCINDEXEDPOLYGONALFACE((152,155,154));
#6693=IFCINDEXEDPOLYGONALFACE((156,154,155));
#6694=IFCINDEXEDPOLYGONALFACE((154,156,109));
#6695=IFCINDEXEDPOLYGONALFACE((156,157,109));
#6696=IFCINDEXEDPOLYGONALFACE((157,156,158));
#6697=IFCINDEXEDPOLYGONALFACE((158,156,159));
#6698=IFCINDEXEDPOLYGONALFACE((155,159,156));
#6699=IFCINDEXEDPOLYGONALFACE((159,155,160));
#6700=IFCINDEXEDPOLYGONALFACE((160,161,159));
#6701=IFCINDEXEDPOLYGONALFACE((162,159,161));
#6702=IFCINDEXEDPOLYGONALFACE((159,162,158));
#6703=IFCINDEXEDPOLYGONALFACE((161,163,162));
#6704=IFCINDEXEDPOLYGONALFACE((164,162,163));
#6705=IFCINDEXEDPOLYGONALFACE((162,164,157));
#6706=IFCINDEXEDPOLYGONALFACE((157,158,162));
#6707=IFCINDEXEDPOLYGONALFACE((163,165,164));
#6708=IFCINDEXEDPOLYGONALFACE((166,164,165));
#6709=IFCINDEXEDPOLYGONALFACE((164,166,167));
#6710=IFCINDEXEDPOLYGONALFACE((167,157,164));
#6711=IFCINDEXEDPOLYGONALFACE((168,157,167));
#6712=IFCINDEXEDPOLYGONALFACE((168,167,166));
#6713=IFCINDEXEDPOLYGONALFACE((171,168,169));
#6714=IFCINDEXEDPOLYGONALFACE((166,169,168));
#6715=IFCINDEXEDPOLYGONALFACE((157,168,109));
#6716=IFCINDEXEDPOLYGONALFACE((170,109,168));
#6717=IFCINDEXEDPOLYGONALFACE((168,171,170));
#6718=IFCINDEXEDPOLYGONALFACE((169,172,171));
#6719=IFCINDEXEDPOLYGONALFACE((174,171,172));
#6720=IFCINDEXEDPOLYGONALFACE((173,170,171));
#6721=IFCINDEXEDPOLYGONALFACE((171,174,173));
#6722=IFCINDEXEDPOLYGONALFACE((111,173,174));
#6723=IFCINDEXEDPOLYGONALFACE((176,174,175));
#6724=IFCINDEXEDPOLYGONALFACE((172,175,174));
#6725=IFCINDEXEDPOLYGONALFACE((174,176,111));
#6726=IFCINDEXEDPOLYGONALFACE((175,99,176));
#6727=IFCINDEXEDPOLYGONALFACE((102,176,99));
#6728=IFCINDEXEDPOLYGONALFACE((176,102,111));
#6729=IFCINDEXEDPOLYGONALFACE((99,175,100));
#6730=IFCINDEXEDPOLYGONALFACE((177,100,175));
#6731=IFCINDEXEDPOLYGONALFACE((175,172,177));
#6732=IFCINDEXEDPOLYGONALFACE((178,177,172));
#6733=IFCINDEXEDPOLYGONALFACE((178,179,177));
#6734=IFCINDEXEDPOLYGONALFACE((100,177,179));
#6735=IFCINDEXEDPOLYGONALFACE((180,179,178));
#6736=IFCINDEXEDPOLYGONALFACE((92,100,179));
#6737=IFCINDEXEDPOLYGONALFACE((179,180,92));
#6738=IFCINDEXEDPOLYGONALFACE((87,90,180));
#6739=IFCINDEXEDPOLYGONALFACE((178,87,180));
#6740=IFCINDEXEDPOLYGONALFACE((92,180,90));
#6741=IFCINDEXEDPOLYGONALFACE((181,178,169));
#6742=IFCINDEXEDPOLYGONALFACE((87,178,181));
#6743=IFCINDEXEDPOLYGONALFACE((172,169,178));
#6744=IFCINDEXEDPOLYGONALFACE((183,181,169));
#6745=IFCINDEXEDPOLYGONALFACE((181,85,87));
#6746=IFCINDEXEDPOLYGONALFACE((85,181,182));
#6747=IFCINDEXEDPOLYGONALFACE((181,183,182));
#6748=IFCINDEXEDPOLYGONALFACE((183,84,184));
#6749=IFCINDEXEDPOLYGONALFACE((84,183,165));
#6750=IFCINDEXEDPOLYGONALFACE((184,182,183));
#6751=IFCINDEXEDPOLYGONALFACE((165,183,166));
#6752=IFCINDEXEDPOLYGONALFACE((169,166,183));
#6753=IFCINDEXEDPOLYGONALFACE((84,85,184));
#6754=IFCINDEXEDPOLYGONALFACE((182,184,85));
#6755=IFCINDEXEDPOLYGONALFACE((109,173,111));
#6756=IFCINDEXEDPOLYGONALFACE((109,170,173));
#6757=IFCINDEXEDPOLYGONALFACE((165,185,84));
#6758=IFCINDEXEDPOLYGONALFACE((185,165,163));
#6759=IFCINDEXEDPOLYGONALFACE((79,82,185));
#6760=IFCINDEXEDPOLYGONALFACE((185,186,79));
#6761=IFCINDEXEDPOLYGONALFACE((163,186,185));
#6762=IFCINDEXEDPOLYGONALFACE((84,185,82));
#6763=IFCINDEXEDPOLYGONALFACE((76,79,186));
#6764=IFCINDEXEDPOLYGONALFACE((186,75,76));
#6765=IFCINDEXEDPOLYGONALFACE((161,75,186));
#6766=IFCINDEXEDPOLYGONALFACE((186,163,161));
#6767=IFCINDEXEDPOLYGONALFACE((75,161,160));
#6768=IFCINDEXEDPOLYGONALFACE((160,73,75));
#6769=IFCINDEXEDPOLYGONALFACE((73,160,187));
#6770=IFCINDEXEDPOLYGONALFACE((187,160,155));
#6771=IFCINDEXEDPOLYGONALFACE((187,72,73));
#6772=IFCINDEXEDPOLYGONALFACE((151,187,152));
#6773=IFCINDEXEDPOLYGONALFACE((72,187,151));
#6774=IFCINDEXEDPOLYGONALFACE((155,152,187));
#6775=IFCINDEXEDPOLYGONALFACE((151,149,64));
#6776=IFCINDEXEDPOLYGONALFACE((64,66,151));
#6777=IFCINDEXEDPOLYGONALFACE((151,66,72));
#6778=IFCINDEXEDPOLYGONALFACE((63,64,149));
#6779=IFCINDEXEDPOLYGONALFACE((149,148,63));
#6780=IFCINDEXEDPOLYGONALFACE((189,63,148));
#6781=IFCINDEXEDPOLYGONALFACE((188,148,146));
#6782=IFCINDEXEDPOLYGONALFACE((148,188,189));
#6783=IFCINDEXEDPOLYGONALFACE((58,59,189));
#6784=IFCINDEXEDPOLYGONALFACE((189,190,58));
#6785=IFCINDEXEDPOLYGONALFACE((190,189,188));
#6786=IFCINDEXEDPOLYGONALFACE((63,189,59));
#6787=IFCINDEXEDPOLYGONALFACE((38,58,190));
#6788=IFCINDEXEDPOLYGONALFACE((190,36,38));
#6789=IFCINDEXEDPOLYGONALFACE((36,190,191));
#6790=IFCINDEXEDPOLYGONALFACE((188,191,190));
#6791=IFCINDEXEDPOLYGONALFACE((35,191,138));
#6792=IFCINDEXEDPOLYGONALFACE((191,35,36));
#6793=IFCINDEXEDPOLYGONALFACE((192,138,191));
#6794=IFCINDEXEDPOLYGONALFACE((191,188,192));
#6795=IFCINDEXEDPOLYGONALFACE((138,192,140));
#6796=IFCINDEXEDPOLYGONALFACE((146,192,188));
#6797=IFCINDEXEDPOLYGONALFACE((192,146,144));
#6798=IFCINDEXEDPOLYGONALFACE((144,140,192));
#6799=IFCINDEXEDPOLYGONALFACE((133,131,27));
#6800=IFCINDEXEDPOLYGONALFACE((27,30,133));
#6801=IFCINDEXEDPOLYGONALFACE((131,129,26));
#6802=IFCINDEXEDPOLYGONALFACE((26,27,131));
#6803=IFCINDEXEDPOLYGONALFACE((128,26,129));
#6804=IFCINDEXEDPOLYGONALFACE((128,121,193));
#6805=IFCINDEXEDPOLYGONALFACE((128,193,21));
#6806=IFCINDEXEDPOLYGONALFACE((26,128,21));
#6807=IFCINDEXEDPOLYGONALFACE((120,193,121));
#6808=IFCINDEXEDPOLYGONALFACE((193,120,20));
#6809=IFCINDEXEDPOLYGONALFACE((20,21,193));
#6810=IFCINDEXEDPOLYGONALFACE((14,20,120));
#6811=IFCINDEXEDPOLYGONALFACE((110,115,109));
#6812=IFCINDEXEDPOLYGONALFACE((105,97,96));
#6813=IFCINDEXEDPOLYGONALFACE((105,3,4));
#6814=IFCINDEXEDPOLYGONALFACE((96,3,105));
#6815=IFCINDEXEDPOLYGONALFACE((3,96,2));
#6816=IFCINDEXEDPOLYGONALFACE((94,2,96));
#6817=IFCINDEXEDPOLYGONALFACE((2,94,48));
#6818=IFCINDEXEDPOLYGONALFACE((49,48,94));
#6819=IFCINDEXEDPOLYGONALFACE((72,66,67));
#6820=IFCINDEXEDPOLYGONALFACE((55,54,61));
#6821=IFCINDEXEDPOLYGONALFACE((58,38,39));
#6822=IFCINDEXEDPOLYGONALFACE((48,6,2));
#6823=IFCINDEXEDPOLYGONALFACE((48,8,6));
#6824=IFCINDEXEDPOLYGONALFACE((17,10,46));
#6825=IFCINDEXEDPOLYGONALFACE((11,46,10));
#6826=IFCINDEXEDPOLYGONALFACE((22,18,17));
#6827=IFCPOLYGONALFACESET(#6444,$,(#6445,#6446,#6447,#6448,#6449,#6450,#6451,#6452,#6453,#6454,#6455,#6456,#6457,#6458,#6459,#6460,#6461,#6462,#6463,#6464,#6465,#6466,#6467,#6468,#6469,#6470,#6471,#6472,#6473,#6474,#6475,#6476,#6477,#6478,#6479,#6480,#6481,#6482,#6483,#6484,#6485,#6486,#6487,#6488,#6489,#6490,#6491,#6492,#6493,#6494,#6495,#6496,#6497,#6498,#6499,#6500,#6501,#6502,#6503,#6504,#6505,#6506,#6507,#6508,#6509,#6510,#6511,#6512,#6513,#6514,#6515,#6516,#6517,#6518,#6519,#6520,#6521,#6522,#6523,#6524,#6525,#6526,#6527,#6528,#6529,#6530,#6531,#6532,#6533,#6534,#6535,#6536,#6537,#6538,#6539,#6540,#6541,#6542,#6543,#6544,#6545,#6546,#6547,#6548,#6549,#6550,#6551,#6552,#6553,#6554,#6555,#6556,#6557,#6558,#6559,#6560,#6561,#6562,#6563,#6564,#6565,#6566,#6567,#6568,#6569,#6570,#6571,#6572,#6573,#6574,#6575,#6576,#6577,#6578,#6579,#6580,#6581,#6582,#6583,#6584,#6585,#6586,#6587,#6588,#6589,#6590,#6591,#6592,#6593,#6594,#6595,#6596,#6597,#6598,#6599,#6600,#6601,#6602,#6603,#6604,#6605,#6606,#6607,#6608,#6609,#6610,#6611,#6612,#6613,#6614,#6615,#6616,#6617,#6618,#6619,#6620,#6621,#6622,#6623,#6624,#6625,#6626,#6627,#6628,#6629,#6630,#6631,#6632,#6633,#6634,#6635,#6636,#6637,#6638,#6639,#6640,#6641,#6642,#6643,#6644,#6645,#6646,#6647,#6648,#6649,#6650,#6651,#6652,#6653,#6654,#6655,#6656,#6657,#6658,#6659,#6660,#6661,#6662,#6663,#6664,#6665,#6666,#6667,#6668,#6669,#6670,#6671,#6672,#6673,#6674,#6675,#6676,#6677,#6678,#6679,#6680,#6681,#6682,#6683,#6684,#6685,#6686,#6687,#6688,#6689,#6690,#6691,#6692,#6693,#6694,#6695,#6696,#6697,#6698,#6699,#6700,#6701,#6702,#6703,#6704,#6705,#6706,#6707,#6708,#6709,#6710,#6711,#6712,#6713,#6714,#6715,#6716,#6717,#6718,#6719,#6720,#6721,#6722,#6723,#6724,#6725,#6726,#6727,#6728,#6729,#6730,#6731,#6732,#6733,#6734,#6735,#6736,#6737,#6738,#6739,#6740,#6741,#6742,#6743,#6744,#6745,#6746,#6747,#6748,#6749,#6750,#6751,#6752,#6753,#6754,#6755,#6756,#6757,#6758,#6759,#6760,#6761,#6762,#6763,#6764,#6765,#6766,#6767,#6768,#6769,#6770,#6771,#6772,#6773,#6774,#6775,#6776,#6777,#6778,#6779,#6780,#6781,#6782,#6783,#6784,#6785,#6786,#6787,#6788,#6789,#6790,#6791,#6792,#6793,#6794,#6795,#6796,#6797,#6798,#6799,#6800,#6801,#6802,#6803,#6804,#6805,#6806,#6807,#6808,#6809,#6810,#6811,#6812,#6813,#6814,#6815,#6816,#6817,#6818,#6819,#6820,#6821,#6822,#6823,#6824,#6825,#6826),$);
#6828=IFCCARTESIANPOINTLIST3D(((204.927047729492,190.432907104492,4.),(193.147048950195,176.671905517578,78.2120132446289),(206.038040161133,191.484909057617,4.05001211166382),(191.831039428711,175.438919067383,78.1730041503906),(203.872039794922,189.689926147461,3.91001176834106),(205.201049804688,190.958923339844,3.6390118598938),(208.285049438477,194.361907958984,3.69601202011108),(203.8310546875,189.962921142578,3.52801203727722),(205.043045043945,191.244918823242,3.45801186561584),(208.083053588867,194.605926513672,3.50901198387146),(210.162048339844,197.452926635742,3.54201221466064),(209.32405090332,196.85791015625,3.46901249885559),(204.548049926758,191.379928588867,3.38701176643372),(216.029067993164,215.337921142578,3.66401362419128),(213.540054321289,204.660903930664,3.52101278305054),(192.531066894531,219.894927978516,3.50301384925842),(212.856048583984,202.214920043945,3.5730128288269),(210.393035888672,197.245910644531,3.73101234436035),(212.180053710938,200.337921142578,3.75301241874695),(215.138061523438,207.530914306641,3.60701298713684),(213.670043945312,203.230926513672,3.76901292800903),(212.232040405273,200.018920898438,4.13201189041138),(213.79704284668,203.042907714844,4.15401268005371),(214.83805847168,205.939910888672,3.78801298141479),(215.,205.8369140625,4.17501258850098),(215.779067993164,208.585922241211,3.80901312828064),(215.957061767578,208.538909912109,4.1960129737854),(216.496063232422,211.243911743164,3.84901332855225),(216.214065551758,211.330902099609,3.65901350975037),(215.594055175781,210.409912109375,3.57201313972473),(216.451065063477,214.148910522461,3.71101355552673),(216.074066162109,217.071914672852,3.75701379776001),(216.737060546875,214.123901367188,3.90201330184937),(216.899047851562,214.104904174805,4.28601360321045),(216.352066040039,217.113906860352,3.94801354408264),(216.663070678711,211.186920166016,4.23501300811768),(205.712051391602,197.932922363281,78.4110107421875),(205.891052246094,201.162902832031,78.473014831543),(205.349044799805,204.457916259766,78.5230102539062),(205.44303894043,197.936904907227,78.796012878418),(205.611053466797,201.123916625977,78.8560104370117),(205.067047119141,204.374908447266,78.9050140380859),(205.270050048828,201.073913574219,79.0370101928711),(205.106048583984,197.952911376953,78.9790115356445),(204.917053222656,200.099914550781,79.0740127563477),(202.555053710938,191.295913696289,78.9470138549805),(203.935043334961,193.790908813477,78.9200057983398),(201.311050415039,188.327911376953,78.8720092773438),(203.532043457031,192.017913818359,78.7180099487305),(204.659042358398,194.976913452148,78.7500076293945),(204.910049438477,194.930908203125,78.3640060424805),(203.7900390625,192.,78.3330078125),(202.335052490234,189.045913696289,78.3060073852539),(202.067047119141,189.047927856445,78.6900100708008),(200.225036621094,185.985916137695,78.6720123291016),(200.559051513672,186.084915161133,78.2930145263672),(198.073043823242,182.758911132812,78.6510162353516),(197.782043457031,182.895919799805,78.8370132446289),(195.364044189453,179.859909057617,78.81201171875),(196.236053466797,181.513916015625,78.8860092163086),(190.283050537109,175.513916015625,78.7120132446289),(191.39404296875,176.279922485352,78.8290100097656),(192.730041503906,177.,78.7870101928711),(191.429046630859,175.764907836914,78.7460098266602),(191.658050537109,175.557922363281,78.5590057373047),(193.,176.816909790039,78.6000061035156),(190.467041015625,175.115921020508,78.6470108032227),(190.624053955078,174.859909057617,78.4610061645508),(189.322036743164,174.921920776367,78.5370101928711),(167.863052368164,196.84992980957,78.5400085449219),(189.385040283203,174.600921630859,78.3360137939453),(178.780075073242,207.261917114258,78.9270095825195),(188.068054199219,175.251922607422,78.4480056762695),(188.177047729492,174.905914306641,78.265007019043),(167.853042602539,196.026931762695,78.4440078735352),(187.2060546875,175.610931396484,78.2530136108398),(168.165054321289,195.244918823242,78.2520141601562),(187.145050048828,175.504928588867,77.8820114135742),(188.159057617188,174.774917602539,77.8950119018555),(202.52604675293,189.361938476562,3.77801156044006),(201.169052124023,189.691940307617,3.67901206016541),(189.440048217773,174.45491027832,77.974006652832),(190.760055541992,174.724914550781,78.0800094604492),(202.592041015625,189.670928955078,3.39101195335388),(200.118057250977,190.454940795898,3.66401195526123),(201.337036132812,189.967926025391,3.30701184272766),(201.501037597656,190.293930053711,3.13201212882996),(202.624038696289,190.027923583984,3.21401190757751),(200.344039916992,190.683929443359,3.29201173782349),(182.428070068359,208.891937255859,3.65201330184937),(200.581039428711,190.956924438477,3.11801195144653),(182.656066894531,209.105926513672,3.29201316833496),(181.96305847168,210.065933227539,3.31201338768005),(182.346069335938,210.09992980957,3.12401342391968),(181.69206237793,209.887924194336,3.68701314926147),(168.057037353516,195.183929443359,77.8700103759766),(167.342056274414,196.180923461914,77.8950119018555),(181.380065917969,211.261932373047,3.80101346969604),(167.038040161133,197.466934204102,78.),(167.368041992188,198.790924072266,78.1160125732422),(181.785064697266,212.597930908203,3.95201301574707),(181.687057495117,211.331924438477,3.41301345825195),(182.072067260742,211.344924926758,3.22501373291016),(182.053070068359,212.555938720703,3.57201337814331),(182.686065673828,213.625930786133,4.),(182.883056640625,213.55192565918,3.68201351165771),(182.497055053711,212.720932006836,3.44701337814331),(186.520065307617,216.633926391602,3.71001386642456),(188.960067749023,218.188934326172,3.53801393508911),(183.474060058594,213.111923217773,3.43701362609863),(188.839065551758,217.539916992188,3.47301387786865),(194.708068847656,221.671920776367,3.57701420783997),(197.709060668945,223.202926635742,3.60101413726807),(194.378067016602,221.830917358398,3.76201415061951),(197.13005065918,222.469924926758,3.52501440048218),(197.548065185547,223.458938598633,3.79101419448853),(200.183059692383,224.674926757812,4.20901441574097),(200.285064697266,224.517929077148,3.82501435279846),(197.411056518555,223.605926513672,4.17601442337036),(194.616073608398,222.178924560547,4.15401411056519),(187.290054321289,212.944931030273,78.3820114135742),(184.26106262207,211.720932006836,78.3390121459961),(181.360076904297,210.123931884766,78.307014465332),(187.311050415039,212.681915283203,78.7660140991211),(184.293060302734,211.463928222656,78.724006652832),(184.354064941406,211.077926635742,78.9280090332031),(180.54606628418,209.363922119141,78.6870040893555),(187.376068115234,212.354934692383,78.9490051269531),(190.19807434082,213.,79.026008605957),(193.390060424805,213.164916992188,79.0750122070312),(190.362075805664,213.44792175293,78.817008972168),(190.376068115234,213.723907470703,78.4350051879883),(193.495071411133,213.55891418457,78.8760147094727),(196.633056640625,212.889907836914,78.9210052490234),(193.557052612305,213.840911865234,78.4970092773438),(196.506057739258,212.561904907227,79.1000061035156),(197.523056030273,211.770904541016,79.1670074462891),(199.276062011719,211.318908691406,79.1250152587891),(199.465072631836,211.619918823242,78.9480056762695),(201.601058959961,209.494903564453,79.1580123901367),(203.651062011719,206.180923461914,79.166015625),(201.930068969727,209.768905639648,78.9580078125),(203.598052978516,207.116912841797,79.1200103759766),(203.899063110352,207.305908203125,78.9430084228516),(204.737045288086,204.258911132812,79.0840148925781),(204.165054321289,207.455902099609,78.5630111694336),(202.166061401367,209.96891784668,78.5790100097656),(215.495071411133,219.897918701172,4.36601448059082),(213.647048950195,222.203918457031,4.37901401519775),(199.644058227539,211.875915527344,78.5590057373047),(211.353073120117,223.871917724609,4.35601425170898),(208.749053955078,224.988906860352,4.34301376342773),(196.74006652832,213.167907714844,78.5440063476562),(205.849075317383,225.542922973633,4.30301475524902),(203.,225.374923706055,4.25101470947266),(205.877075195312,225.384902954102,3.92401480674744),(203.059066772461,225.213928222656,3.87001442909241),(203.139068603516,224.932922363281,3.68001461029053),(200.412063598633,224.248931884766,3.63601446151733),(202.412063598633,224.406936645508,3.59801435470581),(205.957061767578,225.023910522461,3.7030143737793),(210.086059570312,223.655914306641,3.72401428222656),(208.663070678711,224.574905395508,3.77501463890076),(208.725067138672,224.845916748047,3.96601414680481),(211.31005859375,223.741897583008,4.),(213.572052001953,222.088897705078,4.),(211.184051513672,223.497909545898,3.80101418495178),(213.382064819336,221.891906738281,3.81001400947571),(214.344055175781,220.280914306641,3.73501396179199),(215.371063232422,219.832916259766,3.9860143661499),(215.123062133789,219.708908081055,3.79601407051086),(216.499069213867,217.139923095703,4.33001375198364),(178.675064086914,208.383941650391,78.3000106811523),(175.274063110352,206.036926269531,78.2740097045898),(175.339065551758,205.797927856445,78.6610107421875),(180.48405456543,208.942916870117,78.8740081787109),(175.533050537109,205.471939086914,78.8710098266602),(168.869049072266,199.188934326172,78.8620071411133),(170.134048461914,200.951919555664,78.8220138549805),(170.351043701172,201.562927246094,78.6410064697266),(172.5400390625,203.758926391602,78.2560119628906),(168.259048461914,199.608917236328,78.6010131835938),(169.643051147461,201.206924438477,78.2470169067383),(168.166046142578,199.822937011719,78.2160110473633),(182.549057006836,213.573928833008,4.41601371765137),(186.168060302734,216.62092590332,4.0970139503479),(189.01806640625,218.852920532227,4.12501382827759),(191.492065429688,220.36393737793,4.13501405715942),(189.231063842773,218.750930786133,3.73801398277283),(167.499053955078,198.628936767578,78.4960098266602),(168.454055786133,199.36393737793,78.7880096435547),(167.750045776367,198.454940795898,78.6820068359375),(168.139038085938,198.246932983398,78.7460098266602),(167.473052978516,197.359924316406,78.5390090942383),(167.187057495117,197.394927978516,78.3520050048828),(167.480056762695,196.186935424805,78.2690048217773),(182.749069213867,210.327926635742,3.0780131816864),(201.527053833008,190.771926879883,3.07201194763184),(202.703048706055,190.436935424805,3.17701196670532),(203.733047485352,190.289932250977,3.34601211547852),(195.641036987305,179.701919555664,78.6250076293945),(195.833038330078,179.589920043945,78.2380142211914),(208.40104675293,194.162902832031,4.08301210403442),(198.304046630859,182.691925048828,78.265007019043),(210.515060424805,197.054916381836,4.11701202392578)));
#6829=IFCINDEXEDPOLYGONALFACE((2,4,1));
#6830=IFCINDEXEDPOLYGONALFACE((1,3,2));
#6831=IFCINDEXEDPOLYGONALFACE((6,3,1));
#6832=IFCINDEXEDPOLYGONALFACE((5,1,4));
#6833=IFCINDEXEDPOLYGONALFACE((6,1,5));
#6834=IFCINDEXEDPOLYGONALFACE((3,6,7));
#6835=IFCINDEXEDPOLYGONALFACE((10,7,6));
#6836=IFCINDEXEDPOLYGONALFACE((9,6,8));
#6837=IFCINDEXEDPOLYGONALFACE((5,8,6));
#6838=IFCINDEXEDPOLYGONALFACE((6,9,10));
#6839=IFCINDEXEDPOLYGONALFACE((12,10,9));
#6840=IFCINDEXEDPOLYGONALFACE((7,10,11));
#6841=IFCINDEXEDPOLYGONALFACE((12,11,10));
#6842=IFCINDEXEDPOLYGONALFACE((9,13,12));
#6843=IFCINDEXEDPOLYGONALFACE((16,12,13));
#6844=IFCINDEXEDPOLYGONALFACE((16,14,12));
#6845=IFCINDEXEDPOLYGONALFACE((14,15,12));
#6846=IFCINDEXEDPOLYGONALFACE((17,12,15));
#6847=IFCINDEXEDPOLYGONALFACE((12,17,11));
#6848=IFCINDEXEDPOLYGONALFACE((18,11,17));
#6849=IFCINDEXEDPOLYGONALFACE((17,19,18));
#6850=IFCINDEXEDPOLYGONALFACE((17,21,19));
#6851=IFCINDEXEDPOLYGONALFACE((15,20,17));
#6852=IFCINDEXEDPOLYGONALFACE((21,17,20));
#6853=IFCINDEXEDPOLYGONALFACE((21,23,22));
#6854=IFCINDEXEDPOLYGONALFACE((22,19,21));
#6855=IFCINDEXEDPOLYGONALFACE((23,21,24));
#6856=IFCINDEXEDPOLYGONALFACE((20,24,21));
#6857=IFCINDEXEDPOLYGONALFACE((25,24,26));
#6858=IFCINDEXEDPOLYGONALFACE((24,25,23));
#6859=IFCINDEXEDPOLYGONALFACE((20,26,24));
#6860=IFCINDEXEDPOLYGONALFACE((26,27,25));
#6861=IFCINDEXEDPOLYGONALFACE((27,26,28));
#6862=IFCINDEXEDPOLYGONALFACE((29,28,26));
#6863=IFCINDEXEDPOLYGONALFACE((26,20,29));
#6864=IFCINDEXEDPOLYGONALFACE((28,29,31));
#6865=IFCINDEXEDPOLYGONALFACE((29,30,14));
#6866=IFCINDEXEDPOLYGONALFACE((30,29,20));
#6867=IFCINDEXEDPOLYGONALFACE((14,31,29));
#6868=IFCINDEXEDPOLYGONALFACE((31,33,28));
#6869=IFCINDEXEDPOLYGONALFACE((33,31,32));
#6870=IFCINDEXEDPOLYGONALFACE((14,32,31));
#6871=IFCINDEXEDPOLYGONALFACE((36,28,33));
#6872=IFCINDEXEDPOLYGONALFACE((34,33,35));
#6873=IFCINDEXEDPOLYGONALFACE((33,34,36));
#6874=IFCINDEXEDPOLYGONALFACE((32,35,33));
#6875=IFCINDEXEDPOLYGONALFACE((28,36,27));
#6876=IFCINDEXEDPOLYGONALFACE((27,36,37));
#6877=IFCINDEXEDPOLYGONALFACE((38,37,36));
#6878=IFCINDEXEDPOLYGONALFACE((36,34,38));
#6879=IFCINDEXEDPOLYGONALFACE((40,37,38));
#6880=IFCINDEXEDPOLYGONALFACE((39,38,34));
#6881=IFCINDEXEDPOLYGONALFACE((41,38,39));
#6882=IFCINDEXEDPOLYGONALFACE((38,41,40));
#6883=IFCINDEXEDPOLYGONALFACE((44,40,41));
#6884=IFCINDEXEDPOLYGONALFACE((43,41,42));
#6885=IFCINDEXEDPOLYGONALFACE((39,42,41));
#6886=IFCINDEXEDPOLYGONALFACE((41,43,44));
#6887=IFCINDEXEDPOLYGONALFACE((40,44,47));
#6888=IFCINDEXEDPOLYGONALFACE((44,45,46));
#6889=IFCINDEXEDPOLYGONALFACE((45,44,43));
#6890=IFCINDEXEDPOLYGONALFACE((46,47,44));
#6891=IFCINDEXEDPOLYGONALFACE((49,47,48));
#6892=IFCINDEXEDPOLYGONALFACE((46,48,47));
#6893=IFCINDEXEDPOLYGONALFACE((47,50,40));
#6894=IFCINDEXEDPOLYGONALFACE((47,49,50));
#6895=IFCINDEXEDPOLYGONALFACE((51,50,49));
#6896=IFCINDEXEDPOLYGONALFACE((50,51,37));
#6897=IFCINDEXEDPOLYGONALFACE((37,40,50));
#6898=IFCINDEXEDPOLYGONALFACE((49,52,51));
#6899=IFCINDEXEDPOLYGONALFACE((51,52,25));
#6900=IFCINDEXEDPOLYGONALFACE((25,27,51));
#6901=IFCINDEXEDPOLYGONALFACE((37,51,27));
#6902=IFCINDEXEDPOLYGONALFACE((54,53,52));
#6903=IFCINDEXEDPOLYGONALFACE((52,53,23));
#6904=IFCINDEXEDPOLYGONALFACE((23,25,52));
#6905=IFCINDEXEDPOLYGONALFACE((52,49,54));
#6906=IFCINDEXEDPOLYGONALFACE((48,54,49));
#6907=IFCINDEXEDPOLYGONALFACE((48,55,54));
#6908=IFCINDEXEDPOLYGONALFACE((53,54,55));
#6909=IFCINDEXEDPOLYGONALFACE((55,56,53));
#6910=IFCINDEXEDPOLYGONALFACE((56,55,57));
#6911=IFCINDEXEDPOLYGONALFACE((58,57,55));
#6912=IFCINDEXEDPOLYGONALFACE((55,48,58));
#6913=IFCINDEXEDPOLYGONALFACE((60,58,48));
#6914=IFCINDEXEDPOLYGONALFACE((57,58,59));
#6915=IFCINDEXEDPOLYGONALFACE((60,59,58));
#6916=IFCINDEXEDPOLYGONALFACE((48,46,60));
#6917=IFCINDEXEDPOLYGONALFACE((61,60,46));
#6918=IFCINDEXEDPOLYGONALFACE((61,62,60));
#6919=IFCINDEXEDPOLYGONALFACE((59,60,62));
#6920=IFCINDEXEDPOLYGONALFACE((64,62,61));
#6921=IFCINDEXEDPOLYGONALFACE((62,63,59));
#6922=IFCINDEXEDPOLYGONALFACE((62,64,63));
#6923=IFCINDEXEDPOLYGONALFACE((65,64,67));
#6924=IFCINDEXEDPOLYGONALFACE((64,65,66));
#6925=IFCINDEXEDPOLYGONALFACE((66,63,64));
#6926=IFCINDEXEDPOLYGONALFACE((61,67,64));
#6927=IFCINDEXEDPOLYGONALFACE((68,67,69));
#6928=IFCINDEXEDPOLYGONALFACE((67,68,65));
#6929=IFCINDEXEDPOLYGONALFACE((67,61,69));
#6930=IFCINDEXEDPOLYGONALFACE((73,69,70));
#6931=IFCINDEXEDPOLYGONALFACE((70,69,72));
#6932=IFCINDEXEDPOLYGONALFACE((69,71,68));
#6933=IFCINDEXEDPOLYGONALFACE((71,69,73));
#6934=IFCINDEXEDPOLYGONALFACE((69,61,72));
#6935=IFCINDEXEDPOLYGONALFACE((70,75,73));
#6936=IFCINDEXEDPOLYGONALFACE((73,76,74));
#6937=IFCINDEXEDPOLYGONALFACE((73,74,71));
#6938=IFCINDEXEDPOLYGONALFACE((76,73,75));
#6939=IFCINDEXEDPOLYGONALFACE((75,77,76));
#6940=IFCINDEXEDPOLYGONALFACE((78,76,77));
#6941=IFCINDEXEDPOLYGONALFACE((76,78,79));
#6942=IFCINDEXEDPOLYGONALFACE((79,74,76));
#6943=IFCINDEXEDPOLYGONALFACE((81,79,78));
#6944=IFCINDEXEDPOLYGONALFACE((79,81,80));
#6945=IFCINDEXEDPOLYGONALFACE((80,82,79));
#6946=IFCINDEXEDPOLYGONALFACE((74,79,82));
#6947=IFCINDEXEDPOLYGONALFACE((82,71,74));
#6948=IFCINDEXEDPOLYGONALFACE((71,82,83));
#6949=IFCINDEXEDPOLYGONALFACE((83,82,80));
#6950=IFCINDEXEDPOLYGONALFACE((68,83,4));
#6951=IFCINDEXEDPOLYGONALFACE((4,83,5));
#6952=IFCINDEXEDPOLYGONALFACE((80,5,83));
#6953=IFCINDEXEDPOLYGONALFACE((83,68,71));
#6954=IFCINDEXEDPOLYGONALFACE((84,80,81));
#6955=IFCINDEXEDPOLYGONALFACE((81,86,84));
#6956=IFCINDEXEDPOLYGONALFACE((78,85,81));
#6957=IFCINDEXEDPOLYGONALFACE((86,81,85));
#6958=IFCINDEXEDPOLYGONALFACE((86,87,88));
#6959=IFCINDEXEDPOLYGONALFACE((87,86,89));
#6960=IFCINDEXEDPOLYGONALFACE((88,84,86));
#6961=IFCINDEXEDPOLYGONALFACE((85,89,86));
#6962=IFCINDEXEDPOLYGONALFACE((89,85,90));
#6963=IFCINDEXEDPOLYGONALFACE((90,92,89));
#6964=IFCINDEXEDPOLYGONALFACE((89,91,87));
#6965=IFCINDEXEDPOLYGONALFACE((91,89,92));
#6966=IFCINDEXEDPOLYGONALFACE((92,90,95));
#6967=IFCINDEXEDPOLYGONALFACE((94,92,93));
#6968=IFCINDEXEDPOLYGONALFACE((95,93,92));
#6969=IFCINDEXEDPOLYGONALFACE((92,94,91));
#6970=IFCINDEXEDPOLYGONALFACE((96,97,95));
#6971=IFCINDEXEDPOLYGONALFACE((95,90,96));
#6972=IFCINDEXEDPOLYGONALFACE((98,95,97));
#6973=IFCINDEXEDPOLYGONALFACE((93,95,98));
#6974=IFCINDEXEDPOLYGONALFACE((97,99,98));
#6975=IFCINDEXEDPOLYGONALFACE((98,99,100));
#6976=IFCINDEXEDPOLYGONALFACE((100,101,98));
#6977=IFCINDEXEDPOLYGONALFACE((102,98,101));
#6978=IFCINDEXEDPOLYGONALFACE((98,102,93));
#6979=IFCINDEXEDPOLYGONALFACE((102,103,94));
#6980=IFCINDEXEDPOLYGONALFACE((103,102,104));
#6981=IFCINDEXEDPOLYGONALFACE((101,104,102));
#6982=IFCINDEXEDPOLYGONALFACE((94,93,102));
#6983=IFCINDEXEDPOLYGONALFACE((104,107,103));
#6984=IFCINDEXEDPOLYGONALFACE((104,101,105));
#6985=IFCINDEXEDPOLYGONALFACE((105,106,104));
#6986=IFCINDEXEDPOLYGONALFACE((107,104,106));
#6987=IFCINDEXEDPOLYGONALFACE((108,109,107));
#6988=IFCINDEXEDPOLYGONALFACE((107,106,108));
#6989=IFCINDEXEDPOLYGONALFACE((107,110,103));
#6990=IFCINDEXEDPOLYGONALFACE((110,107,109));
#6991=IFCINDEXEDPOLYGONALFACE((103,110,16));
#6992=IFCINDEXEDPOLYGONALFACE((110,111,16));
#6993=IFCINDEXEDPOLYGONALFACE((109,111,110));
#6994=IFCINDEXEDPOLYGONALFACE((112,16,111));
#6995=IFCINDEXEDPOLYGONALFACE((111,109,112));
#6996=IFCINDEXEDPOLYGONALFACE((116,113,112));
#6997=IFCINDEXEDPOLYGONALFACE((115,112,113));
#6998=IFCINDEXEDPOLYGONALFACE((114,112,109));
#6999=IFCINDEXEDPOLYGONALFACE((112,114,116));
#7000=IFCINDEXEDPOLYGONALFACE((112,115,16));
#7001=IFCINDEXEDPOLYGONALFACE((116,119,117));
#7002=IFCINDEXEDPOLYGONALFACE((117,118,116));
#7003=IFCINDEXEDPOLYGONALFACE((113,116,118));
#7004=IFCINDEXEDPOLYGONALFACE((119,116,114));
#7005=IFCINDEXEDPOLYGONALFACE((121,117,119));
#7006=IFCINDEXEDPOLYGONALFACE((114,120,119));
#7007=IFCINDEXEDPOLYGONALFACE((122,119,120));
#7008=IFCINDEXEDPOLYGONALFACE((119,122,121));
#7009=IFCINDEXEDPOLYGONALFACE((124,121,122));
#7010=IFCINDEXEDPOLYGONALFACE((120,123,122));
#7011=IFCINDEXEDPOLYGONALFACE((125,122,123));
#7012=IFCINDEXEDPOLYGONALFACE((122,125,124));
#7013=IFCINDEXEDPOLYGONALFACE((123,127,125));
#7014=IFCINDEXEDPOLYGONALFACE((128,124,125));
#7015=IFCINDEXEDPOLYGONALFACE((125,126,128));
#7016=IFCINDEXEDPOLYGONALFACE((126,125,127));
#7017=IFCINDEXEDPOLYGONALFACE((124,128,129));
#7018=IFCINDEXEDPOLYGONALFACE((129,128,126));
#7019=IFCINDEXEDPOLYGONALFACE((130,129,72));
#7020=IFCINDEXEDPOLYGONALFACE((129,126,72));
#7021=IFCINDEXEDPOLYGONALFACE((131,129,130));
#7022=IFCINDEXEDPOLYGONALFACE((129,131,124));
#7023=IFCINDEXEDPOLYGONALFACE((121,124,131));
#7024=IFCINDEXEDPOLYGONALFACE((131,132,121));
#7025=IFCINDEXEDPOLYGONALFACE((132,131,133));
#7026=IFCINDEXEDPOLYGONALFACE((130,133,131));
#7027=IFCINDEXEDPOLYGONALFACE((136,134,133));
#7028=IFCINDEXEDPOLYGONALFACE((135,133,134));
#7029=IFCINDEXEDPOLYGONALFACE((133,135,132));
#7030=IFCINDEXEDPOLYGONALFACE((133,130,136));
#7031=IFCINDEXEDPOLYGONALFACE((137,138,136));
#7032=IFCINDEXEDPOLYGONALFACE((137,136,130));
#7033=IFCINDEXEDPOLYGONALFACE((134,136,138));
#7034=IFCINDEXEDPOLYGONALFACE((138,137,140));
#7035=IFCINDEXEDPOLYGONALFACE((139,138,140));
#7036=IFCINDEXEDPOLYGONALFACE((138,139,134));
#7037=IFCINDEXEDPOLYGONALFACE((140,137,72));
#7038=IFCINDEXEDPOLYGONALFACE((141,143,140));
#7039=IFCINDEXEDPOLYGONALFACE((141,140,72));
#7040=IFCINDEXEDPOLYGONALFACE((140,142,139));
#7041=IFCINDEXEDPOLYGONALFACE((142,140,143));
#7042=IFCINDEXEDPOLYGONALFACE((141,145,143));
#7043=IFCINDEXEDPOLYGONALFACE((144,143,145));
#7044=IFCINDEXEDPOLYGONALFACE((143,144,142));
#7045=IFCINDEXEDPOLYGONALFACE((145,141,45));
#7046=IFCINDEXEDPOLYGONALFACE((145,42,144));
#7047=IFCINDEXEDPOLYGONALFACE((45,43,145));
#7048=IFCINDEXEDPOLYGONALFACE((42,145,43));
#7049=IFCINDEXEDPOLYGONALFACE((144,146,147));
#7050=IFCINDEXEDPOLYGONALFACE((146,144,42));
#7051=IFCINDEXEDPOLYGONALFACE((147,142,144));
#7052=IFCINDEXEDPOLYGONALFACE((147,146,148));
#7053=IFCINDEXEDPOLYGONALFACE((148,149,147));
#7054=IFCINDEXEDPOLYGONALFACE((150,147,149));
#7055=IFCINDEXEDPOLYGONALFACE((142,147,150));
#7056=IFCINDEXEDPOLYGONALFACE((149,151,150));
#7057=IFCINDEXEDPOLYGONALFACE((150,151,152));
#7058=IFCINDEXEDPOLYGONALFACE((152,153,150));
#7059=IFCINDEXEDPOLYGONALFACE((139,150,153));
#7060=IFCINDEXEDPOLYGONALFACE((150,139,142));
#7061=IFCINDEXEDPOLYGONALFACE((153,152,154));
#7062=IFCINDEXEDPOLYGONALFACE((154,135,153));
#7063=IFCINDEXEDPOLYGONALFACE((134,153,135));
#7064=IFCINDEXEDPOLYGONALFACE((153,134,139));
#7065=IFCINDEXEDPOLYGONALFACE((156,154,152));
#7066=IFCINDEXEDPOLYGONALFACE((135,154,155));
#7067=IFCINDEXEDPOLYGONALFACE((157,155,154));
#7068=IFCINDEXEDPOLYGONALFACE((154,156,157));
#7069=IFCINDEXEDPOLYGONALFACE((159,118,157));
#7070=IFCINDEXEDPOLYGONALFACE((155,157,118));
#7071=IFCINDEXEDPOLYGONALFACE((157,158,159));
#7072=IFCINDEXEDPOLYGONALFACE((158,157,156));
#7073=IFCINDEXEDPOLYGONALFACE((159,160,115));
#7074=IFCINDEXEDPOLYGONALFACE((160,159,158));
#7075=IFCINDEXEDPOLYGONALFACE((118,159,113));
#7076=IFCINDEXEDPOLYGONALFACE((115,113,159));
#7077=IFCINDEXEDPOLYGONALFACE((160,158,161));
#7078=IFCINDEXEDPOLYGONALFACE((16,160,161));
#7079=IFCINDEXEDPOLYGONALFACE((16,115,160));
#7080=IFCINDEXEDPOLYGONALFACE((163,162,161));
#7081=IFCINDEXEDPOLYGONALFACE((16,161,162));
#7082=IFCINDEXEDPOLYGONALFACE((164,163,161));
#7083=IFCINDEXEDPOLYGONALFACE((161,156,164));
#7084=IFCINDEXEDPOLYGONALFACE((156,161,158));
#7085=IFCINDEXEDPOLYGONALFACE((152,164,156));
#7086=IFCINDEXEDPOLYGONALFACE((164,152,151));
#7087=IFCINDEXEDPOLYGONALFACE((163,164,165));
#7088=IFCINDEXEDPOLYGONALFACE((151,165,164));
#7089=IFCINDEXEDPOLYGONALFACE((165,151,149));
#7090=IFCINDEXEDPOLYGONALFACE((149,166,165));
#7091=IFCINDEXEDPOLYGONALFACE((167,165,166));
#7092=IFCINDEXEDPOLYGONALFACE((165,167,163));
#7093=IFCINDEXEDPOLYGONALFACE((162,163,167));
#7094=IFCINDEXEDPOLYGONALFACE((162,167,168));
#7095=IFCINDEXEDPOLYGONALFACE((166,168,167));
#7096=IFCINDEXEDPOLYGONALFACE((168,169,162));
#7097=IFCINDEXEDPOLYGONALFACE((169,168,171));
#7098=IFCINDEXEDPOLYGONALFACE((170,171,168));
#7099=IFCINDEXEDPOLYGONALFACE((168,166,170));
#7100=IFCINDEXEDPOLYGONALFACE((169,171,32));
#7101=IFCINDEXEDPOLYGONALFACE((35,32,171));
#7102=IFCINDEXEDPOLYGONALFACE((171,170,35));
#7103=IFCINDEXEDPOLYGONALFACE((148,170,166));
#7104=IFCINDEXEDPOLYGONALFACE((170,148,172));
#7105=IFCINDEXEDPOLYGONALFACE((172,35,170));
#7106=IFCINDEXEDPOLYGONALFACE((146,39,172));
#7107=IFCINDEXEDPOLYGONALFACE((172,148,146));
#7108=IFCINDEXEDPOLYGONALFACE((35,172,34));
#7109=IFCINDEXEDPOLYGONALFACE((34,172,39));
#7110=IFCINDEXEDPOLYGONALFACE((16,169,14));
#7111=IFCINDEXEDPOLYGONALFACE((16,162,169));
#7112=IFCINDEXEDPOLYGONALFACE((32,14,169));
#7113=IFCINDEXEDPOLYGONALFACE((166,149,148));
#7114=IFCINDEXEDPOLYGONALFACE((155,132,135));
#7115=IFCINDEXEDPOLYGONALFACE((132,155,117));
#7116=IFCINDEXEDPOLYGONALFACE((118,117,155));
#7117=IFCINDEXEDPOLYGONALFACE((42,39,146));
#7118=IFCINDEXEDPOLYGONALFACE((45,141,72));
#7119=IFCINDEXEDPOLYGONALFACE((137,130,72));
#7120=IFCINDEXEDPOLYGONALFACE((117,121,132));
#7121=IFCINDEXEDPOLYGONALFACE((127,123,173));
#7122=IFCINDEXEDPOLYGONALFACE((127,173,174));
#7123=IFCINDEXEDPOLYGONALFACE((174,175,127));
#7124=IFCINDEXEDPOLYGONALFACE((176,127,175));
#7125=IFCINDEXEDPOLYGONALFACE((127,176,126));
#7126=IFCINDEXEDPOLYGONALFACE((175,177,176));
#7127=IFCINDEXEDPOLYGONALFACE((72,176,177));
#7128=IFCINDEXEDPOLYGONALFACE((176,72,126));
#7129=IFCINDEXEDPOLYGONALFACE((179,178,177));
#7130=IFCINDEXEDPOLYGONALFACE((72,177,178));
#7131=IFCINDEXEDPOLYGONALFACE((180,179,177));
#7132=IFCINDEXEDPOLYGONALFACE((177,175,180));
#7133=IFCINDEXEDPOLYGONALFACE((180,181,183));
#7134=IFCINDEXEDPOLYGONALFACE((181,180,175));
#7135=IFCINDEXEDPOLYGONALFACE((179,180,182));
#7136=IFCINDEXEDPOLYGONALFACE((184,182,180));
#7137=IFCINDEXEDPOLYGONALFACE((180,183,184));
#7138=IFCINDEXEDPOLYGONALFACE((184,185,101));
#7139=IFCINDEXEDPOLYGONALFACE((185,184,183));
#7140=IFCINDEXEDPOLYGONALFACE((101,100,184));
#7141=IFCINDEXEDPOLYGONALFACE((182,184,100));
#7142=IFCINDEXEDPOLYGONALFACE((181,186,185));
#7143=IFCINDEXEDPOLYGONALFACE((185,183,181));
#7144=IFCINDEXEDPOLYGONALFACE((105,185,186));
#7145=IFCINDEXEDPOLYGONALFACE((185,105,101));
#7146=IFCINDEXEDPOLYGONALFACE((174,187,186));
#7147=IFCINDEXEDPOLYGONALFACE((186,181,174));
#7148=IFCINDEXEDPOLYGONALFACE((108,186,187));
#7149=IFCINDEXEDPOLYGONALFACE((186,108,106));
#7150=IFCINDEXEDPOLYGONALFACE((106,105,186));
#7151=IFCINDEXEDPOLYGONALFACE((173,188,187));
#7152=IFCINDEXEDPOLYGONALFACE((187,174,173));
#7153=IFCINDEXEDPOLYGONALFACE((189,187,188));
#7154=IFCINDEXEDPOLYGONALFACE((187,189,108));
#7155=IFCINDEXEDPOLYGONALFACE((109,189,114));
#7156=IFCINDEXEDPOLYGONALFACE((188,114,189));
#7157=IFCINDEXEDPOLYGONALFACE((109,108,189));
#7158=IFCINDEXEDPOLYGONALFACE((123,120,188));
#7159=IFCINDEXEDPOLYGONALFACE((188,173,123));
#7160=IFCINDEXEDPOLYGONALFACE((114,188,120));
#7161=IFCINDEXEDPOLYGONALFACE((191,182,190));
#7162=IFCINDEXEDPOLYGONALFACE((100,190,182));
#7163=IFCINDEXEDPOLYGONALFACE((182,191,179));
#7164=IFCINDEXEDPOLYGONALFACE((178,179,191));
#7165=IFCINDEXEDPOLYGONALFACE((178,191,192));
#7166=IFCINDEXEDPOLYGONALFACE((190,192,191));
#7167=IFCINDEXEDPOLYGONALFACE((192,193,178));
#7168=IFCINDEXEDPOLYGONALFACE((193,192,194));
#7169=IFCINDEXEDPOLYGONALFACE((195,194,192));
#7170=IFCINDEXEDPOLYGONALFACE((192,190,195));
#7171=IFCINDEXEDPOLYGONALFACE((195,99,97));
#7172=IFCINDEXEDPOLYGONALFACE((97,196,195));
#7173=IFCINDEXEDPOLYGONALFACE((194,195,196));
#7174=IFCINDEXEDPOLYGONALFACE((99,195,190));
#7175=IFCINDEXEDPOLYGONALFACE((196,97,96));
#7176=IFCINDEXEDPOLYGONALFACE((96,77,196));
#7177=IFCINDEXEDPOLYGONALFACE((75,196,77));
#7178=IFCINDEXEDPOLYGONALFACE((196,75,194));
#7179=IFCINDEXEDPOLYGONALFACE((194,70,193));
#7180=IFCINDEXEDPOLYGONALFACE((70,194,75));
#7181=IFCINDEXEDPOLYGONALFACE((72,193,70));
#7182=IFCINDEXEDPOLYGONALFACE((72,178,193));
#7183=IFCINDEXEDPOLYGONALFACE((190,100,99));
#7184=IFCINDEXEDPOLYGONALFACE((175,174,181));
#7185=IFCINDEXEDPOLYGONALFACE((197,94,103));
#7186=IFCINDEXEDPOLYGONALFACE((197,103,16));
#7187=IFCINDEXEDPOLYGONALFACE((94,197,198));
#7188=IFCINDEXEDPOLYGONALFACE((198,197,16));
#7189=IFCINDEXEDPOLYGONALFACE((16,199,198));
#7190=IFCINDEXEDPOLYGONALFACE((87,198,199));
#7191=IFCINDEXEDPOLYGONALFACE((198,91,94));
#7192=IFCINDEXEDPOLYGONALFACE((198,87,91));
#7193=IFCINDEXEDPOLYGONALFACE((16,13,199));
#7194=IFCINDEXEDPOLYGONALFACE((200,199,13));
#7195=IFCINDEXEDPOLYGONALFACE((199,88,87));
#7196=IFCINDEXEDPOLYGONALFACE((199,200,88));
#7197=IFCINDEXEDPOLYGONALFACE((84,88,200));
#7198=IFCINDEXEDPOLYGONALFACE((200,8,84));
#7199=IFCINDEXEDPOLYGONALFACE((8,200,9));
#7200=IFCINDEXEDPOLYGONALFACE((13,9,200));
#7201=IFCINDEXEDPOLYGONALFACE((96,90,85));
#7202=IFCINDEXEDPOLYGONALFACE((85,78,96));
#7203=IFCINDEXEDPOLYGONALFACE((77,96,78));
#7204=IFCINDEXEDPOLYGONALFACE((80,84,8));
#7205=IFCINDEXEDPOLYGONALFACE((8,5,80));
#7206=IFCINDEXEDPOLYGONALFACE((46,45,72));
#7207=IFCINDEXEDPOLYGONALFACE((61,46,72));
#7208=IFCINDEXEDPOLYGONALFACE((4,65,68));
#7209=IFCINDEXEDPOLYGONALFACE((2,66,65));
#7210=IFCINDEXEDPOLYGONALFACE((63,66,201));
#7211=IFCINDEXEDPOLYGONALFACE((202,201,66));
#7212=IFCINDEXEDPOLYGONALFACE((66,2,202));
#7213=IFCINDEXEDPOLYGONALFACE((202,2,3));
#7214=IFCINDEXEDPOLYGONALFACE((3,203,202));
#7215=IFCINDEXEDPOLYGONALFACE((204,202,203));
#7216=IFCINDEXEDPOLYGONALFACE((201,202,204));
#7217=IFCINDEXEDPOLYGONALFACE((203,205,204));
#7218=IFCINDEXEDPOLYGONALFACE((56,204,205));
#7219=IFCINDEXEDPOLYGONALFACE((57,204,56));
#7220=IFCINDEXEDPOLYGONALFACE((204,57,201));
#7221=IFCINDEXEDPOLYGONALFACE((19,22,205));
#7222=IFCINDEXEDPOLYGONALFACE((205,22,56));
#7223=IFCINDEXEDPOLYGONALFACE((205,18,19));
#7224=IFCINDEXEDPOLYGONALFACE((18,205,203));
#7225=IFCINDEXEDPOLYGONALFACE((7,203,3));
#7226=IFCINDEXEDPOLYGONALFACE((203,7,18));
#7227=IFCINDEXEDPOLYGONALFACE((59,201,57));
#7228=IFCINDEXEDPOLYGONALFACE((201,59,63));
#7229=IFCINDEXEDPOLYGONALFACE((65,4,2));
#7230=IFCINDEXEDPOLYGONALFACE((53,56,22));
#7231=IFCINDEXEDPOLYGONALFACE((22,23,53));
#7232=IFCINDEXEDPOLYGONALFACE((20,15,30));
#7233=IFCINDEXEDPOLYGONALFACE((14,30,15));
#7234=IFCINDEXEDPOLYGONALFACE((11,18,7));
#7235=IFCPOLYGONALFACESET(#6828,$,(#6829,#6830,#6831,#6832,#6833,#6834,#6835,#6836,#6837,#6838,#6839,#6840,#6841,#6842,#6843,#6844,#6845,#6846,#6847,#6848,#6849,#6850,#6851,#6852,#6853,#6854,#6855,#6856,#6857,#6858,#6859,#6860,#6861,#6862,#6863,#6864,#6865,#6866,#6867,#6868,#6869,#6870,#6871,#6872,#6873,#6874,#6875,#6876,#6877,#6878,#6879,#6880,#6881,#6882,#6883,#6884,#6885,#6886,#6887,#6888,#6889,#6890,#6891,#6892,#6893,#6894,#6895,#6896,#6897,#6898,#6899,#6900,#6901,#6902,#6903,#6904,#6905,#6906,#6907,#6908,#6909,#6910,#6911,#6912,#6913,#6914,#6915,#6916,#6917,#6918,#6919,#6920,#6921,#6922,#6923,#6924,#6925,#6926,#6927,#6928,#6929,#6930,#6931,#6932,#6933,#6934,#6935,#6936,#6937,#6938,#6939,#6940,#6941,#6942,#6943,#6944,#6945,#6946,#6947,#6948,#6949,#6950,#6951,#6952,#6953,#6954,#6955,#6956,#6957,#6958,#6959,#6960,#6961,#6962,#6963,#6964,#6965,#6966,#6967,#6968,#6969,#6970,#6971,#6972,#6973,#6974,#6975,#6976,#6977,#6978,#6979,#6980,#6981,#6982,#6983,#6984,#6985,#6986,#6987,#6988,#6989,#6990,#6991,#6992,#6993,#6994,#6995,#6996,#6997,#6998,#6999,#7000,#7001,#7002,#7003,#7004,#7005,#7006,#7007,#7008,#7009,#7010,#7011,#7012,#7013,#7014,#7015,#7016,#7017,#7018,#7019,#7020,#7021,#7022,#7023,#7024,#7025,#7026,#7027,#7028,#7029,#7030,#7031,#7032,#7033,#7034,#7035,#7036,#7037,#7038,#7039,#7040,#7041,#7042,#7043,#7044,#7045,#7046,#7047,#7048,#7049,#7050,#7051,#7052,#7053,#7054,#7055,#7056,#7057,#7058,#7059,#7060,#7061,#7062,#7063,#7064,#7065,#7066,#7067,#7068,#7069,#7070,#7071,#7072,#7073,#7074,#7075,#7076,#7077,#7078,#7079,#7080,#7081,#7082,#7083,#7084,#7085,#7086,#7087,#7088,#7089,#7090,#7091,#7092,#7093,#7094,#7095,#7096,#7097,#7098,#7099,#7100,#7101,#7102,#7103,#7104,#7105,#7106,#7107,#7108,#7109,#7110,#7111,#7112,#7113,#7114,#7115,#7116,#7117,#7118,#7119,#7120,#7121,#7122,#7123,#7124,#7125,#7126,#7127,#7128,#7129,#7130,#7131,#7132,#7133,#7134,#7135,#7136,#7137,#7138,#7139,#7140,#7141,#7142,#7143,#7144,#7145,#7146,#7147,#7148,#7149,#7150,#7151,#7152,#7153,#7154,#7155,#7156,#7157,#7158,#7159,#7160,#7161,#7162,#7163,#7164,#7165,#7166,#7167,#7168,#7169,#7170,#7171,#7172,#7173,#7174,#7175,#7176,#7177,#7178,#7179,#7180,#7181,#7182,#7183,#7184,#7185,#7186,#7187,#7188,#7189,#7190,#7191,#7192,#7193,#7194,#7195,#7196,#7197,#7198,#7199,#7200,#7201,#7202,#7203,#7204,#7205,#7206,#7207,#7208,#7209,#7210,#7211,#7212,#7213,#7214,#7215,#7216,#7217,#7218,#7219,#7220,#7221,#7222,#7223,#7224,#7225,#7226,#7227,#7228,#7229,#7230,#7231,#7232,#7233,#7234),$);
#7236=IFCCARTESIANPOINTLIST3D(((222.,-202.668060302734,4.39398193359375),(211.185928344727,-189.917068481445,77.802978515625),(209.177932739258,-187.853057861328,78.1919860839844),(227.443908691406,-208.834075927734,4.52598142623901),(221.017929077148,-201.943054199219,3.92698192596436),(222.131927490234,-202.882064819336,3.97298216819763),(227.367904663086,-209.156066894531,3.69898152351379),(227.519912719727,-209.04606628418,4.02698183059692),(220.97492980957,-202.215057373047,3.54598212242126),(221.956924438477,-203.,3.65398192405701),(221.129928588867,-202.645065307617,3.41898202896118),(219.765930175781,-202.233062744141,3.22098207473755),(221.837921142578,-203.985061645508,3.41398191452026),(220.257919311523,-202.693069458008,3.24098205566406),(227.083908081055,-209.308059692383,3.51198148727417),(226.798904418945,-209.611053466797,3.45698165893555),(229.618911743164,-213.787063598633,3.57798147201538),(229.17790222168,-212.258056640625,3.757981300354),(229.282913208008,-212.030059814453,4.14398145675659),(230.677917480469,-215.,4.16098070144653),(230.598907470703,-215.309051513672,3.77498126029968),(231.827911376953,-218.337066650391,3.7989809513092),(231.977905273438,-218.193054199219,4.18498086929321),(221.040924072266,-204.494064331055,78.3399810791016),(222.085906982422,-207.730056762695,78.3759841918945),(232.826904296875,-221.212066650391,4.20898103713989),(222.740905761719,-210.738067626953,78.4139785766602),(233.394912719727,-223.985061645508,4.22998094558716),(232.660903930664,-221.296051025391,3.82398056983948),(233.223922729492,-224.022064208984,3.84898042678833),(232.843902587891,-223.398056030273,3.64798069000244),(231.559921264648,-218.473068237305,3.60898089408875),(230.810913085938,-217.524063110352,3.53798079490662),(232.451919555664,-223.648056030273,3.58398056030273),(201.470916748047,-226.064041137695,3.43498063087463),(200.03190612793,-222.473037719727,3.08198070526123),(199.372924804688,-223.684051513672,3.23698043823242),(213.196899414062,-234.83805847168,3.52897977828979),(203.682922363281,-228.649047851562,3.48198008537292),(221.37890625,-237.022064208984,3.62997937202454),(226.51091003418,-236.347061157227,3.71597933769226),(230.658905029297,-233.212051391602,3.7329797744751),(232.728912353516,-228.225051879883,3.66298007965088),(218.720932006836,-202.934051513672,3.07898211479187),(199.69792175293,-224.963043212891,3.43998026847839),(199.326919555664,-224.837051391602,3.56098055839539),(200.,-225.749053955078,3.66498041152954),(199.,-223.680053710938,3.42398047447205),(198.892913818359,-222.319046020508,3.70098066329956),(199.171920776367,-222.473037719727,3.3289806842804),(198.694915771484,-223.615051269531,3.79698038101196),(184.524917602539,-209.920043945312,78.),(199.048904418945,-224.867050170898,3.95198059082031),(184.751922607422,-208.659042358398,77.9109802246094),(185.402923583984,-207.578048706055,77.8749847412109),(185.506912231445,-207.646041870117,78.2569808959961),(184.892913818359,-208.656051635742,78.281982421875),(184.675918579102,-209.833038330078,78.3629837036133),(185.254913330078,-208.457046508789,78.4579849243164),(206.637924194336,-187.238052368164,78.5409851074219),(184.960922241211,-209.789047241211,78.5499801635742),(205.265930175781,-187.645065307617,78.443977355957),(185.3369140625,-209.291046142578,78.5559844970703),(189.881912231445,-215.,78.8799743652344),(185.616912841797,-210.642044067383,78.7409820556641),(185.224914550781,-210.841049194336,78.6759796142578),(185.730911254883,-212.064041137695,78.5959854125977),(184.970916748047,-211.,78.4899749755859),(185.951904296875,-211.846038818359,78.786979675293),(192.153915405273,-217.606048583984,78.8489837646484),(186.307907104492,-211.577041625977,78.85498046875),(191.893905639648,-217.830062866211,78.6559829711914),(198.354919433594,-222.715072631836,78.3379745483398),(198.370910644531,-222.457061767578,78.6949768066406),(192.099914550781,-218.278060913086,78.2669830322266),(189.285903930664,-215.764068603516,78.2439804077148),(203.031921386719,-228.860046386719,4.08198022842407),(185.669921875,-212.346054077148,77.8209838867188),(199.7119140625,-225.809036254883,4.39498043060303),(185.634918212891,-212.22705078125,78.2799835205078),(184.842910766602,-211.163040161133,78.1259765625),(199.82292175293,-225.828048706055,3.97198009490967),(203.222915649414,-228.74104309082,3.69498014450073),(205.983901977539,-230.68505859375,3.5379798412323),(205.744903564453,-230.894058227539,3.72797989845276),(205.538909912109,-231.,4.10198020935059),(211.660903930664,-234.717056274414,3.76697969436646),(211.846923828125,-234.474060058594,3.57797980308533),(215.147918701172,-235.986053466797,3.62297964096069),(214.533905029297,-236.066055297852,3.81197953224182),(220.103912353516,-237.242065429688,3.67897963523865),(217.34391784668,-236.895050048828,3.83897948265076),(220.025909423828,-237.523071289062,3.86897945404053),(217.330917358398,-237.074066162109,4.22497940063477),(214.419921875,-236.221054077148,4.19697999954224),(204.575912475586,-225.398071289062,78.3929748535156),(201.46891784668,-224.351058959961,78.3529815673828),(211.512908935547,-234.860061645508,4.15397977828979),(208.519912719727,-232.93505859375,4.49397993087769),(195.379913330078,-220.678070068359,77.9259796142578),(201.514923095703,-224.099060058594,78.7399826049805),(204.592910766602,-225.133056640625,78.7779769897461),(201.530899047852,-223.68505859375,78.948974609375),(198.499923706055,-222.159057617188,78.8779830932617),(207.688919067383,-225.441055297852,79.0279846191406),(204.632904052734,-224.800064086914,78.9609832763672),(207.583908081055,-225.845062255859,78.8169860839844),(207.578918457031,-226.118057250977,78.4319839477539),(210.743911743164,-226.262069702148,78.4869842529297),(210.705902099609,-225.979064941406,78.8699798583984),(213.945907592773,-225.688049316406,78.5359802246094),(210.68391418457,-225.579055786133,79.0709838867188),(213.851913452148,-225.405059814453,78.9169769287109),(216.754913330078,-224.057067871094,78.9459838867188),(213.740921020508,-225.,79.1179809570312),(216.92692565918,-224.31706237793,78.5559844970703),(230.618911743164,-234.456069946289,4.37197971343994),(228.428909301758,-236.220062255859,4.35497951507568),(225.723907470703,-237.443054199219,4.34297943115234),(219.365905761719,-222.335052490234,78.5769805908203),(221.193908691406,-219.827056884766,78.5599822998047),(219.13591003418,-222.134048461914,78.9519805908203),(232.23991394043,-232.161056518555,4.35597991943359),(233.314910888672,-229.443054199219,4.32298040390015),(233.161911010742,-229.434051513672,3.94398045539856),(232.112915039062,-232.101058959961,3.97897958755493),(230.524917602539,-234.356063842773,4.),(231.862915039062,-231.982055664062,3.78898000717163),(232.883911132812,-229.389053344727,3.75398015975952),(233.196914672852,-226.714065551758,3.70198011398315),(233.484909057617,-226.68505859375,3.89298033714294),(233.647918701172,-226.650054931641,4.27298021316528),(222.928909301758,-213.779067993164,78.4689788818359),(222.434906005859,-216.88005065918,78.5229797363281),(222.159912109375,-216.779052734375,78.8999786376953),(220.93391418457,-219.675064086914,78.9359817504883),(220.632919311523,-219.489059448242,79.1129760742188),(218.879913330078,-221.887069702148,79.1289825439453),(216.559921264648,-223.683059692383,79.1459808349609),(219.592910766602,-220.417053222656,79.177978515625),(221.78791809082,-215.099075317383,79.1109848022461),(221.830902099609,-216.661071777344,79.0789794921875),(222.652908325195,-213.729049682617,78.8479766845703),(222.311920166016,-213.681060791016,79.0289840698242),(222.471908569336,-210.722061157227,78.7969741821289),(222.023910522461,-210.608062744141,79.0119781494141),(220.31591796875,-204.470062255859,78.943977355957),(221.494918823242,-207.783065795898,78.943977355957),(221.818908691406,-207.720062255859,78.7609786987305),(220.776931762695,-204.494064331055,78.724983215332),(219.272933959961,-201.2890625,78.6959762573242),(219.574935913086,-201.358062744141,78.3109741210938),(217.761917114258,-198.100067138672,78.2879791259766),(215.558929443359,-194.807052612305,78.2499771118164),(217.479934692383,-198.085052490234,78.6749801635742),(217.813919067383,-199.214065551758,78.8689804077148),(215.334930419922,-194.876068115234,78.6319808959961),(210.491928100586,-189.260070800781,78.2949829101562),(209.077926635742,-188.040069580078,78.5949783325195),(215.081924438477,-195.06706237793,78.8199768066406),(215.592926025391,-196.474060058594,78.8979797363281),(208.838928222656,-188.243057250977,78.7789764404297),(208.610931396484,-188.615051269531,78.8379821777344),(207.815933227539,-187.457061767578,78.6599731445312),(207.982925415039,-187.205062866211,78.4739837646484),(208.136932373047,-187.075073242188,78.0949783325195),(206.802917480469,-186.76106262207,77.9659805297852),(206.746917724609,-186.911071777344,78.3409805297852),(205.494934082031,-187.08805847168,77.8959808349609),(205.533920288086,-187.211074829102,78.2689743041992),(204.478927612305,-187.827072143555,77.8969802856445),(204.549926757812,-187.922058105469,78.2569808959961),(217.243927001953,-202.645065307617,3.68098211288452),(199.525909423828,-221.236053466797,3.6579806804657),(218.323928833008,-201.88005065918,3.68498229980469),(199.771911621094,-221.426040649414,3.29798078536987),(217.464920043945,-202.887054443359,3.29598212242126),(218.473922729492,-202.163055419922,3.31098222732544),(218.463928222656,-202.56005859375,3.12398219108582),(200.05891418457,-221.648040771484,3.12298083305359),(199.506912231445,-222.610046386719,3.15398073196411),(219.741928100586,-201.874069213867,3.39898228645325),(219.687927246094,-201.572067260742,3.77498245239258),(207.614929199219,-187.849060058594,78.724983215332),(230.322906494141,-234.170059204102,3.80497980117798),(228.368911743164,-236.099060058594,3.98997974395752),(228.231903076172,-235.860061645508,3.79997992515564),(225.693908691406,-237.300048828125,3.96197962760925),(225.634918212891,-237.026062011719,3.77197957038879),(222.84391784668,-237.437057495117,3.7259795665741),(222.825912475586,-237.722061157227,3.91597938537598),(222.812911987305,-237.880065917969,4.29897928237915),(219.984909057617,-237.688064575195,4.25397920608521)));
#7237=IFCINDEXEDPOLYGONALFACE((2,4,1));
#7238=IFCINDEXEDPOLYGONALFACE((1,3,2));
#7239=IFCINDEXEDPOLYGONALFACE((3,1,5));
#7240=IFCINDEXEDPOLYGONALFACE((6,1,4));
#7241=IFCINDEXEDPOLYGONALFACE((1,6,5));
#7242=IFCINDEXEDPOLYGONALFACE((7,6,8));
#7243=IFCINDEXEDPOLYGONALFACE((6,7,10));
#7244=IFCINDEXEDPOLYGONALFACE((4,8,6));
#7245=IFCINDEXEDPOLYGONALFACE((9,5,6));
#7246=IFCINDEXEDPOLYGONALFACE((6,10,9));
#7247=IFCINDEXEDPOLYGONALFACE((11,10,7));
#7248=IFCINDEXEDPOLYGONALFACE((11,9,10));
#7249=IFCINDEXEDPOLYGONALFACE((9,11,12));
#7250=IFCINDEXEDPOLYGONALFACE((14,12,11));
#7251=IFCINDEXEDPOLYGONALFACE((7,15,11));
#7252=IFCINDEXEDPOLYGONALFACE((11,13,14));
#7253=IFCINDEXEDPOLYGONALFACE((13,11,15));
#7254=IFCINDEXEDPOLYGONALFACE((15,7,18));
#7255=IFCINDEXEDPOLYGONALFACE((15,16,13));
#7256=IFCINDEXEDPOLYGONALFACE((16,15,17));
#7257=IFCINDEXEDPOLYGONALFACE((18,17,15));
#7258=IFCINDEXEDPOLYGONALFACE((18,19,20));
#7259=IFCINDEXEDPOLYGONALFACE((19,18,7));
#7260=IFCINDEXEDPOLYGONALFACE((20,21,18));
#7261=IFCINDEXEDPOLYGONALFACE((17,18,21));
#7262=IFCINDEXEDPOLYGONALFACE((21,20,23));
#7263=IFCINDEXEDPOLYGONALFACE((17,21,22));
#7264=IFCINDEXEDPOLYGONALFACE((23,22,21));
#7265=IFCINDEXEDPOLYGONALFACE((24,23,20));
#7266=IFCINDEXEDPOLYGONALFACE((23,24,25));
#7267=IFCINDEXEDPOLYGONALFACE((25,26,23));
#7268=IFCINDEXEDPOLYGONALFACE((22,23,26));
#7269=IFCINDEXEDPOLYGONALFACE((26,25,27));
#7270=IFCINDEXEDPOLYGONALFACE((27,28,26));
#7271=IFCINDEXEDPOLYGONALFACE((29,26,28));
#7272=IFCINDEXEDPOLYGONALFACE((26,29,22));
#7273=IFCINDEXEDPOLYGONALFACE((32,22,29));
#7274=IFCINDEXEDPOLYGONALFACE((28,30,29));
#7275=IFCINDEXEDPOLYGONALFACE((31,29,30));
#7276=IFCINDEXEDPOLYGONALFACE((29,31,32));
#7277=IFCINDEXEDPOLYGONALFACE((33,17,32));
#7278=IFCINDEXEDPOLYGONALFACE((33,32,31));
#7279=IFCINDEXEDPOLYGONALFACE((22,32,17));
#7280=IFCINDEXEDPOLYGONALFACE((31,34,33));
#7281=IFCINDEXEDPOLYGONALFACE((33,34,35));
#7282=IFCINDEXEDPOLYGONALFACE((13,33,35));
#7283=IFCINDEXEDPOLYGONALFACE((13,16,33));
#7284=IFCINDEXEDPOLYGONALFACE((17,33,16));
#7285=IFCINDEXEDPOLYGONALFACE((35,37,36));
#7286=IFCINDEXEDPOLYGONALFACE((36,44,35));
#7287=IFCINDEXEDPOLYGONALFACE((45,37,35));
#7288=IFCINDEXEDPOLYGONALFACE((40,38,35));
#7289=IFCINDEXEDPOLYGONALFACE((38,39,35));
#7290=IFCINDEXEDPOLYGONALFACE((45,35,39));
#7291=IFCINDEXEDPOLYGONALFACE((41,40,35));
#7292=IFCINDEXEDPOLYGONALFACE((42,41,35));
#7293=IFCINDEXEDPOLYGONALFACE((43,42,35));
#7294=IFCINDEXEDPOLYGONALFACE((34,43,35));
#7295=IFCINDEXEDPOLYGONALFACE((14,13,35));
#7296=IFCINDEXEDPOLYGONALFACE((44,14,35));
#7297=IFCINDEXEDPOLYGONALFACE((45,47,46));
#7298=IFCINDEXEDPOLYGONALFACE((45,46,48));
#7299=IFCINDEXEDPOLYGONALFACE((48,37,45));
#7300=IFCINDEXEDPOLYGONALFACE((47,45,39));
#7301=IFCINDEXEDPOLYGONALFACE((48,51,49));
#7302=IFCINDEXEDPOLYGONALFACE((49,50,48));
#7303=IFCINDEXEDPOLYGONALFACE((37,48,50));
#7304=IFCINDEXEDPOLYGONALFACE((51,48,46));
#7305=IFCINDEXEDPOLYGONALFACE((54,49,51));
#7306=IFCINDEXEDPOLYGONALFACE((52,51,53));
#7307=IFCINDEXEDPOLYGONALFACE((51,52,54));
#7308=IFCINDEXEDPOLYGONALFACE((46,53,51));
#7309=IFCINDEXEDPOLYGONALFACE((49,54,55));
#7310=IFCINDEXEDPOLYGONALFACE((56,55,54));
#7311=IFCINDEXEDPOLYGONALFACE((57,54,52));
#7312=IFCINDEXEDPOLYGONALFACE((54,57,56));
#7313=IFCINDEXEDPOLYGONALFACE((52,58,57));
#7314=IFCINDEXEDPOLYGONALFACE((59,56,57));
#7315=IFCINDEXEDPOLYGONALFACE((59,57,58));
#7316=IFCINDEXEDPOLYGONALFACE((59,63,60));
#7317=IFCINDEXEDPOLYGONALFACE((60,62,59));
#7318=IFCINDEXEDPOLYGONALFACE((58,61,59));
#7319=IFCINDEXEDPOLYGONALFACE((63,59,61));
#7320=IFCINDEXEDPOLYGONALFACE((56,59,62));
#7321=IFCINDEXEDPOLYGONALFACE((60,63,64));
#7322=IFCINDEXEDPOLYGONALFACE((63,65,64));
#7323=IFCINDEXEDPOLYGONALFACE((66,65,63));
#7324=IFCINDEXEDPOLYGONALFACE((63,61,66));
#7325=IFCINDEXEDPOLYGONALFACE((68,66,61));
#7326=IFCINDEXEDPOLYGONALFACE((67,69,66));
#7327=IFCINDEXEDPOLYGONALFACE((66,68,67));
#7328=IFCINDEXEDPOLYGONALFACE((65,66,69));
#7329=IFCINDEXEDPOLYGONALFACE((69,67,72));
#7330=IFCINDEXEDPOLYGONALFACE((72,70,69));
#7331=IFCINDEXEDPOLYGONALFACE((71,69,70));
#7332=IFCINDEXEDPOLYGONALFACE((69,71,65));
#7333=IFCINDEXEDPOLYGONALFACE((72,75,73));
#7334=IFCINDEXEDPOLYGONALFACE((73,74,72));
#7335=IFCINDEXEDPOLYGONALFACE((70,72,74));
#7336=IFCINDEXEDPOLYGONALFACE((72,76,75));
#7337=IFCINDEXEDPOLYGONALFACE((76,72,67));
#7338=IFCINDEXEDPOLYGONALFACE((79,77,76));
#7339=IFCINDEXEDPOLYGONALFACE((75,76,77));
#7340=IFCINDEXEDPOLYGONALFACE((80,78,76));
#7341=IFCINDEXEDPOLYGONALFACE((76,78,79));
#7342=IFCINDEXEDPOLYGONALFACE((67,80,76));
#7343=IFCINDEXEDPOLYGONALFACE((80,67,68));
#7344=IFCINDEXEDPOLYGONALFACE((68,81,80));
#7345=IFCINDEXEDPOLYGONALFACE((78,80,81));
#7346=IFCINDEXEDPOLYGONALFACE((53,81,52));
#7347=IFCINDEXEDPOLYGONALFACE((78,81,53));
#7348=IFCINDEXEDPOLYGONALFACE((58,52,81));
#7349=IFCINDEXEDPOLYGONALFACE((81,68,58));
#7350=IFCINDEXEDPOLYGONALFACE((79,82,77));
#7351=IFCINDEXEDPOLYGONALFACE((53,79,78));
#7352=IFCINDEXEDPOLYGONALFACE((82,79,53));
#7353=IFCINDEXEDPOLYGONALFACE((83,77,82));
#7354=IFCINDEXEDPOLYGONALFACE((82,47,83));
#7355=IFCINDEXEDPOLYGONALFACE((47,82,53));
#7356=IFCINDEXEDPOLYGONALFACE((39,83,47));
#7357=IFCINDEXEDPOLYGONALFACE((83,39,84));
#7358=IFCINDEXEDPOLYGONALFACE((84,85,83));
#7359=IFCINDEXEDPOLYGONALFACE((77,83,85));
#7360=IFCINDEXEDPOLYGONALFACE((85,86,77));
#7361=IFCINDEXEDPOLYGONALFACE((86,85,87));
#7362=IFCINDEXEDPOLYGONALFACE((88,87,85));
#7363=IFCINDEXEDPOLYGONALFACE((85,84,88));
#7364=IFCINDEXEDPOLYGONALFACE((38,88,84));
#7365=IFCINDEXEDPOLYGONALFACE((87,88,89));
#7366=IFCINDEXEDPOLYGONALFACE((38,89,88));
#7367=IFCINDEXEDPOLYGONALFACE((89,92,90));
#7368=IFCINDEXEDPOLYGONALFACE((89,90,87));
#7369=IFCINDEXEDPOLYGONALFACE((92,89,91));
#7370=IFCINDEXEDPOLYGONALFACE((40,91,89));
#7371=IFCINDEXEDPOLYGONALFACE((89,38,40));
#7372=IFCINDEXEDPOLYGONALFACE((91,93,92));
#7373=IFCINDEXEDPOLYGONALFACE((94,92,93));
#7374=IFCINDEXEDPOLYGONALFACE((92,94,95));
#7375=IFCINDEXEDPOLYGONALFACE((95,90,92));
#7376=IFCINDEXEDPOLYGONALFACE((95,94,96));
#7377=IFCINDEXEDPOLYGONALFACE((96,97,95));
#7378=IFCINDEXEDPOLYGONALFACE((98,95,97));
#7379=IFCINDEXEDPOLYGONALFACE((90,95,98));
#7380=IFCINDEXEDPOLYGONALFACE((97,73,98));
#7381=IFCINDEXEDPOLYGONALFACE((99,98,73));
#7382=IFCINDEXEDPOLYGONALFACE((99,86,98));
#7383=IFCINDEXEDPOLYGONALFACE((98,87,90));
#7384=IFCINDEXEDPOLYGONALFACE((87,98,86));
#7385=IFCINDEXEDPOLYGONALFACE((73,100,99));
#7386=IFCINDEXEDPOLYGONALFACE((86,99,100));
#7387=IFCINDEXEDPOLYGONALFACE((100,73,75));
#7388=IFCINDEXEDPOLYGONALFACE((100,75,86));
#7389=IFCINDEXEDPOLYGONALFACE((101,97,96));
#7390=IFCINDEXEDPOLYGONALFACE((74,73,97));
#7391=IFCINDEXEDPOLYGONALFACE((97,101,74));
#7392=IFCINDEXEDPOLYGONALFACE((96,102,101));
#7393=IFCINDEXEDPOLYGONALFACE((103,101,102));
#7394=IFCINDEXEDPOLYGONALFACE((104,74,101));
#7395=IFCINDEXEDPOLYGONALFACE((101,103,104));
#7396=IFCINDEXEDPOLYGONALFACE((74,104,70));
#7397=IFCINDEXEDPOLYGONALFACE((104,103,70));
#7398=IFCINDEXEDPOLYGONALFACE((64,70,103));
#7399=IFCINDEXEDPOLYGONALFACE((106,105,103));
#7400=IFCINDEXEDPOLYGONALFACE((64,103,105));
#7401=IFCINDEXEDPOLYGONALFACE((102,106,103));
#7402=IFCINDEXEDPOLYGONALFACE((107,105,106));
#7403=IFCINDEXEDPOLYGONALFACE((106,102,107));
#7404=IFCINDEXEDPOLYGONALFACE((108,107,102));
#7405=IFCINDEXEDPOLYGONALFACE((107,108,109));
#7406=IFCINDEXEDPOLYGONALFACE((105,107,110));
#7407=IFCINDEXEDPOLYGONALFACE((109,110,107));
#7408=IFCINDEXEDPOLYGONALFACE((110,109,111));
#7409=IFCINDEXEDPOLYGONALFACE((111,113,110));
#7410=IFCINDEXEDPOLYGONALFACE((110,112,105));
#7411=IFCINDEXEDPOLYGONALFACE((112,110,113));
#7412=IFCINDEXEDPOLYGONALFACE((115,113,114));
#7413=IFCINDEXEDPOLYGONALFACE((116,114,113));
#7414=IFCINDEXEDPOLYGONALFACE((113,115,112));
#7415=IFCINDEXEDPOLYGONALFACE((113,111,116));
#7416=IFCINDEXEDPOLYGONALFACE((117,120,116));
#7417=IFCINDEXEDPOLYGONALFACE((116,118,117));
#7418=IFCINDEXEDPOLYGONALFACE((119,118,116));
#7419=IFCINDEXEDPOLYGONALFACE((116,111,119));
#7420=IFCINDEXEDPOLYGONALFACE((114,116,120));
#7421=IFCINDEXEDPOLYGONALFACE((120,117,123));
#7422=IFCINDEXEDPOLYGONALFACE((122,120,121));
#7423=IFCINDEXEDPOLYGONALFACE((123,121,120));
#7424=IFCINDEXEDPOLYGONALFACE((120,122,114));
#7425=IFCINDEXEDPOLYGONALFACE((125,124,123));
#7426=IFCINDEXEDPOLYGONALFACE((121,123,124));
#7427=IFCINDEXEDPOLYGONALFACE((126,123,117));
#7428=IFCINDEXEDPOLYGONALFACE((123,126,125));
#7429=IFCINDEXEDPOLYGONALFACE((129,125,126));
#7430=IFCINDEXEDPOLYGONALFACE((117,127,126));
#7431=IFCINDEXEDPOLYGONALFACE((128,126,127));
#7432=IFCINDEXEDPOLYGONALFACE((126,128,129));
#7433=IFCINDEXEDPOLYGONALFACE((125,129,130));
#7434=IFCINDEXEDPOLYGONALFACE((43,130,129));
#7435=IFCINDEXEDPOLYGONALFACE((43,129,128));
#7436=IFCINDEXEDPOLYGONALFACE((130,131,125));
#7437=IFCINDEXEDPOLYGONALFACE((130,43,34));
#7438=IFCINDEXEDPOLYGONALFACE((34,31,130));
#7439=IFCINDEXEDPOLYGONALFACE((131,130,31));
#7440=IFCINDEXEDPOLYGONALFACE((31,30,131));
#7441=IFCINDEXEDPOLYGONALFACE((132,131,30));
#7442=IFCINDEXEDPOLYGONALFACE((131,132,124));
#7443=IFCINDEXEDPOLYGONALFACE((124,125,131));
#7444=IFCINDEXEDPOLYGONALFACE((30,28,132));
#7445=IFCINDEXEDPOLYGONALFACE((133,132,28));
#7446=IFCINDEXEDPOLYGONALFACE((132,133,134));
#7447=IFCINDEXEDPOLYGONALFACE((134,124,132));
#7448=IFCINDEXEDPOLYGONALFACE((135,134,133));
#7449=IFCINDEXEDPOLYGONALFACE((124,134,121));
#7450=IFCINDEXEDPOLYGONALFACE((136,121,134));
#7451=IFCINDEXEDPOLYGONALFACE((134,135,136));
#7452=IFCINDEXEDPOLYGONALFACE((121,136,122));
#7453=IFCINDEXEDPOLYGONALFACE((138,122,136));
#7454=IFCINDEXEDPOLYGONALFACE((136,137,138));
#7455=IFCINDEXEDPOLYGONALFACE((137,136,135));
#7456=IFCINDEXEDPOLYGONALFACE((122,138,139));
#7457=IFCINDEXEDPOLYGONALFACE((138,140,139));
#7458=IFCINDEXEDPOLYGONALFACE((140,138,137));
#7459=IFCINDEXEDPOLYGONALFACE((142,141,140));
#7460=IFCINDEXEDPOLYGONALFACE((64,140,141));
#7461=IFCINDEXEDPOLYGONALFACE((64,139,140));
#7462=IFCINDEXEDPOLYGONALFACE((140,137,142));
#7463=IFCINDEXEDPOLYGONALFACE((135,142,137));
#7464=IFCINDEXEDPOLYGONALFACE((143,144,142));
#7465=IFCINDEXEDPOLYGONALFACE((142,135,143));
#7466=IFCINDEXEDPOLYGONALFACE((141,142,144));
#7467=IFCINDEXEDPOLYGONALFACE((145,146,144));
#7468=IFCINDEXEDPOLYGONALFACE((144,143,145));
#7469=IFCINDEXEDPOLYGONALFACE((141,144,146));
#7470=IFCINDEXEDPOLYGONALFACE((146,148,147));
#7471=IFCINDEXEDPOLYGONALFACE((64,146,147));
#7472=IFCINDEXEDPOLYGONALFACE((64,141,146));
#7473=IFCINDEXEDPOLYGONALFACE((149,148,146));
#7474=IFCINDEXEDPOLYGONALFACE((146,145,149));
#7475=IFCINDEXEDPOLYGONALFACE((149,25,24));
#7476=IFCINDEXEDPOLYGONALFACE((24,150,149));
#7477=IFCINDEXEDPOLYGONALFACE((148,149,150));
#7478=IFCINDEXEDPOLYGONALFACE((25,149,145));
#7479=IFCINDEXEDPOLYGONALFACE((147,150,151));
#7480=IFCINDEXEDPOLYGONALFACE((152,151,150));
#7481=IFCINDEXEDPOLYGONALFACE((150,24,152));
#7482=IFCINDEXEDPOLYGONALFACE((150,147,148));
#7483=IFCINDEXEDPOLYGONALFACE((19,153,152));
#7484=IFCINDEXEDPOLYGONALFACE((152,20,19));
#7485=IFCINDEXEDPOLYGONALFACE((20,152,24));
#7486=IFCINDEXEDPOLYGONALFACE((151,152,153));
#7487=IFCINDEXEDPOLYGONALFACE((153,19,4));
#7488=IFCINDEXEDPOLYGONALFACE((155,153,154));
#7489=IFCINDEXEDPOLYGONALFACE((4,154,153));
#7490=IFCINDEXEDPOLYGONALFACE((153,155,151));
#7491=IFCINDEXEDPOLYGONALFACE((154,157,155));
#7492=IFCINDEXEDPOLYGONALFACE((156,151,155));
#7493=IFCINDEXEDPOLYGONALFACE((156,155,157));
#7494=IFCINDEXEDPOLYGONALFACE((157,154,158));
#7495=IFCINDEXEDPOLYGONALFACE((158,159,157));
#7496=IFCINDEXEDPOLYGONALFACE((160,157,159));
#7497=IFCINDEXEDPOLYGONALFACE((157,160,156));
#7498=IFCINDEXEDPOLYGONALFACE((161,156,160));
#7499=IFCINDEXEDPOLYGONALFACE((161,160,162));
#7500=IFCINDEXEDPOLYGONALFACE((159,162,160));
#7501=IFCINDEXEDPOLYGONALFACE((162,163,161));
#7502=IFCINDEXEDPOLYGONALFACE((163,162,164));
#7503=IFCINDEXEDPOLYGONALFACE((165,164,162));
#7504=IFCINDEXEDPOLYGONALFACE((162,159,165));
#7505=IFCINDEXEDPOLYGONALFACE((165,166,167));
#7506=IFCINDEXEDPOLYGONALFACE((166,165,159));
#7507=IFCINDEXEDPOLYGONALFACE((167,168,165));
#7508=IFCINDEXEDPOLYGONALFACE((164,165,168));
#7509=IFCINDEXEDPOLYGONALFACE((168,60,164));
#7510=IFCINDEXEDPOLYGONALFACE((60,168,170));
#7511=IFCINDEXEDPOLYGONALFACE((168,167,169));
#7512=IFCINDEXEDPOLYGONALFACE((169,170,168));
#7513=IFCINDEXEDPOLYGONALFACE((170,62,60));
#7514=IFCINDEXEDPOLYGONALFACE((170,169,171));
#7515=IFCINDEXEDPOLYGONALFACE((62,170,172));
#7516=IFCINDEXEDPOLYGONALFACE((171,172,170));
#7517=IFCINDEXEDPOLYGONALFACE((172,171,55));
#7518=IFCINDEXEDPOLYGONALFACE((55,56,172));
#7519=IFCINDEXEDPOLYGONALFACE((62,172,56));
#7520=IFCINDEXEDPOLYGONALFACE((55,171,173));
#7521=IFCINDEXEDPOLYGONALFACE((173,171,169));
#7522=IFCINDEXEDPOLYGONALFACE((173,174,55));
#7523=IFCINDEXEDPOLYGONALFACE((176,174,173));
#7524=IFCINDEXEDPOLYGONALFACE((169,175,173));
#7525=IFCINDEXEDPOLYGONALFACE((177,173,175));
#7526=IFCINDEXEDPOLYGONALFACE((173,177,176));
#7527=IFCINDEXEDPOLYGONALFACE((180,176,177));
#7528=IFCINDEXEDPOLYGONALFACE((179,177,178));
#7529=IFCINDEXEDPOLYGONALFACE((175,178,177));
#7530=IFCINDEXEDPOLYGONALFACE((177,179,180));
#7531=IFCINDEXEDPOLYGONALFACE((36,180,179));
#7532=IFCINDEXEDPOLYGONALFACE((36,181,180));
#7533=IFCINDEXEDPOLYGONALFACE((176,180,181));
#7534=IFCINDEXEDPOLYGONALFACE((50,181,37));
#7535=IFCINDEXEDPOLYGONALFACE((181,50,176));
#7536=IFCINDEXEDPOLYGONALFACE((181,36,37));
#7537=IFCINDEXEDPOLYGONALFACE((179,178,182));
#7538=IFCINDEXEDPOLYGONALFACE((182,12,179));
#7539=IFCINDEXEDPOLYGONALFACE((44,179,12));
#7540=IFCINDEXEDPOLYGONALFACE((179,44,36));
#7541=IFCINDEXEDPOLYGONALFACE((12,182,9));
#7542=IFCINDEXEDPOLYGONALFACE((5,9,182));
#7543=IFCINDEXEDPOLYGONALFACE((183,182,178));
#7544=IFCINDEXEDPOLYGONALFACE((182,183,5));
#7545=IFCINDEXEDPOLYGONALFACE((183,167,166));
#7546=IFCINDEXEDPOLYGONALFACE((166,5,183));
#7547=IFCINDEXEDPOLYGONALFACE((167,183,175));
#7548=IFCINDEXEDPOLYGONALFACE((178,175,183));
#7549=IFCINDEXEDPOLYGONALFACE((174,176,50));
#7550=IFCINDEXEDPOLYGONALFACE((175,169,167));
#7551=IFCINDEXEDPOLYGONALFACE((55,174,49));
#7552=IFCINDEXEDPOLYGONALFACE((50,49,174));
#7553=IFCINDEXEDPOLYGONALFACE((5,166,3));
#7554=IFCINDEXEDPOLYGONALFACE((159,3,166));
#7555=IFCINDEXEDPOLYGONALFACE((184,164,60));
#7556=IFCINDEXEDPOLYGONALFACE((164,184,163));
#7557=IFCINDEXEDPOLYGONALFACE((64,184,60));
#7558=IFCINDEXEDPOLYGONALFACE((64,163,184));
#7559=IFCINDEXEDPOLYGONALFACE((64,147,163));
#7560=IFCINDEXEDPOLYGONALFACE((147,161,163));
#7561=IFCINDEXEDPOLYGONALFACE((156,161,147));
#7562=IFCINDEXEDPOLYGONALFACE((159,158,3));
#7563=IFCINDEXEDPOLYGONALFACE((2,158,154));
#7564=IFCINDEXEDPOLYGONALFACE((158,2,3));
#7565=IFCINDEXEDPOLYGONALFACE((151,156,147));
#7566=IFCINDEXEDPOLYGONALFACE((4,2,154));
#7567=IFCINDEXEDPOLYGONALFACE((27,145,143));
#7568=IFCINDEXEDPOLYGONALFACE((145,27,25));
#7569=IFCINDEXEDPOLYGONALFACE((143,133,27));
#7570=IFCINDEXEDPOLYGONALFACE((133,143,135));
#7571=IFCINDEXEDPOLYGONALFACE((64,115,139));
#7572=IFCINDEXEDPOLYGONALFACE((114,139,115));
#7573=IFCINDEXEDPOLYGONALFACE((139,114,122));
#7574=IFCINDEXEDPOLYGONALFACE((28,27,133));
#7575=IFCINDEXEDPOLYGONALFACE((128,42,43));
#7576=IFCINDEXEDPOLYGONALFACE((42,128,185));
#7577=IFCINDEXEDPOLYGONALFACE((127,185,128));
#7578=IFCINDEXEDPOLYGONALFACE((42,185,187));
#7579=IFCINDEXEDPOLYGONALFACE((186,187,185));
#7580=IFCINDEXEDPOLYGONALFACE((185,127,186));
#7581=IFCINDEXEDPOLYGONALFACE((187,41,42));
#7582=IFCINDEXEDPOLYGONALFACE((187,186,188));
#7583=IFCINDEXEDPOLYGONALFACE((188,189,187));
#7584=IFCINDEXEDPOLYGONALFACE((41,187,189));
#7585=IFCINDEXEDPOLYGONALFACE((189,188,191));
#7586=IFCINDEXEDPOLYGONALFACE((191,190,189));
#7587=IFCINDEXEDPOLYGONALFACE((41,189,190));
#7588=IFCINDEXEDPOLYGONALFACE((191,192,193));
#7589=IFCINDEXEDPOLYGONALFACE((192,191,188));
#7590=IFCINDEXEDPOLYGONALFACE((193,93,191));
#7591=IFCINDEXEDPOLYGONALFACE((190,191,93));
#7592=IFCINDEXEDPOLYGONALFACE((193,192,109));
#7593=IFCINDEXEDPOLYGONALFACE((109,108,193));
#7594=IFCINDEXEDPOLYGONALFACE((94,193,108));
#7595=IFCINDEXEDPOLYGONALFACE((93,193,94));
#7596=IFCINDEXEDPOLYGONALFACE((188,119,192));
#7597=IFCINDEXEDPOLYGONALFACE((192,119,111));
#7598=IFCINDEXEDPOLYGONALFACE((111,109,192));
#7599=IFCINDEXEDPOLYGONALFACE((93,91,190));
#7600=IFCINDEXEDPOLYGONALFACE((40,190,91));
#7601=IFCINDEXEDPOLYGONALFACE((190,40,41));
#7602=IFCINDEXEDPOLYGONALFACE((119,188,186));
#7603=IFCINDEXEDPOLYGONALFACE((186,118,119));
#7604=IFCINDEXEDPOLYGONALFACE((118,186,127));
#7605=IFCINDEXEDPOLYGONALFACE((127,117,118));
#7606=IFCINDEXEDPOLYGONALFACE((64,112,115));
#7607=IFCINDEXEDPOLYGONALFACE((64,105,112));
#7608=IFCINDEXEDPOLYGONALFACE((102,96,108));
#7609=IFCINDEXEDPOLYGONALFACE((108,96,94));
#7610=IFCINDEXEDPOLYGONALFACE((77,86,75));
#7611=IFCINDEXEDPOLYGONALFACE((84,39,38));
#7612=IFCINDEXEDPOLYGONALFACE((70,64,71));
#7613=IFCINDEXEDPOLYGONALFACE((65,71,64));
#7614=IFCINDEXEDPOLYGONALFACE((61,58,68));
#7615=IFCINDEXEDPOLYGONALFACE((53,46,47));
#7616=IFCINDEXEDPOLYGONALFACE((12,14,44));
#7617=IFCINDEXEDPOLYGONALFACE((7,8,19));
#7618=IFCINDEXEDPOLYGONALFACE((8,4,19));
#7619=IFCPOLYGONALFACESET(#7236,$,(#7237,#7238,#7239,#7240,#7241,#7242,#7243,#7244,#7245,#7246,#7247,#7248,#7249,#7250,#7251,#7252,#7253,#7254,#7255,#7256,#7257,#7258,#7259,#7260,#7261,#7262,#7263,#7264,#7265,#7266,#7267,#7268,#7269,#7270,#7271,#7272,#7273,#7274,#7275,#7276,#7277,#7278,#7279,#7280,#7281,#7282,#7283,#7284,#7285,#7286,#7287,#7288,#7289,#7290,#7291,#7292,#7293,#7294,#7295,#7296,#7297,#7298,#7299,#7300,#7301,#7302,#7303,#7304,#7305,#7306,#7307,#7308,#7309,#7310,#7311,#7312,#7313,#7314,#7315,#7316,#7317,#7318,#7319,#7320,#7321,#7322,#7323,#7324,#7325,#7326,#7327,#7328,#7329,#7330,#7331,#7332,#7333,#7334,#7335,#7336,#7337,#7338,#7339,#7340,#7341,#7342,#7343,#7344,#7345,#7346,#7347,#7348,#7349,#7350,#7351,#7352,#7353,#7354,#7355,#7356,#7357,#7358,#7359,#7360,#7361,#7362,#7363,#7364,#7365,#7366,#7367,#7368,#7369,#7370,#7371,#7372,#7373,#7374,#7375,#7376,#7377,#7378,#7379,#7380,#7381,#7382,#7383,#7384,#7385,#7386,#7387,#7388,#7389,#7390,#7391,#7392,#7393,#7394,#7395,#7396,#7397,#7398,#7399,#7400,#7401,#7402,#7403,#7404,#7405,#7406,#7407,#7408,#7409,#7410,#7411,#7412,#7413,#7414,#7415,#7416,#7417,#7418,#7419,#7420,#7421,#7422,#7423,#7424,#7425,#7426,#7427,#7428,#7429,#7430,#7431,#7432,#7433,#7434,#7435,#7436,#7437,#7438,#7439,#7440,#7441,#7442,#7443,#7444,#7445,#7446,#7447,#7448,#7449,#7450,#7451,#7452,#7453,#7454,#7455,#7456,#7457,#7458,#7459,#7460,#7461,#7462,#7463,#7464,#7465,#7466,#7467,#7468,#7469,#7470,#7471,#7472,#7473,#7474,#7475,#7476,#7477,#7478,#7479,#7480,#7481,#7482,#7483,#7484,#7485,#7486,#7487,#7488,#7489,#7490,#7491,#7492,#7493,#7494,#7495,#7496,#7497,#7498,#7499,#7500,#7501,#7502,#7503,#7504,#7505,#7506,#7507,#7508,#7509,#7510,#7511,#7512,#7513,#7514,#7515,#7516,#7517,#7518,#7519,#7520,#7521,#7522,#7523,#7524,#7525,#7526,#7527,#7528,#7529,#7530,#7531,#7532,#7533,#7534,#7535,#7536,#7537,#7538,#7539,#7540,#7541,#7542,#7543,#7544,#7545,#7546,#7547,#7548,#7549,#7550,#7551,#7552,#7553,#7554,#7555,#7556,#7557,#7558,#7559,#7560,#7561,#7562,#7563,#7564,#7565,#7566,#7567,#7568,#7569,#7570,#7571,#7572,#7573,#7574,#7575,#7576,#7577,#7578,#7579,#7580,#7581,#7582,#7583,#7584,#7585,#7586,#7587,#7588,#7589,#7590,#7591,#7592,#7593,#7594,#7595,#7596,#7597,#7598,#7599,#7600,#7601,#7602,#7603,#7604,#7605,#7606,#7607,#7608,#7609,#7610,#7611,#7612,#7613,#7614,#7615,#7616,#7617,#7618),$);
#7620=IFCSHAPEREPRESENTATION(#7728,'Body','Tessellation',(#190,#308,#428,#546,#995,#2051,#2685,#3641,#4350,#4827,#4968,#5105,#5246,#5383,#6037,#6443,#6827,#7235,#7619));
#7621=IFCREPRESENTATIONMAP(#68,#7620);
#7622=IFCDIRECTION((1.,0.,0.));
#7623=IFCDIRECTION((0.,1.,0.));
#7624=IFCCARTESIANPOINT((0.,0.,0.));
#7625=IFCDIRECTION((0.,0.,1.));
#7626=IFCCARTESIANTRANSFORMATIONOPERATOR3D(#7622,#7623,#7624,1.,#7625);
#7627=IFCMAPPEDITEM(#7621,#7626);
#7628=IFCSHAPEREPRESENTATION(#7728,'Body','MappedRepresentation',(#7627));
#7630=IFCCARTESIANPOINT((0.,0.,0.));
#7631=IFCDIRECTION((0.,0.,1.));
#7632=IFCDIRECTION((1.,0.,0.));
#7633=IFCAXIS2PLACEMENT3D(#7630,#7631,#7632);
#7634=IFCCARTESIANPOINTLIST3D(((23.7188892364502,138.8974609375,0.),(-23.7712287902832,138.897491455078,0.),(-24.2578544616699,138.878967285156,0.),(-24.7446060180664,138.858062744141,0.),(-25.231595993042,138.835250854492,0.),(-25.7189445495605,138.810989379883,0.),(-26.2067699432373,138.785751342773,0.),(-26.6951904296875,138.760040283203,0.),(-27.184326171875,138.734298706055,0.),(-27.6742973327637,138.709014892578,0.),(-28.1652221679688,138.684646606445,0.),(-28.6572189331055,138.661697387695,0.),(-29.1504077911377,138.640609741211,0.),(-29.6449089050293,138.621871948242,0.),(-33.1256217956543,138.410446166992,0.),(-36.6067199707031,138.152282714844,0.),(-40.0857429504395,137.843841552734,0.),(-43.560245513916,137.481552124023,0.),(-47.0277824401855,137.061798095703,0.),(-50.4859046936035,136.581024169922,0.),(-53.9321632385254,136.03564453125,0.),(-57.3641166687012,135.422058105469,0.),(-60.7793159484863,134.736694335938,0.),(-64.1753158569336,133.976013183594,0.),(-67.5496597290039,133.136337280273,0.),(-70.8999099731445,132.214157104492,0.),(-73.4846954345703,131.429428100586,0.),(-76.054443359375,130.5927734375,0.),(-78.6099319458008,129.706848144531,0.),(-81.1519470214844,128.774291992188,0.),(-83.6812515258789,127.797714233398,0.),(-86.1986312866211,126.779762268066,0.),(-88.7048645019531,125.723045349121,0.),(-91.2007369995117,124.630195617676,0.),(-93.6870193481445,123.50382232666,0.),(-96.1644821166992,122.346572875977,0.),(-98.633918762207,121.161056518555,0.),(-101.096099853516,119.949913024902,0.),(-103.824913024902,118.572463989258,0.),(-106.538986206055,117.158935546875,0.),(-109.233535766602,115.704765319824,0.),(-111.903861999512,114.205383300781,0.),(-114.545211791992,112.656257629395,0.),(-117.152862548828,111.052841186523,0.),(-119.722091674805,109.390563964844,0.),(-122.248168945312,107.664894104004,0.),(-124.726356506348,105.871269226074,0.),(-127.151947021484,104.,0.),(-129.52018737793,102.061973571777,0.),(-131.826370239258,100.037208557129,0.),(-133.904495239258,98.1071166992188,0.),(-135.926223754883,96.1083374023438,0.),(-137.890518188477,94.0439758300781,0.),(-139.796264648438,91.9171447753906,0.),(-141.642425537109,89.73095703125,0.),(-143.427932739258,87.4885330200195,0.),(-145.151718139648,85.192985534668,0.),(-146.812683105469,82.847412109375,0.),(-148.409790039062,80.4549407958984,0.),(-149.941955566406,78.018684387207,0.),(-151.408111572266,75.541748046875,0.),(-152.807205200195,73.0272521972656,0.),(-154.150573730469,70.4424209594727,0.),(-155.426483154297,67.8226699829102,0.),(-156.637802124023,65.1703796386719,0.),(-157.787399291992,62.4879493713379,0.),(-158.878158569336,59.777774810791,0.),(-159.91291809082,57.0422439575195,0.),(-160.894577026367,54.2837409973145,0.),(-161.82600402832,51.5046653747559,0.),(-162.710067749023,48.7074012756348,0.),(-163.549621582031,45.8943405151367,0.),(-164.347564697266,43.0678787231445,0.),(-165.10676574707,40.2304000854492,0.),(-166.224472045898,35.7577247619629,0.),(-167.255340576172,31.2640323638916,0.),(-168.203704833984,26.7512226104736,0.),(-169.073867797852,22.2212066650391,0.),(-169.870162963867,17.6758937835693,0.),(-170.59684753418,13.1171875,0.),(-171.258239746094,8.54699802398682,0.),(-171.858642578125,3.96723246574402,0.),(-172.402359008789,-0.620201945304871,0.),(-172.893737792969,-5.21339750289917,0.),(-173.337036132812,-9.81044673919678,0.),(-173.736557006836,-14.409441947937,0.),(-174.15364074707,-19.9227638244629,0.),(-174.529098510742,-25.4382705688477,0.),(-174.879196166992,-30.9552345275879,0.),(-175.220352172852,-36.4729347229004,0.),(-175.568923950195,-42.,0.),(-175.941329956055,-47.5076484680176,0.),(-176.353912353516,-53.0232200622559,0.),(-176.82307434082,-58.5366439819336,0.),(-177.365203857422,-64.0471878051758,0.),(-178.,-69.5541305541992,0.),(-178.733825683594,-75.0567626953125,0.),(-179.59309387207,-80.5543594360352,0.),(-179.898635864258,-82.3281478881836,0.),(-180.224914550781,-84.0988235473633,0.),(-180.577545166016,-85.86328125,0.),(-180.962112426758,-87.6184005737305,0.),(-181.384262084961,-89.3610687255859,0.),(-181.849609375,-91.0881729125977,0.),(-182.36376953125,-92.7966003417969,0.),(-182.932373046875,-94.4832382202148,0.),(-183.561019897461,-96.1449661254883,0.),(-184.255355834961,-97.7786865234375,0.),(-185.020980834961,-99.3812866210938,0.),(-185.863510131836,-100.949638366699,0.),(-186.777465820312,-102.463035583496,0.),(-187.768447875977,-103.933395385742,0.),(-188.832473754883,-105.354965209961,0.),(-189.965393066406,-106.72200012207,0.),(-191.163162231445,-108.028747558594,0.),(-192.42170715332,-109.269477844238,0.),(-193.736953735352,-110.438446044922,0.),(-195.104843139648,-111.529907226562,0.),(-196.521286010742,-112.538116455078,0.),(-197.982208251953,-113.457328796387,0.),(-199.483551025391,-114.28182220459,0.),(-201.021224975586,-115.,0.),(-202.916610717773,-115.722885131836,0.),(-204.852920532227,-116.298538208008,0.),(-206.825103759766,-116.746452331543,0.),(-208.828140258789,-117.080268859863,0.),(-210.857040405273,-117.313613891602,0.),(-212.906753540039,-117.46012878418,0.),(-214.972259521484,-117.53343963623,0.),(-217.048538208008,-117.547210693359,0.),(-219.130569458008,-117.515045166016,0.),(-221.213317871094,-117.45059967041,0.),(-223.291778564453,-117.367492675781,0.),(-225.360900878906,-117.279388427734,0.),(-226.302673339844,-117.245094299316,0.),(-227.241943359375,-117.210983276367,0.),(-228.17903137207,-117.17733001709,0.),(-229.114303588867,-117.144371032715,0.),(-230.048141479492,-117.112350463867,0.),(-230.980895996094,-117.081512451172,0.),(-231.912933349609,-117.052101135254,0.),(-232.844619750977,-117.024368286133,0.),(-233.776321411133,-117.,0.),(-234.708404541016,-116.974922180176,0.),(-235.641235351562,-116.953689575195,0.),(-236.575180053711,-116.935111999512,0.),(-236.519088745117,-121.574356079102,0.),(-236.459899902344,-125.833671569824,0.),(-236.39306640625,-129.746566772461,0.),(-236.314025878906,-133.346527099609,0.),(-236.218246459961,-136.667037963867,0.),(-236.101181030273,-139.741607666016,0.),(-235.958297729492,-142.603729248047,0.),(-235.785018920898,-145.286895751953,0.),(-235.576858520508,-147.824600219727,0.),(-235.329208374023,-150.25032043457,0.),(-235.037567138672,-152.597579956055,0.),(-234.697387695312,-154.899917602539,0.),(-234.100067138672,-158.232833862305,0.),(-233.397003173828,-161.547576904297,0.),(-232.593704223633,-164.843200683594,0.),(-231.695678710938,-168.118728637695,0.),(-230.708419799805,-171.37321472168,0.),(-229.637435913086,-174.605682373047,0.),(-228.488189697266,-177.815216064453,0.),(-227.266204833984,-181.,0.),(-225.976989746094,-184.161499023438,0.),(-224.626022338867,-187.296356201172,0.),(-223.218795776367,-190.404388427734,0.),(-221.760833740234,-193.484634399414,0.),(-220.083038330078,-196.8779296875,0.),(-218.348083496094,-200.235061645508,0.),(-216.555526733398,-203.55436706543,0.),(-214.704849243164,-206.834167480469,0.),(-212.795562744141,-210.072799682617,0.),(-210.827194213867,-213.268615722656,0.),(-208.799255371094,-216.419906616211,0.),(-206.711288452148,-219.525024414062,0.),(-204.562774658203,-222.582321166992,0.),(-202.353240966797,-225.590087890625,0.),(-200.082214355469,-228.546661376953,0.),(-197.749237060547,-231.450408935547,0.),(-195.340637207031,-234.299438476562,0.),(-192.870391845703,-237.092498779297,0.),(-190.34001159668,-239.828170776367,0.),(-187.750991821289,-242.505020141602,0.),(-185.104797363281,-245.121597290039,0.),(-182.402938842773,-247.676483154297,0.),(-179.646926879883,-250.168228149414,0.),(-176.838256835938,-252.59538269043,0.),(-173.978408813477,-254.956527709961,0.),(-171.068893432617,-257.250213623047,0.),(-168.111206054688,-259.474975585938,0.),(-165.106872558594,-261.629455566406,0.),(-162.628311157227,-263.328826904297,0.),(-160.120178222656,-264.982330322266,0.),(-157.583724975586,-266.589935302734,0.),(-155.020172119141,-268.151611328125,0.),(-152.430801391602,-269.667388916016,0.),(-149.816864013672,-271.137237548828,0.),(-147.179580688477,-272.561187744141,0.),(-144.520233154297,-273.939208984375,0.),(-141.840057373047,-275.271301269531,0.),(-139.140319824219,-276.557495117188,0.),(-136.422241210938,-277.797760009766,0.),(-133.687133789062,-279.,0.),(-130.207504272461,-280.455261230469,0.),(-126.702827453613,-281.849029541016,0.),(-123.174575805664,-283.175842285156,0.),(-119.62425994873,-284.43798828125,0.),(-116.053352355957,-285.637969970703,0.),(-112.463356018066,-286.778106689453,0.),(-108.855758666992,-287.86083984375,0.),(-105.232040405273,-288.888519287109,0.),(-101.593704223633,-289.863616943359,0.),(-97.9422378540039,-290.788452148438,0.),(-94.2791213989258,-291.665466308594,0.),(-90.6058502197266,-292.497039794922,0.),(-87.0450286865234,-293.267791748047,0.),(-83.4769058227539,-294.,0.),(-79.9020614624023,-294.680206298828,0.),(-76.3211135864258,-295.321807861328,0.),(-72.7346572875977,-295.920379638672,0.),(-69.1432952880859,-296.475891113281,0.),(-65.5476150512695,-296.988372802734,0.),(-61.9482269287109,-297.457794189453,0.),(-58.3457221984863,-297.884155273438,0.),(-54.7407073974609,-298.267425537109,0.),(-51.1337738037109,-298.607666015625,0.),(-47.5255279541016,-298.90478515625,0.),(-45.5445365905762,-299.052764892578,0.),(-43.5636405944824,-299.187316894531,0.),(-41.5828895568848,-299.309478759766,0.),(-39.6023330688477,-299.420135498047,0.),(-37.6220321655273,-299.520263671875,0.),(-35.642032623291,-299.610870361328,0.),(-33.6623916625977,-299.692840576172,0.),(-31.6831645965576,-299.767181396484,0.),(-29.7043972015381,-299.834838867188,0.),(-27.7261486053467,-299.896759033203,0.),(-25.7484683990479,-299.953887939453,0.),(-23.7714061737061,-300.,0.),(23.7187118530273,-300.,0.),(25.7075996398926,-299.953887939453,0.),(27.6950531005859,-299.896759033203,0.),(29.6810684204102,-299.834838867188,0.),(31.6656436920166,-299.767181396484,0.),(33.6487770080566,-299.692840576172,0.),(35.6304588317871,-299.610870361328,0.),(37.6106948852539,-299.520263671875,0.),(39.5894737243652,-299.420135498047,0.),(41.5667991638184,-299.309478759766,0.),(43.5426635742188,-299.187377929688,0.),(45.5170631408691,-299.052825927734,0.),(47.4899940490723,-298.904846191406,0.),(51.1066627502441,-298.607727050781,0.),(54.7211494445801,-298.267486572266,0.),(58.3327255249023,-297.884216308594,0.),(61.9407005310059,-297.457855224609,0.),(65.5443420410156,-296.988433837891,0.),(69.142936706543,-296.475952148438,0.),(72.7357635498047,-295.920440673828,0.),(76.3221130371094,-295.321868896484,0.),(79.9012756347656,-294.680267333984,0.),(83.472526550293,-294.,0.),(87.03515625,-293.267852783203,0.),(90.5884475708008,-292.497100830078,0.),(94.2622146606445,-291.66552734375,0.),(97.927131652832,-290.788513183594,0.),(101.581535339355,-289.863647460938,0.),(105.223754882812,-288.888580322266,0.),(108.852104187012,-287.860900878906,0.),(112.464904785156,-286.778167724609,0.),(116.060485839844,-285.638031005859,0.),(119.637153625488,-284.438049316406,0.),(123.193244934082,-283.175903320312,0.),(126.727066040039,-281.849151611328,0.),(130.236968994141,-280.455352783203,0.),(133.721221923828,-279.,0.),(136.451217651367,-277.7978515625,0.),(139.163146972656,-276.5576171875,0.),(141.856185913086,-275.271423339844,0.),(144.529510498047,-273.939331054688,0.),(147.182281494141,-272.561309814453,0.),(149.813659667969,-271.137329101562,0.),(152.422821044922,-269.66748046875,0.),(155.,-268.151702880859,0.),(157.571060180664,-266.590057373047,0.),(160.108474731445,-264.982452392578,0.),(162.620300292969,-263.328948974609,0.),(165.105712890625,-261.629577636719,0.),(168.106994628906,-259.475158691406,0.),(171.063293457031,-257.250366210938,0.),(173.972702026367,-254.956680297852,0.),(176.833297729492,-252.59553527832,0.),(179.643142700195,-250.168365478516,0.),(182.400344848633,-247.676635742188,0.),(185.103012084961,-245.12174987793,0.),(187.749176025391,-242.505187988281,0.),(190.336975097656,-239.828338623047,0.),(192.864471435547,-237.092666625977,0.),(195.329742431641,-234.299606323242,0.),(197.730911254883,-231.450576782227,0.),(200.067886352539,-228.546829223633,0.),(202.342178344727,-225.590255737305,0.),(204.554275512695,-222.582473754883,0.),(206.704681396484,-219.525192260742,0.),(208.793838500977,-216.420074462891,0.),(210.822250366211,-213.268783569336,0.),(212.790374755859,-210.072967529297,0.),(214.698684692383,-206.834335327148,0.),(216.54768371582,-203.554550170898,0.),(218.337844848633,-200.235229492188,0.),(220.069610595703,-196.87809753418,0.),(221.74348449707,-193.484802246094,0.),(223.202239990234,-190.404556274414,0.),(224.612014770508,-187.296508789062,0.),(225.966781616211,-184.161666870117,0.),(227.260559082031,-181.,0.),(228.487380981445,-177.815383911133,0.),(229.641235351562,-174.605880737305,0.),(230.716156005859,-171.373397827148,0.),(231.706161499023,-168.118911743164,0.),(232.605255126953,-164.843383789062,0.),(233.407455444336,-161.547775268555,0.),(234.106796264648,-158.233016967773,0.),(234.697265625,-154.900115966797,0.),(235.041717529297,-152.597763061523,0.),(235.337371826172,-150.250503540039,0.),(235.588531494141,-147.824768066406,0.),(235.799530029297,-145.287078857422,0.),(235.974624633789,-142.603912353516,0.),(236.118148803711,-139.741790771484,0.),(236.234390258789,-136.667221069336,0.),(236.327651977539,-133.346694946289,0.),(236.402236938477,-129.74674987793,0.),(236.462448120117,-125.833847045898,0.),(236.512588500977,-121.574523925781,0.),(236.556945800781,-116.935279846191,0.),(235.634048461914,-116.95384979248,0.),(234.70849609375,-116.975082397461,0.),(233.780517578125,-117.,0.),(232.850387573242,-117.024536132812,0.),(231.918334960938,-117.052268981934,0.),(230.984619140625,-117.081672668457,0.),(230.049468994141,-117.112510681152,0.),(229.11311340332,-117.14453125,0.),(228.175842285156,-117.17749786377,0.),(227.237854003906,-117.211151123047,0.),(226.299423217773,-117.245262145996,0.),(225.360809326172,-117.279556274414,0.),(223.288070678711,-117.367660522461,0.),(221.207183837891,-117.450759887695,0.),(219.122970581055,-117.515205383301,0.),(217.040191650391,-117.547355651855,0.),(214.963638305664,-117.533592224121,0.),(212.898101806641,-117.460273742676,0.),(210.848358154297,-117.313758850098,0.),(208.819183349609,-117.080413818359,0.),(206.815383911133,-116.746597290039,0.),(204.841720581055,-116.298683166504,0.),(202.903015136719,-115.723030090332,0.),(201.,-115.,0.),(199.47004699707,-114.281967163086,0.),(197.971923828125,-113.457481384277,0.),(196.513809204102,-112.53825378418,0.),(195.099853515625,-111.53003692627,0.),(193.734237670898,-110.438583374023,0.),(192.421142578125,-109.26961517334,0.),(191.164749145508,-108.028884887695,0.),(189.969253540039,-106.722137451172,0.),(188.838806152344,-105.355102539062,0.),(187.777618408203,-103.933532714844,0.),(186.789825439453,-102.463165283203,0.),(185.879653930664,-100.949775695801,0.),(185.033874511719,-99.3814163208008,0.),(184.266830444336,-97.7788238525391,0.),(183.572525024414,-96.1451034545898,0.),(182.944976806641,-94.4833679199219,0.),(182.378219604492,-92.7967300415039,0.),(181.866271972656,-91.0883026123047,0.),(181.403137207031,-89.361198425293,0.),(180.982818603516,-87.6185302734375,0.),(180.599349975586,-85.8634185791016,0.),(180.246765136719,-84.0989608764648,0.),(179.919052124023,-82.3282775878906,0.),(179.610229492188,-80.5544967651367,0.),(178.747467041016,-75.0569000244141,0.),(178.,-69.5542678833008,0.),(177.376541137695,-64.0473098754883,0.),(176.834686279297,-58.5367622375488,0.),(176.366027832031,-53.0233383178711,0.),(175.953720092773,-47.5077629089355,0.),(175.580902099609,-42.,0.),(175.230667114258,-36.4730453491211,0.),(174.886184692383,-30.9553451538086,0.),(174.530578613281,-25.4383792877197,0.),(174.14697265625,-19.9228706359863,0.),(173.71842956543,-14.4095516204834,0.),(173.326019287109,-9.81055736541748,0.),(172.886825561523,-5.21350908279419,0.),(172.397125244141,-0.620315432548523,0.),(171.853240966797,3.967116355896,0.),(171.251434326172,8.54687881469727,0.),(170.588027954102,13.1170654296875,0.),(169.859283447266,17.6757678985596,0.),(169.0615234375,22.2210826873779,0.),(168.190994262695,26.7510967254639,0.),(167.244003295898,31.2639045715332,0.),(166.216873168945,35.7575988769531,0.),(165.105819702148,40.2302665710449,0.),(164.346649169922,43.0677452087402,0.),(163.548614501953,45.8942070007324,0.),(162.708755493164,48.7072677612305,0.),(161.82405090332,51.5045318603516,0.),(160.891525268555,54.2836112976074,0.),(159.908172607422,57.0421142578125,0.),(158.870986938477,59.7776489257812,0.),(157.776992797852,62.4878234863281,0.),(156.623199462891,65.1702499389648,0.),(155.40657043457,67.8225402832031,0.),(154.124130249023,70.4423065185547,0.),(152.772918701172,73.0271301269531,0.),(151.377807617188,75.5416259765625,0.),(149.915084838867,78.0185623168945,0.),(148.386108398438,80.4548187255859,0.),(146.792175292969,82.8472900390625,0.),(145.134628295898,85.1928634643555,0.),(143.414749145508,87.4884185791016,0.),(141.633880615234,89.730842590332,0.),(139.793334960938,91.9170227050781,0.),(137.894424438477,94.0438537597656,0.),(135.938491821289,96.1082153320312,0.),(133.926818847656,98.1070098876953,0.),(131.860763549805,100.037101745605,0.),(129.538909912109,102.061866760254,0.),(127.158218383789,104.,0.),(124.722969055176,105.871162414551,0.),(122.237457275391,107.66478729248,0.),(119.706016540527,109.390464782715,0.),(117.132949829102,111.052742004395,0.),(114.522560119629,112.656173706055,0.),(111.879180908203,114.205291748047,0.),(109.207107543945,115.70467376709,0.),(106.51065826416,117.158843994141,0.),(103.794136047363,118.572372436523,0.),(101.061866760254,119.949829101562,0.),(98.61083984375,121.160972595215,0.),(96.1494979858398,122.346481323242,0.),(93.6775970458984,123.503746032715,0.),(91.1949081420898,124.63011932373,0.),(88.7012023925781,125.722969055176,0.),(86.1962356567383,126.779685974121,0.),(83.6797866821289,127.797645568848,0.),(81.1516265869141,128.774200439453,0.),(78.6115112304688,129.706756591797,0.),(76.0592193603516,130.592666625977,0.),(73.4945220947266,131.429306030273,0.),(70.9171752929688,132.214096069336,0.),(67.5564270019531,133.136276245117,0.),(64.175910949707,133.975952148438,0.),(60.777416229248,134.736663818359,0.),(57.3627471923828,135.422027587891,0.),(53.933708190918,136.035614013672,0.),(50.4920997619629,136.580993652344,0.),(47.0397186279297,137.061767578125,0.),(43.5783729553223,137.481521606445,0.),(40.10986328125,137.843811035156,0.),(36.6359901428223,138.152252197266,0.),(33.1585502624512,138.410415649414,0.),(29.6793537139893,138.621841430664,0.),(29.1805400848389,138.640579223633,0.),(28.682918548584,138.661666870117,0.),(28.1862411499023,138.684631347656,0.),(27.6902713775635,138.708984375,0.),(27.1947650909424,138.734268188477,0.),(26.6994800567627,138.760009765625,0.),(26.2041759490967,138.785720825195,0.),(25.7086086273193,138.810958862305,0.),(25.2125377655029,138.835220336914,0.),(24.7157230377197,138.858032226562,0.),(24.2179203033447,138.878936767578,0.),(23.7188892364502,138.8974609375,0.),(-23.7712287902832,138.897491455078,0.),(-24.2578544616699,138.878967285156,0.),(-24.7446060180664,138.858062744141,0.),(-25.231595993042,138.835250854492,0.),(-25.7189445495605,138.810989379883,0.),(-26.2067699432373,138.785751342773,0.),(-26.6951904296875,138.760040283203,0.),(-27.184326171875,138.734298706055,0.),(-27.6742973327637,138.709014892578,0.),(-28.1652221679688,138.684646606445,0.),(-28.6572189331055,138.661697387695,0.),(-29.1504077911377,138.640609741211,0.),(-29.6449089050293,138.621871948242,0.),(-33.1256217956543,138.410446166992,0.),(-36.6067199707031,138.152282714844,0.),(-40.0857429504395,137.843841552734,0.),(-43.560245513916,137.481552124023,0.),(-47.0277824401855,137.061798095703,0.),(-50.4859046936035,136.581024169922,0.),(-53.9321632385254,136.03564453125,0.),(-57.3641166687012,135.422058105469,0.),(-60.7793159484863,134.736694335938,0.),(-64.1753158569336,133.976013183594,0.),(-67.5496597290039,133.136337280273,0.),(-70.8999099731445,132.214157104492,0.),(-73.4846954345703,131.429428100586,0.),(-76.054443359375,130.5927734375,0.),(-78.6099319458008,129.706848144531,0.),(-81.1519470214844,128.774291992188,0.),(-83.6812515258789,127.797714233398,0.),(-86.1986312866211,126.779762268066,0.),(-88.7048645019531,125.723045349121,0.),(-91.2007369995117,124.630195617676,0.),(-93.6870193481445,123.50382232666,0.),(-96.1644821166992,122.346572875977,0.),(-98.633918762207,121.161056518555,0.),(-101.096099853516,119.949913024902,0.),(-103.824913024902,118.572463989258,0.),(-106.538986206055,117.158935546875,0.),(-109.233535766602,115.704765319824,0.),(-111.903861999512,114.205383300781,0.),(-114.545211791992,112.656257629395,0.),(-117.152862548828,111.052841186523,0.),(-119.722091674805,109.390563964844,0.),(-122.248168945312,107.664894104004,0.),(-124.726356506348,105.871269226074,0.),(-127.151947021484,104.,0.),(-129.52018737793,102.061973571777,0.),(-131.826370239258,100.037208557129,0.),(-133.904495239258,98.1071166992188,0.),(-135.926223754883,96.1083374023438,0.),(-137.890518188477,94.0439758300781,0.),(-139.796264648438,91.9171447753906,0.),(-141.642425537109,89.73095703125,0.),(-143.427932739258,87.4885330200195,0.),(-145.151718139648,85.192985534668,0.),(-146.812683105469,82.847412109375,0.),(-148.409790039062,80.4549407958984,0.),(-149.941955566406,78.018684387207,0.),(-151.408111572266,75.541748046875,0.),(-152.807205200195,73.0272521972656,0.),(-154.150573730469,70.4424209594727,0.),(-155.426483154297,67.8226699829102,0.),(-156.637802124023,65.1703796386719,0.),(-157.787399291992,62.4879493713379,0.),(-158.878158569336,59.777774810791,0.),(-159.91291809082,57.0422439575195,0.),(-160.894577026367,54.2837409973145,0.),(-161.82600402832,51.5046653747559,0.),(-162.710067749023,48.7074012756348,0.),(-163.549621582031,45.8943405151367,0.),(-164.347564697266,43.0678787231445,0.),(-165.10676574707,40.2304000854492,0.),(-166.224472045898,35.7577247619629,0.),(-167.255340576172,31.2640323638916,0.),(-168.203704833984,26.7512226104736,0.),(-169.073867797852,22.2212066650391,0.),(-169.870162963867,17.6758937835693,0.),(-170.59684753418,13.1171875,0.),(-171.258239746094,8.54699802398682,0.),(-171.858642578125,3.96723246574402,0.),(-172.402359008789,-0.620201945304871,0.),(-172.893737792969,-5.21339750289917,0.),(-173.337036132812,-9.81044673919678,0.),(-173.736557006836,-14.409441947937,0.),(-174.15364074707,-19.9227638244629,0.),(-174.529098510742,-25.4382705688477,0.),(-174.879196166992,-30.9552345275879,0.),(-175.220352172852,-36.4729347229004,0.),(-175.568923950195,-42.,0.),(-175.941329956055,-47.5076484680176,0.),(-176.353912353516,-53.0232200622559,0.),(-176.82307434082,-58.5366439819336,0.),(-177.365203857422,-64.0471878051758,0.),(-178.,-69.5541305541992,0.),(-178.733825683594,-75.0567626953125,0.),(-179.59309387207,-80.5543594360352,0.),(-179.898635864258,-82.3281478881836,0.),(-180.224914550781,-84.0988235473633,0.),(-180.577545166016,-85.86328125,0.),(-180.962112426758,-87.6184005737305,0.),(-181.384262084961,-89.3610687255859,0.),(-181.849609375,-91.0881729125977,0.),(-182.36376953125,-92.7966003417969,0.),(-182.932373046875,-94.4832382202148,0.),(-183.561019897461,-96.1449661254883,0.),(-184.255355834961,-97.7786865234375,0.),(-185.020980834961,-99.3812866210938,0.),(-185.863510131836,-100.949638366699,0.),(-186.777465820312,-102.463035583496,0.),(-187.768447875977,-103.933395385742,0.),(-188.832473754883,-105.354965209961,0.),(-189.965393066406,-106.72200012207,0.),(-191.163162231445,-108.028747558594,0.),(-192.42170715332,-109.269477844238,0.),(-193.736953735352,-110.438446044922,0.),(-195.104843139648,-111.529907226562,0.),(-196.521286010742,-112.538116455078,0.),(-197.982208251953,-113.457328796387,0.),(-199.483551025391,-114.28182220459,0.),(-201.021224975586,-115.,0.),(-202.916610717773,-115.722885131836,0.),(-204.852920532227,-116.298538208008,0.),(-206.825103759766,-116.746452331543,0.),(-208.828140258789,-117.080268859863,0.),(-210.857040405273,-117.313613891602,0.),(-212.906753540039,-117.46012878418,0.),(-214.972259521484,-117.53343963623,0.),(-217.048538208008,-117.547210693359,0.),(-219.130569458008,-117.515045166016,0.),(-221.213317871094,-117.45059967041,0.),(-223.291778564453,-117.367492675781,0.),(-225.360900878906,-117.279388427734,0.),(-226.302673339844,-117.245094299316,0.),(-227.241943359375,-117.210983276367,0.),(-228.17903137207,-117.17733001709,0.),(-229.114303588867,-117.144371032715,0.),(-230.048141479492,-117.112350463867,0.),(-230.980895996094,-117.081512451172,0.),(-231.912933349609,-117.052101135254,0.),(-232.844619750977,-117.024368286133,0.),(-233.776321411133,-117.,0.),(-234.708404541016,-116.974922180176,0.),(-235.641235351562,-116.953689575195,0.),(235.634048461914,-116.95384979248,0.),(234.70849609375,-116.975082397461,0.),(233.780517578125,-117.,0.),(232.850387573242,-117.024536132812,0.),(231.918334960938,-117.052268981934,0.),(230.984619140625,-117.081672668457,0.),(230.049468994141,-117.112510681152,0.),(229.11311340332,-117.14453125,0.),(228.175842285156,-117.17749786377,0.),(227.237854003906,-117.211151123047,0.),(226.299423217773,-117.245262145996,0.),(225.360809326172,-117.279556274414,0.),(223.288070678711,-117.367660522461,0.),(221.207183837891,-117.450759887695,0.),(219.122970581055,-117.515205383301,0.),(217.040191650391,-117.547355651855,0.),(214.963638305664,-117.533592224121,0.),(212.898101806641,-117.460273742676,0.),(210.848358154297,-117.313758850098,0.),(208.819183349609,-117.080413818359,0.),(206.815383911133,-116.746597290039,0.),(204.841720581055,-116.298683166504,0.),(202.903015136719,-115.723030090332,0.),(201.,-115.,0.),(199.47004699707,-114.281967163086,0.),(197.971923828125,-113.457481384277,0.),(196.513809204102,-112.53825378418,0.),(195.099853515625,-111.53003692627,0.),(193.734237670898,-110.438583374023,0.),(192.421142578125,-109.26961517334,0.),(191.164749145508,-108.028884887695,0.),(189.969253540039,-106.722137451172,0.),(188.838806152344,-105.355102539062,0.),(187.777618408203,-103.933532714844,0.),(186.789825439453,-102.463165283203,0.),(185.879653930664,-100.949775695801,0.),(185.033874511719,-99.3814163208008,0.),(184.266830444336,-97.7788238525391,0.),(183.572525024414,-96.1451034545898,0.),(182.944976806641,-94.4833679199219,0.),(182.378219604492,-92.7967300415039,0.),(181.866271972656,-91.0883026123047,0.),(181.403137207031,-89.361198425293,0.),(180.982818603516,-87.6185302734375,0.),(180.599349975586,-85.8634185791016,0.),(180.246765136719,-84.0989608764648,0.),(179.919052124023,-82.3282775878906,0.),(179.610229492188,-80.5544967651367,0.),(178.747467041016,-75.0569000244141,0.),(178.,-69.5542678833008,0.),(177.376541137695,-64.0473098754883,0.),(176.834686279297,-58.5367622375488,0.),(176.366027832031,-53.0233383178711,0.),(175.953720092773,-47.5077629089355,0.),(175.580902099609,-42.,0.),(175.230667114258,-36.4730453491211,0.),(174.886184692383,-30.9553451538086,0.),(174.530578613281,-25.4383792877197,0.),(174.14697265625,-19.9228706359863,0.),(173.71842956543,-14.4095516204834,0.),(173.326019287109,-9.81055736541748,0.),(172.886825561523,-5.21350908279419,0.),(172.397125244141,-0.620315432548523,0.),(171.853240966797,3.967116355896,0.),(171.251434326172,8.54687881469727,0.),(170.588027954102,13.1170654296875,0.),(169.859283447266,17.6757678985596,0.),(169.0615234375,22.2210826873779,0.),(168.190994262695,26.7510967254639,0.),(167.244003295898,31.2639045715332,0.),(166.216873168945,35.7575988769531,0.),(165.105819702148,40.2302665710449,0.),(164.346649169922,43.0677452087402,0.),(163.548614501953,45.8942070007324,0.),(162.708755493164,48.7072677612305,0.),(161.82405090332,51.5045318603516,0.),(160.891525268555,54.2836112976074,0.),(159.908172607422,57.0421142578125,0.),(158.870986938477,59.7776489257812,0.),(157.776992797852,62.4878234863281,0.),(156.623199462891,65.1702499389648,0.),(155.40657043457,67.8225402832031,0.),(154.124130249023,70.4423065185547,0.),(152.772918701172,73.0271301269531,0.),(151.377807617188,75.5416259765625,0.),(149.915084838867,78.0185623168945,0.),(148.386108398438,80.4548187255859,0.),(146.792175292969,82.8472900390625,0.),(145.134628295898,85.1928634643555,0.),(143.414749145508,87.4884185791016,0.),(141.633880615234,89.730842590332,0.),(139.793334960938,91.9170227050781,0.),(137.894424438477,94.0438537597656,0.),(135.938491821289,96.1082153320312,0.),(133.926818847656,98.1070098876953,0.),(131.860763549805,100.037101745605,0.),(129.538909912109,102.061866760254,0.),(127.158218383789,104.,0.),(124.722969055176,105.871162414551,0.),(122.237457275391,107.66478729248,0.),(119.706016540527,109.390464782715,0.),(117.132949829102,111.052742004395,0.),(114.522560119629,112.656173706055,0.),(111.879180908203,114.205291748047,0.),(109.207107543945,115.70467376709,0.),(106.51065826416,117.158843994141,0.),(103.794136047363,118.572372436523,0.),(101.061866760254,119.949829101562,0.),(98.61083984375,121.160972595215,0.),(96.1494979858398,122.346481323242,0.),(93.6775970458984,123.503746032715,0.),(91.1949081420898,124.63011932373,0.),(88.7012023925781,125.722969055176,0.),(86.1962356567383,126.779685974121,0.),(83.6797866821289,127.797645568848,0.),(81.1516265869141,128.774200439453,0.),(78.6115112304688,129.706756591797,0.),(76.0592193603516,130.592666625977,0.),(73.4945220947266,131.429306030273,0.),(70.9171752929688,132.214096069336,0.),(67.5564270019531,133.136276245117,0.),(64.175910949707,133.975952148438,0.),(60.777416229248,134.736663818359,0.),(57.3627471923828,135.422027587891,0.),(53.933708190918,136.035614013672,0.),(50.4920997619629,136.580993652344,0.),(47.0397186279297,137.061767578125,0.),(43.5783729553223,137.481521606445,0.),(40.10986328125,137.843811035156,0.),(36.6359901428223,138.152252197266,0.),(33.1585502624512,138.410415649414,0.),(29.6793537139893,138.621841430664,0.),(29.1805400848389,138.640579223633,0.),(28.682918548584,138.661666870117,0.),(28.1862411499023,138.684631347656,0.),(27.6902713775635,138.708984375,0.),(27.1947650909424,138.734268188477,0.),(26.6994800567627,138.760009765625,0.),(26.2041759490967,138.785720825195,0.),(25.7086086273193,138.810958862305,0.),(25.2125377655029,138.835220336914,0.),(24.7157230377197,138.858032226562,0.),(24.2179203033447,138.878936767578,0.),(-236.575180053711,-116.935111999512,0.),(-238.505523681641,-110.854721069336,0.),(-240.440979003906,-104.775764465332,0.),(-242.385848999023,-98.6996917724609,0.),(-244.344543457031,-92.6279220581055,0.),(-246.321426391602,-86.561897277832,0.),(-248.320831298828,-80.5030822753906,0.),(-250.347152709961,-74.4528732299805,0.),(-252.404739379883,-68.412727355957,0.),(-254.497940063477,-62.3840789794922,0.),(-256.631134033203,-56.3683586120605,0.),(-258.808685302734,-50.367015838623,0.),(-261.034973144531,-44.3814811706543,0.),(-262.321258544922,-41.,0.),(-263.617553710938,-37.6057777404785,0.),(-264.917449951172,-34.2226905822754,0.),(-266.214447021484,-30.8395881652832,0.),(-267.502075195312,-27.4540920257568,0.),(-268.77392578125,-24.0638084411621,0.),(-270.023468017578,-20.666353225708,0.),(-271.244293212891,-17.2593383789062,0.),(-272.429931640625,-13.8403749465942,0.),(-273.573913574219,-10.4070777893066,0.),(-274.669769287109,-6.95705699920654,0.),(-275.711059570312,-3.48792314529419,0.),(-276.651458740234,-0.162837341427803,0.),(-277.535675048828,3.17993450164795,0.),(-278.364837646484,6.53944206237793,0.),(-279.140167236328,9.91473484039307,0.),(-279.862854003906,13.3048620223999,0.),(-280.534149169922,16.7088756561279,0.),(-281.155151367188,20.1258220672607,0.),(-281.727111816406,23.5547523498535,0.),(-282.251220703125,27.,0.),(-282.728668212891,30.4447612762451,0.),(-283.16064453125,33.9039421081543,0.),(-283.548309326172,37.3712997436523,0.),(-284.215209960938,44.731575012207,0.),(-284.680572509766,52.1134834289551,0.),(-284.941802978516,59.5085372924805,0.),(-285.,66.9082489013672,0.),(-284.841430664062,74.3041381835938,0.),(-284.474578857422,81.6877059936523,0.),(-283.893096923828,89.0504760742188,0.),(-283.094390869141,96.3839569091797,0.),(-282.075775146484,103.679656982422,0.),(-280.834716796875,110.929100036621,0.),(-279.368530273438,118.12378692627,0.),(-277.674591064453,125.255249023438,0.),(-275.945068359375,131.650482177734,0.),(-274.033355712891,137.985366821289,0.),(-271.946136474609,144.259140014648,0.),(-269.690063476562,150.470962524414,0.),(-267.271759033203,156.6201171875,0.),(-264.697845458984,162.705795288086,0.),(-261.974975585938,168.72721862793,0.),(-259.109802246094,174.683624267578,0.),(-256.108947753906,180.574203491211,0.),(-252.979080200195,186.398178100586,0.),(-249.726806640625,192.15478515625,0.),(-246.358764648438,197.843200683594,0.),(-243.954956054688,201.743896484375,0.),(-241.495330810547,205.604354858398,0.),(-238.976486206055,209.418853759766,0.),(-236.394989013672,213.181655883789,0.),(-233.747451782227,216.887023925781,0.),(-231.030487060547,220.529220581055,0.),(-228.240646362305,224.102508544922,0.),(-225.374542236328,227.601165771484,0.),(-222.428756713867,231.019439697266,0.),(-219.39990234375,234.351623535156,0.),(-216.284561157227,237.591949462891,0.),(-213.079345703125,240.734710693359,0.),(-209.866104125977,243.708602905273,0.),(-206.568695068359,246.585098266602,0.),(-203.191864013672,249.365905761719,0.),(-199.74040222168,252.052658081055,0.),(-196.21907043457,254.647033691406,0.),(-192.632675170898,257.150756835938,0.),(-188.985977172852,259.565460205078,0.),(-185.283752441406,261.892822265625,0.),(-181.530792236328,264.134521484375,0.),(-177.731857299805,266.292236328125,0.),(-173.891738891602,268.367645263672,0.),(-170.015228271484,270.362487792969,0.),(-165.011337280273,272.813110351562,0.),(-159.958099365234,275.136566162109,0.),(-154.858428955078,277.3349609375,0.),(-149.715377807617,279.410308837891,0.),(-144.531890869141,281.364593505859,0.),(-139.310943603516,283.199890136719,0.),(-134.055557250977,284.918212890625,0.),(-128.76872253418,286.521545410156,0.),(-123.453392028809,288.011932373047,0.),(-118.112579345703,289.391448974609,0.),(-112.749267578125,290.662078857422,0.),(-107.366439819336,291.825836181641,0.),(-103.731704711914,292.555114746094,0.),(-100.088249206543,293.237152099609,0.),(-96.4367523193359,293.874328613281,0.),(-92.7778701782227,294.468963623047,0.),(-89.1122741699219,295.023406982422,0.),(-85.4406280517578,295.539947509766,0.),(-81.7636032104492,296.02099609375,0.),(-78.0818557739258,296.468872070312,0.),(-74.3960571289062,296.885864257812,0.),(-70.7068710327148,297.274353027344,0.),(-67.0149612426758,297.636688232422,0.),(-63.3209915161133,297.975128173828,0.),(-60.0301322937012,298.258514404297,0.),(-56.7380027770996,298.522796630859,0.),(-53.4447021484375,298.767425537109,0.),(-50.1503562927246,299.,0.),(-46.8550643920898,299.195983886719,0.),(-43.5589447021484,299.378936767578,0.),(-40.2621116638184,299.540313720703,0.),(-36.9646759033203,299.679718017578,0.),(-33.6667518615723,299.796600341797,0.),(-30.3684482574463,299.890472412109,0.),(-27.0698795318604,299.9609375,0.),(-23.7711639404297,300.,0.),(23.7189540863037,300.,0.),(27.0255832672119,299.9609375,0.),(30.3307762145996,299.890472412109,0.),(33.6345252990723,299.796600341797,0.),(36.9368476867676,299.679718017578,0.),(40.237720489502,299.540313720703,0.),(43.5371398925781,299.378875732422,0.),(46.8351135253906,299.195922851562,0.),(50.1316337585449,299.,0.),(53.426700592041,298.767364501953,0.),(56.7203025817871,298.522735595703,0.),(60.0124435424805,298.258483886719,0.),(63.303108215332,297.975067138672,0.),(67.,297.636657714844,0.),(70.6871795654297,297.274291992188,0.),(74.3745651245117,296.885803222656,0.),(78.058708190918,296.468811035156,0.),(81.7394866943359,296.020935058594,0.),(85.4167861938477,295.539886474609,0.),(89.0904922485352,295.023345947266,0.),(92.7604827880859,294.468902587891,0.),(96.426643371582,293.874267578125,0.),(100.0888671875,293.237091064453,0.),(103.747024536133,292.555053710938,0.),(107.401008605957,291.825775146484,0.),(112.783477783203,290.662017822266,0.),(118.145721435547,289.391387939453,0.),(123.484748840332,288.011871337891,0.),(128.797576904297,286.521423339844,0.),(134.081192016602,284.918090820312,0.),(139.332641601562,283.199768066406,0.),(144.548934936523,281.364501953125,0.),(149.72705078125,279.410186767578,0.),(154.864028930664,277.334869384766,0.),(159.956893920898,275.136444091797,0.),(165.,272.81298828125,0.),(170.,270.362365722656,0.),(173.87532043457,268.367645263672,0.),(177.717163085938,266.292205810547,0.),(181.518844604492,264.134460449219,0.),(185.275329589844,261.892730712891,0.),(188.981567382812,259.565338134766,0.),(192.632568359375,257.150634765625,0.),(196.223281860352,254.646911621094,0.),(199.748687744141,252.052505493164,0.),(203.203750610352,249.365737915039,0.),(206.583480834961,246.584945678711,0.),(209.882797241211,243.708435058594,0.),(213.096710205078,240.73454284668,0.),(216.297500610352,237.591812133789,0.),(219.408447265625,234.351470947266,0.),(222.433029174805,231.019287109375,0.),(225.374755859375,227.601013183594,0.),(228.237106323242,224.102355957031,0.),(231.023529052734,220.529037475586,0.),(233.737503051758,216.886840820312,0.),(236.382476806641,213.18147277832,0.),(238.9619140625,209.418670654297,0.),(241.479309082031,205.60417175293,0.),(243.938110351562,201.743713378906,0.),(246.341781616211,197.843017578125,0.),(249.713836669922,192.154602050781,0.),(252.970001220703,186.398010253906,0.),(256.103454589844,180.574020385742,0.),(259.107360839844,174.683441162109,0.),(261.974945068359,168.72705078125,0.),(264.699371337891,162.705627441406,0.),(267.273803710938,156.61994934082,0.),(269.691436767578,150.470779418945,0.),(271.945434570312,144.258926391602,0.),(274.028991699219,137.985168457031,0.),(275.935302734375,131.650283813477,0.),(277.657562255859,125.255043029785,0.),(279.359039306641,118.123596191406,0.),(280.830780029297,110.928901672363,0.),(282.075744628906,103.679458618164,0.),(283.096801757812,96.3837509155273,0.),(283.896759033203,89.0502700805664,0.),(284.478576660156,81.6875076293945,0.),(284.845092773438,74.3039398193359,0.),(285.,66.9080505371094,0.),(284.943634033203,59.5083427429199,0.),(284.681427001953,52.1132888793945,0.),(284.215362548828,44.7313804626465,0.),(283.548309326172,37.3711051940918,0.),(283.164184570312,33.9037437438965,0.),(282.734649658203,30.4445629119873,0.),(282.258666992188,27.,0.),(281.735321044922,23.5545539855957,0.),(281.163635253906,20.1256237030029,0.),(280.542694091797,16.7086772918701,0.),(279.871490478516,13.304666519165,0.),(279.149078369141,9.91454029083252,0.),(278.374481201172,6.53924751281738,0.),(277.546783447266,3.1797411441803,0.),(276.665008544922,-0.163029864430428,0.),(275.728179931641,-3.48811483383179,0.),(274.68212890625,-6.95724630355835,0.),(273.581146240234,-10.407265663147,0.),(272.432067871094,-13.8405628204346,0.),(271.241729736328,-17.2595233917236,0.),(270.016998291016,-20.6665382385254,0.),(268.764587402344,-24.0639934539795,0.),(267.491424560547,-27.4542751312256,0.),(266.204254150391,-30.839771270752,0.),(264.909912109375,-34.2228698730469,0.),(263.615234375,-37.60595703125,0.),(262.327026367188,-41.,0.),(261.052093505859,-44.3816604614258,0.),(258.814117431641,-50.3671836853027,0.),(256.62744140625,-56.3685302734375,0.),(254.487411499023,-62.3842430114746,0.),(252.389389038086,-68.4128952026367,0.),(250.328674316406,-74.4530410766602,0.),(248.300628662109,-80.5032501220703,0.),(246.300582885742,-86.5620803833008,0.),(244.323867797852,-92.6281051635742,0.),(242.365814208984,-98.6998672485352,0.),(240.421737670898,-104.775947570801,0.),(238.487014770508,-110.854888916016,0.),(236.556945800781,-116.935279846191,0.),(195.043518066406,-79.3833847045898,0.),(226.910568237305,14.8739490509033,0.),(-195.044555664062,-79.3832473754883,0.),(-226.911529541016,14.8741016387939,0.)));
#7635=IFCINDEXEDPOLYGONALFACE((1,482,481,480,479,478,477,476,475,474,473,472,471,470,469,468,467,466,465,464,463,462,461,460,459,458,457,456,455,454,453,452,451,450,449,448,447,446,445,444,443,442,441,440,439,438,437,436,435,434,433,432,431,430,429,428,427,426,425,424,423,422,421,420,419,418,417,416,415,414,413,412,411,410,409,408,407,406,405,404,403,402,401,400,399,398,397,396,395,394,393,392,391,390,389,388,387,386,385,384,383,382,381,380,379,378,377,376,375,374,373,372,371,370,369,368,367,366,365,364,363,362,361,360,359,358,357,356,355,354,353,352,351,350,349,348,347,346,345,344,343,342,341,340,339,338,337,336,335,334,333,332,331,330,329,328,327,326,325,324,323,322,321,320,319,318,317,316,315,314,313,312,311,310,309,308,307,306,305,304,303,302,301,300,299,298,297,296,295,294,293,292,291,290,289,288,287,286,285,284,283,282,281,280,279,278,277,276,275,274,273,272,271,270,269,268,267,266,265,264,263,262,261,260,259,258,257,256,255,254,253,252,251,250,249,248,247,246,245,244,243,242,241,240,239,238,237,236,235,234,233,232,231,230,229,228,227,226,225,224,223,222,221,220,219,218,217,216,215,214,213,212,211,210,209,208,207,206,205,204,203,202,201,200,199,198,197,196,195,194,193,192,191,190,189,188,187,186,185,184,183,182,181,180,179,178,177,176,175,174,173,172,171,170,169,168,167,166,165,164,163,162,161,160,159,158,157,156,155,154,153,152,151,150,149,148,147,146,145,144,143,142,141,140,139,138,137,136,135,134,133,132,131,130,129,128,127,126,125,124,123,122,121,120,119,118,117,116,115,114,113,112,111,110,109,108,107,106,105,104,103,102,101,100,99,98,97,96,95,94,93,92,91,90,89,88,87,86,85,84,83,82,81,80,79,78,77,76,75,74,73,72,71,70,69,68,67,66,65,64,63,62,61,60,59,58,57,56,55,54,53,52,51,50,49,48,47,46,45,44,43,42,41,40,39,38,37,36,35,34,33,32,31,30,29,28,27,26,25,24,23,22,21,20,19,18,17,16,15,14,13,12,11,10,9,8,7,6,5,4,3,2));
#7636=IFCPOLYGONALFACESET(#7634,.F.,(#7635),$);
#7637=IFCINDEXEDPOLYGONALFACE((483,484,485,486,487,488,489,490,491,492,493,494,495,496,497,498,499,500,501,502,503,504,505,506,507,508,509,510,511,512,513,514,515,516,517,518,519,520,521,522,523,524,525,526,527,528,529,530,531,532,533,534,535,536,537,538,539,540,541,542,543,544,545,546,547,548,549,550,551,552,553,554,555,556,557,558,559,560,561,562,563,564,565,566,567,568,569,570,571,572,573,574,575,576,577,578,579,580,581,582,583,584,585,586,587,588,589,590,591,592,593,594,595,596,597,598,599,600,601,602,603,604,605,606,607,608,609,610,611,612,613,614,615,616,617,618,619,620,621,622,623,624,625,626,627,771,772,773,774,775,776,777,778,779,780,781,782,783,784,785,786,787,788,789,790,791,792,793,794,795,796,797,798,799,800,801,802,803,804,805,806,807,808,809,810,811,812,813,814,815,816,817,818,819,820,821,822,823,824,825,826,827,828,829,830,831,832,833,834,835,836,837,838,839,840,841,842,843,844,845,846,847,848,849,850,851,852,853,854,855,856,857,858,859,860,861,862,863,864,865,866,867,868,869,870,871,872,873,874,875,876,877,878,879,880,881,882,883,884,885,886,887,888,889,890,891,892,893,894,895,896,897,898,899,900,901,902,903,904,905,906,907,908,909,910,911,912,913,914,915,916,917,918,919,920,921,922,923,924,925,926,927,928,929,930,931,932,933,934,935,936,937,938,939,940,941,942,943,944,945,946,947,948,949,950,951,952,953,954,955,956,957,958,959,960,961,962,963,964,965,966,967,968,969,970,971,972,973,974,975,976,977,978,979,980,981,982,983,984,985,986,987,988,989,990,991,992,993,994,995,996,997,998,999,1000,1001,1002,1003,1004,1005,1006,1007,1008,1009,1010,1011,1012,628,629,630,631,632,633,634,635,636,637,638,639,640,641,642,643,644,645,646,647,648,649,650,651,652,653,654,655,656,657,658,659,660,661,662,663,664,665,666,667,668,669,670,671,672,673,674,675,676,677,678,679,680,681,682,683,684,685,686,687,688,689,690,691,692,693,694,695,696,697,698,699,700,701,702,703,704,705,706,707,708,709,710,711,712,713,714,715,716,717,718,719,720,721,722,723,724,725,726,727,728,729,730,731,732,733,734,735,736,737,738,739,740,741,742,743,744,745,746,747,748,749,750,751,752,753,754,755,756,757,758,759,760,761,762,763,764,765,766,767,768,769,770));
#7638=IFCPOLYGONALFACESET(#7634,.F.,(#7637),$);
#7639=IFCSHAPEREPRESENTATION(#7727,'Body','Tessellation',(#7636,#7638));
#7640=IFCREPRESENTATIONMAP(#7633,#7639);
#7641=IFCDIRECTION((1.,0.,0.));
#7642=IFCDIRECTION((0.,1.,0.));
#7643=IFCCARTESIANPOINT((0.,0.,0.));
#7644=IFCDIRECTION((0.,0.,1.));
#7645=IFCCARTESIANTRANSFORMATIONOPERATOR3D(#7641,#7642,#7643,1.,#7644);
#7646=IFCMAPPEDITEM(#7640,#7645);
#7647=IFCSHAPEREPRESENTATION(#7727,'Body','MappedRepresentation',(#7646));
#7648=IFCPRODUCTDEFINITIONSHAPE($,$,(#7628,#7647));
#7649=IFCFURNITURE('1luHljRzDAhPNXxTDNu7qB',#28,'Furniture',$,$,#7733,#7648,$,$);
#7650=IFCSHAPEASPECT((#7651),'Chair Brass','',$,#7648);
#7651=IFCSHAPEREPRESENTATION(#7728,'Body','Tessellation',(#7619));
#7652=IFCSTYLEDITEM(#7619,(#7657),$);
#7653=IFCCOLOURRGB($,0.800047397613525,0.563774406909943,0.314339339733124);
#7654=IFCCOLOURRGB($,0.800000011920929,0.800000011920929,0.800000011920929);
#7655=IFCSURFACESTYLERENDERING(#7653,0.,#7654,$,$,$,IFCNORMALISEDRATIOMEASURE(0.),IFCSPECULARROUGHNESS(0.5),.NOTDEFINED.);
#7656=IFCEXTERNALLYDEFINEDSURFACESTYLE('Materials.blend','materials/MetalBrassCast005_1K','MetalBrassCast005_1K');
#7657=IFCSURFACESTYLE('MetalBrassCast005_1K',.BOTH.,(#7655,#7656));
#7658=IFCSHAPEASPECT((#7659),'Chair Brass','',$,#7648);
#7659=IFCSHAPEREPRESENTATION(#7728,'Body','Tessellation',(#7235));
#7660=IFCSTYLEDITEM(#7235,(#7657),$);
#7661=IFCSHAPEASPECT((#7662),'Chair Brass','',$,#7648);
#7662=IFCSHAPEREPRESENTATION(#7728,'Body','Tessellation',(#6827));
#7663=IFCSTYLEDITEM(#6827,(#7657),$);
#7664=IFCSHAPEASPECT((#7665),'Chair Brass','',$,#7648);
#7665=IFCSHAPEREPRESENTATION(#7728,'Body','Tessellation',(#6443));
#7666=IFCSTYLEDITEM(#6443,(#7657),$);
#7667=IFCSHAPEASPECT((#7668),'Chair Foot','',$,#7648);
#7668=IFCSHAPEREPRESENTATION(#7728,'Body','Tessellation',(#6037));
#7669=IFCSTYLEDITEM(#6037,(#7673),$);
#7670=IFCCOLOURRGB($,1.,1.,1.);
#7671=IFCSURFACESTYLESHADING(#7670,$);
#7672=IFCEXTERNALLYDEFINEDSURFACESTYLE('Materials.blend','materials/Dark fine wood texture seamless 04236','Dark fine wood texture seamless 04236');
#7673=IFCSURFACESTYLE('Dark fine wood texture seamless 04236',.BOTH.,(#7671,#7672));
#7674=IFCSHAPEASPECT((#7675),'Chair Foot','',$,#7648);
#7675=IFCSHAPEREPRESENTATION(#7728,'Body','Tessellation',(#5383));
#7676=IFCSTYLEDITEM(#5383,(#7673),$);
#7677=IFCSHAPEASPECT((#7678),'Chair Foot','',$,#7648);
#7678=IFCSHAPEREPRESENTATION(#7728,'Body','Tessellation',(#5246));
#7679=IFCSTYLEDITEM(#5246,(#7673),$);
#7680=IFCSHAPEASPECT((#7681),'Chair Foot','',$,#7648);
#7681=IFCSHAPEREPRESENTATION(#7728,'Body','Tessellation',(#5105));
#7682=IFCSTYLEDITEM(#5105,(#7673),$);
#7683=IFCSHAPEASPECT((#7684),'Chair Foot','',$,#7648);
#7684=IFCSHAPEREPRESENTATION(#7728,'Body','Tessellation',(#4968));
#7685=IFCSTYLEDITEM(#4968,(#7673),$);
#7686=IFCSHAPEASPECT((#7687),'Seat Back','',$,#7648);
#7687=IFCSHAPEREPRESENTATION(#7728,'Body','Tessellation',(#4827));
#7688=IFCSTYLEDITEM(#4827,(#7693),$);
#7689=IFCCOLOURRGB($,0.800000011920929,0.800000011920929,0.800000011920929);
#7690=IFCCOLOURRGB($,0.800000011920929,0.800000011920929,0.800000011920929);
#7691=IFCSURFACESTYLERENDERING(#7689,0.,#7690,$,$,$,IFCNORMALISEDRATIOMEASURE(0.),IFCSPECULARROUGHNESS(0.5),.NOTDEFINED.);
#7692=IFCEXTERNALLYDEFINEDSURFACESTYLE('Materials.blend','materials/Bo.HemianRice_1K','Bo.HemianRice_1K');
#7693=IFCSURFACESTYLE('Colette Bo.Hemian Rice',.BOTH.,(#7691,#7692));
#7694=IFCSHAPEASPECT((#7695),'Seat Back','',$,#7648);
#7695=IFCSHAPEREPRESENTATION(#7728,'Body','Tessellation',(#4350));
#7696=IFCSTYLEDITEM(#4350,(#7693),$);
#7697=IFCSHAPEASPECT((#7698),'Seat Back','',$,#7648);
#7698=IFCSHAPEREPRESENTATION(#7728,'Body','Tessellation',(#3641));
#7699=IFCSTYLEDITEM(#3641,(#7693),$);
#7700=IFCSHAPEASPECT((#7701),'Seat Back','',$,#7648);
#7701=IFCSHAPEREPRESENTATION(#7728,'Body','Tessellation',(#2685));
#7702=IFCSTYLEDITEM(#2685,(#7693),$);
#7703=IFCSHAPEASPECT((#7704),'Chair Seat','',$,#7648);
#7704=IFCSHAPEREPRESENTATION(#7728,'Body','Tessellation',(#2051));
#7705=IFCSTYLEDITEM(#2051,(#7709),$);
#7706=IFCEXTERNALLYDEFINEDSURFACESTYLE('Materials.blend','materials/KashmirMyrtille_1K','KashmirMyrtille_1K');
#7707=IFCCOLOURRGB($,0.00696979556232691,0.0327905938029289,0.144694849848747);
#7708=IFCSURFACESTYLESHADING(#7707,$);
#7709=IFCSURFACESTYLE('Kashmir Myrtille',.BOTH.,(#7706,#7708));
#7710=IFCSHAPEASPECT((#7711),'Chair Seat','',$,#7648);
#7711=IFCSHAPEREPRESENTATION(#7728,'Body','Tessellation',(#995));
#7712=IFCSTYLEDITEM(#995,(#7709),$);
#7713=IFCSHAPEASPECT((#7714),'Chair Foot','',$,#7648);
#7714=IFCSHAPEREPRESENTATION(#7728,'Body','Tessellation',(#546));
#7715=IFCSTYLEDITEM(#546,(#7673),$);
#7716=IFCSHAPEASPECT((#7717),'Chair Foot','',$,#7648);
#7717=IFCSHAPEREPRESENTATION(#7728,'Body','Tessellation',(#428));
#7718=IFCSTYLEDITEM(#428,(#7673),$);
#7719=IFCSHAPEASPECT((#7720),'Chair Foot','',$,#7648);
#7720=IFCSHAPEREPRESENTATION(#7728,'Body','Tessellation',(#308));
#7721=IFCSTYLEDITEM(#308,(#7673),$);
#7722=IFCSHAPEASPECT((#7723),'Chair Foot','',$,#7648);
#7723=IFCSHAPEREPRESENTATION(#7728,'Body','Tessellation',(#190));
#7724=IFCSTYLEDITEM(#190,(#7673),$);
#7725=IFCSTYLEDITEM(#7636,(#7709),'Kashmir Myrtille');
#7726=IFCSTYLEDITEM(#7638,(#7693),'Colette Bo.Hemian Rice');
#7727=IFCGEOMETRICREPRESENTATIONSUBCONTEXT('Body','Model',*,*,*,*,#10,$,.PLAN_VIEW.,$);
#7728=IFCGEOMETRICREPRESENTATIONSUBCONTEXT('Body','Model',*,*,*,*,#10,$,.MODEL_VIEW.,$);
#7729=IFCCARTESIANPOINT((-1840.11459350586,-2438.20548057556,0.));
#7730=IFCDIRECTION((0.,0.,1.));
#7731=IFCDIRECTION((0.,1.,0.));
#7732=IFCAXIS2PLACEMENT3D(#7729,#7730,#7731);
#7733=IFCLOCALPLACEMENT($,#7732);
#7734=IFCOWNERHISTORY(#23,#4,.READWRITE.,.MODIFIED.,1771843276,#23,#27,1762154155);
#7735=IFCFURNITURETYPE('1lpAMZua15e9urp1oWIh4P',#7734,'CHA01','Baxter Colette',$,$,(#7621,#7640),$,$,.NOTDEFINED.,.CHAIR.);
#7736=IFCRELASSOCIATESMATERIAL('2XPCHfFlzBQv_czHocpzIr',#7737,$,$,(#7735),#7746);
#7737=IFCOWNERHISTORY(#23,#27,.READWRITE.,.MODIFIED.,1770564388,#23,#27,1770540979);
#7738=IFCMATERIAL('Bo.Hemian Rice',$,'Colette Chair');
#7739=IFCMATERIALCONSTITUENT('Seat Back',$,#7738,$,$);
#7740=IFCMATERIAL('Metal Brass Cast',$,'Colette Chair');
#7741=IFCMATERIALCONSTITUENT('Chair Brass',$,#7740,$,$);
#7742=IFCMATERIAL('Kashmir Myrtille',$,'Colette Chair');
#7743=IFCMATERIALCONSTITUENT('Chair Seat',$,#7742,$,$);
#7744=IFCMATERIAL('Colette Foot',$,'Colette Chair');
#7745=IFCMATERIALCONSTITUENT('Chair Foot',$,#7744,$,$);
#7746=IFCMATERIALCONSTITUENTSET('CHA01',$,(#7739,#7741,#7743,#7745));
#7747=IFCMATERIALDEFINITIONREPRESENTATION($,$,(#7755),#7738);
#7754=IFCSTYLEDITEM($,(#7693),'Colette Bo.Hemian Rice');
#7755=IFCSTYLEDREPRESENTATION(#7728,'Body',$,(#7754));
#7756=IFCMATERIALDEFINITIONREPRESENTATION($,$,(#7758),#7740);
#7757=IFCSTYLEDITEM($,(#7657),'MetalBrassCast005_1K');
#7758=IFCSTYLEDREPRESENTATION(#7728,'Body',$,(#7757));
#7759=IFCMATERIALDEFINITIONREPRESENTATION($,$,(#7761),#7742);
#7760=IFCSTYLEDITEM($,(#7709),'Kashmir Myrtille');
#7761=IFCSTYLEDREPRESENTATION(#7728,'Body',$,(#7760));
#7762=IFCMATERIALDEFINITIONREPRESENTATION($,$,(#7764),#7744);
#7763=IFCSTYLEDITEM($,(#7673),'Dark fine wood texture seamless 04236');
#7764=IFCSTYLEDREPRESENTATION(#7728,'Body',$,(#7763));
#7766=IFCOWNERHISTORY(#3,#4,.READWRITE.,.ADDED.,1787459013,#3,#4,1787459013);
#7767=IFCRELDEFINESBYTYPE('2Ek0iDvOHFben2vEs5ocVh',#7766,$,$,(#7649),#7735);
#7768=IFCOWNERHISTORY(#23,#4,.READWRITE.,.MODIFIED.,1787459013,#3,#4,1762412998);
#7769=IFCBUILDINGSTOREY('2388Qqwur0_u5otzVLpqMj',#7768,'VVD',$,$,#7774,$,$,$,$);
#7770=IFCCARTESIANPOINT((0.,0.,0.));
#7771=IFCDIRECTION((0.,0.,1.));
#7772=IFCDIRECTION((1.,0.,0.));
#7773=IFCAXIS2PLACEMENT3D(#7770,#7771,#7772);
#7774=IFCLOCALPLACEMENT($,#7773);
#7775=IFCOWNERHISTORY(#23,#4,.READWRITE.,.MODIFIED.,1787459013,#3,#4,1762412096);
#7776=IFCBUILDINGSTOREY('22zTIYgzr47fDMM4$n34hF',#7775,'KITCHEN',$,$,#7781,$,$,$,$);
#7777=IFCCARTESIANPOINT((0.,0.,0.));
#7778=IFCDIRECTION((0.,0.,1.));
#7779=IFCDIRECTION((1.,0.,0.));
#7780=IFCAXIS2PLACEMENT3D(#7777,#7778,#7779);
#7781=IFCLOCALPLACEMENT($,#7780);
#7782=IFCOWNERHISTORY(#23,#4,.READWRITE.,.MODIFIED.,1787459013,#3,#4,1761750327);
#7783=IFCBUILDINGSTOREY('1VjEk5I8XFmfiAYaLk_F_7',#7782,'FUR',$,$,#7788,$,$,$,$);
#7784=IFCCARTESIANPOINT((0.,0.,0.));
#7785=IFCDIRECTION((0.,0.,1.));
#7786=IFCDIRECTION((1.,0.,0.));
#7787=IFCAXIS2PLACEMENT3D(#7784,#7785,#7786);
#7788=IFCLOCALPLACEMENT($,#7787);
#7789=IFCOWNERHISTORY(#23,#4,.READWRITE.,.MODIFIED.,1787459013,#3,#4,1759986564);
#7790=IFCBUILDING('0aVVbcf_9A9x07_Nod0gAP',#7789,'My Building',$,$,#7795,$,$,$,$,$,$);
#7791=IFCCARTESIANPOINT((0.,0.,0.));
#7792=IFCDIRECTION((0.,0.,1.));
#7793=IFCDIRECTION((1.,0.,0.));
#7794=IFCAXIS2PLACEMENT3D(#7791,#7792,#7793);
#7795=IFCLOCALPLACEMENT($,#7794);
#7796=IFCSITE('3iWnpcHW54tQCcUMk_yOsj',#7802,'My Site',$,$,#7801,$,$,$,$,$,$,$,$);
#7797=IFCCARTESIANPOINT((0.,0.,0.));
#7798=IFCDIRECTION((0.,0.,1.));
#7799=IFCDIRECTION((1.,0.,0.));
#7800=IFCAXIS2PLACEMENT3D(#7797,#7798,#7799);
#7801=IFCLOCALPLACEMENT($,#7800);
#7802=IFCOWNERHISTORY(#3,#4,.READWRITE.,.ADDED.,1787459013,#3,#4,1787459013);
#7803=IFCRELCONTAINEDINSPATIALSTRUCTURE('2pzUTwi7b5tQhjfvGbVtK$',#5,$,$,(#7649),#7769);
#7804=IFCRELAGGREGATES('0L_Dlm6eHBGvdQZNVJkFOk',#5,$,$,#7776,(#7769));
#7805=IFCRELAGGREGATES('0tb73ZDd5A1Rb0ixGCZI9y',#5,$,$,#7783,(#7776));
#7806=IFCRELAGGREGATES('2WTFRuSnz0FPNOZEyQ4cUJ',#5,$,$,#7790,(#7783));
#7807=IFCRELAGGREGATES('1DMbax7B15SfMbw3C62dn7',#5,$,$,#7796,(#7790));
#7808=IFCRELAGGREGATES('0apGnT70L8382xBz_d9ibP',#5,$,$,#20,(#7796));
ENDSEC;
END-ISO-10303-21;
