ISO-10303-21;
HEADER;
FILE_DESCRIPTION(('ViewDefinition [CoordinationView]'),'2;1');
FILE_NAME('','2026-09-09T18:14:30',(''),(''),'IfcOpenShell 0.8.4-e8eb5e4','IfcOpenShell 0.8.4-e8eb5e4','');
FILE_SCHEMA(('IFC4'));
ENDSEC;
DATA;
#1=IFCPROJECT('3hFmn2ED14Ofwsj$DzZ0HC',$,'My Project',$,$,$,$,(#2,#7),#10);
#2=IFCGEOMETRICREPRESENTATIONCONTEXT($,'Model',3,1.E-05,#3,$);
#3=IFCAXIS2PLACEMENT3D(#4,#5,#6);
#4=IFCCARTESIANPOINT((0.,0.,0.));
#5=IFCDIRECTION((0.,0.,1.));
#6=IFCDIRECTION((1.,0.,0.));
#7=IFCGEOMETRICREPRESENTATIONCONTEXT($,'Plan',2,1.E-05,#8,$);
#8=IFCAXIS2PLACEMENT2D(#9,$);
#9=IFCCARTESIANPOINT((0.,0.));
#10=IFCUNITASSIGNMENT((#11,#12,#13,#17));
#11=IFCSIUNIT(*,.VOLUMEUNIT.,$,.CUBIC_METRE.);
#12=IFCSIUNIT(*,.LENGTHUNIT.,.MILLI.,.METRE.);
#13=IFCCONVERSIONBASEDUNIT(#14,.PLANEANGLEUNIT.,'degree',#15);
#14=IFCDIMENSIONALEXPONENTS(0,0,0,0,0,0,0);
#15=IFCMEASUREWITHUNIT(IFCREAL(0.0174532925199433),#16);
#16=IFCSIUNIT(*,.PLANEANGLEUNIT.,$,.RADIAN.);
#17=IFCSIUNIT(*,.AREAUNIT.,$,.SQUARE_METRE.);
#18=IFCSANITARYTERMINAL('350tdaubr8QP3Cu2YMQZIN',#19,'SanitaryTerminal',$,$,#32,#37,$,$);
#19=IFCOWNERHISTORY(#20,#23,.READWRITE.,.MODIFIED.,1787421356,#25,#28,1762359167);
#20=IFCPERSONANDORGANIZATION(#21,#22,$);
#21=IFCPERSON($,'','ryan@openingdesign.com',$,$,$,$,$);
#22=IFCORGANIZATION($,'','',$,$);
#23=IFCAPPLICATION(#24,'0.8.3','Bonsai','Bonsai-0.8.3');
#24=IFCORGANIZATION($,'Unspecified (developer missing in source IFC)',$,$,$);
#25=IFCPERSONANDORGANIZATION(#26,#27,$);
#26=IFCPERSON($,'','ryan@openingdesign.com',$,$,$,$,$);
#27=IFCORGANIZATION($,'','',$,$);
#28=IFCAPPLICATION(#29,'0.8.4','Bonsai','Bonsai-0.8.4');
#29=IFCORGANIZATION('IfcOpenShell','IfcOpenShell','IfcOpenShell is an open source software library that helps users and software developers to work with IFC data.',(#30),(#31));
#30=IFCACTORROLE(.USERDEFINED.,'CONTRIBUTOR',$);
#31=IFCTELECOMADDRESS(.USERDEFINED.,$,'WEBPAGE',$,$,$,$,'https://ifcopenshell.org',$);
#32=IFCLOCALPLACEMENT($,#33);
#33=IFCAXIS2PLACEMENT3D(#34,#35,#36);
#34=IFCCARTESIANPOINT((-549.821317195892,350.,18.0767327547073));
#35=IFCDIRECTION((0.,0.,1.));
#36=IFCDIRECTION((1.,0.,0.));
#37=IFCPRODUCTDEFINITIONSHAPE($,$,(#38,#4912,#6205,#7754));
#38=IFCSHAPEREPRESENTATION(#39,'Body','MappedRepresentation',(#40));
#39=IFCGEOMETRICREPRESENTATIONSUBCONTEXT('Body','Model',*,*,*,*,#2,$,.MODEL_VIEW.,$);
#40=IFCMAPPEDITEM(#41,#4907);
#41=IFCREPRESENTATIONMAP(#42,#46);
#42=IFCAXIS2PLACEMENT3D(#43,#44,#45);
#43=IFCCARTESIANPOINT((0.,0.,0.));
#44=IFCDIRECTION((0.,0.,1.));
#45=IFCDIRECTION((1.,0.,0.));
#46=IFCSHAPEREPRESENTATION(#39,'Body','Tessellation',(#47));
#47=IFCPOLYGONALFACESET(#48,.F.,(#49,#50,#51,#52,#53,#54,#55,#56,#57,#58,#59,#60,#61,#62,#63,#64,#65,#66,#67,#68,#69,#70,#71,#72,#73,#74,#75,#76,#77,#78,#79,#80,#81,#82,#83,#84,#85,#86,#87,#88,#89,#90,#91,#92,#93,#94,#95,#96,#97,#98,#99,#100,#101,#102,#103,#104,#105,#106,#107,#108,#109,#110,#111,#112,#113,#114,#115,#116,#117,#118,#119,#120,#121,#122,#123,#124,#125,#126,#127,#128,#129,#130,#131,#132,#133,#134,#135,#136,#137,#138,#139,#140,#141,#142,#143,#144,#145,#146,#147,#148,#149,#150,#151,#152,#153,#154,#155,#156,#157,#158,#159,#160,#161,#162,#163,#164,#165,#166,#167,#168,#169,#170,#171,#172,#173,#174,#175,#176,#177,#178,#179,#180,#181,#182,#183,#184,#185,#186,#187,#188,#189,#190,#191,#192,#193,#194,#195,#196,#197,#198,#199,#200,#201,#202,#203,#204,#205,#206,#207,#208,#209,#210,#211,#212,#213,#214,#215,#216,#217,#218,#219,#220,#221,#222,#223,#224,#225,#226,#227,#228,#229,#230,#231,#232,#233,#234,#235,#236,#237,#238,#239,#240,#241,#242,#243,#244,#245,#246,#247,#248,#249,#250,#251,#252,#253,#254,#255,#256,#257,#258,#259,#260,#261,#262,#263,#264,#265,#266,#267,#268,#269,#270,#271,#272,#273,#274,#275,#276,#277,#278,#279,#280,#281,#282,#283,#284,#285,#286,#287,#288,#289,#290,#291,#292,#293,#294,#295,#296,#297,#298,#299,#300,#301,#302,#303,#304,#305,#306,#307,#308,#309,#310,#311,#312,#313,#314,#315,#316,#317,#318,#319,#320,#321,#322,#323,#324,#325,#326,#327,#328,#329,#330,#331,#332,#333,#334,#335,#336,#337,#338,#339,#340,#341,#342,#343,#344,#345,#346,#347,#348,#349,#350,#351,#352,#353,#354,#355,#356,#357,#358,#359,#360,#361,#362,#363,#364,#365,#366,#367,#368,#369,#370,#371,#372,#373,#374,#375,#376,#377,#378,#379,#380,#381,#382,#383,#384,#385,#386,#387,#388,#389,#390,#391,#392,#393,#394,#395,#396,#397,#398,#399,#400,#401,#402,#403,#404,#405,#406,#407,#408,#409,#410,#411,#412,#413,#414,#415,#416,#417,#418,#419,#420,#421,#422,#423,#424,#425,#426,#427,#428,#429,#430,#431,#432,#433,#434,#435,#436,#437,#438,#439,#440,#441,#442,#443,#444,#445,#446,#447,#448,#449,#450,#451,#452,#453,#454,#455,#456,#457,#458,#459,#460,#461,#462,#463,#464,#465,#466,#467,#468,#469,#470,#471,#472,#473,#474,#475,#476,#477,#478,#479,#480,#481,#482,#483,#484,#485,#486,#487,#488,#489,#490,#491,#492,#493,#494,#495,#496,#497,#498,#499,#500,#501,#502,#503,#504,#505,#506,#507,#508,#509,#510,#511,#512,#513,#514,#515,#516,#517,#518,#519,#520,#521,#522,#523,#524,#525,#526,#527,#528,#529,#530,#531,#532,#533,#534,#535,#536,#537,#538,#539,#540,#541,#542,#543,#544,#545,#546,#547,#548,#549,#550,#551,#552,#553,#554,#555,#556,#557,#558,#559,#560,#561,#562,#563,#564,#565,#566,#567,#568,#569,#570,#571,#572,#573,#574,#575,#576,#577,#578,#579,#580,#581,#582,#583,#584,#585,#586,#587,#588,#589,#590,#591,#592,#593,#594,#595,#596,#597,#598,#599,#600,#601,#602,#603,#604,#605,#606,#607,#608,#609,#610,#611,#612,#613,#614,#615,#616,#617,#618,#619,#620,#621,#622,#623,#624,#625,#626,#627,#628,#629,#630,#631,#632,#633,#634,#635,#636,#637,#638,#639,#640,#641,#642,#643,#644,#645,#646,#647,#648,#649,#650,#651,#652,#653,#654,#655,#656,#657,#658,#659,#660,#661,#662,#663,#664,#665,#666,#667,#668,#669,#670,#671,#672,#673,#674,#675,#676,#677,#678,#679,#680,#681,#682,#683,#684,#685,#686,#687,#688,#689,#690,#691,#692,#693,#694,#695,#696,#697,#698,#699,#700,#701,#702,#703,#704,#705,#706,#707,#708,#709,#710,#711,#712,#713,#714,#715,#716,#717,#718,#719,#720,#721,#722,#723,#724,#725,#726,#727,#728,#729,#730,#731,#732,#733,#734,#735,#736,#737,#738,#739,#740,#741,#742,#743,#744,#745,#746,#747,#748,#749,#750,#751,#752,#753,#754,#755,#756,#757,#758,#759,#760,#761,#762,#763,#764,#765,#766,#767,#768,#769,#770,#771,#772,#773,#774,#775,#776,#777,#778,#779,#780,#781,#782,#783,#784,#785,#786,#787,#788,#789,#790,#791,#792,#793,#794,#795,#796,#797,#798,#799,#800,#801,#802,#803,#804,#805,#806,#807,#808,#809,#810,#811,#812,#813,#814,#815,#816,#817,#818,#819,#820,#821,#822,#823,#824,#825,#826,#827,#828,#829,#830,#831,#832,#833,#834,#835,#836,#837,#838,#839,#840,#841,#842,#843,#844,#845,#846,#847,#848,#849,#850,#851,#852,#853,#854,#855,#856,#857,#858,#859,#860,#861,#862,#863,#864,#865,#866,#867,#868,#869,#870,#871,#872,#873,#874,#875,#876,#877,#878,#879,#880,#881,#882,#883,#884,#885,#886,#887,#888,#889,#890,#891,#892,#893,#894,#895,#896,#897,#898,#899,#900,#901,#902,#903,#904,#905,#906,#907,#908,#909,#910,#911,#912,#913,#914,#915,#916,#917,#918,#919,#920,#921,#922,#923,#924,#925,#926,#927,#928,#929,#930,#931,#932,#933,#934,#935,#936,#937,#938,#939,#940,#941,#942,#943,#944,#945,#946,#947,#948,#949,#950,#951,#952,#953,#954,#955,#956,#957,#958,#959,#960,#961,#962,#963,#964,#965,#966,#967,#968,#969,#970,#971,#972,#973,#974,#975,#976,#977,#978,#979,#980,#981,#982,#983,#984,#985,#986,#987,#988,#989,#990,#991,#992,#993,#994,#995,#996,#997,#998,#999,#1000,#1001,#1002,#1003,#1004,#1005,#1006,#1007,#1008,#1009,#1010,#1011,#1012,#1013,#1014,#1015,#1016,#1017,#1018,#1019,#1020,#1021,#1022,#1023,#1024,#1025,#1026,#1027,#1028,#1029,#1030,#1031,#1032,#1033,#1034,#1035,#1036,#1037,#1038,#1039,#1040,#1041,#1042,#1043,#1044,#1045,#1046,#1047,#1048,#1049,#1050,#1051,#1052,#1053,#1054,#1055,#1056,#1057,#1058,#1059,#1060,#1061,#1062,#1063,#1064,#1065,#1066,#1067,#1068,#1069,#1070,#1071,#1072,#1073,#1074,#1075,#1076,#1077,#1078,#1079,#1080,#1081,#1082,#1083,#1084,#1085,#1086,#1087,#1088,#1089,#1090,#1091,#1092,#1093,#1094,#1095,#1096,#1097,#1098,#1099,#1100,#1101,#1102,#1103,#1104,#1105,#1106,#1107,#1108,#1109,#1110,#1111,#1112,#1113,#1114,#1115,#1116,#1117,#1118,#1119,#1120,#1121,#1122,#1123,#1124,#1125,#1126,#1127,#1128,#1129,#1130,#1131,#1132,#1133,#1134,#1135,#1136,#1137,#1138,#1139,#1140,#1141,#1142,#1143,#1144,#1145,#1146,#1147,#1148,#1149,#1150,#1151,#1152,#1153,#1154,#1155,#1156,#1157,#1158,#1159,#1160,#1161,#1162,#1163,#1164,#1165,#1166,#1167,#1168,#1169,#1170,#1171,#1172,#1173,#1174,#1175,#1176,#1177,#1178,#1179,#1180,#1181,#1182,#1183,#1184,#1185,#1186,#1187,#1188,#1189,#1190,#1191,#1192,#1193,#1194,#1195,#1196,#1197,#1198,#1199,#1200,#1201,#1202,#1203,#1204,#1205,#1206,#1207,#1208,#1209,#1210,#1211,#1212,#1213,#1214,#1215,#1216,#1217,#1218,#1219,#1220,#1221,#1222,#1223,#1224,#1225,#1226,#1227,#1228,#1229,#1230,#1231,#1232,#1233,#1234,#1235,#1236,#1237,#1238,#1239,#1240,#1241,#1242,#1243,#1244,#1245,#1246,#1247,#1248,#1249,#1250,#1251,#1252,#1253,#1254,#1255,#1256,#1257,#1258,#1259,#1260,#1261,#1262,#1263,#1264,#1265,#1266,#1267,#1268,#1269,#1270,#1271,#1272,#1273,#1274,#1275,#1276,#1277,#1278,#1279,#1280,#1281,#1282,#1283,#1284,#1285,#1286,#1287,#1288,#1289,#1290,#1291,#1292,#1293,#1294,#1295,#1296,#1297,#1298,#1299,#1300,#1301,#1302,#1303,#1304,#1305,#1306,#1307,#1308,#1309,#1310,#1311,#1312,#1313,#1314,#1315,#1316,#1317,#1318,#1319,#1320,#1321,#1322,#1323,#1324,#1325,#1326,#1327,#1328,#1329,#1330,#1331,#1332,#1333,#1334,#1335,#1336,#1337,#1338,#1339,#1340,#1341,#1342,#1343,#1344,#1345,#1346,#1347,#1348,#1349,#1350,#1351,#1352,#1353,#1354,#1355,#1356,#1357,#1358,#1359,#1360,#1361,#1362,#1363,#1364,#1365,#1366,#1367,#1368,#1369,#1370,#1371,#1372,#1373,#1374,#1375,#1376,#1377,#1378,#1379,#1380,#1381,#1382,#1383,#1384,#1385,#1386,#1387,#1388,#1389,#1390,#1391,#1392,#1393,#1394,#1395,#1396,#1397,#1398,#1399,#1400,#1401,#1402,#1403,#1404,#1405,#1406,#1407,#1408,#1409,#1410,#1411,#1412,#1413,#1414,#1415,#1416,#1417,#1418,#1419,#1420,#1421,#1422,#1423,#1424,#1425,#1426,#1427,#1428,#1429,#1430,#1431,#1432,#1433,#1434,#1435,#1436,#1437,#1438,#1439,#1440,#1441,#1442,#1443,#1444,#1445,#1446,#1447,#1448,#1449,#1450,#1451,#1452,#1453,#1454,#1455,#1456,#1457,#1458,#1459,#1460,#1461,#1462,#1463,#1464,#1465,#1466,#1467,#1468,#1469,#1470,#1471,#1472,#1473,#1474,#1475,#1476,#1477,#1478,#1479,#1480,#1481,#1482,#1483,#1484,#1485,#1486,#1487,#1488,#1489,#1490,#1491,#1492,#1493,#1494,#1495,#1496,#1497,#1498,#1499,#1500,#1501,#1502,#1503,#1504,#1505,#1506,#1507,#1508,#1509,#1510,#1511,#1512,#1513,#1514,#1515,#1516,#1517,#1518,#1519,#1520,#1521,#1522,#1523,#1524,#1525,#1526,#1527,#1528,#1529,#1530,#1531,#1532,#1533,#1534,#1535,#1536,#1537,#1538,#1539,#1540,#1541,#1542,#1543,#1544,#1545,#1546,#1547,#1548,#1549,#1550,#1551,#1552,#1553,#1554,#1555,#1556,#1557,#1558,#1559,#1560,#1561,#1562,#1563,#1564,#1565,#1566,#1567,#1568,#1569,#1570,#1571,#1572,#1573,#1574,#1575,#1576,#1577,#1578,#1579,#1580,#1581,#1582,#1583,#1584,#1585,#1586,#1587,#1588,#1589,#1590,#1591,#1592,#1593,#1594,#1595,#1596,#1597,#1598,#1599,#1600,#1601,#1602,#1603,#1604,#1605,#1606,#1607,#1608,#1609,#1610,#1611,#1612,#1613,#1614,#1615,#1616,#1617,#1618,#1619,#1620,#1621,#1622,#1623,#1624,#1625,#1626,#1627,#1628,#1629,#1630,#1631,#1632,#1633,#1634,#1635,#1636,#1637,#1638,#1639,#1640,#1641,#1642,#1643,#1644,#1645,#1646,#1647,#1648,#1649,#1650,#1651,#1652,#1653,#1654,#1655,#1656,#1657,#1658,#1659,#1660,#1661,#1662,#1663,#1664,#1665,#1666,#1667,#1668,#1669,#1670,#1671,#1672,#1673,#1674,#1675,#1676,#1677,#1678,#1679,#1680,#1681,#1682,#1683,#1684,#1685,#1686,#1687,#1688,#1689,#1690,#1691,#1692,#1693,#1694,#1695,#1696,#1697,#1698,#1699,#1700,#1701,#1702,#1703,#1704,#1705,#1706,#1707,#1708,#1709,#1710,#1711,#1712,#1713,#1714,#1715,#1716,#1717,#1718,#1719,#1720,#1721,#1722,#1723,#1724,#1725,#1726,#1727,#1728,#1729,#1730,#1731,#1732,#1733,#1734,#1735,#1736,#1737,#1738,#1739,#1740,#1741,#1742,#1743,#1744,#1745,#1746,#1747,#1748,#1749,#1750,#1751,#1752,#1753,#1754,#1755,#1756,#1757,#1758,#1759,#1760,#1761,#1762,#1763,#1764,#1765,#1766,#1767,#1768,#1769,#1770,#1771,#1772,#1773,#1774,#1775,#1776,#1777,#1778,#1779,#1780,#1781,#1782,#1783,#1784,#1785,#1786,#1787,#1788,#1789,#1790,#1791,#1792,#1793,#1794,#1795,#1796,#1797,#1798,#1799,#1800,#1801,#1802,#1803,#1804,#1805,#1806,#1807,#1808,#1809,#1810,#1811,#1812,#1813,#1814,#1815,#1816,#1817,#1818,#1819,#1820,#1821,#1822,#1823,#1824,#1825,#1826,#1827,#1828,#1829,#1830,#1831,#1832,#1833,#1834,#1835,#1836,#1837,#1838,#1839,#1840,#1841,#1842,#1843,#1844,#1845,#1846,#1847,#1848,#1849,#1850,#1851,#1852,#1853,#1854,#1855,#1856,#1857,#1858,#1859,#1860,#1861,#1862,#1863,#1864,#1865,#1866,#1867,#1868,#1869,#1870,#1871,#1872,#1873,#1874,#1875,#1876,#1877,#1878,#1879,#1880,#1881,#1882,#1883,#1884,#1885,#1886,#1887,#1888,#1889,#1890,#1891,#1892,#1893,#1894,#1895,#1896,#1897,#1898,#1899,#1900,#1901,#1902,#1903,#1904,#1905,#1906,#1907,#1908,#1909,#1910,#1911,#1912,#1913,#1914,#1915,#1916,#1917,#1918,#1919,#1920,#1921,#1922,#1923,#1924,#1925,#1926,#1927,#1928,#1929,#1930,#1931,#1932,#1933,#1934,#1935,#1936,#1937,#1938,#1939,#1940,#1941,#1942,#1943,#1944,#1945,#1946,#1947,#1948,#1949,#1950,#1951,#1952,#1953,#1954,#1955,#1956,#1957,#1958,#1959,#1960,#1961,#1962,#1963,#1964,#1965,#1966,#1967,#1968,#1969,#1970,#1971,#1972,#1973,#1974,#1975,#1976,#1977,#1978,#1979,#1980,#1981,#1982,#1983,#1984,#1985,#1986,#1987,#1988,#1989,#1990,#1991,#1992,#1993,#1994,#1995,#1996,#1997,#1998,#1999,#2000,#2001,#2002,#2003,#2004,#2005,#2006,#2007,#2008,#2009,#2010,#2011,#2012,#2013,#2014,#2015,#2016,#2017,#2018,#2019,#2020,#2021,#2022,#2023,#2024,#2025,#2026,#2027,#2028,#2029,#2030,#2031,#2032,#2033,#2034,#2035,#2036,#2037,#2038,#2039,#2040,#2041,#2042,#2043,#2044,#2045,#2046,#2047,#2048,#2049,#2050,#2051,#2052,#2053,#2054,#2055,#2056,#2057,#2058,#2059,#2060,#2061,#2062,#2063,#2064,#2065,#2066,#2067,#2068,#2069,#2070,#2071,#2072,#2073,#2074,#2075,#2076,#2077,#2078,#2079,#2080,#2081,#2082,#2083,#2084,#2085,#2086,#2087,#2088,#2089,#2090,#2091,#2092,#2093,#2094,#2095,#2096,#2097,#2098,#2099,#2100,#2101,#2102,#2103,#2104,#2105,#2106,#2107,#2108,#2109,#2110,#2111,#2112,#2113,#2114,#2115,#2116,#2117,#2118,#2119,#2120,#2121,#2122,#2123,#2124,#2125,#2126,#2127,#2128,#2129,#2130,#2131,#2132,#2133,#2134,#2135,#2136,#2137,#2138,#2139,#2140,#2141,#2142,#2143,#2144,#2145,#2146,#2147,#2148,#2149,#2150,#2151,#2152,#2153,#2154,#2155,#2156,#2157,#2158,#2159,#2160,#2161,#2162,#2163,#2164,#2165,#2166,#2167,#2168,#2169,#2170,#2171,#2172,#2173,#2174,#2175,#2176,#2177,#2178,#2179,#2180,#2181,#2182,#2183,#2184,#2185,#2186,#2187,#2188,#2189,#2190,#2191,#2192,#2193,#2194,#2195,#2196,#2197,#2198,#2199,#2200,#2201,#2202,#2203,#2204,#2205,#2206,#2207,#2208,#2209,#2210,#2211,#2212,#2213,#2214,#2215,#2216,#2217,#2218,#2219,#2220,#2221,#2222,#2223,#2224,#2225,#2226,#2227,#2228,#2229,#2230,#2231,#2232,#2233,#2234,#2235,#2236,#2237,#2238,#2239,#2240,#2241,#2242,#2243,#2244,#2245,#2246,#2247,#2248,#2249,#2250,#2251,#2252,#2253,#2254,#2255,#2256,#2257,#2258,#2259,#2260,#2261,#2262,#2263,#2264,#2265,#2266,#2267,#2268,#2269,#2270,#2271,#2272,#2273,#2274,#2275,#2276,#2277,#2278,#2279,#2280,#2281,#2282,#2283,#2284,#2285,#2286,#2287,#2288,#2289,#2290,#2291,#2292,#2293,#2294,#2295,#2296,#2297,#2298,#2299,#2300,#2301,#2302,#2303,#2304,#2305,#2306,#2307,#2308,#2309,#2310,#2311,#2312,#2313,#2314,#2315,#2316,#2317,#2318,#2319,#2320,#2321,#2322,#2323,#2324,#2325,#2326,#2327,#2328,#2329,#2330,#2331,#2332,#2333,#2334,#2335,#2336,#2337,#2338,#2339,#2340,#2341,#2342,#2343,#2344,#2345,#2346,#2347,#2348,#2349,#2350,#2351,#2352,#2353,#2354,#2355,#2356,#2357,#2358,#2359,#2360,#2361,#2362,#2363,#2364,#2365,#2366,#2367,#2368,#2369,#2370,#2371,#2372,#2373,#2374,#2375,#2376,#2377,#2378,#2379,#2380,#2381,#2382,#2383,#2384,#2385,#2386,#2387,#2388,#2389,#2390,#2391,#2392,#2393,#2394,#2395,#2396,#2397,#2398,#2399,#2400,#2401,#2402,#2403,#2404,#2405,#2406,#2407,#2408,#2409,#2410,#2411,#2412,#2413,#2414,#2415,#2416,#2417,#2418,#2419,#2420,#2421,#2422,#2423,#2424,#2425,#2426,#2427,#2428,#2429,#2430,#2431,#2432,#2433,#2434,#2435,#2436,#2437,#2438,#2439,#2440,#2441,#2442,#2443,#2444,#2445,#2446,#2447,#2448,#2449,#2450,#2451,#2452,#2453,#2454,#2455,#2456,#2457,#2458,#2459,#2460,#2461,#2462,#2463,#2464,#2465,#2466,#2467,#2468,#2469,#2470,#2471,#2472,#2473,#2474,#2475,#2476,#2477,#2478,#2479,#2480,#2481,#2482,#2483,#2484,#2485,#2486,#2487,#2488,#2489,#2490,#2491,#2492,#2493,#2494,#2495,#2496,#2497,#2498,#2499,#2500,#2501,#2502,#2503,#2504,#2505,#2506,#2507,#2508,#2509,#2510,#2511,#2512,#2513,#2514,#2515,#2516,#2517,#2518,#2519,#2520,#2521,#2522,#2523,#2524,#2525,#2526,#2527,#2528,#2529,#2530,#2531,#2532,#2533,#2534,#2535,#2536,#2537,#2538,#2539,#2540,#2541,#2542,#2543,#2544,#2545,#2546,#2547,#2548,#2549,#2550,#2551,#2552,#2553,#2554,#2555,#2556,#2557,#2558,#2559,#2560,#2561,#2562,#2563,#2564,#2565,#2566,#2567,#2568,#2569,#2570,#2571,#2572,#2573,#2574,#2575,#2576,#2577,#2578,#2579,#2580,#2581,#2582,#2583,#2584,#2585,#2586,#2587,#2588,#2589,#2590,#2591,#2592,#2593,#2594,#2595,#2596,#2597,#2598,#2599,#2600,#2601,#2602,#2603,#2604,#2605,#2606,#2607,#2608,#2609,#2610,#2611,#2612,#2613,#2614,#2615,#2616,#2617,#2618,#2619,#2620,#2621,#2622,#2623,#2624,#2625,#2626,#2627,#2628,#2629,#2630,#2631,#2632,#2633,#2634,#2635,#2636,#2637,#2638,#2639,#2640,#2641,#2642,#2643,#2644,#2645,#2646,#2647,#2648,#2649,#2650,#2651,#2652,#2653,#2654,#2655,#2656,#2657,#2658,#2659,#2660,#2661,#2662,#2663,#2664,#2665,#2666,#2667,#2668,#2669,#2670,#2671,#2672,#2673,#2674,#2675,#2676,#2677,#2678,#2679,#2680,#2681,#2682,#2683,#2684,#2685,#2686,#2687,#2688,#2689,#2690,#2691,#2692,#2693,#2694,#2695,#2696,#2697,#2698,#2699,#2700,#2701,#2702,#2703,#2704,#2705,#2706,#2707,#2708,#2709,#2710,#2711,#2712,#2713,#2714,#2715,#2716,#2717,#2718,#2719,#2720,#2721,#2722,#2723,#2724,#2725,#2726,#2727,#2728,#2729,#2730,#2731,#2732,#2733,#2734,#2735,#2736,#2737,#2738,#2739,#2740,#2741,#2742,#2743,#2744,#2745,#2746,#2747,#2748,#2749,#2750,#2751,#2752,#2753,#2754,#2755,#2756,#2757,#2758,#2759,#2760,#2761,#2762,#2763,#2764,#2765,#2766,#2767,#2768,#2769,#2770,#2771,#2772,#2773,#2774,#2775,#2776,#2777,#2778,#2779,#2780,#2781,#2782,#2783,#2784,#2785,#2786,#2787,#2788,#2789,#2790,#2791,#2792,#2793,#2794,#2795,#2796,#2797,#2798,#2799,#2800,#2801,#2802,#2803,#2804,#2805,#2806,#2807,#2808,#2809,#2810,#2811,#2812,#2813,#2814,#2815,#2816,#2817,#2818,#2819,#2820,#2821,#2822,#2823,#2824,#2825,#2826,#2827,#2828,#2829,#2830,#2831,#2832,#2833,#2834,#2835,#2836,#2837,#2838,#2839,#2840,#2841,#2842,#2843,#2844,#2845,#2846,#2847,#2848,#2849,#2850,#2851,#2852,#2853,#2854,#2855,#2856,#2857,#2858,#2859,#2860,#2861,#2862,#2863,#2864,#2865,#2866,#2867,#2868,#2869,#2870,#2871,#2872,#2873,#2874,#2875,#2876,#2877,#2878,#2879,#2880,#2881,#2882,#2883,#2884,#2885,#2886,#2887,#2888,#2889,#2890,#2891,#2892,#2893,#2894,#2895,#2896,#2897,#2898,#2899,#2900,#2901,#2902,#2903,#2904,#2905,#2906,#2907,#2908,#2909,#2910,#2911,#2912,#2913,#2914,#2915,#2916,#2917,#2918,#2919,#2920,#2921,#2922,#2923,#2924,#2925,#2926,#2927,#2928,#2929,#2930,#2931,#2932,#2933,#2934,#2935,#2936,#2937,#2938,#2939,#2940,#2941,#2942,#2943,#2944,#2945,#2946,#2947,#2948,#2949,#2950,#2951,#2952,#2953,#2954,#2955,#2956,#2957,#2958,#2959,#2960,#2961,#2962,#2963,#2964,#2965,#2966,#2967,#2968,#2969,#2970,#2971,#2972,#2973,#2974,#2975,#2976,#2977,#2978,#2979,#2980,#2981,#2982,#2983,#2984,#2985,#2986,#2987,#2988,#2989,#2990,#2991,#2992,#2993,#2994,#2995,#2996,#2997,#2998,#2999,#3000,#3001,#3002,#3003,#3004,#3005,#3006,#3007,#3008,#3009,#3010,#3011,#3012,#3013,#3014,#3015,#3016,#3017,#3018,#3019,#3020,#3021,#3022,#3023,#3024,#3025,#3026,#3027,#3028,#3029,#3030,#3031,#3032,#3033,#3034,#3035,#3036,#3037,#3038,#3039,#3040,#3041,#3042,#3043,#3044,#3045,#3046,#3047,#3048,#3049,#3050,#3051,#3052,#3053,#3054,#3055,#3056,#3057,#3058,#3059,#3060,#3061,#3062,#3063,#3064,#3065,#3066,#3067,#3068,#3069,#3070,#3071,#3072,#3073,#3074,#3075,#3076,#3077,#3078,#3079,#3080,#3081,#3082,#3083,#3084,#3085,#3086,#3087,#3088,#3089,#3090,#3091,#3092,#3093,#3094,#3095,#3096,#3097,#3098,#3099,#3100,#3101,#3102,#3103,#3104,#3105,#3106,#3107,#3108,#3109,#3110,#3111,#3112,#3113,#3114,#3115,#3116,#3117,#3118,#3119,#3120,#3121,#3122,#3123,#3124,#3125,#3126,#3127,#3128,#3129,#3130,#3131,#3132,#3133,#3134,#3135,#3136,#3137,#3138,#3139,#3140,#3141,#3142,#3143,#3144,#3145,#3146,#3147,#3148,#3149,#3150,#3151,#3152,#3153,#3154,#3155,#3156,#3157,#3158,#3159,#3160,#3161,#3162,#3163,#3164,#3165,#3166,#3167,#3168,#3169,#3170,#3171,#3172,#3173,#3174,#3175,#3176,#3177,#3178,#3179,#3180,#3181,#3182,#3183,#3184,#3185,#3186,#3187,#3188,#3189,#3190,#3191,#3192,#3193,#3194,#3195,#3196,#3197,#3198,#3199,#3200,#3201,#3202,#3203,#3204,#3205,#3206,#3207,#3208,#3209,#3210,#3211,#3212,#3213,#3214,#3215,#3216,#3217,#3218,#3219,#3220,#3221,#3222,#3223,#3224,#3225,#3226,#3227,#3228,#3229,#3230,#3231,#3232,#3233,#3234,#3235,#3236,#3237,#3238,#3239,#3240,#3241,#3242,#3243,#3244,#3245,#3246,#3247,#3248,#3249,#3250,#3251,#3252,#3253,#3254,#3255,#3256,#3257,#3258,#3259,#3260,#3261,#3262,#3263,#3264,#3265,#3266,#3267,#3268,#3269,#3270,#3271,#3272,#3273,#3274,#3275,#3276,#3277,#3278,#3279,#3280,#3281,#3282,#3283,#3284,#3285,#3286,#3287,#3288,#3289,#3290,#3291,#3292,#3293,#3294,#3295,#3296,#3297,#3298,#3299,#3300,#3301,#3302,#3303,#3304,#3305,#3306,#3307,#3308,#3309,#3310,#3311,#3312,#3313,#3314,#3315,#3316,#3317,#3318,#3319,#3320,#3321,#3322,#3323,#3324,#3325,#3326,#3327,#3328,#3329,#3330,#3331,#3332,#3333,#3334,#3335,#3336,#3337,#3338,#3339,#3340,#3341,#3342,#3343,#3344,#3345,#3346,#3347,#3348,#3349,#3350,#3351,#3352,#3353,#3354,#3355,#3356,#3357,#3358,#3359,#3360,#3361,#3362,#3363,#3364,#3365,#3366,#3367,#3368,#3369,#3370,#3371,#3372,#3373,#3374,#3375,#3376,#3377,#3378,#3379,#3380,#3381,#3382,#3383,#3384,#3385,#3386,#3387,#3388,#3389,#3390,#3391,#3392,#3393,#3394,#3395,#3396,#3397,#3398,#3399,#3400,#3401,#3402,#3403,#3404,#3405,#3406,#3407,#3408,#3409,#3410,#3411,#3412,#3413,#3414,#3415,#3416,#3417,#3418,#3419,#3420,#3421,#3422,#3423,#3424,#3425,#3426,#3427,#3428,#3429,#3430,#3431,#3432,#3433,#3434,#3435,#3436,#3437,#3438,#3439,#3440,#3441,#3442,#3443,#3444,#3445,#3446,#3447,#3448,#3449,#3450,#3451,#3452,#3453,#3454,#3455,#3456,#3457,#3458,#3459,#3460,#3461,#3462,#3463,#3464,#3465,#3466,#3467,#3468,#3469,#3470,#3471,#3472,#3473,#3474,#3475,#3476,#3477,#3478,#3479,#3480,#3481,#3482,#3483,#3484,#3485,#3486,#3487,#3488,#3489,#3490,#3491,#3492,#3493,#3494,#3495,#3496,#3497,#3498,#3499,#3500,#3501,#3502,#3503,#3504,#3505,#3506,#3507,#3508,#3509,#3510,#3511,#3512,#3513,#3514,#3515,#3516,#3517,#3518,#3519,#3520,#3521,#3522,#3523,#3524,#3525,#3526,#3527,#3528,#3529,#3530,#3531,#3532,#3533,#3534,#3535,#3536,#3537,#3538,#3539,#3540,#3541,#3542,#3543,#3544,#3545,#3546,#3547,#3548,#3549,#3550,#3551,#3552,#3553,#3554,#3555,#3556,#3557,#3558,#3559,#3560,#3561,#3562,#3563,#3564,#3565,#3566,#3567,#3568,#3569,#3570,#3571,#3572,#3573,#3574,#3575,#3576,#3577,#3578,#3579,#3580,#3581,#3582,#3583,#3584,#3585,#3586,#3587,#3588,#3589,#3590,#3591,#3592,#3593,#3594,#3595,#3596,#3597,#3598,#3599,#3600,#3601,#3602,#3603,#3604,#3605,#3606,#3607,#3608,#3609,#3610,#3611,#3612,#3613,#3614,#3615,#3616,#3617,#3618,#3619,#3620,#3621,#3622,#3623,#3624,#3625,#3626,#3627,#3628,#3629,#3630,#3631,#3632,#3633,#3634,#3635,#3636,#3637,#3638,#3639,#3640,#3641,#3642,#3643,#3644,#3645,#3646,#3647,#3648,#3649,#3650,#3651,#3652,#3653,#3654,#3655,#3656,#3657,#3658,#3659,#3660,#3661,#3662,#3663,#3664,#3665,#3666,#3667,#3668,#3669,#3670,#3671,#3672,#3673,#3674,#3675,#3676,#3677,#3678,#3679,#3680,#3681,#3682,#3683,#3684,#3685,#3686,#3687,#3688,#3689,#3690,#3691,#3692,#3693,#3694,#3695,#3696,#3697,#3698,#3699,#3700,#3701,#3702,#3703,#3704,#3705,#3706,#3707,#3708,#3709,#3710,#3711,#3712,#3713,#3714,#3715,#3716,#3717,#3718,#3719,#3720,#3721,#3722,#3723,#3724,#3725,#3726,#3727,#3728,#3729,#3730,#3731,#3732,#3733,#3734,#3735,#3736,#3737,#3738,#3739,#3740,#3741,#3742,#3743,#3744,#3745,#3746,#3747,#3748,#3749,#3750,#3751,#3752,#3753,#3754,#3755,#3756,#3757,#3758,#3759,#3760,#3761,#3762,#3763,#3764,#3765,#3766,#3767,#3768,#3769,#3770,#3771,#3772,#3773,#3774,#3775,#3776,#3777,#3778,#3779,#3780,#3781,#3782,#3783,#3784,#3785,#3786,#3787,#3788,#3789,#3790,#3791,#3792,#3793,#3794,#3795,#3796,#3797,#3798,#3799,#3800,#3801,#3802,#3803,#3804,#3805,#3806,#3807,#3808,#3809,#3810,#3811,#3812,#3813,#3814,#3815,#3816,#3817,#3818,#3819,#3820,#3821,#3822,#3823,#3824,#3825,#3826,#3827,#3828,#3829,#3830,#3831,#3832,#3833,#3834,#3835,#3836,#3837,#3838,#3839,#3840,#3841,#3842,#3843,#3844,#3845,#3846,#3847,#3848,#3849,#3850,#3851,#3852,#3853,#3854,#3855,#3856,#3857,#3858,#3859,#3860,#3861,#3862,#3863,#3864,#3865,#3866,#3867,#3868,#3869,#3870,#3871,#3872,#3873,#3874,#3875,#3876,#3877,#3878,#3879,#3880,#3881,#3882,#3883,#3884,#3885,#3886,#3887,#3888,#3889,#3890,#3891,#3892,#3893,#3894,#3895,#3896,#3897,#3898,#3899,#3900,#3901,#3902,#3903,#3904,#3905,#3906,#3907,#3908,#3909,#3910,#3911,#3912,#3913,#3914,#3915,#3916,#3917,#3918,#3919,#3920,#3921,#3922,#3923,#3924,#3925,#3926,#3927,#3928,#3929,#3930,#3931,#3932,#3933,#3934,#3935,#3936,#3937,#3938,#3939,#3940,#3941,#3942,#3943,#3944,#3945,#3946,#3947,#3948,#3949,#3950,#3951,#3952,#3953,#3954,#3955,#3956,#3957,#3958,#3959,#3960,#3961,#3962,#3963,#3964,#3965,#3966,#3967,#3968,#3969,#3970,#3971,#3972,#3973,#3974,#3975,#3976,#3977,#3978,#3979,#3980,#3981,#3982,#3983,#3984,#3985,#3986,#3987,#3988,#3989,#3990,#3991,#3992,#3993,#3994,#3995,#3996,#3997,#3998,#3999,#4000,#4001,#4002,#4003,#4004,#4005,#4006,#4007,#4008,#4009,#4010,#4011,#4012,#4013,#4014,#4015,#4016,#4017,#4018,#4019,#4020,#4021,#4022,#4023,#4024,#4025,#4026,#4027,#4028,#4029,#4030,#4031,#4032,#4033,#4034,#4035,#4036,#4037,#4038,#4039,#4040,#4041,#4042,#4043,#4044,#4045,#4046,#4047,#4048,#4049,#4050,#4051,#4052,#4053,#4054,#4055,#4056,#4057,#4058,#4059,#4060,#4061,#4062,#4063,#4064,#4065,#4066,#4067,#4068,#4069,#4070,#4071,#4072,#4073,#4074,#4075,#4076,#4077,#4078,#4079,#4080,#4081,#4082,#4083,#4084,#4085,#4086,#4087,#4088,#4089,#4090,#4091,#4092,#4093,#4094,#4095,#4096,#4097,#4098,#4099,#4100,#4101,#4102,#4103,#4104,#4105,#4106,#4107,#4108,#4109,#4110,#4111,#4112,#4113,#4114,#4115,#4116,#4117,#4118,#4119,#4120,#4121,#4122,#4123,#4124,#4125,#4126,#4127,#4128,#4129,#4130,#4131,#4132,#4133,#4134,#4135,#4136,#4137,#4138,#4139,#4140,#4141,#4142,#4143,#4144,#4145,#4146,#4147,#4148,#4149,#4150,#4151,#4152,#4153,#4154,#4155,#4156,#4157,#4158,#4159,#4160,#4161,#4162,#4163,#4164,#4165,#4166,#4167,#4168,#4169,#4170,#4171,#4172,#4173,#4174,#4175,#4176,#4177,#4178,#4179,#4180,#4181,#4182,#4183,#4184,#4185,#4186,#4187,#4188,#4189,#4190,#4191,#4192,#4193,#4194,#4195,#4196,#4197,#4198,#4199,#4200,#4201,#4202,#4203,#4204,#4205,#4206,#4207,#4208,#4209,#4210,#4211,#4212,#4213,#4214,#4215,#4216,#4217,#4218,#4219,#4220,#4221,#4222,#4223,#4224,#4225,#4226,#4227,#4228,#4229,#4230,#4231,#4232,#4233,#4234,#4235,#4236,#4237,#4238,#4239,#4240,#4241,#4242,#4243,#4244,#4245,#4246,#4247,#4248,#4249,#4250,#4251,#4252,#4253,#4254,#4255,#4256,#4257,#4258,#4259,#4260,#4261,#4262,#4263,#4264,#4265,#4266,#4267,#4268,#4269,#4270,#4271,#4272,#4273,#4274,#4275,#4276,#4277,#4278,#4279,#4280,#4281,#4282,#4283,#4284,#4285,#4286,#4287,#4288,#4289,#4290,#4291,#4292,#4293,#4294,#4295,#4296,#4297,#4298,#4299,#4300,#4301,#4302,#4303,#4304,#4305,#4306,#4307,#4308,#4309,#4310,#4311,#4312,#4313,#4314,#4315,#4316,#4317,#4318,#4319,#4320,#4321,#4322,#4323,#4324,#4325,#4326,#4327,#4328,#4329,#4330,#4331,#4332,#4333,#4334,#4335,#4336,#4337,#4338,#4339,#4340,#4341,#4342,#4343,#4344,#4345,#4346,#4347,#4348,#4349,#4350,#4351,#4352,#4353,#4354,#4355,#4356,#4357,#4358,#4359,#4360,#4361,#4362,#4363,#4364,#4365,#4366,#4367,#4368,#4369,#4370,#4371,#4372,#4373,#4374,#4375,#4376,#4377,#4378,#4379,#4380,#4381,#4382,#4383,#4384,#4385,#4386,#4387,#4388,#4389,#4390,#4391,#4392,#4393,#4394,#4395,#4396,#4397,#4398,#4399,#4400,#4401,#4402,#4403,#4404,#4405,#4406,#4407,#4408,#4409,#4410,#4411,#4412,#4413,#4414,#4415,#4416,#4417,#4418,#4419,#4420,#4421,#4422,#4423,#4424,#4425,#4426,#4427,#4428,#4429,#4430,#4431,#4432,#4433,#4434,#4435,#4436,#4437,#4438,#4439,#4440,#4441,#4442,#4443,#4444,#4445,#4446,#4447,#4448,#4449,#4450,#4451,#4452,#4453,#4454,#4455,#4456,#4457,#4458,#4459,#4460,#4461,#4462,#4463,#4464,#4465,#4466,#4467,#4468,#4469,#4470,#4471,#4472,#4473,#4474,#4475,#4476,#4477,#4478,#4479,#4480,#4481,#4482,#4483,#4484,#4485,#4486,#4487,#4488,#4489,#4490,#4491,#4492,#4493,#4494,#4495,#4496,#4497,#4498,#4499,#4500,#4501,#4502,#4503,#4504,#4505,#4506,#4507,#4508,#4509,#4510,#4511,#4512,#4513,#4514,#4515,#4516,#4517,#4518,#4519,#4520,#4521,#4522,#4523,#4524,#4525,#4526,#4527,#4528,#4529,#4530,#4531,#4532,#4533,#4534,#4535,#4536,#4537,#4538,#4539,#4540,#4541,#4542,#4543,#4544,#4545,#4546,#4547,#4548,#4549,#4550,#4551,#4552,#4553,#4554,#4555,#4556,#4557,#4558,#4559,#4560,#4561,#4562,#4563,#4564,#4565,#4566,#4567,#4568,#4569,#4570,#4571,#4572,#4573,#4574,#4575,#4576,#4577,#4578,#4579,#4580,#4581,#4582,#4583,#4584,#4585,#4586,#4587,#4588,#4589,#4590,#4591,#4592,#4593,#4594,#4595,#4596,#4597,#4598,#4599,#4600,#4601,#4602,#4603,#4604,#4605,#4606,#4607,#4608,#4609,#4610,#4611,#4612,#4613,#4614,#4615,#4616,#4617,#4618,#4619,#4620,#4621,#4622,#4623,#4624,#4625,#4626,#4627,#4628,#4629,#4630,#4631,#4632,#4633,#4634,#4635,#4636,#4637,#4638,#4639,#4640,#4641,#4642,#4643,#4644,#4645,#4646,#4647,#4648,#4649,#4650,#4651,#4652,#4653,#4654,#4655,#4656,#4657,#4658,#4659,#4660,#4661,#4662,#4663,#4664,#4665,#4666,#4667,#4668,#4669,#4670,#4671,#4672,#4673,#4674,#4675,#4676,#4677,#4678,#4679,#4680,#4681,#4682,#4683,#4684,#4685,#4686,#4687,#4688,#4689,#4690,#4691,#4692,#4693,#4694,#4695,#4696,#4697,#4698,#4699,#4700,#4701,#4702,#4703,#4704,#4705,#4706,#4707,#4708,#4709,#4710,#4711,#4712,#4713,#4714,#4715,#4716,#4717,#4718,#4719,#4720,#4721,#4722,#4723,#4724,#4725,#4726,#4727,#4728,#4729,#4730,#4731,#4732,#4733,#4734,#4735,#4736,#4737,#4738,#4739,#4740,#4741,#4742,#4743,#4744,#4745,#4746,#4747,#4748,#4749,#4750,#4751,#4752,#4753,#4754,#4755,#4756,#4757,#4758,#4759,#4760,#4761,#4762,#4763,#4764,#4765,#4766,#4767,#4768,#4769,#4770,#4771,#4772,#4773,#4774,#4775,#4776,#4777,#4778,#4779,#4780,#4781,#4782,#4783,#4784,#4785,#4786,#4787,#4788,#4789,#4790,#4791,#4792,#4793,#4794,#4795,#4796,#4797,#4798,#4799,#4800,#4801,#4802,#4803,#4804,#4805,#4806,#4807,#4808,#4809,#4810,#4811,#4812,#4813,#4814,#4815,#4816,#4817,#4818,#4819,#4820,#4821,#4822,#4823,#4824,#4825,#4826,#4827,#4828,#4829,#4830,#4831,#4832,#4833,#4834,#4835,#4836,#4837,#4838,#4839,#4840,#4841,#4842,#4843,#4844,#4845,#4846,#4847,#4848,#4849,#4850,#4851,#4852,#4853,#4854,#4855,#4856,#4857,#4858,#4859,#4860,#4861,#4862,#4863,#4864,#4865,#4866,#4867,#4868,#4869,#4870,#4871,#4872,#4873,#4874,#4875,#4876,#4877,#4878,#4879,#4880,#4881,#4882,#4883,#4884,#4885,#4886,#4887,#4888,#4889,#4890,#4891,#4892,#4893,#4894,#4895,#4896,#4897,#4898,#4899,#4900,#4901,#4902,#4903,#4904,#4905,#4906),$);
#48=IFCCARTESIANPOINTLIST3D(((-52.6499366760254,-52.6496086120605,631.70849609375),(-24.5920848846436,-70.2795104980469,631.70849609375),(8.3364839553833,-73.9896697998047,631.708557128906),(39.613883972168,-63.045238494873,631.708557128906),(63.045238494873,-39.613883972168,631.708557128906),(73.9896774291992,-8.33648777008057,631.708557128906),(70.2795104980469,24.5920715332031,631.70849609375),(52.6496047973633,52.6499252319336,631.70849609375),(24.5917663574219,70.2798461914062,631.70849609375),(-8.33680057525635,74.,631.70849609375),(-39.6142158508301,63.0455741882324,631.70849609375),(-63.045581817627,39.6142120361328,631.70849609375),(-74.,8.33679676055908,631.70849609375),(-70.2798461914062,-24.5917797088623,631.70849609375),(-50.3804588317871,-50.380054473877,767.401672363281),(-23.5320625305176,-67.2500076293945,767.401672363281),(7.97709226608276,-70.8002471923828,767.401672363281),(37.90625,-60.3275718688965,767.401672363281),(60.3275680541992,-37.9062461853027,767.401672363281),(70.8002395629883,-7.97709608078003,767.401672363281),(67.2500152587891,23.5320587158203,767.401672363281),(50.380054473877,50.3804512023926,767.401794433594),(23.5316753387451,67.2504043579102,767.401794433594),(-7.97748327255249,70.800651550293,767.401794433594),(-37.906665802002,60.327995300293,767.401794433594),(-60.3279914855957,37.9066543579102,767.401794433594),(-70.800651550293,7.97747611999512,767.401794433594),(-67.2504119873047,-23.5316944122314,767.401794433594),(-68.7931365966797,-68.7927322387695,786.2236328125),(-32.1323661804199,-91.8282318115234,786.223510742188),(10.8925981521606,-96.6759719848633,786.223510742188),(51.7600708007812,-82.3758010864258,786.2236328125),(82.3758010864258,-51.7600708007812,786.2236328125),(96.6759719848633,-10.8925943374634,786.223510742188),(91.8282241821289,32.1323509216309,786.223510742188),(68.7927322387695,68.7931365966797,786.223754882812),(32.1319694519043,91.8286361694336,786.223876953125),(-10.8929691314697,96.676399230957,786.223876953125),(-51.7604942321777,82.3762435913086,786.223815917969),(-82.3762359619141,51.7604789733887,786.223815917969),(-96.6764068603516,10.8929653167725,786.223876953125),(-91.8286361694336,-32.1319961547852,786.223876953125),(-122.823402404785,-122.822998046875,805.83740234375),(-57.3690872192383,-163.950622558594,805.837158203125),(19.4478168487549,-172.605834960938,805.837219238281),(92.4127883911133,-147.074234008789,805.837219238281),(147.074249267578,-92.4127807617188,805.837219238281),(172.605819702148,-19.4478244781494,805.837219238281),(163.950622558594,57.3690605163574,805.837158203125),(122.822998046875,122.823387145996,805.837280273438),(57.3686866760254,163.951049804688,805.837829589844),(-19.4482192993164,172.60627746582,805.837829589844),(-92.4132308959961,147.07470703125,805.837829589844),(-147.074722290039,92.4132385253906,805.837951660156),(-172.60627746582,19.4482192993164,805.837707519531),(-163.951065063477,-57.3687515258789,805.837829589844),(-153.439971923828,-153.439559936523,817.269653320312),(-71.6696243286133,-204.819244384766,817.269714355469),(24.2956695556641,-215.631927490234,817.269714355469),(115.44889831543,-183.73600769043,817.269714355469),(183.73600769043,-115.44889831543,817.269714355469),(215.631912231445,-24.2956924438477,817.269714355469),(204.819244384766,71.6695938110352,817.269714355469),(153.439544677734,153.439926147461,817.269653320312),(71.6692352294922,204.819625854492,817.270202636719),(-24.2960758209229,215.632339477539,817.270385742188),(-115.449348449707,183.736480712891,817.2705078125),(-183.736480712891,115.449348449707,817.270446777344),(-215.632354736328,24.2960605621338,817.270385742188),(-204.81965637207,-71.669319152832,817.270202636719),(-177.262985229492,-177.262588500977,847.018493652344),(-82.7970199584961,-236.619476318359,847.018432617188),(28.0678443908691,-249.110916137695,847.018432617188),(133.373489379883,-212.262832641602,847.018432617188),(212.262847900391,-133.373474121094,847.018432617188),(249.110885620117,-28.0678596496582,847.018432617188),(236.619445800781,82.7969589233398,847.018432617188),(177.262557983398,177.262908935547,847.018493652344),(82.7966461181641,236.619857788086,847.018981933594),(-28.0682773590088,249.111343383789,847.019287109375),(-133.373977661133,212.26335144043,847.019409179688),(-212.26335144043,133.373947143555,847.019409179688),(-249.111373901367,28.0682468414307,847.019348144531),(-236.619873046875,-82.7967147827148,847.019104003906),(-177.523635864258,-177.523254394531,862.0458984375),(-82.9187469482422,-236.967391967773,862.045837402344),(28.1091194152832,-249.477233886719,862.045837402344),(133.569625854492,-212.574951171875,862.045837402344),(212.574996948242,-133.569641113281,862.045837402344),(249.477203369141,-28.1091346740723,862.045837402344),(236.967422485352,82.9187316894531,862.045837402344),(177.523239135742,177.523620605469,862.045959472656),(82.9183349609375,236.967758178711,862.046569824219),(-28.1095695495605,249.477661132812,862.046752929688),(-133.570114135742,212.575500488281,862.046875),(-212.575500488281,133.570114135742,862.046875),(-249.477691650391,28.1095180511475,862.046936035156),(-236.967834472656,-82.9184494018555,862.046447753906),(-174.608016967773,-174.607559204102,878.760803222656),(-81.5568923950195,-233.075408935547,878.760803222656),(27.6474323272705,-245.379730224609,878.760803222656),(131.375839233398,-209.083572387695,878.760803222656),(209.083572387695,-131.37580871582,878.760681152344),(245.379760742188,-27.6474628448486,878.760803222656),(233.075378417969,81.5568313598633,878.760803222656),(174.607559204102,174.607971191406,878.760986328125),(81.5564727783203,233.075820922852,878.761596679688),(-27.6478900909424,245.380218505859,878.761596679688),(-131.376373291016,209.084167480469,878.76171875),(-209.084167480469,131.376373291016,878.76171875),(-245.380233764648,27.6478691101074,878.76171875),(-233.075881958008,-81.5565643310547,878.761596679688),(-48.3005027770996,-76.8695526123047,360.823150634766),(-10.1647672653198,-90.2138214111328,360.823181152344),(29.9842109680176,-85.6901321411133,360.823181152344),(64.1944274902344,-64.1944274902344,360.823181152344),(85.6901245117188,-29.9842071533203,360.823181152344),(90.2138214111328,10.1647596359253,360.823181152344),(76.8695678710938,48.3005065917969,360.823150634766),(48.3003196716309,76.869758605957,360.823150634766),(10.1645841598511,90.2140426635742,360.823089599609),(-29.9844036102295,85.6903457641602,360.823089599609),(-64.1946411132812,64.1946411132812,360.823089599609),(-85.6903457641602,29.9843997955322,360.823089599609),(-90.2140502929688,-10.1646032333374,360.823089599609),(-76.8697738647461,-48.3003387451172,360.823150634766),(-36.8184585571289,-58.5957298278809,745.36083984375),(-7.74848365783691,-68.7677459716797,745.36083984375),(22.856128692627,-65.3194274902344,745.36083984375),(48.9337692260742,-48.9337692260742,745.36083984375),(65.3194351196289,-22.8561325073242,745.36083984375),(68.7677459716797,7.74847459793091,745.36083984375),(58.5957336425781,36.8184471130371,745.36083984375),(36.8180694580078,58.5961074829102,745.36083984375),(7.74810838699341,68.7681503295898,745.36083984375),(-22.856517791748,65.3198318481445,745.36083984375),(-48.9341659545898,48.9341583251953,745.36083984375),(-65.3198394775391,22.8565196990967,745.36083984375),(-68.7681427001953,-7.74811983108521,745.36083984375),(-58.5961074829102,-36.8180770874023,745.36083984375),(-70.2829284667969,-111.854095458984,795.914001464844),(-14.7909870147705,-131.271545410156,795.9140625),(43.6304397583008,-124.689025878906,795.914123535156),(93.4102630615234,-93.4102630615234,795.914123535156),(124.689018249512,-43.6304473876953,795.914123535156),(131.271545410156,14.7909717559814,795.9140625),(111.85408782959,70.2829055786133,795.914001464844),(70.2825088500977,111.854484558105,795.914245605469),(14.790599822998,131.271987915039,795.914489746094),(-43.6308517456055,124.689468383789,795.914489746094),(-93.4107208251953,93.4107208251953,795.914489746094),(-124.689476013184,43.6308441162109,795.914489746094),(-131.27197265625,-14.7906179428101,795.914367675781),(-111.854507446289,-70.2825393676758,795.914245605469),(-39.6077117919922,-63.0348815917969,631.70849609375),(-64.2051849365234,-64.2049713134766,360.823150634766),(-29.9893283843994,-85.7041931152344,360.823181152344),(-8.33544445037842,-73.9775161743164,631.708557128906),(10.16623878479,-90.2286605834961,360.823181152344),(24.587718963623,-70.2679748535156,631.708557128906),(48.3082466125488,-76.8821868896484,360.823181152344),(52.6409568786621,-52.6409568786621,631.708557128906),(76.8821792602539,-48.3082389831543,360.823181152344),(70.2679672241211,-24.5877151489258,631.708557128906),(90.2286529541016,-10.1662425994873,360.823181152344),(73.9775314331055,8.33544826507568,631.708557128906),(85.7041931152344,29.9893188476562,360.823181152344),(63.0348892211914,39.6077041625977,631.70849609375),(64.2049713134766,64.2051696777344,360.823150634766),(39.6073913574219,63.0352172851562,631.70849609375),(29.9891510009766,85.7044067382812,360.823089599609),(8.3351354598999,73.9778594970703,631.70849609375),(-10.1664209365845,90.2288589477539,360.823089599609),(-24.5880451202393,70.2683181762695,631.70849609375),(-48.3084373474121,76.8823852539062,360.823089599609),(-52.641300201416,52.6412925720215,631.70849609375),(-76.8823928833008,48.3084335327148,360.823089599609),(-70.2683258056641,24.5880393981934,631.70849609375),(-90.2288589477539,10.1664133071899,360.823089599609),(-73.9778594970703,-8.33514308929443,631.70849609375),(-85.7044067382812,-29.9891662597656,360.823089599609),(-63.0352249145508,-39.6074028015137,631.70849609375),(-48.9421997070312,-48.9418106079102,745.36083984375),(-22.8602714538574,-65.3301620483398,745.36083984375),(7.74935626983643,-68.7790374755859,745.36083984375),(36.8241081237793,-58.6053428649902,745.36083984375),(58.6053466796875,-36.824104309082,745.36083984375),(68.7790298461914,-7.74935626983643,745.36083984375),(65.3301696777344,22.8602676391602,745.36083984375),(48.9418106079102,48.9421920776367,745.36083984375),(22.8598976135254,65.3305511474609,745.36083984375),(-7.74973917007446,68.7794418334961,745.36083984375),(-36.8244934082031,58.6057434082031,745.36083984375),(-58.6057434082031,36.8244934082031,745.36083984375),(-68.7794418334961,7.74973917007446,745.36083984375),(-65.3305511474609,-22.8599109649658,745.36083984375),(-37.9004364013672,-60.3176727294922,767.401672363281),(-7.9761905670166,-70.7886276245117,767.401672363281),(23.5277938842773,-67.2389602661133,767.401672363281),(50.371768951416,-50.371768951416,767.401672363281),(67.2389602661133,-23.527795791626,767.401672363281),(70.7886199951172,7.97618341445923,767.401672363281),(60.3176803588867,37.9004287719727,767.401672363281),(37.9000396728516,60.3180694580078,767.401794433594),(7.97580337524414,70.7890319824219,767.401794433594),(-23.5282039642334,67.2393798828125,767.401794433594),(-50.3721923828125,50.372184753418,767.401794433594),(-67.239387512207,23.5281982421875,767.401794433594),(-70.7890243530273,-7.97580718994141,767.401794433594),(-60.3180694580078,-37.9000396728516,767.401794433594),(-51.7519912719727,-82.3622894287109,786.223510742188),(-10.8911962509155,-96.6601028442383,786.223510742188),(32.1266746520996,-91.8131408691406,786.2236328125),(68.7814254760742,-68.7814254760742,786.2236328125),(91.8131408691406,-32.1266746520996,786.2236328125),(96.6600875854492,10.8911991119385,786.223510742188),(82.3622894287109,51.7519798278809,786.223510742188),(51.7515983581543,82.3627090454102,786.223754882812),(10.8908176422119,96.6605224609375,786.223876953125),(-32.1270751953125,91.8135681152344,786.223815917969),(-68.7818603515625,68.7818603515625,786.223815917969),(-91.8135604858398,32.127067565918,786.223815917969),(-96.660514831543,-10.8908367156982,786.223876953125),(-82.3627090454102,-51.7516021728516,786.223754882812),(-93.4260482788086,-93.4256362915039,795.914001464844),(-43.6380348205566,-124.709526062012,795.914001464844),(14.7929944992065,-131.293090820312,795.914123535156),(70.2940368652344,-111.872444152832,795.914123535156),(111.872444152832,-70.2940368652344,795.914123535156),(131.293090820312,-14.7929983139038,795.914123535156),(124.709526062012,43.6380233764648,795.914001464844),(93.4256362915039,93.426025390625,795.9140625),(43.6376304626465,124.709930419922,795.914428710938),(-14.7933893203735,131.293533325195,795.914489746094),(-70.2944564819336,111.872886657715,795.914489746094),(-111.872886657715,70.2944564819336,795.914489746094),(-131.293548583984,14.7933826446533,795.914367675781),(-124.709930419922,-43.6376571655273,795.914367675781),(-92.3980560302734,-147.05012512207,805.837158203125),(-19.4450302124023,-172.577499389648,805.837219238281),(57.3592567443848,-163.923706054688,805.837219238281),(122.802787780762,-122.802787780762,805.837219238281),(163.923721313477,-57.3592529296875,805.837219238281),(172.577484130859,19.4450378417969,805.837219238281),(147.05012512207,92.3980255126953,805.837158203125),(92.3976593017578,147.050521850586,805.837585449219),(19.4446506500244,172.577896118164,805.837829589844),(-57.3596687316895,163.924163818359,805.837829589844),(-122.803260803223,122.803260803223,805.837951660156),(-163.924179077148,57.3596649169922,805.837829589844),(-172.577911376953,-19.4447040557861,805.837829589844),(-147.050552368164,-92.3976974487305,805.837585449219),(-115.430381774902,-183.705856323242,817.26953125),(-24.2921409606934,-215.59651184082,817.269592285156),(71.6574478149414,-204.785568237305,817.269592285156),(153.414337158203,-153.414337158203,817.269592285156),(204.785583496094,-71.6574325561523,817.269592285156),(215.596496582031,24.2921047210693,817.269592285156),(183.70588684082,115.430381774902,817.26953125),(115.429992675781,183.706268310547,817.27001953125),(24.2917213439941,215.596939086914,817.270263671875),(-71.657844543457,204.786041259766,817.270385742188),(-153.414779663086,153.414779663086,817.2705078125),(-204.786041259766,71.657844543457,817.270385742188),(-215.596954345703,-24.2918033599854,817.270263671875),(-183.706283569336,-115.430015563965,817.27001953125),(-133.352035522461,-212.22802734375,847.018432617188),(-28.0636940002441,-249.06999206543,847.0185546875),(82.7829742431641,-236.58056640625,847.018310546875),(177.2333984375,-177.2333984375,847.018432617188),(236.58056640625,-82.7829742431641,847.018310546875),(249.06999206543,28.0636787414551,847.0185546875),(212.22802734375,133.351989746094,847.018432617188),(133.351654052734,212.228408813477,847.018798828125),(28.0632839202881,249.070434570312,847.019287109375),(-82.7834167480469,236.5810546875,847.019470214844),(-177.233917236328,177.233917236328,847.019470214844),(-236.5810546875,82.7834167480469,847.01953125),(-249.070449829102,-28.0633525848389,847.019165039062),(-212.228454589844,-133.351715087891,847.018798828125),(-133.548126220703,-212.540100097656,862.0458984375),(-28.1049728393555,-249.436264038086,862.045959472656),(82.904670715332,-236.928436279297,862.045837402344),(177.494018554688,-177.494018554688,862.045837402344),(236.928466796875,-82.9047088623047,862.045837402344),(249.436233520508,28.1049213409424,862.045959472656),(212.540100097656,133.548095703125,862.0458984375),(133.547729492188,212.540481567383,862.046142578125),(28.1045360565186,249.436660766602,862.046752929688),(-82.9051513671875,236.928939819336,862.046813964844),(-177.494552612305,177.494552612305,862.046752929688),(-236.928939819336,82.9051513671875,862.046813964844),(-249.436706542969,-28.1046333312988,862.046752929688),(-212.540542602539,-133.547790527344,862.046142578125),(-131.354736328125,-209.049301147461,878.760803222656),(-27.643383026123,-245.339508056641,878.760803222656),(81.5430297851562,-233.037078857422,878.7607421875),(174.578811645508,-174.578811645508,878.760681152344),(233.037078857422,-81.5430297851562,878.7607421875),(245.339477539062,27.643346786499,878.760803222656),(209.04931640625,131.354705810547,878.760803222656),(131.354293823242,209.049728393555,878.761291503906),(27.6429615020752,245.339920043945,878.761596679688),(-81.5435409545898,233.037658691406,878.76171875),(-174.579391479492,174.579391479492,878.76171875),(-233.037643432617,81.5435256958008,878.76171875),(-245.339950561523,-27.6429920196533,878.761596679688),(-209.049774169922,-131.354385375977,878.761291503906),(-71.7159271240234,-71.7154922485352,812.59375),(-33.4975509643555,-95.7296752929688,812.593688964844),(11.3553476333618,-100.783355712891,812.59375),(53.9591331481934,-85.8756256103516,812.593811035156),(85.8756256103516,-53.9591293334961,812.593811035156),(100.783355712891,-11.3553438186646,812.59375),(95.7296752929688,33.4975357055664,812.593688964844),(71.7154846191406,71.7159042358398,812.59375),(33.4971466064453,95.7301025390625,812.594116210938),(-11.355809211731,100.783843994141,812.593933105469),(-53.959644317627,85.8761367797852,812.593872070312),(-85.8761367797852,53.959644317627,812.593872070312),(-100.783843994141,11.3557939529419,812.593933105469),(-95.7301025390625,-33.4971771240234,812.594116210938),(-53.9507484436035,-85.8615646362305,812.59375),(-11.3539505004883,-100.766830444336,812.593688964844),(33.491584777832,-95.7139205932617,812.593811035156),(71.7036666870117,-71.7036666870117,812.593811035156),(95.7139053344727,-33.4915809631348,812.593811035156),(100.766830444336,11.3539352416992,812.59375),(85.8615646362305,53.9507331848145,812.593688964844),(53.9503211975098,85.8619766235352,812.593933105469),(11.3535184860229,100.767280578613,812.594116210938),(-33.4920806884766,95.7144241333008,812.593872070312),(-71.7041854858398,71.7041854858398,812.593872070312),(-95.7144241333008,33.4920806884766,812.593872070312),(-100.767265319824,-11.3535404205322,812.594116210938),(-85.8619995117188,-53.9503440856934,812.593933105469),(-56.2818183898926,-160.843368530273,813.257446289062),(-76.9776229858398,-220.019104003906,869.205383300781),(-123.986274719238,-197.341247558594,869.205322265625),(-90.6468811035156,-144.263153076172,813.257446289062),(-164.817230224609,-164.831146240234,869.205444335938),(-120.495574951172,-120.495170593262,813.257629394531),(19.0791854858398,-169.334442138672,813.257629394531),(26.1083240509033,-231.629547119141,869.205383300781),(-26.0845699310303,-231.593795776367,869.205383300781),(-19.0765323638916,-169.306671142578,813.257507324219),(90.661247253418,-144.286712646484,813.257507324219),(124.023078918457,-197.362838745117,869.205383300781),(76.9834442138672,-219.976303100586,869.205383300781),(56.272045135498,-160.816848754883,813.257507324219),(144.286727905273,-90.6612091064453,813.257507324219),(197.373611450195,-124.,869.205383300781),(164.80387878418,-164.789764404297,869.205383300781),(120.475273132324,-120.475257873535,813.257507324219),(169.334442138672,-19.0791549682617,813.257629394531),(231.631790161133,-26.0882740020752,869.205383300781),(219.982849121094,-76.9646072387695,869.205383300781),(160.816848754883,-56.2720184326172,813.257507324219),(160.843353271484,56.281795501709,813.257446289062),(220.012466430664,77.,869.205383300781),(231.591552734375,26.1043891906738,869.205383300781),(169.306655883789,19.076509475708,813.257507324219),(120.495170593262,120.495544433594,813.257507324219),(164.817047119141,164.83137512207,869.205444335938),(197.330657958984,124.,869.205444335938),(144.263153076172,90.6468658447266,813.257446289062),(56.2813911437988,160.843765258789,813.258117675781),(76.9772491455078,220.019500732422,869.2060546875),(123.986022949219,197.341522216797,869.205810546875),(90.646484375,144.263534545898,813.2578125),(-19.0796699523926,169.334945678711,813.257995605469),(-26.1087322235107,231.630065917969,869.206237792969),(26.0841083526611,231.59423828125,869.206237792969),(19.0760707855225,169.307083129883,813.257995605469),(-90.6618347167969,144.287307739258,813.258117675781),(-124.023666381836,197.363464355469,869.206237792969),(-76.9839172363281,219.976852416992,869.206237792969),(-56.2726020812988,160.817398071289,813.257995605469),(-144.287322998047,90.6618423461914,813.258117675781),(-197.374221801758,124.,869.206237792969),(-164.804473876953,164.790328979492,869.206237792969),(-120.475868225098,120.475868225098,813.258117675781),(-169.334945678711,19.0796699523926,813.257995605469),(-231.632308959961,26.0887203216553,869.206237792969),(-219.983459472656,76.9650802612305,869.206237792969),(-160.817428588867,56.272632598877,813.258117675781),(-160.84375,-56.2814788818359,813.258117675781),(-220.012817382812,-77.,869.206115722656),(-231.592025756836,-26.1040840148926,869.206237792969),(-169.307098388672,-19.0761375427246,813.257995605469),(-197.330917358398,-124.,869.205810546875),(-144.263565063477,-90.6465225219727,813.2578125),(-34.8394813537598,-34.8390502929688,765.714538574219),(-16.2731151580811,-46.505069732666,765.714538574219),(5.51628494262695,-48.9601364135742,765.714477539062),(26.2130756378174,-41.7180023193359,765.714660644531),(41.7180023193359,-26.2130756378174,765.714599609375),(48.960132598877,-5.51628875732422,765.714477539062),(46.5050659179688,16.2731094360352,765.714538574219),(34.8390502929688,34.8394775390625,765.714599609375),(16.2726993560791,46.5054969787598,765.714660644531),(-5.51671886444092,48.9605827331543,765.714721679688),(-26.2135353088379,41.7184715270996,765.714721679688),(-41.7184753417969,26.2135314941406,765.714721679688),(-48.9605865478516,5.51671695709229,765.714721679688),(-46.5054969787598,-16.2727108001709,765.714721679688),(-26.2092113494873,-41.7111663818359,765.714538574219),(-5.51581716537476,-48.9521026611328,765.714477539062),(16.2700023651123,-46.4974136352539,765.714477539062),(34.8333129882812,-34.8333129882812,765.714660644531),(46.4974098205566,-16.2700061798096,765.714538574219),(48.9520988464355,5.51581525802612,765.714477539062),(41.7111701965332,26.20920753479,765.714538574219),(26.2087898254395,41.7115936279297,765.714660644531),(5.51539468765259,48.9525375366211,765.714721679688),(-16.2704486846924,46.4978713989258,765.714721679688),(-34.8337707519531,34.8337707519531,765.714721679688),(-46.497875213623,16.2704448699951,765.714721679688),(-48.9525413513184,-5.51540565490723,765.714721679688),(-41.7116012573242,-26.2087993621826,765.714660644531),(0.,0.,0.),(-79.7824172973633,-79.7823867797852,0.),(-80.1583557128906,-80.1583251953125,0.566065311431885),(-60.3017959594727,-95.9697265625,0.566065311431885),(-60.0189781188965,-95.5196304321289,0.),(-37.4407730102539,-107.,0.566095113754272),(-37.2651824951172,-106.497718811035,0.),(-12.6903324127197,-112.629692077637,0.566095113754272),(-12.630820274353,-112.101470947266,0.),(12.6923942565918,-112.64820098877,0.56612491607666),(12.6328678131104,-112.119888305664,0.),(37.4346008300781,-106.981964111328,0.56612491607666),(37.2590370178223,-106.480224609375,0.),(60.3116760253906,-95.985481262207,0.566154718399048),(60.0288124084473,-95.5353088378906,0.),(80.1451568603516,-80.1451568603516,0.566154718399048),(79.7692718505859,-79.7692718505859,0.),(95.985481262207,-60.3116760253906,0.566154718399048),(95.5353164672852,-60.02880859375,0.),(106.981964111328,-37.4345970153809,0.56612491607666),(106.480224609375,-37.2590408325195,0.),(112.648193359375,-12.6923980712891,0.56612491607666),(112.119888305664,-12.6328678131104,0.),(112.629699707031,12.6903247833252,0.566095113754272),(112.101486206055,12.6308059692383,0.),(107.,37.4407653808594,0.566095113754272),(106.497718811035,37.2651672363281,0.),(95.9697341918945,60.3017883300781,0.566065311431885),(95.5196380615234,60.0189743041992,0.),(80.1583251953125,80.1583404541016,0.566065311431885),(79.7823944091797,79.7824096679688,0.),(60.3017959594727,95.9697494506836,0.566065311431885),(60.0189743041992,95.5196533203125,0.),(37.4407768249512,107.,0.566065311431885),(37.2651748657227,106.497749328613,0.),(12.6903343200684,112.629730224609,0.566005706787109),(12.6308183670044,112.101493835449,0.),(-12.6923923492432,112.648223876953,0.565975904464722),(-12.6328620910645,112.119918823242,0.),(-37.4346122741699,106.982009887695,0.565975904464722),(-37.2590560913086,106.480270385742,0.),(-60.3116912841797,95.9855194091797,0.565975904464722),(-60.0288276672363,95.5353469848633,0.),(-80.1451873779297,80.1451873779297,0.565975904464722),(-79.7693023681641,79.7693023681641,0.),(-95.9855194091797,60.3116874694824,0.565975904464722),(-95.5353546142578,60.0288276672363,0.),(-106.982009887695,37.4346084594727,0.565975904464722),(-106.480278015137,37.2590522766113,0.),(-112.648231506348,12.6923885345459,0.565975904464722),(-112.119918823242,12.6328582763672,0.),(-112.629722595215,-12.6903524398804,0.566005706787109),(-112.101509094238,-12.6308259963989,0.),(-107.,-37.4407997131348,0.566065311431885),(-106.497749328613,-37.265193939209,0.),(-95.9697570800781,-60.3018035888672,0.566065311431885),(-95.5196685791016,-60.0189819335938,0.),(-79.2385711669922,-226.450012207031,895.605895996094),(-79.4955368041992,-227.18440246582,895.079345703125),(-128.034759521484,-203.765594482422,895.079345703125),(-127.620872497559,-203.106903076172,895.605895996094),(-170.194778442383,-170.1943359375,895.079345703125),(-169.644607543945,-169.644149780273,895.605895996094),(26.8615283966064,-238.404586791992,895.605895996094),(26.9486331939697,-239.177749633789,895.079345703125),(-26.9446926116943,-239.13850402832,895.079345703125),(-26.857608795166,-238.365463256836,895.605895996094),(127.641311645508,-203.14013671875,895.605834960938),(128.055282592773,-203.798950195312,895.079284667969),(79.4820251464844,-227.147033691406,895.079284667969),(79.22509765625,-226.41276550293,895.605834960938),(203.140151977539,-127.641296386719,895.605834960938),(203.798965454102,-128.055267333984,895.079284667969),(170.166305541992,-170.166305541992,895.079345703125),(169.6162109375,-169.6162109375,895.605895996094),(238.404556274414,-26.8615436553955,895.605895996094),(239.177734375,-26.9486484527588,895.079345703125),(227.147033691406,-79.4820175170898,895.079284667969),(226.41276550293,-79.2250900268555,895.605834960938),(226.449981689453,79.2385177612305,895.605895996094),(227.18440246582,79.4955062866211,895.079345703125),(239.13850402832,26.9446620941162,895.079345703125),(238.365463256836,26.8575572967529,895.605895996094),(169.644149780273,169.644577026367,895.605895996094),(170.1943359375,170.194747924805,895.079345703125),(203.765594482422,128.034729003906,895.079223632812),(203.106887817383,127.620826721191,895.605895996094),(79.238166809082,226.450424194336,895.606506347656),(79.4951400756836,227.184844970703,895.080017089844),(128.034332275391,203.765991210938,895.079711914062),(127.620422363281,203.107284545898,895.606262207031),(-26.8620052337646,238.40510559082,895.606567382812),(-26.949125289917,239.178283691406,895.080017089844),(26.9442520141602,239.138977050781,895.080017089844),(26.8571472167969,238.365936279297,895.606567382812),(-127.641899108887,203.140777587891,895.606811523438),(-128.055847167969,203.799575805664,895.080261230469),(-79.4825286865234,227.147613525391,895.080139160156),(-79.2255859375,226.413330078125,895.606689453125),(-203.14079284668,127.641883850098,895.606811523438),(-203.799575805664,128.055847167969,895.080261230469),(-170.166900634766,170.166900634766,895.080261230469),(-169.616806030273,169.616806030273,895.606689453125),(-238.405120849609,26.8619823455811,895.606567382812),(-239.178298950195,26.9490871429443,895.080017089844),(-227.147659301758,79.4825439453125,895.080139160156),(-226.413360595703,79.2256088256836,895.606689453125),(-226.450439453125,-79.2382431030273,895.606506347656),(-227.184844970703,-79.4952163696289,895.080017089844),(-239.139007568359,-26.9443187713623,895.080017089844),(-238.365951538086,-26.857213973999,895.606506347656),(-203.766036987305,-128.034378051758,895.079711914062),(-203.107315063477,-127.620483398438,895.606262207031),(-77.2064971923828,-220.642623901367,895.038757324219),(-77.3938369750977,-221.178024291992,895.605895996094),(-124.649719238281,-198.378341674805,895.605895996094),(-124.347991943359,-197.898147583008,895.038696289062),(-165.695129394531,-165.694671630859,895.605895996094),(-165.294036865234,-165.293594360352,895.038696289062),(26.1726322174072,-232.290618896484,895.038757324219),(26.2361259460449,-232.854263305664,895.605895996094),(-26.2323341369629,-232.816055297852,895.605895996094),(-26.1688251495361,-232.252502441406,895.038757324219),(124.367897033691,-197.930541992188,895.038635253906),(124.66967010498,-198.410797119141,895.605834960938),(77.380615234375,-221.141616821289,895.605834960938),(77.1932983398438,-220.606323242188,895.038635253906),(197.930541992188,-124.367897033691,895.038635253906),(198.41081237793,-124.669654846191,895.605834960938),(165.667358398438,-165.667358398438,895.605834960938),(165.266326904297,-165.266326904297,895.038635253906),(232.290618896484,-26.1726474761963,895.038757324219),(232.854248046875,-26.2361335754395,895.605895996094),(221.1416015625,-77.3806228637695,895.605834960938),(220.606307983398,-77.1933059692383,895.038635253906),(220.642608642578,77.2064514160156,895.038757324219),(221.177993774414,77.3937759399414,895.605895996094),(232.816055297852,26.2323265075684,895.605895996094),(232.252502441406,26.1688175201416,895.038757324219),(165.293579101562,165.293975830078,895.038696289062),(165.694671630859,165.695098876953,895.605895996094),(198.378341674805,124.649688720703,895.605773925781),(197.898147583008,124.347953796387,895.038696289062),(77.2060699462891,220.643035888672,895.039367675781),(77.3934173583984,221.178466796875,895.606506347656),(124.649314880371,198.378768920898,895.606262207031),(124.347587585449,197.898544311523,895.0390625),(-26.173131942749,232.291152954102,895.039367675781),(-26.2366409301758,232.854797363281,895.606506347656),(26.2318878173828,232.816543579102,895.606506347656),(26.1683788299561,232.252975463867,895.039367675781),(-124.368476867676,197.931167602539,895.039611816406),(-124.670272827148,198.41145324707,895.606689453125),(-77.3811492919922,221.142227172852,895.606567382812),(-77.1938552856445,220.606918334961,895.039428710938),(-197.931167602539,124.368469238281,895.039611816406),(-198.411468505859,124.670265197754,895.606689453125),(-165.667984008789,165.667984008789,895.606689453125),(-165.266967773438,165.266967773438,895.039611816406),(-232.291152954102,26.1731014251709,895.039367675781),(-232.85481262207,26.2366027832031,895.606506347656),(-221.142227172852,77.3811492919922,895.606567382812),(-220.606918334961,77.19384765625,895.039428710938),(-220.64306640625,-77.2061462402344,895.039367675781),(-221.178466796875,-77.3935089111328,895.606506347656),(-232.816558837891,-26.231954574585,895.606506347656),(-232.252990722656,-26.1684532165527,895.039367675781),(-198.378799438477,-124.649353027344,895.606262207031),(-197.898590087891,-124.347625732422,895.0390625),(-16.273120880127,-46.5050659179688,812.026672363281),(-16.4604625701904,-47.0404510498047,812.59375),(-26.5109519958496,-42.1913681030273,812.59375),(-26.2092189788818,-41.7111663818359,812.026672363281),(-35.2405700683594,-35.2401313781738,812.593933105469),(-34.839485168457,-34.8390464782715,812.026672363281),(5.516273021698,-48.9601249694824,812.026672363281),(5.57978010177612,-49.5237808227539,812.59375),(-5.57932281494141,-49.5156555175781,812.59375),(-5.51582527160645,-48.9520950317383,812.026672363281),(26.213062286377,-41.7179946899414,812.026672363281),(26.5148391723633,-42.1982688903809,812.593933105469),(16.4572982788086,-47.0327033996582,812.59375),(16.2699928283691,-46.4974060058594,812.026672363281),(41.7179908752441,-26.213062286377,812.026672363281),(42.1982688903809,-26.5148410797119,812.593933105469),(35.2343215942383,-35.2343215942383,812.593933105469),(34.8333015441895,-34.8333015441895,812.026672363281),(48.9601249694824,-5.51627683639526,812.026672363281),(49.5237770080566,-5.57978200912476,812.59375),(47.0327033996582,-16.4573040008545,812.593933105469),(46.4974021911621,-16.2699966430664,812.026672363281),(46.5050621032715,16.2731170654297,812.026672363281),(47.0404510498047,16.4604549407959,812.59375),(49.5156517028809,5.57931900024414,812.59375),(48.952091217041,5.51582336425781,812.026672363281),(34.8390464782715,34.8394813537598,812.026672363281),(35.2401313781738,35.2405624389648,812.59375),(42.1913681030273,26.5109443664551,812.59375),(41.7111663818359,26.2092151641846,812.026672363281),(16.2726898193359,46.5055046081543,812.02685546875),(16.4600296020508,47.0408935546875,812.593933105469),(26.5105171203613,42.1918067932129,812.593933105469),(26.2087841033936,41.7116012573242,812.026672363281),(-5.51673030853271,48.9605941772461,812.02685546875),(-5.58024120330811,49.5242538452148,812.593994140625),(5.57888031005859,49.5161094665527,812.593994140625),(5.51538276672363,48.9525489807129,812.02685546875),(-26.2135448455811,41.7184791564941,812.02685546875),(-26.5153217315674,42.1987571716309,812.593994140625),(-16.4577732086182,47.0331878662109,812.593994140625),(-16.2704620361328,46.4978828430176,812.02685546875),(-41.7184791564941,26.2135410308838,812.02685546875),(-42.1987609863281,26.5153179168701,812.593994140625),(-35.2348022460938,35.2348022460938,812.593994140625),(-34.8337821960449,34.8337821960449,812.02685546875),(-48.9605941772461,5.51672840118408,812.02685546875),(-49.5242500305176,5.58023548126221,812.593994140625),(-47.0331878662109,16.4577713012695,812.593994140625),(-46.4978904724121,16.2704620361328,812.02685546875),(-46.5055046081543,-16.272705078125,812.026672363281),(-47.0408973693848,-16.4600486755371,812.593994140625),(-49.51611328125,-5.57889366149902,812.593994140625),(-48.9525489807129,-5.5153956413269,812.02685546875),(-42.1918106079102,-26.5105266571045,812.593933105469),(-41.7116088867188,-26.2087898254395,812.026672363281),(-43.7138977050781,-69.5697479248047,779.409912109375),(-39.7791862487793,-63.3076782226562,773.169128417969),(-52.8778610229492,-52.8774490356445,773.169250488281),(-58.1082191467285,-58.1078224182129,779.409973144531),(-27.1415843963623,-77.5654296875,779.409912109375),(-24.698558807373,-70.5836563110352,773.169128417969),(-9.19960403442383,-81.6468124389648,779.409912109375),(-8.37156009674072,-74.2976684570312,773.169128417969),(9.20072174072266,-81.6602249145508,779.409912109375),(8.37253475189209,-74.3098754882812,773.169128417969),(27.1367301940918,-77.5526885986328,779.409912109375),(24.6941032409668,-70.5720672607422,773.169128417969),(43.7206687927246,-69.5811538696289,779.409973144531),(39.7852973937988,-63.3180618286133,773.169128417969),(58.0982627868652,-58.0982627868652,779.409973144531),(52.8687438964844,-52.8687438964844,773.169128417969),(69.5811538696289,-43.7206649780273,779.409973144531),(63.3180618286133,-39.7852973937988,773.169128417969),(77.5526885986328,-27.1367301940918,779.409912109375),(70.5720596313477,-24.6941013336182,773.169128417969),(81.6602249145508,-9.20071411132812,779.409912109375),(74.3098754882812,-8.37253475189209,773.169128417969),(81.6468048095703,9.19960784912109,779.409912109375),(74.2976684570312,8.37156009674072,773.169128417969),(77.5654220581055,27.1415786743164,779.409912109375),(70.5836563110352,24.6985511779785,773.169128417969),(69.5697479248047,43.7138900756836,779.409912109375),(63.3076858520508,39.7791786193848,773.169128417969),(58.1078262329102,58.1082153320312,779.409973144531),(52.8774528503418,52.8778495788574,773.169250488281),(43.7135047912598,69.5701446533203,779.409973144531),(39.7787818908691,63.3080635070801,773.169372558594),(27.1411876678467,77.5658264160156,779.410095214844),(24.6981639862061,70.5840454101562,773.169372558594),(9.19922065734863,81.647216796875,779.410095214844),(8.37116718292236,74.2980728149414,773.169372558594),(-9.20111656188965,81.6606369018555,779.410095214844),(-8.37292766571045,74.3102874755859,773.169372558594),(-27.1371326446533,77.5531005859375,779.410095214844),(-24.6945114135742,70.5724792480469,773.169372558594),(-43.7210731506348,69.5815811157227,779.410095214844),(-39.7857131958008,63.3184814453125,773.169372558594),(-58.0986747741699,58.0986747741699,779.410095214844),(-52.8691711425781,52.8691635131836,773.169372558594),(-69.5815811157227,43.7210731506348,779.410095214844),(-63.3184814453125,39.7857055664062,773.169372558594),(-77.5531005859375,27.1371231079102,779.410095214844),(-70.5724792480469,24.6944999694824,773.169372558594),(-81.6606292724609,9.20110511779785,779.410095214844),(-74.3102951049805,8.37292385101318,773.169372558594),(-81.6472244262695,-9.19922733306885,779.410095214844),(-74.2980728149414,-8.37117481231689,773.169372558594),(-77.5658340454102,-27.1412086486816,779.410095214844),(-70.5840530395508,-24.6981754302979,773.169372558594),(-69.5701522827148,-43.7135047912598,779.409973144531),(-63.3080711364746,-39.7787895202637,773.169372558594),(-130.628311157227,-207.893218994141,836.214660644531),(-126.372253417969,-201.119750976562,828.1337890625),(-167.984817504883,-167.984405517578,828.133911132812),(-173.642333984375,-173.641937255859,836.21484375),(-81.1058502197266,-231.786437988281,836.214721679688),(-78.4633102416992,-224.234512329102,828.133850097656),(-27.4905071258545,-243.982681274414,836.214721679688),(-26.5948181152344,-236.03337097168,828.133850097656),(27.4945678710938,-244.022766113281,836.214721679688),(26.5987701416016,-236.072158813477,828.133850097656),(81.0921173095703,-231.748336791992,836.214721679688),(78.4500350952148,-224.197662353516,828.133850097656),(130.649307250977,-207.927291870117,836.21484375),(126.392570495605,-201.152725219727,828.133850097656),(173.613342285156,-173.613342285156,836.21484375),(167.956787109375,-167.956787109375,828.133911132812),(207.927307128906,-130.649291992188,836.21484375),(201.152725219727,-126.392570495605,828.133850097656),(231.748336791992,-81.0921173095703,836.214721679688),(224.197662353516,-78.4500350952148,828.133850097656),(244.022735595703,-27.4945812225342,836.214721679688),(236.072128295898,-26.5987854003906,828.133850097656),(243.982681274414,27.4904613494873,836.214721679688),(236.033355712891,26.5948028564453,828.133850097656),(231.786407470703,81.1058349609375,836.214721679688),(224.234497070312,78.4632720947266,828.133850097656),(207.89323425293,130.628265380859,836.214660644531),(201.119750976562,126.372230529785,828.1337890625),(173.641937255859,173.642303466797,836.21484375),(167.984420776367,167.984802246094,828.1337890625),(130.6279296875,207.893600463867,836.215209960938),(126.371841430664,201.120147705078,828.13427734375),(81.1054840087891,231.786819458008,836.215454101562),(78.4629211425781,224.23486328125,828.134460449219),(27.490104675293,243.98307800293,836.215454101562),(26.5944118499756,236.033767700195,828.134643554688),(-27.4949550628662,244.023147583008,836.215454101562),(-26.5991554260254,236.072540283203,828.134643554688),(-81.0925140380859,231.748794555664,836.215698242188),(-78.4504470825195,224.198104858398,828.134643554688),(-130.649765014648,207.927810668945,836.215759277344),(-126.393028259277,201.153228759766,828.134948730469),(-173.613830566406,173.613830566406,836.215759277344),(-167.957260131836,167.957260131836,828.134826660156),(-207.927795410156,130.649749755859,836.215759277344),(-201.153198242188,126.392967224121,828.134948730469),(-231.748809814453,81.092529296875,836.215698242188),(-224.198135375977,78.4504318237305,828.134765625),(-244.023178100586,27.4949321746826,836.215698242188),(-236.072540283203,26.5991249084473,828.134765625),(-243.983093261719,-27.4901561737061,836.215576171875),(-236.033782958984,-26.5944862365723,828.134765625),(-231.786849975586,-81.1055450439453,836.215454101562),(-224.234909057617,-78.4630279541016,828.134460449219),(-207.893615722656,-130.627975463867,836.215209960938),(-201.120178222656,-126.37190246582,828.134155273438),(-73.6388549804688,-210.477462768555,833.8251953125),(-75.4258041381836,-215.736740112305,845.),(-121.521202087402,-193.511993408203,845.),(-118.608871459961,-188.783172607422,833.825073242188),(-66.5005111694336,-190.046722412109,817.811279296875),(-70.1932525634766,-200.600036621094,823.365417480469),(-113.052558898926,-179.921600341797,823.365295410156),(-107.104995727539,-170.456115722656,817.811218261719),(-161.561096191406,-161.646209716797,845.),(-157.669174194336,-157.683059692383,833.8251953125),(-150.279159545898,-150.278793334961,823.365417480469),(-142.373153686523,-142.372772216797,817.811340332031),(24.9764652252197,-221.584182739258,833.825073242188),(25.6484184265137,-227.097930908203,845.),(-25.5250282287598,-227.074172973633,845.),(-24.9528770446777,-221.550064086914,833.825317382812),(22.5433158874512,-200.079513549805,817.811279296875),(23.7951850891113,-211.189971923828,823.365417480469),(-23.7917537689209,-211.155303955078,823.365417480469),(-22.5401077270508,-200.046676635742,817.811279296875),(118.644813537598,-188.803375244141,833.8251953125),(121.642532348633,-193.479568481445,845.),(75.5265426635742,-215.661499023438,845.),(73.6452178955078,-210.43620300293,833.825317382812),(107.122100830078,-170.484008789062,817.811279296875),(113.07063293457,-179.951034545898,823.365417480469),(70.1812362670898,-200.567016601562,823.365417480469),(66.4890823364258,-190.015411376953,817.811279296875),(188.814102172852,-118.62776184082,833.8251953125),(193.543884277344,-121.540184020996,845.),(161.619140625,-161.534378051758,845.),(157.656951904297,-157.642822265625,833.8251953125),(170.484024047852,-107.122085571289,817.811279296875),(179.951049804688,-113.070617675781,823.365417480469),(150.253952026367,-150.253952026367,823.365417480469),(142.349273681641,-142.349273681641,817.811279296875),(221.586441040039,-24.9564533233643,833.825073242188),(227.111465454102,-25.528284072876,845.),(215.701080322266,-75.4134063720703,845.),(210.442779541016,-73.626350402832,833.825317382812),(200.079498291016,-22.5432929992676,817.811279296875),(211.189956665039,-23.7951469421387,823.365417480469),(200.567001342773,-70.1812210083008,823.365417480469),(190.015380859375,-66.4890441894531,817.811279296875),(210.470794677734,73.6578216552734,833.8251953125),(215.696807861328,75.5398330688477,845.),(227.060745239258,25.6441478729248,845.),(221.547836303711,24.9727096557617,833.825317382812),(190.04670715332,66.5004730224609,817.811279296875),(200.600036621094,70.1932220458984,823.365417480469),(211.155303955078,23.7917232513428,823.365417480469),(200.046661376953,22.5400924682617,817.811279296875),(157.668869018555,157.683349609375,833.8251953125),(161.560821533203,161.646453857422,845.),(193.448257446289,121.622634887695,845.),(188.772567749023,118.625709533691,833.8251953125),(142.372802734375,142.373123168945,817.811340332031),(150.27880859375,150.279113769531,823.365417480469),(179.921600341797,113.052520751953,823.365295410156),(170.456146240234,107.104995727539,817.811218261719),(73.6384658813477,210.477844238281,833.825866699219),(75.4254150390625,215.737106323242,845.),(121.520904541016,193.512268066406,845.),(118.608543395996,188.783508300781,833.825439453125),(66.500114440918,190.047119140625,817.811828613281),(70.1928863525391,200.600448608398,823.365966796875),(113.052215576172,179.921951293945,823.365783691406),(107.104637145996,170.456512451172,817.811706542969),(-24.9768886566162,221.584686279297,833.825866699219),(-25.6488342285156,227.098449707031,845.),(25.5246410369873,227.074615478516,845.),(24.9524593353271,221.550491333008,833.825866699219),(-22.5437812805176,200.080017089844,817.811828613281),(-23.7956275939941,211.1904296875,823.365966796875),(23.791316986084,211.155746459961,823.365966796875),(22.5396499633789,200.047103881836,817.811828613281),(-118.645393371582,188.803985595703,833.825866699219),(-121.643127441406,193.480209350586,845.),(-75.5270538330078,215.662063598633,845.),(-73.6457061767578,210.436752319336,833.825866699219),(-107.122695922852,170.484634399414,817.811950683594),(-113.071189880371,179.951644897461,823.366027832031),(-70.181770324707,200.567581176758,823.366027832031),(-66.489616394043,190.015975952148,817.811950683594),(-188.814727783203,118.62833404541,833.825927734375),(-193.544509887695,121.540748596191,845.),(-161.619766235352,161.535003662109,845.),(-157.657577514648,157.643447875977,833.826049804688),(-170.484634399414,107.122695922852,817.811950683594),(-179.951675415039,113.071212768555,823.366027832031),(-150.254592895508,150.254592895508,823.366027832031),(-142.349899291992,142.349899291992,817.811950683594),(-221.586944580078,24.9568996429443,833.825866699219),(-227.111999511719,25.5287380218506,845.),(-215.701675415039,75.413932800293,845.),(-210.443389892578,73.6268844604492,833.825927734375),(-200.079986572266,22.5437889099121,817.811828613281),(-211.190444946289,23.7956199645996,823.365966796875),(-200.567581176758,70.1817932128906,823.365966796875),(-190.015975952148,66.489616394043,817.811828613281),(-210.47119140625,-73.6576538085938,833.825744628906),(-215.697204589844,-75.5397186279297,845.),(-227.061233520508,-25.64381980896,845.),(-221.548278808594,-24.9724044799805,833.825866699219),(-190.047134399414,-66.5002136230469,817.811828613281),(-200.600463867188,-70.1930160522461,823.366027832031),(-211.15576171875,-23.7913703918457,823.366027832031),(-200.047134399414,-22.5397090911865,817.811828613281),(-193.448547363281,-121.622451782227,845.),(-188.772888183594,-118.625503540039,833.825561523438),(-179.921997070312,-113.052284240723,823.365783691406),(-170.45654296875,-107.104690551758,817.811706542969),(-63.3990669250488,-79.4968185424805,186.271514892578),(-44.1164703369141,-91.6128768920898,186.271514892578),(-35.3393173217773,-73.3858413696289,513.067199707031),(-50.7855224609375,-63.6803550720215,513.067199707031),(-22.6281890869141,-99.131950378418,186.271514892578),(0.,-101.68172454834,186.271514892578),(0.,-81.4514312744141,513.067199707031),(-18.126256942749,-79.4089508056641,513.067199707031),(22.6244602203369,-99.1327743530273,186.271545410156),(44.1196708679199,-91.6112594604492,186.271545410156),(35.3417091369629,-73.3845520019531,513.067199707031),(18.123104095459,-79.4096069335938,513.067199707031),(63.3960494995117,-79.4991073608398,186.271575927734),(79.4991073608398,-63.3960494995117,186.271575927734),(63.6821937561035,-50.7829360961914,513.067260742188),(50.7829322814941,-63.6821899414062,513.067260742188),(91.6112518310547,-44.1196784973145,186.271545410156),(99.1327743530273,-22.6244716644287,186.271545410156),(79.4095993041992,-18.1231021881104,513.067199707031),(73.3845520019531,-35.3417015075684,513.067199707031),(101.681732177734,0.,186.271514892578),(99.131950378418,22.6281814575195,186.271514892578),(79.4089508056641,18.1262493133545,513.067199707031),(81.4514312744141,0.,513.067199707031),(91.6128768920898,44.1164703369141,186.271514892578),(79.496826171875,63.3990592956543,186.271514892578),(63.6803550720215,50.7855186462402,513.067199707031),(73.3858489990234,35.3393173217773,513.067199707031),(63.3989524841309,79.4969329833984,186.271514892578),(44.1163787841797,91.6129913330078,186.271453857422),(35.339054107666,73.386116027832,513.067199707031),(50.7852554321289,63.6806144714355,513.067199707031),(22.6280918121338,99.1320724487305,186.271453857422),(0.,101.681854248047,186.271423339844),(0.,81.4517211914062,513.067199707031),(18.1259994506836,79.4092178344727,513.067199707031),(-22.6245708465576,99.1328964233398,186.271392822266),(-44.1197967529297,91.6113967895508,186.271392822266),(-35.3419799804688,73.3848419189453,513.067199707031),(-18.123363494873,79.4098892211914,513.067199707031),(-63.396183013916,79.4992446899414,186.271392822266),(-79.4992446899414,63.3961753845215,186.271392822266),(-63.6824722290039,50.783203125,513.067077636719),(-50.7832107543945,63.6824722290039,513.067077636719),(-91.6114044189453,44.1197929382324,186.271392822266),(-99.1329040527344,22.6245670318604,186.271392822266),(-79.4098892211914,18.1233615875244,513.067199707031),(-73.3848419189453,35.3419761657715,513.067199707031),(-101.681861877441,0.,186.271423339844),(-99.1320571899414,-22.6281108856201,186.271453857422),(-79.4092330932617,-18.1260147094727,513.067199707031),(-81.4517211914062,0.,513.067199707031),(-91.6129913330078,-44.116382598877,186.271453857422),(-79.4969482421875,-63.3989677429199,186.271514892578),(-63.6806221008301,-50.7852592468262,513.067199707031),(-73.386116027832,-35.3390693664551,513.067199707031),(-44.,-55.1745300292969,705.451721191406),(-30.6191215515137,-63.5836524963379,705.451721191406),(-30.2611103057861,-62.8401527404785,762.499816894531),(-43.4876899719238,-54.5293579101562,762.499816894531),(-15.7052087783813,-68.8022613525391,705.451721191406),(0.,-70.5719375610352,705.451721191406),(0.,-69.7467193603516,762.499816894531),(-15.5215873718262,-68.,762.499816894531),(15.702338218689,-68.8028335571289,705.451721191406),(30.6210594177246,-63.5825347900391,705.451721191406),(30.262996673584,-62.8390579223633,762.499816894531),(15.5187129974365,-68.,762.499816894531),(44.,-55.1761131286621,705.451721191406),(55.1761131286621,-44.,705.451721191406),(54.5309257507324,-43.4853019714355,762.499816894531),(43.4853057861328,-54.5309219360352,762.499816894531),(63.5825347900391,-30.6210613250732,705.451721191406),(68.8028335571289,-15.7023420333862,705.451721191406),(68.,-15.5187149047852,762.499816894531),(62.8390579223633,-30.2629985809326,762.499816894531),(70.5719375610352,0.,705.451721191406),(68.8022613525391,15.7052011489868,705.451721191406),(68.,15.521577835083,762.499816894531),(69.7467193603516,0.,762.499816894531),(63.5836524963379,30.6191139221191,705.451721191406),(55.1745262145996,44.,705.451721191406),(54.5293617248535,43.487678527832,762.499877929688),(62.8401527404785,30.2611026763916,762.499816894531),(44.,55.1748924255371,705.451721191406),(30.618766784668,63.5840187072754,705.451721191406),(30.2607269287109,62.8405570983887,762.5),(43.4872970581055,54.5297431945801,762.499938964844),(15.7048492431641,68.802619934082,705.451721191406),(0.,70.5723114013672,705.451721191406),(0.,69.7471237182617,762.5),(15.521201133728,68.,762.5),(-15.7027034759521,68.8032073974609,705.451721191406),(-30.6214332580566,63.5829238891602,705.451721191406),(-30.2633934020996,62.8394584655762,762.5),(-15.5191059112549,68.,762.5),(-44.,55.1764984130859,705.451721191406),(-55.1765098571777,44.,705.451721191406),(-54.5313377380371,43.4857025146484,762.5),(-43.4857063293457,54.5313339233398,762.5),(-63.5829238891602,30.621431350708,705.451721191406),(-68.8032150268555,15.7026996612549,705.451721191406),(-68.,15.5191020965576,762.5),(-62.8394660949707,30.263391494751,762.5),(-70.5723114013672,0.,705.451721191406),(-68.8026351928711,-15.7048616409302,705.451721191406),(-68.,-15.5212049484253,762.5),(-69.7471313476562,0.,762.5),(-63.5840263366699,-30.6187782287598,705.451721191406),(-55.1748962402344,-44.,705.451721191406),(-54.5297508239746,-43.4872970581055,762.499938964844),(-62.8405570983887,-30.2607345581055,762.5),(-45.3542404174805,-56.8698348999023,770.598999023438),(-31.5599575042725,-65.537353515625,770.598999023438),(-38.1089706420898,-79.1371383666992,782.579956054688),(-54.7657089233398,-68.671012878418,782.579956054688),(-16.1877784729004,-70.9162979125977,770.598999023438),(0.,-72.740364074707,770.598999023438),(0.,-87.834846496582,782.579956054688),(-19.546895980835,-85.6322784423828,782.579956054688),(16.1848068237305,-70.9168930053711,770.598999023438),(31.5619277954102,-65.5362091064453,770.598999023438),(38.1114273071289,-79.1357345581055,782.580017089844),(19.5433826446533,-85.6329879760742,782.579956054688),(45.3517608642578,-56.8714752197266,770.598999023438),(56.8714752197266,-45.3517608642578,770.598999023438),(68.672981262207,-54.7627944946289,782.580078125),(54.7627944946289,-68.6729736328125,782.580078125),(65.5362091064453,-31.5619277954102,770.598999023438),(70.9168853759766,-16.1848068237305,770.598999023438),(85.6329727172852,-19.5433788299561,782.579956054688),(79.1357345581055,-38.1114273071289,782.580017089844),(72.740348815918,0.,770.598999023438),(70.9163131713867,16.1877765655518,770.598999023438),(85.6322784423828,19.5468883514404,782.579956054688),(87.834846496582,0.,782.579956054688),(65.537353515625,31.5599498748779,770.598999023438),(56.8698425292969,45.3542327880859,770.598999023438),(68.6710052490234,54.7656936645508,782.579956054688),(79.1371383666992,38.1089553833008,782.579956054688),(45.3538398742676,56.8702392578125,770.599060058594),(31.5595664978027,65.5377502441406,770.599060058594),(38.1085662841797,79.1375274658203,782.580078125),(54.7653160095215,68.6714172363281,782.580078125),(16.1873931884766,70.9167022705078,770.599060058594),(0.,72.7407684326172,770.599060058594),(0.,87.8352584838867,782.580139160156),(19.5465049743652,85.632682800293,782.580139160156),(-16.1852054595947,70.9173126220703,770.599060058594),(-31.5623378753662,65.53662109375,770.599060058594),(-38.1118392944336,79.1361618041992,782.580078125),(-19.5437660217285,85.6333923339844,782.580139160156),(-45.352180480957,56.8719024658203,770.599060058594),(-56.8719062805176,45.3521766662598,770.599060058594),(-68.6734161376953,54.7632141113281,782.580078125),(-54.7632141113281,68.6734161376953,782.580078125),(-65.53662109375,31.5623378753662,770.599060058594),(-70.9173126220703,16.1852035522461,770.599060058594),(-85.6333923339844,19.5437660217285,782.580139160156),(-79.1361618041992,38.1118278503418,782.580078125),(-72.7407760620117,0.,770.599060058594),(-70.9167175292969,-16.187406539917,770.599060058594),(-85.6326904296875,-19.5465221405029,782.580139160156),(-87.8352508544922,0.,782.580139160156),(-65.5377578735352,-31.5595817565918,770.599060058594),(-56.8702430725098,-45.3538360595703,770.599060058594),(-68.6714172363281,-54.7653160095215,782.580078125),(-79.1375427246094,-38.1085891723633,782.580078125),(-70.4010848999023,-88.2764129638672,790.864562988281),(-48.9888916015625,-101.730583190918,790.864562988281),(-66.0562286376953,-137.172882080078,800.783020019531),(-94.9282760620117,-119.031394958496,800.783142089844),(-25.1274185180664,-110.080070495605,790.864562988281),(0.,-112.911460876465,790.864685058594),(0.,-152.249099731445,800.783142089844),(-33.8815727233887,-148.431289672852,800.783142089844),(25.1230010986328,-110.080978393555,790.864685058594),(49.,-101.728790283203,790.864685058594),(66.0607757568359,-137.170455932617,800.783142089844),(33.8757400512695,-148.432495117188,800.783142089844),(70.3974609375,-88.2789611816406,790.864685058594),(88.2789611816406,-70.3974609375,790.864685058594),(119.034805297852,-94.9235076904297,800.783142089844),(94.9235153198242,-119.034797668457,800.783142089844),(101.728790283203,-49.,790.864685058594),(110.08097076416,-25.1230087280273,790.864685058594),(148.432495117188,-33.8757553100586,800.783142089844),(137.170471191406,-66.0607681274414,800.783142089844),(112.911460876465,0.,790.864685058594),(110.080055236816,25.1274032592773,790.864562988281),(148.431274414062,33.8815498352051,800.783142089844),(152.249084472656,0.,800.783142089844),(101.730583190918,48.9888877868652,790.864562988281),(88.2764129638672,70.4010696411133,790.864562988281),(119.031387329102,94.9282531738281,800.783142089844),(137.172882080078,66.0561981201172,800.783020019531),(70.4006881713867,88.2768249511719,790.864807128906),(48.9885063171387,101.730995178223,790.864807128906),(66.0558242797852,137.173309326172,800.783386230469),(94.927864074707,119.031776428223,800.783264160156),(25.1270160675049,110.08048248291,790.864929199219),(0.,112.911880493164,790.864929199219),(0.,152.249526977539,800.783447265625),(33.8811531066895,148.431686401367,800.783447265625),(-25.1233997344971,110.081398010254,790.864929199219),(-49.,101.729232788086,790.864929199219),(-66.0611801147461,137.1708984375,800.78369140625),(-33.876148223877,148.43293762207,800.783569335938),(-70.3978805541992,88.2793884277344,790.864929199219),(-88.2793884277344,70.3978805541992,790.864929199219),(-119.035247802734,94.9239349365234,800.78369140625),(-94.923942565918,119.03524017334,800.78369140625),(-101.729225158691,49.,790.864868164062),(-110.081405639648,25.1233921051025,790.864868164062),(-148.43293762207,33.8761444091797,800.783447265625),(-137.170913696289,66.0611801147461,800.783569335938),(-112.911880493164,0.,790.864929199219),(-110.080490112305,-25.1270427703857,790.864929199219),(-148.431701660156,-33.8812026977539,800.783447265625),(-152.249526977539,0.,800.783447265625),(-101.730987548828,-48.9885139465332,790.864807128906),(-88.2768325805664,-70.4006805419922,790.864807128906),(-119.031799316406,-94.9278717041016,800.783264160156),(-137.173294067383,-66.0558471679688,800.783386230469),(-122.678932189941,-153.828308105469,811.441955566406),(-85.3666152954102,-177.273193359375,811.44189453125),(-43.7862091064453,-191.822799682617,811.441955566406),(0.,-196.756683349609,811.441955566406),(43.7788429260254,-191.824356079102,811.441955566406),(85.3726119995117,-177.270065307617,811.441955566406),(122.672904968262,-153.832733154297,811.441955566406),(153.832748413086,-122.672897338867,811.441955566406),(177.270065307617,-85.3726043701172,811.441955566406),(191.824371337891,-43.7788200378418,811.441955566406),(196.756683349609,0.,811.441955566406),(191.822784423828,43.7861976623535,811.441955566406),(177.273193359375,85.366584777832,811.44189453125),(153.828308105469,122.678901672363,811.441955566406),(122.678527832031,153.828720092773,811.442138671875),(85.3662033081055,177.273574829102,811.442443847656),(43.785816192627,191.823196411133,811.442565917969),(0.,196.757110595703,811.442565917969),(-43.7792282104492,191.824798583984,811.442565917969),(-85.3730392456055,177.270523071289,811.442687988281),(-122.673355102539,153.833206176758,811.442810058594),(-153.833206176758,122.673347473145,811.442810058594),(-177.270523071289,85.3730392456055,811.442687988281),(-191.824829101562,43.7792282104492,811.442565917969),(-196.757110595703,0.,811.442565917969),(-191.823196411133,-43.785888671875,811.442565917969),(-177.27360534668,-85.3662796020508,811.442443847656),(-153.828735351562,-122.67854309082,811.442138671875),(-143.299514770508,-179.684753417969,823.),(-99.7155227661133,-207.070404052734,823.),(-51.1460342407227,-224.065582275391,823.),(0.,-229.828765869141,823.),(51.1374816894531,-224.067398071289,823.),(99.7226181030273,-207.066741943359,823.),(143.292541503906,-179.689910888672,823.),(179.689910888672,-143.292541503906,823.),(207.066741943359,-99.7226181030273,823.),(224.067413330078,-51.1374740600586,823.),(229.82878112793,0.,823.),(224.065551757812,51.1460075378418,823.),(207.070373535156,99.7154693603516,823.),(179.684753417969,143.29948425293,823.),(143.299102783203,179.685134887695,823.),(99.7151184082031,207.070770263672,823.),(51.1456413269043,224.065948486328,823.),(0.,229.829193115234,823.),(-51.1378860473633,224.06787109375,823.),(-99.7230377197266,207.06721496582,823.),(-143.292999267578,179.690399169922,823.),(-179.690399169922,143.292999267578,823.),(-207.06721496582,99.7230377197266,823.),(-224.06787109375,51.1378860473633,823.),(-229.829208374023,0.,823.),(-224.065994262695,-51.1457443237305,823.),(-207.07080078125,-99.7151870727539,823.),(-179.685150146484,-143.299118041992,823.),(-154.941116333008,-194.282333374023,841.096740722656),(-107.816375732422,-223.89274597168,841.096862792969),(-55.3011245727539,-242.268661499023,841.096862792969),(0.,-248.500045776367,841.096862792969),(55.2918853759766,-242.270629882812,841.096740722656),(107.824043273926,-223.888809204102,841.096740722656),(154.933639526367,-194.287902832031,841.096801757812),(194.287887573242,-154.93359375,841.096801757812),(223.888809204102,-107.824043273926,841.096740722656),(242.270614624023,-55.2919006347656,841.096740722656),(248.500015258789,0.,841.096862792969),(242.268630981445,55.3010940551758,841.096862792969),(223.892761230469,107.816337585449,841.096862792969),(194.282333374023,154.94108581543,841.096740722656),(154.940734863281,194.28271484375,841.096984863281),(107.815986633301,223.893142700195,841.097290039062),(55.3007354736328,242.269027709961,841.097534179688),(0.,248.500457763672,841.097534179688),(-55.292293548584,242.271072387695,841.09765625),(-107.824493408203,223.889297485352,841.097900390625),(-154.934097290039,194.288391113281,841.097778320312),(-194.28840637207,154.93408203125,841.097778320312),(-223.889297485352,107.824493408203,841.097778320312),(-242.271087646484,55.2922782897949,841.09765625),(-248.50048828125,0.,841.09765625),(-242.26904296875,-55.3008346557617,841.097534179688),(-223.893188476562,-107.816055297852,841.097290039062),(-194.282745361328,-154.940765380859,841.096984863281),(-156.798568725586,-196.611389160156,854.134399414062),(-109.108863830566,-226.576797485352,854.134460449219),(-55.9640693664551,-245.172958374023,854.134521484375),(0.,-251.479049682617,854.134521484375),(55.9547119140625,-245.17497253418,854.13427734375),(109.116645812988,-226.572784423828,854.134399414062),(156.790954589844,-196.61701965332,854.134399414062),(196.617034912109,-156.790969848633,854.134399414062),(226.572784423828,-109.116645812988,854.134399414062),(245.174942016602,-55.9547348022461,854.13427734375),(251.479049682617,0.,854.134521484375),(245.172943115234,55.964054107666,854.134521484375),(226.576797485352,109.108840942383,854.134460449219),(196.611389160156,156.798538208008,854.134399414062),(156.798156738281,196.611770629883,854.134582519531),(109.108474731445,226.577163696289,854.135009765625),(55.9636726379395,245.173370361328,854.135192871094),(0.,251.479522705078,854.135314941406),(-55.9551582336426,245.17546081543,854.135375976562),(-109.117118835449,226.573287963867,854.135437011719),(-156.791458129883,196.617553710938,854.135437011719),(-196.617553710938,156.791458129883,854.135437011719),(-226.573287963867,109.117126464844,854.135437011719),(-245.17546081543,55.955135345459,854.135314941406),(-251.479522705078,0.,854.135314941406),(-245.173385620117,-55.9637489318848,854.135192871094),(-226.577194213867,-109.108535766602,854.135009765625),(-196.611801147461,-156.798187255859,854.134582519531),(-155.497802734375,-194.98030090332,870.353698730469),(-108.203712463379,-224.697113037109,870.353759765625),(-55.499828338623,-243.139007568359,870.353759765625),(0.,-249.392791748047,870.353759765625),(55.4905052185059,-243.140991210938,870.353759765625),(108.211402893066,-224.693115234375,870.353637695312),(155.490203857422,-194.985870361328,870.353637695312),(194.985870361328,-155.490203857422,870.353637695312),(224.693115234375,-108.211402893066,870.353759765625),(243.140960693359,-55.4905204772949,870.353759765625),(249.392791748047,0.,870.353759765625),(243.13899230957,55.4997444152832,870.353759765625),(224.697113037109,108.203681945801,870.353759765625),(194.98030090332,155.497772216797,870.353698730469),(155.497360229492,194.980697631836,870.35400390625),(108.203300476074,224.697525024414,870.354309082031),(55.4993858337402,243.139434814453,870.354614257812),(0.,249.393264770508,870.354614257812),(-55.4909744262695,243.141510009766,870.354797363281),(-108.211906433105,224.693695068359,870.354736328125),(-155.490753173828,194.986419677734,870.354736328125),(-194.986434936523,155.490737915039,870.354736328125),(-224.693695068359,108.211906433105,870.354736328125),(-243.141494750977,55.4909362792969,870.354797363281),(-249.393280029297,0.,870.354614257812),(-243.139434814453,-55.4994621276855,870.354614257812),(-224.697555541992,-108.203384399414,870.354309082031),(-194.980728149414,-155.497360229492,870.35400390625),(-152.081680297852,-190.69677734375,886.969665527344),(-105.826606750488,-219.760772705078,886.969543457031),(-54.2805519104004,-237.797485351562,886.969604492188),(0.,-243.913879394531,886.969604492188),(54.2714157104492,-237.799407958984,886.969604492188),(105.834098815918,-219.7568359375,886.969604492188),(152.074203491211,-190.702194213867,886.969604492188),(190.702209472656,-152.074188232422,886.969604492188),(219.756820678711,-105.834083557129,886.969604492188),(237.799392700195,-54.2714309692383,886.969604492188),(243.913879394531,0.,886.969604492188),(237.797470092773,54.2804985046387,886.969604492188),(219.760757446289,105.826560974121,886.969543457031),(190.696792602539,152.081634521484,886.969665527344),(152.081237792969,190.697189331055,886.969909667969),(105.826194763184,219.761154174805,886.970092773438),(54.2801094055176,237.797927856445,886.970458984375),(0.,243.91438293457,886.970458984375),(-54.2719306945801,237.799957275391,886.970581054688),(-105.834625244141,219.757431030273,886.970581054688),(-152.074813842773,190.702819824219,886.970458984375),(-190.702819824219,152.074813842773,886.970458984375),(-219.757431030273,105.834617614746,886.970581054688),(-237.79997253418,54.271915435791,886.970581054688),(-243.91438293457,0.,886.970458984375),(-237.797943115234,-54.2801780700684,886.970336914062),(-219.761169433594,-105.826248168945,886.970092773438),(-190.697235107422,-152.081253051758,886.969909667969),(-102.868644714355,-213.618209838867,895.605773925781),(-147.830825805664,-185.366577148438,895.605895996094),(0.,-237.096206665039,895.605895996094),(-52.7633666992188,-231.150787353516,895.605895996094),(102.875877380371,-213.614349365234,895.605834960938),(52.7544479370117,-231.152633666992,895.605834960938),(185.371871948242,-147.82356262207,895.605895996094),(147.82356262207,-185.371871948242,895.605895996094),(231.152648925781,-52.7544631958008,895.605834960938),(213.614349365234,-102.875877380371,895.605834960938),(231.150772094727,52.763298034668,895.605895996094),(237.096206665039,0.,895.605895996094),(185.366592407227,147.830810546875,895.605895996094),(213.618209838867,102.868606567383,895.605773925781),(102.868225097656,213.618591308594,895.6064453125),(147.830383300781,185.367004394531,895.606140136719),(0.,237.096710205078,895.606506347656),(52.7629356384277,231.151245117188,895.606506347656),(-102.876457214355,213.614974975586,895.606689453125),(-52.7549705505371,231.153213500977,895.606689453125),(-185.372497558594,147.824157714844,895.606689453125),(-147.824157714844,185.372497558594,895.606689453125),(-231.153244018555,52.7550010681152,895.606567382812),(-213.614990234375,102.876441955566,895.606689453125),(-231.151245117188,-52.7630081176758,895.606506347656),(-237.096740722656,0.,895.606506347656),(-185.36701965332,-147.83039855957,895.606140136719),(-213.618621826172,-102.868293762207,895.6064453125),(-101.411033630371,-210.591278076172,882.174011230469),(-145.736099243164,-182.740005493164,882.174133300781),(0.,-233.736602783203,882.174072265625),(-52.0157051086426,-227.875427246094,882.174072265625),(101.418144226074,-210.587493896484,882.174072265625),(52.,-227.877243041992,882.174072265625),(182.745178222656,-145.728912353516,882.174072265625),(145.728927612305,-182.745162963867,882.174072265625),(227.877212524414,-52.,882.174072265625),(210.587478637695,-101.418151855469,882.174072265625),(227.875427246094,52.0156745910645,882.174072265625),(233.736618041992,0.,882.174072265625),(182.74006652832,145.736022949219,882.174133300781),(210.591293334961,101.410987854004,882.174011230469),(101.410675048828,210.591644287109,882.174682617188),(145.735794067383,182.740325927734,882.17431640625),(0.,233.73713684082,882.1748046875),(52.0152778625488,227.875885009766,882.1748046875),(-101.418716430664,210.588119506836,882.175048828125),(-52.,227.877838134766,882.1748046875),(-182.745819091797,145.729522705078,882.175048828125),(-145.729537963867,182.745803833008,882.175048828125),(-227.877853393555,52.,882.1748046875),(-210.588150024414,101.41869354248,882.174926757812),(-227.875869750977,-52.0154151916504,882.1748046875),(-233.73713684082,0.,882.1748046875),(-182.74040222168,-145.735778808594,882.17431640625),(-210.591644287109,-101.410797119141,882.174682617188),(-59.5325698852539,-123.625747680664,812.593566894531),(-85.5532150268555,-107.27587890625,812.593688964844),(0.,-137.213012695312,812.59375),(-30.5354614257812,-133.772262573242,812.593566894531),(59.5365600585938,-123.623497009277,812.593688964844),(30.5301303863525,-133.773330688477,812.59375),(107.278907775879,-85.5488128662109,812.593688964844),(85.548828125,-107.27889251709,812.593688964844),(133.773315429688,-30.5301189422607,812.59375),(123.623512268066,-59.536548614502,812.593688964844),(133.772262573242,30.5354461669922,812.593566894531),(137.213027954102,0.,812.59375),(107.275886535645,85.5532073974609,812.593688964844),(123.625747680664,59.5325546264648,812.593566894531),(59.5321578979492,123.626136779785,812.593933105469),(85.5528030395508,107.276260375977,812.59375),(0.,137.213470458984,812.593994140625),(30.5350399017334,133.772674560547,812.594116210938),(-59.5370864868164,123.624046325684,812.593994140625),(-30.5306224822998,133.773818969727,812.593994140625),(-107.279472351074,85.5493927001953,812.593994140625),(-85.5493774414062,107.279457092285,812.593994140625),(-133.773818969727,30.5306224822998,812.593994140625),(-123.624053955078,59.537109375,812.593994140625),(-133.772674560547,-30.5351009368896,812.594116210938),(-137.213470458984,0.,812.593994140625),(-107.276298522949,-85.5528259277344,812.59375),(-123.626152038574,-59.5322074890137,812.593933105469),(-100.222427368164,-208.215484619141,856.028442382812),(-94.5756530761719,-196.396865844727,828.347900390625),(-144.048583984375,-180.688385009766,856.028442382812),(-135.913101196289,-170.4228515625,828.347900390625),(0.044109120965004,-231.080383300781,856.028503417969),(0.,-217.982147216797,828.348022460938),(-51.3854751586914,-225.294769287109,856.028503417969),(-48.5097045898438,-212.516021728516,828.348022460938),(100.301742553711,-208.176910400391,856.028503417969),(94.5822906494141,-196.393310546875,828.348022460938),(51.4550704956055,-225.278747558594,856.028503417969),(48.5015144348145,-212.517730712891,828.348022460938),(180.693450927734,-144.041458129883,856.028503417969),(170.427658081055,-135.906372070312,828.348022460938),(144.104248046875,-180.643447875977,856.028503417969),(135.906387329102,-170.427642822266,828.348022460938),(225.296524047852,-51.3768157958984,856.028503417969),(212.517730712891,-48.5015144348145,828.348022460938),(208.211791992188,-100.229499816895,856.028503417969),(196.393325805664,-94.5822830200195,828.348022460938),(225.27685546875,51.4636764526367,856.028503417969),(212.516021728516,48.5096817016602,828.348022460938),(231.080444335938,0.0361634306609631,856.028503417969),(217.982147216797,0.,828.348022460938),(180.638381958008,144.11116027832,856.028442382812),(170.422866821289,135.913040161133,828.348022460938),(208.180725097656,100.294692993164,856.028442382812),(196.396865844727,94.5755920410156,828.347900390625),(100.222091674805,208.215805053711,856.029052734375),(94.575309753418,196.397232055664,828.348449707031),(144.048370361328,180.688629150391,856.028686523438),(135.912750244141,170.423156738281,828.34814453125),(-0.0445155315101147,231.080856323242,856.029113769531),(0.,217.982620239258,828.348571777344),(51.3850784301758,225.295227050781,856.029113769531),(48.5093078613281,212.51643371582,828.348571777344),(-100.302299499512,208.177505493164,856.029235839844),(-94.5828399658203,196.393905639648,828.348571777344),(-51.455493927002,225.279312133789,856.029235839844),(-48.5019989013672,212.518264770508,828.348571777344),(-180.694046020508,144.042022705078,856.029357910156),(-170.428283691406,135.906967163086,828.348693847656),(-144.10481262207,180.64404296875,856.029357910156),(-135.906982421875,170.428268432617,828.348693847656),(-225.297088623047,51.3772735595703,856.029235839844),(-212.518249511719,48.5020141601562,828.348571777344),(-208.212432861328,100.230033874512,856.029235839844),(-196.393920898438,94.5828247070312,828.348693847656),(-225.277297973633,-51.4634742736816,856.029113769531),(-212.51643371582,-48.5094261169434,828.348571777344),(-231.080947875977,-0.0357570201158524,856.029113769531),(-217.982620239258,0.,828.348571777344),(-180.638610839844,-144.111022949219,856.028686523438),(-170.423217773438,-135.912780761719,828.34814453125),(-208.181060791016,-100.29460144043,856.029052734375),(-196.397216796875,-94.5754089355469,828.348449707031),(-82.5654067993164,-171.456161499023,815.249328613281),(-118.653358459473,-148.780609130859,815.249450683594),(0.,-190.300323486328,815.24951171875),(-42.3494415283203,-185.528335571289,815.249389648438),(82.5711135864258,-171.453048706055,815.249389648438),(42.3422050476074,-185.529830932617,815.24951171875),(148.784805297852,-118.647422790527,815.249389648438),(118.647445678711,-148.784790039062,815.249389648438),(185.529800415039,-42.3421821594238,815.24951171875),(171.453063964844,-82.5710906982422,815.249389648438),(185.5283203125,42.3494186401367,815.249389648438),(190.300323486328,0.,815.24951171875),(148.780609130859,118.6533203125,815.249450683594),(171.456161499023,82.5653762817383,815.249328613281),(82.5650177001953,171.456558227539,815.249877929688),(118.652976989746,148.780975341797,815.249633789062),(0.,190.30078125,815.25),(42.3490142822266,185.528762817383,815.25),(-82.5716934204102,171.453659057617,815.250122070312),(-42.3427276611328,185.530334472656,815.25),(-148.785415649414,118.648063659668,815.250122070312),(-118.648040771484,148.785400390625,815.250122070312),(-185.530334472656,42.3427429199219,815.25),(-171.453659057617,82.5717010498047,815.250122070312),(-185.528793334961,-42.34912109375,815.25),(-190.30078125,0.,815.25),(-148.781005859375,-118.652976989746,815.249633789062),(-171.456573486328,-82.5650939941406,815.249877929688),(-31.9411220550537,-66.3288345336914,812.59375),(-45.9019813537598,-57.5566329956055,812.59375),(0.,-73.6188201904297,812.59375),(-16.3833026885986,-71.7727432250977,812.59375),(31.9430618286133,-66.3276443481445,812.59375),(16.3802356719971,-71.7733154296875,812.59375),(57.5582733154297,-45.8994331359863,812.59375),(45.8994331359863,-57.5582733154297,812.59375),(71.7733154296875,-16.3802375793457,812.59375),(66.32763671875,-31.9430656433105,812.59375),(71.7727432250977,16.3832874298096,812.59375),(73.6188125610352,0.,812.59375),(57.5566329956055,45.9019737243652,812.59375),(66.3288269042969,31.9411067962646,812.59375),(31.9406890869141,66.3292617797852,812.593933105469),(45.9015502929688,57.5570602416992,812.59375),(0.,73.619270324707,812.593994140625),(16.3828773498535,71.7731857299805,812.594116210938),(-31.9435424804688,66.3281326293945,812.593994140625),(-16.3807106018066,71.7738037109375,812.593994140625),(-57.5587730407715,45.8999176025391,812.593994140625),(-45.8999137878418,57.5587615966797,812.593994140625),(-71.773811340332,16.380708694458,812.593994140625),(-66.3281326293945,31.9435424804688,812.593994140625),(-71.773193359375,-16.3828964233398,812.594116210938),(-73.6192779541016,0.,812.593994140625),(-57.5570793151855,-45.9015655517578,812.593933105469),(-66.3292694091797,-31.9407196044922,812.593994140625),(-21.3747482299805,-44.3865280151367,788.870666503906),(-30.7172241210938,-38.5162582397461,788.870666503906),(0.,-49.2649078369141,788.870666503906),(-10.9636116027832,-48.0295372009277,788.870666503906),(21.3759098052979,-44.3857269287109,788.870666503906),(10.9614191055298,-48.0299186706543,788.870666503906),(38.5173530578613,-30.7153720855713,788.870788574219),(30.7153720855713,-38.5173530578613,788.870788574219),(48.029914855957,-10.9614210128784,788.870666503906),(44.3857269287109,-21.3759098052979,788.870666503906),(48.0295372009277,10.9636058807373,788.870666503906),(49.2649040222168,0.,788.870666503906),(38.5162620544434,30.7172203063965,788.870666503906),(44.3865280151367,21.3747482299805,788.870666503906),(21.3743190765381,44.3869514465332,788.870788574219),(30.7167949676514,38.5166854858398,788.870788574219),(0.,49.2653579711914,788.870788574219),(10.9631853103638,48.029972076416,788.870788574219),(-21.3763771057129,44.3862037658691,788.870788574219),(-10.961877822876,48.0303840637207,788.870788574219),(-38.5178298950195,30.7158451080322,788.870788574219),(-30.7158470153809,38.5178260803223,788.870788574219),(-48.0303840637207,10.9618740081787,788.870788574219),(-44.3862037658691,21.3763751983643,788.870788574219),(-48.0299758911133,-10.9631996154785,788.870788574219),(-49.2653656005859,0.,788.870788574219),(-38.5166931152344,-30.7167987823486,788.870666503906),(-44.3869552612305,-21.3743362426758,788.870788574219),(-46.8949241638184,-58.8021659851074,0.),(-32.6319961547852,-67.76416015625,0.),(-16.7375583648682,-73.3258514404297,0.),(0.,-75.2118835449219,0.),(16.7348785400391,-73.3264617919922,0.),(32.6344337463379,-67.7629623413086,0.),(46.892765045166,-58.8038635253906,0.),(58.8038635253906,-46.892765045166,0.),(67.7629623413086,-32.6344337463379,0.),(73.3264617919922,-16.7348804473877,0.),(75.2118759155273,0.,0.),(73.3258514404297,16.7375545501709,0.),(67.76416015625,32.6319961547852,0.),(58.8021659851074,46.8949165344238,0.),(46.8949127197266,58.8021774291992,0.),(32.6319885253906,67.7641754150391,0.),(16.7375583648682,73.3258819580078,0.),(0.,75.2119064331055,0.),(-16.7348861694336,73.3264923095703,0.),(-32.6344528198242,67.7630081176758,0.),(-46.8927879333496,58.8038902282715,0.),(-58.8038940429688,46.8927879333496,0.),(-67.7630081176758,32.6344528198242,0.),(-73.3264999389648,16.7348823547363,0.),(-75.2119140625,0.,0.),(-73.3258819580078,-16.73756980896,0.),(-67.7641677856445,-32.6319923400879,0.),(-58.8021812438965,-46.8949165344238,0.),(-70.5081176757812,-88.4110565185547,0.283032655715942),(-49.0633201599121,-101.885719299316,0.28306245803833),(-25.1654815673828,-110.247909545898,0.28306245803833),(0.,-113.083618164062,0.28306245803833),(25.1614589691162,-110.248832702637,0.283092260360718),(49.0669860839844,-101.883918762207,0.283092260360718),(70.5048675537109,-88.4136047363281,0.283122062683105),(88.4136047363281,-70.5048675537109,0.283122062683105),(101.883918762207,-49.0669860839844,0.283092260360718),(110.248825073242,-25.1614627838135,0.283092260360718),(113.083618164062,0.,0.28306245803833),(110.247909545898,25.1654815673828,0.28306245803833),(101.885719299316,49.063304901123,0.28306245803833),(88.4110641479492,70.5081100463867,0.283032655715942),(70.5081024169922,88.4110717773438,0.283032655715942),(49.0633201599121,101.8857421875,0.283032655715942),(25.1654853820801,110.247947692871,0.283002853393555),(0.,113.08366394043,0.283002853393555),(-25.1614665985107,110.248878479004,0.282973051071167),(-49.0670013427734,101.88395690918,0.282973051071167),(-70.5048980712891,88.4136352539062,0.282973051071167),(-88.4136428833008,70.5048904418945,0.282973051071167),(-101.883964538574,49.0669937133789,0.282973051071167),(-110.248878479004,25.1614665985107,0.282973051071167),(-113.08366394043,0.,0.283002853393555),(-110.247955322266,-25.1655082702637,0.283002853393555),(-101.8857421875,-49.0633239746094,0.283032655715942),(-88.4110794067383,-70.5080947875977,0.283032655715942),(-149.814453125,-187.853897094727,895.342590332031),(-104.248954772949,-216.484588623047,895.342590332031),(-53.4713363647461,-234.252426147461,895.342651367188),(0.,-240.277633666992,895.342651367188),(53.4623489379883,-234.254318237305,895.342529296875),(104.256317138672,-216.480712890625,895.342529296875),(149.807083129883,-187.859222412109,895.342529296875),(187.859222412109,-149.807083129883,895.342529296875),(216.480712890625,-104.256317138672,895.342529296875),(234.254318237305,-53.4623565673828,895.342529296875),(240.277633666992,0.,895.342651367188),(234.25244140625,53.4712982177734,895.342651367188),(216.484573364258,104.248901367188,895.342590332031),(187.853897094727,149.814422607422,895.342590332031),(149.814010620117,187.854293823242,895.3427734375),(104.248542785645,216.485000610352,895.343078613281),(53.4709167480469,234.252883911133,895.34326171875),(0.,240.278137207031,895.343383789062),(-53.462833404541,234.2548828125,895.343444824219),(-104.256858825684,216.481323242188,895.343444824219),(-149.807708740234,187.859848022461,895.343505859375),(-187.85986328125,149.807693481445,895.343505859375),(-216.481323242188,104.256858825684,895.343444824219),(-234.2548828125,53.462818145752,895.343444824219),(-240.27815246582,0.,895.343383789062),(-234.252883911133,-53.4710006713867,895.34326171875),(-216.48503112793,-104.248603820801,895.343078613281),(-187.85432434082,-149.814041137695,895.3427734375),(-101.534072875977,-210.846786499023,895.322204589844),(-145.91291809082,-182.961715698242,895.322326660156),(0.,-234.02018737793,895.322265625),(-52.0788307189941,-228.151901245117,895.322265625),(101.541198730469,-210.842987060547,895.322265625),(52.0700149536133,-228.153717041016,895.322265625),(182.966873168945,-145.905731201172,895.322265625),(145.905731201172,-182.966873168945,895.322265625),(228.153747558594,-52.0700607299805,895.322265625),(210.842987060547,-101.541191101074,895.322265625),(228.151901245117,52.078784942627,895.322265625),(234.02018737793,0.,895.322265625),(182.961715698242,145.912887573242,895.322326660156),(210.846771240234,101.534027099609,895.322204589844),(101.533653259277,210.847183227539,895.322875976562),(145.912490844727,182.962112426758,895.322509765625),(0.,234.020706176758,895.322998046875),(52.0783882141113,228.152359008789,895.322998046875),(-101.541770935059,210.843612670898,895.323181152344),(-52.0705680847168,228.154312133789,895.322998046875),(-182.967529296875,145.906356811523,895.323181152344),(-145.906356811523,182.967529296875,895.323181152344),(-228.154327392578,52.0705528259277,895.322998046875),(-210.843612670898,101.54175567627,895.323181152344),(-228.152389526367,-52.0784645080566,895.322998046875),(-234.020721435547,0.,895.322998046875),(-182.962142944336,-145.912521362305,895.322509765625),(-210.847213745117,-101.533714294434,895.322875976562),(-21.4977931976318,-44.6420211791992,812.310241699219),(-30.8940448760986,-38.737964630127,812.310241699219),(0.,-49.5484848022461,812.310241699219),(-11.02672290802,-48.3060073852539,812.310241699219),(21.4989490509033,-44.6412162780762,812.310424804688),(11.024510383606,-48.3063888549805,812.310241699219),(38.7390632629395,-30.8921737670898,812.310424804688),(30.8921737670898,-38.7390632629395,812.310424804688),(48.3063850402832,-11.0245151519775,812.310241699219),(44.6412124633789,-21.498950958252,812.310424804688),(48.3059997558594,11.0267190933228,812.310241699219),(49.5484809875488,0.,812.310241699219),(38.7379684448242,30.8940410614014,812.310241699219),(44.6420211791992,21.4977855682373,812.310241699219),(21.4973545074463,44.6424598693848,812.310424804688),(30.8936080932617,38.7384071350098,812.310424804688),(0.,49.548942565918,812.310424804688),(11.0262870788574,48.3064460754395,812.310424804688),(-21.4994277954102,44.6416969299316,812.310424804688),(-11.024977684021,48.3068656921387,812.310424804688),(-38.7395477294922,30.892650604248,812.310424804688),(-30.8926544189453,38.7395439147949,812.310424804688),(-48.3068656921387,11.024977684021,812.310424804688),(-44.6417007446289,21.4994239807129,812.310424804688),(-48.3064460754395,-11.0263051986694,812.310424804688),(-49.5489501953125,0.,812.310424804688),(-38.738410949707,-30.8936157226562,812.310424804688),(-44.6424598693848,-21.4973735809326,812.310424804688),(-48.5493469238281,-60.8762359619141,776.189514160156),(-33.7832870483398,-70.1543655395508,776.189514160156),(-17.3281745910645,-75.9122543334961,776.189514160156),(0.,-77.8648147583008,776.189514160156),(17.3250045776367,-75.9128723144531,776.189514160156),(33.7854270935059,-70.1531295776367,776.189514160156),(48.5467147827148,-60.8779754638672,776.189514160156),(60.8779754638672,-48.5467147827148,776.189514160156),(70.1531219482422,-33.7854194641113,776.189514160156),(75.9128723144531,-17.3250045776367,776.189514160156),(77.8648071289062,0.,776.189514160156),(75.9122467041016,17.3281688690186,776.189514160156),(70.1543579101562,33.7832794189453,776.189514160156),(60.8762435913086,48.5493469238281,776.189514160156),(48.5489501953125,60.8766288757324,776.189636230469),(33.7828941345215,70.1547470092773,776.189636230469),(17.3277778625488,75.9126434326172,776.189636230469),(0.,77.8652038574219,776.189636230469),(-17.3254127502441,75.9132919311523,776.189636230469),(-33.7858352661133,70.1535415649414,776.189636230469),(-48.5471458435059,60.8784065246582,776.189636230469),(-60.8784103393555,48.5471420288086,776.189636230469),(-70.1535415649414,33.785831451416,776.189636230469),(-75.9132843017578,17.3254013061523,776.189636230469),(-77.8652038574219,0.,776.189636230469),(-75.9126434326172,-17.3277950286865,776.189636230469),(-70.1547546386719,-33.782901763916,776.189636230469),(-60.8766403198242,-48.5489540100098,776.189636230469),(-151.096664428711,-189.461700439453,832.217407226562),(-105.141189575195,-218.337432861328,832.217468261719),(-53.9289665222168,-236.257385253906,832.217529296875),(0.,-242.334167480469,832.217529296875),(53.9199485778809,-236.259292602539,832.217529296875),(105.148681640625,-218.333572387695,832.217529296875),(151.08935546875,-189.467132568359,832.217529296875),(189.467147827148,-151.089340209961,832.217529296875),(218.333572387695,-105.148681640625,832.217529296875),(236.25927734375,-53.9199638366699,832.217529296875),(242.334121704102,0.,832.217529296875),(236.257354736328,53.9289360046387,832.217529296875),(218.337417602539,105.141143798828,832.217468261719),(189.461700439453,151.096633911133,832.217468261719),(151.096282958984,189.46208190918,832.2177734375),(105.140823364258,218.337844848633,832.218139648438),(53.9285774230957,236.257751464844,832.218322753906),(0.,242.334548950195,832.218322753906),(-53.9203453063965,236.259704589844,832.218322753906),(-105.149116516113,218.334075927734,832.218505859375),(-151.089813232422,189.467636108398,832.218566894531),(-189.467636108398,151.089782714844,832.218566894531),(-218.334060668945,105.149101257324,832.218505859375),(-236.259765625,53.920352935791,832.218444824219),(-242.334579467773,0.,832.218444824219),(-236.257766723633,-53.928653717041,832.218322753906),(-218.337875366211,-105.140884399414,832.218139648438),(-189.462097167969,-151.096298217773,832.2177734375),(-98.0810928344727,-203.768798828125,838.489501953125),(-90.1749801635742,-187.258392333984,820.184814453125),(-140.971328735352,-176.829772949219,838.489501953125),(-129.588989257812,-162.492950439453,820.184814453125),(0.0440069809556007,-226.144943237305,838.489501953125),(0.,-207.839340209961,820.184875488281),(-50.2871437072754,-220.483123779297,838.489624023438),(-46.2525405883789,-202.627548217773,820.184875488281),(98.1602935791016,-203.73030090332,838.489624023438),(90.1812896728516,-187.255020141602,820.184875488281),(50.3569183349609,-220.467056274414,838.489501953125),(46.2447166442871,-202.629180908203,820.184875488281),(176.834701538086,-140.964340209961,838.489501953125),(162.497543334961,-129.582550048828,820.184875488281),(141.027130126953,-176.784729003906,838.489501953125),(129.582565307617,-162.497528076172,820.184875488281),(220.484848022461,-50.2786560058594,838.489501953125),(202.629150390625,-46.2446708679199,820.184875488281),(203.765182495117,-98.0880126953125,838.489624023438),(187.255035400391,-90.1813049316406,820.184875488281),(220.465209960938,50.3653450012207,838.489624023438),(202.627532958984,46.2525177001953,820.184875488281),(226.145034790039,0.0362432189285755,838.489501953125),(207.839324951172,0.,820.184875488281),(176.779739379883,141.033935546875,838.489501953125),(162.49299621582,129.588973999023,820.184814453125),(203.734008789062,98.1533584594727,838.489501953125),(187.258392333984,90.1749649047852,820.184814453125),(98.0807342529297,203.769119262695,838.490112304688),(90.1746520996094,187.2587890625,820.185424804688),(140.971038818359,176.830062866211,838.48974609375),(129.588638305664,162.49333190918,820.184997558594),(-0.0444314070045948,226.145416259766,838.490173339844),(0.,207.839797973633,820.185485839844),(50.2867431640625,220.483551025391,838.490173339844),(46.2521438598633,202.627960205078,820.185485839844),(-98.1608276367188,203.730895996094,838.490173339844),(-90.181884765625,187.255645751953,820.185485839844),(-50.3573722839355,220.467590332031,838.490173339844),(-46.2452011108398,202.629699707031,820.185485839844),(-176.835327148438,140.964920043945,838.490356445312),(-162.498199462891,129.583206176758,820.185485839844),(-141.027709960938,176.785339355469,838.490234375),(-129.58317565918,162.498168945312,820.185485839844),(-220.485382080078,50.2791404724121,838.490173339844),(-202.629684448242,46.2452087402344,820.185485839844),(-203.76579284668,98.0885543823242,838.490356445312),(-187.255645751953,90.181884765625,820.185485839844),(-220.465621948242,-50.3651123046875,838.490173339844),(-202.627990722656,-46.2522277832031,820.185485839844),(-226.145523071289,-0.035863496363163,838.490173339844),(-207.839813232422,0.,820.185485839844),(-176.780059814453,-141.033737182617,838.48974609375),(-162.493362426758,-129.588638305664,820.184997558594),(-203.734375,-98.153190612793,838.490112304688),(-187.258804321289,-90.1747283935547,820.185424804688),(-70.6738510131836,-88.6188735961914,0.566065311431885),(-54.0946655273438,-86.0910263061523,186.271514892578),(-56.6082954406738,-70.9816818237305,360.823150634766),(-71.9072952270508,-71.9071731567383,186.271514892578),(-49.178638458252,-102.125190734863,0.566095113754272),(-33.5868530273438,-95.985481262207,186.271514892578),(-39.3911018371582,-81.7999572753906,360.823150634766),(-32.3017730712891,-67.0779342651367,631.70849609375),(-43.3322868347168,-68.9625930786133,513.067199707031),(-26.9046287536621,-76.8884887695312,513.067199707031),(-46.4203071594238,-58.2066802978516,631.70849609375),(-57.6009750366211,-57.6007080078125,513.067199707031),(-25.2246360778809,-110.507049560547,0.566095113754272),(-11.3840999603271,-101.036079406738,186.271514892578),(-20.2044792175293,-88.5136413574219,360.823181152344),(0.,-113.349426269531,0.566095113754272),(11.3858528137207,-101.052688598633,186.271514892578),(0.,-90.7903137207031,360.823181152344),(0.,-74.4502563476562,631.708557128906),(-9.11925792694092,-80.9342498779297,513.067199707031),(9.12047386169434,-80.9475555419922,513.067199707031),(-16.5682582855225,-72.5833282470703,631.70849609375),(25.2205944061279,-110.507965087891,0.56612491607666),(33.5812149047852,-95.9697189331055,186.271545410156),(20.2010631561279,-88.5143737792969,360.823181152344),(49.182315826416,-102.123397827148,0.566154718399048),(54.1034355163574,-86.1051483154297,186.271575927734),(39.393871307373,-81.7985305786133,360.823181152344),(32.3038749694824,-67.0767517089844,631.708557128906),(26.8999366760254,-76.8758697509766,513.067199707031),(43.3391342163086,-68.9739151000977,513.067260742188),(16.5652942657471,-72.5839309692383,631.708557128906),(70.6705856323242,-88.6214218139648,0.566154718399048),(71.8953475952148,-71.8953475952148,186.271575927734),(56.6055107116699,-70.9837265014648,360.823181152344),(88.6214218139648,-70.6705856323242,0.566154718399048),(86.1051406860352,-54.1034278869629,186.271575927734),(70.9837265014648,-56.6055068969727,360.823181152344),(58.2083625793457,-46.4178581237793,631.708557128906),(57.5912437438965,-57.5912437438965,513.067260742188),(68.9739151000977,-43.3391304016113,513.067260742188),(46.417854309082,-58.2083587646484,631.708557128906),(102.123397827148,-49.1823196411133,0.566154718399048),(95.9697036743164,-33.5812110900879,186.271545410156),(81.7985229492188,-39.3938674926758,360.823181152344),(110.507965087891,-25.2205982208252,0.56612491607666),(101.052688598633,-11.3858528137207,186.271514892578),(88.5143737792969,-20.2010631561279,360.823181152344),(72.5839233398438,-16.5652980804443,631.708557128906),(76.875862121582,-26.899938583374,513.067199707031),(80.9475555419922,-9.12047386169434,513.067199707031),(67.0767517089844,-32.3038749694824,631.708557128906),(113.349418640137,0.,0.566095113754272),(101.036094665527,11.3840923309326,186.271514892578),(90.7903137207031,0.,360.823181152344),(110.507049560547,25.2246360778809,0.566095113754272),(95.9854888916016,33.5868453979492,186.271514892578),(88.5136489868164,20.2044677734375,360.823181152344),(72.5833358764648,16.5682544708252,631.70849609375),(80.9342575073242,9.11924648284912,513.067199707031),(76.8884887695312,26.9046192169189,513.067199707031),(74.4502563476562,0.,631.708557128906),(102.125198364258,49.1786346435547,0.566095113754272),(86.0910263061523,54.0946578979492,186.271514892578),(81.7999572753906,39.3910942077637,360.823150634766),(88.6188735961914,70.6738357543945,0.566065311431885),(71.9071731567383,71.9072799682617,186.271514892578),(70.9816818237305,56.6082878112793,360.823150634766),(58.2066841125488,46.4202995300293,631.70849609375),(68.9626007080078,43.3322830200195,513.067199707031),(57.6007041931152,57.6009635925293,513.067199707031),(67.0779342651367,32.3017654418945,631.70849609375),(70.6738357543945,88.6188888549805,0.566065311431885),(54.0945739746094,86.0911407470703,186.271453857422),(56.6081047058105,70.9818801879883,360.823150634766),(49.1786308288574,102.125221252441,0.566065311431885),(33.5867500305176,95.985595703125,186.271453857422),(39.3909111022949,81.8001480102539,360.823150634766),(32.3014526367188,67.0782699584961,631.70849609375),(43.3320236206055,68.9628601074219,513.067199707031),(26.9043712615967,76.8887557983398,513.067199707031),(46.419979095459,58.2070045471191,631.70849609375),(25.2246398925781,110.50708770752,0.566005706787109),(11.3840055465698,101.03621673584,186.271423339844),(20.2042865753174,88.5138549804688,360.823089599609),(0.,113.349456787109,0.566005706787109),(-11.3859443664551,101.05281829834,186.271423339844),(0.,90.79052734375,360.823089599609),(0.,74.4505996704102,631.70849609375),(9.11898803710938,80.9345245361328,513.067199707031),(-9.12073707580566,80.9478225708008,513.067199707031),(16.5679454803467,72.5836563110352,631.70849609375),(-25.2206058502197,110.508010864258,0.565975904464722),(-33.5813255310059,95.9698486328125,186.271392822266),(-20.2012500762939,88.5145874023438,360.823089599609),(-49.1823425292969,102.123443603516,0.565975904464722),(-54.1035461425781,86.1052856445312,186.271392822266),(-39.3940658569336,81.7987365722656,360.823089599609),(-32.3042106628418,67.0770950317383,631.70849609375),(-26.9002094268799,76.8761520385742,513.067199707031),(-43.3394088745117,68.9741973876953,513.067077636719),(-16.5656147003174,72.5842742919922,631.70849609375),(-70.6706237792969,88.621452331543,0.565975904464722),(-71.8954772949219,71.8954772949219,186.271392822266),(-56.6057090759277,70.9839324951172,360.823089599609),(-88.6214599609375,70.6706161499023,0.565975904464722),(-86.1052856445312,54.1035423278809,186.271392822266),(-70.9839401245117,56.6057052612305,360.823089599609),(-58.2087059020996,46.4181900024414,631.70849609375),(-57.5915298461914,57.5915222167969,513.067077636719),(-68.9741973876953,43.3394012451172,513.067077636719),(-46.4181938171387,58.2087020874023,631.70849609375),(-102.12345123291,49.1823348999023,0.565975904464722),(-95.9698486328125,33.5813255310059,186.271392822266),(-81.7987365722656,39.3940620422363,360.823089599609),(-110.508010864258,25.220609664917,0.565975904464722),(-101.05281829834,11.3859405517578,186.271423339844),(-88.5146026611328,20.2012424468994,360.823089599609),(-72.5842742919922,16.5656127929688,631.70849609375),(-76.8761520385742,26.9002056121826,513.067199707031),(-80.9478302001953,9.1207332611084,513.067199707031),(-67.0771026611328,32.3042030334473,631.70849609375),(-113.349456787109,0.,0.566005706787109),(-101.03621673584,-11.3840198516846,186.271423339844),(-90.79052734375,0.,360.823089599609),(-110.507080078125,-25.2246589660645,0.566005706787109),(-95.985595703125,-33.5867805480957,186.271453857422),(-88.5138549804688,-20.2043037414551,360.823089599609),(-72.5836639404297,-16.5679569244385,631.70849609375),(-80.9345321655273,-9.11900234222412,513.067199707031),(-76.8887557983398,-26.9043846130371,513.067199707031),(-74.4505996704102,0.,631.70849609375),(-102.125213623047,-49.1786422729492,0.566065311431885),(-86.0911407470703,-54.0945854187012,186.271453857422),(-81.800163269043,-39.3909301757812,360.823150634766),(-88.618896484375,-70.673828125,0.566065311431885),(-70.9818801879883,-56.6081008911133,360.823150634766),(-58.2070121765137,-46.4199867248535,631.70849609375),(-68.9628753662109,-43.3320426940918,513.067199707031),(-67.0782699584961,-32.3014678955078,631.70849609375),(-37.5444831848145,-59.751220703125,705.451721191406),(-43.1512756347656,-54.1075325012207,745.36083984375),(-49.9073066711426,-49.9069328308105,705.451721191406),(-23.311056137085,-66.6184616088867,705.451721191406),(-30.0270175933838,-62.3540458679199,745.36083984375),(-30.9094200134277,-64.1864395141602,767.401672363281),(-37.1054916381836,-59.0525398254395,762.499816894531),(-23.0384960174561,-65.8394775390625,762.499816894531),(-44.4193649291992,-55.6975898742676,767.401672363281),(-49.3237495422363,-49.3233642578125,762.499877929688),(-7.90126943588257,-70.1238327026367,705.451721191406),(-15.4015130996704,-67.4717407226562,745.36083984375),(7.90218591690063,-70.1353454589844,705.451721191406),(0.,-69.2071914672852,745.36083984375),(0.,-71.2409820556641,767.401672363281),(-7.80889749526978,-69.3038558959961,762.499816894531),(7.80976724624634,-69.3152465820312,762.499816894531),(-15.8541097640991,-69.4545288085938,767.401672363281),(23.3068561553955,-66.6075134277344,705.451721191406),(15.3986673355103,-67.4722900390625,745.36083984375),(37.5502738952637,-59.7610244750977,705.451721191406),(30.0288887023926,-62.3529472351074,745.36083984375),(30.9113521575928,-64.1853179931641,767.401672363281),(23.034309387207,-65.8286666870117,762.499816894531),(37.1111831665039,-59.0622253417969,762.499816894531),(15.8511896133423,-69.4551010131836,767.401672363281),(49.8987274169922,-49.8987274169922,705.451721191406),(43.1489181518555,-54.1090927124023,745.36083984375),(59.7610244750977,-37.5502738952637,705.451721191406),(54.1090927124023,-43.1489181518555,745.36083984375),(55.6991920471191,-44.4169273376465,767.401672363281),(49.3152503967285,-49.3152503967285,762.499816894531),(59.0622253417969,-37.1111831665039,762.499816894531),(44.4169273376465,-55.6991920471191,767.401672363281),(66.6075134277344,-23.3068561553955,705.451721191406),(62.3529472351074,-30.0288887023926,745.36083984375),(70.1353454589844,-7.90218782424927,705.451721191406),(67.472282409668,-15.3986711502075,745.36083984375),(69.4550933837891,-15.8511877059937,767.401672363281),(65.8286590576172,-23.0343132019043,762.499816894531),(69.3152389526367,-7.80977249145508,762.499816894531),(64.1853103637695,-30.9113445281982,767.401672363281),(70.1238327026367,7.90126037597656,705.451721191406),(69.2071914672852,0.,745.36083984375),(66.6184616088867,23.3110446929932,705.451721191406),(67.4717330932617,15.4015026092529,745.36083984375),(69.4545288085938,15.8541078567505,767.401672363281),(69.3038558959961,7.80888795852661,762.499816894531),(65.8394775390625,23.0384883880615,762.499816894531),(71.2409820556641,0.,767.401672363281),(59.7512245178223,37.5444793701172,705.451721191406),(62.3540458679199,30.0270080566406,745.36083984375),(49.9069328308105,49.907299041748,705.451721191406),(54.107536315918,43.1512641906738,745.36083984375),(55.6975898742676,44.4193496704102,767.401794433594),(59.0525398254395,37.1054840087891,762.499816894531),(49.3233680725098,49.3237457275391,762.499938964844),(64.1864395141602,30.9094123840332,767.401672363281),(37.5441207885742,59.7515907287598,705.451721191406),(43.1508941650391,54.1079216003418,745.36083984375),(23.3107032775879,66.6188278198242,705.451721191406),(30.026647567749,62.3544387817383,745.36083984375),(30.9090328216553,64.1868286132812,767.401794433594),(37.1051063537598,59.0529289245605,762.499938964844),(23.0381107330322,65.8398666381836,762.5),(44.4189682006836,55.6979866027832,767.401794433594),(7.90090656280518,70.1241989135742,705.451721191406),(15.4011354446411,67.4721221923828,745.36083984375),(-7.90254545211792,70.1357269287109,705.451721191406),(0.,69.2075805664062,745.36083984375),(0.,71.2413787841797,767.401794433594),(7.80850219726562,69.3042526245117,762.5),(-7.8101601600647,69.3156356811523,762.5),(15.8537282943726,69.4549102783203,767.401794433594),(-23.3072261810303,66.6078948974609,705.451721191406),(-15.3990545272827,67.4726943969727,745.36083984375),(-37.550651550293,59.7614135742188,705.451721191406),(-30.0292854309082,62.3533554077148,745.36083984375),(-30.9117488861084,64.1857223510742,767.401794433594),(-23.0347099304199,65.8290710449219,762.5),(-37.1115913391113,59.0626449584961,762.5),(-15.8515787124634,69.4554901123047,767.401794433594),(-49.8991203308105,49.899112701416,705.451721191406),(-43.1493110656738,54.1094970703125,745.36083984375),(-59.761417388916,37.5506477355957,705.451721191406),(-54.1094970703125,43.1493110656738,745.36083984375),(-55.6996116638184,44.4173393249512,767.401794433594),(-49.3156623840332,49.3156623840332,762.5),(-59.0626487731934,37.1115875244141,762.5),(-44.4173431396484,55.6996078491211,767.401794433594),(-66.6079025268555,23.307222366333,705.451721191406),(-62.3533630371094,30.0292816162109,745.36083984375),(-70.1357269287109,7.90254354476929,705.451721191406),(-67.4726943969727,15.3990507125854,745.36083984375),(-69.4554977416992,15.8515748977661,767.401794433594),(-65.8290710449219,23.0347080230713,762.5),(-69.3156433105469,7.81015634536743,762.5),(-64.1857299804688,30.9117450714111,767.401794433594),(-70.1242065429688,-7.90091753005981,705.451721191406),(-69.2075805664062,0.,745.36083984375),(-66.6188278198242,-23.3107089996338,705.451721191406),(-67.4721221923828,-15.4011449813843,745.36083984375),(-69.4549179077148,-15.8537435531616,767.401794433594),(-69.3042526245117,-7.80850982666016,762.5),(-65.8398666381836,-23.0381240844727,762.5),(-71.2413787841797,0.,767.401794433594),(-59.751594543457,-37.5441246032715,705.451721191406),(-62.3544425964355,-30.0266532897949,745.36083984375),(-54.1079330444336,-43.1508979797363,745.36083984375),(-55.6979904174805,-44.4189643859863,767.401794433594),(-59.0529327392578,-37.105110168457,762.499938964844),(-64.1868438720703,-30.9090442657471,767.401794433594),(-38.698112487793,-61.5871658325195,770.598999023438),(-46.6212577819824,-58.458568572998,773.169128417969),(-51.4407997131348,-51.4403953552246,770.598999023438),(-24.0273284912109,-68.6654052734375,770.598999023438),(-32.4416198730469,-67.3682174682617,773.169128417969),(-42.2059478759766,-87.6449966430664,786.223510742188),(-46.7283592224121,-74.3672256469727,782.579956054688),(-35.6505432128906,-74.0319290161133,779.409790039062),(-29.0132369995117,-82.9142913818359,782.579956054688),(-60.6534271240234,-76.0536880493164,786.223510742188),(-62.1152992248535,-62.1149024963379,782.579956054688),(-51.2327575683594,-64.2409973144531,779.409912109375),(-8.14404964447021,-72.2784881591797,770.598999023438),(-16.6399993896484,-72.8974380493164,773.169128417969),(8.14498233795166,-72.2903518676758,770.598999023438),(0.,-74.7724533081055,773.169128417969),(0.,-97.2777709960938,786.223510742188),(-9.83398723602295,-87.2771224975586,782.579956054688),(0.,-82.1685638427734,779.409790039062),(9.83520889282227,-87.2914657592773,782.579956054688),(-21.6483211517334,-94.8384246826172,786.223510742188),(-18.2859268188477,-80.1080780029297,779.409790039062),(24.0229911804199,-68.6541290283203,770.598999023438),(16.6369514465332,-72.8980484008789,773.169128417969),(38.7040596008301,-61.5972709655762,770.598999023438),(32.443660736084,-67.3670349121094,773.169128417969),(42.2087173461914,-87.643440246582,786.2236328125),(29.,-82.9006729125977,782.580017089844),(35.6528244018555,-74.0306243896484,779.409790039062),(46.7356185913086,-74.3794250488281,782.580078125),(21.6444644927979,-94.8392105102539,786.2236328125),(18.2826080322266,-80.1087341308594,779.409790039062),(51.4319343566895,-51.4319343566895,770.598999023438),(46.618709564209,-58.4602432250977,773.169128417969),(61.5972747802734,-38.7040557861328,770.598999023438),(58.4602432250977,-46.618709564209,773.169128417969),(76.0558700561523,-60.6502380371094,786.2236328125),(62.1046752929688,-62.1046752929688,782.580078125),(64.2428359985352,-51.2299995422363,779.409851074219),(74.3794326782227,-46.7356147766113,782.580078125),(60.6502380371094,-76.0558700561523,786.2236328125),(51.2300033569336,-64.2428283691406,779.409851074219),(68.6541213989258,-24.0229835510254,770.598999023438),(67.3670349121094,-32.4436492919922,773.169128417969),(72.2903518676758,-8.14498615264893,770.598999023438),(72.8980407714844,-16.6369552612305,773.169128417969),(94.8391952514648,-21.6444606781006,786.2236328125),(82.9006652832031,-29.,782.580017089844),(80.1087341308594,-18.2826099395752,779.409790039062),(87.2914505004883,-9.83520221710205,782.579956054688),(87.6434478759766,-42.2087097167969,786.2236328125),(74.0306243896484,-35.6528244018555,779.409790039062),(72.2784881591797,8.14404964447021,770.598999023438),(74.7724533081055,0.,773.169128417969),(68.6654052734375,24.0273208618164,770.598999023438),(72.8974380493164,16.6399993896484,773.169128417969),(94.8384170532227,21.6483135223389,786.223510742188),(87.2771224975586,9.83398723602295,782.579956054688),(80.1080780029297,18.2859268188477,779.409790039062),(82.9142913818359,29.0132293701172,782.579956054688),(97.2777709960938,0.,786.223510742188),(82.1685562133789,0.,779.409790039062),(61.5871658325195,38.6981048583984,770.598999023438),(67.3682098388672,32.4416084289551,773.169128417969),(51.4403991699219,51.4407958984375,770.599060058594),(58.4585723876953,46.6212539672852,773.169128417969),(76.0536727905273,60.6533966064453,786.223510742188),(74.3672256469727,46.728343963623,782.579956054688),(64.2409973144531,51.2327499389648,779.409912109375),(62.1149024963379,62.115291595459,782.579956054688),(87.6450042724609,42.2059440612793,786.223510742188),(74.0319366455078,35.6505393981934,779.409790039062),(38.6977157592773,61.5875587463379,770.599060058594),(46.6208534240723,58.4589691162109,773.169250488281),(24.0269432067871,68.6658020019531,770.599060058594),(32.4412155151367,67.3686065673828,773.169250488281),(42.2055511474609,87.6454010009766,786.223754882812),(46.7279624938965,74.3676300048828,782.580078125),(35.6501502990723,74.0323333740234,779.409973144531),(29.0128440856934,82.9146881103516,782.580139160156),(60.6530265808105,76.0541000366211,786.223754882812),(51.2323608398438,64.2413940429688,779.409973144531),(8.14366054534912,72.2788925170898,770.599060058594),(16.6396102905273,72.8978424072266,773.169250488281),(-8.14537906646729,72.2907638549805,770.599182128906),(0.,74.7728652954102,773.169250488281),(0.,97.278190612793,786.223876953125),(9.83361148834229,87.2775268554688,782.580139160156),(0.,82.1689605712891,779.409973144531),(-9.83559322357178,87.291862487793,782.580139160156),(21.6479263305664,94.8388290405273,786.223876953125),(18.2855358123779,80.1084747314453,779.409973144531),(-24.0233821868896,68.6545333862305,770.599060058594),(-16.6373481750488,72.8984527587891,773.169250488281),(-38.7044639587402,61.5976905822754,770.599182128906),(-32.4440612792969,67.3674545288086,773.169250488281),(-42.2091293334961,87.6438903808594,786.223815917969),(-29.,82.9010848999023,782.580078125),(-35.6532287597656,74.0310516357422,779.409973144531),(-46.7360382080078,74.3798675537109,782.580078125),(-21.6448516845703,94.8396301269531,786.223876953125),(-18.2830104827881,80.1091537475586,779.409973144531),(-51.4323539733887,51.4323463439941,770.599060058594),(-46.6191368103027,58.4606742858887,773.169250488281),(-61.5976943969727,38.704460144043,770.599182128906),(-58.4606742858887,46.6191329956055,773.169250488281),(-76.0563125610352,60.6506538391113,786.223815917969),(-62.1050987243652,62.1050987243652,782.580078125),(-64.2432708740234,51.2304229736328,779.409912109375),(-74.3798675537109,46.7360343933105,782.580078125),(-60.6506576538086,76.0563049316406,786.223815917969),(-51.2304229736328,64.2432708740234,779.409912109375),(-68.654541015625,24.023380279541,770.599060058594),(-67.3674545288086,32.4440612792969,773.169250488281),(-72.2907638549805,8.14537906646729,770.599182128906),(-72.8984603881836,16.6373443603516,773.169250488281),(-94.8396301269531,21.644847869873,786.223876953125),(-82.9010848999023,29.,782.580078125),(-80.1091537475586,18.2829990386963,779.409973144531),(-87.2918701171875,9.83558940887451,782.580139160156),(-87.6438827514648,42.2091217041016,786.223815917969),(-74.0310516357422,35.6532249450684,779.409973144531),(-72.2788925170898,-8.1436710357666,770.599060058594),(-74.7728652954102,0.,773.169250488281),(-68.6658020019531,-24.0269546508789,770.599060058594),(-72.8978500366211,-16.6396255493164,773.169250488281),(-94.8388366699219,-21.6479434967041,786.223876953125),(-87.2775268554688,-9.83361434936523,782.580139160156),(-80.1084823608398,-18.2855472564697,779.409973144531),(-82.9146957397461,-29.0128612518311,782.580139160156),(-97.2781982421875,0.,786.223876953125),(-82.1689605712891,0.,779.409973144531),(-61.5875663757324,-38.6977195739746,770.599060058594),(-67.3686218261719,-32.4412307739258,773.169250488281),(-58.4589691162109,-46.6208534240723,773.169250488281),(-76.0541000366211,-60.6530227661133,786.223754882812),(-74.3676376342773,-46.727970123291,782.580078125),(-64.2414016723633,-51.2323608398438,779.409973144531),(-87.6454086303711,-42.2055702209473,786.223754882812),(-74.0323333740234,-35.6501617431641,779.409973144531),(-60.0690841674805,-95.598876953125,790.864562988281),(-82.3717041015625,-103.286544799805,795.9140625),(-79.8489608764648,-79.8485488891602,790.864562988281),(-37.2963638305664,-106.58610534668,790.864562988281),(-57.3186836242676,-119.028381347656,795.914001464844),(-75.3545150756836,-156.481887817383,805.837158203125),(-81.,-128.904968261719,800.783020019531),(-50.2901000976562,-143.720031738281,800.783020019531),(-108.29069519043,-135.786727905273,805.837280273438),(-107.667724609375,-107.667320251465,800.783264160156),(-12.6415166854858,-112.194526672363,790.864562988281),(-29.3999214172363,-128.797576904297,795.914001464844),(12.6431856155396,-112.212936401367,790.864685058594),(0.,-132.110397338867,795.914123535156),(0.,-173.680297851562,805.837219238281),(-17.0456600189209,-151.282379150391,800.783142089844),(17.0480461120605,-151.307220458984,800.783142089844),(-38.6508255004883,-169.325057983398,805.837219238281),(37.2898330688477,-106.56859588623,790.864685058594),(29.3948287963867,-128.798645019531,795.914123535156),(60.0785484313965,-95.6145782470703,790.864685058594),(57.3225898742676,-119.02628326416,795.914123535156),(75.3597564697266,-156.479110717773,805.837219238281),(50.2814254760742,-143.696441650391,800.783142089844),(81.,-128.926086425781,800.783142089844),(38.6442451477051,-169.326431274414,805.837219238281),(79.8354263305664,-79.8354263305664,790.864685058594),(82.3675308227539,-103.289505004883,795.914123535156),(95.6145782470703,-60.0785484313965,790.864685058594),(103.289512634277,-82.3675231933594,795.914123535156),(135.790603637695,-108.285316467285,805.837219238281),(107.649612426758,-107.649612426758,800.783142089844),(128.92610168457,-81.,800.783142089844),(108.28532409668,-135.790603637695,805.837219238281),(106.56859588623,-37.2898330688477,790.864685058594),(119.02628326416,-57.3225898742676,795.914123535156),(112.212936401367,-12.6431894302368,790.864685058594),(128.798645019531,-29.3948287963867,795.914123535156),(169.326431274414,-38.6442451477051,805.837219238281),(143.696441650391,-50.281421661377,800.783142089844),(151.307220458984,-17.0480461120605,800.783142089844),(156.479110717773,-75.3597564697266,805.837219238281),(112.194511413574,12.6415023803711,790.864562988281),(132.110397338867,0.,795.914123535156),(106.58610534668,37.2963638305664,790.864562988281),(128.797576904297,29.3999137878418,795.914001464844),(169.325057983398,38.6508102416992,805.837219238281),(151.282379150391,17.0456523895264,800.783142089844),(143.720016479492,50.2900810241699,800.783020019531),(173.680282592773,0.,805.837219238281),(95.5988845825195,60.0690765380859,790.864562988281),(119.028373718262,57.318675994873,795.914001464844),(79.8485488891602,79.8489456176758,790.864562988281),(103.28653717041,82.3716888427734,795.9140625),(135.786712646484,108.290672302246,805.837280273438),(128.90495300293,81.,800.783020019531),(107.66731262207,107.667701721191,800.783264160156),(156.481887817383,75.3544998168945,805.837158203125),(60.0687141418457,95.5993041992188,790.864807128906),(82.3712921142578,103.286933898926,795.914184570312),(37.2959823608398,106.586524963379,790.864929199219),(57.3183059692383,119.028793334961,795.914367675781),(75.3541107177734,156.482284545898,805.837646484375),(81.,128.905364990234,800.783386230469),(50.2896995544434,143.720443725586,800.783569335938),(108.290306091309,135.787124633789,805.837463378906),(12.6411294937134,112.194923400879,790.864929199219),(29.3995265960693,128.797988891602,795.914428710938),(-12.6435699462891,112.213356018066,790.864929199219),(0.,132.110824584961,795.914489746094),(0.,173.680694580078,805.837707519531),(17.0452747344971,151.282791137695,800.783447265625),(-17.0484313964844,151.307647705078,800.783447265625),(38.6504287719727,169.325454711914,805.837707519531),(-37.2902412414551,106.569030761719,790.864929199219),(-29.3952198028564,128.799057006836,795.914489746094),(-60.0789566040039,95.6150131225586,790.864929199219),(-57.3230171203613,119.026733398438,795.914489746094),(-75.3601913452148,156.479583740234,805.837951660156),(-50.2818260192871,143.696853637695,800.78369140625),(-81.,128.926559448242,800.78369140625),(-38.6446533203125,169.326889038086,805.837707519531),(-79.8358535766602,79.8358535766602,790.864929199219),(-82.3679580688477,103.289947509766,795.914489746094),(-95.6150131225586,60.0789566040039,790.864868164062),(-103.28995513916,82.3679504394531,795.914489746094),(-135.791091918945,108.285781860352,805.837951660156),(-107.650047302246,107.650047302246,800.78369140625),(-128.926559448242,81.,800.78369140625),(-108.285781860352,135.791091918945,805.837951660156),(-106.569030761719,37.290225982666,790.864868164062),(-119.026741027832,57.3230133056641,795.914489746094),(-112.213371276855,12.6435585021973,790.864868164062),(-128.799057006836,29.3952121734619,795.914489746094),(-169.326889038086,38.6446533203125,805.837707519531),(-143.696868896484,50.2818183898926,800.783447265625),(-151.307647705078,17.0484237670898,800.783447265625),(-156.479583740234,75.3601913452148,805.837829589844),(-112.194931030273,-12.6411476135254,790.864929199219),(-132.110809326172,0.,795.914489746094),(-106.58650970459,-37.2959976196289,790.864929199219),(-128.798004150391,-29.3995590209961,795.914428710938),(-169.325485229492,-38.6504898071289,805.837707519531),(-151.282791137695,-17.0452976226807,800.783447265625),(-143.720458984375,-50.289737701416,800.783569335938),(-173.680694580078,0.,805.837707519531),(-95.5993041992188,-60.0687141418457,790.864807128906),(-119.028785705566,-57.3183135986328,795.914367675781),(-103.286956787109,-82.3713150024414,795.914184570312),(-135.787139892578,-108.290313720703,805.837463378906),(-128.905364990234,-81.,800.783386230469),(-156.482315063477,-75.3541641235352,805.837646484375),(-104.674674987793,-166.588256835938,811.44189453125),(-135.284637451172,-169.634796142578,817.26953125),(-139.142547607422,-139.142135620117,811.442077636719),(-65.,-185.734298706055,811.441955566406),(-94.1383285522461,-195.488693237305,817.26953125),(-22.0286159515381,-195.507385253906,811.441955566406),(-48.2853927612305,-211.533355712891,817.269592285156),(22.0318202972412,-195.539443969727,811.441955566406),(0.,-216.974197387695,817.269592285156),(64.9804382324219,-185.703796386719,811.441955566406),(48.2772941589355,-211.535064697266,817.269592285156),(104.691429138184,-166.615585327148,811.441955566406),(94.1450119018555,-195.485275268555,817.269592285156),(139.119247436523,-139.119247436523,811.441955566406),(135.278045654297,-169.639663696289,817.269592285156),(166.615585327148,-104.691429138184,811.441955566406),(169.639663696289,-135.278045654297,817.269592285156),(185.70378112793,-64.9804153442383,811.441955566406),(195.485275268555,-94.1450119018555,817.269592285156),(195.539443969727,-22.0318202972412,811.441955566406),(211.535064697266,-48.2772941589355,817.269592285156),(195.507354736328,22.028600692749,811.441955566406),(216.974197387695,0.,817.269592285156),(185.734313964844,65.,811.441955566406),(211.533340454102,48.2853775024414,817.269592285156),(166.588272094727,104.674659729004,811.44189453125),(195.488693237305,94.1383056640625,817.26953125),(139.142135620117,139.142517089844,811.442077636719),(169.634796142578,135.284606933594,817.26953125),(104.674285888672,166.588668823242,811.442260742188),(135.284225463867,169.635177612305,817.269775390625),(65.,185.734680175781,811.442565917969),(94.137939453125,195.489120483398,817.27001953125),(22.0282440185547,195.507766723633,811.442565917969),(48.2850112915039,211.533737182617,817.270263671875),(-22.0321998596191,195.539901733398,811.442565917969),(0.,216.974624633789,817.270385742188),(-64.9808502197266,185.704238891602,811.442687988281),(-48.2776794433594,211.535522460938,817.270385742188),(-104.691871643066,166.616058349609,811.442687988281),(-94.1454238891602,195.485748291016,817.270446777344),(-139.119705200195,139.119705200195,811.442810058594),(-135.278503417969,169.64013671875,817.2705078125),(-166.616058349609,104.691871643066,811.442687988281),(-169.640151977539,135.27848815918,817.2705078125),(-185.704238891602,64.9808502197266,811.442687988281),(-195.485748291016,94.1454238891602,817.270446777344),(-195.539901733398,22.0321846008301,811.442565917969),(-211.535522460938,48.2776794433594,817.270385742188),(-195.507766723633,-22.0282821655273,811.442565917969),(-216.974655151367,0.,817.270385742188),(-185.73469543457,-65.,811.442565917969),(-211.533752441406,-48.2850799560547,817.270263671875),(-166.588668823242,-104.674308776855,811.442260742188),(-195.489135742188,-94.1379928588867,817.27001953125),(-169.635208129883,-135.284255981445,817.269897460938),(-122.269012451172,-194.589477539062,823.),(-148.108535766602,-185.714828491211,828.1337890625),(-162.53044128418,-162.530029296875,823.),(-75.915657043457,-216.953704833984,823.),(-103.061882019043,-214.01953125,828.1337890625),(-25.7312889099121,-228.369476318359,823.),(-52.8624534606934,-231.585052490234,828.133850097656),(25.7350997924805,-228.406967163086,823.),(0.,-237.541656494141,828.133850097656),(75.9027633666992,-216.918029785156,823.),(52.8536224365234,-231.586944580078,828.133850097656),(122.288635253906,-194.621368408203,823.),(103.069221496582,-214.015731811523,828.133850097656),(162.503311157227,-162.503311157227,823.),(148.101333618164,-185.720184326172,828.133911132812),(194.621368408203,-122.288635253906,823.),(185.720184326172,-148.101333618164,828.133911132812),(216.918045043945,-75.9027557373047,823.),(214.015731811523,-103.069229125977,828.133850097656),(228.406951904297,-25.735107421875,823.),(231.586944580078,-52.8536224365234,828.133850097656),(228.369476318359,25.7312889099121,823.),(237.541641235352,0.,828.133850097656),(216.953674316406,75.9156188964844,823.),(231.585037231445,52.8624229431152,828.133850097656),(194.589477539062,122.268981933594,823.),(214.019500732422,103.061851501465,828.1337890625),(162.530044555664,162.530426025391,823.),(185.71484375,148.108520507812,828.1337890625),(122.268592834473,194.589859008789,823.),(148.108139038086,185.715240478516,828.134033203125),(75.9152603149414,216.954055786133,823.),(103.061477661133,214.019897460938,828.13427734375),(25.7308979034424,228.369873046875,823.),(52.8620719909668,231.585433959961,828.134643554688),(-25.7354907989502,228.40739440918,823.),(0.,237.542083740234,828.134643554688),(-75.9031829833984,216.918502807617,823.),(-52.8540191650391,231.587387084961,828.134643554688),(-122.289108276367,194.62190246582,823.),(-103.06965637207,214.016220092773,828.134765625),(-162.503768920898,162.503768920898,823.),(-148.101821899414,185.720657348633,828.134765625),(-194.621871948242,122.289077758789,823.),(-185.720626831055,148.101791381836,828.134765625),(-216.918502807617,75.9031829833984,823.),(-214.016220092773,103.06965637207,828.134765625),(-228.40739440918,25.7354755401611,823.),(-231.587417602539,52.8540267944336,828.134643554688),(-228.369888305664,-25.7309646606445,823.),(-237.542083740234,0.,828.134643554688),(-216.954086303711,-75.9153213500977,823.),(-231.58544921875,-52.8621406555176,828.134643554688),(-194.589889526367,-122.268653869629,823.),(-214.019912719727,-103.061553955078,828.13427734375),(-185.715240478516,-148.108139038086,828.134155273438),(-153.096603393555,-191.969482421875,836.214660644531),(-132.202102661133,-210.397903442383,841.096740722656),(-156.288879394531,-195.972290039062,847.018432617188),(-175.734375,-175.733993530273,841.096862792969),(-106.532859802246,-221.227416992188,836.214721679688),(-82.0830383300781,-234.578994750977,841.096862792969),(-108.754196166992,-225.840270996094,847.018493652344),(-54.6428031921387,-239.384536743164,836.214721679688),(-27.821683883667,-246.922164916992,841.096862792969),(-55.7821617126465,-244.376007080078,847.0185546875),(0.,-245.541763305664,836.214721679688),(27.825834274292,-246.96272277832,841.096862792969),(0.,-250.661605834961,847.0185546875),(54.6336631774902,-239.386505126953,836.214599609375),(82.0690841674805,-234.540420532227,841.096740722656),(55.772819519043,-244.378005981445,847.018310546875),(106.540473937988,-221.223510742188,836.214599609375),(132.223373413086,-210.432418823242,841.096801757812),(108.761940002441,-225.836288452148,847.018432617188),(153.089218139648,-191.974990844727,836.214721679688),(175.705047607422,-175.705047607422,841.096801757812),(156.281295776367,-195.977905273438,847.018432617188),(191.975006103516,-153.089202880859,836.214721679688),(210.432418823242,-132.223373413086,841.096801757812),(195.977905273438,-156.281295776367,847.018432617188),(221.223510742188,-106.540473937988,836.214599609375),(234.540420532227,-82.0690841674805,841.096740722656),(225.836288452148,-108.761940002441,847.018432617188),(239.386474609375,-54.6336784362793,836.214599609375),(246.96272277832,-27.8258419036865,841.096862792969),(244.378005981445,-55.7728271484375,847.018310546875),(245.541748046875,0.,836.214721679688),(246.922134399414,27.8216705322266,841.096862792969),(250.661605834961,0.,847.0185546875),(239.384506225586,54.6427612304688,836.214721679688),(234.578964233398,82.0830001831055,841.096862792969),(244.3759765625,55.7821464538574,847.0185546875),(221.227432250977,106.532836914062,836.214721679688),(210.397903442383,132.202072143555,841.096740722656),(225.840270996094,108.754165649414,847.018493652344),(191.969482421875,153.096572875977,836.214660644531),(175.733963012695,175.734313964844,841.096862792969),(195.972305297852,156.288833618164,847.018432617188),(153.096267700195,191.969879150391,836.214965820312),(132.201705932617,210.398284912109,841.09716796875),(156.288482666016,195.97265625,847.018615722656),(106.53247833252,221.227783203125,836.215270996094),(82.082633972168,234.579360961914,841.097412109375),(108.75382232666,225.840667724609,847.018920898438),(54.6423950195312,239.384918212891,836.215576171875),(27.8212890625,246.922592163086,841.097534179688),(55.7817687988281,244.376419067383,847.019165039062),(0.,245.542175292969,836.215576171875),(-27.8262367248535,246.963150024414,841.097534179688),(0.,250.662048339844,847.019287109375),(-54.6340599060059,239.386917114258,836.215576171875),(-82.0695343017578,234.540908813477,841.097778320312),(-55.773250579834,244.378479003906,847.019348144531),(-106.540908813477,221.224014282227,836.2158203125),(-132.223815917969,210.432907104492,841.097900390625),(-108.762413024902,225.836807250977,847.019409179688),(-153.08967590332,191.975479125977,836.215759277344),(-175.705535888672,175.705535888672,841.097778320312),(-156.281784057617,195.978424072266,847.019409179688),(-191.975479125977,153.089645385742,836.215759277344),(-210.432907104492,132.223815917969,841.09765625),(-195.978439331055,156.281799316406,847.019409179688),(-221.223983764648,106.540870666504,836.2158203125),(-234.540908813477,82.0695343017578,841.097778320312),(-225.836807250977,108.762413024902,847.019409179688),(-239.386917114258,54.6340446472168,836.215576171875),(-246.963180541992,27.826208114624,841.09765625),(-244.378479003906,55.7732353210449,847.019287109375),(-245.542205810547,0.,836.215576171875),(-246.922592163086,-27.8213653564453,841.097534179688),(-250.662078857422,0.,847.019287109375),(-239.384918212891,-54.6424713134766,836.215576171875),(-234.579391479492,-82.0827178955078,841.097412109375),(-244.376419067383,-55.7818489074707,847.019165039062),(-221.227844238281,-106.532569885254,836.215270996094),(-210.398315429688,-132.201766967773,841.09716796875),(-225.840698242188,-108.753883361816,847.018920898438),(-191.969879150391,-153.096267700195,836.214965820312),(-195.972717285156,-156.288513183594,847.018615722656),(-133.786926269531,-212.920135498047,854.134399414062),(-156.518676757812,-196.260452270508,862.0458984375),(-177.841079711914,-177.840682983398,854.134399414062),(-83.0670318603516,-237.391128540039,854.134521484375),(-108.914123535156,-226.172393798828,862.045959472656),(-28.1552276611328,-249.882278442383,854.134521484375),(-55.8641967773438,-244.735336303711,862.045959472656),(28.1593799591064,-249.923294067383,854.134399414062),(0.,-251.030197143555,862.045959472656),(83.0529251098633,-237.352096557617,854.13427734375),(55.8548240661621,-244.737335205078,862.045837402344),(133.808441162109,-212.955062866211,854.134399414062),(108.921875,-226.168350219727,862.045837402344),(177.811370849609,-177.811370849609,854.134399414062),(156.511108398438,-196.266067504883,862.045837402344),(212.955062866211,-133.808441162109,854.134399414062),(196.266098022461,-156.511108398438,862.045837402344),(237.352096557617,-83.0529251098633,854.13427734375),(226.168365478516,-108.921867370605,862.045837402344),(249.923294067383,-28.1593952178955,854.134399414062),(244.737335205078,-55.8548545837402,862.045837402344),(249.882247924805,28.1551895141602,854.134521484375),(251.030197143555,0.,862.045959472656),(237.391082763672,83.0669784545898,854.134521484375),(244.735336303711,55.864143371582,862.045959472656),(212.920150756836,133.786880493164,854.134399414062),(226.172393798828,108.914093017578,862.045959472656),(177.84065246582,177.841049194336,854.134399414062),(196.260452270508,156.518646240234,862.0458984375),(133.786560058594,212.920532226562,854.134765625),(156.518295288086,196.260848999023,862.046081542969),(83.0666198730469,237.391510009766,854.135131835938),(108.913719177246,226.172744750977,862.046447753906),(28.1548137664795,249.882690429688,854.135314941406),(55.8637657165527,244.735717773438,862.046630859375),(-28.1598091125488,249.923736572266,854.135314941406),(0.,251.030639648438,862.046752929688),(-83.0534057617188,237.352615356445,854.135498046875),(-55.8553009033203,244.737838745117,862.046813964844),(-133.80891418457,212.95556640625,854.135437011719),(-108.922370910645,226.168869018555,862.046875),(-177.811904907227,177.811904907227,854.135437011719),(-156.511596679688,196.266586303711,862.046875),(-212.955596923828,133.808944702148,854.135437011719),(-196.2666015625,156.511581420898,862.046875),(-237.352615356445,83.0534057617188,854.135498046875),(-226.168884277344,108.92236328125,862.046875),(-249.923767089844,28.1597785949707,854.135314941406),(-244.737838745117,55.8552703857422,862.046813964844),(-249.882720947266,-28.1548728942871,854.135314941406),(-251.030670166016,0.,862.046752929688),(-237.391525268555,-83.0666885375977,854.135131835938),(-244.735748291016,-55.8638534545898,862.046630859375),(-212.92057800293,-133.786590576172,854.134765625),(-226.172790527344,-108.913795471191,862.046447753906),(-196.260879516602,-156.518310546875,862.046081542969),(-132.67707824707,-211.153762817383,870.353698730469),(-153.948028564453,-193.037017822266,878.760803222656),(-176.365737915039,-176.365295410156,870.353881835938),(-82.3779144287109,-235.421722412109,870.353759765625),(-107.125328063965,-222.457702636719,878.760803222656),(-27.9216384887695,-247.80924987793,870.353759765625),(-54.9466972351074,-240.715774536133,878.760803222656),(27.92578125,-247.849945068359,870.353759765625),(0.,-246.9072265625,878.760803222656),(82.3639144897461,-235.383026123047,870.353637695312),(54.9374580383301,-240.717727661133,878.760803222656),(132.698364257812,-211.188385009766,870.353637695312),(107.132911682129,-222.453735351562,878.760803222656),(176.33625793457,-176.33625793457,870.353637695312),(153.940521240234,-193.042572021484,878.760803222656),(211.188400268555,-132.698348999023,870.353637695312),(193.042572021484,-153.940521240234,878.760803222656),(235.383010864258,-82.3639221191406,870.353759765625),(222.453735351562,-107.132911682129,878.760803222656),(247.84992980957,-27.9257888793945,870.353759765625),(240.717712402344,-54.9374732971191,878.760803222656),(247.80924987793,27.9216156005859,870.353759765625),(246.907241821289,0.,878.760803222656),(235.421737670898,82.3778686523438,870.353759765625),(240.715759277344,54.9466133117676,878.760803222656),(211.153778076172,132.677032470703,870.353698730469),(222.45768737793,107.12525177002,878.760803222656),(176.365295410156,176.365707397461,870.353881835938),(193.037033081055,153.947982788086,878.760803222656),(132.676635742188,211.154174804688,870.354125976562),(153.94758605957,193.037445068359,878.761108398438),(82.3774948120117,235.422119140625,870.3544921875),(107.124908447266,222.458099365234,878.761413574219),(27.9212284088135,247.809692382812,870.354614257812),(54.9462623596191,240.716186523438,878.761596679688),(-27.9262046813965,247.850402832031,870.354675292969),(0.,246.907699584961,878.761596679688),(-82.3643951416016,235.383560180664,870.354797363281),(-54.9379501342773,240.71826171875,878.76171875),(-132.698883056641,211.188934326172,870.354736328125),(-107.133438110352,222.454299926758,878.76171875),(-176.336837768555,176.336837768555,870.354736328125),(-153.941070556641,193.043121337891,878.76171875),(-211.188949584961,132.698867797852,870.354736328125),(-193.04313659668,153.941055297852,878.76171875),(-235.383560180664,82.3643951416016,870.354797363281),(-222.454315185547,107.133422851562,878.76171875),(-247.850433349609,27.926176071167,870.354675292969),(-240.718276977539,54.9379348754883,878.76171875),(-247.809722900391,-27.9212951660156,870.354614257812),(-246.907730102539,0.,878.761596679688),(-235.422164916992,-82.3776016235352,870.3544921875),(-240.716232299805,-54.9463157653809,878.761596679688),(-211.154205322266,-132.676681518555,870.354187011719),(-222.458129882812,-107.124969482422,878.761413574219),(-193.037490844727,-153.947631835938,878.761108398438),(-129.762298583984,-206.514923095703,886.969665527344),(-150.057006835938,-188.158020019531,895.079345703125),(-172.491180419922,-172.490737915039,886.969787597656),(-80.5681533813477,-230.249755859375,886.9697265625),(-104.41771697998,-216.835052490234,895.079345703125),(-27.3082790374756,-242.365142822266,886.9697265625),(-53.5578804016113,-234.63166809082,895.079345703125),(27.3122386932373,-242.404907226562,886.9697265625),(0.,-240.666610717773,895.079345703125),(80.5544662475586,-230.211898803711,886.969604492188),(53.5488967895508,-234.633560180664,895.079284667969),(129.783096313477,-206.548782348633,886.969604492188),(104.425117492676,-216.831176757812,895.079284667969),(172.462295532227,-172.462295532227,886.969604492188),(150.04963684082,-188.163375854492,895.079345703125),(206.548751831055,-129.783065795898,886.969604492188),(188.163375854492,-150.04963684082,895.079345703125),(230.211868286133,-80.5544509887695,886.969604492188),(216.831192016602,-104.425109863281,895.079284667969),(242.404891967773,-27.3122463226318,886.9697265625),(234.633560180664,-53.5489120483398,895.079284667969),(242.365142822266,27.3082256317139,886.9697265625),(240.666610717773,0.,895.079345703125),(230.249740600586,80.5681076049805,886.9697265625),(234.631652832031,53.5578575134277,895.079345703125),(206.514923095703,129.762237548828,886.969665527344),(216.835037231445,104.417671203613,895.079345703125),(172.490707397461,172.491119384766,886.969787597656),(188.158020019531,150.056976318359,895.079345703125),(129.761871337891,206.515365600586,886.969970703125),(150.056579589844,188.158432006836,895.07958984375),(80.5677490234375,230.25016784668,886.97021484375),(104.41731262207,216.835479736328,895.079833984375),(27.3078117370605,242.365585327148,886.970458984375),(53.5574798583984,234.632125854492,895.080017089844),(-27.3127269744873,242.405426025391,886.970458984375),(0.,240.66716003418,895.080017089844),(-80.5549545288086,230.212463378906,886.970581054688),(-53.5493965148926,234.634124755859,895.080139160156),(-129.783676147461,206.549377441406,886.970581054688),(-104.425659179688,216.831787109375,895.080139160156),(-172.462921142578,172.462921142578,886.970581054688),(-150.050247192383,188.163986206055,895.080261230469),(-206.549392700195,129.783660888672,886.970581054688),(-188.164001464844,150.050231933594,895.080261230469),(-230.212463378906,80.5549545288086,886.970581054688),(-216.831787109375,104.425659179688,895.080139160156),(-242.405456542969,27.3126964569092,886.970458984375),(-234.634155273438,53.5493812561035,895.080139160156),(-242.365615844727,-27.3078651428223,886.970458984375),(-240.66716003418,0.,895.080017089844),(-230.25016784668,-80.5678024291992,886.97021484375),(-234.632141113281,-53.557559967041,895.080017089844),(-206.515396118164,-129.761901855469,886.969970703125),(-216.835494995117,-104.417381286621,895.079833984375),(-188.158462524414,-150.056579589844,895.07958984375),(-104.080169677734,-216.13410949707,895.605895996094),(-78.3162078857422,-223.814025878906,895.605895996094),(-101.657112121582,-211.102294921875,895.605773925781),(-126.135314941406,-200.742630004883,895.605895996094),(-149.571914672852,-187.549758911133,895.605895996094),(-146.089752197266,-183.18342590332,895.605895996094),(-167.669860839844,-167.669403076172,895.605895996094),(0.,-239.888626098633,895.605895996094),(26.5488204956055,-235.629409790039,895.605834960938),(0.,-234.303787231445,895.605895996094),(-26.5449829101562,-235.590744018555,895.605895996094),(-53.3847808837891,-233.87321472168,895.605895996094),(-52.1419448852539,-228.42839050293,895.605895996094),(104.087539672852,-216.130249023438,895.605834960938),(126.155487060547,-200.775466918945,895.605834960938),(101.66423034668,-211.09846496582,895.605834960938),(78.302848815918,-223.77717590332,895.605834960938),(53.3757972717285,-233.875076293945,895.605834960938),(52.1331367492676,-228.430206298828,895.605834960938),(187.555114746094,-149.564575195312,895.605895996094),(200.775482177734,-126.155471801758,895.605834960938),(183.188613891602,-146.082550048828,895.605834960938),(167.641799926758,-167.641799926758,895.605895996094),(149.564590454102,-187.555099487305,895.605895996094),(146.082550048828,-183.188613891602,895.605834960938),(233.875076293945,-53.3757972717285,895.605834960938),(235.629409790039,-26.548849105835,895.605834960938),(228.430206298828,-52.1331367492676,895.605834960938),(223.77717590332,-78.302848815918,895.605834960938),(216.130249023438,-104.087532043457,895.605834960938),(211.09846496582,-101.66423034668,895.605834960938),(233.873184204102,53.3847389221191,895.605895996094),(223.813995361328,78.316162109375,895.605895996094),(228.428375244141,52.1418838500977,895.605895996094),(235.590744018555,26.5449466705322,895.605895996094),(239.888641357422,0.,895.605895996094),(234.303787231445,0.,895.605895996094),(187.549758911133,149.571884155273,895.605895996094),(167.669418334961,167.669845581055,895.605895996094),(183.183441162109,146.089706420898,895.605895996094),(200.742630004883,126.135269165039,895.605895996094),(216.13410949707,104.080146789551,895.605895996094),(211.102264404297,101.657051086426,895.605773925781),(104.07975769043,216.134506225586,895.606384277344),(78.3157958984375,223.814453125,895.606506347656),(101.656684875488,211.10270690918,895.6064453125),(126.134880065918,200.743026733398,895.606262207031),(149.571472167969,187.550170898438,895.606140136719),(146.089309692383,183.183837890625,895.606140136719),(0.,239.889144897461,895.606567382812),(-26.5493202209473,235.629943847656,895.606506347656),(0.,234.304290771484,895.606506347656),(26.5445289611816,235.591232299805,895.606506347656),(53.3843574523926,233.873626708984,895.606506347656),(52.1415023803711,228.428848266602,895.606506347656),(-104.088088989258,216.130844116211,895.606689453125),(-126.156074523926,200.776107788086,895.606689453125),(-101.664810180664,211.099105834961,895.606689453125),(-78.3033828735352,223.777786254883,895.606689453125),(-53.3762969970703,233.875640869141,895.606689453125),(-52.133674621582,228.430801391602,895.606506347656),(-187.555725097656,149.565185546875,895.606689453125),(-200.776107788086,126.156074523926,895.606689453125),(-183.189254760742,146.083160400391,895.606689453125),(-167.64241027832,167.64241027832,895.606689453125),(-149.565185546875,187.555725097656,895.606689453125),(-146.083160400391,183.189254760742,895.606689453125),(-233.87565612793,53.3762893676758,895.606689453125),(-235.629974365234,26.5492897033691,895.606506347656),(-228.430786132812,52.1336288452148,895.606506347656),(-223.777786254883,78.3033828735352,895.606689453125),(-216.130859375,104.088073730469,895.606689453125),(-211.099105834961,101.664810180664,895.606689453125),(-233.873657226562,-53.3844337463379,895.606506347656),(-223.814468383789,-78.3158721923828,895.606506347656),(-228.428863525391,-52.1415863037109,895.606506347656),(-235.591262817383,-26.5445880889893,895.606506347656),(-239.88916015625,0.,895.606567382812),(-234.304290771484,0.,895.606506347656),(-187.550201416016,-149.571502685547,895.606140136719),(-183.183868408203,-146.089340209961,895.606140136719),(-200.743041992188,-126.134925842285,895.606262207031),(-216.134536743164,-104.07984161377,895.606384277344),(-211.102722167969,-101.656753540039,895.6064453125),(-101.411033630371,-210.591278076172,895.038696289062),(-77.2064971923828,-220.642623901367,882.174072265625),(-101.113868713379,-210.,869.205444335938),(-124.347999572754,-197.898147583008,882.174011230469),(-145.736114501953,-182.739990234375,895.038696289062),(-145.314193725586,-182.227111816406,869.205444335938),(-165.294006347656,-165.29362487793,882.174194335938),(0.,-233.736602783203,895.038757324219),(26.1726493835449,-232.290618896484,882.174072265625),(0.0140443984419107,-233.072570800781,869.205505371094),(-26.1688385009766,-232.252471923828,882.174072265625),(-52.0157089233398,-227.875427246094,895.038757324219),(-51.8581314086914,-227.230270385742,869.205505371094),(101.418144226074,-210.587493896484,895.038635253906),(124.367897033691,-197.930541992188,882.174072265625),(101.139068603516,-209.984878540039,869.205505371094),(77.1933135986328,-220.606292724609,882.174072265625),(52.,-227.877243041992,895.038635253906),(51.8689880371094,-227.227661132812,869.205505371094),(182.745178222656,-145.728912353516,895.038635253906),(197.930541992188,-124.367897033691,882.174072265625),(182.232284545898,-145.307083129883,869.205505371094),(165.266326904297,-165.266326904297,882.174072265625),(145.728927612305,-182.745162963867,895.038635253906),(145.322799682617,-182.219772338867,869.205505371094),(227.877243041992,-52.,895.038635253906),(232.290618896484,-26.1726493835449,882.174072265625),(227.23210144043,-51.849437713623,869.205505371094),(220.606292724609,-77.1933212280273,882.174072265625),(210.587478637695,-101.418151855469,895.038635253906),(210.,-101.12100982666,869.205505371094),(227.875427246094,52.0156784057617,895.038757324219),(220.642608642578,77.2064437866211,882.174072265625),(227.225814819336,51.8776741027832,869.205505371094),(232.252502441406,26.168815612793,882.174072265625),(233.736618041992,0.,895.038757324219),(233.07258605957,0.,869.205505371094),(182.740005493164,145.736083984375,895.038696289062),(165.293655395508,165.293899536133,882.174194335938),(182.214691162109,145.329772949219,869.205444335938),(197.898162841797,124.347930908203,882.174011230469),(210.591278076172,101.410995483398,895.038696289062),(209.988662719727,101.131896972656,869.205444335938),(101.410606384277,210.591690063477,895.039306640625),(77.2060852050781,220.643035888672,882.1748046875),(101.113563537598,210.,869.205932617188),(124.347686767578,197.898498535156,882.174560546875),(145.735687255859,182.74040222168,895.038940429688),(145.314010620117,182.227355957031,869.20556640625),(0.,233.73713684082,895.039367675781),(-26.1731147766113,232.291152954102,882.1748046875),(-0.0144540714100003,233.073059082031,869.2060546875),(26.1683807373047,232.252975463867,882.1748046875),(52.0152702331543,227.875885009766,895.039367675781),(51.857738494873,227.230697631836,869.2060546875),(-101.418724060059,210.588119506836,895.039611816406),(-124.368469238281,197.931167602539,882.175048828125),(-101.139610290527,209.985458374023,869.206237792969),(-77.1938171386719,220.606918334961,882.1748046875),(-52.,227.877838134766,895.039367675781),(-51.8693962097168,227.228179931641,869.206237792969),(-182.745803833008,145.729537963867,895.039611816406),(-197.931198120117,124.368446350098,882.175048828125),(-182.232879638672,145.3076171875,869.206237792969),(-165.266967773438,165.266967773438,882.175048828125),(-145.729537963867,182.745803833008,895.039611816406),(-145.323364257812,182.220367431641,869.206237792969),(-227.877853393555,52.,895.039367675781),(-232.291152954102,26.1731014251709,882.1748046875),(-227.232635498047,51.8498840332031,869.206237792969),(-220.606918334961,77.1938171386719,882.1748046875),(-210.588119506836,101.418724060059,895.039611816406),(-210.,101.121505737305,869.206237792969),(-227.875885009766,-52.0153503417969,895.039367675781),(-220.643005371094,-77.2062606811523,882.1748046875),(-227.226196289062,-51.8774719238281,869.2060546875),(-232.252990722656,-26.1684551239014,882.1748046875),(-233.73713684082,0.,895.039367675781),(-233.073089599609,0.,869.2060546875),(-182.740447998047,-145.735702514648,895.038940429688),(-182.214920043945,-145.329635620117,869.20556640625),(-197.898529052734,-124.347747802734,882.174560546875),(-210.591705322266,-101.410675048828,895.039306640625),(-209.988967895508,-101.131813049316,869.205932617188),(-73.9263458251953,-153.516143798828,813.257446289062),(-45.3234977722168,-129.526290893555,812.593566894531),(-44.,-91.3687210083008,812.593688964844),(-73.,-116.174346923828,812.593566894531),(-106.238311767578,-133.213195800781,813.257507324219),(-63.230354309082,-79.2849273681641,812.59375),(-97.0345306396484,-97.0341110229492,812.59375),(0.,-170.388549804688,813.257629394531),(15.3643293380737,-136.364135742188,812.59375),(0.,-101.410743713379,812.59375),(-15.3622694015503,-136.341766357422,812.593688964844),(-37.9183197021484,-166.11589050293,813.257507324219),(-22.5680751800537,-98.8677520751953,812.593688964844),(73.9314117431641,-153.51335144043,813.257507324219),(73.,-116.193344116211,812.593688964844),(44.,-91.3670654296875,812.593811035156),(45.3155632019043,-129.504974365234,812.593688964844),(37.9117698669434,-166.117233276367,813.257629394531),(22.564022064209,-98.8685531616211,812.593811035156),(133.216949462891,-106.232933044434,813.257507324219),(116.193359375,-73.,812.593688964844),(79.2871780395508,-63.2270011901855,812.593811035156),(97.0180892944336,-97.0180892944336,812.593688964844),(106.232948303223,-133.216934204102,813.257507324219),(63.2270011901855,-79.2871780395508,812.593811035156),(166.117218017578,-37.9117393493652,813.257629394531),(136.364135742188,-15.364315032959,812.59375),(98.8685455322266,-22.5640258789062,812.593811035156),(129.504974365234,-45.3155632019043,812.593688964844),(153.513381958008,-73.9313888549805,813.257507324219),(91.3670654296875,-44.,812.593811035156),(166.11589050293,37.9182815551758,813.257507324219),(129.526290893555,45.3234786987305,812.593566894531),(98.8677520751953,22.568058013916,812.593688964844),(136.341766357422,15.3622579574585,812.593688964844),(170.388549804688,0.,813.257629394531),(101.410743713379,0.,812.59375),(133.213195800781,106.238273620605,813.257507324219),(97.0341110229492,97.0345001220703,812.59375),(79.2849273681641,63.230339050293,812.59375),(116.174346923828,73.,812.593566894531),(153.516143798828,73.9263229370117,813.257446289062),(91.3687133789062,44.,812.593688964844),(73.9259414672852,153.516525268555,813.257934570312),(45.3230895996094,129.526718139648,812.594116210938),(44.,91.3691329956055,812.593933105469),(73.,116.174743652344,812.593933105469),(106.237907409668,133.213577270508,813.257751464844),(63.2299308776855,79.2853317260742,812.59375),(0.,170.389038085938,813.257995605469),(-15.3648023605347,136.364624023438,812.593994140625),(0.,101.411193847656,812.594116210938),(15.3618488311768,136.342224121094,812.593994140625),(37.9178733825684,166.116302490234,813.257995605469),(22.5676593780518,98.8681945800781,812.594116210938),(-73.9319915771484,153.513931274414,813.258117675781),(-73.,116.193901062012,812.593994140625),(-44.,91.3675842285156,812.593994140625),(-45.316089630127,129.505493164062,812.593994140625),(-37.9123077392578,166.117736816406,813.257995605469),(-22.5644989013672,98.8690414428711,812.593994140625),(-133.217559814453,106.23356628418,813.258117675781),(-116.193908691406,73.,812.593994140625),(-79.2876892089844,63.2275161743164,812.593994140625),(-97.0186614990234,97.0186614990234,812.593994140625),(-106.233543395996,133.217544555664,813.258117675781),(-63.2275161743164,79.2876892089844,812.593994140625),(-166.117736816406,37.9123001098633,813.257995605469),(-136.364639282227,15.3647947311401,812.593994140625),(-98.8690414428711,22.5644989013672,812.593994140625),(-129.505493164062,45.3160858154297,812.593994140625),(-153.513946533203,73.931999206543,813.258117675781),(-91.3675842285156,44.,812.593994140625),(-166.116317749023,-37.9179534912109,813.257995605469),(-129.526718139648,-45.3231506347656,812.594116210938),(-98.8682022094727,-22.5676918029785,812.594116210938),(-136.342224121094,-15.3618783950806,812.593994140625),(-170.389038085938,0.,813.257995605469),(-101.411201477051,0.,812.594116210938),(-133.213623046875,-106.237922668457,813.257751464844),(-79.2853622436523,-63.2299461364746,812.59375),(-116.174766540527,-73.,812.593933105469),(-153.516540527344,-73.9260101318359,813.257934570312),(-91.369140625,-44.,812.593933105469),(-76.2910614013672,-218.148513793945,856.028503417969),(-99.0927886962891,-205.915908813477,845.),(-122.901069641113,-195.670486450195,856.028442382812),(-96.7283935546875,-200.890365600586,833.825073242188),(-72.,-205.770721435547,828.348022460938),(-92.1991271972656,-191.46174621582,823.365295410156),(-115.966613769531,-184.559280395508,828.347900390625),(-142.435531616211,-178.69792175293,845.),(-163.387069702148,-163.443725585938,856.028442382812),(-139.011901855469,-174.324554443359,833.825073242188),(-132.497833251953,-166.140380859375,823.365295410156),(-154.152740478516,-154.152389526367,828.348022460938),(25.9152736663818,-229.646331787109,856.028503417969),(0.0641078427433968,-228.518402099609,845.),(-25.8317489624023,-229.617630004883,856.028503417969),(0.0138774085789919,-222.96467590332,833.8251953125),(24.4085540771484,-216.633590698242,828.347900390625),(0.,-212.504592895508,823.365417480469),(-24.4049739837646,-216.598052978516,828.348022460938),(-50.7957725524902,-222.801544189453,845.),(-49.6087303161621,-217.375854492188,833.8251953125),(-47.2907485961914,-207.175827026367,823.365417480469),(122.988670349121,-195.659790039062,856.028503417969),(99.2081909179688,-205.859985351562,845.),(76.3537902832031,-218.086120605469,856.028503417969),(96.7532348632812,-200.878051757812,833.8251953125),(115.985153198242,-184.589462280273,828.348022460938),(92.20556640625,-191.458267211914,823.365417480469),(72.,-205.736846923828,828.348022460938),(50.9045677185059,-222.776550292969,845.),(49.6199531555176,-217.373138427734,833.8251953125),(47.2827529907227,-207.177505493164,823.365417480469),(195.702682495117,-122.920455932617,856.028503417969),(178.702880859375,-142.428451538086,845.),(163.41650390625,-163.359985351562,856.028503417969),(174.329467773438,-139.,833.8251953125),(184.589477539062,-115.985137939453,828.348022460938),(166.145080566406,-132.491256713867,823.365417480469),(154.126922607422,-154.126922607422,828.347900390625),(142.522613525391,-178.627914428711,845.),(139.020736694336,-174.316970825195,833.8251953125),(132.491271972656,-166.145065307617,823.365417480469),(229.655334472656,-25.8351860046387,856.028503417969),(222.803237915039,-50.7871971130371,845.),(218.112533569336,-76.2783889770508,856.028503417969),(217.377578735352,-49.6003723144531,833.8251953125),(216.63362121582,-24.4085235595703,828.347900390625),(207.177490234375,-47.2827301025391,823.365417480469),(205.736831665039,-72.,828.348022460938),(205.912261962891,-99.0997772216797,845.),(200.886749267578,-96.7351760864258,833.8251953125),(191.458267211914,-92.20556640625,823.365417480469),(218.121917724609,76.3670959472656,856.028503417969),(222.774658203125,50.9130744934082,845.),(229.608688354492,25.9111499786377,856.028503417969),(217.371353149414,49.6282730102539,833.8251953125),(205.770706176758,72.,828.348022460938),(207.175811767578,47.2907104492188,823.365417480469),(216.598052978516,24.4049739837646,828.348022460938),(228.518493652344,0.0562637373805046,845.),(222.964706420898,0.,833.8251953125),(212.504608154297,0.,823.365417480469),(163.386840820312,163.443908691406,856.028442382812),(178.622863769531,142.529479980469,845.),(195.627990722656,122.968627929688,856.028442382812),(174.312088012695,139.02751159668,833.8251953125),(154.152420043945,154.152679443359,828.348022460938),(166.140411376953,132.497802734375,823.365295410156),(184.559310913086,115.966583251953,828.348022460938),(205.863784790039,99.2012176513672,845.),(200.88166809082,96.7463989257812,833.825073242188),(191.46174621582,92.1990966796875,823.365295410156),(76.2907028198242,218.14892578125,856.029113769531),(99.0924377441406,205.916229248047,845.),(122.900833129883,195.670776367188,856.028869628906),(96.7280197143555,200.890716552734,833.825805664062),(72.,205.771118164062,828.348571777344),(92.1987838745117,191.462127685547,823.365905761719),(115.966270446777,184.559616088867,828.348388671875),(142.435256958008,178.698181152344,845.),(139.011566162109,174.324844360352,833.825439453125),(132.497482299805,166.140731811523,823.365539550781),(-25.9156932830811,229.646835327148,856.029113769531),(-0.0645264238119125,228.51887512207,845.),(25.8313045501709,229.618087768555,856.029113769531),(-0.0142783336341381,222.965133666992,833.825744628906),(-24.4089813232422,216.634078979492,828.348571777344),(0.,212.505065917969,823.365966796875),(24.4045753479004,216.598480224609,828.348571777344),(50.7953910827637,222.801986694336,845.),(49.6083297729492,217.376266479492,833.825866699219),(47.2903518676758,207.176254272461,823.366027832031),(-122.989242553711,195.660400390625,856.029357910156),(-99.2087478637695,205.860580444336,845.),(-76.3542861938477,218.086700439453,856.029357910156),(-96.7537841796875,200.878631591797,833.825866699219),(-115.985725402832,184.590072631836,828.348571777344),(-92.2061309814453,191.458862304688,823.366027832031),(-72.,205.737411499023,828.348571777344),(-50.9050445556641,222.777130126953,845.),(-49.6203994750977,217.373672485352,833.825866699219),(-47.2832145690918,207.178024291992,823.365966796875),(-195.703308105469,122.92098236084,856.029357910156),(-178.703491210938,142.429000854492,845.),(-163.417098999023,163.360565185547,856.029357910156),(-174.330062866211,139.,833.825927734375),(-184.590103149414,115.985733032227,828.348571777344),(-166.145706176758,132.491882324219,823.366027832031),(-154.127548217773,154.127548217773,828.348571777344),(-142.523208618164,178.628540039062,845.),(-139.02131652832,174.317581176758,833.825927734375),(-132.491882324219,166.145706176758,823.366027832031),(-229.655868530273,25.8356151580811,856.029113769531),(-222.803787231445,50.7876892089844,845.),(-218.113098144531,76.2788543701172,856.029357910156),(-217.378143310547,49.6008644104004,833.825866699219),(-216.634094238281,24.4089813232422,828.348571777344),(-207.178009033203,47.2832298278809,823.365966796875),(-205.737411499023,72.,828.348571777344),(-205.912902832031,99.1003265380859,845.),(-200.887390136719,96.735725402832,833.825927734375),(-191.458892822266,92.2061309814453,823.366027832031),(-218.122268676758,-76.3669815063477,856.029113769531),(-222.77507019043,-50.9128570556641,845.),(-229.609130859375,-25.910795211792,856.029113769531),(-217.371795654297,-49.6280364990234,833.825866699219),(-205.771087646484,-72.,828.348571777344),(-207.17626953125,-47.2904510498047,823.366027832031),(-216.598510742188,-24.4046421051025,828.348571777344),(-228.518997192383,-0.0558600462973118,845.),(-222.965179443359,0.,833.825866699219),(-212.505111694336,0.,823.365966796875),(-178.623153686523,-142.529281616211,845.),(-195.628265380859,-122.968528747559,856.028869628906),(-174.312393188477,-139.027252197266,833.825439453125),(-166.140777587891,-132.497497558594,823.365539550781),(-184.559646606445,-115.966331481934,828.348388671875),(-205.864105224609,-99.2010803222656,845.),(-200.882019042969,-96.7462158203125,833.825805664062),(-191.462127685547,-92.1988754272461,823.365905761719),(-101.239898681641,-161.121856689453,815.249328613281),(-87.3486404418945,-181.389129638672,817.811218261719),(-62.8589057922363,-179.639633178711,815.249389648438),(-134.576766967773,-134.57633972168,815.24951171875),(-125.527282714844,-157.399917602539,817.811218261719),(-21.3058052062988,-189.091979980469,815.249389648438),(0.,-201.324996948242,817.811279296875),(21.3088226318359,-189.123031616211,815.24951171875),(-44.802864074707,-196.276550292969,817.811279296875),(62.848072052002,-179.610046386719,815.249389648438),(87.3547286987305,-181.385848999023,817.811279296875),(101.256019592285,-161.148193359375,815.249389648438),(44.7952499389648,-196.278137207031,817.811279296875),(134.554107666016,-134.554107666016,815.249389648438),(157.404388427734,-125.521057128906,817.811279296875),(161.148223876953,-101.256004333496,815.249389648438),(125.521072387695,-157.404373168945,817.811279296875),(179.610046386719,-62.8480644226074,815.249389648438),(196.278137207031,-44.7952117919922,817.811279296875),(189.123031616211,-21.3087787628174,815.24951171875),(181.385864257812,-87.3547134399414,817.811279296875),(189.091979980469,21.3057765960693,815.249389648438),(196.276550292969,44.8028335571289,817.811279296875),(179.639617919922,62.8588905334473,815.249389648438),(201.324996948242,0.,817.811279296875),(161.121856689453,101.239868164062,815.249328613281),(157.399948120117,125.52725982666,817.811218261719),(134.576354980469,134.576721191406,815.24951171875),(181.389129638672,87.3486175537109,817.811218261719),(101.239524841309,161.122222900391,815.249694824219),(87.3482818603516,181.389526367188,817.811828613281),(62.8585052490234,179.640045166016,815.25),(125.526916503906,157.400283813477,817.811584472656),(21.3053512573242,189.092437744141,815.25),(0.,201.325454711914,817.811828613281),(-21.3093223571777,189.123519897461,815.25),(44.802433013916,196.276962280273,817.811950683594),(-62.8486251831055,179.610610961914,815.25),(-87.3552932739258,181.386474609375,817.81201171875),(-101.256607055664,161.148803710938,815.250122070312),(-44.7957496643066,196.278671264648,817.811828613281),(-134.554733276367,134.554733276367,815.250122070312),(-157.405014038086,125.521682739258,817.81201171875),(-161.148818969727,101.256622314453,815.250122070312),(-125.521682739258,157.405014038086,817.81201171875),(-179.610610961914,62.8486480712891,815.25),(-196.278656005859,44.7957649230957,817.811828613281),(-189.123519897461,21.3092937469482,815.25),(-181.386474609375,87.3553009033203,817.81201171875),(-189.09245300293,-21.3054256439209,815.25),(-196.276992797852,-44.8025436401367,817.811950683594),(-179.640060424805,-62.8586006164551,815.25),(-201.325469970703,0.,817.811828613281),(-161.122253417969,-101.239555358887,815.249694824219),(-157.400314331055,-125.526916503906,817.811584472656),(-181.389541625977,-87.3483505249023,817.811828613281),(-24.3175277709961,-69.4946594238281,812.59375),(-21.6208267211914,-44.8975219726562,812.59375),(-39.1654739379883,-62.3309364318848,812.59375),(-31.0708599090576,-38.9596748352051,812.59375),(-52.0620536804199,-52.0616226196289,812.59375),(8.24332523345947,-73.1633682250977,812.59375),(0.,-49.8320655822754,812.59375),(-8.24242782592773,-73.1513671875,812.59375),(-11.0898313522339,-48.5824737548828,812.59375),(39.1714363098145,-62.3411331176758,812.59375),(21.621997833252,-44.8967094421387,812.593933105469),(24.3130741119385,-69.4832153320312,812.59375),(11.0876111984253,-48.5828590393066,812.59375),(62.3411331176758,-39.1714363098145,812.59375),(38.9607810974121,-31.0689811706543,812.593933105469),(52.0530471801758,-52.0530471801758,812.59375),(31.0689792633057,-38.9607810974121,812.593933105469),(73.1633682250977,-8.24332904815674,812.59375),(48.5828552246094,-11.0876131057739,812.59375),(69.4832153320312,-24.3130760192871,812.59375),(44.8967094421387,-21.621997833252,812.593933105469),(69.4946594238281,24.3175144195557,812.59375),(48.5824737548828,11.0898275375366,812.59375),(73.1513671875,8.2424201965332,812.59375),(49.8320655822754,0.,812.59375),(52.0616226196289,52.0620460510254,812.59375),(38.9596786499023,31.0708560943604,812.59375),(62.3309364318848,39.1654663085938,812.59375),(44.8975219726562,21.6208209991455,812.59375),(24.3171005249023,69.4950942993164,812.594116210938),(21.6203918457031,44.8979568481445,812.593933105469),(39.1650428771973,62.331356048584,812.593933105469),(31.0704231262207,38.9601135253906,812.593933105469),(-8.24378395080566,73.1638412475586,812.593994140625),(0.,49.8325271606445,812.593994140625),(8.24199199676514,73.1518249511719,812.594116210938),(11.0893974304199,48.5829162597656,812.593994140625),(-39.1719284057617,62.3416328430176,812.593994140625),(-21.6224765777588,44.8971977233887,812.593994140625),(-24.3135547637939,69.4837188720703,812.593994140625),(-11.0880765914917,48.5833358764648,812.593994140625),(-62.3416366577148,39.1719245910645,812.593994140625),(-38.9612655639648,31.0694561004639,812.593994140625),(-52.0535316467285,52.053524017334,812.593994140625),(-31.0694599151611,38.9612617492676,812.593994140625),(-73.1638488769531,8.24377632141113,812.593994140625),(-48.5833396911621,11.0880746841431,812.593994140625),(-69.4837188720703,24.3135528564453,812.593994140625),(-44.8972015380859,21.6224746704102,812.593994140625),(-69.4950942993164,-24.3171272277832,812.594116210938),(-48.5829238891602,-11.0894136428833,812.593994140625),(-73.1518249511719,-8.2420072555542,812.594116210938),(-49.8325347900391,0.,812.593994140625),(-38.9601173400879,-31.0704212188721,812.593933105469),(-62.3313674926758,-39.1650619506836,812.593933105469),(-44.8979644775391,-21.6204090118408,812.593933105469),(-21.3747539520264,-44.3865203857422,812.026672363281),(-16.2731189727783,-46.505069732666,788.870666503906),(-21.3747444152832,-44.3865280151367,765.714538574219),(-26.2092170715332,-41.7111663818359,788.870666503906),(-30.717227935791,-38.5162544250488,812.026672363281),(-30.7172203063965,-38.5162582397461,765.714538574219),(-34.8394813537598,-34.8390502929688,788.870666503906),(0.,-49.2649040222168,812.026672363281),(5.51627588272095,-48.9601287841797,788.870666503906),(0.,-49.2649078369141,765.714477539062),(-5.5158224105835,-48.9520988464355,788.870666503906),(-10.9636144638062,-48.0295333862305,812.026672363281),(-10.9636068344116,-48.0295372009277,765.714477539062),(21.375904083252,-44.3857192993164,812.026672363281),(26.2130680084229,-41.7180023193359,788.870666503906),(21.3759136199951,-44.3857269287109,765.714599609375),(16.2699947357178,-46.4974098205566,788.870666503906),(10.9614162445068,-48.029914855957,812.026672363281),(10.9614276885986,-48.0299224853516,765.714477539062),(38.5173454284668,-30.7153663635254,812.026672363281),(41.7179985046387,-26.2130680084229,788.870666503906),(38.5173568725586,-30.7153797149658,765.714660644531),(34.8333053588867,-34.8333053588867,788.870788574219),(30.7153663635254,-38.5173454284668,812.026672363281),(30.7153797149658,-38.5173568725586,765.714660644531),(48.0299110412598,-10.9614181518555,812.026672363281),(48.9601287841797,-5.51627969741821,788.870666503906),(48.0299224853516,-10.9614295959473,765.714477539062),(46.4974060058594,-16.269998550415,788.870666503906),(44.3857192993164,-21.375904083252,812.026672363281),(44.3857269287109,-21.3759136199951,765.714599609375),(48.0295333862305,10.9636125564575,812.026672363281),(46.5050659179688,16.2731132507324,788.870666503906),(48.0295372009277,10.9636030197144,765.714477539062),(48.9520950317383,5.51582050323486,788.870666503906),(49.2649002075195,0.,812.026672363281),(49.2649078369141,0.,765.714477539062),(38.5162582397461,30.7172241210938,812.026672363281),(34.8390502929688,34.8394775390625,788.870666503906),(38.5162620544434,30.7172164916992,765.714538574219),(41.7111701965332,26.2092132568359,788.870666503906),(44.3865242004395,21.3747501373291,812.026672363281),(44.386531829834,21.3747425079346,765.714538574219),(21.3743171691895,44.3869552612305,812.026672363281),(16.2726936340332,46.5054969787598,788.870788574219),(21.374324798584,44.3869476318359,765.714660644531),(26.2087860107422,41.711597442627,788.870788574219),(30.7167911529541,38.5166893005371,812.026672363281),(30.716796875,38.5166816711426,765.714599609375),(0.,49.2653656005859,812.02685546875),(-5.51673126220703,48.9605865478516,788.870788574219),(0.,49.2653579711914,765.714721679688),(5.51538753509521,48.9525413513184,788.870788574219),(10.9631805419922,48.0299797058105,812.02685546875),(10.9631881713867,48.029972076416,765.714721679688),(-21.3763828277588,44.3862075805664,812.02685546875),(-26.2135410308838,41.7184753417969,788.870788574219),(-21.3763694763184,44.3861961364746,765.714721679688),(-16.2704601287842,46.4978790283203,788.870788574219),(-10.9618806838989,48.030387878418,812.02685546875),(-10.9618673324585,48.0303764343262,765.714721679688),(-38.5178337097168,30.7158470153809,812.02685546875),(-41.7184791564941,26.2135391235352,788.870788574219),(-38.517822265625,30.7158355712891,765.714721679688),(-34.8337783813477,34.8337783813477,788.870788574219),(-30.7158489227295,38.5178298950195,812.02685546875),(-30.7158374786377,38.5178184509277,765.714721679688),(-48.0303916931152,10.9618787765503,812.02685546875),(-48.9605903625488,5.51672601699829,788.870788574219),(-48.0303802490234,10.9618654251099,765.714721679688),(-46.4978790283203,16.2704524993896,788.870788574219),(-44.3862113952637,21.3763809204102,812.02685546875),(-44.3861999511719,21.3763675689697,765.714721679688),(-48.0299797058105,-10.9631977081299,812.02685546875),(-46.5054969787598,-16.2727088928223,788.870788574219),(-48.0299758911133,-10.9632043838501,765.714721679688),(-48.9525489807129,-5.51540231704712,788.870788574219),(-49.2653656005859,0.,812.02685546875),(-49.2653617858887,0.,765.714721679688),(-38.5166969299316,-30.7167949676514,812.026672363281),(-38.5166931152344,-30.7168025970459,765.714599609375),(-41.7116050720215,-26.208797454834,788.870666503906),(-44.386962890625,-21.3743324279785,812.026672363281),(-44.3869552612305,-21.374340057373,765.714660644531),(-70.3423919677734,-88.2032470703125,0.),(-46.4972801208496,-46.4972648620605,0.),(-34.9799270629883,-55.6702117919922,0.),(-48.9479904174805,-101.64623260498,0.),(-21.7181854248047,-62.0669860839844,0.),(-25.1063365936279,-109.988784790039,0.),(-7.36142349243164,-65.334342956543,0.),(0.,-112.817825317383,0.),(7.36244487762451,-65.3435821533203,0.),(25.10231590271,-109.989692687988,0.),(21.7150936126709,-62.0582046508789,0.),(48.9516563415527,-101.644454956055,0.),(34.9848556518555,-55.6780815124512,0.),(70.3391494750977,-88.2057876586914,0.),(46.4906730651855,-46.4906730651855,0.),(88.2057876586914,-70.3391494750977,0.),(55.6780853271484,-34.9848518371582,0.),(101.644454956055,-48.9516563415527,0.),(62.0581970214844,-21.7150974273682,0.),(109.989685058594,-25.1023197174072,0.),(65.3435745239258,-7.36244678497314,0.),(112.817817687988,0.,0.),(65.334342956543,7.36141777038574,0.),(109.988784790039,25.1063289642334,0.),(62.0669860839844,21.7181816101074,0.),(101.646240234375,48.9479827880859,0.),(55.6702194213867,34.9799194335938,0.),(88.2032470703125,70.3423767089844,0.),(46.4972648620605,46.4972724914551,0.),(70.3423690795898,88.2032699584961,0.),(34.9799194335938,55.6702270507812,0.),(48.9479827880859,101.646263122559,0.),(21.7181835174561,62.0670013427734,0.),(25.1063365936279,109.988807678223,0.),(7.36142063140869,65.334358215332,0.),(0.,112.817855834961,0.),(-7.36245155334473,65.3436126708984,0.),(-25.102331161499,109.989738464355,0.),(-21.7151069641113,62.0582275390625,0.),(-48.9516716003418,101.644485473633,0.),(-34.9848747253418,55.678108215332,0.),(-70.3391799926758,88.2058334350586,0.),(-46.4906997680664,46.4906921386719,0.),(-88.2058334350586,70.3391799926758,0.),(-55.6781120300293,34.9848709106445,0.),(-101.644485473633,48.9516677856445,0.),(-62.0582275390625,21.7151050567627,0.),(-109.989738464355,25.1023273468018,0.),(-65.3436126708984,7.36244964599609,0.),(-112.817855834961,0.,0.),(-65.3343658447266,-7.36143350601196,0.),(-109.988815307617,-25.1063575744629,0.),(-62.0670013427734,-21.7181930541992,0.),(-101.646255493164,-48.9479904174805,0.),(-55.6702270507812,-34.979923248291,0.),(-88.2032699584961,-70.3423690795898,0.),(-79.9703826904297,-79.9703598022461,0.283032655715942),(-60.160400390625,-95.7446899414062,0.283032655715942),(-37.352970123291,-106.748626708984,0.28306245803833),(-12.6605749130249,-112.365585327148,0.28306245803833),(12.6626291275024,-112.38404083252,0.283092260360718),(37.3468132019043,-106.731094360352,0.283092260360718),(60.1702346801758,-95.760383605957,0.283092260360718),(79.9572143554688,-79.9572143554688,0.283122062683105),(95.760383605957,-60.1702346801758,0.283092260360718),(106.731086730957,-37.3468170166016,0.283092260360718),(112.38404083252,-12.6626329421997,0.283092260360718),(112.365585327148,12.6605596542358,0.28306245803833),(106.748626708984,37.352970123291,0.28306245803833),(95.7446899414062,60.1603851318359,0.283032655715942),(79.9703598022461,79.9703674316406,0.283032655715942),(60.1603965759277,95.7447204589844,0.283032655715942),(37.3529777526855,106.748657226562,0.283002853393555),(12.6605768203735,112.365623474121,0.283002853393555),(-12.6626272201538,112.384086608887,0.282973051071167),(-37.3468360900879,106.731140136719,0.282973051071167),(-60.1702575683594,95.7604293823242,0.282973051071167),(-79.9572525024414,79.9572525024414,0.282973051071167),(-95.7604293823242,60.1702575683594,0.282973051071167),(-106.731140136719,37.3468360900879,0.282973051071167),(-112.384071350098,12.6626234054565,0.282973051071167),(-112.365615844727,-12.6605949401855,0.283002853393555),(-106.748657226562,-37.3529930114746,0.283002853393555),(-95.7447128295898,-60.160400390625,0.283032655715942),(-127.82780456543,-203.436233520508,895.342590332031),(-169.919708251953,-169.91926574707,895.342590332031),(-79.3670654296875,-226.817245483398,895.342651367188),(-26.9011573791504,-238.751998901367,895.342651367188),(26.9050769805908,-238.791168212891,895.342529296875),(79.3535614013672,-226.779907226562,895.342529296875),(127.848289489746,-203.46955871582,895.342529296875),(169.891235351562,-169.891235351562,895.342529296875),(203.46955871582,-127.848289489746,895.342529296875),(226.779907226562,-79.3535614013672,895.342529296875),(238.791152954102,-26.9050998687744,895.342529296875),(238.751998901367,26.9011287689209,895.342651367188),(226.81721496582,79.3670043945312,895.342651367188),(203.436233520508,127.827774047852,895.342590332031),(169.919250488281,169.919662475586,895.342590332031),(127.82738494873,203.436645507812,895.342956542969),(79.3666610717773,226.817626953125,895.34326171875),(26.9007034301758,238.75244140625,895.34326171875),(-26.905553817749,238.791687011719,895.343444824219),(-79.3540649414062,226.780487060547,895.343444824219),(-127.84886932373,203.470169067383,895.343444824219),(-169.891876220703,169.891876220703,895.343505859375),(-203.470184326172,127.848854064941,895.343444824219),(-226.780487060547,79.3540573120117,895.343444824219),(-238.791717529297,26.9055309295654,895.343444824219),(-238.752471923828,-26.9007701873779,895.34326171875),(-226.817657470703,-79.3667221069336,895.34326171875),(-203.436660766602,-127.827430725098,895.342956542969),(-77.300163269043,-220.910308837891,895.322265625),(-124.498886108398,-198.138259887695,895.322326660156),(-165.494567871094,-165.494125366211,895.322326660156),(26.2043724060059,-232.572418212891,895.322265625),(-26.2005958557129,-232.534271240234,895.322265625),(124.518775939941,-198.170654296875,895.322265625),(77.2869644165039,-220.873977661133,895.322265625),(198.170669555664,-124.518768310547,895.322265625),(165.466842651367,-165.466842651367,895.322265625),(232.57243347168,-26.2044239044189,895.322265625),(220.873977661133,-77.2869644165039,895.322265625),(220.910293579102,77.3001098632812,895.322265625),(232.534255981445,26.2005729675293,895.322265625),(165.494140625,165.494522094727,895.322326660156),(198.138275146484,124.498847961426,895.322326660156),(77.2997283935547,220.910751342773,895.322998046875),(124.498474121094,198.138656616211,895.322692871094),(-26.2048931121826,232.572982788086,895.322998046875),(26.2001323699951,232.534744262695,895.322998046875),(-124.519378662109,198.171325683594,895.323181152344),(-77.2874984741211,220.874557495117,895.322998046875),(-198.171310424805,124.51936340332,895.323181152344),(-165.467468261719,165.467468261719,895.323181152344),(-232.572998046875,26.2048492431641,895.322998046875),(-220.874572753906,77.2874908447266,895.322998046875),(-220.910766601562,-77.2998199462891,895.322998046875),(-232.534790039062,-26.2002067565918,895.322998046875),(-198.138702392578,-124.498519897461,895.322692871094),(-16.3667907714844,-46.7727584838867,812.310241699219),(-26.3600902557373,-41.9512710571289,812.310241699219),(-35.0400352478027,-35.0395927429199,812.310424804688),(5.54802560806274,-49.2419509887695,812.310241699219),(-5.54757785797119,-49.2338752746582,812.310241699219),(26.3639507293701,-41.9581336975098,812.310424804688),(16.3636455535889,-46.7650527954102,812.310424804688),(41.9581298828125,-26.3639526367188,812.310424804688),(35.0338172912598,-35.0338172912598,812.310424804688),(49.2419509887695,-5.54802751541138,812.310241699219),(46.7650489807129,-16.3636474609375,812.310424804688),(46.7727546691895,16.3667869567871,812.310241699219),(49.2338752746582,5.54757404327393,812.310241699219),(35.0395927429199,35.0400276184082,812.310424804688),(41.9512672424316,26.3600788116455,812.310241699219),(16.3663578033447,46.7731971740723,812.310424804688),(26.3596496582031,41.9517021179199,812.310424804688),(-5.54848861694336,49.2424240112305,812.310424804688),(5.54712772369385,49.2343254089355,812.310424804688),(-26.3644332885742,41.9586181640625,812.310424804688),(-16.3641147613525,46.7655372619629,812.310424804688),(-41.9586219787598,26.364429473877,812.310424804688),(-35.0342903137207,35.0342903137207,812.310424804688),(-49.2424278259277,5.54848480224609,812.310424804688),(-46.7655334472656,16.3641090393066,812.310424804688),(-46.7732009887695,-16.3663768768311,812.310424804688),(-49.2343292236328,-5.54714488983154,812.310424804688),(-41.9517135620117,-26.3596630096436,812.310424804688),(-41.4243087768555,-65.9258880615234,776.189453125),(-55.0647010803223,-55.0643005371094,776.189636230469),(-25.7199993133545,-73.5027847290039,776.189453125),(-8.71777534484863,-77.3703918457031,776.189453125),(8.71880340576172,-77.3831024169922,776.189453125),(25.7153739929199,-73.4906997680664,776.189453125),(41.4306907653809,-65.9366989135742,776.189453125),(55.055233001709,-55.055233001709,776.189453125),(65.9366989135742,-41.4306907653809,776.189453125),(73.4906997680664,-25.7153701782227,776.189453125),(77.3830947875977,-8.71879959106445,776.189453125),(77.3703842163086,8.71777153015137,776.189453125),(73.5027770996094,25.7199954986572,776.189453125),(65.925895690918,41.4243011474609,776.189453125),(55.0643005371094,55.0646934509277,776.189636230469),(41.4239120483398,65.92626953125,776.189636230469),(25.7196063995361,73.5031585693359,776.189636230469),(8.71738052368164,77.3707809448242,776.189636230469),(-8.71919441223145,77.3834991455078,776.189636230469),(-25.7157859802246,73.4911117553711,776.189636230469),(-41.4311103820801,65.9371109008789,776.189636230469),(-55.0556564331055,55.0556488037109,776.189636230469),(-65.9371185302734,41.4311065673828,776.189636230469),(-73.4911117553711,25.7157726287842,776.189636230469),(-77.3834991455078,8.71918678283691,776.189636230469),(-77.3707885742188,-8.71739101409912,776.189636230469),(-73.503173828125,-25.7196254730225,776.189636230469),(-65.92626953125,-41.4239158630371,776.189636230469),(-128.921859741211,-205.17741394043,832.217407226562),(-171.373977661133,-171.373580932617,832.217468261719),(-80.0463409423828,-228.758514404297,832.217529296875),(-27.1313743591309,-240.795440673828,832.217529296875),(27.1353969573975,-240.834976196289,832.217529296875),(80.0327911376953,-228.720916748047,832.217529296875),(128.942581176758,-205.211074829102,832.217529296875),(171.34538269043,-171.34538269043,832.217529296875),(205.211074829102,-128.942581176758,832.217529296875),(228.720916748047,-80.0327911376953,832.217529296875),(240.8349609375,-27.1354198455811,832.217529296875),(240.79541015625,27.1313285827637,832.217529296875),(228.758483886719,80.0462875366211,832.217529296875),(205.177383422852,128.921798706055,832.217468261719),(171.373565673828,171.373962402344,832.217590332031),(128.921463012695,205.177795410156,832.218017578125),(80.0459594726562,228.758880615234,832.218139648438),(27.1309719085693,240.795822143555,832.218322753906),(-27.1357917785645,240.835388183594,832.218322753906),(-80.0331878662109,228.721389770508,832.218444824219),(-128.943054199219,205.211563110352,832.218566894531),(-171.345855712891,171.345855712891,832.218566894531),(-205.211547851562,128.943023681641,832.218444824219),(-228.721389770508,80.0331878662109,832.218505859375),(-240.835403442383,27.1357688903809,832.218444824219),(-240.795852661133,-27.1310386657715,832.218322753906),(-228.758911132812,-80.046012878418,832.218139648438),(-205.177841186523,-128.921508789062,832.218017578125),(-74.6608123779297,-213.489562988281,838.489624023438),(-120.275421142578,-191.491821289062,838.489501953125),(-68.6522445678711,-196.196090698242,820.184875488281),(-110.570625305176,-175.971633911133,820.184814453125),(-159.896865844727,-159.953491210938,838.489501953125),(-146.979965209961,-146.979583740234,820.184936523438),(25.362621307373,-224.741439819336,838.489440917969),(-25.2791748046875,-224.713531494141,838.489624023438),(23.2727718353271,-206.553527832031,820.184875488281),(-23.2694225311279,-206.519638061523,820.184875488281),(120.362617492676,-191.480438232422,838.489624023438),(74.7238311767578,-213.427963256836,838.489624023438),(110.588264465332,-176.,820.184875488281),(68.6404876708984,-196.163803100586,820.184875488281),(191.523284912109,-120.294364929199,838.489624023438),(159.926818847656,-159.870315551758,838.489501953125),(176.,-110.588264465332,820.184875488281),(146.955307006836,-146.955307006836,820.184875488281),(224.750427246094,-25.2825336456299,838.489440917969),(213.454360961914,-74.6484069824219,838.489624023438),(206.553527832031,-23.2727565765381,820.184875488281),(196.163803100586,-68.6404876708984,820.184875488281),(213.462951660156,74.7368087768555,838.489624023438),(224.704605102539,25.3585605621338,838.489624023438),(196.196090698242,68.6522216796875,820.184875488281),(206.519622802734,23.2694149017334,820.184875488281),(159.896560668945,159.953750610352,838.489501953125),(191.449325561523,120.343017578125,838.489501953125),(146.979598999023,146.979919433594,820.184936523438),(175.971633911133,110.570587158203,820.184814453125),(74.6604614257812,213.489990234375,838.490173339844),(120.275100708008,191.492095947266,838.489868164062),(68.6518783569336,196.196517944336,820.185485839844),(110.570281982422,175.971984863281,820.185241699219),(-25.363037109375,224.741943359375,838.490173339844),(25.2787494659424,224.714019775391,838.490173339844),(-23.2732448577881,206.554016113281,820.185485839844),(23.2689800262451,206.520080566406,820.185485839844),(-120.363166809082,191.481048583984,838.490173339844),(-74.7243118286133,213.428512573242,838.490173339844),(-110.588890075684,176.,820.185485839844),(-68.6410446166992,196.164367675781,820.185485839844),(-191.52392578125,120.294921875,838.490356445312),(-159.927429199219,159.87092590332,838.490356445312),(-176.,110.588882446289,820.185485839844),(-146.955932617188,146.955932617188,820.185485839844),(-224.751007080078,25.2829742431641,838.490173339844),(-213.454940795898,74.6489181518555,838.490234375),(-206.554016113281,23.273229598999,820.185485839844),(-196.164367675781,68.6410446166992,820.185485839844),(-213.463348388672,-74.7366714477539,838.490173339844),(-224.705078125,-25.358247756958,838.490173339844),(-196.196533203125,-68.6519927978516,820.185485839844),(-206.520111083984,-23.2690467834473,820.185485839844),(-191.449615478516,-120.342826843262,838.489868164062),(-175.972030639648,-110.570335388184,820.185241699219),(0.,0.,0.),(-40.8675880432129,-40.8675575256348,0.),(-48.9368286132812,-30.7490386962891,0.),(-54.5521926879883,-19.0886268615723,0.),(-57.4320755004883,-6.47102975845337,0.),(-57.4320755004883,6.47103786468506,0.),(-54.5521926879883,19.0886383056641,0.),(-48.9368362426758,30.7490482330322,0.),(-40.8675804138184,40.8675727844238,0.),(-30.7490558624268,48.936824798584,0.),(-19.0886459350586,54.5521850585938,0.),(-6.47105121612549,57.432071685791,0.),(6.471031665802,57.4320640563965,0.),(19.0886306762695,54.5521850585938,0.),(30.7490520477295,48.936824798584,0.),(40.8675804138184,40.8675651550293,0.),(48.9368286132812,30.7490310668945,0.),(54.5521850585938,19.0886135101318,0.),(57.432056427002,6.47101020812988,0.),(57.432056427002,-6.47107791900635,0.),(54.5521621704102,-19.0886726379395,0.),(48.9367904663086,-30.749080657959,0.),(40.8675270080566,-40.8676109313965,0.),(30.7489910125732,-48.9368553161621,0.),(19.0885696411133,-54.5522079467773,0.),(6.47096252441406,-57.4320755004883,0.),(-6.47113132476807,-57.432056427002,0.),(-19.0887279510498,-54.5521545410156,0.),(-30.7491188049316,-48.9367828369141,0.),(-40.8675956726074,-40.8675651550293,-8.),(-48.9368286132812,-30.7490386962891,-8.),(-54.5521926879883,-19.0886287689209,-8.),(-57.4320755004883,-6.47103071212769,-8.),(-57.4320755004883,6.47104454040527,-8.),(-54.5521850585938,19.0886344909668,-8.),(-48.9368286132812,30.7490406036377,-8.),(-40.8675804138184,40.8675727844238,-8.),(-30.749059677124,48.936824798584,-8.),(-19.0886421203613,54.5521774291992,-8.),(-6.47104644775391,57.4320640563965,-8.),(6.47103595733643,57.432071685791,-8.),(19.0886287689209,54.5521850585938,-8.),(30.749044418335,48.9368209838867,-8.),(40.8675804138184,40.8675651550293,-8.),(48.9368286132812,30.7490310668945,-8.),(54.5521850585938,19.0886135101318,-8.),(57.4320640563965,6.4710054397583,-8.),(57.432056427002,-6.47107887268066,-8.),(54.5521659851074,-19.0886764526367,-8.),(48.9367942810059,-30.7490844726562,-8.),(40.8675270080566,-40.8676109313965,-8.),(30.7489948272705,-48.9368591308594,-8.),(19.0885715484619,-54.5522079467773,-8.),(6.47095966339111,-57.432071685791,-8.),(-6.47113037109375,-57.432056427002,-8.),(-19.0887241363525,-54.5521545410156,-8.),(-30.7491188049316,-48.9367828369141,-8.),(0.,0.,-8.),(-96.,-60.3159370422363,-0.499993532896042),(-95.5689163208008,-60.0499153137207,0.),(-79.8104553222656,-79.8104095458984,0.),(-80.1640090942383,-80.1639633178711,-0.499993532896042),(-107.,-37.4433822631836,-0.499993532896042),(-106.53515625,-37.2782554626465,0.),(-112.656158447266,-12.6932888031006,-0.499993532896042),(-112.159301757812,-12.6373119354248,0.),(-112.656150817871,12.6933002471924,-0.500023365020752),(-112.159294128418,12.637321472168,0.),(-107.,37.4434127807617,-0.500023365020752),(-106.535171508789,37.2782707214355,0.),(-96.,60.3159446716309,-0.500023365020752),(-95.5689163208008,60.0499229431152,0.),(-80.1639938354492,80.1639785766602,-0.500023365020752),(-79.8104400634766,79.8104248046875,0.),(-60.3159637451172,96.,-0.500023365020752),(-60.0499382019043,95.5689010620117,0.),(-37.4434280395508,107.,-0.500023365020752),(-37.2782821655273,106.53515625,0.),(-12.6933155059814,112.65616607666,-0.500023365020752),(-12.6373252868652,112.159286499023,0.),(12.6933002471924,112.656150817871,-0.499993532896042),(12.6373195648193,112.159286499023,0.),(37.4434127807617,107.,-0.499993532896042),(37.2782669067383,106.535148620605,0.),(60.3159523010254,96.,-0.499993532896042),(60.0499382019043,95.5688934326172,0.),(80.1639938354492,80.1639633178711,-0.499993532896042),(79.810432434082,79.8104019165039,0.),(96.,60.3159065246582,-0.499993532896042),(95.5689163208008,60.0498924255371,0.),(107.,37.4433517456055,-0.499993532896042),(106.53515625,37.2782173156738,0.),(112.656150817871,12.6932439804077,-0.499993532896042),(112.159286499023,12.6372575759888,0.),(112.656135559082,-12.6933746337891,-0.499963730573654),(112.159271240234,-12.637393951416,0.),(107.,-37.4434814453125,-0.499963730573654),(106.535125732422,-37.2783508300781,0.),(96.,-60.3160133361816,-0.499963730573654),(95.5688400268555,-60.0500030517578,0.),(80.1638870239258,-80.1640472412109,-0.499963730573654),(79.8103256225586,-79.8104858398438,0.),(60.3158340454102,-96.,-0.499963730573654),(60.0498085021973,-95.5689392089844,0.),(37.4432716369629,-107.,-0.499963730573654),(37.2781448364258,-106.535202026367,0.),(12.6931591033936,-112.65616607666,-0.499963730573654),(12.6371736526489,-112.159301757812,0.),(-12.6934604644775,-112.656127929688,-0.499993532896042),(-12.6374816894531,-112.159271240234,0.),(-37.4435653686523,-107.,-0.499993532896042),(-37.2784233093262,-106.535087585449,0.),(-60.3160858154297,-96.,-0.499993532896042),(-60.0500602722168,-95.5688247680664,0.),(-95.5689086914062,-60.0499153137207,-8.),(-96.,-60.3159370422363,-7.49999237060547),(-80.1640014648438,-80.1639709472656,-7.49999237060547),(-79.8104476928711,-79.810417175293,-8.),(-106.535148620605,-37.2782554626465,-8.),(-107.,-37.4434089660645,-7.49999237060547),(-112.159294128418,-12.6373100280762,-8.),(-112.656150817871,-12.6932888031006,-7.49999237060547),(-112.159286499023,12.6373195648193,-8.),(-112.656158447266,12.6933155059814,-7.50002241134644),(-106.535163879395,37.2782707214355,-8.),(-107.,37.4433975219727,-7.50002241134644),(-95.5689086914062,60.0499229431152,-8.),(-96.,60.3159446716309,-7.50002241134644),(-79.810432434082,79.810417175293,-8.),(-80.1639862060547,80.1639709472656,-7.50002241134644),(-60.0499382019043,95.5688934326172,-8.),(-60.3159637451172,96.,-7.50002241134644),(-37.2782821655273,106.535148620605,-8.),(-37.4434280395508,107.,-7.50002241134644),(-12.6373233795166,112.159278869629,-8.),(-12.6933002471924,112.656143188477,-7.50002241134644),(12.637321472168,112.159278869629,-8.),(12.6932964324951,112.656158447266,-7.49999237060547),(37.2782669067383,106.535140991211,-8.),(37.4434127807617,107.,-7.49999237060547),(60.0499382019043,95.5688858032227,-8.),(60.3159523010254,96.,-7.49999237060547),(79.8104400634766,79.8103942871094,-8.),(80.1640014648438,80.1639556884766,-7.49999237060547),(95.5689239501953,60.0498809814453,-8.),(96.,60.3159065246582,-7.49999237060547),(106.535179138184,37.2782096862793,-8.),(107.,37.4433517456055,-7.49999237060547),(112.159294128418,12.6372556686401,-8.),(112.65616607666,12.6932373046875,-7.49999237060547),(112.159294128418,-12.6374073028564,-8.),(112.656143188477,-12.6933746337891,-7.49996280670166),(106.535133361816,-37.2783508300781,-8.),(107.,-37.4434814453125,-7.49996280670166),(95.56884765625,-60.0500030517578,-8.),(96.,-60.3160133361816,-7.49996280670166),(79.8103408813477,-79.8105010986328,-8.),(80.1638946533203,-80.1640548706055,-7.49996280670166),(60.0498085021973,-95.5689468383789,-8.),(60.3158340454102,-96.,-7.49996280670166),(37.2781448364258,-106.535209655762,-8.),(37.4432716369629,-107.,-7.49996280670166),(12.6371726989746,-112.159309387207,-8.),(12.6931591033936,-112.656173706055,-7.49996280670166),(-12.63747215271,-112.15926361084,-8.),(-12.6934604644775,-112.656135559082,-7.49999237060547),(-37.2784156799316,-106.535102844238,-8.),(-37.4435615539551,-107.,-7.49999237060547),(-60.0500564575195,-95.5688323974609,-8.),(-60.3160858154297,-96.,-7.49999237060547),(-29.5445709228516,-23.5609970092773,0.),(-34.0466461181641,-16.3959903717041,0.),(-36.8414726257324,-8.40882015228271,0.),(-37.7889213562012,0.,0.),(-36.8414764404297,8.4088306427002,0.),(-34.0466461181641,16.3960037231445,0.),(-29.5445728302002,23.5610084533691,0.),(-23.561014175415,29.5445690155029,0.),(-16.3960094451904,34.0466384887695,0.),(-8.40883445739746,36.8414726257324,0.),(0.,37.7889137268066,0.),(8.40882015228271,36.8414649963379,0.),(16.3959922790527,34.0466384887695,0.),(23.5610027313232,29.5445613861084,0.),(29.5445652008057,23.5609951019287,0.),(34.0466384887695,16.3959846496582,0.),(36.8414611816406,8.40880966186523,0.),(37.7889022827148,0.,0.),(36.8414535522461,-8.40884494781494,0.),(34.0466156005859,-16.396017074585,0.),(29.5445327758789,-23.5610237121582,0.),(23.5609645843506,-29.5445804595947,0.),(16.3959484100342,-34.0466461181641,0.),(8.40877056121826,-36.8414688110352,0.),(0.,-37.7889060974121,0.),(-8.40888404846191,-36.8414535522461,0.),(-16.3960514068604,-34.0466041564941,0.),(-23.5610332489014,-29.5445423126221,0.),(-66.2798156738281,-52.8563804626465,0.),(-76.3796997070312,-36.7825050354004,0.),(-82.6495742797852,-18.8642177581787,0.),(-84.7750625610352,0.,0.),(-82.6495666503906,18.8642253875732,0.),(-76.3796920776367,36.7825202941895,0.),(-66.2798156738281,52.8563804626465,0.),(-52.8563919067383,66.2798004150391,0.),(-36.782527923584,76.3796844482422,0.),(-18.8642330169678,82.6495590209961,0.),(0.,84.7750625610352,0.),(18.864221572876,82.6495590209961,0.),(36.7825241088867,76.3796920776367,0.),(52.8563919067383,66.2797927856445,0.),(66.2798080444336,52.8563613891602,0.),(76.3796920776367,36.7824897766113,0.),(82.6495590209961,18.8641834259033,0.),(84.775032043457,0.,0.),(82.649543762207,-18.8642883300781,0.),(76.379638671875,-36.7825736999512,0.),(66.2797546386719,-52.8564376831055,0.),(52.8563079833984,-66.2798538208008,0.),(36.7824249267578,-76.3797149658203,0.),(18.8641204833984,-82.6495819091797,0.),(0.,-84.7750396728516,0.),(-18.8643550872803,-82.6495361328125,0.),(-36.7826385498047,-76.3796234130859,0.),(-52.8564453125,-66.2797622680664,0.),(-88.6336975097656,-70.6829986572266,-4.),(-102.139907836914,-49.1879768371582,-4.),(-110.524406433105,-25.226469039917,-4.),(-113.366752624512,0.,-4.),(-110.524406433105,25.2264766693115,-4.),(-102.139923095703,49.18798828125,-4.),(-88.6337051391602,70.6830062866211,-4.),(-70.6830215454102,88.6336898803711,-4.),(-49.1880073547363,102.139907836914,-4.),(-25.2264881134033,110.524406433105,-4.),(0.,113.366744995117,-4.),(25.2264766693115,110.524398803711,-4.),(49.18798828125,102.13990020752,-4.),(70.6830215454102,88.633674621582,-4.),(88.6337051391602,70.682991027832,-4.),(102.139907836914,49.1879425048828,-4.),(110.524406433105,25.2264175415039,-4.),(113.366722106934,0.,-4.),(110.524368286133,-25.2265510559082,-4.),(102.139846801758,-49.1880569458008,-4.),(88.6336135864258,-70.6830825805664,-4.),(70.6829071044922,-88.6337585449219,-4.),(49.1878623962402,-102.139938354492,-4.),(25.2263317108154,-110.524421691895,-4.),(0.,-113.366729736328,-4.),(-25.2266330718994,-110.524368286133,-4.),(-49.1881446838379,-102.139823913574,-4.),(-70.6830825805664,-88.6336288452148,-4.),(-66.2798080444336,-52.8563804626465,-8.),(-76.3796844482422,-36.7825088500977,-8.),(-82.6495666503906,-18.8642139434814,-8.),(-84.7750396728516,0.,-8.),(-82.6495590209961,18.8642253875732,-8.),(-76.3796844482422,36.7825202941895,-8.),(-66.2798080444336,52.8563804626465,-8.),(-52.8563919067383,66.2797927856445,-8.),(-36.782527923584,76.3796768188477,-8.),(-18.8642330169678,82.6495513916016,-8.),(0.,84.7750396728516,-8.),(18.8642253875732,82.6495513916016,-8.),(36.7825202941895,76.3796768188477,-8.),(52.8563919067383,66.27978515625,-8.),(66.2798233032227,52.8563652038574,-8.),(76.3796997070312,36.7824897766113,-8.),(82.6495666503906,18.8641872406006,-8.),(84.7750396728516,0.,-8.),(82.6495513916016,-18.8642883300781,-8.),(76.3796463012695,-36.7825736999512,-8.),(66.2797546386719,-52.8564300537109,-8.),(52.8563079833984,-66.2798538208008,-8.),(36.7824249267578,-76.3797225952148,-8.),(18.8641128540039,-82.6495819091797,-8.),(0.,-84.7750549316406,-8.),(-18.8643436431885,-82.649543762207,-8.),(-36.7826385498047,-76.3796234130859,-8.),(-52.8564453125,-66.2797698974609,-8.),(-29.5445709228516,-23.5609970092773,-8.),(-34.0466461181641,-16.3959903717041,-8.),(-36.8414726257324,-8.40882205963135,-8.),(-37.7889175415039,0.,-8.),(-36.8414764404297,8.40882873535156,-8.),(-34.0466423034668,16.3959999084473,-8.),(-29.5445709228516,23.5610065460205,-8.),(-23.5610122680664,29.5445671081543,-8.),(-16.3960056304932,34.0466384887695,-8.),(-8.40883255004883,36.8414726257324,-8.),(0.,37.7889137268066,-8.),(8.40882205963135,36.8414649963379,-8.),(16.3959922790527,34.0466384887695,-8.),(23.5610027313232,29.5445613861084,-8.),(29.5445652008057,23.5609951019287,-8.),(34.0466384887695,16.3959846496582,-8.),(36.8414611816406,8.4088077545166,-8.),(37.7889022827148,0.,-8.),(36.8414535522461,-8.40884685516357,-8.),(34.0466156005859,-16.396017074585,-8.),(29.5445327758789,-23.5610237121582,-8.),(23.5609683990479,-29.544584274292,-8.),(16.3959522247314,-34.0466499328613,-8.),(8.40877437591553,-36.8414726257324,-8.),(0.,-37.7889099121094,-8.),(-8.40888118743896,-36.8414535522461,-8.),(-16.3960514068604,-34.0466041564941,-8.),(-23.5610332489014,-29.5445423126221,-8.),(-88.438232421875,-70.5271224975586,-0.249981865286827),(-101.914665222168,-49.0794982910156,-0.249981865286827),(-110.28067779541,-25.1708316802979,-0.249981865286827),(-113.116744995117,0.,-0.249981865286827),(-110.280670166016,25.1708431243896,-0.250011682510376),(-101.914665222168,49.0795097351074,-0.250011682510376),(-88.4382400512695,70.5271301269531,-0.250011682510376),(-70.5271453857422,88.4382247924805,-0.250011682510376),(-49.079532623291,101.914672851562,-0.250011682510376),(-25.1708507537842,110.280662536621,-0.250011682510376),(0.,113.116744995117,-0.249981865286827),(25.1708507537842,110.280670166016,-0.249981865286827),(49.0795249938965,101.914657592773,-0.249981865286827),(70.5271377563477,88.4382171630859,-0.249981865286827),(88.4382476806641,70.5271072387695,-0.249981865286827),(101.914672851562,49.0794792175293,-0.249981865286827),(110.280662536621,25.1707916259766,-0.249981865286827),(113.116722106934,0.,-0.249981865286827),(110.280632019043,-25.1709213256836,-0.249952062964439),(101.914619445801,-49.0795936584473,-0.249952062964439),(88.4381484985352,-70.5272064208984,-0.249952062964439),(70.5270385742188,-88.4382934570312,-0.249952062964439),(49.079402923584,-101.914710998535,-0.249952062964439),(25.1707057952881,-110.28067779541,-0.249952062964439),(0.,-113.116729736328,-0.249981865286827),(-25.1709995269775,-110.280616760254,-0.249981865286827),(-49.0796699523926,-101.914573669434,-0.249981865286827),(-70.527214050293,-88.4381713867188,-0.249981865286827),(-88.4382247924805,-70.5271301269531,-7.75000429153442),(-101.914657592773,-49.0794982910156,-7.75000429153442),(-110.280654907227,-25.1708393096924,-7.75000429153442),(-113.116737365723,0.,-7.75000429153442),(-110.280662536621,25.1708431243896,-7.75003385543823),(-101.914657592773,49.0795059204102,-7.75003385543823),(-88.438232421875,70.5271224975586,-7.75003385543823),(-70.5271377563477,88.4382171630859,-7.75003385543823),(-49.079532623291,101.914649963379,-7.75003385543823),(-25.1708507537842,110.280654907227,-7.75003385543823),(0.,113.116737365723,-7.75000429153442),(25.1708545684814,110.280639648438,-7.75000429153442),(49.0795249938965,101.914649963379,-7.75000429153442),(70.5271453857422,88.4382095336914,-7.75000429153442),(88.4382553100586,70.527099609375,-7.75000429153442),(101.914680480957,49.0794792175293,-7.75000429153442),(110.280670166016,25.1707878112793,-7.75000429153442),(113.116729736328,0.,-7.75000429153442),(110.280639648438,-25.1709213256836,-7.74997425079346),(101.914627075195,-49.0795936584473,-7.74997425079346),(88.4381561279297,-70.527214050293,-7.74997425079346),(70.5270462036133,-88.4383010864258,-7.74997425079346),(49.0793914794922,-101.914703369141,-7.74997425079346),(25.1707057952881,-110.280685424805,-7.74997425079346),(0.,-113.116737365723,-7.75000429153442),(-25.1709995269775,-110.280624389648,-7.75000429153442),(-49.0796699523926,-101.914581298828,-7.75000429153442),(-70.5272064208984,-88.4381790161133,-7.75000429153442),(-27.9725246429443,-17.5762958526611,0.),(-46.1145248413086,-36.7750968933105,0.),(-23.3601093292236,-23.36008644104,0.),(-31.1822910308838,-10.9111461639404,0.),(-53.1415634155273,-25.5916175842285,0.),(-32.828441619873,-3.69886898994446,0.),(-57.5038642883301,-13.1248760223389,0.),(-32.8284454345703,3.69888281822205,0.),(-58.9826774597168,0.,0.),(-31.1822910308838,10.9111585617065,0.),(-57.5038642883301,13.1248874664307,0.),(-27.9725284576416,17.576301574707,0.),(-53.1415634155273,25.591625213623,0.),(-23.3601036071777,23.3600959777832,0.),(-46.1145248413086,36.7751045227051,0.),(-17.5763092041016,27.9725227355957,0.),(-36.7751121520996,46.1145172119141,0.),(-10.9111642837524,31.1822872161865,0.),(-25.5916347503662,53.1415519714355,0.),(-3.698885679245,32.828441619873,0.),(-13.1248912811279,57.5038604736328,0.),(3.69886898994446,32.8284378051758,0.),(0.,58.9826736450195,0.),(10.9111471176147,31.1822834014893,0.),(13.1248779296875,57.5038566589355,0.),(17.5762958526611,27.9725189208984,0.),(25.591625213623,53.1415557861328,0.),(23.3600921630859,23.3600883483887,0.),(36.7751045227051,46.1145095825195,0.),(27.9725189208984,17.5762920379639,0.),(46.1145210266113,36.7750854492188,0.),(31.182279586792,10.9111442565918,0.),(53.1415596008301,25.5916061401367,0.),(32.8284301757812,3.69886159896851,0.),(57.5038528442383,13.1248540878296,0.),(32.828426361084,-3.69889497756958,0.),(58.982666015625,0.,0.),(31.1822662353516,-10.911171913147,0.),(57.5038375854492,-13.1249189376831,0.),(27.9724922180176,-17.5763130187988,0.),(53.141529083252,-25.5916614532471,0.),(23.3600635528564,-23.3601112365723,0.),(46.1144714355469,-36.7751312255859,0.),(17.5762577056885,-27.9725284576416,0.),(36.7750434875488,-46.1145477294922,0.),(10.9111070632935,-31.1822891235352,0.),(25.5915565490723,-53.1415786743164,0.),(3.69882893562317,-32.8284378051758,0.),(13.1248054504395,-57.5038719177246,0.),(-3.6989266872406,-32.828426361084,0.),(0.,-58.9826698303223,0.),(-10.9112071990967,-31.1822624206543,0.),(-13.1249713897705,-57.503833770752,0.),(-17.576343536377,-27.9724922180176,0.),(-25.5917148590088,-53.1415176391602,0.),(-36.7751388549805,-46.1144790649414,0.),(-71.7825241088867,-45.1039428710938,0.),(-88.2427825927734,-70.3712539672852,0.),(-59.946231842041,-59.9461936950684,0.),(-80.0193634033203,-28.,0.),(-101.689422607422,-48.9710273742676,0.),(-84.2436904907227,-9.49197483062744,0.),(-110.03694152832,-25.1152019500732,0.),(-84.2436904907227,9.49199199676514,0.),(-112.866744995117,0.,0.),(-80.0193557739258,28.,0.),(-110.03694152832,25.115213394165,0.),(-71.7825241088867,45.103946685791,0.),(-101.689422607422,48.9710350036621,0.),(-59.946216583252,59.9462013244629,0.),(-88.242790222168,70.3712768554688,0.),(-45.1039619445801,71.7825241088867,0.),(-70.3712921142578,88.2427749633789,0.),(-28.,80.0193405151367,0.),(-48.9710578918457,101.689414978027,0.),(-9.4919958114624,84.2436904907227,0.),(-25.1152324676514,110.036933898926,0.),(9.49197483062744,84.2436828613281,0.),(0.,112.866729736328,0.),(28.,80.0193405151367,0.),(25.1152210235596,110.03694152832,0.),(45.1039543151855,71.7825088500977,0.),(48.9710502624512,101.689414978027,0.),(59.9462203979492,59.9461898803711,0.),(70.3712768554688,88.2427597045898,0.),(71.7825241088867,45.1039237976074,0.),(88.2427825927734,70.3712387084961,0.),(80.0193481445312,28.,0.),(101.689437866211,48.971004486084,0.),(84.2436752319336,9.4919319152832,0.),(110.036933898926,25.1151580810547,0.),(84.2436599731445,-9.49204158782959,0.),(112.866729736328,0.,0.),(80.0193099975586,-28.,0.),(110.036911010742,-25.1152954101562,0.),(71.7824630737305,-45.10400390625,0.),(101.68936920166,-48.9711265563965,0.),(59.9461402893066,-59.9462585449219,0.),(88.2426910400391,-70.3713226318359,0.),(45.1038551330566,-71.7825546264648,0.),(70.3711547851562,-88.2428283691406,0.),(28.,-80.0193862915039,0.),(48.9709205627441,-101.689460754395,0.),(9.49187088012695,-84.2436828613281,0.),(25.1150722503662,-110.036956787109,0.),(-9.49210357666016,-84.2436599731445,0.),(0.,-112.866729736328,0.),(-28.,-80.0193023681641,0.),(-25.1153697967529,-110.036880493164,0.),(-45.1040573120117,-71.7824554443359,0.),(-48.9711990356445,-101.689331054688,0.),(-70.371337890625,-88.2427215576172,0.),(-88.6336975097656,-70.6829986572266,-0.499993532896042),(-96.,-60.3159370422363,-4.),(-88.6336898803711,-70.6830062866211,-7.49999237060547),(-80.1640090942383,-80.1639633178711,-4.),(-102.139907836914,-49.1879768371582,-0.499993532896042),(-107.,-37.4433975219727,-4.),(-102.13990020752,-49.1879768371582,-7.49999237060547),(-110.524406433105,-25.226469039917,-0.499993532896042),(-112.656158447266,-12.6932888031006,-4.),(-110.524398803711,-25.2264728546143,-7.49999237060547),(-113.366752624512,0.,-0.499993532896042),(-112.65616607666,12.6933078765869,-4.),(-113.366744995117,0.,-7.49999237060547),(-110.524406433105,25.2264766693115,-0.500023365020752),(-107.,37.4434051513672,-4.),(-110.524398803711,25.2264766693115,-7.50002241134644),(-102.139923095703,49.18798828125,-0.500023365020752),(-96.,60.3159446716309,-4.),(-102.139915466309,49.18798828125,-7.50002241134644),(-88.6337051391602,70.6830062866211,-0.500023365020752),(-80.1639938354492,80.1639785766602,-4.),(-88.6336975097656,70.6829986572266,-7.50002241134644),(-70.6830215454102,88.6336898803711,-0.500023365020752),(-60.3159637451172,96.,-4.),(-70.6830139160156,88.6336822509766,-7.50002241134644),(-49.1880073547363,102.139907836914,-0.500023365020752),(-37.4434280395508,107.,-4.),(-49.1880073547363,102.13990020752,-7.50002241134644),(-25.2264804840088,110.524406433105,-0.500023365020752),(-12.6933078765869,112.65616607666,-4.),(-25.2264804840088,110.524398803711,-7.50002241134644),(0.,113.366744995117,-0.499993532896042),(12.6932964324951,112.65616607666,-4.),(0.,113.366737365723,-7.49999237060547),(25.2264766693115,110.524398803711,-0.499993532896042),(37.4434089660645,107.,-4.),(25.2264804840088,110.524383544922,-7.49999237060547),(49.18798828125,102.13990020752,-0.499993532896042),(60.3159523010254,96.,-4.),(49.1879920959473,102.13988494873,-7.49999237060547),(70.6830215454102,88.633674621582,-0.499993532896042),(80.1639938354492,80.1639633178711,-4.),(70.6830291748047,88.6336669921875,-7.49999237060547),(88.6336898803711,70.682975769043,-0.499993532896042),(96.,60.3159065246582,-4.),(88.6336975097656,70.6829681396484,-7.49999237060547),(102.139907836914,49.1879425048828,-0.499993532896042),(107.,37.4433517456055,-4.),(102.139923095703,49.1879386901855,-7.49999237060547),(110.524406433105,25.2264175415039,-0.499993532896042),(112.656143188477,12.6932373046875,-4.),(110.5244140625,25.2264175415039,-7.49999237060547),(113.366722106934,0.,-0.499993532896042),(112.656135559082,-12.6933746337891,-4.),(113.366729736328,0.,-7.49999237060547),(110.524368286133,-25.2265510559082,-0.499963730573654),(107.,-37.4434814453125,-4.),(110.524375915527,-25.2265510559082,-7.49996280670166),(102.139846801758,-49.1880569458008,-0.499963730573654),(96.,-60.3160209655762,-4.),(102.139854431152,-49.1880569458008,-7.49996280670166),(88.6336135864258,-70.6830825805664,-0.499963730573654),(80.1638946533203,-80.1640548706055,-4.),(88.6336212158203,-70.6830902099609,-7.49996280670166),(70.6829071044922,-88.6337585449219,-0.499963730573654),(60.3158340454102,-96.,-4.),(70.6829147338867,-88.6337661743164,-7.49996280670166),(49.1878623962402,-102.139938354492,-0.499963730573654),(37.4432716369629,-107.,-4.),(49.1878623962402,-102.139945983887,-7.49996280670166),(25.2263317108154,-110.524421691895,-0.499963730573654),(12.6931591033936,-112.65616607666,-4.),(25.2263317108154,-110.524429321289,-7.49996280670166),(0.,-113.366729736328,-0.499993532896042),(-12.693452835083,-112.656135559082,-4.),(0.,-113.366737365723,-7.49999237060547),(-25.2266368865967,-110.524360656738,-0.499993532896042),(-37.4435653686523,-107.,-4.),(-25.2266330718994,-110.524375915527,-7.49999237060547),(-49.1881446838379,-102.139823913574,-0.499993532896042),(-60.3160858154297,-96.,-4.),(-49.1881446838379,-102.139831542969,-7.49999237060547),(-70.6830825805664,-88.6336288452148,-0.499993532896042),(-70.6830749511719,-88.6336364746094,-7.49999237060547),(-88.2427749633789,-70.3712615966797,-8.),(-71.7825164794922,-45.1039428710938,-8.),(-46.1145248413086,-36.7750968933105,-8.),(-59.946231842041,-59.9461936950684,-8.),(-101.689414978027,-48.9710273742676,-8.),(-80.0193557739258,-28.,-8.),(-53.1415634155273,-25.5916175842285,-8.),(-110.036933898926,-25.1152057647705,-8.),(-84.2436828613281,-9.49198055267334,-8.),(-57.5038642883301,-13.1248722076416,-8.),(-112.866737365723,0.,-8.),(-84.2436828613281,9.4919900894165,-8.),(-58.9826774597168,0.,-8.),(-110.036933898926,25.115213394165,-8.),(-80.0193481445312,28.,-8.),(-57.5038604736328,13.1248817443848,-8.),(-101.689414978027,48.9710350036621,-8.),(-71.7825164794922,45.103946685791,-8.),(-53.1415596008301,25.5916213989258,-8.),(-88.2427825927734,70.3712692260742,-8.),(-59.946216583252,59.9462013244629,-8.),(-46.1145210266113,36.7751007080078,-8.),(-70.3712844848633,88.2427673339844,-8.),(-45.1039619445801,71.7825164794922,-8.),(-36.7751083374023,46.1145133972168,-8.),(-48.9710578918457,101.689407348633,-8.),(-28.,80.0193328857422,-8.),(-25.5916309356689,53.1415519714355,-8.),(-25.1152324676514,110.036926269531,-8.),(-9.49199390411377,84.2436828613281,-8.),(-13.124885559082,57.5038566589355,-8.),(0.,112.866722106934,-8.),(9.49199199676514,84.2436752319336,-8.),(0.,58.9826736450195,-8.),(25.1152248382568,110.036926269531,-8.),(28.,80.0193328857422,-8.),(13.1248798370361,57.5038566589355,-8.),(48.9710540771484,101.689407348633,-8.),(45.1039543151855,71.7825012207031,-8.),(25.5916213989258,53.1415519714355,-8.),(70.3712844848633,88.2427520751953,-8.),(59.9462203979492,59.9461898803711,-8.),(36.7751045227051,46.1145095825195,-8.),(88.242790222168,70.3712310791016,-8.),(71.7825317382812,45.1039237976074,-8.),(46.1145210266113,36.7750854492188,-8.),(101.689445495605,48.971004486084,-8.),(80.0193557739258,28.,-8.),(53.1415596008301,25.5916042327881,-8.),(110.036949157715,25.1151542663574,-8.),(84.2436828613281,9.49193000793457,-8.),(57.5038528442383,13.124852180481,-8.),(112.866737365723,0.,-8.),(84.2436676025391,-9.49204349517822,-8.),(58.982666015625,0.,-8.),(110.036918640137,-25.1152954101562,-8.),(80.0193176269531,-28.,-8.),(57.5038414001465,-13.124924659729,-8.),(101.689376831055,-48.9711265563965,-8.),(71.7824630737305,-45.1040000915527,-8.),(53.141529083252,-25.5916652679443,-8.),(88.2426986694336,-70.3713302612305,-8.),(59.9461402893066,-59.9462585449219,-8.),(46.1144752502441,-36.7751350402832,-8.),(70.3711624145508,-88.2428359985352,-8.),(45.1038551330566,-71.7825622558594,-8.),(36.7750473022461,-46.1145515441895,-8.),(48.9709205627441,-101.689468383789,-8.),(28.,-80.0193786621094,-8.),(25.5915603637695,-53.1415786743164,-8.),(25.1150722503662,-110.036964416504,-8.),(9.49186897277832,-84.2436981201172,-8.),(13.1248111724854,-57.5038719177246,-8.),(0.,-112.866737365723,-8.),(-9.49209403991699,-84.2436752319336,-8.),(0.,-58.9826698303223,-8.),(-25.1153659820557,-110.036895751953,-8.),(-28.,-80.0193099975586,-8.),(-13.1249694824219,-57.503833770752,-8.),(-48.9711990356445,-101.689338684082,-8.),(-45.1040420532227,-71.7824554443359,-8.),(-25.5917072296143,-53.1415100097656,-8.),(-70.3713302612305,-88.2427291870117,-8.),(-36.7751350402832,-46.1144828796387,-8.),(-23.3601093292236,-23.36008644104,-8.),(-27.9725246429443,-17.5762958526611,-8.),(-31.1822910308838,-10.9111480712891,-8.),(-32.828441619873,-3.69886994361877,-8.),(-32.828441619873,3.69888019561768,-8.),(-31.1822910308838,10.9111547470093,-8.),(-27.9725246429443,17.576301574707,-8.),(-23.3601036071777,23.3600959777832,-8.),(-17.5763072967529,27.9725208282471,-8.),(-10.9111604690552,31.1822834014893,-8.),(-3.69888281822205,32.8284378051758,-8.),(3.69887089729309,32.8284378051758,-8.),(10.9111490249634,31.1822834014893,-8.),(17.5762958526611,27.9725189208984,-8.),(23.3600921630859,23.3600883483887,-8.),(27.9725189208984,17.5762920379639,-8.),(31.182279586792,10.9111423492432,-8.),(32.8284339904785,3.69885969161987,-8.),(32.828426361084,-3.6988959312439,-8.),(31.1822662353516,-10.9111738204956,-8.),(27.9724922180176,-17.5763130187988,-8.),(23.3600635528564,-23.3601112365723,-8.),(17.5762577056885,-27.9725284576416,-8.),(10.9111089706421,-31.1822891235352,-8.),(3.69882988929749,-32.8284378051758,-8.),(-3.69892382621765,-32.8284301757812,-8.),(-10.911205291748,-31.1822624206543,-8.),(-17.576343536377,-27.9724922180176,-8.),(-95.7805938720703,-60.1829147338867,-0.249981865286827),(-79.9872207641602,-79.9871826171875,-0.249981865286827),(-106.771125793457,-37.3608283996582,-0.249981865286827),(-112.407730102539,-12.6652965545654,-0.249981865286827),(-112.407730102539,12.6653203964233,-0.250011682510376),(-106.771125793457,37.3608322143555,-0.250011682510376),(-95.7805938720703,60.1829223632812,-0.250011682510376),(-79.9872207641602,79.9872055053711,-0.250011682510376),(-60.1829528808594,95.7805938720703,-0.250011682510376),(-37.3608474731445,106.771125793457,-0.250011682510376),(-12.6653203964233,112.407730102539,-0.250011682510376),(12.6653184890747,112.407722473145,-0.249981865286827),(37.36083984375,106.771125793457,-0.249981865286827),(60.1829452514648,95.7805786132812,-0.249981865286827),(79.9872131347656,79.987190246582,-0.249981865286827),(95.7806015014648,60.1828994750977,-0.249981865286827),(106.771133422852,37.360782623291,-0.249981865286827),(112.40771484375,12.6652498245239,-0.249981865286827),(112.407691955566,-12.6653785705566,-0.249952062964439),(106.771087646484,-37.3609161376953,-0.249952062964439),(95.7805252075195,-60.1830101013184,-0.249952062964439),(79.9871139526367,-79.9872741699219,-0.249952062964439),(60.1828346252441,-95.780647277832,-0.249952062964439),(37.3607025146484,-106.771156311035,-0.249952062964439),(12.6651697158813,-112.407737731934,-0.249952062964439),(-12.665472984314,-112.407699584961,-0.249981865286827),(-37.3609924316406,-106.771072387695,-0.249981865286827),(-60.1830711364746,-95.7805023193359,-0.249981865286827),(-95.7805862426758,-60.1829147338867,-7.75000429153442),(-79.9872131347656,-79.987190246582,-7.75000429153442),(-106.771118164062,-37.3608283996582,-7.75000429153442),(-112.407722473145,-12.6652975082397,-7.75000429153442),(-112.407722473145,12.665319442749,-7.75003385543823),(-106.771118164062,37.3608322143555,-7.75003385543823),(-95.7805862426758,60.1829223632812,-7.75003385543823),(-79.9872131347656,79.9872055053711,-7.75003385543823),(-60.1829528808594,95.7805862426758,-7.75003385543823),(-37.3608474731445,106.771118164062,-7.75003385543823),(-12.665319442749,112.407722473145,-7.75003385543823),(12.665319442749,112.40771484375,-7.75000429153442),(37.36083984375,106.771118164062,-7.75000429153442),(60.1829452514648,95.7805709838867,-7.75000429153442),(79.9872207641602,79.9871826171875,-7.75000429153442),(95.7806091308594,60.1828994750977,-7.75000429153442),(106.771148681641,37.3607788085938,-7.75000429153442),(112.407722473145,12.6652488708496,-7.75000429153442),(112.407699584961,-12.665379524231,-7.74997425079346),(106.771095275879,-37.3609161376953,-7.74997425079346),(95.7805328369141,-60.1830101013184,-7.74997425079346),(79.9871215820312,-79.9872817993164,-7.74997425079346),(60.1828346252441,-95.7806549072266,-7.74997425079346),(37.3607025146484,-106.77116394043,-7.74997425079346),(12.6651554107666,-112.407730102539,-7.74997425079346),(-12.6654720306396,-112.407707214355,-7.75000429153442),(-37.3609886169434,-106.771087646484,-7.75000429153442),(-60.1830711364746,-95.7805099487305,-7.75000429153442),(0.,0.,812.219116210938),(-17.7243843078613,-17.7238636016846,812.219116210938),(-22.7174987792969,-10.5929613113403,812.219116210938),(-24.9705791473389,-2.18435597419739,812.219116210938),(-24.2118682861328,6.48774337768555,812.219116210938),(-20.5328788757324,14.3773546218872,812.219116210938),(-14.3773546218872,20.5328788757324,812.219116210938),(-6.48774242401123,24.2118663787842,812.219116210938),(2.18435597419739,24.9705753326416,812.219116210938),(10.5929555892944,22.7174968719482,812.219116210938),(17.7238578796387,17.72438621521,812.219116210938),(22.7169723510742,10.5934886932373,812.219116210938),(24.9700450897217,2.18488597869873,812.219116210938),(24.2113418579102,-6.48721027374268,812.219116210938),(20.5323581695557,-14.3768224716187,812.219116210938),(14.376838684082,-20.5323486328125,812.219116210938),(6.48722982406616,-24.2113380432129,812.219116210938),(-2.18486642837524,-24.9700546264648,812.219116210938),(-10.593469619751,-22.7169799804688,812.219116210938),(-17.7243728637695,-17.7238750457764,742.757751464844),(-22.7174873352051,-10.5929737091064,742.757751464844),(-24.9705696105957,-2.18436932563782,742.757751464844),(-24.2118587493896,6.48773145675659,742.757751464844),(-20.5328693389893,14.377345085144,742.757751464844),(-14.3773441314697,20.5328693389893,742.757751464844),(-6.48773050308228,24.211856842041,742.757751464844),(2.18436741828918,24.9705657958984,742.757751464844),(10.5929679870605,22.7174854278564,742.757751464844),(17.7238674163818,17.7243766784668,742.757751464844),(22.716983795166,10.5934762954712,742.757751464844),(24.9700603485107,2.18487548828125,742.757751464844),(24.211353302002,-6.48722124099731,742.757751464844),(20.5323677062988,-14.3768320083618,742.757751464844),(14.3768501281738,-20.5323581695557,742.757751464844),(6.48724174499512,-24.2113494873047,742.757751464844),(-2.18485307693481,-24.970064163208,742.757751464844),(-10.5934572219849,-22.7169914245605,742.757751464844),(0.,0.,742.757751464844),(-44.6324310302734,-20.8120632171631,811.719177246094),(-44.1792297363281,-20.6007270812988,812.219116210938),(-34.4689559936523,-34.468433380127,812.219116210938),(-34.8225479125977,-34.8220252990723,811.719177246094),(-49.0590209960938,-4.29182434082031,811.719177246094),(-48.560863494873,-4.24824047088623,812.219116210938),(-47.5683937072754,12.7461061477661,811.719177246094),(-47.0853729248047,12.6166820526123,812.219116210938),(-40.3403472900391,28.2466983795166,811.719177246094),(-39.930721282959,27.9598731994629,812.219116210938),(-28.2466945648193,40.3403511047363,811.719177246094),(-27.9598712921143,39.9307250976562,812.219116210938),(-12.7461004257202,47.5683937072754,811.719177246094),(-12.6166763305664,47.0853729248047,812.219116210938),(4.29182243347168,49.0590171813965,811.719177246094),(4.24824047088623,48.560863494873,812.219116210938),(20.8120555877686,44.6324310302734,811.719177246094),(20.6007213592529,44.1792297363281,812.219116210938),(34.8220138549805,34.8225517272949,811.719177246094),(34.4684257507324,34.4689636230469,812.219116210938),(44.6319007873535,20.8125877380371,811.719116210938),(44.1786918640137,20.6012573242188,812.219116210938),(49.0584869384766,4.29235792160034,811.719116210938),(48.5603332519531,4.24877595901489,812.219116210938),(47.56787109375,-12.7455644607544,811.719116210938),(47.0848503112793,-12.616138458252,812.219116210938),(40.3398323059082,-28.2461490631104,811.719116210938),(39.9302101135254,-27.9593334197998,812.219116210938),(28.2461833953857,-40.3398017883301,811.719116210938),(27.9593658447266,-39.9301834106445,812.219116210938),(12.7456016540527,-47.5678558349609,811.719116210938),(12.6161832809448,-47.0848388671875,812.219116210938),(-4.29231691360474,-49.0584945678711,811.719116210938),(-4.24873304367065,-48.5603408813477,812.219116210938),(-20.8125553131104,-44.6319198608398,811.719116210938),(-20.6012229919434,-44.1787109375,812.219116210938),(-44.1792182922363,-20.6007385253906,742.757751464844),(-44.6324234008789,-20.8120727539062,743.257751464844),(-34.8225364685059,-34.8220367431641,743.257751464844),(-34.4689445495605,-34.4684448242188,742.757751464844),(-48.5608558654785,-4.24825286865234,742.757751464844),(-49.059009552002,-4.29183483123779,743.257751464844),(-47.0853652954102,12.6166715621948,742.757751464844),(-47.5683860778809,12.7460975646973,743.257751464844),(-39.9307136535645,27.9598655700684,742.757751464844),(-40.3403396606445,28.2466869354248,743.257751464844),(-27.9598598480225,39.9307136535645,742.757751464844),(-28.2466831207275,40.3403396606445,743.257751464844),(-12.6166715621948,47.0853652954102,742.757751464844),(-12.7460899353027,47.5683822631836,743.257751464844),(4.24824905395508,48.560848236084,742.757751464844),(4.29183483123779,49.0590019226074,743.257751464844),(20.6007308959961,44.1792182922363,742.757751464844),(20.8120670318604,44.6324234008789,743.257751464844),(34.4684371948242,34.4689521789551,742.757751464844),(34.8220252990723,34.8225402832031,743.257751464844),(44.1787071228027,20.6012496948242,742.757751464844),(44.6319122314453,20.8125801086426,743.257751464844),(48.5603408813477,4.24876499176025,742.757751464844),(49.0584983825684,4.29234552383423,743.257751464844),(47.0848617553711,-12.6161508560181,742.757751464844),(47.5678787231445,-12.7455739974976,743.257751464844),(39.9302139282227,-27.9593372344971,742.757751464844),(40.3398399353027,-28.2461605072021,743.257751464844),(27.9593734741211,-39.9301910400391,742.757751464844),(28.2461948394775,-40.3398170471191,743.257751464844),(12.616192817688,-47.0848503112793,742.757751464844),(12.7456130981445,-47.56787109375,743.257751464844),(-4.24872398376465,-48.5603485107422,742.757751464844),(-4.29230451583862,-49.0585060119629,743.257751464844),(-20.6012153625488,-44.1787261962891,742.757751464844),(-20.8125438690186,-44.6319313049316,743.257751464844),(-13.4453840255737,-9.41411399841309,812.219116210938),(-15.8544473648071,-4.24785375595093,812.219116210938),(-16.3512668609619,1.43078887462616,812.219116210938),(-14.8759107589722,6.9368896484375,812.219116210938),(-11.6063318252563,11.6063318252563,812.219116210938),(-6.93689060211182,14.8759088516235,812.219116210938),(-1.4307906627655,16.3512630462646,812.219116210938),(4.24784994125366,15.8544473648071,812.219116210938),(9.41411018371582,13.4453821182251,812.219116210938),(13.4448537826538,9.41463756561279,812.219116210938),(15.8539218902588,4.24838209152222,812.219116210938),(16.3507404327393,-1.43026101589203,812.219116210938),(14.8753862380981,-6.93636035919189,812.219116210938),(11.6058120727539,-11.6058044433594,812.219116210938),(6.93637180328369,-14.8753814697266,812.219116210938),(1.43027222156525,-16.3507404327393,812.219116210938),(-4.24836826324463,-15.8539276123047,812.219116210938),(-9.41463375091553,-13.4448623657227,812.219116210938),(-30.0469951629639,-21.038688659668,812.219116210938),(-35.4306983947754,-9.49329471588135,812.219116210938),(-36.5409698486328,3.19715809822083,812.219116210938),(-33.2438926696777,15.5020227432251,812.219116210938),(-25.9371395111084,25.9371433258057,812.219116210938),(-15.5020179748535,33.2438926696777,812.219116210938),(-3.19716000556946,36.5409698486328,812.219116210938),(9.49328994750977,35.4306983947754,812.219116210938),(21.0386829376221,30.0469970703125,812.219116210938),(30.0464649200439,21.0392169952393,812.219116210938),(35.4301681518555,9.4938268661499,812.219116210938),(36.5404396057129,-3.1966245174408,812.219116210938),(33.2433700561523,-15.5014839172363,812.219116210938),(25.9366283416748,-25.9366054534912,812.219116210938),(15.5015115737915,-33.2433547973633,812.219116210938),(3.19665431976318,-36.5404396057129,812.219116210938),(-9.49379539489746,-35.4301834106445,812.219116210938),(-21.0392017364502,-30.0464763641357,812.219116210938),(-40.335620880127,-28.2428684234619,777.488403320312),(-47.5628089904785,-12.7440929412842,777.488403320312),(-49.0532684326172,4.29183769226074,777.488403320312),(-44.627197265625,20.8101444244385,777.488403320312),(-34.8184585571289,34.8184661865234,777.488403320312),(-20.8101367950439,44.627197265625,777.488403320312),(-4.29183769226074,49.0532608032227,777.488403320312),(12.7440853118896,47.562816619873,777.488403320312),(28.2428607940674,40.335620880127,777.488403320312),(40.3350944519043,28.2433834075928,777.488403320312),(47.5622940063477,12.7446165084839,777.488403320312),(49.0527496337891,-4.29131078720093,777.488403320312),(44.6266860961914,-20.809606552124,777.488403320312),(34.8179626464844,-34.8179321289062,777.488403320312),(20.8096485137939,-44.6266746520996,777.488403320312),(4.2913556098938,-49.0527496337891,777.488403320312),(-12.7445755004883,-47.5623054504395,777.488403320312),(-28.2433643341064,-40.3351135253906,777.488403320312),(-30.0469837188721,-21.0386981964111,742.757751464844),(-35.4306907653809,-9.49330806732178,742.757751464844),(-36.5409622192383,3.19714570045471,742.757751464844),(-33.2438812255859,15.502010345459,742.757751464844),(-25.9371299743652,25.9371337890625,742.757751464844),(-15.502007484436,33.2438812255859,742.757751464844),(-3.19714951515198,36.5409545898438,742.757751464844),(9.49330139160156,35.4306907653809,742.757751464844),(21.0386924743652,30.0469856262207,742.757751464844),(30.0464763641357,21.0392055511475,742.757751464844),(35.4301795959473,9.49381542205811,742.757751464844),(36.540454864502,-3.19663667678833,742.757751464844),(33.2433815002441,-15.5014953613281,742.757751464844),(25.936637878418,-25.9366149902344,742.757751464844),(15.5015239715576,-33.2433700561523,742.757751464844),(3.19666647911072,-36.540454864502,742.757751464844),(-9.4937858581543,-35.4301910400391,742.757751464844),(-21.0391902923584,-30.0464878082275,742.757751464844),(-13.4453725814819,-9.41412448883057,742.757751464844),(-15.854437828064,-4.24786567687988,742.757751464844),(-16.3512573242188,1.43077743053436,742.757751464844),(-14.8758983612061,6.9368782043457,742.757751464844),(-11.6063213348389,11.6063213348389,742.757751464844),(-6.93687915802002,14.8758983612061,742.757751464844),(-1.430779337883,16.3512535095215,742.757751464844),(4.24786329269409,15.8544340133667,742.757751464844),(9.4141206741333,13.4453706741333,742.757751464844),(13.4448652267456,9.41462707519531,742.757751464844),(15.8539333343506,4.24836921691895,742.757751464844),(16.3507518768311,-1.43027245998383,742.757751464844),(14.8753986358643,-6.93637275695801,742.757751464844),(11.6058225631714,-11.6058158874512,742.757751464844),(6.93638467788696,-14.8753938674927,742.757751464844),(1.43028450012207,-16.3507518768311,742.757751464844),(-4.24835586547852,-15.8539390563965,742.757751464844),(-9.41462230682373,-13.4448738098145,742.757751464844),(-40.1308326721191,-28.0994644165039,811.969177246094),(-47.3213348388672,-12.6793823242188,811.969177246094),(-48.8042221069336,4.27005672454834,811.969177246094),(-44.4006309509277,20.7044944763184,811.969177246094),(-34.6416931152344,34.6417007446289,811.969177246094),(-20.7044887542725,44.4006271362305,811.969177246094),(-4.27005672454834,48.8042221069336,811.969177246094),(12.6793746948242,47.3213348388672,811.969177246094),(28.0994606018066,40.1308364868164,811.969177246094),(40.130298614502,28.0999965667725,811.969177246094),(47.3208045959473,12.6799173355103,811.969177246094),(48.8036918640137,-4.26951932907104,811.969177246094),(44.4001083374023,-20.7039489746094,811.969177246094),(34.6411819458008,-34.6411514282227,811.969177246094),(20.7039833068848,-44.4000854492188,811.969177246094),(4.26955842971802,-48.8036918640137,811.969177246094),(-12.679874420166,-47.3208236694336,811.969177246094),(-28.0999794006348,-40.1303176879883,811.969177246094),(-40.1308250427246,-28.099479675293,743.),(-47.3213233947754,-12.6793928146362,743.),(-48.8042144775391,4.27004384994507,743.),(-44.4006156921387,20.7044830322266,743.),(-34.6416816711426,34.6416893005371,743.),(-20.7044773101807,44.4006156921387,743.),(-4.27004384994507,48.8042068481445,743.),(12.6793870925903,47.3213233947754,743.),(28.0994720458984,40.1308250427246,743.),(40.130313873291,28.0999851226807,743.),(47.3208198547363,12.6799030303955,743.),(48.8037033081055,-4.26952981948853,743.),(44.4001197814941,-20.7039585113525,743.),(34.6411895751953,-34.6411590576172,743.),(20.7039966583252,-44.4000968933105,743.),(4.26957082748413,-48.8037033081055,743.),(-12.6798658370972,-47.3208274841309,743.),(-28.0999641418457,-40.1303253173828,743.),(-12.9895124435425,-6.05672407150269,812.219116210938),(-20.9570655822754,-14.673849105835,812.219116210938),(-10.1345529556274,-10.1340293884277,812.219116210938),(-14.2777767181396,-1.24885940551758,812.219116210938),(-24.7120552062988,-6.62124347686768,812.219116210938),(-13.8439626693726,3.70967054367065,812.219116210938),(-25.486442565918,2.23001599311829,812.219116210938),(-11.7403926849365,8.22078895568848,812.219116210938),(-23.1868171691895,10.8123302459717,812.219116210938),(-8.22078990936279,11.7403917312622,812.219116210938),(-18.0905513763428,18.0905513763428,812.219116210938),(-3.70967102050781,13.8439607620239,812.219116210938),(-10.812328338623,23.1868190765381,812.219116210938),(1.24885654449463,14.2777738571167,812.219116210938),(-2.23001503944397,25.4864406585693,812.219116210938),(6.05672073364258,12.9895105361938,812.219116210938),(6.62123870849609,24.7120571136475,812.219116210938),(10.1340255737305,10.1345529556274,812.219116210938),(14.6738452911377,20.9570655822754,812.219116210938),(12.9889850616455,6.05725049972534,812.219116210938),(20.9565372467041,14.6743755340576,812.219116210938),(14.277250289917,1.24938583374023,812.219116210938),(24.7115287780762,6.62177181243896,812.219116210938),(13.8434352874756,-3.70914101600647,812.219116210938),(25.4859161376953,-2.22948241233826,812.219116210938),(11.7398672103882,-8.22025966644287,812.219116210938),(23.1862926483154,-10.8117961883545,812.219116210938),(8.22026920318604,-11.7398633956909,812.219116210938),(18.0900325775146,-18.0900173187256,812.219116210938),(3.70915174484253,-13.8434352874756,812.219116210938),(10.8118162155151,-23.1862869262695,812.219116210938),(-1.24937510490417,-14.2772521972656,812.219116210938),(2.2295036315918,-25.4859161376953,812.219116210938),(-6.05724191665649,-12.9889917373657,812.219116210938),(-6.62175321578979,-24.7115364074707,812.219116210938),(-14.6743669509888,-20.9565467834473,812.219116210938),(-33.2477836608887,-15.5033121109009,812.219116210938),(-39.9260482788086,-27.9560718536377,812.219116210938),(-25.9401779174805,-25.9396572113037,812.219116210938),(-36.5452537536621,-3.1970100402832,812.219116210938),(-47.0798606872559,-12.6146802902222,812.219116210938),(-35.4348487854004,9.49493217468262,812.219116210938),(-48.5551681518555,4.24826526641846,812.219116210938),(-30.0505142211914,21.0416793823242,812.219116210938),(-44.1740493774414,20.598840713501,812.219116210938),(-21.0416717529297,30.0505142211914,812.219116210938),(-34.4649124145508,34.4649200439453,812.219116210938),(-9.49493026733398,35.4348487854004,812.219116210938),(-20.5988349914551,44.1740493774414,812.219116210938),(3.19700813293457,36.5452537536621,812.219116210938),(-4.24826526641846,48.5551681518555,812.219116210938),(15.5033073425293,33.2477836608887,812.219116210938),(12.6146745681763,47.0798568725586,812.219116210938),(25.9396533966064,25.940185546875,812.219116210938),(27.9560680389404,39.9260520935059,812.219116210938),(33.2472610473633,15.5038452148438,812.219116210938),(39.9255142211914,27.9566040039062,812.219116210938),(36.5447235107422,3.19754362106323,812.219116210938),(47.0793266296387,12.6152105331421,812.219116210938),(35.434326171875,-9.49439525604248,812.219116210938),(48.5546493530273,-4.24772787094116,812.219116210938),(30.0499992370605,-21.0411415100098,812.219116210938),(44.1735305786133,-20.5982933044434,812.219116210938),(21.0411643981934,-30.0499782562256,812.219116210938),(34.4644012451172,-34.4643707275391,812.219116210938),(9.49442577362061,-35.4343223571777,812.219116210938),(20.5983352661133,-44.1735153198242,812.219116210938),(-3.19751191139221,-36.5447311401367,812.219116210938),(4.2477707862854,-48.5546417236328,812.219116210938),(-15.5038185119629,-33.2472724914551,812.219116210938),(-12.6151695251465,-47.0793418884277,812.219116210938),(-27.9565849304199,-39.9255332946777,812.219116210938),(-40.3356246948242,-28.242862701416,811.719177246094),(-44.6324272155762,-20.8120670318604,777.488403320312),(-40.3356132507324,-28.2428741455078,743.257751464844),(-34.8225402832031,-34.8220329284668,777.488403320312),(-47.562816619873,-12.7440872192383,811.719177246094),(-49.0590171813965,-4.29182863235474,777.488403320312),(-47.5628051757812,-12.7440977096558,743.257751464844),(-49.0532722473145,4.29184579849243,811.719177246094),(-47.5683898925781,12.7461023330688,777.488403320312),(-49.0532646179199,4.29183340072632,743.257751464844),(-44.6272010803223,20.8101482391357,811.719177246094),(-40.3403434753418,28.2466907501221,777.488403320312),(-44.6271934509277,20.8101406097412,743.257751464844),(-34.8184661865234,34.818473815918,811.719177246094),(-28.2466869354248,40.3403434753418,777.488403320312),(-34.8184547424316,34.8184623718262,743.257751464844),(-20.8101444244385,44.6272048950195,811.719177246094),(-12.7460966110229,47.5683822631836,777.488403320312),(-20.8101329803467,44.6271934509277,743.257751464844),(-4.2918438911438,49.0532684326172,811.719177246094),(4.29182481765747,49.0590133666992,777.488403320312),(-4.29183340072632,49.0532569885254,743.257751464844),(12.7440814971924,47.5628204345703,811.719177246094),(20.8120594024658,44.6324272155762,777.488403320312),(12.7440919876099,47.5628089904785,743.257751464844),(28.2428550720215,40.3356246948242,811.719177246094),(34.8220252990723,34.8225479125977,777.488403320312),(28.2428665161133,40.3356132507324,743.257751464844),(40.335090637207,28.2433891296387,811.719177246094),(44.6319046020508,20.8125858306885,777.488403320312),(40.3351020812988,28.2433776855469,743.257751464844),(47.5622901916504,12.7446212768555,811.719116210938),(49.0584907531738,4.29235172271729,777.488403320312),(47.5622978210449,12.7446098327637,743.257751464844),(49.0527420043945,-4.29130458831787,811.719116210938),(47.5678749084473,-12.7455701828003,777.488403320312),(49.0527534484863,-4.29131555557251,743.257751464844),(44.6266822814941,-20.8096027374268,811.719116210938),(40.3398361206055,-28.2461566925049,777.488403320312),(44.6266899108887,-20.8096103668213,743.257751464844),(34.8179588317871,-34.817928314209,811.719116210938),(28.2461910247803,-40.3398132324219,777.488403320312),(34.8179664611816,-34.8179359436035,743.257751464844),(20.809642791748,-44.6266670227051,811.719116210938),(12.7456092834473,-47.5678672790527,777.488403320312),(20.8096523284912,-44.6266784667969,743.257751464844),(4.29134750366211,-49.0527420043945,811.719116210938),(-4.29231071472168,-49.0584983825684,777.488403320312),(4.29135990142822,-49.0527534484863,743.257751464844),(-12.7445802688599,-47.5622978210449,811.719116210938),(-20.8125514984131,-44.6319236755371,777.488403320312),(-12.7445688247681,-47.562313079834,743.257751464844),(-28.2433700561523,-40.3351097106934,811.719177246094),(-28.2433624267578,-40.3351173400879,743.257751464844),(-39.9260368347168,-27.9560813903809,742.757751464844),(-33.2477760314941,-15.5033226013184,742.757751464844),(-20.9570541381836,-14.6738595962524,742.757751464844),(-25.9401664733887,-25.9396686553955,742.757751464844),(-47.0798492431641,-12.6146898269653,742.757751464844),(-36.5452423095703,-3.19702243804932,742.757751464844),(-24.7120456695557,-6.62125539779663,742.757751464844),(-48.5551605224609,4.24825668334961,742.757751464844),(-35.4348411560059,9.49492168426514,742.757751464844),(-25.4864311218262,2.23000359535217,742.757751464844),(-44.1740417480469,20.5988292694092,742.757751464844),(-30.0505027770996,21.0416679382324,742.757751464844),(-23.1868076324463,10.8123207092285,742.757751464844),(-34.464900970459,34.4649085998535,742.757751464844),(-21.0416622161865,30.0505046844482,742.757751464844),(-18.090539932251,18.090539932251,742.757751464844),(-20.5988235473633,44.1740379333496,742.757751464844),(-9.49491786956787,35.4348373413086,742.757751464844),(-10.8123168945312,23.1868076324463,742.757751464844),(-4.24825668334961,48.5551605224609,742.757751464844),(3.19701862335205,36.5452423095703,742.757751464844),(-2.23000454902649,25.4864311218262,742.757751464844),(12.6146860122681,47.0798454284668,742.757751464844),(15.5033178329468,33.2477760314941,742.757751464844),(6.62125158309937,24.7120456695557,742.757751464844),(27.9560775756836,39.9260406494141,742.757751464844),(25.9396648406982,25.9401741027832,742.757751464844),(14.6738567352295,20.9570560455322,742.757751464844),(39.9255256652832,27.9565925598145,742.757751464844),(33.2472724914551,15.5038328170776,742.757751464844),(20.9565467834473,14.6743659973145,742.757751464844),(47.0793380737305,12.615198135376,742.757751464844),(36.544734954834,3.19753122329712,742.757751464844),(24.7115383148193,6.62175989151001,742.757751464844),(48.5546607971191,-4.24774074554443,742.757751464844),(35.4343338012695,-9.49440574645996,742.757751464844),(25.4859256744385,-2.22949361801147,742.757751464844),(44.1735382080078,-20.5983047485352,742.757751464844),(30.0500087738037,-21.0411510467529,742.757751464844),(23.1863021850586,-10.8118057250977,742.757751464844),(34.464412689209,-34.4643821716309,742.757751464844),(21.0411758422852,-30.0499897003174,742.757751464844),(18.0900440216064,-18.0900287628174,742.757751464844),(20.5983467102051,-44.173526763916,742.757751464844),(9.49443817138672,-35.4343299865723,742.757751464844),(10.8118267059326,-23.1862964630127,742.757751464844),(4.24778366088867,-48.5546569824219,742.757751464844),(-3.19750142097473,-36.5447387695312,742.757751464844),(2.22951316833496,-25.4859237670898,742.757751464844),(-12.615159034729,-47.0793533325195,742.757751464844),(-15.5038080215454,-33.2472839355469,742.757751464844),(-6.62174034118652,-24.7115478515625,742.757751464844),(-27.9565734863281,-39.9255447387695,742.757751464844),(-14.6743564605713,-20.9565563201904,742.757751464844),(-10.1345405578613,-10.1340417861938,742.757751464844),(-12.9895009994507,-6.05673599243164,742.757751464844),(-14.2777662277222,-1.24887120723724,742.757751464844),(-13.8439512252808,3.70965909957886,742.757751464844),(-11.7403802871704,8.22077655792236,742.757751464844),(-8.22077751159668,11.7403793334961,742.757751464844),(-3.7096586227417,13.8439483642578,742.757751464844),(1.24886846542358,14.2777624130249,742.757751464844),(6.05673217773438,12.9894990921021,742.757751464844),(10.1340370178223,10.1345415115356,742.757751464844),(12.9889965057373,6.05723905563354,742.757751464844),(14.2772617340088,1.24937391281128,742.757751464844),(13.8434476852417,-3.70915341377258,742.757751464844),(11.7398796081543,-8.22027206420898,742.757751464844),(8.22027969360352,-11.7398748397827,742.757751464844),(3.70916318893433,-13.8434467315674,742.757751464844),(-1.24936282634735,-14.2772645950317,742.757751464844),(-6.0572304725647,-12.9890022277832,742.757751464844),(-44.405834197998,-20.7063961029053,811.969177246094),(-34.6457481384277,-34.6452293395996,811.969177246094),(-48.809944152832,-4.27002954483032,811.969177246094),(-47.3268814086914,12.681396484375,811.969177246094),(-40.1355361938477,28.1032867431641,811.969177246094),(-28.1032772064209,40.1355400085449,811.969177246094),(-12.6813888549805,47.3268814086914,811.969177246094),(4.27002763748169,48.8099403381348,811.969177246094),(20.7063903808594,44.4058303833008,811.969177246094),(34.6452217102051,34.6457557678223,811.969177246094),(44.4053001403809,20.7069301605225,811.969177246094),(48.8094139099121,4.27056694030762,811.969177246094),(47.326358795166,-12.6808500289917,811.969177246094),(40.1350212097168,-28.1027412414551,811.969177246094),(28.1027755737305,-40.1349945068359,811.969177246094),(12.6808910369873,-47.3263511657715,811.969177246094),(-4.27052593231201,-48.8094215393066,811.969177246094),(-20.7068901062012,-44.4053153991699,811.969177246094),(-44.4058227539062,-20.7064075469971,743.),(-34.6457366943359,-34.6452407836914,743.),(-48.809928894043,-4.27004194259644,743.),(-47.3268737792969,12.6813840866089,743.),(-40.1355285644531,28.1032791137695,743.),(-28.1032695770264,40.1355323791504,743.),(-12.6813764572144,47.3268661499023,743.),(4.2700400352478,48.809928894043,743.),(20.7063999176025,44.4058227539062,743.),(34.6452331542969,34.6457443237305,743.),(44.4053115844727,20.706916809082,743.),(48.8094215393066,4.27055597305298,743.),(47.3263702392578,-12.6808643341064,743.),(40.1350326538086,-28.1027526855469,743.),(28.1027851104736,-40.1350059509277,743.),(12.6809034347534,-47.3263626098633,743.),(-4.27051496505737,-48.8094291687012,743.),(-20.706880569458,-44.4053268432617,743.)));
#49=IFCINDEXEDPOLYGONALFACE((423,1738,870,1741));
#50=IFCINDEXEDPOLYGONALFACE((1738,424,1739,870));
#51=IFCINDEXEDPOLYGONALFACE((113,1740,870,1739));
#52=IFCINDEXEDPOLYGONALFACE((1740,156,1741,870));
#53=IFCINDEXEDPOLYGONALFACE((424,1742,871,1739));
#54=IFCINDEXEDPOLYGONALFACE((1742,426,1743,871));
#55=IFCINDEXEDPOLYGONALFACE((157,1744,871,1743));
#56=IFCINDEXEDPOLYGONALFACE((1744,113,1739,871));
#57=IFCINDEXEDPOLYGONALFACE((2,1745,872,1747));
#58=IFCINDEXEDPOLYGONALFACE((1745,155,1746,872));
#59=IFCINDEXEDPOLYGONALFACE((113,1744,872,1746));
#60=IFCINDEXEDPOLYGONALFACE((1744,157,1747,872));
#61=IFCINDEXEDPOLYGONALFACE((155,1748,873,1746));
#62=IFCINDEXEDPOLYGONALFACE((1748,1,1749,873));
#63=IFCINDEXEDPOLYGONALFACE((156,1740,873,1749));
#64=IFCINDEXEDPOLYGONALFACE((1740,113,1746,873));
#65=IFCINDEXEDPOLYGONALFACE((426,1750,874,1743));
#66=IFCINDEXEDPOLYGONALFACE((1750,428,1751,874));
#67=IFCINDEXEDPOLYGONALFACE((114,1752,874,1751));
#68=IFCINDEXEDPOLYGONALFACE((1752,157,1743,874));
#69=IFCINDEXEDPOLYGONALFACE((428,1753,875,1751));
#70=IFCINDEXEDPOLYGONALFACE((1753,430,1754,875));
#71=IFCINDEXEDPOLYGONALFACE((159,1755,875,1754));
#72=IFCINDEXEDPOLYGONALFACE((1755,114,1751,875));
#73=IFCINDEXEDPOLYGONALFACE((3,1756,876,1758));
#74=IFCINDEXEDPOLYGONALFACE((1756,158,1757,876));
#75=IFCINDEXEDPOLYGONALFACE((114,1755,876,1757));
#76=IFCINDEXEDPOLYGONALFACE((1755,159,1758,876));
#77=IFCINDEXEDPOLYGONALFACE((158,1759,877,1757));
#78=IFCINDEXEDPOLYGONALFACE((1759,2,1747,877));
#79=IFCINDEXEDPOLYGONALFACE((157,1752,877,1747));
#80=IFCINDEXEDPOLYGONALFACE((1752,114,1757,877));
#81=IFCINDEXEDPOLYGONALFACE((430,1760,878,1754));
#82=IFCINDEXEDPOLYGONALFACE((1760,432,1761,878));
#83=IFCINDEXEDPOLYGONALFACE((115,1762,878,1761));
#84=IFCINDEXEDPOLYGONALFACE((1762,159,1754,878));
#85=IFCINDEXEDPOLYGONALFACE((432,1763,879,1761));
#86=IFCINDEXEDPOLYGONALFACE((1763,434,1764,879));
#87=IFCINDEXEDPOLYGONALFACE((161,1765,879,1764));
#88=IFCINDEXEDPOLYGONALFACE((1765,115,1761,879));
#89=IFCINDEXEDPOLYGONALFACE((4,1766,880,1768));
#90=IFCINDEXEDPOLYGONALFACE((1766,160,1767,880));
#91=IFCINDEXEDPOLYGONALFACE((115,1765,880,1767));
#92=IFCINDEXEDPOLYGONALFACE((1765,161,1768,880));
#93=IFCINDEXEDPOLYGONALFACE((160,1769,881,1767));
#94=IFCINDEXEDPOLYGONALFACE((1769,3,1758,881));
#95=IFCINDEXEDPOLYGONALFACE((159,1762,881,1758));
#96=IFCINDEXEDPOLYGONALFACE((1762,115,1767,881));
#97=IFCINDEXEDPOLYGONALFACE((434,1770,882,1764));
#98=IFCINDEXEDPOLYGONALFACE((1770,436,1771,882));
#99=IFCINDEXEDPOLYGONALFACE((116,1772,882,1771));
#100=IFCINDEXEDPOLYGONALFACE((1772,161,1764,882));
#101=IFCINDEXEDPOLYGONALFACE((436,1773,883,1771));
#102=IFCINDEXEDPOLYGONALFACE((1773,438,1774,883));
#103=IFCINDEXEDPOLYGONALFACE((163,1775,883,1774));
#104=IFCINDEXEDPOLYGONALFACE((1775,116,1771,883));
#105=IFCINDEXEDPOLYGONALFACE((5,1776,884,1778));
#106=IFCINDEXEDPOLYGONALFACE((1776,162,1777,884));
#107=IFCINDEXEDPOLYGONALFACE((116,1775,884,1777));
#108=IFCINDEXEDPOLYGONALFACE((1775,163,1778,884));
#109=IFCINDEXEDPOLYGONALFACE((162,1779,885,1777));
#110=IFCINDEXEDPOLYGONALFACE((1779,4,1768,885));
#111=IFCINDEXEDPOLYGONALFACE((161,1772,885,1768));
#112=IFCINDEXEDPOLYGONALFACE((1772,116,1777,885));
#113=IFCINDEXEDPOLYGONALFACE((438,1780,886,1774));
#114=IFCINDEXEDPOLYGONALFACE((1780,440,1781,886));
#115=IFCINDEXEDPOLYGONALFACE((117,1782,886,1781));
#116=IFCINDEXEDPOLYGONALFACE((1782,163,1774,886));
#117=IFCINDEXEDPOLYGONALFACE((440,1783,887,1781));
#118=IFCINDEXEDPOLYGONALFACE((1783,442,1784,887));
#119=IFCINDEXEDPOLYGONALFACE((165,1785,887,1784));
#120=IFCINDEXEDPOLYGONALFACE((1785,117,1781,887));
#121=IFCINDEXEDPOLYGONALFACE((6,1786,888,1788));
#122=IFCINDEXEDPOLYGONALFACE((1786,164,1787,888));
#123=IFCINDEXEDPOLYGONALFACE((117,1785,888,1787));
#124=IFCINDEXEDPOLYGONALFACE((1785,165,1788,888));
#125=IFCINDEXEDPOLYGONALFACE((164,1789,889,1787));
#126=IFCINDEXEDPOLYGONALFACE((1789,5,1778,889));
#127=IFCINDEXEDPOLYGONALFACE((163,1782,889,1778));
#128=IFCINDEXEDPOLYGONALFACE((1782,117,1787,889));
#129=IFCINDEXEDPOLYGONALFACE((442,1790,890,1784));
#130=IFCINDEXEDPOLYGONALFACE((1790,444,1791,890));
#131=IFCINDEXEDPOLYGONALFACE((118,1792,890,1791));
#132=IFCINDEXEDPOLYGONALFACE((1792,165,1784,890));
#133=IFCINDEXEDPOLYGONALFACE((444,1793,891,1791));
#134=IFCINDEXEDPOLYGONALFACE((1793,446,1794,891));
#135=IFCINDEXEDPOLYGONALFACE((167,1795,891,1794));
#136=IFCINDEXEDPOLYGONALFACE((1795,118,1791,891));
#137=IFCINDEXEDPOLYGONALFACE((7,1796,892,1798));
#138=IFCINDEXEDPOLYGONALFACE((1796,166,1797,892));
#139=IFCINDEXEDPOLYGONALFACE((118,1795,892,1797));
#140=IFCINDEXEDPOLYGONALFACE((1795,167,1798,892));
#141=IFCINDEXEDPOLYGONALFACE((166,1799,893,1797));
#142=IFCINDEXEDPOLYGONALFACE((1799,6,1788,893));
#143=IFCINDEXEDPOLYGONALFACE((165,1792,893,1788));
#144=IFCINDEXEDPOLYGONALFACE((1792,118,1797,893));
#145=IFCINDEXEDPOLYGONALFACE((446,1800,894,1794));
#146=IFCINDEXEDPOLYGONALFACE((1800,448,1801,894));
#147=IFCINDEXEDPOLYGONALFACE((119,1802,894,1801));
#148=IFCINDEXEDPOLYGONALFACE((1802,167,1794,894));
#149=IFCINDEXEDPOLYGONALFACE((448,1803,895,1801));
#150=IFCINDEXEDPOLYGONALFACE((1803,450,1804,895));
#151=IFCINDEXEDPOLYGONALFACE((169,1805,895,1804));
#152=IFCINDEXEDPOLYGONALFACE((1805,119,1801,895));
#153=IFCINDEXEDPOLYGONALFACE((8,1806,896,1808));
#154=IFCINDEXEDPOLYGONALFACE((1806,168,1807,896));
#155=IFCINDEXEDPOLYGONALFACE((119,1805,896,1807));
#156=IFCINDEXEDPOLYGONALFACE((1805,169,1808,896));
#157=IFCINDEXEDPOLYGONALFACE((168,1809,897,1807));
#158=IFCINDEXEDPOLYGONALFACE((1809,7,1798,897));
#159=IFCINDEXEDPOLYGONALFACE((167,1802,897,1798));
#160=IFCINDEXEDPOLYGONALFACE((1802,119,1807,897));
#161=IFCINDEXEDPOLYGONALFACE((450,1810,898,1804));
#162=IFCINDEXEDPOLYGONALFACE((1810,452,1811,898));
#163=IFCINDEXEDPOLYGONALFACE((120,1812,898,1811));
#164=IFCINDEXEDPOLYGONALFACE((1812,169,1804,898));
#165=IFCINDEXEDPOLYGONALFACE((452,1813,899,1811));
#166=IFCINDEXEDPOLYGONALFACE((1813,454,1814,899));
#167=IFCINDEXEDPOLYGONALFACE((171,1815,899,1814));
#168=IFCINDEXEDPOLYGONALFACE((1815,120,1811,899));
#169=IFCINDEXEDPOLYGONALFACE((9,1816,900,1818));
#170=IFCINDEXEDPOLYGONALFACE((1816,170,1817,900));
#171=IFCINDEXEDPOLYGONALFACE((120,1815,900,1817));
#172=IFCINDEXEDPOLYGONALFACE((1815,171,1818,900));
#173=IFCINDEXEDPOLYGONALFACE((170,1819,901,1817));
#174=IFCINDEXEDPOLYGONALFACE((1819,8,1808,901));
#175=IFCINDEXEDPOLYGONALFACE((169,1812,901,1808));
#176=IFCINDEXEDPOLYGONALFACE((1812,120,1817,901));
#177=IFCINDEXEDPOLYGONALFACE((454,1820,902,1814));
#178=IFCINDEXEDPOLYGONALFACE((1820,456,1821,902));
#179=IFCINDEXEDPOLYGONALFACE((121,1822,902,1821));
#180=IFCINDEXEDPOLYGONALFACE((1822,171,1814,902));
#181=IFCINDEXEDPOLYGONALFACE((456,1823,903,1821));
#182=IFCINDEXEDPOLYGONALFACE((1823,458,1824,903));
#183=IFCINDEXEDPOLYGONALFACE((173,1825,903,1824));
#184=IFCINDEXEDPOLYGONALFACE((1825,121,1821,903));
#185=IFCINDEXEDPOLYGONALFACE((10,1826,904,1828));
#186=IFCINDEXEDPOLYGONALFACE((1826,172,1827,904));
#187=IFCINDEXEDPOLYGONALFACE((121,1825,904,1827));
#188=IFCINDEXEDPOLYGONALFACE((1825,173,1828,904));
#189=IFCINDEXEDPOLYGONALFACE((172,1829,905,1827));
#190=IFCINDEXEDPOLYGONALFACE((1829,9,1818,905));
#191=IFCINDEXEDPOLYGONALFACE((171,1822,905,1818));
#192=IFCINDEXEDPOLYGONALFACE((1822,121,1827,905));
#193=IFCINDEXEDPOLYGONALFACE((458,1830,906,1824));
#194=IFCINDEXEDPOLYGONALFACE((1830,460,1831,906));
#195=IFCINDEXEDPOLYGONALFACE((122,1832,906,1831));
#196=IFCINDEXEDPOLYGONALFACE((1832,173,1824,906));
#197=IFCINDEXEDPOLYGONALFACE((460,1833,907,1831));
#198=IFCINDEXEDPOLYGONALFACE((1833,462,1834,907));
#199=IFCINDEXEDPOLYGONALFACE((175,1835,907,1834));
#200=IFCINDEXEDPOLYGONALFACE((1835,122,1831,907));
#201=IFCINDEXEDPOLYGONALFACE((11,1836,908,1838));
#202=IFCINDEXEDPOLYGONALFACE((1836,174,1837,908));
#203=IFCINDEXEDPOLYGONALFACE((122,1835,908,1837));
#204=IFCINDEXEDPOLYGONALFACE((1835,175,1838,908));
#205=IFCINDEXEDPOLYGONALFACE((174,1839,909,1837));
#206=IFCINDEXEDPOLYGONALFACE((1839,10,1828,909));
#207=IFCINDEXEDPOLYGONALFACE((173,1832,909,1828));
#208=IFCINDEXEDPOLYGONALFACE((1832,122,1837,909));
#209=IFCINDEXEDPOLYGONALFACE((462,1840,910,1834));
#210=IFCINDEXEDPOLYGONALFACE((1840,464,1841,910));
#211=IFCINDEXEDPOLYGONALFACE((123,1842,910,1841));
#212=IFCINDEXEDPOLYGONALFACE((1842,175,1834,910));
#213=IFCINDEXEDPOLYGONALFACE((464,1843,911,1841));
#214=IFCINDEXEDPOLYGONALFACE((1843,466,1844,911));
#215=IFCINDEXEDPOLYGONALFACE((177,1845,911,1844));
#216=IFCINDEXEDPOLYGONALFACE((1845,123,1841,911));
#217=IFCINDEXEDPOLYGONALFACE((12,1846,912,1848));
#218=IFCINDEXEDPOLYGONALFACE((1846,176,1847,912));
#219=IFCINDEXEDPOLYGONALFACE((123,1845,912,1847));
#220=IFCINDEXEDPOLYGONALFACE((1845,177,1848,912));
#221=IFCINDEXEDPOLYGONALFACE((176,1849,913,1847));
#222=IFCINDEXEDPOLYGONALFACE((1849,11,1838,913));
#223=IFCINDEXEDPOLYGONALFACE((175,1842,913,1838));
#224=IFCINDEXEDPOLYGONALFACE((1842,123,1847,913));
#225=IFCINDEXEDPOLYGONALFACE((466,1850,914,1844));
#226=IFCINDEXEDPOLYGONALFACE((1850,468,1851,914));
#227=IFCINDEXEDPOLYGONALFACE((124,1852,914,1851));
#228=IFCINDEXEDPOLYGONALFACE((1852,177,1844,914));
#229=IFCINDEXEDPOLYGONALFACE((468,1853,915,1851));
#230=IFCINDEXEDPOLYGONALFACE((1853,470,1854,915));
#231=IFCINDEXEDPOLYGONALFACE((179,1855,915,1854));
#232=IFCINDEXEDPOLYGONALFACE((1855,124,1851,915));
#233=IFCINDEXEDPOLYGONALFACE((13,1856,916,1858));
#234=IFCINDEXEDPOLYGONALFACE((1856,178,1857,916));
#235=IFCINDEXEDPOLYGONALFACE((124,1855,916,1857));
#236=IFCINDEXEDPOLYGONALFACE((1855,179,1858,916));
#237=IFCINDEXEDPOLYGONALFACE((178,1859,917,1857));
#238=IFCINDEXEDPOLYGONALFACE((1859,12,1848,917));
#239=IFCINDEXEDPOLYGONALFACE((177,1852,917,1848));
#240=IFCINDEXEDPOLYGONALFACE((1852,124,1857,917));
#241=IFCINDEXEDPOLYGONALFACE((470,1860,918,1854));
#242=IFCINDEXEDPOLYGONALFACE((1860,472,1861,918));
#243=IFCINDEXEDPOLYGONALFACE((125,1862,918,1861));
#244=IFCINDEXEDPOLYGONALFACE((1862,179,1854,918));
#245=IFCINDEXEDPOLYGONALFACE((472,1863,919,1861));
#246=IFCINDEXEDPOLYGONALFACE((1863,474,1864,919));
#247=IFCINDEXEDPOLYGONALFACE((181,1865,919,1864));
#248=IFCINDEXEDPOLYGONALFACE((1865,125,1861,919));
#249=IFCINDEXEDPOLYGONALFACE((14,1866,920,1868));
#250=IFCINDEXEDPOLYGONALFACE((1866,180,1867,920));
#251=IFCINDEXEDPOLYGONALFACE((125,1865,920,1867));
#252=IFCINDEXEDPOLYGONALFACE((1865,181,1868,920));
#253=IFCINDEXEDPOLYGONALFACE((180,1869,921,1867));
#254=IFCINDEXEDPOLYGONALFACE((1869,13,1858,921));
#255=IFCINDEXEDPOLYGONALFACE((179,1862,921,1858));
#256=IFCINDEXEDPOLYGONALFACE((1862,125,1867,921));
#257=IFCINDEXEDPOLYGONALFACE((474,1870,922,1864));
#258=IFCINDEXEDPOLYGONALFACE((1870,476,1871,922));
#259=IFCINDEXEDPOLYGONALFACE((126,1872,922,1871));
#260=IFCINDEXEDPOLYGONALFACE((1872,181,1864,922));
#261=IFCINDEXEDPOLYGONALFACE((476,1873,923,1871));
#262=IFCINDEXEDPOLYGONALFACE((1873,423,1741,923));
#263=IFCINDEXEDPOLYGONALFACE((156,1874,923,1741));
#264=IFCINDEXEDPOLYGONALFACE((1874,126,1871,923));
#265=IFCINDEXEDPOLYGONALFACE((1,1875,924,1749));
#266=IFCINDEXEDPOLYGONALFACE((1875,182,1876,924));
#267=IFCINDEXEDPOLYGONALFACE((126,1874,924,1876));
#268=IFCINDEXEDPOLYGONALFACE((1874,156,1749,924));
#269=IFCINDEXEDPOLYGONALFACE((182,1877,925,1876));
#270=IFCINDEXEDPOLYGONALFACE((1877,14,1868,925));
#271=IFCINDEXEDPOLYGONALFACE((181,1872,925,1868));
#272=IFCINDEXEDPOLYGONALFACE((1872,126,1876,925));
#273=IFCINDEXEDPOLYGONALFACE((1,1748,926,1880));
#274=IFCINDEXEDPOLYGONALFACE((1748,155,1878,926));
#275=IFCINDEXEDPOLYGONALFACE((127,1879,926,1878));
#276=IFCINDEXEDPOLYGONALFACE((1879,183,1880,926));
#277=IFCINDEXEDPOLYGONALFACE((155,1745,927,1878));
#278=IFCINDEXEDPOLYGONALFACE((1745,2,1881,927));
#279=IFCINDEXEDPOLYGONALFACE((184,1882,927,1881));
#280=IFCINDEXEDPOLYGONALFACE((1882,127,1878,927));
#281=IFCINDEXEDPOLYGONALFACE((16,1883,928,1885));
#282=IFCINDEXEDPOLYGONALFACE((1883,197,1884,928));
#283=IFCINDEXEDPOLYGONALFACE((127,1882,928,1884));
#284=IFCINDEXEDPOLYGONALFACE((1882,184,1885,928));
#285=IFCINDEXEDPOLYGONALFACE((197,1886,929,1884));
#286=IFCINDEXEDPOLYGONALFACE((1886,15,1887,929));
#287=IFCINDEXEDPOLYGONALFACE((183,1879,929,1887));
#288=IFCINDEXEDPOLYGONALFACE((1879,127,1884,929));
#289=IFCINDEXEDPOLYGONALFACE((2,1759,930,1881));
#290=IFCINDEXEDPOLYGONALFACE((1759,158,1888,930));
#291=IFCINDEXEDPOLYGONALFACE((128,1889,930,1888));
#292=IFCINDEXEDPOLYGONALFACE((1889,184,1881,930));
#293=IFCINDEXEDPOLYGONALFACE((158,1756,931,1888));
#294=IFCINDEXEDPOLYGONALFACE((1756,3,1890,931));
#295=IFCINDEXEDPOLYGONALFACE((185,1891,931,1890));
#296=IFCINDEXEDPOLYGONALFACE((1891,128,1888,931));
#297=IFCINDEXEDPOLYGONALFACE((17,1892,932,1894));
#298=IFCINDEXEDPOLYGONALFACE((1892,198,1893,932));
#299=IFCINDEXEDPOLYGONALFACE((128,1891,932,1893));
#300=IFCINDEXEDPOLYGONALFACE((1891,185,1894,932));
#301=IFCINDEXEDPOLYGONALFACE((198,1895,933,1893));
#302=IFCINDEXEDPOLYGONALFACE((1895,16,1885,933));
#303=IFCINDEXEDPOLYGONALFACE((184,1889,933,1885));
#304=IFCINDEXEDPOLYGONALFACE((1889,128,1893,933));
#305=IFCINDEXEDPOLYGONALFACE((3,1769,934,1890));
#306=IFCINDEXEDPOLYGONALFACE((1769,160,1896,934));
#307=IFCINDEXEDPOLYGONALFACE((129,1897,934,1896));
#308=IFCINDEXEDPOLYGONALFACE((1897,185,1890,934));
#309=IFCINDEXEDPOLYGONALFACE((160,1766,935,1896));
#310=IFCINDEXEDPOLYGONALFACE((1766,4,1898,935));
#311=IFCINDEXEDPOLYGONALFACE((186,1899,935,1898));
#312=IFCINDEXEDPOLYGONALFACE((1899,129,1896,935));
#313=IFCINDEXEDPOLYGONALFACE((18,1900,936,1902));
#314=IFCINDEXEDPOLYGONALFACE((1900,199,1901,936));
#315=IFCINDEXEDPOLYGONALFACE((129,1899,936,1901));
#316=IFCINDEXEDPOLYGONALFACE((1899,186,1902,936));
#317=IFCINDEXEDPOLYGONALFACE((199,1903,937,1901));
#318=IFCINDEXEDPOLYGONALFACE((1903,17,1894,937));
#319=IFCINDEXEDPOLYGONALFACE((185,1897,937,1894));
#320=IFCINDEXEDPOLYGONALFACE((1897,129,1901,937));
#321=IFCINDEXEDPOLYGONALFACE((4,1779,938,1898));
#322=IFCINDEXEDPOLYGONALFACE((1779,162,1904,938));
#323=IFCINDEXEDPOLYGONALFACE((130,1905,938,1904));
#324=IFCINDEXEDPOLYGONALFACE((1905,186,1898,938));
#325=IFCINDEXEDPOLYGONALFACE((162,1776,939,1904));
#326=IFCINDEXEDPOLYGONALFACE((1776,5,1906,939));
#327=IFCINDEXEDPOLYGONALFACE((187,1907,939,1906));
#328=IFCINDEXEDPOLYGONALFACE((1907,130,1904,939));
#329=IFCINDEXEDPOLYGONALFACE((19,1908,940,1910));
#330=IFCINDEXEDPOLYGONALFACE((1908,200,1909,940));
#331=IFCINDEXEDPOLYGONALFACE((130,1907,940,1909));
#332=IFCINDEXEDPOLYGONALFACE((1907,187,1910,940));
#333=IFCINDEXEDPOLYGONALFACE((200,1911,941,1909));
#334=IFCINDEXEDPOLYGONALFACE((1911,18,1902,941));
#335=IFCINDEXEDPOLYGONALFACE((186,1905,941,1902));
#336=IFCINDEXEDPOLYGONALFACE((1905,130,1909,941));
#337=IFCINDEXEDPOLYGONALFACE((5,1789,942,1906));
#338=IFCINDEXEDPOLYGONALFACE((1789,164,1912,942));
#339=IFCINDEXEDPOLYGONALFACE((131,1913,942,1912));
#340=IFCINDEXEDPOLYGONALFACE((1913,187,1906,942));
#341=IFCINDEXEDPOLYGONALFACE((164,1786,943,1912));
#342=IFCINDEXEDPOLYGONALFACE((1786,6,1914,943));
#343=IFCINDEXEDPOLYGONALFACE((188,1915,943,1914));
#344=IFCINDEXEDPOLYGONALFACE((1915,131,1912,943));
#345=IFCINDEXEDPOLYGONALFACE((20,1916,944,1918));
#346=IFCINDEXEDPOLYGONALFACE((1916,201,1917,944));
#347=IFCINDEXEDPOLYGONALFACE((131,1915,944,1917));
#348=IFCINDEXEDPOLYGONALFACE((1915,188,1918,944));
#349=IFCINDEXEDPOLYGONALFACE((201,1919,945,1917));
#350=IFCINDEXEDPOLYGONALFACE((1919,19,1910,945));
#351=IFCINDEXEDPOLYGONALFACE((187,1913,945,1910));
#352=IFCINDEXEDPOLYGONALFACE((1913,131,1917,945));
#353=IFCINDEXEDPOLYGONALFACE((6,1799,946,1914));
#354=IFCINDEXEDPOLYGONALFACE((1799,166,1920,946));
#355=IFCINDEXEDPOLYGONALFACE((132,1921,946,1920));
#356=IFCINDEXEDPOLYGONALFACE((1921,188,1914,946));
#357=IFCINDEXEDPOLYGONALFACE((166,1796,947,1920));
#358=IFCINDEXEDPOLYGONALFACE((1796,7,1922,947));
#359=IFCINDEXEDPOLYGONALFACE((189,1923,947,1922));
#360=IFCINDEXEDPOLYGONALFACE((1923,132,1920,947));
#361=IFCINDEXEDPOLYGONALFACE((21,1924,948,1926));
#362=IFCINDEXEDPOLYGONALFACE((1924,202,1925,948));
#363=IFCINDEXEDPOLYGONALFACE((132,1923,948,1925));
#364=IFCINDEXEDPOLYGONALFACE((1923,189,1926,948));
#365=IFCINDEXEDPOLYGONALFACE((202,1927,949,1925));
#366=IFCINDEXEDPOLYGONALFACE((1927,20,1918,949));
#367=IFCINDEXEDPOLYGONALFACE((188,1921,949,1918));
#368=IFCINDEXEDPOLYGONALFACE((1921,132,1925,949));
#369=IFCINDEXEDPOLYGONALFACE((7,1809,950,1922));
#370=IFCINDEXEDPOLYGONALFACE((1809,168,1928,950));
#371=IFCINDEXEDPOLYGONALFACE((133,1929,950,1928));
#372=IFCINDEXEDPOLYGONALFACE((1929,189,1922,950));
#373=IFCINDEXEDPOLYGONALFACE((168,1806,951,1928));
#374=IFCINDEXEDPOLYGONALFACE((1806,8,1930,951));
#375=IFCINDEXEDPOLYGONALFACE((190,1931,951,1930));
#376=IFCINDEXEDPOLYGONALFACE((1931,133,1928,951));
#377=IFCINDEXEDPOLYGONALFACE((22,1932,952,1934));
#378=IFCINDEXEDPOLYGONALFACE((1932,203,1933,952));
#379=IFCINDEXEDPOLYGONALFACE((133,1931,952,1933));
#380=IFCINDEXEDPOLYGONALFACE((1931,190,1934,952));
#381=IFCINDEXEDPOLYGONALFACE((203,1935,953,1933));
#382=IFCINDEXEDPOLYGONALFACE((1935,21,1926,953));
#383=IFCINDEXEDPOLYGONALFACE((189,1929,953,1926));
#384=IFCINDEXEDPOLYGONALFACE((1929,133,1933,953));
#385=IFCINDEXEDPOLYGONALFACE((8,1819,954,1930));
#386=IFCINDEXEDPOLYGONALFACE((1819,170,1936,954));
#387=IFCINDEXEDPOLYGONALFACE((134,1937,954,1936));
#388=IFCINDEXEDPOLYGONALFACE((1937,190,1930,954));
#389=IFCINDEXEDPOLYGONALFACE((170,1816,955,1936));
#390=IFCINDEXEDPOLYGONALFACE((1816,9,1938,955));
#391=IFCINDEXEDPOLYGONALFACE((191,1939,955,1938));
#392=IFCINDEXEDPOLYGONALFACE((1939,134,1936,955));
#393=IFCINDEXEDPOLYGONALFACE((23,1940,956,1942));
#394=IFCINDEXEDPOLYGONALFACE((1940,204,1941,956));
#395=IFCINDEXEDPOLYGONALFACE((134,1939,956,1941));
#396=IFCINDEXEDPOLYGONALFACE((1939,191,1942,956));
#397=IFCINDEXEDPOLYGONALFACE((204,1943,957,1941));
#398=IFCINDEXEDPOLYGONALFACE((1943,22,1934,957));
#399=IFCINDEXEDPOLYGONALFACE((190,1937,957,1934));
#400=IFCINDEXEDPOLYGONALFACE((1937,134,1941,957));
#401=IFCINDEXEDPOLYGONALFACE((9,1829,958,1938));
#402=IFCINDEXEDPOLYGONALFACE((1829,172,1944,958));
#403=IFCINDEXEDPOLYGONALFACE((135,1945,958,1944));
#404=IFCINDEXEDPOLYGONALFACE((1945,191,1938,958));
#405=IFCINDEXEDPOLYGONALFACE((172,1826,959,1944));
#406=IFCINDEXEDPOLYGONALFACE((1826,10,1946,959));
#407=IFCINDEXEDPOLYGONALFACE((192,1947,959,1946));
#408=IFCINDEXEDPOLYGONALFACE((1947,135,1944,959));
#409=IFCINDEXEDPOLYGONALFACE((24,1948,960,1950));
#410=IFCINDEXEDPOLYGONALFACE((1948,205,1949,960));
#411=IFCINDEXEDPOLYGONALFACE((135,1947,960,1949));
#412=IFCINDEXEDPOLYGONALFACE((1947,192,1950,960));
#413=IFCINDEXEDPOLYGONALFACE((205,1951,961,1949));
#414=IFCINDEXEDPOLYGONALFACE((1951,23,1942,961));
#415=IFCINDEXEDPOLYGONALFACE((191,1945,961,1942));
#416=IFCINDEXEDPOLYGONALFACE((1945,135,1949,961));
#417=IFCINDEXEDPOLYGONALFACE((10,1839,962,1946));
#418=IFCINDEXEDPOLYGONALFACE((1839,174,1952,962));
#419=IFCINDEXEDPOLYGONALFACE((136,1953,962,1952));
#420=IFCINDEXEDPOLYGONALFACE((1953,192,1946,962));
#421=IFCINDEXEDPOLYGONALFACE((174,1836,963,1952));
#422=IFCINDEXEDPOLYGONALFACE((1836,11,1954,963));
#423=IFCINDEXEDPOLYGONALFACE((193,1955,963,1954));
#424=IFCINDEXEDPOLYGONALFACE((1955,136,1952,963));
#425=IFCINDEXEDPOLYGONALFACE((25,1956,964,1958));
#426=IFCINDEXEDPOLYGONALFACE((1956,206,1957,964));
#427=IFCINDEXEDPOLYGONALFACE((136,1955,964,1957));
#428=IFCINDEXEDPOLYGONALFACE((1955,193,1958,964));
#429=IFCINDEXEDPOLYGONALFACE((206,1959,965,1957));
#430=IFCINDEXEDPOLYGONALFACE((1959,24,1950,965));
#431=IFCINDEXEDPOLYGONALFACE((192,1953,965,1950));
#432=IFCINDEXEDPOLYGONALFACE((1953,136,1957,965));
#433=IFCINDEXEDPOLYGONALFACE((11,1849,966,1954));
#434=IFCINDEXEDPOLYGONALFACE((1849,176,1960,966));
#435=IFCINDEXEDPOLYGONALFACE((137,1961,966,1960));
#436=IFCINDEXEDPOLYGONALFACE((1961,193,1954,966));
#437=IFCINDEXEDPOLYGONALFACE((176,1846,967,1960));
#438=IFCINDEXEDPOLYGONALFACE((1846,12,1962,967));
#439=IFCINDEXEDPOLYGONALFACE((194,1963,967,1962));
#440=IFCINDEXEDPOLYGONALFACE((1963,137,1960,967));
#441=IFCINDEXEDPOLYGONALFACE((26,1964,968,1966));
#442=IFCINDEXEDPOLYGONALFACE((1964,207,1965,968));
#443=IFCINDEXEDPOLYGONALFACE((137,1963,968,1965));
#444=IFCINDEXEDPOLYGONALFACE((1963,194,1966,968));
#445=IFCINDEXEDPOLYGONALFACE((207,1967,969,1965));
#446=IFCINDEXEDPOLYGONALFACE((1967,25,1958,969));
#447=IFCINDEXEDPOLYGONALFACE((193,1961,969,1958));
#448=IFCINDEXEDPOLYGONALFACE((1961,137,1965,969));
#449=IFCINDEXEDPOLYGONALFACE((12,1859,970,1962));
#450=IFCINDEXEDPOLYGONALFACE((1859,178,1968,970));
#451=IFCINDEXEDPOLYGONALFACE((138,1969,970,1968));
#452=IFCINDEXEDPOLYGONALFACE((1969,194,1962,970));
#453=IFCINDEXEDPOLYGONALFACE((178,1856,971,1968));
#454=IFCINDEXEDPOLYGONALFACE((1856,13,1970,971));
#455=IFCINDEXEDPOLYGONALFACE((195,1971,971,1970));
#456=IFCINDEXEDPOLYGONALFACE((1971,138,1968,971));
#457=IFCINDEXEDPOLYGONALFACE((27,1972,972,1974));
#458=IFCINDEXEDPOLYGONALFACE((1972,208,1973,972));
#459=IFCINDEXEDPOLYGONALFACE((138,1971,972,1973));
#460=IFCINDEXEDPOLYGONALFACE((1971,195,1974,972));
#461=IFCINDEXEDPOLYGONALFACE((208,1975,973,1973));
#462=IFCINDEXEDPOLYGONALFACE((1975,26,1966,973));
#463=IFCINDEXEDPOLYGONALFACE((194,1969,973,1966));
#464=IFCINDEXEDPOLYGONALFACE((1969,138,1973,973));
#465=IFCINDEXEDPOLYGONALFACE((13,1869,974,1970));
#466=IFCINDEXEDPOLYGONALFACE((1869,180,1976,974));
#467=IFCINDEXEDPOLYGONALFACE((139,1977,974,1976));
#468=IFCINDEXEDPOLYGONALFACE((1977,195,1970,974));
#469=IFCINDEXEDPOLYGONALFACE((180,1866,975,1976));
#470=IFCINDEXEDPOLYGONALFACE((1866,14,1978,975));
#471=IFCINDEXEDPOLYGONALFACE((196,1979,975,1978));
#472=IFCINDEXEDPOLYGONALFACE((1979,139,1976,975));
#473=IFCINDEXEDPOLYGONALFACE((28,1980,976,1982));
#474=IFCINDEXEDPOLYGONALFACE((1980,209,1981,976));
#475=IFCINDEXEDPOLYGONALFACE((139,1979,976,1981));
#476=IFCINDEXEDPOLYGONALFACE((1979,196,1982,976));
#477=IFCINDEXEDPOLYGONALFACE((209,1983,977,1981));
#478=IFCINDEXEDPOLYGONALFACE((1983,27,1974,977));
#479=IFCINDEXEDPOLYGONALFACE((195,1977,977,1974));
#480=IFCINDEXEDPOLYGONALFACE((1977,139,1981,977));
#481=IFCINDEXEDPOLYGONALFACE((14,1877,978,1978));
#482=IFCINDEXEDPOLYGONALFACE((1877,182,1984,978));
#483=IFCINDEXEDPOLYGONALFACE((140,1985,978,1984));
#484=IFCINDEXEDPOLYGONALFACE((1985,196,1978,978));
#485=IFCINDEXEDPOLYGONALFACE((182,1875,979,1984));
#486=IFCINDEXEDPOLYGONALFACE((1875,1,1880,979));
#487=IFCINDEXEDPOLYGONALFACE((183,1986,979,1880));
#488=IFCINDEXEDPOLYGONALFACE((1986,140,1984,979));
#489=IFCINDEXEDPOLYGONALFACE((15,1987,980,1887));
#490=IFCINDEXEDPOLYGONALFACE((1987,210,1988,980));
#491=IFCINDEXEDPOLYGONALFACE((140,1986,980,1988));
#492=IFCINDEXEDPOLYGONALFACE((1986,183,1887,980));
#493=IFCINDEXEDPOLYGONALFACE((210,1989,981,1988));
#494=IFCINDEXEDPOLYGONALFACE((1989,28,1982,981));
#495=IFCINDEXEDPOLYGONALFACE((196,1985,981,1982));
#496=IFCINDEXEDPOLYGONALFACE((1985,140,1988,981));
#497=IFCINDEXEDPOLYGONALFACE((15,1886,982,1992));
#498=IFCINDEXEDPOLYGONALFACE((1886,197,1990,982));
#499=IFCINDEXEDPOLYGONALFACE((647,1991,982,1990));
#500=IFCINDEXEDPOLYGONALFACE((1991,648,1992,982));
#501=IFCINDEXEDPOLYGONALFACE((197,1883,983,1990));
#502=IFCINDEXEDPOLYGONALFACE((1883,16,1993,983));
#503=IFCINDEXEDPOLYGONALFACE((651,1994,983,1993));
#504=IFCINDEXEDPOLYGONALFACE((1994,647,1990,983));
#505=IFCINDEXEDPOLYGONALFACE((30,1995,984,1998));
#506=IFCINDEXEDPOLYGONALFACE((1995,211,1996,984));
#507=IFCINDEXEDPOLYGONALFACE((646,1997,984,1996));
#508=IFCINDEXEDPOLYGONALFACE((1997,650,1998,984));
#509=IFCINDEXEDPOLYGONALFACE((211,1999,985,1996));
#510=IFCINDEXEDPOLYGONALFACE((1999,29,2000,985));
#511=IFCINDEXEDPOLYGONALFACE((649,2001,985,2000));
#512=IFCINDEXEDPOLYGONALFACE((2001,646,1996,985));
#513=IFCINDEXEDPOLYGONALFACE((16,1895,986,1993));
#514=IFCINDEXEDPOLYGONALFACE((1895,198,2002,986));
#515=IFCINDEXEDPOLYGONALFACE((653,2003,986,2002));
#516=IFCINDEXEDPOLYGONALFACE((2003,651,1993,986));
#517=IFCINDEXEDPOLYGONALFACE((198,1892,987,2002));
#518=IFCINDEXEDPOLYGONALFACE((1892,17,2004,987));
#519=IFCINDEXEDPOLYGONALFACE((655,2005,987,2004));
#520=IFCINDEXEDPOLYGONALFACE((2005,653,2002,987));
#521=IFCINDEXEDPOLYGONALFACE((31,2006,988,2009));
#522=IFCINDEXEDPOLYGONALFACE((2006,212,2007,988));
#523=IFCINDEXEDPOLYGONALFACE((652,2008,988,2007));
#524=IFCINDEXEDPOLYGONALFACE((2008,654,2009,988));
#525=IFCINDEXEDPOLYGONALFACE((212,2010,989,2007));
#526=IFCINDEXEDPOLYGONALFACE((2010,30,1998,989));
#527=IFCINDEXEDPOLYGONALFACE((650,2011,989,1998));
#528=IFCINDEXEDPOLYGONALFACE((2011,652,2007,989));
#529=IFCINDEXEDPOLYGONALFACE((17,1903,990,2004));
#530=IFCINDEXEDPOLYGONALFACE((1903,199,2012,990));
#531=IFCINDEXEDPOLYGONALFACE((657,2013,990,2012));
#532=IFCINDEXEDPOLYGONALFACE((2013,655,2004,990));
#533=IFCINDEXEDPOLYGONALFACE((199,1900,991,2012));
#534=IFCINDEXEDPOLYGONALFACE((1900,18,2014,991));
#535=IFCINDEXEDPOLYGONALFACE((659,2015,991,2014));
#536=IFCINDEXEDPOLYGONALFACE((2015,657,2012,991));
#537=IFCINDEXEDPOLYGONALFACE((32,2016,992,2019));
#538=IFCINDEXEDPOLYGONALFACE((2016,213,2017,992));
#539=IFCINDEXEDPOLYGONALFACE((656,2018,992,2017));
#540=IFCINDEXEDPOLYGONALFACE((2018,658,2019,992));
#541=IFCINDEXEDPOLYGONALFACE((213,2020,993,2017));
#542=IFCINDEXEDPOLYGONALFACE((2020,31,2009,993));
#543=IFCINDEXEDPOLYGONALFACE((654,2021,993,2009));
#544=IFCINDEXEDPOLYGONALFACE((2021,656,2017,993));
#545=IFCINDEXEDPOLYGONALFACE((18,1911,994,2014));
#546=IFCINDEXEDPOLYGONALFACE((1911,200,2022,994));
#547=IFCINDEXEDPOLYGONALFACE((661,2023,994,2022));
#548=IFCINDEXEDPOLYGONALFACE((2023,659,2014,994));
#549=IFCINDEXEDPOLYGONALFACE((200,1908,995,2022));
#550=IFCINDEXEDPOLYGONALFACE((1908,19,2024,995));
#551=IFCINDEXEDPOLYGONALFACE((663,2025,995,2024));
#552=IFCINDEXEDPOLYGONALFACE((2025,661,2022,995));
#553=IFCINDEXEDPOLYGONALFACE((33,2026,996,2029));
#554=IFCINDEXEDPOLYGONALFACE((2026,214,2027,996));
#555=IFCINDEXEDPOLYGONALFACE((660,2028,996,2027));
#556=IFCINDEXEDPOLYGONALFACE((2028,662,2029,996));
#557=IFCINDEXEDPOLYGONALFACE((214,2030,997,2027));
#558=IFCINDEXEDPOLYGONALFACE((2030,32,2019,997));
#559=IFCINDEXEDPOLYGONALFACE((658,2031,997,2019));
#560=IFCINDEXEDPOLYGONALFACE((2031,660,2027,997));
#561=IFCINDEXEDPOLYGONALFACE((19,1919,998,2024));
#562=IFCINDEXEDPOLYGONALFACE((1919,201,2032,998));
#563=IFCINDEXEDPOLYGONALFACE((665,2033,998,2032));
#564=IFCINDEXEDPOLYGONALFACE((2033,663,2024,998));
#565=IFCINDEXEDPOLYGONALFACE((201,1916,999,2032));
#566=IFCINDEXEDPOLYGONALFACE((1916,20,2034,999));
#567=IFCINDEXEDPOLYGONALFACE((667,2035,999,2034));
#568=IFCINDEXEDPOLYGONALFACE((2035,665,2032,999));
#569=IFCINDEXEDPOLYGONALFACE((34,2036,1000,2039));
#570=IFCINDEXEDPOLYGONALFACE((2036,215,2037,1000));
#571=IFCINDEXEDPOLYGONALFACE((664,2038,1000,2037));
#572=IFCINDEXEDPOLYGONALFACE((2038,666,2039,1000));
#573=IFCINDEXEDPOLYGONALFACE((215,2040,1001,2037));
#574=IFCINDEXEDPOLYGONALFACE((2040,33,2029,1001));
#575=IFCINDEXEDPOLYGONALFACE((662,2041,1001,2029));
#576=IFCINDEXEDPOLYGONALFACE((2041,664,2037,1001));
#577=IFCINDEXEDPOLYGONALFACE((20,1927,1002,2034));
#578=IFCINDEXEDPOLYGONALFACE((1927,202,2042,1002));
#579=IFCINDEXEDPOLYGONALFACE((669,2043,1002,2042));
#580=IFCINDEXEDPOLYGONALFACE((2043,667,2034,1002));
#581=IFCINDEXEDPOLYGONALFACE((202,1924,1003,2042));
#582=IFCINDEXEDPOLYGONALFACE((1924,21,2044,1003));
#583=IFCINDEXEDPOLYGONALFACE((671,2045,1003,2044));
#584=IFCINDEXEDPOLYGONALFACE((2045,669,2042,1003));
#585=IFCINDEXEDPOLYGONALFACE((35,2046,1004,2049));
#586=IFCINDEXEDPOLYGONALFACE((2046,216,2047,1004));
#587=IFCINDEXEDPOLYGONALFACE((668,2048,1004,2047));
#588=IFCINDEXEDPOLYGONALFACE((2048,670,2049,1004));
#589=IFCINDEXEDPOLYGONALFACE((216,2050,1005,2047));
#590=IFCINDEXEDPOLYGONALFACE((2050,34,2039,1005));
#591=IFCINDEXEDPOLYGONALFACE((666,2051,1005,2039));
#592=IFCINDEXEDPOLYGONALFACE((2051,668,2047,1005));
#593=IFCINDEXEDPOLYGONALFACE((21,1935,1006,2044));
#594=IFCINDEXEDPOLYGONALFACE((1935,203,2052,1006));
#595=IFCINDEXEDPOLYGONALFACE((673,2053,1006,2052));
#596=IFCINDEXEDPOLYGONALFACE((2053,671,2044,1006));
#597=IFCINDEXEDPOLYGONALFACE((203,1932,1007,2052));
#598=IFCINDEXEDPOLYGONALFACE((1932,22,2054,1007));
#599=IFCINDEXEDPOLYGONALFACE((675,2055,1007,2054));
#600=IFCINDEXEDPOLYGONALFACE((2055,673,2052,1007));
#601=IFCINDEXEDPOLYGONALFACE((36,2056,1008,2059));
#602=IFCINDEXEDPOLYGONALFACE((2056,217,2057,1008));
#603=IFCINDEXEDPOLYGONALFACE((672,2058,1008,2057));
#604=IFCINDEXEDPOLYGONALFACE((2058,674,2059,1008));
#605=IFCINDEXEDPOLYGONALFACE((217,2060,1009,2057));
#606=IFCINDEXEDPOLYGONALFACE((2060,35,2049,1009));
#607=IFCINDEXEDPOLYGONALFACE((670,2061,1009,2049));
#608=IFCINDEXEDPOLYGONALFACE((2061,672,2057,1009));
#609=IFCINDEXEDPOLYGONALFACE((22,1943,1010,2054));
#610=IFCINDEXEDPOLYGONALFACE((1943,204,2062,1010));
#611=IFCINDEXEDPOLYGONALFACE((677,2063,1010,2062));
#612=IFCINDEXEDPOLYGONALFACE((2063,675,2054,1010));
#613=IFCINDEXEDPOLYGONALFACE((204,1940,1011,2062));
#614=IFCINDEXEDPOLYGONALFACE((1940,23,2064,1011));
#615=IFCINDEXEDPOLYGONALFACE((679,2065,1011,2064));
#616=IFCINDEXEDPOLYGONALFACE((2065,677,2062,1011));
#617=IFCINDEXEDPOLYGONALFACE((37,2066,1012,2069));
#618=IFCINDEXEDPOLYGONALFACE((2066,218,2067,1012));
#619=IFCINDEXEDPOLYGONALFACE((676,2068,1012,2067));
#620=IFCINDEXEDPOLYGONALFACE((2068,678,2069,1012));
#621=IFCINDEXEDPOLYGONALFACE((218,2070,1013,2067));
#622=IFCINDEXEDPOLYGONALFACE((2070,36,2059,1013));
#623=IFCINDEXEDPOLYGONALFACE((674,2071,1013,2059));
#624=IFCINDEXEDPOLYGONALFACE((2071,676,2067,1013));
#625=IFCINDEXEDPOLYGONALFACE((23,1951,1014,2064));
#626=IFCINDEXEDPOLYGONALFACE((1951,205,2072,1014));
#627=IFCINDEXEDPOLYGONALFACE((681,2073,1014,2072));
#628=IFCINDEXEDPOLYGONALFACE((2073,679,2064,1014));
#629=IFCINDEXEDPOLYGONALFACE((205,1948,1015,2072));
#630=IFCINDEXEDPOLYGONALFACE((1948,24,2074,1015));
#631=IFCINDEXEDPOLYGONALFACE((683,2075,1015,2074));
#632=IFCINDEXEDPOLYGONALFACE((2075,681,2072,1015));
#633=IFCINDEXEDPOLYGONALFACE((38,2076,1016,2079));
#634=IFCINDEXEDPOLYGONALFACE((2076,219,2077,1016));
#635=IFCINDEXEDPOLYGONALFACE((680,2078,1016,2077));
#636=IFCINDEXEDPOLYGONALFACE((2078,682,2079,1016));
#637=IFCINDEXEDPOLYGONALFACE((219,2080,1017,2077));
#638=IFCINDEXEDPOLYGONALFACE((2080,37,2069,1017));
#639=IFCINDEXEDPOLYGONALFACE((678,2081,1017,2069));
#640=IFCINDEXEDPOLYGONALFACE((2081,680,2077,1017));
#641=IFCINDEXEDPOLYGONALFACE((24,1959,1018,2074));
#642=IFCINDEXEDPOLYGONALFACE((1959,206,2082,1018));
#643=IFCINDEXEDPOLYGONALFACE((685,2083,1018,2082));
#644=IFCINDEXEDPOLYGONALFACE((2083,683,2074,1018));
#645=IFCINDEXEDPOLYGONALFACE((206,1956,1019,2082));
#646=IFCINDEXEDPOLYGONALFACE((1956,25,2084,1019));
#647=IFCINDEXEDPOLYGONALFACE((687,2085,1019,2084));
#648=IFCINDEXEDPOLYGONALFACE((2085,685,2082,1019));
#649=IFCINDEXEDPOLYGONALFACE((39,2086,1020,2089));
#650=IFCINDEXEDPOLYGONALFACE((2086,220,2087,1020));
#651=IFCINDEXEDPOLYGONALFACE((684,2088,1020,2087));
#652=IFCINDEXEDPOLYGONALFACE((2088,686,2089,1020));
#653=IFCINDEXEDPOLYGONALFACE((220,2090,1021,2087));
#654=IFCINDEXEDPOLYGONALFACE((2090,38,2079,1021));
#655=IFCINDEXEDPOLYGONALFACE((682,2091,1021,2079));
#656=IFCINDEXEDPOLYGONALFACE((2091,684,2087,1021));
#657=IFCINDEXEDPOLYGONALFACE((25,1967,1022,2084));
#658=IFCINDEXEDPOLYGONALFACE((1967,207,2092,1022));
#659=IFCINDEXEDPOLYGONALFACE((689,2093,1022,2092));
#660=IFCINDEXEDPOLYGONALFACE((2093,687,2084,1022));
#661=IFCINDEXEDPOLYGONALFACE((207,1964,1023,2092));
#662=IFCINDEXEDPOLYGONALFACE((1964,26,2094,1023));
#663=IFCINDEXEDPOLYGONALFACE((691,2095,1023,2094));
#664=IFCINDEXEDPOLYGONALFACE((2095,689,2092,1023));
#665=IFCINDEXEDPOLYGONALFACE((40,2096,1024,2099));
#666=IFCINDEXEDPOLYGONALFACE((2096,221,2097,1024));
#667=IFCINDEXEDPOLYGONALFACE((688,2098,1024,2097));
#668=IFCINDEXEDPOLYGONALFACE((2098,690,2099,1024));
#669=IFCINDEXEDPOLYGONALFACE((221,2100,1025,2097));
#670=IFCINDEXEDPOLYGONALFACE((2100,39,2089,1025));
#671=IFCINDEXEDPOLYGONALFACE((686,2101,1025,2089));
#672=IFCINDEXEDPOLYGONALFACE((2101,688,2097,1025));
#673=IFCINDEXEDPOLYGONALFACE((26,1975,1026,2094));
#674=IFCINDEXEDPOLYGONALFACE((1975,208,2102,1026));
#675=IFCINDEXEDPOLYGONALFACE((693,2103,1026,2102));
#676=IFCINDEXEDPOLYGONALFACE((2103,691,2094,1026));
#677=IFCINDEXEDPOLYGONALFACE((208,1972,1027,2102));
#678=IFCINDEXEDPOLYGONALFACE((1972,27,2104,1027));
#679=IFCINDEXEDPOLYGONALFACE((695,2105,1027,2104));
#680=IFCINDEXEDPOLYGONALFACE((2105,693,2102,1027));
#681=IFCINDEXEDPOLYGONALFACE((41,2106,1028,2109));
#682=IFCINDEXEDPOLYGONALFACE((2106,222,2107,1028));
#683=IFCINDEXEDPOLYGONALFACE((692,2108,1028,2107));
#684=IFCINDEXEDPOLYGONALFACE((2108,694,2109,1028));
#685=IFCINDEXEDPOLYGONALFACE((222,2110,1029,2107));
#686=IFCINDEXEDPOLYGONALFACE((2110,40,2099,1029));
#687=IFCINDEXEDPOLYGONALFACE((690,2111,1029,2099));
#688=IFCINDEXEDPOLYGONALFACE((2111,692,2107,1029));
#689=IFCINDEXEDPOLYGONALFACE((27,1983,1030,2104));
#690=IFCINDEXEDPOLYGONALFACE((1983,209,2112,1030));
#691=IFCINDEXEDPOLYGONALFACE((697,2113,1030,2112));
#692=IFCINDEXEDPOLYGONALFACE((2113,695,2104,1030));
#693=IFCINDEXEDPOLYGONALFACE((209,1980,1031,2112));
#694=IFCINDEXEDPOLYGONALFACE((1980,28,2114,1031));
#695=IFCINDEXEDPOLYGONALFACE((699,2115,1031,2114));
#696=IFCINDEXEDPOLYGONALFACE((2115,697,2112,1031));
#697=IFCINDEXEDPOLYGONALFACE((42,2116,1032,2119));
#698=IFCINDEXEDPOLYGONALFACE((2116,223,2117,1032));
#699=IFCINDEXEDPOLYGONALFACE((696,2118,1032,2117));
#700=IFCINDEXEDPOLYGONALFACE((2118,698,2119,1032));
#701=IFCINDEXEDPOLYGONALFACE((223,2120,1033,2117));
#702=IFCINDEXEDPOLYGONALFACE((2120,41,2109,1033));
#703=IFCINDEXEDPOLYGONALFACE((694,2121,1033,2109));
#704=IFCINDEXEDPOLYGONALFACE((2121,696,2117,1033));
#705=IFCINDEXEDPOLYGONALFACE((28,1989,1034,2114));
#706=IFCINDEXEDPOLYGONALFACE((1989,210,2122,1034));
#707=IFCINDEXEDPOLYGONALFACE((701,2123,1034,2122));
#708=IFCINDEXEDPOLYGONALFACE((2123,699,2114,1034));
#709=IFCINDEXEDPOLYGONALFACE((210,1987,1035,2122));
#710=IFCINDEXEDPOLYGONALFACE((1987,15,1992,1035));
#711=IFCINDEXEDPOLYGONALFACE((648,2124,1035,1992));
#712=IFCINDEXEDPOLYGONALFACE((2124,701,2122,1035));
#713=IFCINDEXEDPOLYGONALFACE((29,2125,1036,2000));
#714=IFCINDEXEDPOLYGONALFACE((2125,224,2126,1036));
#715=IFCINDEXEDPOLYGONALFACE((700,2127,1036,2126));
#716=IFCINDEXEDPOLYGONALFACE((2127,649,2000,1036));
#717=IFCINDEXEDPOLYGONALFACE((224,2128,1037,2126));
#718=IFCINDEXEDPOLYGONALFACE((2128,42,2119,1037));
#719=IFCINDEXEDPOLYGONALFACE((698,2129,1037,2119));
#720=IFCINDEXEDPOLYGONALFACE((2129,700,2126,1037));
#721=IFCINDEXEDPOLYGONALFACE((29,1999,1038,2132));
#722=IFCINDEXEDPOLYGONALFACE((1999,211,2130,1038));
#723=IFCINDEXEDPOLYGONALFACE((141,2131,1038,2130));
#724=IFCINDEXEDPOLYGONALFACE((2131,225,2132,1038));
#725=IFCINDEXEDPOLYGONALFACE((211,1995,1039,2130));
#726=IFCINDEXEDPOLYGONALFACE((1995,30,2133,1039));
#727=IFCINDEXEDPOLYGONALFACE((226,2134,1039,2133));
#728=IFCINDEXEDPOLYGONALFACE((2134,141,2130,1039));
#729=IFCINDEXEDPOLYGONALFACE((44,2135,1040,2137));
#730=IFCINDEXEDPOLYGONALFACE((2135,239,2136,1040));
#731=IFCINDEXEDPOLYGONALFACE((141,2134,1040,2136));
#732=IFCINDEXEDPOLYGONALFACE((2134,226,2137,1040));
#733=IFCINDEXEDPOLYGONALFACE((239,2138,1041,2136));
#734=IFCINDEXEDPOLYGONALFACE((2138,43,2139,1041));
#735=IFCINDEXEDPOLYGONALFACE((225,2131,1041,2139));
#736=IFCINDEXEDPOLYGONALFACE((2131,141,2136,1041));
#737=IFCINDEXEDPOLYGONALFACE((30,2010,1042,2133));
#738=IFCINDEXEDPOLYGONALFACE((2010,212,2140,1042));
#739=IFCINDEXEDPOLYGONALFACE((142,2141,1042,2140));
#740=IFCINDEXEDPOLYGONALFACE((2141,226,2133,1042));
#741=IFCINDEXEDPOLYGONALFACE((212,2006,1043,2140));
#742=IFCINDEXEDPOLYGONALFACE((2006,31,2142,1043));
#743=IFCINDEXEDPOLYGONALFACE((227,2143,1043,2142));
#744=IFCINDEXEDPOLYGONALFACE((2143,142,2140,1043));
#745=IFCINDEXEDPOLYGONALFACE((45,2144,1044,2146));
#746=IFCINDEXEDPOLYGONALFACE((2144,240,2145,1044));
#747=IFCINDEXEDPOLYGONALFACE((142,2143,1044,2145));
#748=IFCINDEXEDPOLYGONALFACE((2143,227,2146,1044));
#749=IFCINDEXEDPOLYGONALFACE((240,2147,1045,2145));
#750=IFCINDEXEDPOLYGONALFACE((2147,44,2137,1045));
#751=IFCINDEXEDPOLYGONALFACE((226,2141,1045,2137));
#752=IFCINDEXEDPOLYGONALFACE((2141,142,2145,1045));
#753=IFCINDEXEDPOLYGONALFACE((31,2020,1046,2142));
#754=IFCINDEXEDPOLYGONALFACE((2020,213,2148,1046));
#755=IFCINDEXEDPOLYGONALFACE((143,2149,1046,2148));
#756=IFCINDEXEDPOLYGONALFACE((2149,227,2142,1046));
#757=IFCINDEXEDPOLYGONALFACE((213,2016,1047,2148));
#758=IFCINDEXEDPOLYGONALFACE((2016,32,2150,1047));
#759=IFCINDEXEDPOLYGONALFACE((228,2151,1047,2150));
#760=IFCINDEXEDPOLYGONALFACE((2151,143,2148,1047));
#761=IFCINDEXEDPOLYGONALFACE((46,2152,1048,2154));
#762=IFCINDEXEDPOLYGONALFACE((2152,241,2153,1048));
#763=IFCINDEXEDPOLYGONALFACE((143,2151,1048,2153));
#764=IFCINDEXEDPOLYGONALFACE((2151,228,2154,1048));
#765=IFCINDEXEDPOLYGONALFACE((241,2155,1049,2153));
#766=IFCINDEXEDPOLYGONALFACE((2155,45,2146,1049));
#767=IFCINDEXEDPOLYGONALFACE((227,2149,1049,2146));
#768=IFCINDEXEDPOLYGONALFACE((2149,143,2153,1049));
#769=IFCINDEXEDPOLYGONALFACE((32,2030,1050,2150));
#770=IFCINDEXEDPOLYGONALFACE((2030,214,2156,1050));
#771=IFCINDEXEDPOLYGONALFACE((144,2157,1050,2156));
#772=IFCINDEXEDPOLYGONALFACE((2157,228,2150,1050));
#773=IFCINDEXEDPOLYGONALFACE((214,2026,1051,2156));
#774=IFCINDEXEDPOLYGONALFACE((2026,33,2158,1051));
#775=IFCINDEXEDPOLYGONALFACE((229,2159,1051,2158));
#776=IFCINDEXEDPOLYGONALFACE((2159,144,2156,1051));
#777=IFCINDEXEDPOLYGONALFACE((47,2160,1052,2162));
#778=IFCINDEXEDPOLYGONALFACE((2160,242,2161,1052));
#779=IFCINDEXEDPOLYGONALFACE((144,2159,1052,2161));
#780=IFCINDEXEDPOLYGONALFACE((2159,229,2162,1052));
#781=IFCINDEXEDPOLYGONALFACE((242,2163,1053,2161));
#782=IFCINDEXEDPOLYGONALFACE((2163,46,2154,1053));
#783=IFCINDEXEDPOLYGONALFACE((228,2157,1053,2154));
#784=IFCINDEXEDPOLYGONALFACE((2157,144,2161,1053));
#785=IFCINDEXEDPOLYGONALFACE((33,2040,1054,2158));
#786=IFCINDEXEDPOLYGONALFACE((2040,215,2164,1054));
#787=IFCINDEXEDPOLYGONALFACE((145,2165,1054,2164));
#788=IFCINDEXEDPOLYGONALFACE((2165,229,2158,1054));
#789=IFCINDEXEDPOLYGONALFACE((215,2036,1055,2164));
#790=IFCINDEXEDPOLYGONALFACE((2036,34,2166,1055));
#791=IFCINDEXEDPOLYGONALFACE((230,2167,1055,2166));
#792=IFCINDEXEDPOLYGONALFACE((2167,145,2164,1055));
#793=IFCINDEXEDPOLYGONALFACE((48,2168,1056,2170));
#794=IFCINDEXEDPOLYGONALFACE((2168,243,2169,1056));
#795=IFCINDEXEDPOLYGONALFACE((145,2167,1056,2169));
#796=IFCINDEXEDPOLYGONALFACE((2167,230,2170,1056));
#797=IFCINDEXEDPOLYGONALFACE((243,2171,1057,2169));
#798=IFCINDEXEDPOLYGONALFACE((2171,47,2162,1057));
#799=IFCINDEXEDPOLYGONALFACE((229,2165,1057,2162));
#800=IFCINDEXEDPOLYGONALFACE((2165,145,2169,1057));
#801=IFCINDEXEDPOLYGONALFACE((34,2050,1058,2166));
#802=IFCINDEXEDPOLYGONALFACE((2050,216,2172,1058));
#803=IFCINDEXEDPOLYGONALFACE((146,2173,1058,2172));
#804=IFCINDEXEDPOLYGONALFACE((2173,230,2166,1058));
#805=IFCINDEXEDPOLYGONALFACE((216,2046,1059,2172));
#806=IFCINDEXEDPOLYGONALFACE((2046,35,2174,1059));
#807=IFCINDEXEDPOLYGONALFACE((231,2175,1059,2174));
#808=IFCINDEXEDPOLYGONALFACE((2175,146,2172,1059));
#809=IFCINDEXEDPOLYGONALFACE((49,2176,1060,2178));
#810=IFCINDEXEDPOLYGONALFACE((2176,244,2177,1060));
#811=IFCINDEXEDPOLYGONALFACE((146,2175,1060,2177));
#812=IFCINDEXEDPOLYGONALFACE((2175,231,2178,1060));
#813=IFCINDEXEDPOLYGONALFACE((244,2179,1061,2177));
#814=IFCINDEXEDPOLYGONALFACE((2179,48,2170,1061));
#815=IFCINDEXEDPOLYGONALFACE((230,2173,1061,2170));
#816=IFCINDEXEDPOLYGONALFACE((2173,146,2177,1061));
#817=IFCINDEXEDPOLYGONALFACE((35,2060,1062,2174));
#818=IFCINDEXEDPOLYGONALFACE((2060,217,2180,1062));
#819=IFCINDEXEDPOLYGONALFACE((147,2181,1062,2180));
#820=IFCINDEXEDPOLYGONALFACE((2181,231,2174,1062));
#821=IFCINDEXEDPOLYGONALFACE((217,2056,1063,2180));
#822=IFCINDEXEDPOLYGONALFACE((2056,36,2182,1063));
#823=IFCINDEXEDPOLYGONALFACE((232,2183,1063,2182));
#824=IFCINDEXEDPOLYGONALFACE((2183,147,2180,1063));
#825=IFCINDEXEDPOLYGONALFACE((50,2184,1064,2186));
#826=IFCINDEXEDPOLYGONALFACE((2184,245,2185,1064));
#827=IFCINDEXEDPOLYGONALFACE((147,2183,1064,2185));
#828=IFCINDEXEDPOLYGONALFACE((2183,232,2186,1064));
#829=IFCINDEXEDPOLYGONALFACE((245,2187,1065,2185));
#830=IFCINDEXEDPOLYGONALFACE((2187,49,2178,1065));
#831=IFCINDEXEDPOLYGONALFACE((231,2181,1065,2178));
#832=IFCINDEXEDPOLYGONALFACE((2181,147,2185,1065));
#833=IFCINDEXEDPOLYGONALFACE((36,2070,1066,2182));
#834=IFCINDEXEDPOLYGONALFACE((2070,218,2188,1066));
#835=IFCINDEXEDPOLYGONALFACE((148,2189,1066,2188));
#836=IFCINDEXEDPOLYGONALFACE((2189,232,2182,1066));
#837=IFCINDEXEDPOLYGONALFACE((218,2066,1067,2188));
#838=IFCINDEXEDPOLYGONALFACE((2066,37,2190,1067));
#839=IFCINDEXEDPOLYGONALFACE((233,2191,1067,2190));
#840=IFCINDEXEDPOLYGONALFACE((2191,148,2188,1067));
#841=IFCINDEXEDPOLYGONALFACE((51,2192,1068,2194));
#842=IFCINDEXEDPOLYGONALFACE((2192,246,2193,1068));
#843=IFCINDEXEDPOLYGONALFACE((148,2191,1068,2193));
#844=IFCINDEXEDPOLYGONALFACE((2191,233,2194,1068));
#845=IFCINDEXEDPOLYGONALFACE((246,2195,1069,2193));
#846=IFCINDEXEDPOLYGONALFACE((2195,50,2186,1069));
#847=IFCINDEXEDPOLYGONALFACE((232,2189,1069,2186));
#848=IFCINDEXEDPOLYGONALFACE((2189,148,2193,1069));
#849=IFCINDEXEDPOLYGONALFACE((37,2080,1070,2190));
#850=IFCINDEXEDPOLYGONALFACE((2080,219,2196,1070));
#851=IFCINDEXEDPOLYGONALFACE((149,2197,1070,2196));
#852=IFCINDEXEDPOLYGONALFACE((2197,233,2190,1070));
#853=IFCINDEXEDPOLYGONALFACE((219,2076,1071,2196));
#854=IFCINDEXEDPOLYGONALFACE((2076,38,2198,1071));
#855=IFCINDEXEDPOLYGONALFACE((234,2199,1071,2198));
#856=IFCINDEXEDPOLYGONALFACE((2199,149,2196,1071));
#857=IFCINDEXEDPOLYGONALFACE((52,2200,1072,2202));
#858=IFCINDEXEDPOLYGONALFACE((2200,247,2201,1072));
#859=IFCINDEXEDPOLYGONALFACE((149,2199,1072,2201));
#860=IFCINDEXEDPOLYGONALFACE((2199,234,2202,1072));
#861=IFCINDEXEDPOLYGONALFACE((247,2203,1073,2201));
#862=IFCINDEXEDPOLYGONALFACE((2203,51,2194,1073));
#863=IFCINDEXEDPOLYGONALFACE((233,2197,1073,2194));
#864=IFCINDEXEDPOLYGONALFACE((2197,149,2201,1073));
#865=IFCINDEXEDPOLYGONALFACE((38,2090,1074,2198));
#866=IFCINDEXEDPOLYGONALFACE((2090,220,2204,1074));
#867=IFCINDEXEDPOLYGONALFACE((150,2205,1074,2204));
#868=IFCINDEXEDPOLYGONALFACE((2205,234,2198,1074));
#869=IFCINDEXEDPOLYGONALFACE((220,2086,1075,2204));
#870=IFCINDEXEDPOLYGONALFACE((2086,39,2206,1075));
#871=IFCINDEXEDPOLYGONALFACE((235,2207,1075,2206));
#872=IFCINDEXEDPOLYGONALFACE((2207,150,2204,1075));
#873=IFCINDEXEDPOLYGONALFACE((53,2208,1076,2210));
#874=IFCINDEXEDPOLYGONALFACE((2208,248,2209,1076));
#875=IFCINDEXEDPOLYGONALFACE((150,2207,1076,2209));
#876=IFCINDEXEDPOLYGONALFACE((2207,235,2210,1076));
#877=IFCINDEXEDPOLYGONALFACE((248,2211,1077,2209));
#878=IFCINDEXEDPOLYGONALFACE((2211,52,2202,1077));
#879=IFCINDEXEDPOLYGONALFACE((234,2205,1077,2202));
#880=IFCINDEXEDPOLYGONALFACE((2205,150,2209,1077));
#881=IFCINDEXEDPOLYGONALFACE((39,2100,1078,2206));
#882=IFCINDEXEDPOLYGONALFACE((2100,221,2212,1078));
#883=IFCINDEXEDPOLYGONALFACE((151,2213,1078,2212));
#884=IFCINDEXEDPOLYGONALFACE((2213,235,2206,1078));
#885=IFCINDEXEDPOLYGONALFACE((221,2096,1079,2212));
#886=IFCINDEXEDPOLYGONALFACE((2096,40,2214,1079));
#887=IFCINDEXEDPOLYGONALFACE((236,2215,1079,2214));
#888=IFCINDEXEDPOLYGONALFACE((2215,151,2212,1079));
#889=IFCINDEXEDPOLYGONALFACE((54,2216,1080,2218));
#890=IFCINDEXEDPOLYGONALFACE((2216,249,2217,1080));
#891=IFCINDEXEDPOLYGONALFACE((151,2215,1080,2217));
#892=IFCINDEXEDPOLYGONALFACE((2215,236,2218,1080));
#893=IFCINDEXEDPOLYGONALFACE((249,2219,1081,2217));
#894=IFCINDEXEDPOLYGONALFACE((2219,53,2210,1081));
#895=IFCINDEXEDPOLYGONALFACE((235,2213,1081,2210));
#896=IFCINDEXEDPOLYGONALFACE((2213,151,2217,1081));
#897=IFCINDEXEDPOLYGONALFACE((40,2110,1082,2214));
#898=IFCINDEXEDPOLYGONALFACE((2110,222,2220,1082));
#899=IFCINDEXEDPOLYGONALFACE((152,2221,1082,2220));
#900=IFCINDEXEDPOLYGONALFACE((2221,236,2214,1082));
#901=IFCINDEXEDPOLYGONALFACE((222,2106,1083,2220));
#902=IFCINDEXEDPOLYGONALFACE((2106,41,2222,1083));
#903=IFCINDEXEDPOLYGONALFACE((237,2223,1083,2222));
#904=IFCINDEXEDPOLYGONALFACE((2223,152,2220,1083));
#905=IFCINDEXEDPOLYGONALFACE((55,2224,1084,2226));
#906=IFCINDEXEDPOLYGONALFACE((2224,250,2225,1084));
#907=IFCINDEXEDPOLYGONALFACE((152,2223,1084,2225));
#908=IFCINDEXEDPOLYGONALFACE((2223,237,2226,1084));
#909=IFCINDEXEDPOLYGONALFACE((250,2227,1085,2225));
#910=IFCINDEXEDPOLYGONALFACE((2227,54,2218,1085));
#911=IFCINDEXEDPOLYGONALFACE((236,2221,1085,2218));
#912=IFCINDEXEDPOLYGONALFACE((2221,152,2225,1085));
#913=IFCINDEXEDPOLYGONALFACE((41,2120,1086,2222));
#914=IFCINDEXEDPOLYGONALFACE((2120,223,2228,1086));
#915=IFCINDEXEDPOLYGONALFACE((153,2229,1086,2228));
#916=IFCINDEXEDPOLYGONALFACE((2229,237,2222,1086));
#917=IFCINDEXEDPOLYGONALFACE((223,2116,1087,2228));
#918=IFCINDEXEDPOLYGONALFACE((2116,42,2230,1087));
#919=IFCINDEXEDPOLYGONALFACE((238,2231,1087,2230));
#920=IFCINDEXEDPOLYGONALFACE((2231,153,2228,1087));
#921=IFCINDEXEDPOLYGONALFACE((56,2232,1088,2234));
#922=IFCINDEXEDPOLYGONALFACE((2232,251,2233,1088));
#923=IFCINDEXEDPOLYGONALFACE((153,2231,1088,2233));
#924=IFCINDEXEDPOLYGONALFACE((2231,238,2234,1088));
#925=IFCINDEXEDPOLYGONALFACE((251,2235,1089,2233));
#926=IFCINDEXEDPOLYGONALFACE((2235,55,2226,1089));
#927=IFCINDEXEDPOLYGONALFACE((237,2229,1089,2226));
#928=IFCINDEXEDPOLYGONALFACE((2229,153,2233,1089));
#929=IFCINDEXEDPOLYGONALFACE((42,2128,1090,2230));
#930=IFCINDEXEDPOLYGONALFACE((2128,224,2236,1090));
#931=IFCINDEXEDPOLYGONALFACE((154,2237,1090,2236));
#932=IFCINDEXEDPOLYGONALFACE((2237,238,2230,1090));
#933=IFCINDEXEDPOLYGONALFACE((224,2125,1091,2236));
#934=IFCINDEXEDPOLYGONALFACE((2125,29,2132,1091));
#935=IFCINDEXEDPOLYGONALFACE((225,2238,1091,2132));
#936=IFCINDEXEDPOLYGONALFACE((2238,154,2236,1091));
#937=IFCINDEXEDPOLYGONALFACE((43,2239,1092,2139));
#938=IFCINDEXEDPOLYGONALFACE((2239,252,2240,1092));
#939=IFCINDEXEDPOLYGONALFACE((154,2238,1092,2240));
#940=IFCINDEXEDPOLYGONALFACE((2238,225,2139,1092));
#941=IFCINDEXEDPOLYGONALFACE((252,2241,1093,2240));
#942=IFCINDEXEDPOLYGONALFACE((2241,56,2234,1093));
#943=IFCINDEXEDPOLYGONALFACE((238,2237,1093,2234));
#944=IFCINDEXEDPOLYGONALFACE((2237,154,2240,1093));
#945=IFCINDEXEDPOLYGONALFACE((43,2138,1094,2244));
#946=IFCINDEXEDPOLYGONALFACE((2138,239,2242,1094));
#947=IFCINDEXEDPOLYGONALFACE((253,2243,1094,2242));
#948=IFCINDEXEDPOLYGONALFACE((2243,57,2244,1094));
#949=IFCINDEXEDPOLYGONALFACE((239,2135,1095,2242));
#950=IFCINDEXEDPOLYGONALFACE((2135,44,2245,1095));
#951=IFCINDEXEDPOLYGONALFACE((58,2246,1095,2245));
#952=IFCINDEXEDPOLYGONALFACE((2246,253,2242,1095));
#953=IFCINDEXEDPOLYGONALFACE((44,2147,1096,2245));
#954=IFCINDEXEDPOLYGONALFACE((2147,240,2247,1096));
#955=IFCINDEXEDPOLYGONALFACE((254,2248,1096,2247));
#956=IFCINDEXEDPOLYGONALFACE((2248,58,2245,1096));
#957=IFCINDEXEDPOLYGONALFACE((240,2144,1097,2247));
#958=IFCINDEXEDPOLYGONALFACE((2144,45,2249,1097));
#959=IFCINDEXEDPOLYGONALFACE((59,2250,1097,2249));
#960=IFCINDEXEDPOLYGONALFACE((2250,254,2247,1097));
#961=IFCINDEXEDPOLYGONALFACE((45,2155,1098,2249));
#962=IFCINDEXEDPOLYGONALFACE((2155,241,2251,1098));
#963=IFCINDEXEDPOLYGONALFACE((255,2252,1098,2251));
#964=IFCINDEXEDPOLYGONALFACE((2252,59,2249,1098));
#965=IFCINDEXEDPOLYGONALFACE((241,2152,1099,2251));
#966=IFCINDEXEDPOLYGONALFACE((2152,46,2253,1099));
#967=IFCINDEXEDPOLYGONALFACE((60,2254,1099,2253));
#968=IFCINDEXEDPOLYGONALFACE((2254,255,2251,1099));
#969=IFCINDEXEDPOLYGONALFACE((46,2163,1100,2253));
#970=IFCINDEXEDPOLYGONALFACE((2163,242,2255,1100));
#971=IFCINDEXEDPOLYGONALFACE((256,2256,1100,2255));
#972=IFCINDEXEDPOLYGONALFACE((2256,60,2253,1100));
#973=IFCINDEXEDPOLYGONALFACE((242,2160,1101,2255));
#974=IFCINDEXEDPOLYGONALFACE((2160,47,2257,1101));
#975=IFCINDEXEDPOLYGONALFACE((61,2258,1101,2257));
#976=IFCINDEXEDPOLYGONALFACE((2258,256,2255,1101));
#977=IFCINDEXEDPOLYGONALFACE((47,2171,1102,2257));
#978=IFCINDEXEDPOLYGONALFACE((2171,243,2259,1102));
#979=IFCINDEXEDPOLYGONALFACE((257,2260,1102,2259));
#980=IFCINDEXEDPOLYGONALFACE((2260,61,2257,1102));
#981=IFCINDEXEDPOLYGONALFACE((243,2168,1103,2259));
#982=IFCINDEXEDPOLYGONALFACE((2168,48,2261,1103));
#983=IFCINDEXEDPOLYGONALFACE((62,2262,1103,2261));
#984=IFCINDEXEDPOLYGONALFACE((2262,257,2259,1103));
#985=IFCINDEXEDPOLYGONALFACE((48,2179,1104,2261));
#986=IFCINDEXEDPOLYGONALFACE((2179,244,2263,1104));
#987=IFCINDEXEDPOLYGONALFACE((258,2264,1104,2263));
#988=IFCINDEXEDPOLYGONALFACE((2264,62,2261,1104));
#989=IFCINDEXEDPOLYGONALFACE((244,2176,1105,2263));
#990=IFCINDEXEDPOLYGONALFACE((2176,49,2265,1105));
#991=IFCINDEXEDPOLYGONALFACE((63,2266,1105,2265));
#992=IFCINDEXEDPOLYGONALFACE((2266,258,2263,1105));
#993=IFCINDEXEDPOLYGONALFACE((49,2187,1106,2265));
#994=IFCINDEXEDPOLYGONALFACE((2187,245,2267,1106));
#995=IFCINDEXEDPOLYGONALFACE((259,2268,1106,2267));
#996=IFCINDEXEDPOLYGONALFACE((2268,63,2265,1106));
#997=IFCINDEXEDPOLYGONALFACE((245,2184,1107,2267));
#998=IFCINDEXEDPOLYGONALFACE((2184,50,2269,1107));
#999=IFCINDEXEDPOLYGONALFACE((64,2270,1107,2269));
#1000=IFCINDEXEDPOLYGONALFACE((2270,259,2267,1107));
#1001=IFCINDEXEDPOLYGONALFACE((50,2195,1108,2269));
#1002=IFCINDEXEDPOLYGONALFACE((2195,246,2271,1108));
#1003=IFCINDEXEDPOLYGONALFACE((260,2272,1108,2271));
#1004=IFCINDEXEDPOLYGONALFACE((2272,64,2269,1108));
#1005=IFCINDEXEDPOLYGONALFACE((246,2192,1109,2271));
#1006=IFCINDEXEDPOLYGONALFACE((2192,51,2273,1109));
#1007=IFCINDEXEDPOLYGONALFACE((65,2274,1109,2273));
#1008=IFCINDEXEDPOLYGONALFACE((2274,260,2271,1109));
#1009=IFCINDEXEDPOLYGONALFACE((51,2203,1110,2273));
#1010=IFCINDEXEDPOLYGONALFACE((2203,247,2275,1110));
#1011=IFCINDEXEDPOLYGONALFACE((261,2276,1110,2275));
#1012=IFCINDEXEDPOLYGONALFACE((2276,65,2273,1110));
#1013=IFCINDEXEDPOLYGONALFACE((247,2200,1111,2275));
#1014=IFCINDEXEDPOLYGONALFACE((2200,52,2277,1111));
#1015=IFCINDEXEDPOLYGONALFACE((66,2278,1111,2277));
#1016=IFCINDEXEDPOLYGONALFACE((2278,261,2275,1111));
#1017=IFCINDEXEDPOLYGONALFACE((52,2211,1112,2277));
#1018=IFCINDEXEDPOLYGONALFACE((2211,248,2279,1112));
#1019=IFCINDEXEDPOLYGONALFACE((262,2280,1112,2279));
#1020=IFCINDEXEDPOLYGONALFACE((2280,66,2277,1112));
#1021=IFCINDEXEDPOLYGONALFACE((248,2208,1113,2279));
#1022=IFCINDEXEDPOLYGONALFACE((2208,53,2281,1113));
#1023=IFCINDEXEDPOLYGONALFACE((67,2282,1113,2281));
#1024=IFCINDEXEDPOLYGONALFACE((2282,262,2279,1113));
#1025=IFCINDEXEDPOLYGONALFACE((53,2219,1114,2281));
#1026=IFCINDEXEDPOLYGONALFACE((2219,249,2283,1114));
#1027=IFCINDEXEDPOLYGONALFACE((263,2284,1114,2283));
#1028=IFCINDEXEDPOLYGONALFACE((2284,67,2281,1114));
#1029=IFCINDEXEDPOLYGONALFACE((249,2216,1115,2283));
#1030=IFCINDEXEDPOLYGONALFACE((2216,54,2285,1115));
#1031=IFCINDEXEDPOLYGONALFACE((68,2286,1115,2285));
#1032=IFCINDEXEDPOLYGONALFACE((2286,263,2283,1115));
#1033=IFCINDEXEDPOLYGONALFACE((54,2227,1116,2285));
#1034=IFCINDEXEDPOLYGONALFACE((2227,250,2287,1116));
#1035=IFCINDEXEDPOLYGONALFACE((264,2288,1116,2287));
#1036=IFCINDEXEDPOLYGONALFACE((2288,68,2285,1116));
#1037=IFCINDEXEDPOLYGONALFACE((250,2224,1117,2287));
#1038=IFCINDEXEDPOLYGONALFACE((2224,55,2289,1117));
#1039=IFCINDEXEDPOLYGONALFACE((69,2290,1117,2289));
#1040=IFCINDEXEDPOLYGONALFACE((2290,264,2287,1117));
#1041=IFCINDEXEDPOLYGONALFACE((55,2235,1118,2289));
#1042=IFCINDEXEDPOLYGONALFACE((2235,251,2291,1118));
#1043=IFCINDEXEDPOLYGONALFACE((265,2292,1118,2291));
#1044=IFCINDEXEDPOLYGONALFACE((2292,69,2289,1118));
#1045=IFCINDEXEDPOLYGONALFACE((251,2232,1119,2291));
#1046=IFCINDEXEDPOLYGONALFACE((2232,56,2293,1119));
#1047=IFCINDEXEDPOLYGONALFACE((70,2294,1119,2293));
#1048=IFCINDEXEDPOLYGONALFACE((2294,265,2291,1119));
#1049=IFCINDEXEDPOLYGONALFACE((56,2241,1120,2293));
#1050=IFCINDEXEDPOLYGONALFACE((2241,252,2295,1120));
#1051=IFCINDEXEDPOLYGONALFACE((266,2296,1120,2295));
#1052=IFCINDEXEDPOLYGONALFACE((2296,70,2293,1120));
#1053=IFCINDEXEDPOLYGONALFACE((252,2239,1121,2295));
#1054=IFCINDEXEDPOLYGONALFACE((2239,43,2244,1121));
#1055=IFCINDEXEDPOLYGONALFACE((57,2297,1121,2244));
#1056=IFCINDEXEDPOLYGONALFACE((2297,266,2295,1121));
#1057=IFCINDEXEDPOLYGONALFACE((57,2243,1122,2300));
#1058=IFCINDEXEDPOLYGONALFACE((2243,253,2298,1122));
#1059=IFCINDEXEDPOLYGONALFACE((703,2299,1122,2298));
#1060=IFCINDEXEDPOLYGONALFACE((2299,704,2300,1122));
#1061=IFCINDEXEDPOLYGONALFACE((253,2246,1123,2298));
#1062=IFCINDEXEDPOLYGONALFACE((2246,58,2301,1123));
#1063=IFCINDEXEDPOLYGONALFACE((707,2302,1123,2301));
#1064=IFCINDEXEDPOLYGONALFACE((2302,703,2298,1123));
#1065=IFCINDEXEDPOLYGONALFACE((58,2248,1124,2301));
#1066=IFCINDEXEDPOLYGONALFACE((2248,254,2303,1124));
#1067=IFCINDEXEDPOLYGONALFACE((709,2304,1124,2303));
#1068=IFCINDEXEDPOLYGONALFACE((2304,707,2301,1124));
#1069=IFCINDEXEDPOLYGONALFACE((254,2250,1125,2303));
#1070=IFCINDEXEDPOLYGONALFACE((2250,59,2305,1125));
#1071=IFCINDEXEDPOLYGONALFACE((711,2306,1125,2305));
#1072=IFCINDEXEDPOLYGONALFACE((2306,709,2303,1125));
#1073=IFCINDEXEDPOLYGONALFACE((59,2252,1126,2305));
#1074=IFCINDEXEDPOLYGONALFACE((2252,255,2307,1126));
#1075=IFCINDEXEDPOLYGONALFACE((713,2308,1126,2307));
#1076=IFCINDEXEDPOLYGONALFACE((2308,711,2305,1126));
#1077=IFCINDEXEDPOLYGONALFACE((255,2254,1127,2307));
#1078=IFCINDEXEDPOLYGONALFACE((2254,60,2309,1127));
#1079=IFCINDEXEDPOLYGONALFACE((715,2310,1127,2309));
#1080=IFCINDEXEDPOLYGONALFACE((2310,713,2307,1127));
#1081=IFCINDEXEDPOLYGONALFACE((60,2256,1128,2309));
#1082=IFCINDEXEDPOLYGONALFACE((2256,256,2311,1128));
#1083=IFCINDEXEDPOLYGONALFACE((717,2312,1128,2311));
#1084=IFCINDEXEDPOLYGONALFACE((2312,715,2309,1128));
#1085=IFCINDEXEDPOLYGONALFACE((256,2258,1129,2311));
#1086=IFCINDEXEDPOLYGONALFACE((2258,61,2313,1129));
#1087=IFCINDEXEDPOLYGONALFACE((719,2314,1129,2313));
#1088=IFCINDEXEDPOLYGONALFACE((2314,717,2311,1129));
#1089=IFCINDEXEDPOLYGONALFACE((61,2260,1130,2313));
#1090=IFCINDEXEDPOLYGONALFACE((2260,257,2315,1130));
#1091=IFCINDEXEDPOLYGONALFACE((721,2316,1130,2315));
#1092=IFCINDEXEDPOLYGONALFACE((2316,719,2313,1130));
#1093=IFCINDEXEDPOLYGONALFACE((257,2262,1131,2315));
#1094=IFCINDEXEDPOLYGONALFACE((2262,62,2317,1131));
#1095=IFCINDEXEDPOLYGONALFACE((723,2318,1131,2317));
#1096=IFCINDEXEDPOLYGONALFACE((2318,721,2315,1131));
#1097=IFCINDEXEDPOLYGONALFACE((62,2264,1132,2317));
#1098=IFCINDEXEDPOLYGONALFACE((2264,258,2319,1132));
#1099=IFCINDEXEDPOLYGONALFACE((725,2320,1132,2319));
#1100=IFCINDEXEDPOLYGONALFACE((2320,723,2317,1132));
#1101=IFCINDEXEDPOLYGONALFACE((258,2266,1133,2319));
#1102=IFCINDEXEDPOLYGONALFACE((2266,63,2321,1133));
#1103=IFCINDEXEDPOLYGONALFACE((727,2322,1133,2321));
#1104=IFCINDEXEDPOLYGONALFACE((2322,725,2319,1133));
#1105=IFCINDEXEDPOLYGONALFACE((63,2268,1134,2321));
#1106=IFCINDEXEDPOLYGONALFACE((2268,259,2323,1134));
#1107=IFCINDEXEDPOLYGONALFACE((729,2324,1134,2323));
#1108=IFCINDEXEDPOLYGONALFACE((2324,727,2321,1134));
#1109=IFCINDEXEDPOLYGONALFACE((259,2270,1135,2323));
#1110=IFCINDEXEDPOLYGONALFACE((2270,64,2325,1135));
#1111=IFCINDEXEDPOLYGONALFACE((731,2326,1135,2325));
#1112=IFCINDEXEDPOLYGONALFACE((2326,729,2323,1135));
#1113=IFCINDEXEDPOLYGONALFACE((64,2272,1136,2325));
#1114=IFCINDEXEDPOLYGONALFACE((2272,260,2327,1136));
#1115=IFCINDEXEDPOLYGONALFACE((733,2328,1136,2327));
#1116=IFCINDEXEDPOLYGONALFACE((2328,731,2325,1136));
#1117=IFCINDEXEDPOLYGONALFACE((260,2274,1137,2327));
#1118=IFCINDEXEDPOLYGONALFACE((2274,65,2329,1137));
#1119=IFCINDEXEDPOLYGONALFACE((735,2330,1137,2329));
#1120=IFCINDEXEDPOLYGONALFACE((2330,733,2327,1137));
#1121=IFCINDEXEDPOLYGONALFACE((65,2276,1138,2329));
#1122=IFCINDEXEDPOLYGONALFACE((2276,261,2331,1138));
#1123=IFCINDEXEDPOLYGONALFACE((737,2332,1138,2331));
#1124=IFCINDEXEDPOLYGONALFACE((2332,735,2329,1138));
#1125=IFCINDEXEDPOLYGONALFACE((261,2278,1139,2331));
#1126=IFCINDEXEDPOLYGONALFACE((2278,66,2333,1139));
#1127=IFCINDEXEDPOLYGONALFACE((739,2334,1139,2333));
#1128=IFCINDEXEDPOLYGONALFACE((2334,737,2331,1139));
#1129=IFCINDEXEDPOLYGONALFACE((66,2280,1140,2333));
#1130=IFCINDEXEDPOLYGONALFACE((2280,262,2335,1140));
#1131=IFCINDEXEDPOLYGONALFACE((741,2336,1140,2335));
#1132=IFCINDEXEDPOLYGONALFACE((2336,739,2333,1140));
#1133=IFCINDEXEDPOLYGONALFACE((262,2282,1141,2335));
#1134=IFCINDEXEDPOLYGONALFACE((2282,67,2337,1141));
#1135=IFCINDEXEDPOLYGONALFACE((743,2338,1141,2337));
#1136=IFCINDEXEDPOLYGONALFACE((2338,741,2335,1141));
#1137=IFCINDEXEDPOLYGONALFACE((67,2284,1142,2337));
#1138=IFCINDEXEDPOLYGONALFACE((2284,263,2339,1142));
#1139=IFCINDEXEDPOLYGONALFACE((745,2340,1142,2339));
#1140=IFCINDEXEDPOLYGONALFACE((2340,743,2337,1142));
#1141=IFCINDEXEDPOLYGONALFACE((263,2286,1143,2339));
#1142=IFCINDEXEDPOLYGONALFACE((2286,68,2341,1143));
#1143=IFCINDEXEDPOLYGONALFACE((747,2342,1143,2341));
#1144=IFCINDEXEDPOLYGONALFACE((2342,745,2339,1143));
#1145=IFCINDEXEDPOLYGONALFACE((68,2288,1144,2341));
#1146=IFCINDEXEDPOLYGONALFACE((2288,264,2343,1144));
#1147=IFCINDEXEDPOLYGONALFACE((749,2344,1144,2343));
#1148=IFCINDEXEDPOLYGONALFACE((2344,747,2341,1144));
#1149=IFCINDEXEDPOLYGONALFACE((264,2290,1145,2343));
#1150=IFCINDEXEDPOLYGONALFACE((2290,69,2345,1145));
#1151=IFCINDEXEDPOLYGONALFACE((751,2346,1145,2345));
#1152=IFCINDEXEDPOLYGONALFACE((2346,749,2343,1145));
#1153=IFCINDEXEDPOLYGONALFACE((69,2292,1146,2345));
#1154=IFCINDEXEDPOLYGONALFACE((2292,265,2347,1146));
#1155=IFCINDEXEDPOLYGONALFACE((753,2348,1146,2347));
#1156=IFCINDEXEDPOLYGONALFACE((2348,751,2345,1146));
#1157=IFCINDEXEDPOLYGONALFACE((265,2294,1147,2347));
#1158=IFCINDEXEDPOLYGONALFACE((2294,70,2349,1147));
#1159=IFCINDEXEDPOLYGONALFACE((755,2350,1147,2349));
#1160=IFCINDEXEDPOLYGONALFACE((2350,753,2347,1147));
#1161=IFCINDEXEDPOLYGONALFACE((70,2296,1148,2349));
#1162=IFCINDEXEDPOLYGONALFACE((2296,266,2351,1148));
#1163=IFCINDEXEDPOLYGONALFACE((757,2352,1148,2351));
#1164=IFCINDEXEDPOLYGONALFACE((2352,755,2349,1148));
#1165=IFCINDEXEDPOLYGONALFACE((266,2297,1149,2351));
#1166=IFCINDEXEDPOLYGONALFACE((2297,57,2300,1149));
#1167=IFCINDEXEDPOLYGONALFACE((704,2353,1149,2300));
#1168=IFCINDEXEDPOLYGONALFACE((2353,757,2351,1149));
#1169=IFCINDEXEDPOLYGONALFACE((705,2354,1150,2357));
#1170=IFCINDEXEDPOLYGONALFACE((2354,702,2355,1150));
#1171=IFCINDEXEDPOLYGONALFACE((267,2356,1150,2355));
#1172=IFCINDEXEDPOLYGONALFACE((2356,71,2357,1150));
#1173=IFCINDEXEDPOLYGONALFACE((702,2358,1151,2355));
#1174=IFCINDEXEDPOLYGONALFACE((2358,706,2359,1151));
#1175=IFCINDEXEDPOLYGONALFACE((72,2360,1151,2359));
#1176=IFCINDEXEDPOLYGONALFACE((2360,267,2355,1151));
#1177=IFCINDEXEDPOLYGONALFACE((706,2361,1152,2359));
#1178=IFCINDEXEDPOLYGONALFACE((2361,708,2362,1152));
#1179=IFCINDEXEDPOLYGONALFACE((268,2363,1152,2362));
#1180=IFCINDEXEDPOLYGONALFACE((2363,72,2359,1152));
#1181=IFCINDEXEDPOLYGONALFACE((708,2364,1153,2362));
#1182=IFCINDEXEDPOLYGONALFACE((2364,710,2365,1153));
#1183=IFCINDEXEDPOLYGONALFACE((73,2366,1153,2365));
#1184=IFCINDEXEDPOLYGONALFACE((2366,268,2362,1153));
#1185=IFCINDEXEDPOLYGONALFACE((710,2367,1154,2365));
#1186=IFCINDEXEDPOLYGONALFACE((2367,712,2368,1154));
#1187=IFCINDEXEDPOLYGONALFACE((269,2369,1154,2368));
#1188=IFCINDEXEDPOLYGONALFACE((2369,73,2365,1154));
#1189=IFCINDEXEDPOLYGONALFACE((712,2370,1155,2368));
#1190=IFCINDEXEDPOLYGONALFACE((2370,714,2371,1155));
#1191=IFCINDEXEDPOLYGONALFACE((74,2372,1155,2371));
#1192=IFCINDEXEDPOLYGONALFACE((2372,269,2368,1155));
#1193=IFCINDEXEDPOLYGONALFACE((714,2373,1156,2371));
#1194=IFCINDEXEDPOLYGONALFACE((2373,716,2374,1156));
#1195=IFCINDEXEDPOLYGONALFACE((270,2375,1156,2374));
#1196=IFCINDEXEDPOLYGONALFACE((2375,74,2371,1156));
#1197=IFCINDEXEDPOLYGONALFACE((716,2376,1157,2374));
#1198=IFCINDEXEDPOLYGONALFACE((2376,718,2377,1157));
#1199=IFCINDEXEDPOLYGONALFACE((75,2378,1157,2377));
#1200=IFCINDEXEDPOLYGONALFACE((2378,270,2374,1157));
#1201=IFCINDEXEDPOLYGONALFACE((718,2379,1158,2377));
#1202=IFCINDEXEDPOLYGONALFACE((2379,720,2380,1158));
#1203=IFCINDEXEDPOLYGONALFACE((271,2381,1158,2380));
#1204=IFCINDEXEDPOLYGONALFACE((2381,75,2377,1158));
#1205=IFCINDEXEDPOLYGONALFACE((720,2382,1159,2380));
#1206=IFCINDEXEDPOLYGONALFACE((2382,722,2383,1159));
#1207=IFCINDEXEDPOLYGONALFACE((76,2384,1159,2383));
#1208=IFCINDEXEDPOLYGONALFACE((2384,271,2380,1159));
#1209=IFCINDEXEDPOLYGONALFACE((722,2385,1160,2383));
#1210=IFCINDEXEDPOLYGONALFACE((2385,724,2386,1160));
#1211=IFCINDEXEDPOLYGONALFACE((272,2387,1160,2386));
#1212=IFCINDEXEDPOLYGONALFACE((2387,76,2383,1160));
#1213=IFCINDEXEDPOLYGONALFACE((724,2388,1161,2386));
#1214=IFCINDEXEDPOLYGONALFACE((2388,726,2389,1161));
#1215=IFCINDEXEDPOLYGONALFACE((77,2390,1161,2389));
#1216=IFCINDEXEDPOLYGONALFACE((2390,272,2386,1161));
#1217=IFCINDEXEDPOLYGONALFACE((726,2391,1162,2389));
#1218=IFCINDEXEDPOLYGONALFACE((2391,728,2392,1162));
#1219=IFCINDEXEDPOLYGONALFACE((273,2393,1162,2392));
#1220=IFCINDEXEDPOLYGONALFACE((2393,77,2389,1162));
#1221=IFCINDEXEDPOLYGONALFACE((728,2394,1163,2392));
#1222=IFCINDEXEDPOLYGONALFACE((2394,730,2395,1163));
#1223=IFCINDEXEDPOLYGONALFACE((78,2396,1163,2395));
#1224=IFCINDEXEDPOLYGONALFACE((2396,273,2392,1163));
#1225=IFCINDEXEDPOLYGONALFACE((730,2397,1164,2395));
#1226=IFCINDEXEDPOLYGONALFACE((2397,732,2398,1164));
#1227=IFCINDEXEDPOLYGONALFACE((274,2399,1164,2398));
#1228=IFCINDEXEDPOLYGONALFACE((2399,78,2395,1164));
#1229=IFCINDEXEDPOLYGONALFACE((732,2400,1165,2398));
#1230=IFCINDEXEDPOLYGONALFACE((2400,734,2401,1165));
#1231=IFCINDEXEDPOLYGONALFACE((79,2402,1165,2401));
#1232=IFCINDEXEDPOLYGONALFACE((2402,274,2398,1165));
#1233=IFCINDEXEDPOLYGONALFACE((734,2403,1166,2401));
#1234=IFCINDEXEDPOLYGONALFACE((2403,736,2404,1166));
#1235=IFCINDEXEDPOLYGONALFACE((275,2405,1166,2404));
#1236=IFCINDEXEDPOLYGONALFACE((2405,79,2401,1166));
#1237=IFCINDEXEDPOLYGONALFACE((736,2406,1167,2404));
#1238=IFCINDEXEDPOLYGONALFACE((2406,738,2407,1167));
#1239=IFCINDEXEDPOLYGONALFACE((80,2408,1167,2407));
#1240=IFCINDEXEDPOLYGONALFACE((2408,275,2404,1167));
#1241=IFCINDEXEDPOLYGONALFACE((738,2409,1168,2407));
#1242=IFCINDEXEDPOLYGONALFACE((2409,740,2410,1168));
#1243=IFCINDEXEDPOLYGONALFACE((276,2411,1168,2410));
#1244=IFCINDEXEDPOLYGONALFACE((2411,80,2407,1168));
#1245=IFCINDEXEDPOLYGONALFACE((740,2412,1169,2410));
#1246=IFCINDEXEDPOLYGONALFACE((2412,742,2413,1169));
#1247=IFCINDEXEDPOLYGONALFACE((81,2414,1169,2413));
#1248=IFCINDEXEDPOLYGONALFACE((2414,276,2410,1169));
#1249=IFCINDEXEDPOLYGONALFACE((742,2415,1170,2413));
#1250=IFCINDEXEDPOLYGONALFACE((2415,744,2416,1170));
#1251=IFCINDEXEDPOLYGONALFACE((277,2417,1170,2416));
#1252=IFCINDEXEDPOLYGONALFACE((2417,81,2413,1170));
#1253=IFCINDEXEDPOLYGONALFACE((744,2418,1171,2416));
#1254=IFCINDEXEDPOLYGONALFACE((2418,746,2419,1171));
#1255=IFCINDEXEDPOLYGONALFACE((82,2420,1171,2419));
#1256=IFCINDEXEDPOLYGONALFACE((2420,277,2416,1171));
#1257=IFCINDEXEDPOLYGONALFACE((746,2421,1172,2419));
#1258=IFCINDEXEDPOLYGONALFACE((2421,748,2422,1172));
#1259=IFCINDEXEDPOLYGONALFACE((278,2423,1172,2422));
#1260=IFCINDEXEDPOLYGONALFACE((2423,82,2419,1172));
#1261=IFCINDEXEDPOLYGONALFACE((748,2424,1173,2422));
#1262=IFCINDEXEDPOLYGONALFACE((2424,750,2425,1173));
#1263=IFCINDEXEDPOLYGONALFACE((83,2426,1173,2425));
#1264=IFCINDEXEDPOLYGONALFACE((2426,278,2422,1173));
#1265=IFCINDEXEDPOLYGONALFACE((750,2427,1174,2425));
#1266=IFCINDEXEDPOLYGONALFACE((2427,752,2428,1174));
#1267=IFCINDEXEDPOLYGONALFACE((279,2429,1174,2428));
#1268=IFCINDEXEDPOLYGONALFACE((2429,83,2425,1174));
#1269=IFCINDEXEDPOLYGONALFACE((752,2430,1175,2428));
#1270=IFCINDEXEDPOLYGONALFACE((2430,754,2431,1175));
#1271=IFCINDEXEDPOLYGONALFACE((84,2432,1175,2431));
#1272=IFCINDEXEDPOLYGONALFACE((2432,279,2428,1175));
#1273=IFCINDEXEDPOLYGONALFACE((754,2433,1176,2431));
#1274=IFCINDEXEDPOLYGONALFACE((2433,756,2434,1176));
#1275=IFCINDEXEDPOLYGONALFACE((280,2435,1176,2434));
#1276=IFCINDEXEDPOLYGONALFACE((2435,84,2431,1176));
#1277=IFCINDEXEDPOLYGONALFACE((756,2436,1177,2434));
#1278=IFCINDEXEDPOLYGONALFACE((2436,705,2357,1177));
#1279=IFCINDEXEDPOLYGONALFACE((71,2437,1177,2357));
#1280=IFCINDEXEDPOLYGONALFACE((2437,280,2434,1177));
#1281=IFCINDEXEDPOLYGONALFACE((71,2356,1178,2440));
#1282=IFCINDEXEDPOLYGONALFACE((2356,267,2438,1178));
#1283=IFCINDEXEDPOLYGONALFACE((281,2439,1178,2438));
#1284=IFCINDEXEDPOLYGONALFACE((2439,85,2440,1178));
#1285=IFCINDEXEDPOLYGONALFACE((267,2360,1179,2438));
#1286=IFCINDEXEDPOLYGONALFACE((2360,72,2441,1179));
#1287=IFCINDEXEDPOLYGONALFACE((86,2442,1179,2441));
#1288=IFCINDEXEDPOLYGONALFACE((2442,281,2438,1179));
#1289=IFCINDEXEDPOLYGONALFACE((72,2363,1180,2441));
#1290=IFCINDEXEDPOLYGONALFACE((2363,268,2443,1180));
#1291=IFCINDEXEDPOLYGONALFACE((282,2444,1180,2443));
#1292=IFCINDEXEDPOLYGONALFACE((2444,86,2441,1180));
#1293=IFCINDEXEDPOLYGONALFACE((268,2366,1181,2443));
#1294=IFCINDEXEDPOLYGONALFACE((2366,73,2445,1181));
#1295=IFCINDEXEDPOLYGONALFACE((87,2446,1181,2445));
#1296=IFCINDEXEDPOLYGONALFACE((2446,282,2443,1181));
#1297=IFCINDEXEDPOLYGONALFACE((73,2369,1182,2445));
#1298=IFCINDEXEDPOLYGONALFACE((2369,269,2447,1182));
#1299=IFCINDEXEDPOLYGONALFACE((283,2448,1182,2447));
#1300=IFCINDEXEDPOLYGONALFACE((2448,87,2445,1182));
#1301=IFCINDEXEDPOLYGONALFACE((269,2372,1183,2447));
#1302=IFCINDEXEDPOLYGONALFACE((2372,74,2449,1183));
#1303=IFCINDEXEDPOLYGONALFACE((88,2450,1183,2449));
#1304=IFCINDEXEDPOLYGONALFACE((2450,283,2447,1183));
#1305=IFCINDEXEDPOLYGONALFACE((74,2375,1184,2449));
#1306=IFCINDEXEDPOLYGONALFACE((2375,270,2451,1184));
#1307=IFCINDEXEDPOLYGONALFACE((284,2452,1184,2451));
#1308=IFCINDEXEDPOLYGONALFACE((2452,88,2449,1184));
#1309=IFCINDEXEDPOLYGONALFACE((270,2378,1185,2451));
#1310=IFCINDEXEDPOLYGONALFACE((2378,75,2453,1185));
#1311=IFCINDEXEDPOLYGONALFACE((89,2454,1185,2453));
#1312=IFCINDEXEDPOLYGONALFACE((2454,284,2451,1185));
#1313=IFCINDEXEDPOLYGONALFACE((75,2381,1186,2453));
#1314=IFCINDEXEDPOLYGONALFACE((2381,271,2455,1186));
#1315=IFCINDEXEDPOLYGONALFACE((285,2456,1186,2455));
#1316=IFCINDEXEDPOLYGONALFACE((2456,89,2453,1186));
#1317=IFCINDEXEDPOLYGONALFACE((271,2384,1187,2455));
#1318=IFCINDEXEDPOLYGONALFACE((2384,76,2457,1187));
#1319=IFCINDEXEDPOLYGONALFACE((90,2458,1187,2457));
#1320=IFCINDEXEDPOLYGONALFACE((2458,285,2455,1187));
#1321=IFCINDEXEDPOLYGONALFACE((76,2387,1188,2457));
#1322=IFCINDEXEDPOLYGONALFACE((2387,272,2459,1188));
#1323=IFCINDEXEDPOLYGONALFACE((286,2460,1188,2459));
#1324=IFCINDEXEDPOLYGONALFACE((2460,90,2457,1188));
#1325=IFCINDEXEDPOLYGONALFACE((272,2390,1189,2459));
#1326=IFCINDEXEDPOLYGONALFACE((2390,77,2461,1189));
#1327=IFCINDEXEDPOLYGONALFACE((91,2462,1189,2461));
#1328=IFCINDEXEDPOLYGONALFACE((2462,286,2459,1189));
#1329=IFCINDEXEDPOLYGONALFACE((77,2393,1190,2461));
#1330=IFCINDEXEDPOLYGONALFACE((2393,273,2463,1190));
#1331=IFCINDEXEDPOLYGONALFACE((287,2464,1190,2463));
#1332=IFCINDEXEDPOLYGONALFACE((2464,91,2461,1190));
#1333=IFCINDEXEDPOLYGONALFACE((273,2396,1191,2463));
#1334=IFCINDEXEDPOLYGONALFACE((2396,78,2465,1191));
#1335=IFCINDEXEDPOLYGONALFACE((92,2466,1191,2465));
#1336=IFCINDEXEDPOLYGONALFACE((2466,287,2463,1191));
#1337=IFCINDEXEDPOLYGONALFACE((78,2399,1192,2465));
#1338=IFCINDEXEDPOLYGONALFACE((2399,274,2467,1192));
#1339=IFCINDEXEDPOLYGONALFACE((288,2468,1192,2467));
#1340=IFCINDEXEDPOLYGONALFACE((2468,92,2465,1192));
#1341=IFCINDEXEDPOLYGONALFACE((274,2402,1193,2467));
#1342=IFCINDEXEDPOLYGONALFACE((2402,79,2469,1193));
#1343=IFCINDEXEDPOLYGONALFACE((93,2470,1193,2469));
#1344=IFCINDEXEDPOLYGONALFACE((2470,288,2467,1193));
#1345=IFCINDEXEDPOLYGONALFACE((79,2405,1194,2469));
#1346=IFCINDEXEDPOLYGONALFACE((2405,275,2471,1194));
#1347=IFCINDEXEDPOLYGONALFACE((289,2472,1194,2471));
#1348=IFCINDEXEDPOLYGONALFACE((2472,93,2469,1194));
#1349=IFCINDEXEDPOLYGONALFACE((275,2408,1195,2471));
#1350=IFCINDEXEDPOLYGONALFACE((2408,80,2473,1195));
#1351=IFCINDEXEDPOLYGONALFACE((94,2474,1195,2473));
#1352=IFCINDEXEDPOLYGONALFACE((2474,289,2471,1195));
#1353=IFCINDEXEDPOLYGONALFACE((80,2411,1196,2473));
#1354=IFCINDEXEDPOLYGONALFACE((2411,276,2475,1196));
#1355=IFCINDEXEDPOLYGONALFACE((290,2476,1196,2475));
#1356=IFCINDEXEDPOLYGONALFACE((2476,94,2473,1196));
#1357=IFCINDEXEDPOLYGONALFACE((276,2414,1197,2475));
#1358=IFCINDEXEDPOLYGONALFACE((2414,81,2477,1197));
#1359=IFCINDEXEDPOLYGONALFACE((95,2478,1197,2477));
#1360=IFCINDEXEDPOLYGONALFACE((2478,290,2475,1197));
#1361=IFCINDEXEDPOLYGONALFACE((81,2417,1198,2477));
#1362=IFCINDEXEDPOLYGONALFACE((2417,277,2479,1198));
#1363=IFCINDEXEDPOLYGONALFACE((291,2480,1198,2479));
#1364=IFCINDEXEDPOLYGONALFACE((2480,95,2477,1198));
#1365=IFCINDEXEDPOLYGONALFACE((277,2420,1199,2479));
#1366=IFCINDEXEDPOLYGONALFACE((2420,82,2481,1199));
#1367=IFCINDEXEDPOLYGONALFACE((96,2482,1199,2481));
#1368=IFCINDEXEDPOLYGONALFACE((2482,291,2479,1199));
#1369=IFCINDEXEDPOLYGONALFACE((82,2423,1200,2481));
#1370=IFCINDEXEDPOLYGONALFACE((2423,278,2483,1200));
#1371=IFCINDEXEDPOLYGONALFACE((292,2484,1200,2483));
#1372=IFCINDEXEDPOLYGONALFACE((2484,96,2481,1200));
#1373=IFCINDEXEDPOLYGONALFACE((278,2426,1201,2483));
#1374=IFCINDEXEDPOLYGONALFACE((2426,83,2485,1201));
#1375=IFCINDEXEDPOLYGONALFACE((97,2486,1201,2485));
#1376=IFCINDEXEDPOLYGONALFACE((2486,292,2483,1201));
#1377=IFCINDEXEDPOLYGONALFACE((83,2429,1202,2485));
#1378=IFCINDEXEDPOLYGONALFACE((2429,279,2487,1202));
#1379=IFCINDEXEDPOLYGONALFACE((293,2488,1202,2487));
#1380=IFCINDEXEDPOLYGONALFACE((2488,97,2485,1202));
#1381=IFCINDEXEDPOLYGONALFACE((279,2432,1203,2487));
#1382=IFCINDEXEDPOLYGONALFACE((2432,84,2489,1203));
#1383=IFCINDEXEDPOLYGONALFACE((98,2490,1203,2489));
#1384=IFCINDEXEDPOLYGONALFACE((2490,293,2487,1203));
#1385=IFCINDEXEDPOLYGONALFACE((84,2435,1204,2489));
#1386=IFCINDEXEDPOLYGONALFACE((2435,280,2491,1204));
#1387=IFCINDEXEDPOLYGONALFACE((294,2492,1204,2491));
#1388=IFCINDEXEDPOLYGONALFACE((2492,98,2489,1204));
#1389=IFCINDEXEDPOLYGONALFACE((280,2437,1205,2491));
#1390=IFCINDEXEDPOLYGONALFACE((2437,71,2440,1205));
#1391=IFCINDEXEDPOLYGONALFACE((85,2493,1205,2440));
#1392=IFCINDEXEDPOLYGONALFACE((2493,294,2491,1205));
#1393=IFCINDEXEDPOLYGONALFACE((85,2439,1206,2496));
#1394=IFCINDEXEDPOLYGONALFACE((2439,281,2494,1206));
#1395=IFCINDEXEDPOLYGONALFACE((295,2495,1206,2494));
#1396=IFCINDEXEDPOLYGONALFACE((2495,99,2496,1206));
#1397=IFCINDEXEDPOLYGONALFACE((281,2442,1207,2494));
#1398=IFCINDEXEDPOLYGONALFACE((2442,86,2497,1207));
#1399=IFCINDEXEDPOLYGONALFACE((100,2498,1207,2497));
#1400=IFCINDEXEDPOLYGONALFACE((2498,295,2494,1207));
#1401=IFCINDEXEDPOLYGONALFACE((86,2444,1208,2497));
#1402=IFCINDEXEDPOLYGONALFACE((2444,282,2499,1208));
#1403=IFCINDEXEDPOLYGONALFACE((296,2500,1208,2499));
#1404=IFCINDEXEDPOLYGONALFACE((2500,100,2497,1208));
#1405=IFCINDEXEDPOLYGONALFACE((282,2446,1209,2499));
#1406=IFCINDEXEDPOLYGONALFACE((2446,87,2501,1209));
#1407=IFCINDEXEDPOLYGONALFACE((101,2502,1209,2501));
#1408=IFCINDEXEDPOLYGONALFACE((2502,296,2499,1209));
#1409=IFCINDEXEDPOLYGONALFACE((87,2448,1210,2501));
#1410=IFCINDEXEDPOLYGONALFACE((2448,283,2503,1210));
#1411=IFCINDEXEDPOLYGONALFACE((297,2504,1210,2503));
#1412=IFCINDEXEDPOLYGONALFACE((2504,101,2501,1210));
#1413=IFCINDEXEDPOLYGONALFACE((283,2450,1211,2503));
#1414=IFCINDEXEDPOLYGONALFACE((2450,88,2505,1211));
#1415=IFCINDEXEDPOLYGONALFACE((102,2506,1211,2505));
#1416=IFCINDEXEDPOLYGONALFACE((2506,297,2503,1211));
#1417=IFCINDEXEDPOLYGONALFACE((88,2452,1212,2505));
#1418=IFCINDEXEDPOLYGONALFACE((2452,284,2507,1212));
#1419=IFCINDEXEDPOLYGONALFACE((298,2508,1212,2507));
#1420=IFCINDEXEDPOLYGONALFACE((2508,102,2505,1212));
#1421=IFCINDEXEDPOLYGONALFACE((284,2454,1213,2507));
#1422=IFCINDEXEDPOLYGONALFACE((2454,89,2509,1213));
#1423=IFCINDEXEDPOLYGONALFACE((103,2510,1213,2509));
#1424=IFCINDEXEDPOLYGONALFACE((2510,298,2507,1213));
#1425=IFCINDEXEDPOLYGONALFACE((89,2456,1214,2509));
#1426=IFCINDEXEDPOLYGONALFACE((2456,285,2511,1214));
#1427=IFCINDEXEDPOLYGONALFACE((299,2512,1214,2511));
#1428=IFCINDEXEDPOLYGONALFACE((2512,103,2509,1214));
#1429=IFCINDEXEDPOLYGONALFACE((285,2458,1215,2511));
#1430=IFCINDEXEDPOLYGONALFACE((2458,90,2513,1215));
#1431=IFCINDEXEDPOLYGONALFACE((104,2514,1215,2513));
#1432=IFCINDEXEDPOLYGONALFACE((2514,299,2511,1215));
#1433=IFCINDEXEDPOLYGONALFACE((90,2460,1216,2513));
#1434=IFCINDEXEDPOLYGONALFACE((2460,286,2515,1216));
#1435=IFCINDEXEDPOLYGONALFACE((300,2516,1216,2515));
#1436=IFCINDEXEDPOLYGONALFACE((2516,104,2513,1216));
#1437=IFCINDEXEDPOLYGONALFACE((286,2462,1217,2515));
#1438=IFCINDEXEDPOLYGONALFACE((2462,91,2517,1217));
#1439=IFCINDEXEDPOLYGONALFACE((105,2518,1217,2517));
#1440=IFCINDEXEDPOLYGONALFACE((2518,300,2515,1217));
#1441=IFCINDEXEDPOLYGONALFACE((91,2464,1218,2517));
#1442=IFCINDEXEDPOLYGONALFACE((2464,287,2519,1218));
#1443=IFCINDEXEDPOLYGONALFACE((301,2520,1218,2519));
#1444=IFCINDEXEDPOLYGONALFACE((2520,105,2517,1218));
#1445=IFCINDEXEDPOLYGONALFACE((287,2466,1219,2519));
#1446=IFCINDEXEDPOLYGONALFACE((2466,92,2521,1219));
#1447=IFCINDEXEDPOLYGONALFACE((106,2522,1219,2521));
#1448=IFCINDEXEDPOLYGONALFACE((2522,301,2519,1219));
#1449=IFCINDEXEDPOLYGONALFACE((92,2468,1220,2521));
#1450=IFCINDEXEDPOLYGONALFACE((2468,288,2523,1220));
#1451=IFCINDEXEDPOLYGONALFACE((302,2524,1220,2523));
#1452=IFCINDEXEDPOLYGONALFACE((2524,106,2521,1220));
#1453=IFCINDEXEDPOLYGONALFACE((288,2470,1221,2523));
#1454=IFCINDEXEDPOLYGONALFACE((2470,93,2525,1221));
#1455=IFCINDEXEDPOLYGONALFACE((107,2526,1221,2525));
#1456=IFCINDEXEDPOLYGONALFACE((2526,302,2523,1221));
#1457=IFCINDEXEDPOLYGONALFACE((93,2472,1222,2525));
#1458=IFCINDEXEDPOLYGONALFACE((2472,289,2527,1222));
#1459=IFCINDEXEDPOLYGONALFACE((303,2528,1222,2527));
#1460=IFCINDEXEDPOLYGONALFACE((2528,107,2525,1222));
#1461=IFCINDEXEDPOLYGONALFACE((289,2474,1223,2527));
#1462=IFCINDEXEDPOLYGONALFACE((2474,94,2529,1223));
#1463=IFCINDEXEDPOLYGONALFACE((108,2530,1223,2529));
#1464=IFCINDEXEDPOLYGONALFACE((2530,303,2527,1223));
#1465=IFCINDEXEDPOLYGONALFACE((94,2476,1224,2529));
#1466=IFCINDEXEDPOLYGONALFACE((2476,290,2531,1224));
#1467=IFCINDEXEDPOLYGONALFACE((304,2532,1224,2531));
#1468=IFCINDEXEDPOLYGONALFACE((2532,108,2529,1224));
#1469=IFCINDEXEDPOLYGONALFACE((290,2478,1225,2531));
#1470=IFCINDEXEDPOLYGONALFACE((2478,95,2533,1225));
#1471=IFCINDEXEDPOLYGONALFACE((109,2534,1225,2533));
#1472=IFCINDEXEDPOLYGONALFACE((2534,304,2531,1225));
#1473=IFCINDEXEDPOLYGONALFACE((95,2480,1226,2533));
#1474=IFCINDEXEDPOLYGONALFACE((2480,291,2535,1226));
#1475=IFCINDEXEDPOLYGONALFACE((305,2536,1226,2535));
#1476=IFCINDEXEDPOLYGONALFACE((2536,109,2533,1226));
#1477=IFCINDEXEDPOLYGONALFACE((291,2482,1227,2535));
#1478=IFCINDEXEDPOLYGONALFACE((2482,96,2537,1227));
#1479=IFCINDEXEDPOLYGONALFACE((110,2538,1227,2537));
#1480=IFCINDEXEDPOLYGONALFACE((2538,305,2535,1227));
#1481=IFCINDEXEDPOLYGONALFACE((96,2484,1228,2537));
#1482=IFCINDEXEDPOLYGONALFACE((2484,292,2539,1228));
#1483=IFCINDEXEDPOLYGONALFACE((306,2540,1228,2539));
#1484=IFCINDEXEDPOLYGONALFACE((2540,110,2537,1228));
#1485=IFCINDEXEDPOLYGONALFACE((292,2486,1229,2539));
#1486=IFCINDEXEDPOLYGONALFACE((2486,97,2541,1229));
#1487=IFCINDEXEDPOLYGONALFACE((111,2542,1229,2541));
#1488=IFCINDEXEDPOLYGONALFACE((2542,306,2539,1229));
#1489=IFCINDEXEDPOLYGONALFACE((97,2488,1230,2541));
#1490=IFCINDEXEDPOLYGONALFACE((2488,293,2543,1230));
#1491=IFCINDEXEDPOLYGONALFACE((307,2544,1230,2543));
#1492=IFCINDEXEDPOLYGONALFACE((2544,111,2541,1230));
#1493=IFCINDEXEDPOLYGONALFACE((293,2490,1231,2543));
#1494=IFCINDEXEDPOLYGONALFACE((2490,98,2545,1231));
#1495=IFCINDEXEDPOLYGONALFACE((112,2546,1231,2545));
#1496=IFCINDEXEDPOLYGONALFACE((2546,307,2543,1231));
#1497=IFCINDEXEDPOLYGONALFACE((98,2492,1232,2545));
#1498=IFCINDEXEDPOLYGONALFACE((2492,294,2547,1232));
#1499=IFCINDEXEDPOLYGONALFACE((308,2548,1232,2547));
#1500=IFCINDEXEDPOLYGONALFACE((2548,112,2545,1232));
#1501=IFCINDEXEDPOLYGONALFACE((294,2493,1233,2547));
#1502=IFCINDEXEDPOLYGONALFACE((2493,85,2496,1233));
#1503=IFCINDEXEDPOLYGONALFACE((99,2549,1233,2496));
#1504=IFCINDEXEDPOLYGONALFACE((2549,308,2547,1233));
#1505=IFCINDEXEDPOLYGONALFACE((99,2495,1234,2552));
#1506=IFCINDEXEDPOLYGONALFACE((2495,295,2550,1234));
#1507=IFCINDEXEDPOLYGONALFACE((480,2551,1234,2550));
#1508=IFCINDEXEDPOLYGONALFACE((2551,482,2552,1234));
#1509=IFCINDEXEDPOLYGONALFACE((295,2498,1235,2550));
#1510=IFCINDEXEDPOLYGONALFACE((2498,100,2553,1235));
#1511=IFCINDEXEDPOLYGONALFACE((479,2554,1235,2553));
#1512=IFCINDEXEDPOLYGONALFACE((2554,480,2550,1235));
#1513=IFCINDEXEDPOLYGONALFACE((100,2500,1236,2553));
#1514=IFCINDEXEDPOLYGONALFACE((2500,296,2555,1236));
#1515=IFCINDEXEDPOLYGONALFACE((486,2556,1236,2555));
#1516=IFCINDEXEDPOLYGONALFACE((2556,479,2553,1236));
#1517=IFCINDEXEDPOLYGONALFACE((296,2502,1237,2555));
#1518=IFCINDEXEDPOLYGONALFACE((2502,101,2557,1237));
#1519=IFCINDEXEDPOLYGONALFACE((485,2558,1237,2557));
#1520=IFCINDEXEDPOLYGONALFACE((2558,486,2555,1237));
#1521=IFCINDEXEDPOLYGONALFACE((101,2504,1238,2557));
#1522=IFCINDEXEDPOLYGONALFACE((2504,297,2559,1238));
#1523=IFCINDEXEDPOLYGONALFACE((490,2560,1238,2559));
#1524=IFCINDEXEDPOLYGONALFACE((2560,485,2557,1238));
#1525=IFCINDEXEDPOLYGONALFACE((297,2506,1239,2559));
#1526=IFCINDEXEDPOLYGONALFACE((2506,102,2561,1239));
#1527=IFCINDEXEDPOLYGONALFACE((489,2562,1239,2561));
#1528=IFCINDEXEDPOLYGONALFACE((2562,490,2559,1239));
#1529=IFCINDEXEDPOLYGONALFACE((102,2508,1240,2561));
#1530=IFCINDEXEDPOLYGONALFACE((2508,298,2563,1240));
#1531=IFCINDEXEDPOLYGONALFACE((494,2564,1240,2563));
#1532=IFCINDEXEDPOLYGONALFACE((2564,489,2561,1240));
#1533=IFCINDEXEDPOLYGONALFACE((298,2510,1241,2563));
#1534=IFCINDEXEDPOLYGONALFACE((2510,103,2565,1241));
#1535=IFCINDEXEDPOLYGONALFACE((493,2566,1241,2565));
#1536=IFCINDEXEDPOLYGONALFACE((2566,494,2563,1241));
#1537=IFCINDEXEDPOLYGONALFACE((103,2512,1242,2565));
#1538=IFCINDEXEDPOLYGONALFACE((2512,299,2567,1242));
#1539=IFCINDEXEDPOLYGONALFACE((498,2568,1242,2567));
#1540=IFCINDEXEDPOLYGONALFACE((2568,493,2565,1242));
#1541=IFCINDEXEDPOLYGONALFACE((299,2514,1243,2567));
#1542=IFCINDEXEDPOLYGONALFACE((2514,104,2569,1243));
#1543=IFCINDEXEDPOLYGONALFACE((497,2570,1243,2569));
#1544=IFCINDEXEDPOLYGONALFACE((2570,498,2567,1243));
#1545=IFCINDEXEDPOLYGONALFACE((104,2516,1244,2569));
#1546=IFCINDEXEDPOLYGONALFACE((2516,300,2571,1244));
#1547=IFCINDEXEDPOLYGONALFACE((502,2572,1244,2571));
#1548=IFCINDEXEDPOLYGONALFACE((2572,497,2569,1244));
#1549=IFCINDEXEDPOLYGONALFACE((300,2518,1245,2571));
#1550=IFCINDEXEDPOLYGONALFACE((2518,105,2573,1245));
#1551=IFCINDEXEDPOLYGONALFACE((501,2574,1245,2573));
#1552=IFCINDEXEDPOLYGONALFACE((2574,502,2571,1245));
#1553=IFCINDEXEDPOLYGONALFACE((105,2520,1246,2573));
#1554=IFCINDEXEDPOLYGONALFACE((2520,301,2575,1246));
#1555=IFCINDEXEDPOLYGONALFACE((506,2576,1246,2575));
#1556=IFCINDEXEDPOLYGONALFACE((2576,501,2573,1246));
#1557=IFCINDEXEDPOLYGONALFACE((301,2522,1247,2575));
#1558=IFCINDEXEDPOLYGONALFACE((2522,106,2577,1247));
#1559=IFCINDEXEDPOLYGONALFACE((505,2578,1247,2577));
#1560=IFCINDEXEDPOLYGONALFACE((2578,506,2575,1247));
#1561=IFCINDEXEDPOLYGONALFACE((106,2524,1248,2577));
#1562=IFCINDEXEDPOLYGONALFACE((2524,302,2579,1248));
#1563=IFCINDEXEDPOLYGONALFACE((510,2580,1248,2579));
#1564=IFCINDEXEDPOLYGONALFACE((2580,505,2577,1248));
#1565=IFCINDEXEDPOLYGONALFACE((302,2526,1249,2579));
#1566=IFCINDEXEDPOLYGONALFACE((2526,107,2581,1249));
#1567=IFCINDEXEDPOLYGONALFACE((509,2582,1249,2581));
#1568=IFCINDEXEDPOLYGONALFACE((2582,510,2579,1249));
#1569=IFCINDEXEDPOLYGONALFACE((107,2528,1250,2581));
#1570=IFCINDEXEDPOLYGONALFACE((2528,303,2583,1250));
#1571=IFCINDEXEDPOLYGONALFACE((514,2584,1250,2583));
#1572=IFCINDEXEDPOLYGONALFACE((2584,509,2581,1250));
#1573=IFCINDEXEDPOLYGONALFACE((303,2530,1251,2583));
#1574=IFCINDEXEDPOLYGONALFACE((2530,108,2585,1251));
#1575=IFCINDEXEDPOLYGONALFACE((513,2586,1251,2585));
#1576=IFCINDEXEDPOLYGONALFACE((2586,514,2583,1251));
#1577=IFCINDEXEDPOLYGONALFACE((108,2532,1252,2585));
#1578=IFCINDEXEDPOLYGONALFACE((2532,304,2587,1252));
#1579=IFCINDEXEDPOLYGONALFACE((518,2588,1252,2587));
#1580=IFCINDEXEDPOLYGONALFACE((2588,513,2585,1252));
#1581=IFCINDEXEDPOLYGONALFACE((304,2534,1253,2587));
#1582=IFCINDEXEDPOLYGONALFACE((2534,109,2589,1253));
#1583=IFCINDEXEDPOLYGONALFACE((517,2590,1253,2589));
#1584=IFCINDEXEDPOLYGONALFACE((2590,518,2587,1253));
#1585=IFCINDEXEDPOLYGONALFACE((109,2536,1254,2589));
#1586=IFCINDEXEDPOLYGONALFACE((2536,305,2591,1254));
#1587=IFCINDEXEDPOLYGONALFACE((522,2592,1254,2591));
#1588=IFCINDEXEDPOLYGONALFACE((2592,517,2589,1254));
#1589=IFCINDEXEDPOLYGONALFACE((305,2538,1255,2591));
#1590=IFCINDEXEDPOLYGONALFACE((2538,110,2593,1255));
#1591=IFCINDEXEDPOLYGONALFACE((521,2594,1255,2593));
#1592=IFCINDEXEDPOLYGONALFACE((2594,522,2591,1255));
#1593=IFCINDEXEDPOLYGONALFACE((110,2540,1256,2593));
#1594=IFCINDEXEDPOLYGONALFACE((2540,306,2595,1256));
#1595=IFCINDEXEDPOLYGONALFACE((526,2596,1256,2595));
#1596=IFCINDEXEDPOLYGONALFACE((2596,521,2593,1256));
#1597=IFCINDEXEDPOLYGONALFACE((306,2542,1257,2595));
#1598=IFCINDEXEDPOLYGONALFACE((2542,111,2597,1257));
#1599=IFCINDEXEDPOLYGONALFACE((525,2598,1257,2597));
#1600=IFCINDEXEDPOLYGONALFACE((2598,526,2595,1257));
#1601=IFCINDEXEDPOLYGONALFACE((111,2544,1258,2597));
#1602=IFCINDEXEDPOLYGONALFACE((2544,307,2599,1258));
#1603=IFCINDEXEDPOLYGONALFACE((530,2600,1258,2599));
#1604=IFCINDEXEDPOLYGONALFACE((2600,525,2597,1258));
#1605=IFCINDEXEDPOLYGONALFACE((307,2546,1259,2599));
#1606=IFCINDEXEDPOLYGONALFACE((2546,112,2601,1259));
#1607=IFCINDEXEDPOLYGONALFACE((529,2602,1259,2601));
#1608=IFCINDEXEDPOLYGONALFACE((2602,530,2599,1259));
#1609=IFCINDEXEDPOLYGONALFACE((112,2548,1260,2601));
#1610=IFCINDEXEDPOLYGONALFACE((2548,308,2603,1260));
#1611=IFCINDEXEDPOLYGONALFACE((532,2604,1260,2603));
#1612=IFCINDEXEDPOLYGONALFACE((2604,529,2601,1260));
#1613=IFCINDEXEDPOLYGONALFACE((308,2549,1261,2603));
#1614=IFCINDEXEDPOLYGONALFACE((2549,99,2552,1261));
#1615=IFCINDEXEDPOLYGONALFACE((482,2605,1261,2552));
#1616=IFCINDEXEDPOLYGONALFACE((2605,532,2603,1261));
#1617=IFCINDEXEDPOLYGONALFACE((481,2606,1262,2609));
#1618=IFCINDEXEDPOLYGONALFACE((2606,478,2607,1262));
#1619=IFCINDEXEDPOLYGONALFACE((535,2608,1262,2607));
#1620=IFCINDEXEDPOLYGONALFACE((2608,536,2609,1262));
#1621=IFCINDEXEDPOLYGONALFACE((483,2610,1263,2612));
#1622=IFCINDEXEDPOLYGONALFACE((2610,481,2609,1263));
#1623=IFCINDEXEDPOLYGONALFACE((536,2611,1263,2609));
#1624=IFCINDEXEDPOLYGONALFACE((2611,538,2612,1263));
#1625=IFCINDEXEDPOLYGONALFACE((487,2613,1264,2616));
#1626=IFCINDEXEDPOLYGONALFACE((2613,484,2614,1264));
#1627=IFCINDEXEDPOLYGONALFACE((541,2615,1264,2614));
#1628=IFCINDEXEDPOLYGONALFACE((2615,542,2616,1264));
#1629=IFCINDEXEDPOLYGONALFACE((478,2617,1265,2607));
#1630=IFCINDEXEDPOLYGONALFACE((2617,487,2616,1265));
#1631=IFCINDEXEDPOLYGONALFACE((542,2618,1265,2616));
#1632=IFCINDEXEDPOLYGONALFACE((2618,535,2607,1265));
#1633=IFCINDEXEDPOLYGONALFACE((491,2619,1266,2622));
#1634=IFCINDEXEDPOLYGONALFACE((2619,488,2620,1266));
#1635=IFCINDEXEDPOLYGONALFACE((545,2621,1266,2620));
#1636=IFCINDEXEDPOLYGONALFACE((2621,546,2622,1266));
#1637=IFCINDEXEDPOLYGONALFACE((484,2623,1267,2614));
#1638=IFCINDEXEDPOLYGONALFACE((2623,491,2622,1267));
#1639=IFCINDEXEDPOLYGONALFACE((546,2624,1267,2622));
#1640=IFCINDEXEDPOLYGONALFACE((2624,541,2614,1267));
#1641=IFCINDEXEDPOLYGONALFACE((495,2625,1268,2628));
#1642=IFCINDEXEDPOLYGONALFACE((2625,492,2626,1268));
#1643=IFCINDEXEDPOLYGONALFACE((549,2627,1268,2626));
#1644=IFCINDEXEDPOLYGONALFACE((2627,550,2628,1268));
#1645=IFCINDEXEDPOLYGONALFACE((488,2629,1269,2620));
#1646=IFCINDEXEDPOLYGONALFACE((2629,495,2628,1269));
#1647=IFCINDEXEDPOLYGONALFACE((550,2630,1269,2628));
#1648=IFCINDEXEDPOLYGONALFACE((2630,545,2620,1269));
#1649=IFCINDEXEDPOLYGONALFACE((499,2631,1270,2634));
#1650=IFCINDEXEDPOLYGONALFACE((2631,496,2632,1270));
#1651=IFCINDEXEDPOLYGONALFACE((553,2633,1270,2632));
#1652=IFCINDEXEDPOLYGONALFACE((2633,554,2634,1270));
#1653=IFCINDEXEDPOLYGONALFACE((492,2635,1271,2626));
#1654=IFCINDEXEDPOLYGONALFACE((2635,499,2634,1271));
#1655=IFCINDEXEDPOLYGONALFACE((554,2636,1271,2634));
#1656=IFCINDEXEDPOLYGONALFACE((2636,549,2626,1271));
#1657=IFCINDEXEDPOLYGONALFACE((503,2637,1272,2640));
#1658=IFCINDEXEDPOLYGONALFACE((2637,500,2638,1272));
#1659=IFCINDEXEDPOLYGONALFACE((557,2639,1272,2638));
#1660=IFCINDEXEDPOLYGONALFACE((2639,558,2640,1272));
#1661=IFCINDEXEDPOLYGONALFACE((496,2641,1273,2632));
#1662=IFCINDEXEDPOLYGONALFACE((2641,503,2640,1273));
#1663=IFCINDEXEDPOLYGONALFACE((558,2642,1273,2640));
#1664=IFCINDEXEDPOLYGONALFACE((2642,553,2632,1273));
#1665=IFCINDEXEDPOLYGONALFACE((507,2643,1274,2646));
#1666=IFCINDEXEDPOLYGONALFACE((2643,504,2644,1274));
#1667=IFCINDEXEDPOLYGONALFACE((561,2645,1274,2644));
#1668=IFCINDEXEDPOLYGONALFACE((2645,562,2646,1274));
#1669=IFCINDEXEDPOLYGONALFACE((500,2647,1275,2638));
#1670=IFCINDEXEDPOLYGONALFACE((2647,507,2646,1275));
#1671=IFCINDEXEDPOLYGONALFACE((562,2648,1275,2646));
#1672=IFCINDEXEDPOLYGONALFACE((2648,557,2638,1275));
#1673=IFCINDEXEDPOLYGONALFACE((511,2649,1276,2652));
#1674=IFCINDEXEDPOLYGONALFACE((2649,508,2650,1276));
#1675=IFCINDEXEDPOLYGONALFACE((565,2651,1276,2650));
#1676=IFCINDEXEDPOLYGONALFACE((2651,566,2652,1276));
#1677=IFCINDEXEDPOLYGONALFACE((504,2653,1277,2644));
#1678=IFCINDEXEDPOLYGONALFACE((2653,511,2652,1277));
#1679=IFCINDEXEDPOLYGONALFACE((566,2654,1277,2652));
#1680=IFCINDEXEDPOLYGONALFACE((2654,561,2644,1277));
#1681=IFCINDEXEDPOLYGONALFACE((515,2655,1278,2658));
#1682=IFCINDEXEDPOLYGONALFACE((2655,512,2656,1278));
#1683=IFCINDEXEDPOLYGONALFACE((569,2657,1278,2656));
#1684=IFCINDEXEDPOLYGONALFACE((2657,570,2658,1278));
#1685=IFCINDEXEDPOLYGONALFACE((508,2659,1279,2650));
#1686=IFCINDEXEDPOLYGONALFACE((2659,515,2658,1279));
#1687=IFCINDEXEDPOLYGONALFACE((570,2660,1279,2658));
#1688=IFCINDEXEDPOLYGONALFACE((2660,565,2650,1279));
#1689=IFCINDEXEDPOLYGONALFACE((519,2661,1280,2664));
#1690=IFCINDEXEDPOLYGONALFACE((2661,516,2662,1280));
#1691=IFCINDEXEDPOLYGONALFACE((573,2663,1280,2662));
#1692=IFCINDEXEDPOLYGONALFACE((2663,574,2664,1280));
#1693=IFCINDEXEDPOLYGONALFACE((512,2665,1281,2656));
#1694=IFCINDEXEDPOLYGONALFACE((2665,519,2664,1281));
#1695=IFCINDEXEDPOLYGONALFACE((574,2666,1281,2664));
#1696=IFCINDEXEDPOLYGONALFACE((2666,569,2656,1281));
#1697=IFCINDEXEDPOLYGONALFACE((523,2667,1282,2670));
#1698=IFCINDEXEDPOLYGONALFACE((2667,520,2668,1282));
#1699=IFCINDEXEDPOLYGONALFACE((577,2669,1282,2668));
#1700=IFCINDEXEDPOLYGONALFACE((2669,578,2670,1282));
#1701=IFCINDEXEDPOLYGONALFACE((516,2671,1283,2662));
#1702=IFCINDEXEDPOLYGONALFACE((2671,523,2670,1283));
#1703=IFCINDEXEDPOLYGONALFACE((578,2672,1283,2670));
#1704=IFCINDEXEDPOLYGONALFACE((2672,573,2662,1283));
#1705=IFCINDEXEDPOLYGONALFACE((527,2673,1284,2676));
#1706=IFCINDEXEDPOLYGONALFACE((2673,524,2674,1284));
#1707=IFCINDEXEDPOLYGONALFACE((581,2675,1284,2674));
#1708=IFCINDEXEDPOLYGONALFACE((2675,582,2676,1284));
#1709=IFCINDEXEDPOLYGONALFACE((520,2677,1285,2668));
#1710=IFCINDEXEDPOLYGONALFACE((2677,527,2676,1285));
#1711=IFCINDEXEDPOLYGONALFACE((582,2678,1285,2676));
#1712=IFCINDEXEDPOLYGONALFACE((2678,577,2668,1285));
#1713=IFCINDEXEDPOLYGONALFACE((531,2679,1286,2682));
#1714=IFCINDEXEDPOLYGONALFACE((2679,528,2680,1286));
#1715=IFCINDEXEDPOLYGONALFACE((585,2681,1286,2680));
#1716=IFCINDEXEDPOLYGONALFACE((2681,586,2682,1286));
#1717=IFCINDEXEDPOLYGONALFACE((524,2683,1287,2674));
#1718=IFCINDEXEDPOLYGONALFACE((2683,531,2682,1287));
#1719=IFCINDEXEDPOLYGONALFACE((586,2684,1287,2682));
#1720=IFCINDEXEDPOLYGONALFACE((2684,581,2674,1287));
#1721=IFCINDEXEDPOLYGONALFACE((533,2685,1288,2687));
#1722=IFCINDEXEDPOLYGONALFACE((2685,483,2612,1288));
#1723=IFCINDEXEDPOLYGONALFACE((538,2686,1288,2612));
#1724=IFCINDEXEDPOLYGONALFACE((2686,588,2687,1288));
#1725=IFCINDEXEDPOLYGONALFACE((528,2688,1289,2680));
#1726=IFCINDEXEDPOLYGONALFACE((2688,533,2687,1289));
#1727=IFCINDEXEDPOLYGONALFACE((588,2689,1289,2687));
#1728=IFCINDEXEDPOLYGONALFACE((2689,585,2680,1289));
#1729=IFCINDEXEDPOLYGONALFACE((537,2690,1290,2693));
#1730=IFCINDEXEDPOLYGONALFACE((2690,534,2691,1290));
#1731=IFCINDEXEDPOLYGONALFACE((338,2692,1290,2691));
#1732=IFCINDEXEDPOLYGONALFACE((2692,339,2693,1290));
#1733=IFCINDEXEDPOLYGONALFACE((539,2694,1291,2696));
#1734=IFCINDEXEDPOLYGONALFACE((2694,537,2693,1291));
#1735=IFCINDEXEDPOLYGONALFACE((339,2695,1291,2693));
#1736=IFCINDEXEDPOLYGONALFACE((2695,341,2696,1291));
#1737=IFCINDEXEDPOLYGONALFACE((543,2697,1292,2700));
#1738=IFCINDEXEDPOLYGONALFACE((2697,540,2698,1292));
#1739=IFCINDEXEDPOLYGONALFACE((344,2699,1292,2698));
#1740=IFCINDEXEDPOLYGONALFACE((2699,345,2700,1292));
#1741=IFCINDEXEDPOLYGONALFACE((534,2701,1293,2691));
#1742=IFCINDEXEDPOLYGONALFACE((2701,543,2700,1293));
#1743=IFCINDEXEDPOLYGONALFACE((345,2702,1293,2700));
#1744=IFCINDEXEDPOLYGONALFACE((2702,338,2691,1293));
#1745=IFCINDEXEDPOLYGONALFACE((547,2703,1294,2706));
#1746=IFCINDEXEDPOLYGONALFACE((2703,544,2704,1294));
#1747=IFCINDEXEDPOLYGONALFACE((348,2705,1294,2704));
#1748=IFCINDEXEDPOLYGONALFACE((2705,349,2706,1294));
#1749=IFCINDEXEDPOLYGONALFACE((540,2707,1295,2698));
#1750=IFCINDEXEDPOLYGONALFACE((2707,547,2706,1295));
#1751=IFCINDEXEDPOLYGONALFACE((349,2708,1295,2706));
#1752=IFCINDEXEDPOLYGONALFACE((2708,344,2698,1295));
#1753=IFCINDEXEDPOLYGONALFACE((551,2709,1296,2712));
#1754=IFCINDEXEDPOLYGONALFACE((2709,548,2710,1296));
#1755=IFCINDEXEDPOLYGONALFACE((352,2711,1296,2710));
#1756=IFCINDEXEDPOLYGONALFACE((2711,353,2712,1296));
#1757=IFCINDEXEDPOLYGONALFACE((544,2713,1297,2704));
#1758=IFCINDEXEDPOLYGONALFACE((2713,551,2712,1297));
#1759=IFCINDEXEDPOLYGONALFACE((353,2714,1297,2712));
#1760=IFCINDEXEDPOLYGONALFACE((2714,348,2704,1297));
#1761=IFCINDEXEDPOLYGONALFACE((555,2715,1298,2718));
#1762=IFCINDEXEDPOLYGONALFACE((2715,552,2716,1298));
#1763=IFCINDEXEDPOLYGONALFACE((356,2717,1298,2716));
#1764=IFCINDEXEDPOLYGONALFACE((2717,357,2718,1298));
#1765=IFCINDEXEDPOLYGONALFACE((548,2719,1299,2710));
#1766=IFCINDEXEDPOLYGONALFACE((2719,555,2718,1299));
#1767=IFCINDEXEDPOLYGONALFACE((357,2720,1299,2718));
#1768=IFCINDEXEDPOLYGONALFACE((2720,352,2710,1299));
#1769=IFCINDEXEDPOLYGONALFACE((559,2721,1300,2724));
#1770=IFCINDEXEDPOLYGONALFACE((2721,556,2722,1300));
#1771=IFCINDEXEDPOLYGONALFACE((360,2723,1300,2722));
#1772=IFCINDEXEDPOLYGONALFACE((2723,361,2724,1300));
#1773=IFCINDEXEDPOLYGONALFACE((552,2725,1301,2716));
#1774=IFCINDEXEDPOLYGONALFACE((2725,559,2724,1301));
#1775=IFCINDEXEDPOLYGONALFACE((361,2726,1301,2724));
#1776=IFCINDEXEDPOLYGONALFACE((2726,356,2716,1301));
#1777=IFCINDEXEDPOLYGONALFACE((563,2727,1302,2730));
#1778=IFCINDEXEDPOLYGONALFACE((2727,560,2728,1302));
#1779=IFCINDEXEDPOLYGONALFACE((364,2729,1302,2728));
#1780=IFCINDEXEDPOLYGONALFACE((2729,365,2730,1302));
#1781=IFCINDEXEDPOLYGONALFACE((556,2731,1303,2722));
#1782=IFCINDEXEDPOLYGONALFACE((2731,563,2730,1303));
#1783=IFCINDEXEDPOLYGONALFACE((365,2732,1303,2730));
#1784=IFCINDEXEDPOLYGONALFACE((2732,360,2722,1303));
#1785=IFCINDEXEDPOLYGONALFACE((567,2733,1304,2736));
#1786=IFCINDEXEDPOLYGONALFACE((2733,564,2734,1304));
#1787=IFCINDEXEDPOLYGONALFACE((368,2735,1304,2734));
#1788=IFCINDEXEDPOLYGONALFACE((2735,369,2736,1304));
#1789=IFCINDEXEDPOLYGONALFACE((560,2737,1305,2728));
#1790=IFCINDEXEDPOLYGONALFACE((2737,567,2736,1305));
#1791=IFCINDEXEDPOLYGONALFACE((369,2738,1305,2736));
#1792=IFCINDEXEDPOLYGONALFACE((2738,364,2728,1305));
#1793=IFCINDEXEDPOLYGONALFACE((571,2739,1306,2742));
#1794=IFCINDEXEDPOLYGONALFACE((2739,568,2740,1306));
#1795=IFCINDEXEDPOLYGONALFACE((372,2741,1306,2740));
#1796=IFCINDEXEDPOLYGONALFACE((2741,373,2742,1306));
#1797=IFCINDEXEDPOLYGONALFACE((564,2743,1307,2734));
#1798=IFCINDEXEDPOLYGONALFACE((2743,571,2742,1307));
#1799=IFCINDEXEDPOLYGONALFACE((373,2744,1307,2742));
#1800=IFCINDEXEDPOLYGONALFACE((2744,368,2734,1307));
#1801=IFCINDEXEDPOLYGONALFACE((575,2745,1308,2748));
#1802=IFCINDEXEDPOLYGONALFACE((2745,572,2746,1308));
#1803=IFCINDEXEDPOLYGONALFACE((376,2747,1308,2746));
#1804=IFCINDEXEDPOLYGONALFACE((2747,377,2748,1308));
#1805=IFCINDEXEDPOLYGONALFACE((568,2749,1309,2740));
#1806=IFCINDEXEDPOLYGONALFACE((2749,575,2748,1309));
#1807=IFCINDEXEDPOLYGONALFACE((377,2750,1309,2748));
#1808=IFCINDEXEDPOLYGONALFACE((2750,372,2740,1309));
#1809=IFCINDEXEDPOLYGONALFACE((579,2751,1310,2754));
#1810=IFCINDEXEDPOLYGONALFACE((2751,576,2752,1310));
#1811=IFCINDEXEDPOLYGONALFACE((380,2753,1310,2752));
#1812=IFCINDEXEDPOLYGONALFACE((2753,381,2754,1310));
#1813=IFCINDEXEDPOLYGONALFACE((572,2755,1311,2746));
#1814=IFCINDEXEDPOLYGONALFACE((2755,579,2754,1311));
#1815=IFCINDEXEDPOLYGONALFACE((381,2756,1311,2754));
#1816=IFCINDEXEDPOLYGONALFACE((2756,376,2746,1311));
#1817=IFCINDEXEDPOLYGONALFACE((583,2757,1312,2760));
#1818=IFCINDEXEDPOLYGONALFACE((2757,580,2758,1312));
#1819=IFCINDEXEDPOLYGONALFACE((384,2759,1312,2758));
#1820=IFCINDEXEDPOLYGONALFACE((2759,385,2760,1312));
#1821=IFCINDEXEDPOLYGONALFACE((576,2761,1313,2752));
#1822=IFCINDEXEDPOLYGONALFACE((2761,583,2760,1313));
#1823=IFCINDEXEDPOLYGONALFACE((385,2762,1313,2760));
#1824=IFCINDEXEDPOLYGONALFACE((2762,380,2752,1313));
#1825=IFCINDEXEDPOLYGONALFACE((587,2763,1314,2766));
#1826=IFCINDEXEDPOLYGONALFACE((2763,584,2764,1314));
#1827=IFCINDEXEDPOLYGONALFACE((388,2765,1314,2764));
#1828=IFCINDEXEDPOLYGONALFACE((2765,389,2766,1314));
#1829=IFCINDEXEDPOLYGONALFACE((580,2767,1315,2758));
#1830=IFCINDEXEDPOLYGONALFACE((2767,587,2766,1315));
#1831=IFCINDEXEDPOLYGONALFACE((389,2768,1315,2766));
#1832=IFCINDEXEDPOLYGONALFACE((2768,384,2758,1315));
#1833=IFCINDEXEDPOLYGONALFACE((589,2769,1316,2771));
#1834=IFCINDEXEDPOLYGONALFACE((2769,539,2696,1316));
#1835=IFCINDEXEDPOLYGONALFACE((341,2770,1316,2696));
#1836=IFCINDEXEDPOLYGONALFACE((2770,391,2771,1316));
#1837=IFCINDEXEDPOLYGONALFACE((584,2772,1317,2764));
#1838=IFCINDEXEDPOLYGONALFACE((2772,589,2771,1317));
#1839=IFCINDEXEDPOLYGONALFACE((391,2773,1317,2771));
#1840=IFCINDEXEDPOLYGONALFACE((2773,388,2764,1317));
#1841=IFCINDEXEDPOLYGONALFACE((340,2774,1318,2777));
#1842=IFCINDEXEDPOLYGONALFACE((2774,337,2775,1318));
#1843=IFCINDEXEDPOLYGONALFACE((310,2776,1318,2775));
#1844=IFCINDEXEDPOLYGONALFACE((2776,323,2777,1318));
#1845=IFCINDEXEDPOLYGONALFACE((342,2778,1319,2780));
#1846=IFCINDEXEDPOLYGONALFACE((2778,340,2777,1319));
#1847=IFCINDEXEDPOLYGONALFACE((323,2779,1319,2777));
#1848=IFCINDEXEDPOLYGONALFACE((2779,309,2780,1319));
#1849=IFCINDEXEDPOLYGONALFACE((346,2781,1320,2784));
#1850=IFCINDEXEDPOLYGONALFACE((2781,343,2782,1320));
#1851=IFCINDEXEDPOLYGONALFACE((311,2783,1320,2782));
#1852=IFCINDEXEDPOLYGONALFACE((2783,324,2784,1320));
#1853=IFCINDEXEDPOLYGONALFACE((337,2785,1321,2775));
#1854=IFCINDEXEDPOLYGONALFACE((2785,346,2784,1321));
#1855=IFCINDEXEDPOLYGONALFACE((324,2786,1321,2784));
#1856=IFCINDEXEDPOLYGONALFACE((2786,310,2775,1321));
#1857=IFCINDEXEDPOLYGONALFACE((350,2787,1322,2790));
#1858=IFCINDEXEDPOLYGONALFACE((2787,347,2788,1322));
#1859=IFCINDEXEDPOLYGONALFACE((312,2789,1322,2788));
#1860=IFCINDEXEDPOLYGONALFACE((2789,325,2790,1322));
#1861=IFCINDEXEDPOLYGONALFACE((343,2791,1323,2782));
#1862=IFCINDEXEDPOLYGONALFACE((2791,350,2790,1323));
#1863=IFCINDEXEDPOLYGONALFACE((325,2792,1323,2790));
#1864=IFCINDEXEDPOLYGONALFACE((2792,311,2782,1323));
#1865=IFCINDEXEDPOLYGONALFACE((354,2793,1324,2796));
#1866=IFCINDEXEDPOLYGONALFACE((2793,351,2794,1324));
#1867=IFCINDEXEDPOLYGONALFACE((313,2795,1324,2794));
#1868=IFCINDEXEDPOLYGONALFACE((2795,326,2796,1324));
#1869=IFCINDEXEDPOLYGONALFACE((347,2797,1325,2788));
#1870=IFCINDEXEDPOLYGONALFACE((2797,354,2796,1325));
#1871=IFCINDEXEDPOLYGONALFACE((326,2798,1325,2796));
#1872=IFCINDEXEDPOLYGONALFACE((2798,312,2788,1325));
#1873=IFCINDEXEDPOLYGONALFACE((358,2799,1326,2802));
#1874=IFCINDEXEDPOLYGONALFACE((2799,355,2800,1326));
#1875=IFCINDEXEDPOLYGONALFACE((314,2801,1326,2800));
#1876=IFCINDEXEDPOLYGONALFACE((2801,327,2802,1326));
#1877=IFCINDEXEDPOLYGONALFACE((351,2803,1327,2794));
#1878=IFCINDEXEDPOLYGONALFACE((2803,358,2802,1327));
#1879=IFCINDEXEDPOLYGONALFACE((327,2804,1327,2802));
#1880=IFCINDEXEDPOLYGONALFACE((2804,313,2794,1327));
#1881=IFCINDEXEDPOLYGONALFACE((362,2805,1328,2808));
#1882=IFCINDEXEDPOLYGONALFACE((2805,359,2806,1328));
#1883=IFCINDEXEDPOLYGONALFACE((315,2807,1328,2806));
#1884=IFCINDEXEDPOLYGONALFACE((2807,328,2808,1328));
#1885=IFCINDEXEDPOLYGONALFACE((355,2809,1329,2800));
#1886=IFCINDEXEDPOLYGONALFACE((2809,362,2808,1329));
#1887=IFCINDEXEDPOLYGONALFACE((328,2810,1329,2808));
#1888=IFCINDEXEDPOLYGONALFACE((2810,314,2800,1329));
#1889=IFCINDEXEDPOLYGONALFACE((366,2811,1330,2814));
#1890=IFCINDEXEDPOLYGONALFACE((2811,363,2812,1330));
#1891=IFCINDEXEDPOLYGONALFACE((316,2813,1330,2812));
#1892=IFCINDEXEDPOLYGONALFACE((2813,329,2814,1330));
#1893=IFCINDEXEDPOLYGONALFACE((359,2815,1331,2806));
#1894=IFCINDEXEDPOLYGONALFACE((2815,366,2814,1331));
#1895=IFCINDEXEDPOLYGONALFACE((329,2816,1331,2814));
#1896=IFCINDEXEDPOLYGONALFACE((2816,315,2806,1331));
#1897=IFCINDEXEDPOLYGONALFACE((370,2817,1332,2820));
#1898=IFCINDEXEDPOLYGONALFACE((2817,367,2818,1332));
#1899=IFCINDEXEDPOLYGONALFACE((317,2819,1332,2818));
#1900=IFCINDEXEDPOLYGONALFACE((2819,330,2820,1332));
#1901=IFCINDEXEDPOLYGONALFACE((363,2821,1333,2812));
#1902=IFCINDEXEDPOLYGONALFACE((2821,370,2820,1333));
#1903=IFCINDEXEDPOLYGONALFACE((330,2822,1333,2820));
#1904=IFCINDEXEDPOLYGONALFACE((2822,316,2812,1333));
#1905=IFCINDEXEDPOLYGONALFACE((374,2823,1334,2826));
#1906=IFCINDEXEDPOLYGONALFACE((2823,371,2824,1334));
#1907=IFCINDEXEDPOLYGONALFACE((318,2825,1334,2824));
#1908=IFCINDEXEDPOLYGONALFACE((2825,331,2826,1334));
#1909=IFCINDEXEDPOLYGONALFACE((367,2827,1335,2818));
#1910=IFCINDEXEDPOLYGONALFACE((2827,374,2826,1335));
#1911=IFCINDEXEDPOLYGONALFACE((331,2828,1335,2826));
#1912=IFCINDEXEDPOLYGONALFACE((2828,317,2818,1335));
#1913=IFCINDEXEDPOLYGONALFACE((378,2829,1336,2832));
#1914=IFCINDEXEDPOLYGONALFACE((2829,375,2830,1336));
#1915=IFCINDEXEDPOLYGONALFACE((319,2831,1336,2830));
#1916=IFCINDEXEDPOLYGONALFACE((2831,332,2832,1336));
#1917=IFCINDEXEDPOLYGONALFACE((371,2833,1337,2824));
#1918=IFCINDEXEDPOLYGONALFACE((2833,378,2832,1337));
#1919=IFCINDEXEDPOLYGONALFACE((332,2834,1337,2832));
#1920=IFCINDEXEDPOLYGONALFACE((2834,318,2824,1337));
#1921=IFCINDEXEDPOLYGONALFACE((382,2835,1338,2838));
#1922=IFCINDEXEDPOLYGONALFACE((2835,379,2836,1338));
#1923=IFCINDEXEDPOLYGONALFACE((320,2837,1338,2836));
#1924=IFCINDEXEDPOLYGONALFACE((2837,333,2838,1338));
#1925=IFCINDEXEDPOLYGONALFACE((375,2839,1339,2830));
#1926=IFCINDEXEDPOLYGONALFACE((2839,382,2838,1339));
#1927=IFCINDEXEDPOLYGONALFACE((333,2840,1339,2838));
#1928=IFCINDEXEDPOLYGONALFACE((2840,319,2830,1339));
#1929=IFCINDEXEDPOLYGONALFACE((386,2841,1340,2844));
#1930=IFCINDEXEDPOLYGONALFACE((2841,383,2842,1340));
#1931=IFCINDEXEDPOLYGONALFACE((321,2843,1340,2842));
#1932=IFCINDEXEDPOLYGONALFACE((2843,334,2844,1340));
#1933=IFCINDEXEDPOLYGONALFACE((379,2845,1341,2836));
#1934=IFCINDEXEDPOLYGONALFACE((2845,386,2844,1341));
#1935=IFCINDEXEDPOLYGONALFACE((334,2846,1341,2844));
#1936=IFCINDEXEDPOLYGONALFACE((2846,320,2836,1341));
#1937=IFCINDEXEDPOLYGONALFACE((390,2847,1342,2850));
#1938=IFCINDEXEDPOLYGONALFACE((2847,387,2848,1342));
#1939=IFCINDEXEDPOLYGONALFACE((322,2849,1342,2848));
#1940=IFCINDEXEDPOLYGONALFACE((2849,335,2850,1342));
#1941=IFCINDEXEDPOLYGONALFACE((383,2851,1343,2842));
#1942=IFCINDEXEDPOLYGONALFACE((2851,390,2850,1343));
#1943=IFCINDEXEDPOLYGONALFACE((335,2852,1343,2850));
#1944=IFCINDEXEDPOLYGONALFACE((2852,321,2842,1343));
#1945=IFCINDEXEDPOLYGONALFACE((392,2853,1344,2855));
#1946=IFCINDEXEDPOLYGONALFACE((2853,342,2780,1344));
#1947=IFCINDEXEDPOLYGONALFACE((309,2854,1344,2780));
#1948=IFCINDEXEDPOLYGONALFACE((2854,336,2855,1344));
#1949=IFCINDEXEDPOLYGONALFACE((387,2856,1345,2848));
#1950=IFCINDEXEDPOLYGONALFACE((2856,392,2855,1345));
#1951=IFCINDEXEDPOLYGONALFACE((336,2857,1345,2855));
#1952=IFCINDEXEDPOLYGONALFACE((2857,322,2848,1345));
#1953=IFCINDEXEDPOLYGONALFACE((2692,2860,339));
#1954=IFCINDEXEDPOLYGONALFACE((338,1346,2692));
#1955=IFCINDEXEDPOLYGONALFACE((2859,2858,759));
#1956=IFCINDEXEDPOLYGONALFACE((760,1346,2859));
#1957=IFCINDEXEDPOLYGONALFACE((761,2861,1347,2864));
#1958=IFCINDEXEDPOLYGONALFACE((2861,758,2862,1347));
#1959=IFCINDEXEDPOLYGONALFACE((763,2863,1347,2862));
#1960=IFCINDEXEDPOLYGONALFACE((2863,764,2864,1347));
#1961=IFCINDEXEDPOLYGONALFACE((2695,2866,341));
#1962=IFCINDEXEDPOLYGONALFACE((339,1348,2695));
#1963=IFCINDEXEDPOLYGONALFACE((2865,2860,760));
#1964=IFCINDEXEDPOLYGONALFACE((766,1348,2865));
#1965=IFCINDEXEDPOLYGONALFACE((767,2867,1349,2869));
#1966=IFCINDEXEDPOLYGONALFACE((2867,761,2864,1349));
#1967=IFCINDEXEDPOLYGONALFACE((764,2868,1349,2864));
#1968=IFCINDEXEDPOLYGONALFACE((2868,768,2869,1349));
#1969=IFCINDEXEDPOLYGONALFACE((2699,2872,345));
#1970=IFCINDEXEDPOLYGONALFACE((344,1350,2699));
#1971=IFCINDEXEDPOLYGONALFACE((2871,2870,771));
#1972=IFCINDEXEDPOLYGONALFACE((772,1350,2871));
#1973=IFCINDEXEDPOLYGONALFACE((773,2873,1351,2876));
#1974=IFCINDEXEDPOLYGONALFACE((2873,770,2874,1351));
#1975=IFCINDEXEDPOLYGONALFACE((775,2875,1351,2874));
#1976=IFCINDEXEDPOLYGONALFACE((2875,776,2876,1351));
#1977=IFCINDEXEDPOLYGONALFACE((2702,2858,338));
#1978=IFCINDEXEDPOLYGONALFACE((345,1352,2702));
#1979=IFCINDEXEDPOLYGONALFACE((2877,2872,772));
#1980=IFCINDEXEDPOLYGONALFACE((759,1352,2877));
#1981=IFCINDEXEDPOLYGONALFACE((758,2878,1353,2862));
#1982=IFCINDEXEDPOLYGONALFACE((2878,773,2876,1353));
#1983=IFCINDEXEDPOLYGONALFACE((776,2879,1353,2876));
#1984=IFCINDEXEDPOLYGONALFACE((2879,763,2862,1353));
#1985=IFCINDEXEDPOLYGONALFACE((2705,2882,349));
#1986=IFCINDEXEDPOLYGONALFACE((348,1354,2705));
#1987=IFCINDEXEDPOLYGONALFACE((2881,2880,779));
#1988=IFCINDEXEDPOLYGONALFACE((780,1354,2881));
#1989=IFCINDEXEDPOLYGONALFACE((781,2883,1355,2886));
#1990=IFCINDEXEDPOLYGONALFACE((2883,778,2884,1355));
#1991=IFCINDEXEDPOLYGONALFACE((783,2885,1355,2884));
#1992=IFCINDEXEDPOLYGONALFACE((2885,784,2886,1355));
#1993=IFCINDEXEDPOLYGONALFACE((2708,2870,344));
#1994=IFCINDEXEDPOLYGONALFACE((349,1356,2708));
#1995=IFCINDEXEDPOLYGONALFACE((2887,2882,780));
#1996=IFCINDEXEDPOLYGONALFACE((771,1356,2887));
#1997=IFCINDEXEDPOLYGONALFACE((770,2888,1357,2874));
#1998=IFCINDEXEDPOLYGONALFACE((2888,781,2886,1357));
#1999=IFCINDEXEDPOLYGONALFACE((784,2889,1357,2886));
#2000=IFCINDEXEDPOLYGONALFACE((2889,775,2874,1357));
#2001=IFCINDEXEDPOLYGONALFACE((2711,2892,353));
#2002=IFCINDEXEDPOLYGONALFACE((352,1358,2711));
#2003=IFCINDEXEDPOLYGONALFACE((2891,2890,787));
#2004=IFCINDEXEDPOLYGONALFACE((788,1358,2891));
#2005=IFCINDEXEDPOLYGONALFACE((789,2893,1359,2896));
#2006=IFCINDEXEDPOLYGONALFACE((2893,786,2894,1359));
#2007=IFCINDEXEDPOLYGONALFACE((791,2895,1359,2894));
#2008=IFCINDEXEDPOLYGONALFACE((2895,792,2896,1359));
#2009=IFCINDEXEDPOLYGONALFACE((2714,2880,348));
#2010=IFCINDEXEDPOLYGONALFACE((353,1360,2714));
#2011=IFCINDEXEDPOLYGONALFACE((2897,2892,788));
#2012=IFCINDEXEDPOLYGONALFACE((779,1360,2897));
#2013=IFCINDEXEDPOLYGONALFACE((778,2898,1361,2884));
#2014=IFCINDEXEDPOLYGONALFACE((2898,789,2896,1361));
#2015=IFCINDEXEDPOLYGONALFACE((792,2899,1361,2896));
#2016=IFCINDEXEDPOLYGONALFACE((2899,783,2884,1361));
#2017=IFCINDEXEDPOLYGONALFACE((2717,2902,357));
#2018=IFCINDEXEDPOLYGONALFACE((356,1362,2717));
#2019=IFCINDEXEDPOLYGONALFACE((2901,2900,795));
#2020=IFCINDEXEDPOLYGONALFACE((796,1362,2901));
#2021=IFCINDEXEDPOLYGONALFACE((797,2903,1363,2906));
#2022=IFCINDEXEDPOLYGONALFACE((2903,794,2904,1363));
#2023=IFCINDEXEDPOLYGONALFACE((799,2905,1363,2904));
#2024=IFCINDEXEDPOLYGONALFACE((2905,800,2906,1363));
#2025=IFCINDEXEDPOLYGONALFACE((2720,2890,352));
#2026=IFCINDEXEDPOLYGONALFACE((357,1364,2720));
#2027=IFCINDEXEDPOLYGONALFACE((2907,2902,796));
#2028=IFCINDEXEDPOLYGONALFACE((787,1364,2907));
#2029=IFCINDEXEDPOLYGONALFACE((786,2908,1365,2894));
#2030=IFCINDEXEDPOLYGONALFACE((2908,797,2906,1365));
#2031=IFCINDEXEDPOLYGONALFACE((800,2909,1365,2906));
#2032=IFCINDEXEDPOLYGONALFACE((2909,791,2894,1365));
#2033=IFCINDEXEDPOLYGONALFACE((2723,2912,361));
#2034=IFCINDEXEDPOLYGONALFACE((360,1366,2723));
#2035=IFCINDEXEDPOLYGONALFACE((2911,2910,803));
#2036=IFCINDEXEDPOLYGONALFACE((804,1366,2911));
#2037=IFCINDEXEDPOLYGONALFACE((805,2913,1367,2916));
#2038=IFCINDEXEDPOLYGONALFACE((2913,802,2914,1367));
#2039=IFCINDEXEDPOLYGONALFACE((807,2915,1367,2914));
#2040=IFCINDEXEDPOLYGONALFACE((2915,808,2916,1367));
#2041=IFCINDEXEDPOLYGONALFACE((2726,2900,356));
#2042=IFCINDEXEDPOLYGONALFACE((361,1368,2726));
#2043=IFCINDEXEDPOLYGONALFACE((2917,2912,804));
#2044=IFCINDEXEDPOLYGONALFACE((795,1368,2917));
#2045=IFCINDEXEDPOLYGONALFACE((794,2918,1369,2904));
#2046=IFCINDEXEDPOLYGONALFACE((2918,805,2916,1369));
#2047=IFCINDEXEDPOLYGONALFACE((808,2919,1369,2916));
#2048=IFCINDEXEDPOLYGONALFACE((2919,799,2904,1369));
#2049=IFCINDEXEDPOLYGONALFACE((2729,2922,365));
#2050=IFCINDEXEDPOLYGONALFACE((364,1370,2729));
#2051=IFCINDEXEDPOLYGONALFACE((2921,2920,811));
#2052=IFCINDEXEDPOLYGONALFACE((812,1370,2921));
#2053=IFCINDEXEDPOLYGONALFACE((813,2923,1371,2926));
#2054=IFCINDEXEDPOLYGONALFACE((2923,810,2924,1371));
#2055=IFCINDEXEDPOLYGONALFACE((815,2925,1371,2924));
#2056=IFCINDEXEDPOLYGONALFACE((2925,816,2926,1371));
#2057=IFCINDEXEDPOLYGONALFACE((2732,2910,360));
#2058=IFCINDEXEDPOLYGONALFACE((365,1372,2732));
#2059=IFCINDEXEDPOLYGONALFACE((2927,2922,812));
#2060=IFCINDEXEDPOLYGONALFACE((803,1372,2927));
#2061=IFCINDEXEDPOLYGONALFACE((802,2928,1373,2914));
#2062=IFCINDEXEDPOLYGONALFACE((2928,813,2926,1373));
#2063=IFCINDEXEDPOLYGONALFACE((816,2929,1373,2926));
#2064=IFCINDEXEDPOLYGONALFACE((2929,807,2914,1373));
#2065=IFCINDEXEDPOLYGONALFACE((2735,2932,369));
#2066=IFCINDEXEDPOLYGONALFACE((368,1374,2735));
#2067=IFCINDEXEDPOLYGONALFACE((2931,2930,819));
#2068=IFCINDEXEDPOLYGONALFACE((820,1374,2931));
#2069=IFCINDEXEDPOLYGONALFACE((821,2933,1375,2936));
#2070=IFCINDEXEDPOLYGONALFACE((2933,818,2934,1375));
#2071=IFCINDEXEDPOLYGONALFACE((823,2935,1375,2934));
#2072=IFCINDEXEDPOLYGONALFACE((2935,824,2936,1375));
#2073=IFCINDEXEDPOLYGONALFACE((2738,2920,364));
#2074=IFCINDEXEDPOLYGONALFACE((369,1376,2738));
#2075=IFCINDEXEDPOLYGONALFACE((2937,2932,820));
#2076=IFCINDEXEDPOLYGONALFACE((811,1376,2937));
#2077=IFCINDEXEDPOLYGONALFACE((810,2938,1377,2924));
#2078=IFCINDEXEDPOLYGONALFACE((2938,821,2936,1377));
#2079=IFCINDEXEDPOLYGONALFACE((824,2939,1377,2936));
#2080=IFCINDEXEDPOLYGONALFACE((2939,815,2924,1377));
#2081=IFCINDEXEDPOLYGONALFACE((2741,2942,373));
#2082=IFCINDEXEDPOLYGONALFACE((372,1378,2741));
#2083=IFCINDEXEDPOLYGONALFACE((2941,2940,827));
#2084=IFCINDEXEDPOLYGONALFACE((828,1378,2941));
#2085=IFCINDEXEDPOLYGONALFACE((829,2943,1379,2946));
#2086=IFCINDEXEDPOLYGONALFACE((2943,826,2944,1379));
#2087=IFCINDEXEDPOLYGONALFACE((831,2945,1379,2944));
#2088=IFCINDEXEDPOLYGONALFACE((2945,832,2946,1379));
#2089=IFCINDEXEDPOLYGONALFACE((2744,2930,368));
#2090=IFCINDEXEDPOLYGONALFACE((373,1380,2744));
#2091=IFCINDEXEDPOLYGONALFACE((2947,2942,828));
#2092=IFCINDEXEDPOLYGONALFACE((819,1380,2947));
#2093=IFCINDEXEDPOLYGONALFACE((818,2948,1381,2934));
#2094=IFCINDEXEDPOLYGONALFACE((2948,829,2946,1381));
#2095=IFCINDEXEDPOLYGONALFACE((832,2949,1381,2946));
#2096=IFCINDEXEDPOLYGONALFACE((2949,823,2934,1381));
#2097=IFCINDEXEDPOLYGONALFACE((2747,2952,377));
#2098=IFCINDEXEDPOLYGONALFACE((376,1382,2747));
#2099=IFCINDEXEDPOLYGONALFACE((2951,2950,835));
#2100=IFCINDEXEDPOLYGONALFACE((836,1382,2951));
#2101=IFCINDEXEDPOLYGONALFACE((837,2953,1383,2956));
#2102=IFCINDEXEDPOLYGONALFACE((2953,834,2954,1383));
#2103=IFCINDEXEDPOLYGONALFACE((839,2955,1383,2954));
#2104=IFCINDEXEDPOLYGONALFACE((2955,840,2956,1383));
#2105=IFCINDEXEDPOLYGONALFACE((2750,2940,372));
#2106=IFCINDEXEDPOLYGONALFACE((377,1384,2750));
#2107=IFCINDEXEDPOLYGONALFACE((2957,2952,836));
#2108=IFCINDEXEDPOLYGONALFACE((827,1384,2957));
#2109=IFCINDEXEDPOLYGONALFACE((826,2958,1385,2944));
#2110=IFCINDEXEDPOLYGONALFACE((2958,837,2956,1385));
#2111=IFCINDEXEDPOLYGONALFACE((840,2959,1385,2956));
#2112=IFCINDEXEDPOLYGONALFACE((2959,831,2944,1385));
#2113=IFCINDEXEDPOLYGONALFACE((2753,2962,381));
#2114=IFCINDEXEDPOLYGONALFACE((380,1386,2753));
#2115=IFCINDEXEDPOLYGONALFACE((2961,2960,843));
#2116=IFCINDEXEDPOLYGONALFACE((844,1386,2961));
#2117=IFCINDEXEDPOLYGONALFACE((845,2963,1387,2966));
#2118=IFCINDEXEDPOLYGONALFACE((2963,842,2964,1387));
#2119=IFCINDEXEDPOLYGONALFACE((847,2965,1387,2964));
#2120=IFCINDEXEDPOLYGONALFACE((2965,848,2966,1387));
#2121=IFCINDEXEDPOLYGONALFACE((2756,2950,376));
#2122=IFCINDEXEDPOLYGONALFACE((381,1388,2756));
#2123=IFCINDEXEDPOLYGONALFACE((2967,2962,844));
#2124=IFCINDEXEDPOLYGONALFACE((835,1388,2967));
#2125=IFCINDEXEDPOLYGONALFACE((834,2968,1389,2954));
#2126=IFCINDEXEDPOLYGONALFACE((2968,845,2966,1389));
#2127=IFCINDEXEDPOLYGONALFACE((848,2969,1389,2966));
#2128=IFCINDEXEDPOLYGONALFACE((2969,839,2954,1389));
#2129=IFCINDEXEDPOLYGONALFACE((2759,2972,385));
#2130=IFCINDEXEDPOLYGONALFACE((384,1390,2759));
#2131=IFCINDEXEDPOLYGONALFACE((2971,2970,851));
#2132=IFCINDEXEDPOLYGONALFACE((852,1390,2971));
#2133=IFCINDEXEDPOLYGONALFACE((853,2973,1391,2976));
#2134=IFCINDEXEDPOLYGONALFACE((2973,850,2974,1391));
#2135=IFCINDEXEDPOLYGONALFACE((855,2975,1391,2974));
#2136=IFCINDEXEDPOLYGONALFACE((2975,856,2976,1391));
#2137=IFCINDEXEDPOLYGONALFACE((2762,2960,380));
#2138=IFCINDEXEDPOLYGONALFACE((385,1392,2762));
#2139=IFCINDEXEDPOLYGONALFACE((2977,2972,852));
#2140=IFCINDEXEDPOLYGONALFACE((843,1392,2977));
#2141=IFCINDEXEDPOLYGONALFACE((842,2978,1393,2964));
#2142=IFCINDEXEDPOLYGONALFACE((2978,853,2976,1393));
#2143=IFCINDEXEDPOLYGONALFACE((856,2979,1393,2976));
#2144=IFCINDEXEDPOLYGONALFACE((2979,847,2964,1393));
#2145=IFCINDEXEDPOLYGONALFACE((2765,2982,389));
#2146=IFCINDEXEDPOLYGONALFACE((388,1394,2765));
#2147=IFCINDEXEDPOLYGONALFACE((2981,2980,859));
#2148=IFCINDEXEDPOLYGONALFACE((860,1394,2981));
#2149=IFCINDEXEDPOLYGONALFACE((861,2983,1395,2986));
#2150=IFCINDEXEDPOLYGONALFACE((2983,858,2984,1395));
#2151=IFCINDEXEDPOLYGONALFACE((863,2985,1395,2984));
#2152=IFCINDEXEDPOLYGONALFACE((2985,864,2986,1395));
#2153=IFCINDEXEDPOLYGONALFACE((2768,2970,384));
#2154=IFCINDEXEDPOLYGONALFACE((389,1396,2768));
#2155=IFCINDEXEDPOLYGONALFACE((2987,2982,860));
#2156=IFCINDEXEDPOLYGONALFACE((851,1396,2987));
#2157=IFCINDEXEDPOLYGONALFACE((850,2988,1397,2974));
#2158=IFCINDEXEDPOLYGONALFACE((2988,861,2986,1397));
#2159=IFCINDEXEDPOLYGONALFACE((864,2989,1397,2986));
#2160=IFCINDEXEDPOLYGONALFACE((2989,855,2974,1397));
#2161=IFCINDEXEDPOLYGONALFACE((2770,2991,391));
#2162=IFCINDEXEDPOLYGONALFACE((341,1398,2770));
#2163=IFCINDEXEDPOLYGONALFACE((2990,2866,766));
#2164=IFCINDEXEDPOLYGONALFACE((866,1398,2990));
#2165=IFCINDEXEDPOLYGONALFACE((867,2992,1399,2994));
#2166=IFCINDEXEDPOLYGONALFACE((2992,767,2869,1399));
#2167=IFCINDEXEDPOLYGONALFACE((768,2993,1399,2869));
#2168=IFCINDEXEDPOLYGONALFACE((2993,868,2994,1399));
#2169=IFCINDEXEDPOLYGONALFACE((2773,2980,388));
#2170=IFCINDEXEDPOLYGONALFACE((391,1400,2773));
#2171=IFCINDEXEDPOLYGONALFACE((2995,2991,866));
#2172=IFCINDEXEDPOLYGONALFACE((859,1400,2995));
#2173=IFCINDEXEDPOLYGONALFACE((858,2996,1401,2984));
#2174=IFCINDEXEDPOLYGONALFACE((2996,867,2994,1401));
#2175=IFCINDEXEDPOLYGONALFACE((868,2997,1401,2994));
#2176=IFCINDEXEDPOLYGONALFACE((2997,863,2984,1401));
#2177=IFCINDEXEDPOLYGONALFACE((337,2774,1402,3000));
#2178=IFCINDEXEDPOLYGONALFACE((2774,340,2998,1402));
#2179=IFCINDEXEDPOLYGONALFACE((765,2999,1402,2998));
#2180=IFCINDEXEDPOLYGONALFACE((2999,762,3000,1402));
#2181=IFCINDEXEDPOLYGONALFACE((340,2778,1403,2998));
#2182=IFCINDEXEDPOLYGONALFACE((2778,342,3001,1403));
#2183=IFCINDEXEDPOLYGONALFACE((769,3002,1403,3001));
#2184=IFCINDEXEDPOLYGONALFACE((3002,765,2998,1403));
#2185=IFCINDEXEDPOLYGONALFACE((343,2781,1404,3005));
#2186=IFCINDEXEDPOLYGONALFACE((2781,346,3003,1404));
#2187=IFCINDEXEDPOLYGONALFACE((777,3004,1404,3003));
#2188=IFCINDEXEDPOLYGONALFACE((3004,774,3005,1404));
#2189=IFCINDEXEDPOLYGONALFACE((346,2785,1405,3003));
#2190=IFCINDEXEDPOLYGONALFACE((2785,337,3000,1405));
#2191=IFCINDEXEDPOLYGONALFACE((762,3006,1405,3000));
#2192=IFCINDEXEDPOLYGONALFACE((3006,777,3003,1405));
#2193=IFCINDEXEDPOLYGONALFACE((347,2787,1406,3009));
#2194=IFCINDEXEDPOLYGONALFACE((2787,350,3007,1406));
#2195=IFCINDEXEDPOLYGONALFACE((785,3008,1406,3007));
#2196=IFCINDEXEDPOLYGONALFACE((3008,782,3009,1406));
#2197=IFCINDEXEDPOLYGONALFACE((350,2791,1407,3007));
#2198=IFCINDEXEDPOLYGONALFACE((2791,343,3005,1407));
#2199=IFCINDEXEDPOLYGONALFACE((774,3010,1407,3005));
#2200=IFCINDEXEDPOLYGONALFACE((3010,785,3007,1407));
#2201=IFCINDEXEDPOLYGONALFACE((351,2793,1408,3013));
#2202=IFCINDEXEDPOLYGONALFACE((2793,354,3011,1408));
#2203=IFCINDEXEDPOLYGONALFACE((793,3012,1408,3011));
#2204=IFCINDEXEDPOLYGONALFACE((3012,790,3013,1408));
#2205=IFCINDEXEDPOLYGONALFACE((354,2797,1409,3011));
#2206=IFCINDEXEDPOLYGONALFACE((2797,347,3009,1409));
#2207=IFCINDEXEDPOLYGONALFACE((782,3014,1409,3009));
#2208=IFCINDEXEDPOLYGONALFACE((3014,793,3011,1409));
#2209=IFCINDEXEDPOLYGONALFACE((355,2799,1410,3017));
#2210=IFCINDEXEDPOLYGONALFACE((2799,358,3015,1410));
#2211=IFCINDEXEDPOLYGONALFACE((801,3016,1410,3015));
#2212=IFCINDEXEDPOLYGONALFACE((3016,798,3017,1410));
#2213=IFCINDEXEDPOLYGONALFACE((358,2803,1411,3015));
#2214=IFCINDEXEDPOLYGONALFACE((2803,351,3013,1411));
#2215=IFCINDEXEDPOLYGONALFACE((790,3018,1411,3013));
#2216=IFCINDEXEDPOLYGONALFACE((3018,801,3015,1411));
#2217=IFCINDEXEDPOLYGONALFACE((359,2805,1412,3021));
#2218=IFCINDEXEDPOLYGONALFACE((2805,362,3019,1412));
#2219=IFCINDEXEDPOLYGONALFACE((809,3020,1412,3019));
#2220=IFCINDEXEDPOLYGONALFACE((3020,806,3021,1412));
#2221=IFCINDEXEDPOLYGONALFACE((362,2809,1413,3019));
#2222=IFCINDEXEDPOLYGONALFACE((2809,355,3017,1413));
#2223=IFCINDEXEDPOLYGONALFACE((798,3022,1413,3017));
#2224=IFCINDEXEDPOLYGONALFACE((3022,809,3019,1413));
#2225=IFCINDEXEDPOLYGONALFACE((363,2811,1414,3025));
#2226=IFCINDEXEDPOLYGONALFACE((2811,366,3023,1414));
#2227=IFCINDEXEDPOLYGONALFACE((817,3024,1414,3023));
#2228=IFCINDEXEDPOLYGONALFACE((3024,814,3025,1414));
#2229=IFCINDEXEDPOLYGONALFACE((366,2815,1415,3023));
#2230=IFCINDEXEDPOLYGONALFACE((2815,359,3021,1415));
#2231=IFCINDEXEDPOLYGONALFACE((806,3026,1415,3021));
#2232=IFCINDEXEDPOLYGONALFACE((3026,817,3023,1415));
#2233=IFCINDEXEDPOLYGONALFACE((367,2817,1416,3029));
#2234=IFCINDEXEDPOLYGONALFACE((2817,370,3027,1416));
#2235=IFCINDEXEDPOLYGONALFACE((825,3028,1416,3027));
#2236=IFCINDEXEDPOLYGONALFACE((3028,822,3029,1416));
#2237=IFCINDEXEDPOLYGONALFACE((370,2821,1417,3027));
#2238=IFCINDEXEDPOLYGONALFACE((2821,363,3025,1417));
#2239=IFCINDEXEDPOLYGONALFACE((814,3030,1417,3025));
#2240=IFCINDEXEDPOLYGONALFACE((3030,825,3027,1417));
#2241=IFCINDEXEDPOLYGONALFACE((371,2823,1418,3033));
#2242=IFCINDEXEDPOLYGONALFACE((2823,374,3031,1418));
#2243=IFCINDEXEDPOLYGONALFACE((833,3032,1418,3031));
#2244=IFCINDEXEDPOLYGONALFACE((3032,830,3033,1418));
#2245=IFCINDEXEDPOLYGONALFACE((374,2827,1419,3031));
#2246=IFCINDEXEDPOLYGONALFACE((2827,367,3029,1419));
#2247=IFCINDEXEDPOLYGONALFACE((822,3034,1419,3029));
#2248=IFCINDEXEDPOLYGONALFACE((3034,833,3031,1419));
#2249=IFCINDEXEDPOLYGONALFACE((375,2829,1420,3037));
#2250=IFCINDEXEDPOLYGONALFACE((2829,378,3035,1420));
#2251=IFCINDEXEDPOLYGONALFACE((841,3036,1420,3035));
#2252=IFCINDEXEDPOLYGONALFACE((3036,838,3037,1420));
#2253=IFCINDEXEDPOLYGONALFACE((378,2833,1421,3035));
#2254=IFCINDEXEDPOLYGONALFACE((2833,371,3033,1421));
#2255=IFCINDEXEDPOLYGONALFACE((830,3038,1421,3033));
#2256=IFCINDEXEDPOLYGONALFACE((3038,841,3035,1421));
#2257=IFCINDEXEDPOLYGONALFACE((379,2835,1422,3041));
#2258=IFCINDEXEDPOLYGONALFACE((2835,382,3039,1422));
#2259=IFCINDEXEDPOLYGONALFACE((849,3040,1422,3039));
#2260=IFCINDEXEDPOLYGONALFACE((3040,846,3041,1422));
#2261=IFCINDEXEDPOLYGONALFACE((382,2839,1423,3039));
#2262=IFCINDEXEDPOLYGONALFACE((2839,375,3037,1423));
#2263=IFCINDEXEDPOLYGONALFACE((838,3042,1423,3037));
#2264=IFCINDEXEDPOLYGONALFACE((3042,849,3039,1423));
#2265=IFCINDEXEDPOLYGONALFACE((383,2841,1424,3045));
#2266=IFCINDEXEDPOLYGONALFACE((2841,386,3043,1424));
#2267=IFCINDEXEDPOLYGONALFACE((857,3044,1424,3043));
#2268=IFCINDEXEDPOLYGONALFACE((3044,854,3045,1424));
#2269=IFCINDEXEDPOLYGONALFACE((386,2845,1425,3043));
#2270=IFCINDEXEDPOLYGONALFACE((2845,379,3041,1425));
#2271=IFCINDEXEDPOLYGONALFACE((846,3046,1425,3041));
#2272=IFCINDEXEDPOLYGONALFACE((3046,857,3043,1425));
#2273=IFCINDEXEDPOLYGONALFACE((387,2847,1426,3049));
#2274=IFCINDEXEDPOLYGONALFACE((2847,390,3047,1426));
#2275=IFCINDEXEDPOLYGONALFACE((865,3048,1426,3047));
#2276=IFCINDEXEDPOLYGONALFACE((3048,862,3049,1426));
#2277=IFCINDEXEDPOLYGONALFACE((390,2851,1427,3047));
#2278=IFCINDEXEDPOLYGONALFACE((2851,383,3045,1427));
#2279=IFCINDEXEDPOLYGONALFACE((854,3050,1427,3045));
#2280=IFCINDEXEDPOLYGONALFACE((3050,865,3047,1427));
#2281=IFCINDEXEDPOLYGONALFACE((342,2853,1428,3001));
#2282=IFCINDEXEDPOLYGONALFACE((2853,392,3051,1428));
#2283=IFCINDEXEDPOLYGONALFACE((869,3052,1428,3051));
#2284=IFCINDEXEDPOLYGONALFACE((3052,769,3001,1428));
#2285=IFCINDEXEDPOLYGONALFACE((392,2856,1429,3051));
#2286=IFCINDEXEDPOLYGONALFACE((2856,387,3049,1429));
#2287=IFCINDEXEDPOLYGONALFACE((862,3053,1429,3049));
#2288=IFCINDEXEDPOLYGONALFACE((3053,869,3051,1429));
#2289=IFCINDEXEDPOLYGONALFACE((323,2776,1430,3056));
#2290=IFCINDEXEDPOLYGONALFACE((2776,310,3054,1430));
#2291=IFCINDEXEDPOLYGONALFACE((591,3055,1430,3054));
#2292=IFCINDEXEDPOLYGONALFACE((3055,592,3056,1430));
#2293=IFCINDEXEDPOLYGONALFACE((309,2779,1431,3058));
#2294=IFCINDEXEDPOLYGONALFACE((2779,323,3056,1431));
#2295=IFCINDEXEDPOLYGONALFACE((592,3057,1431,3056));
#2296=IFCINDEXEDPOLYGONALFACE((3057,594,3058,1431));
#2297=IFCINDEXEDPOLYGONALFACE((324,2783,1432,3061));
#2298=IFCINDEXEDPOLYGONALFACE((2783,311,3059,1432));
#2299=IFCINDEXEDPOLYGONALFACE((597,3060,1432,3059));
#2300=IFCINDEXEDPOLYGONALFACE((3060,598,3061,1432));
#2301=IFCINDEXEDPOLYGONALFACE((310,2786,1433,3054));
#2302=IFCINDEXEDPOLYGONALFACE((2786,324,3061,1433));
#2303=IFCINDEXEDPOLYGONALFACE((598,3062,1433,3061));
#2304=IFCINDEXEDPOLYGONALFACE((3062,591,3054,1433));
#2305=IFCINDEXEDPOLYGONALFACE((325,2789,1434,3065));
#2306=IFCINDEXEDPOLYGONALFACE((2789,312,3063,1434));
#2307=IFCINDEXEDPOLYGONALFACE((601,3064,1434,3063));
#2308=IFCINDEXEDPOLYGONALFACE((3064,602,3065,1434));
#2309=IFCINDEXEDPOLYGONALFACE((311,2792,1435,3059));
#2310=IFCINDEXEDPOLYGONALFACE((2792,325,3065,1435));
#2311=IFCINDEXEDPOLYGONALFACE((602,3066,1435,3065));
#2312=IFCINDEXEDPOLYGONALFACE((3066,597,3059,1435));
#2313=IFCINDEXEDPOLYGONALFACE((326,2795,1436,3069));
#2314=IFCINDEXEDPOLYGONALFACE((2795,313,3067,1436));
#2315=IFCINDEXEDPOLYGONALFACE((605,3068,1436,3067));
#2316=IFCINDEXEDPOLYGONALFACE((3068,606,3069,1436));
#2317=IFCINDEXEDPOLYGONALFACE((312,2798,1437,3063));
#2318=IFCINDEXEDPOLYGONALFACE((2798,326,3069,1437));
#2319=IFCINDEXEDPOLYGONALFACE((606,3070,1437,3069));
#2320=IFCINDEXEDPOLYGONALFACE((3070,601,3063,1437));
#2321=IFCINDEXEDPOLYGONALFACE((327,2801,1438,3073));
#2322=IFCINDEXEDPOLYGONALFACE((2801,314,3071,1438));
#2323=IFCINDEXEDPOLYGONALFACE((609,3072,1438,3071));
#2324=IFCINDEXEDPOLYGONALFACE((3072,610,3073,1438));
#2325=IFCINDEXEDPOLYGONALFACE((313,2804,1439,3067));
#2326=IFCINDEXEDPOLYGONALFACE((2804,327,3073,1439));
#2327=IFCINDEXEDPOLYGONALFACE((610,3074,1439,3073));
#2328=IFCINDEXEDPOLYGONALFACE((3074,605,3067,1439));
#2329=IFCINDEXEDPOLYGONALFACE((328,2807,1440,3077));
#2330=IFCINDEXEDPOLYGONALFACE((2807,315,3075,1440));
#2331=IFCINDEXEDPOLYGONALFACE((613,3076,1440,3075));
#2332=IFCINDEXEDPOLYGONALFACE((3076,614,3077,1440));
#2333=IFCINDEXEDPOLYGONALFACE((314,2810,1441,3071));
#2334=IFCINDEXEDPOLYGONALFACE((2810,328,3077,1441));
#2335=IFCINDEXEDPOLYGONALFACE((614,3078,1441,3077));
#2336=IFCINDEXEDPOLYGONALFACE((3078,609,3071,1441));
#2337=IFCINDEXEDPOLYGONALFACE((329,2813,1442,3081));
#2338=IFCINDEXEDPOLYGONALFACE((2813,316,3079,1442));
#2339=IFCINDEXEDPOLYGONALFACE((617,3080,1442,3079));
#2340=IFCINDEXEDPOLYGONALFACE((3080,618,3081,1442));
#2341=IFCINDEXEDPOLYGONALFACE((315,2816,1443,3075));
#2342=IFCINDEXEDPOLYGONALFACE((2816,329,3081,1443));
#2343=IFCINDEXEDPOLYGONALFACE((618,3082,1443,3081));
#2344=IFCINDEXEDPOLYGONALFACE((3082,613,3075,1443));
#2345=IFCINDEXEDPOLYGONALFACE((330,2819,1444,3085));
#2346=IFCINDEXEDPOLYGONALFACE((2819,317,3083,1444));
#2347=IFCINDEXEDPOLYGONALFACE((621,3084,1444,3083));
#2348=IFCINDEXEDPOLYGONALFACE((3084,622,3085,1444));
#2349=IFCINDEXEDPOLYGONALFACE((316,2822,1445,3079));
#2350=IFCINDEXEDPOLYGONALFACE((2822,330,3085,1445));
#2351=IFCINDEXEDPOLYGONALFACE((622,3086,1445,3085));
#2352=IFCINDEXEDPOLYGONALFACE((3086,617,3079,1445));
#2353=IFCINDEXEDPOLYGONALFACE((331,2825,1446,3089));
#2354=IFCINDEXEDPOLYGONALFACE((2825,318,3087,1446));
#2355=IFCINDEXEDPOLYGONALFACE((625,3088,1446,3087));
#2356=IFCINDEXEDPOLYGONALFACE((3088,626,3089,1446));
#2357=IFCINDEXEDPOLYGONALFACE((317,2828,1447,3083));
#2358=IFCINDEXEDPOLYGONALFACE((2828,331,3089,1447));
#2359=IFCINDEXEDPOLYGONALFACE((626,3090,1447,3089));
#2360=IFCINDEXEDPOLYGONALFACE((3090,621,3083,1447));
#2361=IFCINDEXEDPOLYGONALFACE((332,2831,1448,3093));
#2362=IFCINDEXEDPOLYGONALFACE((2831,319,3091,1448));
#2363=IFCINDEXEDPOLYGONALFACE((629,3092,1448,3091));
#2364=IFCINDEXEDPOLYGONALFACE((3092,630,3093,1448));
#2365=IFCINDEXEDPOLYGONALFACE((318,2834,1449,3087));
#2366=IFCINDEXEDPOLYGONALFACE((2834,332,3093,1449));
#2367=IFCINDEXEDPOLYGONALFACE((630,3094,1449,3093));
#2368=IFCINDEXEDPOLYGONALFACE((3094,625,3087,1449));
#2369=IFCINDEXEDPOLYGONALFACE((333,2837,1450,3097));
#2370=IFCINDEXEDPOLYGONALFACE((2837,320,3095,1450));
#2371=IFCINDEXEDPOLYGONALFACE((633,3096,1450,3095));
#2372=IFCINDEXEDPOLYGONALFACE((3096,634,3097,1450));
#2373=IFCINDEXEDPOLYGONALFACE((319,2840,1451,3091));
#2374=IFCINDEXEDPOLYGONALFACE((2840,333,3097,1451));
#2375=IFCINDEXEDPOLYGONALFACE((634,3098,1451,3097));
#2376=IFCINDEXEDPOLYGONALFACE((3098,629,3091,1451));
#2377=IFCINDEXEDPOLYGONALFACE((334,2843,1452,3101));
#2378=IFCINDEXEDPOLYGONALFACE((2843,321,3099,1452));
#2379=IFCINDEXEDPOLYGONALFACE((637,3100,1452,3099));
#2380=IFCINDEXEDPOLYGONALFACE((3100,638,3101,1452));
#2381=IFCINDEXEDPOLYGONALFACE((320,2846,1453,3095));
#2382=IFCINDEXEDPOLYGONALFACE((2846,334,3101,1453));
#2383=IFCINDEXEDPOLYGONALFACE((638,3102,1453,3101));
#2384=IFCINDEXEDPOLYGONALFACE((3102,633,3095,1453));
#2385=IFCINDEXEDPOLYGONALFACE((335,2849,1454,3105));
#2386=IFCINDEXEDPOLYGONALFACE((2849,322,3103,1454));
#2387=IFCINDEXEDPOLYGONALFACE((641,3104,1454,3103));
#2388=IFCINDEXEDPOLYGONALFACE((3104,642,3105,1454));
#2389=IFCINDEXEDPOLYGONALFACE((321,2852,1455,3099));
#2390=IFCINDEXEDPOLYGONALFACE((2852,335,3105,1455));
#2391=IFCINDEXEDPOLYGONALFACE((642,3106,1455,3105));
#2392=IFCINDEXEDPOLYGONALFACE((3106,637,3099,1455));
#2393=IFCINDEXEDPOLYGONALFACE((336,2854,1456,3108));
#2394=IFCINDEXEDPOLYGONALFACE((2854,309,3058,1456));
#2395=IFCINDEXEDPOLYGONALFACE((594,3107,1456,3058));
#2396=IFCINDEXEDPOLYGONALFACE((3107,644,3108,1456));
#2397=IFCINDEXEDPOLYGONALFACE((322,2857,1457,3103));
#2398=IFCINDEXEDPOLYGONALFACE((2857,336,3108,1457));
#2399=IFCINDEXEDPOLYGONALFACE((644,3109,1457,3108));
#2400=IFCINDEXEDPOLYGONALFACE((3109,641,3103,1457));
#2401=IFCINDEXEDPOLYGONALFACE((593,3110,1458,3113));
#2402=IFCINDEXEDPOLYGONALFACE((3110,590,3111,1458));
#2403=IFCINDEXEDPOLYGONALFACE((394,3112,1458,3111));
#2404=IFCINDEXEDPOLYGONALFACE((3112,407,3113,1458));
#2405=IFCINDEXEDPOLYGONALFACE((595,3114,1459,3116));
#2406=IFCINDEXEDPOLYGONALFACE((3114,593,3113,1459));
#2407=IFCINDEXEDPOLYGONALFACE((407,3115,1459,3113));
#2408=IFCINDEXEDPOLYGONALFACE((3115,393,3116,1459));
#2409=IFCINDEXEDPOLYGONALFACE((599,3117,1460,3120));
#2410=IFCINDEXEDPOLYGONALFACE((3117,596,3118,1460));
#2411=IFCINDEXEDPOLYGONALFACE((395,3119,1460,3118));
#2412=IFCINDEXEDPOLYGONALFACE((3119,408,3120,1460));
#2413=IFCINDEXEDPOLYGONALFACE((590,3121,1461,3111));
#2414=IFCINDEXEDPOLYGONALFACE((3121,599,3120,1461));
#2415=IFCINDEXEDPOLYGONALFACE((408,3122,1461,3120));
#2416=IFCINDEXEDPOLYGONALFACE((3122,394,3111,1461));
#2417=IFCINDEXEDPOLYGONALFACE((603,3123,1462,3126));
#2418=IFCINDEXEDPOLYGONALFACE((3123,600,3124,1462));
#2419=IFCINDEXEDPOLYGONALFACE((396,3125,1462,3124));
#2420=IFCINDEXEDPOLYGONALFACE((3125,409,3126,1462));
#2421=IFCINDEXEDPOLYGONALFACE((596,3127,1463,3118));
#2422=IFCINDEXEDPOLYGONALFACE((3127,603,3126,1463));
#2423=IFCINDEXEDPOLYGONALFACE((409,3128,1463,3126));
#2424=IFCINDEXEDPOLYGONALFACE((3128,395,3118,1463));
#2425=IFCINDEXEDPOLYGONALFACE((607,3129,1464,3132));
#2426=IFCINDEXEDPOLYGONALFACE((3129,604,3130,1464));
#2427=IFCINDEXEDPOLYGONALFACE((397,3131,1464,3130));
#2428=IFCINDEXEDPOLYGONALFACE((3131,410,3132,1464));
#2429=IFCINDEXEDPOLYGONALFACE((600,3133,1465,3124));
#2430=IFCINDEXEDPOLYGONALFACE((3133,607,3132,1465));
#2431=IFCINDEXEDPOLYGONALFACE((410,3134,1465,3132));
#2432=IFCINDEXEDPOLYGONALFACE((3134,396,3124,1465));
#2433=IFCINDEXEDPOLYGONALFACE((611,3135,1466,3138));
#2434=IFCINDEXEDPOLYGONALFACE((3135,608,3136,1466));
#2435=IFCINDEXEDPOLYGONALFACE((398,3137,1466,3136));
#2436=IFCINDEXEDPOLYGONALFACE((3137,411,3138,1466));
#2437=IFCINDEXEDPOLYGONALFACE((604,3139,1467,3130));
#2438=IFCINDEXEDPOLYGONALFACE((3139,611,3138,1467));
#2439=IFCINDEXEDPOLYGONALFACE((411,3140,1467,3138));
#2440=IFCINDEXEDPOLYGONALFACE((3140,397,3130,1467));
#2441=IFCINDEXEDPOLYGONALFACE((615,3141,1468,3144));
#2442=IFCINDEXEDPOLYGONALFACE((3141,612,3142,1468));
#2443=IFCINDEXEDPOLYGONALFACE((399,3143,1468,3142));
#2444=IFCINDEXEDPOLYGONALFACE((3143,412,3144,1468));
#2445=IFCINDEXEDPOLYGONALFACE((608,3145,1469,3136));
#2446=IFCINDEXEDPOLYGONALFACE((3145,615,3144,1469));
#2447=IFCINDEXEDPOLYGONALFACE((412,3146,1469,3144));
#2448=IFCINDEXEDPOLYGONALFACE((3146,398,3136,1469));
#2449=IFCINDEXEDPOLYGONALFACE((619,3147,1470,3150));
#2450=IFCINDEXEDPOLYGONALFACE((3147,616,3148,1470));
#2451=IFCINDEXEDPOLYGONALFACE((400,3149,1470,3148));
#2452=IFCINDEXEDPOLYGONALFACE((3149,413,3150,1470));
#2453=IFCINDEXEDPOLYGONALFACE((612,3151,1471,3142));
#2454=IFCINDEXEDPOLYGONALFACE((3151,619,3150,1471));
#2455=IFCINDEXEDPOLYGONALFACE((413,3152,1471,3150));
#2456=IFCINDEXEDPOLYGONALFACE((3152,399,3142,1471));
#2457=IFCINDEXEDPOLYGONALFACE((623,3153,1472,3156));
#2458=IFCINDEXEDPOLYGONALFACE((3153,620,3154,1472));
#2459=IFCINDEXEDPOLYGONALFACE((401,3155,1472,3154));
#2460=IFCINDEXEDPOLYGONALFACE((3155,414,3156,1472));
#2461=IFCINDEXEDPOLYGONALFACE((616,3157,1473,3148));
#2462=IFCINDEXEDPOLYGONALFACE((3157,623,3156,1473));
#2463=IFCINDEXEDPOLYGONALFACE((414,3158,1473,3156));
#2464=IFCINDEXEDPOLYGONALFACE((3158,400,3148,1473));
#2465=IFCINDEXEDPOLYGONALFACE((627,3159,1474,3162));
#2466=IFCINDEXEDPOLYGONALFACE((3159,624,3160,1474));
#2467=IFCINDEXEDPOLYGONALFACE((402,3161,1474,3160));
#2468=IFCINDEXEDPOLYGONALFACE((3161,415,3162,1474));
#2469=IFCINDEXEDPOLYGONALFACE((620,3163,1475,3154));
#2470=IFCINDEXEDPOLYGONALFACE((3163,627,3162,1475));
#2471=IFCINDEXEDPOLYGONALFACE((415,3164,1475,3162));
#2472=IFCINDEXEDPOLYGONALFACE((3164,401,3154,1475));
#2473=IFCINDEXEDPOLYGONALFACE((631,3165,1476,3168));
#2474=IFCINDEXEDPOLYGONALFACE((3165,628,3166,1476));
#2475=IFCINDEXEDPOLYGONALFACE((403,3167,1476,3166));
#2476=IFCINDEXEDPOLYGONALFACE((3167,416,3168,1476));
#2477=IFCINDEXEDPOLYGONALFACE((624,3169,1477,3160));
#2478=IFCINDEXEDPOLYGONALFACE((3169,631,3168,1477));
#2479=IFCINDEXEDPOLYGONALFACE((416,3170,1477,3168));
#2480=IFCINDEXEDPOLYGONALFACE((3170,402,3160,1477));
#2481=IFCINDEXEDPOLYGONALFACE((635,3171,1478,3174));
#2482=IFCINDEXEDPOLYGONALFACE((3171,632,3172,1478));
#2483=IFCINDEXEDPOLYGONALFACE((404,3173,1478,3172));
#2484=IFCINDEXEDPOLYGONALFACE((3173,417,3174,1478));
#2485=IFCINDEXEDPOLYGONALFACE((628,3175,1479,3166));
#2486=IFCINDEXEDPOLYGONALFACE((3175,635,3174,1479));
#2487=IFCINDEXEDPOLYGONALFACE((417,3176,1479,3174));
#2488=IFCINDEXEDPOLYGONALFACE((3176,403,3166,1479));
#2489=IFCINDEXEDPOLYGONALFACE((639,3177,1480,3180));
#2490=IFCINDEXEDPOLYGONALFACE((3177,636,3178,1480));
#2491=IFCINDEXEDPOLYGONALFACE((405,3179,1480,3178));
#2492=IFCINDEXEDPOLYGONALFACE((3179,418,3180,1480));
#2493=IFCINDEXEDPOLYGONALFACE((632,3181,1481,3172));
#2494=IFCINDEXEDPOLYGONALFACE((3181,639,3180,1481));
#2495=IFCINDEXEDPOLYGONALFACE((418,3182,1481,3180));
#2496=IFCINDEXEDPOLYGONALFACE((3182,404,3172,1481));
#2497=IFCINDEXEDPOLYGONALFACE((643,3183,1482,3186));
#2498=IFCINDEXEDPOLYGONALFACE((3183,640,3184,1482));
#2499=IFCINDEXEDPOLYGONALFACE((406,3185,1482,3184));
#2500=IFCINDEXEDPOLYGONALFACE((3185,419,3186,1482));
#2501=IFCINDEXEDPOLYGONALFACE((636,3187,1483,3178));
#2502=IFCINDEXEDPOLYGONALFACE((3187,643,3186,1483));
#2503=IFCINDEXEDPOLYGONALFACE((419,3188,1483,3186));
#2504=IFCINDEXEDPOLYGONALFACE((3188,405,3178,1483));
#2505=IFCINDEXEDPOLYGONALFACE((645,3189,1484,3191));
#2506=IFCINDEXEDPOLYGONALFACE((3189,595,3116,1484));
#2507=IFCINDEXEDPOLYGONALFACE((393,3190,1484,3116));
#2508=IFCINDEXEDPOLYGONALFACE((3190,420,3191,1484));
#2509=IFCINDEXEDPOLYGONALFACE((640,3192,1485,3184));
#2510=IFCINDEXEDPOLYGONALFACE((3192,645,3191,1485));
#2511=IFCINDEXEDPOLYGONALFACE((420,3193,1485,3191));
#2512=IFCINDEXEDPOLYGONALFACE((3193,406,3184,1485));
#2513=IFCINDEXEDPOLYGONALFACE((425,3194,1486,3196));
#2514=IFCINDEXEDPOLYGONALFACE((3194,422,3195,1486));
#2515=IFCINDEXEDPOLYGONALFACE((421,3196,1486,3195));
#2516=IFCINDEXEDPOLYGONALFACE((427,3197,1487,3198));
#2517=IFCINDEXEDPOLYGONALFACE((3197,425,3196,1487));
#2518=IFCINDEXEDPOLYGONALFACE((421,3198,1487,3196));
#2519=IFCINDEXEDPOLYGONALFACE((429,3199,1488,3200));
#2520=IFCINDEXEDPOLYGONALFACE((3199,427,3198,1488));
#2521=IFCINDEXEDPOLYGONALFACE((421,3200,1488,3198));
#2522=IFCINDEXEDPOLYGONALFACE((431,3201,1489,3202));
#2523=IFCINDEXEDPOLYGONALFACE((3201,429,3200,1489));
#2524=IFCINDEXEDPOLYGONALFACE((421,3202,1489,3200));
#2525=IFCINDEXEDPOLYGONALFACE((433,3203,1490,3204));
#2526=IFCINDEXEDPOLYGONALFACE((3203,431,3202,1490));
#2527=IFCINDEXEDPOLYGONALFACE((421,3204,1490,3202));
#2528=IFCINDEXEDPOLYGONALFACE((435,3205,1491,3206));
#2529=IFCINDEXEDPOLYGONALFACE((3205,433,3204,1491));
#2530=IFCINDEXEDPOLYGONALFACE((421,3206,1491,3204));
#2531=IFCINDEXEDPOLYGONALFACE((437,3207,1492,3208));
#2532=IFCINDEXEDPOLYGONALFACE((3207,435,3206,1492));
#2533=IFCINDEXEDPOLYGONALFACE((421,3208,1492,3206));
#2534=IFCINDEXEDPOLYGONALFACE((439,3209,1493,3210));
#2535=IFCINDEXEDPOLYGONALFACE((3209,437,3208,1493));
#2536=IFCINDEXEDPOLYGONALFACE((421,3210,1493,3208));
#2537=IFCINDEXEDPOLYGONALFACE((441,3211,1494,3212));
#2538=IFCINDEXEDPOLYGONALFACE((3211,439,3210,1494));
#2539=IFCINDEXEDPOLYGONALFACE((421,3212,1494,3210));
#2540=IFCINDEXEDPOLYGONALFACE((443,3213,1495,3214));
#2541=IFCINDEXEDPOLYGONALFACE((3213,441,3212,1495));
#2542=IFCINDEXEDPOLYGONALFACE((421,3214,1495,3212));
#2543=IFCINDEXEDPOLYGONALFACE((445,3215,1496,3216));
#2544=IFCINDEXEDPOLYGONALFACE((3215,443,3214,1496));
#2545=IFCINDEXEDPOLYGONALFACE((421,3216,1496,3214));
#2546=IFCINDEXEDPOLYGONALFACE((447,3217,1497,3218));
#2547=IFCINDEXEDPOLYGONALFACE((3217,445,3216,1497));
#2548=IFCINDEXEDPOLYGONALFACE((421,3218,1497,3216));
#2549=IFCINDEXEDPOLYGONALFACE((449,3219,1498,3220));
#2550=IFCINDEXEDPOLYGONALFACE((3219,447,3218,1498));
#2551=IFCINDEXEDPOLYGONALFACE((421,3220,1498,3218));
#2552=IFCINDEXEDPOLYGONALFACE((451,3221,1499,3222));
#2553=IFCINDEXEDPOLYGONALFACE((3221,449,3220,1499));
#2554=IFCINDEXEDPOLYGONALFACE((421,3222,1499,3220));
#2555=IFCINDEXEDPOLYGONALFACE((453,3223,1500,3224));
#2556=IFCINDEXEDPOLYGONALFACE((3223,451,3222,1500));
#2557=IFCINDEXEDPOLYGONALFACE((421,3224,1500,3222));
#2558=IFCINDEXEDPOLYGONALFACE((455,3225,1501,3226));
#2559=IFCINDEXEDPOLYGONALFACE((3225,453,3224,1501));
#2560=IFCINDEXEDPOLYGONALFACE((421,3226,1501,3224));
#2561=IFCINDEXEDPOLYGONALFACE((457,3227,1502,3228));
#2562=IFCINDEXEDPOLYGONALFACE((3227,455,3226,1502));
#2563=IFCINDEXEDPOLYGONALFACE((421,3228,1502,3226));
#2564=IFCINDEXEDPOLYGONALFACE((459,3229,1503,3230));
#2565=IFCINDEXEDPOLYGONALFACE((3229,457,3228,1503));
#2566=IFCINDEXEDPOLYGONALFACE((421,3230,1503,3228));
#2567=IFCINDEXEDPOLYGONALFACE((461,3231,1504,3232));
#2568=IFCINDEXEDPOLYGONALFACE((3231,459,3230,1504));
#2569=IFCINDEXEDPOLYGONALFACE((421,3232,1504,3230));
#2570=IFCINDEXEDPOLYGONALFACE((463,3233,1505,3234));
#2571=IFCINDEXEDPOLYGONALFACE((3233,461,3232,1505));
#2572=IFCINDEXEDPOLYGONALFACE((421,3234,1505,3232));
#2573=IFCINDEXEDPOLYGONALFACE((465,3235,1506,3236));
#2574=IFCINDEXEDPOLYGONALFACE((3235,463,3234,1506));
#2575=IFCINDEXEDPOLYGONALFACE((421,3236,1506,3234));
#2576=IFCINDEXEDPOLYGONALFACE((467,3237,1507,3238));
#2577=IFCINDEXEDPOLYGONALFACE((3237,465,3236,1507));
#2578=IFCINDEXEDPOLYGONALFACE((421,3238,1507,3236));
#2579=IFCINDEXEDPOLYGONALFACE((469,3239,1508,3240));
#2580=IFCINDEXEDPOLYGONALFACE((3239,467,3238,1508));
#2581=IFCINDEXEDPOLYGONALFACE((421,3240,1508,3238));
#2582=IFCINDEXEDPOLYGONALFACE((471,3241,1509,3242));
#2583=IFCINDEXEDPOLYGONALFACE((3241,469,3240,1509));
#2584=IFCINDEXEDPOLYGONALFACE((421,3242,1509,3240));
#2585=IFCINDEXEDPOLYGONALFACE((473,3243,1510,3244));
#2586=IFCINDEXEDPOLYGONALFACE((3243,471,3242,1510));
#2587=IFCINDEXEDPOLYGONALFACE((421,3244,1510,3242));
#2588=IFCINDEXEDPOLYGONALFACE((475,3245,1511,3246));
#2589=IFCINDEXEDPOLYGONALFACE((3245,473,3244,1511));
#2590=IFCINDEXEDPOLYGONALFACE((421,3246,1511,3244));
#2591=IFCINDEXEDPOLYGONALFACE((477,3247,1512,3248));
#2592=IFCINDEXEDPOLYGONALFACE((3247,475,3246,1512));
#2593=IFCINDEXEDPOLYGONALFACE((421,3248,1512,3246));
#2594=IFCINDEXEDPOLYGONALFACE((422,3249,1513,3195));
#2595=IFCINDEXEDPOLYGONALFACE((3249,477,3248,1513));
#2596=IFCINDEXEDPOLYGONALFACE((421,3195,1513,3248));
#2597=IFCINDEXEDPOLYGONALFACE((424,1738,1514,3251));
#2598=IFCINDEXEDPOLYGONALFACE((1738,423,3250,1514));
#2599=IFCINDEXEDPOLYGONALFACE((422,3194,1514,3250));
#2600=IFCINDEXEDPOLYGONALFACE((3194,425,3251,1514));
#2601=IFCINDEXEDPOLYGONALFACE((426,1742,1515,3252));
#2602=IFCINDEXEDPOLYGONALFACE((1742,424,3251,1515));
#2603=IFCINDEXEDPOLYGONALFACE((425,3197,1515,3251));
#2604=IFCINDEXEDPOLYGONALFACE((3197,427,3252,1515));
#2605=IFCINDEXEDPOLYGONALFACE((428,1750,1516,3253));
#2606=IFCINDEXEDPOLYGONALFACE((1750,426,3252,1516));
#2607=IFCINDEXEDPOLYGONALFACE((427,3199,1516,3252));
#2608=IFCINDEXEDPOLYGONALFACE((3199,429,3253,1516));
#2609=IFCINDEXEDPOLYGONALFACE((430,1753,1517,3254));
#2610=IFCINDEXEDPOLYGONALFACE((1753,428,3253,1517));
#2611=IFCINDEXEDPOLYGONALFACE((429,3201,1517,3253));
#2612=IFCINDEXEDPOLYGONALFACE((3201,431,3254,1517));
#2613=IFCINDEXEDPOLYGONALFACE((432,1760,1518,3255));
#2614=IFCINDEXEDPOLYGONALFACE((1760,430,3254,1518));
#2615=IFCINDEXEDPOLYGONALFACE((431,3203,1518,3254));
#2616=IFCINDEXEDPOLYGONALFACE((3203,433,3255,1518));
#2617=IFCINDEXEDPOLYGONALFACE((434,1763,1519,3256));
#2618=IFCINDEXEDPOLYGONALFACE((1763,432,3255,1519));
#2619=IFCINDEXEDPOLYGONALFACE((433,3205,1519,3255));
#2620=IFCINDEXEDPOLYGONALFACE((3205,435,3256,1519));
#2621=IFCINDEXEDPOLYGONALFACE((436,1770,1520,3257));
#2622=IFCINDEXEDPOLYGONALFACE((1770,434,3256,1520));
#2623=IFCINDEXEDPOLYGONALFACE((435,3207,1520,3256));
#2624=IFCINDEXEDPOLYGONALFACE((3207,437,3257,1520));
#2625=IFCINDEXEDPOLYGONALFACE((438,1773,1521,3258));
#2626=IFCINDEXEDPOLYGONALFACE((1773,436,3257,1521));
#2627=IFCINDEXEDPOLYGONALFACE((437,3209,1521,3257));
#2628=IFCINDEXEDPOLYGONALFACE((3209,439,3258,1521));
#2629=IFCINDEXEDPOLYGONALFACE((440,1780,1522,3259));
#2630=IFCINDEXEDPOLYGONALFACE((1780,438,3258,1522));
#2631=IFCINDEXEDPOLYGONALFACE((439,3211,1522,3258));
#2632=IFCINDEXEDPOLYGONALFACE((3211,441,3259,1522));
#2633=IFCINDEXEDPOLYGONALFACE((442,1783,1523,3260));
#2634=IFCINDEXEDPOLYGONALFACE((1783,440,3259,1523));
#2635=IFCINDEXEDPOLYGONALFACE((441,3213,1523,3259));
#2636=IFCINDEXEDPOLYGONALFACE((3213,443,3260,1523));
#2637=IFCINDEXEDPOLYGONALFACE((444,1790,1524,3261));
#2638=IFCINDEXEDPOLYGONALFACE((1790,442,3260,1524));
#2639=IFCINDEXEDPOLYGONALFACE((443,3215,1524,3260));
#2640=IFCINDEXEDPOLYGONALFACE((3215,445,3261,1524));
#2641=IFCINDEXEDPOLYGONALFACE((446,1793,1525,3262));
#2642=IFCINDEXEDPOLYGONALFACE((1793,444,3261,1525));
#2643=IFCINDEXEDPOLYGONALFACE((445,3217,1525,3261));
#2644=IFCINDEXEDPOLYGONALFACE((3217,447,3262,1525));
#2645=IFCINDEXEDPOLYGONALFACE((448,1800,1526,3263));
#2646=IFCINDEXEDPOLYGONALFACE((1800,446,3262,1526));
#2647=IFCINDEXEDPOLYGONALFACE((447,3219,1526,3262));
#2648=IFCINDEXEDPOLYGONALFACE((3219,449,3263,1526));
#2649=IFCINDEXEDPOLYGONALFACE((450,1803,1527,3264));
#2650=IFCINDEXEDPOLYGONALFACE((1803,448,3263,1527));
#2651=IFCINDEXEDPOLYGONALFACE((449,3221,1527,3263));
#2652=IFCINDEXEDPOLYGONALFACE((3221,451,3264,1527));
#2653=IFCINDEXEDPOLYGONALFACE((452,1810,1528,3265));
#2654=IFCINDEXEDPOLYGONALFACE((1810,450,3264,1528));
#2655=IFCINDEXEDPOLYGONALFACE((451,3223,1528,3264));
#2656=IFCINDEXEDPOLYGONALFACE((3223,453,3265,1528));
#2657=IFCINDEXEDPOLYGONALFACE((454,1813,1529,3266));
#2658=IFCINDEXEDPOLYGONALFACE((1813,452,3265,1529));
#2659=IFCINDEXEDPOLYGONALFACE((453,3225,1529,3265));
#2660=IFCINDEXEDPOLYGONALFACE((3225,455,3266,1529));
#2661=IFCINDEXEDPOLYGONALFACE((456,1820,1530,3267));
#2662=IFCINDEXEDPOLYGONALFACE((1820,454,3266,1530));
#2663=IFCINDEXEDPOLYGONALFACE((455,3227,1530,3266));
#2664=IFCINDEXEDPOLYGONALFACE((3227,457,3267,1530));
#2665=IFCINDEXEDPOLYGONALFACE((458,1823,1531,3268));
#2666=IFCINDEXEDPOLYGONALFACE((1823,456,3267,1531));
#2667=IFCINDEXEDPOLYGONALFACE((457,3229,1531,3267));
#2668=IFCINDEXEDPOLYGONALFACE((3229,459,3268,1531));
#2669=IFCINDEXEDPOLYGONALFACE((460,1830,1532,3269));
#2670=IFCINDEXEDPOLYGONALFACE((1830,458,3268,1532));
#2671=IFCINDEXEDPOLYGONALFACE((459,3231,1532,3268));
#2672=IFCINDEXEDPOLYGONALFACE((3231,461,3269,1532));
#2673=IFCINDEXEDPOLYGONALFACE((462,1833,1533,3270));
#2674=IFCINDEXEDPOLYGONALFACE((1833,460,3269,1533));
#2675=IFCINDEXEDPOLYGONALFACE((461,3233,1533,3269));
#2676=IFCINDEXEDPOLYGONALFACE((3233,463,3270,1533));
#2677=IFCINDEXEDPOLYGONALFACE((464,1840,1534,3271));
#2678=IFCINDEXEDPOLYGONALFACE((1840,462,3270,1534));
#2679=IFCINDEXEDPOLYGONALFACE((463,3235,1534,3270));
#2680=IFCINDEXEDPOLYGONALFACE((3235,465,3271,1534));
#2681=IFCINDEXEDPOLYGONALFACE((466,1843,1535,3272));
#2682=IFCINDEXEDPOLYGONALFACE((1843,464,3271,1535));
#2683=IFCINDEXEDPOLYGONALFACE((465,3237,1535,3271));
#2684=IFCINDEXEDPOLYGONALFACE((3237,467,3272,1535));
#2685=IFCINDEXEDPOLYGONALFACE((468,1850,1536,3273));
#2686=IFCINDEXEDPOLYGONALFACE((1850,466,3272,1536));
#2687=IFCINDEXEDPOLYGONALFACE((467,3239,1536,3272));
#2688=IFCINDEXEDPOLYGONALFACE((3239,469,3273,1536));
#2689=IFCINDEXEDPOLYGONALFACE((470,1853,1537,3274));
#2690=IFCINDEXEDPOLYGONALFACE((1853,468,3273,1537));
#2691=IFCINDEXEDPOLYGONALFACE((469,3241,1537,3273));
#2692=IFCINDEXEDPOLYGONALFACE((3241,471,3274,1537));
#2693=IFCINDEXEDPOLYGONALFACE((472,1860,1538,3275));
#2694=IFCINDEXEDPOLYGONALFACE((1860,470,3274,1538));
#2695=IFCINDEXEDPOLYGONALFACE((471,3243,1538,3274));
#2696=IFCINDEXEDPOLYGONALFACE((3243,473,3275,1538));
#2697=IFCINDEXEDPOLYGONALFACE((474,1863,1539,3276));
#2698=IFCINDEXEDPOLYGONALFACE((1863,472,3275,1539));
#2699=IFCINDEXEDPOLYGONALFACE((473,3245,1539,3275));
#2700=IFCINDEXEDPOLYGONALFACE((3245,475,3276,1539));
#2701=IFCINDEXEDPOLYGONALFACE((476,1870,1540,3277));
#2702=IFCINDEXEDPOLYGONALFACE((1870,474,3276,1540));
#2703=IFCINDEXEDPOLYGONALFACE((475,3247,1540,3276));
#2704=IFCINDEXEDPOLYGONALFACE((3247,477,3277,1540));
#2705=IFCINDEXEDPOLYGONALFACE((423,1873,1541,3250));
#2706=IFCINDEXEDPOLYGONALFACE((1873,476,3277,1541));
#2707=IFCINDEXEDPOLYGONALFACE((477,3249,1541,3277));
#2708=IFCINDEXEDPOLYGONALFACE((3249,422,3250,1541));
#2709=IFCINDEXEDPOLYGONALFACE((482,2551,1542,3279));
#2710=IFCINDEXEDPOLYGONALFACE((2551,480,3278,1542));
#2711=IFCINDEXEDPOLYGONALFACE((481,2610,1542,3278));
#2712=IFCINDEXEDPOLYGONALFACE((2610,483,3279,1542));
#2713=IFCINDEXEDPOLYGONALFACE((480,2554,1543,3278));
#2714=IFCINDEXEDPOLYGONALFACE((2554,479,3280,1543));
#2715=IFCINDEXEDPOLYGONALFACE((478,2606,1543,3280));
#2716=IFCINDEXEDPOLYGONALFACE((2606,481,3278,1543));
#2717=IFCINDEXEDPOLYGONALFACE((479,2556,1544,3280));
#2718=IFCINDEXEDPOLYGONALFACE((2556,486,3281,1544));
#2719=IFCINDEXEDPOLYGONALFACE((487,2617,1544,3281));
#2720=IFCINDEXEDPOLYGONALFACE((2617,478,3280,1544));
#2721=IFCINDEXEDPOLYGONALFACE((486,2558,1545,3281));
#2722=IFCINDEXEDPOLYGONALFACE((2558,485,3282,1545));
#2723=IFCINDEXEDPOLYGONALFACE((484,2613,1545,3282));
#2724=IFCINDEXEDPOLYGONALFACE((2613,487,3281,1545));
#2725=IFCINDEXEDPOLYGONALFACE((485,2560,1546,3282));
#2726=IFCINDEXEDPOLYGONALFACE((2560,490,3283,1546));
#2727=IFCINDEXEDPOLYGONALFACE((491,2623,1546,3283));
#2728=IFCINDEXEDPOLYGONALFACE((2623,484,3282,1546));
#2729=IFCINDEXEDPOLYGONALFACE((490,2562,1547,3283));
#2730=IFCINDEXEDPOLYGONALFACE((2562,489,3284,1547));
#2731=IFCINDEXEDPOLYGONALFACE((488,2619,1547,3284));
#2732=IFCINDEXEDPOLYGONALFACE((2619,491,3283,1547));
#2733=IFCINDEXEDPOLYGONALFACE((489,2564,1548,3284));
#2734=IFCINDEXEDPOLYGONALFACE((2564,494,3285,1548));
#2735=IFCINDEXEDPOLYGONALFACE((495,2629,1548,3285));
#2736=IFCINDEXEDPOLYGONALFACE((2629,488,3284,1548));
#2737=IFCINDEXEDPOLYGONALFACE((494,2566,1549,3285));
#2738=IFCINDEXEDPOLYGONALFACE((2566,493,3286,1549));
#2739=IFCINDEXEDPOLYGONALFACE((492,2625,1549,3286));
#2740=IFCINDEXEDPOLYGONALFACE((2625,495,3285,1549));
#2741=IFCINDEXEDPOLYGONALFACE((493,2568,1550,3286));
#2742=IFCINDEXEDPOLYGONALFACE((2568,498,3287,1550));
#2743=IFCINDEXEDPOLYGONALFACE((499,2635,1550,3287));
#2744=IFCINDEXEDPOLYGONALFACE((2635,492,3286,1550));
#2745=IFCINDEXEDPOLYGONALFACE((498,2570,1551,3287));
#2746=IFCINDEXEDPOLYGONALFACE((2570,497,3288,1551));
#2747=IFCINDEXEDPOLYGONALFACE((496,2631,1551,3288));
#2748=IFCINDEXEDPOLYGONALFACE((2631,499,3287,1551));
#2749=IFCINDEXEDPOLYGONALFACE((497,2572,1552,3288));
#2750=IFCINDEXEDPOLYGONALFACE((2572,502,3289,1552));
#2751=IFCINDEXEDPOLYGONALFACE((503,2641,1552,3289));
#2752=IFCINDEXEDPOLYGONALFACE((2641,496,3288,1552));
#2753=IFCINDEXEDPOLYGONALFACE((502,2574,1553,3289));
#2754=IFCINDEXEDPOLYGONALFACE((2574,501,3290,1553));
#2755=IFCINDEXEDPOLYGONALFACE((500,2637,1553,3290));
#2756=IFCINDEXEDPOLYGONALFACE((2637,503,3289,1553));
#2757=IFCINDEXEDPOLYGONALFACE((501,2576,1554,3290));
#2758=IFCINDEXEDPOLYGONALFACE((2576,506,3291,1554));
#2759=IFCINDEXEDPOLYGONALFACE((507,2647,1554,3291));
#2760=IFCINDEXEDPOLYGONALFACE((2647,500,3290,1554));
#2761=IFCINDEXEDPOLYGONALFACE((506,2578,1555,3291));
#2762=IFCINDEXEDPOLYGONALFACE((2578,505,3292,1555));
#2763=IFCINDEXEDPOLYGONALFACE((504,2643,1555,3292));
#2764=IFCINDEXEDPOLYGONALFACE((2643,507,3291,1555));
#2765=IFCINDEXEDPOLYGONALFACE((505,2580,1556,3292));
#2766=IFCINDEXEDPOLYGONALFACE((2580,510,3293,1556));
#2767=IFCINDEXEDPOLYGONALFACE((511,2653,1556,3293));
#2768=IFCINDEXEDPOLYGONALFACE((2653,504,3292,1556));
#2769=IFCINDEXEDPOLYGONALFACE((510,2582,1557,3293));
#2770=IFCINDEXEDPOLYGONALFACE((2582,509,3294,1557));
#2771=IFCINDEXEDPOLYGONALFACE((508,2649,1557,3294));
#2772=IFCINDEXEDPOLYGONALFACE((2649,511,3293,1557));
#2773=IFCINDEXEDPOLYGONALFACE((509,2584,1558,3294));
#2774=IFCINDEXEDPOLYGONALFACE((2584,514,3295,1558));
#2775=IFCINDEXEDPOLYGONALFACE((515,2659,1558,3295));
#2776=IFCINDEXEDPOLYGONALFACE((2659,508,3294,1558));
#2777=IFCINDEXEDPOLYGONALFACE((514,2586,1559,3295));
#2778=IFCINDEXEDPOLYGONALFACE((2586,513,3296,1559));
#2779=IFCINDEXEDPOLYGONALFACE((512,2655,1559,3296));
#2780=IFCINDEXEDPOLYGONALFACE((2655,515,3295,1559));
#2781=IFCINDEXEDPOLYGONALFACE((513,2588,1560,3296));
#2782=IFCINDEXEDPOLYGONALFACE((2588,518,3297,1560));
#2783=IFCINDEXEDPOLYGONALFACE((519,2665,1560,3297));
#2784=IFCINDEXEDPOLYGONALFACE((2665,512,3296,1560));
#2785=IFCINDEXEDPOLYGONALFACE((518,2590,1561,3297));
#2786=IFCINDEXEDPOLYGONALFACE((2590,517,3298,1561));
#2787=IFCINDEXEDPOLYGONALFACE((516,2661,1561,3298));
#2788=IFCINDEXEDPOLYGONALFACE((2661,519,3297,1561));
#2789=IFCINDEXEDPOLYGONALFACE((517,2592,1562,3298));
#2790=IFCINDEXEDPOLYGONALFACE((2592,522,3299,1562));
#2791=IFCINDEXEDPOLYGONALFACE((523,2671,1562,3299));
#2792=IFCINDEXEDPOLYGONALFACE((2671,516,3298,1562));
#2793=IFCINDEXEDPOLYGONALFACE((522,2594,1563,3299));
#2794=IFCINDEXEDPOLYGONALFACE((2594,521,3300,1563));
#2795=IFCINDEXEDPOLYGONALFACE((520,2667,1563,3300));
#2796=IFCINDEXEDPOLYGONALFACE((2667,523,3299,1563));
#2797=IFCINDEXEDPOLYGONALFACE((521,2596,1564,3300));
#2798=IFCINDEXEDPOLYGONALFACE((2596,526,3301,1564));
#2799=IFCINDEXEDPOLYGONALFACE((527,2677,1564,3301));
#2800=IFCINDEXEDPOLYGONALFACE((2677,520,3300,1564));
#2801=IFCINDEXEDPOLYGONALFACE((526,2598,1565,3301));
#2802=IFCINDEXEDPOLYGONALFACE((2598,525,3302,1565));
#2803=IFCINDEXEDPOLYGONALFACE((524,2673,1565,3302));
#2804=IFCINDEXEDPOLYGONALFACE((2673,527,3301,1565));
#2805=IFCINDEXEDPOLYGONALFACE((525,2600,1566,3302));
#2806=IFCINDEXEDPOLYGONALFACE((2600,530,3303,1566));
#2807=IFCINDEXEDPOLYGONALFACE((531,2683,1566,3303));
#2808=IFCINDEXEDPOLYGONALFACE((2683,524,3302,1566));
#2809=IFCINDEXEDPOLYGONALFACE((530,2602,1567,3303));
#2810=IFCINDEXEDPOLYGONALFACE((2602,529,3304,1567));
#2811=IFCINDEXEDPOLYGONALFACE((528,2679,1567,3304));
#2812=IFCINDEXEDPOLYGONALFACE((2679,531,3303,1567));
#2813=IFCINDEXEDPOLYGONALFACE((529,2604,1568,3304));
#2814=IFCINDEXEDPOLYGONALFACE((2604,532,3305,1568));
#2815=IFCINDEXEDPOLYGONALFACE((533,2688,1568,3305));
#2816=IFCINDEXEDPOLYGONALFACE((2688,528,3304,1568));
#2817=IFCINDEXEDPOLYGONALFACE((532,2605,1569,3305));
#2818=IFCINDEXEDPOLYGONALFACE((2605,482,3279,1569));
#2819=IFCINDEXEDPOLYGONALFACE((483,2685,1569,3279));
#2820=IFCINDEXEDPOLYGONALFACE((2685,533,3305,1569));
#2821=IFCINDEXEDPOLYGONALFACE((536,2608,1570,3307));
#2822=IFCINDEXEDPOLYGONALFACE((2608,535,3306,1570));
#2823=IFCINDEXEDPOLYGONALFACE((534,2690,1570,3306));
#2824=IFCINDEXEDPOLYGONALFACE((2690,537,3307,1570));
#2825=IFCINDEXEDPOLYGONALFACE((538,2611,1571,3308));
#2826=IFCINDEXEDPOLYGONALFACE((2611,536,3307,1571));
#2827=IFCINDEXEDPOLYGONALFACE((537,2694,1571,3307));
#2828=IFCINDEXEDPOLYGONALFACE((2694,539,3308,1571));
#2829=IFCINDEXEDPOLYGONALFACE((542,2615,1572,3310));
#2830=IFCINDEXEDPOLYGONALFACE((2615,541,3309,1572));
#2831=IFCINDEXEDPOLYGONALFACE((540,2697,1572,3309));
#2832=IFCINDEXEDPOLYGONALFACE((2697,543,3310,1572));
#2833=IFCINDEXEDPOLYGONALFACE((535,2618,1573,3306));
#2834=IFCINDEXEDPOLYGONALFACE((2618,542,3310,1573));
#2835=IFCINDEXEDPOLYGONALFACE((543,2701,1573,3310));
#2836=IFCINDEXEDPOLYGONALFACE((2701,534,3306,1573));
#2837=IFCINDEXEDPOLYGONALFACE((546,2621,1574,3312));
#2838=IFCINDEXEDPOLYGONALFACE((2621,545,3311,1574));
#2839=IFCINDEXEDPOLYGONALFACE((544,2703,1574,3311));
#2840=IFCINDEXEDPOLYGONALFACE((2703,547,3312,1574));
#2841=IFCINDEXEDPOLYGONALFACE((541,2624,1575,3309));
#2842=IFCINDEXEDPOLYGONALFACE((2624,546,3312,1575));
#2843=IFCINDEXEDPOLYGONALFACE((547,2707,1575,3312));
#2844=IFCINDEXEDPOLYGONALFACE((2707,540,3309,1575));
#2845=IFCINDEXEDPOLYGONALFACE((550,2627,1576,3314));
#2846=IFCINDEXEDPOLYGONALFACE((2627,549,3313,1576));
#2847=IFCINDEXEDPOLYGONALFACE((548,2709,1576,3313));
#2848=IFCINDEXEDPOLYGONALFACE((2709,551,3314,1576));
#2849=IFCINDEXEDPOLYGONALFACE((545,2630,1577,3311));
#2850=IFCINDEXEDPOLYGONALFACE((2630,550,3314,1577));
#2851=IFCINDEXEDPOLYGONALFACE((551,2713,1577,3314));
#2852=IFCINDEXEDPOLYGONALFACE((2713,544,3311,1577));
#2853=IFCINDEXEDPOLYGONALFACE((554,2633,1578,3316));
#2854=IFCINDEXEDPOLYGONALFACE((2633,553,3315,1578));
#2855=IFCINDEXEDPOLYGONALFACE((552,2715,1578,3315));
#2856=IFCINDEXEDPOLYGONALFACE((2715,555,3316,1578));
#2857=IFCINDEXEDPOLYGONALFACE((549,2636,1579,3313));
#2858=IFCINDEXEDPOLYGONALFACE((2636,554,3316,1579));
#2859=IFCINDEXEDPOLYGONALFACE((555,2719,1579,3316));
#2860=IFCINDEXEDPOLYGONALFACE((2719,548,3313,1579));
#2861=IFCINDEXEDPOLYGONALFACE((558,2639,1580,3318));
#2862=IFCINDEXEDPOLYGONALFACE((2639,557,3317,1580));
#2863=IFCINDEXEDPOLYGONALFACE((556,2721,1580,3317));
#2864=IFCINDEXEDPOLYGONALFACE((2721,559,3318,1580));
#2865=IFCINDEXEDPOLYGONALFACE((553,2642,1581,3315));
#2866=IFCINDEXEDPOLYGONALFACE((2642,558,3318,1581));
#2867=IFCINDEXEDPOLYGONALFACE((559,2725,1581,3318));
#2868=IFCINDEXEDPOLYGONALFACE((2725,552,3315,1581));
#2869=IFCINDEXEDPOLYGONALFACE((562,2645,1582,3320));
#2870=IFCINDEXEDPOLYGONALFACE((2645,561,3319,1582));
#2871=IFCINDEXEDPOLYGONALFACE((560,2727,1582,3319));
#2872=IFCINDEXEDPOLYGONALFACE((2727,563,3320,1582));
#2873=IFCINDEXEDPOLYGONALFACE((557,2648,1583,3317));
#2874=IFCINDEXEDPOLYGONALFACE((2648,562,3320,1583));
#2875=IFCINDEXEDPOLYGONALFACE((563,2731,1583,3320));
#2876=IFCINDEXEDPOLYGONALFACE((2731,556,3317,1583));
#2877=IFCINDEXEDPOLYGONALFACE((566,2651,1584,3322));
#2878=IFCINDEXEDPOLYGONALFACE((2651,565,3321,1584));
#2879=IFCINDEXEDPOLYGONALFACE((564,2733,1584,3321));
#2880=IFCINDEXEDPOLYGONALFACE((2733,567,3322,1584));
#2881=IFCINDEXEDPOLYGONALFACE((561,2654,1585,3319));
#2882=IFCINDEXEDPOLYGONALFACE((2654,566,3322,1585));
#2883=IFCINDEXEDPOLYGONALFACE((567,2737,1585,3322));
#2884=IFCINDEXEDPOLYGONALFACE((2737,560,3319,1585));
#2885=IFCINDEXEDPOLYGONALFACE((570,2657,1586,3324));
#2886=IFCINDEXEDPOLYGONALFACE((2657,569,3323,1586));
#2887=IFCINDEXEDPOLYGONALFACE((568,2739,1586,3323));
#2888=IFCINDEXEDPOLYGONALFACE((2739,571,3324,1586));
#2889=IFCINDEXEDPOLYGONALFACE((565,2660,1587,3321));
#2890=IFCINDEXEDPOLYGONALFACE((2660,570,3324,1587));
#2891=IFCINDEXEDPOLYGONALFACE((571,2743,1587,3324));
#2892=IFCINDEXEDPOLYGONALFACE((2743,564,3321,1587));
#2893=IFCINDEXEDPOLYGONALFACE((574,2663,1588,3326));
#2894=IFCINDEXEDPOLYGONALFACE((2663,573,3325,1588));
#2895=IFCINDEXEDPOLYGONALFACE((572,2745,1588,3325));
#2896=IFCINDEXEDPOLYGONALFACE((2745,575,3326,1588));
#2897=IFCINDEXEDPOLYGONALFACE((569,2666,1589,3323));
#2898=IFCINDEXEDPOLYGONALFACE((2666,574,3326,1589));
#2899=IFCINDEXEDPOLYGONALFACE((575,2749,1589,3326));
#2900=IFCINDEXEDPOLYGONALFACE((2749,568,3323,1589));
#2901=IFCINDEXEDPOLYGONALFACE((578,2669,1590,3328));
#2902=IFCINDEXEDPOLYGONALFACE((2669,577,3327,1590));
#2903=IFCINDEXEDPOLYGONALFACE((576,2751,1590,3327));
#2904=IFCINDEXEDPOLYGONALFACE((2751,579,3328,1590));
#2905=IFCINDEXEDPOLYGONALFACE((573,2672,1591,3325));
#2906=IFCINDEXEDPOLYGONALFACE((2672,578,3328,1591));
#2907=IFCINDEXEDPOLYGONALFACE((579,2755,1591,3328));
#2908=IFCINDEXEDPOLYGONALFACE((2755,572,3325,1591));
#2909=IFCINDEXEDPOLYGONALFACE((582,2675,1592,3330));
#2910=IFCINDEXEDPOLYGONALFACE((2675,581,3329,1592));
#2911=IFCINDEXEDPOLYGONALFACE((580,2757,1592,3329));
#2912=IFCINDEXEDPOLYGONALFACE((2757,583,3330,1592));
#2913=IFCINDEXEDPOLYGONALFACE((577,2678,1593,3327));
#2914=IFCINDEXEDPOLYGONALFACE((2678,582,3330,1593));
#2915=IFCINDEXEDPOLYGONALFACE((583,2761,1593,3330));
#2916=IFCINDEXEDPOLYGONALFACE((2761,576,3327,1593));
#2917=IFCINDEXEDPOLYGONALFACE((586,2681,1594,3332));
#2918=IFCINDEXEDPOLYGONALFACE((2681,585,3331,1594));
#2919=IFCINDEXEDPOLYGONALFACE((584,2763,1594,3331));
#2920=IFCINDEXEDPOLYGONALFACE((2763,587,3332,1594));
#2921=IFCINDEXEDPOLYGONALFACE((581,2684,1595,3329));
#2922=IFCINDEXEDPOLYGONALFACE((2684,586,3332,1595));
#2923=IFCINDEXEDPOLYGONALFACE((587,2767,1595,3332));
#2924=IFCINDEXEDPOLYGONALFACE((2767,580,3329,1595));
#2925=IFCINDEXEDPOLYGONALFACE((588,2686,1596,3333));
#2926=IFCINDEXEDPOLYGONALFACE((2686,538,3308,1596));
#2927=IFCINDEXEDPOLYGONALFACE((539,2769,1596,3308));
#2928=IFCINDEXEDPOLYGONALFACE((2769,589,3333,1596));
#2929=IFCINDEXEDPOLYGONALFACE((585,2689,1597,3331));
#2930=IFCINDEXEDPOLYGONALFACE((2689,588,3333,1597));
#2931=IFCINDEXEDPOLYGONALFACE((589,2772,1597,3333));
#2932=IFCINDEXEDPOLYGONALFACE((2772,584,3331,1597));
#2933=IFCINDEXEDPOLYGONALFACE((592,3055,1598,3335));
#2934=IFCINDEXEDPOLYGONALFACE((3055,591,3334,1598));
#2935=IFCINDEXEDPOLYGONALFACE((590,3110,1598,3334));
#2936=IFCINDEXEDPOLYGONALFACE((3110,593,3335,1598));
#2937=IFCINDEXEDPOLYGONALFACE((594,3057,1599,3336));
#2938=IFCINDEXEDPOLYGONALFACE((3057,592,3335,1599));
#2939=IFCINDEXEDPOLYGONALFACE((593,3114,1599,3335));
#2940=IFCINDEXEDPOLYGONALFACE((3114,595,3336,1599));
#2941=IFCINDEXEDPOLYGONALFACE((598,3060,1600,3338));
#2942=IFCINDEXEDPOLYGONALFACE((3060,597,3337,1600));
#2943=IFCINDEXEDPOLYGONALFACE((596,3117,1600,3337));
#2944=IFCINDEXEDPOLYGONALFACE((3117,599,3338,1600));
#2945=IFCINDEXEDPOLYGONALFACE((591,3062,1601,3334));
#2946=IFCINDEXEDPOLYGONALFACE((3062,598,3338,1601));
#2947=IFCINDEXEDPOLYGONALFACE((599,3121,1601,3338));
#2948=IFCINDEXEDPOLYGONALFACE((3121,590,3334,1601));
#2949=IFCINDEXEDPOLYGONALFACE((602,3064,1602,3340));
#2950=IFCINDEXEDPOLYGONALFACE((3064,601,3339,1602));
#2951=IFCINDEXEDPOLYGONALFACE((600,3123,1602,3339));
#2952=IFCINDEXEDPOLYGONALFACE((3123,603,3340,1602));
#2953=IFCINDEXEDPOLYGONALFACE((597,3066,1603,3337));
#2954=IFCINDEXEDPOLYGONALFACE((3066,602,3340,1603));
#2955=IFCINDEXEDPOLYGONALFACE((603,3127,1603,3340));
#2956=IFCINDEXEDPOLYGONALFACE((3127,596,3337,1603));
#2957=IFCINDEXEDPOLYGONALFACE((606,3068,1604,3342));
#2958=IFCINDEXEDPOLYGONALFACE((3068,605,3341,1604));
#2959=IFCINDEXEDPOLYGONALFACE((604,3129,1604,3341));
#2960=IFCINDEXEDPOLYGONALFACE((3129,607,3342,1604));
#2961=IFCINDEXEDPOLYGONALFACE((601,3070,1605,3339));
#2962=IFCINDEXEDPOLYGONALFACE((3070,606,3342,1605));
#2963=IFCINDEXEDPOLYGONALFACE((607,3133,1605,3342));
#2964=IFCINDEXEDPOLYGONALFACE((3133,600,3339,1605));
#2965=IFCINDEXEDPOLYGONALFACE((610,3072,1606,3344));
#2966=IFCINDEXEDPOLYGONALFACE((3072,609,3343,1606));
#2967=IFCINDEXEDPOLYGONALFACE((608,3135,1606,3343));
#2968=IFCINDEXEDPOLYGONALFACE((3135,611,3344,1606));
#2969=IFCINDEXEDPOLYGONALFACE((605,3074,1607,3341));
#2970=IFCINDEXEDPOLYGONALFACE((3074,610,3344,1607));
#2971=IFCINDEXEDPOLYGONALFACE((611,3139,1607,3344));
#2972=IFCINDEXEDPOLYGONALFACE((3139,604,3341,1607));
#2973=IFCINDEXEDPOLYGONALFACE((614,3076,1608,3346));
#2974=IFCINDEXEDPOLYGONALFACE((3076,613,3345,1608));
#2975=IFCINDEXEDPOLYGONALFACE((612,3141,1608,3345));
#2976=IFCINDEXEDPOLYGONALFACE((3141,615,3346,1608));
#2977=IFCINDEXEDPOLYGONALFACE((609,3078,1609,3343));
#2978=IFCINDEXEDPOLYGONALFACE((3078,614,3346,1609));
#2979=IFCINDEXEDPOLYGONALFACE((615,3145,1609,3346));
#2980=IFCINDEXEDPOLYGONALFACE((3145,608,3343,1609));
#2981=IFCINDEXEDPOLYGONALFACE((618,3080,1610,3348));
#2982=IFCINDEXEDPOLYGONALFACE((3080,617,3347,1610));
#2983=IFCINDEXEDPOLYGONALFACE((616,3147,1610,3347));
#2984=IFCINDEXEDPOLYGONALFACE((3147,619,3348,1610));
#2985=IFCINDEXEDPOLYGONALFACE((613,3082,1611,3345));
#2986=IFCINDEXEDPOLYGONALFACE((3082,618,3348,1611));
#2987=IFCINDEXEDPOLYGONALFACE((619,3151,1611,3348));
#2988=IFCINDEXEDPOLYGONALFACE((3151,612,3345,1611));
#2989=IFCINDEXEDPOLYGONALFACE((622,3084,1612,3350));
#2990=IFCINDEXEDPOLYGONALFACE((3084,621,3349,1612));
#2991=IFCINDEXEDPOLYGONALFACE((620,3153,1612,3349));
#2992=IFCINDEXEDPOLYGONALFACE((3153,623,3350,1612));
#2993=IFCINDEXEDPOLYGONALFACE((617,3086,1613,3347));
#2994=IFCINDEXEDPOLYGONALFACE((3086,622,3350,1613));
#2995=IFCINDEXEDPOLYGONALFACE((623,3157,1613,3350));
#2996=IFCINDEXEDPOLYGONALFACE((3157,616,3347,1613));
#2997=IFCINDEXEDPOLYGONALFACE((626,3088,1614,3352));
#2998=IFCINDEXEDPOLYGONALFACE((3088,625,3351,1614));
#2999=IFCINDEXEDPOLYGONALFACE((624,3159,1614,3351));
#3000=IFCINDEXEDPOLYGONALFACE((3159,627,3352,1614));
#3001=IFCINDEXEDPOLYGONALFACE((621,3090,1615,3349));
#3002=IFCINDEXEDPOLYGONALFACE((3090,626,3352,1615));
#3003=IFCINDEXEDPOLYGONALFACE((627,3163,1615,3352));
#3004=IFCINDEXEDPOLYGONALFACE((3163,620,3349,1615));
#3005=IFCINDEXEDPOLYGONALFACE((630,3092,1616,3354));
#3006=IFCINDEXEDPOLYGONALFACE((3092,629,3353,1616));
#3007=IFCINDEXEDPOLYGONALFACE((628,3165,1616,3353));
#3008=IFCINDEXEDPOLYGONALFACE((3165,631,3354,1616));
#3009=IFCINDEXEDPOLYGONALFACE((625,3094,1617,3351));
#3010=IFCINDEXEDPOLYGONALFACE((3094,630,3354,1617));
#3011=IFCINDEXEDPOLYGONALFACE((631,3169,1617,3354));
#3012=IFCINDEXEDPOLYGONALFACE((3169,624,3351,1617));
#3013=IFCINDEXEDPOLYGONALFACE((634,3096,1618,3356));
#3014=IFCINDEXEDPOLYGONALFACE((3096,633,3355,1618));
#3015=IFCINDEXEDPOLYGONALFACE((632,3171,1618,3355));
#3016=IFCINDEXEDPOLYGONALFACE((3171,635,3356,1618));
#3017=IFCINDEXEDPOLYGONALFACE((629,3098,1619,3353));
#3018=IFCINDEXEDPOLYGONALFACE((3098,634,3356,1619));
#3019=IFCINDEXEDPOLYGONALFACE((635,3175,1619,3356));
#3020=IFCINDEXEDPOLYGONALFACE((3175,628,3353,1619));
#3021=IFCINDEXEDPOLYGONALFACE((638,3100,1620,3358));
#3022=IFCINDEXEDPOLYGONALFACE((3100,637,3357,1620));
#3023=IFCINDEXEDPOLYGONALFACE((636,3177,1620,3357));
#3024=IFCINDEXEDPOLYGONALFACE((3177,639,3358,1620));
#3025=IFCINDEXEDPOLYGONALFACE((633,3102,1621,3355));
#3026=IFCINDEXEDPOLYGONALFACE((3102,638,3358,1621));
#3027=IFCINDEXEDPOLYGONALFACE((639,3181,1621,3358));
#3028=IFCINDEXEDPOLYGONALFACE((3181,632,3355,1621));
#3029=IFCINDEXEDPOLYGONALFACE((642,3104,1622,3360));
#3030=IFCINDEXEDPOLYGONALFACE((3104,641,3359,1622));
#3031=IFCINDEXEDPOLYGONALFACE((640,3183,1622,3359));
#3032=IFCINDEXEDPOLYGONALFACE((3183,643,3360,1622));
#3033=IFCINDEXEDPOLYGONALFACE((637,3106,1623,3357));
#3034=IFCINDEXEDPOLYGONALFACE((3106,642,3360,1623));
#3035=IFCINDEXEDPOLYGONALFACE((643,3187,1623,3360));
#3036=IFCINDEXEDPOLYGONALFACE((3187,636,3357,1623));
#3037=IFCINDEXEDPOLYGONALFACE((644,3107,1624,3361));
#3038=IFCINDEXEDPOLYGONALFACE((3107,594,3336,1624));
#3039=IFCINDEXEDPOLYGONALFACE((595,3189,1624,3336));
#3040=IFCINDEXEDPOLYGONALFACE((3189,645,3361,1624));
#3041=IFCINDEXEDPOLYGONALFACE((641,3109,1625,3359));
#3042=IFCINDEXEDPOLYGONALFACE((3109,644,3361,1625));
#3043=IFCINDEXEDPOLYGONALFACE((645,3192,1625,3361));
#3044=IFCINDEXEDPOLYGONALFACE((3192,640,3359,1625));
#3045=IFCINDEXEDPOLYGONALFACE((648,1991,1626,3363));
#3046=IFCINDEXEDPOLYGONALFACE((1991,647,3362,1626));
#3047=IFCINDEXEDPOLYGONALFACE((646,2001,1626,3362));
#3048=IFCINDEXEDPOLYGONALFACE((2001,649,3363,1626));
#3049=IFCINDEXEDPOLYGONALFACE((647,1994,1627,3362));
#3050=IFCINDEXEDPOLYGONALFACE((1994,651,3364,1627));
#3051=IFCINDEXEDPOLYGONALFACE((650,1997,1627,3364));
#3052=IFCINDEXEDPOLYGONALFACE((1997,646,3362,1627));
#3053=IFCINDEXEDPOLYGONALFACE((651,2003,1628,3364));
#3054=IFCINDEXEDPOLYGONALFACE((2003,653,3365,1628));
#3055=IFCINDEXEDPOLYGONALFACE((652,2011,1628,3365));
#3056=IFCINDEXEDPOLYGONALFACE((2011,650,3364,1628));
#3057=IFCINDEXEDPOLYGONALFACE((653,2005,1629,3365));
#3058=IFCINDEXEDPOLYGONALFACE((2005,655,3366,1629));
#3059=IFCINDEXEDPOLYGONALFACE((654,2008,1629,3366));
#3060=IFCINDEXEDPOLYGONALFACE((2008,652,3365,1629));
#3061=IFCINDEXEDPOLYGONALFACE((655,2013,1630,3366));
#3062=IFCINDEXEDPOLYGONALFACE((2013,657,3367,1630));
#3063=IFCINDEXEDPOLYGONALFACE((656,2021,1630,3367));
#3064=IFCINDEXEDPOLYGONALFACE((2021,654,3366,1630));
#3065=IFCINDEXEDPOLYGONALFACE((657,2015,1631,3367));
#3066=IFCINDEXEDPOLYGONALFACE((2015,659,3368,1631));
#3067=IFCINDEXEDPOLYGONALFACE((658,2018,1631,3368));
#3068=IFCINDEXEDPOLYGONALFACE((2018,656,3367,1631));
#3069=IFCINDEXEDPOLYGONALFACE((659,2023,1632,3368));
#3070=IFCINDEXEDPOLYGONALFACE((2023,661,3369,1632));
#3071=IFCINDEXEDPOLYGONALFACE((660,2031,1632,3369));
#3072=IFCINDEXEDPOLYGONALFACE((2031,658,3368,1632));
#3073=IFCINDEXEDPOLYGONALFACE((661,2025,1633,3369));
#3074=IFCINDEXEDPOLYGONALFACE((2025,663,3370,1633));
#3075=IFCINDEXEDPOLYGONALFACE((662,2028,1633,3370));
#3076=IFCINDEXEDPOLYGONALFACE((2028,660,3369,1633));
#3077=IFCINDEXEDPOLYGONALFACE((663,2033,1634,3370));
#3078=IFCINDEXEDPOLYGONALFACE((2033,665,3371,1634));
#3079=IFCINDEXEDPOLYGONALFACE((664,2041,1634,3371));
#3080=IFCINDEXEDPOLYGONALFACE((2041,662,3370,1634));
#3081=IFCINDEXEDPOLYGONALFACE((665,2035,1635,3371));
#3082=IFCINDEXEDPOLYGONALFACE((2035,667,3372,1635));
#3083=IFCINDEXEDPOLYGONALFACE((666,2038,1635,3372));
#3084=IFCINDEXEDPOLYGONALFACE((2038,664,3371,1635));
#3085=IFCINDEXEDPOLYGONALFACE((667,2043,1636,3372));
#3086=IFCINDEXEDPOLYGONALFACE((2043,669,3373,1636));
#3087=IFCINDEXEDPOLYGONALFACE((668,2051,1636,3373));
#3088=IFCINDEXEDPOLYGONALFACE((2051,666,3372,1636));
#3089=IFCINDEXEDPOLYGONALFACE((669,2045,1637,3373));
#3090=IFCINDEXEDPOLYGONALFACE((2045,671,3374,1637));
#3091=IFCINDEXEDPOLYGONALFACE((670,2048,1637,3374));
#3092=IFCINDEXEDPOLYGONALFACE((2048,668,3373,1637));
#3093=IFCINDEXEDPOLYGONALFACE((671,2053,1638,3374));
#3094=IFCINDEXEDPOLYGONALFACE((2053,673,3375,1638));
#3095=IFCINDEXEDPOLYGONALFACE((672,2061,1638,3375));
#3096=IFCINDEXEDPOLYGONALFACE((2061,670,3374,1638));
#3097=IFCINDEXEDPOLYGONALFACE((673,2055,1639,3375));
#3098=IFCINDEXEDPOLYGONALFACE((2055,675,3376,1639));
#3099=IFCINDEXEDPOLYGONALFACE((674,2058,1639,3376));
#3100=IFCINDEXEDPOLYGONALFACE((2058,672,3375,1639));
#3101=IFCINDEXEDPOLYGONALFACE((675,2063,1640,3376));
#3102=IFCINDEXEDPOLYGONALFACE((2063,677,3377,1640));
#3103=IFCINDEXEDPOLYGONALFACE((676,2071,1640,3377));
#3104=IFCINDEXEDPOLYGONALFACE((2071,674,3376,1640));
#3105=IFCINDEXEDPOLYGONALFACE((677,2065,1641,3377));
#3106=IFCINDEXEDPOLYGONALFACE((2065,679,3378,1641));
#3107=IFCINDEXEDPOLYGONALFACE((678,2068,1641,3378));
#3108=IFCINDEXEDPOLYGONALFACE((2068,676,3377,1641));
#3109=IFCINDEXEDPOLYGONALFACE((679,2073,1642,3378));
#3110=IFCINDEXEDPOLYGONALFACE((2073,681,3379,1642));
#3111=IFCINDEXEDPOLYGONALFACE((680,2081,1642,3379));
#3112=IFCINDEXEDPOLYGONALFACE((2081,678,3378,1642));
#3113=IFCINDEXEDPOLYGONALFACE((681,2075,1643,3379));
#3114=IFCINDEXEDPOLYGONALFACE((2075,683,3380,1643));
#3115=IFCINDEXEDPOLYGONALFACE((682,2078,1643,3380));
#3116=IFCINDEXEDPOLYGONALFACE((2078,680,3379,1643));
#3117=IFCINDEXEDPOLYGONALFACE((683,2083,1644,3380));
#3118=IFCINDEXEDPOLYGONALFACE((2083,685,3381,1644));
#3119=IFCINDEXEDPOLYGONALFACE((684,2091,1644,3381));
#3120=IFCINDEXEDPOLYGONALFACE((2091,682,3380,1644));
#3121=IFCINDEXEDPOLYGONALFACE((685,2085,1645,3381));
#3122=IFCINDEXEDPOLYGONALFACE((2085,687,3382,1645));
#3123=IFCINDEXEDPOLYGONALFACE((686,2088,1645,3382));
#3124=IFCINDEXEDPOLYGONALFACE((2088,684,3381,1645));
#3125=IFCINDEXEDPOLYGONALFACE((687,2093,1646,3382));
#3126=IFCINDEXEDPOLYGONALFACE((2093,689,3383,1646));
#3127=IFCINDEXEDPOLYGONALFACE((688,2101,1646,3383));
#3128=IFCINDEXEDPOLYGONALFACE((2101,686,3382,1646));
#3129=IFCINDEXEDPOLYGONALFACE((689,2095,1647,3383));
#3130=IFCINDEXEDPOLYGONALFACE((2095,691,3384,1647));
#3131=IFCINDEXEDPOLYGONALFACE((690,2098,1647,3384));
#3132=IFCINDEXEDPOLYGONALFACE((2098,688,3383,1647));
#3133=IFCINDEXEDPOLYGONALFACE((691,2103,1648,3384));
#3134=IFCINDEXEDPOLYGONALFACE((2103,693,3385,1648));
#3135=IFCINDEXEDPOLYGONALFACE((692,2111,1648,3385));
#3136=IFCINDEXEDPOLYGONALFACE((2111,690,3384,1648));
#3137=IFCINDEXEDPOLYGONALFACE((693,2105,1649,3385));
#3138=IFCINDEXEDPOLYGONALFACE((2105,695,3386,1649));
#3139=IFCINDEXEDPOLYGONALFACE((694,2108,1649,3386));
#3140=IFCINDEXEDPOLYGONALFACE((2108,692,3385,1649));
#3141=IFCINDEXEDPOLYGONALFACE((695,2113,1650,3386));
#3142=IFCINDEXEDPOLYGONALFACE((2113,697,3387,1650));
#3143=IFCINDEXEDPOLYGONALFACE((696,2121,1650,3387));
#3144=IFCINDEXEDPOLYGONALFACE((2121,694,3386,1650));
#3145=IFCINDEXEDPOLYGONALFACE((697,2115,1651,3387));
#3146=IFCINDEXEDPOLYGONALFACE((2115,699,3388,1651));
#3147=IFCINDEXEDPOLYGONALFACE((698,2118,1651,3388));
#3148=IFCINDEXEDPOLYGONALFACE((2118,696,3387,1651));
#3149=IFCINDEXEDPOLYGONALFACE((699,2123,1652,3388));
#3150=IFCINDEXEDPOLYGONALFACE((2123,701,3389,1652));
#3151=IFCINDEXEDPOLYGONALFACE((700,2129,1652,3389));
#3152=IFCINDEXEDPOLYGONALFACE((2129,698,3388,1652));
#3153=IFCINDEXEDPOLYGONALFACE((701,2124,1653,3389));
#3154=IFCINDEXEDPOLYGONALFACE((2124,648,3363,1653));
#3155=IFCINDEXEDPOLYGONALFACE((649,2127,1653,3363));
#3156=IFCINDEXEDPOLYGONALFACE((2127,700,3389,1653));
#3157=IFCINDEXEDPOLYGONALFACE((704,2299,1654,3391));
#3158=IFCINDEXEDPOLYGONALFACE((2299,703,3390,1654));
#3159=IFCINDEXEDPOLYGONALFACE((702,2354,1654,3390));
#3160=IFCINDEXEDPOLYGONALFACE((2354,705,3391,1654));
#3161=IFCINDEXEDPOLYGONALFACE((703,2302,1655,3390));
#3162=IFCINDEXEDPOLYGONALFACE((2302,707,3392,1655));
#3163=IFCINDEXEDPOLYGONALFACE((706,2358,1655,3392));
#3164=IFCINDEXEDPOLYGONALFACE((2358,702,3390,1655));
#3165=IFCINDEXEDPOLYGONALFACE((707,2304,1656,3392));
#3166=IFCINDEXEDPOLYGONALFACE((2304,709,3393,1656));
#3167=IFCINDEXEDPOLYGONALFACE((708,2361,1656,3393));
#3168=IFCINDEXEDPOLYGONALFACE((2361,706,3392,1656));
#3169=IFCINDEXEDPOLYGONALFACE((709,2306,1657,3393));
#3170=IFCINDEXEDPOLYGONALFACE((2306,711,3394,1657));
#3171=IFCINDEXEDPOLYGONALFACE((710,2364,1657,3394));
#3172=IFCINDEXEDPOLYGONALFACE((2364,708,3393,1657));
#3173=IFCINDEXEDPOLYGONALFACE((711,2308,1658,3394));
#3174=IFCINDEXEDPOLYGONALFACE((2308,713,3395,1658));
#3175=IFCINDEXEDPOLYGONALFACE((712,2367,1658,3395));
#3176=IFCINDEXEDPOLYGONALFACE((2367,710,3394,1658));
#3177=IFCINDEXEDPOLYGONALFACE((713,2310,1659,3395));
#3178=IFCINDEXEDPOLYGONALFACE((2310,715,3396,1659));
#3179=IFCINDEXEDPOLYGONALFACE((714,2370,1659,3396));
#3180=IFCINDEXEDPOLYGONALFACE((2370,712,3395,1659));
#3181=IFCINDEXEDPOLYGONALFACE((715,2312,1660,3396));
#3182=IFCINDEXEDPOLYGONALFACE((2312,717,3397,1660));
#3183=IFCINDEXEDPOLYGONALFACE((716,2373,1660,3397));
#3184=IFCINDEXEDPOLYGONALFACE((2373,714,3396,1660));
#3185=IFCINDEXEDPOLYGONALFACE((717,2314,1661,3397));
#3186=IFCINDEXEDPOLYGONALFACE((2314,719,3398,1661));
#3187=IFCINDEXEDPOLYGONALFACE((718,2376,1661,3398));
#3188=IFCINDEXEDPOLYGONALFACE((2376,716,3397,1661));
#3189=IFCINDEXEDPOLYGONALFACE((719,2316,1662,3398));
#3190=IFCINDEXEDPOLYGONALFACE((2316,721,3399,1662));
#3191=IFCINDEXEDPOLYGONALFACE((720,2379,1662,3399));
#3192=IFCINDEXEDPOLYGONALFACE((2379,718,3398,1662));
#3193=IFCINDEXEDPOLYGONALFACE((721,2318,1663,3399));
#3194=IFCINDEXEDPOLYGONALFACE((2318,723,3400,1663));
#3195=IFCINDEXEDPOLYGONALFACE((722,2382,1663,3400));
#3196=IFCINDEXEDPOLYGONALFACE((2382,720,3399,1663));
#3197=IFCINDEXEDPOLYGONALFACE((723,2320,1664,3400));
#3198=IFCINDEXEDPOLYGONALFACE((2320,725,3401,1664));
#3199=IFCINDEXEDPOLYGONALFACE((724,2385,1664,3401));
#3200=IFCINDEXEDPOLYGONALFACE((2385,722,3400,1664));
#3201=IFCINDEXEDPOLYGONALFACE((725,2322,1665,3401));
#3202=IFCINDEXEDPOLYGONALFACE((2322,727,3402,1665));
#3203=IFCINDEXEDPOLYGONALFACE((726,2388,1665,3402));
#3204=IFCINDEXEDPOLYGONALFACE((2388,724,3401,1665));
#3205=IFCINDEXEDPOLYGONALFACE((727,2324,1666,3402));
#3206=IFCINDEXEDPOLYGONALFACE((2324,729,3403,1666));
#3207=IFCINDEXEDPOLYGONALFACE((728,2391,1666,3403));
#3208=IFCINDEXEDPOLYGONALFACE((2391,726,3402,1666));
#3209=IFCINDEXEDPOLYGONALFACE((729,2326,1667,3403));
#3210=IFCINDEXEDPOLYGONALFACE((2326,731,3404,1667));
#3211=IFCINDEXEDPOLYGONALFACE((730,2394,1667,3404));
#3212=IFCINDEXEDPOLYGONALFACE((2394,728,3403,1667));
#3213=IFCINDEXEDPOLYGONALFACE((731,2328,1668,3404));
#3214=IFCINDEXEDPOLYGONALFACE((2328,733,3405,1668));
#3215=IFCINDEXEDPOLYGONALFACE((732,2397,1668,3405));
#3216=IFCINDEXEDPOLYGONALFACE((2397,730,3404,1668));
#3217=IFCINDEXEDPOLYGONALFACE((733,2330,1669,3405));
#3218=IFCINDEXEDPOLYGONALFACE((2330,735,3406,1669));
#3219=IFCINDEXEDPOLYGONALFACE((734,2400,1669,3406));
#3220=IFCINDEXEDPOLYGONALFACE((2400,732,3405,1669));
#3221=IFCINDEXEDPOLYGONALFACE((735,2332,1670,3406));
#3222=IFCINDEXEDPOLYGONALFACE((2332,737,3407,1670));
#3223=IFCINDEXEDPOLYGONALFACE((736,2403,1670,3407));
#3224=IFCINDEXEDPOLYGONALFACE((2403,734,3406,1670));
#3225=IFCINDEXEDPOLYGONALFACE((737,2334,1671,3407));
#3226=IFCINDEXEDPOLYGONALFACE((2334,739,3408,1671));
#3227=IFCINDEXEDPOLYGONALFACE((738,2406,1671,3408));
#3228=IFCINDEXEDPOLYGONALFACE((2406,736,3407,1671));
#3229=IFCINDEXEDPOLYGONALFACE((739,2336,1672,3408));
#3230=IFCINDEXEDPOLYGONALFACE((2336,741,3409,1672));
#3231=IFCINDEXEDPOLYGONALFACE((740,2409,1672,3409));
#3232=IFCINDEXEDPOLYGONALFACE((2409,738,3408,1672));
#3233=IFCINDEXEDPOLYGONALFACE((741,2338,1673,3409));
#3234=IFCINDEXEDPOLYGONALFACE((2338,743,3410,1673));
#3235=IFCINDEXEDPOLYGONALFACE((742,2412,1673,3410));
#3236=IFCINDEXEDPOLYGONALFACE((2412,740,3409,1673));
#3237=IFCINDEXEDPOLYGONALFACE((743,2340,1674,3410));
#3238=IFCINDEXEDPOLYGONALFACE((2340,745,3411,1674));
#3239=IFCINDEXEDPOLYGONALFACE((744,2415,1674,3411));
#3240=IFCINDEXEDPOLYGONALFACE((2415,742,3410,1674));
#3241=IFCINDEXEDPOLYGONALFACE((745,2342,1675,3411));
#3242=IFCINDEXEDPOLYGONALFACE((2342,747,3412,1675));
#3243=IFCINDEXEDPOLYGONALFACE((746,2418,1675,3412));
#3244=IFCINDEXEDPOLYGONALFACE((2418,744,3411,1675));
#3245=IFCINDEXEDPOLYGONALFACE((747,2344,1676,3412));
#3246=IFCINDEXEDPOLYGONALFACE((2344,749,3413,1676));
#3247=IFCINDEXEDPOLYGONALFACE((748,2421,1676,3413));
#3248=IFCINDEXEDPOLYGONALFACE((2421,746,3412,1676));
#3249=IFCINDEXEDPOLYGONALFACE((749,2346,1677,3413));
#3250=IFCINDEXEDPOLYGONALFACE((2346,751,3414,1677));
#3251=IFCINDEXEDPOLYGONALFACE((750,2424,1677,3414));
#3252=IFCINDEXEDPOLYGONALFACE((2424,748,3413,1677));
#3253=IFCINDEXEDPOLYGONALFACE((751,2348,1678,3414));
#3254=IFCINDEXEDPOLYGONALFACE((2348,753,3415,1678));
#3255=IFCINDEXEDPOLYGONALFACE((752,2427,1678,3415));
#3256=IFCINDEXEDPOLYGONALFACE((2427,750,3414,1678));
#3257=IFCINDEXEDPOLYGONALFACE((753,2350,1679,3415));
#3258=IFCINDEXEDPOLYGONALFACE((2350,755,3416,1679));
#3259=IFCINDEXEDPOLYGONALFACE((754,2430,1679,3416));
#3260=IFCINDEXEDPOLYGONALFACE((2430,752,3415,1679));
#3261=IFCINDEXEDPOLYGONALFACE((755,2352,1680,3416));
#3262=IFCINDEXEDPOLYGONALFACE((2352,757,3417,1680));
#3263=IFCINDEXEDPOLYGONALFACE((756,2433,1680,3417));
#3264=IFCINDEXEDPOLYGONALFACE((2433,754,3416,1680));
#3265=IFCINDEXEDPOLYGONALFACE((757,2353,1681,3417));
#3266=IFCINDEXEDPOLYGONALFACE((2353,704,3391,1681));
#3267=IFCINDEXEDPOLYGONALFACE((705,2436,1681,3391));
#3268=IFCINDEXEDPOLYGONALFACE((2436,756,3417,1681));
#3269=IFCINDEXEDPOLYGONALFACE((760,1682,3419));
#3270=IFCINDEXEDPOLYGONALFACE((2859,3418,1682));
#3271=IFCINDEXEDPOLYGONALFACE((758,1682,3418));
#3272=IFCINDEXEDPOLYGONALFACE((2861,3419,1682));
#3273=IFCINDEXEDPOLYGONALFACE((764,2863,1683,3421));
#3274=IFCINDEXEDPOLYGONALFACE((2863,763,3420,1683));
#3275=IFCINDEXEDPOLYGONALFACE((762,2999,1683,3420));
#3276=IFCINDEXEDPOLYGONALFACE((2999,765,3421,1683));
#3277=IFCINDEXEDPOLYGONALFACE((766,1684,3422));
#3278=IFCINDEXEDPOLYGONALFACE((2865,3419,1684));
#3279=IFCINDEXEDPOLYGONALFACE((761,1684,3419));
#3280=IFCINDEXEDPOLYGONALFACE((2867,3422,1684));
#3281=IFCINDEXEDPOLYGONALFACE((768,2868,1685,3423));
#3282=IFCINDEXEDPOLYGONALFACE((2868,764,3421,1685));
#3283=IFCINDEXEDPOLYGONALFACE((765,3002,1685,3421));
#3284=IFCINDEXEDPOLYGONALFACE((3002,769,3423,1685));
#3285=IFCINDEXEDPOLYGONALFACE((772,1686,3425));
#3286=IFCINDEXEDPOLYGONALFACE((2871,3424,1686));
#3287=IFCINDEXEDPOLYGONALFACE((770,1686,3424));
#3288=IFCINDEXEDPOLYGONALFACE((2873,3425,1686));
#3289=IFCINDEXEDPOLYGONALFACE((776,2875,1687,3427));
#3290=IFCINDEXEDPOLYGONALFACE((2875,775,3426,1687));
#3291=IFCINDEXEDPOLYGONALFACE((774,3004,1687,3426));
#3292=IFCINDEXEDPOLYGONALFACE((3004,777,3427,1687));
#3293=IFCINDEXEDPOLYGONALFACE((759,1688,3418));
#3294=IFCINDEXEDPOLYGONALFACE((2877,3425,1688));
#3295=IFCINDEXEDPOLYGONALFACE((773,1688,3425));
#3296=IFCINDEXEDPOLYGONALFACE((2878,3418,1688));
#3297=IFCINDEXEDPOLYGONALFACE((763,2879,1689,3420));
#3298=IFCINDEXEDPOLYGONALFACE((2879,776,3427,1689));
#3299=IFCINDEXEDPOLYGONALFACE((777,3006,1689,3427));
#3300=IFCINDEXEDPOLYGONALFACE((3006,762,3420,1689));
#3301=IFCINDEXEDPOLYGONALFACE((780,1690,3429));
#3302=IFCINDEXEDPOLYGONALFACE((2881,3428,1690));
#3303=IFCINDEXEDPOLYGONALFACE((778,1690,3428));
#3304=IFCINDEXEDPOLYGONALFACE((2883,3429,1690));
#3305=IFCINDEXEDPOLYGONALFACE((784,2885,1691,3431));
#3306=IFCINDEXEDPOLYGONALFACE((2885,783,3430,1691));
#3307=IFCINDEXEDPOLYGONALFACE((782,3008,1691,3430));
#3308=IFCINDEXEDPOLYGONALFACE((3008,785,3431,1691));
#3309=IFCINDEXEDPOLYGONALFACE((771,1692,3424));
#3310=IFCINDEXEDPOLYGONALFACE((2887,780,3429,1692));
#3311=IFCINDEXEDPOLYGONALFACE((781,1692,3429));
#3312=IFCINDEXEDPOLYGONALFACE((2888,3424,1692));
#3313=IFCINDEXEDPOLYGONALFACE((775,2889,1693,3426));
#3314=IFCINDEXEDPOLYGONALFACE((2889,784,3431,1693));
#3315=IFCINDEXEDPOLYGONALFACE((785,3010,1693,3431));
#3316=IFCINDEXEDPOLYGONALFACE((3010,774,3426,1693));
#3317=IFCINDEXEDPOLYGONALFACE((788,1694,3433));
#3318=IFCINDEXEDPOLYGONALFACE((2891,787,3432,1694));
#3319=IFCINDEXEDPOLYGONALFACE((786,1694,3432));
#3320=IFCINDEXEDPOLYGONALFACE((2893,3433,1694));
#3321=IFCINDEXEDPOLYGONALFACE((792,2895,1695,3435));
#3322=IFCINDEXEDPOLYGONALFACE((2895,791,3434,1695));
#3323=IFCINDEXEDPOLYGONALFACE((790,3012,1695,3434));
#3324=IFCINDEXEDPOLYGONALFACE((3012,793,3435,1695));
#3325=IFCINDEXEDPOLYGONALFACE((779,1696,3428));
#3326=IFCINDEXEDPOLYGONALFACE((2897,3433,1696));
#3327=IFCINDEXEDPOLYGONALFACE((789,1696,3433));
#3328=IFCINDEXEDPOLYGONALFACE((2898,3428,1696));
#3329=IFCINDEXEDPOLYGONALFACE((783,2899,1697,3430));
#3330=IFCINDEXEDPOLYGONALFACE((2899,792,3435,1697));
#3331=IFCINDEXEDPOLYGONALFACE((793,3014,1697,3435));
#3332=IFCINDEXEDPOLYGONALFACE((3014,782,3430,1697));
#3333=IFCINDEXEDPOLYGONALFACE((796,1698,3437));
#3334=IFCINDEXEDPOLYGONALFACE((2901,3436,1698));
#3335=IFCINDEXEDPOLYGONALFACE((794,1698,3436));
#3336=IFCINDEXEDPOLYGONALFACE((2903,3437,1698));
#3337=IFCINDEXEDPOLYGONALFACE((800,2905,1699,3439));
#3338=IFCINDEXEDPOLYGONALFACE((2905,799,3438,1699));
#3339=IFCINDEXEDPOLYGONALFACE((798,3016,1699,3438));
#3340=IFCINDEXEDPOLYGONALFACE((3016,801,3439,1699));
#3341=IFCINDEXEDPOLYGONALFACE((787,1700,3432));
#3342=IFCINDEXEDPOLYGONALFACE((2907,3437,1700));
#3343=IFCINDEXEDPOLYGONALFACE((797,1700,3437));
#3344=IFCINDEXEDPOLYGONALFACE((2908,3432,1700));
#3345=IFCINDEXEDPOLYGONALFACE((791,2909,1701,3434));
#3346=IFCINDEXEDPOLYGONALFACE((2909,800,3439,1701));
#3347=IFCINDEXEDPOLYGONALFACE((801,3018,1701,3439));
#3348=IFCINDEXEDPOLYGONALFACE((3018,790,3434,1701));
#3349=IFCINDEXEDPOLYGONALFACE((804,1702,3441));
#3350=IFCINDEXEDPOLYGONALFACE((2911,3440,1702));
#3351=IFCINDEXEDPOLYGONALFACE((802,1702,3440));
#3352=IFCINDEXEDPOLYGONALFACE((2913,3441,1702));
#3353=IFCINDEXEDPOLYGONALFACE((808,2915,1703,3443));
#3354=IFCINDEXEDPOLYGONALFACE((2915,807,3442,1703));
#3355=IFCINDEXEDPOLYGONALFACE((806,3020,1703,3442));
#3356=IFCINDEXEDPOLYGONALFACE((3020,809,3443,1703));
#3357=IFCINDEXEDPOLYGONALFACE((795,1704,3436));
#3358=IFCINDEXEDPOLYGONALFACE((2917,3441,1704));
#3359=IFCINDEXEDPOLYGONALFACE((805,1704,3441));
#3360=IFCINDEXEDPOLYGONALFACE((2918,3436,1704));
#3361=IFCINDEXEDPOLYGONALFACE((799,2919,1705,3438));
#3362=IFCINDEXEDPOLYGONALFACE((2919,808,3443,1705));
#3363=IFCINDEXEDPOLYGONALFACE((809,3022,1705,3443));
#3364=IFCINDEXEDPOLYGONALFACE((3022,798,3438,1705));
#3365=IFCINDEXEDPOLYGONALFACE((812,1706,3445));
#3366=IFCINDEXEDPOLYGONALFACE((2921,3444,1706));
#3367=IFCINDEXEDPOLYGONALFACE((810,1706,3444));
#3368=IFCINDEXEDPOLYGONALFACE((2923,3445,1706));
#3369=IFCINDEXEDPOLYGONALFACE((816,2925,1707,3447));
#3370=IFCINDEXEDPOLYGONALFACE((2925,815,3446,1707));
#3371=IFCINDEXEDPOLYGONALFACE((814,3024,1707,3446));
#3372=IFCINDEXEDPOLYGONALFACE((3024,817,3447,1707));
#3373=IFCINDEXEDPOLYGONALFACE((803,1708,3440));
#3374=IFCINDEXEDPOLYGONALFACE((2927,3445,1708));
#3375=IFCINDEXEDPOLYGONALFACE((813,1708,3445));
#3376=IFCINDEXEDPOLYGONALFACE((2928,3440,1708));
#3377=IFCINDEXEDPOLYGONALFACE((807,2929,1709,3442));
#3378=IFCINDEXEDPOLYGONALFACE((2929,816,3447,1709));
#3379=IFCINDEXEDPOLYGONALFACE((817,3026,1709,3447));
#3380=IFCINDEXEDPOLYGONALFACE((3026,806,3442,1709));
#3381=IFCINDEXEDPOLYGONALFACE((820,1710,3449));
#3382=IFCINDEXEDPOLYGONALFACE((2931,3448,1710));
#3383=IFCINDEXEDPOLYGONALFACE((818,1710,3448));
#3384=IFCINDEXEDPOLYGONALFACE((2933,3449,1710));
#3385=IFCINDEXEDPOLYGONALFACE((824,2935,1711,3451));
#3386=IFCINDEXEDPOLYGONALFACE((2935,823,3450,1711));
#3387=IFCINDEXEDPOLYGONALFACE((822,3028,1711,3450));
#3388=IFCINDEXEDPOLYGONALFACE((3028,825,3451,1711));
#3389=IFCINDEXEDPOLYGONALFACE((811,1712,3444));
#3390=IFCINDEXEDPOLYGONALFACE((2937,3449,1712));
#3391=IFCINDEXEDPOLYGONALFACE((821,1712,3449));
#3392=IFCINDEXEDPOLYGONALFACE((2938,3444,1712));
#3393=IFCINDEXEDPOLYGONALFACE((815,2939,1713,3446));
#3394=IFCINDEXEDPOLYGONALFACE((2939,824,3451,1713));
#3395=IFCINDEXEDPOLYGONALFACE((825,3030,1713,3451));
#3396=IFCINDEXEDPOLYGONALFACE((3030,814,3446,1713));
#3397=IFCINDEXEDPOLYGONALFACE((828,2941,1714,3453));
#3398=IFCINDEXEDPOLYGONALFACE((2941,3452,1714));
#3399=IFCINDEXEDPOLYGONALFACE((826,1714,3452));
#3400=IFCINDEXEDPOLYGONALFACE((2943,3453,1714));
#3401=IFCINDEXEDPOLYGONALFACE((832,2945,1715,3455));
#3402=IFCINDEXEDPOLYGONALFACE((2945,831,3454,1715));
#3403=IFCINDEXEDPOLYGONALFACE((830,3032,1715,3454));
#3404=IFCINDEXEDPOLYGONALFACE((3032,833,3455,1715));
#3405=IFCINDEXEDPOLYGONALFACE((819,2947,1716,3448));
#3406=IFCINDEXEDPOLYGONALFACE((2947,3453,1716));
#3407=IFCINDEXEDPOLYGONALFACE((829,1716,3453));
#3408=IFCINDEXEDPOLYGONALFACE((2948,3448,1716));
#3409=IFCINDEXEDPOLYGONALFACE((823,2949,1717,3450));
#3410=IFCINDEXEDPOLYGONALFACE((2949,832,3455,1717));
#3411=IFCINDEXEDPOLYGONALFACE((833,3034,1717,3455));
#3412=IFCINDEXEDPOLYGONALFACE((3034,822,3450,1717));
#3413=IFCINDEXEDPOLYGONALFACE((836,1718,3457));
#3414=IFCINDEXEDPOLYGONALFACE((2951,3456,1718));
#3415=IFCINDEXEDPOLYGONALFACE((834,1718,3456));
#3416=IFCINDEXEDPOLYGONALFACE((2953,3457,1718));
#3417=IFCINDEXEDPOLYGONALFACE((840,2955,1719,3459));
#3418=IFCINDEXEDPOLYGONALFACE((2955,839,3458,1719));
#3419=IFCINDEXEDPOLYGONALFACE((838,3036,1719,3458));
#3420=IFCINDEXEDPOLYGONALFACE((3036,841,3459,1719));
#3421=IFCINDEXEDPOLYGONALFACE((827,1720,3452));
#3422=IFCINDEXEDPOLYGONALFACE((2957,3457,1720));
#3423=IFCINDEXEDPOLYGONALFACE((837,1720,3457));
#3424=IFCINDEXEDPOLYGONALFACE((2958,3452,1720));
#3425=IFCINDEXEDPOLYGONALFACE((831,2959,1721,3454));
#3426=IFCINDEXEDPOLYGONALFACE((2959,840,3459,1721));
#3427=IFCINDEXEDPOLYGONALFACE((841,3038,1721,3459));
#3428=IFCINDEXEDPOLYGONALFACE((3038,830,3454,1721));
#3429=IFCINDEXEDPOLYGONALFACE((844,1722,3461));
#3430=IFCINDEXEDPOLYGONALFACE((2961,3460,1722));
#3431=IFCINDEXEDPOLYGONALFACE((842,1722,3460));
#3432=IFCINDEXEDPOLYGONALFACE((2963,3461,1722));
#3433=IFCINDEXEDPOLYGONALFACE((848,2965,1723,3463));
#3434=IFCINDEXEDPOLYGONALFACE((2965,847,3462,1723));
#3435=IFCINDEXEDPOLYGONALFACE((846,3040,1723,3462));
#3436=IFCINDEXEDPOLYGONALFACE((3040,849,3463,1723));
#3437=IFCINDEXEDPOLYGONALFACE((835,1724,3456));
#3438=IFCINDEXEDPOLYGONALFACE((2967,3461,1724));
#3439=IFCINDEXEDPOLYGONALFACE((845,1724,3461));
#3440=IFCINDEXEDPOLYGONALFACE((2968,3456,1724));
#3441=IFCINDEXEDPOLYGONALFACE((839,2969,1725,3458));
#3442=IFCINDEXEDPOLYGONALFACE((2969,848,3463,1725));
#3443=IFCINDEXEDPOLYGONALFACE((849,3042,1725,3463));
#3444=IFCINDEXEDPOLYGONALFACE((3042,838,3458,1725));
#3445=IFCINDEXEDPOLYGONALFACE((852,1726,3465));
#3446=IFCINDEXEDPOLYGONALFACE((2971,3464,1726));
#3447=IFCINDEXEDPOLYGONALFACE((850,1726,3464));
#3448=IFCINDEXEDPOLYGONALFACE((2973,3465,1726));
#3449=IFCINDEXEDPOLYGONALFACE((856,2975,1727,3467));
#3450=IFCINDEXEDPOLYGONALFACE((2975,855,3466,1727));
#3451=IFCINDEXEDPOLYGONALFACE((854,3044,1727,3466));
#3452=IFCINDEXEDPOLYGONALFACE((3044,857,3467,1727));
#3453=IFCINDEXEDPOLYGONALFACE((843,1728,3460));
#3454=IFCINDEXEDPOLYGONALFACE((2977,3465,1728));
#3455=IFCINDEXEDPOLYGONALFACE((853,1728,3465));
#3456=IFCINDEXEDPOLYGONALFACE((2978,3460,1728));
#3457=IFCINDEXEDPOLYGONALFACE((847,2979,1729,3462));
#3458=IFCINDEXEDPOLYGONALFACE((2979,856,3467,1729));
#3459=IFCINDEXEDPOLYGONALFACE((857,3046,1729,3467));
#3460=IFCINDEXEDPOLYGONALFACE((3046,846,3462,1729));
#3461=IFCINDEXEDPOLYGONALFACE((860,2981,1730,3469));
#3462=IFCINDEXEDPOLYGONALFACE((2981,3468,1730));
#3463=IFCINDEXEDPOLYGONALFACE((858,1730,3468));
#3464=IFCINDEXEDPOLYGONALFACE((2983,3469,1730));
#3465=IFCINDEXEDPOLYGONALFACE((864,2985,1731,3471));
#3466=IFCINDEXEDPOLYGONALFACE((2985,863,3470,1731));
#3467=IFCINDEXEDPOLYGONALFACE((862,3048,1731,3470));
#3468=IFCINDEXEDPOLYGONALFACE((3048,865,3471,1731));
#3469=IFCINDEXEDPOLYGONALFACE((851,2987,1732,3464));
#3470=IFCINDEXEDPOLYGONALFACE((2987,3469,1732));
#3471=IFCINDEXEDPOLYGONALFACE((861,1732,3469));
#3472=IFCINDEXEDPOLYGONALFACE((2988,3464,1732));
#3473=IFCINDEXEDPOLYGONALFACE((855,2989,1733,3466));
#3474=IFCINDEXEDPOLYGONALFACE((2989,864,3471,1733));
#3475=IFCINDEXEDPOLYGONALFACE((865,3050,1733,3471));
#3476=IFCINDEXEDPOLYGONALFACE((3050,854,3466,1733));
#3477=IFCINDEXEDPOLYGONALFACE((866,1734,3472));
#3478=IFCINDEXEDPOLYGONALFACE((2990,3422,1734));
#3479=IFCINDEXEDPOLYGONALFACE((767,1734,3422));
#3480=IFCINDEXEDPOLYGONALFACE((2992,3472,1734));
#3481=IFCINDEXEDPOLYGONALFACE((868,2993,1735,3473));
#3482=IFCINDEXEDPOLYGONALFACE((2993,768,3423,1735));
#3483=IFCINDEXEDPOLYGONALFACE((769,3052,1735,3423));
#3484=IFCINDEXEDPOLYGONALFACE((3052,869,3473,1735));
#3485=IFCINDEXEDPOLYGONALFACE((859,1736,3468));
#3486=IFCINDEXEDPOLYGONALFACE((2995,3472,1736));
#3487=IFCINDEXEDPOLYGONALFACE((867,1736,3472));
#3488=IFCINDEXEDPOLYGONALFACE((2996,3468,1736));
#3489=IFCINDEXEDPOLYGONALFACE((863,2997,1737,3470));
#3490=IFCINDEXEDPOLYGONALFACE((2997,868,3473,1737));
#3491=IFCINDEXEDPOLYGONALFACE((869,3053,1737,3473));
#3492=IFCINDEXEDPOLYGONALFACE((3053,862,3470,1737));
#3493=IFCINDEXEDPOLYGONALFACE((3474,3840,3644,3842));
#3494=IFCINDEXEDPOLYGONALFACE((3840,3476,3841,3644));
#3495=IFCINDEXEDPOLYGONALFACE((3475,3842,3644,3841));
#3496=IFCINDEXEDPOLYGONALFACE((3474,3843,3645,3840));
#3497=IFCINDEXEDPOLYGONALFACE((3843,3477,3844,3645));
#3498=IFCINDEXEDPOLYGONALFACE((3476,3840,3645,3844));
#3499=IFCINDEXEDPOLYGONALFACE((3474,3845,3646,3843));
#3500=IFCINDEXEDPOLYGONALFACE((3845,3478,3846,3646));
#3501=IFCINDEXEDPOLYGONALFACE((3477,3843,3646,3846));
#3502=IFCINDEXEDPOLYGONALFACE((3474,3847,3647,3845));
#3503=IFCINDEXEDPOLYGONALFACE((3847,3479,3848,3647));
#3504=IFCINDEXEDPOLYGONALFACE((3478,3845,3647,3848));
#3505=IFCINDEXEDPOLYGONALFACE((3474,3849,3648,3847));
#3506=IFCINDEXEDPOLYGONALFACE((3849,3480,3850,3648));
#3507=IFCINDEXEDPOLYGONALFACE((3479,3847,3648,3850));
#3508=IFCINDEXEDPOLYGONALFACE((3474,3851,3649,3849));
#3509=IFCINDEXEDPOLYGONALFACE((3851,3481,3852,3649));
#3510=IFCINDEXEDPOLYGONALFACE((3480,3849,3649,3852));
#3511=IFCINDEXEDPOLYGONALFACE((3474,3853,3650,3851));
#3512=IFCINDEXEDPOLYGONALFACE((3853,3482,3854,3650));
#3513=IFCINDEXEDPOLYGONALFACE((3481,3851,3650,3854));
#3514=IFCINDEXEDPOLYGONALFACE((3474,3855,3651,3853));
#3515=IFCINDEXEDPOLYGONALFACE((3855,3483,3856,3651));
#3516=IFCINDEXEDPOLYGONALFACE((3482,3853,3651,3856));
#3517=IFCINDEXEDPOLYGONALFACE((3474,3857,3652,3855));
#3518=IFCINDEXEDPOLYGONALFACE((3857,3484,3858,3652));
#3519=IFCINDEXEDPOLYGONALFACE((3483,3855,3652,3858));
#3520=IFCINDEXEDPOLYGONALFACE((3474,3859,3653,3857));
#3521=IFCINDEXEDPOLYGONALFACE((3859,3485,3860,3653));
#3522=IFCINDEXEDPOLYGONALFACE((3484,3857,3653,3860));
#3523=IFCINDEXEDPOLYGONALFACE((3474,3861,3654,3859));
#3524=IFCINDEXEDPOLYGONALFACE((3861,3486,3862,3654));
#3525=IFCINDEXEDPOLYGONALFACE((3485,3859,3654,3862));
#3526=IFCINDEXEDPOLYGONALFACE((3474,3863,3655,3861));
#3527=IFCINDEXEDPOLYGONALFACE((3863,3487,3864,3655));
#3528=IFCINDEXEDPOLYGONALFACE((3486,3861,3655,3864));
#3529=IFCINDEXEDPOLYGONALFACE((3474,3865,3656,3863));
#3530=IFCINDEXEDPOLYGONALFACE((3865,3488,3866,3656));
#3531=IFCINDEXEDPOLYGONALFACE((3487,3863,3656,3866));
#3532=IFCINDEXEDPOLYGONALFACE((3474,3867,3657,3865));
#3533=IFCINDEXEDPOLYGONALFACE((3867,3489,3868,3657));
#3534=IFCINDEXEDPOLYGONALFACE((3488,3865,3657,3868));
#3535=IFCINDEXEDPOLYGONALFACE((3474,3869,3658,3867));
#3536=IFCINDEXEDPOLYGONALFACE((3869,3490,3870,3658));
#3537=IFCINDEXEDPOLYGONALFACE((3489,3867,3658,3870));
#3538=IFCINDEXEDPOLYGONALFACE((3474,3871,3659,3869));
#3539=IFCINDEXEDPOLYGONALFACE((3871,3491,3872,3659));
#3540=IFCINDEXEDPOLYGONALFACE((3490,3869,3659,3872));
#3541=IFCINDEXEDPOLYGONALFACE((3474,3873,3660,3871));
#3542=IFCINDEXEDPOLYGONALFACE((3873,3492,3874,3660));
#3543=IFCINDEXEDPOLYGONALFACE((3491,3871,3660,3874));
#3544=IFCINDEXEDPOLYGONALFACE((3474,3875,3661,3873));
#3545=IFCINDEXEDPOLYGONALFACE((3875,3493,3876,3661));
#3546=IFCINDEXEDPOLYGONALFACE((3492,3873,3661,3876));
#3547=IFCINDEXEDPOLYGONALFACE((3474,3877,3662,3875));
#3548=IFCINDEXEDPOLYGONALFACE((3877,3494,3878,3662));
#3549=IFCINDEXEDPOLYGONALFACE((3493,3875,3662,3878));
#3550=IFCINDEXEDPOLYGONALFACE((3474,3879,3663,3877));
#3551=IFCINDEXEDPOLYGONALFACE((3879,3495,3880,3663));
#3552=IFCINDEXEDPOLYGONALFACE((3494,3877,3663,3880));
#3553=IFCINDEXEDPOLYGONALFACE((3474,3881,3664,3879));
#3554=IFCINDEXEDPOLYGONALFACE((3881,3496,3882,3664));
#3555=IFCINDEXEDPOLYGONALFACE((3495,3879,3664,3882));
#3556=IFCINDEXEDPOLYGONALFACE((3474,3883,3665,3881));
#3557=IFCINDEXEDPOLYGONALFACE((3883,3497,3884,3665));
#3558=IFCINDEXEDPOLYGONALFACE((3496,3881,3665,3884));
#3559=IFCINDEXEDPOLYGONALFACE((3474,3885,3666,3883));
#3560=IFCINDEXEDPOLYGONALFACE((3885,3498,3886,3666));
#3561=IFCINDEXEDPOLYGONALFACE((3497,3883,3666,3886));
#3562=IFCINDEXEDPOLYGONALFACE((3474,3887,3667,3885));
#3563=IFCINDEXEDPOLYGONALFACE((3887,3499,3888,3667));
#3564=IFCINDEXEDPOLYGONALFACE((3498,3885,3667,3888));
#3565=IFCINDEXEDPOLYGONALFACE((3474,3889,3668,3887));
#3566=IFCINDEXEDPOLYGONALFACE((3889,3500,3890,3668));
#3567=IFCINDEXEDPOLYGONALFACE((3499,3887,3668,3890));
#3568=IFCINDEXEDPOLYGONALFACE((3474,3891,3669,3889));
#3569=IFCINDEXEDPOLYGONALFACE((3891,3501,3892,3669));
#3570=IFCINDEXEDPOLYGONALFACE((3500,3889,3669,3892));
#3571=IFCINDEXEDPOLYGONALFACE((3474,3893,3670,3891));
#3572=IFCINDEXEDPOLYGONALFACE((3893,3502,3894,3670));
#3573=IFCINDEXEDPOLYGONALFACE((3501,3891,3670,3894));
#3574=IFCINDEXEDPOLYGONALFACE((3474,3842,3671,3893));
#3575=IFCINDEXEDPOLYGONALFACE((3842,3475,3895,3671));
#3576=IFCINDEXEDPOLYGONALFACE((3502,3893,3671,3895));
#3577=IFCINDEXEDPOLYGONALFACE((3475,3841,3672,3898));
#3578=IFCINDEXEDPOLYGONALFACE((3841,3476,3896,3672));
#3579=IFCINDEXEDPOLYGONALFACE((3533,3897,3672,3896));
#3580=IFCINDEXEDPOLYGONALFACE((3897,3534,3898,3672));
#3581=IFCINDEXEDPOLYGONALFACE((3476,3844,3673,3896));
#3582=IFCINDEXEDPOLYGONALFACE((3844,3477,3899,3673));
#3583=IFCINDEXEDPOLYGONALFACE((3537,3900,3673,3899));
#3584=IFCINDEXEDPOLYGONALFACE((3900,3533,3896,3673));
#3585=IFCINDEXEDPOLYGONALFACE((3477,3846,3674,3899));
#3586=IFCINDEXEDPOLYGONALFACE((3846,3478,3901,3674));
#3587=IFCINDEXEDPOLYGONALFACE((3539,3902,3674,3901));
#3588=IFCINDEXEDPOLYGONALFACE((3902,3537,3899,3674));
#3589=IFCINDEXEDPOLYGONALFACE((3478,3848,3675,3901));
#3590=IFCINDEXEDPOLYGONALFACE((3848,3479,3903,3675));
#3591=IFCINDEXEDPOLYGONALFACE((3541,3904,3675,3903));
#3592=IFCINDEXEDPOLYGONALFACE((3904,3539,3901,3675));
#3593=IFCINDEXEDPOLYGONALFACE((3479,3850,3676,3903));
#3594=IFCINDEXEDPOLYGONALFACE((3850,3480,3905,3676));
#3595=IFCINDEXEDPOLYGONALFACE((3543,3906,3676,3905));
#3596=IFCINDEXEDPOLYGONALFACE((3906,3541,3903,3676));
#3597=IFCINDEXEDPOLYGONALFACE((3480,3852,3677,3905));
#3598=IFCINDEXEDPOLYGONALFACE((3852,3481,3907,3677));
#3599=IFCINDEXEDPOLYGONALFACE((3545,3908,3677,3907));
#3600=IFCINDEXEDPOLYGONALFACE((3908,3543,3905,3677));
#3601=IFCINDEXEDPOLYGONALFACE((3481,3854,3678,3907));
#3602=IFCINDEXEDPOLYGONALFACE((3854,3482,3909,3678));
#3603=IFCINDEXEDPOLYGONALFACE((3547,3910,3678,3909));
#3604=IFCINDEXEDPOLYGONALFACE((3910,3545,3907,3678));
#3605=IFCINDEXEDPOLYGONALFACE((3482,3856,3679,3909));
#3606=IFCINDEXEDPOLYGONALFACE((3856,3483,3911,3679));
#3607=IFCINDEXEDPOLYGONALFACE((3549,3912,3679,3911));
#3608=IFCINDEXEDPOLYGONALFACE((3912,3547,3909,3679));
#3609=IFCINDEXEDPOLYGONALFACE((3483,3858,3680,3911));
#3610=IFCINDEXEDPOLYGONALFACE((3858,3484,3913,3680));
#3611=IFCINDEXEDPOLYGONALFACE((3551,3914,3680,3913));
#3612=IFCINDEXEDPOLYGONALFACE((3914,3549,3911,3680));
#3613=IFCINDEXEDPOLYGONALFACE((3484,3860,3681,3913));
#3614=IFCINDEXEDPOLYGONALFACE((3860,3485,3915,3681));
#3615=IFCINDEXEDPOLYGONALFACE((3553,3916,3681,3915));
#3616=IFCINDEXEDPOLYGONALFACE((3916,3551,3913,3681));
#3617=IFCINDEXEDPOLYGONALFACE((3485,3862,3682,3915));
#3618=IFCINDEXEDPOLYGONALFACE((3862,3486,3917,3682));
#3619=IFCINDEXEDPOLYGONALFACE((3555,3918,3682,3917));
#3620=IFCINDEXEDPOLYGONALFACE((3918,3553,3915,3682));
#3621=IFCINDEXEDPOLYGONALFACE((3486,3864,3683,3917));
#3622=IFCINDEXEDPOLYGONALFACE((3864,3487,3919,3683));
#3623=IFCINDEXEDPOLYGONALFACE((3557,3920,3683,3919));
#3624=IFCINDEXEDPOLYGONALFACE((3920,3555,3917,3683));
#3625=IFCINDEXEDPOLYGONALFACE((3487,3866,3684,3919));
#3626=IFCINDEXEDPOLYGONALFACE((3866,3488,3921,3684));
#3627=IFCINDEXEDPOLYGONALFACE((3559,3922,3684,3921));
#3628=IFCINDEXEDPOLYGONALFACE((3922,3557,3919,3684));
#3629=IFCINDEXEDPOLYGONALFACE((3488,3868,3685,3921));
#3630=IFCINDEXEDPOLYGONALFACE((3868,3489,3923,3685));
#3631=IFCINDEXEDPOLYGONALFACE((3561,3924,3685,3923));
#3632=IFCINDEXEDPOLYGONALFACE((3924,3559,3921,3685));
#3633=IFCINDEXEDPOLYGONALFACE((3489,3870,3686,3923));
#3634=IFCINDEXEDPOLYGONALFACE((3870,3490,3925,3686));
#3635=IFCINDEXEDPOLYGONALFACE((3563,3926,3686,3925));
#3636=IFCINDEXEDPOLYGONALFACE((3926,3561,3923,3686));
#3637=IFCINDEXEDPOLYGONALFACE((3490,3872,3687,3925));
#3638=IFCINDEXEDPOLYGONALFACE((3872,3491,3927,3687));
#3639=IFCINDEXEDPOLYGONALFACE((3565,3928,3687,3927));
#3640=IFCINDEXEDPOLYGONALFACE((3928,3563,3925,3687));
#3641=IFCINDEXEDPOLYGONALFACE((3491,3874,3688,3927));
#3642=IFCINDEXEDPOLYGONALFACE((3874,3492,3929,3688));
#3643=IFCINDEXEDPOLYGONALFACE((3567,3930,3688,3929));
#3644=IFCINDEXEDPOLYGONALFACE((3930,3565,3927,3688));
#3645=IFCINDEXEDPOLYGONALFACE((3492,3876,3689,3929));
#3646=IFCINDEXEDPOLYGONALFACE((3876,3493,3931,3689));
#3647=IFCINDEXEDPOLYGONALFACE((3569,3932,3689,3931));
#3648=IFCINDEXEDPOLYGONALFACE((3932,3567,3929,3689));
#3649=IFCINDEXEDPOLYGONALFACE((3493,3878,3690,3931));
#3650=IFCINDEXEDPOLYGONALFACE((3878,3494,3933,3690));
#3651=IFCINDEXEDPOLYGONALFACE((3571,3934,3690,3933));
#3652=IFCINDEXEDPOLYGONALFACE((3934,3569,3931,3690));
#3653=IFCINDEXEDPOLYGONALFACE((3494,3880,3691,3933));
#3654=IFCINDEXEDPOLYGONALFACE((3880,3495,3935,3691));
#3655=IFCINDEXEDPOLYGONALFACE((3573,3936,3691,3935));
#3656=IFCINDEXEDPOLYGONALFACE((3936,3571,3933,3691));
#3657=IFCINDEXEDPOLYGONALFACE((3495,3882,3692,3935));
#3658=IFCINDEXEDPOLYGONALFACE((3882,3496,3937,3692));
#3659=IFCINDEXEDPOLYGONALFACE((3575,3938,3692,3937));
#3660=IFCINDEXEDPOLYGONALFACE((3938,3573,3935,3692));
#3661=IFCINDEXEDPOLYGONALFACE((3496,3884,3693,3937));
#3662=IFCINDEXEDPOLYGONALFACE((3884,3497,3939,3693));
#3663=IFCINDEXEDPOLYGONALFACE((3577,3940,3693,3939));
#3664=IFCINDEXEDPOLYGONALFACE((3940,3575,3937,3693));
#3665=IFCINDEXEDPOLYGONALFACE((3497,3886,3694,3939));
#3666=IFCINDEXEDPOLYGONALFACE((3886,3498,3941,3694));
#3667=IFCINDEXEDPOLYGONALFACE((3579,3942,3694,3941));
#3668=IFCINDEXEDPOLYGONALFACE((3942,3577,3939,3694));
#3669=IFCINDEXEDPOLYGONALFACE((3498,3888,3695,3941));
#3670=IFCINDEXEDPOLYGONALFACE((3888,3499,3943,3695));
#3671=IFCINDEXEDPOLYGONALFACE((3581,3944,3695,3943));
#3672=IFCINDEXEDPOLYGONALFACE((3944,3579,3941,3695));
#3673=IFCINDEXEDPOLYGONALFACE((3499,3890,3696,3943));
#3674=IFCINDEXEDPOLYGONALFACE((3890,3500,3945,3696));
#3675=IFCINDEXEDPOLYGONALFACE((3583,3946,3696,3945));
#3676=IFCINDEXEDPOLYGONALFACE((3946,3581,3943,3696));
#3677=IFCINDEXEDPOLYGONALFACE((3500,3892,3697,3945));
#3678=IFCINDEXEDPOLYGONALFACE((3892,3501,3947,3697));
#3679=IFCINDEXEDPOLYGONALFACE((3585,3948,3697,3947));
#3680=IFCINDEXEDPOLYGONALFACE((3948,3583,3945,3697));
#3681=IFCINDEXEDPOLYGONALFACE((3501,3894,3698,3947));
#3682=IFCINDEXEDPOLYGONALFACE((3894,3502,3949,3698));
#3683=IFCINDEXEDPOLYGONALFACE((3587,3950,3698,3949));
#3684=IFCINDEXEDPOLYGONALFACE((3950,3585,3947,3698));
#3685=IFCINDEXEDPOLYGONALFACE((3502,3895,3699,3949));
#3686=IFCINDEXEDPOLYGONALFACE((3895,3475,3898,3699));
#3687=IFCINDEXEDPOLYGONALFACE((3534,3951,3699,3898));
#3688=IFCINDEXEDPOLYGONALFACE((3951,3587,3949,3699));
#3689=IFCINDEXEDPOLYGONALFACE((3535,3952,3700,3955));
#3690=IFCINDEXEDPOLYGONALFACE((3952,3532,3953,3700));
#3691=IFCINDEXEDPOLYGONALFACE((3589,3954,3700,3953));
#3692=IFCINDEXEDPOLYGONALFACE((3954,3590,3955,3700));
#3693=IFCINDEXEDPOLYGONALFACE((3532,3956,3701,3953));
#3694=IFCINDEXEDPOLYGONALFACE((3956,3536,3957,3701));
#3695=IFCINDEXEDPOLYGONALFACE((3593,3958,3701,3957));
#3696=IFCINDEXEDPOLYGONALFACE((3958,3589,3953,3701));
#3697=IFCINDEXEDPOLYGONALFACE((3536,3959,3702,3957));
#3698=IFCINDEXEDPOLYGONALFACE((3959,3538,3960,3702));
#3699=IFCINDEXEDPOLYGONALFACE((3595,3961,3702,3960));
#3700=IFCINDEXEDPOLYGONALFACE((3961,3593,3957,3702));
#3701=IFCINDEXEDPOLYGONALFACE((3538,3962,3703,3960));
#3702=IFCINDEXEDPOLYGONALFACE((3962,3540,3963,3703));
#3703=IFCINDEXEDPOLYGONALFACE((3597,3964,3703,3963));
#3704=IFCINDEXEDPOLYGONALFACE((3964,3595,3960,3703));
#3705=IFCINDEXEDPOLYGONALFACE((3540,3965,3704,3963));
#3706=IFCINDEXEDPOLYGONALFACE((3965,3542,3966,3704));
#3707=IFCINDEXEDPOLYGONALFACE((3599,3967,3704,3966));
#3708=IFCINDEXEDPOLYGONALFACE((3967,3597,3963,3704));
#3709=IFCINDEXEDPOLYGONALFACE((3542,3968,3705,3966));
#3710=IFCINDEXEDPOLYGONALFACE((3968,3544,3969,3705));
#3711=IFCINDEXEDPOLYGONALFACE((3601,3970,3705,3969));
#3712=IFCINDEXEDPOLYGONALFACE((3970,3599,3966,3705));
#3713=IFCINDEXEDPOLYGONALFACE((3544,3971,3706,3969));
#3714=IFCINDEXEDPOLYGONALFACE((3971,3546,3972,3706));
#3715=IFCINDEXEDPOLYGONALFACE((3603,3973,3706,3972));
#3716=IFCINDEXEDPOLYGONALFACE((3973,3601,3969,3706));
#3717=IFCINDEXEDPOLYGONALFACE((3546,3974,3707,3972));
#3718=IFCINDEXEDPOLYGONALFACE((3974,3548,3975,3707));
#3719=IFCINDEXEDPOLYGONALFACE((3605,3976,3707,3975));
#3720=IFCINDEXEDPOLYGONALFACE((3976,3603,3972,3707));
#3721=IFCINDEXEDPOLYGONALFACE((3548,3977,3708,3975));
#3722=IFCINDEXEDPOLYGONALFACE((3977,3550,3978,3708));
#3723=IFCINDEXEDPOLYGONALFACE((3607,3979,3708,3978));
#3724=IFCINDEXEDPOLYGONALFACE((3979,3605,3975,3708));
#3725=IFCINDEXEDPOLYGONALFACE((3550,3980,3709,3978));
#3726=IFCINDEXEDPOLYGONALFACE((3980,3552,3981,3709));
#3727=IFCINDEXEDPOLYGONALFACE((3609,3982,3709,3981));
#3728=IFCINDEXEDPOLYGONALFACE((3982,3607,3978,3709));
#3729=IFCINDEXEDPOLYGONALFACE((3552,3983,3710,3981));
#3730=IFCINDEXEDPOLYGONALFACE((3983,3554,3984,3710));
#3731=IFCINDEXEDPOLYGONALFACE((3611,3985,3710,3984));
#3732=IFCINDEXEDPOLYGONALFACE((3985,3609,3981,3710));
#3733=IFCINDEXEDPOLYGONALFACE((3554,3986,3711,3984));
#3734=IFCINDEXEDPOLYGONALFACE((3986,3556,3987,3711));
#3735=IFCINDEXEDPOLYGONALFACE((3613,3988,3711,3987));
#3736=IFCINDEXEDPOLYGONALFACE((3988,3611,3984,3711));
#3737=IFCINDEXEDPOLYGONALFACE((3556,3989,3712,3987));
#3738=IFCINDEXEDPOLYGONALFACE((3989,3558,3990,3712));
#3739=IFCINDEXEDPOLYGONALFACE((3615,3991,3712,3990));
#3740=IFCINDEXEDPOLYGONALFACE((3991,3613,3987,3712));
#3741=IFCINDEXEDPOLYGONALFACE((3558,3992,3713,3990));
#3742=IFCINDEXEDPOLYGONALFACE((3992,3560,3993,3713));
#3743=IFCINDEXEDPOLYGONALFACE((3617,3994,3713,3993));
#3744=IFCINDEXEDPOLYGONALFACE((3994,3615,3990,3713));
#3745=IFCINDEXEDPOLYGONALFACE((3560,3995,3714,3993));
#3746=IFCINDEXEDPOLYGONALFACE((3995,3562,3996,3714));
#3747=IFCINDEXEDPOLYGONALFACE((3619,3997,3714,3996));
#3748=IFCINDEXEDPOLYGONALFACE((3997,3617,3993,3714));
#3749=IFCINDEXEDPOLYGONALFACE((3562,3998,3715,3996));
#3750=IFCINDEXEDPOLYGONALFACE((3998,3564,3999,3715));
#3751=IFCINDEXEDPOLYGONALFACE((3621,4000,3715,3999));
#3752=IFCINDEXEDPOLYGONALFACE((4000,3619,3996,3715));
#3753=IFCINDEXEDPOLYGONALFACE((3564,4001,3716,3999));
#3754=IFCINDEXEDPOLYGONALFACE((4001,3566,4002,3716));
#3755=IFCINDEXEDPOLYGONALFACE((3623,4003,3716,4002));
#3756=IFCINDEXEDPOLYGONALFACE((4003,3621,3999,3716));
#3757=IFCINDEXEDPOLYGONALFACE((3566,4004,3717,4002));
#3758=IFCINDEXEDPOLYGONALFACE((4004,3568,4005,3717));
#3759=IFCINDEXEDPOLYGONALFACE((3625,4006,3717,4005));
#3760=IFCINDEXEDPOLYGONALFACE((4006,3623,4002,3717));
#3761=IFCINDEXEDPOLYGONALFACE((3568,4007,3718,4005));
#3762=IFCINDEXEDPOLYGONALFACE((4007,3570,4008,3718));
#3763=IFCINDEXEDPOLYGONALFACE((3627,4009,3718,4008));
#3764=IFCINDEXEDPOLYGONALFACE((4009,3625,4005,3718));
#3765=IFCINDEXEDPOLYGONALFACE((3570,4010,3719,4008));
#3766=IFCINDEXEDPOLYGONALFACE((4010,3572,4011,3719));
#3767=IFCINDEXEDPOLYGONALFACE((3629,4012,3719,4011));
#3768=IFCINDEXEDPOLYGONALFACE((4012,3627,4008,3719));
#3769=IFCINDEXEDPOLYGONALFACE((3572,4013,3720,4011));
#3770=IFCINDEXEDPOLYGONALFACE((4013,3574,4014,3720));
#3771=IFCINDEXEDPOLYGONALFACE((3631,4015,3720,4014));
#3772=IFCINDEXEDPOLYGONALFACE((4015,3629,4011,3720));
#3773=IFCINDEXEDPOLYGONALFACE((3574,4016,3721,4014));
#3774=IFCINDEXEDPOLYGONALFACE((4016,3576,4017,3721));
#3775=IFCINDEXEDPOLYGONALFACE((3633,4018,3721,4017));
#3776=IFCINDEXEDPOLYGONALFACE((4018,3631,4014,3721));
#3777=IFCINDEXEDPOLYGONALFACE((3576,4019,3722,4017));
#3778=IFCINDEXEDPOLYGONALFACE((4019,3578,4020,3722));
#3779=IFCINDEXEDPOLYGONALFACE((3635,4021,3722,4020));
#3780=IFCINDEXEDPOLYGONALFACE((4021,3633,4017,3722));
#3781=IFCINDEXEDPOLYGONALFACE((3578,4022,3723,4020));
#3782=IFCINDEXEDPOLYGONALFACE((4022,3580,4023,3723));
#3783=IFCINDEXEDPOLYGONALFACE((3637,4024,3723,4023));
#3784=IFCINDEXEDPOLYGONALFACE((4024,3635,4020,3723));
#3785=IFCINDEXEDPOLYGONALFACE((3580,4025,3724,4023));
#3786=IFCINDEXEDPOLYGONALFACE((4025,3582,4026,3724));
#3787=IFCINDEXEDPOLYGONALFACE((3639,4027,3724,4026));
#3788=IFCINDEXEDPOLYGONALFACE((4027,3637,4023,3724));
#3789=IFCINDEXEDPOLYGONALFACE((3582,4028,3725,4026));
#3790=IFCINDEXEDPOLYGONALFACE((4028,3584,4029,3725));
#3791=IFCINDEXEDPOLYGONALFACE((3641,4030,3725,4029));
#3792=IFCINDEXEDPOLYGONALFACE((4030,3639,4026,3725));
#3793=IFCINDEXEDPOLYGONALFACE((3584,4031,3726,4029));
#3794=IFCINDEXEDPOLYGONALFACE((4031,3586,4032,3726));
#3795=IFCINDEXEDPOLYGONALFACE((3643,4033,3726,4032));
#3796=IFCINDEXEDPOLYGONALFACE((4033,3641,4029,3726));
#3797=IFCINDEXEDPOLYGONALFACE((3586,4034,3727,4032));
#3798=IFCINDEXEDPOLYGONALFACE((4034,3535,3955,3727));
#3799=IFCINDEXEDPOLYGONALFACE((3590,4035,3727,3955));
#3800=IFCINDEXEDPOLYGONALFACE((4035,3643,4032,3727));
#3801=IFCINDEXEDPOLYGONALFACE((3591,4036,3728,4039));
#3802=IFCINDEXEDPOLYGONALFACE((4036,3588,4037,3728));
#3803=IFCINDEXEDPOLYGONALFACE((3504,4038,3728,4037));
#3804=IFCINDEXEDPOLYGONALFACE((4038,3503,4039,3728));
#3805=IFCINDEXEDPOLYGONALFACE((3588,4040,3729,4037));
#3806=IFCINDEXEDPOLYGONALFACE((4040,3592,4041,3729));
#3807=IFCINDEXEDPOLYGONALFACE((3505,4042,3729,4041));
#3808=IFCINDEXEDPOLYGONALFACE((4042,3504,4037,3729));
#3809=IFCINDEXEDPOLYGONALFACE((3592,4043,3730,4041));
#3810=IFCINDEXEDPOLYGONALFACE((4043,3594,4044,3730));
#3811=IFCINDEXEDPOLYGONALFACE((3506,4045,3730,4044));
#3812=IFCINDEXEDPOLYGONALFACE((4045,3505,4041,3730));
#3813=IFCINDEXEDPOLYGONALFACE((3594,4046,3731,4044));
#3814=IFCINDEXEDPOLYGONALFACE((4046,3596,4047,3731));
#3815=IFCINDEXEDPOLYGONALFACE((3507,4048,3731,4047));
#3816=IFCINDEXEDPOLYGONALFACE((4048,3506,4044,3731));
#3817=IFCINDEXEDPOLYGONALFACE((3596,4049,3732,4047));
#3818=IFCINDEXEDPOLYGONALFACE((4049,3598,4050,3732));
#3819=IFCINDEXEDPOLYGONALFACE((3508,4051,3732,4050));
#3820=IFCINDEXEDPOLYGONALFACE((4051,3507,4047,3732));
#3821=IFCINDEXEDPOLYGONALFACE((3598,4052,3733,4050));
#3822=IFCINDEXEDPOLYGONALFACE((4052,3600,4053,3733));
#3823=IFCINDEXEDPOLYGONALFACE((3509,4054,3733,4053));
#3824=IFCINDEXEDPOLYGONALFACE((4054,3508,4050,3733));
#3825=IFCINDEXEDPOLYGONALFACE((3600,4055,3734,4053));
#3826=IFCINDEXEDPOLYGONALFACE((4055,3602,4056,3734));
#3827=IFCINDEXEDPOLYGONALFACE((3510,4057,3734,4056));
#3828=IFCINDEXEDPOLYGONALFACE((4057,3509,4053,3734));
#3829=IFCINDEXEDPOLYGONALFACE((3602,4058,3735,4056));
#3830=IFCINDEXEDPOLYGONALFACE((4058,3604,4059,3735));
#3831=IFCINDEXEDPOLYGONALFACE((3511,4060,3735,4059));
#3832=IFCINDEXEDPOLYGONALFACE((4060,3510,4056,3735));
#3833=IFCINDEXEDPOLYGONALFACE((3604,4061,3736,4059));
#3834=IFCINDEXEDPOLYGONALFACE((4061,3606,4062,3736));
#3835=IFCINDEXEDPOLYGONALFACE((3512,4063,3736,4062));
#3836=IFCINDEXEDPOLYGONALFACE((4063,3511,4059,3736));
#3837=IFCINDEXEDPOLYGONALFACE((3606,4064,3737,4062));
#3838=IFCINDEXEDPOLYGONALFACE((4064,3608,4065,3737));
#3839=IFCINDEXEDPOLYGONALFACE((3513,4066,3737,4065));
#3840=IFCINDEXEDPOLYGONALFACE((4066,3512,4062,3737));
#3841=IFCINDEXEDPOLYGONALFACE((3608,4067,3738,4065));
#3842=IFCINDEXEDPOLYGONALFACE((4067,3610,4068,3738));
#3843=IFCINDEXEDPOLYGONALFACE((3514,4069,3738,4068));
#3844=IFCINDEXEDPOLYGONALFACE((4069,3513,4065,3738));
#3845=IFCINDEXEDPOLYGONALFACE((3610,4070,3739,4068));
#3846=IFCINDEXEDPOLYGONALFACE((4070,3612,4071,3739));
#3847=IFCINDEXEDPOLYGONALFACE((3515,4072,3739,4071));
#3848=IFCINDEXEDPOLYGONALFACE((4072,3514,4068,3739));
#3849=IFCINDEXEDPOLYGONALFACE((3612,4073,3740,4071));
#3850=IFCINDEXEDPOLYGONALFACE((4073,3614,4074,3740));
#3851=IFCINDEXEDPOLYGONALFACE((3516,4075,3740,4074));
#3852=IFCINDEXEDPOLYGONALFACE((4075,3515,4071,3740));
#3853=IFCINDEXEDPOLYGONALFACE((3614,4076,3741,4074));
#3854=IFCINDEXEDPOLYGONALFACE((4076,3616,4077,3741));
#3855=IFCINDEXEDPOLYGONALFACE((3517,4078,3741,4077));
#3856=IFCINDEXEDPOLYGONALFACE((4078,3516,4074,3741));
#3857=IFCINDEXEDPOLYGONALFACE((3616,4079,3742,4077));
#3858=IFCINDEXEDPOLYGONALFACE((4079,3618,4080,3742));
#3859=IFCINDEXEDPOLYGONALFACE((3518,4081,3742,4080));
#3860=IFCINDEXEDPOLYGONALFACE((4081,3517,4077,3742));
#3861=IFCINDEXEDPOLYGONALFACE((3618,4082,3743,4080));
#3862=IFCINDEXEDPOLYGONALFACE((4082,3620,4083,3743));
#3863=IFCINDEXEDPOLYGONALFACE((3519,4084,3743,4083));
#3864=IFCINDEXEDPOLYGONALFACE((4084,3518,4080,3743));
#3865=IFCINDEXEDPOLYGONALFACE((3620,4085,3744,4083));
#3866=IFCINDEXEDPOLYGONALFACE((4085,3622,4086,3744));
#3867=IFCINDEXEDPOLYGONALFACE((3520,4087,3744,4086));
#3868=IFCINDEXEDPOLYGONALFACE((4087,3519,4083,3744));
#3869=IFCINDEXEDPOLYGONALFACE((3622,4088,3745,4086));
#3870=IFCINDEXEDPOLYGONALFACE((4088,3624,4089,3745));
#3871=IFCINDEXEDPOLYGONALFACE((3521,4090,3745,4089));
#3872=IFCINDEXEDPOLYGONALFACE((4090,3520,4086,3745));
#3873=IFCINDEXEDPOLYGONALFACE((3624,4091,3746,4089));
#3874=IFCINDEXEDPOLYGONALFACE((4091,3626,4092,3746));
#3875=IFCINDEXEDPOLYGONALFACE((3522,4093,3746,4092));
#3876=IFCINDEXEDPOLYGONALFACE((4093,3521,4089,3746));
#3877=IFCINDEXEDPOLYGONALFACE((3626,4094,3747,4092));
#3878=IFCINDEXEDPOLYGONALFACE((4094,3628,4095,3747));
#3879=IFCINDEXEDPOLYGONALFACE((3523,4096,3747,4095));
#3880=IFCINDEXEDPOLYGONALFACE((4096,3522,4092,3747));
#3881=IFCINDEXEDPOLYGONALFACE((3628,4097,3748,4095));
#3882=IFCINDEXEDPOLYGONALFACE((4097,3630,4098,3748));
#3883=IFCINDEXEDPOLYGONALFACE((3524,4099,3748,4098));
#3884=IFCINDEXEDPOLYGONALFACE((4099,3523,4095,3748));
#3885=IFCINDEXEDPOLYGONALFACE((3630,4100,3749,4098));
#3886=IFCINDEXEDPOLYGONALFACE((4100,3632,4101,3749));
#3887=IFCINDEXEDPOLYGONALFACE((3525,4102,3749,4101));
#3888=IFCINDEXEDPOLYGONALFACE((4102,3524,4098,3749));
#3889=IFCINDEXEDPOLYGONALFACE((3632,4103,3750,4101));
#3890=IFCINDEXEDPOLYGONALFACE((4103,3634,4104,3750));
#3891=IFCINDEXEDPOLYGONALFACE((3526,4105,3750,4104));
#3892=IFCINDEXEDPOLYGONALFACE((4105,3525,4101,3750));
#3893=IFCINDEXEDPOLYGONALFACE((3634,4106,3751,4104));
#3894=IFCINDEXEDPOLYGONALFACE((4106,3636,4107,3751));
#3895=IFCINDEXEDPOLYGONALFACE((3527,4108,3751,4107));
#3896=IFCINDEXEDPOLYGONALFACE((4108,3526,4104,3751));
#3897=IFCINDEXEDPOLYGONALFACE((3636,4109,3752,4107));
#3898=IFCINDEXEDPOLYGONALFACE((4109,3638,4110,3752));
#3899=IFCINDEXEDPOLYGONALFACE((3528,4111,3752,4110));
#3900=IFCINDEXEDPOLYGONALFACE((4111,3527,4107,3752));
#3901=IFCINDEXEDPOLYGONALFACE((3638,4112,3753,4110));
#3902=IFCINDEXEDPOLYGONALFACE((4112,3640,4113,3753));
#3903=IFCINDEXEDPOLYGONALFACE((3529,4114,3753,4113));
#3904=IFCINDEXEDPOLYGONALFACE((4114,3528,4110,3753));
#3905=IFCINDEXEDPOLYGONALFACE((3640,4115,3754,4113));
#3906=IFCINDEXEDPOLYGONALFACE((4115,3642,4116,3754));
#3907=IFCINDEXEDPOLYGONALFACE((3530,4117,3754,4116));
#3908=IFCINDEXEDPOLYGONALFACE((4117,3529,4113,3754));
#3909=IFCINDEXEDPOLYGONALFACE((3642,4118,3755,4116));
#3910=IFCINDEXEDPOLYGONALFACE((4118,3591,4039,3755));
#3911=IFCINDEXEDPOLYGONALFACE((3503,4119,3755,4039));
#3912=IFCINDEXEDPOLYGONALFACE((4119,3530,4116,3755));
#3913=IFCINDEXEDPOLYGONALFACE((3531,4120,3756,4121));
#3914=IFCINDEXEDPOLYGONALFACE((4120,3503,4038,3756));
#3915=IFCINDEXEDPOLYGONALFACE((3504,4121,3756,4038));
#3916=IFCINDEXEDPOLYGONALFACE((3531,4121,3757,4122));
#3917=IFCINDEXEDPOLYGONALFACE((4121,3504,4042,3757));
#3918=IFCINDEXEDPOLYGONALFACE((3505,4122,3757,4042));
#3919=IFCINDEXEDPOLYGONALFACE((3531,4122,3758,4123));
#3920=IFCINDEXEDPOLYGONALFACE((4122,3505,4045,3758));
#3921=IFCINDEXEDPOLYGONALFACE((3506,4123,3758,4045));
#3922=IFCINDEXEDPOLYGONALFACE((3531,4123,3759,4124));
#3923=IFCINDEXEDPOLYGONALFACE((4123,3506,4048,3759));
#3924=IFCINDEXEDPOLYGONALFACE((3507,4124,3759,4048));
#3925=IFCINDEXEDPOLYGONALFACE((3531,4124,3760,4125));
#3926=IFCINDEXEDPOLYGONALFACE((4124,3507,4051,3760));
#3927=IFCINDEXEDPOLYGONALFACE((3508,4125,3760,4051));
#3928=IFCINDEXEDPOLYGONALFACE((3531,4125,3761,4126));
#3929=IFCINDEXEDPOLYGONALFACE((4125,3508,4054,3761));
#3930=IFCINDEXEDPOLYGONALFACE((3509,4126,3761,4054));
#3931=IFCINDEXEDPOLYGONALFACE((3531,4126,3762,4127));
#3932=IFCINDEXEDPOLYGONALFACE((4126,3509,4057,3762));
#3933=IFCINDEXEDPOLYGONALFACE((3510,4127,3762,4057));
#3934=IFCINDEXEDPOLYGONALFACE((3531,4127,3763,4128));
#3935=IFCINDEXEDPOLYGONALFACE((4127,3510,4060,3763));
#3936=IFCINDEXEDPOLYGONALFACE((3511,4128,3763,4060));
#3937=IFCINDEXEDPOLYGONALFACE((3531,4128,3764,4129));
#3938=IFCINDEXEDPOLYGONALFACE((4128,3511,4063,3764));
#3939=IFCINDEXEDPOLYGONALFACE((3512,4129,3764,4063));
#3940=IFCINDEXEDPOLYGONALFACE((3531,4129,3765,4130));
#3941=IFCINDEXEDPOLYGONALFACE((4129,3512,4066,3765));
#3942=IFCINDEXEDPOLYGONALFACE((3513,4130,3765,4066));
#3943=IFCINDEXEDPOLYGONALFACE((3531,4130,3766,4131));
#3944=IFCINDEXEDPOLYGONALFACE((4130,3513,4069,3766));
#3945=IFCINDEXEDPOLYGONALFACE((3514,4131,3766,4069));
#3946=IFCINDEXEDPOLYGONALFACE((3531,4131,3767,4132));
#3947=IFCINDEXEDPOLYGONALFACE((4131,3514,4072,3767));
#3948=IFCINDEXEDPOLYGONALFACE((3515,4132,3767,4072));
#3949=IFCINDEXEDPOLYGONALFACE((3531,4132,3768,4133));
#3950=IFCINDEXEDPOLYGONALFACE((4132,3515,4075,3768));
#3951=IFCINDEXEDPOLYGONALFACE((3516,4133,3768,4075));
#3952=IFCINDEXEDPOLYGONALFACE((3531,4133,3769,4134));
#3953=IFCINDEXEDPOLYGONALFACE((4133,3516,4078,3769));
#3954=IFCINDEXEDPOLYGONALFACE((3517,4134,3769,4078));
#3955=IFCINDEXEDPOLYGONALFACE((3531,4134,3770,4135));
#3956=IFCINDEXEDPOLYGONALFACE((4134,3517,4081,3770));
#3957=IFCINDEXEDPOLYGONALFACE((3518,4135,3770,4081));
#3958=IFCINDEXEDPOLYGONALFACE((3531,4135,3771,4136));
#3959=IFCINDEXEDPOLYGONALFACE((4135,3518,4084,3771));
#3960=IFCINDEXEDPOLYGONALFACE((3519,4136,3771,4084));
#3961=IFCINDEXEDPOLYGONALFACE((3531,4136,3772,4137));
#3962=IFCINDEXEDPOLYGONALFACE((4136,3519,4087,3772));
#3963=IFCINDEXEDPOLYGONALFACE((3520,4137,3772,4087));
#3964=IFCINDEXEDPOLYGONALFACE((3531,4137,3773,4138));
#3965=IFCINDEXEDPOLYGONALFACE((4137,3520,4090,3773));
#3966=IFCINDEXEDPOLYGONALFACE((3521,4138,3773,4090));
#3967=IFCINDEXEDPOLYGONALFACE((3531,4138,3774,4139));
#3968=IFCINDEXEDPOLYGONALFACE((4138,3521,4093,3774));
#3969=IFCINDEXEDPOLYGONALFACE((3522,4139,3774,4093));
#3970=IFCINDEXEDPOLYGONALFACE((3531,4139,3775,4140));
#3971=IFCINDEXEDPOLYGONALFACE((4139,3522,4096,3775));
#3972=IFCINDEXEDPOLYGONALFACE((3523,4140,3775,4096));
#3973=IFCINDEXEDPOLYGONALFACE((3531,4140,3776,4141));
#3974=IFCINDEXEDPOLYGONALFACE((4140,3523,4099,3776));
#3975=IFCINDEXEDPOLYGONALFACE((3524,4141,3776,4099));
#3976=IFCINDEXEDPOLYGONALFACE((3531,4141,3777,4142));
#3977=IFCINDEXEDPOLYGONALFACE((4141,3524,4102,3777));
#3978=IFCINDEXEDPOLYGONALFACE((3525,4142,3777,4102));
#3979=IFCINDEXEDPOLYGONALFACE((3531,4142,3778,4143));
#3980=IFCINDEXEDPOLYGONALFACE((4142,3525,4105,3778));
#3981=IFCINDEXEDPOLYGONALFACE((3526,4143,3778,4105));
#3982=IFCINDEXEDPOLYGONALFACE((3531,4143,3779,4144));
#3983=IFCINDEXEDPOLYGONALFACE((4143,3526,4108,3779));
#3984=IFCINDEXEDPOLYGONALFACE((3527,4144,3779,4108));
#3985=IFCINDEXEDPOLYGONALFACE((3531,4144,3780,4145));
#3986=IFCINDEXEDPOLYGONALFACE((4144,3527,4111,3780));
#3987=IFCINDEXEDPOLYGONALFACE((3528,4145,3780,4111));
#3988=IFCINDEXEDPOLYGONALFACE((3531,4145,3781,4146));
#3989=IFCINDEXEDPOLYGONALFACE((4145,3528,4114,3781));
#3990=IFCINDEXEDPOLYGONALFACE((3529,4146,3781,4114));
#3991=IFCINDEXEDPOLYGONALFACE((3531,4146,3782,4147));
#3992=IFCINDEXEDPOLYGONALFACE((4146,3529,4117,3782));
#3993=IFCINDEXEDPOLYGONALFACE((3530,4147,3782,4117));
#3994=IFCINDEXEDPOLYGONALFACE((3531,4147,3783,4120));
#3995=IFCINDEXEDPOLYGONALFACE((4147,3530,4119,3783));
#3996=IFCINDEXEDPOLYGONALFACE((3503,4120,3783,4119));
#3997=IFCINDEXEDPOLYGONALFACE((3534,3897,3784,4149));
#3998=IFCINDEXEDPOLYGONALFACE((3897,3533,4148,3784));
#3999=IFCINDEXEDPOLYGONALFACE((3532,3952,3784,4148));
#4000=IFCINDEXEDPOLYGONALFACE((3952,3535,4149,3784));
#4001=IFCINDEXEDPOLYGONALFACE((3533,3900,3785,4148));
#4002=IFCINDEXEDPOLYGONALFACE((3900,3537,4150,3785));
#4003=IFCINDEXEDPOLYGONALFACE((3536,3956,3785,4150));
#4004=IFCINDEXEDPOLYGONALFACE((3956,3532,4148,3785));
#4005=IFCINDEXEDPOLYGONALFACE((3537,3902,3786,4150));
#4006=IFCINDEXEDPOLYGONALFACE((3902,3539,4151,3786));
#4007=IFCINDEXEDPOLYGONALFACE((3538,3959,3786,4151));
#4008=IFCINDEXEDPOLYGONALFACE((3959,3536,4150,3786));
#4009=IFCINDEXEDPOLYGONALFACE((3539,3904,3787,4151));
#4010=IFCINDEXEDPOLYGONALFACE((3904,3541,4152,3787));
#4011=IFCINDEXEDPOLYGONALFACE((3540,3962,3787,4152));
#4012=IFCINDEXEDPOLYGONALFACE((3962,3538,4151,3787));
#4013=IFCINDEXEDPOLYGONALFACE((3541,3906,3788,4152));
#4014=IFCINDEXEDPOLYGONALFACE((3906,3543,4153,3788));
#4015=IFCINDEXEDPOLYGONALFACE((3542,3965,3788,4153));
#4016=IFCINDEXEDPOLYGONALFACE((3965,3540,4152,3788));
#4017=IFCINDEXEDPOLYGONALFACE((3543,3908,3789,4153));
#4018=IFCINDEXEDPOLYGONALFACE((3908,3545,4154,3789));
#4019=IFCINDEXEDPOLYGONALFACE((3544,3968,3789,4154));
#4020=IFCINDEXEDPOLYGONALFACE((3968,3542,4153,3789));
#4021=IFCINDEXEDPOLYGONALFACE((3545,3910,3790,4154));
#4022=IFCINDEXEDPOLYGONALFACE((3910,3547,4155,3790));
#4023=IFCINDEXEDPOLYGONALFACE((3546,3971,3790,4155));
#4024=IFCINDEXEDPOLYGONALFACE((3971,3544,4154,3790));
#4025=IFCINDEXEDPOLYGONALFACE((3547,3912,3791,4155));
#4026=IFCINDEXEDPOLYGONALFACE((3912,3549,4156,3791));
#4027=IFCINDEXEDPOLYGONALFACE((3548,3974,3791,4156));
#4028=IFCINDEXEDPOLYGONALFACE((3974,3546,4155,3791));
#4029=IFCINDEXEDPOLYGONALFACE((3549,3914,3792,4156));
#4030=IFCINDEXEDPOLYGONALFACE((3914,3551,4157,3792));
#4031=IFCINDEXEDPOLYGONALFACE((3550,3977,3792,4157));
#4032=IFCINDEXEDPOLYGONALFACE((3977,3548,4156,3792));
#4033=IFCINDEXEDPOLYGONALFACE((3551,3916,3793,4157));
#4034=IFCINDEXEDPOLYGONALFACE((3916,3553,4158,3793));
#4035=IFCINDEXEDPOLYGONALFACE((3552,3980,3793,4158));
#4036=IFCINDEXEDPOLYGONALFACE((3980,3550,4157,3793));
#4037=IFCINDEXEDPOLYGONALFACE((3553,3918,3794,4158));
#4038=IFCINDEXEDPOLYGONALFACE((3918,3555,4159,3794));
#4039=IFCINDEXEDPOLYGONALFACE((3554,3983,3794,4159));
#4040=IFCINDEXEDPOLYGONALFACE((3983,3552,4158,3794));
#4041=IFCINDEXEDPOLYGONALFACE((3555,3920,3795,4159));
#4042=IFCINDEXEDPOLYGONALFACE((3920,3557,4160,3795));
#4043=IFCINDEXEDPOLYGONALFACE((3556,3986,3795,4160));
#4044=IFCINDEXEDPOLYGONALFACE((3986,3554,4159,3795));
#4045=IFCINDEXEDPOLYGONALFACE((3557,3922,3796,4160));
#4046=IFCINDEXEDPOLYGONALFACE((3922,3559,4161,3796));
#4047=IFCINDEXEDPOLYGONALFACE((3558,3989,3796,4161));
#4048=IFCINDEXEDPOLYGONALFACE((3989,3556,4160,3796));
#4049=IFCINDEXEDPOLYGONALFACE((3559,3924,3797,4161));
#4050=IFCINDEXEDPOLYGONALFACE((3924,3561,4162,3797));
#4051=IFCINDEXEDPOLYGONALFACE((3560,3992,3797,4162));
#4052=IFCINDEXEDPOLYGONALFACE((3992,3558,4161,3797));
#4053=IFCINDEXEDPOLYGONALFACE((3561,3926,3798,4162));
#4054=IFCINDEXEDPOLYGONALFACE((3926,3563,4163,3798));
#4055=IFCINDEXEDPOLYGONALFACE((3562,3995,3798,4163));
#4056=IFCINDEXEDPOLYGONALFACE((3995,3560,4162,3798));
#4057=IFCINDEXEDPOLYGONALFACE((3563,3928,3799,4163));
#4058=IFCINDEXEDPOLYGONALFACE((3928,3565,4164,3799));
#4059=IFCINDEXEDPOLYGONALFACE((3564,3998,3799,4164));
#4060=IFCINDEXEDPOLYGONALFACE((3998,3562,4163,3799));
#4061=IFCINDEXEDPOLYGONALFACE((3565,3930,3800,4164));
#4062=IFCINDEXEDPOLYGONALFACE((3930,3567,4165,3800));
#4063=IFCINDEXEDPOLYGONALFACE((3566,4001,3800,4165));
#4064=IFCINDEXEDPOLYGONALFACE((4001,3564,4164,3800));
#4065=IFCINDEXEDPOLYGONALFACE((3567,3932,3801,4165));
#4066=IFCINDEXEDPOLYGONALFACE((3932,3569,4166,3801));
#4067=IFCINDEXEDPOLYGONALFACE((3568,4004,3801,4166));
#4068=IFCINDEXEDPOLYGONALFACE((4004,3566,4165,3801));
#4069=IFCINDEXEDPOLYGONALFACE((3569,3934,3802,4166));
#4070=IFCINDEXEDPOLYGONALFACE((3934,3571,4167,3802));
#4071=IFCINDEXEDPOLYGONALFACE((3570,4007,3802,4167));
#4072=IFCINDEXEDPOLYGONALFACE((4007,3568,4166,3802));
#4073=IFCINDEXEDPOLYGONALFACE((3571,3936,3803,4167));
#4074=IFCINDEXEDPOLYGONALFACE((3936,3573,4168,3803));
#4075=IFCINDEXEDPOLYGONALFACE((3572,4010,3803,4168));
#4076=IFCINDEXEDPOLYGONALFACE((4010,3570,4167,3803));
#4077=IFCINDEXEDPOLYGONALFACE((3573,3938,3804,4168));
#4078=IFCINDEXEDPOLYGONALFACE((3938,3575,4169,3804));
#4079=IFCINDEXEDPOLYGONALFACE((3574,4013,3804,4169));
#4080=IFCINDEXEDPOLYGONALFACE((4013,3572,4168,3804));
#4081=IFCINDEXEDPOLYGONALFACE((3575,3940,3805,4169));
#4082=IFCINDEXEDPOLYGONALFACE((3940,3577,4170,3805));
#4083=IFCINDEXEDPOLYGONALFACE((3576,4016,3805,4170));
#4084=IFCINDEXEDPOLYGONALFACE((4016,3574,4169,3805));
#4085=IFCINDEXEDPOLYGONALFACE((3577,3942,3806,4170));
#4086=IFCINDEXEDPOLYGONALFACE((3942,3579,4171,3806));
#4087=IFCINDEXEDPOLYGONALFACE((3578,4019,3806,4171));
#4088=IFCINDEXEDPOLYGONALFACE((4019,3576,4170,3806));
#4089=IFCINDEXEDPOLYGONALFACE((3579,3944,3807,4171));
#4090=IFCINDEXEDPOLYGONALFACE((3944,3581,4172,3807));
#4091=IFCINDEXEDPOLYGONALFACE((3580,4022,3807,4172));
#4092=IFCINDEXEDPOLYGONALFACE((4022,3578,4171,3807));
#4093=IFCINDEXEDPOLYGONALFACE((3581,3946,3808,4172));
#4094=IFCINDEXEDPOLYGONALFACE((3946,3583,4173,3808));
#4095=IFCINDEXEDPOLYGONALFACE((3582,4025,3808,4173));
#4096=IFCINDEXEDPOLYGONALFACE((4025,3580,4172,3808));
#4097=IFCINDEXEDPOLYGONALFACE((3583,3948,3809,4173));
#4098=IFCINDEXEDPOLYGONALFACE((3948,3585,4174,3809));
#4099=IFCINDEXEDPOLYGONALFACE((3584,4028,3809,4174));
#4100=IFCINDEXEDPOLYGONALFACE((4028,3582,4173,3809));
#4101=IFCINDEXEDPOLYGONALFACE((3585,3950,3810,4174));
#4102=IFCINDEXEDPOLYGONALFACE((3950,3587,4175,3810));
#4103=IFCINDEXEDPOLYGONALFACE((3586,4031,3810,4175));
#4104=IFCINDEXEDPOLYGONALFACE((4031,3584,4174,3810));
#4105=IFCINDEXEDPOLYGONALFACE((3587,3951,3811,4175));
#4106=IFCINDEXEDPOLYGONALFACE((3951,3534,4149,3811));
#4107=IFCINDEXEDPOLYGONALFACE((3535,4034,3811,4149));
#4108=IFCINDEXEDPOLYGONALFACE((4034,3586,4175,3811));
#4109=IFCINDEXEDPOLYGONALFACE((3590,3954,3812,4177));
#4110=IFCINDEXEDPOLYGONALFACE((3954,3589,4176,3812));
#4111=IFCINDEXEDPOLYGONALFACE((3588,4036,3812,4176));
#4112=IFCINDEXEDPOLYGONALFACE((4036,3591,4177,3812));
#4113=IFCINDEXEDPOLYGONALFACE((3589,3958,3813,4176));
#4114=IFCINDEXEDPOLYGONALFACE((3958,3593,4178,3813));
#4115=IFCINDEXEDPOLYGONALFACE((3592,4040,3813,4178));
#4116=IFCINDEXEDPOLYGONALFACE((4040,3588,4176,3813));
#4117=IFCINDEXEDPOLYGONALFACE((3593,3961,3814,4178));
#4118=IFCINDEXEDPOLYGONALFACE((3961,3595,4179,3814));
#4119=IFCINDEXEDPOLYGONALFACE((3594,4043,3814,4179));
#4120=IFCINDEXEDPOLYGONALFACE((4043,3592,4178,3814));
#4121=IFCINDEXEDPOLYGONALFACE((3595,3964,3815,4179));
#4122=IFCINDEXEDPOLYGONALFACE((3964,3597,4180,3815));
#4123=IFCINDEXEDPOLYGONALFACE((3596,4046,3815,4180));
#4124=IFCINDEXEDPOLYGONALFACE((4046,3594,4179,3815));
#4125=IFCINDEXEDPOLYGONALFACE((3597,3967,3816,4180));
#4126=IFCINDEXEDPOLYGONALFACE((3967,3599,4181,3816));
#4127=IFCINDEXEDPOLYGONALFACE((3598,4049,3816,4181));
#4128=IFCINDEXEDPOLYGONALFACE((4049,3596,4180,3816));
#4129=IFCINDEXEDPOLYGONALFACE((3599,3970,3817,4181));
#4130=IFCINDEXEDPOLYGONALFACE((3970,3601,4182,3817));
#4131=IFCINDEXEDPOLYGONALFACE((3600,4052,3817,4182));
#4132=IFCINDEXEDPOLYGONALFACE((4052,3598,4181,3817));
#4133=IFCINDEXEDPOLYGONALFACE((3601,3973,3818,4182));
#4134=IFCINDEXEDPOLYGONALFACE((3973,3603,4183,3818));
#4135=IFCINDEXEDPOLYGONALFACE((3602,4055,3818,4183));
#4136=IFCINDEXEDPOLYGONALFACE((4055,3600,4182,3818));
#4137=IFCINDEXEDPOLYGONALFACE((3603,3976,3819,4183));
#4138=IFCINDEXEDPOLYGONALFACE((3976,3605,4184,3819));
#4139=IFCINDEXEDPOLYGONALFACE((3604,4058,3819,4184));
#4140=IFCINDEXEDPOLYGONALFACE((4058,3602,4183,3819));
#4141=IFCINDEXEDPOLYGONALFACE((3605,3979,3820,4184));
#4142=IFCINDEXEDPOLYGONALFACE((3979,3607,4185,3820));
#4143=IFCINDEXEDPOLYGONALFACE((3606,4061,3820,4185));
#4144=IFCINDEXEDPOLYGONALFACE((4061,3604,4184,3820));
#4145=IFCINDEXEDPOLYGONALFACE((3607,3982,3821,4185));
#4146=IFCINDEXEDPOLYGONALFACE((3982,3609,4186,3821));
#4147=IFCINDEXEDPOLYGONALFACE((3608,4064,3821,4186));
#4148=IFCINDEXEDPOLYGONALFACE((4064,3606,4185,3821));
#4149=IFCINDEXEDPOLYGONALFACE((3609,3985,3822,4186));
#4150=IFCINDEXEDPOLYGONALFACE((3985,3611,4187,3822));
#4151=IFCINDEXEDPOLYGONALFACE((3610,4067,3822,4187));
#4152=IFCINDEXEDPOLYGONALFACE((4067,3608,4186,3822));
#4153=IFCINDEXEDPOLYGONALFACE((3611,3988,3823,4187));
#4154=IFCINDEXEDPOLYGONALFACE((3988,3613,4188,3823));
#4155=IFCINDEXEDPOLYGONALFACE((3612,4070,3823,4188));
#4156=IFCINDEXEDPOLYGONALFACE((4070,3610,4187,3823));
#4157=IFCINDEXEDPOLYGONALFACE((3613,3991,3824,4188));
#4158=IFCINDEXEDPOLYGONALFACE((3991,3615,4189,3824));
#4159=IFCINDEXEDPOLYGONALFACE((3614,4073,3824,4189));
#4160=IFCINDEXEDPOLYGONALFACE((4073,3612,4188,3824));
#4161=IFCINDEXEDPOLYGONALFACE((3615,3994,3825,4189));
#4162=IFCINDEXEDPOLYGONALFACE((3994,3617,4190,3825));
#4163=IFCINDEXEDPOLYGONALFACE((3616,4076,3825,4190));
#4164=IFCINDEXEDPOLYGONALFACE((4076,3614,4189,3825));
#4165=IFCINDEXEDPOLYGONALFACE((3617,3997,3826,4190));
#4166=IFCINDEXEDPOLYGONALFACE((3997,3619,4191,3826));
#4167=IFCINDEXEDPOLYGONALFACE((3618,4079,3826,4191));
#4168=IFCINDEXEDPOLYGONALFACE((4079,3616,4190,3826));
#4169=IFCINDEXEDPOLYGONALFACE((3619,4000,3827,4191));
#4170=IFCINDEXEDPOLYGONALFACE((4000,3621,4192,3827));
#4171=IFCINDEXEDPOLYGONALFACE((3620,4082,3827,4192));
#4172=IFCINDEXEDPOLYGONALFACE((4082,3618,4191,3827));
#4173=IFCINDEXEDPOLYGONALFACE((3621,4003,3828,4192));
#4174=IFCINDEXEDPOLYGONALFACE((4003,3623,4193,3828));
#4175=IFCINDEXEDPOLYGONALFACE((3622,4085,3828,4193));
#4176=IFCINDEXEDPOLYGONALFACE((4085,3620,4192,3828));
#4177=IFCINDEXEDPOLYGONALFACE((3623,4006,3829,4193));
#4178=IFCINDEXEDPOLYGONALFACE((4006,3625,4194,3829));
#4179=IFCINDEXEDPOLYGONALFACE((3624,4088,3829,4194));
#4180=IFCINDEXEDPOLYGONALFACE((4088,3622,4193,3829));
#4181=IFCINDEXEDPOLYGONALFACE((3625,4009,3830,4194));
#4182=IFCINDEXEDPOLYGONALFACE((4009,3627,4195,3830));
#4183=IFCINDEXEDPOLYGONALFACE((3626,4091,3830,4195));
#4184=IFCINDEXEDPOLYGONALFACE((4091,3624,4194,3830));
#4185=IFCINDEXEDPOLYGONALFACE((3627,4012,3831,4195));
#4186=IFCINDEXEDPOLYGONALFACE((4012,3629,4196,3831));
#4187=IFCINDEXEDPOLYGONALFACE((3628,4094,3831,4196));
#4188=IFCINDEXEDPOLYGONALFACE((4094,3626,4195,3831));
#4189=IFCINDEXEDPOLYGONALFACE((3629,4015,3832,4196));
#4190=IFCINDEXEDPOLYGONALFACE((4015,3631,4197,3832));
#4191=IFCINDEXEDPOLYGONALFACE((3630,4097,3832,4197));
#4192=IFCINDEXEDPOLYGONALFACE((4097,3628,4196,3832));
#4193=IFCINDEXEDPOLYGONALFACE((3631,4018,3833,4197));
#4194=IFCINDEXEDPOLYGONALFACE((4018,3633,4198,3833));
#4195=IFCINDEXEDPOLYGONALFACE((3632,4100,3833,4198));
#4196=IFCINDEXEDPOLYGONALFACE((4100,3630,4197,3833));
#4197=IFCINDEXEDPOLYGONALFACE((3633,4021,3834,4198));
#4198=IFCINDEXEDPOLYGONALFACE((4021,3635,4199,3834));
#4199=IFCINDEXEDPOLYGONALFACE((3634,4103,3834,4199));
#4200=IFCINDEXEDPOLYGONALFACE((4103,3632,4198,3834));
#4201=IFCINDEXEDPOLYGONALFACE((3635,4024,3835,4199));
#4202=IFCINDEXEDPOLYGONALFACE((4024,3637,4200,3835));
#4203=IFCINDEXEDPOLYGONALFACE((3636,4106,3835,4200));
#4204=IFCINDEXEDPOLYGONALFACE((4106,3634,4199,3835));
#4205=IFCINDEXEDPOLYGONALFACE((3637,4027,3836,4200));
#4206=IFCINDEXEDPOLYGONALFACE((4027,3639,4201,3836));
#4207=IFCINDEXEDPOLYGONALFACE((3638,4109,3836,4201));
#4208=IFCINDEXEDPOLYGONALFACE((4109,3636,4200,3836));
#4209=IFCINDEXEDPOLYGONALFACE((3639,4030,3837,4201));
#4210=IFCINDEXEDPOLYGONALFACE((4030,3641,4202,3837));
#4211=IFCINDEXEDPOLYGONALFACE((3640,4112,3837,4202));
#4212=IFCINDEXEDPOLYGONALFACE((4112,3638,4201,3837));
#4213=IFCINDEXEDPOLYGONALFACE((3641,4033,3838,4202));
#4214=IFCINDEXEDPOLYGONALFACE((4033,3643,4203,3838));
#4215=IFCINDEXEDPOLYGONALFACE((3642,4115,3838,4203));
#4216=IFCINDEXEDPOLYGONALFACE((4115,3640,4202,3838));
#4217=IFCINDEXEDPOLYGONALFACE((3643,4035,3839,4203));
#4218=IFCINDEXEDPOLYGONALFACE((4035,3590,4177,3839));
#4219=IFCINDEXEDPOLYGONALFACE((3591,4118,3839,4177));
#4220=IFCINDEXEDPOLYGONALFACE((4118,3642,4203,3839));
#4221=IFCINDEXEDPOLYGONALFACE((4204,4440,4314,4442));
#4222=IFCINDEXEDPOLYGONALFACE((4440,4206,4441,4314));
#4223=IFCINDEXEDPOLYGONALFACE((4205,4442,4314,4441));
#4224=IFCINDEXEDPOLYGONALFACE((4204,4443,4315,4440));
#4225=IFCINDEXEDPOLYGONALFACE((4443,4207,4444,4315));
#4226=IFCINDEXEDPOLYGONALFACE((4206,4440,4315,4444));
#4227=IFCINDEXEDPOLYGONALFACE((4204,4445,4316,4443));
#4228=IFCINDEXEDPOLYGONALFACE((4445,4208,4446,4316));
#4229=IFCINDEXEDPOLYGONALFACE((4207,4443,4316,4446));
#4230=IFCINDEXEDPOLYGONALFACE((4204,4447,4317,4445));
#4231=IFCINDEXEDPOLYGONALFACE((4447,4209,4448,4317));
#4232=IFCINDEXEDPOLYGONALFACE((4208,4445,4317,4448));
#4233=IFCINDEXEDPOLYGONALFACE((4204,4449,4318,4447));
#4234=IFCINDEXEDPOLYGONALFACE((4449,4210,4450,4318));
#4235=IFCINDEXEDPOLYGONALFACE((4209,4447,4318,4450));
#4236=IFCINDEXEDPOLYGONALFACE((4204,4451,4319,4449));
#4237=IFCINDEXEDPOLYGONALFACE((4451,4211,4452,4319));
#4238=IFCINDEXEDPOLYGONALFACE((4210,4449,4319,4452));
#4239=IFCINDEXEDPOLYGONALFACE((4204,4453,4320,4451));
#4240=IFCINDEXEDPOLYGONALFACE((4453,4212,4454,4320));
#4241=IFCINDEXEDPOLYGONALFACE((4211,4451,4320,4454));
#4242=IFCINDEXEDPOLYGONALFACE((4204,4455,4321,4453));
#4243=IFCINDEXEDPOLYGONALFACE((4455,4213,4456,4321));
#4244=IFCINDEXEDPOLYGONALFACE((4212,4453,4321,4456));
#4245=IFCINDEXEDPOLYGONALFACE((4204,4457,4322,4455));
#4246=IFCINDEXEDPOLYGONALFACE((4457,4214,4458,4322));
#4247=IFCINDEXEDPOLYGONALFACE((4213,4455,4322,4458));
#4248=IFCINDEXEDPOLYGONALFACE((4204,4459,4323,4457));
#4249=IFCINDEXEDPOLYGONALFACE((4459,4215,4460,4323));
#4250=IFCINDEXEDPOLYGONALFACE((4214,4457,4323,4460));
#4251=IFCINDEXEDPOLYGONALFACE((4204,4461,4324,4459));
#4252=IFCINDEXEDPOLYGONALFACE((4461,4216,4462,4324));
#4253=IFCINDEXEDPOLYGONALFACE((4215,4459,4324,4462));
#4254=IFCINDEXEDPOLYGONALFACE((4204,4463,4325,4461));
#4255=IFCINDEXEDPOLYGONALFACE((4463,4217,4464,4325));
#4256=IFCINDEXEDPOLYGONALFACE((4216,4461,4325,4464));
#4257=IFCINDEXEDPOLYGONALFACE((4204,4465,4326,4463));
#4258=IFCINDEXEDPOLYGONALFACE((4465,4218,4466,4326));
#4259=IFCINDEXEDPOLYGONALFACE((4217,4463,4326,4466));
#4260=IFCINDEXEDPOLYGONALFACE((4204,4467,4327,4465));
#4261=IFCINDEXEDPOLYGONALFACE((4467,4219,4468,4327));
#4262=IFCINDEXEDPOLYGONALFACE((4218,4465,4327,4468));
#4263=IFCINDEXEDPOLYGONALFACE((4204,4469,4328,4467));
#4264=IFCINDEXEDPOLYGONALFACE((4469,4220,4470,4328));
#4265=IFCINDEXEDPOLYGONALFACE((4219,4467,4328,4470));
#4266=IFCINDEXEDPOLYGONALFACE((4204,4471,4329,4469));
#4267=IFCINDEXEDPOLYGONALFACE((4471,4221,4472,4329));
#4268=IFCINDEXEDPOLYGONALFACE((4220,4469,4329,4472));
#4269=IFCINDEXEDPOLYGONALFACE((4204,4473,4330,4471));
#4270=IFCINDEXEDPOLYGONALFACE((4473,4222,4474,4330));
#4271=IFCINDEXEDPOLYGONALFACE((4221,4471,4330,4474));
#4272=IFCINDEXEDPOLYGONALFACE((4204,4442,4331,4473));
#4273=IFCINDEXEDPOLYGONALFACE((4442,4205,4475,4331));
#4274=IFCINDEXEDPOLYGONALFACE((4222,4473,4331,4475));
#4275=IFCINDEXEDPOLYGONALFACE((4205,4441,4332,4478));
#4276=IFCINDEXEDPOLYGONALFACE((4441,4206,4476,4332));
#4277=IFCINDEXEDPOLYGONALFACE((4243,4477,4332,4476));
#4278=IFCINDEXEDPOLYGONALFACE((4477,4244,4478,4332));
#4279=IFCINDEXEDPOLYGONALFACE((4206,4444,4333,4476));
#4280=IFCINDEXEDPOLYGONALFACE((4444,4207,4479,4333));
#4281=IFCINDEXEDPOLYGONALFACE((4247,4480,4333,4479));
#4282=IFCINDEXEDPOLYGONALFACE((4480,4243,4476,4333));
#4283=IFCINDEXEDPOLYGONALFACE((4207,4446,4334,4479));
#4284=IFCINDEXEDPOLYGONALFACE((4446,4208,4481,4334));
#4285=IFCINDEXEDPOLYGONALFACE((4249,4482,4334,4481));
#4286=IFCINDEXEDPOLYGONALFACE((4482,4247,4479,4334));
#4287=IFCINDEXEDPOLYGONALFACE((4208,4448,4335,4481));
#4288=IFCINDEXEDPOLYGONALFACE((4448,4209,4483,4335));
#4289=IFCINDEXEDPOLYGONALFACE((4251,4484,4335,4483));
#4290=IFCINDEXEDPOLYGONALFACE((4484,4249,4481,4335));
#4291=IFCINDEXEDPOLYGONALFACE((4209,4450,4336,4483));
#4292=IFCINDEXEDPOLYGONALFACE((4450,4210,4485,4336));
#4293=IFCINDEXEDPOLYGONALFACE((4253,4486,4336,4485));
#4294=IFCINDEXEDPOLYGONALFACE((4486,4251,4483,4336));
#4295=IFCINDEXEDPOLYGONALFACE((4210,4452,4337,4485));
#4296=IFCINDEXEDPOLYGONALFACE((4452,4211,4487,4337));
#4297=IFCINDEXEDPOLYGONALFACE((4255,4488,4337,4487));
#4298=IFCINDEXEDPOLYGONALFACE((4488,4253,4485,4337));
#4299=IFCINDEXEDPOLYGONALFACE((4211,4454,4338,4487));
#4300=IFCINDEXEDPOLYGONALFACE((4454,4212,4489,4338));
#4301=IFCINDEXEDPOLYGONALFACE((4257,4490,4338,4489));
#4302=IFCINDEXEDPOLYGONALFACE((4490,4255,4487,4338));
#4303=IFCINDEXEDPOLYGONALFACE((4212,4456,4339,4489));
#4304=IFCINDEXEDPOLYGONALFACE((4456,4213,4491,4339));
#4305=IFCINDEXEDPOLYGONALFACE((4259,4492,4339,4491));
#4306=IFCINDEXEDPOLYGONALFACE((4492,4257,4489,4339));
#4307=IFCINDEXEDPOLYGONALFACE((4213,4458,4340,4491));
#4308=IFCINDEXEDPOLYGONALFACE((4458,4214,4493,4340));
#4309=IFCINDEXEDPOLYGONALFACE((4261,4494,4340,4493));
#4310=IFCINDEXEDPOLYGONALFACE((4494,4259,4491,4340));
#4311=IFCINDEXEDPOLYGONALFACE((4214,4460,4341,4493));
#4312=IFCINDEXEDPOLYGONALFACE((4460,4215,4495,4341));
#4313=IFCINDEXEDPOLYGONALFACE((4263,4496,4341,4495));
#4314=IFCINDEXEDPOLYGONALFACE((4496,4261,4493,4341));
#4315=IFCINDEXEDPOLYGONALFACE((4215,4462,4342,4495));
#4316=IFCINDEXEDPOLYGONALFACE((4462,4216,4497,4342));
#4317=IFCINDEXEDPOLYGONALFACE((4265,4498,4342,4497));
#4318=IFCINDEXEDPOLYGONALFACE((4498,4263,4495,4342));
#4319=IFCINDEXEDPOLYGONALFACE((4216,4464,4343,4497));
#4320=IFCINDEXEDPOLYGONALFACE((4464,4217,4499,4343));
#4321=IFCINDEXEDPOLYGONALFACE((4267,4500,4343,4499));
#4322=IFCINDEXEDPOLYGONALFACE((4500,4265,4497,4343));
#4323=IFCINDEXEDPOLYGONALFACE((4217,4466,4344,4499));
#4324=IFCINDEXEDPOLYGONALFACE((4466,4218,4501,4344));
#4325=IFCINDEXEDPOLYGONALFACE((4269,4502,4344,4501));
#4326=IFCINDEXEDPOLYGONALFACE((4502,4267,4499,4344));
#4327=IFCINDEXEDPOLYGONALFACE((4218,4468,4345,4501));
#4328=IFCINDEXEDPOLYGONALFACE((4468,4219,4503,4345));
#4329=IFCINDEXEDPOLYGONALFACE((4271,4504,4345,4503));
#4330=IFCINDEXEDPOLYGONALFACE((4504,4269,4501,4345));
#4331=IFCINDEXEDPOLYGONALFACE((4219,4470,4346,4503));
#4332=IFCINDEXEDPOLYGONALFACE((4470,4220,4505,4346));
#4333=IFCINDEXEDPOLYGONALFACE((4273,4506,4346,4505));
#4334=IFCINDEXEDPOLYGONALFACE((4506,4271,4503,4346));
#4335=IFCINDEXEDPOLYGONALFACE((4220,4472,4347,4505));
#4336=IFCINDEXEDPOLYGONALFACE((4472,4221,4507,4347));
#4337=IFCINDEXEDPOLYGONALFACE((4275,4508,4347,4507));
#4338=IFCINDEXEDPOLYGONALFACE((4508,4273,4505,4347));
#4339=IFCINDEXEDPOLYGONALFACE((4221,4474,4348,4507));
#4340=IFCINDEXEDPOLYGONALFACE((4474,4222,4509,4348));
#4341=IFCINDEXEDPOLYGONALFACE((4277,4510,4348,4509));
#4342=IFCINDEXEDPOLYGONALFACE((4510,4275,4507,4348));
#4343=IFCINDEXEDPOLYGONALFACE((4222,4475,4349,4509));
#4344=IFCINDEXEDPOLYGONALFACE((4475,4205,4478,4349));
#4345=IFCINDEXEDPOLYGONALFACE((4244,4511,4349,4478));
#4346=IFCINDEXEDPOLYGONALFACE((4511,4277,4509,4349));
#4347=IFCINDEXEDPOLYGONALFACE((4245,4512,4350,4515));
#4348=IFCINDEXEDPOLYGONALFACE((4512,4242,4513,4350));
#4349=IFCINDEXEDPOLYGONALFACE((4279,4514,4350,4513));
#4350=IFCINDEXEDPOLYGONALFACE((4514,4280,4515,4350));
#4351=IFCINDEXEDPOLYGONALFACE((4242,4516,4351,4513));
#4352=IFCINDEXEDPOLYGONALFACE((4516,4246,4517,4351));
#4353=IFCINDEXEDPOLYGONALFACE((4283,4518,4351,4517));
#4354=IFCINDEXEDPOLYGONALFACE((4518,4279,4513,4351));
#4355=IFCINDEXEDPOLYGONALFACE((4246,4519,4352,4517));
#4356=IFCINDEXEDPOLYGONALFACE((4519,4248,4520,4352));
#4357=IFCINDEXEDPOLYGONALFACE((4285,4521,4352,4520));
#4358=IFCINDEXEDPOLYGONALFACE((4521,4283,4517,4352));
#4359=IFCINDEXEDPOLYGONALFACE((4248,4522,4353,4520));
#4360=IFCINDEXEDPOLYGONALFACE((4522,4250,4523,4353));
#4361=IFCINDEXEDPOLYGONALFACE((4287,4524,4353,4523));
#4362=IFCINDEXEDPOLYGONALFACE((4524,4285,4520,4353));
#4363=IFCINDEXEDPOLYGONALFACE((4250,4525,4354,4523));
#4364=IFCINDEXEDPOLYGONALFACE((4525,4252,4526,4354));
#4365=IFCINDEXEDPOLYGONALFACE((4289,4527,4354,4526));
#4366=IFCINDEXEDPOLYGONALFACE((4527,4287,4523,4354));
#4367=IFCINDEXEDPOLYGONALFACE((4252,4528,4355,4526));
#4368=IFCINDEXEDPOLYGONALFACE((4528,4254,4529,4355));
#4369=IFCINDEXEDPOLYGONALFACE((4291,4530,4355,4529));
#4370=IFCINDEXEDPOLYGONALFACE((4530,4289,4526,4355));
#4371=IFCINDEXEDPOLYGONALFACE((4254,4531,4356,4529));
#4372=IFCINDEXEDPOLYGONALFACE((4531,4256,4532,4356));
#4373=IFCINDEXEDPOLYGONALFACE((4293,4533,4356,4532));
#4374=IFCINDEXEDPOLYGONALFACE((4533,4291,4529,4356));
#4375=IFCINDEXEDPOLYGONALFACE((4256,4534,4357,4532));
#4376=IFCINDEXEDPOLYGONALFACE((4534,4258,4535,4357));
#4377=IFCINDEXEDPOLYGONALFACE((4295,4536,4357,4535));
#4378=IFCINDEXEDPOLYGONALFACE((4536,4293,4532,4357));
#4379=IFCINDEXEDPOLYGONALFACE((4258,4537,4358,4535));
#4380=IFCINDEXEDPOLYGONALFACE((4537,4260,4538,4358));
#4381=IFCINDEXEDPOLYGONALFACE((4297,4539,4358,4538));
#4382=IFCINDEXEDPOLYGONALFACE((4539,4295,4535,4358));
#4383=IFCINDEXEDPOLYGONALFACE((4260,4540,4359,4538));
#4384=IFCINDEXEDPOLYGONALFACE((4540,4262,4541,4359));
#4385=IFCINDEXEDPOLYGONALFACE((4299,4542,4359,4541));
#4386=IFCINDEXEDPOLYGONALFACE((4542,4297,4538,4359));
#4387=IFCINDEXEDPOLYGONALFACE((4262,4543,4360,4541));
#4388=IFCINDEXEDPOLYGONALFACE((4543,4264,4544,4360));
#4389=IFCINDEXEDPOLYGONALFACE((4301,4545,4360,4544));
#4390=IFCINDEXEDPOLYGONALFACE((4545,4299,4541,4360));
#4391=IFCINDEXEDPOLYGONALFACE((4264,4546,4361,4544));
#4392=IFCINDEXEDPOLYGONALFACE((4546,4266,4547,4361));
#4393=IFCINDEXEDPOLYGONALFACE((4303,4548,4361,4547));
#4394=IFCINDEXEDPOLYGONALFACE((4548,4301,4544,4361));
#4395=IFCINDEXEDPOLYGONALFACE((4266,4549,4362,4547));
#4396=IFCINDEXEDPOLYGONALFACE((4549,4268,4550,4362));
#4397=IFCINDEXEDPOLYGONALFACE((4305,4551,4362,4550));
#4398=IFCINDEXEDPOLYGONALFACE((4551,4303,4547,4362));
#4399=IFCINDEXEDPOLYGONALFACE((4268,4552,4363,4550));
#4400=IFCINDEXEDPOLYGONALFACE((4552,4270,4553,4363));
#4401=IFCINDEXEDPOLYGONALFACE((4307,4554,4363,4553));
#4402=IFCINDEXEDPOLYGONALFACE((4554,4305,4550,4363));
#4403=IFCINDEXEDPOLYGONALFACE((4270,4555,4364,4553));
#4404=IFCINDEXEDPOLYGONALFACE((4555,4272,4556,4364));
#4405=IFCINDEXEDPOLYGONALFACE((4309,4557,4364,4556));
#4406=IFCINDEXEDPOLYGONALFACE((4557,4307,4553,4364));
#4407=IFCINDEXEDPOLYGONALFACE((4272,4558,4365,4556));
#4408=IFCINDEXEDPOLYGONALFACE((4558,4274,4559,4365));
#4409=IFCINDEXEDPOLYGONALFACE((4311,4560,4365,4559));
#4410=IFCINDEXEDPOLYGONALFACE((4560,4309,4556,4365));
#4411=IFCINDEXEDPOLYGONALFACE((4274,4561,4366,4559));
#4412=IFCINDEXEDPOLYGONALFACE((4561,4276,4562,4366));
#4413=IFCINDEXEDPOLYGONALFACE((4313,4563,4366,4562));
#4414=IFCINDEXEDPOLYGONALFACE((4563,4311,4559,4366));
#4415=IFCINDEXEDPOLYGONALFACE((4276,4564,4367,4562));
#4416=IFCINDEXEDPOLYGONALFACE((4564,4245,4515,4367));
#4417=IFCINDEXEDPOLYGONALFACE((4280,4565,4367,4515));
#4418=IFCINDEXEDPOLYGONALFACE((4565,4313,4562,4367));
#4419=IFCINDEXEDPOLYGONALFACE((4281,4566,4368,4569));
#4420=IFCINDEXEDPOLYGONALFACE((4566,4278,4567,4368));
#4421=IFCINDEXEDPOLYGONALFACE((4224,4568,4368,4567));
#4422=IFCINDEXEDPOLYGONALFACE((4568,4223,4569,4368));
#4423=IFCINDEXEDPOLYGONALFACE((4278,4570,4369,4567));
#4424=IFCINDEXEDPOLYGONALFACE((4570,4282,4571,4369));
#4425=IFCINDEXEDPOLYGONALFACE((4225,4572,4369,4571));
#4426=IFCINDEXEDPOLYGONALFACE((4572,4224,4567,4369));
#4427=IFCINDEXEDPOLYGONALFACE((4282,4573,4370,4571));
#4428=IFCINDEXEDPOLYGONALFACE((4573,4284,4574,4370));
#4429=IFCINDEXEDPOLYGONALFACE((4226,4575,4370,4574));
#4430=IFCINDEXEDPOLYGONALFACE((4575,4225,4571,4370));
#4431=IFCINDEXEDPOLYGONALFACE((4284,4576,4371,4574));
#4432=IFCINDEXEDPOLYGONALFACE((4576,4286,4577,4371));
#4433=IFCINDEXEDPOLYGONALFACE((4227,4578,4371,4577));
#4434=IFCINDEXEDPOLYGONALFACE((4578,4226,4574,4371));
#4435=IFCINDEXEDPOLYGONALFACE((4286,4579,4372,4577));
#4436=IFCINDEXEDPOLYGONALFACE((4579,4288,4580,4372));
#4437=IFCINDEXEDPOLYGONALFACE((4228,4581,4372,4580));
#4438=IFCINDEXEDPOLYGONALFACE((4581,4227,4577,4372));
#4439=IFCINDEXEDPOLYGONALFACE((4288,4582,4373,4580));
#4440=IFCINDEXEDPOLYGONALFACE((4582,4290,4583,4373));
#4441=IFCINDEXEDPOLYGONALFACE((4229,4584,4373,4583));
#4442=IFCINDEXEDPOLYGONALFACE((4584,4228,4580,4373));
#4443=IFCINDEXEDPOLYGONALFACE((4290,4585,4374,4583));
#4444=IFCINDEXEDPOLYGONALFACE((4585,4292,4586,4374));
#4445=IFCINDEXEDPOLYGONALFACE((4230,4587,4374,4586));
#4446=IFCINDEXEDPOLYGONALFACE((4587,4229,4583,4374));
#4447=IFCINDEXEDPOLYGONALFACE((4292,4588,4375,4586));
#4448=IFCINDEXEDPOLYGONALFACE((4588,4294,4589,4375));
#4449=IFCINDEXEDPOLYGONALFACE((4231,4590,4375,4589));
#4450=IFCINDEXEDPOLYGONALFACE((4590,4230,4586,4375));
#4451=IFCINDEXEDPOLYGONALFACE((4294,4591,4376,4589));
#4452=IFCINDEXEDPOLYGONALFACE((4591,4296,4592,4376));
#4453=IFCINDEXEDPOLYGONALFACE((4232,4593,4376,4592));
#4454=IFCINDEXEDPOLYGONALFACE((4593,4231,4589,4376));
#4455=IFCINDEXEDPOLYGONALFACE((4296,4594,4377,4592));
#4456=IFCINDEXEDPOLYGONALFACE((4594,4298,4595,4377));
#4457=IFCINDEXEDPOLYGONALFACE((4233,4596,4377,4595));
#4458=IFCINDEXEDPOLYGONALFACE((4596,4232,4592,4377));
#4459=IFCINDEXEDPOLYGONALFACE((4298,4597,4378,4595));
#4460=IFCINDEXEDPOLYGONALFACE((4597,4300,4598,4378));
#4461=IFCINDEXEDPOLYGONALFACE((4234,4599,4378,4598));
#4462=IFCINDEXEDPOLYGONALFACE((4599,4233,4595,4378));
#4463=IFCINDEXEDPOLYGONALFACE((4300,4600,4379,4598));
#4464=IFCINDEXEDPOLYGONALFACE((4600,4302,4601,4379));
#4465=IFCINDEXEDPOLYGONALFACE((4235,4602,4379,4601));
#4466=IFCINDEXEDPOLYGONALFACE((4602,4234,4598,4379));
#4467=IFCINDEXEDPOLYGONALFACE((4302,4603,4380,4601));
#4468=IFCINDEXEDPOLYGONALFACE((4603,4304,4604,4380));
#4469=IFCINDEXEDPOLYGONALFACE((4236,4605,4380,4604));
#4470=IFCINDEXEDPOLYGONALFACE((4605,4235,4601,4380));
#4471=IFCINDEXEDPOLYGONALFACE((4304,4606,4381,4604));
#4472=IFCINDEXEDPOLYGONALFACE((4606,4306,4607,4381));
#4473=IFCINDEXEDPOLYGONALFACE((4237,4608,4381,4607));
#4474=IFCINDEXEDPOLYGONALFACE((4608,4236,4604,4381));
#4475=IFCINDEXEDPOLYGONALFACE((4306,4609,4382,4607));
#4476=IFCINDEXEDPOLYGONALFACE((4609,4308,4610,4382));
#4477=IFCINDEXEDPOLYGONALFACE((4238,4611,4382,4610));
#4478=IFCINDEXEDPOLYGONALFACE((4611,4237,4607,4382));
#4479=IFCINDEXEDPOLYGONALFACE((4308,4612,4383,4610));
#4480=IFCINDEXEDPOLYGONALFACE((4612,4310,4613,4383));
#4481=IFCINDEXEDPOLYGONALFACE((4239,4614,4383,4613));
#4482=IFCINDEXEDPOLYGONALFACE((4614,4238,4610,4383));
#4483=IFCINDEXEDPOLYGONALFACE((4310,4615,4384,4613));
#4484=IFCINDEXEDPOLYGONALFACE((4615,4312,4616,4384));
#4485=IFCINDEXEDPOLYGONALFACE((4240,4617,4384,4616));
#4486=IFCINDEXEDPOLYGONALFACE((4617,4239,4613,4384));
#4487=IFCINDEXEDPOLYGONALFACE((4312,4618,4385,4616));
#4488=IFCINDEXEDPOLYGONALFACE((4618,4281,4569,4385));
#4489=IFCINDEXEDPOLYGONALFACE((4223,4619,4385,4569));
#4490=IFCINDEXEDPOLYGONALFACE((4619,4240,4616,4385));
#4491=IFCINDEXEDPOLYGONALFACE((4241,4620,4386,4621));
#4492=IFCINDEXEDPOLYGONALFACE((4620,4223,4568,4386));
#4493=IFCINDEXEDPOLYGONALFACE((4224,4621,4386,4568));
#4494=IFCINDEXEDPOLYGONALFACE((4241,4621,4387,4622));
#4495=IFCINDEXEDPOLYGONALFACE((4621,4224,4572,4387));
#4496=IFCINDEXEDPOLYGONALFACE((4225,4622,4387,4572));
#4497=IFCINDEXEDPOLYGONALFACE((4241,4622,4388,4623));
#4498=IFCINDEXEDPOLYGONALFACE((4622,4225,4575,4388));
#4499=IFCINDEXEDPOLYGONALFACE((4226,4623,4388,4575));
#4500=IFCINDEXEDPOLYGONALFACE((4241,4623,4389,4624));
#4501=IFCINDEXEDPOLYGONALFACE((4623,4226,4578,4389));
#4502=IFCINDEXEDPOLYGONALFACE((4227,4624,4389,4578));
#4503=IFCINDEXEDPOLYGONALFACE((4241,4624,4390,4625));
#4504=IFCINDEXEDPOLYGONALFACE((4624,4227,4581,4390));
#4505=IFCINDEXEDPOLYGONALFACE((4228,4625,4390,4581));
#4506=IFCINDEXEDPOLYGONALFACE((4241,4625,4391,4626));
#4507=IFCINDEXEDPOLYGONALFACE((4625,4228,4584,4391));
#4508=IFCINDEXEDPOLYGONALFACE((4229,4626,4391,4584));
#4509=IFCINDEXEDPOLYGONALFACE((4241,4626,4392,4627));
#4510=IFCINDEXEDPOLYGONALFACE((4626,4229,4587,4392));
#4511=IFCINDEXEDPOLYGONALFACE((4230,4627,4392,4587));
#4512=IFCINDEXEDPOLYGONALFACE((4241,4627,4393,4628));
#4513=IFCINDEXEDPOLYGONALFACE((4627,4230,4590,4393));
#4514=IFCINDEXEDPOLYGONALFACE((4231,4628,4393,4590));
#4515=IFCINDEXEDPOLYGONALFACE((4241,4628,4394,4629));
#4516=IFCINDEXEDPOLYGONALFACE((4628,4231,4593,4394));
#4517=IFCINDEXEDPOLYGONALFACE((4232,4629,4394,4593));
#4518=IFCINDEXEDPOLYGONALFACE((4241,4629,4395,4630));
#4519=IFCINDEXEDPOLYGONALFACE((4629,4232,4596,4395));
#4520=IFCINDEXEDPOLYGONALFACE((4233,4630,4395,4596));
#4521=IFCINDEXEDPOLYGONALFACE((4241,4630,4396,4631));
#4522=IFCINDEXEDPOLYGONALFACE((4630,4233,4599,4396));
#4523=IFCINDEXEDPOLYGONALFACE((4234,4631,4396,4599));
#4524=IFCINDEXEDPOLYGONALFACE((4241,4631,4397,4632));
#4525=IFCINDEXEDPOLYGONALFACE((4631,4234,4602,4397));
#4526=IFCINDEXEDPOLYGONALFACE((4235,4632,4397,4602));
#4527=IFCINDEXEDPOLYGONALFACE((4241,4632,4398,4633));
#4528=IFCINDEXEDPOLYGONALFACE((4632,4235,4605,4398));
#4529=IFCINDEXEDPOLYGONALFACE((4236,4633,4398,4605));
#4530=IFCINDEXEDPOLYGONALFACE((4241,4633,4399,4634));
#4531=IFCINDEXEDPOLYGONALFACE((4633,4236,4608,4399));
#4532=IFCINDEXEDPOLYGONALFACE((4237,4634,4399,4608));
#4533=IFCINDEXEDPOLYGONALFACE((4241,4634,4400,4635));
#4534=IFCINDEXEDPOLYGONALFACE((4634,4237,4611,4400));
#4535=IFCINDEXEDPOLYGONALFACE((4238,4635,4400,4611));
#4536=IFCINDEXEDPOLYGONALFACE((4241,4635,4401,4636));
#4537=IFCINDEXEDPOLYGONALFACE((4635,4238,4614,4401));
#4538=IFCINDEXEDPOLYGONALFACE((4239,4636,4401,4614));
#4539=IFCINDEXEDPOLYGONALFACE((4241,4636,4402,4637));
#4540=IFCINDEXEDPOLYGONALFACE((4636,4239,4617,4402));
#4541=IFCINDEXEDPOLYGONALFACE((4240,4637,4402,4617));
#4542=IFCINDEXEDPOLYGONALFACE((4241,4637,4403,4620));
#4543=IFCINDEXEDPOLYGONALFACE((4637,4240,4619,4403));
#4544=IFCINDEXEDPOLYGONALFACE((4223,4620,4403,4619));
#4545=IFCINDEXEDPOLYGONALFACE((4244,4477,4404,4639));
#4546=IFCINDEXEDPOLYGONALFACE((4477,4243,4638,4404));
#4547=IFCINDEXEDPOLYGONALFACE((4242,4512,4404,4638));
#4548=IFCINDEXEDPOLYGONALFACE((4512,4245,4639,4404));
#4549=IFCINDEXEDPOLYGONALFACE((4243,4480,4405,4638));
#4550=IFCINDEXEDPOLYGONALFACE((4480,4247,4640,4405));
#4551=IFCINDEXEDPOLYGONALFACE((4246,4516,4405,4640));
#4552=IFCINDEXEDPOLYGONALFACE((4516,4242,4638,4405));
#4553=IFCINDEXEDPOLYGONALFACE((4247,4482,4406,4640));
#4554=IFCINDEXEDPOLYGONALFACE((4482,4249,4641,4406));
#4555=IFCINDEXEDPOLYGONALFACE((4248,4519,4406,4641));
#4556=IFCINDEXEDPOLYGONALFACE((4519,4246,4640,4406));
#4557=IFCINDEXEDPOLYGONALFACE((4249,4484,4407,4641));
#4558=IFCINDEXEDPOLYGONALFACE((4484,4251,4642,4407));
#4559=IFCINDEXEDPOLYGONALFACE((4250,4522,4407,4642));
#4560=IFCINDEXEDPOLYGONALFACE((4522,4248,4641,4407));
#4561=IFCINDEXEDPOLYGONALFACE((4251,4486,4408,4642));
#4562=IFCINDEXEDPOLYGONALFACE((4486,4253,4643,4408));
#4563=IFCINDEXEDPOLYGONALFACE((4252,4525,4408,4643));
#4564=IFCINDEXEDPOLYGONALFACE((4525,4250,4642,4408));
#4565=IFCINDEXEDPOLYGONALFACE((4253,4488,4409,4643));
#4566=IFCINDEXEDPOLYGONALFACE((4488,4255,4644,4409));
#4567=IFCINDEXEDPOLYGONALFACE((4254,4528,4409,4644));
#4568=IFCINDEXEDPOLYGONALFACE((4528,4252,4643,4409));
#4569=IFCINDEXEDPOLYGONALFACE((4255,4490,4410,4644));
#4570=IFCINDEXEDPOLYGONALFACE((4490,4257,4645,4410));
#4571=IFCINDEXEDPOLYGONALFACE((4256,4531,4410,4645));
#4572=IFCINDEXEDPOLYGONALFACE((4531,4254,4644,4410));
#4573=IFCINDEXEDPOLYGONALFACE((4257,4492,4411,4645));
#4574=IFCINDEXEDPOLYGONALFACE((4492,4259,4646,4411));
#4575=IFCINDEXEDPOLYGONALFACE((4258,4534,4411,4646));
#4576=IFCINDEXEDPOLYGONALFACE((4534,4256,4645,4411));
#4577=IFCINDEXEDPOLYGONALFACE((4259,4494,4412,4646));
#4578=IFCINDEXEDPOLYGONALFACE((4494,4261,4647,4412));
#4579=IFCINDEXEDPOLYGONALFACE((4260,4537,4412,4647));
#4580=IFCINDEXEDPOLYGONALFACE((4537,4258,4646,4412));
#4581=IFCINDEXEDPOLYGONALFACE((4261,4496,4413,4647));
#4582=IFCINDEXEDPOLYGONALFACE((4496,4263,4648,4413));
#4583=IFCINDEXEDPOLYGONALFACE((4262,4540,4413,4648));
#4584=IFCINDEXEDPOLYGONALFACE((4540,4260,4647,4413));
#4585=IFCINDEXEDPOLYGONALFACE((4263,4498,4414,4648));
#4586=IFCINDEXEDPOLYGONALFACE((4498,4265,4649,4414));
#4587=IFCINDEXEDPOLYGONALFACE((4264,4543,4414,4649));
#4588=IFCINDEXEDPOLYGONALFACE((4543,4262,4648,4414));
#4589=IFCINDEXEDPOLYGONALFACE((4265,4500,4415,4649));
#4590=IFCINDEXEDPOLYGONALFACE((4500,4267,4650,4415));
#4591=IFCINDEXEDPOLYGONALFACE((4266,4546,4415,4650));
#4592=IFCINDEXEDPOLYGONALFACE((4546,4264,4649,4415));
#4593=IFCINDEXEDPOLYGONALFACE((4267,4502,4416,4650));
#4594=IFCINDEXEDPOLYGONALFACE((4502,4269,4651,4416));
#4595=IFCINDEXEDPOLYGONALFACE((4268,4549,4416,4651));
#4596=IFCINDEXEDPOLYGONALFACE((4549,4266,4650,4416));
#4597=IFCINDEXEDPOLYGONALFACE((4269,4504,4417,4651));
#4598=IFCINDEXEDPOLYGONALFACE((4504,4271,4652,4417));
#4599=IFCINDEXEDPOLYGONALFACE((4270,4552,4417,4652));
#4600=IFCINDEXEDPOLYGONALFACE((4552,4268,4651,4417));
#4601=IFCINDEXEDPOLYGONALFACE((4271,4506,4418,4652));
#4602=IFCINDEXEDPOLYGONALFACE((4506,4273,4653,4418));
#4603=IFCINDEXEDPOLYGONALFACE((4272,4555,4418,4653));
#4604=IFCINDEXEDPOLYGONALFACE((4555,4270,4652,4418));
#4605=IFCINDEXEDPOLYGONALFACE((4273,4508,4419,4653));
#4606=IFCINDEXEDPOLYGONALFACE((4508,4275,4654,4419));
#4607=IFCINDEXEDPOLYGONALFACE((4274,4558,4419,4654));
#4608=IFCINDEXEDPOLYGONALFACE((4558,4272,4653,4419));
#4609=IFCINDEXEDPOLYGONALFACE((4275,4510,4420,4654));
#4610=IFCINDEXEDPOLYGONALFACE((4510,4277,4655,4420));
#4611=IFCINDEXEDPOLYGONALFACE((4276,4561,4420,4655));
#4612=IFCINDEXEDPOLYGONALFACE((4561,4274,4654,4420));
#4613=IFCINDEXEDPOLYGONALFACE((4277,4511,4421,4655));
#4614=IFCINDEXEDPOLYGONALFACE((4511,4244,4639,4421));
#4615=IFCINDEXEDPOLYGONALFACE((4245,4564,4421,4639));
#4616=IFCINDEXEDPOLYGONALFACE((4564,4276,4655,4421));
#4617=IFCINDEXEDPOLYGONALFACE((4280,4514,4422,4657));
#4618=IFCINDEXEDPOLYGONALFACE((4514,4279,4656,4422));
#4619=IFCINDEXEDPOLYGONALFACE((4278,4566,4422,4656));
#4620=IFCINDEXEDPOLYGONALFACE((4566,4281,4657,4422));
#4621=IFCINDEXEDPOLYGONALFACE((4279,4518,4423,4656));
#4622=IFCINDEXEDPOLYGONALFACE((4518,4283,4658,4423));
#4623=IFCINDEXEDPOLYGONALFACE((4282,4570,4423,4658));
#4624=IFCINDEXEDPOLYGONALFACE((4570,4278,4656,4423));
#4625=IFCINDEXEDPOLYGONALFACE((4283,4521,4424,4658));
#4626=IFCINDEXEDPOLYGONALFACE((4521,4285,4659,4424));
#4627=IFCINDEXEDPOLYGONALFACE((4284,4573,4424,4659));
#4628=IFCINDEXEDPOLYGONALFACE((4573,4282,4658,4424));
#4629=IFCINDEXEDPOLYGONALFACE((4285,4524,4425,4659));
#4630=IFCINDEXEDPOLYGONALFACE((4524,4287,4660,4425));
#4631=IFCINDEXEDPOLYGONALFACE((4286,4576,4425,4660));
#4632=IFCINDEXEDPOLYGONALFACE((4576,4284,4659,4425));
#4633=IFCINDEXEDPOLYGONALFACE((4287,4527,4426,4660));
#4634=IFCINDEXEDPOLYGONALFACE((4527,4289,4661,4426));
#4635=IFCINDEXEDPOLYGONALFACE((4288,4579,4426,4661));
#4636=IFCINDEXEDPOLYGONALFACE((4579,4286,4660,4426));
#4637=IFCINDEXEDPOLYGONALFACE((4289,4530,4427,4661));
#4638=IFCINDEXEDPOLYGONALFACE((4530,4291,4662,4427));
#4639=IFCINDEXEDPOLYGONALFACE((4290,4582,4427,4662));
#4640=IFCINDEXEDPOLYGONALFACE((4582,4288,4661,4427));
#4641=IFCINDEXEDPOLYGONALFACE((4291,4533,4428,4662));
#4642=IFCINDEXEDPOLYGONALFACE((4533,4293,4663,4428));
#4643=IFCINDEXEDPOLYGONALFACE((4292,4585,4428,4663));
#4644=IFCINDEXEDPOLYGONALFACE((4585,4290,4662,4428));
#4645=IFCINDEXEDPOLYGONALFACE((4293,4536,4429,4663));
#4646=IFCINDEXEDPOLYGONALFACE((4536,4295,4664,4429));
#4647=IFCINDEXEDPOLYGONALFACE((4294,4588,4429,4664));
#4648=IFCINDEXEDPOLYGONALFACE((4588,4292,4663,4429));
#4649=IFCINDEXEDPOLYGONALFACE((4295,4539,4430,4664));
#4650=IFCINDEXEDPOLYGONALFACE((4539,4297,4665,4430));
#4651=IFCINDEXEDPOLYGONALFACE((4296,4591,4430,4665));
#4652=IFCINDEXEDPOLYGONALFACE((4591,4294,4664,4430));
#4653=IFCINDEXEDPOLYGONALFACE((4297,4542,4431,4665));
#4654=IFCINDEXEDPOLYGONALFACE((4542,4299,4666,4431));
#4655=IFCINDEXEDPOLYGONALFACE((4298,4594,4431,4666));
#4656=IFCINDEXEDPOLYGONALFACE((4594,4296,4665,4431));
#4657=IFCINDEXEDPOLYGONALFACE((4299,4545,4432,4666));
#4658=IFCINDEXEDPOLYGONALFACE((4545,4301,4667,4432));
#4659=IFCINDEXEDPOLYGONALFACE((4300,4597,4432,4667));
#4660=IFCINDEXEDPOLYGONALFACE((4597,4298,4666,4432));
#4661=IFCINDEXEDPOLYGONALFACE((4301,4548,4433,4667));
#4662=IFCINDEXEDPOLYGONALFACE((4548,4303,4668,4433));
#4663=IFCINDEXEDPOLYGONALFACE((4302,4600,4433,4668));
#4664=IFCINDEXEDPOLYGONALFACE((4600,4300,4667,4433));
#4665=IFCINDEXEDPOLYGONALFACE((4303,4551,4434,4668));
#4666=IFCINDEXEDPOLYGONALFACE((4551,4305,4669,4434));
#4667=IFCINDEXEDPOLYGONALFACE((4304,4603,4434,4669));
#4668=IFCINDEXEDPOLYGONALFACE((4603,4302,4668,4434));
#4669=IFCINDEXEDPOLYGONALFACE((4305,4554,4435,4669));
#4670=IFCINDEXEDPOLYGONALFACE((4554,4307,4670,4435));
#4671=IFCINDEXEDPOLYGONALFACE((4306,4606,4435,4670));
#4672=IFCINDEXEDPOLYGONALFACE((4606,4304,4669,4435));
#4673=IFCINDEXEDPOLYGONALFACE((4307,4557,4436,4670));
#4674=IFCINDEXEDPOLYGONALFACE((4557,4309,4671,4436));
#4675=IFCINDEXEDPOLYGONALFACE((4308,4609,4436,4671));
#4676=IFCINDEXEDPOLYGONALFACE((4609,4306,4670,4436));
#4677=IFCINDEXEDPOLYGONALFACE((4309,4560,4437,4671));
#4678=IFCINDEXEDPOLYGONALFACE((4560,4311,4672,4437));
#4679=IFCINDEXEDPOLYGONALFACE((4310,4612,4437,4672));
#4680=IFCINDEXEDPOLYGONALFACE((4612,4308,4671,4437));
#4681=IFCINDEXEDPOLYGONALFACE((4311,4563,4438,4672));
#4682=IFCINDEXEDPOLYGONALFACE((4563,4313,4673,4438));
#4683=IFCINDEXEDPOLYGONALFACE((4312,4615,4438,4673));
#4684=IFCINDEXEDPOLYGONALFACE((4615,4310,4672,4438));
#4685=IFCINDEXEDPOLYGONALFACE((4313,4565,4439,4673));
#4686=IFCINDEXEDPOLYGONALFACE((4565,4280,4657,4439));
#4687=IFCINDEXEDPOLYGONALFACE((4281,4618,4439,4657));
#4688=IFCINDEXEDPOLYGONALFACE((4618,4312,4673,4439));
#4689=IFCINDEXEDPOLYGONALFACE((2692,1346,2860));
#4690=IFCINDEXEDPOLYGONALFACE((338,2858,1346));
#4691=IFCINDEXEDPOLYGONALFACE((2859,1346,2858));
#4692=IFCINDEXEDPOLYGONALFACE((760,2860,1346));
#4693=IFCINDEXEDPOLYGONALFACE((2695,1348,2866));
#4694=IFCINDEXEDPOLYGONALFACE((339,2860,1348));
#4695=IFCINDEXEDPOLYGONALFACE((2865,1348,2860));
#4696=IFCINDEXEDPOLYGONALFACE((766,2866,1348));
#4697=IFCINDEXEDPOLYGONALFACE((2699,1350,2872));
#4698=IFCINDEXEDPOLYGONALFACE((344,2870,1350));
#4699=IFCINDEXEDPOLYGONALFACE((2871,1350,2870));
#4700=IFCINDEXEDPOLYGONALFACE((772,2872,1350));
#4701=IFCINDEXEDPOLYGONALFACE((2702,1352,2858));
#4702=IFCINDEXEDPOLYGONALFACE((345,2872,1352));
#4703=IFCINDEXEDPOLYGONALFACE((2877,1352,2872));
#4704=IFCINDEXEDPOLYGONALFACE((759,2858,1352));
#4705=IFCINDEXEDPOLYGONALFACE((2705,1354,2882));
#4706=IFCINDEXEDPOLYGONALFACE((348,2880,1354));
#4707=IFCINDEXEDPOLYGONALFACE((2881,1354,2880));
#4708=IFCINDEXEDPOLYGONALFACE((780,2882,1354));
#4709=IFCINDEXEDPOLYGONALFACE((2708,1356,2870));
#4710=IFCINDEXEDPOLYGONALFACE((349,2882,1356));
#4711=IFCINDEXEDPOLYGONALFACE((2887,1356,2882));
#4712=IFCINDEXEDPOLYGONALFACE((771,2870,1356));
#4713=IFCINDEXEDPOLYGONALFACE((2711,1358,2892));
#4714=IFCINDEXEDPOLYGONALFACE((352,2890,1358));
#4715=IFCINDEXEDPOLYGONALFACE((2891,1358,2890));
#4716=IFCINDEXEDPOLYGONALFACE((788,2892,1358));
#4717=IFCINDEXEDPOLYGONALFACE((2714,1360,2880));
#4718=IFCINDEXEDPOLYGONALFACE((353,2892,1360));
#4719=IFCINDEXEDPOLYGONALFACE((2897,1360,2892));
#4720=IFCINDEXEDPOLYGONALFACE((779,2880,1360));
#4721=IFCINDEXEDPOLYGONALFACE((2717,1362,2902));
#4722=IFCINDEXEDPOLYGONALFACE((356,2900,1362));
#4723=IFCINDEXEDPOLYGONALFACE((2901,1362,2900));
#4724=IFCINDEXEDPOLYGONALFACE((796,2902,1362));
#4725=IFCINDEXEDPOLYGONALFACE((2720,1364,2890));
#4726=IFCINDEXEDPOLYGONALFACE((357,2902,1364));
#4727=IFCINDEXEDPOLYGONALFACE((2907,1364,2902));
#4728=IFCINDEXEDPOLYGONALFACE((787,2890,1364));
#4729=IFCINDEXEDPOLYGONALFACE((2723,1366,2912));
#4730=IFCINDEXEDPOLYGONALFACE((360,2910,1366));
#4731=IFCINDEXEDPOLYGONALFACE((2911,1366,2910));
#4732=IFCINDEXEDPOLYGONALFACE((804,2912,1366));
#4733=IFCINDEXEDPOLYGONALFACE((2726,1368,2900));
#4734=IFCINDEXEDPOLYGONALFACE((361,2912,1368));
#4735=IFCINDEXEDPOLYGONALFACE((2917,1368,2912));
#4736=IFCINDEXEDPOLYGONALFACE((795,2900,1368));
#4737=IFCINDEXEDPOLYGONALFACE((2729,1370,2922));
#4738=IFCINDEXEDPOLYGONALFACE((364,2920,1370));
#4739=IFCINDEXEDPOLYGONALFACE((2921,1370,2920));
#4740=IFCINDEXEDPOLYGONALFACE((812,2922,1370));
#4741=IFCINDEXEDPOLYGONALFACE((2732,1372,2910));
#4742=IFCINDEXEDPOLYGONALFACE((365,2922,1372));
#4743=IFCINDEXEDPOLYGONALFACE((2927,1372,2922));
#4744=IFCINDEXEDPOLYGONALFACE((803,2910,1372));
#4745=IFCINDEXEDPOLYGONALFACE((2735,1374,2932));
#4746=IFCINDEXEDPOLYGONALFACE((368,2930,1374));
#4747=IFCINDEXEDPOLYGONALFACE((2931,1374,2930));
#4748=IFCINDEXEDPOLYGONALFACE((820,2932,1374));
#4749=IFCINDEXEDPOLYGONALFACE((2738,1376,2920));
#4750=IFCINDEXEDPOLYGONALFACE((369,2932,1376));
#4751=IFCINDEXEDPOLYGONALFACE((2937,1376,2932));
#4752=IFCINDEXEDPOLYGONALFACE((811,2920,1376));
#4753=IFCINDEXEDPOLYGONALFACE((2741,1378,2942));
#4754=IFCINDEXEDPOLYGONALFACE((372,2940,1378));
#4755=IFCINDEXEDPOLYGONALFACE((2941,1378,2940));
#4756=IFCINDEXEDPOLYGONALFACE((828,2942,1378));
#4757=IFCINDEXEDPOLYGONALFACE((2744,1380,2930));
#4758=IFCINDEXEDPOLYGONALFACE((373,2942,1380));
#4759=IFCINDEXEDPOLYGONALFACE((2947,1380,2942));
#4760=IFCINDEXEDPOLYGONALFACE((819,2930,1380));
#4761=IFCINDEXEDPOLYGONALFACE((2747,1382,2952));
#4762=IFCINDEXEDPOLYGONALFACE((376,2950,1382));
#4763=IFCINDEXEDPOLYGONALFACE((2951,1382,2950));
#4764=IFCINDEXEDPOLYGONALFACE((836,2952,1382));
#4765=IFCINDEXEDPOLYGONALFACE((2750,1384,2940));
#4766=IFCINDEXEDPOLYGONALFACE((377,2952,1384));
#4767=IFCINDEXEDPOLYGONALFACE((2957,1384,2952));
#4768=IFCINDEXEDPOLYGONALFACE((827,2940,1384));
#4769=IFCINDEXEDPOLYGONALFACE((2753,1386,2962));
#4770=IFCINDEXEDPOLYGONALFACE((380,2960,1386));
#4771=IFCINDEXEDPOLYGONALFACE((2961,1386,2960));
#4772=IFCINDEXEDPOLYGONALFACE((844,2962,1386));
#4773=IFCINDEXEDPOLYGONALFACE((2756,1388,2950));
#4774=IFCINDEXEDPOLYGONALFACE((381,2962,1388));
#4775=IFCINDEXEDPOLYGONALFACE((2967,1388,2962));
#4776=IFCINDEXEDPOLYGONALFACE((835,2950,1388));
#4777=IFCINDEXEDPOLYGONALFACE((2759,1390,2972));
#4778=IFCINDEXEDPOLYGONALFACE((384,2970,1390));
#4779=IFCINDEXEDPOLYGONALFACE((2971,1390,2970));
#4780=IFCINDEXEDPOLYGONALFACE((852,2972,1390));
#4781=IFCINDEXEDPOLYGONALFACE((2762,1392,2960));
#4782=IFCINDEXEDPOLYGONALFACE((385,2972,1392));
#4783=IFCINDEXEDPOLYGONALFACE((2977,1392,2972));
#4784=IFCINDEXEDPOLYGONALFACE((843,2960,1392));
#4785=IFCINDEXEDPOLYGONALFACE((2765,1394,2982));
#4786=IFCINDEXEDPOLYGONALFACE((388,2980,1394));
#4787=IFCINDEXEDPOLYGONALFACE((2981,1394,2980));
#4788=IFCINDEXEDPOLYGONALFACE((860,2982,1394));
#4789=IFCINDEXEDPOLYGONALFACE((2768,1396,2970));
#4790=IFCINDEXEDPOLYGONALFACE((389,2982,1396));
#4791=IFCINDEXEDPOLYGONALFACE((2987,1396,2982));
#4792=IFCINDEXEDPOLYGONALFACE((851,2970,1396));
#4793=IFCINDEXEDPOLYGONALFACE((2770,1398,2991));
#4794=IFCINDEXEDPOLYGONALFACE((341,2866,1398));
#4795=IFCINDEXEDPOLYGONALFACE((2990,1398,2866));
#4796=IFCINDEXEDPOLYGONALFACE((866,2991,1398));
#4797=IFCINDEXEDPOLYGONALFACE((2773,1400,2980));
#4798=IFCINDEXEDPOLYGONALFACE((391,2991,1400));
#4799=IFCINDEXEDPOLYGONALFACE((2995,1400,2991));
#4800=IFCINDEXEDPOLYGONALFACE((859,2980,1400));
#4801=IFCINDEXEDPOLYGONALFACE((760,2859,1682));
#4802=IFCINDEXEDPOLYGONALFACE((2859,759,3418));
#4803=IFCINDEXEDPOLYGONALFACE((758,2861,1682));
#4804=IFCINDEXEDPOLYGONALFACE((2861,761,3419));
#4805=IFCINDEXEDPOLYGONALFACE((766,2865,1684));
#4806=IFCINDEXEDPOLYGONALFACE((2865,760,3419));
#4807=IFCINDEXEDPOLYGONALFACE((761,2867,1684));
#4808=IFCINDEXEDPOLYGONALFACE((2867,767,3422));
#4809=IFCINDEXEDPOLYGONALFACE((772,2871,1686));
#4810=IFCINDEXEDPOLYGONALFACE((2871,771,3424));
#4811=IFCINDEXEDPOLYGONALFACE((770,2873,1686));
#4812=IFCINDEXEDPOLYGONALFACE((2873,773,3425));
#4813=IFCINDEXEDPOLYGONALFACE((759,2877,1688));
#4814=IFCINDEXEDPOLYGONALFACE((2877,772,3425));
#4815=IFCINDEXEDPOLYGONALFACE((773,2878,1688));
#4816=IFCINDEXEDPOLYGONALFACE((2878,758,3418));
#4817=IFCINDEXEDPOLYGONALFACE((780,2881,1690));
#4818=IFCINDEXEDPOLYGONALFACE((2881,779,3428));
#4819=IFCINDEXEDPOLYGONALFACE((778,2883,1690));
#4820=IFCINDEXEDPOLYGONALFACE((2883,781,3429));
#4821=IFCINDEXEDPOLYGONALFACE((771,2887,1692));
#4822=IFCINDEXEDPOLYGONALFACE((781,2888,1692));
#4823=IFCINDEXEDPOLYGONALFACE((2888,770,3424));
#4824=IFCINDEXEDPOLYGONALFACE((788,2891,1694));
#4825=IFCINDEXEDPOLYGONALFACE((786,2893,1694));
#4826=IFCINDEXEDPOLYGONALFACE((2893,789,3433));
#4827=IFCINDEXEDPOLYGONALFACE((779,2897,1696));
#4828=IFCINDEXEDPOLYGONALFACE((2897,788,3433));
#4829=IFCINDEXEDPOLYGONALFACE((789,2898,1696));
#4830=IFCINDEXEDPOLYGONALFACE((2898,778,3428));
#4831=IFCINDEXEDPOLYGONALFACE((796,2901,1698));
#4832=IFCINDEXEDPOLYGONALFACE((2901,795,3436));
#4833=IFCINDEXEDPOLYGONALFACE((794,2903,1698));
#4834=IFCINDEXEDPOLYGONALFACE((2903,797,3437));
#4835=IFCINDEXEDPOLYGONALFACE((787,2907,1700));
#4836=IFCINDEXEDPOLYGONALFACE((2907,796,3437));
#4837=IFCINDEXEDPOLYGONALFACE((797,2908,1700));
#4838=IFCINDEXEDPOLYGONALFACE((2908,786,3432));
#4839=IFCINDEXEDPOLYGONALFACE((804,2911,1702));
#4840=IFCINDEXEDPOLYGONALFACE((2911,803,3440));
#4841=IFCINDEXEDPOLYGONALFACE((802,2913,1702));
#4842=IFCINDEXEDPOLYGONALFACE((2913,805,3441));
#4843=IFCINDEXEDPOLYGONALFACE((795,2917,1704));
#4844=IFCINDEXEDPOLYGONALFACE((2917,804,3441));
#4845=IFCINDEXEDPOLYGONALFACE((805,2918,1704));
#4846=IFCINDEXEDPOLYGONALFACE((2918,794,3436));
#4847=IFCINDEXEDPOLYGONALFACE((812,2921,1706));
#4848=IFCINDEXEDPOLYGONALFACE((2921,811,3444));
#4849=IFCINDEXEDPOLYGONALFACE((810,2923,1706));
#4850=IFCINDEXEDPOLYGONALFACE((2923,813,3445));
#4851=IFCINDEXEDPOLYGONALFACE((803,2927,1708));
#4852=IFCINDEXEDPOLYGONALFACE((2927,812,3445));
#4853=IFCINDEXEDPOLYGONALFACE((813,2928,1708));
#4854=IFCINDEXEDPOLYGONALFACE((2928,802,3440));
#4855=IFCINDEXEDPOLYGONALFACE((820,2931,1710));
#4856=IFCINDEXEDPOLYGONALFACE((2931,819,3448));
#4857=IFCINDEXEDPOLYGONALFACE((818,2933,1710));
#4858=IFCINDEXEDPOLYGONALFACE((2933,821,3449));
#4859=IFCINDEXEDPOLYGONALFACE((811,2937,1712));
#4860=IFCINDEXEDPOLYGONALFACE((2937,820,3449));
#4861=IFCINDEXEDPOLYGONALFACE((821,2938,1712));
#4862=IFCINDEXEDPOLYGONALFACE((2938,810,3444));
#4863=IFCINDEXEDPOLYGONALFACE((2941,827,3452));
#4864=IFCINDEXEDPOLYGONALFACE((826,2943,1714));
#4865=IFCINDEXEDPOLYGONALFACE((2943,829,3453));
#4866=IFCINDEXEDPOLYGONALFACE((2947,828,3453));
#4867=IFCINDEXEDPOLYGONALFACE((829,2948,1716));
#4868=IFCINDEXEDPOLYGONALFACE((2948,818,3448));
#4869=IFCINDEXEDPOLYGONALFACE((836,2951,1718));
#4870=IFCINDEXEDPOLYGONALFACE((2951,835,3456));
#4871=IFCINDEXEDPOLYGONALFACE((834,2953,1718));
#4872=IFCINDEXEDPOLYGONALFACE((2953,837,3457));
#4873=IFCINDEXEDPOLYGONALFACE((827,2957,1720));
#4874=IFCINDEXEDPOLYGONALFACE((2957,836,3457));
#4875=IFCINDEXEDPOLYGONALFACE((837,2958,1720));
#4876=IFCINDEXEDPOLYGONALFACE((2958,826,3452));
#4877=IFCINDEXEDPOLYGONALFACE((844,2961,1722));
#4878=IFCINDEXEDPOLYGONALFACE((2961,843,3460));
#4879=IFCINDEXEDPOLYGONALFACE((842,2963,1722));
#4880=IFCINDEXEDPOLYGONALFACE((2963,845,3461));
#4881=IFCINDEXEDPOLYGONALFACE((835,2967,1724));
#4882=IFCINDEXEDPOLYGONALFACE((2967,844,3461));
#4883=IFCINDEXEDPOLYGONALFACE((845,2968,1724));
#4884=IFCINDEXEDPOLYGONALFACE((2968,834,3456));
#4885=IFCINDEXEDPOLYGONALFACE((852,2971,1726));
#4886=IFCINDEXEDPOLYGONALFACE((2971,851,3464));
#4887=IFCINDEXEDPOLYGONALFACE((850,2973,1726));
#4888=IFCINDEXEDPOLYGONALFACE((2973,853,3465));
#4889=IFCINDEXEDPOLYGONALFACE((843,2977,1728));
#4890=IFCINDEXEDPOLYGONALFACE((2977,852,3465));
#4891=IFCINDEXEDPOLYGONALFACE((853,2978,1728));
#4892=IFCINDEXEDPOLYGONALFACE((2978,842,3460));
#4893=IFCINDEXEDPOLYGONALFACE((2981,859,3468));
#4894=IFCINDEXEDPOLYGONALFACE((858,2983,1730));
#4895=IFCINDEXEDPOLYGONALFACE((2983,861,3469));
#4896=IFCINDEXEDPOLYGONALFACE((2987,860,3469));
#4897=IFCINDEXEDPOLYGONALFACE((861,2988,1732));
#4898=IFCINDEXEDPOLYGONALFACE((2988,850,3464));
#4899=IFCINDEXEDPOLYGONALFACE((866,2990,1734));
#4900=IFCINDEXEDPOLYGONALFACE((2990,766,3422));
#4901=IFCINDEXEDPOLYGONALFACE((767,2992,1734));
#4902=IFCINDEXEDPOLYGONALFACE((2992,867,3472));
#4903=IFCINDEXEDPOLYGONALFACE((859,2995,1736));
#4904=IFCINDEXEDPOLYGONALFACE((2995,866,3472));
#4905=IFCINDEXEDPOLYGONALFACE((867,2996,1736));
#4906=IFCINDEXEDPOLYGONALFACE((2996,858,3468));
#4907=IFCCARTESIANTRANSFORMATIONOPERATOR3D(#4908,#4909,#4910,1.,#4911);
#4908=IFCDIRECTION((1.,0.,0.));
#4909=IFCDIRECTION((0.,1.,0.));
#4910=IFCCARTESIANPOINT((0.,0.,0.));
#4911=IFCDIRECTION((0.,0.,1.));
#4912=IFCSHAPEREPRESENTATION(#4913,'Body','GeometricCurveSet',(#4914));
#4913=IFCGEOMETRICREPRESENTATIONSUBCONTEXT('Body','Model',*,*,*,*,#2,$,.PLAN_VIEW.,$);
#4914=IFCGEOMETRICCURVESET((#4915,#5173,#5431,#5689,#5947));
#4915=IFCPOLYLINE((#4916,#4917,#4918,#4919,#4920,#4921,#4922,#4923,#4924,#4925,#4926,#4927,#4928,#4929,#4930,#4931,#4932,#4933,#4934,#4935,#4936,#4937,#4938,#4939,#4940,#4941,#4942,#4943,#4944,#4945,#4946,#4947,#4948,#4949,#4950,#4951,#4952,#4953,#4954,#4955,#4956,#4957,#4958,#4959,#4960,#4961,#4962,#4963,#4964,#4965,#4966,#4967,#4968,#4969,#4970,#4971,#4972,#4973,#4974,#4975,#4976,#4977,#4978,#4979,#4980,#4981,#4982,#4983,#4984,#4985,#4986,#4987,#4988,#4989,#4990,#4991,#4992,#4993,#4994,#4995,#4996,#4997,#4998,#4999,#5000,#5001,#5002,#5003,#5004,#5005,#5006,#5007,#5008,#5009,#5010,#5011,#5012,#5013,#5014,#5015,#5016,#5017,#5018,#5019,#5020,#5021,#5022,#5023,#5024,#5025,#5026,#5027,#5028,#5029,#5030,#5031,#5032,#5033,#5034,#5035,#5036,#5037,#5038,#5039,#5040,#5041,#5042,#5043,#5044,#5045,#5046,#5047,#5048,#5049,#5050,#5051,#5052,#5053,#5054,#5055,#5056,#5057,#5058,#5059,#5060,#5061,#5062,#5063,#5064,#5065,#5066,#5067,#5068,#5069,#5070,#5071,#5072,#5073,#5074,#5075,#5076,#5077,#5078,#5079,#5080,#5081,#5082,#5083,#5084,#5085,#5086,#5087,#5088,#5089,#5090,#5091,#5092,#5093,#5094,#5095,#5096,#5097,#5098,#5099,#5100,#5101,#5102,#5103,#5104,#5105,#5106,#5107,#5108,#5109,#5110,#5111,#5112,#5113,#5114,#5115,#5116,#5117,#5118,#5119,#5120,#5121,#5122,#5123,#5124,#5125,#5126,#5127,#5128,#5129,#5130,#5131,#5132,#5133,#5134,#5135,#5136,#5137,#5138,#5139,#5140,#5141,#5142,#5143,#5144,#5145,#5146,#5147,#5148,#5149,#5150,#5151,#5152,#5153,#5154,#5155,#5156,#5157,#5158,#5159,#5160,#5161,#5162,#5163,#5164,#5165,#5166,#5167,#5168,#5169,#5170,#5171,#5172));
#4916=IFCCARTESIANPOINT((259.9997635,0.000236499999999751,0.));
#4917=IFCCARTESIANPOINT((259.9214565,6.3809555,0.));
#4918=IFCCARTESIANPOINT((259.6865825,12.7578315,0.));
#4919=IFCCARTESIANPOINT((259.2952825,19.1270235,0.));
#4920=IFCCARTESIANPOINT((258.7477925,25.4846925,0.));
#4921=IFCCARTESIANPOINT((258.0444425,31.8270125,0.));
#4922=IFCCARTESIANPOINT((257.1856565,38.1501595,0.));
#4923=IFCCARTESIANPOINT((256.1719505,44.4503275,0.));
#4924=IFCCARTESIANPOINT((255.0039365,50.7237205,0.));
#4925=IFCCARTESIANPOINT((253.6823175,56.9665585,0.));
#4926=IFCCARTESIANPOINT((252.2078895,63.1750835,0.));
#4927=IFCCARTESIANPOINT((250.5815405,69.3455535,0.));
#4928=IFCCARTESIANPOINT((248.8042505,75.4742525,0.));
#4929=IFCCARTESIANPOINT((246.8770905,81.5574895,0.));
#4930=IFCCARTESIANPOINT((244.8012205,87.5915985,0.));
#4931=IFCCARTESIANPOINT((242.5778915,93.5729455,0.));
#4932=IFCCARTESIANPOINT((240.2084415,99.4979285,0.));
#4933=IFCCARTESIANPOINT((237.6942995,105.3629785,0.));
#4934=IFCCARTESIANPOINT((235.0369795,111.1645605,0.));
#4935=IFCCARTESIANPOINT((232.2380815,116.8991825,0.));
#4936=IFCCARTESIANPOINT((229.2992925,122.5633885,0.));
#4937=IFCCARTESIANPOINT((226.2223815,128.1537665,0.));
#4938=IFCCARTESIANPOINT((223.0092025,133.6669495,0.));
#4939=IFCCARTESIANPOINT((219.6616905,139.0996175,0.));
#4940=IFCCARTESIANPOINT((216.1818625,144.4484975,0.));
#4941=IFCCARTESIANPOINT((212.5718145,149.7103665,0.));
#4942=IFCCARTESIANPOINT((208.8337215,154.8820555,0.));
#4943=IFCCARTESIANPOINT((204.9698345,159.9604505,0.));
#4944=IFCCARTESIANPOINT((200.9824815,164.9424905,0.));
#4945=IFCCARTESIANPOINT((196.8740635,169.8251755,0.));
#4946=IFCCARTESIANPOINT((192.6470565,174.6055645,0.));
#4947=IFCCARTESIANPOINT((188.3040055,179.2807785,0.));
#4948=IFCCARTESIANPOINT((183.8475265,183.8479995,0.));
#4949=IFCCARTESIANPOINT((179.2803055,188.3044785,0.));
#4950=IFCCARTESIANPOINT((174.6050915,192.6475295,0.));
#4951=IFCCARTESIANPOINT((169.8247025,196.8745365,0.));
#4952=IFCCARTESIANPOINT((164.9420175,200.9829545,0.));
#4953=IFCCARTESIANPOINT((159.9599775,204.9703075,0.));
#4954=IFCCARTESIANPOINT((154.8815825,208.8341945,0.));
#4955=IFCCARTESIANPOINT((149.7098935,212.5722875,0.));
#4956=IFCCARTESIANPOINT((144.4480245,216.1823355,0.));
#4957=IFCCARTESIANPOINT((139.0991445,219.6621635,0.));
#4958=IFCCARTESIANPOINT((133.6664765,223.0096755,0.));
#4959=IFCCARTESIANPOINT((128.1532935,226.2228545,0.));
#4960=IFCCARTESIANPOINT((122.5629155,229.2997655,0.));
#4961=IFCCARTESIANPOINT((116.8987095,232.2385545,0.));
#4962=IFCCARTESIANPOINT((111.1640875,235.0374525,0.));
#4963=IFCCARTESIANPOINT((105.3625055,237.6947725,0.));
#4964=IFCCARTESIANPOINT((99.4974555,240.2089145,0.));
#4965=IFCCARTESIANPOINT((93.5724725,242.5783645,0.));
#4966=IFCCARTESIANPOINT((87.5911255,244.8016935,0.));
#4967=IFCCARTESIANPOINT((81.5570165,246.8775635,0.));
#4968=IFCCARTESIANPOINT((75.4737795,248.8047235,0.));
#4969=IFCCARTESIANPOINT((69.3450805,250.5820135,0.));
#4970=IFCCARTESIANPOINT((63.1746105,252.2083625,0.));
#4971=IFCCARTESIANPOINT((56.9660855,253.6827905,0.));
#4972=IFCCARTESIANPOINT((50.7232475,255.0044095,0.));
#4973=IFCCARTESIANPOINT((44.4498545,256.1724235,0.));
#4974=IFCCARTESIANPOINT((38.1496865,257.1861295,0.));
#4975=IFCCARTESIANPOINT((31.8265395,258.0449155,0.));
#4976=IFCCARTESIANPOINT((25.4842195,258.7482655,0.));
#4977=IFCCARTESIANPOINT((19.1265505,259.2957555,0.));
#4978=IFCCARTESIANPOINT((12.7573585,259.6870555,0.));
#4979=IFCCARTESIANPOINT((6.3804825,259.9219295,0.));
#4980=IFCCARTESIANPOINT((-0.000236499999999751,260.0002365,0.));
#4981=IFCCARTESIANPOINT((-6.3809555,259.9219295,0.));
#4982=IFCCARTESIANPOINT((-12.7578315,259.6870555,0.));
#4983=IFCCARTESIANPOINT((-19.1270235,259.2957555,0.));
#4984=IFCCARTESIANPOINT((-25.4846925,258.7482655,0.));
#4985=IFCCARTESIANPOINT((-31.8270125,258.0449155,0.));
#4986=IFCCARTESIANPOINT((-38.1501595,257.1861295,0.));
#4987=IFCCARTESIANPOINT((-44.4503275,256.1724235,0.));
#4988=IFCCARTESIANPOINT((-50.7237205,255.0044095,0.));
#4989=IFCCARTESIANPOINT((-56.9665585,253.6827905,0.));
#4990=IFCCARTESIANPOINT((-63.1750835,252.2083625,0.));
#4991=IFCCARTESIANPOINT((-69.3455535,250.5820135,0.));
#4992=IFCCARTESIANPOINT((-75.4742525,248.8047235,0.));
#4993=IFCCARTESIANPOINT((-81.5574895,246.8775635,0.));
#4994=IFCCARTESIANPOINT((-87.5915985,244.8016935,0.));
#4995=IFCCARTESIANPOINT((-93.5729455,242.5783645,0.));
#4996=IFCCARTESIANPOINT((-99.4979285,240.2089145,0.));
#4997=IFCCARTESIANPOINT((-105.3629785,237.6947725,0.));
#4998=IFCCARTESIANPOINT((-111.1645605,235.0374525,0.));
#4999=IFCCARTESIANPOINT((-116.8991825,232.2385545,0.));
#5000=IFCCARTESIANPOINT((-122.5633885,229.2997655,0.));
#5001=IFCCARTESIANPOINT((-128.1537665,226.2228545,0.));
#5002=IFCCARTESIANPOINT((-133.6669495,223.0096755,0.));
#5003=IFCCARTESIANPOINT((-139.0996175,219.6621635,0.));
#5004=IFCCARTESIANPOINT((-144.4484975,216.1823355,0.));
#5005=IFCCARTESIANPOINT((-149.7103665,212.5722875,0.));
#5006=IFCCARTESIANPOINT((-154.8820555,208.8341945,0.));
#5007=IFCCARTESIANPOINT((-159.9604505,204.9703075,0.));
#5008=IFCCARTESIANPOINT((-164.9424905,200.9829545,0.));
#5009=IFCCARTESIANPOINT((-169.8251755,196.8745365,0.));
#5010=IFCCARTESIANPOINT((-174.6055645,192.6475295,0.));
#5011=IFCCARTESIANPOINT((-179.2807785,188.3044785,0.));
#5012=IFCCARTESIANPOINT((-183.8479995,183.8479995,0.));
#5013=IFCCARTESIANPOINT((-188.3044785,179.2807785,0.));
#5014=IFCCARTESIANPOINT((-192.6475295,174.6055645,0.));
#5015=IFCCARTESIANPOINT((-196.8745365,169.8251755,0.));
#5016=IFCCARTESIANPOINT((-200.9829545,164.9424905,0.));
#5017=IFCCARTESIANPOINT((-204.9703075,159.9604505,0.));
#5018=IFCCARTESIANPOINT((-208.8341945,154.8820555,0.));
#5019=IFCCARTESIANPOINT((-212.5722875,149.7103665,0.));
#5020=IFCCARTESIANPOINT((-216.1823355,144.4484975,0.));
#5021=IFCCARTESIANPOINT((-219.6621635,139.0996175,0.));
#5022=IFCCARTESIANPOINT((-223.0096755,133.6669495,0.));
#5023=IFCCARTESIANPOINT((-226.2228545,128.1537665,0.));
#5024=IFCCARTESIANPOINT((-229.2997655,122.5633885,0.));
#5025=IFCCARTESIANPOINT((-232.2385545,116.8991825,0.));
#5026=IFCCARTESIANPOINT((-235.0374525,111.1645605,0.));
#5027=IFCCARTESIANPOINT((-237.6947725,105.3629785,0.));
#5028=IFCCARTESIANPOINT((-240.2089145,99.4979285,0.));
#5029=IFCCARTESIANPOINT((-242.5783645,93.5729455,0.));
#5030=IFCCARTESIANPOINT((-244.8016935,87.5915985,0.));
#5031=IFCCARTESIANPOINT((-246.8775635,81.5574895,0.));
#5032=IFCCARTESIANPOINT((-248.8047235,75.4742525,0.));
#5033=IFCCARTESIANPOINT((-250.5820135,69.3455535,0.));
#5034=IFCCARTESIANPOINT((-252.2083625,63.1750835,0.));
#5035=IFCCARTESIANPOINT((-253.6827905,56.9665585,0.));
#5036=IFCCARTESIANPOINT((-255.0044095,50.7237205,0.));
#5037=IFCCARTESIANPOINT((-256.1724235,44.4503275,0.));
#5038=IFCCARTESIANPOINT((-257.1861295,38.1501595,0.));
#5039=IFCCARTESIANPOINT((-258.0449155,31.8270125,0.));
#5040=IFCCARTESIANPOINT((-258.7482655,25.4846925,0.));
#5041=IFCCARTESIANPOINT((-259.2957555,19.1270235,0.));
#5042=IFCCARTESIANPOINT((-259.6870555,12.7578315,0.));
#5043=IFCCARTESIANPOINT((-259.9219295,6.3809555,0.));
#5044=IFCCARTESIANPOINT((-260.0002365,0.000236499999999751,0.));
#5045=IFCCARTESIANPOINT((-259.9219295,-6.3804825,0.));
#5046=IFCCARTESIANPOINT((-259.6870555,-12.7573585,0.));
#5047=IFCCARTESIANPOINT((-259.2957555,-19.1265505,0.));
#5048=IFCCARTESIANPOINT((-258.7482655,-25.4842195,0.));
#5049=IFCCARTESIANPOINT((-258.0449155,-31.8265395,0.));
#5050=IFCCARTESIANPOINT((-257.1861295,-38.1496865,0.));
#5051=IFCCARTESIANPOINT((-256.1724235,-44.4498545,0.));
#5052=IFCCARTESIANPOINT((-255.0044095,-50.7232475,0.));
#5053=IFCCARTESIANPOINT((-253.6827905,-56.9660855,0.));
#5054=IFCCARTESIANPOINT((-252.2083625,-63.1746105,0.));
#5055=IFCCARTESIANPOINT((-250.5820135,-69.3450805,0.));
#5056=IFCCARTESIANPOINT((-248.8047235,-75.4737795,0.));
#5057=IFCCARTESIANPOINT((-246.8775635,-81.5570165,0.));
#5058=IFCCARTESIANPOINT((-244.8016935,-87.5911255,0.));
#5059=IFCCARTESIANPOINT((-242.5783645,-93.5724725,0.));
#5060=IFCCARTESIANPOINT((-240.2089145,-99.4974555,0.));
#5061=IFCCARTESIANPOINT((-237.6947725,-105.3625055,0.));
#5062=IFCCARTESIANPOINT((-235.0374525,-111.1640875,0.));
#5063=IFCCARTESIANPOINT((-232.2385545,-116.8987095,0.));
#5064=IFCCARTESIANPOINT((-229.2997655,-122.5629155,0.));
#5065=IFCCARTESIANPOINT((-226.2228545,-128.1532935,0.));
#5066=IFCCARTESIANPOINT((-223.0096755,-133.6664765,0.));
#5067=IFCCARTESIANPOINT((-219.6621635,-139.0991445,0.));
#5068=IFCCARTESIANPOINT((-216.1823355,-144.4480245,0.));
#5069=IFCCARTESIANPOINT((-212.5722875,-149.7098935,0.));
#5070=IFCCARTESIANPOINT((-208.8341945,-154.8815825,0.));
#5071=IFCCARTESIANPOINT((-204.9703075,-159.9599775,0.));
#5072=IFCCARTESIANPOINT((-200.9829545,-164.9420175,0.));
#5073=IFCCARTESIANPOINT((-196.8745365,-169.8247025,0.));
#5074=IFCCARTESIANPOINT((-192.6475295,-174.6050915,0.));
#5075=IFCCARTESIANPOINT((-188.3044785,-179.2803055,0.));
#5076=IFCCARTESIANPOINT((-183.8479995,-183.8475265,0.));
#5077=IFCCARTESIANPOINT((-179.2807785,-188.3040055,0.));
#5078=IFCCARTESIANPOINT((-174.6055645,-192.6470565,0.));
#5079=IFCCARTESIANPOINT((-169.8251755,-196.8740635,0.));
#5080=IFCCARTESIANPOINT((-164.9424905,-200.9824815,0.));
#5081=IFCCARTESIANPOINT((-159.9604505,-204.9698345,0.));
#5082=IFCCARTESIANPOINT((-154.8820555,-208.8337215,0.));
#5083=IFCCARTESIANPOINT((-149.7103665,-212.5718145,0.));
#5084=IFCCARTESIANPOINT((-144.4484975,-216.1818625,0.));
#5085=IFCCARTESIANPOINT((-139.0996175,-219.6616905,0.));
#5086=IFCCARTESIANPOINT((-133.6669495,-223.0092025,0.));
#5087=IFCCARTESIANPOINT((-128.1537665,-226.2223815,0.));
#5088=IFCCARTESIANPOINT((-122.5633885,-229.2992925,0.));
#5089=IFCCARTESIANPOINT((-116.8991825,-232.2380815,0.));
#5090=IFCCARTESIANPOINT((-111.1645605,-235.0369795,0.));
#5091=IFCCARTESIANPOINT((-105.3629785,-237.6942995,0.));
#5092=IFCCARTESIANPOINT((-99.4979285,-240.2084415,0.));
#5093=IFCCARTESIANPOINT((-93.5729455,-242.5778915,0.));
#5094=IFCCARTESIANPOINT((-87.5915985,-244.8012205,0.));
#5095=IFCCARTESIANPOINT((-81.5574895,-246.8770905,0.));
#5096=IFCCARTESIANPOINT((-75.4742525,-248.8042505,0.));
#5097=IFCCARTESIANPOINT((-69.3455535,-250.5815405,0.));
#5098=IFCCARTESIANPOINT((-63.1750835,-252.2078895,0.));
#5099=IFCCARTESIANPOINT((-56.9665585,-253.6823175,0.));
#5100=IFCCARTESIANPOINT((-50.7237205,-255.0039365,0.));
#5101=IFCCARTESIANPOINT((-44.4503275,-256.1719505,0.));
#5102=IFCCARTESIANPOINT((-38.1501595,-257.1856565,0.));
#5103=IFCCARTESIANPOINT((-31.8270125,-258.0444425,0.));
#5104=IFCCARTESIANPOINT((-25.4846925,-258.7477925,0.));
#5105=IFCCARTESIANPOINT((-19.1270235,-259.2952825,0.));
#5106=IFCCARTESIANPOINT((-12.7578315,-259.6865825,0.));
#5107=IFCCARTESIANPOINT((-6.3809555,-259.9214565,0.));
#5108=IFCCARTESIANPOINT((-0.000236499999999751,-259.9997635,0.));
#5109=IFCCARTESIANPOINT((6.3804825,-259.9214565,0.));
#5110=IFCCARTESIANPOINT((12.7573585,-259.6865825,0.));
#5111=IFCCARTESIANPOINT((19.1265505,-259.2952825,0.));
#5112=IFCCARTESIANPOINT((25.4842195,-258.7477925,0.));
#5113=IFCCARTESIANPOINT((31.8265395,-258.0444425,0.));
#5114=IFCCARTESIANPOINT((38.1496865,-257.1856565,0.));
#5115=IFCCARTESIANPOINT((44.4498545,-256.1719505,0.));
#5116=IFCCARTESIANPOINT((50.7232475,-255.0039365,0.));
#5117=IFCCARTESIANPOINT((56.9660855,-253.6823175,0.));
#5118=IFCCARTESIANPOINT((63.1746105,-252.2078895,0.));
#5119=IFCCARTESIANPOINT((69.3450805,-250.5815405,0.));
#5120=IFCCARTESIANPOINT((75.4737795,-248.8042505,0.));
#5121=IFCCARTESIANPOINT((81.5570165,-246.8770905,0.));
#5122=IFCCARTESIANPOINT((87.5911255,-244.8012205,0.));
#5123=IFCCARTESIANPOINT((93.5724725,-242.5778915,0.));
#5124=IFCCARTESIANPOINT((99.4974555,-240.2084415,0.));
#5125=IFCCARTESIANPOINT((105.3625055,-237.6942995,0.));
#5126=IFCCARTESIANPOINT((111.1640875,-235.0369795,0.));
#5127=IFCCARTESIANPOINT((116.8987095,-232.2380815,0.));
#5128=IFCCARTESIANPOINT((122.5629155,-229.2992925,0.));
#5129=IFCCARTESIANPOINT((128.1532935,-226.2223815,0.));
#5130=IFCCARTESIANPOINT((133.6664765,-223.0092025,0.));
#5131=IFCCARTESIANPOINT((139.0991445,-219.6616905,0.));
#5132=IFCCARTESIANPOINT((144.4480245,-216.1818625,0.));
#5133=IFCCARTESIANPOINT((149.7098935,-212.5718145,0.));
#5134=IFCCARTESIANPOINT((154.8815825,-208.8337215,0.));
#5135=IFCCARTESIANPOINT((159.9599775,-204.9698345,0.));
#5136=IFCCARTESIANPOINT((164.9420175,-200.9824815,0.));
#5137=IFCCARTESIANPOINT((169.8247025,-196.8740635,0.));
#5138=IFCCARTESIANPOINT((174.6050915,-192.6470565,0.));
#5139=IFCCARTESIANPOINT((179.2803055,-188.3040055,0.));
#5140=IFCCARTESIANPOINT((183.8475265,-183.8475265,0.));
#5141=IFCCARTESIANPOINT((188.3040055,-179.2803055,0.));
#5142=IFCCARTESIANPOINT((192.6470565,-174.6050915,0.));
#5143=IFCCARTESIANPOINT((196.8740635,-169.8247025,0.));
#5144=IFCCARTESIANPOINT((200.9824815,-164.9420175,0.));
#5145=IFCCARTESIANPOINT((204.9698345,-159.9599775,0.));
#5146=IFCCARTESIANPOINT((208.8337215,-154.8815825,0.));
#5147=IFCCARTESIANPOINT((212.5718145,-149.7098935,0.));
#5148=IFCCARTESIANPOINT((216.1818625,-144.4480245,0.));
#5149=IFCCARTESIANPOINT((219.6616905,-139.0991445,0.));
#5150=IFCCARTESIANPOINT((223.0092025,-133.6664765,0.));
#5151=IFCCARTESIANPOINT((226.2223815,-128.1532935,0.));
#5152=IFCCARTESIANPOINT((229.2992925,-122.5629155,0.));
#5153=IFCCARTESIANPOINT((232.2380815,-116.8987095,0.));
#5154=IFCCARTESIANPOINT((235.0369795,-111.1640875,0.));
#5155=IFCCARTESIANPOINT((237.6942995,-105.3625055,0.));
#5156=IFCCARTESIANPOINT((240.2084415,-99.4974555,0.));
#5157=IFCCARTESIANPOINT((242.5778915,-93.5724725,0.));
#5158=IFCCARTESIANPOINT((244.8012205,-87.5911255,0.));
#5159=IFCCARTESIANPOINT((246.8770905,-81.5570165,0.));
#5160=IFCCARTESIANPOINT((248.8042505,-75.4737795,0.));
#5161=IFCCARTESIANPOINT((250.5815405,-69.3450805,0.));
#5162=IFCCARTESIANPOINT((252.2078895,-63.1746105,0.));
#5163=IFCCARTESIANPOINT((253.6823175,-56.9660855,0.));
#5164=IFCCARTESIANPOINT((255.0039365,-50.7232475,0.));
#5165=IFCCARTESIANPOINT((256.1719505,-44.4498545,0.));
#5166=IFCCARTESIANPOINT((257.1856565,-38.1496865,0.));
#5167=IFCCARTESIANPOINT((258.0444425,-31.8265395,0.));
#5168=IFCCARTESIANPOINT((258.7477925,-25.4842195,0.));
#5169=IFCCARTESIANPOINT((259.2952825,-19.1265505,0.));
#5170=IFCCARTESIANPOINT((259.6865825,-12.7573585,0.));
#5171=IFCCARTESIANPOINT((259.9214565,-6.3804825,0.));
#5172=IFCCARTESIANPOINT((259.9997635,0.000236499999999751,0.));
#5173=IFCPOLYLINE((#5174,#5175,#5176,#5177,#5178,#5179,#5180,#5181,#5182,#5183,#5184,#5185,#5186,#5187,#5188,#5189,#5190,#5191,#5192,#5193,#5194,#5195,#5196,#5197,#5198,#5199,#5200,#5201,#5202,#5203,#5204,#5205,#5206,#5207,#5208,#5209,#5210,#5211,#5212,#5213,#5214,#5215,#5216,#5217,#5218,#5219,#5220,#5221,#5222,#5223,#5224,#5225,#5226,#5227,#5228,#5229,#5230,#5231,#5232,#5233,#5234,#5235,#5236,#5237,#5238,#5239,#5240,#5241,#5242,#5243,#5244,#5245,#5246,#5247,#5248,#5249,#5250,#5251,#5252,#5253,#5254,#5255,#5256,#5257,#5258,#5259,#5260,#5261,#5262,#5263,#5264,#5265,#5266,#5267,#5268,#5269,#5270,#5271,#5272,#5273,#5274,#5275,#5276,#5277,#5278,#5279,#5280,#5281,#5282,#5283,#5284,#5285,#5286,#5287,#5288,#5289,#5290,#5291,#5292,#5293,#5294,#5295,#5296,#5297,#5298,#5299,#5300,#5301,#5302,#5303,#5304,#5305,#5306,#5307,#5308,#5309,#5310,#5311,#5312,#5313,#5314,#5315,#5316,#5317,#5318,#5319,#5320,#5321,#5322,#5323,#5324,#5325,#5326,#5327,#5328,#5329,#5330,#5331,#5332,#5333,#5334,#5335,#5336,#5337,#5338,#5339,#5340,#5341,#5342,#5343,#5344,#5345,#5346,#5347,#5348,#5349,#5350,#5351,#5352,#5353,#5354,#5355,#5356,#5357,#5358,#5359,#5360,#5361,#5362,#5363,#5364,#5365,#5366,#5367,#5368,#5369,#5370,#5371,#5372,#5373,#5374,#5375,#5376,#5377,#5378,#5379,#5380,#5381,#5382,#5383,#5384,#5385,#5386,#5387,#5388,#5389,#5390,#5391,#5392,#5393,#5394,#5395,#5396,#5397,#5398,#5399,#5400,#5401,#5402,#5403,#5404,#5405,#5406,#5407,#5408,#5409,#5410,#5411,#5412,#5413,#5414,#5415,#5416,#5417,#5418,#5419,#5420,#5421,#5422,#5423,#5424,#5425,#5426,#5427,#5428,#5429,#5430));
#5174=IFCCARTESIANPOINT((249.9997635,0.000236499999999751,0.));
#5175=IFCCARTESIANPOINT((249.9244685,6.1355435,0.));
#5176=IFCCARTESIANPOINT((249.6986275,12.2671555,0.));
#5177=IFCCARTESIANPOINT((249.3223775,18.3913775,0.));
#5178=IFCCARTESIANPOINT((248.7959455,24.5045215,0.));
#5179=IFCCARTESIANPOINT((248.1196475,30.6029055,0.));
#5180=IFCCARTESIANPOINT((247.2938905,36.6828555,0.));
#5181=IFCCARTESIANPOINT((246.3191745,42.7407085,0.));
#5182=IFCCARTESIANPOINT((245.1960835,48.7728175,0.));
#5183=IFCCARTESIANPOINT((243.9252965,54.7755465,0.));
#5184=IFCCARTESIANPOINT((242.5075765,60.7452815,0.));
#5185=IFCCARTESIANPOINT((240.9437795,66.6784255,0.));
#5186=IFCCARTESIANPOINT((239.2348475,72.5714055,0.));
#5187=IFCCARTESIANPOINT((237.3818085,78.4206715,0.));
#5188=IFCCARTESIANPOINT((235.3857795,84.2226995,0.));
#5189=IFCCARTESIANPOINT((233.2479635,89.9739955,0.));
#5190=IFCCARTESIANPOINT((230.9696465,95.6710945,0.));
#5191=IFCCARTESIANPOINT((228.5522025,101.3105655,0.));
#5192=IFCCARTESIANPOINT((225.9970865,106.8890095,0.));
#5193=IFCCARTESIANPOINT((223.3058385,112.4030685,0.));
#5194=IFCCARTESIANPOINT((220.4800795,117.8494205,0.));
#5195=IFCCARTESIANPOINT((217.5215115,123.2247845,0.));
#5196=IFCCARTESIANPOINT((214.4319155,128.5259225,0.));
#5197=IFCCARTESIANPOINT((211.2131545,133.7496415,0.));
#5198=IFCCARTESIANPOINT((207.8671665,138.8927945,0.));
#5199=IFCCARTESIANPOINT((204.3959665,143.9522845,0.));
#5200=IFCCARTESIANPOINT((200.8016465,148.9250625,0.));
#5201=IFCCARTESIANPOINT((197.0863705,153.8081345,0.));
#5202=IFCCARTESIANPOINT((193.2523765,158.5985575,0.));
#5203=IFCCARTESIANPOINT((189.3019755,163.2934475,0.));
#5204=IFCCARTESIANPOINT((185.2375445,167.8899755,0.));
#5205=IFCCARTESIANPOINT((181.0615345,172.3853725,0.));
#5206=IFCCARTESIANPOINT((176.7764585,176.7769315,0.));
#5207=IFCCARTESIANPOINT((172.3848995,181.0620075,0.));
#5208=IFCCARTESIANPOINT((167.8895025,185.2380175,0.));
#5209=IFCCARTESIANPOINT((163.2929745,189.3024485,0.));
#5210=IFCCARTESIANPOINT((158.5980845,193.2528495,0.));
#5211=IFCCARTESIANPOINT((153.8076615,197.0868435,0.));
#5212=IFCCARTESIANPOINT((148.9245895,200.8021195,0.));
#5213=IFCCARTESIANPOINT((143.9518115,204.3964395,0.));
#5214=IFCCARTESIANPOINT((138.8923215,207.8676395,0.));
#5215=IFCCARTESIANPOINT((133.7491685,211.2136275,0.));
#5216=IFCCARTESIANPOINT((128.5254495,214.4323895,0.));
#5217=IFCCARTESIANPOINT((123.2243115,217.5219845,0.));
#5218=IFCCARTESIANPOINT((117.8489475,220.4805525,0.));
#5219=IFCCARTESIANPOINT((112.4025955,223.3063115,0.));
#5220=IFCCARTESIANPOINT((106.8885365,225.9975595,0.));
#5221=IFCCARTESIANPOINT((101.3100925,228.5526755,0.));
#5222=IFCCARTESIANPOINT((95.6706215,230.9701195,0.));
#5223=IFCCARTESIANPOINT((89.9735225,233.2484365,0.));
#5224=IFCCARTESIANPOINT((84.2222265,235.3862525,0.));
#5225=IFCCARTESIANPOINT((78.4201985,237.3822815,0.));
#5226=IFCCARTESIANPOINT((72.5709325,239.2353205,0.));
#5227=IFCCARTESIANPOINT((66.6779525,240.9442525,0.));
#5228=IFCCARTESIANPOINT((60.7448085,242.5080495,0.));
#5229=IFCCARTESIANPOINT((54.7750735,243.9257695,0.));
#5230=IFCCARTESIANPOINT((48.7723445,245.1965565,0.));
#5231=IFCCARTESIANPOINT((42.7402355,246.3196475,0.));
#5232=IFCCARTESIANPOINT((36.6823825,247.2943635,0.));
#5233=IFCCARTESIANPOINT((30.6024325,248.1201205,0.));
#5234=IFCCARTESIANPOINT((24.5040485,248.7964185,0.));
#5235=IFCCARTESIANPOINT((18.3909045,249.3228505,0.));
#5236=IFCCARTESIANPOINT((12.2666825,249.6991005,0.));
#5237=IFCCARTESIANPOINT((6.1350705,249.9249415,0.));
#5238=IFCCARTESIANPOINT((-0.000236499999999751,250.0002365,0.));
#5239=IFCCARTESIANPOINT((-6.1355435,249.9249415,0.));
#5240=IFCCARTESIANPOINT((-12.2671555,249.6991005,0.));
#5241=IFCCARTESIANPOINT((-18.3913775,249.3228505,0.));
#5242=IFCCARTESIANPOINT((-24.5045215,248.7964185,0.));
#5243=IFCCARTESIANPOINT((-30.6029055,248.1201205,0.));
#5244=IFCCARTESIANPOINT((-36.6828555,247.2943635,0.));
#5245=IFCCARTESIANPOINT((-42.7407085,246.3196475,0.));
#5246=IFCCARTESIANPOINT((-48.7728175,245.1965565,0.));
#5247=IFCCARTESIANPOINT((-54.7755465,243.9257695,0.));
#5248=IFCCARTESIANPOINT((-60.7452815,242.5080495,0.));
#5249=IFCCARTESIANPOINT((-66.6784255,240.9442525,0.));
#5250=IFCCARTESIANPOINT((-72.5714055,239.2353205,0.));
#5251=IFCCARTESIANPOINT((-78.4206715,237.3822815,0.));
#5252=IFCCARTESIANPOINT((-84.2226995,235.3862525,0.));
#5253=IFCCARTESIANPOINT((-89.9739955,233.2484365,0.));
#5254=IFCCARTESIANPOINT((-95.6710945,230.9701195,0.));
#5255=IFCCARTESIANPOINT((-101.3105655,228.5526755,0.));
#5256=IFCCARTESIANPOINT((-106.8890095,225.9975595,0.));
#5257=IFCCARTESIANPOINT((-112.4030685,223.3063115,0.));
#5258=IFCCARTESIANPOINT((-117.8494205,220.4805525,0.));
#5259=IFCCARTESIANPOINT((-123.2247845,217.5219845,0.));
#5260=IFCCARTESIANPOINT((-128.5259225,214.4323895,0.));
#5261=IFCCARTESIANPOINT((-133.7496415,211.2136275,0.));
#5262=IFCCARTESIANPOINT((-138.8927945,207.8676395,0.));
#5263=IFCCARTESIANPOINT((-143.9522845,204.3964395,0.));
#5264=IFCCARTESIANPOINT((-148.9250625,200.8021195,0.));
#5265=IFCCARTESIANPOINT((-153.8081345,197.0868435,0.));
#5266=IFCCARTESIANPOINT((-158.5985575,193.2528495,0.));
#5267=IFCCARTESIANPOINT((-163.2934475,189.3024485,0.));
#5268=IFCCARTESIANPOINT((-167.8899755,185.2380175,0.));
#5269=IFCCARTESIANPOINT((-172.3853725,181.0620075,0.));
#5270=IFCCARTESIANPOINT((-176.7769315,176.7769315,0.));
#5271=IFCCARTESIANPOINT((-181.0620075,172.3853725,0.));
#5272=IFCCARTESIANPOINT((-185.2380175,167.8899755,0.));
#5273=IFCCARTESIANPOINT((-189.3024485,163.2934475,0.));
#5274=IFCCARTESIANPOINT((-193.2528495,158.5985575,0.));
#5275=IFCCARTESIANPOINT((-197.0868435,153.8081345,0.));
#5276=IFCCARTESIANPOINT((-200.8021195,148.9250625,0.));
#5277=IFCCARTESIANPOINT((-204.3964395,143.9522845,0.));
#5278=IFCCARTESIANPOINT((-207.8676395,138.8927945,0.));
#5279=IFCCARTESIANPOINT((-211.2136275,133.7496415,0.));
#5280=IFCCARTESIANPOINT((-214.4323895,128.5259225,0.));
#5281=IFCCARTESIANPOINT((-217.5219845,123.2247845,0.));
#5282=IFCCARTESIANPOINT((-220.4805525,117.8494205,0.));
#5283=IFCCARTESIANPOINT((-223.3063115,112.4030685,0.));
#5284=IFCCARTESIANPOINT((-225.9975595,106.8890095,0.));
#5285=IFCCARTESIANPOINT((-228.5526755,101.3105655,0.));
#5286=IFCCARTESIANPOINT((-230.9701195,95.6710945,0.));
#5287=IFCCARTESIANPOINT((-233.2484365,89.9739955,0.));
#5288=IFCCARTESIANPOINT((-235.3862525,84.2226995,0.));
#5289=IFCCARTESIANPOINT((-237.3822815,78.4206715,0.));
#5290=IFCCARTESIANPOINT((-239.2353205,72.5714055,0.));
#5291=IFCCARTESIANPOINT((-240.9442525,66.6784255,0.));
#5292=IFCCARTESIANPOINT((-242.5080495,60.7452815,0.));
#5293=IFCCARTESIANPOINT((-243.9257695,54.7755465,0.));
#5294=IFCCARTESIANPOINT((-245.1965565,48.7728175,0.));
#5295=IFCCARTESIANPOINT((-246.3196475,42.7407085,0.));
#5296=IFCCARTESIANPOINT((-247.2943635,36.6828555,0.));
#5297=IFCCARTESIANPOINT((-248.1201205,30.6029055,0.));
#5298=IFCCARTESIANPOINT((-248.7964185,24.5045215,0.));
#5299=IFCCARTESIANPOINT((-249.3228505,18.3913775,0.));
#5300=IFCCARTESIANPOINT((-249.6991005,12.2671555,0.));
#5301=IFCCARTESIANPOINT((-249.9249415,6.1355435,0.));
#5302=IFCCARTESIANPOINT((-250.0002365,0.000236499999999751,0.));
#5303=IFCCARTESIANPOINT((-249.9249415,-6.1350705,0.));
#5304=IFCCARTESIANPOINT((-249.6991005,-12.2666825,0.));
#5305=IFCCARTESIANPOINT((-249.3228505,-18.3909045,0.));
#5306=IFCCARTESIANPOINT((-248.7964185,-24.5040485,0.));
#5307=IFCCARTESIANPOINT((-248.1201205,-30.6024325,0.));
#5308=IFCCARTESIANPOINT((-247.2943635,-36.6823825,0.));
#5309=IFCCARTESIANPOINT((-246.3196475,-42.7402355,0.));
#5310=IFCCARTESIANPOINT((-245.1965565,-48.7723445,0.));
#5311=IFCCARTESIANPOINT((-243.9257695,-54.7750735,0.));
#5312=IFCCARTESIANPOINT((-242.5080495,-60.7448085,0.));
#5313=IFCCARTESIANPOINT((-240.9442525,-66.6779525,0.));
#5314=IFCCARTESIANPOINT((-239.2353205,-72.5709325,0.));
#5315=IFCCARTESIANPOINT((-237.3822815,-78.4201985,0.));
#5316=IFCCARTESIANPOINT((-235.3862525,-84.2222265,0.));
#5317=IFCCARTESIANPOINT((-233.2484365,-89.9735225,0.));
#5318=IFCCARTESIANPOINT((-230.9701195,-95.6706215,0.));
#5319=IFCCARTESIANPOINT((-228.5526755,-101.3100925,0.));
#5320=IFCCARTESIANPOINT((-225.9975595,-106.8885365,0.));
#5321=IFCCARTESIANPOINT((-223.3063115,-112.4025955,0.));
#5322=IFCCARTESIANPOINT((-220.4805525,-117.8489475,0.));
#5323=IFCCARTESIANPOINT((-217.5219845,-123.2243115,0.));
#5324=IFCCARTESIANPOINT((-214.4323895,-128.5254495,0.));
#5325=IFCCARTESIANPOINT((-211.2136275,-133.7491685,0.));
#5326=IFCCARTESIANPOINT((-207.8676395,-138.8923215,0.));
#5327=IFCCARTESIANPOINT((-204.3964395,-143.9518115,0.));
#5328=IFCCARTESIANPOINT((-200.8021195,-148.9245895,0.));
#5329=IFCCARTESIANPOINT((-197.0868435,-153.8076615,0.));
#5330=IFCCARTESIANPOINT((-193.2528495,-158.5980845,0.));
#5331=IFCCARTESIANPOINT((-189.3024485,-163.2929745,0.));
#5332=IFCCARTESIANPOINT((-185.2380175,-167.8895025,0.));
#5333=IFCCARTESIANPOINT((-181.0620075,-172.3848995,0.));
#5334=IFCCARTESIANPOINT((-176.7769315,-176.7764585,0.));
#5335=IFCCARTESIANPOINT((-172.3853725,-181.0615345,0.));
#5336=IFCCARTESIANPOINT((-167.8899755,-185.2375445,0.));
#5337=IFCCARTESIANPOINT((-163.2934475,-189.3019755,0.));
#5338=IFCCARTESIANPOINT((-158.5985575,-193.2523765,0.));
#5339=IFCCARTESIANPOINT((-153.8081345,-197.0863705,0.));
#5340=IFCCARTESIANPOINT((-148.9250625,-200.8016465,0.));
#5341=IFCCARTESIANPOINT((-143.9522845,-204.3959665,0.));
#5342=IFCCARTESIANPOINT((-138.8927945,-207.8671665,0.));
#5343=IFCCARTESIANPOINT((-133.7496415,-211.2131545,0.));
#5344=IFCCARTESIANPOINT((-128.5259225,-214.4319165,0.));
#5345=IFCCARTESIANPOINT((-123.2247845,-217.5215115,0.));
#5346=IFCCARTESIANPOINT((-117.8494205,-220.4800795,0.));
#5347=IFCCARTESIANPOINT((-112.4030685,-223.3058385,0.));
#5348=IFCCARTESIANPOINT((-106.8890095,-225.9970865,0.));
#5349=IFCCARTESIANPOINT((-101.3105655,-228.5522025,0.));
#5350=IFCCARTESIANPOINT((-95.6710945,-230.9696465,0.));
#5351=IFCCARTESIANPOINT((-89.9739955,-233.2479635,0.));
#5352=IFCCARTESIANPOINT((-84.2226995,-235.3857795,0.));
#5353=IFCCARTESIANPOINT((-78.4206715,-237.3818085,0.));
#5354=IFCCARTESIANPOINT((-72.5714055,-239.2348475,0.));
#5355=IFCCARTESIANPOINT((-66.6784255,-240.9437795,0.));
#5356=IFCCARTESIANPOINT((-60.7452815,-242.5075765,0.));
#5357=IFCCARTESIANPOINT((-54.7755465,-243.9252965,0.));
#5358=IFCCARTESIANPOINT((-48.7728175,-245.1960835,0.));
#5359=IFCCARTESIANPOINT((-42.7407085,-246.3191745,0.));
#5360=IFCCARTESIANPOINT((-36.6828555,-247.2938905,0.));
#5361=IFCCARTESIANPOINT((-30.6029055,-248.1196475,0.));
#5362=IFCCARTESIANPOINT((-24.5045215,-248.7959455,0.));
#5363=IFCCARTESIANPOINT((-18.3913775,-249.3223775,0.));
#5364=IFCCARTESIANPOINT((-12.2671555,-249.6986275,0.));
#5365=IFCCARTESIANPOINT((-6.1355435,-249.9244685,0.));
#5366=IFCCARTESIANPOINT((-0.000236499999999751,-249.9997635,0.));
#5367=IFCCARTESIANPOINT((6.1350705,-249.9244685,0.));
#5368=IFCCARTESIANPOINT((12.2666825,-249.6986275,0.));
#5369=IFCCARTESIANPOINT((18.3909045,-249.3223775,0.));
#5370=IFCCARTESIANPOINT((24.5040485,-248.7959455,0.));
#5371=IFCCARTESIANPOINT((30.6024325,-248.1196475,0.));
#5372=IFCCARTESIANPOINT((36.6823825,-247.2938905,0.));
#5373=IFCCARTESIANPOINT((42.7402355,-246.3191745,0.));
#5374=IFCCARTESIANPOINT((48.7723445,-245.1960835,0.));
#5375=IFCCARTESIANPOINT((54.7750735,-243.9252965,0.));
#5376=IFCCARTESIANPOINT((60.7448085,-242.5075765,0.));
#5377=IFCCARTESIANPOINT((66.6779525,-240.9437795,0.));
#5378=IFCCARTESIANPOINT((72.5709325,-239.2348475,0.));
#5379=IFCCARTESIANPOINT((78.4201985,-237.3818085,0.));
#5380=IFCCARTESIANPOINT((84.2222265,-235.3857795,0.));
#5381=IFCCARTESIANPOINT((89.9735225,-233.2479635,0.));
#5382=IFCCARTESIANPOINT((95.6706215,-230.9696465,0.));
#5383=IFCCARTESIANPOINT((101.3100925,-228.5522025,0.));
#5384=IFCCARTESIANPOINT((106.8885365,-225.9970865,0.));
#5385=IFCCARTESIANPOINT((112.4025955,-223.3058385,0.));
#5386=IFCCARTESIANPOINT((117.8489475,-220.4800795,0.));
#5387=IFCCARTESIANPOINT((123.2243115,-217.5215115,0.));
#5388=IFCCARTESIANPOINT((128.5254495,-214.4319165,0.));
#5389=IFCCARTESIANPOINT((133.7491685,-211.2131545,0.));
#5390=IFCCARTESIANPOINT((138.8923215,-207.8671665,0.));
#5391=IFCCARTESIANPOINT((143.9518115,-204.3959665,0.));
#5392=IFCCARTESIANPOINT((148.9245895,-200.8016465,0.));
#5393=IFCCARTESIANPOINT((153.8076615,-197.0863705,0.));
#5394=IFCCARTESIANPOINT((158.5980845,-193.2523765,0.));
#5395=IFCCARTESIANPOINT((163.2929745,-189.3019755,0.));
#5396=IFCCARTESIANPOINT((167.8895025,-185.2375445,0.));
#5397=IFCCARTESIANPOINT((172.3848995,-181.0615345,0.));
#5398=IFCCARTESIANPOINT((176.7764585,-176.7764585,0.));
#5399=IFCCARTESIANPOINT((181.0615345,-172.3848995,0.));
#5400=IFCCARTESIANPOINT((185.2375445,-167.8895025,0.));
#5401=IFCCARTESIANPOINT((189.3019755,-163.2929745,0.));
#5402=IFCCARTESIANPOINT((193.2523765,-158.5980845,0.));
#5403=IFCCARTESIANPOINT((197.0863705,-153.8076615,0.));
#5404=IFCCARTESIANPOINT((200.8016465,-148.9245895,0.));
#5405=IFCCARTESIANPOINT((204.3959665,-143.9518115,0.));
#5406=IFCCARTESIANPOINT((207.8671665,-138.8923215,0.));
#5407=IFCCARTESIANPOINT((211.2131545,-133.7491685,0.));
#5408=IFCCARTESIANPOINT((214.4319155,-128.5254495,0.));
#5409=IFCCARTESIANPOINT((217.5215115,-123.2243115,0.));
#5410=IFCCARTESIANPOINT((220.4800795,-117.8489475,0.));
#5411=IFCCARTESIANPOINT((223.3058385,-112.4025955,0.));
#5412=IFCCARTESIANPOINT((225.9970865,-106.8885365,0.));
#5413=IFCCARTESIANPOINT((228.5522025,-101.3100925,0.));
#5414=IFCCARTESIANPOINT((230.9696465,-95.6706215,0.));
#5415=IFCCARTESIANPOINT((233.2479635,-89.9735225,0.));
#5416=IFCCARTESIANPOINT((235.3857795,-84.2222265,0.));
#5417=IFCCARTESIANPOINT((237.3818085,-78.4201985,0.));
#5418=IFCCARTESIANPOINT((239.2348475,-72.5709325,0.));
#5419=IFCCARTESIANPOINT((240.9437795,-66.6779525,0.));
#5420=IFCCARTESIANPOINT((242.5075765,-60.7448085,0.));
#5421=IFCCARTESIANPOINT((243.9252965,-54.7750735,0.));
#5422=IFCCARTESIANPOINT((245.1960835,-48.7723445,0.));
#5423=IFCCARTESIANPOINT((246.3191745,-42.7402355,0.));
#5424=IFCCARTESIANPOINT((247.2938905,-36.6823825,0.));
#5425=IFCCARTESIANPOINT((248.1196475,-30.6024325,0.));
#5426=IFCCARTESIANPOINT((248.7959455,-24.5040485,0.));
#5427=IFCCARTESIANPOINT((249.3223775,-18.3909045,0.));
#5428=IFCCARTESIANPOINT((249.6986275,-12.2666825,0.));
#5429=IFCCARTESIANPOINT((249.9244685,-6.1350705,0.));
#5430=IFCCARTESIANPOINT((249.9997635,0.000236499999999751,0.));
#5431=IFCPOLYLINE((#5432,#5433,#5434,#5435,#5436,#5437,#5438,#5439,#5440,#5441,#5442,#5443,#5444,#5445,#5446,#5447,#5448,#5449,#5450,#5451,#5452,#5453,#5454,#5455,#5456,#5457,#5458,#5459,#5460,#5461,#5462,#5463,#5464,#5465,#5466,#5467,#5468,#5469,#5470,#5471,#5472,#5473,#5474,#5475,#5476,#5477,#5478,#5479,#5480,#5481,#5482,#5483,#5484,#5485,#5486,#5487,#5488,#5489,#5490,#5491,#5492,#5493,#5494,#5495,#5496,#5497,#5498,#5499,#5500,#5501,#5502,#5503,#5504,#5505,#5506,#5507,#5508,#5509,#5510,#5511,#5512,#5513,#5514,#5515,#5516,#5517,#5518,#5519,#5520,#5521,#5522,#5523,#5524,#5525,#5526,#5527,#5528,#5529,#5530,#5531,#5532,#5533,#5534,#5535,#5536,#5537,#5538,#5539,#5540,#5541,#5542,#5543,#5544,#5545,#5546,#5547,#5548,#5549,#5550,#5551,#5552,#5553,#5554,#5555,#5556,#5557,#5558,#5559,#5560,#5561,#5562,#5563,#5564,#5565,#5566,#5567,#5568,#5569,#5570,#5571,#5572,#5573,#5574,#5575,#5576,#5577,#5578,#5579,#5580,#5581,#5582,#5583,#5584,#5585,#5586,#5587,#5588,#5589,#5590,#5591,#5592,#5593,#5594,#5595,#5596,#5597,#5598,#5599,#5600,#5601,#5602,#5603,#5604,#5605,#5606,#5607,#5608,#5609,#5610,#5611,#5612,#5613,#5614,#5615,#5616,#5617,#5618,#5619,#5620,#5621,#5622,#5623,#5624,#5625,#5626,#5627,#5628,#5629,#5630,#5631,#5632,#5633,#5634,#5635,#5636,#5637,#5638,#5639,#5640,#5641,#5642,#5643,#5644,#5645,#5646,#5647,#5648,#5649,#5650,#5651,#5652,#5653,#5654,#5655,#5656,#5657,#5658,#5659,#5660,#5661,#5662,#5663,#5664,#5665,#5666,#5667,#5668,#5669,#5670,#5671,#5672,#5673,#5674,#5675,#5676,#5677,#5678,#5679,#5680,#5681,#5682,#5683,#5684,#5685,#5686,#5687,#5688));
#5432=IFCCARTESIANPOINT((225.8101775,0.000236499999999751,0.));
#5433=IFCCARTESIANPOINT((225.7421675,5.5419015,0.));
#5434=IFCCARTESIANPOINT((225.5381795,11.0802285,0.));
#5435=IFCCARTESIANPOINT((225.1983345,16.6118815,0.));
#5436=IFCCARTESIANPOINT((224.7228385,22.1335275,0.));
#5437=IFCCARTESIANPOINT((224.1119785,27.6418415,0.));
#5438=IFCCARTESIANPOINT((223.3661205,33.1335055,0.));
#5439=IFCCARTESIANPOINT((222.4857155,38.6052115,0.));
#5440=IFCCARTESIANPOINT((221.4712935,44.0536625,0.));
#5441=IFCCARTESIANPOINT((220.3234655,49.4755785,0.));
#5442=IFCCARTESIANPOINT((219.0429225,54.8676915,0.));
#5443=IFCCARTESIANPOINT((217.6304355,60.2267545,0.));
#5444=IFCCARTESIANPOINT((216.0868565,65.5495395,0.));
#5445=IFCCARTESIANPOINT((214.4131155,70.8328405,0.));
#5446=IFCCARTESIANPOINT((212.6102185,76.0734735,0.));
#5447=IFCCARTESIANPOINT((210.6792535,81.2682835,0.));
#5448=IFCCARTESIANPOINT((208.6213835,86.4141405,0.));
#5449=IFCCARTESIANPOINT((206.4378465,91.5079455,0.));
#5450=IFCCARTESIANPOINT((204.1299605,96.5466295,0.));
#5451=IFCCARTESIANPOINT((201.6991125,101.5271575,0.));
#5452=IFCCARTESIANPOINT((199.1467695,106.4465285,0.));
#5453=IFCCARTESIANPOINT((196.4744675,111.3017815,0.));
#5454=IFCCARTESIANPOINT((193.6838165,116.0899905,0.));
#5455=IFCCARTESIANPOINT((190.7764965,120.8082705,0.));
#5456=IFCCARTESIANPOINT((187.7542605,125.4537805,0.));
#5457=IFCCARTESIANPOINT((184.6189285,130.0237225,0.));
#5458=IFCCARTESIANPOINT((181.3723885,134.5153435,0.));
#5459=IFCCARTESIANPOINT((178.0165965,138.9259365,0.));
#5460=IFCCARTESIANPOINT((174.5535745,143.2528465,0.));
#5461=IFCCARTESIANPOINT((170.9854065,147.4934665,0.));
#5462=IFCCARTESIANPOINT((167.3142435,151.6452425,0.));
#5463=IFCCARTESIANPOINT((163.5422975,155.7056725,0.));
#5464=IFCCARTESIANPOINT((159.6718385,159.6723115,0.));
#5465=IFCCARTESIANPOINT((155.7051995,163.5427705,0.));
#5466=IFCCARTESIANPOINT((151.6447695,167.3147165,0.));
#5467=IFCCARTESIANPOINT((147.4929935,170.9858795,0.));
#5468=IFCCARTESIANPOINT((143.2523735,174.5540475,0.));
#5469=IFCCARTESIANPOINT((138.9254635,178.0170695,0.));
#5470=IFCCARTESIANPOINT((134.5148705,181.3728615,0.));
#5471=IFCCARTESIANPOINT((130.0232495,184.6194015,0.));
#5472=IFCCARTESIANPOINT((125.4533075,187.7547335,0.));
#5473=IFCCARTESIANPOINT((120.8077975,190.7769695,0.));
#5474=IFCCARTESIANPOINT((116.0895175,193.6842895,0.));
#5475=IFCCARTESIANPOINT((111.3013085,196.4749405,0.));
#5476=IFCCARTESIANPOINT((106.4460555,199.1472425,0.));
#5477=IFCCARTESIANPOINT((101.5266845,201.6995855,0.));
#5478=IFCCARTESIANPOINT((96.5461565,204.1304335,0.));
#5479=IFCCARTESIANPOINT((91.5074725,206.4383195,0.));
#5480=IFCCARTESIANPOINT((86.4136675,208.6218565,0.));
#5481=IFCCARTESIANPOINT((81.2678105,210.6797265,0.));
#5482=IFCCARTESIANPOINT((76.0730005,212.6106915,0.));
#5483=IFCCARTESIANPOINT((70.8323675,214.4135885,0.));
#5484=IFCCARTESIANPOINT((65.5490665,216.0873295,0.));
#5485=IFCCARTESIANPOINT((60.2262815,217.6309085,0.));
#5486=IFCCARTESIANPOINT((54.8672185,219.0433955,0.));
#5487=IFCCARTESIANPOINT((49.4751055,220.3239385,0.));
#5488=IFCCARTESIANPOINT((44.0531895,221.4717665,0.));
#5489=IFCCARTESIANPOINT((38.6047385,222.4861885,0.));
#5490=IFCCARTESIANPOINT((33.1330325,223.3665935,0.));
#5491=IFCCARTESIANPOINT((27.6413685,224.1124515,0.));
#5492=IFCCARTESIANPOINT((22.1330545,224.7233115,0.));
#5493=IFCCARTESIANPOINT((16.6114085,225.1988075,0.));
#5494=IFCCARTESIANPOINT((11.0797555,225.5386525,0.));
#5495=IFCCARTESIANPOINT((5.5414285,225.7426405,0.));
#5496=IFCCARTESIANPOINT((-0.000236499999999751,225.8106505,0.));
#5497=IFCCARTESIANPOINT((-5.5419015,225.7426405,0.));
#5498=IFCCARTESIANPOINT((-11.0802285,225.5386525,0.));
#5499=IFCCARTESIANPOINT((-16.6118815,225.1988075,0.));
#5500=IFCCARTESIANPOINT((-22.1335275,224.7233115,0.));
#5501=IFCCARTESIANPOINT((-27.6418415,224.1124515,0.));
#5502=IFCCARTESIANPOINT((-33.1335055,223.3665935,0.));
#5503=IFCCARTESIANPOINT((-38.6052115,222.4861885,0.));
#5504=IFCCARTESIANPOINT((-44.0536625,221.4717665,0.));
#5505=IFCCARTESIANPOINT((-49.4755785,220.3239385,0.));
#5506=IFCCARTESIANPOINT((-54.8676915,219.0433955,0.));
#5507=IFCCARTESIANPOINT((-60.2267545,217.6309085,0.));
#5508=IFCCARTESIANPOINT((-65.5495395,216.0873295,0.));
#5509=IFCCARTESIANPOINT((-70.8328405,214.4135885,0.));
#5510=IFCCARTESIANPOINT((-76.0734735,212.6106915,0.));
#5511=IFCCARTESIANPOINT((-81.2682835,210.6797265,0.));
#5512=IFCCARTESIANPOINT((-86.4141405,208.6218565,0.));
#5513=IFCCARTESIANPOINT((-91.5079455,206.4383195,0.));
#5514=IFCCARTESIANPOINT((-96.5466295,204.1304335,0.));
#5515=IFCCARTESIANPOINT((-101.5271575,201.6995855,0.));
#5516=IFCCARTESIANPOINT((-106.4465285,199.1472425,0.));
#5517=IFCCARTESIANPOINT((-111.3017815,196.4749405,0.));
#5518=IFCCARTESIANPOINT((-116.0899905,193.6842895,0.));
#5519=IFCCARTESIANPOINT((-120.8082705,190.7769695,0.));
#5520=IFCCARTESIANPOINT((-125.4537805,187.7547335,0.));
#5521=IFCCARTESIANPOINT((-130.0237225,184.6194015,0.));
#5522=IFCCARTESIANPOINT((-134.5153435,181.3728615,0.));
#5523=IFCCARTESIANPOINT((-138.9259365,178.0170695,0.));
#5524=IFCCARTESIANPOINT((-143.2528465,174.5540475,0.));
#5525=IFCCARTESIANPOINT((-147.4934665,170.9858795,0.));
#5526=IFCCARTESIANPOINT((-151.6452425,167.3147165,0.));
#5527=IFCCARTESIANPOINT((-155.7056725,163.5427705,0.));
#5528=IFCCARTESIANPOINT((-159.6723115,159.6723115,0.));
#5529=IFCCARTESIANPOINT((-163.5427705,155.7056725,0.));
#5530=IFCCARTESIANPOINT((-167.3147165,151.6452425,0.));
#5531=IFCCARTESIANPOINT((-170.9858795,147.4934665,0.));
#5532=IFCCARTESIANPOINT((-174.5540475,143.2528465,0.));
#5533=IFCCARTESIANPOINT((-178.0170695,138.9259365,0.));
#5534=IFCCARTESIANPOINT((-181.3728615,134.5153435,0.));
#5535=IFCCARTESIANPOINT((-184.6194015,130.0237225,0.));
#5536=IFCCARTESIANPOINT((-187.7547335,125.4537805,0.));
#5537=IFCCARTESIANPOINT((-190.7769695,120.8082705,0.));
#5538=IFCCARTESIANPOINT((-193.6842895,116.0899905,0.));
#5539=IFCCARTESIANPOINT((-196.4749405,111.3017815,0.));
#5540=IFCCARTESIANPOINT((-199.1472425,106.4465285,0.));
#5541=IFCCARTESIANPOINT((-201.6995855,101.5271575,0.));
#5542=IFCCARTESIANPOINT((-204.1304335,96.5466295,0.));
#5543=IFCCARTESIANPOINT((-206.4383195,91.5079455,0.));
#5544=IFCCARTESIANPOINT((-208.6218565,86.4141405,0.));
#5545=IFCCARTESIANPOINT((-210.6797265,81.2682835,0.));
#5546=IFCCARTESIANPOINT((-212.6106915,76.0734735,0.));
#5547=IFCCARTESIANPOINT((-214.4135885,70.8328405,0.));
#5548=IFCCARTESIANPOINT((-216.0873295,65.5495395,0.));
#5549=IFCCARTESIANPOINT((-217.6309085,60.2267545,0.));
#5550=IFCCARTESIANPOINT((-219.0433955,54.8676915,0.));
#5551=IFCCARTESIANPOINT((-220.3239385,49.4755785,0.));
#5552=IFCCARTESIANPOINT((-221.4717665,44.0536625,0.));
#5553=IFCCARTESIANPOINT((-222.4861885,38.6052115,0.));
#5554=IFCCARTESIANPOINT((-223.3665935,33.1335055,0.));
#5555=IFCCARTESIANPOINT((-224.1124515,27.6418415,0.));
#5556=IFCCARTESIANPOINT((-224.7233115,22.1335275,0.));
#5557=IFCCARTESIANPOINT((-225.1988075,16.6118815,0.));
#5558=IFCCARTESIANPOINT((-225.5386525,11.0802285,0.));
#5559=IFCCARTESIANPOINT((-225.7426405,5.5419015,0.));
#5560=IFCCARTESIANPOINT((-225.8106505,0.000236499999999751,0.));
#5561=IFCCARTESIANPOINT((-225.7426405,-5.5414285,0.));
#5562=IFCCARTESIANPOINT((-225.5386525,-11.0797555,0.));
#5563=IFCCARTESIANPOINT((-225.1988075,-16.6114085,0.));
#5564=IFCCARTESIANPOINT((-224.7233115,-22.1330545,0.));
#5565=IFCCARTESIANPOINT((-224.1124515,-27.6413685,0.));
#5566=IFCCARTESIANPOINT((-223.3665935,-33.1330325,0.));
#5567=IFCCARTESIANPOINT((-222.4861885,-38.6047385,0.));
#5568=IFCCARTESIANPOINT((-221.4717665,-44.0531895,0.));
#5569=IFCCARTESIANPOINT((-220.3239385,-49.4751055,0.));
#5570=IFCCARTESIANPOINT((-219.0433955,-54.8672185,0.));
#5571=IFCCARTESIANPOINT((-217.6309085,-60.2262815,0.));
#5572=IFCCARTESIANPOINT((-216.0873295,-65.5490665,0.));
#5573=IFCCARTESIANPOINT((-214.4135885,-70.8323675,0.));
#5574=IFCCARTESIANPOINT((-212.6106915,-76.0730005,0.));
#5575=IFCCARTESIANPOINT((-210.6797265,-81.2678105,0.));
#5576=IFCCARTESIANPOINT((-208.6218565,-86.4136675,0.));
#5577=IFCCARTESIANPOINT((-206.4383195,-91.5074725,0.));
#5578=IFCCARTESIANPOINT((-204.1304335,-96.5461565,0.));
#5579=IFCCARTESIANPOINT((-201.6995855,-101.5266845,0.));
#5580=IFCCARTESIANPOINT((-199.1472425,-106.4460555,0.));
#5581=IFCCARTESIANPOINT((-196.4749405,-111.3013085,0.));
#5582=IFCCARTESIANPOINT((-193.6842895,-116.0895175,0.));
#5583=IFCCARTESIANPOINT((-190.7769695,-120.8077975,0.));
#5584=IFCCARTESIANPOINT((-187.7547335,-125.4533075,0.));
#5585=IFCCARTESIANPOINT((-184.6194015,-130.0232495,0.));
#5586=IFCCARTESIANPOINT((-181.3728615,-134.5148705,0.));
#5587=IFCCARTESIANPOINT((-178.0170695,-138.9254635,0.));
#5588=IFCCARTESIANPOINT((-174.5540475,-143.2523735,0.));
#5589=IFCCARTESIANPOINT((-170.9858795,-147.4929935,0.));
#5590=IFCCARTESIANPOINT((-167.3147165,-151.6447695,0.));
#5591=IFCCARTESIANPOINT((-163.5427705,-155.7051995,0.));
#5592=IFCCARTESIANPOINT((-159.6723115,-159.6718385,0.));
#5593=IFCCARTESIANPOINT((-155.7056725,-163.5422975,0.));
#5594=IFCCARTESIANPOINT((-151.6452425,-167.3142435,0.));
#5595=IFCCARTESIANPOINT((-147.4934665,-170.9854065,0.));
#5596=IFCCARTESIANPOINT((-143.2528465,-174.5535745,0.));
#5597=IFCCARTESIANPOINT((-138.9259365,-178.0165965,0.));
#5598=IFCCARTESIANPOINT((-134.5153435,-181.3723885,0.));
#5599=IFCCARTESIANPOINT((-130.0237225,-184.6189285,0.));
#5600=IFCCARTESIANPOINT((-125.4537805,-187.7542605,0.));
#5601=IFCCARTESIANPOINT((-120.8082705,-190.7764965,0.));
#5602=IFCCARTESIANPOINT((-116.0899905,-193.6838165,0.));
#5603=IFCCARTESIANPOINT((-111.3017815,-196.4744675,0.));
#5604=IFCCARTESIANPOINT((-106.4465285,-199.1467695,0.));
#5605=IFCCARTESIANPOINT((-101.5271575,-201.6991125,0.));
#5606=IFCCARTESIANPOINT((-96.5466295,-204.1299605,0.));
#5607=IFCCARTESIANPOINT((-91.5079455,-206.4378465,0.));
#5608=IFCCARTESIANPOINT((-86.4141405,-208.6213835,0.));
#5609=IFCCARTESIANPOINT((-81.2682835,-210.6792535,0.));
#5610=IFCCARTESIANPOINT((-76.0734735,-212.6102185,0.));
#5611=IFCCARTESIANPOINT((-70.8328405,-214.4131155,0.));
#5612=IFCCARTESIANPOINT((-65.5495395,-216.0868565,0.));
#5613=IFCCARTESIANPOINT((-60.2267545,-217.6304355,0.));
#5614=IFCCARTESIANPOINT((-54.8676915,-219.0429225,0.));
#5615=IFCCARTESIANPOINT((-49.4755785,-220.3234655,0.));
#5616=IFCCARTESIANPOINT((-44.0536625,-221.4712935,0.));
#5617=IFCCARTESIANPOINT((-38.6052115,-222.4857155,0.));
#5618=IFCCARTESIANPOINT((-33.1335055,-223.3661205,0.));
#5619=IFCCARTESIANPOINT((-27.6418415,-224.1119785,0.));
#5620=IFCCARTESIANPOINT((-22.1335275,-224.7228385,0.));
#5621=IFCCARTESIANPOINT((-16.6118815,-225.1983345,0.));
#5622=IFCCARTESIANPOINT((-11.0802285,-225.5381795,0.));
#5623=IFCCARTESIANPOINT((-5.5419015,-225.7421675,0.));
#5624=IFCCARTESIANPOINT((-0.000236499999999751,-225.8101775,0.));
#5625=IFCCARTESIANPOINT((5.5414285,-225.7421675,0.));
#5626=IFCCARTESIANPOINT((11.0797555,-225.5381795,0.));
#5627=IFCCARTESIANPOINT((16.6114085,-225.1983345,0.));
#5628=IFCCARTESIANPOINT((22.1330545,-224.7228385,0.));
#5629=IFCCARTESIANPOINT((27.6413685,-224.1119785,0.));
#5630=IFCCARTESIANPOINT((33.1330325,-223.3661205,0.));
#5631=IFCCARTESIANPOINT((38.6047385,-222.4857155,0.));
#5632=IFCCARTESIANPOINT((44.0531895,-221.4712935,0.));
#5633=IFCCARTESIANPOINT((49.4751055,-220.3234655,0.));
#5634=IFCCARTESIANPOINT((54.8672185,-219.0429225,0.));
#5635=IFCCARTESIANPOINT((60.2262815,-217.6304355,0.));
#5636=IFCCARTESIANPOINT((65.5490665,-216.0868565,0.));
#5637=IFCCARTESIANPOINT((70.8323675,-214.4131155,0.));
#5638=IFCCARTESIANPOINT((76.0730005,-212.6102185,0.));
#5639=IFCCARTESIANPOINT((81.2678105,-210.6792535,0.));
#5640=IFCCARTESIANPOINT((86.4136675,-208.6213835,0.));
#5641=IFCCARTESIANPOINT((91.5074725,-206.4378465,0.));
#5642=IFCCARTESIANPOINT((96.5461565,-204.1299605,0.));
#5643=IFCCARTESIANPOINT((101.5266845,-201.6991125,0.));
#5644=IFCCARTESIANPOINT((106.4460555,-199.1467695,0.));
#5645=IFCCARTESIANPOINT((111.3013085,-196.4744675,0.));
#5646=IFCCARTESIANPOINT((116.0895175,-193.6838165,0.));
#5647=IFCCARTESIANPOINT((120.8077975,-190.7764965,0.));
#5648=IFCCARTESIANPOINT((125.4533075,-187.7542605,0.));
#5649=IFCCARTESIANPOINT((130.0232495,-184.6189285,0.));
#5650=IFCCARTESIANPOINT((134.5148705,-181.3723885,0.));
#5651=IFCCARTESIANPOINT((138.9254635,-178.0165965,0.));
#5652=IFCCARTESIANPOINT((143.2523735,-174.5535745,0.));
#5653=IFCCARTESIANPOINT((147.4929935,-170.9854065,0.));
#5654=IFCCARTESIANPOINT((151.6447695,-167.3142435,0.));
#5655=IFCCARTESIANPOINT((155.7051995,-163.5422975,0.));
#5656=IFCCARTESIANPOINT((159.6718385,-159.6718385,0.));
#5657=IFCCARTESIANPOINT((163.5422975,-155.7051995,0.));
#5658=IFCCARTESIANPOINT((167.3142435,-151.6447695,0.));
#5659=IFCCARTESIANPOINT((170.9854065,-147.4929935,0.));
#5660=IFCCARTESIANPOINT((174.5535745,-143.2523735,0.));
#5661=IFCCARTESIANPOINT((178.0165965,-138.9254635,0.));
#5662=IFCCARTESIANPOINT((181.3723885,-134.5148705,0.));
#5663=IFCCARTESIANPOINT((184.6189285,-130.0232495,0.));
#5664=IFCCARTESIANPOINT((187.7542605,-125.4533075,0.));
#5665=IFCCARTESIANPOINT((190.7764965,-120.8077975,0.));
#5666=IFCCARTESIANPOINT((193.6838165,-116.0895175,0.));
#5667=IFCCARTESIANPOINT((196.4744675,-111.3013085,0.));
#5668=IFCCARTESIANPOINT((199.1467695,-106.4460555,0.));
#5669=IFCCARTESIANPOINT((201.6991125,-101.5266845,0.));
#5670=IFCCARTESIANPOINT((204.1299605,-96.5461565,0.));
#5671=IFCCARTESIANPOINT((206.4378465,-91.5074725,0.));
#5672=IFCCARTESIANPOINT((208.6213835,-86.4136675,0.));
#5673=IFCCARTESIANPOINT((210.6792535,-81.2678105,0.));
#5674=IFCCARTESIANPOINT((212.6102185,-76.0730005,0.));
#5675=IFCCARTESIANPOINT((214.4131155,-70.8323675,0.));
#5676=IFCCARTESIANPOINT((216.0868565,-65.5490665,0.));
#5677=IFCCARTESIANPOINT((217.6304355,-60.2262815,0.));
#5678=IFCCARTESIANPOINT((219.0429225,-54.8672185,0.));
#5679=IFCCARTESIANPOINT((220.3234655,-49.4751055,0.));
#5680=IFCCARTESIANPOINT((221.4712935,-44.0531895,0.));
#5681=IFCCARTESIANPOINT((222.4857155,-38.6047385,0.));
#5682=IFCCARTESIANPOINT((223.3661205,-33.1330325,0.));
#5683=IFCCARTESIANPOINT((224.1119785,-27.6413685,0.));
#5684=IFCCARTESIANPOINT((224.7228385,-22.1330545,0.));
#5685=IFCCARTESIANPOINT((225.1983345,-16.6114085,0.));
#5686=IFCCARTESIANPOINT((225.5381795,-11.0797555,0.));
#5687=IFCCARTESIANPOINT((225.7421675,-5.5414285,0.));
#5688=IFCCARTESIANPOINT((225.8101775,0.000236499999999751,0.));
#5689=IFCPOLYLINE((#5690,#5691,#5692,#5693,#5694,#5695,#5696,#5697,#5698,#5699,#5700,#5701,#5702,#5703,#5704,#5705,#5706,#5707,#5708,#5709,#5710,#5711,#5712,#5713,#5714,#5715,#5716,#5717,#5718,#5719,#5720,#5721,#5722,#5723,#5724,#5725,#5726,#5727,#5728,#5729,#5730,#5731,#5732,#5733,#5734,#5735,#5736,#5737,#5738,#5739,#5740,#5741,#5742,#5743,#5744,#5745,#5746,#5747,#5748,#5749,#5750,#5751,#5752,#5753,#5754,#5755,#5756,#5757,#5758,#5759,#5760,#5761,#5762,#5763,#5764,#5765,#5766,#5767,#5768,#5769,#5770,#5771,#5772,#5773,#5774,#5775,#5776,#5777,#5778,#5779,#5780,#5781,#5782,#5783,#5784,#5785,#5786,#5787,#5788,#5789,#5790,#5791,#5792,#5793,#5794,#5795,#5796,#5797,#5798,#5799,#5800,#5801,#5802,#5803,#5804,#5805,#5806,#5807,#5808,#5809,#5810,#5811,#5812,#5813,#5814,#5815,#5816,#5817,#5818,#5819,#5820,#5821,#5822,#5823,#5824,#5825,#5826,#5827,#5828,#5829,#5830,#5831,#5832,#5833,#5834,#5835,#5836,#5837,#5838,#5839,#5840,#5841,#5842,#5843,#5844,#5845,#5846,#5847,#5848,#5849,#5850,#5851,#5852,#5853,#5854,#5855,#5856,#5857,#5858,#5859,#5860,#5861,#5862,#5863,#5864,#5865,#5866,#5867,#5868,#5869,#5870,#5871,#5872,#5873,#5874,#5875,#5876,#5877,#5878,#5879,#5880,#5881,#5882,#5883,#5884,#5885,#5886,#5887,#5888,#5889,#5890,#5891,#5892,#5893,#5894,#5895,#5896,#5897,#5898,#5899,#5900,#5901,#5902,#5903,#5904,#5905,#5906,#5907,#5908,#5909,#5910,#5911,#5912,#5913,#5914,#5915,#5916,#5917,#5918,#5919,#5920,#5921,#5922,#5923,#5924,#5925,#5926,#5927,#5928,#5929,#5930,#5931,#5932,#5933,#5934,#5935,#5936,#5937,#5938,#5939,#5940,#5941,#5942,#5943,#5944,#5945,#5946));
#5690=IFCCARTESIANPOINT((49.9997635,0.000236499999999751,0.));
#5691=IFCCARTESIANPOINT((49.9847045,1.2272975,0.));
#5692=IFCCARTESIANPOINT((49.9395365,2.4536205,0.));
#5693=IFCCARTESIANPOINT((49.8642865,3.6784645,0.));
#5694=IFCCARTESIANPOINT((49.7589995,4.9010935,0.));
#5695=IFCCARTESIANPOINT((49.6237405,6.1207705,0.));
#5696=IFCCARTESIANPOINT((49.4585885,7.3367605,0.));
#5697=IFCCARTESIANPOINT((49.2636455,8.5483305,0.));
#5698=IFCCARTESIANPOINT((49.0390275,9.7547525,0.));
#5699=IFCCARTESIANPOINT((48.7848705,10.9552985,0.));
#5700=IFCCARTESIANPOINT((48.5013265,12.1492455,0.));
#5701=IFCCARTESIANPOINT((48.1885665,13.3358745,0.));
#5702=IFCCARTESIANPOINT((47.8467805,14.5144705,0.));
#5703=IFCCARTESIANPOINT((47.4761725,15.6843235,0.));
#5704=IFCCARTESIANPOINT((47.0769665,16.8447295,0.));
#5705=IFCCARTESIANPOINT((46.6494035,17.9949885,0.));
#5706=IFCCARTESIANPOINT((46.1937405,19.1344085,0.));
#5707=IFCCARTESIANPOINT((45.7102515,20.2623025,0.));
#5708=IFCCARTESIANPOINT((45.1992285,21.3779915,0.));
#5709=IFCCARTESIANPOINT((44.6609785,22.4808025,0.));
#5710=IFCCARTESIANPOINT((44.0958265,23.5700735,0.));
#5711=IFCCARTESIANPOINT((43.5041135,24.6451465,0.));
#5712=IFCCARTESIANPOINT((42.8861935,25.7053735,0.));
#5713=IFCCARTESIANPOINT((42.2424415,26.7501175,0.));
#5714=IFCCARTESIANPOINT((41.5732445,27.7787485,0.));
#5715=IFCCARTESIANPOINT((40.8790045,28.7906465,0.));
#5716=IFCCARTESIANPOINT((40.1601405,29.7852015,0.));
#5717=IFCCARTESIANPOINT((39.4170845,30.7618165,0.));
#5718=IFCCARTESIANPOINT((38.6502865,31.7199005,0.));
#5719=IFCCARTESIANPOINT((37.8602055,32.6588785,0.));
#5720=IFCCARTESIANPOINT((37.0473195,33.5781845,0.));
#5721=IFCCARTESIANPOINT((36.2121175,34.4772635,0.));
#5722=IFCCARTESIANPOINT((35.3551025,35.3555755,0.));
#5723=IFCCARTESIANPOINT((34.4767905,36.2125905,0.));
#5724=IFCCARTESIANPOINT((33.5777115,37.0477925,0.));
#5725=IFCCARTESIANPOINT((32.6584055,37.8606785,0.));
#5726=IFCCARTESIANPOINT((31.7194275,38.6507595,0.));
#5727=IFCCARTESIANPOINT((30.7613435,39.4175575,0.));
#5728=IFCCARTESIANPOINT((29.7847285,40.1606135,0.));
#5729=IFCCARTESIANPOINT((28.7901735,40.8794775,0.));
#5730=IFCCARTESIANPOINT((27.7782755,41.5737175,0.));
#5731=IFCCARTESIANPOINT((26.7496445,42.2429145,0.));
#5732=IFCCARTESIANPOINT((25.7049005,42.8866665,0.));
#5733=IFCCARTESIANPOINT((24.6446735,43.5045865,0.));
#5734=IFCCARTESIANPOINT((23.5696005,44.0962995,0.));
#5735=IFCCARTESIANPOINT((22.4803295,44.6614515,0.));
#5736=IFCCARTESIANPOINT((21.3775185,45.1997015,0.));
#5737=IFCCARTESIANPOINT((20.2618295,45.7107245,0.));
#5738=IFCCARTESIANPOINT((19.1339355,46.1942135,0.));
#5739=IFCCARTESIANPOINT((17.9945155,46.6498765,0.));
#5740=IFCCARTESIANPOINT((16.8442565,47.0774395,0.));
#5741=IFCCARTESIANPOINT((15.6838505,47.4766455,0.));
#5742=IFCCARTESIANPOINT((14.5139975,47.8472535,0.));
#5743=IFCCARTESIANPOINT((13.3354015,48.1890395,0.));
#5744=IFCCARTESIANPOINT((12.1487725,48.5017995,0.));
#5745=IFCCARTESIANPOINT((10.9548255,48.7853435,0.));
#5746=IFCCARTESIANPOINT((9.7542795,49.0395005,0.));
#5747=IFCCARTESIANPOINT((8.5478575,49.2641185,0.));
#5748=IFCCARTESIANPOINT((7.3362875,49.4590615,0.));
#5749=IFCCARTESIANPOINT((6.1202975,49.6242135,0.));
#5750=IFCCARTESIANPOINT((4.9006205,49.7594725,0.));
#5751=IFCCARTESIANPOINT((3.6779915,49.8647595,0.));
#5752=IFCCARTESIANPOINT((2.4531475,49.9400095,0.));
#5753=IFCCARTESIANPOINT((1.2268245,49.9851775,0.));
#5754=IFCCARTESIANPOINT((-0.000236499999999751,50.0002365,0.));
#5755=IFCCARTESIANPOINT((-1.2272975,49.9851775,0.));
#5756=IFCCARTESIANPOINT((-2.4536205,49.9400095,0.));
#5757=IFCCARTESIANPOINT((-3.6784645,49.8647595,0.));
#5758=IFCCARTESIANPOINT((-4.9010935,49.7594725,0.));
#5759=IFCCARTESIANPOINT((-6.1207705,49.6242135,0.));
#5760=IFCCARTESIANPOINT((-7.3367605,49.4590615,0.));
#5761=IFCCARTESIANPOINT((-8.5483305,49.2641185,0.));
#5762=IFCCARTESIANPOINT((-9.7547525,49.0395005,0.));
#5763=IFCCARTESIANPOINT((-10.9552985,48.7853435,0.));
#5764=IFCCARTESIANPOINT((-12.1492455,48.5017995,0.));
#5765=IFCCARTESIANPOINT((-13.3358745,48.1890395,0.));
#5766=IFCCARTESIANPOINT((-14.5144705,47.8472535,0.));
#5767=IFCCARTESIANPOINT((-15.6843235,47.4766455,0.));
#5768=IFCCARTESIANPOINT((-16.8447295,47.0774395,0.));
#5769=IFCCARTESIANPOINT((-17.9949885,46.6498765,0.));
#5770=IFCCARTESIANPOINT((-19.1344085,46.1942135,0.));
#5771=IFCCARTESIANPOINT((-20.2623025,45.7107245,0.));
#5772=IFCCARTESIANPOINT((-21.3779915,45.1997015,0.));
#5773=IFCCARTESIANPOINT((-22.4808025,44.6614515,0.));
#5774=IFCCARTESIANPOINT((-23.5700735,44.0962995,0.));
#5775=IFCCARTESIANPOINT((-24.6451465,43.5045865,0.));
#5776=IFCCARTESIANPOINT((-25.7053735,42.8866665,0.));
#5777=IFCCARTESIANPOINT((-26.7501175,42.2429145,0.));
#5778=IFCCARTESIANPOINT((-27.7787485,41.5737175,0.));
#5779=IFCCARTESIANPOINT((-28.7906465,40.8794775,0.));
#5780=IFCCARTESIANPOINT((-29.7852015,40.1606135,0.));
#5781=IFCCARTESIANPOINT((-30.7618165,39.4175575,0.));
#5782=IFCCARTESIANPOINT((-31.7199005,38.6507595,0.));
#5783=IFCCARTESIANPOINT((-32.6588785,37.8606785,0.));
#5784=IFCCARTESIANPOINT((-33.5781845,37.0477925,0.));
#5785=IFCCARTESIANPOINT((-34.4772635,36.2125905,0.));
#5786=IFCCARTESIANPOINT((-35.3555755,35.3555755,0.));
#5787=IFCCARTESIANPOINT((-36.2125905,34.4772635,0.));
#5788=IFCCARTESIANPOINT((-37.0477925,33.5781845,0.));
#5789=IFCCARTESIANPOINT((-37.8606785,32.6588785,0.));
#5790=IFCCARTESIANPOINT((-38.6507595,31.7199005,0.));
#5791=IFCCARTESIANPOINT((-39.4175575,30.7618165,0.));
#5792=IFCCARTESIANPOINT((-40.1606135,29.7852015,0.));
#5793=IFCCARTESIANPOINT((-40.8794775,28.7906465,0.));
#5794=IFCCARTESIANPOINT((-41.5737175,27.7787485,0.));
#5795=IFCCARTESIANPOINT((-42.2429145,26.7501175,0.));
#5796=IFCCARTESIANPOINT((-42.8866675,25.7053735,0.));
#5797=IFCCARTESIANPOINT((-43.5045865,24.6451465,0.));
#5798=IFCCARTESIANPOINT((-44.0962995,23.5700735,0.));
#5799=IFCCARTESIANPOINT((-44.6614515,22.4808025,0.));
#5800=IFCCARTESIANPOINT((-45.1997015,21.3779915,0.));
#5801=IFCCARTESIANPOINT((-45.7107245,20.2623025,0.));
#5802=IFCCARTESIANPOINT((-46.1942135,19.1344085,0.));
#5803=IFCCARTESIANPOINT((-46.6498765,17.9949885,0.));
#5804=IFCCARTESIANPOINT((-47.0774395,16.8447295,0.));
#5805=IFCCARTESIANPOINT((-47.4766455,15.6843235,0.));
#5806=IFCCARTESIANPOINT((-47.8472535,14.5144705,0.));
#5807=IFCCARTESIANPOINT((-48.1890395,13.3358745,0.));
#5808=IFCCARTESIANPOINT((-48.5017995,12.1492455,0.));
#5809=IFCCARTESIANPOINT((-48.7853435,10.9552985,0.));
#5810=IFCCARTESIANPOINT((-49.0395005,9.7547525,0.));
#5811=IFCCARTESIANPOINT((-49.2641185,8.5483305,0.));
#5812=IFCCARTESIANPOINT((-49.4590615,7.3367605,0.));
#5813=IFCCARTESIANPOINT((-49.6242135,6.1207705,0.));
#5814=IFCCARTESIANPOINT((-49.7594725,4.9010935,0.));
#5815=IFCCARTESIANPOINT((-49.8647595,3.6784645,0.));
#5816=IFCCARTESIANPOINT((-49.9400095,2.4536205,0.));
#5817=IFCCARTESIANPOINT((-49.9851775,1.2272975,0.));
#5818=IFCCARTESIANPOINT((-50.0002365,0.000236499999999751,0.));
#5819=IFCCARTESIANPOINT((-49.9851775,-1.2268245,0.));
#5820=IFCCARTESIANPOINT((-49.9400095,-2.4531475,0.));
#5821=IFCCARTESIANPOINT((-49.8647595,-3.6779915,0.));
#5822=IFCCARTESIANPOINT((-49.7594725,-4.9006205,0.));
#5823=IFCCARTESIANPOINT((-49.6242135,-6.1202975,0.));
#5824=IFCCARTESIANPOINT((-49.4590615,-7.3362875,0.));
#5825=IFCCARTESIANPOINT((-49.2641185,-8.5478575,0.));
#5826=IFCCARTESIANPOINT((-49.0395005,-9.7542795,0.));
#5827=IFCCARTESIANPOINT((-48.7853435,-10.9548255,0.));
#5828=IFCCARTESIANPOINT((-48.5017995,-12.1487725,0.));
#5829=IFCCARTESIANPOINT((-48.1890395,-13.3354015,0.));
#5830=IFCCARTESIANPOINT((-47.8472535,-14.5139975,0.));
#5831=IFCCARTESIANPOINT((-47.4766455,-15.6838505,0.));
#5832=IFCCARTESIANPOINT((-47.0774395,-16.8442565,0.));
#5833=IFCCARTESIANPOINT((-46.6498765,-17.9945155,0.));
#5834=IFCCARTESIANPOINT((-46.1942135,-19.1339355,0.));
#5835=IFCCARTESIANPOINT((-45.7107245,-20.2618295,0.));
#5836=IFCCARTESIANPOINT((-45.1997015,-21.3775185,0.));
#5837=IFCCARTESIANPOINT((-44.6614515,-22.4803295,0.));
#5838=IFCCARTESIANPOINT((-44.0962995,-23.5696005,0.));
#5839=IFCCARTESIANPOINT((-43.5045865,-24.6446735,0.));
#5840=IFCCARTESIANPOINT((-42.8866675,-25.7049005,0.));
#5841=IFCCARTESIANPOINT((-42.2429145,-26.7496445,0.));
#5842=IFCCARTESIANPOINT((-41.5737175,-27.7782755,0.));
#5843=IFCCARTESIANPOINT((-40.8794775,-28.7901735,0.));
#5844=IFCCARTESIANPOINT((-40.1606135,-29.7847285,0.));
#5845=IFCCARTESIANPOINT((-39.4175575,-30.7613435,0.));
#5846=IFCCARTESIANPOINT((-38.6507595,-31.7194275,0.));
#5847=IFCCARTESIANPOINT((-37.8606785,-32.6584055,0.));
#5848=IFCCARTESIANPOINT((-37.0477925,-33.5777115,0.));
#5849=IFCCARTESIANPOINT((-36.2125905,-34.4767905,0.));
#5850=IFCCARTESIANPOINT((-35.3555755,-35.3551025,0.));
#5851=IFCCARTESIANPOINT((-34.4772635,-36.2121175,0.));
#5852=IFCCARTESIANPOINT((-33.5781845,-37.0473195,0.));
#5853=IFCCARTESIANPOINT((-32.6588785,-37.8602055,0.));
#5854=IFCCARTESIANPOINT((-31.7199005,-38.6502865,0.));
#5855=IFCCARTESIANPOINT((-30.7618165,-39.4170845,0.));
#5856=IFCCARTESIANPOINT((-29.7852015,-40.1601405,0.));
#5857=IFCCARTESIANPOINT((-28.7906465,-40.8790045,0.));
#5858=IFCCARTESIANPOINT((-27.7787485,-41.5732445,0.));
#5859=IFCCARTESIANPOINT((-26.7501175,-42.2424415,0.));
#5860=IFCCARTESIANPOINT((-25.7053735,-42.8861945,0.));
#5861=IFCCARTESIANPOINT((-24.6451465,-43.5041135,0.));
#5862=IFCCARTESIANPOINT((-23.5700735,-44.0958265,0.));
#5863=IFCCARTESIANPOINT((-22.4808025,-44.6609785,0.));
#5864=IFCCARTESIANPOINT((-21.3779915,-45.1992285,0.));
#5865=IFCCARTESIANPOINT((-20.2623025,-45.7102515,0.));
#5866=IFCCARTESIANPOINT((-19.1344085,-46.1937405,0.));
#5867=IFCCARTESIANPOINT((-17.9949885,-46.6494035,0.));
#5868=IFCCARTESIANPOINT((-16.8447295,-47.0769665,0.));
#5869=IFCCARTESIANPOINT((-15.6843235,-47.4761725,0.));
#5870=IFCCARTESIANPOINT((-14.5144705,-47.8467805,0.));
#5871=IFCCARTESIANPOINT((-13.3358745,-48.1885665,0.));
#5872=IFCCARTESIANPOINT((-12.1492455,-48.5013265,0.));
#5873=IFCCARTESIANPOINT((-10.9552985,-48.7848705,0.));
#5874=IFCCARTESIANPOINT((-9.7547525,-49.0390275,0.));
#5875=IFCCARTESIANPOINT((-8.5483305,-49.2636455,0.));
#5876=IFCCARTESIANPOINT((-7.3367605,-49.4585885,0.));
#5877=IFCCARTESIANPOINT((-6.1207705,-49.6237405,0.));
#5878=IFCCARTESIANPOINT((-4.9010935,-49.7589995,0.));
#5879=IFCCARTESIANPOINT((-3.6784645,-49.8642865,0.));
#5880=IFCCARTESIANPOINT((-2.4536205,-49.9395365,0.));
#5881=IFCCARTESIANPOINT((-1.2272975,-49.9847045,0.));
#5882=IFCCARTESIANPOINT((-0.000236499999999751,-49.9997635,0.));
#5883=IFCCARTESIANPOINT((1.2268245,-49.9847045,0.));
#5884=IFCCARTESIANPOINT((2.4531475,-49.9395365,0.));
#5885=IFCCARTESIANPOINT((3.6779915,-49.8642865,0.));
#5886=IFCCARTESIANPOINT((4.9006205,-49.7589995,0.));
#5887=IFCCARTESIANPOINT((6.1202975,-49.6237405,0.));
#5888=IFCCARTESIANPOINT((7.3362875,-49.4585885,0.));
#5889=IFCCARTESIANPOINT((8.5478575,-49.2636455,0.));
#5890=IFCCARTESIANPOINT((9.7542795,-49.0390275,0.));
#5891=IFCCARTESIANPOINT((10.9548255,-48.7848705,0.));
#5892=IFCCARTESIANPOINT((12.1487725,-48.5013265,0.));
#5893=IFCCARTESIANPOINT((13.3354015,-48.1885665,0.));
#5894=IFCCARTESIANPOINT((14.5139975,-47.8467805,0.));
#5895=IFCCARTESIANPOINT((15.6838505,-47.4761725,0.));
#5896=IFCCARTESIANPOINT((16.8442565,-47.0769665,0.));
#5897=IFCCARTESIANPOINT((17.9945155,-46.6494035,0.));
#5898=IFCCARTESIANPOINT((19.1339355,-46.1937405,0.));
#5899=IFCCARTESIANPOINT((20.2618295,-45.7102515,0.));
#5900=IFCCARTESIANPOINT((21.3775185,-45.1992285,0.));
#5901=IFCCARTESIANPOINT((22.4803295,-44.6609785,0.));
#5902=IFCCARTESIANPOINT((23.5696005,-44.0958265,0.));
#5903=IFCCARTESIANPOINT((24.6446735,-43.5041135,0.));
#5904=IFCCARTESIANPOINT((25.7049005,-42.8861945,0.));
#5905=IFCCARTESIANPOINT((26.7496445,-42.2424415,0.));
#5906=IFCCARTESIANPOINT((27.7782755,-41.5732445,0.));
#5907=IFCCARTESIANPOINT((28.7901735,-40.8790045,0.));
#5908=IFCCARTESIANPOINT((29.7847285,-40.1601405,0.));
#5909=IFCCARTESIANPOINT((30.7613435,-39.4170845,0.));
#5910=IFCCARTESIANPOINT((31.7194275,-38.6502865,0.));
#5911=IFCCARTESIANPOINT((32.6584055,-37.8602055,0.));
#5912=IFCCARTESIANPOINT((33.5777115,-37.0473195,0.));
#5913=IFCCARTESIANPOINT((34.4767905,-36.2121175,0.));
#5914=IFCCARTESIANPOINT((35.3551025,-35.3551025,0.));
#5915=IFCCARTESIANPOINT((36.2121175,-34.4767905,0.));
#5916=IFCCARTESIANPOINT((37.0473195,-33.5777115,0.));
#5917=IFCCARTESIANPOINT((37.8602055,-32.6584055,0.));
#5918=IFCCARTESIANPOINT((38.6502865,-31.7194275,0.));
#5919=IFCCARTESIANPOINT((39.4170845,-30.7613435,0.));
#5920=IFCCARTESIANPOINT((40.1601405,-29.7847285,0.));
#5921=IFCCARTESIANPOINT((40.8790045,-28.7901735,0.));
#5922=IFCCARTESIANPOINT((41.5732445,-27.7782755,0.));
#5923=IFCCARTESIANPOINT((42.2424415,-26.7496445,0.));
#5924=IFCCARTESIANPOINT((42.8861935,-25.7049005,0.));
#5925=IFCCARTESIANPOINT((43.5041135,-24.6446735,0.));
#5926=IFCCARTESIANPOINT((44.0958265,-23.5696005,0.));
#5927=IFCCARTESIANPOINT((44.6609785,-22.4803295,0.));
#5928=IFCCARTESIANPOINT((45.1992285,-21.3775185,0.));
#5929=IFCCARTESIANPOINT((45.7102515,-20.2618295,0.));
#5930=IFCCARTESIANPOINT((46.1937405,-19.1339355,0.));
#5931=IFCCARTESIANPOINT((46.6494035,-17.9945155,0.));
#5932=IFCCARTESIANPOINT((47.0769665,-16.8442565,0.));
#5933=IFCCARTESIANPOINT((47.4761725,-15.6838505,0.));
#5934=IFCCARTESIANPOINT((47.8467805,-14.5139975,0.));
#5935=IFCCARTESIANPOINT((48.1885665,-13.3354015,0.));
#5936=IFCCARTESIANPOINT((48.5013265,-12.1487725,0.));
#5937=IFCCARTESIANPOINT((48.7848705,-10.9548255,0.));
#5938=IFCCARTESIANPOINT((49.0390275,-9.7542795,0.));
#5939=IFCCARTESIANPOINT((49.2636455,-8.5478575,0.));
#5940=IFCCARTESIANPOINT((49.4585885,-7.3362875,0.));
#5941=IFCCARTESIANPOINT((49.6237405,-6.1202975,0.));
#5942=IFCCARTESIANPOINT((49.7589995,-4.9006205,0.));
#5943=IFCCARTESIANPOINT((49.8642865,-3.6779915,0.));
#5944=IFCCARTESIANPOINT((49.9395365,-2.4531475,0.));
#5945=IFCCARTESIANPOINT((49.9847045,-1.2268245,0.));
#5946=IFCCARTESIANPOINT((49.9997635,0.000236499999999751,0.));
#5947=IFCPOLYLINE((#5948,#5949,#5950,#5951,#5952,#5953,#5954,#5955,#5956,#5957,#5958,#5959,#5960,#5961,#5962,#5963,#5964,#5965,#5966,#5967,#5968,#5969,#5970,#5971,#5972,#5973,#5974,#5975,#5976,#5977,#5978,#5979,#5980,#5981,#5982,#5983,#5984,#5985,#5986,#5987,#5988,#5989,#5990,#5991,#5992,#5993,#5994,#5995,#5996,#5997,#5998,#5999,#6000,#6001,#6002,#6003,#6004,#6005,#6006,#6007,#6008,#6009,#6010,#6011,#6012,#6013,#6014,#6015,#6016,#6017,#6018,#6019,#6020,#6021,#6022,#6023,#6024,#6025,#6026,#6027,#6028,#6029,#6030,#6031,#6032,#6033,#6034,#6035,#6036,#6037,#6038,#6039,#6040,#6041,#6042,#6043,#6044,#6045,#6046,#6047,#6048,#6049,#6050,#6051,#6052,#6053,#6054,#6055,#6056,#6057,#6058,#6059,#6060,#6061,#6062,#6063,#6064,#6065,#6066,#6067,#6068,#6069,#6070,#6071,#6072,#6073,#6074,#6075,#6076,#6077,#6078,#6079,#6080,#6081,#6082,#6083,#6084,#6085,#6086,#6087,#6088,#6089,#6090,#6091,#6092,#6093,#6094,#6095,#6096,#6097,#6098,#6099,#6100,#6101,#6102,#6103,#6104,#6105,#6106,#6107,#6108,#6109,#6110,#6111,#6112,#6113,#6114,#6115,#6116,#6117,#6118,#6119,#6120,#6121,#6122,#6123,#6124,#6125,#6126,#6127,#6128,#6129,#6130,#6131,#6132,#6133,#6134,#6135,#6136,#6137,#6138,#6139,#6140,#6141,#6142,#6143,#6144,#6145,#6146,#6147,#6148,#6149,#6150,#6151,#6152,#6153,#6154,#6155,#6156,#6157,#6158,#6159,#6160,#6161,#6162,#6163,#6164,#6165,#6166,#6167,#6168,#6169,#6170,#6171,#6172,#6173,#6174,#6175,#6176,#6177,#6178,#6179,#6180,#6181,#6182,#6183,#6184,#6185,#6186,#6187,#6188,#6189,#6190,#6191,#6192,#6193,#6194,#6195,#6196,#6197,#6198,#6199,#6200,#6201,#6202,#6203,#6204));
#5948=IFCCARTESIANPOINT((44.9997635,0.000236499999999751,0.));
#5949=IFCCARTESIANPOINT((44.9862105,1.1045915,0.));
#5950=IFCCARTESIANPOINT((44.9455595,2.2082815,0.));
#5951=IFCCARTESIANPOINT((44.8778345,3.3106415,0.));
#5952=IFCCARTESIANPOINT((44.7830765,4.4110075,0.));
#5953=IFCCARTESIANPOINT((44.6613425,5.5087165,0.));
#5954=IFCCARTESIANPOINT((44.5127065,6.6031075,0.));
#5955=IFCCARTESIANPOINT((44.3372575,7.6935215,0.));
#5956=IFCCARTESIANPOINT((44.1351015,8.7793005,0.));
#5957=IFCCARTESIANPOINT((43.9063595,9.8597925,0.));
#5958=IFCCARTESIANPOINT((43.6511695,10.9343445,0.));
#5959=IFCCARTESIANPOINT((43.3696865,12.0023105,0.));
#5960=IFCCARTESIANPOINT((43.0620785,13.0630465,0.));
#5961=IFCCARTESIANPOINT((42.7285315,14.1159145,0.));
#5962=IFCCARTESIANPOINT((42.3692465,15.1602795,0.));
#5963=IFCCARTESIANPOINT((41.9844395,16.1955135,0.));
#5964=IFCCARTESIANPOINT((41.5743425,17.2209905,0.));
#5965=IFCCARTESIANPOINT((41.1392025,18.2360955,0.));
#5966=IFCCARTESIANPOINT((40.6792815,19.2402155,0.));
#5967=IFCCARTESIANPOINT((40.1948575,20.2327465,0.));
#5968=IFCCARTESIANPOINT((39.6862205,21.2130895,0.));
#5969=IFCCARTESIANPOINT((39.1536785,22.1806555,0.));
#5970=IFCCARTESIANPOINT((38.5975505,23.1348595,0.));
#5971=IFCCARTESIANPOINT((38.0181735,24.0751295,0.));
#5972=IFCCARTESIANPOINT((37.4158965,25.0008965,0.));
#5973=IFCCARTESIANPOINT((36.7910805,25.9116055,0.));
#5974=IFCCARTESIANPOINT((36.1441025,26.8067055,0.));
#5975=IFCCARTESIANPOINT((35.4753525,27.6856585,0.));
#5976=IFCCARTESIANPOINT((34.7852335,28.5479345,0.));
#5977=IFCCARTESIANPOINT((34.0741615,29.3930145,0.));
#5978=IFCCARTESIANPOINT((33.3425645,30.2203895,0.));
#5979=IFCCARTESIANPOINT((32.5908825,31.0295615,0.));
#5980=IFCCARTESIANPOINT((31.8195685,31.8200415,0.));
#5981=IFCCARTESIANPOINT((31.0290885,32.5913555,0.));
#5982=IFCCARTESIANPOINT((30.2199165,33.3430375,0.));
#5983=IFCCARTESIANPOINT((29.3925415,34.0746345,0.));
#5984=IFCCARTESIANPOINT((28.5474615,34.7857065,0.));
#5985=IFCCARTESIANPOINT((27.6851855,35.4758255,0.));
#5986=IFCCARTESIANPOINT((26.8062325,36.1445755,0.));
#5987=IFCCARTESIANPOINT((25.9111325,36.7915535,0.));
#5988=IFCCARTESIANPOINT((25.0004235,37.4163695,0.));
#5989=IFCCARTESIANPOINT((24.0746565,38.0186465,0.));
#5990=IFCCARTESIANPOINT((23.1343865,38.5980235,0.));
#5991=IFCCARTESIANPOINT((22.1801825,39.1541515,0.));
#5992=IFCCARTESIANPOINT((21.2126165,39.6866935,0.));
#5993=IFCCARTESIANPOINT((20.2322735,40.1953305,0.));
#5994=IFCCARTESIANPOINT((19.2397425,40.6797545,0.));
#5995=IFCCARTESIANPOINT((18.2356225,41.1396755,0.));
#5996=IFCCARTESIANPOINT((17.2205175,41.5748155,0.));
#5997=IFCCARTESIANPOINT((16.1950405,41.9849125,0.));
#5998=IFCCARTESIANPOINT((15.1598065,42.3697195,0.));
#5999=IFCCARTESIANPOINT((14.1154415,42.7290045,0.));
#6000=IFCCARTESIANPOINT((13.0625735,43.0625515,0.));
#6001=IFCCARTESIANPOINT((12.0018375,43.3701595,0.));
#6002=IFCCARTESIANPOINT((10.9338715,43.6516425,0.));
#6003=IFCCARTESIANPOINT((9.8593195,43.9068325,0.));
#6004=IFCCARTESIANPOINT((8.7788275,44.1355745,0.));
#6005=IFCCARTESIANPOINT((7.6930485,44.3377305,0.));
#6006=IFCCARTESIANPOINT((6.6026345,44.5131795,0.));
#6007=IFCCARTESIANPOINT((5.5082435,44.6618155,0.));
#6008=IFCCARTESIANPOINT((4.4105345,44.7835495,0.));
#6009=IFCCARTESIANPOINT((3.3101685,44.8783075,0.));
#6010=IFCCARTESIANPOINT((2.2078085,44.9460325,0.));
#6011=IFCCARTESIANPOINT((1.1041185,44.9866835,0.));
#6012=IFCCARTESIANPOINT((-0.000236499999999751,45.0002365,0.));
#6013=IFCCARTESIANPOINT((-1.1045915,44.9866835,0.));
#6014=IFCCARTESIANPOINT((-2.2082815,44.9460325,0.));
#6015=IFCCARTESIANPOINT((-3.3106415,44.8783075,0.));
#6016=IFCCARTESIANPOINT((-4.4110075,44.7835495,0.));
#6017=IFCCARTESIANPOINT((-5.5087165,44.6618155,0.));
#6018=IFCCARTESIANPOINT((-6.6031075,44.5131795,0.));
#6019=IFCCARTESIANPOINT((-7.6935215,44.3377305,0.));
#6020=IFCCARTESIANPOINT((-8.7793005,44.1355745,0.));
#6021=IFCCARTESIANPOINT((-9.8597925,43.9068325,0.));
#6022=IFCCARTESIANPOINT((-10.9343445,43.6516425,0.));
#6023=IFCCARTESIANPOINT((-12.0023105,43.3701595,0.));
#6024=IFCCARTESIANPOINT((-13.0630465,43.0625515,0.));
#6025=IFCCARTESIANPOINT((-14.1159145,42.7290045,0.));
#6026=IFCCARTESIANPOINT((-15.1602795,42.3697195,0.));
#6027=IFCCARTESIANPOINT((-16.1955135,41.9849125,0.));
#6028=IFCCARTESIANPOINT((-17.2209905,41.5748155,0.));
#6029=IFCCARTESIANPOINT((-18.2360955,41.1396755,0.));
#6030=IFCCARTESIANPOINT((-19.2402155,40.6797545,0.));
#6031=IFCCARTESIANPOINT((-20.2327465,40.1953305,0.));
#6032=IFCCARTESIANPOINT((-21.2130895,39.6866935,0.));
#6033=IFCCARTESIANPOINT((-22.1806555,39.1541515,0.));
#6034=IFCCARTESIANPOINT((-23.1348595,38.5980235,0.));
#6035=IFCCARTESIANPOINT((-24.0751295,38.0186465,0.));
#6036=IFCCARTESIANPOINT((-25.0008965,37.4163695,0.));
#6037=IFCCARTESIANPOINT((-25.9116055,36.7915535,0.));
#6038=IFCCARTESIANPOINT((-26.8067055,36.1445755,0.));
#6039=IFCCARTESIANPOINT((-27.6856585,35.4758255,0.));
#6040=IFCCARTESIANPOINT((-28.5479345,34.7857065,0.));
#6041=IFCCARTESIANPOINT((-29.3930145,34.0746345,0.));
#6042=IFCCARTESIANPOINT((-30.2203895,33.3430375,0.));
#6043=IFCCARTESIANPOINT((-31.0295615,32.5913555,0.));
#6044=IFCCARTESIANPOINT((-31.8200415,31.8200415,0.));
#6045=IFCCARTESIANPOINT((-32.5913555,31.0295615,0.));
#6046=IFCCARTESIANPOINT((-33.3430375,30.2203895,0.));
#6047=IFCCARTESIANPOINT((-34.0746345,29.3930145,0.));
#6048=IFCCARTESIANPOINT((-34.7857065,28.5479345,0.));
#6049=IFCCARTESIANPOINT((-35.4758255,27.6856585,0.));
#6050=IFCCARTESIANPOINT((-36.1445755,26.8067055,0.));
#6051=IFCCARTESIANPOINT((-36.7915535,25.9116055,0.));
#6052=IFCCARTESIANPOINT((-37.4163695,25.0008965,0.));
#6053=IFCCARTESIANPOINT((-38.0186465,24.0751295,0.));
#6054=IFCCARTESIANPOINT((-38.5980235,23.1348595,0.));
#6055=IFCCARTESIANPOINT((-39.1541515,22.1806555,0.));
#6056=IFCCARTESIANPOINT((-39.6866935,21.2130895,0.));
#6057=IFCCARTESIANPOINT((-40.1953305,20.2327465,0.));
#6058=IFCCARTESIANPOINT((-40.6797545,19.2402155,0.));
#6059=IFCCARTESIANPOINT((-41.1396755,18.2360955,0.));
#6060=IFCCARTESIANPOINT((-41.5748155,17.2209905,0.));
#6061=IFCCARTESIANPOINT((-41.9849125,16.1955135,0.));
#6062=IFCCARTESIANPOINT((-42.3697195,15.1602795,0.));
#6063=IFCCARTESIANPOINT((-42.7290045,14.1159145,0.));
#6064=IFCCARTESIANPOINT((-43.0625515,13.0630465,0.));
#6065=IFCCARTESIANPOINT((-43.3701595,12.0023105,0.));
#6066=IFCCARTESIANPOINT((-43.6516425,10.9343445,0.));
#6067=IFCCARTESIANPOINT((-43.9068325,9.8597925,0.));
#6068=IFCCARTESIANPOINT((-44.1355745,8.7793005,0.));
#6069=IFCCARTESIANPOINT((-44.3377305,7.6935215,0.));
#6070=IFCCARTESIANPOINT((-44.5131795,6.6031075,0.));
#6071=IFCCARTESIANPOINT((-44.6618155,5.5087165,0.));
#6072=IFCCARTESIANPOINT((-44.7835495,4.4110075,0.));
#6073=IFCCARTESIANPOINT((-44.8783075,3.3106415,0.));
#6074=IFCCARTESIANPOINT((-44.9460325,2.2082815,0.));
#6075=IFCCARTESIANPOINT((-44.9866835,1.1045915,0.));
#6076=IFCCARTESIANPOINT((-45.0002365,0.000236499999999751,0.));
#6077=IFCCARTESIANPOINT((-44.9866835,-1.1041185,0.));
#6078=IFCCARTESIANPOINT((-44.9460325,-2.2078085,0.));
#6079=IFCCARTESIANPOINT((-44.8783075,-3.3101685,0.));
#6080=IFCCARTESIANPOINT((-44.7835495,-4.4105345,0.));
#6081=IFCCARTESIANPOINT((-44.6618155,-5.5082435,0.));
#6082=IFCCARTESIANPOINT((-44.5131795,-6.6026345,0.));
#6083=IFCCARTESIANPOINT((-44.3377305,-7.6930485,0.));
#6084=IFCCARTESIANPOINT((-44.1355745,-8.7788275,0.));
#6085=IFCCARTESIANPOINT((-43.9068325,-9.8593195,0.));
#6086=IFCCARTESIANPOINT((-43.6516425,-10.9338715,0.));
#6087=IFCCARTESIANPOINT((-43.3701595,-12.0018375,0.));
#6088=IFCCARTESIANPOINT((-43.0625515,-13.0625735,0.));
#6089=IFCCARTESIANPOINT((-42.7290045,-14.1154415,0.));
#6090=IFCCARTESIANPOINT((-42.3697195,-15.1598065,0.));
#6091=IFCCARTESIANPOINT((-41.9849125,-16.1950405,0.));
#6092=IFCCARTESIANPOINT((-41.5748155,-17.2205175,0.));
#6093=IFCCARTESIANPOINT((-41.1396755,-18.2356225,0.));
#6094=IFCCARTESIANPOINT((-40.6797545,-19.2397425,0.));
#6095=IFCCARTESIANPOINT((-40.1953305,-20.2322735,0.));
#6096=IFCCARTESIANPOINT((-39.6866935,-21.2126165,0.));
#6097=IFCCARTESIANPOINT((-39.1541515,-22.1801825,0.));
#6098=IFCCARTESIANPOINT((-38.5980235,-23.1343865,0.));
#6099=IFCCARTESIANPOINT((-38.0186465,-24.0746565,0.));
#6100=IFCCARTESIANPOINT((-37.4163695,-25.0004235,0.));
#6101=IFCCARTESIANPOINT((-36.7915535,-25.9111325,0.));
#6102=IFCCARTESIANPOINT((-36.1445755,-26.8062325,0.));
#6103=IFCCARTESIANPOINT((-35.4758255,-27.6851855,0.));
#6104=IFCCARTESIANPOINT((-34.7857065,-28.5474615,0.));
#6105=IFCCARTESIANPOINT((-34.0746345,-29.3925415,0.));
#6106=IFCCARTESIANPOINT((-33.3430375,-30.2199165,0.));
#6107=IFCCARTESIANPOINT((-32.5913555,-31.0290885,0.));
#6108=IFCCARTESIANPOINT((-31.8200415,-31.8195685,0.));
#6109=IFCCARTESIANPOINT((-31.0295615,-32.5908825,0.));
#6110=IFCCARTESIANPOINT((-30.2203895,-33.3425645,0.));
#6111=IFCCARTESIANPOINT((-29.3930145,-34.0741615,0.));
#6112=IFCCARTESIANPOINT((-28.5479345,-34.7852335,0.));
#6113=IFCCARTESIANPOINT((-27.6856585,-35.4753525,0.));
#6114=IFCCARTESIANPOINT((-26.8067055,-36.1441025,0.));
#6115=IFCCARTESIANPOINT((-25.9116055,-36.7910805,0.));
#6116=IFCCARTESIANPOINT((-25.0008965,-37.4158965,0.));
#6117=IFCCARTESIANPOINT((-24.0751295,-38.0181735,0.));
#6118=IFCCARTESIANPOINT((-23.1348595,-38.5975505,0.));
#6119=IFCCARTESIANPOINT((-22.1806555,-39.1536785,0.));
#6120=IFCCARTESIANPOINT((-21.2130895,-39.6862205,0.));
#6121=IFCCARTESIANPOINT((-20.2327465,-40.1948575,0.));
#6122=IFCCARTESIANPOINT((-19.2402155,-40.6792815,0.));
#6123=IFCCARTESIANPOINT((-18.2360955,-41.1392025,0.));
#6124=IFCCARTESIANPOINT((-17.2209905,-41.5743425,0.));
#6125=IFCCARTESIANPOINT((-16.1955135,-41.9844395,0.));
#6126=IFCCARTESIANPOINT((-15.1602795,-42.3692465,0.));
#6127=IFCCARTESIANPOINT((-14.1159145,-42.7285315,0.));
#6128=IFCCARTESIANPOINT((-13.0630465,-43.0620785,0.));
#6129=IFCCARTESIANPOINT((-12.0023105,-43.3696865,0.));
#6130=IFCCARTESIANPOINT((-10.9343445,-43.6511695,0.));
#6131=IFCCARTESIANPOINT((-9.8597925,-43.9063595,0.));
#6132=IFCCARTESIANPOINT((-8.7793005,-44.1351015,0.));
#6133=IFCCARTESIANPOINT((-7.6935215,-44.3372575,0.));
#6134=IFCCARTESIANPOINT((-6.6031075,-44.5127065,0.));
#6135=IFCCARTESIANPOINT((-5.5087165,-44.6613425,0.));
#6136=IFCCARTESIANPOINT((-4.4110075,-44.7830765,0.));
#6137=IFCCARTESIANPOINT((-3.3106415,-44.8778345,0.));
#6138=IFCCARTESIANPOINT((-2.2082815,-44.9455595,0.));
#6139=IFCCARTESIANPOINT((-1.1045915,-44.9862105,0.));
#6140=IFCCARTESIANPOINT((-0.000236499999999751,-44.9997635,0.));
#6141=IFCCARTESIANPOINT((1.1041185,-44.9862105,0.));
#6142=IFCCARTESIANPOINT((2.2078085,-44.9455595,0.));
#6143=IFCCARTESIANPOINT((3.3101685,-44.8778345,0.));
#6144=IFCCARTESIANPOINT((4.4105345,-44.7830765,0.));
#6145=IFCCARTESIANPOINT((5.5082435,-44.6613425,0.));
#6146=IFCCARTESIANPOINT((6.6026345,-44.5127065,0.));
#6147=IFCCARTESIANPOINT((7.6930485,-44.3372575,0.));
#6148=IFCCARTESIANPOINT((8.7788275,-44.1351015,0.));
#6149=IFCCARTESIANPOINT((9.8593195,-43.9063595,0.));
#6150=IFCCARTESIANPOINT((10.9338715,-43.6511695,0.));
#6151=IFCCARTESIANPOINT((12.0018375,-43.3696865,0.));
#6152=IFCCARTESIANPOINT((13.0625735,-43.0620785,0.));
#6153=IFCCARTESIANPOINT((14.1154415,-42.7285315,0.));
#6154=IFCCARTESIANPOINT((15.1598065,-42.3692465,0.));
#6155=IFCCARTESIANPOINT((16.1950405,-41.9844395,0.));
#6156=IFCCARTESIANPOINT((17.2205175,-41.5743425,0.));
#6157=IFCCARTESIANPOINT((18.2356225,-41.1392025,0.));
#6158=IFCCARTESIANPOINT((19.2397425,-40.6792815,0.));
#6159=IFCCARTESIANPOINT((20.2322735,-40.1948575,0.));
#6160=IFCCARTESIANPOINT((21.2126165,-39.6862205,0.));
#6161=IFCCARTESIANPOINT((22.1801825,-39.1536785,0.));
#6162=IFCCARTESIANPOINT((23.1343865,-38.5975505,0.));
#6163=IFCCARTESIANPOINT((24.0746565,-38.0181735,0.));
#6164=IFCCARTESIANPOINT((25.0004235,-37.4158965,0.));
#6165=IFCCARTESIANPOINT((25.9111325,-36.7910805,0.));
#6166=IFCCARTESIANPOINT((26.8062325,-36.1441025,0.));
#6167=IFCCARTESIANPOINT((27.6851855,-35.4753525,0.));
#6168=IFCCARTESIANPOINT((28.5474615,-34.7852335,0.));
#6169=IFCCARTESIANPOINT((29.3925415,-34.0741615,0.));
#6170=IFCCARTESIANPOINT((30.2199165,-33.3425645,0.));
#6171=IFCCARTESIANPOINT((31.0290885,-32.5908825,0.));
#6172=IFCCARTESIANPOINT((31.8195685,-31.8195685,0.));
#6173=IFCCARTESIANPOINT((32.5908825,-31.0290885,0.));
#6174=IFCCARTESIANPOINT((33.3425645,-30.2199165,0.));
#6175=IFCCARTESIANPOINT((34.0741615,-29.3925415,0.));
#6176=IFCCARTESIANPOINT((34.7852335,-28.5474615,0.));
#6177=IFCCARTESIANPOINT((35.4753525,-27.6851855,0.));
#6178=IFCCARTESIANPOINT((36.1441025,-26.8062325,0.));
#6179=IFCCARTESIANPOINT((36.7910805,-25.9111325,0.));
#6180=IFCCARTESIANPOINT((37.4158965,-25.0004235,0.));
#6181=IFCCARTESIANPOINT((38.0181735,-24.0746565,0.));
#6182=IFCCARTESIANPOINT((38.5975505,-23.1343865,0.));
#6183=IFCCARTESIANPOINT((39.1536785,-22.1801825,0.));
#6184=IFCCARTESIANPOINT((39.6862205,-21.2126165,0.));
#6185=IFCCARTESIANPOINT((40.1948575,-20.2322735,0.));
#6186=IFCCARTESIANPOINT((40.6792815,-19.2397425,0.));
#6187=IFCCARTESIANPOINT((41.1392025,-18.2356225,0.));
#6188=IFCCARTESIANPOINT((41.5743425,-17.2205175,0.));
#6189=IFCCARTESIANPOINT((41.9844395,-16.1950405,0.));
#6190=IFCCARTESIANPOINT((42.3692465,-15.1598065,0.));
#6191=IFCCARTESIANPOINT((42.7285315,-14.1154415,0.));
#6192=IFCCARTESIANPOINT((43.0620785,-13.0625735,0.));
#6193=IFCCARTESIANPOINT((43.3696865,-12.0018375,0.));
#6194=IFCCARTESIANPOINT((43.6511695,-10.9338715,0.));
#6195=IFCCARTESIANPOINT((43.9063595,-9.8593195,0.));
#6196=IFCCARTESIANPOINT((44.1351015,-8.7788275,0.));
#6197=IFCCARTESIANPOINT((44.3372575,-7.6930485,0.));
#6198=IFCCARTESIANPOINT((44.5127065,-6.6026345,0.));
#6199=IFCCARTESIANPOINT((44.6613425,-5.5082435,0.));
#6200=IFCCARTESIANPOINT((44.7830765,-4.4105345,0.));
#6201=IFCCARTESIANPOINT((44.8778345,-3.3101685,0.));
#6202=IFCCARTESIANPOINT((44.9455595,-2.2078085,0.));
#6203=IFCCARTESIANPOINT((44.9862105,-1.1041185,0.));
#6204=IFCCARTESIANPOINT((44.9997635,0.000236499999999751,0.));
#6205=IFCSHAPEREPRESENTATION(#6206,'Body','GeometricCurveSet',(#6207));
#6206=IFCGEOMETRICREPRESENTATIONSUBCONTEXT('Body','Model',*,*,*,*,#2,$,.ELEVATION_VIEW.,$);
#6207=IFCGEOMETRICCURVESET((#6208,#6978,#7748,#7751));
#6208=IFCPOLYLINE((#6209,#6210,#6211,#6212,#6213,#6214,#6215,#6216,#6217,#6218,#6219,#6220,#6221,#6222,#6223,#6224,#6225,#6226,#6227,#6228,#6229,#6230,#6231,#6232,#6233,#6234,#6235,#6236,#6237,#6238,#6239,#6240,#6241,#6242,#6243,#6244,#6245,#6246,#6247,#6248,#6249,#6250,#6251,#6252,#6253,#6254,#6255,#6256,#6257,#6258,#6259,#6260,#6261,#6262,#6263,#6264,#6265,#6266,#6267,#6268,#6269,#6270,#6271,#6272,#6273,#6274,#6275,#6276,#6277,#6278,#6279,#6280,#6281,#6282,#6283,#6284,#6285,#6286,#6287,#6288,#6289,#6290,#6291,#6292,#6293,#6294,#6295,#6296,#6297,#6298,#6299,#6300,#6301,#6302,#6303,#6304,#6305,#6306,#6307,#6308,#6309,#6310,#6311,#6312,#6313,#6314,#6315,#6316,#6317,#6318,#6319,#6320,#6321,#6322,#6323,#6324,#6325,#6326,#6327,#6328,#6329,#6330,#6331,#6332,#6333,#6334,#6335,#6336,#6337,#6338,#6339,#6340,#6341,#6342,#6343,#6344,#6345,#6346,#6347,#6348,#6349,#6350,#6351,#6352,#6353,#6354,#6355,#6356,#6357,#6358,#6359,#6360,#6361,#6362,#6363,#6364,#6365,#6366,#6367,#6368,#6369,#6370,#6371,#6372,#6373,#6374,#6375,#6376,#6377,#6378,#6379,#6380,#6381,#6382,#6383,#6384,#6385,#6386,#6387,#6388,#6389,#6390,#6391,#6392,#6393,#6394,#6395,#6396,#6397,#6398,#6399,#6400,#6401,#6402,#6403,#6404,#6405,#6406,#6407,#6408,#6409,#6410,#6411,#6412,#6413,#6414,#6415,#6416,#6417,#6418,#6419,#6420,#6421,#6422,#6423,#6424,#6425,#6426,#6427,#6428,#6429,#6430,#6431,#6432,#6433,#6434,#6435,#6436,#6437,#6438,#6439,#6440,#6441,#6442,#6443,#6444,#6445,#6446,#6447,#6448,#6449,#6450,#6451,#6452,#6453,#6454,#6455,#6456,#6457,#6458,#6459,#6460,#6461,#6462,#6463,#6464,#6465,#6466,#6467,#6468,#6469,#6470,#6471,#6472,#6473,#6474,#6475,#6476,#6477,#6478,#6479,#6480,#6481,#6482,#6483,#6484,#6485,#6486,#6487,#6488,#6489,#6490,#6491,#6492,#6493,#6494,#6495,#6496,#6497,#6498,#6499,#6500,#6501,#6502,#6503,#6504,#6505,#6506,#6507,#6508,#6509,#6510,#6511,#6512,#6513,#6514,#6515,#6516,#6517,#6518,#6519,#6520,#6521,#6522,#6523,#6524,#6525,#6526,#6527,#6528,#6529,#6530,#6531,#6532,#6533,#6534,#6535,#6536,#6537,#6538,#6539,#6540,#6541,#6542,#6543,#6544,#6545,#6546,#6547,#6548,#6549,#6550,#6551,#6552,#6553,#6554,#6555,#6556,#6557,#6558,#6559,#6560,#6561,#6562,#6563,#6564,#6565,#6566,#6567,#6568,#6569,#6570,#6571,#6572,#6573,#6574,#6575,#6576,#6577,#6578,#6579,#6580,#6581,#6582,#6583,#6584,#6585,#6586,#6587,#6588,#6589,#6590,#6591,#6592,#6593,#6594,#6595,#6596,#6597,#6598,#6599,#6600,#6601,#6602,#6603,#6604,#6605,#6606,#6607,#6608,#6609,#6610,#6611,#6612,#6613,#6614,#6615,#6616,#6617,#6618,#6619,#6620,#6621,#6622,#6623,#6624,#6625,#6626,#6627,#6628,#6629,#6630,#6631,#6632,#6633,#6634,#6635,#6636,#6637,#6638,#6639,#6640,#6641,#6642,#6643,#6644,#6645,#6646,#6647,#6648,#6649,#6650,#6651,#6652,#6653,#6654,#6655,#6656,#6657,#6658,#6659,#6660,#6661,#6662,#6663,#6664,#6665,#6666,#6667,#6668,#6669,#6670,#6671,#6672,#6673,#6674,#6675,#6676,#6677,#6678,#6679,#6680,#6681,#6682,#6683,#6684,#6685,#6686,#6687,#6688,#6689,#6690,#6691,#6692,#6693,#6694,#6695,#6696,#6697,#6698,#6699,#6700,#6701,#6702,#6703,#6704,#6705,#6706,#6707,#6708,#6709,#6710,#6711,#6712,#6713,#6714,#6715,#6716,#6717,#6718,#6719,#6720,#6721,#6722,#6723,#6724,#6725,#6726,#6727,#6728,#6729,#6730,#6731,#6732,#6733,#6734,#6735,#6736,#6737,#6738,#6739,#6740,#6741,#6742,#6743,#6744,#6745,#6746,#6747,#6748,#6749,#6750,#6751,#6752,#6753,#6754,#6755,#6756,#6757,#6758,#6759,#6760,#6761,#6762,#6763,#6764,#6765,#6766,#6767,#6768,#6769,#6770,#6771,#6772,#6773,#6774,#6775,#6776,#6777,#6778,#6779,#6780,#6781,#6782,#6783,#6784,#6785,#6786,#6787,#6788,#6789,#6790,#6791,#6792,#6793,#6794,#6795,#6796,#6797,#6798,#6799,#6800,#6801,#6802,#6803,#6804,#6805,#6806,#6807,#6808,#6809,#6810,#6811,#6812,#6813,#6814,#6815,#6816,#6817,#6818,#6819,#6820,#6821,#6822,#6823,#6824,#6825,#6826,#6827,#6828,#6829,#6830,#6831,#6832,#6833,#6834,#6835,#6836,#6837,#6838,#6839,#6840,#6841,#6842,#6843,#6844,#6845,#6846,#6847,#6848,#6849,#6850,#6851,#6852,#6853,#6854,#6855,#6856,#6857,#6858,#6859,#6860,#6861,#6862,#6863,#6864,#6865,#6866,#6867,#6868,#6869,#6870,#6871,#6872,#6873,#6874,#6875,#6876,#6877,#6878,#6879,#6880,#6881,#6882,#6883,#6884,#6885,#6886,#6887,#6888,#6889,#6890,#6891,#6892,#6893,#6894,#6895,#6896,#6897,#6898,#6899,#6900,#6901,#6902,#6903,#6904,#6905,#6906,#6907,#6908,#6909,#6910,#6911,#6912,#6913,#6914,#6915,#6916,#6917,#6918,#6919,#6920,#6921,#6922,#6923,#6924,#6925,#6926,#6927,#6928,#6929,#6930,#6931,#6932,#6933,#6934,#6935,#6936,#6937,#6938,#6939,#6940,#6941,#6942,#6943,#6944,#6945,#6946,#6947,#6948,#6949,#6950,#6951,#6952,#6953,#6954,#6955,#6956,#6957,#6958,#6959,#6960,#6961,#6962,#6963,#6964,#6965,#6966,#6967,#6968,#6969,#6970,#6971,#6972,#6973,#6974,#6975,#6976,#6977));
#6209=IFCCARTESIANPOINT((-249.8837925,0.,890.750665));
#6210=IFCCARTESIANPOINT((-250.3912155,0.,889.499404));
#6211=IFCCARTESIANPOINT((-250.8970685,0.,888.247522));
#6212=IFCCARTESIANPOINT((-251.3997805,0.,886.994402));
#6213=IFCCARTESIANPOINT((-251.8977795,0.,885.739421));
#6214=IFCCARTESIANPOINT((-252.3894955,0.,884.481962));
#6215=IFCCARTESIANPOINT((-252.8733675,0.,883.221409));
#6216=IFCCARTESIANPOINT((-253.3482255,0.,881.957353));
#6217=IFCCARTESIANPOINT((-253.8134505,0.,880.689671));
#6218=IFCCARTESIANPOINT((-254.2684625,0.,879.418264));
#6219=IFCCARTESIANPOINT((-254.7126805,0.,878.143029));
#6220=IFCCARTESIANPOINT((-255.1455265,0.,876.863867));
#6221=IFCCARTESIANPOINT((-255.5664185,0.,875.580676));
#6222=IFCCARTESIANPOINT((-255.9747625,0.,874.293356));
#6223=IFCCARTESIANPOINT((-256.3697205,0.,873.001807));
#6224=IFCCARTESIANPOINT((-256.7502595,0.,871.705932));
#6225=IFCCARTESIANPOINT((-257.1153415,0.,870.405635));
#6226=IFCCARTESIANPOINT((-257.4639295,0.,869.100818));
#6227=IFCCARTESIANPOINT((-257.7949855,0.,867.791384));
#6228=IFCCARTESIANPOINT((-258.1074725,0.,866.477235));
#6229=IFCCARTESIANPOINT((-258.4003425,0.,865.158302));
#6230=IFCCARTESIANPOINT((-258.6724865,0.,863.834753));
#6231=IFCCARTESIANPOINT((-258.9227555,0.,862.506876));
#6232=IFCCARTESIANPOINT((-259.1500055,0.,861.174957));
#6233=IFCCARTESIANPOINT((-259.3530885,0.,859.839286));
#6234=IFCCARTESIANPOINT((-259.5308595,0.,858.500151));
#6235=IFCCARTESIANPOINT((-259.6821715,0.,857.15784));
#6236=IFCCARTESIANPOINT((-259.8058675,0.,855.812687));
#6237=IFCCARTESIANPOINT((-259.9007405,0.,854.465231));
#6238=IFCCARTESIANPOINT((-259.9655695,0.,853.116067));
#6239=IFCCARTESIANPOINT((-259.9991355,0.,851.765791));
#6240=IFCCARTESIANPOINT((-260.0002365,0.,850.415019));
#6241=IFCCARTESIANPOINT((-259.9678535,0.,849.064554));
#6242=IFCCARTESIANPOINT((-259.9010685,0.,847.715311));
#6243=IFCCARTESIANPOINT((-259.7989675,0.,846.368201));
#6244=IFCCARTESIANPOINT((-259.6605955,0.,845.024154));
#6245=IFCCARTESIANPOINT((-259.4840425,0.,843.684499));
#6246=IFCCARTESIANPOINT((-259.2663785,0.,842.350986));
#6247=IFCCARTESIANPOINT((-259.0046245,0.,841.02539));
#6248=IFCCARTESIANPOINT((-258.6958025,0.,839.709486));
#6249=IFCCARTESIANPOINT((-258.3370865,0.,838.405621));
#6250=IFCCARTESIANPOINT((-257.9259625,0.,837.117348));
#6251=IFCCARTESIANPOINT((-257.4599615,0.,835.848373));
#6252=IFCCARTESIANPOINT((-256.9366125,0.,834.602403));
#6253=IFCCARTESIANPOINT((-256.3543265,0.,833.382803));
#6254=IFCCARTESIANPOINT((-255.7153145,0.,832.191479));
#6255=IFCCARTESIANPOINT((-255.0228005,0.,831.029942));
#6256=IFCCARTESIANPOINT((-254.2800125,0.,829.899705));
#6257=IFCCARTESIANPOINT((-253.4901145,0.,828.802238));
#6258=IFCCARTESIANPOINT((-252.6557035,0.,827.738622));
#6259=IFCCARTESIANPOINT((-251.7790625,0.,826.709724));
#6260=IFCCARTESIANPOINT((-250.8624705,0.,825.716408));
#6261=IFCCARTESIANPOINT((-249.9082085,0.,824.759536));
#6262=IFCCARTESIANPOINT((-248.9186435,0.,823.839577));
#6263=IFCCARTESIANPOINT((-247.8963265,0.,822.956139));
#6264=IFCCARTESIANPOINT((-246.8438365,0.,822.108719));
#6265=IFCCARTESIANPOINT((-245.7637495,0.,821.296814));
#6266=IFCCARTESIANPOINT((-244.6586005,0.,820.519895));
#6267=IFCCARTESIANPOINT((-243.5304925,0.,819.777147));
#6268=IFCCARTESIANPOINT((-242.3812705,0.,819.06759));
#6269=IFCCARTESIANPOINT((-241.2127765,0.,818.390238));
#6270=IFCCARTESIANPOINT((-240.0268505,0.,817.744109));
#6271=IFCCARTESIANPOINT((-238.8251855,0.,817.128184));
#6272=IFCCARTESIANPOINT((-237.6091115,0.,816.541367));
#6273=IFCCARTESIANPOINT((-236.3799065,0.,815.982547));
#6274=IFCCARTESIANPOINT((-235.1388505,0.,815.450616));
#6275=IFCCARTESIANPOINT((-233.8872035,0.,814.944453));
#6276=IFCCARTESIANPOINT((-232.6260295,0.,814.462813));
#6277=IFCCARTESIANPOINT((-231.3562565,0.,814.004371));
#6278=IFCCARTESIANPOINT((-230.0788115,0.,813.567798));
#6279=IFCCARTESIANPOINT((-228.7946235,0.,813.151766));
#6280=IFCCARTESIANPOINT((-227.5045805,0.,812.754731));
#6281=IFCCARTESIANPOINT((-226.2094775,0.,812.374611));
#6282=IFCCARTESIANPOINT((-224.9100955,0.,812.009244));
#6283=IFCCARTESIANPOINT((-223.6072135,0.,811.656465));
#6284=IFCCARTESIANPOINT((-222.3015835,0.,811.314191));
#6285=IFCCARTESIANPOINT((-220.9936015,0.,810.981253));
#6286=IFCCARTESIANPOINT((-219.6834355,0.,810.65709));
#6287=IFCCARTESIANPOINT((-218.3712485,0.,810.341146));
#6288=IFCCARTESIANPOINT((-217.0572015,0.,810.032868));
#6289=IFCCARTESIANPOINT((-215.7414605,0.,809.731702));
#6290=IFCCARTESIANPOINT((-214.4241855,0.,809.437095));
#6291=IFCCARTESIANPOINT((-213.1055405,0.,809.148493));
#6292=IFCCARTESIANPOINT((-211.7856885,0.,808.865342));
#6293=IFCCARTESIANPOINT((-210.4647925,0.,808.587088));
#6294=IFCCARTESIANPOINT((-209.1430155,0.,808.313178));
#6295=IFCCARTESIANPOINT((-207.8204895,0.,808.043164));
#6296=IFCCARTESIANPOINT((-206.4972435,0.,807.776957));
#6297=IFCCARTESIANPOINT((-205.1732845,0.,807.514547));
#6298=IFCCARTESIANPOINT((-203.8486195,0.,807.255924));
#6299=IFCCARTESIANPOINT((-202.5232545,0.,807.001076));
#6300=IFCCARTESIANPOINT((-201.1971975,0.,806.749992));
#6301=IFCCARTESIANPOINT((-199.8704555,0.,806.502661));
#6302=IFCCARTESIANPOINT((-198.5430345,0.,806.259073));
#6303=IFCCARTESIANPOINT((-197.2149415,0.,806.019217));
#6304=IFCCARTESIANPOINT((-195.8861835,0.,805.783081));
#6305=IFCCARTESIANPOINT((-194.5567685,0.,805.550653));
#6306=IFCCARTESIANPOINT((-193.2267145,0.,805.321858));
#6307=IFCCARTESIANPOINT((-191.8960545,0.,805.096551));
#6308=IFCCARTESIANPOINT((-190.5648205,0.,804.874586));
#6309=IFCCARTESIANPOINT((-189.2330475,0.,804.655813));
#6310=IFCCARTESIANPOINT((-187.9007665,0.,804.440085));
#6311=IFCCARTESIANPOINT((-186.5680105,0.,804.227256));
#6312=IFCCARTESIANPOINT((-185.2348145,0.,804.017176));
#6313=IFCCARTESIANPOINT((-183.9012095,0.,803.809698));
#6314=IFCCARTESIANPOINT((-182.5672295,0.,803.604674));
#6315=IFCCARTESIANPOINT((-181.2329065,0.,803.401957));
#6316=IFCCARTESIANPOINT((-179.8982725,0.,803.201393));
#6317=IFCCARTESIANPOINT((-178.5633525,0.,803.002816));
#6318=IFCCARTESIANPOINT((-177.2281715,0.,802.806058));
#6319=IFCCARTESIANPOINT((-175.8927525,0.,802.610948));
#6320=IFCCARTESIANPOINT((-174.5571215,0.,802.417319));
#6321=IFCCARTESIANPOINT((-173.2213015,0.,802.225001));
#6322=IFCCARTESIANPOINT((-171.8853185,0.,802.033826));
#6323=IFCCARTESIANPOINT((-170.5491975,0.,801.843624));
#6324=IFCCARTESIANPOINT((-169.2129605,0.,801.654227));
#6325=IFCCARTESIANPOINT((-167.8766345,0.,801.465466));
#6326=IFCCARTESIANPOINT((-166.5402415,0.,801.277171));
#6327=IFCCARTESIANPOINT((-165.2038095,0.,801.089167));
#6328=IFCCARTESIANPOINT((-163.8673605,0.,800.901278));
#6329=IFCCARTESIANPOINT((-162.5309205,0.,800.713326));
#6330=IFCCARTESIANPOINT((-161.1945145,0.,800.525135));
#6331=IFCCARTESIANPOINT((-159.8581675,0.,800.336528));
#6332=IFCCARTESIANPOINT((-158.5219035,0.,800.147328));
#6333=IFCCARTESIANPOINT((-157.1857485,0.,799.957358));
#6334=IFCCARTESIANPOINT((-155.8497265,0.,799.76644));
#6335=IFCCARTESIANPOINT((-154.5138625,0.,799.574399));
#6336=IFCCARTESIANPOINT((-153.1781815,0.,799.381057));
#6337=IFCCARTESIANPOINT((-151.8427105,0.,799.186241));
#6338=IFCCARTESIANPOINT((-150.5074785,0.,798.989785));
#6339=IFCCARTESIANPOINT((-149.1725125,0.,798.791518));
#6340=IFCCARTESIANPOINT((-147.8378425,0.,798.591274));
#6341=IFCCARTESIANPOINT((-146.5034975,0.,798.388884));
#6342=IFCCARTESIANPOINT((-145.1695045,0.,798.184181));
#6343=IFCCARTESIANPOINT((-143.8358935,0.,797.976996));
#6344=IFCCARTESIANPOINT((-142.5026925,0.,797.76716));
#6345=IFCCARTESIANPOINT((-141.1699295,0.,797.554507));
#6346=IFCCARTESIANPOINT((-139.8376355,0.,797.338868));
#6347=IFCCARTESIANPOINT((-138.5058415,0.,797.120067));
#6348=IFCCARTESIANPOINT((-137.1745935,0.,796.897914));
#6349=IFCCARTESIANPOINT((-135.8439395,0.,796.672215));
#6350=IFCCARTESIANPOINT((-134.5139255,0.,796.442775));
#6351=IFCCARTESIANPOINT((-133.1845995,0.,796.209402));
#6352=IFCCARTESIANPOINT((-131.8560085,0.,795.9719));
#6353=IFCCARTESIANPOINT((-130.5281985,0.,795.730077));
#6354=IFCCARTESIANPOINT((-129.2012175,0.,795.483738));
#6355=IFCCARTESIANPOINT((-127.8751115,0.,795.23269));
#6356=IFCCARTESIANPOINT((-126.5499285,0.,794.976738));
#6357=IFCCARTESIANPOINT((-125.2257205,0.,794.715682));
#6358=IFCCARTESIANPOINT((-123.9025605,0.,794.449279));
#6359=IFCCARTESIANPOINT((-122.5805335,0.,794.17727));
#6360=IFCCARTESIANPOINT((-121.2597245,0.,793.899395));
#6361=IFCCARTESIANPOINT((-119.9402165,0.,793.615395));
#6362=IFCCARTESIANPOINT((-118.6220955,0.,793.32501));
#6363=IFCCARTESIANPOINT((-117.3054435,0.,793.027982));
#6364=IFCCARTESIANPOINT((-115.9903465,0.,792.724052));
#6365=IFCCARTESIANPOINT((-114.6768885,0.,792.412959));
#6366=IFCCARTESIANPOINT((-113.3651525,0.,792.094445));
#6367=IFCCARTESIANPOINT((-112.0552265,0.,791.768251));
#6368=IFCCARTESIANPOINT((-110.7472305,0.,791.434121));
#6369=IFCCARTESIANPOINT((-109.4413175,0.,791.091801));
#6370=IFCCARTESIANPOINT((-108.1376405,0.,790.741041));
#6371=IFCCARTESIANPOINT((-106.8363535,0.,790.381586));
#6372=IFCCARTESIANPOINT((-105.5376115,0.,790.013185));
#6373=IFCCARTESIANPOINT((-104.2415665,0.,789.635584));
#6374=IFCCARTESIANPOINT((-102.9483725,0.,789.248531));
#6375=IFCCARTESIANPOINT((-101.6581835,0.,788.851773));
#6376=IFCCARTESIANPOINT((-100.3711535,0.,788.445058));
#6377=IFCCARTESIANPOINT((-99.0874355,0.,788.028133));
#6378=IFCCARTESIANPOINT((-97.8071475,0.,787.600856));
#6379=IFCCARTESIANPOINT((-96.5303315,0.,787.163318));
#6380=IFCCARTESIANPOINT((-95.2570185,0.,786.71564));
#6381=IFCCARTESIANPOINT((-93.9872405,0.,786.257944));
#6382=IFCCARTESIANPOINT((-92.7210745,0.,785.790241));
#6383=IFCCARTESIANPOINT((-91.4591085,0.,785.31132));
#6384=IFCCARTESIANPOINT((-90.2022455,0.,784.819208));
#6385=IFCCARTESIANPOINT((-88.9513945,0.,784.311919));
#6386=IFCCARTESIANPOINT((-87.7074665,0.,783.787469));
#6387=IFCCARTESIANPOINT((-86.4717385,0.,783.243426));
#6388=IFCCARTESIANPOINT((-85.2465015,0.,782.676142));
#6389=IFCCARTESIANPOINT((-84.0342165,0.,782.081763));
#6390=IFCCARTESIANPOINT((-82.8373445,0.,781.456433));
#6391=IFCCARTESIANPOINT((-81.6584055,0.,780.796342));
#6392=IFCCARTESIANPOINT((-80.5008445,0.,780.098374));
#6393=IFCCARTESIANPOINT((-79.3688415,0.,779.359963));
#6394=IFCCARTESIANPOINT((-78.2665935,0.,778.57856));
#6395=IFCCARTESIANPOINT((-77.1983005,0.,777.751616));
#6396=IFCCARTESIANPOINT((-76.1675825,0.,776.877627));
#6397=IFCCARTESIANPOINT((-75.1761945,0.,775.958474));
#6398=IFCCARTESIANPOINT((-74.2255145,0.,774.996715));
#6399=IFCCARTESIANPOINT((-73.3169225,0.,773.99491));
#6400=IFCCARTESIANPOINT((-72.4517845,0.,772.955609));
#6401=IFCCARTESIANPOINT((-71.6311625,0.,771.881156));
#6402=IFCCARTESIANPOINT((-70.8558135,0.,770.773687));
#6403=IFCCARTESIANPOINT((-70.1264835,0.,769.635329));
#6404=IFCCARTESIANPOINT((-69.4439145,0.,768.468208));
#6405=IFCCARTESIANPOINT((-68.8090005,0.,767.274392));
#6406=IFCCARTESIANPOINT((-68.2235295,0.,766.055586));
#6407=IFCCARTESIANPOINT((-67.6896255,0.,764.813357));
#6408=IFCCARTESIANPOINT((-67.2094135,0.,763.549275));
#6409=IFCCARTESIANPOINT((-66.7850145,0.,762.264911));
#6410=IFCCARTESIANPOINT((-66.4183345,0.,760.962317));
#6411=IFCCARTESIANPOINT((-66.1108455,0.,759.644494));
#6412=IFCCARTESIANPOINT((-65.8639675,0.,758.314556));
#6413=IFCCARTESIANPOINT((-65.6791225,0.,756.975616));
#6414=IFCCARTESIANPOINT((-65.5571665,0.,755.630696));
#6415=IFCCARTESIANPOINT((-65.4930115,0.,754.281855));
#6416=IFCCARTESIANPOINT((-65.4779955,0.,752.930576));
#6417=IFCCARTESIANPOINT((-65.5034095,0.,751.578331));
#6418=IFCCARTESIANPOINT((-65.5605465,0.,750.226593));
#6419=IFCCARTESIANPOINT((-65.6408085,0.,748.876783));
#6420=IFCCARTESIANPOINT((-65.7378045,0.,747.529265));
#6421=IFCCARTESIANPOINT((-65.8471395,0.,746.18345));
#6422=IFCCARTESIANPOINT((-65.9644905,0.,744.838713));
#6423=IFCCARTESIANPOINT((-66.0855345,0.,743.494432));
#6424=IFCCARTESIANPOINT((-66.2059845,0.,742.149986));
#6425=IFCCARTESIANPOINT((-66.3234735,0.,740.805044));
#6426=IFCCARTESIANPOINT((-66.4385075,0.,739.459703));
#6427=IFCCARTESIANPOINT((-66.5518265,0.,738.114096));
#6428=IFCCARTESIANPOINT((-66.6641725,0.,736.768355));
#6429=IFCCARTESIANPOINT((-66.7762835,0.,735.422611));
#6430=IFCCARTESIANPOINT((-66.8886615,0.,734.076954));
#6431=IFCCARTESIANPOINT((-67.0012065,0.,732.731367));
#6432=IFCCARTESIANPOINT((-67.1137275,0.,731.385814));
#6433=IFCCARTESIANPOINT((-67.2260315,0.,730.04026));
#6434=IFCCARTESIANPOINT((-67.3379275,0.,728.694671));
#6435=IFCCARTESIANPOINT((-67.4492615,0.,727.349019));
#6436=IFCCARTESIANPOINT((-67.5600455,0.,726.003306));
#6437=IFCCARTESIANPOINT((-67.6703395,0.,724.657541));
#6438=IFCCARTESIANPOINT((-67.7801995,0.,723.311736));
#6439=IFCCARTESIANPOINT((-67.8896855,0.,721.965899));
#6440=IFCCARTESIANPOINT((-67.9988485,0.,720.62004));
#6441=IFCCARTESIANPOINT((-68.1076995,0.,719.27416));
#6442=IFCCARTESIANPOINT((-68.2162315,0.,717.928257));
#6443=IFCCARTESIANPOINT((-68.3244355,0.,716.58233));
#6444=IFCCARTESIANPOINT((-68.4323055,0.,715.236377));
#6445=IFCCARTESIANPOINT((-68.5398325,0.,713.890395));
#6446=IFCCARTESIANPOINT((-68.6470175,0.,712.544385));
#6447=IFCCARTESIANPOINT((-68.7538655,0.,711.198346));
#6448=IFCCARTESIANPOINT((-68.8603815,0.,709.852281));
#6449=IFCCARTESIANPOINT((-68.9665715,0.,708.50619));
#6450=IFCCARTESIANPOINT((-69.0724405,0.,707.160074));
#6451=IFCCARTESIANPOINT((-69.1779945,0.,705.813934));
#6452=IFCCARTESIANPOINT((-69.2832395,0.,704.46777));
#6453=IFCCARTESIANPOINT((-69.3881815,0.,703.121582));
#6454=IFCCARTESIANPOINT((-69.4928275,0.,701.775372));
#6455=IFCCARTESIANPOINT((-69.5971845,0.,700.429139));
#6456=IFCCARTESIANPOINT((-69.7012565,0.,699.082885));
#6457=IFCCARTESIANPOINT((-69.8050515,0.,697.736609));
#6458=IFCCARTESIANPOINT((-69.9085755,0.,696.390312));
#6459=IFCCARTESIANPOINT((-70.0118345,0.,695.043995));
#6460=IFCCARTESIANPOINT((-70.1148345,0.,693.697658));
#6461=IFCCARTESIANPOINT((-70.2175825,0.,692.351302));
#6462=IFCCARTESIANPOINT((-70.3200835,0.,691.004927));
#6463=IFCCARTESIANPOINT((-70.4223455,0.,689.658533));
#6464=IFCCARTESIANPOINT((-70.5243735,0.,688.312122));
#6465=IFCCARTESIANPOINT((-70.6261745,0.,686.965693));
#6466=IFCCARTESIANPOINT((-70.7277535,0.,685.619247));
#6467=IFCCARTESIANPOINT((-70.8291185,0.,684.272784));
#6468=IFCCARTESIANPOINT((-70.9302755,0.,682.926306));
#6469=IFCCARTESIANPOINT((-71.0312295,0.,681.579812));
#6470=IFCCARTESIANPOINT((-71.1319875,0.,680.233303));
#6471=IFCCARTESIANPOINT((-71.2325555,0.,678.886779));
#6472=IFCCARTESIANPOINT((-71.3329405,0.,677.540242));
#6473=IFCCARTESIANPOINT((-71.4331475,0.,676.193691));
#6474=IFCCARTESIANPOINT((-71.5331845,0.,674.847127));
#6475=IFCCARTESIANPOINT((-71.6330555,0.,673.500551));
#6476=IFCCARTESIANPOINT((-71.7327695,0.,672.153962));
#6477=IFCCARTESIANPOINT((-71.8323305,0.,670.807362));
#6478=IFCCARTESIANPOINT((-71.9317455,0.,669.460751));
#6479=IFCCARTESIANPOINT((-72.0310215,0.,668.114129));
#6480=IFCCARTESIANPOINT((-72.1301645,0.,666.767497));
#6481=IFCCARTESIANPOINT((-72.2291795,0.,665.420855));
#6482=IFCCARTESIANPOINT((-72.3280735,0.,664.074205));
#6483=IFCCARTESIANPOINT((-72.4268535,0.,662.727545));
#6484=IFCCARTESIANPOINT((-72.5255255,0.,661.380878));
#6485=IFCCARTESIANPOINT((-72.6240945,0.,660.034203));
#6486=IFCCARTESIANPOINT((-72.7225685,0.,658.68752));
#6487=IFCCARTESIANPOINT((-72.8209525,0.,657.340831));
#6488=IFCCARTESIANPOINT((-72.9192535,0.,655.994136));
#6489=IFCCARTESIANPOINT((-73.0174785,0.,654.647435));
#6490=IFCCARTESIANPOINT((-73.1156315,0.,653.300729));
#6491=IFCCARTESIANPOINT((-73.2137205,0.,651.954019));
#6492=IFCCARTESIANPOINT((-73.3117515,0.,650.607304));
#6493=IFCCARTESIANPOINT((-73.4097305,0.,649.260585));
#6494=IFCCARTESIANPOINT((-73.5076635,0.,647.913863));
#6495=IFCCARTESIANPOINT((-73.6055575,0.,646.567138));
#6496=IFCCARTESIANPOINT((-73.7034175,0.,645.220411));
#6497=IFCCARTESIANPOINT((-73.8012515,0.,643.873683));
#6498=IFCCARTESIANPOINT((-73.8990655,0.,642.526952));
#6499=IFCCARTESIANPOINT((-73.9968625,0.,641.180221));
#6500=IFCCARTESIANPOINT((-74.0946485,0.,639.83349));
#6501=IFCCARTESIANPOINT((-74.1924235,0.,638.486758));
#6502=IFCCARTESIANPOINT((-74.2901925,0.,637.140025));
#6503=IFCCARTESIANPOINT((-74.3879585,0.,635.793293));
#6504=IFCCARTESIANPOINT((-74.4857225,0.,634.44656));
#6505=IFCCARTESIANPOINT((-74.5834895,0.,633.099829));
#6506=IFCCARTESIANPOINT((-74.6812615,0.,631.753097));
#6507=IFCCARTESIANPOINT((-74.7790405,0.,630.406367));
#6508=IFCCARTESIANPOINT((-74.8768315,0.,629.059637));
#6509=IFCCARTESIANPOINT((-74.9746355,0.,627.712909));
#6510=IFCCARTESIANPOINT((-75.0724575,0.,626.366182));
#6511=IFCCARTESIANPOINT((-75.1702985,0.,625.019457));
#6512=IFCCARTESIANPOINT((-75.2681615,0.,623.672733));
#6513=IFCCARTESIANPOINT((-75.3660505,0.,622.326012));
#6514=IFCCARTESIANPOINT((-75.4639685,0.,620.979293));
#6515=IFCCARTESIANPOINT((-75.5619175,0.,619.632576));
#6516=IFCCARTESIANPOINT((-75.6599005,0.,618.285862));
#6517=IFCCARTESIANPOINT((-75.7579205,0.,616.939151));
#6518=IFCCARTESIANPOINT((-75.8559815,0.,615.592443));
#6519=IFCCARTESIANPOINT((-75.9540855,0.,614.245739));
#6520=IFCCARTESIANPOINT((-76.0522345,0.,612.899038));
#6521=IFCCARTESIANPOINT((-76.1504335,0.,611.552341));
#6522=IFCCARTESIANPOINT((-76.2486845,0.,610.205647));
#6523=IFCCARTESIANPOINT((-76.3469895,0.,608.858958));
#6524=IFCCARTESIANPOINT((-76.4453525,0.,607.512273));
#6525=IFCCARTESIANPOINT((-76.5437765,0.,606.165593));
#6526=IFCCARTESIANPOINT((-76.6422635,0.,604.818918));
#6527=IFCCARTESIANPOINT((-76.7408175,0.,603.472248));
#6528=IFCCARTESIANPOINT((-76.8394405,0.,602.125583));
#6529=IFCCARTESIANPOINT((-76.9381355,0.,600.778923));
#6530=IFCCARTESIANPOINT((-77.0369065,0.,599.432269));
#6531=IFCCARTESIANPOINT((-77.1357555,0.,598.085621));
#6532=IFCCARTESIANPOINT((-77.2346855,0.,596.738979));
#6533=IFCCARTESIANPOINT((-77.3336995,0.,595.392343));
#6534=IFCCARTESIANPOINT((-77.4328005,0.,594.045714));
#6535=IFCCARTESIANPOINT((-77.5319915,0.,592.699091));
#6536=IFCCARTESIANPOINT((-77.6312755,0.,591.352475));
#6537=IFCCARTESIANPOINT((-77.7306545,0.,590.005867));
#6538=IFCCARTESIANPOINT((-77.8301325,0.,588.659266));
#6539=IFCCARTESIANPOINT((-77.9297125,0.,587.312672));
#6540=IFCCARTESIANPOINT((-78.0293965,0.,585.966086));
#6541=IFCCARTESIANPOINT((-78.1291885,0.,584.619508));
#6542=IFCCARTESIANPOINT((-78.2290905,0.,583.272939));
#6543=IFCCARTESIANPOINT((-78.3291055,0.,581.926377));
#6544=IFCCARTESIANPOINT((-78.4292375,0.,580.579825));
#6545=IFCCARTESIANPOINT((-78.5294875,0.,579.233281));
#6546=IFCCARTESIANPOINT((-78.6298605,0.,577.886746));
#6547=IFCCARTESIANPOINT((-78.7303565,0.,576.54022));
#6548=IFCCARTESIANPOINT((-78.8309745,0.,575.193703));
#6549=IFCCARTESIANPOINT((-78.9317105,0.,573.847195));
#6550=IFCCARTESIANPOINT((-79.0325645,0.,572.500696));
#6551=IFCCARTESIANPOINT((-79.1335325,0.,571.154205));
#6552=IFCCARTESIANPOINT((-79.2346135,0.,569.807723));
#6553=IFCCARTESIANPOINT((-79.3358055,0.,568.461249));
#6554=IFCCARTESIANPOINT((-79.4371055,0.,567.114782));
#6555=IFCCARTESIANPOINT((-79.5385115,0.,565.768324));
#6556=IFCCARTESIANPOINT((-79.6400215,0.,564.421873));
#6557=IFCCARTESIANPOINT((-79.7416325,0.,563.07543));
#6558=IFCCARTESIANPOINT((-79.8433445,0.,561.728995));
#6559=IFCCARTESIANPOINT((-79.9451535,0.,560.382566));
#6560=IFCCARTESIANPOINT((-80.0470575,0.,559.036145));
#6561=IFCCARTESIANPOINT((-80.1490545,0.,557.689731));
#6562=IFCCARTESIANPOINT((-80.2511425,0.,556.343323));
#6563=IFCCARTESIANPOINT((-80.3533195,0.,554.996922));
#6564=IFCCARTESIANPOINT((-80.4555835,0.,553.650527));
#6565=IFCCARTESIANPOINT((-80.5579315,0.,552.304139));
#6566=IFCCARTESIANPOINT((-80.6603615,0.,550.957757));
#6567=IFCCARTESIANPOINT((-80.7628715,0.,549.611381));
#6568=IFCCARTESIANPOINT((-80.8654595,0.,548.265011));
#6569=IFCCARTESIANPOINT((-80.9681235,0.,546.918646));
#6570=IFCCARTESIANPOINT((-81.0708615,0.,545.572287));
#6571=IFCCARTESIANPOINT((-81.1736695,0.,544.225933));
#6572=IFCCARTESIANPOINT((-81.2765475,0.,542.879585));
#6573=IFCCARTESIANPOINT((-81.3794925,0.,541.533241));
#6574=IFCCARTESIANPOINT((-81.4825025,0.,540.186903));
#6575=IFCCARTESIANPOINT((-81.5855745,0.,538.840569));
#6576=IFCCARTESIANPOINT((-81.6887075,0.,537.494239));
#6577=IFCCARTESIANPOINT((-81.7918985,0.,536.147914));
#6578=IFCCARTESIANPOINT((-81.8951465,0.,534.801594));
#6579=IFCCARTESIANPOINT((-81.9984475,0.,533.455277));
#6580=IFCCARTESIANPOINT((-82.1018005,0.,532.108964));
#6581=IFCCARTESIANPOINT((-82.2052035,0.,530.762656));
#6582=IFCCARTESIANPOINT((-82.3086535,0.,529.41635));
#6583=IFCCARTESIANPOINT((-82.4121485,0.,528.070049));
#6584=IFCCARTESIANPOINT((-82.5156875,0.,526.72375));
#6585=IFCCARTESIANPOINT((-82.6192665,0.,525.377455));
#6586=IFCCARTESIANPOINT((-82.7228845,0.,524.031162));
#6587=IFCCARTESIANPOINT((-82.8265395,0.,522.684873));
#6588=IFCCARTESIANPOINT((-82.9302285,0.,521.338586));
#6589=IFCCARTESIANPOINT((-83.0339505,0.,519.992302));
#6590=IFCCARTESIANPOINT((-83.1377015,0.,518.64602));
#6591=IFCCARTESIANPOINT((-83.2414805,0.,517.29974));
#6592=IFCCARTESIANPOINT((-83.3452855,0.,515.953462));
#6593=IFCCARTESIANPOINT((-83.4491135,0.,514.607187));
#6594=IFCCARTESIANPOINT((-83.5529635,0.,513.260912));
#6595=IFCCARTESIANPOINT((-83.6568325,0.,511.91464));
#6596=IFCCARTESIANPOINT((-83.7607205,0.,510.568369));
#6597=IFCCARTESIANPOINT((-83.8646245,0.,509.222099));
#6598=IFCCARTESIANPOINT((-83.9685445,0.,507.875831));
#6599=IFCCARTESIANPOINT((-84.0724785,0.,506.529564));
#6600=IFCCARTESIANPOINT((-84.1764265,0.,505.183298));
#6601=IFCCARTESIANPOINT((-84.2803865,0.,503.837033));
#6602=IFCCARTESIANPOINT((-84.3843575,0.,502.490769));
#6603=IFCCARTESIANPOINT((-84.4883375,0.,501.144505));
#6604=IFCCARTESIANPOINT((-84.5923265,0.,499.798243));
#6605=IFCCARTESIANPOINT((-84.6963225,0.,498.451981));
#6606=IFCCARTESIANPOINT((-84.8003245,0.,497.105719));
#6607=IFCCARTESIANPOINT((-84.9043315,0.,495.759459));
#6608=IFCCARTESIANPOINT((-85.0083415,0.,494.413198));
#6609=IFCCARTESIANPOINT((-85.1123545,0.,493.066937));
#6610=IFCCARTESIANPOINT((-85.2163685,0.,491.720677));
#6611=IFCCARTESIANPOINT((-85.3203825,0.,490.374417));
#6612=IFCCARTESIANPOINT((-85.4243955,0.,489.028157));
#6613=IFCCARTESIANPOINT((-85.5284065,0.,487.681896));
#6614=IFCCARTESIANPOINT((-85.6324135,0.,486.335636));
#6615=IFCCARTESIANPOINT((-85.7364155,0.,484.989375));
#6616=IFCCARTESIANPOINT((-85.8404115,0.,483.643113));
#6617=IFCCARTESIANPOINT((-85.9444005,0.,482.296851));
#6618=IFCCARTESIANPOINT((-86.0483805,0.,480.950589));
#6619=IFCCARTESIANPOINT((-86.1523505,0.,479.604325));
#6620=IFCCARTESIANPOINT((-86.2563105,0.,478.258061));
#6621=IFCCARTESIANPOINT((-86.3602585,0.,476.911796));
#6622=IFCCARTESIANPOINT((-86.4641925,0.,475.56553));
#6623=IFCCARTESIANPOINT((-86.5681125,0.,474.219263));
#6624=IFCCARTESIANPOINT((-86.6720165,0.,472.872995));
#6625=IFCCARTESIANPOINT((-86.7759035,0.,471.526725));
#6626=IFCCARTESIANPOINT((-86.8797725,0.,470.180454));
#6627=IFCCARTESIANPOINT((-86.9836225,0.,468.834182));
#6628=IFCCARTESIANPOINT((-87.0874515,0.,467.487908));
#6629=IFCCARTESIANPOINT((-87.1912595,0.,466.141632));
#6630=IFCCARTESIANPOINT((-87.2950435,0.,464.795354));
#6631=IFCCARTESIANPOINT((-87.3988035,0.,463.449075));
#6632=IFCCARTESIANPOINT((-87.5025385,0.,462.102794));
#6633=IFCCARTESIANPOINT((-87.6062465,0.,460.75651));
#6634=IFCCARTESIANPOINT((-87.7099275,0.,459.410225));
#6635=IFCCARTESIANPOINT((-87.8135785,0.,458.063937));
#6636=IFCCARTESIANPOINT((-87.9172005,0.,456.717647));
#6637=IFCCARTESIANPOINT((-88.0207895,0.,455.371354));
#6638=IFCCARTESIANPOINT((-88.1243475,0.,454.025059));
#6639=IFCCARTESIANPOINT((-88.2278705,0.,452.678761));
#6640=IFCCARTESIANPOINT((-88.3313585,0.,451.33246));
#6641=IFCCARTESIANPOINT((-88.4348105,0.,449.986157));
#6642=IFCCARTESIANPOINT((-88.5382255,0.,448.639851));
#6643=IFCCARTESIANPOINT((-88.6416015,0.,447.293541));
#6644=IFCCARTESIANPOINT((-88.7449375,0.,445.947229));
#6645=IFCCARTESIANPOINT((-88.8482315,0.,444.600913));
#6646=IFCCARTESIANPOINT((-88.9514825,0.,443.254594));
#6647=IFCCARTESIANPOINT((-89.0546885,0.,441.908272));
#6648=IFCCARTESIANPOINT((-89.1578495,0.,440.561945));
#6649=IFCCARTESIANPOINT((-89.2609625,0.,439.215616));
#6650=IFCCARTESIANPOINT((-89.3640275,0.,437.869282));
#6651=IFCCARTESIANPOINT((-89.4670415,0.,436.522945));
#6652=IFCCARTESIANPOINT((-89.5700035,0.,435.176604));
#6653=IFCCARTESIANPOINT((-89.6729135,0.,433.830258));
#6654=IFCCARTESIANPOINT((-89.7757675,0.,432.483909));
#6655=IFCCARTESIANPOINT((-89.8785655,0.,431.137555));
#6656=IFCCARTESIANPOINT((-89.9813065,0.,429.791196));
#6657=IFCCARTESIANPOINT((-90.0839885,0.,428.444833));
#6658=IFCCARTESIANPOINT((-90.1866105,0.,427.098466));
#6659=IFCCARTESIANPOINT((-90.2891695,0.,425.752094));
#6660=IFCCARTESIANPOINT((-90.3916655,0.,424.405717));
#6661=IFCCARTESIANPOINT((-90.4940965,0.,423.059335));
#6662=IFCCARTESIANPOINT((-90.5964615,0.,421.712948));
#6663=IFCCARTESIANPOINT((-90.6987585,0.,420.366555));
#6664=IFCCARTESIANPOINT((-90.8009865,0.,419.020158));
#6665=IFCCARTESIANPOINT((-90.9031445,0.,417.673755));
#6666=IFCCARTESIANPOINT((-91.0052295,0.,416.327347));
#6667=IFCCARTESIANPOINT((-91.1072415,0.,414.980933));
#6668=IFCCARTESIANPOINT((-91.2091785,0.,413.634513));
#6669=IFCCARTESIANPOINT((-91.3110385,0.,412.288088));
#6670=IFCCARTESIANPOINT((-91.4128205,0.,410.941657));
#6671=IFCCARTESIANPOINT((-91.5145235,0.,409.59522));
#6672=IFCCARTESIANPOINT((-91.6161465,0.,408.248776));
#6673=IFCCARTESIANPOINT((-91.7176855,0.,406.902326));
#6674=IFCCARTESIANPOINT((-91.8191425,0.,405.555871));
#6675=IFCCARTESIANPOINT((-91.9205135,0.,404.209408));
#6676=IFCCARTESIANPOINT((-92.0217975,0.,402.862939));
#6677=IFCCARTESIANPOINT((-92.1229945,0.,401.516464));
#6678=IFCCARTESIANPOINT((-92.2241005,0.,400.169981));
#6679=IFCCARTESIANPOINT((-92.3251165,0.,398.823492));
#6680=IFCCARTESIANPOINT((-92.4260405,0.,397.476996));
#6681=IFCCARTESIANPOINT((-92.5268695,0.,396.130493));
#6682=IFCCARTESIANPOINT((-92.6276035,0.,394.783982));
#6683=IFCCARTESIANPOINT((-92.7282415,0.,393.437464));
#6684=IFCCARTESIANPOINT((-92.8287805,0.,392.090939));
#6685=IFCCARTESIANPOINT((-92.9292195,0.,390.744407));
#6686=IFCCARTESIANPOINT((-93.0295585,0.,389.397866));
#6687=IFCCARTESIANPOINT((-93.1297935,0.,388.051318));
#6688=IFCCARTESIANPOINT((-93.2299255,0.,386.704763));
#6689=IFCCARTESIANPOINT((-93.3299515,0.,385.358199));
#6690=IFCCARTESIANPOINT((-93.4298705,0.,384.011627));
#6691=IFCCARTESIANPOINT((-93.5296815,0.,382.665047));
#6692=IFCCARTESIANPOINT((-93.6293825,0.,381.318459));
#6693=IFCCARTESIANPOINT((-93.7289715,0.,379.971863));
#6694=IFCCARTESIANPOINT((-93.8284485,0.,378.625258));
#6695=IFCCARTESIANPOINT((-93.9278115,0.,377.278644));
#6696=IFCCARTESIANPOINT((-94.0270595,0.,375.932022));
#6697=IFCCARTESIANPOINT((-94.1261895,0.,374.585392));
#6698=IFCCARTESIANPOINT((-94.2252015,0.,373.238752));
#6699=IFCCARTESIANPOINT((-94.3240945,0.,371.892104));
#6700=IFCCARTESIANPOINT((-94.4228655,0.,370.545447));
#6701=IFCCARTESIANPOINT((-94.5215145,0.,369.198781));
#6702=IFCCARTESIANPOINT((-94.6200395,0.,367.852106));
#6703=IFCCARTESIANPOINT((-94.7184385,0.,366.505421));
#6704=IFCCARTESIANPOINT((-94.8167115,0.,365.158728));
#6705=IFCCARTESIANPOINT((-94.9148555,0.,363.812025));
#6706=IFCCARTESIANPOINT((-95.0128705,0.,362.465312));
#6707=IFCCARTESIANPOINT((-95.1107545,0.,361.11859));
#6708=IFCCARTESIANPOINT((-95.2085055,0.,359.771859));
#6709=IFCCARTESIANPOINT((-95.3061225,0.,358.425117));
#6710=IFCCARTESIANPOINT((-95.4036045,0.,357.078366));
#6711=IFCCARTESIANPOINT((-95.5009505,0.,355.731605));
#6712=IFCCARTESIANPOINT((-95.5981575,0.,354.384834));
#6713=IFCCARTESIANPOINT((-95.6952255,0.,353.038053));
#6714=IFCCARTESIANPOINT((-95.7921525,0.,351.691262));
#6715=IFCCARTESIANPOINT((-95.8889365,0.,350.344461));
#6716=IFCCARTESIANPOINT((-95.9855775,0.,348.997649));
#6717=IFCCARTESIANPOINT((-96.0820735,0.,347.650827));
#6718=IFCCARTESIANPOINT((-96.1784225,0.,346.303995));
#6719=IFCCARTESIANPOINT((-96.2746235,0.,344.957152));
#6720=IFCCARTESIANPOINT((-96.3706745,0.,343.610298));
#6721=IFCCARTESIANPOINT((-96.4665755,0.,342.263434));
#6722=IFCCARTESIANPOINT((-96.5623245,0.,340.916559));
#6723=IFCCARTESIANPOINT((-96.6579195,0.,339.569673));
#6724=IFCCARTESIANPOINT((-96.7533595,0.,338.222776));
#6725=IFCCARTESIANPOINT((-96.8486425,0.,336.875867));
#6726=IFCCARTESIANPOINT((-96.9437685,0.,335.528948));
#6727=IFCCARTESIANPOINT((-97.0387345,0.,334.182017));
#6728=IFCCARTESIANPOINT((-97.1335395,0.,332.835076));
#6729=IFCCARTESIANPOINT((-97.2281835,0.,331.488122));
#6730=IFCCARTESIANPOINT((-97.3226625,0.,330.141157));
#6731=IFCCARTESIANPOINT((-97.4169775,0.,328.794181));
#6732=IFCCARTESIANPOINT((-97.5111265,0.,327.447193));
#6733=IFCCARTESIANPOINT((-97.6051065,0.,326.100193));
#6734=IFCCARTESIANPOINT((-97.6989185,0.,324.753181));
#6735=IFCCARTESIANPOINT((-97.7925595,0.,323.406158));
#6736=IFCCARTESIANPOINT((-97.8860285,0.,322.059122));
#6737=IFCCARTESIANPOINT((-97.9793235,0.,320.712074));
#6738=IFCCARTESIANPOINT((-98.0724445,0.,319.365014));
#6739=IFCCARTESIANPOINT((-98.1653885,0.,318.017942));
#6740=IFCCARTESIANPOINT((-98.2581555,0.,316.670858));
#6741=IFCCARTESIANPOINT((-98.3507435,0.,315.323761));
#6742=IFCCARTESIANPOINT((-98.4431505,0.,313.976651));
#6743=IFCCARTESIANPOINT((-98.5353765,0.,312.629529));
#6744=IFCCARTESIANPOINT((-98.6274195,0.,311.282395));
#6745=IFCCARTESIANPOINT((-98.7192775,0.,309.935247));
#6746=IFCCARTESIANPOINT((-98.8109505,0.,308.588087));
#6747=IFCCARTESIANPOINT((-98.9024365,0.,307.240915));
#6748=IFCCARTESIANPOINT((-98.9937335,0.,305.893729));
#6749=IFCCARTESIANPOINT((-99.0848415,0.,304.546531));
#6750=IFCCARTESIANPOINT((-99.1757585,0.,303.199319));
#6751=IFCCARTESIANPOINT((-99.2664825,0.,301.852095));
#6752=IFCCARTESIANPOINT((-99.3570135,0.,300.504857));
#6753=IFCCARTESIANPOINT((-99.4473485,0.,299.157607));
#6754=IFCCARTESIANPOINT((-99.5374875,0.,297.810343));
#6755=IFCCARTESIANPOINT((-99.6274295,0.,296.463066));
#6756=IFCCARTESIANPOINT((-99.7171715,0.,295.115776));
#6757=IFCCARTESIANPOINT((-99.8067135,0.,293.768472));
#6758=IFCCARTESIANPOINT((-99.8960535,0.,292.421155));
#6759=IFCCARTESIANPOINT((-99.9851905,0.,291.073824));
#6760=IFCCARTESIANPOINT((-100.0741235,0.,289.72648));
#6761=IFCCARTESIANPOINT((-100.1628505,0.,288.379122));
#6762=IFCCARTESIANPOINT((-100.2513705,0.,287.031751));
#6763=IFCCARTESIANPOINT((-100.3396815,0.,285.684366));
#6764=IFCCARTESIANPOINT((-100.4277835,0.,284.336967));
#6765=IFCCARTESIANPOINT((-100.5156735,0.,282.989554));
#6766=IFCCARTESIANPOINT((-100.6033515,0.,281.642127));
#6767=IFCCARTESIANPOINT((-100.6908165,0.,280.294686));
#6768=IFCCARTESIANPOINT((-100.7780655,0.,278.947231));
#6769=IFCCARTESIANPOINT((-100.8650975,0.,277.599763));
#6770=IFCCARTESIANPOINT((-100.9519125,0.,276.25228));
#6771=IFCCARTESIANPOINT((-101.0385075,0.,274.904782));
#6772=IFCCARTESIANPOINT((-101.1248825,0.,273.557271));
#6773=IFCCARTESIANPOINT((-101.2110365,0.,272.209745));
#6774=IFCCARTESIANPOINT((-101.2969665,0.,270.862205));
#6775=IFCCARTESIANPOINT((-101.3826715,0.,269.51465));
#6776=IFCCARTESIANPOINT((-101.4681515,0.,268.167081));
#6777=IFCCARTESIANPOINT((-101.5534035,0.,266.819497));
#6778=IFCCARTESIANPOINT((-101.6384275,0.,265.471899));
#6779=IFCCARTESIANPOINT((-101.7232215,0.,264.124286));
#6780=IFCCARTESIANPOINT((-101.8077845,0.,262.776658));
#6781=IFCCARTESIANPOINT((-101.8921145,0.,261.429015));
#6782=IFCCARTESIANPOINT((-101.9762105,0.,260.081358));
#6783=IFCCARTESIANPOINT((-102.0600715,0.,258.733685));
#6784=IFCCARTESIANPOINT((-102.1436965,0.,257.385998));
#6785=IFCCARTESIANPOINT((-102.2270825,0.,256.038295));
#6786=IFCCARTESIANPOINT((-102.3102295,0.,254.690578));
#6787=IFCCARTESIANPOINT((-102.3931365,0.,253.342845));
#6788=IFCCARTESIANPOINT((-102.4758005,0.,251.995097));
#6789=IFCCARTESIANPOINT((-102.5582215,0.,250.647334));
#6790=IFCCARTESIANPOINT((-102.6403965,0.,249.299555));
#6791=IFCCARTESIANPOINT((-102.7223245,0.,247.951761));
#6792=IFCCARTESIANPOINT((-102.8040035,0.,246.603952));
#6793=IFCCARTESIANPOINT((-102.8854325,0.,245.256128));
#6794=IFCCARTESIANPOINT((-102.9666085,0.,243.908288));
#6795=IFCCARTESIANPOINT((-103.0475305,0.,242.560432));
#6796=IFCCARTESIANPOINT((-103.1281965,0.,241.212562));
#6797=IFCCARTESIANPOINT((-103.2086045,0.,239.864675));
#6798=IFCCARTESIANPOINT((-103.2887535,0.,238.516774));
#6799=IFCCARTESIANPOINT((-103.3686425,0.,237.168856));
#6800=IFCCARTESIANPOINT((-103.4482675,0.,235.820924));
#6801=IFCCARTESIANPOINT((-103.5276285,0.,234.472975));
#6802=IFCCARTESIANPOINT((-103.6067235,0.,233.125012));
#6803=IFCCARTESIANPOINT((-103.6855505,0.,231.777032));
#6804=IFCCARTESIANPOINT((-103.7641085,0.,230.429037));
#6805=IFCCARTESIANPOINT((-103.8423945,0.,229.081026));
#6806=IFCCARTESIANPOINT((-103.9204075,0.,227.732999));
#6807=IFCCARTESIANPOINT((-103.9981465,0.,226.384957));
#6808=IFCCARTESIANPOINT((-104.0756085,0.,225.036899));
#6809=IFCCARTESIANPOINT((-104.1527925,0.,223.688825));
#6810=IFCCARTESIANPOINT((-104.2296965,0.,222.340736));
#6811=IFCCARTESIANPOINT((-104.3063185,0.,220.99263));
#6812=IFCCARTESIANPOINT((-104.3826585,0.,219.644509));
#6813=IFCCARTESIANPOINT((-104.4587125,0.,218.296372));
#6814=IFCCARTESIANPOINT((-104.5344795,0.,216.948219));
#6815=IFCCARTESIANPOINT((-104.6099585,0.,215.60005));
#6816=IFCCARTESIANPOINT((-104.6851465,0.,214.251865));
#6817=IFCCARTESIANPOINT((-104.7600435,0.,212.903664));
#6818=IFCCARTESIANPOINT((-104.8346465,0.,211.555447));
#6819=IFCCARTESIANPOINT((-104.9089545,0.,210.207214));
#6820=IFCCARTESIANPOINT((-104.9829655,0.,208.858965));
#6821=IFCCARTESIANPOINT((-105.0566775,0.,207.510699));
#6822=IFCCARTESIANPOINT((-105.1300885,0.,206.162418));
#6823=IFCCARTESIANPOINT((-105.2031975,0.,204.814121));
#6824=IFCCARTESIANPOINT((-105.2760025,0.,203.465807));
#6825=IFCCARTESIANPOINT((-105.3485025,0.,202.117477));
#6826=IFCCARTESIANPOINT((-105.4206945,0.,200.769131));
#6827=IFCCARTESIANPOINT((-105.4925775,0.,199.420769));
#6828=IFCCARTESIANPOINT((-105.5641505,0.,198.07239));
#6829=IFCCARTESIANPOINT((-105.6354095,0.,196.723995));
#6830=IFCCARTESIANPOINT((-105.7063555,0.,195.375584));
#6831=IFCCARTESIANPOINT((-105.7769845,0.,194.027156));
#6832=IFCCARTESIANPOINT((-105.8472965,0.,192.678712));
#6833=IFCCARTESIANPOINT((-105.9172895,0.,191.330252));
#6834=IFCCARTESIANPOINT((-105.9869605,0.,189.981775));
#6835=IFCCARTESIANPOINT((-106.0563085,0.,188.633282));
#6836=IFCCARTESIANPOINT((-106.1253335,0.,187.284772));
#6837=IFCCARTESIANPOINT((-106.1940325,0.,185.936246));
#6838=IFCCARTESIANPOINT((-106.2624075,0.,184.587703));
#6839=IFCCARTESIANPOINT((-106.3304565,0.,183.239144));
#6840=IFCCARTESIANPOINT((-106.3981795,0.,181.890569));
#6841=IFCCARTESIANPOINT((-106.4655765,0.,180.541977));
#6842=IFCCARTESIANPOINT((-106.5326475,0.,179.193369));
#6843=IFCCARTESIANPOINT((-106.5993915,0.,177.844745));
#6844=IFCCARTESIANPOINT((-106.6658085,0.,176.496104));
#6845=IFCCARTESIANPOINT((-106.7318985,0.,175.147448));
#6846=IFCCARTESIANPOINT((-106.7976595,0.,173.798775));
#6847=IFCCARTESIANPOINT((-106.8630935,0.,172.450086));
#6848=IFCCARTESIANPOINT((-106.9281975,0.,171.101381));
#6849=IFCCARTESIANPOINT((-106.9929735,0.,169.75266));
#6850=IFCCARTESIANPOINT((-107.0574205,0.,168.403923));
#6851=IFCCARTESIANPOINT((-107.1215375,0.,167.05517));
#6852=IFCCARTESIANPOINT((-107.1853255,0.,165.706401));
#6853=IFCCARTESIANPOINT((-107.2487825,0.,164.357616));
#6854=IFCCARTESIANPOINT((-107.3119085,0.,163.008815));
#6855=IFCCARTESIANPOINT((-107.3747035,0.,161.659999));
#6856=IFCCARTESIANPOINT((-107.4371675,0.,160.311166));
#6857=IFCCARTESIANPOINT((-107.4993005,0.,158.962318));
#6858=IFCCARTESIANPOINT((-107.5611005,0.,157.613454));
#6859=IFCCARTESIANPOINT((-107.6225695,0.,156.264574));
#6860=IFCCARTESIANPOINT((-107.6837045,0.,154.915679));
#6861=IFCCARTESIANPOINT((-107.7445065,0.,153.566768));
#6862=IFCCARTESIANPOINT((-107.8049755,0.,152.217841));
#6863=IFCCARTESIANPOINT((-107.8651115,0.,150.868899));
#6864=IFCCARTESIANPOINT((-107.9249125,0.,149.519941));
#6865=IFCCARTESIANPOINT((-107.9843785,0.,148.170968));
#6866=IFCCARTESIANPOINT((-108.0435105,0.,146.821979));
#6867=IFCCARTESIANPOINT((-108.1023075,0.,145.472975));
#6868=IFCCARTESIANPOINT((-108.1607685,0.,144.123955));
#6869=IFCCARTESIANPOINT((-108.2188945,0.,142.77492));
#6870=IFCCARTESIANPOINT((-108.2766835,0.,141.425869));
#6871=IFCCARTESIANPOINT((-108.3341365,0.,140.076803));
#6872=IFCCARTESIANPOINT((-108.3912525,0.,138.727722));
#6873=IFCCARTESIANPOINT((-108.4480315,0.,137.378626));
#6874=IFCCARTESIANPOINT((-108.5044725,0.,136.029515));
#6875=IFCCARTESIANPOINT((-108.5605755,0.,134.680388));
#6876=IFCCARTESIANPOINT((-108.6163405,0.,133.331246));
#6877=IFCCARTESIANPOINT((-108.6717675,0.,131.982089));
#6878=IFCCARTESIANPOINT((-108.7268545,0.,130.632917));
#6879=IFCCARTESIANPOINT((-108.7816025,0.,129.28373));
#6880=IFCCARTESIANPOINT((-108.8360115,0.,127.934528));
#6881=IFCCARTESIANPOINT((-108.8900795,0.,126.58531));
#6882=IFCCARTESIANPOINT((-108.9438075,0.,125.236078));
#6883=IFCCARTESIANPOINT((-108.9971955,0.,123.886831));
#6884=IFCCARTESIANPOINT((-109.0502405,0.,122.537569));
#6885=IFCCARTESIANPOINT((-109.1029405,0.,121.188292));
#6886=IFCCARTESIANPOINT((-109.1552875,0.,119.839001));
#6887=IFCCARTESIANPOINT((-109.2072765,0.,118.489695));
#6888=IFCCARTESIANPOINT((-109.2589035,0.,117.140374));
#6889=IFCCARTESIANPOINT((-109.3101605,0.,115.791038));
#6890=IFCCARTESIANPOINT((-109.3610445,0.,114.441688));
#6891=IFCCARTESIANPOINT((-109.4115485,0.,113.092323));
#6892=IFCCARTESIANPOINT((-109.4616665,0.,111.742943));
#6893=IFCCARTESIANPOINT((-109.5113945,0.,110.393549));
#6894=IFCCARTESIANPOINT((-109.5607255,0.,109.044141));
#6895=IFCCARTESIANPOINT((-109.6096555,0.,107.694718));
#6896=IFCCARTESIANPOINT((-109.6581775,0.,106.345281));
#6897=IFCCARTESIANPOINT((-109.7062865,0.,104.99583));
#6898=IFCCARTESIANPOINT((-109.7539765,0.,103.646365));
#6899=IFCCARTESIANPOINT((-109.8012425,0.,102.296885));
#6900=IFCCARTESIANPOINT((-109.8480795,0.,100.947391));
#6901=IFCCARTESIANPOINT((-109.8944805,0.,99.597883));
#6902=IFCCARTESIANPOINT((-109.9404415,0.,98.248361));
#6903=IFCCARTESIANPOINT((-109.9859555,0.,96.898825));
#6904=IFCCARTESIANPOINT((-110.0310185,0.,95.549275));
#6905=IFCCARTESIANPOINT((-110.0756235,0.,94.199711));
#6906=IFCCARTESIANPOINT((-110.1197665,0.,92.850133));
#6907=IFCCARTESIANPOINT((-110.1634395,0.,91.500541));
#6908=IFCCARTESIANPOINT((-110.2066395,0.,90.150936));
#6909=IFCCARTESIANPOINT((-110.2493605,0.,88.801316));
#6910=IFCCARTESIANPOINT((-110.2915955,0.,87.451683));
#6911=IFCCARTESIANPOINT((-110.3333395,0.,86.102037));
#6912=IFCCARTESIANPOINT((-110.3745885,0.,84.752377));
#6913=IFCCARTESIANPOINT((-110.4153355,0.,83.402703));
#6914=IFCCARTESIANPOINT((-110.4555745,0.,82.053016));
#6915=IFCCARTESIANPOINT((-110.4953015,0.,80.703315));
#6916=IFCCARTESIANPOINT((-110.5345095,0.,79.353601));
#6917=IFCCARTESIANPOINT((-110.5731935,0.,78.003874));
#6918=IFCCARTESIANPOINT((-110.6113485,0.,76.654133));
#6919=IFCCARTESIANPOINT((-110.6489685,0.,75.304379));
#6920=IFCCARTESIANPOINT((-110.6860485,0.,73.954611));
#6921=IFCCARTESIANPOINT((-110.7225815,0.,72.604831));
#6922=IFCCARTESIANPOINT((-110.7585635,0.,71.255037));
#6923=IFCCARTESIANPOINT((-110.7939885,0.,69.905231));
#6924=IFCCARTESIANPOINT((-110.8288495,0.,68.555411));
#6925=IFCCARTESIANPOINT((-110.8631435,0.,67.205578));
#6926=IFCCARTESIANPOINT((-110.8968635,0.,65.855732));
#6927=IFCCARTESIANPOINT((-110.9300045,0.,64.505874));
#6928=IFCCARTESIANPOINT((-110.9625595,0.,63.156002));
#6929=IFCCARTESIANPOINT((-110.9945245,0.,61.806118));
#6930=IFCCARTESIANPOINT((-111.0258945,0.,60.456221));
#6931=IFCCARTESIANPOINT((-111.0566615,0.,59.106311));
#6932=IFCCARTESIANPOINT((-111.0868245,0.,57.756389));
#6933=IFCCARTESIANPOINT((-111.1163905,0.,56.406454));
#6934=IFCCARTESIANPOINT((-111.1453735,0.,55.056507));
#6935=IFCCARTESIANPOINT((-111.1737865,0.,53.706548));
#6936=IFCCARTESIANPOINT((-111.2016425,0.,52.356577));
#6937=IFCCARTESIANPOINT((-111.2289555,0.,51.006595));
#6938=IFCCARTESIANPOINT((-111.2557375,0.,49.656602));
#6939=IFCCARTESIANPOINT((-111.2820035,0.,48.306599));
#6940=IFCCARTESIANPOINT((-111.3077655,0.,46.956585));
#6941=IFCCARTESIANPOINT((-111.3330365,0.,45.60656));
#6942=IFCCARTESIANPOINT((-111.3578305,0.,44.256526));
#6943=IFCCARTESIANPOINT((-111.3821605,0.,42.906482));
#6944=IFCCARTESIANPOINT((-111.4060405,0.,41.556428));
#6945=IFCCARTESIANPOINT((-111.4294825,0.,40.206366));
#6946=IFCCARTESIANPOINT((-111.4524995,0.,38.856294));
#6947=IFCCARTESIANPOINT((-111.4751065,0.,37.506214));
#6948=IFCCARTESIANPOINT((-111.4973155,0.,36.156126));
#6949=IFCCARTESIANPOINT((-111.5191405,0.,34.80603));
#6950=IFCCARTESIANPOINT((-111.5405945,0.,33.455926));
#6951=IFCCARTESIANPOINT((-111.5616905,0.,32.105814));
#6952=IFCCARTESIANPOINT((-111.5824415,0.,30.755696));
#6953=IFCCARTESIANPOINT((-111.6028605,0.,29.40557));
#6954=IFCCARTESIANPOINT((-111.6229625,0.,28.055438));
#6955=IFCCARTESIANPOINT((-111.6427595,0.,26.705299));
#6956=IFCCARTESIANPOINT((-111.6622645,0.,25.355155));
#6957=IFCCARTESIANPOINT((-111.6814905,0.,24.005004));
#6958=IFCCARTESIANPOINT((-111.7004525,0.,22.654848));
#6959=IFCCARTESIANPOINT((-111.7191615,0.,21.304687));
#6960=IFCCARTESIANPOINT((-111.7376335,0.,19.954521));
#6961=IFCCARTESIANPOINT((-111.7558785,0.,18.60435));
#6962=IFCCARTESIANPOINT((-111.7739125,0.,17.254175));
#6963=IFCCARTESIANPOINT((-111.7917475,0.,15.903995));
#6964=IFCCARTESIANPOINT((-111.8093965,0.,14.553812));
#6965=IFCCARTESIANPOINT((-111.8268735,0.,13.203625));
#6966=IFCCARTESIANPOINT((-111.8441915,0.,11.853435));
#6967=IFCCARTESIANPOINT((-111.8613635,0.,10.503241));
#6968=IFCCARTESIANPOINT((-111.8784025,0.,9.153045));
#6969=IFCCARTESIANPOINT((-111.8953225,0.,7.802847));
#6970=IFCCARTESIANPOINT((-111.9121375,0.,6.452646));
#6971=IFCCARTESIANPOINT((-111.9288585,0.,5.102443));
#6972=IFCCARTESIANPOINT((-111.9455005,0.,3.752239));
#6973=IFCCARTESIANPOINT((-111.9620755,0.,2.402033));
#6974=IFCCARTESIANPOINT((-111.9785985,0.,1.051827));
#6975=IFCCARTESIANPOINT((-111.9950805,0.,-0.298381));
#6976=IFCCARTESIANPOINT((-112.0115375,0.,-1.648589));
#6977=IFCCARTESIANPOINT((-112.0279805,0.,-2.998798));
#6978=IFCPOLYLINE((#6979,#6980,#6981,#6982,#6983,#6984,#6985,#6986,#6987,#6988,#6989,#6990,#6991,#6992,#6993,#6994,#6995,#6996,#6997,#6998,#6999,#7000,#7001,#7002,#7003,#7004,#7005,#7006,#7007,#7008,#7009,#7010,#7011,#7012,#7013,#7014,#7015,#7016,#7017,#7018,#7019,#7020,#7021,#7022,#7023,#7024,#7025,#7026,#7027,#7028,#7029,#7030,#7031,#7032,#7033,#7034,#7035,#7036,#7037,#7038,#7039,#7040,#7041,#7042,#7043,#7044,#7045,#7046,#7047,#7048,#7049,#7050,#7051,#7052,#7053,#7054,#7055,#7056,#7057,#7058,#7059,#7060,#7061,#7062,#7063,#7064,#7065,#7066,#7067,#7068,#7069,#7070,#7071,#7072,#7073,#7074,#7075,#7076,#7077,#7078,#7079,#7080,#7081,#7082,#7083,#7084,#7085,#7086,#7087,#7088,#7089,#7090,#7091,#7092,#7093,#7094,#7095,#7096,#7097,#7098,#7099,#7100,#7101,#7102,#7103,#7104,#7105,#7106,#7107,#7108,#7109,#7110,#7111,#7112,#7113,#7114,#7115,#7116,#7117,#7118,#7119,#7120,#7121,#7122,#7123,#7124,#7125,#7126,#7127,#7128,#7129,#7130,#7131,#7132,#7133,#7134,#7135,#7136,#7137,#7138,#7139,#7140,#7141,#7142,#7143,#7144,#7145,#7146,#7147,#7148,#7149,#7150,#7151,#7152,#7153,#7154,#7155,#7156,#7157,#7158,#7159,#7160,#7161,#7162,#7163,#7164,#7165,#7166,#7167,#7168,#7169,#7170,#7171,#7172,#7173,#7174,#7175,#7176,#7177,#7178,#7179,#7180,#7181,#7182,#7183,#7184,#7185,#7186,#7187,#7188,#7189,#7190,#7191,#7192,#7193,#7194,#7195,#7196,#7197,#7198,#7199,#7200,#7201,#7202,#7203,#7204,#7205,#7206,#7207,#7208,#7209,#7210,#7211,#7212,#7213,#7214,#7215,#7216,#7217,#7218,#7219,#7220,#7221,#7222,#7223,#7224,#7225,#7226,#7227,#7228,#7229,#7230,#7231,#7232,#7233,#7234,#7235,#7236,#7237,#7238,#7239,#7240,#7241,#7242,#7243,#7244,#7245,#7246,#7247,#7248,#7249,#7250,#7251,#7252,#7253,#7254,#7255,#7256,#7257,#7258,#7259,#7260,#7261,#7262,#7263,#7264,#7265,#7266,#7267,#7268,#7269,#7270,#7271,#7272,#7273,#7274,#7275,#7276,#7277,#7278,#7279,#7280,#7281,#7282,#7283,#7284,#7285,#7286,#7287,#7288,#7289,#7290,#7291,#7292,#7293,#7294,#7295,#7296,#7297,#7298,#7299,#7300,#7301,#7302,#7303,#7304,#7305,#7306,#7307,#7308,#7309,#7310,#7311,#7312,#7313,#7314,#7315,#7316,#7317,#7318,#7319,#7320,#7321,#7322,#7323,#7324,#7325,#7326,#7327,#7328,#7329,#7330,#7331,#7332,#7333,#7334,#7335,#7336,#7337,#7338,#7339,#7340,#7341,#7342,#7343,#7344,#7345,#7346,#7347,#7348,#7349,#7350,#7351,#7352,#7353,#7354,#7355,#7356,#7357,#7358,#7359,#7360,#7361,#7362,#7363,#7364,#7365,#7366,#7367,#7368,#7369,#7370,#7371,#7372,#7373,#7374,#7375,#7376,#7377,#7378,#7379,#7380,#7381,#7382,#7383,#7384,#7385,#7386,#7387,#7388,#7389,#7390,#7391,#7392,#7393,#7394,#7395,#7396,#7397,#7398,#7399,#7400,#7401,#7402,#7403,#7404,#7405,#7406,#7407,#7408,#7409,#7410,#7411,#7412,#7413,#7414,#7415,#7416,#7417,#7418,#7419,#7420,#7421,#7422,#7423,#7424,#7425,#7426,#7427,#7428,#7429,#7430,#7431,#7432,#7433,#7434,#7435,#7436,#7437,#7438,#7439,#7440,#7441,#7442,#7443,#7444,#7445,#7446,#7447,#7448,#7449,#7450,#7451,#7452,#7453,#7454,#7455,#7456,#7457,#7458,#7459,#7460,#7461,#7462,#7463,#7464,#7465,#7466,#7467,#7468,#7469,#7470,#7471,#7472,#7473,#7474,#7475,#7476,#7477,#7478,#7479,#7480,#7481,#7482,#7483,#7484,#7485,#7486,#7487,#7488,#7489,#7490,#7491,#7492,#7493,#7494,#7495,#7496,#7497,#7498,#7499,#7500,#7501,#7502,#7503,#7504,#7505,#7506,#7507,#7508,#7509,#7510,#7511,#7512,#7513,#7514,#7515,#7516,#7517,#7518,#7519,#7520,#7521,#7522,#7523,#7524,#7525,#7526,#7527,#7528,#7529,#7530,#7531,#7532,#7533,#7534,#7535,#7536,#7537,#7538,#7539,#7540,#7541,#7542,#7543,#7544,#7545,#7546,#7547,#7548,#7549,#7550,#7551,#7552,#7553,#7554,#7555,#7556,#7557,#7558,#7559,#7560,#7561,#7562,#7563,#7564,#7565,#7566,#7567,#7568,#7569,#7570,#7571,#7572,#7573,#7574,#7575,#7576,#7577,#7578,#7579,#7580,#7581,#7582,#7583,#7584,#7585,#7586,#7587,#7588,#7589,#7590,#7591,#7592,#7593,#7594,#7595,#7596,#7597,#7598,#7599,#7600,#7601,#7602,#7603,#7604,#7605,#7606,#7607,#7608,#7609,#7610,#7611,#7612,#7613,#7614,#7615,#7616,#7617,#7618,#7619,#7620,#7621,#7622,#7623,#7624,#7625,#7626,#7627,#7628,#7629,#7630,#7631,#7632,#7633,#7634,#7635,#7636,#7637,#7638,#7639,#7640,#7641,#7642,#7643,#7644,#7645,#7646,#7647,#7648,#7649,#7650,#7651,#7652,#7653,#7654,#7655,#7656,#7657,#7658,#7659,#7660,#7661,#7662,#7663,#7664,#7665,#7666,#7667,#7668,#7669,#7670,#7671,#7672,#7673,#7674,#7675,#7676,#7677,#7678,#7679,#7680,#7681,#7682,#7683,#7684,#7685,#7686,#7687,#7688,#7689,#7690,#7691,#7692,#7693,#7694,#7695,#7696,#7697,#7698,#7699,#7700,#7701,#7702,#7703,#7704,#7705,#7706,#7707,#7708,#7709,#7710,#7711,#7712,#7713,#7714,#7715,#7716,#7717,#7718,#7719,#7720,#7721,#7722,#7723,#7724,#7725,#7726,#7727,#7728,#7729,#7730,#7731,#7732,#7733,#7734,#7735,#7736,#7737,#7738,#7739,#7740,#7741,#7742,#7743,#7744,#7745,#7746,#7747));
#6979=IFCCARTESIANPOINT((112.0279245,0.,-2.99777));
#6980=IFCCARTESIANPOINT((112.0114815,0.,-1.647552));
#6981=IFCCARTESIANPOINT((111.9950255,0.,-0.297335));
#6982=IFCCARTESIANPOINT((111.9785425,0.,1.052882));
#6983=IFCCARTESIANPOINT((111.9620195,0.,2.403097));
#6984=IFCCARTESIANPOINT((111.9454435,0.,3.753312));
#6985=IFCCARTESIANPOINT((111.9288015,0.,5.103525));
#6986=IFCCARTESIANPOINT((111.9120805,0.,6.453737));
#6987=IFCCARTESIANPOINT((111.8952665,0.,7.803947));
#6988=IFCCARTESIANPOINT((111.8783455,0.,9.154154));
#6989=IFCCARTESIANPOINT((111.8613065,0.,10.504359));
#6990=IFCCARTESIANPOINT((111.8441335,0.,11.854561));
#6991=IFCCARTESIANPOINT((111.8268155,0.,13.20476));
#6992=IFCCARTESIANPOINT((111.8093385,0.,14.554956));
#6993=IFCCARTESIANPOINT((111.7916895,0.,15.905149));
#6994=IFCCARTESIANPOINT((111.7738545,0.,17.255337));
#6995=IFCCARTESIANPOINT((111.7558205,0.,18.605521));
#6996=IFCCARTESIANPOINT((111.7375745,0.,19.955701));
#6997=IFCCARTESIANPOINT((111.7191035,0.,21.305876));
#6998=IFCCARTESIANPOINT((111.7003935,0.,22.656046));
#6999=IFCCARTESIANPOINT((111.6814315,0.,24.006211));
#7000=IFCCARTESIANPOINT((111.6622045,0.,25.356371));
#7001=IFCCARTESIANPOINT((111.6426995,0.,26.706524));
#7002=IFCCARTESIANPOINT((111.6229025,0.,28.056672));
#7003=IFCCARTESIANPOINT((111.6028005,0.,29.406813));
#7004=IFCCARTESIANPOINT((111.5823805,0.,30.756947));
#7005=IFCCARTESIANPOINT((111.5616285,0.,32.107075));
#7006=IFCCARTESIANPOINT((111.5405325,0.,33.457196));
#7007=IFCCARTESIANPOINT((111.5190785,0.,34.807308));
#7008=IFCCARTESIANPOINT((111.4972535,0.,36.157414));
#7009=IFCCARTESIANPOINT((111.4750445,0.,37.507511));
#7010=IFCCARTESIANPOINT((111.4524365,0.,38.8576));
#7011=IFCCARTESIANPOINT((111.4294185,0.,40.20768));
#7012=IFCCARTESIANPOINT((111.4059765,0.,41.557752));
#7013=IFCCARTESIANPOINT((111.3820965,0.,42.907814));
#7014=IFCCARTESIANPOINT((111.3577655,0.,44.257867));
#7015=IFCCARTESIANPOINT((111.3329705,0.,45.60791));
#7016=IFCCARTESIANPOINT((111.3076995,0.,46.957944));
#7017=IFCCARTESIANPOINT((111.2819365,0.,48.307967));
#7018=IFCCARTESIANPOINT((111.2556705,0.,49.65798));
#7019=IFCCARTESIANPOINT((111.2288875,0.,51.007981));
#7020=IFCCARTESIANPOINT((111.2015745,0.,52.357972));
#7021=IFCCARTESIANPOINT((111.1737175,0.,53.707952));
#7022=IFCCARTESIANPOINT((111.1453035,0.,55.05792));
#7023=IFCCARTESIANPOINT((111.1163205,0.,56.407876));
#7024=IFCCARTESIANPOINT((111.0867535,0.,57.757819));
#7025=IFCCARTESIANPOINT((111.0565895,0.,59.107751));
#7026=IFCCARTESIANPOINT((111.0258215,0.,60.45767));
#7027=IFCCARTESIANPOINT((110.9944515,0.,61.807576));
#7028=IFCCARTESIANPOINT((110.9624855,0.,63.157469));
#7029=IFCCARTESIANPOINT((110.9299285,0.,64.507349));
#7030=IFCCARTESIANPOINT((110.8967875,0.,65.857217));
#7031=IFCCARTESIANPOINT((110.8630665,0.,67.207071));
#7032=IFCCARTESIANPOINT((110.8287725,0.,68.556913));
#7033=IFCCARTESIANPOINT((110.7939095,0.,69.906742));
#7034=IFCCARTESIANPOINT((110.7584845,0.,71.256557));
#7035=IFCCARTESIANPOINT((110.7225015,0.,72.60636));
#7036=IFCCARTESIANPOINT((110.6859675,0.,73.956149));
#7037=IFCCARTESIANPOINT((110.6488875,0.,75.305926));
#7038=IFCCARTESIANPOINT((110.6112665,0.,76.655689));
#7039=IFCCARTESIANPOINT((110.5731105,0.,78.005438));
#7040=IFCCARTESIANPOINT((110.5344255,0.,79.355175));
#7041=IFCCARTESIANPOINT((110.4952165,0.,80.704898));
#7042=IFCCARTESIANPOINT((110.4554885,0.,82.054607));
#7043=IFCCARTESIANPOINT((110.4152485,0.,83.404304));
#7044=IFCCARTESIANPOINT((110.3745005,0.,84.753986));
#7045=IFCCARTESIANPOINT((110.3332515,0.,86.103655));
#7046=IFCCARTESIANPOINT((110.2915055,0.,87.453311));
#7047=IFCCARTESIANPOINT((110.2492695,0.,88.802953));
#7048=IFCCARTESIANPOINT((110.2065485,0.,90.152581));
#7049=IFCCARTESIANPOINT((110.1633475,0.,91.502195));
#7050=IFCCARTESIANPOINT((110.1196725,0.,92.851796));
#7051=IFCCARTESIANPOINT((110.0755295,0.,94.201383));
#7052=IFCCARTESIANPOINT((110.0309235,0.,95.550955));
#7053=IFCCARTESIANPOINT((109.9858605,0.,96.900514));
#7054=IFCCARTESIANPOINT((109.9403445,0.,98.25006));
#7055=IFCCARTESIANPOINT((109.8943835,0.,99.599591));
#7056=IFCCARTESIANPOINT((109.8479805,0.,100.949107));
#7057=IFCCARTESIANPOINT((109.8011435,0.,102.29861));
#7058=IFCCARTESIANPOINT((109.7538765,0.,103.648099));
#7059=IFCCARTESIANPOINT((109.7061855,0.,104.997573));
#7060=IFCCARTESIANPOINT((109.6580755,0.,106.347034));
#7061=IFCCARTESIANPOINT((109.6095525,0.,107.69648));
#7062=IFCCARTESIANPOINT((109.5606225,0.,109.045911));
#7063=IFCCARTESIANPOINT((109.5112905,0.,110.395328));
#7064=IFCCARTESIANPOINT((109.4615615,0.,111.744731));
#7065=IFCCARTESIANPOINT((109.4114425,0.,113.09412));
#7066=IFCCARTESIANPOINT((109.3609375,0.,114.443493));
#7067=IFCCARTESIANPOINT((109.3100525,0.,115.792853));
#7068=IFCCARTESIANPOINT((109.2587945,0.,117.142197));
#7069=IFCCARTESIANPOINT((109.2071675,0.,118.491527));
#7070=IFCCARTESIANPOINT((109.1551765,0.,119.840842));
#7071=IFCCARTESIANPOINT((109.1028285,0.,121.190143));
#7072=IFCCARTESIANPOINT((109.0501285,0.,122.539429));
#7073=IFCCARTESIANPOINT((108.9970825,0.,123.8887));
#7074=IFCCARTESIANPOINT((108.9436935,0.,125.237955));
#7075=IFCCARTESIANPOINT((108.8899645,0.,126.587197));
#7076=IFCCARTESIANPOINT((108.8358955,0.,127.936423));
#7077=IFCCARTESIANPOINT((108.7814865,0.,129.285634));
#7078=IFCCARTESIANPOINT((108.7267375,0.,130.63483));
#7079=IFCCARTESIANPOINT((108.6716485,0.,131.984011));
#7080=IFCCARTESIANPOINT((108.6162215,0.,133.333177));
#7081=IFCCARTESIANPOINT((108.5604555,0.,134.682328));
#7082=IFCCARTESIANPOINT((108.5043515,0.,136.031463));
#7083=IFCCARTESIANPOINT((108.4479095,0.,137.380584));
#7084=IFCCARTESIANPOINT((108.3911295,0.,138.729689));
#7085=IFCCARTESIANPOINT((108.3340135,0.,140.078779));
#7086=IFCCARTESIANPOINT((108.2765595,0.,141.427854));
#7087=IFCCARTESIANPOINT((108.2187695,0.,142.776913));
#7088=IFCCARTESIANPOINT((108.1606425,0.,144.125957));
#7089=IFCCARTESIANPOINT((108.1021805,0.,145.474986));
#7090=IFCCARTESIANPOINT((108.0433825,0.,146.823999));
#7091=IFCCARTESIANPOINT((107.9842505,0.,148.172997));
#7092=IFCCARTESIANPOINT((107.9247825,0.,149.521979));
#7093=IFCCARTESIANPOINT((107.8649805,0.,150.870946));
#7094=IFCCARTESIANPOINT((107.8048445,0.,152.219897));
#7095=IFCCARTESIANPOINT((107.7443745,0.,153.568832));
#7096=IFCCARTESIANPOINT((107.6835715,0.,154.917752));
#7097=IFCCARTESIANPOINT((107.6224345,0.,156.266657));
#7098=IFCCARTESIANPOINT((107.5609655,0.,157.615545));
#7099=IFCCARTESIANPOINT((107.4991645,0.,158.964418));
#7100=IFCCARTESIANPOINT((107.4370305,0.,160.313275));
#7101=IFCCARTESIANPOINT((107.3745655,0.,161.662117));
#7102=IFCCARTESIANPOINT((107.3117695,0.,163.010942));
#7103=IFCCARTESIANPOINT((107.2486425,0.,164.359752));
#7104=IFCCARTESIANPOINT((107.1851845,0.,165.708546));
#7105=IFCCARTESIANPOINT((107.1213965,0.,167.057324));
#7106=IFCCARTESIANPOINT((107.0572775,0.,168.406086));
#7107=IFCCARTESIANPOINT((106.9928305,0.,169.754832));
#7108=IFCCARTESIANPOINT((106.9280535,0.,171.103562));
#7109=IFCCARTESIANPOINT((106.8629475,0.,172.452276));
#7110=IFCCARTESIANPOINT((106.7975135,0.,173.800973));
#7111=IFCCARTESIANPOINT((106.7317505,0.,175.149655));
#7112=IFCCARTESIANPOINT((106.6656605,0.,176.498321));
#7113=IFCCARTESIANPOINT((106.5992425,0.,177.84697));
#7114=IFCCARTESIANPOINT((106.5324975,0.,179.195603));
#7115=IFCCARTESIANPOINT((106.4654255,0.,180.54422));
#7116=IFCCARTESIANPOINT((106.3980275,0.,181.892821));
#7117=IFCCARTESIANPOINT((106.3303035,0.,183.241405));
#7118=IFCCARTESIANPOINT((106.2622525,0.,184.589973));
#7119=IFCCARTESIANPOINT((106.1938775,0.,185.938524));
#7120=IFCCARTESIANPOINT((106.1251765,0.,187.28706));
#7121=IFCCARTESIANPOINT((106.0561515,0.,188.635578));
#7122=IFCCARTESIANPOINT((105.9868025,0.,189.984081));
#7123=IFCCARTESIANPOINT((105.9171295,0.,191.332566));
#7124=IFCCARTESIANPOINT((105.8471365,0.,192.681036));
#7125=IFCCARTESIANPOINT((105.7768235,0.,194.029489));
#7126=IFCCARTESIANPOINT((105.7061935,0.,195.377925));
#7127=IFCCARTESIANPOINT((105.6352465,0.,196.726345));
#7128=IFCCARTESIANPOINT((105.5639855,0.,198.074749));
#7129=IFCCARTESIANPOINT((105.4924125,0.,199.423136));
#7130=IFCCARTESIANPOINT((105.4205285,0.,200.771508));
#7131=IFCCARTESIANPOINT((105.3483355,0.,202.119863));
#7132=IFCCARTESIANPOINT((105.2758345,0.,203.468201));
#7133=IFCCARTESIANPOINT((105.2030285,0.,204.816524));
#7134=IFCCARTESIANPOINT((105.1299185,0.,206.16483));
#7135=IFCCARTESIANPOINT((105.0565055,0.,207.513121));
#7136=IFCCARTESIANPOINT((104.9827925,0.,208.861395));
#7137=IFCCARTESIANPOINT((104.9087805,0.,210.209653));
#7138=IFCCARTESIANPOINT((104.8344725,0.,211.557895));
#7139=IFCCARTESIANPOINT((104.7598685,0.,212.906121));
#7140=IFCCARTESIANPOINT((104.6849705,0.,214.25433));
#7141=IFCCARTESIANPOINT((104.6097805,0.,215.602524));
#7142=IFCCARTESIANPOINT((104.5343005,0.,216.950702));
#7143=IFCCARTESIANPOINT((104.4585325,0.,218.298864));
#7144=IFCCARTESIANPOINT((104.3824775,0.,219.64701));
#7145=IFCCARTESIANPOINT((104.3061375,0.,220.995141));
#7146=IFCCARTESIANPOINT((104.2295135,0.,222.343255));
#7147=IFCCARTESIANPOINT((104.1526085,0.,223.691353));
#7148=IFCCARTESIANPOINT((104.0754235,0.,225.039436));
#7149=IFCCARTESIANPOINT((103.9979605,0.,226.387503));
#7150=IFCCARTESIANPOINT((103.9202205,0.,227.735554));
#7151=IFCCARTESIANPOINT((103.8422065,0.,229.08359));
#7152=IFCCARTESIANPOINT((103.7639195,0.,230.431609));
#7153=IFCCARTESIANPOINT((103.6853605,0.,231.779613));
#7154=IFCCARTESIANPOINT((103.6065325,0.,233.127602));
#7155=IFCCARTESIANPOINT((103.5274365,0.,234.475575));
#7156=IFCCARTESIANPOINT((103.4480745,0.,235.823532));
#7157=IFCCARTESIANPOINT((103.3684475,0.,237.171474));
#7158=IFCCARTESIANPOINT((103.2885585,0.,238.5194));
#7159=IFCCARTESIANPOINT((103.2084085,0.,239.86731));
#7160=IFCCARTESIANPOINT((103.1279985,0.,241.215205));
#7161=IFCCARTESIANPOINT((103.0473315,0.,242.563085));
#7162=IFCCARTESIANPOINT((102.9664085,0.,243.910949));
#7163=IFCCARTESIANPOINT((102.8852315,0.,245.258798));
#7164=IFCCARTESIANPOINT((102.8038025,0.,246.606632));
#7165=IFCCARTESIANPOINT((102.7221225,0.,247.95445));
#7166=IFCCARTESIANPOINT((102.6401935,0.,249.302252));
#7167=IFCCARTESIANPOINT((102.5580165,0.,250.65004));
#7168=IFCCARTESIANPOINT((102.4755955,0.,251.997812));
#7169=IFCCARTESIANPOINT((102.3929295,0.,253.345569));
#7170=IFCCARTESIANPOINT((102.3100215,0.,254.693311));
#7171=IFCCARTESIANPOINT((102.2268735,0.,256.041037));
#7172=IFCCARTESIANPOINT((102.1434865,0.,257.388749));
#7173=IFCCARTESIANPOINT((102.0598605,0.,258.736445));
#7174=IFCCARTESIANPOINT((101.9759985,0.,260.084126));
#7175=IFCCARTESIANPOINT((101.8919015,0.,261.431793));
#7176=IFCCARTESIANPOINT((101.8075705,0.,262.779444));
#7177=IFCCARTESIANPOINT((101.7230065,0.,264.127081));
#7178=IFCCARTESIANPOINT((101.6382115,0.,265.474703));
#7179=IFCCARTESIANPOINT((101.5531865,0.,266.82231));
#7180=IFCCARTESIANPOINT((101.4679325,0.,268.169903));
#7181=IFCCARTESIANPOINT((101.3824525,0.,269.517481));
#7182=IFCCARTESIANPOINT((101.2967455,0.,270.865045));
#7183=IFCCARTESIANPOINT((101.2108145,0.,272.212594));
#7184=IFCCARTESIANPOINT((101.1246605,0.,273.560128));
#7185=IFCCARTESIANPOINT((101.0382845,0.,274.907649));
#7186=IFCCARTESIANPOINT((100.9516875,0.,276.255155));
#7187=IFCCARTESIANPOINT((100.8648725,0.,277.602647));
#7188=IFCCARTESIANPOINT((100.7778385,0.,278.950125));
#7189=IFCCARTESIANPOINT((100.6905885,0.,280.297588));
#7190=IFCCARTESIANPOINT((100.6031235,0.,281.645038));
#7191=IFCCARTESIANPOINT((100.5154445,0.,282.992474));
#7192=IFCCARTESIANPOINT((100.4275525,0.,284.339895));
#7193=IFCCARTESIANPOINT((100.3394505,0.,285.687303));
#7194=IFCCARTESIANPOINT((100.2511375,0.,287.034697));
#7195=IFCCARTESIANPOINT((100.1626165,0.,288.382078));
#7196=IFCCARTESIANPOINT((100.0738885,0.,289.729444));
#7197=IFCCARTESIANPOINT((99.9849545,0.,291.076798));
#7198=IFCCARTESIANPOINT((99.8958165,0.,292.424137));
#7199=IFCCARTESIANPOINT((99.8064755,0.,293.771463));
#7200=IFCCARTESIANPOINT((99.7169325,0.,295.118776));
#7201=IFCCARTESIANPOINT((99.6271895,0.,296.466075));
#7202=IFCCARTESIANPOINT((99.5372465,0.,297.813361));
#7203=IFCCARTESIANPOINT((99.4471065,0.,299.160634));
#7204=IFCCARTESIANPOINT((99.3567695,0.,300.507893));
#7205=IFCCARTESIANPOINT((99.2662385,0.,301.855139));
#7206=IFCCARTESIANPOINT((99.1755125,0.,303.202373));
#7207=IFCCARTESIANPOINT((99.0845945,0.,304.549593));
#7208=IFCCARTESIANPOINT((98.9934865,0.,305.8968));
#7209=IFCCARTESIANPOINT((98.9021875,0.,307.243995));
#7210=IFCCARTESIANPOINT((98.8107005,0.,308.591176));
#7211=IFCCARTESIANPOINT((98.7190275,0.,309.938345));
#7212=IFCCARTESIANPOINT((98.6271675,0.,311.285501));
#7213=IFCCARTESIANPOINT((98.5351235,0.,312.632645));
#7214=IFCCARTESIANPOINT((98.4428965,0.,313.979776));
#7215=IFCCARTESIANPOINT((98.3504885,0.,315.326894));
#7216=IFCCARTESIANPOINT((98.2578995,0.,316.674));
#7217=IFCCARTESIANPOINT((98.1651315,0.,318.021093));
#7218=IFCCARTESIANPOINT((98.0721865,0.,319.368175));
#7219=IFCCARTESIANPOINT((97.9790645,0.,320.715243));
#7220=IFCCARTESIANPOINT((97.8857685,0.,322.0623));
#7221=IFCCARTESIANPOINT((97.7922985,0.,323.409345));
#7222=IFCCARTESIANPOINT((97.6986565,0.,324.756377));
#7223=IFCCARTESIANPOINT((97.6048445,0.,326.103398));
#7224=IFCCARTESIANPOINT((97.5108625,0.,327.450407));
#7225=IFCCARTESIANPOINT((97.4167125,0.,328.797404));
#7226=IFCCARTESIANPOINT((97.3223965,0.,330.144389));
#7227=IFCCARTESIANPOINT((97.2279165,0.,331.491363));
#7228=IFCCARTESIANPOINT((97.1332715,0.,332.838325));
#7229=IFCCARTESIANPOINT((97.0384655,0.,334.185276));
#7230=IFCCARTESIANPOINT((96.9434975,0.,335.532215));
#7231=IFCCARTESIANPOINT((96.8483715,0.,336.879143));
#7232=IFCCARTESIANPOINT((96.7530875,0.,338.22606));
#7233=IFCCARTESIANPOINT((96.6576465,0.,339.572966));
#7234=IFCCARTESIANPOINT((96.5620505,0.,340.919861));
#7235=IFCCARTESIANPOINT((96.4663005,0.,342.266745));
#7236=IFCCARTESIANPOINT((96.3703985,0.,343.613619));
#7237=IFCCARTESIANPOINT((96.2743465,0.,344.960481));
#7238=IFCCARTESIANPOINT((96.1781445,0.,346.307333));
#7239=IFCCARTESIANPOINT((96.0817945,0.,347.654175));
#7240=IFCCARTESIANPOINT((95.9852975,0.,349.001005));
#7241=IFCCARTESIANPOINT((95.8886555,0.,350.347826));
#7242=IFCCARTESIANPOINT((95.7918705,0.,351.694636));
#7243=IFCCARTESIANPOINT((95.6949425,0.,353.041436));
#7244=IFCCARTESIANPOINT((95.5978735,0.,354.388226));
#7245=IFCCARTESIANPOINT((95.5006655,0.,355.735006));
#7246=IFCCARTESIANPOINT((95.4033185,0.,357.081776));
#7247=IFCCARTESIANPOINT((95.3058355,0.,358.428536));
#7248=IFCCARTESIANPOINT((95.2082175,0.,359.775286));
#7249=IFCCARTESIANPOINT((95.1104645,0.,361.122026));
#7250=IFCCARTESIANPOINT((95.0125805,0.,362.468757));
#7251=IFCCARTESIANPOINT((94.9145645,0.,363.815479));
#7252=IFCCARTESIANPOINT((94.8164195,0.,365.162191));
#7253=IFCCARTESIANPOINT((94.7181455,0.,366.508893));
#7254=IFCCARTESIANPOINT((94.6197455,0.,367.855587));
#7255=IFCCARTESIANPOINT((94.5212195,0.,369.202271));
#7256=IFCCARTESIANPOINT((94.4225695,0.,370.548946));
#7257=IFCCARTESIANPOINT((94.3237975,0.,371.895612));
#7258=IFCCARTESIANPOINT((94.2249045,0.,373.242269));
#7259=IFCCARTESIANPOINT((94.1258905,0.,374.588917));
#7260=IFCCARTESIANPOINT((94.0267595,0.,375.935557));
#7261=IFCCARTESIANPOINT((93.9275115,0.,377.282187));
#7262=IFCCARTESIANPOINT((93.8281475,0.,378.62881));
#7263=IFCCARTESIANPOINT((93.7286695,0.,379.975423));
#7264=IFCCARTESIANPOINT((93.6290785,0.,381.322029));
#7265=IFCCARTESIANPOINT((93.5293765,0.,382.668626));
#7266=IFCCARTESIANPOINT((93.4295655,0.,384.015215));
#7267=IFCCARTESIANPOINT((93.3296455,0.,385.361795));
#7268=IFCCARTESIANPOINT((93.2296175,0.,386.708368));
#7269=IFCCARTESIANPOINT((93.1294855,0.,388.054933));
#7270=IFCCARTESIANPOINT((93.0292485,0.,389.40149));
#7271=IFCCARTESIANPOINT((92.9289095,0.,390.748039));
#7272=IFCCARTESIANPOINT((92.8284695,0.,392.09458));
#7273=IFCCARTESIANPOINT((92.7279295,0.,393.441114));
#7274=IFCCARTESIANPOINT((92.6272905,0.,394.787641));
#7275=IFCCARTESIANPOINT((92.5265555,0.,396.13416));
#7276=IFCCARTESIANPOINT((92.4257255,0.,397.480672));
#7277=IFCCARTESIANPOINT((92.3248005,0.,398.827178));
#7278=IFCCARTESIANPOINT((92.2237845,0.,400.173676));
#7279=IFCCARTESIANPOINT((92.1226765,0.,401.520167));
#7280=IFCCARTESIANPOINT((92.0214795,0.,402.866651));
#7281=IFCCARTESIANPOINT((91.9201935,0.,404.213129));
#7282=IFCCARTESIANPOINT((91.8188215,0.,405.559601));
#7283=IFCCARTESIANPOINT((91.7173645,0.,406.906065));
#7284=IFCCARTESIANPOINT((91.6158235,0.,408.252524));
#7285=IFCCARTESIANPOINT((91.5142005,0.,409.598976));
#7286=IFCCARTESIANPOINT((91.4124965,0.,410.945423));
#7287=IFCCARTESIANPOINT((91.3107135,0.,412.291863));
#7288=IFCCARTESIANPOINT((91.2088525,0.,413.638297));
#7289=IFCCARTESIANPOINT((91.1069145,0.,414.984725));
#7290=IFCCARTESIANPOINT((91.0049025,0.,416.331148));
#7291=IFCCARTESIANPOINT((90.9028155,0.,417.677565));
#7292=IFCCARTESIANPOINT((90.8006575,0.,419.023977));
#7293=IFCCARTESIANPOINT((90.6984285,0.,420.370384));
#7294=IFCCARTESIANPOINT((90.5961305,0.,421.716785));
#7295=IFCCARTESIANPOINT((90.4937645,0.,423.063181));
#7296=IFCCARTESIANPOINT((90.3913325,0.,424.409572));
#7297=IFCCARTESIANPOINT((90.2888355,0.,425.755957));
#7298=IFCCARTESIANPOINT((90.1862755,0.,427.102339));
#7299=IFCCARTESIANPOINT((90.0836535,0.,428.448715));
#7300=IFCCARTESIANPOINT((89.9809705,0.,429.795087));
#7301=IFCCARTESIANPOINT((89.8782285,0.,431.141454));
#7302=IFCCARTESIANPOINT((89.7754295,0.,432.487817));
#7303=IFCCARTESIANPOINT((89.6725745,0.,433.834175));
#7304=IFCCARTESIANPOINT((89.5696645,0.,435.18053));
#7305=IFCCARTESIANPOINT((89.4667005,0.,436.52688));
#7306=IFCCARTESIANPOINT((89.3636855,0.,437.873226));
#7307=IFCCARTESIANPOINT((89.2606205,0.,439.219569));
#7308=IFCCARTESIANPOINT((89.1575065,0.,440.565907));
#7309=IFCCARTESIANPOINT((89.0543455,0.,441.912242));
#7310=IFCCARTESIANPOINT((88.9511375,0.,443.258574));
#7311=IFCCARTESIANPOINT((88.8478855,0.,444.604902));
#7312=IFCCARTESIANPOINT((88.7445905,0.,445.951226));
#7313=IFCCARTESIANPOINT((88.6412545,0.,447.297548));
#7314=IFCCARTESIANPOINT((88.5378775,0.,448.643866));
#7315=IFCCARTESIANPOINT((88.4344625,0.,449.990181));
#7316=IFCCARTESIANPOINT((88.3310095,0.,451.336493));
#7317=IFCCARTESIANPOINT((88.2275205,0.,452.682803));
#7318=IFCCARTESIANPOINT((88.1239965,0.,454.02911));
#7319=IFCCARTESIANPOINT((88.0204385,0.,455.375414));
#7320=IFCCARTESIANPOINT((87.9168475,0.,456.721715));
#7321=IFCCARTESIANPOINT((87.8132255,0.,458.068014));
#7322=IFCCARTESIANPOINT((87.7095735,0.,459.414311));
#7323=IFCCARTESIANPOINT((87.6058915,0.,460.760606));
#7324=IFCCARTESIANPOINT((87.5021825,0.,462.106898));
#7325=IFCCARTESIANPOINT((87.3984475,0.,463.453188));
#7326=IFCCARTESIANPOINT((87.2946865,0.,464.799477));
#7327=IFCCARTESIANPOINT((87.1909015,0.,466.145763));
#7328=IFCCARTESIANPOINT((87.0870925,0.,467.492048));
#7329=IFCCARTESIANPOINT((86.9832625,0.,468.838331));
#7330=IFCCARTESIANPOINT((86.8794125,0.,470.184612));
#7331=IFCCARTESIANPOINT((86.7755425,0.,471.530892));
#7332=IFCCARTESIANPOINT((86.6716545,0.,472.877171));
#7333=IFCCARTESIANPOINT((86.5677495,0.,474.223448));
#7334=IFCCARTESIANPOINT((86.4638295,0.,475.569724));
#7335=IFCCARTESIANPOINT((86.3598945,0.,476.915999));
#7336=IFCCARTESIANPOINT((86.2559455,0.,478.262273));
#7337=IFCCARTESIANPOINT((86.1519855,0.,479.608546));
#7338=IFCCARTESIANPOINT((86.0480145,0.,480.954818));
#7339=IFCCARTESIANPOINT((85.9440335,0.,482.30109));
#7340=IFCCARTESIANPOINT((85.8400435,0.,483.64736));
#7341=IFCCARTESIANPOINT((85.7360475,0.,484.993631));
#7342=IFCCARTESIANPOINT((85.6320445,0.,486.339901));
#7343=IFCCARTESIANPOINT((85.5280365,0.,487.68617));
#7344=IFCCARTESIANPOINT((85.4240255,0.,489.03244));
#7345=IFCCARTESIANPOINT((85.3200115,0.,490.378709));
#7346=IFCCARTESIANPOINT((85.2159975,0.,491.724978));
#7347=IFCCARTESIANPOINT((85.1119825,0.,493.071247));
#7348=IFCCARTESIANPOINT((85.0079685,0.,494.417516));
#7349=IFCCARTESIANPOINT((84.9039575,0.,495.763786));
#7350=IFCCARTESIANPOINT((84.7999495,0.,497.110056));
#7351=IFCCARTESIANPOINT((84.6959475,0.,498.456326));
#7352=IFCCARTESIANPOINT((84.5919505,0.,499.802597));
#7353=IFCCARTESIANPOINT((84.4879605,0.,501.148869));
#7354=IFCCARTESIANPOINT((84.3839795,0.,502.495141));
#7355=IFCCARTESIANPOINT((84.2800085,0.,503.841414));
#7356=IFCCARTESIANPOINT((84.1760485,0.,505.187688));
#7357=IFCCARTESIANPOINT((84.0720995,0.,506.533963));
#7358=IFCCARTESIANPOINT((83.9681645,0.,507.880239));
#7359=IFCCARTESIANPOINT((83.8642445,0.,509.226516));
#7360=IFCCARTESIANPOINT((83.7603395,0.,510.572795));
#7361=IFCCARTESIANPOINT((83.6564515,0.,511.919075));
#7362=IFCCARTESIANPOINT((83.5525815,0.,513.265356));
#7363=IFCCARTESIANPOINT((83.4487315,0.,514.611639));
#7364=IFCCARTESIANPOINT((83.3449015,0.,515.957924));
#7365=IFCCARTESIANPOINT((83.2410965,0.,517.30421));
#7366=IFCCARTESIANPOINT((83.1373165,0.,518.650499));
#7367=IFCCARTESIANPOINT((83.0335645,0.,519.99679));
#7368=IFCCARTESIANPOINT((82.9298425,0.,521.343083));
#7369=IFCCARTESIANPOINT((82.8261535,0.,522.689379));
#7370=IFCCARTESIANPOINT((82.7224975,0.,524.035677));
#7371=IFCCARTESIANPOINT((82.6188795,0.,525.381979));
#7372=IFCCARTESIANPOINT((82.5152995,0.,526.728283));
#7373=IFCCARTESIANPOINT((82.4117605,0.,528.07459));
#7374=IFCCARTESIANPOINT((82.3082645,0.,529.420901));
#7375=IFCCARTESIANPOINT((82.2048135,0.,530.767215));
#7376=IFCCARTESIANPOINT((82.1014105,0.,532.113533));
#7377=IFCCARTESIANPOINT((81.9980565,0.,533.459855));
#7378=IFCCARTESIANPOINT((81.8947545,0.,534.80618));
#7379=IFCCARTESIANPOINT((81.7915075,0.,536.15251));
#7380=IFCCARTESIANPOINT((81.6883155,0.,537.498844));
#7381=IFCCARTESIANPOINT((81.5851825,0.,538.845182));
#7382=IFCCARTESIANPOINT((81.4821095,0.,540.191525));
#7383=IFCCARTESIANPOINT((81.3790985,0.,541.537872));
#7384=IFCCARTESIANPOINT((81.2761535,0.,542.884225));
#7385=IFCCARTESIANPOINT((81.1732755,0.,544.230582));
#7386=IFCCARTESIANPOINT((81.0704665,0.,545.576945));
#7387=IFCCARTESIANPOINT((80.9677285,0.,546.923313));
#7388=IFCCARTESIANPOINT((80.8650645,0.,548.269687));
#7389=IFCCARTESIANPOINT((80.7624755,0.,549.616066));
#7390=IFCCARTESIANPOINT((80.6599645,0.,550.962451));
#7391=IFCCARTESIANPOINT((80.5575345,0.,552.308842));
#7392=IFCCARTESIANPOINT((80.4551855,0.,553.655239));
#7393=IFCCARTESIANPOINT((80.3529225,0.,555.001643));
#7394=IFCCARTESIANPOINT((80.2507445,0.,556.348053));
#7395=IFCCARTESIANPOINT((80.1486565,0.,557.694469));
#7396=IFCCARTESIANPOINT((80.0466585,0.,559.040893));
#7397=IFCCARTESIANPOINT((79.9447535,0.,560.387323));
#7398=IFCCARTESIANPOINT((79.8429445,0.,561.73376));
#7399=IFCCARTESIANPOINT((79.7412325,0.,563.080205));
#7400=IFCCARTESIANPOINT((79.6396205,0.,564.426657));
#7401=IFCCARTESIANPOINT((79.5381105,0.,565.773116));
#7402=IFCCARTESIANPOINT((79.4367045,0.,567.119584));
#7403=IFCCARTESIANPOINT((79.3354035,0.,568.466059));
#7404=IFCCARTESIANPOINT((79.2342125,0.,569.812542));
#7405=IFCCARTESIANPOINT((79.1331305,0.,571.159033));
#7406=IFCCARTESIANPOINT((79.0321625,0.,572.505533));
#7407=IFCCARTESIANPOINT((78.9313085,0.,573.852041));
#7408=IFCCARTESIANPOINT((78.8305715,0.,575.198558));
#7409=IFCCARTESIANPOINT((78.7299535,0.,576.545084));
#7410=IFCCARTESIANPOINT((78.6294575,0.,577.891619));
#7411=IFCCARTESIANPOINT((78.5290845,0.,579.238163));
#7412=IFCCARTESIANPOINT((78.4288335,0.,580.584715));
#7413=IFCCARTESIANPOINT((78.3287025,0.,581.931277));
#7414=IFCCARTESIANPOINT((78.2286865,0.,583.277847));
#7415=IFCCARTESIANPOINT((78.1287845,0.,584.624426));
#7416=IFCCARTESIANPOINT((78.0289925,0.,585.971013));
#7417=IFCCARTESIANPOINT((77.9293075,0.,587.317608));
#7418=IFCCARTESIANPOINT((77.8297275,0.,588.66421));
#7419=IFCCARTESIANPOINT((77.7302495,0.,590.01082));
#7420=IFCCARTESIANPOINT((77.6308695,0.,591.357438));
#7421=IFCCARTESIANPOINT((77.5315855,0.,592.704063));
#7422=IFCCARTESIANPOINT((77.4323945,0.,594.050694));
#7423=IFCCARTESIANPOINT((77.3332925,0.,595.397332));
#7424=IFCCARTESIANPOINT((77.2342785,0.,596.743977));
#7425=IFCCARTESIANPOINT((77.1353485,0.,598.090628));
#7426=IFCCARTESIANPOINT((77.0364985,0.,599.437285));
#7427=IFCCARTESIANPOINT((76.9377275,0.,600.783948));
#7428=IFCCARTESIANPOINT((76.8390315,0.,602.130617));
#7429=IFCCARTESIANPOINT((76.7404085,0.,603.477291));
#7430=IFCCARTESIANPOINT((76.6418545,0.,604.82397));
#7431=IFCCARTESIANPOINT((76.5433665,0.,606.170654));
#7432=IFCCARTESIANPOINT((76.4449425,0.,607.517343));
#7433=IFCCARTESIANPOINT((76.3465795,0.,608.864037));
#7434=IFCCARTESIANPOINT((76.2482735,0.,610.210735));
#7435=IFCCARTESIANPOINT((76.1500225,0.,611.557437));
#7436=IFCCARTESIANPOINT((76.0518235,0.,612.904144));
#7437=IFCCARTESIANPOINT((75.9536725,0.,614.250853));
#7438=IFCCARTESIANPOINT((75.8555685,0.,615.597567));
#7439=IFCCARTESIANPOINT((75.7575075,0.,616.944284));
#7440=IFCCARTESIANPOINT((75.6594865,0.,618.291004));
#7441=IFCCARTESIANPOINT((75.5615025,0.,619.637727));
#7442=IFCCARTESIANPOINT((75.4635535,0.,620.984452));
#7443=IFCCARTESIANPOINT((75.3656355,0.,622.33118));
#7444=IFCCARTESIANPOINT((75.2677455,0.,623.67791));
#7445=IFCCARTESIANPOINT((75.1698815,0.,625.024643));
#7446=IFCCARTESIANPOINT((75.0720405,0.,626.371377));
#7447=IFCCARTESIANPOINT((74.9742185,0.,627.718113));
#7448=IFCCARTESIANPOINT((74.8764135,0.,629.06485));
#7449=IFCCARTESIANPOINT((74.7786225,0.,630.411588));
#7450=IFCCARTESIANPOINT((74.6808415,0.,631.758328));
#7451=IFCCARTESIANPOINT((74.5830695,0.,633.105068));
#7452=IFCCARTESIANPOINT((74.4853025,0.,634.451809));
#7453=IFCCARTESIANPOINT((74.3875365,0.,635.79855));
#7454=IFCCARTESIANPOINT((74.2897705,0.,637.145292));
#7455=IFCCARTESIANPOINT((74.1920015,0.,638.492033));
#7456=IFCCARTESIANPOINT((74.0942245,0.,639.838774));
#7457=IFCCARTESIANPOINT((73.9964385,0.,641.185515));
#7458=IFCCARTESIANPOINT((73.8986405,0.,642.532255));
#7459=IFCCARTESIANPOINT((73.8008265,0.,643.878994));
#7460=IFCCARTESIANPOINT((73.7029915,0.,645.225731));
#7461=IFCCARTESIANPOINT((73.6051305,0.,646.572467));
#7462=IFCCARTESIANPOINT((73.5072355,0.,647.919201));
#7463=IFCCARTESIANPOINT((73.4093015,0.,649.265932));
#7464=IFCCARTESIANPOINT((73.3113215,0.,650.612659));
#7465=IFCCARTESIANPOINT((73.2132905,0.,651.959383));
#7466=IFCCARTESIANPOINT((73.1152005,0.,653.306103));
#7467=IFCCARTESIANPOINT((73.0170465,0.,654.652818));
#7468=IFCCARTESIANPOINT((72.9188215,0.,655.999528));
#7469=IFCCARTESIANPOINT((72.8205195,0.,657.346232));
#7470=IFCCARTESIANPOINT((72.7221335,0.,658.69293));
#7471=IFCCARTESIANPOINT((72.6236585,0.,660.039621));
#7472=IFCCARTESIANPOINT((72.5250885,0.,661.386305));
#7473=IFCCARTESIANPOINT((72.4264155,0.,662.732981));
#7474=IFCCARTESIANPOINT((72.3276345,0.,664.079649));
#7475=IFCCARTESIANPOINT((72.2287395,0.,665.426309));
#7476=IFCCARTESIANPOINT((72.1297225,0.,666.772959));
#7477=IFCCARTESIANPOINT((72.0305795,0.,668.1196));
#7478=IFCCARTESIANPOINT((71.9313025,0.,669.466231));
#7479=IFCCARTESIANPOINT((71.8318855,0.,670.812851));
#7480=IFCCARTESIANPOINT((71.7323235,0.,672.15946));
#7481=IFCCARTESIANPOINT((71.6326085,0.,673.506057));
#7482=IFCCARTESIANPOINT((71.5327355,0.,674.852643));
#7483=IFCCARTESIANPOINT((71.4326975,0.,676.199216));
#7484=IFCCARTESIANPOINT((71.3324885,0.,677.545776));
#7485=IFCCARTESIANPOINT((71.2321025,0.,678.892322));
#7486=IFCCARTESIANPOINT((71.1315325,0.,680.238854));
#7487=IFCCARTESIANPOINT((71.0307735,0.,681.585372));
#7488=IFCCARTESIANPOINT((70.9298175,0.,682.931875));
#7489=IFCCARTESIANPOINT((70.8286595,0.,684.278362));
#7490=IFCCARTESIANPOINT((70.7272935,0.,685.624833));
#7491=IFCCARTESIANPOINT((70.6257125,0.,686.971288));
#7492=IFCCARTESIANPOINT((70.5239095,0.,688.317726));
#7493=IFCCARTESIANPOINT((70.4218805,0.,689.664147));
#7494=IFCCARTESIANPOINT((70.3196165,0.,691.010549));
#7495=IFCCARTESIANPOINT((70.2171135,0.,692.356933));
#7496=IFCCARTESIANPOINT((70.1143645,0.,693.703298));
#7497=IFCCARTESIANPOINT((70.0113625,0.,695.049644));
#7498=IFCCARTESIANPOINT((69.9081015,0.,696.39597));
#7499=IFCCARTESIANPOINT((69.8045755,0.,697.742276));
#7500=IFCCARTESIANPOINT((69.7007795,0.,699.08856));
#7501=IFCCARTESIANPOINT((69.5967045,0.,700.434823));
#7502=IFCCARTESIANPOINT((69.4923465,0.,701.781065));
#7503=IFCCARTESIANPOINT((69.3876985,0.,703.127284));
#7504=IFCCARTESIANPOINT((69.2827535,0.,704.47348));
#7505=IFCCARTESIANPOINT((69.1775065,0.,705.819653));
#7506=IFCCARTESIANPOINT((69.0719505,0.,707.165802));
#7507=IFCCARTESIANPOINT((68.9660795,0.,708.511927));
#7508=IFCCARTESIANPOINT((68.8598885,0.,709.858027));
#7509=IFCCARTESIANPOINT((68.7533695,0.,711.204101));
#7510=IFCCARTESIANPOINT((68.6465195,0.,712.550148));
#7511=IFCCARTESIANPOINT((68.5393325,0.,713.896167));
#7512=IFCCARTESIANPOINT((68.4318035,0.,715.242158));
#7513=IFCCARTESIANPOINT((68.3239315,0.,716.58812));
#7514=IFCCARTESIANPOINT((68.2157245,0.,717.934056));
#7515=IFCCARTESIANPOINT((68.1071905,0.,719.279967));
#7516=IFCCARTESIANPOINT((67.9983375,0.,720.625856));
#7517=IFCCARTESIANPOINT((67.8891725,0.,721.971724));
#7518=IFCCARTESIANPOINT((67.7796855,0.,723.317569));
#7519=IFCCARTESIANPOINT((67.6698225,0.,724.663384));
#7520=IFCCARTESIANPOINT((67.5595255,0.,726.009157));
#7521=IFCCARTESIANPOINT((67.4487385,0.,727.354879));
#7522=IFCCARTESIANPOINT((67.3374015,0.,728.70054));
#7523=IFCCARTESIANPOINT((67.2255025,0.,730.046138));
#7524=IFCCARTESIANPOINT((67.1131965,0.,731.3917));
#7525=IFCCARTESIANPOINT((67.0006745,0.,732.737262));
#7526=IFCCARTESIANPOINT((66.8881285,0.,734.082859));
#7527=IFCCARTESIANPOINT((66.7757505,0.,735.428525));
#7528=IFCCARTESIANPOINT((66.6636395,0.,736.774278));
#7529=IFCCARTESIANPOINT((66.5512905,0.,738.120028));
#7530=IFCCARTESIANPOINT((66.4379645,0.,739.465643));
#7531=IFCCARTESIANPOINT((66.3229205,0.,740.810991));
#7532=IFCCARTESIANPOINT((66.2054175,0.,742.15594));
#7533=IFCCARTESIANPOINT((66.0849565,0.,743.500393));
#7534=IFCCARTESIANPOINT((65.9639185,0.,744.844684));
#7535=IFCCARTESIANPOINT((65.8465925,0.,746.189432));
#7536=IFCCARTESIANPOINT((65.7373025,0.,747.535263));
#7537=IFCCARTESIANPOINT((65.6403705,0.,748.882799));
#7538=IFCCARTESIANPOINT((65.5601935,0.,750.232629));
#7539=IFCCARTESIANPOINT((65.5031795,0.,751.584381));
#7540=IFCCARTESIANPOINT((65.4779265,0.,752.936634));
#7541=IFCCARTESIANPOINT((65.4931435,0.,754.287915));
#7542=IFCCARTESIANPOINT((65.5575395,0.,755.63675));
#7543=IFCCARTESIANPOINT((65.6797735,0.,756.981657));
#7544=IFCCARTESIANPOINT((65.8649025,0.,758.320573));
#7545=IFCCARTESIANPOINT((66.1120585,0.,759.650472));
#7546=IFCCARTESIANPOINT((66.4198205,0.,760.968242));
#7547=IFCCARTESIANPOINT((66.7867675,0.,762.270769));
#7548=IFCCARTESIANPOINT((67.2114265,0.,763.555053));
#7549=IFCCARTESIANPOINT((67.6918905,0.,764.819048));
#7550=IFCCARTESIANPOINT((68.2260365,0.,766.061182));
#7551=IFCCARTESIANPOINT((68.8117415,0.,767.279886));
#7552=IFCCARTESIANPOINT((69.4468805,0.,768.473593));
#7553=IFCCARTESIANPOINT((70.1296685,0.,769.640594));
#7554=IFCCARTESIANPOINT((70.8592165,0.,770.778824));
#7555=IFCCARTESIANPOINT((71.6347785,0.,771.886154));
#7556=IFCCARTESIANPOINT((72.4556125,0.,772.960458));
#7557=IFCCARTESIANPOINT((73.3209585,0.,773.999599));
#7558=IFCCARTESIANPOINT((74.2297535,0.,775.001233));
#7559=IFCCARTESIANPOINT((75.1806295,0.,775.962808));
#7560=IFCCARTESIANPOINT((76.1722095,0.,776.881765));
#7561=IFCCARTESIANPOINT((77.2031125,0.,777.755545));
#7562=IFCCARTESIANPOINT((78.2715785,0.,778.582278));
#7563=IFCCARTESIANPOINT((79.3739815,0.,779.363482));
#7564=IFCCARTESIANPOINT((80.5061205,0.,780.101704));
#7565=IFCCARTESIANPOINT((81.6637975,0.,780.799495));
#7566=IFCCARTESIANPOINT((82.8428345,0.,781.459421));
#7567=IFCCARTESIANPOINT((84.0397925,0.,782.084602));
#7568=IFCCARTESIANPOINT((85.2521515,0.,782.678849));
#7569=IFCCARTESIANPOINT((86.4774515,0.,783.246019));
#7570=IFCCARTESIANPOINT((87.7132305,0.,783.789966));
#7571=IFCCARTESIANPOINT((88.9572015,0.,784.314335));
#7572=IFCCARTESIANPOINT((90.2080905,0.,784.821551));
#7573=IFCCARTESIANPOINT((91.4649875,0.,785.3136));
#7574=IFCCARTESIANPOINT((92.7269845,0.,785.792467));
#7575=IFCCARTESIANPOINT((93.9931765,0.,786.260124));
#7576=IFCCARTESIANPOINT((95.2629795,0.,786.717776));
#7577=IFCCARTESIANPOINT((96.5363185,0.,787.16541));
#7578=IFCCARTESIANPOINT((97.8131595,0.,787.602902));
#7579=IFCCARTESIANPOINT((99.0934725,0.,788.030133));
#7580=IFCCARTESIANPOINT((100.3772145,0.,788.447012));
#7581=IFCCARTESIANPOINT((101.6642685,0.,788.853682));
#7582=IFCCARTESIANPOINT((102.9544805,0.,789.250396));
#7583=IFCCARTESIANPOINT((104.2476965,0.,789.637406));
#7584=IFCCARTESIANPOINT((105.5437635,0.,790.014965));
#7585=IFCCARTESIANPOINT((106.8425275,0.,790.383326));
#7586=IFCCARTESIANPOINT((108.1438345,0.,790.742741));
#7587=IFCCARTESIANPOINT((109.4475305,0.,791.093462));
#7588=IFCCARTESIANPOINT((110.7534625,0.,791.435744));
#7589=IFCCARTESIANPOINT((112.0614775,0.,791.769837));
#7590=IFCCARTESIANPOINT((113.3714215,0.,792.095996));
#7591=IFCCARTESIANPOINT((114.6831745,0.,792.414475));
#7592=IFCCARTESIANPOINT((115.9966495,0.,792.725534));
#7593=IFCCARTESIANPOINT((117.3117625,0.,793.029433));
#7594=IFCCARTESIANPOINT((118.6284305,0.,793.326429));
#7595=IFCCARTESIANPOINT((119.9465675,0.,793.616784));
#7596=IFCCARTESIANPOINT((121.2660905,0.,793.900756));
#7597=IFCCARTESIANPOINT((122.5869145,0.,794.178604));
#7598=IFCCARTESIANPOINT((123.9089555,0.,794.450587));
#7599=IFCCARTESIANPOINT((125.2321295,0.,794.716966));
#7600=IFCCARTESIANPOINT((126.5563525,0.,794.977999));
#7601=IFCCARTESIANPOINT((127.8815475,0.,795.233929));
#7602=IFCCARTESIANPOINT((129.2076665,0.,795.484957));
#7603=IFCCARTESIANPOINT((130.5346595,0.,795.731277));
#7604=IFCCARTESIANPOINT((131.8624825,0.,795.973081));
#7605=IFCCARTESIANPOINT((133.1910865,0.,796.210565));
#7606=IFCCARTESIANPOINT((134.5204245,0.,796.443921));
#7607=IFCCARTESIANPOINT((135.8504505,0.,796.673343));
#7608=IFCCARTESIANPOINT((137.1811165,0.,796.899024));
#7609=IFCCARTESIANPOINT((138.5123765,0.,797.12116));
#7610=IFCCARTESIANPOINT((139.8441825,0.,797.339942));
#7611=IFCCARTESIANPOINT((141.1764895,0.,797.555563));
#7612=IFCCARTESIANPOINT((142.5092635,0.,797.768198));
#7613=IFCCARTESIANPOINT((143.8424775,0.,797.978016));
#7614=IFCCARTESIANPOINT((145.1761005,0.,798.185184));
#7615=IFCCARTESIANPOINT((146.5101045,0.,798.389873));
#7616=IFCCARTESIANPOINT((147.8444615,0.,798.592251));
#7617=IFCCARTESIANPOINT((149.1791415,0.,798.792486));
#7618=IFCCARTESIANPOINT((150.5141165,0.,798.990747));
#7619=IFCCARTESIANPOINT((151.8493585,0.,799.187203));
#7620=IFCCARTESIANPOINT((153.1848365,0.,799.382022));
#7621=IFCCARTESIANPOINT((154.5205235,0.,799.575374));
#7622=IFCCARTESIANPOINT((155.8563925,0.,799.76743));
#7623=IFCCARTESIANPOINT((157.1924195,0.,799.958365));
#7624=IFCCARTESIANPOINT((158.5285795,0.,800.148352));
#7625=IFCCARTESIANPOINT((159.8648495,0.,800.337567));
#7626=IFCCARTESIANPOINT((161.2012035,0.,800.526185));
#7627=IFCCARTESIANPOINT((162.5376175,0.,800.714379));
#7628=IFCCARTESIANPOINT((163.8740675,0.,800.902324));
#7629=IFCCARTESIANPOINT((165.2105295,0.,801.090195));
#7630=IFCCARTESIANPOINT((166.5469785,0.,801.278167));
#7631=IFCCARTESIANPOINT((167.8833915,0.,801.466413));
#7632=IFCCARTESIANPOINT((169.2197415,0.,801.655109));
#7633=IFCCARTESIANPOINT((170.5560035,0.,801.844434));
#7634=IFCCARTESIANPOINT((171.8921515,0.,802.034564));
#7635=IFCCARTESIANPOINT((173.2281575,0.,802.225677));
#7636=IFCCARTESIANPOINT((174.5639965,0.,802.417952));
#7637=IFCCARTESIANPOINT((175.8996405,0.,802.611565));
#7638=IFCCARTESIANPOINT((177.2350645,0.,802.806696));
#7639=IFCCARTESIANPOINT((178.5702405,0.,803.003521));
#7640=IFCCARTESIANPOINT((179.9051435,0.,803.202219));
#7641=IFCCARTESIANPOINT((181.2397465,0.,803.402966));
#7642=IFCCARTESIANPOINT((182.5740225,0.,803.605936));
#7643=IFCCARTESIANPOINT((183.9079465,0.,803.811256));
#7644=IFCCARTESIANPOINT((185.2414925,0.,804.019041));
#7645=IFCCARTESIANPOINT((186.5746355,0.,804.229407));
#7646=IFCCARTESIANPOINT((187.9073485,0.,804.442467));
#7647=IFCCARTESIANPOINT((189.2396085,0.,804.658336));
#7648=IFCCARTESIANPOINT((190.5713875,0.,804.877129));
#7649=IFCCARTESIANPOINT((191.9026605,0.,805.09896));
#7650=IFCCARTESIANPOINT((193.2334035,0.,805.323944));
#7651=IFCCARTESIANPOINT((194.5635895,0.,805.552194));
#7652=IFCCARTESIANPOINT((195.8931935,0.,805.783827));
#7653=IFCCARTESIANPOINT((197.2221825,0.,806.018974));
#7654=IFCCARTESIANPOINT((198.5505185,0.,806.257782));
#7655=IFCCARTESIANPOINT((199.8781635,0.,806.500397));
#7656=IFCCARTESIANPOINT((201.2050785,0.,806.746966));
#7657=IFCCARTESIANPOINT((202.5312265,0.,806.997636));
#7658=IFCCARTESIANPOINT((203.8565695,0.,807.252555));
#7659=IFCCARTESIANPOINT((205.1810695,0.,807.511853));
#7660=IFCCARTESIANPOINT((206.5047075,0.,807.775552));
#7661=IFCCARTESIANPOINT((207.8274685,0.,808.043627));
#7662=IFCCARTESIANPOINT((209.1493395,0.,808.31605));
#7663=IFCCARTESIANPOINT((210.4703065,0.,808.592794));
#7664=IFCCARTESIANPOINT((211.7903565,0.,808.873834));
#7665=IFCCARTESIANPOINT((213.1094735,0.,809.159142));
#7666=IFCCARTESIANPOINT((214.4276155,0.,809.448843));
#7667=IFCCARTESIANPOINT((215.7446315,0.,809.743566));
#7668=IFCCARTESIANPOINT((217.0603525,0.,810.044046));
#7669=IFCCARTESIANPOINT((218.3746085,0.,810.351017));
#7670=IFCCARTESIANPOINT((219.6872295,0.,810.665214));
#7671=IFCCARTESIANPOINT((220.9980455,0.,810.987371));
#7672=IFCCARTESIANPOINT((222.3068835,0.,811.318229));
#7673=IFCCARTESIANPOINT((223.6133745,0.,811.658895));
#7674=IFCCARTESIANPOINT((224.9168235,0.,812.011088));
#7675=IFCCARTESIANPOINT((226.2165065,0.,812.376588));
#7676=IFCCARTESIANPOINT((227.5116985,0.,812.75717));
#7677=IFCCARTESIANPOINT((228.8016725,0.,813.154613));
#7678=IFCCARTESIANPOINT((230.0857055,0.,813.570694));
#7679=IFCCARTESIANPOINT((231.3630615,0.,814.007177));
#7680=IFCCARTESIANPOINT((232.6328515,0.,814.465576));
#7681=IFCCARTESIANPOINT((233.8940495,0.,814.947196));
#7682=IFCCARTESIANPOINT((235.1456245,0.,815.453333));
#7683=IFCCARTESIANPOINT((236.3865485,0.,815.985281));
#7684=IFCCARTESIANPOINT((237.6156705,0.,816.544245));
#7685=IFCCARTESIANPOINT((238.8316535,0.,817.13128));
#7686=IFCCARTESIANPOINT((240.0331415,0.,817.747428));
#7687=IFCCARTESIANPOINT((241.2187805,0.,818.393732));
#7688=IFCCARTESIANPOINT((242.3870985,0.,819.071221));
#7689=IFCCARTESIANPOINT((243.5362225,0.,819.780884));
#7690=IFCCARTESIANPOINT((244.6641975,0.,820.523699));
#7691=IFCCARTESIANPOINT((245.7690685,0.,821.300644));
#7692=IFCCARTESIANPOINT((246.8488255,0.,822.11265));
#7693=IFCCARTESIANPOINT((247.9010565,0.,822.960267));
#7694=IFCCARTESIANPOINT((248.9231625,0.,823.843874));
#7695=IFCCARTESIANPOINT((249.9125445,0.,824.763847));
#7696=IFCCARTESIANPOINT((250.8666105,0.,825.720533));
#7697=IFCCARTESIANPOINT((251.7829405,0.,826.713686));
#7698=IFCCARTESIANPOINT((252.6592635,0.,827.742521));
#7699=IFCCARTESIANPOINT((253.4933155,0.,828.806235));
#7700=IFCCARTESIANPOINT((254.2828315,0.,829.904021));
#7701=IFCCARTESIANPOINT((255.0252625,0.,831.03478));
#7702=IFCCARTESIANPOINT((255.7175505,0.,832.196886));
#7703=IFCCARTESIANPOINT((256.3565835,0.,833.388656));
#7704=IFCCARTESIANPOINT((256.9392515,0.,834.608407));
#7705=IFCCARTESIANPOINT((257.4628965,0.,835.854309));
#7706=IFCCARTESIANPOINT((257.9285575,0.,837.123321));
#7707=IFCCARTESIANPOINT((258.3390645,0.,838.411816));
#7708=IFCCARTESIANPOINT((258.6972575,0.,839.716166));
#7709=IFCCARTESIANPOINT((259.0059775,0.,841.032745));
#7710=IFCCARTESIANPOINT((259.2679905,0.,842.358623));
#7711=IFCCARTESIANPOINT((259.4859255,0.,843.692136));
#7712=IFCCARTESIANPOINT((259.6623965,0.,845.03176));
#7713=IFCCARTESIANPOINT((259.8000165,0.,846.375966));
#7714=IFCCARTESIANPOINT((259.9012735,0.,847.723278));
#7715=IFCCARTESIANPOINT((259.9675715,0.,849.072638));
#7716=IFCCARTESIANPOINT((259.9997635,0.,850.423199));
#7717=IFCCARTESIANPOINT((259.9987015,0.,851.774117));
#7718=IFCCARTESIANPOINT((259.9652375,0.,853.12455));
#7719=IFCCARTESIANPOINT((259.9003575,0.,854.473753));
#7720=IFCCARTESIANPOINT((259.8053015,0.,855.821174));
#7721=IFCCARTESIANPOINT((259.6813405,0.,857.166281));
#7722=IFCCARTESIANPOINT((259.5297435,0.,858.508543));
#7723=IFCCARTESIANPOINT((259.3517695,0.,859.847451));
#7724=IFCCARTESIANPOINT((259.1485845,0.,861.182683));
#7725=IFCCARTESIANPOINT((258.9213075,0.,862.51402));
#7726=IFCCARTESIANPOINT((258.6710565,0.,863.841237));
#7727=IFCCARTESIANPOINT((258.3989495,0.,865.164114));
#7728=IFCCARTESIANPOINT((258.1060905,0.,866.482503));
#7729=IFCCARTESIANPOINT((257.7935555,0.,867.796408));
#7730=IFCCARTESIANPOINT((257.4624155,0.,869.105851));
#7731=IFCCARTESIANPOINT((257.1137405,0.,870.410856));
#7732=IFCCARTESIANPOINT((256.7486015,0.,871.711445));
#7733=IFCCARTESIANPOINT((256.3680715,0.,873.007642));
#7734=IFCCARTESIANPOINT((255.9732195,0.,874.299471));
#7735=IFCCARTESIANPOINT((255.5650215,0.,875.586972));
#7736=IFCCARTESIANPOINT((255.1441375,0.,876.870245));
#7737=IFCCARTESIANPOINT((254.7111635,0.,878.149403));
#7738=IFCCARTESIANPOINT((254.2666975,0.,879.424558));
#7739=IFCCARTESIANPOINT((253.8113365,0.,880.695822));
#7740=IFCCARTESIANPOINT((253.3456755,0.,881.963308));
#7741=IFCCARTESIANPOINT((252.8703135,0.,883.227127));
#7742=IFCCARTESIANPOINT((252.3859785,0.,884.487461));
#7743=IFCCARTESIANPOINT((251.8940175,0.,885.744813));
#7744=IFCCARTESIANPOINT((251.3959555,0.,886.99978));
#7745=IFCCARTESIANPOINT((250.8933185,0.,888.252958));
#7746=IFCCARTESIANPOINT((250.3876315,0.,889.504943));
#7747=IFCCARTESIANPOINT((249.8804185,0.,890.756332));
#7748=IFCPOLYLINE((#7749,#7750));
#7749=IFCCARTESIANPOINT((-248.0443905,0.,892.));
#7750=IFCCARTESIANPOINT((248.0443505,0.,892.));
#7751=IFCPOLYLINE((#7752,#7753));
#7752=IFCCARTESIANPOINT((107.0757915,0.,-8.));
#7753=IFCCARTESIANPOINT((-107.0758305,0.,-8.));
#7754=IFCSHAPEREPRESENTATION(#7755,'Body','GeometricCurveSet',(#7756));
#7755=IFCGEOMETRICREPRESENTATIONSUBCONTEXT('Body','Model',*,*,*,*,#2,$,.ELEVATION_VIEW.,$);
#7756=IFCGEOMETRICCURVESET((#7757,#8527,#9297,#9300));
#7757=IFCPOLYLINE((#7758,#7759,#7760,#7761,#7762,#7763,#7764,#7765,#7766,#7767,#7768,#7769,#7770,#7771,#7772,#7773,#7774,#7775,#7776,#7777,#7778,#7779,#7780,#7781,#7782,#7783,#7784,#7785,#7786,#7787,#7788,#7789,#7790,#7791,#7792,#7793,#7794,#7795,#7796,#7797,#7798,#7799,#7800,#7801,#7802,#7803,#7804,#7805,#7806,#7807,#7808,#7809,#7810,#7811,#7812,#7813,#7814,#7815,#7816,#7817,#7818,#7819,#7820,#7821,#7822,#7823,#7824,#7825,#7826,#7827,#7828,#7829,#7830,#7831,#7832,#7833,#7834,#7835,#7836,#7837,#7838,#7839,#7840,#7841,#7842,#7843,#7844,#7845,#7846,#7847,#7848,#7849,#7850,#7851,#7852,#7853,#7854,#7855,#7856,#7857,#7858,#7859,#7860,#7861,#7862,#7863,#7864,#7865,#7866,#7867,#7868,#7869,#7870,#7871,#7872,#7873,#7874,#7875,#7876,#7877,#7878,#7879,#7880,#7881,#7882,#7883,#7884,#7885,#7886,#7887,#7888,#7889,#7890,#7891,#7892,#7893,#7894,#7895,#7896,#7897,#7898,#7899,#7900,#7901,#7902,#7903,#7904,#7905,#7906,#7907,#7908,#7909,#7910,#7911,#7912,#7913,#7914,#7915,#7916,#7917,#7918,#7919,#7920,#7921,#7922,#7923,#7924,#7925,#7926,#7927,#7928,#7929,#7930,#7931,#7932,#7933,#7934,#7935,#7936,#7937,#7938,#7939,#7940,#7941,#7942,#7943,#7944,#7945,#7946,#7947,#7948,#7949,#7950,#7951,#7952,#7953,#7954,#7955,#7956,#7957,#7958,#7959,#7960,#7961,#7962,#7963,#7964,#7965,#7966,#7967,#7968,#7969,#7970,#7971,#7972,#7973,#7974,#7975,#7976,#7977,#7978,#7979,#7980,#7981,#7982,#7983,#7984,#7985,#7986,#7987,#7988,#7989,#7990,#7991,#7992,#7993,#7994,#7995,#7996,#7997,#7998,#7999,#8000,#8001,#8002,#8003,#8004,#8005,#8006,#8007,#8008,#8009,#8010,#8011,#8012,#8013,#8014,#8015,#8016,#8017,#8018,#8019,#8020,#8021,#8022,#8023,#8024,#8025,#8026,#8027,#8028,#8029,#8030,#8031,#8032,#8033,#8034,#8035,#8036,#8037,#8038,#8039,#8040,#8041,#8042,#8043,#8044,#8045,#8046,#8047,#8048,#8049,#8050,#8051,#8052,#8053,#8054,#8055,#8056,#8057,#8058,#8059,#8060,#8061,#8062,#8063,#8064,#8065,#8066,#8067,#8068,#8069,#8070,#8071,#8072,#8073,#8074,#8075,#8076,#8077,#8078,#8079,#8080,#8081,#8082,#8083,#8084,#8085,#8086,#8087,#8088,#8089,#8090,#8091,#8092,#8093,#8094,#8095,#8096,#8097,#8098,#8099,#8100,#8101,#8102,#8103,#8104,#8105,#8106,#8107,#8108,#8109,#8110,#8111,#8112,#8113,#8114,#8115,#8116,#8117,#8118,#8119,#8120,#8121,#8122,#8123,#8124,#8125,#8126,#8127,#8128,#8129,#8130,#8131,#8132,#8133,#8134,#8135,#8136,#8137,#8138,#8139,#8140,#8141,#8142,#8143,#8144,#8145,#8146,#8147,#8148,#8149,#8150,#8151,#8152,#8153,#8154,#8155,#8156,#8157,#8158,#8159,#8160,#8161,#8162,#8163,#8164,#8165,#8166,#8167,#8168,#8169,#8170,#8171,#8172,#8173,#8174,#8175,#8176,#8177,#8178,#8179,#8180,#8181,#8182,#8183,#8184,#8185,#8186,#8187,#8188,#8189,#8190,#8191,#8192,#8193,#8194,#8195,#8196,#8197,#8198,#8199,#8200,#8201,#8202,#8203,#8204,#8205,#8206,#8207,#8208,#8209,#8210,#8211,#8212,#8213,#8214,#8215,#8216,#8217,#8218,#8219,#8220,#8221,#8222,#8223,#8224,#8225,#8226,#8227,#8228,#8229,#8230,#8231,#8232,#8233,#8234,#8235,#8236,#8237,#8238,#8239,#8240,#8241,#8242,#8243,#8244,#8245,#8246,#8247,#8248,#8249,#8250,#8251,#8252,#8253,#8254,#8255,#8256,#8257,#8258,#8259,#8260,#8261,#8262,#8263,#8264,#8265,#8266,#8267,#8268,#8269,#8270,#8271,#8272,#8273,#8274,#8275,#8276,#8277,#8278,#8279,#8280,#8281,#8282,#8283,#8284,#8285,#8286,#8287,#8288,#8289,#8290,#8291,#8292,#8293,#8294,#8295,#8296,#8297,#8298,#8299,#8300,#8301,#8302,#8303,#8304,#8305,#8306,#8307,#8308,#8309,#8310,#8311,#8312,#8313,#8314,#8315,#8316,#8317,#8318,#8319,#8320,#8321,#8322,#8323,#8324,#8325,#8326,#8327,#8328,#8329,#8330,#8331,#8332,#8333,#8334,#8335,#8336,#8337,#8338,#8339,#8340,#8341,#8342,#8343,#8344,#8345,#8346,#8347,#8348,#8349,#8350,#8351,#8352,#8353,#8354,#8355,#8356,#8357,#8358,#8359,#8360,#8361,#8362,#8363,#8364,#8365,#8366,#8367,#8368,#8369,#8370,#8371,#8372,#8373,#8374,#8375,#8376,#8377,#8378,#8379,#8380,#8381,#8382,#8383,#8384,#8385,#8386,#8387,#8388,#8389,#8390,#8391,#8392,#8393,#8394,#8395,#8396,#8397,#8398,#8399,#8400,#8401,#8402,#8403,#8404,#8405,#8406,#8407,#8408,#8409,#8410,#8411,#8412,#8413,#8414,#8415,#8416,#8417,#8418,#8419,#8420,#8421,#8422,#8423,#8424,#8425,#8426,#8427,#8428,#8429,#8430,#8431,#8432,#8433,#8434,#8435,#8436,#8437,#8438,#8439,#8440,#8441,#8442,#8443,#8444,#8445,#8446,#8447,#8448,#8449,#8450,#8451,#8452,#8453,#8454,#8455,#8456,#8457,#8458,#8459,#8460,#8461,#8462,#8463,#8464,#8465,#8466,#8467,#8468,#8469,#8470,#8471,#8472,#8473,#8474,#8475,#8476,#8477,#8478,#8479,#8480,#8481,#8482,#8483,#8484,#8485,#8486,#8487,#8488,#8489,#8490,#8491,#8492,#8493,#8494,#8495,#8496,#8497,#8498,#8499,#8500,#8501,#8502,#8503,#8504,#8505,#8506,#8507,#8508,#8509,#8510,#8511,#8512,#8513,#8514,#8515,#8516,#8517,#8518,#8519,#8520,#8521,#8522,#8523,#8524,#8525,#8526));
#7758=IFCCARTESIANPOINT((0.,-249.8833195,890.750665));
#7759=IFCCARTESIANPOINT((0.,-250.3907425,889.499404));
#7760=IFCCARTESIANPOINT((0.,-250.8965955,888.247522));
#7761=IFCCARTESIANPOINT((0.,-251.3993075,886.994402));
#7762=IFCCARTESIANPOINT((0.,-251.8973065,885.739421));
#7763=IFCCARTESIANPOINT((0.,-252.3890225,884.481962));
#7764=IFCCARTESIANPOINT((0.,-252.8728945,883.221409));
#7765=IFCCARTESIANPOINT((0.,-253.3477525,881.957353));
#7766=IFCCARTESIANPOINT((0.,-253.8129775,880.689671));
#7767=IFCCARTESIANPOINT((0.,-254.2679895,879.418264));
#7768=IFCCARTESIANPOINT((0.,-254.7122075,878.143029));
#7769=IFCCARTESIANPOINT((0.,-255.1450535,876.863867));
#7770=IFCCARTESIANPOINT((0.,-255.5659455,875.580676));
#7771=IFCCARTESIANPOINT((0.,-255.9742895,874.293356));
#7772=IFCCARTESIANPOINT((0.,-256.3692475,873.001807));
#7773=IFCCARTESIANPOINT((0.,-256.7497865,871.705932));
#7774=IFCCARTESIANPOINT((0.,-257.1148685,870.405635));
#7775=IFCCARTESIANPOINT((0.,-257.4634565,869.100818));
#7776=IFCCARTESIANPOINT((0.,-257.7945125,867.791384));
#7777=IFCCARTESIANPOINT((0.,-258.1069995,866.477235));
#7778=IFCCARTESIANPOINT((0.,-258.3998695,865.158302));
#7779=IFCCARTESIANPOINT((0.,-258.6720135,863.834753));
#7780=IFCCARTESIANPOINT((0.,-258.9222825,862.506876));
#7781=IFCCARTESIANPOINT((0.,-259.1495325,861.174957));
#7782=IFCCARTESIANPOINT((0.,-259.3526155,859.839286));
#7783=IFCCARTESIANPOINT((0.,-259.5303865,858.500151));
#7784=IFCCARTESIANPOINT((0.,-259.6816985,857.15784));
#7785=IFCCARTESIANPOINT((0.,-259.8053945,855.812687));
#7786=IFCCARTESIANPOINT((0.,-259.9002675,854.465231));
#7787=IFCCARTESIANPOINT((0.,-259.9650965,853.116067));
#7788=IFCCARTESIANPOINT((0.,-259.9986625,851.765791));
#7789=IFCCARTESIANPOINT((0.,-259.9997635,850.415019));
#7790=IFCCARTESIANPOINT((0.,-259.9673805,849.064554));
#7791=IFCCARTESIANPOINT((0.,-259.9005955,847.715311));
#7792=IFCCARTESIANPOINT((0.,-259.7984945,846.368201));
#7793=IFCCARTESIANPOINT((0.,-259.6601225,845.024154));
#7794=IFCCARTESIANPOINT((0.,-259.4835695,843.684499));
#7795=IFCCARTESIANPOINT((0.,-259.2659055,842.350986));
#7796=IFCCARTESIANPOINT((0.,-259.0041515,841.02539));
#7797=IFCCARTESIANPOINT((0.,-258.6953295,839.709486));
#7798=IFCCARTESIANPOINT((0.,-258.3366135,838.405621));
#7799=IFCCARTESIANPOINT((0.,-257.9254895,837.117348));
#7800=IFCCARTESIANPOINT((0.,-257.4594885,835.848373));
#7801=IFCCARTESIANPOINT((0.,-256.9361395,834.602403));
#7802=IFCCARTESIANPOINT((0.,-256.3538535,833.382803));
#7803=IFCCARTESIANPOINT((0.,-255.7148415,832.191479));
#7804=IFCCARTESIANPOINT((0.,-255.0223275,831.029942));
#7805=IFCCARTESIANPOINT((0.,-254.2795395,829.899705));
#7806=IFCCARTESIANPOINT((0.,-253.4896415,828.802238));
#7807=IFCCARTESIANPOINT((0.,-252.6552305,827.738622));
#7808=IFCCARTESIANPOINT((0.,-251.7785895,826.709724));
#7809=IFCCARTESIANPOINT((0.,-250.8619975,825.716408));
#7810=IFCCARTESIANPOINT((0.,-249.9077355,824.759536));
#7811=IFCCARTESIANPOINT((0.,-248.9181705,823.839577));
#7812=IFCCARTESIANPOINT((0.,-247.8958535,822.956139));
#7813=IFCCARTESIANPOINT((0.,-246.8433635,822.108719));
#7814=IFCCARTESIANPOINT((0.,-245.7632765,821.296814));
#7815=IFCCARTESIANPOINT((0.,-244.6581275,820.519895));
#7816=IFCCARTESIANPOINT((0.,-243.5300195,819.777147));
#7817=IFCCARTESIANPOINT((0.,-242.3807975,819.06759));
#7818=IFCCARTESIANPOINT((0.,-241.2123035,818.390238));
#7819=IFCCARTESIANPOINT((0.,-240.0263775,817.744109));
#7820=IFCCARTESIANPOINT((0.,-238.8247125,817.128184));
#7821=IFCCARTESIANPOINT((0.,-237.6086385,816.541367));
#7822=IFCCARTESIANPOINT((0.,-236.3794335,815.982547));
#7823=IFCCARTESIANPOINT((0.,-235.1383775,815.450616));
#7824=IFCCARTESIANPOINT((0.,-233.8867305,814.944453));
#7825=IFCCARTESIANPOINT((0.,-232.6255565,814.462813));
#7826=IFCCARTESIANPOINT((0.,-231.3557835,814.004371));
#7827=IFCCARTESIANPOINT((0.,-230.0783385,813.567798));
#7828=IFCCARTESIANPOINT((0.,-228.7941505,813.151766));
#7829=IFCCARTESIANPOINT((0.,-227.5041075,812.754731));
#7830=IFCCARTESIANPOINT((0.,-226.2090045,812.374611));
#7831=IFCCARTESIANPOINT((0.,-224.9096225,812.009244));
#7832=IFCCARTESIANPOINT((0.,-223.6067405,811.656465));
#7833=IFCCARTESIANPOINT((0.,-222.3011105,811.314191));
#7834=IFCCARTESIANPOINT((0.,-220.9931285,810.981253));
#7835=IFCCARTESIANPOINT((0.,-219.6829625,810.65709));
#7836=IFCCARTESIANPOINT((0.,-218.3707755,810.341146));
#7837=IFCCARTESIANPOINT((0.,-217.0567285,810.032868));
#7838=IFCCARTESIANPOINT((0.,-215.7409875,809.731702));
#7839=IFCCARTESIANPOINT((0.,-214.4237125,809.437095));
#7840=IFCCARTESIANPOINT((0.,-213.1050675,809.148493));
#7841=IFCCARTESIANPOINT((0.,-211.7852155,808.865342));
#7842=IFCCARTESIANPOINT((0.,-210.4643195,808.587088));
#7843=IFCCARTESIANPOINT((0.,-209.1425425,808.313178));
#7844=IFCCARTESIANPOINT((0.,-207.8200165,808.043164));
#7845=IFCCARTESIANPOINT((0.,-206.4967705,807.776957));
#7846=IFCCARTESIANPOINT((0.,-205.1728115,807.514547));
#7847=IFCCARTESIANPOINT((0.,-203.8481465,807.255924));
#7848=IFCCARTESIANPOINT((0.,-202.5227815,807.001076));
#7849=IFCCARTESIANPOINT((0.,-201.1967245,806.749992));
#7850=IFCCARTESIANPOINT((0.,-199.8699825,806.502661));
#7851=IFCCARTESIANPOINT((0.,-198.5425615,806.259073));
#7852=IFCCARTESIANPOINT((0.,-197.2144685,806.019217));
#7853=IFCCARTESIANPOINT((0.,-195.8857105,805.783081));
#7854=IFCCARTESIANPOINT((0.,-194.5562955,805.550653));
#7855=IFCCARTESIANPOINT((0.,-193.2262415,805.321858));
#7856=IFCCARTESIANPOINT((0.,-191.8955815,805.096551));
#7857=IFCCARTESIANPOINT((0.,-190.5643475,804.874586));
#7858=IFCCARTESIANPOINT((0.,-189.2325745,804.655813));
#7859=IFCCARTESIANPOINT((0.,-187.9002935,804.440085));
#7860=IFCCARTESIANPOINT((0.,-186.5675375,804.227256));
#7861=IFCCARTESIANPOINT((0.,-185.2343415,804.017176));
#7862=IFCCARTESIANPOINT((0.,-183.9007365,803.809698));
#7863=IFCCARTESIANPOINT((0.,-182.5667565,803.604674));
#7864=IFCCARTESIANPOINT((0.,-181.2324335,803.401957));
#7865=IFCCARTESIANPOINT((0.,-179.8977995,803.201393));
#7866=IFCCARTESIANPOINT((0.,-178.5628795,803.002816));
#7867=IFCCARTESIANPOINT((0.,-177.2276985,802.806058));
#7868=IFCCARTESIANPOINT((0.,-175.8922795,802.610948));
#7869=IFCCARTESIANPOINT((0.,-174.5566485,802.417319));
#7870=IFCCARTESIANPOINT((0.,-173.2208285,802.225001));
#7871=IFCCARTESIANPOINT((0.,-171.8848455,802.033826));
#7872=IFCCARTESIANPOINT((0.,-170.5487245,801.843624));
#7873=IFCCARTESIANPOINT((0.,-169.2124875,801.654227));
#7874=IFCCARTESIANPOINT((0.,-167.8761615,801.465466));
#7875=IFCCARTESIANPOINT((0.,-166.5397685,801.277171));
#7876=IFCCARTESIANPOINT((0.,-165.2033365,801.089167));
#7877=IFCCARTESIANPOINT((0.,-163.8668875,800.901278));
#7878=IFCCARTESIANPOINT((0.,-162.5304475,800.713326));
#7879=IFCCARTESIANPOINT((0.,-161.1940415,800.525135));
#7880=IFCCARTESIANPOINT((0.,-159.8576945,800.336528));
#7881=IFCCARTESIANPOINT((0.,-158.5214305,800.147328));
#7882=IFCCARTESIANPOINT((0.,-157.1852755,799.957358));
#7883=IFCCARTESIANPOINT((0.,-155.8492535,799.76644));
#7884=IFCCARTESIANPOINT((0.,-154.5133895,799.574399));
#7885=IFCCARTESIANPOINT((0.,-153.1777085,799.381057));
#7886=IFCCARTESIANPOINT((0.,-151.8422375,799.186241));
#7887=IFCCARTESIANPOINT((0.,-150.5070055,798.989785));
#7888=IFCCARTESIANPOINT((0.,-149.1720395,798.791518));
#7889=IFCCARTESIANPOINT((0.,-147.8373695,798.591274));
#7890=IFCCARTESIANPOINT((0.,-146.5030245,798.388884));
#7891=IFCCARTESIANPOINT((0.,-145.1690315,798.184181));
#7892=IFCCARTESIANPOINT((0.,-143.8354205,797.976996));
#7893=IFCCARTESIANPOINT((0.,-142.5022195,797.76716));
#7894=IFCCARTESIANPOINT((0.,-141.1694565,797.554507));
#7895=IFCCARTESIANPOINT((0.,-139.8371625,797.338868));
#7896=IFCCARTESIANPOINT((0.,-138.5053685,797.120067));
#7897=IFCCARTESIANPOINT((0.,-137.1741205,796.897914));
#7898=IFCCARTESIANPOINT((0.,-135.8434665,796.672215));
#7899=IFCCARTESIANPOINT((0.,-134.5134525,796.442775));
#7900=IFCCARTESIANPOINT((0.,-133.1841265,796.209402));
#7901=IFCCARTESIANPOINT((0.,-131.8555355,795.9719));
#7902=IFCCARTESIANPOINT((0.,-130.5277255,795.730077));
#7903=IFCCARTESIANPOINT((0.,-129.2007445,795.483738));
#7904=IFCCARTESIANPOINT((0.,-127.8746385,795.23269));
#7905=IFCCARTESIANPOINT((0.,-126.5494555,794.976738));
#7906=IFCCARTESIANPOINT((0.,-125.2252475,794.715682));
#7907=IFCCARTESIANPOINT((0.,-123.9020875,794.449279));
#7908=IFCCARTESIANPOINT((0.,-122.5800605,794.17727));
#7909=IFCCARTESIANPOINT((0.,-121.2592515,793.899395));
#7910=IFCCARTESIANPOINT((0.,-119.9397435,793.615395));
#7911=IFCCARTESIANPOINT((0.,-118.6216225,793.32501));
#7912=IFCCARTESIANPOINT((0.,-117.3049705,793.027982));
#7913=IFCCARTESIANPOINT((0.,-115.9898735,792.724052));
#7914=IFCCARTESIANPOINT((0.,-114.6764155,792.412959));
#7915=IFCCARTESIANPOINT((0.,-113.3646795,792.094445));
#7916=IFCCARTESIANPOINT((0.,-112.0547535,791.768251));
#7917=IFCCARTESIANPOINT((0.,-110.7467575,791.434121));
#7918=IFCCARTESIANPOINT((0.,-109.4408445,791.091801));
#7919=IFCCARTESIANPOINT((0.,-108.1371675,790.741041));
#7920=IFCCARTESIANPOINT((0.,-106.8358805,790.381586));
#7921=IFCCARTESIANPOINT((0.,-105.5371385,790.013185));
#7922=IFCCARTESIANPOINT((0.,-104.2410935,789.635584));
#7923=IFCCARTESIANPOINT((0.,-102.9478995,789.248531));
#7924=IFCCARTESIANPOINT((0.,-101.6577105,788.851773));
#7925=IFCCARTESIANPOINT((0.,-100.3706805,788.445058));
#7926=IFCCARTESIANPOINT((0.,-99.0869625,788.028133));
#7927=IFCCARTESIANPOINT((0.,-97.8066745,787.600856));
#7928=IFCCARTESIANPOINT((0.,-96.5298585,787.163318));
#7929=IFCCARTESIANPOINT((0.,-95.2565455,786.71564));
#7930=IFCCARTESIANPOINT((0.,-93.9867675,786.257944));
#7931=IFCCARTESIANPOINT((0.,-92.7206015,785.790241));
#7932=IFCCARTESIANPOINT((0.,-91.4586355,785.31132));
#7933=IFCCARTESIANPOINT((0.,-90.2017725,784.819208));
#7934=IFCCARTESIANPOINT((0.,-88.9509215,784.311919));
#7935=IFCCARTESIANPOINT((0.,-87.7069935,783.787469));
#7936=IFCCARTESIANPOINT((0.,-86.4712655,783.243426));
#7937=IFCCARTESIANPOINT((0.,-85.2460285,782.676142));
#7938=IFCCARTESIANPOINT((0.,-84.0337435,782.081763));
#7939=IFCCARTESIANPOINT((0.,-82.8368715,781.456433));
#7940=IFCCARTESIANPOINT((0.,-81.6579325,780.796342));
#7941=IFCCARTESIANPOINT((0.,-80.5003715,780.098374));
#7942=IFCCARTESIANPOINT((0.,-79.3683685,779.359963));
#7943=IFCCARTESIANPOINT((0.,-78.2661205,778.57856));
#7944=IFCCARTESIANPOINT((0.,-77.1978275,777.751616));
#7945=IFCCARTESIANPOINT((0.,-76.1671095,776.877627));
#7946=IFCCARTESIANPOINT((0.,-75.1757215,775.958474));
#7947=IFCCARTESIANPOINT((0.,-74.2250415,774.996715));
#7948=IFCCARTESIANPOINT((0.,-73.3164495,773.99491));
#7949=IFCCARTESIANPOINT((0.,-72.4513115,772.955609));
#7950=IFCCARTESIANPOINT((0.,-71.6306895,771.881156));
#7951=IFCCARTESIANPOINT((0.,-70.8553405,770.773687));
#7952=IFCCARTESIANPOINT((0.,-70.1260105,769.635329));
#7953=IFCCARTESIANPOINT((0.,-69.4434415,768.468208));
#7954=IFCCARTESIANPOINT((0.,-68.8085275,767.274392));
#7955=IFCCARTESIANPOINT((0.,-68.2230565,766.055586));
#7956=IFCCARTESIANPOINT((0.,-67.6891525,764.813357));
#7957=IFCCARTESIANPOINT((0.,-67.2089405,763.549275));
#7958=IFCCARTESIANPOINT((0.,-66.7845415,762.264911));
#7959=IFCCARTESIANPOINT((0.,-66.4178615,760.962317));
#7960=IFCCARTESIANPOINT((0.,-66.1103725,759.644494));
#7961=IFCCARTESIANPOINT((0.,-65.8634945,758.314556));
#7962=IFCCARTESIANPOINT((0.,-65.6786495,756.975616));
#7963=IFCCARTESIANPOINT((0.,-65.5566935,755.630696));
#7964=IFCCARTESIANPOINT((0.,-65.4925385,754.281855));
#7965=IFCCARTESIANPOINT((0.,-65.4775225,752.930576));
#7966=IFCCARTESIANPOINT((0.,-65.5029365,751.578331));
#7967=IFCCARTESIANPOINT((0.,-65.5600735,750.226593));
#7968=IFCCARTESIANPOINT((0.,-65.6403355,748.876783));
#7969=IFCCARTESIANPOINT((0.,-65.7373315,747.529265));
#7970=IFCCARTESIANPOINT((0.,-65.8466665,746.18345));
#7971=IFCCARTESIANPOINT((0.,-65.9640175,744.838713));
#7972=IFCCARTESIANPOINT((0.,-66.0850615,743.494432));
#7973=IFCCARTESIANPOINT((0.,-66.2055115,742.149986));
#7974=IFCCARTESIANPOINT((0.,-66.3230005,740.805044));
#7975=IFCCARTESIANPOINT((0.,-66.4380345,739.459703));
#7976=IFCCARTESIANPOINT((0.,-66.5513535,738.114096));
#7977=IFCCARTESIANPOINT((0.,-66.6636995,736.768355));
#7978=IFCCARTESIANPOINT((0.,-66.7758105,735.422611));
#7979=IFCCARTESIANPOINT((0.,-66.8881885,734.076954));
#7980=IFCCARTESIANPOINT((0.,-67.0007335,732.731367));
#7981=IFCCARTESIANPOINT((0.,-67.1132545,731.385814));
#7982=IFCCARTESIANPOINT((0.,-67.2255585,730.04026));
#7983=IFCCARTESIANPOINT((0.,-67.3374545,728.694671));
#7984=IFCCARTESIANPOINT((0.,-67.4487885,727.349019));
#7985=IFCCARTESIANPOINT((0.,-67.5595725,726.003306));
#7986=IFCCARTESIANPOINT((0.,-67.6698665,724.657541));
#7987=IFCCARTESIANPOINT((0.,-67.7797265,723.311736));
#7988=IFCCARTESIANPOINT((0.,-67.8892125,721.965899));
#7989=IFCCARTESIANPOINT((0.,-67.9983755,720.62004));
#7990=IFCCARTESIANPOINT((0.,-68.1072265,719.27416));
#7991=IFCCARTESIANPOINT((0.,-68.2157585,717.928257));
#7992=IFCCARTESIANPOINT((0.,-68.3239625,716.58233));
#7993=IFCCARTESIANPOINT((0.,-68.4318325,715.236377));
#7994=IFCCARTESIANPOINT((0.,-68.5393595,713.890395));
#7995=IFCCARTESIANPOINT((0.,-68.6465445,712.544385));
#7996=IFCCARTESIANPOINT((0.,-68.7533925,711.198346));
#7997=IFCCARTESIANPOINT((0.,-68.8599085,709.852281));
#7998=IFCCARTESIANPOINT((0.,-68.9660985,708.50619));
#7999=IFCCARTESIANPOINT((0.,-69.0719675,707.160074));
#8000=IFCCARTESIANPOINT((0.,-69.1775215,705.813934));
#8001=IFCCARTESIANPOINT((0.,-69.2827665,704.46777));
#8002=IFCCARTESIANPOINT((0.,-69.3877085,703.121582));
#8003=IFCCARTESIANPOINT((0.,-69.4923545,701.775372));
#8004=IFCCARTESIANPOINT((0.,-69.5967115,700.429139));
#8005=IFCCARTESIANPOINT((0.,-69.7007835,699.082885));
#8006=IFCCARTESIANPOINT((0.,-69.8045785,697.736609));
#8007=IFCCARTESIANPOINT((0.,-69.9081025,696.390312));
#8008=IFCCARTESIANPOINT((0.,-70.0113615,695.043995));
#8009=IFCCARTESIANPOINT((0.,-70.1143615,693.697658));
#8010=IFCCARTESIANPOINT((0.,-70.2171095,692.351302));
#8011=IFCCARTESIANPOINT((0.,-70.3196105,691.004927));
#8012=IFCCARTESIANPOINT((0.,-70.4218725,689.658533));
#8013=IFCCARTESIANPOINT((0.,-70.5239005,688.312122));
#8014=IFCCARTESIANPOINT((0.,-70.6257015,686.965693));
#8015=IFCCARTESIANPOINT((0.,-70.7272805,685.619247));
#8016=IFCCARTESIANPOINT((0.,-70.8286455,684.272784));
#8017=IFCCARTESIANPOINT((0.,-70.9298025,682.926306));
#8018=IFCCARTESIANPOINT((0.,-71.0307565,681.579812));
#8019=IFCCARTESIANPOINT((0.,-71.1315145,680.233303));
#8020=IFCCARTESIANPOINT((0.,-71.2320825,678.886779));
#8021=IFCCARTESIANPOINT((0.,-71.3324675,677.540242));
#8022=IFCCARTESIANPOINT((0.,-71.4326745,676.193691));
#8023=IFCCARTESIANPOINT((0.,-71.5327115,674.847127));
#8024=IFCCARTESIANPOINT((0.,-71.6325825,673.500551));
#8025=IFCCARTESIANPOINT((0.,-71.7322965,672.153962));
#8026=IFCCARTESIANPOINT((0.,-71.8318575,670.807362));
#8027=IFCCARTESIANPOINT((0.,-71.9312725,669.460751));
#8028=IFCCARTESIANPOINT((0.,-72.0305485,668.114129));
#8029=IFCCARTESIANPOINT((0.,-72.1296915,666.767497));
#8030=IFCCARTESIANPOINT((0.,-72.2287065,665.420855));
#8031=IFCCARTESIANPOINT((0.,-72.3276005,664.074205));
#8032=IFCCARTESIANPOINT((0.,-72.4263805,662.727545));
#8033=IFCCARTESIANPOINT((0.,-72.5250525,661.380878));
#8034=IFCCARTESIANPOINT((0.,-72.6236215,660.034203));
#8035=IFCCARTESIANPOINT((0.,-72.7220955,658.68752));
#8036=IFCCARTESIANPOINT((0.,-72.8204795,657.340831));
#8037=IFCCARTESIANPOINT((0.,-72.9187805,655.994136));
#8038=IFCCARTESIANPOINT((0.,-73.0170055,654.647435));
#8039=IFCCARTESIANPOINT((0.,-73.1151585,653.300729));
#8040=IFCCARTESIANPOINT((0.,-73.2132475,651.954019));
#8041=IFCCARTESIANPOINT((0.,-73.3112785,650.607304));
#8042=IFCCARTESIANPOINT((0.,-73.4092575,649.260585));
#8043=IFCCARTESIANPOINT((0.,-73.5071905,647.913863));
#8044=IFCCARTESIANPOINT((0.,-73.6050845,646.567138));
#8045=IFCCARTESIANPOINT((0.,-73.7029445,645.220411));
#8046=IFCCARTESIANPOINT((0.,-73.8007785,643.873683));
#8047=IFCCARTESIANPOINT((0.,-73.8985925,642.526952));
#8048=IFCCARTESIANPOINT((0.,-73.9963895,641.180221));
#8049=IFCCARTESIANPOINT((0.,-74.0941755,639.83349));
#8050=IFCCARTESIANPOINT((0.,-74.1919505,638.486758));
#8051=IFCCARTESIANPOINT((0.,-74.2897195,637.140025));
#8052=IFCCARTESIANPOINT((0.,-74.3874855,635.793293));
#8053=IFCCARTESIANPOINT((0.,-74.4852495,634.44656));
#8054=IFCCARTESIANPOINT((0.,-74.5830165,633.099829));
#8055=IFCCARTESIANPOINT((0.,-74.6807885,631.753097));
#8056=IFCCARTESIANPOINT((0.,-74.7785675,630.406367));
#8057=IFCCARTESIANPOINT((0.,-74.8763585,629.059637));
#8058=IFCCARTESIANPOINT((0.,-74.9741625,627.712909));
#8059=IFCCARTESIANPOINT((0.,-75.0719845,626.366182));
#8060=IFCCARTESIANPOINT((0.,-75.1698255,625.019457));
#8061=IFCCARTESIANPOINT((0.,-75.2676885,623.672733));
#8062=IFCCARTESIANPOINT((0.,-75.3655775,622.326012));
#8063=IFCCARTESIANPOINT((0.,-75.4634955,620.979293));
#8064=IFCCARTESIANPOINT((0.,-75.5614445,619.632576));
#8065=IFCCARTESIANPOINT((0.,-75.6594275,618.285862));
#8066=IFCCARTESIANPOINT((0.,-75.7574475,616.939151));
#8067=IFCCARTESIANPOINT((0.,-75.8555085,615.592443));
#8068=IFCCARTESIANPOINT((0.,-75.9536125,614.245739));
#8069=IFCCARTESIANPOINT((0.,-76.0517615,612.899038));
#8070=IFCCARTESIANPOINT((0.,-76.1499605,611.552341));
#8071=IFCCARTESIANPOINT((0.,-76.2482115,610.205647));
#8072=IFCCARTESIANPOINT((0.,-76.3465165,608.858958));
#8073=IFCCARTESIANPOINT((0.,-76.4448795,607.512273));
#8074=IFCCARTESIANPOINT((0.,-76.5433035,606.165593));
#8075=IFCCARTESIANPOINT((0.,-76.6417905,604.818918));
#8076=IFCCARTESIANPOINT((0.,-76.7403445,603.472248));
#8077=IFCCARTESIANPOINT((0.,-76.8389675,602.125583));
#8078=IFCCARTESIANPOINT((0.,-76.9376625,600.778923));
#8079=IFCCARTESIANPOINT((0.,-77.0364335,599.432269));
#8080=IFCCARTESIANPOINT((0.,-77.1352825,598.085621));
#8081=IFCCARTESIANPOINT((0.,-77.2342125,596.738979));
#8082=IFCCARTESIANPOINT((0.,-77.3332265,595.392343));
#8083=IFCCARTESIANPOINT((0.,-77.4323275,594.045714));
#8084=IFCCARTESIANPOINT((0.,-77.5315185,592.699091));
#8085=IFCCARTESIANPOINT((0.,-77.6308025,591.352475));
#8086=IFCCARTESIANPOINT((0.,-77.7301815,590.005867));
#8087=IFCCARTESIANPOINT((0.,-77.8296595,588.659266));
#8088=IFCCARTESIANPOINT((0.,-77.9292395,587.312672));
#8089=IFCCARTESIANPOINT((0.,-78.0289235,585.966086));
#8090=IFCCARTESIANPOINT((0.,-78.1287155,584.619508));
#8091=IFCCARTESIANPOINT((0.,-78.2286175,583.272939));
#8092=IFCCARTESIANPOINT((0.,-78.3286325,581.926377));
#8093=IFCCARTESIANPOINT((0.,-78.4287645,580.579825));
#8094=IFCCARTESIANPOINT((0.,-78.5290145,579.233281));
#8095=IFCCARTESIANPOINT((0.,-78.6293875,577.886746));
#8096=IFCCARTESIANPOINT((0.,-78.7298835,576.54022));
#8097=IFCCARTESIANPOINT((0.,-78.8305015,575.193703));
#8098=IFCCARTESIANPOINT((0.,-78.9312375,573.847195));
#8099=IFCCARTESIANPOINT((0.,-79.0320915,572.500696));
#8100=IFCCARTESIANPOINT((0.,-79.1330595,571.154205));
#8101=IFCCARTESIANPOINT((0.,-79.2341405,569.807723));
#8102=IFCCARTESIANPOINT((0.,-79.3353325,568.461249));
#8103=IFCCARTESIANPOINT((0.,-79.4366325,567.114782));
#8104=IFCCARTESIANPOINT((0.,-79.5380385,565.768324));
#8105=IFCCARTESIANPOINT((0.,-79.6395485,564.421873));
#8106=IFCCARTESIANPOINT((0.,-79.7411595,563.07543));
#8107=IFCCARTESIANPOINT((0.,-79.8428715,561.728995));
#8108=IFCCARTESIANPOINT((0.,-79.9446805,560.382566));
#8109=IFCCARTESIANPOINT((0.,-80.0465845,559.036145));
#8110=IFCCARTESIANPOINT((0.,-80.1485815,557.689731));
#8111=IFCCARTESIANPOINT((0.,-80.2506695,556.343323));
#8112=IFCCARTESIANPOINT((0.,-80.3528465,554.996922));
#8113=IFCCARTESIANPOINT((0.,-80.4551105,553.650527));
#8114=IFCCARTESIANPOINT((0.,-80.5574585,552.304139));
#8115=IFCCARTESIANPOINT((0.,-80.6598885,550.957757));
#8116=IFCCARTESIANPOINT((0.,-80.7623985,549.611381));
#8117=IFCCARTESIANPOINT((0.,-80.8649865,548.265011));
#8118=IFCCARTESIANPOINT((0.,-80.9676505,546.918646));
#8119=IFCCARTESIANPOINT((0.,-81.0703885,545.572287));
#8120=IFCCARTESIANPOINT((0.,-81.1731965,544.225933));
#8121=IFCCARTESIANPOINT((0.,-81.2760745,542.879585));
#8122=IFCCARTESIANPOINT((0.,-81.3790195,541.533241));
#8123=IFCCARTESIANPOINT((0.,-81.4820295,540.186903));
#8124=IFCCARTESIANPOINT((0.,-81.5851015,538.840569));
#8125=IFCCARTESIANPOINT((0.,-81.6882345,537.494239));
#8126=IFCCARTESIANPOINT((0.,-81.7914255,536.147914));
#8127=IFCCARTESIANPOINT((0.,-81.8946735,534.801594));
#8128=IFCCARTESIANPOINT((0.,-81.9979745,533.455277));
#8129=IFCCARTESIANPOINT((0.,-82.1013275,532.108964));
#8130=IFCCARTESIANPOINT((0.,-82.2047305,530.762656));
#8131=IFCCARTESIANPOINT((0.,-82.3081805,529.41635));
#8132=IFCCARTESIANPOINT((0.,-82.4116755,528.070049));
#8133=IFCCARTESIANPOINT((0.,-82.5152145,526.72375));
#8134=IFCCARTESIANPOINT((0.,-82.6187935,525.377455));
#8135=IFCCARTESIANPOINT((0.,-82.7224115,524.031162));
#8136=IFCCARTESIANPOINT((0.,-82.8260665,522.684873));
#8137=IFCCARTESIANPOINT((0.,-82.9297555,521.338586));
#8138=IFCCARTESIANPOINT((0.,-83.0334775,519.992302));
#8139=IFCCARTESIANPOINT((0.,-83.1372285,518.64602));
#8140=IFCCARTESIANPOINT((0.,-83.2410075,517.29974));
#8141=IFCCARTESIANPOINT((0.,-83.3448125,515.953462));
#8142=IFCCARTESIANPOINT((0.,-83.4486405,514.607187));
#8143=IFCCARTESIANPOINT((0.,-83.5524905,513.260912));
#8144=IFCCARTESIANPOINT((0.,-83.6563595,511.91464));
#8145=IFCCARTESIANPOINT((0.,-83.7602475,510.568369));
#8146=IFCCARTESIANPOINT((0.,-83.8641515,509.222099));
#8147=IFCCARTESIANPOINT((0.,-83.9680715,507.875831));
#8148=IFCCARTESIANPOINT((0.,-84.0720055,506.529564));
#8149=IFCCARTESIANPOINT((0.,-84.1759535,505.183298));
#8150=IFCCARTESIANPOINT((0.,-84.2799135,503.837033));
#8151=IFCCARTESIANPOINT((0.,-84.3838845,502.490769));
#8152=IFCCARTESIANPOINT((0.,-84.4878645,501.144505));
#8153=IFCCARTESIANPOINT((0.,-84.5918535,499.798243));
#8154=IFCCARTESIANPOINT((0.,-84.6958495,498.451981));
#8155=IFCCARTESIANPOINT((0.,-84.7998515,497.105719));
#8156=IFCCARTESIANPOINT((0.,-84.9038585,495.759459));
#8157=IFCCARTESIANPOINT((0.,-85.0078685,494.413198));
#8158=IFCCARTESIANPOINT((0.,-85.1118815,493.066937));
#8159=IFCCARTESIANPOINT((0.,-85.2158955,491.720677));
#8160=IFCCARTESIANPOINT((0.,-85.3199095,490.374417));
#8161=IFCCARTESIANPOINT((0.,-85.4239225,489.028157));
#8162=IFCCARTESIANPOINT((0.,-85.5279335,487.681896));
#8163=IFCCARTESIANPOINT((0.,-85.6319405,486.335636));
#8164=IFCCARTESIANPOINT((0.,-85.7359425,484.989375));
#8165=IFCCARTESIANPOINT((0.,-85.8399385,483.643113));
#8166=IFCCARTESIANPOINT((0.,-85.9439275,482.296851));
#8167=IFCCARTESIANPOINT((0.,-86.0479075,480.950589));
#8168=IFCCARTESIANPOINT((0.,-86.1518775,479.604325));
#8169=IFCCARTESIANPOINT((0.,-86.2558375,478.258061));
#8170=IFCCARTESIANPOINT((0.,-86.3597855,476.911796));
#8171=IFCCARTESIANPOINT((0.,-86.4637195,475.56553));
#8172=IFCCARTESIANPOINT((0.,-86.5676395,474.219263));
#8173=IFCCARTESIANPOINT((0.,-86.6715435,472.872995));
#8174=IFCCARTESIANPOINT((0.,-86.7754305,471.526725));
#8175=IFCCARTESIANPOINT((0.,-86.8792995,470.180454));
#8176=IFCCARTESIANPOINT((0.,-86.9831495,468.834182));
#8177=IFCCARTESIANPOINT((0.,-87.0869785,467.487908));
#8178=IFCCARTESIANPOINT((0.,-87.1907865,466.141632));
#8179=IFCCARTESIANPOINT((0.,-87.2945705,464.795354));
#8180=IFCCARTESIANPOINT((0.,-87.3983305,463.449075));
#8181=IFCCARTESIANPOINT((0.,-87.5020655,462.102794));
#8182=IFCCARTESIANPOINT((0.,-87.6057735,460.75651));
#8183=IFCCARTESIANPOINT((0.,-87.7094545,459.410225));
#8184=IFCCARTESIANPOINT((0.,-87.8131055,458.063937));
#8185=IFCCARTESIANPOINT((0.,-87.9167275,456.717647));
#8186=IFCCARTESIANPOINT((0.,-88.0203165,455.371354));
#8187=IFCCARTESIANPOINT((0.,-88.1238745,454.025059));
#8188=IFCCARTESIANPOINT((0.,-88.2273975,452.678761));
#8189=IFCCARTESIANPOINT((0.,-88.3308855,451.33246));
#8190=IFCCARTESIANPOINT((0.,-88.4343375,449.986157));
#8191=IFCCARTESIANPOINT((0.,-88.5377525,448.639851));
#8192=IFCCARTESIANPOINT((0.,-88.6411285,447.293541));
#8193=IFCCARTESIANPOINT((0.,-88.7444645,445.947229));
#8194=IFCCARTESIANPOINT((0.,-88.8477585,444.600913));
#8195=IFCCARTESIANPOINT((0.,-88.9510095,443.254594));
#8196=IFCCARTESIANPOINT((0.,-89.0542155,441.908272));
#8197=IFCCARTESIANPOINT((0.,-89.1573765,440.561945));
#8198=IFCCARTESIANPOINT((0.,-89.2604895,439.215616));
#8199=IFCCARTESIANPOINT((0.,-89.3635545,437.869282));
#8200=IFCCARTESIANPOINT((0.,-89.4665685,436.522945));
#8201=IFCCARTESIANPOINT((0.,-89.5695305,435.176604));
#8202=IFCCARTESIANPOINT((0.,-89.6724405,433.830258));
#8203=IFCCARTESIANPOINT((0.,-89.7752945,432.483909));
#8204=IFCCARTESIANPOINT((0.,-89.8780925,431.137555));
#8205=IFCCARTESIANPOINT((0.,-89.9808335,429.791196));
#8206=IFCCARTESIANPOINT((0.,-90.0835155,428.444833));
#8207=IFCCARTESIANPOINT((0.,-90.1861375,427.098466));
#8208=IFCCARTESIANPOINT((0.,-90.2886965,425.752094));
#8209=IFCCARTESIANPOINT((0.,-90.3911925,424.405717));
#8210=IFCCARTESIANPOINT((0.,-90.4936235,423.059335));
#8211=IFCCARTESIANPOINT((0.,-90.5959885,421.712948));
#8212=IFCCARTESIANPOINT((0.,-90.6982855,420.366555));
#8213=IFCCARTESIANPOINT((0.,-90.8005135,419.020158));
#8214=IFCCARTESIANPOINT((0.,-90.9026715,417.673755));
#8215=IFCCARTESIANPOINT((0.,-91.0047565,416.327347));
#8216=IFCCARTESIANPOINT((0.,-91.1067685,414.980933));
#8217=IFCCARTESIANPOINT((0.,-91.2087055,413.634513));
#8218=IFCCARTESIANPOINT((0.,-91.3105655,412.288088));
#8219=IFCCARTESIANPOINT((0.,-91.4123475,410.941657));
#8220=IFCCARTESIANPOINT((0.,-91.5140505,409.59522));
#8221=IFCCARTESIANPOINT((0.,-91.6156735,408.248776));
#8222=IFCCARTESIANPOINT((0.,-91.7172125,406.902326));
#8223=IFCCARTESIANPOINT((0.,-91.8186695,405.555871));
#8224=IFCCARTESIANPOINT((0.,-91.9200405,404.209408));
#8225=IFCCARTESIANPOINT((0.,-92.0213245,402.862939));
#8226=IFCCARTESIANPOINT((0.,-92.1225215,401.516464));
#8227=IFCCARTESIANPOINT((0.,-92.2236275,400.169981));
#8228=IFCCARTESIANPOINT((0.,-92.3246435,398.823492));
#8229=IFCCARTESIANPOINT((0.,-92.4255675,397.476996));
#8230=IFCCARTESIANPOINT((0.,-92.5263965,396.130493));
#8231=IFCCARTESIANPOINT((0.,-92.6271305,394.783982));
#8232=IFCCARTESIANPOINT((0.,-92.7277685,393.437464));
#8233=IFCCARTESIANPOINT((0.,-92.8283075,392.090939));
#8234=IFCCARTESIANPOINT((0.,-92.9287465,390.744407));
#8235=IFCCARTESIANPOINT((0.,-93.0290855,389.397866));
#8236=IFCCARTESIANPOINT((0.,-93.1293205,388.051318));
#8237=IFCCARTESIANPOINT((0.,-93.2294525,386.704763));
#8238=IFCCARTESIANPOINT((0.,-93.3294785,385.358199));
#8239=IFCCARTESIANPOINT((0.,-93.4293975,384.011627));
#8240=IFCCARTESIANPOINT((0.,-93.5292085,382.665047));
#8241=IFCCARTESIANPOINT((0.,-93.6289095,381.318459));
#8242=IFCCARTESIANPOINT((0.,-93.7284985,379.971863));
#8243=IFCCARTESIANPOINT((0.,-93.8279755,378.625258));
#8244=IFCCARTESIANPOINT((0.,-93.9273385,377.278644));
#8245=IFCCARTESIANPOINT((0.,-94.0265865,375.932022));
#8246=IFCCARTESIANPOINT((0.,-94.1257165,374.585392));
#8247=IFCCARTESIANPOINT((0.,-94.2247285,373.238752));
#8248=IFCCARTESIANPOINT((0.,-94.3236215,371.892104));
#8249=IFCCARTESIANPOINT((0.,-94.4223925,370.545447));
#8250=IFCCARTESIANPOINT((0.,-94.5210415,369.198781));
#8251=IFCCARTESIANPOINT((0.,-94.6195665,367.852106));
#8252=IFCCARTESIANPOINT((0.,-94.7179655,366.505421));
#8253=IFCCARTESIANPOINT((0.,-94.8162385,365.158728));
#8254=IFCCARTESIANPOINT((0.,-94.9143825,363.812025));
#8255=IFCCARTESIANPOINT((0.,-95.0123975,362.465312));
#8256=IFCCARTESIANPOINT((0.,-95.1102815,361.11859));
#8257=IFCCARTESIANPOINT((0.,-95.2080325,359.771859));
#8258=IFCCARTESIANPOINT((0.,-95.3056495,358.425117));
#8259=IFCCARTESIANPOINT((0.,-95.4031315,357.078366));
#8260=IFCCARTESIANPOINT((0.,-95.5004775,355.731605));
#8261=IFCCARTESIANPOINT((0.,-95.5976845,354.384834));
#8262=IFCCARTESIANPOINT((0.,-95.6947525,353.038053));
#8263=IFCCARTESIANPOINT((0.,-95.7916795,351.691262));
#8264=IFCCARTESIANPOINT((0.,-95.8884635,350.344461));
#8265=IFCCARTESIANPOINT((0.,-95.9851045,348.997649));
#8266=IFCCARTESIANPOINT((0.,-96.0816005,347.650827));
#8267=IFCCARTESIANPOINT((0.,-96.1779495,346.303995));
#8268=IFCCARTESIANPOINT((0.,-96.2741505,344.957152));
#8269=IFCCARTESIANPOINT((0.,-96.3702015,343.610298));
#8270=IFCCARTESIANPOINT((0.,-96.4661025,342.263434));
#8271=IFCCARTESIANPOINT((0.,-96.5618515,340.916559));
#8272=IFCCARTESIANPOINT((0.,-96.6574465,339.569673));
#8273=IFCCARTESIANPOINT((0.,-96.7528865,338.222776));
#8274=IFCCARTESIANPOINT((0.,-96.8481695,336.875867));
#8275=IFCCARTESIANPOINT((0.,-96.9432955,335.528948));
#8276=IFCCARTESIANPOINT((0.,-97.0382615,334.182017));
#8277=IFCCARTESIANPOINT((0.,-97.1330665,332.835076));
#8278=IFCCARTESIANPOINT((0.,-97.2277105,331.488122));
#8279=IFCCARTESIANPOINT((0.,-97.3221895,330.141157));
#8280=IFCCARTESIANPOINT((0.,-97.4165045,328.794181));
#8281=IFCCARTESIANPOINT((0.,-97.5106535,327.447193));
#8282=IFCCARTESIANPOINT((0.,-97.6046335,326.100193));
#8283=IFCCARTESIANPOINT((0.,-97.6984455,324.753181));
#8284=IFCCARTESIANPOINT((0.,-97.7920865,323.406158));
#8285=IFCCARTESIANPOINT((0.,-97.8855555,322.059122));
#8286=IFCCARTESIANPOINT((0.,-97.9788505,320.712074));
#8287=IFCCARTESIANPOINT((0.,-98.0719715,319.365014));
#8288=IFCCARTESIANPOINT((0.,-98.1649155,318.017942));
#8289=IFCCARTESIANPOINT((0.,-98.2576825,316.670858));
#8290=IFCCARTESIANPOINT((0.,-98.3502705,315.323761));
#8291=IFCCARTESIANPOINT((0.,-98.4426775,313.976651));
#8292=IFCCARTESIANPOINT((0.,-98.5349035,312.629529));
#8293=IFCCARTESIANPOINT((0.,-98.6269465,311.282395));
#8294=IFCCARTESIANPOINT((0.,-98.7188045,309.935247));
#8295=IFCCARTESIANPOINT((0.,-98.8104775,308.588087));
#8296=IFCCARTESIANPOINT((0.,-98.9019635,307.240915));
#8297=IFCCARTESIANPOINT((0.,-98.9932605,305.893729));
#8298=IFCCARTESIANPOINT((0.,-99.0843685,304.546531));
#8299=IFCCARTESIANPOINT((0.,-99.1752855,303.199319));
#8300=IFCCARTESIANPOINT((0.,-99.2660095,301.852095));
#8301=IFCCARTESIANPOINT((0.,-99.3565405,300.504857));
#8302=IFCCARTESIANPOINT((0.,-99.4468755,299.157607));
#8303=IFCCARTESIANPOINT((0.,-99.5370145,297.810343));
#8304=IFCCARTESIANPOINT((0.,-99.6269565,296.463066));
#8305=IFCCARTESIANPOINT((0.,-99.7166985,295.115776));
#8306=IFCCARTESIANPOINT((0.,-99.8062405,293.768472));
#8307=IFCCARTESIANPOINT((0.,-99.8955805,292.421155));
#8308=IFCCARTESIANPOINT((0.,-99.9847175,291.073824));
#8309=IFCCARTESIANPOINT((0.,-100.0736505,289.72648));
#8310=IFCCARTESIANPOINT((0.,-100.1623775,288.379122));
#8311=IFCCARTESIANPOINT((0.,-100.2508975,287.031751));
#8312=IFCCARTESIANPOINT((0.,-100.3392085,285.684366));
#8313=IFCCARTESIANPOINT((0.,-100.4273105,284.336967));
#8314=IFCCARTESIANPOINT((0.,-100.5152005,282.989554));
#8315=IFCCARTESIANPOINT((0.,-100.6028785,281.642127));
#8316=IFCCARTESIANPOINT((0.,-100.6903435,280.294686));
#8317=IFCCARTESIANPOINT((0.,-100.7775925,278.947231));
#8318=IFCCARTESIANPOINT((0.,-100.8646245,277.599763));
#8319=IFCCARTESIANPOINT((0.,-100.9514395,276.25228));
#8320=IFCCARTESIANPOINT((0.,-101.0380345,274.904782));
#8321=IFCCARTESIANPOINT((0.,-101.1244095,273.557271));
#8322=IFCCARTESIANPOINT((0.,-101.2105635,272.209745));
#8323=IFCCARTESIANPOINT((0.,-101.2964935,270.862205));
#8324=IFCCARTESIANPOINT((0.,-101.3821985,269.51465));
#8325=IFCCARTESIANPOINT((0.,-101.4676785,268.167081));
#8326=IFCCARTESIANPOINT((0.,-101.5529305,266.819497));
#8327=IFCCARTESIANPOINT((0.,-101.6379545,265.471899));
#8328=IFCCARTESIANPOINT((0.,-101.7227485,264.124286));
#8329=IFCCARTESIANPOINT((0.,-101.8073115,262.776658));
#8330=IFCCARTESIANPOINT((0.,-101.8916415,261.429015));
#8331=IFCCARTESIANPOINT((0.,-101.9757375,260.081358));
#8332=IFCCARTESIANPOINT((0.,-102.0595985,258.733685));
#8333=IFCCARTESIANPOINT((0.,-102.1432235,257.385998));
#8334=IFCCARTESIANPOINT((0.,-102.2266095,256.038295));
#8335=IFCCARTESIANPOINT((0.,-102.3097565,254.690578));
#8336=IFCCARTESIANPOINT((0.,-102.3926635,253.342845));
#8337=IFCCARTESIANPOINT((0.,-102.4753275,251.995097));
#8338=IFCCARTESIANPOINT((0.,-102.5577485,250.647334));
#8339=IFCCARTESIANPOINT((0.,-102.6399235,249.299555));
#8340=IFCCARTESIANPOINT((0.,-102.7218515,247.951761));
#8341=IFCCARTESIANPOINT((0.,-102.8035305,246.603952));
#8342=IFCCARTESIANPOINT((0.,-102.8849595,245.256128));
#8343=IFCCARTESIANPOINT((0.,-102.9661355,243.908288));
#8344=IFCCARTESIANPOINT((0.,-103.0470575,242.560432));
#8345=IFCCARTESIANPOINT((0.,-103.1277235,241.212562));
#8346=IFCCARTESIANPOINT((0.,-103.2081315,239.864675));
#8347=IFCCARTESIANPOINT((0.,-103.2882805,238.516774));
#8348=IFCCARTESIANPOINT((0.,-103.3681695,237.168856));
#8349=IFCCARTESIANPOINT((0.,-103.4477945,235.820924));
#8350=IFCCARTESIANPOINT((0.,-103.5271555,234.472975));
#8351=IFCCARTESIANPOINT((0.,-103.6062505,233.125012));
#8352=IFCCARTESIANPOINT((0.,-103.6850775,231.777032));
#8353=IFCCARTESIANPOINT((0.,-103.7636355,230.429037));
#8354=IFCCARTESIANPOINT((0.,-103.8419215,229.081026));
#8355=IFCCARTESIANPOINT((0.,-103.9199345,227.732999));
#8356=IFCCARTESIANPOINT((0.,-103.9976735,226.384957));
#8357=IFCCARTESIANPOINT((0.,-104.0751355,225.036899));
#8358=IFCCARTESIANPOINT((0.,-104.1523195,223.688825));
#8359=IFCCARTESIANPOINT((0.,-104.2292235,222.340736));
#8360=IFCCARTESIANPOINT((0.,-104.3058455,220.99263));
#8361=IFCCARTESIANPOINT((0.,-104.3821855,219.644509));
#8362=IFCCARTESIANPOINT((0.,-104.4582395,218.296372));
#8363=IFCCARTESIANPOINT((0.,-104.5340065,216.948219));
#8364=IFCCARTESIANPOINT((0.,-104.6094855,215.60005));
#8365=IFCCARTESIANPOINT((0.,-104.6846735,214.251865));
#8366=IFCCARTESIANPOINT((0.,-104.7595705,212.903664));
#8367=IFCCARTESIANPOINT((0.,-104.8341735,211.555447));
#8368=IFCCARTESIANPOINT((0.,-104.9084815,210.207214));
#8369=IFCCARTESIANPOINT((0.,-104.9824925,208.858965));
#8370=IFCCARTESIANPOINT((0.,-105.0562045,207.510699));
#8371=IFCCARTESIANPOINT((0.,-105.1296155,206.162418));
#8372=IFCCARTESIANPOINT((0.,-105.2027245,204.814121));
#8373=IFCCARTESIANPOINT((0.,-105.2755295,203.465807));
#8374=IFCCARTESIANPOINT((0.,-105.3480295,202.117477));
#8375=IFCCARTESIANPOINT((0.,-105.4202215,200.769131));
#8376=IFCCARTESIANPOINT((0.,-105.4921045,199.420769));
#8377=IFCCARTESIANPOINT((0.,-105.5636775,198.07239));
#8378=IFCCARTESIANPOINT((0.,-105.6349365,196.723995));
#8379=IFCCARTESIANPOINT((0.,-105.7058825,195.375584));
#8380=IFCCARTESIANPOINT((0.,-105.7765115,194.027156));
#8381=IFCCARTESIANPOINT((0.,-105.8468235,192.678712));
#8382=IFCCARTESIANPOINT((0.,-105.9168165,191.330252));
#8383=IFCCARTESIANPOINT((0.,-105.9864875,189.981775));
#8384=IFCCARTESIANPOINT((0.,-106.0558355,188.633282));
#8385=IFCCARTESIANPOINT((0.,-106.1248605,187.284772));
#8386=IFCCARTESIANPOINT((0.,-106.1935595,185.936246));
#8387=IFCCARTESIANPOINT((0.,-106.2619345,184.587703));
#8388=IFCCARTESIANPOINT((0.,-106.3299835,183.239144));
#8389=IFCCARTESIANPOINT((0.,-106.3977065,181.890569));
#8390=IFCCARTESIANPOINT((0.,-106.4651035,180.541977));
#8391=IFCCARTESIANPOINT((0.,-106.5321745,179.193369));
#8392=IFCCARTESIANPOINT((0.,-106.5989185,177.844745));
#8393=IFCCARTESIANPOINT((0.,-106.6653355,176.496104));
#8394=IFCCARTESIANPOINT((0.,-106.7314255,175.147448));
#8395=IFCCARTESIANPOINT((0.,-106.7971865,173.798775));
#8396=IFCCARTESIANPOINT((0.,-106.8626205,172.450086));
#8397=IFCCARTESIANPOINT((0.,-106.9277245,171.101381));
#8398=IFCCARTESIANPOINT((0.,-106.9925005,169.75266));
#8399=IFCCARTESIANPOINT((0.,-107.0569475,168.403923));
#8400=IFCCARTESIANPOINT((0.,-107.1210645,167.05517));
#8401=IFCCARTESIANPOINT((0.,-107.1848525,165.706401));
#8402=IFCCARTESIANPOINT((0.,-107.2483095,164.357616));
#8403=IFCCARTESIANPOINT((0.,-107.3114355,163.008815));
#8404=IFCCARTESIANPOINT((0.,-107.3742305,161.659999));
#8405=IFCCARTESIANPOINT((0.,-107.4366945,160.311166));
#8406=IFCCARTESIANPOINT((0.,-107.4988275,158.962318));
#8407=IFCCARTESIANPOINT((0.,-107.5606275,157.613454));
#8408=IFCCARTESIANPOINT((0.,-107.6220965,156.264574));
#8409=IFCCARTESIANPOINT((0.,-107.6832315,154.915679));
#8410=IFCCARTESIANPOINT((0.,-107.7440335,153.566768));
#8411=IFCCARTESIANPOINT((0.,-107.8045025,152.217841));
#8412=IFCCARTESIANPOINT((0.,-107.8646385,150.868899));
#8413=IFCCARTESIANPOINT((0.,-107.9244395,149.519941));
#8414=IFCCARTESIANPOINT((0.,-107.9839055,148.170968));
#8415=IFCCARTESIANPOINT((0.,-108.0430375,146.821979));
#8416=IFCCARTESIANPOINT((0.,-108.1018345,145.472975));
#8417=IFCCARTESIANPOINT((0.,-108.1602955,144.123955));
#8418=IFCCARTESIANPOINT((0.,-108.2184215,142.77492));
#8419=IFCCARTESIANPOINT((0.,-108.2762105,141.425869));
#8420=IFCCARTESIANPOINT((0.,-108.3336635,140.076803));
#8421=IFCCARTESIANPOINT((0.,-108.3907795,138.727722));
#8422=IFCCARTESIANPOINT((0.,-108.4475585,137.378626));
#8423=IFCCARTESIANPOINT((0.,-108.5039995,136.029515));
#8424=IFCCARTESIANPOINT((0.,-108.5601025,134.680388));
#8425=IFCCARTESIANPOINT((0.,-108.6158675,133.331246));
#8426=IFCCARTESIANPOINT((0.,-108.6712945,131.982089));
#8427=IFCCARTESIANPOINT((0.,-108.7263815,130.632917));
#8428=IFCCARTESIANPOINT((0.,-108.7811295,129.28373));
#8429=IFCCARTESIANPOINT((0.,-108.8355385,127.934528));
#8430=IFCCARTESIANPOINT((0.,-108.8896065,126.58531));
#8431=IFCCARTESIANPOINT((0.,-108.9433345,125.236078));
#8432=IFCCARTESIANPOINT((0.,-108.9967225,123.886831));
#8433=IFCCARTESIANPOINT((0.,-109.0497675,122.537569));
#8434=IFCCARTESIANPOINT((0.,-109.1024675,121.188292));
#8435=IFCCARTESIANPOINT((0.,-109.1548145,119.839001));
#8436=IFCCARTESIANPOINT((0.,-109.2068035,118.489695));
#8437=IFCCARTESIANPOINT((0.,-109.2584305,117.140374));
#8438=IFCCARTESIANPOINT((0.,-109.3096875,115.791038));
#8439=IFCCARTESIANPOINT((0.,-109.3605715,114.441688));
#8440=IFCCARTESIANPOINT((0.,-109.4110755,113.092323));
#8441=IFCCARTESIANPOINT((0.,-109.4611935,111.742943));
#8442=IFCCARTESIANPOINT((0.,-109.5109215,110.393549));
#8443=IFCCARTESIANPOINT((0.,-109.5602525,109.044141));
#8444=IFCCARTESIANPOINT((0.,-109.6091825,107.694718));
#8445=IFCCARTESIANPOINT((0.,-109.6577045,106.345281));
#8446=IFCCARTESIANPOINT((0.,-109.7058135,104.99583));
#8447=IFCCARTESIANPOINT((0.,-109.7535035,103.646365));
#8448=IFCCARTESIANPOINT((0.,-109.8007695,102.296885));
#8449=IFCCARTESIANPOINT((0.,-109.8476065,100.947391));
#8450=IFCCARTESIANPOINT((0.,-109.8940075,99.597883));
#8451=IFCCARTESIANPOINT((0.,-109.9399685,98.248361));
#8452=IFCCARTESIANPOINT((0.,-109.9854825,96.898825));
#8453=IFCCARTESIANPOINT((0.,-110.0305455,95.549275));
#8454=IFCCARTESIANPOINT((0.,-110.0751505,94.199711));
#8455=IFCCARTESIANPOINT((0.,-110.1192935,92.850133));
#8456=IFCCARTESIANPOINT((0.,-110.1629665,91.500541));
#8457=IFCCARTESIANPOINT((0.,-110.2061665,90.150936));
#8458=IFCCARTESIANPOINT((0.,-110.2488875,88.801316));
#8459=IFCCARTESIANPOINT((0.,-110.2911225,87.451683));
#8460=IFCCARTESIANPOINT((0.,-110.3328665,86.102037));
#8461=IFCCARTESIANPOINT((0.,-110.3741155,84.752377));
#8462=IFCCARTESIANPOINT((0.,-110.4148625,83.402703));
#8463=IFCCARTESIANPOINT((0.,-110.4551015,82.053016));
#8464=IFCCARTESIANPOINT((0.,-110.4948285,80.703315));
#8465=IFCCARTESIANPOINT((0.,-110.5340365,79.353601));
#8466=IFCCARTESIANPOINT((0.,-110.5727205,78.003874));
#8467=IFCCARTESIANPOINT((0.,-110.6108755,76.654133));
#8468=IFCCARTESIANPOINT((0.,-110.6484955,75.304379));
#8469=IFCCARTESIANPOINT((0.,-110.6855755,73.954611));
#8470=IFCCARTESIANPOINT((0.,-110.7221085,72.604831));
#8471=IFCCARTESIANPOINT((0.,-110.7580905,71.255037));
#8472=IFCCARTESIANPOINT((0.,-110.7935155,69.905231));
#8473=IFCCARTESIANPOINT((0.,-110.8283765,68.555411));
#8474=IFCCARTESIANPOINT((0.,-110.8626705,67.205578));
#8475=IFCCARTESIANPOINT((0.,-110.8963905,65.855732));
#8476=IFCCARTESIANPOINT((0.,-110.9295315,64.505874));
#8477=IFCCARTESIANPOINT((0.,-110.9620865,63.156002));
#8478=IFCCARTESIANPOINT((0.,-110.9940515,61.806118));
#8479=IFCCARTESIANPOINT((0.,-111.0254215,60.456221));
#8480=IFCCARTESIANPOINT((0.,-111.0561885,59.106311));
#8481=IFCCARTESIANPOINT((0.,-111.0863515,57.756389));
#8482=IFCCARTESIANPOINT((0.,-111.1159175,56.406454));
#8483=IFCCARTESIANPOINT((0.,-111.1449005,55.056507));
#8484=IFCCARTESIANPOINT((0.,-111.1733135,53.706548));
#8485=IFCCARTESIANPOINT((0.,-111.2011695,52.356577));
#8486=IFCCARTESIANPOINT((0.,-111.2284825,51.006595));
#8487=IFCCARTESIANPOINT((0.,-111.2552645,49.656602));
#8488=IFCCARTESIANPOINT((0.,-111.2815305,48.306599));
#8489=IFCCARTESIANPOINT((0.,-111.3072925,46.956585));
#8490=IFCCARTESIANPOINT((0.,-111.3325635,45.60656));
#8491=IFCCARTESIANPOINT((0.,-111.3573575,44.256526));
#8492=IFCCARTESIANPOINT((0.,-111.3816875,42.906482));
#8493=IFCCARTESIANPOINT((0.,-111.4055675,41.556428));
#8494=IFCCARTESIANPOINT((0.,-111.4290095,40.206366));
#8495=IFCCARTESIANPOINT((0.,-111.4520265,38.856294));
#8496=IFCCARTESIANPOINT((0.,-111.4746335,37.506214));
#8497=IFCCARTESIANPOINT((0.,-111.4968425,36.156126));
#8498=IFCCARTESIANPOINT((0.,-111.5186675,34.80603));
#8499=IFCCARTESIANPOINT((0.,-111.5401215,33.455926));
#8500=IFCCARTESIANPOINT((0.,-111.5612175,32.105814));
#8501=IFCCARTESIANPOINT((0.,-111.5819685,30.755696));
#8502=IFCCARTESIANPOINT((0.,-111.6023875,29.40557));
#8503=IFCCARTESIANPOINT((0.,-111.6224895,28.055438));
#8504=IFCCARTESIANPOINT((0.,-111.6422865,26.705299));
#8505=IFCCARTESIANPOINT((0.,-111.6617915,25.355155));
#8506=IFCCARTESIANPOINT((0.,-111.6810175,24.005004));
#8507=IFCCARTESIANPOINT((0.,-111.6999795,22.654848));
#8508=IFCCARTESIANPOINT((0.,-111.7186885,21.304687));
#8509=IFCCARTESIANPOINT((0.,-111.7371605,19.954521));
#8510=IFCCARTESIANPOINT((0.,-111.7554055,18.60435));
#8511=IFCCARTESIANPOINT((0.,-111.7734395,17.254175));
#8512=IFCCARTESIANPOINT((0.,-111.7912745,15.903995));
#8513=IFCCARTESIANPOINT((0.,-111.8089235,14.553812));
#8514=IFCCARTESIANPOINT((0.,-111.8264005,13.203625));
#8515=IFCCARTESIANPOINT((0.,-111.8437185,11.853435));
#8516=IFCCARTESIANPOINT((0.,-111.8608905,10.503241));
#8517=IFCCARTESIANPOINT((0.,-111.8779295,9.153045));
#8518=IFCCARTESIANPOINT((0.,-111.8948495,7.802847));
#8519=IFCCARTESIANPOINT((0.,-111.9116645,6.452646));
#8520=IFCCARTESIANPOINT((0.,-111.9283855,5.102443));
#8521=IFCCARTESIANPOINT((0.,-111.9450275,3.752239));
#8522=IFCCARTESIANPOINT((0.,-111.9616025,2.402033));
#8523=IFCCARTESIANPOINT((0.,-111.9781255,1.051827));
#8524=IFCCARTESIANPOINT((0.,-111.9946075,-0.298381));
#8525=IFCCARTESIANPOINT((0.,-112.0110645,-1.648589));
#8526=IFCCARTESIANPOINT((0.,-112.0275075,-2.998798));
#8527=IFCPOLYLINE((#8528,#8529,#8530,#8531,#8532,#8533,#8534,#8535,#8536,#8537,#8538,#8539,#8540,#8541,#8542,#8543,#8544,#8545,#8546,#8547,#8548,#8549,#8550,#8551,#8552,#8553,#8554,#8555,#8556,#8557,#8558,#8559,#8560,#8561,#8562,#8563,#8564,#8565,#8566,#8567,#8568,#8569,#8570,#8571,#8572,#8573,#8574,#8575,#8576,#8577,#8578,#8579,#8580,#8581,#8582,#8583,#8584,#8585,#8586,#8587,#8588,#8589,#8590,#8591,#8592,#8593,#8594,#8595,#8596,#8597,#8598,#8599,#8600,#8601,#8602,#8603,#8604,#8605,#8606,#8607,#8608,#8609,#8610,#8611,#8612,#8613,#8614,#8615,#8616,#8617,#8618,#8619,#8620,#8621,#8622,#8623,#8624,#8625,#8626,#8627,#8628,#8629,#8630,#8631,#8632,#8633,#8634,#8635,#8636,#8637,#8638,#8639,#8640,#8641,#8642,#8643,#8644,#8645,#8646,#8647,#8648,#8649,#8650,#8651,#8652,#8653,#8654,#8655,#8656,#8657,#8658,#8659,#8660,#8661,#8662,#8663,#8664,#8665,#8666,#8667,#8668,#8669,#8670,#8671,#8672,#8673,#8674,#8675,#8676,#8677,#8678,#8679,#8680,#8681,#8682,#8683,#8684,#8685,#8686,#8687,#8688,#8689,#8690,#8691,#8692,#8693,#8694,#8695,#8696,#8697,#8698,#8699,#8700,#8701,#8702,#8703,#8704,#8705,#8706,#8707,#8708,#8709,#8710,#8711,#8712,#8713,#8714,#8715,#8716,#8717,#8718,#8719,#8720,#8721,#8722,#8723,#8724,#8725,#8726,#8727,#8728,#8729,#8730,#8731,#8732,#8733,#8734,#8735,#8736,#8737,#8738,#8739,#8740,#8741,#8742,#8743,#8744,#8745,#8746,#8747,#8748,#8749,#8750,#8751,#8752,#8753,#8754,#8755,#8756,#8757,#8758,#8759,#8760,#8761,#8762,#8763,#8764,#8765,#8766,#8767,#8768,#8769,#8770,#8771,#8772,#8773,#8774,#8775,#8776,#8777,#8778,#8779,#8780,#8781,#8782,#8783,#8784,#8785,#8786,#8787,#8788,#8789,#8790,#8791,#8792,#8793,#8794,#8795,#8796,#8797,#8798,#8799,#8800,#8801,#8802,#8803,#8804,#8805,#8806,#8807,#8808,#8809,#8810,#8811,#8812,#8813,#8814,#8815,#8816,#8817,#8818,#8819,#8820,#8821,#8822,#8823,#8824,#8825,#8826,#8827,#8828,#8829,#8830,#8831,#8832,#8833,#8834,#8835,#8836,#8837,#8838,#8839,#8840,#8841,#8842,#8843,#8844,#8845,#8846,#8847,#8848,#8849,#8850,#8851,#8852,#8853,#8854,#8855,#8856,#8857,#8858,#8859,#8860,#8861,#8862,#8863,#8864,#8865,#8866,#8867,#8868,#8869,#8870,#8871,#8872,#8873,#8874,#8875,#8876,#8877,#8878,#8879,#8880,#8881,#8882,#8883,#8884,#8885,#8886,#8887,#8888,#8889,#8890,#8891,#8892,#8893,#8894,#8895,#8896,#8897,#8898,#8899,#8900,#8901,#8902,#8903,#8904,#8905,#8906,#8907,#8908,#8909,#8910,#8911,#8912,#8913,#8914,#8915,#8916,#8917,#8918,#8919,#8920,#8921,#8922,#8923,#8924,#8925,#8926,#8927,#8928,#8929,#8930,#8931,#8932,#8933,#8934,#8935,#8936,#8937,#8938,#8939,#8940,#8941,#8942,#8943,#8944,#8945,#8946,#8947,#8948,#8949,#8950,#8951,#8952,#8953,#8954,#8955,#8956,#8957,#8958,#8959,#8960,#8961,#8962,#8963,#8964,#8965,#8966,#8967,#8968,#8969,#8970,#8971,#8972,#8973,#8974,#8975,#8976,#8977,#8978,#8979,#8980,#8981,#8982,#8983,#8984,#8985,#8986,#8987,#8988,#8989,#8990,#8991,#8992,#8993,#8994,#8995,#8996,#8997,#8998,#8999,#9000,#9001,#9002,#9003,#9004,#9005,#9006,#9007,#9008,#9009,#9010,#9011,#9012,#9013,#9014,#9015,#9016,#9017,#9018,#9019,#9020,#9021,#9022,#9023,#9024,#9025,#9026,#9027,#9028,#9029,#9030,#9031,#9032,#9033,#9034,#9035,#9036,#9037,#9038,#9039,#9040,#9041,#9042,#9043,#9044,#9045,#9046,#9047,#9048,#9049,#9050,#9051,#9052,#9053,#9054,#9055,#9056,#9057,#9058,#9059,#9060,#9061,#9062,#9063,#9064,#9065,#9066,#9067,#9068,#9069,#9070,#9071,#9072,#9073,#9074,#9075,#9076,#9077,#9078,#9079,#9080,#9081,#9082,#9083,#9084,#9085,#9086,#9087,#9088,#9089,#9090,#9091,#9092,#9093,#9094,#9095,#9096,#9097,#9098,#9099,#9100,#9101,#9102,#9103,#9104,#9105,#9106,#9107,#9108,#9109,#9110,#9111,#9112,#9113,#9114,#9115,#9116,#9117,#9118,#9119,#9120,#9121,#9122,#9123,#9124,#9125,#9126,#9127,#9128,#9129,#9130,#9131,#9132,#9133,#9134,#9135,#9136,#9137,#9138,#9139,#9140,#9141,#9142,#9143,#9144,#9145,#9146,#9147,#9148,#9149,#9150,#9151,#9152,#9153,#9154,#9155,#9156,#9157,#9158,#9159,#9160,#9161,#9162,#9163,#9164,#9165,#9166,#9167,#9168,#9169,#9170,#9171,#9172,#9173,#9174,#9175,#9176,#9177,#9178,#9179,#9180,#9181,#9182,#9183,#9184,#9185,#9186,#9187,#9188,#9189,#9190,#9191,#9192,#9193,#9194,#9195,#9196,#9197,#9198,#9199,#9200,#9201,#9202,#9203,#9204,#9205,#9206,#9207,#9208,#9209,#9210,#9211,#9212,#9213,#9214,#9215,#9216,#9217,#9218,#9219,#9220,#9221,#9222,#9223,#9224,#9225,#9226,#9227,#9228,#9229,#9230,#9231,#9232,#9233,#9234,#9235,#9236,#9237,#9238,#9239,#9240,#9241,#9242,#9243,#9244,#9245,#9246,#9247,#9248,#9249,#9250,#9251,#9252,#9253,#9254,#9255,#9256,#9257,#9258,#9259,#9260,#9261,#9262,#9263,#9264,#9265,#9266,#9267,#9268,#9269,#9270,#9271,#9272,#9273,#9274,#9275,#9276,#9277,#9278,#9279,#9280,#9281,#9282,#9283,#9284,#9285,#9286,#9287,#9288,#9289,#9290,#9291,#9292,#9293,#9294,#9295,#9296));
#8528=IFCCARTESIANPOINT((0.,112.0283975,-2.99777));
#8529=IFCCARTESIANPOINT((0.,112.0119545,-1.647552));
#8530=IFCCARTESIANPOINT((0.,111.9954985,-0.297335));
#8531=IFCCARTESIANPOINT((0.,111.9790155,1.052882));
#8532=IFCCARTESIANPOINT((0.,111.9624925,2.403097));
#8533=IFCCARTESIANPOINT((0.,111.9459165,3.753312));
#8534=IFCCARTESIANPOINT((0.,111.9292745,5.103525));
#8535=IFCCARTESIANPOINT((0.,111.9125535,6.453737));
#8536=IFCCARTESIANPOINT((0.,111.8957395,7.803947));
#8537=IFCCARTESIANPOINT((0.,111.8788185,9.154154));
#8538=IFCCARTESIANPOINT((0.,111.8617795,10.504359));
#8539=IFCCARTESIANPOINT((0.,111.8446065,11.854561));
#8540=IFCCARTESIANPOINT((0.,111.8272885,13.20476));
#8541=IFCCARTESIANPOINT((0.,111.8098115,14.554956));
#8542=IFCCARTESIANPOINT((0.,111.7921625,15.905149));
#8543=IFCCARTESIANPOINT((0.,111.7743275,17.255337));
#8544=IFCCARTESIANPOINT((0.,111.7562935,18.605521));
#8545=IFCCARTESIANPOINT((0.,111.7380475,19.955701));
#8546=IFCCARTESIANPOINT((0.,111.7195765,21.305876));
#8547=IFCCARTESIANPOINT((0.,111.7008665,22.656046));
#8548=IFCCARTESIANPOINT((0.,111.6819045,24.006211));
#8549=IFCCARTESIANPOINT((0.,111.6626775,25.356371));
#8550=IFCCARTESIANPOINT((0.,111.6431725,26.706524));
#8551=IFCCARTESIANPOINT((0.,111.6233755,28.056672));
#8552=IFCCARTESIANPOINT((0.,111.6032735,29.406813));
#8553=IFCCARTESIANPOINT((0.,111.5828535,30.756947));
#8554=IFCCARTESIANPOINT((0.,111.5621015,32.107075));
#8555=IFCCARTESIANPOINT((0.,111.5410055,33.457196));
#8556=IFCCARTESIANPOINT((0.,111.5195515,34.807308));
#8557=IFCCARTESIANPOINT((0.,111.4977265,36.157414));
#8558=IFCCARTESIANPOINT((0.,111.4755175,37.507511));
#8559=IFCCARTESIANPOINT((0.,111.4529095,38.8576));
#8560=IFCCARTESIANPOINT((0.,111.4298915,40.20768));
#8561=IFCCARTESIANPOINT((0.,111.4064495,41.557752));
#8562=IFCCARTESIANPOINT((0.,111.3825695,42.907814));
#8563=IFCCARTESIANPOINT((0.,111.3582385,44.257867));
#8564=IFCCARTESIANPOINT((0.,111.3334435,45.60791));
#8565=IFCCARTESIANPOINT((0.,111.3081725,46.957944));
#8566=IFCCARTESIANPOINT((0.,111.2824095,48.307967));
#8567=IFCCARTESIANPOINT((0.,111.2561435,49.65798));
#8568=IFCCARTESIANPOINT((0.,111.2293605,51.007981));
#8569=IFCCARTESIANPOINT((0.,111.2020475,52.357972));
#8570=IFCCARTESIANPOINT((0.,111.1741905,53.707952));
#8571=IFCCARTESIANPOINT((0.,111.1457765,55.05792));
#8572=IFCCARTESIANPOINT((0.,111.1167935,56.407876));
#8573=IFCCARTESIANPOINT((0.,111.0872265,57.757819));
#8574=IFCCARTESIANPOINT((0.,111.0570625,59.107751));
#8575=IFCCARTESIANPOINT((0.,111.0262945,60.45767));
#8576=IFCCARTESIANPOINT((0.,110.9949245,61.807576));
#8577=IFCCARTESIANPOINT((0.,110.9629585,63.157469));
#8578=IFCCARTESIANPOINT((0.,110.9304015,64.507349));
#8579=IFCCARTESIANPOINT((0.,110.8972605,65.857217));
#8580=IFCCARTESIANPOINT((0.,110.8635395,67.207071));
#8581=IFCCARTESIANPOINT((0.,110.8292455,68.556913));
#8582=IFCCARTESIANPOINT((0.,110.7943825,69.906742));
#8583=IFCCARTESIANPOINT((0.,110.7589575,71.256557));
#8584=IFCCARTESIANPOINT((0.,110.7229745,72.60636));
#8585=IFCCARTESIANPOINT((0.,110.6864405,73.956149));
#8586=IFCCARTESIANPOINT((0.,110.6493605,75.305926));
#8587=IFCCARTESIANPOINT((0.,110.6117395,76.655689));
#8588=IFCCARTESIANPOINT((0.,110.5735835,78.005438));
#8589=IFCCARTESIANPOINT((0.,110.5348985,79.355175));
#8590=IFCCARTESIANPOINT((0.,110.4956895,80.704898));
#8591=IFCCARTESIANPOINT((0.,110.4559615,82.054607));
#8592=IFCCARTESIANPOINT((0.,110.4157215,83.404304));
#8593=IFCCARTESIANPOINT((0.,110.3749735,84.753986));
#8594=IFCCARTESIANPOINT((0.,110.3337245,86.103655));
#8595=IFCCARTESIANPOINT((0.,110.2919785,87.453311));
#8596=IFCCARTESIANPOINT((0.,110.2497425,88.802953));
#8597=IFCCARTESIANPOINT((0.,110.2070215,90.152581));
#8598=IFCCARTESIANPOINT((0.,110.1638205,91.502195));
#8599=IFCCARTESIANPOINT((0.,110.1201455,92.851796));
#8600=IFCCARTESIANPOINT((0.,110.0760025,94.201383));
#8601=IFCCARTESIANPOINT((0.,110.0313965,95.550955));
#8602=IFCCARTESIANPOINT((0.,109.9863335,96.900514));
#8603=IFCCARTESIANPOINT((0.,109.9408175,98.25006));
#8604=IFCCARTESIANPOINT((0.,109.8948565,99.599591));
#8605=IFCCARTESIANPOINT((0.,109.8484535,100.949107));
#8606=IFCCARTESIANPOINT((0.,109.8016165,102.29861));
#8607=IFCCARTESIANPOINT((0.,109.7543495,103.648099));
#8608=IFCCARTESIANPOINT((0.,109.7066585,104.997573));
#8609=IFCCARTESIANPOINT((0.,109.6585485,106.347034));
#8610=IFCCARTESIANPOINT((0.,109.6100255,107.69648));
#8611=IFCCARTESIANPOINT((0.,109.5610955,109.045911));
#8612=IFCCARTESIANPOINT((0.,109.5117635,110.395328));
#8613=IFCCARTESIANPOINT((0.,109.4620345,111.744731));
#8614=IFCCARTESIANPOINT((0.,109.4119155,113.09412));
#8615=IFCCARTESIANPOINT((0.,109.3614105,114.443493));
#8616=IFCCARTESIANPOINT((0.,109.3105255,115.792853));
#8617=IFCCARTESIANPOINT((0.,109.2592675,117.142197));
#8618=IFCCARTESIANPOINT((0.,109.2076405,118.491527));
#8619=IFCCARTESIANPOINT((0.,109.1556495,119.840842));
#8620=IFCCARTESIANPOINT((0.,109.1033015,121.190143));
#8621=IFCCARTESIANPOINT((0.,109.0506015,122.539429));
#8622=IFCCARTESIANPOINT((0.,108.9975555,123.8887));
#8623=IFCCARTESIANPOINT((0.,108.9441665,125.237955));
#8624=IFCCARTESIANPOINT((0.,108.8904375,126.587197));
#8625=IFCCARTESIANPOINT((0.,108.8363685,127.936423));
#8626=IFCCARTESIANPOINT((0.,108.7819595,129.285634));
#8627=IFCCARTESIANPOINT((0.,108.7272105,130.63483));
#8628=IFCCARTESIANPOINT((0.,108.6721215,131.984011));
#8629=IFCCARTESIANPOINT((0.,108.6166945,133.333177));
#8630=IFCCARTESIANPOINT((0.,108.5609285,134.682328));
#8631=IFCCARTESIANPOINT((0.,108.5048245,136.031463));
#8632=IFCCARTESIANPOINT((0.,108.4483825,137.380584));
#8633=IFCCARTESIANPOINT((0.,108.3916025,138.729689));
#8634=IFCCARTESIANPOINT((0.,108.3344865,140.078779));
#8635=IFCCARTESIANPOINT((0.,108.2770325,141.427854));
#8636=IFCCARTESIANPOINT((0.,108.2192425,142.776913));
#8637=IFCCARTESIANPOINT((0.,108.1611155,144.125957));
#8638=IFCCARTESIANPOINT((0.,108.1026535,145.474986));
#8639=IFCCARTESIANPOINT((0.,108.0438555,146.823999));
#8640=IFCCARTESIANPOINT((0.,107.9847235,148.172997));
#8641=IFCCARTESIANPOINT((0.,107.9252555,149.521979));
#8642=IFCCARTESIANPOINT((0.,107.8654535,150.870946));
#8643=IFCCARTESIANPOINT((0.,107.8053175,152.219897));
#8644=IFCCARTESIANPOINT((0.,107.7448475,153.568832));
#8645=IFCCARTESIANPOINT((0.,107.6840445,154.917752));
#8646=IFCCARTESIANPOINT((0.,107.6229075,156.266657));
#8647=IFCCARTESIANPOINT((0.,107.5614385,157.615545));
#8648=IFCCARTESIANPOINT((0.,107.4996375,158.964418));
#8649=IFCCARTESIANPOINT((0.,107.4375035,160.313275));
#8650=IFCCARTESIANPOINT((0.,107.3750385,161.662117));
#8651=IFCCARTESIANPOINT((0.,107.3122425,163.010942));
#8652=IFCCARTESIANPOINT((0.,107.2491155,164.359752));
#8653=IFCCARTESIANPOINT((0.,107.1856575,165.708546));
#8654=IFCCARTESIANPOINT((0.,107.1218695,167.057324));
#8655=IFCCARTESIANPOINT((0.,107.0577505,168.406086));
#8656=IFCCARTESIANPOINT((0.,106.9933035,169.754832));
#8657=IFCCARTESIANPOINT((0.,106.9285265,171.103562));
#8658=IFCCARTESIANPOINT((0.,106.8634205,172.452276));
#8659=IFCCARTESIANPOINT((0.,106.7979865,173.800973));
#8660=IFCCARTESIANPOINT((0.,106.7322235,175.149655));
#8661=IFCCARTESIANPOINT((0.,106.6661335,176.498321));
#8662=IFCCARTESIANPOINT((0.,106.5997155,177.84697));
#8663=IFCCARTESIANPOINT((0.,106.5329705,179.195603));
#8664=IFCCARTESIANPOINT((0.,106.4658985,180.54422));
#8665=IFCCARTESIANPOINT((0.,106.3985005,181.892821));
#8666=IFCCARTESIANPOINT((0.,106.3307765,183.241405));
#8667=IFCCARTESIANPOINT((0.,106.2627255,184.589973));
#8668=IFCCARTESIANPOINT((0.,106.1943505,185.938524));
#8669=IFCCARTESIANPOINT((0.,106.1256495,187.28706));
#8670=IFCCARTESIANPOINT((0.,106.0566245,188.635578));
#8671=IFCCARTESIANPOINT((0.,105.9872755,189.984081));
#8672=IFCCARTESIANPOINT((0.,105.9176025,191.332566));
#8673=IFCCARTESIANPOINT((0.,105.8476095,192.681036));
#8674=IFCCARTESIANPOINT((0.,105.7772965,194.029489));
#8675=IFCCARTESIANPOINT((0.,105.7066665,195.377925));
#8676=IFCCARTESIANPOINT((0.,105.6357195,196.726345));
#8677=IFCCARTESIANPOINT((0.,105.5644585,198.074749));
#8678=IFCCARTESIANPOINT((0.,105.4928855,199.423136));
#8679=IFCCARTESIANPOINT((0.,105.4210015,200.771508));
#8680=IFCCARTESIANPOINT((0.,105.3488085,202.119863));
#8681=IFCCARTESIANPOINT((0.,105.2763075,203.468201));
#8682=IFCCARTESIANPOINT((0.,105.2035015,204.816524));
#8683=IFCCARTESIANPOINT((0.,105.1303915,206.16483));
#8684=IFCCARTESIANPOINT((0.,105.0569785,207.513121));
#8685=IFCCARTESIANPOINT((0.,104.9832655,208.861395));
#8686=IFCCARTESIANPOINT((0.,104.9092535,210.209653));
#8687=IFCCARTESIANPOINT((0.,104.8349455,211.557895));
#8688=IFCCARTESIANPOINT((0.,104.7603415,212.906121));
#8689=IFCCARTESIANPOINT((0.,104.6854435,214.25433));
#8690=IFCCARTESIANPOINT((0.,104.6102535,215.602524));
#8691=IFCCARTESIANPOINT((0.,104.5347735,216.950702));
#8692=IFCCARTESIANPOINT((0.,104.4590055,218.298864));
#8693=IFCCARTESIANPOINT((0.,104.3829505,219.64701));
#8694=IFCCARTESIANPOINT((0.,104.3066105,220.995141));
#8695=IFCCARTESIANPOINT((0.,104.2299865,222.343255));
#8696=IFCCARTESIANPOINT((0.,104.1530815,223.691353));
#8697=IFCCARTESIANPOINT((0.,104.0758965,225.039436));
#8698=IFCCARTESIANPOINT((0.,103.9984335,226.387503));
#8699=IFCCARTESIANPOINT((0.,103.9206935,227.735554));
#8700=IFCCARTESIANPOINT((0.,103.8426795,229.08359));
#8701=IFCCARTESIANPOINT((0.,103.7643925,230.431609));
#8702=IFCCARTESIANPOINT((0.,103.6858335,231.779613));
#8703=IFCCARTESIANPOINT((0.,103.6070055,233.127602));
#8704=IFCCARTESIANPOINT((0.,103.5279095,234.475575));
#8705=IFCCARTESIANPOINT((0.,103.4485475,235.823532));
#8706=IFCCARTESIANPOINT((0.,103.3689205,237.171474));
#8707=IFCCARTESIANPOINT((0.,103.2890315,238.5194));
#8708=IFCCARTESIANPOINT((0.,103.2088815,239.86731));
#8709=IFCCARTESIANPOINT((0.,103.1284715,241.215205));
#8710=IFCCARTESIANPOINT((0.,103.0478045,242.563085));
#8711=IFCCARTESIANPOINT((0.,102.9668815,243.910949));
#8712=IFCCARTESIANPOINT((0.,102.8857045,245.258798));
#8713=IFCCARTESIANPOINT((0.,102.8042755,246.606632));
#8714=IFCCARTESIANPOINT((0.,102.7225955,247.95445));
#8715=IFCCARTESIANPOINT((0.,102.6406665,249.302252));
#8716=IFCCARTESIANPOINT((0.,102.5584895,250.65004));
#8717=IFCCARTESIANPOINT((0.,102.4760685,251.997812));
#8718=IFCCARTESIANPOINT((0.,102.3934025,253.345569));
#8719=IFCCARTESIANPOINT((0.,102.3104945,254.693311));
#8720=IFCCARTESIANPOINT((0.,102.2273465,256.041037));
#8721=IFCCARTESIANPOINT((0.,102.1439595,257.388749));
#8722=IFCCARTESIANPOINT((0.,102.0603335,258.736445));
#8723=IFCCARTESIANPOINT((0.,101.9764715,260.084126));
#8724=IFCCARTESIANPOINT((0.,101.8923745,261.431793));
#8725=IFCCARTESIANPOINT((0.,101.8080435,262.779444));
#8726=IFCCARTESIANPOINT((0.,101.7234795,264.127081));
#8727=IFCCARTESIANPOINT((0.,101.6386845,265.474703));
#8728=IFCCARTESIANPOINT((0.,101.5536595,266.82231));
#8729=IFCCARTESIANPOINT((0.,101.4684055,268.169903));
#8730=IFCCARTESIANPOINT((0.,101.3829255,269.517481));
#8731=IFCCARTESIANPOINT((0.,101.2972185,270.865045));
#8732=IFCCARTESIANPOINT((0.,101.2112875,272.212594));
#8733=IFCCARTESIANPOINT((0.,101.1251335,273.560128));
#8734=IFCCARTESIANPOINT((0.,101.0387575,274.907649));
#8735=IFCCARTESIANPOINT((0.,100.9521605,276.255155));
#8736=IFCCARTESIANPOINT((0.,100.8653455,277.602647));
#8737=IFCCARTESIANPOINT((0.,100.7783115,278.950125));
#8738=IFCCARTESIANPOINT((0.,100.6910615,280.297588));
#8739=IFCCARTESIANPOINT((0.,100.6035965,281.645038));
#8740=IFCCARTESIANPOINT((0.,100.5159175,282.992474));
#8741=IFCCARTESIANPOINT((0.,100.4280255,284.339895));
#8742=IFCCARTESIANPOINT((0.,100.3399235,285.687303));
#8743=IFCCARTESIANPOINT((0.,100.2516105,287.034697));
#8744=IFCCARTESIANPOINT((0.,100.1630895,288.382078));
#8745=IFCCARTESIANPOINT((0.,100.0743615,289.729444));
#8746=IFCCARTESIANPOINT((0.,99.9854275,291.076798));
#8747=IFCCARTESIANPOINT((0.,99.8962895,292.424137));
#8748=IFCCARTESIANPOINT((0.,99.8069485,293.771463));
#8749=IFCCARTESIANPOINT((0.,99.7174055,295.118776));
#8750=IFCCARTESIANPOINT((0.,99.6276625,296.466075));
#8751=IFCCARTESIANPOINT((0.,99.5377195,297.813361));
#8752=IFCCARTESIANPOINT((0.,99.4475795,299.160634));
#8753=IFCCARTESIANPOINT((0.,99.3572425,300.507893));
#8754=IFCCARTESIANPOINT((0.,99.2667115,301.855139));
#8755=IFCCARTESIANPOINT((0.,99.1759855,303.202373));
#8756=IFCCARTESIANPOINT((0.,99.0850675,304.549593));
#8757=IFCCARTESIANPOINT((0.,98.9939595,305.8968));
#8758=IFCCARTESIANPOINT((0.,98.9026605,307.243995));
#8759=IFCCARTESIANPOINT((0.,98.8111735,308.591176));
#8760=IFCCARTESIANPOINT((0.,98.7195005,309.938345));
#8761=IFCCARTESIANPOINT((0.,98.6276405,311.285501));
#8762=IFCCARTESIANPOINT((0.,98.5355965,312.632645));
#8763=IFCCARTESIANPOINT((0.,98.4433695,313.979776));
#8764=IFCCARTESIANPOINT((0.,98.3509615,315.326894));
#8765=IFCCARTESIANPOINT((0.,98.2583725,316.674));
#8766=IFCCARTESIANPOINT((0.,98.1656045,318.021093));
#8767=IFCCARTESIANPOINT((0.,98.0726595,319.368175));
#8768=IFCCARTESIANPOINT((0.,97.9795375,320.715243));
#8769=IFCCARTESIANPOINT((0.,97.8862415,322.0623));
#8770=IFCCARTESIANPOINT((0.,97.7927715,323.409345));
#8771=IFCCARTESIANPOINT((0.,97.6991295,324.756377));
#8772=IFCCARTESIANPOINT((0.,97.6053175,326.103398));
#8773=IFCCARTESIANPOINT((0.,97.5113355,327.450407));
#8774=IFCCARTESIANPOINT((0.,97.4171855,328.797404));
#8775=IFCCARTESIANPOINT((0.,97.3228695,330.144389));
#8776=IFCCARTESIANPOINT((0.,97.2283895,331.491363));
#8777=IFCCARTESIANPOINT((0.,97.1337445,332.838325));
#8778=IFCCARTESIANPOINT((0.,97.0389385,334.185276));
#8779=IFCCARTESIANPOINT((0.,96.9439705,335.532215));
#8780=IFCCARTESIANPOINT((0.,96.8488445,336.879143));
#8781=IFCCARTESIANPOINT((0.,96.7535605,338.22606));
#8782=IFCCARTESIANPOINT((0.,96.6581195,339.572966));
#8783=IFCCARTESIANPOINT((0.,96.5625235,340.919861));
#8784=IFCCARTESIANPOINT((0.,96.4667735,342.266745));
#8785=IFCCARTESIANPOINT((0.,96.3708715,343.613619));
#8786=IFCCARTESIANPOINT((0.,96.2748195,344.960481));
#8787=IFCCARTESIANPOINT((0.,96.1786175,346.307333));
#8788=IFCCARTESIANPOINT((0.,96.0822675,347.654175));
#8789=IFCCARTESIANPOINT((0.,95.9857705,349.001005));
#8790=IFCCARTESIANPOINT((0.,95.8891285,350.347826));
#8791=IFCCARTESIANPOINT((0.,95.7923435,351.694636));
#8792=IFCCARTESIANPOINT((0.,95.6954155,353.041436));
#8793=IFCCARTESIANPOINT((0.,95.5983465,354.388226));
#8794=IFCCARTESIANPOINT((0.,95.5011385,355.735006));
#8795=IFCCARTESIANPOINT((0.,95.4037915,357.081776));
#8796=IFCCARTESIANPOINT((0.,95.3063085,358.428536));
#8797=IFCCARTESIANPOINT((0.,95.2086905,359.775286));
#8798=IFCCARTESIANPOINT((0.,95.1109375,361.122026));
#8799=IFCCARTESIANPOINT((0.,95.0130535,362.468757));
#8800=IFCCARTESIANPOINT((0.,94.9150375,363.815479));
#8801=IFCCARTESIANPOINT((0.,94.8168925,365.162191));
#8802=IFCCARTESIANPOINT((0.,94.7186185,366.508893));
#8803=IFCCARTESIANPOINT((0.,94.6202185,367.855587));
#8804=IFCCARTESIANPOINT((0.,94.5216925,369.202271));
#8805=IFCCARTESIANPOINT((0.,94.4230425,370.548946));
#8806=IFCCARTESIANPOINT((0.,94.3242705,371.895612));
#8807=IFCCARTESIANPOINT((0.,94.2253775,373.242269));
#8808=IFCCARTESIANPOINT((0.,94.1263635,374.588917));
#8809=IFCCARTESIANPOINT((0.,94.0272325,375.935557));
#8810=IFCCARTESIANPOINT((0.,93.9279845,377.282187));
#8811=IFCCARTESIANPOINT((0.,93.8286205,378.62881));
#8812=IFCCARTESIANPOINT((0.,93.7291425,379.975423));
#8813=IFCCARTESIANPOINT((0.,93.6295515,381.322029));
#8814=IFCCARTESIANPOINT((0.,93.5298495,382.668626));
#8815=IFCCARTESIANPOINT((0.,93.4300385,384.015215));
#8816=IFCCARTESIANPOINT((0.,93.3301185,385.361795));
#8817=IFCCARTESIANPOINT((0.,93.2300905,386.708368));
#8818=IFCCARTESIANPOINT((0.,93.1299585,388.054933));
#8819=IFCCARTESIANPOINT((0.,93.0297215,389.40149));
#8820=IFCCARTESIANPOINT((0.,92.9293825,390.748039));
#8821=IFCCARTESIANPOINT((0.,92.8289425,392.09458));
#8822=IFCCARTESIANPOINT((0.,92.7284025,393.441114));
#8823=IFCCARTESIANPOINT((0.,92.6277635,394.787641));
#8824=IFCCARTESIANPOINT((0.,92.5270285,396.13416));
#8825=IFCCARTESIANPOINT((0.,92.4261985,397.480672));
#8826=IFCCARTESIANPOINT((0.,92.3252735,398.827178));
#8827=IFCCARTESIANPOINT((0.,92.2242575,400.173676));
#8828=IFCCARTESIANPOINT((0.,92.1231495,401.520167));
#8829=IFCCARTESIANPOINT((0.,92.0219525,402.866651));
#8830=IFCCARTESIANPOINT((0.,91.9206665,404.213129));
#8831=IFCCARTESIANPOINT((0.,91.8192945,405.559601));
#8832=IFCCARTESIANPOINT((0.,91.7178375,406.906065));
#8833=IFCCARTESIANPOINT((0.,91.6162965,408.252524));
#8834=IFCCARTESIANPOINT((0.,91.5146735,409.598976));
#8835=IFCCARTESIANPOINT((0.,91.4129695,410.945423));
#8836=IFCCARTESIANPOINT((0.,91.3111865,412.291863));
#8837=IFCCARTESIANPOINT((0.,91.2093255,413.638297));
#8838=IFCCARTESIANPOINT((0.,91.1073875,414.984725));
#8839=IFCCARTESIANPOINT((0.,91.0053755,416.331148));
#8840=IFCCARTESIANPOINT((0.,90.9032885,417.677565));
#8841=IFCCARTESIANPOINT((0.,90.8011305,419.023977));
#8842=IFCCARTESIANPOINT((0.,90.6989015,420.370384));
#8843=IFCCARTESIANPOINT((0.,90.5966035,421.716785));
#8844=IFCCARTESIANPOINT((0.,90.4942375,423.063181));
#8845=IFCCARTESIANPOINT((0.,90.3918055,424.409572));
#8846=IFCCARTESIANPOINT((0.,90.2893085,425.755957));
#8847=IFCCARTESIANPOINT((0.,90.1867485,427.102339));
#8848=IFCCARTESIANPOINT((0.,90.0841265,428.448715));
#8849=IFCCARTESIANPOINT((0.,89.9814435,429.795087));
#8850=IFCCARTESIANPOINT((0.,89.8787015,431.141454));
#8851=IFCCARTESIANPOINT((0.,89.7759025,432.487817));
#8852=IFCCARTESIANPOINT((0.,89.6730475,433.834175));
#8853=IFCCARTESIANPOINT((0.,89.5701375,435.18053));
#8854=IFCCARTESIANPOINT((0.,89.4671735,436.52688));
#8855=IFCCARTESIANPOINT((0.,89.3641585,437.873226));
#8856=IFCCARTESIANPOINT((0.,89.2610935,439.219569));
#8857=IFCCARTESIANPOINT((0.,89.1579795,440.565907));
#8858=IFCCARTESIANPOINT((0.,89.0548185,441.912242));
#8859=IFCCARTESIANPOINT((0.,88.9516105,443.258574));
#8860=IFCCARTESIANPOINT((0.,88.8483585,444.604902));
#8861=IFCCARTESIANPOINT((0.,88.7450635,445.951226));
#8862=IFCCARTESIANPOINT((0.,88.6417275,447.297548));
#8863=IFCCARTESIANPOINT((0.,88.5383505,448.643866));
#8864=IFCCARTESIANPOINT((0.,88.4349355,449.990181));
#8865=IFCCARTESIANPOINT((0.,88.3314825,451.336493));
#8866=IFCCARTESIANPOINT((0.,88.2279935,452.682803));
#8867=IFCCARTESIANPOINT((0.,88.1244695,454.02911));
#8868=IFCCARTESIANPOINT((0.,88.0209115,455.375414));
#8869=IFCCARTESIANPOINT((0.,87.9173205,456.721715));
#8870=IFCCARTESIANPOINT((0.,87.8136985,458.068014));
#8871=IFCCARTESIANPOINT((0.,87.7100465,459.414311));
#8872=IFCCARTESIANPOINT((0.,87.6063645,460.760606));
#8873=IFCCARTESIANPOINT((0.,87.5026555,462.106898));
#8874=IFCCARTESIANPOINT((0.,87.3989205,463.453188));
#8875=IFCCARTESIANPOINT((0.,87.2951595,464.799477));
#8876=IFCCARTESIANPOINT((0.,87.1913745,466.145763));
#8877=IFCCARTESIANPOINT((0.,87.0875655,467.492048));
#8878=IFCCARTESIANPOINT((0.,86.9837355,468.838331));
#8879=IFCCARTESIANPOINT((0.,86.8798855,470.184612));
#8880=IFCCARTESIANPOINT((0.,86.7760155,471.530892));
#8881=IFCCARTESIANPOINT((0.,86.6721275,472.877171));
#8882=IFCCARTESIANPOINT((0.,86.5682225,474.223448));
#8883=IFCCARTESIANPOINT((0.,86.4643025,475.569724));
#8884=IFCCARTESIANPOINT((0.,86.3603675,476.915999));
#8885=IFCCARTESIANPOINT((0.,86.2564185,478.262273));
#8886=IFCCARTESIANPOINT((0.,86.1524585,479.608546));
#8887=IFCCARTESIANPOINT((0.,86.0484875,480.954818));
#8888=IFCCARTESIANPOINT((0.,85.9445065,482.30109));
#8889=IFCCARTESIANPOINT((0.,85.8405165,483.64736));
#8890=IFCCARTESIANPOINT((0.,85.7365205,484.993631));
#8891=IFCCARTESIANPOINT((0.,85.6325175,486.339901));
#8892=IFCCARTESIANPOINT((0.,85.5285095,487.68617));
#8893=IFCCARTESIANPOINT((0.,85.4244985,489.03244));
#8894=IFCCARTESIANPOINT((0.,85.3204845,490.378709));
#8895=IFCCARTESIANPOINT((0.,85.2164705,491.724978));
#8896=IFCCARTESIANPOINT((0.,85.1124555,493.071247));
#8897=IFCCARTESIANPOINT((0.,85.0084415,494.417516));
#8898=IFCCARTESIANPOINT((0.,84.9044305,495.763786));
#8899=IFCCARTESIANPOINT((0.,84.8004225,497.110056));
#8900=IFCCARTESIANPOINT((0.,84.6964205,498.456326));
#8901=IFCCARTESIANPOINT((0.,84.5924235,499.802597));
#8902=IFCCARTESIANPOINT((0.,84.4884335,501.148869));
#8903=IFCCARTESIANPOINT((0.,84.3844525,502.495141));
#8904=IFCCARTESIANPOINT((0.,84.2804815,503.841414));
#8905=IFCCARTESIANPOINT((0.,84.1765215,505.187688));
#8906=IFCCARTESIANPOINT((0.,84.0725725,506.533963));
#8907=IFCCARTESIANPOINT((0.,83.9686375,507.880239));
#8908=IFCCARTESIANPOINT((0.,83.8647175,509.226516));
#8909=IFCCARTESIANPOINT((0.,83.7608125,510.572795));
#8910=IFCCARTESIANPOINT((0.,83.6569245,511.919075));
#8911=IFCCARTESIANPOINT((0.,83.5530545,513.265356));
#8912=IFCCARTESIANPOINT((0.,83.4492045,514.611639));
#8913=IFCCARTESIANPOINT((0.,83.3453745,515.957924));
#8914=IFCCARTESIANPOINT((0.,83.2415695,517.30421));
#8915=IFCCARTESIANPOINT((0.,83.1377895,518.650499));
#8916=IFCCARTESIANPOINT((0.,83.0340375,519.99679));
#8917=IFCCARTESIANPOINT((0.,82.9303155,521.343083));
#8918=IFCCARTESIANPOINT((0.,82.8266265,522.689379));
#8919=IFCCARTESIANPOINT((0.,82.7229705,524.035677));
#8920=IFCCARTESIANPOINT((0.,82.6193525,525.381979));
#8921=IFCCARTESIANPOINT((0.,82.5157725,526.728283));
#8922=IFCCARTESIANPOINT((0.,82.4122335,528.07459));
#8923=IFCCARTESIANPOINT((0.,82.3087375,529.420901));
#8924=IFCCARTESIANPOINT((0.,82.2052865,530.767215));
#8925=IFCCARTESIANPOINT((0.,82.1018835,532.113533));
#8926=IFCCARTESIANPOINT((0.,81.9985295,533.459855));
#8927=IFCCARTESIANPOINT((0.,81.8952275,534.80618));
#8928=IFCCARTESIANPOINT((0.,81.7919805,536.15251));
#8929=IFCCARTESIANPOINT((0.,81.6887885,537.498844));
#8930=IFCCARTESIANPOINT((0.,81.5856555,538.845182));
#8931=IFCCARTESIANPOINT((0.,81.4825825,540.191525));
#8932=IFCCARTESIANPOINT((0.,81.3795715,541.537872));
#8933=IFCCARTESIANPOINT((0.,81.2766265,542.884225));
#8934=IFCCARTESIANPOINT((0.,81.1737485,544.230582));
#8935=IFCCARTESIANPOINT((0.,81.0709395,545.576945));
#8936=IFCCARTESIANPOINT((0.,80.9682015,546.923313));
#8937=IFCCARTESIANPOINT((0.,80.8655375,548.269687));
#8938=IFCCARTESIANPOINT((0.,80.7629485,549.616066));
#8939=IFCCARTESIANPOINT((0.,80.6604375,550.962451));
#8940=IFCCARTESIANPOINT((0.,80.5580075,552.308842));
#8941=IFCCARTESIANPOINT((0.,80.4556585,553.655239));
#8942=IFCCARTESIANPOINT((0.,80.3533955,555.001643));
#8943=IFCCARTESIANPOINT((0.,80.2512175,556.348053));
#8944=IFCCARTESIANPOINT((0.,80.1491295,557.694469));
#8945=IFCCARTESIANPOINT((0.,80.0471315,559.040893));
#8946=IFCCARTESIANPOINT((0.,79.9452265,560.387323));
#8947=IFCCARTESIANPOINT((0.,79.8434175,561.73376));
#8948=IFCCARTESIANPOINT((0.,79.7417055,563.080205));
#8949=IFCCARTESIANPOINT((0.,79.6400935,564.426657));
#8950=IFCCARTESIANPOINT((0.,79.5385835,565.773116));
#8951=IFCCARTESIANPOINT((0.,79.4371775,567.119584));
#8952=IFCCARTESIANPOINT((0.,79.3358765,568.466059));
#8953=IFCCARTESIANPOINT((0.,79.2346855,569.812542));
#8954=IFCCARTESIANPOINT((0.,79.1336035,571.159033));
#8955=IFCCARTESIANPOINT((0.,79.0326355,572.505533));
#8956=IFCCARTESIANPOINT((0.,78.9317815,573.852041));
#8957=IFCCARTESIANPOINT((0.,78.8310445,575.198558));
#8958=IFCCARTESIANPOINT((0.,78.7304265,576.545084));
#8959=IFCCARTESIANPOINT((0.,78.6299305,577.891619));
#8960=IFCCARTESIANPOINT((0.,78.5295575,579.238163));
#8961=IFCCARTESIANPOINT((0.,78.4293065,580.584715));
#8962=IFCCARTESIANPOINT((0.,78.3291755,581.931277));
#8963=IFCCARTESIANPOINT((0.,78.2291595,583.277847));
#8964=IFCCARTESIANPOINT((0.,78.1292575,584.624426));
#8965=IFCCARTESIANPOINT((0.,78.0294655,585.971013));
#8966=IFCCARTESIANPOINT((0.,77.9297805,587.317608));
#8967=IFCCARTESIANPOINT((0.,77.8302005,588.66421));
#8968=IFCCARTESIANPOINT((0.,77.7307225,590.01082));
#8969=IFCCARTESIANPOINT((0.,77.6313425,591.357438));
#8970=IFCCARTESIANPOINT((0.,77.5320585,592.704063));
#8971=IFCCARTESIANPOINT((0.,77.4328675,594.050694));
#8972=IFCCARTESIANPOINT((0.,77.3337655,595.397332));
#8973=IFCCARTESIANPOINT((0.,77.2347515,596.743977));
#8974=IFCCARTESIANPOINT((0.,77.1358215,598.090628));
#8975=IFCCARTESIANPOINT((0.,77.0369715,599.437285));
#8976=IFCCARTESIANPOINT((0.,76.9382005,600.783948));
#8977=IFCCARTESIANPOINT((0.,76.8395045,602.130617));
#8978=IFCCARTESIANPOINT((0.,76.7408815,603.477291));
#8979=IFCCARTESIANPOINT((0.,76.6423275,604.82397));
#8980=IFCCARTESIANPOINT((0.,76.5438395,606.170654));
#8981=IFCCARTESIANPOINT((0.,76.4454155,607.517343));
#8982=IFCCARTESIANPOINT((0.,76.3470525,608.864037));
#8983=IFCCARTESIANPOINT((0.,76.2487465,610.210735));
#8984=IFCCARTESIANPOINT((0.,76.1504955,611.557437));
#8985=IFCCARTESIANPOINT((0.,76.0522965,612.904144));
#8986=IFCCARTESIANPOINT((0.,75.9541455,614.250853));
#8987=IFCCARTESIANPOINT((0.,75.8560415,615.597567));
#8988=IFCCARTESIANPOINT((0.,75.7579805,616.944284));
#8989=IFCCARTESIANPOINT((0.,75.6599595,618.291004));
#8990=IFCCARTESIANPOINT((0.,75.5619755,619.637727));
#8991=IFCCARTESIANPOINT((0.,75.4640265,620.984452));
#8992=IFCCARTESIANPOINT((0.,75.3661085,622.33118));
#8993=IFCCARTESIANPOINT((0.,75.2682185,623.67791));
#8994=IFCCARTESIANPOINT((0.,75.1703545,625.024643));
#8995=IFCCARTESIANPOINT((0.,75.0725135,626.371377));
#8996=IFCCARTESIANPOINT((0.,74.9746915,627.718113));
#8997=IFCCARTESIANPOINT((0.,74.8768865,629.06485));
#8998=IFCCARTESIANPOINT((0.,74.7790955,630.411588));
#8999=IFCCARTESIANPOINT((0.,74.6813145,631.758328));
#9000=IFCCARTESIANPOINT((0.,74.5835425,633.105068));
#9001=IFCCARTESIANPOINT((0.,74.4857755,634.451809));
#9002=IFCCARTESIANPOINT((0.,74.3880095,635.79855));
#9003=IFCCARTESIANPOINT((0.,74.2902435,637.145292));
#9004=IFCCARTESIANPOINT((0.,74.1924745,638.492033));
#9005=IFCCARTESIANPOINT((0.,74.0946975,639.838774));
#9006=IFCCARTESIANPOINT((0.,73.9969115,641.185515));
#9007=IFCCARTESIANPOINT((0.,73.8991135,642.532255));
#9008=IFCCARTESIANPOINT((0.,73.8012995,643.878994));
#9009=IFCCARTESIANPOINT((0.,73.7034645,645.225731));
#9010=IFCCARTESIANPOINT((0.,73.6056035,646.572467));
#9011=IFCCARTESIANPOINT((0.,73.5077085,647.919201));
#9012=IFCCARTESIANPOINT((0.,73.4097745,649.265932));
#9013=IFCCARTESIANPOINT((0.,73.3117945,650.612659));
#9014=IFCCARTESIANPOINT((0.,73.2137635,651.959383));
#9015=IFCCARTESIANPOINT((0.,73.1156735,653.306103));
#9016=IFCCARTESIANPOINT((0.,73.0175195,654.652818));
#9017=IFCCARTESIANPOINT((0.,72.9192945,655.999528));
#9018=IFCCARTESIANPOINT((0.,72.8209925,657.346232));
#9019=IFCCARTESIANPOINT((0.,72.7226065,658.69293));
#9020=IFCCARTESIANPOINT((0.,72.6241315,660.039621));
#9021=IFCCARTESIANPOINT((0.,72.5255615,661.386305));
#9022=IFCCARTESIANPOINT((0.,72.4268885,662.732981));
#9023=IFCCARTESIANPOINT((0.,72.3281075,664.079649));
#9024=IFCCARTESIANPOINT((0.,72.2292125,665.426309));
#9025=IFCCARTESIANPOINT((0.,72.1301955,666.772959));
#9026=IFCCARTESIANPOINT((0.,72.0310525,668.1196));
#9027=IFCCARTESIANPOINT((0.,71.9317755,669.466231));
#9028=IFCCARTESIANPOINT((0.,71.8323585,670.812851));
#9029=IFCCARTESIANPOINT((0.,71.7327965,672.15946));
#9030=IFCCARTESIANPOINT((0.,71.6330815,673.506057));
#9031=IFCCARTESIANPOINT((0.,71.5332085,674.852643));
#9032=IFCCARTESIANPOINT((0.,71.4331705,676.199216));
#9033=IFCCARTESIANPOINT((0.,71.3329615,677.545776));
#9034=IFCCARTESIANPOINT((0.,71.2325755,678.892322));
#9035=IFCCARTESIANPOINT((0.,71.1320055,680.238854));
#9036=IFCCARTESIANPOINT((0.,71.0312465,681.585372));
#9037=IFCCARTESIANPOINT((0.,70.9302905,682.931875));
#9038=IFCCARTESIANPOINT((0.,70.8291325,684.278362));
#9039=IFCCARTESIANPOINT((0.,70.7277665,685.624833));
#9040=IFCCARTESIANPOINT((0.,70.6261855,686.971288));
#9041=IFCCARTESIANPOINT((0.,70.5243825,688.317726));
#9042=IFCCARTESIANPOINT((0.,70.4223535,689.664147));
#9043=IFCCARTESIANPOINT((0.,70.3200895,691.010549));
#9044=IFCCARTESIANPOINT((0.,70.2175865,692.356933));
#9045=IFCCARTESIANPOINT((0.,70.1148375,693.703298));
#9046=IFCCARTESIANPOINT((0.,70.0118355,695.049644));
#9047=IFCCARTESIANPOINT((0.,69.9085745,696.39597));
#9048=IFCCARTESIANPOINT((0.,69.8050485,697.742276));
#9049=IFCCARTESIANPOINT((0.,69.7012525,699.08856));
#9050=IFCCARTESIANPOINT((0.,69.5971775,700.434823));
#9051=IFCCARTESIANPOINT((0.,69.4928195,701.781065));
#9052=IFCCARTESIANPOINT((0.,69.3881715,703.127284));
#9053=IFCCARTESIANPOINT((0.,69.2832265,704.47348));
#9054=IFCCARTESIANPOINT((0.,69.1779795,705.819653));
#9055=IFCCARTESIANPOINT((0.,69.0724235,707.165802));
#9056=IFCCARTESIANPOINT((0.,68.9665525,708.511927));
#9057=IFCCARTESIANPOINT((0.,68.8603615,709.858027));
#9058=IFCCARTESIANPOINT((0.,68.7538425,711.204101));
#9059=IFCCARTESIANPOINT((0.,68.6469925,712.550148));
#9060=IFCCARTESIANPOINT((0.,68.5398055,713.896167));
#9061=IFCCARTESIANPOINT((0.,68.4322765,715.242158));
#9062=IFCCARTESIANPOINT((0.,68.3244045,716.58812));
#9063=IFCCARTESIANPOINT((0.,68.2161975,717.934056));
#9064=IFCCARTESIANPOINT((0.,68.1076635,719.279967));
#9065=IFCCARTESIANPOINT((0.,67.9988105,720.625856));
#9066=IFCCARTESIANPOINT((0.,67.8896455,721.971724));
#9067=IFCCARTESIANPOINT((0.,67.7801585,723.317569));
#9068=IFCCARTESIANPOINT((0.,67.6702955,724.663384));
#9069=IFCCARTESIANPOINT((0.,67.5599985,726.009157));
#9070=IFCCARTESIANPOINT((0.,67.4492115,727.354879));
#9071=IFCCARTESIANPOINT((0.,67.3378745,728.70054));
#9072=IFCCARTESIANPOINT((0.,67.2259755,730.046138));
#9073=IFCCARTESIANPOINT((0.,67.1136695,731.3917));
#9074=IFCCARTESIANPOINT((0.,67.0011475,732.737262));
#9075=IFCCARTESIANPOINT((0.,66.8886015,734.082859));
#9076=IFCCARTESIANPOINT((0.,66.7762235,735.428525));
#9077=IFCCARTESIANPOINT((0.,66.6641125,736.774278));
#9078=IFCCARTESIANPOINT((0.,66.5517635,738.120028));
#9079=IFCCARTESIANPOINT((0.,66.4384375,739.465643));
#9080=IFCCARTESIANPOINT((0.,66.3233935,740.810991));
#9081=IFCCARTESIANPOINT((0.,66.2058905,742.15594));
#9082=IFCCARTESIANPOINT((0.,66.0854295,743.500393));
#9083=IFCCARTESIANPOINT((0.,65.9643915,744.844684));
#9084=IFCCARTESIANPOINT((0.,65.8470655,746.189432));
#9085=IFCCARTESIANPOINT((0.,65.7377755,747.535263));
#9086=IFCCARTESIANPOINT((0.,65.6408435,748.882799));
#9087=IFCCARTESIANPOINT((0.,65.5606665,750.232629));
#9088=IFCCARTESIANPOINT((0.,65.5036525,751.584381));
#9089=IFCCARTESIANPOINT((0.,65.4783995,752.936634));
#9090=IFCCARTESIANPOINT((0.,65.4936165,754.287915));
#9091=IFCCARTESIANPOINT((0.,65.5580125,755.63675));
#9092=IFCCARTESIANPOINT((0.,65.6802465,756.981657));
#9093=IFCCARTESIANPOINT((0.,65.8653755,758.320573));
#9094=IFCCARTESIANPOINT((0.,66.1125315,759.650472));
#9095=IFCCARTESIANPOINT((0.,66.4202935,760.968242));
#9096=IFCCARTESIANPOINT((0.,66.7872405,762.270769));
#9097=IFCCARTESIANPOINT((0.,67.2118995,763.555053));
#9098=IFCCARTESIANPOINT((0.,67.6923635,764.819048));
#9099=IFCCARTESIANPOINT((0.,68.2265095,766.061182));
#9100=IFCCARTESIANPOINT((0.,68.8122145,767.279886));
#9101=IFCCARTESIANPOINT((0.,69.4473535,768.473593));
#9102=IFCCARTESIANPOINT((0.,70.1301415,769.640594));
#9103=IFCCARTESIANPOINT((0.,70.8596895,770.778824));
#9104=IFCCARTESIANPOINT((0.,71.6352515,771.886154));
#9105=IFCCARTESIANPOINT((0.,72.4560855,772.960458));
#9106=IFCCARTESIANPOINT((0.,73.3214315,773.999599));
#9107=IFCCARTESIANPOINT((0.,74.2302265,775.001233));
#9108=IFCCARTESIANPOINT((0.,75.1811025,775.962808));
#9109=IFCCARTESIANPOINT((0.,76.1726825,776.881765));
#9110=IFCCARTESIANPOINT((0.,77.2035855,777.755545));
#9111=IFCCARTESIANPOINT((0.,78.2720515,778.582278));
#9112=IFCCARTESIANPOINT((0.,79.3744545,779.363482));
#9113=IFCCARTESIANPOINT((0.,80.5065935,780.101704));
#9114=IFCCARTESIANPOINT((0.,81.6642705,780.799495));
#9115=IFCCARTESIANPOINT((0.,82.8433075,781.459421));
#9116=IFCCARTESIANPOINT((0.,84.0402655,782.084602));
#9117=IFCCARTESIANPOINT((0.,85.2526245,782.678849));
#9118=IFCCARTESIANPOINT((0.,86.4779245,783.246019));
#9119=IFCCARTESIANPOINT((0.,87.7137035,783.789966));
#9120=IFCCARTESIANPOINT((0.,88.9576745,784.314335));
#9121=IFCCARTESIANPOINT((0.,90.2085635,784.821551));
#9122=IFCCARTESIANPOINT((0.,91.4654605,785.3136));
#9123=IFCCARTESIANPOINT((0.,92.7274575,785.792467));
#9124=IFCCARTESIANPOINT((0.,93.9936495,786.260124));
#9125=IFCCARTESIANPOINT((0.,95.2634525,786.717776));
#9126=IFCCARTESIANPOINT((0.,96.5367915,787.16541));
#9127=IFCCARTESIANPOINT((0.,97.8136325,787.602902));
#9128=IFCCARTESIANPOINT((0.,99.0939455,788.030133));
#9129=IFCCARTESIANPOINT((0.,100.3776875,788.447012));
#9130=IFCCARTESIANPOINT((0.,101.6647415,788.853682));
#9131=IFCCARTESIANPOINT((0.,102.9549535,789.250396));
#9132=IFCCARTESIANPOINT((0.,104.2481695,789.637406));
#9133=IFCCARTESIANPOINT((0.,105.5442365,790.014965));
#9134=IFCCARTESIANPOINT((0.,106.8430005,790.383326));
#9135=IFCCARTESIANPOINT((0.,108.1443075,790.742741));
#9136=IFCCARTESIANPOINT((0.,109.4480035,791.093462));
#9137=IFCCARTESIANPOINT((0.,110.7539355,791.435744));
#9138=IFCCARTESIANPOINT((0.,112.0619505,791.769837));
#9139=IFCCARTESIANPOINT((0.,113.3718945,792.095996));
#9140=IFCCARTESIANPOINT((0.,114.6836475,792.414475));
#9141=IFCCARTESIANPOINT((0.,115.9971225,792.725534));
#9142=IFCCARTESIANPOINT((0.,117.3122355,793.029433));
#9143=IFCCARTESIANPOINT((0.,118.6289035,793.326429));
#9144=IFCCARTESIANPOINT((0.,119.9470405,793.616784));
#9145=IFCCARTESIANPOINT((0.,121.2665635,793.900756));
#9146=IFCCARTESIANPOINT((0.,122.5873875,794.178604));
#9147=IFCCARTESIANPOINT((0.,123.9094285,794.450587));
#9148=IFCCARTESIANPOINT((0.,125.2326025,794.716966));
#9149=IFCCARTESIANPOINT((0.,126.5568255,794.977999));
#9150=IFCCARTESIANPOINT((0.,127.8820205,795.233929));
#9151=IFCCARTESIANPOINT((0.,129.2081395,795.484957));
#9152=IFCCARTESIANPOINT((0.,130.5351325,795.731277));
#9153=IFCCARTESIANPOINT((0.,131.8629555,795.973081));
#9154=IFCCARTESIANPOINT((0.,133.1915595,796.210565));
#9155=IFCCARTESIANPOINT((0.,134.5208975,796.443921));
#9156=IFCCARTESIANPOINT((0.,135.8509235,796.673343));
#9157=IFCCARTESIANPOINT((0.,137.1815895,796.899024));
#9158=IFCCARTESIANPOINT((0.,138.5128495,797.12116));
#9159=IFCCARTESIANPOINT((0.,139.8446555,797.339942));
#9160=IFCCARTESIANPOINT((0.,141.1769625,797.555563));
#9161=IFCCARTESIANPOINT((0.,142.5097365,797.768198));
#9162=IFCCARTESIANPOINT((0.,143.8429505,797.978016));
#9163=IFCCARTESIANPOINT((0.,145.1765735,798.185184));
#9164=IFCCARTESIANPOINT((0.,146.5105775,798.389873));
#9165=IFCCARTESIANPOINT((0.,147.8449345,798.592251));
#9166=IFCCARTESIANPOINT((0.,149.1796145,798.792486));
#9167=IFCCARTESIANPOINT((0.,150.5145895,798.990747));
#9168=IFCCARTESIANPOINT((0.,151.8498315,799.187203));
#9169=IFCCARTESIANPOINT((0.,153.1853095,799.382022));
#9170=IFCCARTESIANPOINT((0.,154.5209965,799.575374));
#9171=IFCCARTESIANPOINT((0.,155.8568655,799.76743));
#9172=IFCCARTESIANPOINT((0.,157.1928925,799.958365));
#9173=IFCCARTESIANPOINT((0.,158.5290525,800.148352));
#9174=IFCCARTESIANPOINT((0.,159.8653225,800.337567));
#9175=IFCCARTESIANPOINT((0.,161.2016765,800.526185));
#9176=IFCCARTESIANPOINT((0.,162.5380905,800.714379));
#9177=IFCCARTESIANPOINT((0.,163.8745405,800.902324));
#9178=IFCCARTESIANPOINT((0.,165.2110025,801.090195));
#9179=IFCCARTESIANPOINT((0.,166.5474515,801.278167));
#9180=IFCCARTESIANPOINT((0.,167.8838645,801.466413));
#9181=IFCCARTESIANPOINT((0.,169.2202145,801.655109));
#9182=IFCCARTESIANPOINT((0.,170.5564765,801.844434));
#9183=IFCCARTESIANPOINT((0.,171.8926245,802.034564));
#9184=IFCCARTESIANPOINT((0.,173.2286305,802.225677));
#9185=IFCCARTESIANPOINT((0.,174.5644695,802.417952));
#9186=IFCCARTESIANPOINT((0.,175.9001135,802.611565));
#9187=IFCCARTESIANPOINT((0.,177.2355375,802.806696));
#9188=IFCCARTESIANPOINT((0.,178.5707135,803.003521));
#9189=IFCCARTESIANPOINT((0.,179.9056165,803.202219));
#9190=IFCCARTESIANPOINT((0.,181.2402195,803.402966));
#9191=IFCCARTESIANPOINT((0.,182.5744955,803.605936));
#9192=IFCCARTESIANPOINT((0.,183.9084195,803.811256));
#9193=IFCCARTESIANPOINT((0.,185.2419655,804.019041));
#9194=IFCCARTESIANPOINT((0.,186.5751085,804.229407));
#9195=IFCCARTESIANPOINT((0.,187.9078215,804.442467));
#9196=IFCCARTESIANPOINT((0.,189.2400815,804.658336));
#9197=IFCCARTESIANPOINT((0.,190.5718605,804.877129));
#9198=IFCCARTESIANPOINT((0.,191.9031335,805.09896));
#9199=IFCCARTESIANPOINT((0.,193.2338765,805.323944));
#9200=IFCCARTESIANPOINT((0.,194.5640625,805.552194));
#9201=IFCCARTESIANPOINT((0.,195.8936665,805.783827));
#9202=IFCCARTESIANPOINT((0.,197.2226555,806.018974));
#9203=IFCCARTESIANPOINT((0.,198.5509915,806.257782));
#9204=IFCCARTESIANPOINT((0.,199.8786365,806.500397));
#9205=IFCCARTESIANPOINT((0.,201.2055515,806.746966));
#9206=IFCCARTESIANPOINT((0.,202.5316995,806.997636));
#9207=IFCCARTESIANPOINT((0.,203.8570425,807.252555));
#9208=IFCCARTESIANPOINT((0.,205.1815425,807.511853));
#9209=IFCCARTESIANPOINT((0.,206.5051805,807.775552));
#9210=IFCCARTESIANPOINT((0.,207.8279415,808.043627));
#9211=IFCCARTESIANPOINT((0.,209.1498125,808.31605));
#9212=IFCCARTESIANPOINT((0.,210.4707795,808.592794));
#9213=IFCCARTESIANPOINT((0.,211.7908295,808.873834));
#9214=IFCCARTESIANPOINT((0.,213.1099465,809.159142));
#9215=IFCCARTESIANPOINT((0.,214.4280885,809.448843));
#9216=IFCCARTESIANPOINT((0.,215.7451045,809.743566));
#9217=IFCCARTESIANPOINT((0.,217.0608255,810.044046));
#9218=IFCCARTESIANPOINT((0.,218.3750815,810.351017));
#9219=IFCCARTESIANPOINT((0.,219.6877025,810.665214));
#9220=IFCCARTESIANPOINT((0.,220.9985185,810.987371));
#9221=IFCCARTESIANPOINT((0.,222.3073565,811.318229));
#9222=IFCCARTESIANPOINT((0.,223.6138475,811.658895));
#9223=IFCCARTESIANPOINT((0.,224.9172965,812.011088));
#9224=IFCCARTESIANPOINT((0.,226.2169795,812.376588));
#9225=IFCCARTESIANPOINT((0.,227.5121715,812.75717));
#9226=IFCCARTESIANPOINT((0.,228.8021455,813.154613));
#9227=IFCCARTESIANPOINT((0.,230.0861785,813.570694));
#9228=IFCCARTESIANPOINT((0.,231.3635345,814.007177));
#9229=IFCCARTESIANPOINT((0.,232.6333245,814.465576));
#9230=IFCCARTESIANPOINT((0.,233.8945225,814.947196));
#9231=IFCCARTESIANPOINT((0.,235.1460975,815.453333));
#9232=IFCCARTESIANPOINT((0.,236.3870215,815.985281));
#9233=IFCCARTESIANPOINT((0.,237.6161435,816.544245));
#9234=IFCCARTESIANPOINT((0.,238.8321265,817.13128));
#9235=IFCCARTESIANPOINT((0.,240.0336145,817.747428));
#9236=IFCCARTESIANPOINT((0.,241.2192535,818.393732));
#9237=IFCCARTESIANPOINT((0.,242.3875715,819.071221));
#9238=IFCCARTESIANPOINT((0.,243.5366955,819.780884));
#9239=IFCCARTESIANPOINT((0.,244.6646705,820.523699));
#9240=IFCCARTESIANPOINT((0.,245.7695415,821.300644));
#9241=IFCCARTESIANPOINT((0.,246.8492985,822.11265));
#9242=IFCCARTESIANPOINT((0.,247.9015295,822.960267));
#9243=IFCCARTESIANPOINT((0.,248.9236355,823.843874));
#9244=IFCCARTESIANPOINT((0.,249.9130175,824.763847));
#9245=IFCCARTESIANPOINT((0.,250.8670835,825.720533));
#9246=IFCCARTESIANPOINT((0.,251.7834135,826.713686));
#9247=IFCCARTESIANPOINT((0.,252.6597365,827.742521));
#9248=IFCCARTESIANPOINT((0.,253.4937885,828.806235));
#9249=IFCCARTESIANPOINT((0.,254.2833045,829.904021));
#9250=IFCCARTESIANPOINT((0.,255.0257355,831.03478));
#9251=IFCCARTESIANPOINT((0.,255.7180235,832.196886));
#9252=IFCCARTESIANPOINT((0.,256.3570565,833.388656));
#9253=IFCCARTESIANPOINT((0.,256.9397245,834.608407));
#9254=IFCCARTESIANPOINT((0.,257.4633695,835.854309));
#9255=IFCCARTESIANPOINT((0.,257.9290305,837.123321));
#9256=IFCCARTESIANPOINT((0.,258.3395375,838.411816));
#9257=IFCCARTESIANPOINT((0.,258.6977305,839.716166));
#9258=IFCCARTESIANPOINT((0.,259.0064505,841.032745));
#9259=IFCCARTESIANPOINT((0.,259.2684635,842.358623));
#9260=IFCCARTESIANPOINT((0.,259.4863985,843.692136));
#9261=IFCCARTESIANPOINT((0.,259.6628695,845.03176));
#9262=IFCCARTESIANPOINT((0.,259.8004895,846.375966));
#9263=IFCCARTESIANPOINT((0.,259.9017465,847.723278));
#9264=IFCCARTESIANPOINT((0.,259.9680445,849.072638));
#9265=IFCCARTESIANPOINT((0.,260.0002365,850.423199));
#9266=IFCCARTESIANPOINT((0.,259.9991745,851.774117));
#9267=IFCCARTESIANPOINT((0.,259.9657105,853.12455));
#9268=IFCCARTESIANPOINT((0.,259.9008305,854.473753));
#9269=IFCCARTESIANPOINT((0.,259.8057745,855.821174));
#9270=IFCCARTESIANPOINT((0.,259.6818135,857.166281));
#9271=IFCCARTESIANPOINT((0.,259.5302165,858.508543));
#9272=IFCCARTESIANPOINT((0.,259.3522425,859.847451));
#9273=IFCCARTESIANPOINT((0.,259.1490575,861.182683));
#9274=IFCCARTESIANPOINT((0.,258.9217805,862.51402));
#9275=IFCCARTESIANPOINT((0.,258.6715295,863.841237));
#9276=IFCCARTESIANPOINT((0.,258.3994225,865.164114));
#9277=IFCCARTESIANPOINT((0.,258.1065635,866.482503));
#9278=IFCCARTESIANPOINT((0.,257.7940285,867.796408));
#9279=IFCCARTESIANPOINT((0.,257.4628885,869.105851));
#9280=IFCCARTESIANPOINT((0.,257.1142135,870.410856));
#9281=IFCCARTESIANPOINT((0.,256.7490745,871.711445));
#9282=IFCCARTESIANPOINT((0.,256.3685445,873.007642));
#9283=IFCCARTESIANPOINT((0.,255.9736925,874.299471));
#9284=IFCCARTESIANPOINT((0.,255.5654945,875.586972));
#9285=IFCCARTESIANPOINT((0.,255.1446105,876.870245));
#9286=IFCCARTESIANPOINT((0.,254.7116365,878.149403));
#9287=IFCCARTESIANPOINT((0.,254.2671705,879.424558));
#9288=IFCCARTESIANPOINT((0.,253.8118095,880.695822));
#9289=IFCCARTESIANPOINT((0.,253.3461485,881.963308));
#9290=IFCCARTESIANPOINT((0.,252.8707865,883.227127));
#9291=IFCCARTESIANPOINT((0.,252.3864515,884.487461));
#9292=IFCCARTESIANPOINT((0.,251.8944905,885.744813));
#9293=IFCCARTESIANPOINT((0.,251.3964285,886.99978));
#9294=IFCCARTESIANPOINT((0.,250.8937915,888.252958));
#9295=IFCCARTESIANPOINT((0.,250.3881045,889.504943));
#9296=IFCCARTESIANPOINT((0.,249.8808915,890.756332));
#9297=IFCPOLYLINE((#9298,#9299));
#9298=IFCCARTESIANPOINT((0.,-248.0439175,892.));
#9299=IFCCARTESIANPOINT((0.,248.0448235,892.));
#9300=IFCPOLYLINE((#9301,#9302));
#9301=IFCCARTESIANPOINT((0.,107.0762645,-8.));
#9302=IFCCARTESIANPOINT((0.,-107.0753575,-8.));
#9303=IFCSANITARYTERMINALTYPE('38oLfIKqXARQwHtyJLiLRP',#9304,'BS01','Falper SORGENTE',$,$,(#41),$,$,.WASHHANDBASIN.);
#9304=IFCOWNERHISTORY(#20,#23,.READWRITE.,.MODIFIED.,1770369965,#20,#28,1762330989);
#9305=IFCBUILDINGSTOREY('1nWDSMPFnE6ReuI_BVi9KH',#9306,'BATHG',$,$,#9307,$,$,$,$);
#9306=IFCOWNERHISTORY(#20,#23,.READWRITE.,.MODIFIED.,1787421356,#25,#28,1762414105);
#9307=IFCLOCALPLACEMENT($,#9308);
#9308=IFCAXIS2PLACEMENT3D(#9309,#9310,#9311);
#9309=IFCCARTESIANPOINT((0.,0.,0.));
#9310=IFCDIRECTION((0.,0.,1.));
#9311=IFCDIRECTION((1.,0.,0.));
#9312=IFCBUILDINGSTOREY('1VjEk5I8XFmfiAYaLk_F_7',#9313,'FUR',$,$,#9314,$,$,$,$);
#9313=IFCOWNERHISTORY(#20,#23,.READWRITE.,.MODIFIED.,1787421356,#25,#28,1761750327);
#9314=IFCLOCALPLACEMENT($,#9315);
#9315=IFCAXIS2PLACEMENT3D(#9316,#9317,#9318);
#9316=IFCCARTESIANPOINT((0.,0.,0.));
#9317=IFCDIRECTION((0.,0.,1.));
#9318=IFCDIRECTION((1.,0.,0.));
#9319=IFCBUILDING('0aVVbcf_9A9x07_Nod0gAP',#9320,'My Building',$,$,#9321,$,$,$,$,$,$);
#9320=IFCOWNERHISTORY(#20,#23,.READWRITE.,.MODIFIED.,1787421356,#25,#28,1759986564);
#9321=IFCLOCALPLACEMENT($,#9322);
#9322=IFCAXIS2PLACEMENT3D(#9323,#9324,#9325);
#9323=IFCCARTESIANPOINT((0.,0.,0.));
#9324=IFCDIRECTION((0.,0.,1.));
#9325=IFCDIRECTION((1.,0.,0.));
#9326=IFCSITE('3iWnpcHW54tQCcUMk_yOsj',#9327,'My Site',$,$,#9328,$,$,$,$,$,$,$,$);
#9327=IFCOWNERHISTORY(#25,#28,.READWRITE.,.ADDED.,1787421356,#25,#28,1787421356);
#9328=IFCLOCALPLACEMENT($,#9329);
#9329=IFCAXIS2PLACEMENT3D(#9330,#9331,#9332);
#9330=IFCCARTESIANPOINT((0.,0.,0.));
#9331=IFCDIRECTION((0.,0.,1.));
#9332=IFCDIRECTION((1.,0.,0.));
#9333=IFCRELAGGREGATES('3o2jdCFO19HwFGYYwXfCZs',#9334,$,$,#1,(#9326));
#9334=IFCOWNERHISTORY(#25,#23,.READWRITE.,.MODIFIED.,1786125332,#25,#23,1759683330);
#9335=IFCRELASSOCIATESDOCUMENT('2MVII3MC1EyxSXHWPr1FTB',#9336,$,$,(#1),#9337);
#9336=IFCOWNERHISTORY(#25,#28,.READWRITE.,.ADDED.,1788839963,#25,#28,1788839963);
#9337=IFCDOCUMENTINFORMATION('X','FALPER-WFB-SCENE-SIDE',$,$,$,$,'DRAWING',$,$,$,$,$,$,$,$,$,$);
#9338=IFCRELASSOCIATESDOCUMENT('1miESKoJv2BPDg_tpAajmO',#9339,$,$,(#1),#9340);
#9339=IFCOWNERHISTORY(#25,#28,.READWRITE.,.ADDED.,1788839962,#25,#28,1788839962);
#9340=IFCDOCUMENTINFORMATION('X','FALPER-WFB-SCENE-FRONT',$,$,$,$,'DRAWING',$,$,$,$,$,$,$,$,$,$);
#9341=IFCRELASSOCIATESDOCUMENT('2hImL4Dt113R8QA14cLFiF',#9342,$,$,(#1),#9343);
#9342=IFCOWNERHISTORY(#25,#28,.READWRITE.,.ADDED.,1788839962,#25,#28,1788839962);
#9343=IFCDOCUMENTINFORMATION('X','FALPER-WFB-SCENE-PLAN',$,$,$,$,'DRAWING',$,$,$,$,$,$,$,$,$,$);
#9344=IFCRELASSOCIATESDOCUMENT('1TAerHOoH3Cxun_K2kHvhn',#9345,'Falper Sorgente WFB source association','Official native DWG source for approved derived drawing representations',(#18,#9303),#9346);
#9345=IFCOWNERHISTORY(#20,#23,.READWRITE.,.MODIFIED.,1770369965,#20,#28,1762359167);
#9346=IFCDOCUMENTREFERENCE('drawings/evidence/FALPER-official-Sorgente-WFB-2D.dwg','FALPER-SORGENTE-WFB-NATIVE-DWG','Falper official Sorgente WFB native DWG','SHA-256 4b3d8900f8ae249d7e9634339f3529d7d38a940dc2d0c909a7e90e31d3946831; family_reference_not_project_shop_drawing; official product-family reference, not a project shop drawing',$);
#9347=IFCRELCONTAINEDINSPATIALSTRUCTURE('1G56qmqEb65QTCaMdrZ$JE',#9334,$,$,(#18),#9305);
#9348=IFCRELDEFINESBYPROPERTIES('3_Zh0RFKj6punnaexeL5j3',#9345,'Falper Sorgente drawing source properties',$,(#18),#9349);
#9349=IFCPROPERTYSET('0AtbCVue5EwPXn9FZ6QSiF',#9345,'Pset_FalperSorgenteDrawingSource','Mechanically verifiable source and human approval for derived drawing representations',(#9350,#9351,#9352,#9353,#9354,#9355,#9356,#9357,#9358,#9359,#9360,#9361,#9362,#9363,#9364,#9365,#9366,#9367,#9368,#9369,#9370,#9371,#9372,#9373,#9374));
#9350=IFCPROPERTYSINGLEVALUE('SourceKind',$,IFCTEXT('native_dwg'),$);
#9351=IFCPROPERTYSINGLEVALUE('Manufacturer',$,IFCTEXT('Falper'),$);
#9352=IFCPROPERTYSINGLEVALUE('Family',$,IFCTEXT('Sorgente'),$);
#9353=IFCPROPERTYSINGLEVALUE('ModelCode',$,IFCTEXT('WFB'),$);
#9354=IFCPROPERTYSINGLEVALUE('SourceProductPage',$,IFCTEXT('https://falper.it/en/freestanding-washbasins/'),$);
#9355=IFCPROPERTYSINGLEVALUE('Source2DArchive',$,IFCTEXT('https://falper.it/wp-content/uploads/2025/11/Lavabi-Freestanding-Autocad-2D.zip'),$);
#9356=IFCPROPERTYSINGLEVALUE('SourceTechnicalDwgArchive',$,IFCTEXT('https://falper.it/wp-content/uploads/2025/11/Lavabi-Freestanding-Scheda-tecnica-DWG.zip'),$);
#9357=IFCPROPERTYSINGLEVALUE('SourceDwgPath',$,IFCTEXT('drawings/evidence/FALPER-official-Sorgente-WFB-2D.dwg'),$);
#9358=IFCPROPERTYSINGLEVALUE('SourceDwgSha256',$,IFCTEXT('4b3d8900f8ae249d7e9634339f3529d7d38a940dc2d0c909a7e90e31d3946831'),$);
#9359=IFCPROPERTYSINGLEVALUE('SourcePdfPath',$,IFCTEXT('drawings/evidence/FALPER-official-Sorgente-WFA-WFB.pdf'),$);
#9360=IFCPROPERTYSINGLEVALUE('SourcePdfSha256',$,IFCTEXT('b8bc94982bdd4305f2ffe5240daf429146470677157022860a0ef591514373c2'),$);
#9361=IFCPROPERTYSINGLEVALUE('EvidenceScope',$,IFCTEXT('family_reference_not_project_shop_drawing'),$);
#9362=IFCPROPERTYSINGLEVALUE('ReviewStatus',$,IFCTEXT('APPROVED'),$);
#9363=IFCPROPERTYSINGLEVALUE('Reviewer',$,IFCTEXT('project_owner'),$);
#9364=IFCPROPERTYSINGLEVALUE('ReviewDate',$,IFCTEXT('2026-08-23'),$);
#9365=IFCPROPERTYSINGLEVALUE('ApprovedCandidateManifestSha256',$,IFCTEXT('39bffa9024bebe4ea665b55853cfae5675cad2c6cbbbe2af18d25939a830c86a'),$);
#9366=IFCPROPERTYSINGLEVALUE('ApprovedRepresentationIdentifiers',$,IFCTEXT('FalperWFBPlan;FalperWFBFront;FalperWFBSide'),$);
#9367=IFCPROPERTYSINGLEVALUE('RepresentationSourceMapping',$,IFCTEXT('FalperWFBPlan=plan;FalperWFBFront=elevation;FalperWFBSide=elevation'),$);
#9368=IFCPROPERTYSINGLEVALUE('RepresentationGeometrySource',$,IFCTEXT('official_native_dwg_paths_mm'),$);
#9369=IFCPROPERTYSINGLEVALUE('ProxyGeometryIncluded',$,IFCTEXT('false'),$);
#9370=IFCPROPERTYSINGLEVALUE('NativeDwgPlanPathCount',$,IFCTEXT('5'),$);
#9371=IFCPROPERTYSINGLEVALUE('NativeDwgFrontPathCount',$,IFCTEXT('4'),$);
#9372=IFCPROPERTYSINGLEVALUE('NativeDwgSidePathCount',$,IFCTEXT('4'),$);
#9373=IFCPROPERTYSINGLEVALUE('NativeDwgLineworkRegister',$,IFCTEXT('pipeline/decisions/falper-sorgente-official-dwg-linework.json'),$);
#9374=IFCPROPERTYSINGLEVALUE('NativeDwgLineworkRegisterSha256',$,IFCTEXT('2c66da0f96e123f8152afede2ecea0384965361c258320860c8da635f7a224ca'),$);
#9375=IFCRELDEFINESBYTYPE('2TeGyqSDH9qfTbSKwd1G2y',#9376,$,$,(#18),#9303);
#9376=IFCOWNERHISTORY(#25,#23,.READWRITE.,.ADDED.,1787421356,#25,#23,1787421356);
#9377=IFCRELAGGREGATES('1Tibwzfdn1MBIwg_Onr_6t',#9334,$,$,#9312,(#9305));
#9378=IFCRELAGGREGATES('1LSXCsCaf4kAJLvWRwLwWS',#9334,$,$,#9319,(#9312));
#9379=IFCRELAGGREGATES('2K6M8X_7D4LvBWf3rUGKXw',#9334,$,$,#9326,(#9319));
#9380=IFCSHAPEASPECT((#7754),'Side','{"review_library_body_view": 1, "camera_normal_local": [0.9999999999999981, 4.371138828673785e-08, -4.371138828673785e-08], "source": "existing_approved_ifc_linework", "review_category": "partial"}',.T.,#37);
#9381=IFCSHAPEASPECT((#4912),'Plan','{"review_library_body_view": 1, "camera_normal_local": [0.0, 0.0, 1.0], "source": "existing_approved_ifc_linework", "review_category": "partial"}',.T.,#37);
#9382=IFCSHAPEASPECT((#6205),'Front','{"review_library_body_view": 1, "camera_normal_local": [0.0, -0.9999999999999972, 7.549790126404312e-08], "source": "existing_approved_ifc_linework", "review_category": "partial"}',.T.,#37);
#9383=IFCSTYLEDITEM(#47,(#9384),'rosso_levanto_travertine-1K');
#9384=IFCSURFACESTYLE('Rosso Levanto',.BOTH.,(#9385,#9388));
#9385=IFCSURFACESTYLERENDERING(#9386,0.,#9387,$,$,$,IFCNORMALISEDRATIOMEASURE(0.),IFCSPECULARROUGHNESS(0.2),.NOTDEFINED.);
#9386=IFCCOLOURRGB($,0.508750975131989,0.275113821029663,0.313786417245865);
#9387=IFCCOLOURRGB($,0.800000011920929,0.800000011920929,0.800000011920929);
#9388=IFCEXTERNALLYDEFINEDSURFACESTYLE('Materials.blend','materials/Dark red marble slab 22272','Dark red marble slab 22272');
#9389=IFCSTYLEDITEM(#9390,(#9384),'Rosso Levanto');
#9390=IFCPOLYGONALFACESET(#9391,$,(#9392,#9393,#9394,#9395,#9396,#9397,#9398,#9399,#9400,#9401,#9402,#9403,#9404,#9405,#9406,#9407,#9408,#9409,#9410,#9411,#9412,#9413,#9414,#9415,#9416,#9417,#9418,#9419,#9420,#9421,#9422,#9423,#9424,#9425,#9426,#9427,#9428,#9429,#9430,#9431,#9432,#9433,#9434,#9435,#9436,#9437,#9438,#9439,#9440,#9441,#9442,#9443,#9444,#9445,#9446,#9447,#9448,#9449,#9450,#9451,#9452,#9453,#9454,#9455,#9456,#9457,#9458,#9459,#9460,#9461,#9462,#9463,#9464,#9465,#9466,#9467,#9468,#9469,#9470,#9471,#9472,#9473,#9474,#9475,#9476,#9477,#9478,#9479,#9480,#9481,#9482,#9483,#9484,#9485,#9486,#9487,#9488,#9489,#9490,#9491,#9492,#9493,#9494,#9495,#9496,#9497,#9498,#9499,#9500,#9501,#9502,#9503,#9504,#9505,#9506,#9507,#9508,#9509,#9510,#9511,#9512,#9513,#9514,#9515,#9516,#9517,#9518,#9519,#9520,#9521,#9522,#9523,#9524,#9525,#9526,#9527,#9528,#9529,#9530,#9531,#9532,#9533,#9534,#9535,#9536,#9537,#9538,#9539,#9540,#9541,#9542,#9543,#9544,#9545,#9546,#9547,#9548,#9549,#9550,#9551,#9552,#9553,#9554,#9555,#9556,#9557,#9558,#9559,#9560,#9561,#9562,#9563,#9564,#9565,#9566,#9567,#9568,#9569,#9570,#9571,#9572,#9573,#9574,#9575,#9576,#9577,#9578,#9579,#9580,#9581,#9582,#9583,#9584,#9585,#9586,#9587,#9588,#9589,#9590,#9591,#9592,#9593,#9594,#9595,#9596),$);
#9391=IFCCARTESIANPOINTLIST3D(((133.786559104919,212.920516729355,250.),(156.798139214516,196.611776947975,250.),(156.798139214516,196.611776947975,200.),(46.5050637722015,16.2731148302555,250.),(48.0295345187187,10.96361130476,250.),(48.0295345187187,10.96361130476,200.),(196.611374616623,156.798541545868,250.),(212.920129299164,133.786886930466,250.),(212.920129299164,133.786886930466,200.),(38.5162532329559,30.71722202003,250.),(41.7111665010452,26.2092128396034,250.),(41.7111665010452,26.2092128396034,200.),(28.2461810857058,-40.3397977352142,250.),(34.817960113287,-34.817922860384,250.),(34.817960113287,-34.817922860384,200.),(-48.0303876101971,10.9618790447712,250.),(-46.4978851377964,16.270462423563,250.),(-46.4978851377964,16.270462423563,200.),(-210.591688752174,-101.410664618015,250.),(-220.643073320389,-77.2061496973038,250.),(-220.643073320389,-77.2061496973038,200.),(-5.51672978326678,48.9605888724327,250.),(0.,49.2653660476208,250.),(0.,49.2653660476208,200.),(28.1548146158457,249.88266825676,250.),(55.9636689722538,245.17334997654,250.),(55.9636689722538,245.17334997654,200.),(20.8120532333851,44.6324273943901,250.),(12.7440802752972,47.5628152489662,250.),(12.7440802752972,47.5628152489662,200.),(4.29134769365191,-49.0527376532555,250.),(12.7456020563841,-47.5678518414497,250.),(12.7456020563841,-47.5678518414497,200.),(44.3865247070789,21.3747508823872,250.),(46.5050637722015,16.2731148302555,200.),(109.108477830887,226.577147841454,250.),(133.786559104919,212.920516729355,200.),(-44.3862117826939,21.3763788342476,200.),(-83.053395152092,237.352594733238,250.),(-55.9551529586315,245.175465941429,250.),(-55.9551529586315,245.175465941429,200.),(-210.588157176971,101.418696343899,250.),(-197.931200265884,124.368436634541,250.),(-197.931200265884,124.368436634541,200.),(-48.9525496959686,-5.51540171727538,200.),(-48.0299703776836,-10.963199660182,200.),(-48.0299703776836,-10.963199660182,250.),(44.3865247070789,21.3747508823872,200.),(0.,251.479536294937,250.),(28.1548146158457,249.88266825676,200.),(16.2726938724518,46.5054921805859,250.),(21.3743150234222,44.3869568407536,250.),(21.3743150234222,44.3869568407536,200.),(52.,-227.877229452133,200.),(77.1932899951935,-220.606327056885,200.),(77.1932899951935,-220.606327056885,250.),(233.736604452133,0.,250.),(232.290625572205,-26.1726472526789,250.),(232.290625572205,-26.1726472526789,200.),(40.3350852429867,28.2433871179819,250.),(34.8220206797123,34.8225496709347,250.),(34.8220206797123,34.8225496709347,200.),(-41.7184792459011,26.2135397642851,250.),(-38.5178253054619,30.7158436626196,250.),(-38.5178253054619,30.7158436626196,200.),(-177.811905741692,177.811905741692,250.),(-156.791463494301,196.617558598518,250.),(-156.791463494301,196.617558598518,200.),(232.252508401871,26.1688139289618,200.),(227.875411510468,52.0156733691692,200.),(227.875411510468,52.0156733691692,250.),(-182.740449905396,-145.735681056976,200.),(-165.294021368027,-165.293574333191,200.),(-165.294021368027,-165.293574333191,250.),(233.736604452133,0.,200.),(232.252508401871,26.1688139289618,250.),(-237.352594733238,83.053395152092,250.),(-226.573273539543,109.11712795496,250.),(-226.573273539543,109.11712795496,200.),(5.51538774743676,48.952542245388,250.),(5.51538774743676,48.952542245388,200.),(-109.117120504379,226.573273539543,250.),(-83.053395152092,237.352594733238,200.),(-44.3869642913342,-21.3743299245834,200.),(-41.7116098105907,-26.2087881565094,200.),(-41.7116098105907,-26.2087881565094,250.),(227.877229452133,-52.,250.),(220.606312155724,-77.1932974457741,250.),(220.606312155724,-77.1932974457741,200.),(10.9631791710854,48.0299815535545,250.),(16.2726938724518,46.5054921805859,200.),(-249.882727861404,-28.1548704952002,250.),(-251.479536294937,0.,250.),(-251.479536294937,0.,200.),(10.9631791710854,48.0299815535545,200.),(-55.9640638530254,-245.172962546349,250.),(-83.0670222640038,-237.391114234924,250.),(-83.0670222640038,-237.391114234924,200.),(-40.33562541008,-28.2428599894047,250.),(-34.8394811153412,-34.839041531086,250.),(-34.8394811153412,-34.839041531086,200.),(-124.347992241383,-197.898149490356,200.),(-101.411037147045,-210.5912566185,200.),(-101.411037147045,-210.5912566185,250.),(-46.5054996311665,-16.2727050483227,250.),(-177.841082215309,-177.840664982796,200.),(-156.79857134819,-196.611374616623,200.),(-156.79857134819,-196.611374616623,250.),(-34.8184667527676,34.8184742033482,250.),(-34.8184667527676,34.8184742033482,200.),(-212.920561432838,-133.786574006081,250.),(-226.577177643776,-109.108537435532,250.),(-226.577177643776,-109.108537435532,200.),(-101.418726146221,210.588097572327,250.),(-77.1938189864159,220.606923103333,250.),(-77.1938189864159,220.606923103333,200.),(-196.617558598518,156.791463494301,250.),(-177.811905741692,177.811905741692,200.),(-30.7158473879099,38.5178253054619,200.),(-133.786931633949,-212.920114398003,250.),(-52.0157068967819,-227.875411510468,250.),(-77.2064998745918,-220.642611384392,250.),(-77.2064998745918,-220.642611384392,200.),(55.9547133743763,-245.174959301949,250.),(28.1593780964613,-249.923273921013,250.),(28.1593780964613,-249.923273921013,200.),(-52.,227.877825498581,250.),(-26.1731296777725,232.291132211685,250.),(-26.1731296777725,232.291132211685,200.),(-109.108865261078,-226.576775312424,250.),(-109.108865261078,-226.576775312424,200.),(101.418137550354,-210.587471723557,200.),(101.418137550354,-210.587471723557,250.),(156.79095685482,-196.617022156715,250.),(133.808419108391,-212.955042719841,250.),(133.808419108391,-212.955042719841,200.),(124.367900192738,-197.930544614792,250.),(-49.0532740950584,4.29184595122933,250.),(-49.059022217989,-4.29182453081012,250.),(-49.059022217989,-4.29182453081012,200.),(-124.368466436863,197.931170463562,250.),(-101.418726146221,210.588097572327,200.),(0.,-251.479059457779,250.),(0.,-251.479059457779,200.),(210.587456822395,-101.418145000935,200.),(-245.175465941429,55.9551306068897,250.),(-237.352594733238,83.053395152092,200.),(-49.2653660476208,0.,200.),(-48.9525496959686,-5.51540171727538,250.),(226.572766900063,-109.11663621664,250.),(212.955042719841,-133.808419108391,250.),(212.955042719841,-133.808419108391,200.),(-210.588157176971,101.418696343899,200.),(-220.606923103333,77.1938487887383,200.),(-220.606923103333,77.1938487887383,250.),(-182.745799422264,145.729526877403,250.),(-182.745799422264,145.729526877403,200.),(-227.877840399742,52.,200.),(-227.877840399742,52.,250.),(210.5912566185,101.410984992981,250.),(220.642596483231,77.2064402699471,250.),(220.642596483231,77.2064402699471,200.),(-232.291132211685,26.1731017380953,250.),(-52.0157068967819,-227.875411510468,200.),(-26.1688362807035,-232.252478599548,200.),(-26.1688362807035,-232.252478599548,250.),(-145.73609828949,-182.739973068237,200.),(-124.347992241383,-197.898149490356,250.),(210.5912566185,101.410984992981,200.),(197.898149490356,124.347947537899,200.),(197.898149490356,124.347947537899,250.),(-182.740449905396,-145.735681056976,250.),(-197.898507118225,-124.347738921642,250.),(-197.898507118225,-124.347738921642,200.),(-28.2466951757669,40.3403528034687,250.),(52.015271037817,227.875888347626,200.),(26.1683780699968,232.252955436707,200.),(26.1683780699968,232.252955436707,250.),(251.479059457779,0.,250.),(249.923273921013,-28.1593929976225,250.),(249.923273921013,-28.1593929976225,200.),(20.809642970562,-44.6266680955887,250.),(20.809642970562,-44.6266680955887,200.),(-245.173364877701,-55.9637434780598,250.),(-249.882727861404,-28.1548704952002,200.),(-210.591688752174,-101.410664618015,200.),(227.877229452133,-52.,200.),(182.740047574043,145.736023783684,200.),(182.740047574043,145.736023783684,250.),(-38.5166928172112,-30.7167954742908,200.),(165.29355943203,165.293976664543,250.),(109.11663621664,-226.572766900063,250.),(109.11663621664,-226.572766900063,200.),(-145.729541778564,182.745784521103,200.),(-165.266945958138,165.266945958138,200.),(-165.266945958138,165.266945958138,250.),(-4.29184408858418,49.0532629191875,250.),(-12.7460993826389,47.5683882832527,250.),(-12.7460993826389,47.5683882832527,200.),(52.,-227.877229452133,250.),(26.1726472526789,-232.290625572205,250.),(26.1726472526789,-232.290625572205,200.),(226.576775312424,109.108842909336,250.),(237.391069531441,83.0669701099396,250.),(237.391069531441,83.0669701099396,200.),(-28.2433684915304,-40.3351113200188,200.),(0.,-49.2649003863335,250.),(-5.51582546904683,-48.9520914852619,250.),(-5.51582546904683,-48.9520914852619,200.),(-233.737140893936,0.,200.),(-232.252970337868,-26.1684507131577,200.),(-232.252970337868,-26.1684507131577,250.),(196.617037057877,-156.790971755981,250.),(196.617037057877,-156.790971755981,200.),(0.,233.737140893936,200.),(0.,233.737140893936,250.),(177.840635180473,177.841052412987,250.),(177.840635180473,177.841052412987,200.),(210.587456822395,-101.418145000935,250.),(197.930544614792,-124.367900192738,250.),(197.930544614792,-124.367900192738,200.),(-196.611806750298,-156.798169016838,250.),(-212.920561432838,-133.786574006081,200.),(52.015271037817,227.875888347626,250.),(77.2060602903366,220.643013715744,250.),(77.2060602903366,220.643013715744,200.),(-10.9636131674051,-48.0295345187187,200.),(145.728930830956,-182.745143771172,200.),(165.266305208206,-165.266305208206,200.),(165.266305208206,-165.266305208206,250.),(83.0666124820709,237.391516566277,250.),(83.0666124820709,237.391516566277,200.),(38.5173410177231,-30.7153649628162,250.),(47.5622862577438,12.7446204423904,250.),(44.631902128458,20.8125878125429,250.),(44.631902128458,20.8125878125429,200.),(0.,-233.736589550972,250.),(0.,-233.736589550972,200.),(245.174929499626,-55.9547357261181,250.),(245.174929499626,-55.9547357261181,200.),(-145.729541778564,182.745784521103,250.),(-124.368466436863,197.931170463562,200.),(-28.1598065048456,249.923720955849,250.),(-28.1598065048456,249.923720955849,200.),(30.7153649628162,-38.5173410177231,200.),(30.7153649628162,-38.5173410177231,250.),(26.2130629271269,-41.7179949581623,250.),(26.2130629271269,-41.7179949581623,200.),(182.745158672333,-145.728915929794,250.),(182.745158672333,-145.728915929794,200.),(245.172947645187,55.9640489518642,250.),(245.172947645187,55.9640489518642,200.),(145.728930830956,-182.745143771172,250.),(124.367900192738,-197.930544614792,200.),(-133.808895945549,212.955549359322,250.),(-133.808895945549,212.955549359322,200.),(-233.737140893936,0.,250.),(-232.291132211685,26.1731017380953,200.),(-47.5628115236759,-12.7440858632326,250.),(-44.6324273943901,-20.8120606839657,250.),(-44.6324273943901,-20.8120606839657,200.),(28.2428581267595,40.3356216847897,250.),(28.2428581267595,40.3356216847897,200.),(-212.955579161644,133.808925747871,250.),(-212.955579161644,133.808925747871,200.),(30.7167917490005,38.5166853666306,250.),(48.9520877599716,5.51582267507911,250.),(48.9520877599716,5.51582267507911,200.),(20.8120532333851,44.6324273943901,200.),(28.2461810857058,-40.3397977352142,200.),(38.5162532329559,30.71722202003,200.),(196.611374616623,156.798541545868,200.),(-249.923750758171,28.1597767025232,250.),(-249.923750758171,28.1597767025232,200.),(44.6266867220402,-20.8096038550138,250.),(47.5678667426109,-12.7455648034811,250.),(47.5678667426109,-12.7455648034811,200.),(-52.,227.877825498581,200.),(-227.875888347626,-52.015345543623,250.),(-10.9636131674051,-48.0295345187187,250.),(-16.2731185555458,-46.5050674974918,250.),(-16.2731185555458,-46.5050674974918,200.),(49.2648966610432,0.,250.),(48.9601194858551,-5.51627622917295,250.),(48.9601194858551,-5.51627622917295,200.),(109.108477830887,226.577147841454,200.),(-237.391531467438,-83.0666795372963,250.),(-237.391531467438,-83.0666795372963,200.),(-38.5166928172112,-30.7167954742908,250.),(-196.611806750298,-156.798169016838,200.),(-177.841082215309,-177.840664982796,250.),(-44.3869642913342,-21.3743299245834,250.),(-46.5054996311665,-16.2727050483227,200.),(49.2648966610432,0.,200.),(49.0527376532555,-4.29130392149091,250.),(49.0527376532555,-4.29130392149091,200.),(-20.8125561475754,-44.6319207549095,250.),(-12.7445794641972,-47.5622937083244,250.),(-12.7445794641972,-47.5622937083244,200.),(-40.33562541008,-28.2428599894047,200.),(21.3759019970894,-44.3857200443745,250.),(21.3759019970894,-44.3857200443745,200.),(40.3398275375366,-28.2461475580931,250.),(40.3398275375366,-28.2461475580931,200.),(-4.29231626912951,-49.0584895014763,250.),(-4.29231626912951,-49.0584895014763,200.),(-21.3747546076775,-44.3865209817886,250.),(-26.2092165648937,-41.7111665010452,250.),(-26.2092165648937,-41.7111665010452,200.),(-28.1552281230688,-249.882265925407,250.),(-28.1552281230688,-249.882265925407,200.),(0.,251.479536294937,200.),(-21.3747546076775,-44.3865209817886,200.),(26.2087844312191,41.7116023600101,250.),(26.2087844312191,41.7116023600101,200.),(101.41059756279,210.591673851013,250.),(124.34758991003,197.898522019386,250.),(124.34758991003,197.898522019386,200.),(-30.7172257453203,-38.5162495076656,200.),(-47.5628115236759,-12.7440858632326,200.),(-47.5683882832527,12.7461049705744,250.),(-49.0532740950584,4.29184595122933,200.),(-133.786931633949,-212.920114398003,200.),(16.2699930369854,-46.4974008500576,250.),(16.2699930369854,-46.4974008500576,200.),(-30.7172257453203,-38.5162495076656,250.),(-109.117120504379,226.573273539543,200.),(-26.2135453522205,41.7184792459011,250.),(-21.3763806968927,44.3862080574036,250.),(-21.3763806968927,44.3862080574036,200.),(10.961415246129,-48.0299107730389,250.),(5.51627250388265,-48.9601194858551,250.),(5.51627250388265,-48.9601194858551,200.),(-55.9640638530254,-245.172962546349,200.),(-40.3403490781784,28.2466989010572,250.),(-40.3403490781784,28.2466989010572,200.),(83.0529257655144,-237.352102994919,250.),(83.0529257655144,-237.352102994919,200.),(30.7167917490005,38.5166853666306,200.),(145.735666155815,182.740405201912,250.),(165.29355943203,165.293976664543,200.),(0.,-49.2649003863335,200.),(-44.6271970868111,20.8101458847523,250.),(-47.5683882832527,12.7461049705744,200.),(-227.875888347626,-52.015345543623,200.),(4.29134769365191,-49.0527376532555,200.),(10.961415246129,-48.0299107730389,200.),(145.735666155815,182.740405201912,200.),(48.0299070477486,-10.9614171087742,250.),(48.0299070477486,-10.9614171087742,200.),(-28.2433684915304,-40.3351113200188,250.),(-20.8125561475754,-44.6319207549095,200.),(101.41059756279,210.591673851013,200.),(55.9547133743763,-245.174959301949,200.),(-196.617558598518,156.791463494301,200.),(-20.810142159462,44.6272008121014,250.),(-20.810142159462,44.6272008121014,200.),(44.6266867220402,-20.8096038550138,200.),(177.811354398727,-177.811354398727,250.),(177.811354398727,-177.811354398727,200.),(-145.73609828949,-182.739973068237,250.),(156.79095685482,-196.617022156715,200.),(46.4973971247673,-16.2699967622757,250.),(46.4973971247673,-16.2699967622757,200.),(-30.7158473879099,38.5178253054619,250.),(-26.2135453522205,41.7184792459011,200.),(-16.270462423563,46.4978776872158,250.),(-16.270462423563,46.4978776872158,200.),(4.29182173684239,49.0590184926987,250.),(4.29182173684239,49.0590184926987,200.),(-4.29184408858418,49.0532629191875,200.),(-48.9605888724327,5.51672792062163,250.),(-48.0303876101971,10.9618790447712,200.),(41.717991232872,-26.2130629271269,250.),(38.5173410177231,-30.7153649628162,200.),(-44.3862117826939,21.3763788342476,250.),(-41.7184792459011,26.2135397642851,200.),(-245.175465941429,55.9551306068897,200.),(237.352102994919,-83.0529257655144,250.),(237.352102994919,-83.0529257655144,200.),(-44.6271970868111,20.8101458847523,200.),(226.572766900063,-109.11663621664,200.),(-10.9618809074163,48.0303838849068,250.),(-5.51672978326678,48.9605888724327,200.),(40.3350852429867,28.2433871179819,200.),(44.3857200443745,-21.3759019970894,250.),(41.717991232872,-26.2130629271269,200.),(249.882236123085,28.1551871448755,250.),(251.479059457779,0.,200.),(-10.9618809074163,48.0303838849068,200.),(49.0584820508957,4.2923572473228,250.),(49.0584820508957,4.2923572473228,200.),(44.3857200443745,-21.3759019970894,200.),(-49.2653660476208,0.,250.),(-48.9605888724327,5.51672792062163,200.),(-28.2466951757669,40.3403528034687,200.),(249.882236123085,28.1551871448755,200.),(-245.173364877701,-55.9637434780598,200.),(226.576775312424,109.108842909336,200.),(249.882236123085,28.1551871448755,200.),(245.174929499626,-55.9547357261181,200.),(237.352102994919,-83.0529257655144,200.),(47.5622862577438,12.7446204423904,200.),(251.479059457779,0.,200.),(249.923273921013,-28.1593929976225,200.),(177.811354398727,-177.811354398727,200.),(212.920129299164,133.786886930466,200.),(226.576775312424,109.108842909336,200.),(245.172947645187,55.9640489518642,200.),(237.391069531441,83.0669701099396,200.),(28.1548146158457,249.88266825676,200.),(133.786559104919,212.920516729355,200.),(156.798139214516,196.611776947975,200.),(196.611374616623,156.798541545868,200.),(177.840635180473,177.841052412987,200.),(109.108477830887,226.577147841454,200.),(55.9636689722538,245.17334997654,200.),(83.0666124820709,237.391516566277,200.),(-133.786931633949,-212.920114398003,200.),(-249.882727861404,-28.1548704952002,200.),(-237.352594733238,83.053395152092,200.),(-177.811905741692,177.811905741692,200.),(-83.053395152092,237.352594733238,200.),(-55.9551529586315,245.175465941429,200.),(0.,251.479536294937,200.),(-28.1598065048456,249.923720955849,200.),(-109.117120504379,226.573273539543,200.),(-156.791463494301,196.617558598518,200.),(-133.808895945549,212.955549359322,200.),(-226.573273539543,109.11712795496,200.),(-196.617558598518,156.791463494301,200.),(-212.955579161644,133.808925747871,200.),(-251.479536294937,0.,200.),(-245.175465941429,55.9551306068897,200.),(-249.923750758171,28.1597767025232,200.),(-212.920561432838,-133.786574006081,200.),(-245.173364877701,-55.9637434780598,200.),(-226.577177643776,-109.108537435532,200.),(-237.391531467438,-83.0666795372963,200.),(-196.611806750298,-156.798169016838,200.),(-156.79857134819,-196.611374616623,200.),(-177.841082215309,-177.840664982796,200.),(-28.1552281230688,-249.882265925407,200.),(-109.108865261078,-226.576775312424,200.),(-55.9640638530254,-245.172962546349,200.),(-83.0670222640038,-237.391114234924,200.),(83.0529257655144,-237.352102994919,200.),(0.,-251.479059457779,200.),(55.9547133743763,-245.174959301949,200.),(28.1593780964613,-249.923273921013,200.),(109.11663621664,-226.572766900063,200.),(156.79095685482,-196.617022156715,200.),(133.808419108391,-212.955042719841,200.),(226.572766900063,-109.11663621664,200.),(196.617037057877,-156.790971755981,200.),(212.955042719841,-133.808419108391,200.)));
#9392=IFCINDEXEDPOLYGONALFACE((6,35,4,5));
#9393=IFCINDEXEDPOLYGONALFACE((9,272,7,8));
#9394=IFCINDEXEDPOLYGONALFACE((12,271,10,11));
#9395=IFCINDEXEDPOLYGONALFACE((15,270,13,14));
#9396=IFCINDEXEDPOLYGONALFACE((18,373,16,17));
#9397=IFCINDEXEDPOLYGONALFACE((21,186,19,20));
#9398=IFCINDEXEDPOLYGONALFACE((24,384,22,23));
#9399=IFCINDEXEDPOLYGONALFACE((27,50,25,26));
#9400=IFCINDEXEDPOLYGONALFACE((30,269,28,29));
#9401=IFCINDEXEDPOLYGONALFACE((33,346,31,32));
#9402=IFCINDEXEDPOLYGONALFACE((35,48,34,4));
#9403=IFCINDEXEDPOLYGONALFACE((37,286,36,1));
#9404=IFCINDEXEDPOLYGONALFACE((17,376,38,18));
#9405=IFCINDEXEDPOLYGONALFACE((41,83,39,40));
#9406=IFCINDEXEDPOLYGONALFACE((44,153,42,43));
#9407=IFCINDEXEDPOLYGONALFACE((47,149,45,46));
#9408=IFCINDEXEDPOLYGONALFACE((11,34,48,12));
#9409=IFCINDEXEDPOLYGONALFACE((50,312,49,25));
#9410=IFCINDEXEDPOLYGONALFACE((53,91,51,52));
#9411=IFCINDEXEDPOLYGONALFACE((56,200,54,55));
#9412=IFCINDEXEDPOLYGONALFACE((59,75,57,58));
#9413=IFCINDEXEDPOLYGONALFACE((62,385,60,61));
#9414=IFCINDEXEDPOLYGONALFACE((65,377,63,64));
#9415=IFCINDEXEDPOLYGONALFACE((68,118,66,67));
#9416=IFCINDEXEDPOLYGONALFACE((71,76,69,70));
#9417=IFCINDEXEDPOLYGONALFACE((74,172,72,73));
#9418=IFCINDEXEDPOLYGONALFACE((76,57,75,69));
#9419=IFCINDEXEDPOLYGONALFACE((79,147,77,78));
#9420=IFCINDEXEDPOLYGONALFACE((81,24,23,80));
#9421=IFCINDEXEDPOLYGONALFACE((83,327,82,39));
#9422=IFCINDEXEDPOLYGONALFACE((86,292,84,85));
#9423=IFCINDEXEDPOLYGONALFACE((89,187,87,88));
#9424=IFCINDEXEDPOLYGONALFACE((91,95,90,51));
#9425=IFCINDEXEDPOLYGONALFACE((94,185,92,93));
#9426=IFCINDEXEDPOLYGONALFACE((80,90,95,81));
#9427=IFCINDEXEDPOLYGONALFACE((98,334,96,97));
#9428=IFCINDEXEDPOLYGONALFACE((101,300,99,100));
#9429=IFCINDEXEDPOLYGONALFACE((104,168,102,103));
#9430=IFCINDEXEDPOLYGONALFACE((46,293,105,47));
#9431=IFCINDEXEDPOLYGONALFACE((108,291,106,107));
#9432=IFCINDEXEDPOLYGONALFACE((110,65,64,109));
#9433=IFCINDEXEDPOLYGONALFACE((113,223,111,112));
#9434=IFCINDEXEDPOLYGONALFACE((116,142,114,115));
#9435=IFCINDEXEDPOLYGONALFACE((118,355,117,66));
#9436=IFCINDEXEDPOLYGONALFACE((109,365,119,110));
#9437=IFCINDEXEDPOLYGONALFACE((107,323,120,108));
#9438=IFCINDEXEDPOLYGONALFACE((123,164,121,122));
#9439=IFCINDEXEDPOLYGONALFACE((126,354,124,125));
#9440=IFCINDEXEDPOLYGONALFACE((129,278,127,128));
#9441=IFCINDEXEDPOLYGONALFACE((131,98,97,130));
#9442=IFCINDEXEDPOLYGONALFACE((133,56,55,132));
#9443=IFCINDEXEDPOLYGONALFACE((136,362,134,135));
#9444=IFCINDEXEDPOLYGONALFACE((132,254,137,133));
#9445=IFCINDEXEDPOLYGONALFACE((140,322,138,139));
#9446=IFCINDEXEDPOLYGONALFACE((142,242,141,114));
#9447=IFCINDEXEDPOLYGONALFACE((144,126,125,143));
#9448=IFCINDEXEDPOLYGONALFACE((88,219,145,89));
#9449=IFCINDEXEDPOLYGONALFACE((147,378,146,77));
#9450=IFCINDEXEDPOLYGONALFACE((149,394,148,45));
#9451=IFCINDEXEDPOLYGONALFACE((152,382,150,151));
#9452=IFCINDEXEDPOLYGONALFACE((155,42,153,154));
#9453=IFCINDEXEDPOLYGONALFACE((157,44,43,156));
#9454=IFCINDEXEDPOLYGONALFACE((159,155,154,158));
#9455=IFCINDEXEDPOLYGONALFACE((162,169,160,161));
#9456=IFCINDEXEDPOLYGONALFACE((158,258,163,159));
#9457=IFCINDEXEDPOLYGONALFACE((166,121,164,165));
#9458=IFCINDEXEDPOLYGONALFACE((168,361,167,102));
#9459=IFCINDEXEDPOLYGONALFACE((171,160,169,170));
#9460=IFCINDEXEDPOLYGONALFACE((174,72,172,173));
#9461=IFCINDEXEDPOLYGONALFACE((110,396,175,109));
#9462=IFCINDEXEDPOLYGONALFACE((178,224,176,177));
#9463=IFCINDEXEDPOLYGONALFACE((181,389,179,180));
#9464=IFCINDEXEDPOLYGONALFACE((183,33,32,182));
#9465=IFCINDEXEDPOLYGONALFACE((185,398,184,92));
#9466=IFCINDEXEDPOLYGONALFACE((173,19,186,174));
#9467=IFCINDEXEDPOLYGONALFACE((187,59,58,87));
#9468=IFCINDEXEDPOLYGONALFACE((189,171,170,188));
#9469=IFCINDEXEDPOLYGONALFACE((100,289,190,101));
#9470=IFCINDEXEDPOLYGONALFACE((188,341,191,189));
#9471=IFCINDEXEDPOLYGONALFACE((193,136,135,192));
#9472=IFCINDEXEDPOLYGONALFACE((196,241,194,195));
#9473=IFCINDEXEDPOLYGONALFACE((199,371,197,198));
#9474=IFCINDEXEDPOLYGONALFACE((202,54,200,201));
#9475=IFCINDEXEDPOLYGONALFACE((205,399,203,204));
#9476=IFCINDEXEDPOLYGONALFACE((100,351,206,101));
#9477=IFCINDEXEDPOLYGONALFACE((209,342,207,208));
#9478=IFCINDEXEDPOLYGONALFACE((212,257,210,211));
#9479=IFCINDEXEDPOLYGONALFACE((214,152,151,213));
#9480=IFCINDEXEDPOLYGONALFACE((216,178,177,215));
#9481=IFCINDEXEDPOLYGONALFACE((218,3,2,217));
#9482=IFCINDEXEDPOLYGONALFACE((221,145,219,220));
#9483=IFCINDEXEDPOLYGONALFACE((223,290,222,111));
#9484=IFCINDEXEDPOLYGONALFACE((103,123,122,104));
#9485=IFCINDEXEDPOLYGONALFACE((226,176,224,225));
#9486=IFCINDEXEDPOLYGONALFACE((156,196,195,157));
#9487=IFCINDEXEDPOLYGONALFACE((208,280,227,209));
#9488=IFCINDEXEDPOLYGONALFACE((230,253,228,229));
#9489=IFCINDEXEDPOLYGONALFACE((232,27,26,231));
#9490=IFCINDEXEDPOLYGONALFACE((15,375,233,14));
#9491=IFCINDEXEDPOLYGONALFACE((236,403,234,235));
#9492=IFCINDEXEDPOLYGONALFACE((238,202,201,237));
#9493=IFCINDEXEDPOLYGONALFACE((240,181,180,239));
#9494=IFCINDEXEDPOLYGONALFACE((242,194,241,141));
#9495=IFCINDEXEDPOLYGONALFACE((244,41,40,243));
#9496=IFCINDEXEDPOLYGONALFACE((14,246,245,15));
#9497=IFCINDEXEDPOLYGONALFACE((248,245,246,247));
#9498=IFCINDEXEDPOLYGONALFACE((250,221,220,249));
#9499=IFCINDEXEDPOLYGONALFACE((252,205,204,251));
#9500=IFCINDEXEDPOLYGONALFACE((254,228,253,137));
#9501=IFCINDEXEDPOLYGONALFACE((256,68,67,255));
#9502=IFCINDEXEDPOLYGONALFACE((258,210,257,163));
#9503=IFCINDEXEDPOLYGONALFACE((261,320,259,260));
#9504=IFCINDEXEDPOLYGONALFACE((263,62,61,262));
#9505=IFCINDEXEDPOLYGONALFACE((265,79,78,264));
#9506=IFCINDEXEDPOLYGONALFACE((62,339,266,61));
#9507=IFCINDEXEDPOLYGONALFACE((215,129,128,216));
#9508=IFCINDEXEDPOLYGONALFACE((165,238,237,166));
#9509=IFCINDEXEDPOLYGONALFACE((268,6,5,267));
#9510=IFCINDEXEDPOLYGONALFACE((269,263,262,28));
#9511=IFCINDEXEDPOLYGONALFACE((270,183,182,13));
#9512=IFCINDEXEDPOLYGONALFACE((271,62,61,10));
#9513=IFCINDEXEDPOLYGONALFACE((272,218,217,7));
#9514=IFCINDEXEDPOLYGONALFACE((229,250,249,230));
#9515=IFCINDEXEDPOLYGONALFACE((274,94,93,273));
#9516=IFCINDEXEDPOLYGONALFACE((277,358,275,276));
#9517=IFCINDEXEDPOLYGONALFACE((115,127,278,116));
#9518=IFCINDEXEDPOLYGONALFACE((211,345,279,212));
#9519=IFCINDEXEDPOLYGONALFACE((282,227,280,281));
#9520=IFCINDEXEDPOLYGONALFACE((285,294,283,284));
#9521=IFCINDEXEDPOLYGONALFACE((286,232,231,36));
#9522=IFCINDEXEDPOLYGONALFACE((288,113,112,287));
#9523=IFCINDEXEDPOLYGONALFACE((85,190,289,86));
#9524=IFCINDEXEDPOLYGONALFACE((291,222,290,106));
#9525=IFCINDEXEDPOLYGONALFACE((293,84,292,105));
#9526=IFCINDEXEDPOLYGONALFACE((267,283,294,268));
#9527=IFCINDEXEDPOLYGONALFACE((296,277,276,295));
#9528=IFCINDEXEDPOLYGONALFACE((299,352,297,298));
#9529=IFCINDEXEDPOLYGONALFACE((300,261,260,99));
#9530=IFCINDEXEDPOLYGONALFACE((302,248,247,301));
#9531=IFCINDEXEDPOLYGONALFACE((304,15,14,303));
#9532=IFCINDEXEDPOLYGONALFACE((70,162,161,71));
#9533=IFCINDEXEDPOLYGONALFACE((306,299,298,305));
#9534=IFCINDEXEDPOLYGONALFACE((309,313,307,308));
#9535=IFCINDEXEDPOLYGONALFACE((311,144,143,310));
#9536=IFCINDEXEDPOLYGONALFACE((312,244,243,49));
#9537=IFCINDEXEDPOLYGONALFACE((313,282,281,307));
#9538=IFCINDEXEDPOLYGONALFACE((315,53,52,314));
#9539=IFCINDEXEDPOLYGONALFACE((318,353,316,317));
#9540=IFCINDEXEDPOLYGONALFACE((308,326,319,309));
#9541=IFCINDEXEDPOLYGONALFACE((320,140,139,259));
#9542=IFCINDEXEDPOLYGONALFACE((322,344,321,138));
#9543=IFCINDEXEDPOLYGONALFACE((323,131,130,120));
#9544=IFCINDEXEDPOLYGONALFACE((325,302,301,324));
#9545=IFCINDEXEDPOLYGONALFACE((101,319,326,100));
#9546=IFCINDEXEDPOLYGONALFACE((327,256,255,82));
#9547=IFCINDEXEDPOLYGONALFACE((330,366,328,329));
#9548=IFCINDEXEDPOLYGONALFACE((333,347,331,332));
#9549=IFCINDEXEDPOLYGONALFACE((334,311,310,96));
#9550=IFCINDEXEDPOLYGONALFACE((336,110,109,335));
#9551=IFCINDEXEDPOLYGONALFACE((338,193,192,337));
#9552=IFCINDEXEDPOLYGONALFACE((314,266,339,315));
#9553=IFCINDEXEDPOLYGONALFACE((341,348,340,191));
#9554=IFCINDEXEDPOLYGONALFACE((342,333,332,207));
#9555=IFCINDEXEDPOLYGONALFACE((344,381,343,321));
#9556=IFCINDEXEDPOLYGONALFACE((345,21,20,279));
#9557=IFCINDEXEDPOLYGONALFACE((346,306,305,31));
#9558=IFCINDEXEDPOLYGONALFACE((324,331,347,325));
#9559=IFCINDEXEDPOLYGONALFACE((317,340,348,318));
#9560=IFCINDEXEDPOLYGONALFACE((350,285,284,349));
#9561=IFCINDEXEDPOLYGONALFACE((352,206,351,297));
#9562=IFCINDEXEDPOLYGONALFACE((353,226,225,316));
#9563=IFCINDEXEDPOLYGONALFACE((354,338,337,124));
#9564=IFCINDEXEDPOLYGONALFACE((355,265,264,117));
#9565=IFCINDEXEDPOLYGONALFACE((357,199,198,356));
#9566=IFCINDEXEDPOLYGONALFACE((358,304,303,275));
#9567=IFCINDEXEDPOLYGONALFACE((360,214,213,359));
#9568=IFCINDEXEDPOLYGONALFACE((73,167,361,74));
#9569=IFCINDEXEDPOLYGONALFACE((362,360,359,134));
#9570=IFCINDEXEDPOLYGONALFACE((364,350,349,363));
#9571=IFCINDEXEDPOLYGONALFACE((366,119,365,328));
#9572=IFCINDEXEDPOLYGONALFACE((368,330,329,367));
#9573=IFCINDEXEDPOLYGONALFACE((370,30,29,369));
#9574=IFCINDEXEDPOLYGONALFACE((371,370,369,197));
#9575=IFCINDEXEDPOLYGONALFACE((373,395,372,16));
#9576=IFCINDEXEDPOLYGONALFACE((375,387,374,233));
#9577=IFCINDEXEDPOLYGONALFACE((377,38,376,63));
#9578=IFCINDEXEDPOLYGONALFACE((378,274,273,146));
#9579=IFCINDEXEDPOLYGONALFACE((380,240,239,379));
#9580=IFCINDEXEDPOLYGONALFACE((381,336,335,343));
#9581=IFCINDEXEDPOLYGONALFACE((382,380,379,150));
#9582=IFCINDEXEDPOLYGONALFACE((384,390,383,22));
#9583=IFCINDEXEDPOLYGONALFACE((385,236,235,60));
#9584=IFCINDEXEDPOLYGONALFACE((387,393,386,374));
#9585=IFCINDEXEDPOLYGONALFACE((389,397,388,179));
#9586=IFCINDEXEDPOLYGONALFACE((367,383,390,368));
#9587=IFCINDEXEDPOLYGONALFACE((392,296,295,391));
#9588=IFCINDEXEDPOLYGONALFACE((363,386,393,364));
#9589=IFCINDEXEDPOLYGONALFACE((395,148,394,372));
#9590=IFCINDEXEDPOLYGONALFACE((396,357,356,175));
#9591=IFCINDEXEDPOLYGONALFACE((397,252,251,388));
#9592=IFCINDEXEDPOLYGONALFACE((398,288,287,184));
#9593=IFCINDEXEDPOLYGONALFACE((399,9,8,203));
#9594=IFCINDEXEDPOLYGONALFACE((403,392,391,234));
#9595=IFCINDEXEDPOLYGONALFACE((400,404,405,401,402,454,456,455,406,452,453,451,447,449,450,448,443,445,446,444,419,441,442,440,436,438,439,437,420,433,435,434,421,430,432,431,422,428,429,427,423,424,426,425,411,417,418,416,412,413,415,414,407,408,410,409));
#9596=IFCINDEXEDPOLYGONALFACE((3,37,1,2));
ENDSEC;
END-ISO-10303-21;
