ISO-10303-21;
HEADER;
FILE_DESCRIPTION(('ViewDefinition [CoordinationView]'),'2;1');
FILE_NAME('','2026-09-09T18:14:47',(''),(''),'IfcOpenShell 0.8.4-e8eb5e4','IfcOpenShell 0.8.4-e8eb5e4','');
FILE_SCHEMA(('IFC4'));
ENDSEC;
DATA;
#1=IFCPROJECT('3hFmn2ED14Ofwsj$DzZ0HC',$,'My Project',$,$,$,$,(#2,#7),#8);
#2=IFCGEOMETRICREPRESENTATIONCONTEXT($,'Model',3,1.E-05,#3,$);
#3=IFCAXIS2PLACEMENT3D(#4,#5,#6);
#4=IFCCARTESIANPOINT((0.,0.,0.));
#5=IFCDIRECTION((0.,0.,1.));
#6=IFCDIRECTION((1.,0.,0.));
#7=IFCGEOMETRICREPRESENTATIONCONTEXT($,'Plan',2,1.E-05,$,$);
#8=IFCUNITASSIGNMENT((#9,#10,#11,#15));
#9=IFCSIUNIT(*,.VOLUMEUNIT.,$,.CUBIC_METRE.);
#10=IFCSIUNIT(*,.LENGTHUNIT.,.MILLI.,.METRE.);
#11=IFCCONVERSIONBASEDUNIT(#12,.PLANEANGLEUNIT.,'degree',#13);
#12=IFCDIMENSIONALEXPONENTS(0,0,0,0,0,0,0);
#13=IFCMEASUREWITHUNIT(IFCREAL(0.0174532925199433),#14);
#14=IFCSIUNIT(*,.PLANEANGLEUNIT.,$,.RADIAN.);
#15=IFCSIUNIT(*,.AREAUNIT.,$,.SQUARE_METRE.);
#16=IFCSITE('3iWnpcHW54tQCcUMk_yOsj',$,'My Site',$,$,#17,$,$,$,$,$,$,$,$);
#17=IFCLOCALPLACEMENT($,#18);
#18=IFCAXIS2PLACEMENT3D(#19,#20,#21);
#19=IFCCARTESIANPOINT((0.,0.,0.));
#20=IFCDIRECTION((0.,0.,1.));
#21=IFCDIRECTION((1.,0.,0.));
#22=IFCBUILDING('0aVVbcf_9A9x07_Nod0gAP',#23,'My Building',$,$,#28,$,$,$,$,$,$);
#23=IFCOWNERHISTORY(#24,#27,.READWRITE.,.ADDED.,1759986564,#24,#27,1759986564);
#24=IFCPERSONANDORGANIZATION(#25,#26,$);
#25=IFCPERSON($,'','ryan@openingdesign.com',$,$,$,$,$);
#26=IFCORGANIZATION($,'','',$,$);
#27=IFCAPPLICATION($,'0.8.3','Bonsai','Bonsai-0.8.3');
#28=IFCLOCALPLACEMENT(#17,#29);
#29=IFCAXIS2PLACEMENT3D(#30,#31,#32);
#30=IFCCARTESIANPOINT((0.,0.,0.));
#31=IFCDIRECTION((0.,0.,1.));
#32=IFCDIRECTION((1.,0.,0.));
#33=IFCBUILDINGSTOREY('1VjEk5I8XFmfiAYaLk_F_7',#34,'FUR',$,$,#35,$,$,$,$);
#34=IFCOWNERHISTORY(#24,#27,.READWRITE.,.MODIFIED.,1761750327,#24,#27,1761750327);
#35=IFCLOCALPLACEMENT(#28,#36);
#36=IFCAXIS2PLACEMENT3D(#37,#38,#39);
#37=IFCCARTESIANPOINT((0.,0.,0.));
#38=IFCDIRECTION((0.,0.,1.));
#39=IFCDIRECTION((1.,0.,0.));
#40=IFCBUILDINGSTOREY('0HiMVAajv8xAARS233qDTe',#41,'BATHM',$,$,#42,$,$,$,$);
#41=IFCOWNERHISTORY(#24,#27,.READWRITE.,.MODIFIED.,1762419167,#24,#27,1762419167);
#42=IFCLOCALPLACEMENT(#35,#43);
#43=IFCAXIS2PLACEMENT3D(#44,#45,#46);
#44=IFCCARTESIANPOINT((0.,0.,0.));
#45=IFCDIRECTION((0.,0.,1.));
#46=IFCDIRECTION((1.,0.,0.));
#47=IFCSANITARYTERMINALTYPE('1bJFlkL310_e1sYGDT2Y40',#48,'Geberit 154.154.00.1.F','Flange for CleanLine shower channel, for screed height at inlet 90\X2\2013\X0\220 mm',$,$,(#53),$,$,.SHOWER.);
#48=IFCOWNERHISTORY(#24,#27,.READWRITE.,.MODIFIED.,1770362122,#24,#49,1762500875);
#49=IFCAPPLICATION(#50,'0.8.4','Bonsai','Bonsai-0.8.4');
#50=IFCORGANIZATION('IfcOpenShell','IfcOpenShell','IfcOpenShell is an open source software library that helps users and software developers to work with IFC data.',(#51),(#52));
#51=IFCACTORROLE(.USERDEFINED.,'CONTRIBUTOR',$);
#52=IFCTELECOMADDRESS(.USERDEFINED.,$,'WEBPAGE',$,$,$,$,'https://ifcopenshell.org',$);
#53=IFCREPRESENTATIONMAP(#54,#58);
#54=IFCAXIS2PLACEMENT3D(#55,#56,#57);
#55=IFCCARTESIANPOINT((0.,0.,0.));
#56=IFCDIRECTION((0.,0.,1.));
#57=IFCDIRECTION((1.,0.,0.));
#58=IFCSHAPEREPRESENTATION(#59,'Body','Tessellation',(#60));
#59=IFCGEOMETRICREPRESENTATIONSUBCONTEXT('Body','Model',*,*,*,*,#2,$,.MODEL_VIEW.,$);
#60=IFCPOLYGONALFACESET(#61,$,(#62,#63,#64,#65,#66,#67,#68,#69,#70,#71,#72,#73,#74,#75,#76,#77,#78,#79,#80,#81,#82,#83,#84,#85,#86,#87,#88,#89,#90,#91,#92,#93,#94,#95,#96,#97,#98,#99,#100,#101,#102,#103,#104,#105,#106,#107,#108,#109,#110,#111,#112,#113,#114,#115,#116,#117,#118,#119,#120,#121,#122,#123,#124,#125,#126,#127,#128,#129,#130,#131,#132,#133,#134,#135,#136,#137,#138,#139,#140,#141,#142,#143,#144,#145,#146,#147,#148,#149,#150,#151,#152,#153,#154,#155,#156,#157,#158,#159,#160,#161,#162,#163,#164,#165,#166,#167,#168,#169,#170,#171,#172,#173,#174,#175,#176,#177,#178,#179,#180,#181,#182,#183,#184,#185,#186,#187,#188,#189,#190,#191,#192,#193,#194,#195,#196,#197,#198,#199,#200,#201,#202,#203,#204,#205,#206,#207,#208,#209,#210,#211,#212,#213,#214,#215,#216,#217,#218,#219,#220,#221,#222,#223,#224,#225,#226,#227,#228,#229,#230,#231,#232,#233,#234,#235,#236,#237,#238,#239,#240,#241,#242,#243,#244,#245,#246,#247,#248,#249,#250,#251,#252,#253,#254,#255,#256,#257,#258,#259,#260,#261,#262,#263,#264,#265,#266,#267,#268,#269,#270,#271,#272,#273,#274,#275,#276,#277,#278,#279,#280,#281,#282,#283,#284,#285,#286,#287,#288,#289,#290,#291,#292,#293,#294,#295,#296,#297,#298,#299,#300,#301,#302,#303,#304,#305,#306,#307,#308,#309,#310,#311,#312,#313,#314,#315,#316,#317,#318,#319,#320,#321,#322,#323,#324,#325,#326,#327,#328,#329,#330,#331,#332,#333,#334,#335,#336,#337,#338,#339,#340,#341,#342,#343,#344,#345,#346,#347,#348,#349,#350,#351,#352,#353,#354,#355,#356,#357,#358,#359,#360,#361,#362,#363,#364,#365,#366,#367,#368,#369,#370,#371,#372,#373,#374,#375,#376,#377,#378,#379,#380,#381,#382,#383,#384,#385,#386,#387,#388,#389,#390,#391,#392,#393,#394,#395,#396,#397,#398,#399,#400,#401,#402,#403,#404,#405,#406,#407,#408,#409,#410,#411,#412,#413,#414,#415,#416,#417,#418,#419,#420,#421,#422,#423,#424,#425,#426,#427,#428,#429,#430,#431,#432,#433,#434,#435,#436,#437,#438,#439,#440,#441,#442,#443,#444,#445,#446,#447,#448,#449,#450,#451,#452,#453,#454,#455,#456,#457,#458,#459,#460,#461,#462,#463,#464,#465,#466,#467,#468,#469,#470,#471,#472,#473,#474,#475,#476,#477,#478,#479,#480,#481,#482,#483,#484,#485,#486,#487,#488,#489,#490,#491,#492,#493,#494,#495,#496,#497,#498,#499,#500,#501,#502,#503,#504,#505,#506,#507,#508,#509,#510,#511,#512,#513,#514,#515,#516,#517,#518,#519,#520,#521,#522,#523,#524,#525,#526,#527,#528,#529,#530,#531,#532,#533,#534,#535,#536,#537,#538,#539,#540,#541,#542,#543,#544,#545,#546,#547,#548,#549,#550,#551,#552,#553,#554,#555,#556,#557,#558,#559,#560,#561,#562,#563,#564,#565,#566,#567,#568,#569,#570,#571,#572,#573,#574,#575,#576,#577,#578,#579,#580,#581,#582,#583,#584,#585,#586,#587,#588,#589,#590,#591,#592,#593,#594,#595,#596,#597,#598,#599,#600,#601,#602,#603,#604,#605,#606,#607,#608,#609,#610,#611,#612,#613,#614,#615,#616,#617,#618,#619,#620,#621,#622,#623,#624,#625,#626,#627,#628,#629,#630,#631,#632,#633,#634,#635,#636,#637,#638,#639,#640,#641,#642,#643,#644,#645,#646,#647,#648,#649,#650,#651,#652,#653,#654,#655,#656,#657,#658,#659,#660,#661,#662,#663,#664,#665,#666,#667,#668,#669,#670,#671,#672,#673,#674,#675,#676,#677,#678,#679,#680,#681,#682,#683,#684,#685,#686,#687,#688,#689,#690,#691,#692,#693,#694,#695,#696,#697,#698,#699,#700,#701,#702,#703,#704,#705,#706,#707,#708,#709,#710,#711,#712,#713,#714,#715,#716,#717,#718,#719,#720,#721,#722,#723,#724,#725,#726,#727,#728,#729,#730,#731,#732,#733,#734,#735,#736,#737,#738,#739,#740,#741,#742,#743,#744,#745,#746,#747,#748,#749,#750,#751,#752,#753,#754,#755,#756,#757,#758,#759,#760,#761,#762,#763,#764,#765,#766,#767,#768,#769,#770,#771,#772,#773,#774,#775,#776,#777,#778,#779,#780,#781,#782,#783,#784,#785,#786,#787,#788,#789,#790,#791,#792,#793,#794,#795,#796,#797,#798,#799,#800,#801,#802,#803,#804,#805,#806,#807,#808,#809,#810,#811,#812,#813,#814,#815,#816,#817,#818,#819,#820,#821,#822,#823,#824,#825,#826,#827,#828,#829,#830,#831,#832,#833,#834,#835,#836,#837,#838,#839,#840,#841,#842,#843,#844,#845,#846,#847,#848,#849,#850,#851,#852,#853,#854,#855,#856,#857,#858,#859,#860,#861,#862,#863,#864,#865,#866,#867,#868,#869,#870,#871,#872,#873,#874,#875,#876,#877,#878,#879,#880,#881,#882,#883,#884,#885,#886,#887,#888,#889,#890,#891,#892,#893,#894,#895,#896,#897,#898,#899,#900,#901,#902,#903,#904,#905,#906,#907,#908,#909,#910,#911,#912,#913,#914,#915,#916,#917,#918,#919,#920,#921,#922,#923,#924,#925,#926,#927,#928,#929,#930,#931,#932,#933,#934,#935,#936,#937,#938,#939,#940,#941,#942,#943,#944,#945,#946,#947,#948,#949,#950,#951,#952,#953,#954,#955,#956,#957,#958,#959,#960,#961,#962,#963,#964,#965,#966,#967,#968,#969,#970,#971,#972,#973,#974,#975,#976,#977,#978,#979,#980,#981,#982,#983,#984,#985,#986,#987,#988,#989,#990,#991,#992,#993,#994,#995,#996,#997,#998,#999,#1000,#1001,#1002,#1003,#1004,#1005,#1006,#1007,#1008,#1009,#1010,#1011,#1012,#1013,#1014,#1015,#1016,#1017,#1018,#1019,#1020,#1021,#1022,#1023,#1024,#1025,#1026,#1027,#1028,#1029,#1030,#1031,#1032,#1033,#1034,#1035,#1036,#1037,#1038,#1039,#1040,#1041,#1042,#1043,#1044,#1045,#1046,#1047,#1048,#1049,#1050,#1051,#1052,#1053,#1054,#1055,#1056,#1057,#1058,#1059,#1060,#1061,#1062,#1063,#1064,#1065,#1066,#1067,#1068,#1069,#1070,#1071,#1072,#1073,#1074,#1075,#1076,#1077,#1078,#1079,#1080,#1081,#1082,#1083,#1084,#1085,#1086,#1087,#1088,#1089,#1090,#1091,#1092,#1093,#1094,#1095,#1096,#1097,#1098,#1099,#1100,#1101,#1102,#1103,#1104,#1105,#1106,#1107,#1108,#1109,#1110,#1111,#1112,#1113,#1114,#1115,#1116,#1117,#1118,#1119,#1120,#1121,#1122,#1123,#1124,#1125,#1126,#1127,#1128,#1129,#1130,#1131,#1132,#1133,#1134,#1135,#1136,#1137,#1138,#1139,#1140,#1141,#1142,#1143,#1144,#1145,#1146,#1147,#1148,#1149,#1150,#1151,#1152,#1153,#1154,#1155,#1156,#1157,#1158,#1159,#1160,#1161,#1162,#1163,#1164,#1165,#1166,#1167,#1168,#1169,#1170,#1171,#1172,#1173,#1174,#1175,#1176,#1177,#1178,#1179,#1180,#1181,#1182,#1183,#1184,#1185,#1186,#1187,#1188,#1189,#1190,#1191,#1192,#1193,#1194,#1195,#1196,#1197,#1198,#1199,#1200,#1201,#1202,#1203,#1204,#1205,#1206,#1207,#1208,#1209,#1210,#1211,#1212,#1213,#1214,#1215,#1216,#1217,#1218,#1219,#1220,#1221,#1222,#1223,#1224,#1225,#1226,#1227,#1228,#1229,#1230,#1231,#1232,#1233,#1234,#1235,#1236,#1237,#1238,#1239,#1240,#1241,#1242,#1243,#1244,#1245,#1246,#1247,#1248,#1249,#1250,#1251,#1252,#1253,#1254,#1255,#1256,#1257,#1258,#1259,#1260,#1261,#1262,#1263,#1264,#1265,#1266,#1267,#1268,#1269,#1270,#1271,#1272,#1273),$);
#61=IFCCARTESIANPOINTLIST3D(((-40.6679191589355,103.9248046875,-37.0568923950195),(-40.,104.623512268066,-36.8387222290039),(-40.,104.433898925781,-36.9578742980957),(-40.,104.222534179688,-37.0318260192871),(-40.,104.,-37.0568923950195),(-40.,104.781852722168,-36.6803970336914),(-40.890438079834,104.89973449707,-36.0568885803223),(-40.,105.,-36.0568885803223),(-40.,104.974952697754,-36.2794075012207),(-40.,104.900993347168,-36.490779876709),(-43.2228698730469,101.,-37.0318260192871),(-42.9251327514648,101.667594909668,-37.0568923950195),(-43.,101.,-37.0568923950195),(-41.4902534484863,104.093841552734,-36.9578742980957),(-41.3020095825195,103.702926635742,-37.0568923950195),(-41.8708152770996,103.345512390137,-37.0568923950195),(-41.6412315368652,104.407333374023,-36.6803970336914),(-42.4943084716797,104.127349853516,-36.0568885803223),(-41.7250061035156,104.58130645752,-36.2794075012207),(-41.7358856201172,104.603897094727,-36.0568885803223),(-42.68505859375,103.141021728516,-36.9578742980957),(-42.3458480834961,102.870498657227,-37.0568923950195),(-42.703254699707,102.30167388916,-37.0568923950195),(-42.9570960998535,103.357955932617,-36.6803970336914),(-43.6042213439941,102.735557556152,-36.0568885803223),(-43.1080589294434,103.478340148926,-36.2794075012207),(-43.1276817321777,103.49397277832,-36.0568885803223),(-43.3481292724609,101.764137268066,-36.9578742980957),(-43.4342308044434,101.,-36.9578742980957),(-43.6238479614258,101.,-36.8387222290039),(-43.687370300293,101.841552734375,-36.6803970336914),(-43.7821884155273,101.,-36.6803970336914),(-43.9013061523438,101.,-36.490779876709),(-43.875617980957,101.88452911377,-36.2794075012207),(-43.9752616882324,101.,-36.2794075012207),(-44.,101.,-36.0568885803223),(-43.9000549316406,101.890113830566,-36.0568885803223),(-44.,101.,-26.3569049835205),(-43.9000549316406,101.890113830566,-26.3569049835205),(-43.6042213439941,102.735557556152,-26.3569049835205),(-43.1276817321777,103.49397277832,-26.3569049835205),(-42.4943084716797,104.127349853516,-26.3569049835205),(-41.7358856201172,104.603897094727,-26.3569049835205),(-40.890438079834,104.89973449707,-26.3569049835205),(-40.,105.,-26.3569049835205),(-44.,88.1858673095703,-36.0568885803223),(-43.972713470459,88.1891632080078,-36.2903442382812),(-43.8913536071777,88.1922760009766,-36.5108985900879),(-43.7607574462891,88.1950607299805,-36.706356048584),(-43.5881271362305,88.1973190307617,-36.8659172058105),(-43.3830299377441,88.1989364624023,-36.9807891845703),(-43.1954383850098,88.1997528076172,-37.0376968383789),(-43.,88.2000198364258,-37.0568923950195),(41.3013076782227,103.702941894531,-37.0568923950195),(42.3451042175293,102.870513916016,-37.0568923950195),(42.7025527954102,102.301689147949,-37.0568923950195),(41.8701133728027,103.345527648926,-37.0568923950195),(40.6672019958496,103.924819946289,-37.0568923950195),(42.924430847168,101.667610168457,-37.0568923950195),(43.,101.,-37.0568923950195),(40.,104.,-37.0568923950195),(43.,88.2000350952148,-37.0568923950195),(40.,105.,-36.0568885803223),(40.,104.974960327148,-36.2794075012207),(40.,104.901008605957,-36.490779876709),(40.,104.781867980957,-36.6803970336914),(40.,104.623527526855,-36.8387222290039),(40.,104.43391418457,-36.9578742980957),(40.,104.222549438477,-37.0318260192871),(-40.8904075622559,-104.899673461914,-36.0568885803223),(-40.,-104.781791687012,-36.6803970336914),(-40.,-104.900932312012,-36.490779876709),(-40.,-104.974891662598,-36.2794075012207),(-40.,-105.,-36.0568885803223),(-40.6678886413574,-103.924743652344,-37.0568923950195),(-40.,-104.,-37.0568923950195),(-40.,-104.22248840332,-37.0318260192871),(-40.,-104.43384552002,-36.9578742980957),(-40.,-104.62345123291,-36.8387222290039),(-43.9752464294434,-101.,-36.2794075012207),(-43.9000244140625,-101.890045166016,-36.0568885803223),(-44.,-101.,-36.0568885803223),(-41.6928787231445,-104.514617919922,-36.490779876709),(-41.7358551025391,-104.60383605957,-36.0568885803223),(-42.4942779541016,-104.127288818359,-36.0568885803223),(-41.5724945068359,-104.264610290527,-36.8387222290039),(-41.8708000183105,-103.34545135498,-37.0568923950195),(-41.3985061645508,-103.903343200684,-37.0318260192871),(-41.3019790649414,-103.702865600586,-37.0568923950195),(-43.0502128601074,-103.432182312012,-36.490779876709),(-43.1276550292969,-103.493911743164,-36.0568885803223),(-43.604190826416,-102.735496520996,-36.0568885803223),(-42.8332824707031,-103.259170532227,-36.8387222290039),(-42.7032241821289,-102.301612854004,-37.0568923950195),(-42.519775390625,-103.,-37.0318260192871),(-42.3458061218262,-102.870429992676,-37.0568923950195),(-43.8034973144531,-101.868011474609,-36.490779876709),(-43.9012756347656,-101.,-36.490779876709),(-43.7821578979492,-101.,-36.6803970336914),(-43.5329666137695,-101.806266784668,-36.8387222290039),(-43.6238174438477,-101.,-36.8387222290039),(-43.4342002868652,-101.,-36.9578742980957),(-43.1420478820801,-101.717041015625,-37.0318260192871),(-43.222843170166,-101.,-37.0318260192871),(-43.,-101.,-37.0568923950195),(-42.9251022338867,-101.667526245117,-37.0568923950195),(-40.,-105.,-26.3569049835205),(-40.8904075622559,-104.899673461914,-26.3569049835205),(-41.7358551025391,-104.60383605957,-26.3569049835205),(-42.4942779541016,-104.127288818359,-26.3569049835205),(-43.1276550292969,-103.493911743164,-26.3569049835205),(-43.604190826416,-102.735496520996,-26.3569049835205),(-43.9000244140625,-101.890045166016,-26.3569049835205),(-44.,-101.,-26.3569049835205),(40.,-105.,-36.0568885803223),(40.,-105.,-26.3569049835205),(40.,-104.974876403809,-36.2794075012207),(40.,-104.900917053223,-36.490779876709),(40.,-104.781776428223,-36.6803970336914),(40.,-104.623435974121,-36.8387222290039),(40.,-104.43383026123,-36.9578742980957),(40.,-104.222473144531,-37.0318260192871),(40.,-104.,-37.0568923950195),(-43.,-88.1999588012695,-37.0568923950195),(41.3013687133789,-103.702850341797,-37.0568923950195),(40.6672630310059,-103.924728393555,-37.0568923950195),(43.,-101.,-37.0568923950195),(41.8701438903809,-103.345443725586,-37.0568923950195),(42.3451652526855,-102.870414733887,-37.0568923950195),(42.7026138305664,-102.301597595215,-37.0568923950195),(42.9244918823242,-101.667510986328,-37.0568923950195),(43.,-88.1999435424805,-37.0568923950195),(40.8897666931152,-104.899658203125,-36.0568885803223),(43.2222175598145,-101.,-37.0318260192871),(41.4895973205566,-104.093765258789,-36.9578742980957),(41.6405487060547,-104.407257080078,-36.6803970336914),(42.4936370849609,-104.12727355957,-36.0568885803223),(41.7243499755859,-104.581230163574,-36.2794075012207),(41.7352294921875,-104.603820800781,-36.0568885803223),(42.6844024658203,-103.140937805176,-36.9578742980957),(42.9564399719238,-103.357879638672,-36.6803970336914),(43.6035652160645,-102.735481262207,-36.0568885803223),(43.1073875427246,-103.47827911377,-36.2794075012207),(43.1269989013672,-103.493896484375,-36.0568885803223),(43.3475036621094,-101.764060974121,-36.9578742980957),(43.4335746765137,-101.,-36.9578742980957),(43.6232070922852,-101.,-36.8387222290039),(43.6866836547852,-101.841491699219,-36.6803970336914),(43.7815170288086,-101.,-36.6803970336914),(43.9006652832031,-101.,-36.490779876709),(43.8749771118164,-101.884452819824,-36.2794075012207),(43.9746055603027,-101.,-36.2794075012207),(44.,-101.,-36.0568885803223),(43.8994140625,-101.890029907227,-36.0568885803223),(44.,-101.,-26.3569049835205),(43.8994140625,-101.890029907227,-26.3569049835205),(43.6035652160645,-102.735481262207,-26.3569049835205),(43.1269989013672,-103.493896484375,-26.3569049835205),(42.4936370849609,-104.12727355957,-26.3569049835205),(41.7352294921875,-104.603820800781,-26.3569049835205),(40.8897666931152,-104.899658203125,-26.3569049835205),(43.9804763793945,-88.1885452270508,-36.2519912719727),(44.,-88.185791015625,-36.0568885803223),(43.9235534667969,-88.1912078857422,-36.4395790100098),(43.808666229248,-88.1941146850586,-36.6446800231934),(43.6490745544434,-88.1965484619141,-36.8172950744629),(43.4536590576172,-88.1984024047852,-36.9479026794434),(43.2331237792969,-88.1995544433594,-37.0292778015137),(43.6231460571289,101.,-36.8387222290039),(43.4335136413574,101.,-36.9578742980957),(43.2221565246582,101.,-37.0318260192871),(43.8993530273438,101.890129089355,-36.0568885803223),(44.,101.,-36.0568885803223),(43.9745750427246,101.,-36.2794075012207),(43.9006080627441,101.,-36.490779876709),(43.7814559936523,101.,-36.6803970336914),(40.8897094726562,104.899749755859,-36.0568885803223),(43.0934410095215,102.489952087402,-36.9578742980957),(43.4069290161133,102.640914916992,-36.6803970336914),(43.1269378662109,103.493988037109,-36.0568885803223),(43.5809173583984,102.724685668945,-36.2794075012207),(43.6035079956055,102.735572814941,-36.0568885803223),(42.1406288146973,103.684753417969,-36.9578742980957),(42.3575630187988,103.956787109375,-36.6803970336914),(41.7351684570312,104.603912353516,-36.0568885803223),(42.4779624938965,104.107757568359,-36.2794075012207),(42.493579864502,104.127365112305,-36.0568885803223),(40.7637634277344,104.347816467285,-36.9578742980957),(40.8411903381348,104.687049865723,-36.6803970336914),(40.8841361999512,104.875305175781,-36.2794075012207),(40.,105.,-26.3569049835205),(40.8897094726562,104.899749755859,-26.3569049835205),(41.7351684570312,104.603912353516,-26.3569049835205),(42.493579864502,104.127365112305,-26.3569049835205),(43.1269378662109,103.493988037109,-26.3569049835205),(43.6035079956055,102.735572814941,-26.3569049835205),(43.8993530273438,101.890129089355,-26.3569049835205),(44.,101.,-26.3569049835205),(44.,88.1858749389648,-36.0568885803223),(43.9804763793945,88.1886367797852,-36.2519912719727),(43.9235534667969,88.1912841796875,-36.4395790100098),(43.808666229248,88.1941909790039,-36.6446800231934),(43.6490745544434,88.196647644043,-36.8172950744629),(43.4536590576172,88.1984939575195,-36.9479026794434),(43.2331237792969,88.1996459960938,-37.0292778015137),(44.,12.9328832626343,-38.1899147033691),(43.9747543334961,12.9666872024536,-38.4075469970703),(43.9682884216309,12.9707841873169,-38.433952331543),(43.904541015625,13.,-38.611141204834),(43.8782234191895,13.,-38.6633987426758),(43.8186798095703,13.0214157104492,-38.7603034973145),(43.7887001037598,13.0277585983276,-38.8011627197266),(43.7525482177734,13.0345830917358,-38.8451652526855),(43.6771469116211,13.0465698242188,-38.9225006103516),(43.6413269042969,13.0576581954956,-38.9536895751953),(43.6060981750488,13.0793190002441,-38.9811973571777),(43.5732269287109,13.1079664230347,-39.),(43.4869194030762,13.2144069671631,-39.0562400817871),(43.4110717773438,13.3419904708862,-39.0914192199707),(43.2355690002441,13.7438039779663,-39.1391487121582),(43.,14.4382276535034,-39.1476593017578),(-44.,-88.1857986450195,-36.0568885803223),(-43.9726982116699,-88.1891021728516,-36.2903442382812),(-43.8913230895996,-88.1922302246094,-36.5108985900879),(-43.7607307434082,-88.1949920654297,-36.706356048584),(-43.5881004333496,-88.197265625,-36.8659172058105),(-43.382999420166,-88.1988906860352,-36.9807891845703),(-43.1954078674316,-88.1996917724609,-37.0376968383789),(-44.,-12.9328050613403,-38.1899147033691),(-43.9754257202148,-12.9666109085083,-38.4075469970703),(-43.9689712524414,-12.9707088470459,-38.433952331543),(-43.9051971435547,-13.,-38.611141204834),(-43.8788948059082,-13.,-38.6633987426758),(-43.8193359375,-13.0213384628296,-38.7603034973145),(-43.7893524169922,-13.0276823043823,-38.8011627197266),(-43.7532196044922,-13.0345067977905,-38.8451652526855),(-43.677864074707,-13.0464935302734,-38.9225006103516),(-43.6419830322266,-13.0575819015503,-38.9536895751953),(-43.6067695617676,-13.0792427062988,-38.9811973571777),(-43.5738983154297,-13.1078901290894,-39.),(-43.4875907897949,-13.2143316268921,-39.0562400817871),(-43.4117279052734,-13.3419141769409,-39.0914192199707),(-43.2362098693848,-13.743727684021,-39.1391487121582),(-43.,-14.4381513595581,-39.1476593017578),(-43.,14.438214302063,-39.1476593017578),(-43.2305450439453,13.7584390640259,-39.1401176452637),(-43.4246482849121,13.3179721832275,-39.0861473083496),(-43.5354843139648,13.1503620147705,-39.0289840698242),(-43.6003913879395,13.0842599868774,-38.9858741760254),(-43.6266326904297,13.0658483505249,-38.9660263061523),(-43.6522178649902,13.0533065795898,-38.9451217651367),(-43.677864074707,13.0465574264526,-38.9225006103516),(-43.7940330505371,13.0268030166626,-38.7950668334961),(-43.8232536315918,13.0205268859863,-38.7546539306641),(-43.8544578552246,13.0129985809326,-38.7061347961426),(-43.9051971435547,13.,-38.611141204834),(-43.9278907775879,13.,-38.5589714050293),(-43.9754257202148,12.9666748046875,-38.4075622558594),(-43.9817886352539,12.9620571136475,-38.3777885437012),(-44.,12.9328689575195,-38.1899147033691),(-43.9689598083496,12.9116125106812,-38.4510154724121),(-43.9051818847656,12.9605445861816,-38.6219749450684),(-43.6823501586914,11.9569139480591,-39.2179756164551),(-44.,-4.36268854141235,-39.8703956604004),(-43.704418182373,-4.02750539779663,-40.6163177490234),(-43.6823501586914,-11.9568490982056,-39.2179756164551),(-44.,4.3651008605957,-39.8711090087891),(-43.7968063354492,-11.9239864349365,-39.0944442749023),(-43.8565139770508,-11.9012680053711,-39.),(-43.906566619873,-11.8770618438721,-38.916690826416),(-43.9694366455078,-11.8319673538208,-38.745849609375),(-43.8111991882324,-4.01604223251343,-40.4910850524902),(-43.7044334411621,4.02979230880737,-40.6166572570801),(-43.8667793273926,-4.,-40.4045257568359),(-43.9133033752441,-4.,-40.3127479553223),(-43.9716415405273,-3.98410034179688,-40.1426086425781),(-43.866512298584,4.41514921188354,-40.3664817810059),(-43.9131240844727,4.40587663650513,-40.2747230529785),(-43.9715805053711,4.38868570327759,-40.104549407959),(-43.7938690185547,13.0113830566406,-38.7995948791504),(-43.8544273376465,12.9867830276489,-38.7136459350586),(43.9682579040527,-12.9115362167358,-38.4510154724121),(43.9747543334961,-12.9665985107422,-38.4075622558594),(43.9272193908691,-13.,-38.5589714050293),(43.981071472168,-12.9619808197021,-38.3777885437012),(44.,-12.9327926635742,-38.1899147033691),(43.9045104980469,-12.9604682922363,-38.6219749450684),(43.6817092895508,-11.9568376541138,-39.2179756164551),(44.,4.36273288726807,-39.8703651428223),(43.7037315368652,4.0275444984436,-40.6162872314453),(43.6817092895508,11.9569253921509,-39.2179756164551),(44.,-4.36504983901978,-39.8710784912109),(43.7961502075195,11.9240617752075,-39.0944442749023),(43.8558731079102,11.9013433456421,-39.),(43.9058799743652,11.8771371841431,-38.916690826416),(43.9687347412109,11.8320426940918,-38.745849609375),(43.8105125427246,4.01608228683472,-40.4910583496094),(43.7037315368652,-4.02974605560303,-40.6166305541992),(43.8661231994629,4.,-40.4044799804688),(43.9126167297363,4.,-40.3127059936523),(43.9709701538086,3.9841423034668,-40.142578125),(43.8658256530762,-4.41509866714478,-40.366455078125),(43.9124069213867,-4.40582752227783,-40.2746772766113),(43.9708786010742,-4.38863468170166,-40.1045227050781),(43.7931976318359,-13.0113067626953,-38.7995948791504),(43.7933464050293,-13.0267267227173,-38.7950668334961),(43.6771469116211,-13.0464811325073,-38.9225006103516),(43.8225555419922,-13.020450592041,-38.7546539306641),(43.8537559509277,-12.9867067337036,-38.7136459350586),(43.8537864685059,-13.0129222869873,-38.7061347961426),(43.904541015625,-13.,-38.611141204834),(43.6573295593262,-13.0511779785156,-38.9401588439941),(43.637451171875,-13.0594482421875,-38.9568634033203),(43.5987091064453,-13.0849924087524,-38.9866065979004),(43.5342445373535,-13.1510143280029,-39.0293273925781),(43.4240074157715,-13.3179817199707,-39.0860710144043),(43.2298736572266,-13.7583818435669,-39.1401176452637),(43.,-14.4381380081177,-39.1476593017578),(-23.6089363098145,-39.562671661377,-38.4355163574219),(-32.0767593383789,-32.8033065795898,-38.6271171569824),(-38.644474029541,-24.2790603637695,-38.8687362670898),(-13.7709522247314,-44.0999565124512,-38.3068885803223),(13.770281791687,-44.0999526977539,-38.3068885803223),(23.6082649230957,-39.5626640319824,-38.4355163574219),(32.0760879516602,-32.8032913208008,-38.6271171569824),(38.6438064575195,-24.2790470123291,-38.8687362670898),(-22.8673362731934,20.258430480957,-131.356903076172),(-17.9227886199951,25.9651775360107,-130.356903076172),(-17.3547115325928,25.1421890258789,-131.356903076172),(-23.6158504486084,20.9215507507324,-130.356903076172),(-27.0510158538818,14.1973257064819,-131.356903076172),(-27.9364719390869,14.6620483398438,-130.356903076172),(-30.6335525512695,-7.55037498474121,-130.356903076172),(-31.5503311157227,0.,-130.356903076172),(-30.550329208374,0.,-131.356903076172),(-29.6625919342041,-7.31105899810791,-131.356903076172),(-29.6625919342041,7.31112623214722,-131.356903076172),(-30.6335525512695,7.55044221878052,-130.356903076172),(-27.9364719390869,-14.6619806289673,-130.356903076172),(-27.0510158538818,-14.1972579956055,-131.356903076172),(-22.8673362731934,-20.2583599090576,-131.356903076172),(-23.6158504486084,-20.9214839935303,-130.356903076172),(-17.3547115325928,-25.1421184539795,-131.356903076172),(-17.9227886199951,-25.9651069641113,-130.356903076172),(-10.8335161209106,-28.5647068023682,-131.356903076172),(-11.1881189346313,-29.4997253417969,-130.356903076172),(-3.68273234367371,-30.3272151947021,-131.356903076172),(-3.80326795578003,-31.3199253082275,-130.356903076172),(3.68207669258118,-30.3272132873535,-131.356903076172),(3.80256748199463,-31.3199253082275,-130.356903076172),(10.8328456878662,-28.5647048950195,-131.356903076172),(11.1874332427979,-29.4997215270996,-130.356903076172),(17.354040145874,-25.1421127319336,-131.356903076172),(17.9221019744873,-25.9651012420654,-130.356903076172),(22.8666343688965,-20.2583541870117,-131.356903076172),(23.6151790618896,-20.9214763641357,-130.356903076172),(27.0503444671631,-14.1972513198853,-131.356903076172),(27.9358005523682,-14.6619720458984,-130.356903076172),(29.661922454834,-7.31105041503906,-131.356903076172),(30.6328811645508,-7.55036592483521,-130.356903076172),(30.5496730804443,0.,-131.356903076172),(31.549690246582,0.,-130.356903076172),(29.661922454834,7.31113576889038,-131.356903076172),(30.6328811645508,7.55045127868652,-130.356903076172),(27.0503444671631,14.1973333358765,-131.356903076172),(27.9358005523682,14.6620559692383,-130.356903076172),(22.8666343688965,20.2584362030029,-131.356903076172),(23.6151790618896,20.921558380127,-130.356903076172),(17.354040145874,25.1421947479248,-131.356903076172),(17.9221019744873,25.9651832580566,-130.356903076172),(10.8328456878662,28.5647830963135,-131.356903076172),(11.1874332427979,29.4997997283936,-130.356903076172),(3.68207669258118,30.3272914886475,-131.356903076172),(3.80256748199463,31.3199996948242,-130.356903076172),(-3.68273234367371,30.3272895812988,-131.356903076172),(-3.80326795578003,31.3199996948242,-130.356903076172),(-10.8335161209106,28.5647811889648,-131.356903076172),(-11.1881189346313,29.4997959136963,-130.356903076172),(-3.80326795578003,-31.3199253082275,-40.8069038391113),(-11.1881189346313,-29.4997253417969,-40.8069038391113),(3.80256748199463,-31.3199253082275,-40.8069038391113),(31.549690246582,0.,-40.8069038391113),(11.1874332427979,-29.4997215270996,-40.8069038391113),(30.6328811645508,7.55045127868652,-40.8069038391113),(17.9221019744873,-25.9651012420654,-40.8069038391113),(27.9358005523682,14.6620559692383,-40.8069038391113),(23.6151790618896,-20.9214763641357,-40.8069038391113),(23.6151790618896,20.921558380127,-40.8069038391113),(17.9221019744873,25.9651832580566,-40.8069038391113),(27.9358005523682,-14.6619720458984,-40.8069038391113),(30.6328811645508,-7.55036592483521,-40.8069038391113),(11.1874332427979,29.4997997283936,-40.8069038391113),(3.80256748199463,31.3199996948242,-40.8069038391113),(-3.80326795578003,31.3199996948242,-40.8069038391113),(-11.1881189346313,29.4997959136963,-40.8069038391113),(-17.9227886199951,25.9651775360107,-40.8069038391113),(-23.6158504486084,20.9215507507324,-40.8069038391113),(-27.9364719390869,14.6620483398438,-40.8069038391113),(-30.6335525512695,7.55044221878052,-40.8069038391113),(-31.5503311157227,0.,-40.8069038391113),(-30.6335525512695,-7.55037498474121,-40.8069038391113),(-27.9364719390869,-14.6619806289673,-40.8069038391113),(-23.6158504486084,-20.9214839935303,-40.8069038391113),(-17.9227886199951,-25.9651069641113,-40.8069038391113),(10.1236095428467,26.6947498321533,-131.356903076172),(3.44097590446472,28.3418769836426,-131.356903076172),(21.369665145874,-18.932107925415,-131.356903076172),(-28.5503253936768,0.,-131.356903076172),(-27.7207183837891,-6.83242797851562,-131.356903076172),(16.2179164886475,-23.4961452484131,-131.356903076172),(25.2794303894043,-13.2678031921387,-131.356903076172),(-3.44167637825012,28.3418750762939,-131.356903076172),(10.1236095428467,-26.6946716308594,-131.356903076172),(27.7200622558594,-6.83241939544678,-131.356903076172),(3.44097590446472,-28.3417987823486,-131.356903076172),(-27.7207183837891,6.83249568939209,-131.356903076172),(28.5496692657471,0.,-131.356903076172),(-10.1243104934692,26.6947479248047,-131.356903076172),(-3.44167637825012,-28.3418006896973,-131.356903076172),(27.7200622558594,6.83250427246094,-131.356903076172),(-25.280101776123,13.267879486084,-131.356903076172),(-10.1243104934692,-26.694673538208,-131.356903076172),(-16.2185859680176,23.4962215423584,-131.356903076172),(-21.3703193664551,18.9321842193604,-131.356903076172),(25.2794303894043,13.2678871154785,-131.356903076172),(-16.2185859680176,-23.496150970459,-131.356903076172),(21.369665145874,18.9321899414062,-131.356903076172),(-21.3703193664551,-18.9321136474609,-131.356903076172),(16.2179164886475,23.4962272644043,-131.356903076172),(-25.280101776123,-13.2678108215332,-131.356903076172),(42.4519462585449,-10.3678150177002,-40.8069038391113),(43.6996803283691,0.,-40.8069038391113),(-42.6490287780762,9.52781009674072,-40.8069038391113),(-39.0940742492676,19.5287246704102,-40.8069038391113),(42.4106674194336,10.5354452133179,-40.8069038391113),(-42.1498985290527,-11.5370769500732,-40.8069038391113),(-43.6880722045898,-1.03516840934753,-40.8069038391113),(-38.2092704772949,-21.207691192627,-40.8069038391113),(-32.0867881774902,-29.667272567749,-40.8069038391113),(-24.1320858001709,-36.4327583312988,-40.8069038391113),(-14.799370765686,-41.1178207397461,-40.8069038391113),(38.619815826416,20.4493408203125,-40.8069038391113),(-4.62159490585327,-43.4549293518066,-40.8069038391113),(38.6438064575195,24.2791366577148,-38.8687362670898),(32.5506591796875,29.1568965911865,-40.8069038391113),(-4.65348339080811,-45.9650344848633,-38.3068885803223),(32.0760879516602,32.8033790588379,-38.6271171569824),(24.5612850189209,36.1444320678711,-40.8069038391113),(4.65279769897461,-45.9650344848633,-38.3068885803223),(5.82006549835205,-43.3106117248535,-40.8069038391113),(23.6082649230957,39.5627403259277,-38.4355163574219),(15.1229190826416,41.,-40.8069038391113),(15.9293699264526,-40.6931228637695,-40.8069038391113),(13.770281791687,44.1000366210938,-38.3068885803223),(4.79248142242432,43.4364128112793,-40.8069038391113),(25.1290493011475,-35.7519378662109,-40.8069038391113),(4.65279769897461,45.9651107788086,-38.3068885803223),(-4.65348339080811,45.9651107788086,-38.3068885803223),(32.8937759399414,-28.769193649292,-40.8069038391113),(-5.82076597213745,43.3106880187988,-40.8069038391113),(-13.7709522247314,44.1000328063965,-38.3068885803223),(38.7800903320312,-20.1436386108398,-40.8069038391113),(-16.0906162261963,40.6299934387207,-40.8069038391113),(-23.6089363098145,39.5627326965332,-38.4355163574219),(-25.4112606048584,35.5524520874023,-40.8069038391113),(-32.0767593383789,32.8033714294434,-38.6271171569824),(-33.2328948974609,28.3776111602783,-40.8069038391113),(-38.644474029541,24.2791233062744,-38.8687362670898),(30.6328811645508,7.55045127868652,-39.5568885803223),(31.549690246582,0.,-39.5568885803223),(31.0996150970459,5.30999231338501,-39.4064025878906),(29.7622966766357,10.468451499939,-39.2601776123047),(27.9358005523682,14.6620559692383,-39.5568885803223),(26.5304431915283,17.074010848999,-39.0729446411133),(23.6151790618896,20.921558380127,-39.5568885803223),(21.8572006225586,22.7519664764404,-38.911994934082),(17.9221019744873,25.9651832580566,-39.5568885803223),(16.,27.1938571929932,-38.7860946655273),(11.1874332427979,29.4997997283936,-39.5568885803223),(9.26673316955566,30.1583576202393,-38.7020683288574),(3.80256748199463,31.3199996948242,-39.5568885803223),(2.03347182273865,31.484411239624,-38.6644859313965),(-3.80326795578003,31.3199996948242,-39.5568885803223),(-5.31028175354004,31.0999870300293,-38.6753807067871),(-11.1881189346313,29.4997959136963,-39.5568885803223),(-12.3655490875244,29.025951385498,-38.7341651916504),(-17.9227886199951,25.9651775360107,-39.5568885803223),(-18.7490272521973,25.375,-38.8376541137695),(-23.6158504486084,20.9215507507324,-39.5568885803223),(-24.1139221191406,20.3454666137695,-38.9802131652832),(-27.9364719390869,14.6620483398438,-39.5568885803223),(-28.1687965393066,14.2106113433838,-39.154109954834),(-30.6335525512695,7.55044221878052,-39.5568885803223),(-30.6933059692383,7.30371999740601,-39.3498802185059),(-31.5503311157227,0.,-39.5568885803223),(-30.6335525512695,-7.55037498474121,-39.5568885803223),(-31.1002864837646,-5.30991554260254,-39.4064025878906),(-29.7629814147949,-10.4683752059937,-39.2601776123047),(-27.9364719390869,-14.6619806289673,-39.5568885803223),(-26.5311126708984,-17.0739345550537,-39.0729446411133),(-23.6158504486084,-20.9214839935303,-39.5568885803223),(-21.8578853607178,-22.7518901824951,-38.911994934082),(-17.9227886199951,-25.9651069641113,-39.5568885803223),(-16.,-27.1937808990479,-38.7860946655273),(-11.1881189346313,-29.4997253417969,-39.5568885803223),(-9.26738929748535,-30.1582813262939,-38.7020683288574),(-3.80326795578003,-31.3199253082275,-39.5568885803223),(-2.03412747383118,-31.4843368530273,-38.6644859313965),(3.80256748199463,-31.3199253082275,-39.5568885803223),(5.30964088439941,-31.099910736084,-38.6753807067871),(11.1874332427979,-29.4997215270996,-39.5568885803223),(12.3648338317871,-29.0258769989014,-38.7341651916504),(17.9221019744873,-25.9651012420654,-39.5568885803223),(18.7483711242676,-25.3749237060547,-38.8376541137695),(23.6151790618896,-20.9214763641357,-39.5568885803223),(24.1132659912109,-20.3453922271729,-38.9802131652832),(27.9358005523682,-14.6619720458984,-39.5568885803223),(28.1681098937988,-14.2105360031128,-39.154109954834),(30.6328811645508,-7.55036592483521,-39.5568885803223),(30.6926651000977,-7.30364370346069,-39.3498802185059),(22.0954113006592,18.0798740386963,-39.0444221496582),(17.0368537902832,22.9093494415283,-38.9075393676758),(25.828031539917,12.1654653549194,-39.2120742797852),(10.9559288024902,26.3640766143799,-38.8096237182617),(27.8609676361084,6.23311471939087,-39.3802337646484),(4.21756458282471,28.2367534637451,-38.7565460205078),(28.5496692657471,0.,-39.5568885803223),(-2.77394032478333,28.4149894714355,-38.7514953613281),(-9.59899997711182,26.8881015777588,-38.7947692871094),(-15.8480548858643,23.7477054595947,-38.8837890625),(-21.1461181640625,19.1822662353516,-39.0131912231445),(-25.175271987915,13.4657278060913,-39.1752243041992),(-27.6937160491943,6.94114208221436,-39.360179901123),(-28.5503253936768,0.,-39.5568885803223),(-22.0960807800293,-18.0797996520996,-39.0444221496582),(-17.037525177002,-22.909273147583,-38.9075393676758),(-25.8287181854248,-12.1653890609741,-39.2120742797852),(-10.9566144943237,-26.3640003204346,-38.8096237182617),(-27.8616237640381,-6.23303842544556,-39.3802337646484),(-4.21822023391724,-28.2366733551025,-38.7565460205078),(2.77325487136841,-28.4149131774902,-38.7514953613281),(9.59831428527832,-26.8880233764648,-38.7947692871094),(15.8474140167236,-23.7476291656494,-38.8837890625),(21.1454620361328,-19.1821899414062,-39.0131912231445),(25.1745872497559,-13.465651512146,-39.1752243041992),(27.6930618286133,-6.94106578826904,-39.360179901123),(-21.3703193664551,-18.9321136474609,-39.5568885803223),(-16.2185859680176,-23.496150970459,-39.5568885803223),(-25.280101776123,-13.2678108215332,-39.5568885803223),(-10.1243104934692,-26.694673538208,-39.5568885803223),(-27.7207183837891,-6.83242797851562,-39.5568885803223),(-3.44167637825012,-28.3418006896973,-39.5568885803223),(3.44097590446472,-28.3417987823486,-39.5568885803223),(10.1236095428467,-26.6946716308594,-39.5568885803223),(16.2179164886475,-23.4961452484131,-39.5568885803223),(21.369665145874,-18.932107925415,-39.5568885803223),(25.2794303894043,-13.2678031921387,-39.5568885803223),(27.7200622558594,-6.83241939544678,-39.5568885803223),(16.2179164886475,-23.4961452484131,-36.5568962097168),(21.369665145874,-18.932107925415,-36.5568962097168),(-27.7207183837891,6.83249568939209,-36.5568962097168),(-28.5503253936768,0.,-36.5568962097168),(10.1236095428467,-26.6946716308594,-36.5568962097168),(-25.280101776123,13.267879486084,-36.5568962097168),(3.44097590446472,-28.3417987823486,-36.5568962097168),(-21.3703193664551,18.9321842193604,-36.5568962097168),(-16.2185859680176,23.4962215423584,-36.5568962097168),(-3.44167637825012,-28.3418006896973,-36.5568962097168),(-10.1243104934692,26.6947479248047,-36.5568962097168),(-10.1243104934692,-26.694673538208,-36.5568962097168),(-3.44167637825012,28.3418750762939,-36.5568962097168),(-16.2185859680176,-23.496150970459,-36.5568962097168),(3.44097590446472,28.3418769836426,-36.5568962097168),(-21.3703193664551,-18.9321136474609,-36.5568962097168),(-25.280101776123,-13.2678108215332,-36.5568962097168),(10.1236095428467,26.6947498321533,-36.5568962097168),(-27.7207183837891,-6.83242797851562,-36.5568962097168),(16.2179164886475,23.4962272644043,-36.5568962097168),(21.369665145874,18.9321899414062,-36.5568962097168),(25.2794303894043,13.2678871154785,-36.5568962097168),(27.7200622558594,6.83250427246094,-36.5568962097168),(28.5496692657471,0.,-36.5568962097168),(27.7200622558594,-6.83241939544678,-36.5568962097168),(25.2794303894043,-13.2678031921387,-36.5568962097168),(-16.2185859680176,23.4962215423584,-39.5568885803223),(-21.3703193664551,18.9321842193604,-39.5568885803223),(27.7200622558594,6.83250427246094,-39.5568885803223),(-10.1243104934692,26.6947479248047,-39.5568885803223),(-3.44167637825012,28.3418750762939,-39.5568885803223),(3.44097590446472,28.3418769836426,-39.5568885803223),(10.1236095428467,26.6947498321533,-39.5568885803223),(-27.7207183837891,6.83249568939209,-39.5568885803223),(16.2179164886475,23.4962272644043,-39.5568885803223),(-25.280101776123,13.267879486084,-39.5568885803223),(21.369665145874,18.9321899414062,-39.5568885803223),(25.2794303894043,13.2678871154785,-39.5568885803223),(41.,-102.,-26.3569049835205),(41.,102.,-26.3569049835205),(41.,102.,-36.5568962097168),(41.,-102.,-36.5568962097168),(-41.,102.,-26.3569049835205),(-41.,102.,-36.5568962097168),(-41.,-102.,-26.3569049835205),(-41.,-102.,-36.5568962097168)));
#62=IFCINDEXEDPOLYGONALFACE((1,2,3));
#63=IFCINDEXEDPOLYGONALFACE((1,3,4));
#64=IFCINDEXEDPOLYGONALFACE((1,4,5));
#65=IFCINDEXEDPOLYGONALFACE((6,2,1));
#66=IFCINDEXEDPOLYGONALFACE((7,8,9));
#67=IFCINDEXEDPOLYGONALFACE((7,9,10));
#68=IFCINDEXEDPOLYGONALFACE((7,10,6));
#69=IFCINDEXEDPOLYGONALFACE((7,6,1));
#70=IFCINDEXEDPOLYGONALFACE((11,12,13));
#71=IFCINDEXEDPOLYGONALFACE((14,1,15));
#72=IFCINDEXEDPOLYGONALFACE((14,15,16));
#73=IFCINDEXEDPOLYGONALFACE((17,14,16));
#74=IFCINDEXEDPOLYGONALFACE((17,7,1));
#75=IFCINDEXEDPOLYGONALFACE((17,1,14));
#76=IFCINDEXEDPOLYGONALFACE((17,16,18));
#77=IFCINDEXEDPOLYGONALFACE((19,18,20));
#78=IFCINDEXEDPOLYGONALFACE((19,20,7));
#79=IFCINDEXEDPOLYGONALFACE((19,17,18));
#80=IFCINDEXEDPOLYGONALFACE((19,7,17));
#81=IFCINDEXEDPOLYGONALFACE((21,16,22));
#82=IFCINDEXEDPOLYGONALFACE((21,22,23));
#83=IFCINDEXEDPOLYGONALFACE((24,18,16));
#84=IFCINDEXEDPOLYGONALFACE((24,23,25));
#85=IFCINDEXEDPOLYGONALFACE((24,16,21));
#86=IFCINDEXEDPOLYGONALFACE((24,21,23));
#87=IFCINDEXEDPOLYGONALFACE((26,25,27));
#88=IFCINDEXEDPOLYGONALFACE((26,27,18));
#89=IFCINDEXEDPOLYGONALFACE((26,18,24));
#90=IFCINDEXEDPOLYGONALFACE((26,24,25));
#91=IFCINDEXEDPOLYGONALFACE((28,23,12));
#92=IFCINDEXEDPOLYGONALFACE((28,11,29));
#93=IFCINDEXEDPOLYGONALFACE((28,29,30));
#94=IFCINDEXEDPOLYGONALFACE((28,12,11));
#95=IFCINDEXEDPOLYGONALFACE((31,30,32));
#96=IFCINDEXEDPOLYGONALFACE((31,32,33));
#97=IFCINDEXEDPOLYGONALFACE((31,28,30));
#98=IFCINDEXEDPOLYGONALFACE((31,25,23));
#99=IFCINDEXEDPOLYGONALFACE((31,23,28));
#100=IFCINDEXEDPOLYGONALFACE((34,33,35));
#101=IFCINDEXEDPOLYGONALFACE((34,35,36));
#102=IFCINDEXEDPOLYGONALFACE((34,36,37));
#103=IFCINDEXEDPOLYGONALFACE((34,37,25));
#104=IFCINDEXEDPOLYGONALFACE((34,31,33));
#105=IFCINDEXEDPOLYGONALFACE((34,25,31));
#106=IFCINDEXEDPOLYGONALFACE((36,38,39));
#107=IFCINDEXEDPOLYGONALFACE((37,39,40));
#108=IFCINDEXEDPOLYGONALFACE((37,36,39));
#109=IFCINDEXEDPOLYGONALFACE((25,40,41));
#110=IFCINDEXEDPOLYGONALFACE((25,37,40));
#111=IFCINDEXEDPOLYGONALFACE((27,41,42));
#112=IFCINDEXEDPOLYGONALFACE((27,25,41));
#113=IFCINDEXEDPOLYGONALFACE((18,42,43));
#114=IFCINDEXEDPOLYGONALFACE((18,27,42));
#115=IFCINDEXEDPOLYGONALFACE((20,43,44));
#116=IFCINDEXEDPOLYGONALFACE((20,18,43));
#117=IFCINDEXEDPOLYGONALFACE((7,20,44));
#118=IFCINDEXEDPOLYGONALFACE((8,44,45));
#119=IFCINDEXEDPOLYGONALFACE((8,7,44));
#120=IFCINDEXEDPOLYGONALFACE((46,36,35));
#121=IFCINDEXEDPOLYGONALFACE((47,35,33));
#122=IFCINDEXEDPOLYGONALFACE((47,46,35));
#123=IFCINDEXEDPOLYGONALFACE((48,33,32));
#124=IFCINDEXEDPOLYGONALFACE((48,47,33));
#125=IFCINDEXEDPOLYGONALFACE((49,32,30));
#126=IFCINDEXEDPOLYGONALFACE((49,48,32));
#127=IFCINDEXEDPOLYGONALFACE((50,30,29));
#128=IFCINDEXEDPOLYGONALFACE((50,49,30));
#129=IFCINDEXEDPOLYGONALFACE((51,29,11));
#130=IFCINDEXEDPOLYGONALFACE((51,50,29));
#131=IFCINDEXEDPOLYGONALFACE((52,11,13));
#132=IFCINDEXEDPOLYGONALFACE((52,51,11));
#133=IFCINDEXEDPOLYGONALFACE((53,52,13));
#134=IFCINDEXEDPOLYGONALFACE((54,55,56));
#135=IFCINDEXEDPOLYGONALFACE((54,57,55));
#136=IFCINDEXEDPOLYGONALFACE((58,56,59));
#137=IFCINDEXEDPOLYGONALFACE((58,54,56));
#138=IFCINDEXEDPOLYGONALFACE((60,58,59));
#139=IFCINDEXEDPOLYGONALFACE((61,58,60));
#140=IFCINDEXEDPOLYGONALFACE((62,61,60));
#141=IFCINDEXEDPOLYGONALFACE((12,1,5));
#142=IFCINDEXEDPOLYGONALFACE((12,15,1));
#143=IFCINDEXEDPOLYGONALFACE((12,16,15));
#144=IFCINDEXEDPOLYGONALFACE((12,22,16));
#145=IFCINDEXEDPOLYGONALFACE((12,23,22));
#146=IFCINDEXEDPOLYGONALFACE((13,12,5));
#147=IFCINDEXEDPOLYGONALFACE((53,5,61));
#148=IFCINDEXEDPOLYGONALFACE((53,61,62));
#149=IFCINDEXEDPOLYGONALFACE((53,13,5));
#150=IFCINDEXEDPOLYGONALFACE((9,8,63));
#151=IFCINDEXEDPOLYGONALFACE((9,63,64));
#152=IFCINDEXEDPOLYGONALFACE((10,64,65));
#153=IFCINDEXEDPOLYGONALFACE((10,9,64));
#154=IFCINDEXEDPOLYGONALFACE((6,65,66));
#155=IFCINDEXEDPOLYGONALFACE((6,10,65));
#156=IFCINDEXEDPOLYGONALFACE((2,66,67));
#157=IFCINDEXEDPOLYGONALFACE((2,6,66));
#158=IFCINDEXEDPOLYGONALFACE((3,67,68));
#159=IFCINDEXEDPOLYGONALFACE((3,2,67));
#160=IFCINDEXEDPOLYGONALFACE((4,68,69));
#161=IFCINDEXEDPOLYGONALFACE((4,3,68));
#162=IFCINDEXEDPOLYGONALFACE((5,69,61));
#163=IFCINDEXEDPOLYGONALFACE((5,4,69));
#164=IFCINDEXEDPOLYGONALFACE((70,71,72));
#165=IFCINDEXEDPOLYGONALFACE((70,72,73));
#166=IFCINDEXEDPOLYGONALFACE((70,73,74));
#167=IFCINDEXEDPOLYGONALFACE((75,76,77));
#168=IFCINDEXEDPOLYGONALFACE((75,77,78));
#169=IFCINDEXEDPOLYGONALFACE((75,78,79));
#170=IFCINDEXEDPOLYGONALFACE((75,79,71));
#171=IFCINDEXEDPOLYGONALFACE((75,71,70));
#172=IFCINDEXEDPOLYGONALFACE((80,81,82));
#173=IFCINDEXEDPOLYGONALFACE((83,70,84));
#174=IFCINDEXEDPOLYGONALFACE((83,84,85));
#175=IFCINDEXEDPOLYGONALFACE((86,83,85));
#176=IFCINDEXEDPOLYGONALFACE((86,75,70));
#177=IFCINDEXEDPOLYGONALFACE((86,70,83));
#178=IFCINDEXEDPOLYGONALFACE((86,85,87));
#179=IFCINDEXEDPOLYGONALFACE((88,87,89));
#180=IFCINDEXEDPOLYGONALFACE((88,89,75));
#181=IFCINDEXEDPOLYGONALFACE((88,86,87));
#182=IFCINDEXEDPOLYGONALFACE((88,75,86));
#183=IFCINDEXEDPOLYGONALFACE((90,85,91));
#184=IFCINDEXEDPOLYGONALFACE((90,91,92));
#185=IFCINDEXEDPOLYGONALFACE((93,87,85));
#186=IFCINDEXEDPOLYGONALFACE((93,92,94));
#187=IFCINDEXEDPOLYGONALFACE((93,85,90));
#188=IFCINDEXEDPOLYGONALFACE((93,90,92));
#189=IFCINDEXEDPOLYGONALFACE((95,94,96));
#190=IFCINDEXEDPOLYGONALFACE((95,96,87));
#191=IFCINDEXEDPOLYGONALFACE((95,87,93));
#192=IFCINDEXEDPOLYGONALFACE((95,93,94));
#193=IFCINDEXEDPOLYGONALFACE((97,92,81));
#194=IFCINDEXEDPOLYGONALFACE((97,80,98));
#195=IFCINDEXEDPOLYGONALFACE((97,98,99));
#196=IFCINDEXEDPOLYGONALFACE((97,81,80));
#197=IFCINDEXEDPOLYGONALFACE((100,99,101));
#198=IFCINDEXEDPOLYGONALFACE((100,101,102));
#199=IFCINDEXEDPOLYGONALFACE((100,97,99));
#200=IFCINDEXEDPOLYGONALFACE((100,94,92));
#201=IFCINDEXEDPOLYGONALFACE((100,92,97));
#202=IFCINDEXEDPOLYGONALFACE((103,102,104));
#203=IFCINDEXEDPOLYGONALFACE((103,104,105));
#204=IFCINDEXEDPOLYGONALFACE((103,105,106));
#205=IFCINDEXEDPOLYGONALFACE((103,106,94));
#206=IFCINDEXEDPOLYGONALFACE((103,100,102));
#207=IFCINDEXEDPOLYGONALFACE((103,94,100));
#208=IFCINDEXEDPOLYGONALFACE((74,107,108));
#209=IFCINDEXEDPOLYGONALFACE((70,74,108));
#210=IFCINDEXEDPOLYGONALFACE((84,108,109));
#211=IFCINDEXEDPOLYGONALFACE((84,70,108));
#212=IFCINDEXEDPOLYGONALFACE((85,109,110));
#213=IFCINDEXEDPOLYGONALFACE((85,84,109));
#214=IFCINDEXEDPOLYGONALFACE((91,110,111));
#215=IFCINDEXEDPOLYGONALFACE((91,85,110));
#216=IFCINDEXEDPOLYGONALFACE((92,111,112));
#217=IFCINDEXEDPOLYGONALFACE((92,91,111));
#218=IFCINDEXEDPOLYGONALFACE((81,112,113));
#219=IFCINDEXEDPOLYGONALFACE((81,113,114));
#220=IFCINDEXEDPOLYGONALFACE((81,92,112));
#221=IFCINDEXEDPOLYGONALFACE((82,81,114));
#222=IFCINDEXEDPOLYGONALFACE((74,115,116));
#223=IFCINDEXEDPOLYGONALFACE((74,116,107));
#224=IFCINDEXEDPOLYGONALFACE((117,74,73));
#225=IFCINDEXEDPOLYGONALFACE((117,115,74));
#226=IFCINDEXEDPOLYGONALFACE((118,73,72));
#227=IFCINDEXEDPOLYGONALFACE((118,117,73));
#228=IFCINDEXEDPOLYGONALFACE((119,72,71));
#229=IFCINDEXEDPOLYGONALFACE((119,118,72));
#230=IFCINDEXEDPOLYGONALFACE((120,71,79));
#231=IFCINDEXEDPOLYGONALFACE((120,119,71));
#232=IFCINDEXEDPOLYGONALFACE((121,79,78));
#233=IFCINDEXEDPOLYGONALFACE((121,120,79));
#234=IFCINDEXEDPOLYGONALFACE((122,78,77));
#235=IFCINDEXEDPOLYGONALFACE((122,121,78));
#236=IFCINDEXEDPOLYGONALFACE((123,77,76));
#237=IFCINDEXEDPOLYGONALFACE((123,122,77));
#238=IFCINDEXEDPOLYGONALFACE((75,94,106));
#239=IFCINDEXEDPOLYGONALFACE((75,96,94));
#240=IFCINDEXEDPOLYGONALFACE((75,87,96));
#241=IFCINDEXEDPOLYGONALFACE((75,89,87));
#242=IFCINDEXEDPOLYGONALFACE((105,75,106));
#243=IFCINDEXEDPOLYGONALFACE((76,75,105));
#244=IFCINDEXEDPOLYGONALFACE((124,76,105));
#245=IFCINDEXEDPOLYGONALFACE((125,126,123));
#246=IFCINDEXEDPOLYGONALFACE((127,128,125));
#247=IFCINDEXEDPOLYGONALFACE((127,129,128));
#248=IFCINDEXEDPOLYGONALFACE((127,130,129));
#249=IFCINDEXEDPOLYGONALFACE((127,131,130));
#250=IFCINDEXEDPOLYGONALFACE((127,125,123));
#251=IFCINDEXEDPOLYGONALFACE((132,123,76));
#252=IFCINDEXEDPOLYGONALFACE((132,76,124));
#253=IFCINDEXEDPOLYGONALFACE((132,127,123));
#254=IFCINDEXEDPOLYGONALFACE((126,120,121));
#255=IFCINDEXEDPOLYGONALFACE((126,121,122));
#256=IFCINDEXEDPOLYGONALFACE((126,122,123));
#257=IFCINDEXEDPOLYGONALFACE((133,115,117));
#258=IFCINDEXEDPOLYGONALFACE((133,117,118));
#259=IFCINDEXEDPOLYGONALFACE((133,118,119));
#260=IFCINDEXEDPOLYGONALFACE((133,119,120));
#261=IFCINDEXEDPOLYGONALFACE((133,120,126));
#262=IFCINDEXEDPOLYGONALFACE((134,131,127));
#263=IFCINDEXEDPOLYGONALFACE((135,126,125));
#264=IFCINDEXEDPOLYGONALFACE((135,125,128));
#265=IFCINDEXEDPOLYGONALFACE((136,135,128));
#266=IFCINDEXEDPOLYGONALFACE((136,133,126));
#267=IFCINDEXEDPOLYGONALFACE((136,126,135));
#268=IFCINDEXEDPOLYGONALFACE((136,128,137));
#269=IFCINDEXEDPOLYGONALFACE((138,137,139));
#270=IFCINDEXEDPOLYGONALFACE((138,139,133));
#271=IFCINDEXEDPOLYGONALFACE((138,136,137));
#272=IFCINDEXEDPOLYGONALFACE((138,133,136));
#273=IFCINDEXEDPOLYGONALFACE((140,128,129));
#274=IFCINDEXEDPOLYGONALFACE((140,129,130));
#275=IFCINDEXEDPOLYGONALFACE((141,137,128));
#276=IFCINDEXEDPOLYGONALFACE((141,130,142));
#277=IFCINDEXEDPOLYGONALFACE((141,128,140));
#278=IFCINDEXEDPOLYGONALFACE((141,140,130));
#279=IFCINDEXEDPOLYGONALFACE((143,142,144));
#280=IFCINDEXEDPOLYGONALFACE((143,144,137));
#281=IFCINDEXEDPOLYGONALFACE((143,137,141));
#282=IFCINDEXEDPOLYGONALFACE((143,141,142));
#283=IFCINDEXEDPOLYGONALFACE((145,130,131));
#284=IFCINDEXEDPOLYGONALFACE((145,134,146));
#285=IFCINDEXEDPOLYGONALFACE((145,146,147));
#286=IFCINDEXEDPOLYGONALFACE((145,131,134));
#287=IFCINDEXEDPOLYGONALFACE((148,147,149));
#288=IFCINDEXEDPOLYGONALFACE((148,149,150));
#289=IFCINDEXEDPOLYGONALFACE((148,145,147));
#290=IFCINDEXEDPOLYGONALFACE((148,142,130));
#291=IFCINDEXEDPOLYGONALFACE((148,130,145));
#292=IFCINDEXEDPOLYGONALFACE((151,150,152));
#293=IFCINDEXEDPOLYGONALFACE((151,152,153));
#294=IFCINDEXEDPOLYGONALFACE((151,153,154));
#295=IFCINDEXEDPOLYGONALFACE((151,154,142));
#296=IFCINDEXEDPOLYGONALFACE((151,148,150));
#297=IFCINDEXEDPOLYGONALFACE((151,142,148));
#298=IFCINDEXEDPOLYGONALFACE((154,155,156));
#299=IFCINDEXEDPOLYGONALFACE((154,153,155));
#300=IFCINDEXEDPOLYGONALFACE((142,156,157));
#301=IFCINDEXEDPOLYGONALFACE((142,154,156));
#302=IFCINDEXEDPOLYGONALFACE((144,157,158));
#303=IFCINDEXEDPOLYGONALFACE((144,142,157));
#304=IFCINDEXEDPOLYGONALFACE((137,158,159));
#305=IFCINDEXEDPOLYGONALFACE((137,144,158));
#306=IFCINDEXEDPOLYGONALFACE((139,159,160));
#307=IFCINDEXEDPOLYGONALFACE((139,137,159));
#308=IFCINDEXEDPOLYGONALFACE((133,160,161));
#309=IFCINDEXEDPOLYGONALFACE((133,139,160));
#310=IFCINDEXEDPOLYGONALFACE((115,161,116));
#311=IFCINDEXEDPOLYGONALFACE((115,133,161));
#312=IFCINDEXEDPOLYGONALFACE((162,153,152));
#313=IFCINDEXEDPOLYGONALFACE((162,163,153));
#314=IFCINDEXEDPOLYGONALFACE((164,152,150));
#315=IFCINDEXEDPOLYGONALFACE((164,162,152));
#316=IFCINDEXEDPOLYGONALFACE((165,150,149));
#317=IFCINDEXEDPOLYGONALFACE((165,164,150));
#318=IFCINDEXEDPOLYGONALFACE((166,149,147));
#319=IFCINDEXEDPOLYGONALFACE((166,165,149));
#320=IFCINDEXEDPOLYGONALFACE((167,147,146));
#321=IFCINDEXEDPOLYGONALFACE((167,166,147));
#322=IFCINDEXEDPOLYGONALFACE((168,146,134));
#323=IFCINDEXEDPOLYGONALFACE((168,167,146));
#324=IFCINDEXEDPOLYGONALFACE((132,134,127));
#325=IFCINDEXEDPOLYGONALFACE((132,168,134));
#326=IFCINDEXEDPOLYGONALFACE((59,169,170));
#327=IFCINDEXEDPOLYGONALFACE((59,170,171));
#328=IFCINDEXEDPOLYGONALFACE((59,171,60));
#329=IFCINDEXEDPOLYGONALFACE((172,173,174));
#330=IFCINDEXEDPOLYGONALFACE((172,174,175));
#331=IFCINDEXEDPOLYGONALFACE((172,175,176));
#332=IFCINDEXEDPOLYGONALFACE((172,176,169));
#333=IFCINDEXEDPOLYGONALFACE((172,169,59));
#334=IFCINDEXEDPOLYGONALFACE((69,58,61));
#335=IFCINDEXEDPOLYGONALFACE((63,177,64));
#336=IFCINDEXEDPOLYGONALFACE((178,59,56));
#337=IFCINDEXEDPOLYGONALFACE((178,56,55));
#338=IFCINDEXEDPOLYGONALFACE((179,178,55));
#339=IFCINDEXEDPOLYGONALFACE((179,172,59));
#340=IFCINDEXEDPOLYGONALFACE((179,59,178));
#341=IFCINDEXEDPOLYGONALFACE((179,55,180));
#342=IFCINDEXEDPOLYGONALFACE((181,180,182));
#343=IFCINDEXEDPOLYGONALFACE((181,182,172));
#344=IFCINDEXEDPOLYGONALFACE((181,179,180));
#345=IFCINDEXEDPOLYGONALFACE((181,172,179));
#346=IFCINDEXEDPOLYGONALFACE((183,55,57));
#347=IFCINDEXEDPOLYGONALFACE((183,57,54));
#348=IFCINDEXEDPOLYGONALFACE((184,180,55));
#349=IFCINDEXEDPOLYGONALFACE((184,54,185));
#350=IFCINDEXEDPOLYGONALFACE((184,55,183));
#351=IFCINDEXEDPOLYGONALFACE((184,183,54));
#352=IFCINDEXEDPOLYGONALFACE((186,185,187));
#353=IFCINDEXEDPOLYGONALFACE((186,187,180));
#354=IFCINDEXEDPOLYGONALFACE((186,180,184));
#355=IFCINDEXEDPOLYGONALFACE((186,184,185));
#356=IFCINDEXEDPOLYGONALFACE((188,54,58));
#357=IFCINDEXEDPOLYGONALFACE((188,69,68));
#358=IFCINDEXEDPOLYGONALFACE((188,68,67));
#359=IFCINDEXEDPOLYGONALFACE((188,58,69));
#360=IFCINDEXEDPOLYGONALFACE((189,67,66));
#361=IFCINDEXEDPOLYGONALFACE((189,66,65));
#362=IFCINDEXEDPOLYGONALFACE((189,188,67));
#363=IFCINDEXEDPOLYGONALFACE((189,185,54));
#364=IFCINDEXEDPOLYGONALFACE((189,54,188));
#365=IFCINDEXEDPOLYGONALFACE((190,65,64));
#366=IFCINDEXEDPOLYGONALFACE((190,177,185));
#367=IFCINDEXEDPOLYGONALFACE((190,189,65));
#368=IFCINDEXEDPOLYGONALFACE((190,185,189));
#369=IFCINDEXEDPOLYGONALFACE((190,64,177));
#370=IFCINDEXEDPOLYGONALFACE((63,191,192));
#371=IFCINDEXEDPOLYGONALFACE((177,192,193));
#372=IFCINDEXEDPOLYGONALFACE((177,63,192));
#373=IFCINDEXEDPOLYGONALFACE((185,193,194));
#374=IFCINDEXEDPOLYGONALFACE((185,177,193));
#375=IFCINDEXEDPOLYGONALFACE((187,194,195));
#376=IFCINDEXEDPOLYGONALFACE((187,185,194));
#377=IFCINDEXEDPOLYGONALFACE((180,195,196));
#378=IFCINDEXEDPOLYGONALFACE((180,187,195));
#379=IFCINDEXEDPOLYGONALFACE((182,196,197));
#380=IFCINDEXEDPOLYGONALFACE((182,180,196));
#381=IFCINDEXEDPOLYGONALFACE((172,197,198));
#382=IFCINDEXEDPOLYGONALFACE((172,182,197));
#383=IFCINDEXEDPOLYGONALFACE((173,172,198));
#384=IFCINDEXEDPOLYGONALFACE((173,199,200));
#385=IFCINDEXEDPOLYGONALFACE((174,200,201));
#386=IFCINDEXEDPOLYGONALFACE((174,173,200));
#387=IFCINDEXEDPOLYGONALFACE((175,201,202));
#388=IFCINDEXEDPOLYGONALFACE((175,174,201));
#389=IFCINDEXEDPOLYGONALFACE((176,202,203));
#390=IFCINDEXEDPOLYGONALFACE((176,175,202));
#391=IFCINDEXEDPOLYGONALFACE((169,203,204));
#392=IFCINDEXEDPOLYGONALFACE((169,176,203));
#393=IFCINDEXEDPOLYGONALFACE((170,204,205));
#394=IFCINDEXEDPOLYGONALFACE((170,169,204));
#395=IFCINDEXEDPOLYGONALFACE((171,205,62));
#396=IFCINDEXEDPOLYGONALFACE((171,170,205));
#397=IFCINDEXEDPOLYGONALFACE((60,171,62));
#398=IFCINDEXEDPOLYGONALFACE((200,199,206));
#399=IFCINDEXEDPOLYGONALFACE((200,206,207));
#400=IFCINDEXEDPOLYGONALFACE((200,207,208));
#401=IFCINDEXEDPOLYGONALFACE((201,208,209));
#402=IFCINDEXEDPOLYGONALFACE((201,209,210));
#403=IFCINDEXEDPOLYGONALFACE((201,200,208));
#404=IFCINDEXEDPOLYGONALFACE((202,210,211));
#405=IFCINDEXEDPOLYGONALFACE((202,211,212));
#406=IFCINDEXEDPOLYGONALFACE((202,212,213));
#407=IFCINDEXEDPOLYGONALFACE((202,201,210));
#408=IFCINDEXEDPOLYGONALFACE((203,213,214));
#409=IFCINDEXEDPOLYGONALFACE((203,214,215));
#410=IFCINDEXEDPOLYGONALFACE((203,215,216));
#411=IFCINDEXEDPOLYGONALFACE((203,216,217));
#412=IFCINDEXEDPOLYGONALFACE((203,202,213));
#413=IFCINDEXEDPOLYGONALFACE((204,217,218));
#414=IFCINDEXEDPOLYGONALFACE((204,218,219));
#415=IFCINDEXEDPOLYGONALFACE((204,203,217));
#416=IFCINDEXEDPOLYGONALFACE((205,219,220));
#417=IFCINDEXEDPOLYGONALFACE((205,220,221));
#418=IFCINDEXEDPOLYGONALFACE((205,204,219));
#419=IFCINDEXEDPOLYGONALFACE((62,205,221));
#420=IFCINDEXEDPOLYGONALFACE((80,82,222));
#421=IFCINDEXEDPOLYGONALFACE((80,222,223));
#422=IFCINDEXEDPOLYGONALFACE((98,223,224));
#423=IFCINDEXEDPOLYGONALFACE((98,80,223));
#424=IFCINDEXEDPOLYGONALFACE((99,224,225));
#425=IFCINDEXEDPOLYGONALFACE((99,98,224));
#426=IFCINDEXEDPOLYGONALFACE((101,225,226));
#427=IFCINDEXEDPOLYGONALFACE((101,99,225));
#428=IFCINDEXEDPOLYGONALFACE((102,226,227));
#429=IFCINDEXEDPOLYGONALFACE((102,101,226));
#430=IFCINDEXEDPOLYGONALFACE((104,227,228));
#431=IFCINDEXEDPOLYGONALFACE((104,102,227));
#432=IFCINDEXEDPOLYGONALFACE((105,228,124));
#433=IFCINDEXEDPOLYGONALFACE((105,104,228));
#434=IFCINDEXEDPOLYGONALFACE((222,229,230));
#435=IFCINDEXEDPOLYGONALFACE((223,230,231));
#436=IFCINDEXEDPOLYGONALFACE((223,231,232));
#437=IFCINDEXEDPOLYGONALFACE((223,222,230));
#438=IFCINDEXEDPOLYGONALFACE((224,232,233));
#439=IFCINDEXEDPOLYGONALFACE((224,233,234));
#440=IFCINDEXEDPOLYGONALFACE((224,223,232));
#441=IFCINDEXEDPOLYGONALFACE((225,234,235));
#442=IFCINDEXEDPOLYGONALFACE((225,235,236));
#443=IFCINDEXEDPOLYGONALFACE((225,236,237));
#444=IFCINDEXEDPOLYGONALFACE((225,224,234));
#445=IFCINDEXEDPOLYGONALFACE((226,237,238));
#446=IFCINDEXEDPOLYGONALFACE((226,238,239));
#447=IFCINDEXEDPOLYGONALFACE((226,239,240));
#448=IFCINDEXEDPOLYGONALFACE((226,240,241));
#449=IFCINDEXEDPOLYGONALFACE((226,225,237));
#450=IFCINDEXEDPOLYGONALFACE((227,241,242));
#451=IFCINDEXEDPOLYGONALFACE((227,242,243));
#452=IFCINDEXEDPOLYGONALFACE((227,226,241));
#453=IFCINDEXEDPOLYGONALFACE((228,243,244));
#454=IFCINDEXEDPOLYGONALFACE((228,227,243));
#455=IFCINDEXEDPOLYGONALFACE((124,228,244));
#456=IFCINDEXEDPOLYGONALFACE((52,53,245));
#457=IFCINDEXEDPOLYGONALFACE((52,245,246));
#458=IFCINDEXEDPOLYGONALFACE((51,246,247));
#459=IFCINDEXEDPOLYGONALFACE((51,247,248));
#460=IFCINDEXEDPOLYGONALFACE((51,52,246));
#461=IFCINDEXEDPOLYGONALFACE((50,248,249));
#462=IFCINDEXEDPOLYGONALFACE((50,249,250));
#463=IFCINDEXEDPOLYGONALFACE((50,250,251));
#464=IFCINDEXEDPOLYGONALFACE((50,251,252));
#465=IFCINDEXEDPOLYGONALFACE((50,51,248));
#466=IFCINDEXEDPOLYGONALFACE((49,252,253));
#467=IFCINDEXEDPOLYGONALFACE((49,253,254));
#468=IFCINDEXEDPOLYGONALFACE((49,50,252));
#469=IFCINDEXEDPOLYGONALFACE((48,254,255));
#470=IFCINDEXEDPOLYGONALFACE((48,255,256));
#471=IFCINDEXEDPOLYGONALFACE((48,256,257));
#472=IFCINDEXEDPOLYGONALFACE((48,49,254));
#473=IFCINDEXEDPOLYGONALFACE((47,257,258));
#474=IFCINDEXEDPOLYGONALFACE((47,258,259));
#475=IFCINDEXEDPOLYGONALFACE((47,48,257));
#476=IFCINDEXEDPOLYGONALFACE((46,259,260));
#477=IFCINDEXEDPOLYGONALFACE((46,47,259));
#478=IFCINDEXEDPOLYGONALFACE((261,260,259));
#479=IFCINDEXEDPOLYGONALFACE((261,257,262));
#480=IFCINDEXEDPOLYGONALFACE((261,263,260));
#481=IFCINDEXEDPOLYGONALFACE((261,262,263));
#482=IFCINDEXEDPOLYGONALFACE((264,265,266));
#483=IFCINDEXEDPOLYGONALFACE((260,263,267));
#484=IFCINDEXEDPOLYGONALFACE((268,266,237));
#485=IFCINDEXEDPOLYGONALFACE((268,236,235));
#486=IFCINDEXEDPOLYGONALFACE((268,237,236));
#487=IFCINDEXEDPOLYGONALFACE((268,264,266));
#488=IFCINDEXEDPOLYGONALFACE((269,235,234));
#489=IFCINDEXEDPOLYGONALFACE((269,264,268));
#490=IFCINDEXEDPOLYGONALFACE((269,268,235));
#491=IFCINDEXEDPOLYGONALFACE((270,233,232));
#492=IFCINDEXEDPOLYGONALFACE((270,234,233));
#493=IFCINDEXEDPOLYGONALFACE((270,269,234));
#494=IFCINDEXEDPOLYGONALFACE((270,264,269));
#495=IFCINDEXEDPOLYGONALFACE((271,229,264));
#496=IFCINDEXEDPOLYGONALFACE((271,230,229));
#497=IFCINDEXEDPOLYGONALFACE((271,231,230));
#498=IFCINDEXEDPOLYGONALFACE((271,232,231));
#499=IFCINDEXEDPOLYGONALFACE((271,264,270));
#500=IFCINDEXEDPOLYGONALFACE((271,270,232));
#501=IFCINDEXEDPOLYGONALFACE((272,273,265));
#502=IFCINDEXEDPOLYGONALFACE((272,265,264));
#503=IFCINDEXEDPOLYGONALFACE((274,272,264));
#504=IFCINDEXEDPOLYGONALFACE((274,273,272));
#505=IFCINDEXEDPOLYGONALFACE((275,274,264));
#506=IFCINDEXEDPOLYGONALFACE((275,273,274));
#507=IFCINDEXEDPOLYGONALFACE((276,264,267));
#508=IFCINDEXEDPOLYGONALFACE((276,273,275));
#509=IFCINDEXEDPOLYGONALFACE((276,267,273));
#510=IFCINDEXEDPOLYGONALFACE((276,275,264));
#511=IFCINDEXEDPOLYGONALFACE((277,263,273));
#512=IFCINDEXEDPOLYGONALFACE((278,263,277));
#513=IFCINDEXEDPOLYGONALFACE((278,277,273));
#514=IFCINDEXEDPOLYGONALFACE((279,263,278));
#515=IFCINDEXEDPOLYGONALFACE((279,273,267));
#516=IFCINDEXEDPOLYGONALFACE((279,267,263));
#517=IFCINDEXEDPOLYGONALFACE((279,278,273));
#518=IFCINDEXEDPOLYGONALFACE((280,253,252));
#519=IFCINDEXEDPOLYGONALFACE((280,254,253));
#520=IFCINDEXEDPOLYGONALFACE((280,252,263));
#521=IFCINDEXEDPOLYGONALFACE((281,255,254));
#522=IFCINDEXEDPOLYGONALFACE((281,254,280));
#523=IFCINDEXEDPOLYGONALFACE((281,280,263));
#524=IFCINDEXEDPOLYGONALFACE((262,256,255));
#525=IFCINDEXEDPOLYGONALFACE((262,257,256));
#526=IFCINDEXEDPOLYGONALFACE((262,255,281));
#527=IFCINDEXEDPOLYGONALFACE((262,281,263));
#528=IFCINDEXEDPOLYGONALFACE((261,258,257));
#529=IFCINDEXEDPOLYGONALFACE((261,259,258));
#530=IFCINDEXEDPOLYGONALFACE((282,283,284));
#531=IFCINDEXEDPOLYGONALFACE((282,285,283));
#532=IFCINDEXEDPOLYGONALFACE((282,286,285));
#533=IFCINDEXEDPOLYGONALFACE((282,284,287));
#534=IFCINDEXEDPOLYGONALFACE((282,288,286));
#535=IFCINDEXEDPOLYGONALFACE((282,287,288));
#536=IFCINDEXEDPOLYGONALFACE((289,290,291));
#537=IFCINDEXEDPOLYGONALFACE((286,288,292));
#538=IFCINDEXEDPOLYGONALFACE((293,291,214));
#539=IFCINDEXEDPOLYGONALFACE((293,213,212));
#540=IFCINDEXEDPOLYGONALFACE((293,214,213));
#541=IFCINDEXEDPOLYGONALFACE((293,289,291));
#542=IFCINDEXEDPOLYGONALFACE((294,212,211));
#543=IFCINDEXEDPOLYGONALFACE((294,289,293));
#544=IFCINDEXEDPOLYGONALFACE((294,293,212));
#545=IFCINDEXEDPOLYGONALFACE((295,210,209));
#546=IFCINDEXEDPOLYGONALFACE((295,211,210));
#547=IFCINDEXEDPOLYGONALFACE((295,294,211));
#548=IFCINDEXEDPOLYGONALFACE((295,289,294));
#549=IFCINDEXEDPOLYGONALFACE((296,207,206));
#550=IFCINDEXEDPOLYGONALFACE((296,208,207));
#551=IFCINDEXEDPOLYGONALFACE((296,209,208));
#552=IFCINDEXEDPOLYGONALFACE((296,206,289));
#553=IFCINDEXEDPOLYGONALFACE((296,295,209));
#554=IFCINDEXEDPOLYGONALFACE((296,289,295));
#555=IFCINDEXEDPOLYGONALFACE((297,298,290));
#556=IFCINDEXEDPOLYGONALFACE((297,290,289));
#557=IFCINDEXEDPOLYGONALFACE((299,298,297));
#558=IFCINDEXEDPOLYGONALFACE((299,297,289));
#559=IFCINDEXEDPOLYGONALFACE((300,298,299));
#560=IFCINDEXEDPOLYGONALFACE((300,299,289));
#561=IFCINDEXEDPOLYGONALFACE((301,289,292));
#562=IFCINDEXEDPOLYGONALFACE((301,300,289));
#563=IFCINDEXEDPOLYGONALFACE((301,292,298));
#564=IFCINDEXEDPOLYGONALFACE((301,298,300));
#565=IFCINDEXEDPOLYGONALFACE((302,288,298));
#566=IFCINDEXEDPOLYGONALFACE((303,302,298));
#567=IFCINDEXEDPOLYGONALFACE((303,288,302));
#568=IFCINDEXEDPOLYGONALFACE((304,303,298));
#569=IFCINDEXEDPOLYGONALFACE((304,298,292));
#570=IFCINDEXEDPOLYGONALFACE((304,288,303));
#571=IFCINDEXEDPOLYGONALFACE((304,292,288));
#572=IFCINDEXEDPOLYGONALFACE((305,306,307));
#573=IFCINDEXEDPOLYGONALFACE((305,308,306));
#574=IFCINDEXEDPOLYGONALFACE((305,307,288));
#575=IFCINDEXEDPOLYGONALFACE((309,310,308));
#576=IFCINDEXEDPOLYGONALFACE((309,308,305));
#577=IFCINDEXEDPOLYGONALFACE((309,305,288));
#578=IFCINDEXEDPOLYGONALFACE((287,311,310));
#579=IFCINDEXEDPOLYGONALFACE((287,284,311));
#580=IFCINDEXEDPOLYGONALFACE((287,310,309));
#581=IFCINDEXEDPOLYGONALFACE((287,309,288));
#582=IFCINDEXEDPOLYGONALFACE((285,286,163));
#583=IFCINDEXEDPOLYGONALFACE((285,163,162));
#584=IFCINDEXEDPOLYGONALFACE((283,162,164));
#585=IFCINDEXEDPOLYGONALFACE((283,285,162));
#586=IFCINDEXEDPOLYGONALFACE((284,283,164));
#587=IFCINDEXEDPOLYGONALFACE((311,284,164));
#588=IFCINDEXEDPOLYGONALFACE((310,164,165));
#589=IFCINDEXEDPOLYGONALFACE((310,311,164));
#590=IFCINDEXEDPOLYGONALFACE((308,310,165));
#591=IFCINDEXEDPOLYGONALFACE((306,308,165));
#592=IFCINDEXEDPOLYGONALFACE((307,165,166));
#593=IFCINDEXEDPOLYGONALFACE((307,306,165));
#594=IFCINDEXEDPOLYGONALFACE((312,307,166));
#595=IFCINDEXEDPOLYGONALFACE((313,312,166));
#596=IFCINDEXEDPOLYGONALFACE((314,313,166));
#597=IFCINDEXEDPOLYGONALFACE((315,166,167));
#598=IFCINDEXEDPOLYGONALFACE((315,314,166));
#599=IFCINDEXEDPOLYGONALFACE((316,167,168));
#600=IFCINDEXEDPOLYGONALFACE((316,315,167));
#601=IFCINDEXEDPOLYGONALFACE((317,316,168));
#602=IFCINDEXEDPOLYGONALFACE((318,168,132));
#603=IFCINDEXEDPOLYGONALFACE((318,317,168));
#604=IFCINDEXEDPOLYGONALFACE((319,124,320));
#605=IFCINDEXEDPOLYGONALFACE((321,320,124));
#606=IFCINDEXEDPOLYGONALFACE((322,124,319));
#607=IFCINDEXEDPOLYGONALFACE((244,321,124));
#608=IFCINDEXEDPOLYGONALFACE((323,132,124));
#609=IFCINDEXEDPOLYGONALFACE((323,124,322));
#610=IFCINDEXEDPOLYGONALFACE((324,132,323));
#611=IFCINDEXEDPOLYGONALFACE((325,132,324));
#612=IFCINDEXEDPOLYGONALFACE((326,132,325));
#613=IFCINDEXEDPOLYGONALFACE((318,132,326));
#614=IFCINDEXEDPOLYGONALFACE((199,173,198));
#615=IFCINDEXEDPOLYGONALFACE((206,199,198));
#616=IFCINDEXEDPOLYGONALFACE((286,289,206));
#617=IFCINDEXEDPOLYGONALFACE((286,292,289));
#618=IFCINDEXEDPOLYGONALFACE((155,163,286));
#619=IFCINDEXEDPOLYGONALFACE((155,206,198));
#620=IFCINDEXEDPOLYGONALFACE((155,286,206));
#621=IFCINDEXEDPOLYGONALFACE((153,163,155));
#622=IFCINDEXEDPOLYGONALFACE((63,8,45));
#623=IFCINDEXEDPOLYGONALFACE((63,45,191));
#624=IFCINDEXEDPOLYGONALFACE((327,328,329));
#625=IFCINDEXEDPOLYGONALFACE((330,328,327));
#626=IFCINDEXEDPOLYGONALFACE((331,330,327));
#627=IFCINDEXEDPOLYGONALFACE((332,330,331));
#628=IFCINDEXEDPOLYGONALFACE((333,334,335));
#629=IFCINDEXEDPOLYGONALFACE((333,335,336));
#630=IFCINDEXEDPOLYGONALFACE((337,332,331));
#631=IFCINDEXEDPOLYGONALFACE((338,332,337));
#632=IFCINDEXEDPOLYGONALFACE((339,336,340));
#633=IFCINDEXEDPOLYGONALFACE((339,333,336));
#634=IFCINDEXEDPOLYGONALFACE((335,338,337));
#635=IFCINDEXEDPOLYGONALFACE((334,338,335));
#636=IFCINDEXEDPOLYGONALFACE((341,339,340));
#637=IFCINDEXEDPOLYGONALFACE((342,339,341));
#638=IFCINDEXEDPOLYGONALFACE((343,342,341));
#639=IFCINDEXEDPOLYGONALFACE((344,342,343));
#640=IFCINDEXEDPOLYGONALFACE((345,344,343));
#641=IFCINDEXEDPOLYGONALFACE((346,344,345));
#642=IFCINDEXEDPOLYGONALFACE((347,346,345));
#643=IFCINDEXEDPOLYGONALFACE((348,346,347));
#644=IFCINDEXEDPOLYGONALFACE((349,348,347));
#645=IFCINDEXEDPOLYGONALFACE((350,348,349));
#646=IFCINDEXEDPOLYGONALFACE((351,350,349));
#647=IFCINDEXEDPOLYGONALFACE((352,350,351));
#648=IFCINDEXEDPOLYGONALFACE((353,352,351));
#649=IFCINDEXEDPOLYGONALFACE((354,352,353));
#650=IFCINDEXEDPOLYGONALFACE((355,354,353));
#651=IFCINDEXEDPOLYGONALFACE((356,354,355));
#652=IFCINDEXEDPOLYGONALFACE((357,356,355));
#653=IFCINDEXEDPOLYGONALFACE((358,356,357));
#654=IFCINDEXEDPOLYGONALFACE((359,358,357));
#655=IFCINDEXEDPOLYGONALFACE((360,358,359));
#656=IFCINDEXEDPOLYGONALFACE((361,360,359));
#657=IFCINDEXEDPOLYGONALFACE((362,360,361));
#658=IFCINDEXEDPOLYGONALFACE((363,362,361));
#659=IFCINDEXEDPOLYGONALFACE((364,362,363));
#660=IFCINDEXEDPOLYGONALFACE((365,364,363));
#661=IFCINDEXEDPOLYGONALFACE((366,364,365));
#662=IFCINDEXEDPOLYGONALFACE((367,366,365));
#663=IFCINDEXEDPOLYGONALFACE((368,366,367));
#664=IFCINDEXEDPOLYGONALFACE((369,368,367));
#665=IFCINDEXEDPOLYGONALFACE((370,368,369));
#666=IFCINDEXEDPOLYGONALFACE((371,370,369));
#667=IFCINDEXEDPOLYGONALFACE((372,370,371));
#668=IFCINDEXEDPOLYGONALFACE((373,372,371));
#669=IFCINDEXEDPOLYGONALFACE((374,372,373));
#670=IFCINDEXEDPOLYGONALFACE((375,374,373));
#671=IFCINDEXEDPOLYGONALFACE((376,374,375));
#672=IFCINDEXEDPOLYGONALFACE((377,376,375));
#673=IFCINDEXEDPOLYGONALFACE((378,376,377));
#674=IFCINDEXEDPOLYGONALFACE((329,378,377));
#675=IFCINDEXEDPOLYGONALFACE((328,378,329));
#676=IFCINDEXEDPOLYGONALFACE((379,380,346));
#677=IFCINDEXEDPOLYGONALFACE((379,346,348));
#678=IFCINDEXEDPOLYGONALFACE((381,379,348));
#679=IFCINDEXEDPOLYGONALFACE((381,348,350));
#680=IFCINDEXEDPOLYGONALFACE((382,362,364));
#681=IFCINDEXEDPOLYGONALFACE((383,381,350));
#682=IFCINDEXEDPOLYGONALFACE((383,350,352));
#683=IFCINDEXEDPOLYGONALFACE((384,364,366));
#684=IFCINDEXEDPOLYGONALFACE((384,382,364));
#685=IFCINDEXEDPOLYGONALFACE((385,352,354));
#686=IFCINDEXEDPOLYGONALFACE((386,366,368));
#687=IFCINDEXEDPOLYGONALFACE((385,383,352));
#688=IFCINDEXEDPOLYGONALFACE((386,384,366));
#689=IFCINDEXEDPOLYGONALFACE((387,385,354));
#690=IFCINDEXEDPOLYGONALFACE((388,368,370));
#691=IFCINDEXEDPOLYGONALFACE((387,354,356));
#692=IFCINDEXEDPOLYGONALFACE((388,386,368));
#693=IFCINDEXEDPOLYGONALFACE((389,370,372));
#694=IFCINDEXEDPOLYGONALFACE((390,356,358));
#695=IFCINDEXEDPOLYGONALFACE((389,388,370));
#696=IFCINDEXEDPOLYGONALFACE((390,387,356));
#697=IFCINDEXEDPOLYGONALFACE((391,358,360));
#698=IFCINDEXEDPOLYGONALFACE((391,390,358));
#699=IFCINDEXEDPOLYGONALFACE((392,372,374));
#700=IFCINDEXEDPOLYGONALFACE((392,389,372));
#701=IFCINDEXEDPOLYGONALFACE((382,360,362));
#702=IFCINDEXEDPOLYGONALFACE((382,391,360));
#703=IFCINDEXEDPOLYGONALFACE((393,374,376));
#704=IFCINDEXEDPOLYGONALFACE((393,392,374));
#705=IFCINDEXEDPOLYGONALFACE((394,376,378));
#706=IFCINDEXEDPOLYGONALFACE((394,393,376));
#707=IFCINDEXEDPOLYGONALFACE((395,378,328));
#708=IFCINDEXEDPOLYGONALFACE((395,394,378));
#709=IFCINDEXEDPOLYGONALFACE((396,328,330));
#710=IFCINDEXEDPOLYGONALFACE((396,395,328));
#711=IFCINDEXEDPOLYGONALFACE((397,330,332));
#712=IFCINDEXEDPOLYGONALFACE((397,396,330));
#713=IFCINDEXEDPOLYGONALFACE((398,332,338));
#714=IFCINDEXEDPOLYGONALFACE((398,397,332));
#715=IFCINDEXEDPOLYGONALFACE((399,398,338));
#716=IFCINDEXEDPOLYGONALFACE((399,338,334));
#717=IFCINDEXEDPOLYGONALFACE((400,399,334));
#718=IFCINDEXEDPOLYGONALFACE((400,334,333));
#719=IFCINDEXEDPOLYGONALFACE((401,400,333));
#720=IFCINDEXEDPOLYGONALFACE((401,333,339));
#721=IFCINDEXEDPOLYGONALFACE((402,401,339));
#722=IFCINDEXEDPOLYGONALFACE((403,402,339));
#723=IFCINDEXEDPOLYGONALFACE((403,339,342));
#724=IFCINDEXEDPOLYGONALFACE((404,403,342));
#725=IFCINDEXEDPOLYGONALFACE((404,342,344));
#726=IFCINDEXEDPOLYGONALFACE((380,404,344));
#727=IFCINDEXEDPOLYGONALFACE((380,344,346));
#728=IFCINDEXEDPOLYGONALFACE((373,371,405));
#729=IFCINDEXEDPOLYGONALFACE((373,405,406));
#730=IFCINDEXEDPOLYGONALFACE((407,357,355));
#731=IFCINDEXEDPOLYGONALFACE((408,409,336));
#732=IFCINDEXEDPOLYGONALFACE((410,355,353));
#733=IFCINDEXEDPOLYGONALFACE((410,407,355));
#734=IFCINDEXEDPOLYGONALFACE((335,408,336));
#735=IFCINDEXEDPOLYGONALFACE((351,410,353));
#736=IFCINDEXEDPOLYGONALFACE((411,357,407));
#737=IFCINDEXEDPOLYGONALFACE((359,357,411));
#738=IFCINDEXEDPOLYGONALFACE((375,373,406));
#739=IFCINDEXEDPOLYGONALFACE((375,406,412));
#740=IFCINDEXEDPOLYGONALFACE((413,410,351));
#741=IFCINDEXEDPOLYGONALFACE((414,359,411));
#742=IFCINDEXEDPOLYGONALFACE((415,351,349));
#743=IFCINDEXEDPOLYGONALFACE((337,408,335));
#744=IFCINDEXEDPOLYGONALFACE((415,413,351));
#745=IFCINDEXEDPOLYGONALFACE((337,416,408));
#746=IFCINDEXEDPOLYGONALFACE((361,359,414));
#747=IFCINDEXEDPOLYGONALFACE((417,361,414));
#748=IFCINDEXEDPOLYGONALFACE((347,415,349));
#749=IFCINDEXEDPOLYGONALFACE((377,375,412));
#750=IFCINDEXEDPOLYGONALFACE((377,412,418));
#751=IFCINDEXEDPOLYGONALFACE((419,415,347));
#752=IFCINDEXEDPOLYGONALFACE((420,363,361));
#753=IFCINDEXEDPOLYGONALFACE((420,361,417));
#754=IFCINDEXEDPOLYGONALFACE((331,416,337));
#755=IFCINDEXEDPOLYGONALFACE((331,421,416));
#756=IFCINDEXEDPOLYGONALFACE((422,347,345));
#757=IFCINDEXEDPOLYGONALFACE((329,418,423));
#758=IFCINDEXEDPOLYGONALFACE((329,377,418));
#759=IFCINDEXEDPOLYGONALFACE((327,423,424));
#760=IFCINDEXEDPOLYGONALFACE((327,424,421));
#761=IFCINDEXEDPOLYGONALFACE((327,421,331));
#762=IFCINDEXEDPOLYGONALFACE((422,419,347));
#763=IFCINDEXEDPOLYGONALFACE((327,329,423));
#764=IFCINDEXEDPOLYGONALFACE((365,363,420));
#765=IFCINDEXEDPOLYGONALFACE((425,365,420));
#766=IFCINDEXEDPOLYGONALFACE((426,345,343));
#767=IFCINDEXEDPOLYGONALFACE((426,422,345));
#768=IFCINDEXEDPOLYGONALFACE((367,365,425));
#769=IFCINDEXEDPOLYGONALFACE((427,367,425));
#770=IFCINDEXEDPOLYGONALFACE((341,426,343));
#771=IFCINDEXEDPOLYGONALFACE((341,428,426));
#772=IFCINDEXEDPOLYGONALFACE((369,367,427));
#773=IFCINDEXEDPOLYGONALFACE((369,427,429));
#774=IFCINDEXEDPOLYGONALFACE((340,428,341));
#775=IFCINDEXEDPOLYGONALFACE((340,430,428));
#776=IFCINDEXEDPOLYGONALFACE((371,369,429));
#777=IFCINDEXEDPOLYGONALFACE((371,429,405));
#778=IFCINDEXEDPOLYGONALFACE((409,430,340));
#779=IFCINDEXEDPOLYGONALFACE((336,409,340));
#780=IFCINDEXEDPOLYGONALFACE((288,315,316));
#781=IFCINDEXEDPOLYGONALFACE((288,314,315));
#782=IFCINDEXEDPOLYGONALFACE((288,313,314));
#783=IFCINDEXEDPOLYGONALFACE((288,312,313));
#784=IFCINDEXEDPOLYGONALFACE((288,307,312));
#785=IFCINDEXEDPOLYGONALFACE((288,316,431));
#786=IFCINDEXEDPOLYGONALFACE((298,288,431));
#787=IFCINDEXEDPOLYGONALFACE((240,239,266));
#788=IFCINDEXEDPOLYGONALFACE((432,298,431));
#789=IFCINDEXEDPOLYGONALFACE((433,245,434));
#790=IFCINDEXEDPOLYGONALFACE((433,246,245));
#791=IFCINDEXEDPOLYGONALFACE((238,266,239));
#792=IFCINDEXEDPOLYGONALFACE((290,298,432));
#793=IFCINDEXEDPOLYGONALFACE((237,266,238));
#794=IFCINDEXEDPOLYGONALFACE((435,290,432));
#795=IFCINDEXEDPOLYGONALFACE((241,266,436));
#796=IFCINDEXEDPOLYGONALFACE((263,246,433));
#797=IFCINDEXEDPOLYGONALFACE((263,247,246));
#798=IFCINDEXEDPOLYGONALFACE((241,240,266));
#799=IFCINDEXEDPOLYGONALFACE((263,248,247));
#800=IFCINDEXEDPOLYGONALFACE((263,249,248));
#801=IFCINDEXEDPOLYGONALFACE((263,250,249));
#802=IFCINDEXEDPOLYGONALFACE((263,251,250));
#803=IFCINDEXEDPOLYGONALFACE((291,290,435));
#804=IFCINDEXEDPOLYGONALFACE((242,241,436));
#805=IFCINDEXEDPOLYGONALFACE((263,252,251));
#806=IFCINDEXEDPOLYGONALFACE((243,242,436));
#807=IFCINDEXEDPOLYGONALFACE((273,263,433));
#808=IFCINDEXEDPOLYGONALFACE((244,243,436));
#809=IFCINDEXEDPOLYGONALFACE((437,273,433));
#810=IFCINDEXEDPOLYGONALFACE((217,216,291));
#811=IFCINDEXEDPOLYGONALFACE((438,244,436));
#812=IFCINDEXEDPOLYGONALFACE((215,291,216));
#813=IFCINDEXEDPOLYGONALFACE((265,273,437));
#814=IFCINDEXEDPOLYGONALFACE((321,244,438));
#815=IFCINDEXEDPOLYGONALFACE((436,265,437));
#816=IFCINDEXEDPOLYGONALFACE((214,291,215));
#817=IFCINDEXEDPOLYGONALFACE((439,321,438));
#818=IFCINDEXEDPOLYGONALFACE((266,265,436));
#819=IFCINDEXEDPOLYGONALFACE((218,217,291));
#820=IFCINDEXEDPOLYGONALFACE((320,321,439));
#821=IFCINDEXEDPOLYGONALFACE((219,291,435));
#822=IFCINDEXEDPOLYGONALFACE((219,218,291));
#823=IFCINDEXEDPOLYGONALFACE((440,320,439));
#824=IFCINDEXEDPOLYGONALFACE((319,320,440));
#825=IFCINDEXEDPOLYGONALFACE((220,219,435));
#826=IFCINDEXEDPOLYGONALFACE((441,319,440));
#827=IFCINDEXEDPOLYGONALFACE((221,220,435));
#828=IFCINDEXEDPOLYGONALFACE((322,319,441));
#829=IFCINDEXEDPOLYGONALFACE((442,221,435));
#830=IFCINDEXEDPOLYGONALFACE((443,322,441));
#831=IFCINDEXEDPOLYGONALFACE((444,221,442));
#832=IFCINDEXEDPOLYGONALFACE((445,444,442));
#833=IFCINDEXEDPOLYGONALFACE((446,322,443));
#834=IFCINDEXEDPOLYGONALFACE((447,444,445));
#835=IFCINDEXEDPOLYGONALFACE((448,447,445));
#836=IFCINDEXEDPOLYGONALFACE((449,446,443));
#837=IFCINDEXEDPOLYGONALFACE((449,443,450));
#838=IFCINDEXEDPOLYGONALFACE((451,447,448));
#839=IFCINDEXEDPOLYGONALFACE((452,451,448));
#840=IFCINDEXEDPOLYGONALFACE((323,449,450));
#841=IFCINDEXEDPOLYGONALFACE((323,450,453));
#842=IFCINDEXEDPOLYGONALFACE((454,451,452));
#843=IFCINDEXEDPOLYGONALFACE((455,454,452));
#844=IFCINDEXEDPOLYGONALFACE((324,323,453));
#845=IFCINDEXEDPOLYGONALFACE((324,453,456));
#846=IFCINDEXEDPOLYGONALFACE((457,454,455));
#847=IFCINDEXEDPOLYGONALFACE((325,324,456));
#848=IFCINDEXEDPOLYGONALFACE((458,457,455));
#849=IFCINDEXEDPOLYGONALFACE((459,325,456));
#850=IFCINDEXEDPOLYGONALFACE((458,455,460));
#851=IFCINDEXEDPOLYGONALFACE((326,325,459));
#852=IFCINDEXEDPOLYGONALFACE((461,458,460));
#853=IFCINDEXEDPOLYGONALFACE((462,326,459));
#854=IFCINDEXEDPOLYGONALFACE((461,460,463));
#855=IFCINDEXEDPOLYGONALFACE((318,326,462));
#856=IFCINDEXEDPOLYGONALFACE((464,461,463));
#857=IFCINDEXEDPOLYGONALFACE((465,464,463));
#858=IFCINDEXEDPOLYGONALFACE((466,464,465));
#859=IFCINDEXEDPOLYGONALFACE((467,466,465));
#860=IFCINDEXEDPOLYGONALFACE((431,317,318));
#861=IFCINDEXEDPOLYGONALFACE((431,316,317));
#862=IFCINDEXEDPOLYGONALFACE((468,466,467));
#863=IFCINDEXEDPOLYGONALFACE((431,318,462));
#864=IFCINDEXEDPOLYGONALFACE((434,468,467));
#865=IFCINDEXEDPOLYGONALFACE((245,468,434));
#866=IFCINDEXEDPOLYGONALFACE((222,82,114));
#867=IFCINDEXEDPOLYGONALFACE((229,222,114));
#868=IFCINDEXEDPOLYGONALFACE((260,264,229));
#869=IFCINDEXEDPOLYGONALFACE((260,267,264));
#870=IFCINDEXEDPOLYGONALFACE((38,46,260));
#871=IFCINDEXEDPOLYGONALFACE((38,229,114));
#872=IFCINDEXEDPOLYGONALFACE((38,260,229));
#873=IFCINDEXEDPOLYGONALFACE((36,46,38));
#874=IFCINDEXEDPOLYGONALFACE((393,452,392));
#875=IFCINDEXEDPOLYGONALFACE((436,402,438));
#876=IFCINDEXEDPOLYGONALFACE((436,401,402));
#877=IFCINDEXEDPOLYGONALFACE((387,459,456));
#878=IFCINDEXEDPOLYGONALFACE((455,452,393));
#879=IFCINDEXEDPOLYGONALFACE((455,393,394));
#880=IFCINDEXEDPOLYGONALFACE((385,456,453));
#881=IFCINDEXEDPOLYGONALFACE((385,387,456));
#882=IFCINDEXEDPOLYGONALFACE((390,462,459));
#883=IFCINDEXEDPOLYGONALFACE((437,401,436));
#884=IFCINDEXEDPOLYGONALFACE((390,459,387));
#885=IFCINDEXEDPOLYGONALFACE((437,400,401));
#886=IFCINDEXEDPOLYGONALFACE((383,453,450));
#887=IFCINDEXEDPOLYGONALFACE((383,385,453));
#888=IFCINDEXEDPOLYGONALFACE((391,431,462));
#889=IFCINDEXEDPOLYGONALFACE((460,455,394));
#890=IFCINDEXEDPOLYGONALFACE((391,462,390));
#891=IFCINDEXEDPOLYGONALFACE((381,450,443));
#892=IFCINDEXEDPOLYGONALFACE((460,394,395));
#893=IFCINDEXEDPOLYGONALFACE((433,400,437));
#894=IFCINDEXEDPOLYGONALFACE((381,383,450));
#895=IFCINDEXEDPOLYGONALFACE((433,399,400));
#896=IFCINDEXEDPOLYGONALFACE((382,432,431));
#897=IFCINDEXEDPOLYGONALFACE((463,395,396));
#898=IFCINDEXEDPOLYGONALFACE((463,460,395));
#899=IFCINDEXEDPOLYGONALFACE((382,431,391));
#900=IFCINDEXEDPOLYGONALFACE((434,399,433));
#901=IFCINDEXEDPOLYGONALFACE((434,398,399));
#902=IFCINDEXEDPOLYGONALFACE((465,463,396));
#903=IFCINDEXEDPOLYGONALFACE((379,381,443));
#904=IFCINDEXEDPOLYGONALFACE((465,396,397));
#905=IFCINDEXEDPOLYGONALFACE((467,397,398));
#906=IFCINDEXEDPOLYGONALFACE((441,379,443));
#907=IFCINDEXEDPOLYGONALFACE((467,398,434));
#908=IFCINDEXEDPOLYGONALFACE((384,435,432));
#909=IFCINDEXEDPOLYGONALFACE((467,465,397));
#910=IFCINDEXEDPOLYGONALFACE((384,432,382));
#911=IFCINDEXEDPOLYGONALFACE((380,379,441));
#912=IFCINDEXEDPOLYGONALFACE((386,442,435));
#913=IFCINDEXEDPOLYGONALFACE((386,435,384));
#914=IFCINDEXEDPOLYGONALFACE((440,380,441));
#915=IFCINDEXEDPOLYGONALFACE((404,380,440));
#916=IFCINDEXEDPOLYGONALFACE((388,445,442));
#917=IFCINDEXEDPOLYGONALFACE((388,442,386));
#918=IFCINDEXEDPOLYGONALFACE((439,404,440));
#919=IFCINDEXEDPOLYGONALFACE((403,404,439));
#920=IFCINDEXEDPOLYGONALFACE((389,445,388));
#921=IFCINDEXEDPOLYGONALFACE((448,445,389));
#922=IFCINDEXEDPOLYGONALFACE((438,403,439));
#923=IFCINDEXEDPOLYGONALFACE((438,402,403));
#924=IFCINDEXEDPOLYGONALFACE((392,448,389));
#925=IFCINDEXEDPOLYGONALFACE((452,448,392));
#926=IFCINDEXEDPOLYGONALFACE((446,449,323));
#927=IFCINDEXEDPOLYGONALFACE((322,446,323));
#928=IFCINDEXEDPOLYGONALFACE((461,454,457));
#929=IFCINDEXEDPOLYGONALFACE((461,457,458));
#930=IFCINDEXEDPOLYGONALFACE((469,470,471));
#931=IFCINDEXEDPOLYGONALFACE((472,469,471));
#932=IFCINDEXEDPOLYGONALFACE((473,469,472));
#933=IFCINDEXEDPOLYGONALFACE((474,473,472));
#934=IFCINDEXEDPOLYGONALFACE((475,473,474));
#935=IFCINDEXEDPOLYGONALFACE((476,475,474));
#936=IFCINDEXEDPOLYGONALFACE((477,475,476));
#937=IFCINDEXEDPOLYGONALFACE((478,477,476));
#938=IFCINDEXEDPOLYGONALFACE((479,477,478));
#939=IFCINDEXEDPOLYGONALFACE((480,479,478));
#940=IFCINDEXEDPOLYGONALFACE((481,479,480));
#941=IFCINDEXEDPOLYGONALFACE((482,481,480));
#942=IFCINDEXEDPOLYGONALFACE((483,481,482));
#943=IFCINDEXEDPOLYGONALFACE((484,483,482));
#944=IFCINDEXEDPOLYGONALFACE((485,483,484));
#945=IFCINDEXEDPOLYGONALFACE((486,485,484));
#946=IFCINDEXEDPOLYGONALFACE((487,485,486));
#947=IFCINDEXEDPOLYGONALFACE((488,487,486));
#948=IFCINDEXEDPOLYGONALFACE((489,487,488));
#949=IFCINDEXEDPOLYGONALFACE((490,489,488));
#950=IFCINDEXEDPOLYGONALFACE((491,489,490));
#951=IFCINDEXEDPOLYGONALFACE((492,491,490));
#952=IFCINDEXEDPOLYGONALFACE((493,491,492));
#953=IFCINDEXEDPOLYGONALFACE((494,493,492));
#954=IFCINDEXEDPOLYGONALFACE((495,493,494));
#955=IFCINDEXEDPOLYGONALFACE((496,495,497));
#956=IFCINDEXEDPOLYGONALFACE((498,496,497));
#957=IFCINDEXEDPOLYGONALFACE((499,496,498));
#958=IFCINDEXEDPOLYGONALFACE((500,499,498));
#959=IFCINDEXEDPOLYGONALFACE((501,499,500));
#960=IFCINDEXEDPOLYGONALFACE((502,501,500));
#961=IFCINDEXEDPOLYGONALFACE((503,501,502));
#962=IFCINDEXEDPOLYGONALFACE((504,503,502));
#963=IFCINDEXEDPOLYGONALFACE((505,503,504));
#964=IFCINDEXEDPOLYGONALFACE((506,505,504));
#965=IFCINDEXEDPOLYGONALFACE((507,505,506));
#966=IFCINDEXEDPOLYGONALFACE((508,507,506));
#967=IFCINDEXEDPOLYGONALFACE((509,507,508));
#968=IFCINDEXEDPOLYGONALFACE((510,509,508));
#969=IFCINDEXEDPOLYGONALFACE((511,509,510));
#970=IFCINDEXEDPOLYGONALFACE((512,511,510));
#971=IFCINDEXEDPOLYGONALFACE((513,511,512));
#972=IFCINDEXEDPOLYGONALFACE((514,513,512));
#973=IFCINDEXEDPOLYGONALFACE((515,513,514));
#974=IFCINDEXEDPOLYGONALFACE((516,515,514));
#975=IFCINDEXEDPOLYGONALFACE((517,515,516));
#976=IFCINDEXEDPOLYGONALFACE((518,517,516));
#977=IFCINDEXEDPOLYGONALFACE((519,517,518));
#978=IFCINDEXEDPOLYGONALFACE((520,519,518));
#979=IFCINDEXEDPOLYGONALFACE((470,519,520));
#980=IFCINDEXEDPOLYGONALFACE((451,62,447));
#981=IFCINDEXEDPOLYGONALFACE((444,447,62));
#982=IFCINDEXEDPOLYGONALFACE((454,62,451));
#983=IFCINDEXEDPOLYGONALFACE((221,444,62));
#984=IFCINDEXEDPOLYGONALFACE((461,53,62));
#985=IFCINDEXEDPOLYGONALFACE((461,62,454));
#986=IFCINDEXEDPOLYGONALFACE((464,53,461));
#987=IFCINDEXEDPOLYGONALFACE((466,53,464));
#988=IFCINDEXEDPOLYGONALFACE((468,53,466));
#989=IFCINDEXEDPOLYGONALFACE((245,53,468));
#990=IFCINDEXEDPOLYGONALFACE((521,476,474));
#991=IFCINDEXEDPOLYGONALFACE((522,478,476));
#992=IFCINDEXEDPOLYGONALFACE((522,476,521));
#993=IFCINDEXEDPOLYGONALFACE((523,474,472));
#994=IFCINDEXEDPOLYGONALFACE((523,521,474));
#995=IFCINDEXEDPOLYGONALFACE((524,480,478));
#996=IFCINDEXEDPOLYGONALFACE((524,478,522));
#997=IFCINDEXEDPOLYGONALFACE((525,472,471));
#998=IFCINDEXEDPOLYGONALFACE((525,523,472));
#999=IFCINDEXEDPOLYGONALFACE((526,482,480));
#1000=IFCINDEXEDPOLYGONALFACE((526,480,524));
#1001=IFCINDEXEDPOLYGONALFACE((527,471,470));
#1002=IFCINDEXEDPOLYGONALFACE((527,525,471));
#1003=IFCINDEXEDPOLYGONALFACE((528,484,482));
#1004=IFCINDEXEDPOLYGONALFACE((528,482,526));
#1005=IFCINDEXEDPOLYGONALFACE((529,484,528));
#1006=IFCINDEXEDPOLYGONALFACE((486,484,529));
#1007=IFCINDEXEDPOLYGONALFACE((530,486,529));
#1008=IFCINDEXEDPOLYGONALFACE((488,486,530));
#1009=IFCINDEXEDPOLYGONALFACE((531,488,530));
#1010=IFCINDEXEDPOLYGONALFACE((490,488,531));
#1011=IFCINDEXEDPOLYGONALFACE((532,490,531));
#1012=IFCINDEXEDPOLYGONALFACE((492,490,532));
#1013=IFCINDEXEDPOLYGONALFACE((533,492,532));
#1014=IFCINDEXEDPOLYGONALFACE((494,492,533));
#1015=IFCINDEXEDPOLYGONALFACE((534,494,533));
#1016=IFCINDEXEDPOLYGONALFACE((495,494,534));
#1017=IFCINDEXEDPOLYGONALFACE((535,502,500));
#1018=IFCINDEXEDPOLYGONALFACE((536,504,502));
#1019=IFCINDEXEDPOLYGONALFACE((536,502,535));
#1020=IFCINDEXEDPOLYGONALFACE((537,500,498));
#1021=IFCINDEXEDPOLYGONALFACE((537,535,500));
#1022=IFCINDEXEDPOLYGONALFACE((538,506,504));
#1023=IFCINDEXEDPOLYGONALFACE((538,504,536));
#1024=IFCINDEXEDPOLYGONALFACE((539,498,497));
#1025=IFCINDEXEDPOLYGONALFACE((539,537,498));
#1026=IFCINDEXEDPOLYGONALFACE((540,508,506));
#1027=IFCINDEXEDPOLYGONALFACE((540,506,538));
#1028=IFCINDEXEDPOLYGONALFACE((534,497,495));
#1029=IFCINDEXEDPOLYGONALFACE((534,539,497));
#1030=IFCINDEXEDPOLYGONALFACE((541,510,508));
#1031=IFCINDEXEDPOLYGONALFACE((541,508,540));
#1032=IFCINDEXEDPOLYGONALFACE((542,510,541));
#1033=IFCINDEXEDPOLYGONALFACE((512,510,542));
#1034=IFCINDEXEDPOLYGONALFACE((543,512,542));
#1035=IFCINDEXEDPOLYGONALFACE((514,512,543));
#1036=IFCINDEXEDPOLYGONALFACE((544,514,543));
#1037=IFCINDEXEDPOLYGONALFACE((516,514,544));
#1038=IFCINDEXEDPOLYGONALFACE((545,516,544));
#1039=IFCINDEXEDPOLYGONALFACE((518,516,545));
#1040=IFCINDEXEDPOLYGONALFACE((546,518,545));
#1041=IFCINDEXEDPOLYGONALFACE((520,518,546));
#1042=IFCINDEXEDPOLYGONALFACE((527,520,546));
#1043=IFCINDEXEDPOLYGONALFACE((470,520,527));
#1044=IFCINDEXEDPOLYGONALFACE((547,499,501));
#1045=IFCINDEXEDPOLYGONALFACE((548,501,503));
#1046=IFCINDEXEDPOLYGONALFACE((548,547,501));
#1047=IFCINDEXEDPOLYGONALFACE((549,499,547));
#1048=IFCINDEXEDPOLYGONALFACE((496,499,549));
#1049=IFCINDEXEDPOLYGONALFACE((550,503,505));
#1050=IFCINDEXEDPOLYGONALFACE((550,548,503));
#1051=IFCINDEXEDPOLYGONALFACE((551,496,549));
#1052=IFCINDEXEDPOLYGONALFACE((552,505,507));
#1053=IFCINDEXEDPOLYGONALFACE((552,550,505));
#1054=IFCINDEXEDPOLYGONALFACE((534,495,496));
#1055=IFCINDEXEDPOLYGONALFACE((534,496,551));
#1056=IFCINDEXEDPOLYGONALFACE((553,507,509));
#1057=IFCINDEXEDPOLYGONALFACE((553,552,507));
#1058=IFCINDEXEDPOLYGONALFACE((554,509,511));
#1059=IFCINDEXEDPOLYGONALFACE((554,553,509));
#1060=IFCINDEXEDPOLYGONALFACE((555,511,513));
#1061=IFCINDEXEDPOLYGONALFACE((555,554,511));
#1062=IFCINDEXEDPOLYGONALFACE((556,555,513));
#1063=IFCINDEXEDPOLYGONALFACE((515,556,513));
#1064=IFCINDEXEDPOLYGONALFACE((557,556,515));
#1065=IFCINDEXEDPOLYGONALFACE((517,557,515));
#1066=IFCINDEXEDPOLYGONALFACE((558,557,517));
#1067=IFCINDEXEDPOLYGONALFACE((519,558,517));
#1068=IFCINDEXEDPOLYGONALFACE((527,558,519));
#1069=IFCINDEXEDPOLYGONALFACE((470,527,519));
#1070=IFCINDEXEDPOLYGONALFACE((559,544,543));
#1071=IFCINDEXEDPOLYGONALFACE((559,560,544));
#1072=IFCINDEXEDPOLYGONALFACE((561,562,534));
#1073=IFCINDEXEDPOLYGONALFACE((561,534,533));
#1074=IFCINDEXEDPOLYGONALFACE((563,543,542));
#1075=IFCINDEXEDPOLYGONALFACE((563,559,543));
#1076=IFCINDEXEDPOLYGONALFACE((564,533,532));
#1077=IFCINDEXEDPOLYGONALFACE((564,561,533));
#1078=IFCINDEXEDPOLYGONALFACE((565,542,541));
#1079=IFCINDEXEDPOLYGONALFACE((566,532,531));
#1080=IFCINDEXEDPOLYGONALFACE((565,563,542));
#1081=IFCINDEXEDPOLYGONALFACE((566,564,532));
#1082=IFCINDEXEDPOLYGONALFACE((567,531,530));
#1083=IFCINDEXEDPOLYGONALFACE((568,541,540));
#1084=IFCINDEXEDPOLYGONALFACE((567,566,531));
#1085=IFCINDEXEDPOLYGONALFACE((568,565,541));
#1086=IFCINDEXEDPOLYGONALFACE((569,530,529));
#1087=IFCINDEXEDPOLYGONALFACE((569,567,530));
#1088=IFCINDEXEDPOLYGONALFACE((570,540,538));
#1089=IFCINDEXEDPOLYGONALFACE((570,568,540));
#1090=IFCINDEXEDPOLYGONALFACE((571,529,528));
#1091=IFCINDEXEDPOLYGONALFACE((571,569,529));
#1092=IFCINDEXEDPOLYGONALFACE((572,538,536));
#1093=IFCINDEXEDPOLYGONALFACE((572,570,538));
#1094=IFCINDEXEDPOLYGONALFACE((573,528,526));
#1095=IFCINDEXEDPOLYGONALFACE((574,536,535));
#1096=IFCINDEXEDPOLYGONALFACE((573,571,528));
#1097=IFCINDEXEDPOLYGONALFACE((574,572,536));
#1098=IFCINDEXEDPOLYGONALFACE((575,535,537));
#1099=IFCINDEXEDPOLYGONALFACE((576,526,524));
#1100=IFCINDEXEDPOLYGONALFACE((575,574,535));
#1101=IFCINDEXEDPOLYGONALFACE((576,573,526));
#1102=IFCINDEXEDPOLYGONALFACE((577,537,539));
#1103=IFCINDEXEDPOLYGONALFACE((577,575,537));
#1104=IFCINDEXEDPOLYGONALFACE((578,524,522));
#1105=IFCINDEXEDPOLYGONALFACE((578,576,524));
#1106=IFCINDEXEDPOLYGONALFACE((562,539,534));
#1107=IFCINDEXEDPOLYGONALFACE((562,577,539));
#1108=IFCINDEXEDPOLYGONALFACE((579,522,521));
#1109=IFCINDEXEDPOLYGONALFACE((579,578,522));
#1110=IFCINDEXEDPOLYGONALFACE((580,521,523));
#1111=IFCINDEXEDPOLYGONALFACE((580,579,521));
#1112=IFCINDEXEDPOLYGONALFACE((581,523,525));
#1113=IFCINDEXEDPOLYGONALFACE((581,580,523));
#1114=IFCINDEXEDPOLYGONALFACE((582,581,525));
#1115=IFCINDEXEDPOLYGONALFACE((582,525,527));
#1116=IFCINDEXEDPOLYGONALFACE((583,527,546));
#1117=IFCINDEXEDPOLYGONALFACE((583,582,527));
#1118=IFCINDEXEDPOLYGONALFACE((584,546,545));
#1119=IFCINDEXEDPOLYGONALFACE((584,583,546));
#1120=IFCINDEXEDPOLYGONALFACE((560,545,544));
#1121=IFCINDEXEDPOLYGONALFACE((560,584,545));
#1122=IFCINDEXEDPOLYGONALFACE((585,586,424));
#1123=IFCINDEXEDPOLYGONALFACE((527,420,417));
#1124=IFCINDEXEDPOLYGONALFACE((527,587,420));
#1125=IFCINDEXEDPOLYGONALFACE((585,424,423));
#1126=IFCINDEXEDPOLYGONALFACE((558,417,414));
#1127=IFCINDEXEDPOLYGONALFACE((558,527,417));
#1128=IFCINDEXEDPOLYGONALFACE((588,585,423));
#1129=IFCINDEXEDPOLYGONALFACE((557,414,411));
#1130=IFCINDEXEDPOLYGONALFACE((588,423,418));
#1131=IFCINDEXEDPOLYGONALFACE((557,558,414));
#1132=IFCINDEXEDPOLYGONALFACE((556,411,407));
#1133=IFCINDEXEDPOLYGONALFACE((556,557,411));
#1134=IFCINDEXEDPOLYGONALFACE((555,407,410));
#1135=IFCINDEXEDPOLYGONALFACE((589,418,412));
#1136=IFCINDEXEDPOLYGONALFACE((589,588,418));
#1137=IFCINDEXEDPOLYGONALFACE((555,556,407));
#1138=IFCINDEXEDPOLYGONALFACE((554,410,413));
#1139=IFCINDEXEDPOLYGONALFACE((554,555,410));
#1140=IFCINDEXEDPOLYGONALFACE((590,412,406));
#1141=IFCINDEXEDPOLYGONALFACE((553,413,415));
#1142=IFCINDEXEDPOLYGONALFACE((590,589,412));
#1143=IFCINDEXEDPOLYGONALFACE((553,554,413));
#1144=IFCINDEXEDPOLYGONALFACE((552,415,419));
#1145=IFCINDEXEDPOLYGONALFACE((552,553,415));
#1146=IFCINDEXEDPOLYGONALFACE((550,419,422));
#1147=IFCINDEXEDPOLYGONALFACE((591,406,405));
#1148=IFCINDEXEDPOLYGONALFACE((591,590,406));
#1149=IFCINDEXEDPOLYGONALFACE((550,552,419));
#1150=IFCINDEXEDPOLYGONALFACE((548,422,426));
#1151=IFCINDEXEDPOLYGONALFACE((548,550,422));
#1152=IFCINDEXEDPOLYGONALFACE((592,408,416));
#1153=IFCINDEXEDPOLYGONALFACE((592,534,408));
#1154=IFCINDEXEDPOLYGONALFACE((547,426,428));
#1155=IFCINDEXEDPOLYGONALFACE((593,591,405));
#1156=IFCINDEXEDPOLYGONALFACE((547,548,426));
#1157=IFCINDEXEDPOLYGONALFACE((593,405,429));
#1158=IFCINDEXEDPOLYGONALFACE((594,592,416));
#1159=IFCINDEXEDPOLYGONALFACE((549,428,430));
#1160=IFCINDEXEDPOLYGONALFACE((549,547,428));
#1161=IFCINDEXEDPOLYGONALFACE((551,430,409));
#1162=IFCINDEXEDPOLYGONALFACE((551,549,430));
#1163=IFCINDEXEDPOLYGONALFACE((534,409,408));
#1164=IFCINDEXEDPOLYGONALFACE((534,551,409));
#1165=IFCINDEXEDPOLYGONALFACE((595,429,427));
#1166=IFCINDEXEDPOLYGONALFACE((595,593,429));
#1167=IFCINDEXEDPOLYGONALFACE((594,416,421));
#1168=IFCINDEXEDPOLYGONALFACE((596,595,427));
#1169=IFCINDEXEDPOLYGONALFACE((586,594,421));
#1170=IFCINDEXEDPOLYGONALFACE((596,427,425));
#1171=IFCINDEXEDPOLYGONALFACE((586,421,424));
#1172=IFCINDEXEDPOLYGONALFACE((587,425,420));
#1173=IFCINDEXEDPOLYGONALFACE((587,596,425));
#1174=IFCINDEXEDPOLYGONALFACE((587,527,470));
#1175=IFCINDEXEDPOLYGONALFACE((587,470,469));
#1176=IFCINDEXEDPOLYGONALFACE((596,469,473));
#1177=IFCINDEXEDPOLYGONALFACE((596,587,469));
#1178=IFCINDEXEDPOLYGONALFACE((595,473,475));
#1179=IFCINDEXEDPOLYGONALFACE((595,596,473));
#1180=IFCINDEXEDPOLYGONALFACE((593,595,475));
#1181=IFCINDEXEDPOLYGONALFACE((477,593,475));
#1182=IFCINDEXEDPOLYGONALFACE((591,593,477));
#1183=IFCINDEXEDPOLYGONALFACE((479,591,477));
#1184=IFCINDEXEDPOLYGONALFACE((590,591,479));
#1185=IFCINDEXEDPOLYGONALFACE((481,590,479));
#1186=IFCINDEXEDPOLYGONALFACE((589,590,481));
#1187=IFCINDEXEDPOLYGONALFACE((483,589,481));
#1188=IFCINDEXEDPOLYGONALFACE((588,589,483));
#1189=IFCINDEXEDPOLYGONALFACE((493,534,592));
#1190=IFCINDEXEDPOLYGONALFACE((493,495,534));
#1191=IFCINDEXEDPOLYGONALFACE((594,493,592));
#1192=IFCINDEXEDPOLYGONALFACE((485,588,483));
#1193=IFCINDEXEDPOLYGONALFACE((491,594,586));
#1194=IFCINDEXEDPOLYGONALFACE((491,493,594));
#1195=IFCINDEXEDPOLYGONALFACE((487,585,588));
#1196=IFCINDEXEDPOLYGONALFACE((487,588,485));
#1197=IFCINDEXEDPOLYGONALFACE((489,586,585));
#1198=IFCINDEXEDPOLYGONALFACE((489,491,586));
#1199=IFCINDEXEDPOLYGONALFACE((489,585,487));
#1200=IFCINDEXEDPOLYGONALFACE((597,598,599));
#1201=IFCINDEXEDPOLYGONALFACE((597,599,600));
#1202=IFCINDEXEDPOLYGONALFACE((599,601,602));
#1203=IFCINDEXEDPOLYGONALFACE((598,601,599));
#1204=IFCINDEXEDPOLYGONALFACE((601,603,604));
#1205=IFCINDEXEDPOLYGONALFACE((601,604,602));
#1206=IFCINDEXEDPOLYGONALFACE((604,597,600));
#1207=IFCINDEXEDPOLYGONALFACE((603,597,604));
#1208=IFCINDEXEDPOLYGONALFACE((572,574,604));
#1209=IFCINDEXEDPOLYGONALFACE((575,604,574));
#1210=IFCINDEXEDPOLYGONALFACE((570,572,604));
#1211=IFCINDEXEDPOLYGONALFACE((577,604,575));
#1212=IFCINDEXEDPOLYGONALFACE((568,604,600));
#1213=IFCINDEXEDPOLYGONALFACE((568,570,604));
#1214=IFCINDEXEDPOLYGONALFACE((565,568,600));
#1215=IFCINDEXEDPOLYGONALFACE((563,565,600));
#1216=IFCINDEXEDPOLYGONALFACE((559,563,600));
#1217=IFCINDEXEDPOLYGONALFACE((560,559,600));
#1218=IFCINDEXEDPOLYGONALFACE((584,560,600));
#1219=IFCINDEXEDPOLYGONALFACE((583,584,600));
#1220=IFCINDEXEDPOLYGONALFACE((602,562,561));
#1221=IFCINDEXEDPOLYGONALFACE((602,561,564));
#1222=IFCINDEXEDPOLYGONALFACE((602,564,566));
#1223=IFCINDEXEDPOLYGONALFACE((602,566,567));
#1224=IFCINDEXEDPOLYGONALFACE((602,567,569));
#1225=IFCINDEXEDPOLYGONALFACE((602,569,571));
#1226=IFCINDEXEDPOLYGONALFACE((602,571,573));
#1227=IFCINDEXEDPOLYGONALFACE((599,573,576));
#1228=IFCINDEXEDPOLYGONALFACE((599,576,578));
#1229=IFCINDEXEDPOLYGONALFACE((599,578,579));
#1230=IFCINDEXEDPOLYGONALFACE((599,579,580));
#1231=IFCINDEXEDPOLYGONALFACE((599,580,581));
#1232=IFCINDEXEDPOLYGONALFACE((599,581,582));
#1233=IFCINDEXEDPOLYGONALFACE((599,602,573));
#1234=IFCINDEXEDPOLYGONALFACE((600,599,582));
#1235=IFCINDEXEDPOLYGONALFACE((600,582,583));
#1236=IFCINDEXEDPOLYGONALFACE((602,604,562));
#1237=IFCINDEXEDPOLYGONALFACE((562,604,577));
#1238=IFCINDEXEDPOLYGONALFACE((598,192,191));
#1239=IFCINDEXEDPOLYGONALFACE((598,193,192));
#1240=IFCINDEXEDPOLYGONALFACE((598,194,193));
#1241=IFCINDEXEDPOLYGONALFACE((598,195,194));
#1242=IFCINDEXEDPOLYGONALFACE((598,196,195));
#1243=IFCINDEXEDPOLYGONALFACE((598,197,196));
#1244=IFCINDEXEDPOLYGONALFACE((598,198,197));
#1245=IFCINDEXEDPOLYGONALFACE((601,43,42));
#1246=IFCINDEXEDPOLYGONALFACE((601,44,43));
#1247=IFCINDEXEDPOLYGONALFACE((601,45,44));
#1248=IFCINDEXEDPOLYGONALFACE((601,191,45));
#1249=IFCINDEXEDPOLYGONALFACE((601,598,191));
#1250=IFCINDEXEDPOLYGONALFACE((41,601,42));
#1251=IFCINDEXEDPOLYGONALFACE((40,601,41));
#1252=IFCINDEXEDPOLYGONALFACE((39,601,40));
#1253=IFCINDEXEDPOLYGONALFACE((38,601,39));
#1254=IFCINDEXEDPOLYGONALFACE((155,198,598));
#1255=IFCINDEXEDPOLYGONALFACE((597,156,155));
#1256=IFCINDEXEDPOLYGONALFACE((597,157,156));
#1257=IFCINDEXEDPOLYGONALFACE((597,158,157));
#1258=IFCINDEXEDPOLYGONALFACE((597,155,598));
#1259=IFCINDEXEDPOLYGONALFACE((159,158,597));
#1260=IFCINDEXEDPOLYGONALFACE((160,159,597));
#1261=IFCINDEXEDPOLYGONALFACE((161,160,597));
#1262=IFCINDEXEDPOLYGONALFACE((116,161,597));
#1263=IFCINDEXEDPOLYGONALFACE((603,116,597));
#1264=IFCINDEXEDPOLYGONALFACE((114,603,601));
#1265=IFCINDEXEDPOLYGONALFACE((114,601,38));
#1266=IFCINDEXEDPOLYGONALFACE((107,116,603));
#1267=IFCINDEXEDPOLYGONALFACE((113,603,114));
#1268=IFCINDEXEDPOLYGONALFACE((108,107,603));
#1269=IFCINDEXEDPOLYGONALFACE((109,108,603));
#1270=IFCINDEXEDPOLYGONALFACE((112,603,113));
#1271=IFCINDEXEDPOLYGONALFACE((110,109,603));
#1272=IFCINDEXEDPOLYGONALFACE((111,603,112));
#1273=IFCINDEXEDPOLYGONALFACE((111,110,603));
#1274=IFCSANITARYTERMINAL('2jjNIn9gHBYwNSWwlM5T_i',#1275,'SanitaryTerminal',$,$,#1276,#1281,$,$);
#1275=IFCOWNERHISTORY(#24,#27,.READWRITE.,.MODIFIED.,1770362122,#24,#49,1762500880);
#1276=IFCLOCALPLACEMENT(#42,#1277);
#1277=IFCAXIS2PLACEMENT3D(#1278,#1279,#1280);
#1278=IFCCARTESIANPOINT((-5857.24115371704,950.,10.));
#1279=IFCDIRECTION((0.,0.,1.));
#1280=IFCDIRECTION((1.,0.,0.));
#1281=IFCPRODUCTDEFINITIONSHAPE($,$,(#1282,#1289,#1345,#1394));
#1282=IFCSHAPEREPRESENTATION(#59,'Body','MappedRepresentation',(#1283));
#1283=IFCMAPPEDITEM(#53,#1284);
#1284=IFCCARTESIANTRANSFORMATIONOPERATOR3D(#1285,#1286,#1287,1.,#1288);
#1285=IFCDIRECTION((1.,0.,0.));
#1286=IFCDIRECTION((0.,1.,0.));
#1287=IFCCARTESIANPOINT((0.,0.,0.));
#1288=IFCDIRECTION((0.,0.,1.));
#1289=IFCSHAPEREPRESENTATION(#1290,'Body','GeometricCurveSet',(#1291));
#1290=IFCGEOMETRICREPRESENTATIONSUBCONTEXT('Body','Model',*,*,*,*,#2,$,.PLAN_VIEW.,$);
#1291=IFCGEOMETRICCURVESET((#1292,#1311));
#1292=IFCPOLYLINE((#1293,#1294,#1295,#1296,#1297,#1298,#1299,#1300,#1301,#1302,#1303,#1304,#1305,#1306,#1307,#1308,#1309,#1310));
#1293=IFCCARTESIANPOINT((-44.,-12.932805,0.));
#1294=IFCCARTESIANPOINT((-44.,101.,0.));
#1295=IFCCARTESIANPOINT((-43.127682,103.493973,0.));
#1296=IFCCARTESIANPOINT((-41.735886,104.603897,0.));
#1297=IFCCARTESIANPOINT((-40.,105.,0.));
#1298=IFCCARTESIANPOINT((40.,105.,0.));
#1299=IFCCARTESIANPOINT((42.49358,104.127365,0.));
#1300=IFCCARTESIANPOINT((43.603508,102.735573,0.));
#1301=IFCCARTESIANPOINT((44.,101.,0.));
#1302=IFCCARTESIANPOINT((44.,-101.,0.));
#1303=IFCCARTESIANPOINT((43.603565,-102.735481,0.));
#1304=IFCCARTESIANPOINT((42.493637,-104.127274,0.));
#1305=IFCCARTESIANPOINT((40.,-105.,0.));
#1306=IFCCARTESIANPOINT((-40.,-105.,0.));
#1307=IFCCARTESIANPOINT((-41.735855,-104.603836,0.));
#1308=IFCCARTESIANPOINT((-43.127655,-103.493912,0.));
#1309=IFCCARTESIANPOINT((-44.,-101.,0.));
#1310=IFCCARTESIANPOINT((-44.,-12.932805,0.));
#1311=IFCPOLYLINE((#1312,#1313,#1314,#1315,#1316,#1317,#1318,#1319,#1320,#1321,#1322,#1323,#1324,#1325,#1326,#1327,#1328,#1329,#1330,#1331,#1332,#1333,#1334,#1335,#1336,#1337,#1338,#1339,#1340,#1341,#1342,#1343,#1344));
#1312=IFCCARTESIANPOINT((-3.077971,28.341875,0.));
#1313=IFCCARTESIANPOINT((-9.848456,26.76274,0.));
#1314=IFCCARTESIANPOINT((-13.291576,25.032437,0.));
#1315=IFCCARTESIANPOINT((-16.017297,23.601866,0.));
#1316=IFCCARTESIANPOINT((-21.242684,19.045259,0.));
#1317=IFCCARTESIANPOINT((-25.215532,13.361425,0.));
#1318=IFCCARTESIANPOINT((-26.880801,9.047177,0.));
#1319=IFCCARTESIANPOINT((-27.700567,6.885632,0.));
#1320=IFCCARTESIANPOINT((-28.550325,0.,0.));
#1321=IFCCARTESIANPOINT((-27.756111,-6.540941,0.));
#1322=IFCCARTESIANPOINT((-25.501653,-12.683628,0.));
#1323=IFCCARTESIANPOINT((-21.693006,-18.46462,0.));
#1324=IFCCARTESIANPOINT((-19.052882,-20.985184,0.));
#1325=IFCCARTESIANPOINT((-16.601274,-23.157119,0.));
#1326=IFCCARTESIANPOINT((-10.52672,-26.483473,0.));
#1327=IFCCARTESIANPOINT((-3.827812,-28.246626,0.));
#1328=IFCCARTESIANPOINT((3.100069,-28.341799,0.));
#1329=IFCCARTESIANPOINT((9.847781,-26.762658,0.));
#1330=IFCCARTESIANPOINT((13.290354,-25.032643,0.));
#1331=IFCCARTESIANPOINT((16.016701,-23.601751,0.));
#1332=IFCCARTESIANPOINT((21.242023,-19.045188,0.));
#1333=IFCCARTESIANPOINT((25.214831,-13.361392,0.));
#1334=IFCCARTESIANPOINT((26.880291,-9.046702,0.));
#1335=IFCCARTESIANPOINT((27.699913,-6.885547,0.));
#1336=IFCCARTESIANPOINT((28.549669,0.,0.));
#1337=IFCCARTESIANPOINT((27.755455,6.541012,0.));
#1338=IFCCARTESIANPOINT((25.501006,12.683644,0.));
#1339=IFCCARTESIANPOINT((21.692381,18.464652,0.));
#1340=IFCCARTESIANPOINT((19.052078,20.985387,0.));
#1341=IFCCARTESIANPOINT((16.600613,23.157189,0.));
#1342=IFCCARTESIANPOINT((10.526003,26.483558,0.));
#1343=IFCCARTESIANPOINT((3.827091,28.246708,0.));
#1344=IFCCARTESIANPOINT((-3.077971,28.341875,0.));
#1345=IFCSHAPEREPRESENTATION(#1346,'Body','GeometricCurveSet',(#1347));
#1346=IFCGEOMETRICREPRESENTATIONSUBCONTEXT('Body','Model',*,*,*,*,#2,$,.ELEVATION_VIEW.,$);
#1347=IFCGEOMETRICCURVESET((#1348,#1362,#1367,#1373,#1378,#1384,#1389));
#1348=IFCPOLYLINE((#1349,#1350,#1351,#1352,#1353,#1354,#1355,#1356,#1357,#1358,#1359,#1360,#1361));
#1349=IFCCARTESIANPOINT((-44.,0.,-38.189915));
#1350=IFCCARTESIANPOINT((-44.,0.,-26.356905));
#1351=IFCCARTESIANPOINT((44.,0.,-26.356905));
#1352=IFCCARTESIANPOINT((44.,0.,-39.871078));
#1353=IFCCARTESIANPOINT((43.69968,0.,-40.806904));
#1354=IFCCARTESIANPOINT((31.54969,0.,-40.806904));
#1355=IFCCARTESIANPOINT((31.54969,0.,-130.356903));
#1356=IFCCARTESIANPOINT((30.549673,0.,-131.356903));
#1357=IFCCARTESIANPOINT((-30.550329,0.,-131.356903));
#1358=IFCCARTESIANPOINT((-31.550331,0.,-130.356903));
#1359=IFCCARTESIANPOINT((-31.550331,0.,-40.806904));
#1360=IFCCARTESIANPOINT((-43.688072,0.,-40.806904));
#1361=IFCCARTESIANPOINT((-44.,0.,-38.189915));
#1362=IFCPOLYLINE((#1363,#1364,#1365,#1366));
#1363=IFCCARTESIANPOINT((43.63993,0.,-38.95478));
#1364=IFCCARTESIANPOINT((43.63993,0.,-38.95478));
#1365=IFCCARTESIANPOINT((43.63993,0.,-38.95478));
#1366=IFCCARTESIANPOINT((43.63993,0.,-38.95478));
#1367=IFCPOLYLINE((#1368,#1369,#1370,#1371,#1372));
#1368=IFCCARTESIANPOINT((-41.870792,0.,-37.056886));
#1369=IFCCARTESIANPOINT((-41.870792,0.,-37.056886));
#1370=IFCCARTESIANPOINT((-41.870792,0.,-37.056886));
#1371=IFCCARTESIANPOINT((-41.870792,0.,-37.056886));
#1372=IFCCARTESIANPOINT((-41.870792,0.,-37.056886));
#1373=IFCPOLYLINE((#1374,#1375,#1376,#1377));
#1374=IFCCARTESIANPOINT((-42.494252,0.,-36.05693));
#1375=IFCCARTESIANPOINT((-42.494252,0.,-36.05693));
#1376=IFCCARTESIANPOINT((-42.494252,0.,-36.05693));
#1377=IFCCARTESIANPOINT((-42.494252,0.,-36.05693));
#1378=IFCPOLYLINE((#1379,#1380,#1381,#1382,#1383));
#1379=IFCCARTESIANPOINT((-42.99536,0.,-36.578761));
#1380=IFCCARTESIANPOINT((-42.99536,0.,-36.578761));
#1381=IFCCARTESIANPOINT((-42.99536,0.,-36.578761));
#1382=IFCCARTESIANPOINT((-42.99536,0.,-36.578761));
#1383=IFCCARTESIANPOINT((-42.99536,0.,-36.578761));
#1384=IFCPOLYLINE((#1385,#1386,#1387,#1388));
#1385=IFCCARTESIANPOINT((-43.60597,0.,-38.981655));
#1386=IFCCARTESIANPOINT((-43.60597,0.,-38.981655));
#1387=IFCCARTESIANPOINT((-43.60597,0.,-38.981655));
#1388=IFCCARTESIANPOINT((-43.60597,0.,-38.981655));
#1389=IFCPOLYLINE((#1390,#1391,#1392,#1393));
#1390=IFCCARTESIANPOINT((-43.612709,0.,-38.976557));
#1391=IFCCARTESIANPOINT((-43.612709,0.,-38.976557));
#1392=IFCCARTESIANPOINT((-43.612709,0.,-38.976557));
#1393=IFCCARTESIANPOINT((-43.612709,0.,-38.976557));
#1394=IFCSHAPEREPRESENTATION(#1395,'Body','GeometricCurveSet',(#1396));
#1395=IFCGEOMETRICREPRESENTATIONSUBCONTEXT('Body','Model',*,*,*,*,#2,$,.ELEVATION_VIEW.,$);
#1396=IFCGEOMETRICCURVESET((#1397,#1419,#1424,#1429,#1435,#1440));
#1397=IFCPOLYLINE((#1398,#1399,#1400,#1401,#1402,#1403,#1404,#1405,#1406,#1407,#1408,#1409,#1410,#1411,#1412,#1413,#1414,#1415,#1416,#1417,#1418));
#1398=IFCCARTESIANPOINT((0.,-104.433846,-36.957874));
#1399=IFCCARTESIANPOINT((0.,-105.,-36.056889));
#1400=IFCCARTESIANPOINT((0.,-105.,-26.356905));
#1401=IFCCARTESIANPOINT((0.,105.,-26.356905));
#1402=IFCCARTESIANPOINT((0.,105.,-36.056889));
#1403=IFCCARTESIANPOINT((0.,104.222549,-37.031826));
#1404=IFCCARTESIANPOINT((0.,88.200035,-37.056892));
#1405=IFCCARTESIANPOINT((0.,44.100865,-38.306889));
#1406=IFCCARTESIANPOINT((0.,45.965111,-38.306889));
#1407=IFCCARTESIANPOINT((0.,43.436413,-40.806904));
#1408=IFCCARTESIANPOINT((0.,31.32,-40.806904));
#1409=IFCCARTESIANPOINT((0.,31.32,-130.356903));
#1410=IFCCARTESIANPOINT((0.,30.327291,-131.356903));
#1411=IFCCARTESIANPOINT((0.,-30.327215,-131.356903));
#1412=IFCCARTESIANPOINT((0.,-31.319925,-130.356903));
#1413=IFCCARTESIANPOINT((0.,-31.319925,-40.806904));
#1414=IFCCARTESIANPOINT((0.,-43.454929,-40.806904));
#1415=IFCCARTESIANPOINT((0.,-45.965034,-38.306889));
#1416=IFCCARTESIANPOINT((0.,-44.100792,-38.306889));
#1417=IFCCARTESIANPOINT((0.,-88.199959,-37.056892));
#1418=IFCCARTESIANPOINT((0.,-104.433846,-36.957874));
#1419=IFCPOLYLINE((#1420,#1421,#1422,#1423));
#1420=IFCCARTESIANPOINT((0.,-104.222488,-37.031826));
#1421=IFCCARTESIANPOINT((0.,-104.222428,-37.031831));
#1422=IFCCARTESIANPOINT((0.,-104.222428,-37.031831));
#1423=IFCCARTESIANPOINT((0.,-104.222488,-37.031826));
#1424=IFCPOLYLINE((#1425,#1426,#1427,#1428));
#1425=IFCCARTESIANPOINT((0.,104.901005,-36.490748));
#1426=IFCCARTESIANPOINT((0.,104.901005,-36.490748));
#1427=IFCCARTESIANPOINT((0.,104.901005,-36.490748));
#1428=IFCCARTESIANPOINT((0.,104.901005,-36.490748));
#1429=IFCPOLYLINE((#1430,#1431,#1432,#1433,#1434));
#1430=IFCCARTESIANPOINT((0.,102.301721,-37.056876));
#1431=IFCCARTESIANPOINT((0.,102.301721,-37.056876));
#1432=IFCCARTESIANPOINT((0.,102.301721,-37.056876));
#1433=IFCCARTESIANPOINT((0.,102.301721,-37.056876));
#1434=IFCCARTESIANPOINT((0.,102.301721,-37.056876));
#1435=IFCPOLYLINE((#1436,#1437,#1438,#1439));
#1436=IFCCARTESIANPOINT((0.,-40.188722,-38.018017));
#1437=IFCCARTESIANPOINT((0.,-40.188722,-38.018017));
#1438=IFCCARTESIANPOINT((0.,-40.188722,-38.018017));
#1439=IFCCARTESIANPOINT((0.,-40.188722,-38.018017));
#1440=IFCPOLYLINE((#1441,#1442,#1443,#1444,#1445));
#1441=IFCCARTESIANPOINT((0.,-104.127301,-36.056902));
#1442=IFCCARTESIANPOINT((0.,-104.127301,-36.056902));
#1443=IFCCARTESIANPOINT((0.,-104.127301,-36.056902));
#1444=IFCCARTESIANPOINT((0.,-104.127301,-36.056902));
#1445=IFCCARTESIANPOINT((0.,-104.127301,-36.056902));
#1446=IFCRELASSOCIATESDOCUMENT('1QSzzzB_TCZAYei1osZ58b',#1447,$,$,(#1),#1448);
#1447=IFCOWNERHISTORY(#24,#49,.READWRITE.,.ADDED.,1786466816,#24,#49,1786466816);
#1448=IFCDOCUMENTINFORMATION('X','EL-03-08-R04-NY',$,$,$,$,'DRAWING',$,$,$,$,$,$,$,$,$,$);
#1449=IFCRELASSOCIATESDOCUMENT('1ZT46kCRHFzBrLt6aiKaI5',#1450,$,$,(#1),#1451);
#1450=IFCOWNERHISTORY(#24,#49,.READWRITE.,.ADDED.,1786466860,#24,#49,1786466860);
#1451=IFCDOCUMENTINFORMATION('X','EL-03-09-R04-NX',$,$,$,$,'DRAWING',$,$,$,$,$,$,$,$,$,$);
#1452=IFCRELASSOCIATESDOCUMENT('2y$fIXlNbD4e4xlmpRMpwf',#1453,$,$,(#1),#1454);
#1453=IFCOWNERHISTORY(#24,#49,.READWRITE.,.ADDED.,1786467815,#24,#49,1786467815);
#1454=IFCDOCUMENTINFORMATION('X','EL-08-32-R17-NX',$,$,$,$,'DRAWING',$,$,$,$,$,$,$,$,$,$);
#1455=IFCRELASSOCIATESDOCUMENT('1Dek2PGErDERDCpDBzK7xY',#1456,$,$,(#1),#1457);
#1456=IFCOWNERHISTORY(#24,#49,.READWRITE.,.ADDED.,1786467142,#24,#49,1786467142);
#1457=IFCDOCUMENTINFORMATION('X','EL-04-10-R07-PY',$,$,$,$,'DRAWING',$,$,$,$,$,$,$,$,$,$);
#1458=IFCRELASSOCIATESDOCUMENT('3jDka_a4v5sxqgfkeiwtTJ',#1459,$,$,(#1),#1460);
#1459=IFCOWNERHISTORY(#24,#49,.READWRITE.,.ADDED.,1786467822,#24,#49,1786467822);
#1460=IFCDOCUMENTINFORMATION('X','EL-09-33-R22-PY',$,$,$,$,'DRAWING',$,$,$,$,$,$,$,$,$,$);
#1461=IFCRELASSOCIATESDOCUMENT('1P$oNuoqP0ygdIlnu6pdgu',#1462,$,$,(#1),#1463);
#1462=IFCOWNERHISTORY(#24,#49,.READWRITE.,.ADDED.,1786467808,#24,#49,1786467808);
#1463=IFCDOCUMENTINFORMATION('X','EL-08-31-R17-NY',$,$,$,$,'DRAWING',$,$,$,$,$,$,$,$,$,$);
#1464=IFCRELASSOCIATESDOCUMENT('0rHrAesFzCxBfa2FvDZjZf',#1465,$,$,(#1),#1466);
#1465=IFCOWNERHISTORY(#24,#49,.READWRITE.,.ADDED.,1786467631,#24,#49,1786467631);
#1466=IFCDOCUMENTINFORMATION('X','EL-06-22-R12-NX',$,$,$,$,'DRAWING',$,$,$,$,$,$,$,$,$,$);
#1467=IFCRELASSOCIATESDOCUMENT('3giH9RUoT1E9D5Uq3geeVH',#1468,$,$,(#1),#1469);
#1468=IFCOWNERHISTORY(#24,#49,.READWRITE.,.ADDED.,1770189208,#24,#49,1770189208);
#1469=IFCDOCUMENTINFORMATION('X','Wall Plan',$,$,$,$,'DRAWING',$,$,$,$,$,$,$,$,$,$);
#1470=IFCRELASSOCIATESDOCUMENT('09OMG_T5PD7upYZsfXLDNJ',#1471,$,$,(#1),#1472);
#1471=IFCOWNERHISTORY(#24,#49,.READWRITE.,.ADDED.,1786467243,#24,#49,1786467243);
#1472=IFCDOCUMENTINFORMATION('X','EL-04-12-R07-NY',$,$,$,$,'DRAWING',$,$,$,$,$,$,$,$,$,$);
#1473=IFCRELASSOCIATESDOCUMENT('3$Q9GN2cD82Oryt$5kHsOz',#1474,$,$,(#1),#1475);
#1474=IFCOWNERHISTORY(#24,#49,.READWRITE.,.ADDED.,1786467750,#24,#49,1786467750);
#1475=IFCDOCUMENTINFORMATION('X','EL-08-29-R17-PX',$,$,$,$,'DRAWING',$,$,$,$,$,$,$,$,$,$);
#1476=IFCRELASSOCIATESDOCUMENT('2sHislgG95QAgiD1C7jrVO',#1477,$,$,(#1),#1478);
#1477=IFCOWNERHISTORY(#24,#49,.READWRITE.,.ADDED.,1786467756,#24,#49,1786467756);
#1478=IFCDOCUMENTINFORMATION('X','EL-08-30-R16-NY',$,$,$,$,'DRAWING',$,$,$,$,$,$,$,$,$,$);
#1479=IFCRELASSOCIATESDOCUMENT('0jqo_RDlTBSRT352IetPxW',#1480,$,$,(#1),#1481);
#1480=IFCOWNERHISTORY(#24,#49,.READWRITE.,.ADDED.,1785423587,#24,#49,1785423587);
#1481=IFCDOCUMENTINFORMATION('X','FFL PLAN',$,$,$,$,'DRAWING',$,$,$,$,$,$,$,$,$,$);
#1482=IFCRELASSOCIATESDOCUMENT('2QlY8QPK58GghvkRQPHV7I',#1483,$,$,(#1),#1484);
#1483=IFCOWNERHISTORY(#24,#49,.READWRITE.,.ADDED.,1786467680,#24,#49,1786467680);
#1484=IFCDOCUMENTINFORMATION('X','EL-07-23-R15-PY',$,$,$,$,'DRAWING',$,$,$,$,$,$,$,$,$,$);
#1485=IFCRELASSOCIATESDOCUMENT('2qFzpsHRX1k9Qkpqcz4k3G',#1486,$,$,(#1),#1487);
#1486=IFCOWNERHISTORY(#24,#49,.READWRITE.,.ADDED.,1786467616,#24,#49,1786467616);
#1487=IFCDOCUMENTINFORMATION('X','EL-06-20-R12-NY',$,$,$,$,'DRAWING',$,$,$,$,$,$,$,$,$,$);
#1488=IFCRELASSOCIATESDOCUMENT('35o6EXmxL3PgozJzeDmoq$',#1489,$,$,(#1),#1490);
#1489=IFCOWNERHISTORY(#24,#49,.READWRITE.,.ADDED.,1770280538,#24,#49,1770280538);
#1490=IFCDOCUMENTINFORMATION('X','Wall Finish Plan',$,$,$,$,'DRAWING',$,$,$,$,$,$,$,$,$,$);
#1491=IFCRELASSOCIATESDOCUMENT('3JAVbaJIX1lA5ifz2dNCKz',#1492,$,$,(#1),#1493);
#1492=IFCOWNERHISTORY(#24,#49,.READWRITE.,.ADDED.,1786466382,#24,#49,1786466382);
#1493=IFCDOCUMENTINFORMATION('X','EL-02-04-R20-NY',$,$,$,$,'DRAWING',$,$,$,$,$,$,$,$,$,$);
#1494=IFCRELASSOCIATESDOCUMENT('1bLtaiJYn4Kv8a7$BiY7mf',#1495,$,$,(#1),#1496);
#1495=IFCOWNERHISTORY(#24,#49,.READWRITE.,.ADDED.,1786467229,#24,#49,1786467229);
#1496=IFCDOCUMENTINFORMATION('X','EL-04-11-R07-PX',$,$,$,$,'DRAWING',$,$,$,$,$,$,$,$,$,$);
#1497=IFCRELASSOCIATESDOCUMENT('0emDbQ26z8deCI2RhgXBW0',#1498,$,$,(#1),#1499);
#1498=IFCOWNERHISTORY(#24,#49,.READWRITE.,.ADDED.,1786467252,#24,#49,1786467252);
#1499=IFCDOCUMENTINFORMATION('X','EL-04-13-R07-NX',$,$,$,$,'DRAWING',$,$,$,$,$,$,$,$,$,$);
#1500=IFCRELASSOCIATESDOCUMENT('13JFuPSG11B8CXdWMXY9D2',#1501,$,$,(#1),#1502);
#1501=IFCOWNERHISTORY(#24,#49,.READWRITE.,.ADDED.,1786467622,#24,#49,1786467622);
#1502=IFCDOCUMENTINFORMATION('X','EL-06-21-R12-PX',$,$,$,$,'DRAWING',$,$,$,$,$,$,$,$,$,$);
#1503=IFCRELAGGREGATES('0OOJ_sFpP6rAKuHzrpuKFE',$,$,$,#1,(#16));
#1504=IFCRELASSOCIATESDOCUMENT('2Vs2T$3JzAhuGgCwuQdMwP',#1505,$,$,(#1),#1506);
#1505=IFCOWNERHISTORY(#24,#49,.READWRITE.,.ADDED.,1786467264,#24,#49,1786467264);
#1506=IFCDOCUMENTINFORMATION('X','EL-05-14-R09-PY',$,$,$,$,'DRAWING',$,$,$,$,$,$,$,$,$,$);
#1507=IFCRELASSOCIATESDOCUMENT('3AGhNLFO50NfYJKkt51kwn',#1508,$,$,(#1),#1509);
#1508=IFCOWNERHISTORY(#24,#49,.READWRITE.,.ADDED.,1768975613,#24,#49,1768975613);
#1509=IFCDOCUMENTINFORMATION('X','BBIM_Cost_Documents','Bonsai internal document containing references to cost CSV files',$,$,$,$,$,$,$,$,$,$,$,$,$,$);
#1510=IFCRELASSOCIATESDOCUMENT('2TQy4svKnE2gtijQ6v1Tos',#1511,$,$,(#1),#1512);
#1511=IFCOWNERHISTORY(#24,#49,.READWRITE.,.ADDED.,1786467831,#24,#49,1786467831);
#1512=IFCDOCUMENTINFORMATION('X','EL-09-34-R22-PX',$,$,$,$,'DRAWING',$,$,$,$,$,$,$,$,$,$);
#1513=IFCRELASSOCIATESDOCUMENT('2svXnx48bCPwoXiPysf$NL',#1514,$,$,(#1),#1515);
#1514=IFCOWNERHISTORY(#24,#49,.READWRITE.,.ADDED.,1786467893,#24,#49,1786467893);
#1515=IFCDOCUMENTINFORMATION('X','EL-09-35-R22-NY',$,$,$,$,'DRAWING',$,$,$,$,$,$,$,$,$,$);
#1516=IFCRELASSOCIATESDOCUMENT('0QD6vus5f5BggqStsJa1Us',#1517,$,$,(#1),#1518);
#1517=IFCOWNERHISTORY(#24,#49,.READWRITE.,.ADDED.,1786516863,#24,#49,1786516863);
#1518=IFCDOCUMENTINFORMATION('X','EL-P01-01-LIVING-WEST-NX',$,$,$,$,'DRAWING',$,$,$,$,$,$,$,$,$,$);
#1519=IFCRELASSOCIATESDOCUMENT('0zE89mnf54JfwmvLIMaDl6',#1520,$,$,(#1),#1521);
#1520=IFCOWNERHISTORY(#24,#49,.READWRITE.,.ADDED.,1786467903,#24,#49,1786467903);
#1521=IFCDOCUMENTINFORMATION('X','EL-09-36-R22-NX',$,$,$,$,'DRAWING',$,$,$,$,$,$,$,$,$,$);
#1522=IFCRELASSOCIATESDOCUMENT('0SLRuQgaL4MgSuVxwrWsY1',#1523,$,$,(#1),#1524);
#1523=IFCOWNERHISTORY(#24,#49,.READWRITE.,.ADDED.,1786466377,#24,#49,1786466377);
#1524=IFCDOCUMENTINFORMATION('X','EL-01-02-R20-PY',$,$,$,$,'DRAWING',$,$,$,$,$,$,$,$,$,$);
#1525=IFCRELASSOCIATESDOCUMENT('0nUegiyGXCEBvFUHiYg_8w',#1526,$,$,(#1),#1527);
#1526=IFCOWNERHISTORY(#24,#49,.READWRITE.,.ADDED.,1786467684,#24,#49,1786467684);
#1527=IFCDOCUMENTINFORMATION('X','EL-07-24-R15-PX',$,$,$,$,'DRAWING',$,$,$,$,$,$,$,$,$,$);
#1528=IFCRELASSOCIATESDOCUMENT('0TrCATNUnDywFM5tdyqrcN',#1529,$,$,(#1),#1530);
#1529=IFCOWNERHISTORY(#24,#49,.READWRITE.,.ADDED.,1786467740,#24,#49,1786467740);
#1530=IFCDOCUMENTINFORMATION('X','EL-08-27-R18-PY',$,$,$,$,'DRAWING',$,$,$,$,$,$,$,$,$,$);
#1531=IFCRELASSOCIATESDOCUMENT('2HK9Nz2jb9kRV7woST6jTn',#1532,$,$,(#1),#1533);
#1532=IFCOWNERHISTORY(#24,#49,.READWRITE.,.ADDED.,1786467688,#24,#49,1786467688);
#1533=IFCDOCUMENTINFORMATION('X','EL-07-25-R15-NY',$,$,$,$,'DRAWING',$,$,$,$,$,$,$,$,$,$);
#1534=IFCRELASSOCIATESDOCUMENT('1OxvnkTRf23AJUE_VjJ_uL',#1535,$,$,(#1),#1536);
#1535=IFCOWNERHISTORY(#24,#49,.READWRITE.,.ADDED.,1786467552,#24,#49,1786467552);
#1536=IFCDOCUMENTINFORMATION('X','EL-05-16-R09-NY',$,$,$,$,'DRAWING',$,$,$,$,$,$,$,$,$,$);
#1537=IFCRELASSOCIATESDOCUMENT('326QAmjnP89eeN0qf2j_ET',#1538,$,$,(#1),#1539);
#1538=IFCOWNERHISTORY(#24,#49,.READWRITE.,.ADDED.,1786467692,#24,#49,1786467692);
#1539=IFCDOCUMENTINFORMATION('X','EL-07-26-R15-NX',$,$,$,$,'DRAWING',$,$,$,$,$,$,$,$,$,$);
#1540=IFCRELASSOCIATESDOCUMENT('1vgNfNNTP2XuPn82GBoPEx',#1541,$,$,(#1),#1542);
#1541=IFCOWNERHISTORY(#24,#49,.READWRITE.,.ADDED.,1786467557,#24,#49,1786467557);
#1542=IFCDOCUMENTINFORMATION('X','EL-05-17-R09-NX',$,$,$,$,'DRAWING',$,$,$,$,$,$,$,$,$,$);
#1543=IFCRELASSOCIATESDOCUMENT('0qG5EvF4PBy80FnHeEpRjZ',#1544,$,$,(#1),#1545);
#1544=IFCOWNERHISTORY(#24,#49,.READWRITE.,.ADDED.,1786466590,#24,#49,1786466590);
#1545=IFCDOCUMENTINFORMATION('X','EL-02-05-R20-NX',$,$,$,$,'DRAWING',$,$,$,$,$,$,$,$,$,$);
#1546=IFCRELASSOCIATESDOCUMENT('3msXiumGv5IgGTLw$2ZH7A',#1547,$,$,(#1),#1548);
#1547=IFCOWNERHISTORY(#24,#49,.READWRITE.,.ADDED.,1786467548,#24,#49,1786467548);
#1548=IFCDOCUMENTINFORMATION('X','EL-05-15-R09-PX',$,$,$,$,'DRAWING',$,$,$,$,$,$,$,$,$,$);
#1549=IFCRELASSOCIATESDOCUMENT('2fo8k85oH5HBeSOn_56OjM',#1550,$,$,(#1),#1551);
#1550=IFCOWNERHISTORY(#24,#49,.READWRITE.,.ADDED.,1786466724,#24,#49,1786466724);
#1551=IFCDOCUMENTINFORMATION('X','EL-03-06-R04-PY',$,$,$,$,'DRAWING',$,$,$,$,$,$,$,$,$,$);
#1552=IFCRELASSOCIATESDOCUMENT('1DlFjmUPz2TOwoKRagjnpu',#1553,$,$,(#1),#1554);
#1553=IFCOWNERHISTORY(#24,#49,.READWRITE.,.ADDED.,1786516877,#24,#49,1786516877);
#1554=IFCDOCUMENTINFORMATION('X','EL-P01-03-DINING-NORTH-PY',$,$,$,$,'DRAWING',$,$,$,$,$,$,$,$,$,$);
#1555=IFCRELASSOCIATESDOCUMENT('3PnJSPR7963wgSzJfIu2GK',#1556,$,$,(#1),#1557);
#1556=IFCOWNERHISTORY(#24,#49,.READWRITE.,.ADDED.,1786516866,#24,#49,1786516866);
#1557=IFCDOCUMENTINFORMATION('X','EL-P01-02-LIVING-SOUTH-NY',$,$,$,$,'DRAWING',$,$,$,$,$,$,$,$,$,$);
#1558=IFCRELASSOCIATESDOCUMENT('1ZHdh7I9n16w4lvnO2E9dC',#1559,$,$,(#1),#1560);
#1559=IFCOWNERHISTORY(#24,#49,.READWRITE.,.ADDED.,1786467561,#24,#49,1786467561);
#1560=IFCDOCUMENTINFORMATION('X','EL-06-18-R13-PY',$,$,$,$,'DRAWING',$,$,$,$,$,$,$,$,$,$);
#1561=IFCRELASSOCIATESDOCUMENT('25H1U$xdD42fP4Ox2bsnML',#1562,$,$,(#1),#1563);
#1562=IFCOWNERHISTORY(#24,#49,.READWRITE.,.ADDED.,1786466286,#24,#49,1786466286);
#1563=IFCDOCUMENTINFORMATION('X','EL-01-01-R14-PY',$,$,$,$,'DRAWING',$,$,$,$,$,$,$,$,$,$);
#1564=IFCRELASSOCIATESDOCUMENT('0Wncn9Rp53ofGHDRsBYlaI',#1565,$,$,(#1),#1566);
#1565=IFCOWNERHISTORY(#24,#49,.READWRITE.,.ADDED.,1786516896,#24,#49,1786516896);
#1566=IFCDOCUMENTINFORMATION('X','EL-P01-06-MIDDLE-KITCHEN-WEST-NX',$,$,$,$,'DRAWING',$,$,$,$,$,$,$,$,$,$);
#1567=IFCRELASSOCIATESDOCUMENT('1S7ovJfULDDR$unHGmF_fD',#1568,$,$,(#1),#1569);
#1568=IFCOWNERHISTORY(#24,#49,.READWRITE.,.ADDED.,1770362686,#24,#49,1770362686);
#1569=IFCDOCUMENTINFORMATION('X','Sanitary Plan',$,$,$,$,'DRAWING',$,$,$,$,$,$,$,$,$,$);
#1570=IFCRELASSOCIATESDOCUMENT('3sLq3LAdj87PDTP5kjgkI7',#1571,$,$,(#1),#1572);
#1571=IFCOWNERHISTORY(#24,#49,.READWRITE.,.ADDED.,1786467744,#24,#49,1786467744);
#1572=IFCDOCUMENTINFORMATION('X','EL-08-28-R17-PY',$,$,$,$,'DRAWING',$,$,$,$,$,$,$,$,$,$);
#1573=IFCRELASSOCIATESDOCUMENT('1vtgaHodzAe9E_Cg6ztKa1',#1574,$,$,(#1),#1575);
#1574=IFCOWNERHISTORY(#24,#49,.READWRITE.,.ADDED.,1786516889,#24,#49,1786516889);
#1575=IFCDOCUMENTINFORMATION('X','EL-P01-05-WEST-KITCHEN-WEST-NX',$,$,$,$,'DRAWING',$,$,$,$,$,$,$,$,$,$);
#1576=IFCRELASSOCIATESDOCUMENT('15i$5L$B95UOoApdVZYoKM',#1577,$,$,(#1),#1578);
#1577=IFCOWNERHISTORY(#24,#49,.READWRITE.,.ADDED.,1786466220,#24,#49,1786466220);
#1578=IFCDOCUMENTINFORMATION('X','EL-01-03-R20-PX',$,$,$,$,'DRAWING',$,$,$,$,$,$,$,$,$,$);
#1579=IFCRELASSOCIATESDOCUMENT('0aPsGJGFDB3eGmdFs_AfV2',#1580,$,$,(#1),#1581);
#1580=IFCOWNERHISTORY(#24,#49,.READWRITE.,.ADDED.,1770474701,#24,#49,1770474701);
#1581=IFCDOCUMENTINFORMATION('X','Furniture Plan',$,$,$,$,'DRAWING',$,$,$,$,$,$,$,$,$,$);
#1582=IFCRELASSOCIATESDOCUMENT('0B$phm3w5Bfx4AccWBkNsf',#1583,$,$,(#1),#1584);
#1583=IFCOWNERHISTORY(#24,#49,.READWRITE.,.ADDED.,1786516900,#24,#49,1786516900);
#1584=IFCDOCUMENTINFORMATION('X','EL-P02-A-PUBLIC-NX',$,$,$,$,'DRAWING',$,$,$,$,$,$,$,$,$,$);
#1585=IFCRELASSOCIATESDOCUMENT('1hEeUNpgH769A_AJV8AGL7',#1586,$,$,(#1),#1587);
#1586=IFCOWNERHISTORY(#24,#49,.READWRITE.,.ADDED.,1786516884,#24,#49,1786516884);
#1587=IFCDOCUMENTINFORMATION('X','EL-P01-04-DINING-EAST-PX',$,$,$,$,'DRAWING',$,$,$,$,$,$,$,$,$,$);
#1588=IFCRELASSOCIATESDOCUMENT('3Gp6QRlZn9GO5i1aV$OPNL',#1589,$,$,(#1),#1590);
#1589=IFCOWNERHISTORY(#24,#49,.READWRITE.,.ADDED.,1786516919,#24,#49,1786516919);
#1590=IFCDOCUMENTINFORMATION('X','EL-P02-B-PUBLIC-PX',$,$,$,$,'DRAWING',$,$,$,$,$,$,$,$,$,$);
#1591=IFCRELASSOCIATESDOCUMENT('033yDu$evBSg13LyHpmu1x',#1592,$,$,(#1),#1593);
#1592=IFCOWNERHISTORY(#24,#49,.READWRITE.,.ADDED.,1786467612,#24,#49,1786467612);
#1593=IFCDOCUMENTINFORMATION('X','EL-06-19-R12-PY',$,$,$,$,'DRAWING',$,$,$,$,$,$,$,$,$,$);
#1594=IFCRELASSOCIATESDOCUMENT('171Q0s0$v0ruqiw31FMCaJ',#1595,$,$,(#1),#1596);
#1595=IFCOWNERHISTORY(#24,#49,.READWRITE.,.ADDED.,1786466775,#24,#49,1786466775);
#1596=IFCDOCUMENTINFORMATION('X','EL-03-07-R04-PX',$,$,$,$,'DRAWING',$,$,$,$,$,$,$,$,$,$);
#1597=IFCRELAGGREGATES('1lQDpO8o1BexUkJXGGEYsR',$,$,$,#16,(#22));
#1598=IFCRELAGGREGATES('3Zmam45Nb6lQyVxwxSi5RE',#1599,$,$,#22,(#33));
#1599=IFCOWNERHISTORY(#24,#27,.READWRITE.,.MODIFIED.,1765977108,#24,#49,1759986538);
#1600=IFCRELDEFINESBYTYPE('2Qm0JERszEVfrCvBorVTVv',#1601,$,$,(#1274),#47);
#1601=IFCOWNERHISTORY(#24,#27,.READWRITE.,.MODIFIED.,1769698991,#24,#49,1762500880);
#1602=IFCRELAGGREGATES('1Bxkz1G7P4ufjHQUqdsU67',#1603,$,$,#33,(#40));
#1603=IFCOWNERHISTORY(#24,#27,.READWRITE.,.MODIFIED.,1768115645,#24,#49,1762412096);
#1604=IFCRELCONTAINEDINSPATIALSTRUCTURE('0qRSQZ3uL6X89uxhyCoSlg',#1605,$,$,(#1274),#40);
#1605=IFCOWNERHISTORY(#24,#27,.READWRITE.,.MODIFIED.,1769702605,#24,#49,1762419206);
#1606=IFCSTYLEDITEM(#60,(#1607),$);
#1607=IFCSURFACESTYLE('Plastic Black Insulator',.BOTH.,(#1608));
#1608=IFCSURFACESTYLERENDERING(#1609,0.,#1610,$,$,$,IFCNORMALISEDRATIOMEASURE(0.),IFCSPECULARROUGHNESS(0.6),.NOTDEFINED.);
#1609=IFCCOLOURRGB($,0.00917292758822441,0.00917292758822441,0.00917292758822441);
#1610=IFCCOLOURRGB($,0.0020000000949949,0.0020000000949949,0.0020000000949949);
#1611=IFCSHAPEASPECT((#1394),'Side','{"review_library_body_view": 1, "camera_normal_local": [-1.0, 0.0, 0.0], "source": "proxy_paths_mm", "review_category": "pending"}',.T.,#1281);
#1612=IFCSHAPEASPECT((#1289),'Plan','{"review_library_body_view": 1, "camera_normal_local": [0.0, 0.0, 1.0], "source": "proxy_paths_mm", "review_category": "pending"}',.T.,#1281);
#1613=IFCSHAPEASPECT((#1345),'Front','{"review_library_body_view": 1, "camera_normal_local": [0.0, -1.0, 0.0], "source": "proxy_paths_mm", "review_category": "pending"}',.T.,#1281);
#1614=IFCSTYLEDITEM(#1615,(#1607),$);
#1615=IFCPOLYGONALFACESET(#1616,$,(#1617,#1618,#1619,#1620,#1621,#1622,#1623,#1624,#1625,#1626,#1627,#1628,#1629,#1630,#1631,#1632,#1633,#1634,#1635,#1636,#1637,#1638,#1639,#1640,#1641,#1642,#1643,#1644,#1645,#1646,#1647,#1648,#1649,#1650,#1651,#1652,#1653,#1654,#1655,#1656,#1657,#1658,#1659,#1660,#1661,#1662,#1663,#1664,#1665,#1666,#1667,#1668,#1669,#1670,#1671,#1672,#1673,#1674,#1675,#1676,#1677,#1678,#1679,#1680,#1681,#1682,#1683,#1684,#1685,#1686,#1687,#1688,#1689,#1690,#1691,#1692,#1693,#1694,#1695,#1696,#1697,#1698,#1699,#1700,#1701,#1702,#1703,#1704,#1705,#1706,#1707,#1708,#1709,#1710,#1711,#1712,#1713,#1714,#1715,#1716,#1717,#1718,#1719,#1720,#1721,#1722,#1723,#1724,#1725,#1726,#1727,#1728,#1729,#1730,#1731,#1732,#1733,#1734,#1735,#1736,#1737,#1738,#1739,#1740,#1741,#1742,#1743,#1744,#1745,#1746,#1747,#1748,#1749,#1750,#1751,#1752,#1753,#1754,#1755,#1756,#1757,#1758,#1759,#1760,#1761,#1762,#1763,#1764,#1765,#1766,#1767,#1768,#1769,#1770,#1771,#1772,#1773,#1774,#1775,#1776,#1777,#1778,#1779,#1780,#1781,#1782,#1783,#1784,#1785,#1786,#1787,#1788,#1789,#1790,#1791,#1792,#1793,#1794,#1795,#1796,#1797,#1798,#1799,#1800,#1801,#1802,#1803,#1804,#1805,#1806,#1807,#1808,#1809,#1810,#1811,#1812,#1813,#1814,#1815,#1816,#1817,#1818,#1819,#1820,#1821,#1822,#1823,#1824,#1825,#1826,#1827,#1828,#1829,#1830,#1831,#1832,#1833,#1834,#1835,#1836,#1837,#1838,#1839,#1840,#1841,#1842,#1843,#1844,#1845,#1846,#1847,#1848,#1849,#1850,#1851,#1852,#1853,#1854,#1855,#1856,#1857,#1858,#1859,#1860,#1861,#1862,#1863,#1864,#1865,#1866,#1867,#1868,#1869,#1870,#1871,#1872,#1873,#1874,#1875,#1876,#1877,#1878,#1879,#1880,#1881,#1882,#1883,#1884,#1885,#1886,#1887,#1888,#1889,#1890,#1891,#1892,#1893,#1894,#1895,#1896,#1897,#1898,#1899,#1900,#1901,#1902,#1903,#1904,#1905,#1906,#1907,#1908,#1909,#1910,#1911,#1912,#1913,#1914,#1915,#1916,#1917,#1918,#1919,#1920,#1921,#1922,#1923,#1924,#1925,#1926,#1927,#1928,#1929,#1930,#1931,#1932,#1933,#1934,#1935,#1936,#1937,#1938,#1939,#1940,#1941,#1942,#1943,#1944,#1945,#1946,#1947,#1948,#1949,#1950,#1951,#1952,#1953,#1954,#1955,#1956,#1957,#1958,#1959,#1960,#1961,#1962,#1963,#1964,#1965,#1966,#1967,#1968,#1969,#1970,#1971,#1972,#1973,#1974,#1975,#1976,#1977,#1978,#1979,#1980,#1981,#1982,#1983,#1984,#1985,#1986,#1987,#1988,#1989,#1990,#1991,#1992,#1993,#1994,#1995,#1996,#1997,#1998,#1999,#2000,#2001,#2002,#2003,#2004,#2005,#2006,#2007,#2008,#2009,#2010,#2011,#2012,#2013,#2014,#2015,#2016,#2017,#2018,#2019,#2020,#2021,#2022,#2023,#2024,#2025,#2026,#2027,#2028,#2029,#2030,#2031,#2032,#2033,#2034,#2035,#2036,#2037,#2038,#2039,#2040,#2041,#2042,#2043,#2044,#2045,#2046,#2047,#2048,#2049,#2050,#2051,#2052,#2053,#2054,#2055,#2056,#2057,#2058,#2059,#2060,#2061,#2062,#2063,#2064,#2065,#2066,#2067,#2068,#2069,#2070,#2071,#2072,#2073,#2074,#2075,#2076,#2077,#2078,#2079,#2080,#2081,#2082,#2083,#2084,#2085,#2086,#2087,#2088,#2089,#2090,#2091,#2092,#2093,#2094,#2095,#2096,#2097,#2098,#2099,#2100,#2101,#2102,#2103,#2104,#2105,#2106,#2107,#2108,#2109,#2110,#2111,#2112,#2113,#2114,#2115,#2116,#2117,#2118,#2119,#2120,#2121,#2122,#2123,#2124,#2125,#2126,#2127,#2128,#2129,#2130,#2131,#2132,#2133,#2134,#2135,#2136,#2137,#2138,#2139,#2140,#2141,#2142,#2143,#2144,#2145,#2146,#2147,#2148,#2149,#2150,#2151,#2152,#2153,#2154,#2155,#2156,#2157,#2158,#2159,#2160,#2161,#2162,#2163,#2164,#2165,#2166,#2167,#2168,#2169,#2170,#2171,#2172,#2173,#2174,#2175,#2176,#2177,#2178,#2179,#2180,#2181,#2182,#2183,#2184,#2185,#2186,#2187,#2188,#2189,#2190,#2191,#2192,#2193,#2194,#2195,#2196,#2197,#2198,#2199,#2200,#2201,#2202,#2203,#2204,#2205,#2206,#2207,#2208,#2209,#2210,#2211,#2212,#2213,#2214,#2215,#2216,#2217,#2218,#2219,#2220,#2221,#2222,#2223,#2224,#2225,#2226,#2227,#2228,#2229,#2230,#2231,#2232,#2233,#2234,#2235,#2236,#2237,#2238,#2239,#2240,#2241,#2242,#2243,#2244,#2245,#2246,#2247,#2248,#2249,#2250,#2251,#2252,#2253,#2254,#2255,#2256,#2257,#2258,#2259,#2260,#2261,#2262,#2263,#2264,#2265,#2266,#2267,#2268,#2269,#2270,#2271,#2272,#2273,#2274,#2275,#2276,#2277,#2278,#2279,#2280,#2281,#2282,#2283,#2284,#2285,#2286,#2287,#2288,#2289,#2290,#2291,#2292,#2293,#2294,#2295,#2296,#2297,#2298,#2299,#2300,#2301,#2302,#2303,#2304,#2305,#2306,#2307,#2308,#2309,#2310,#2311,#2312,#2313,#2314,#2315,#2316,#2317,#2318,#2319,#2320,#2321,#2322,#2323,#2324,#2325,#2326,#2327,#2328,#2329,#2330,#2331,#2332,#2333,#2334,#2335,#2336,#2337,#2338,#2339,#2340,#2341,#2342,#2343,#2344,#2345,#2346,#2347,#2348,#2349,#2350,#2351,#2352,#2353,#2354,#2355,#2356,#2357,#2358,#2359,#2360,#2361,#2362,#2363,#2364,#2365,#2366,#2367,#2368,#2369,#2370,#2371,#2372,#2373,#2374,#2375,#2376,#2377,#2378,#2379,#2380,#2381,#2382,#2383,#2384,#2385,#2386,#2387,#2388,#2389,#2390,#2391,#2392,#2393,#2394,#2395,#2396,#2397,#2398,#2399,#2400,#2401,#2402,#2403,#2404,#2405,#2406,#2407,#2408,#2409,#2410,#2411,#2412,#2413,#2414,#2415,#2416,#2417,#2418,#2419,#2420,#2421,#2422,#2423,#2424,#2425,#2426,#2427,#2428,#2429,#2430,#2431,#2432,#2433,#2434,#2435,#2436,#2437,#2438,#2439,#2440,#2441,#2442,#2443,#2444,#2445,#2446,#2447,#2448,#2449,#2450,#2451,#2452,#2453,#2454,#2455,#2456,#2457,#2458,#2459,#2460,#2461,#2462,#2463,#2464,#2465,#2466,#2467,#2468,#2469,#2470,#2471,#2472,#2473,#2474,#2475,#2476,#2477,#2478,#2479,#2480,#2481,#2482,#2483,#2484,#2485,#2486,#2487,#2488,#2489,#2490,#2491,#2492,#2493,#2494,#2495,#2496,#2497,#2498,#2499,#2500,#2501,#2502,#2503,#2504,#2505,#2506,#2507,#2508,#2509,#2510,#2511,#2512,#2513,#2514,#2515,#2516,#2517,#2518,#2519,#2520,#2521,#2522,#2523,#2524,#2525,#2526,#2527,#2528,#2529,#2530,#2531,#2532,#2533,#2534,#2535,#2536,#2537,#2538,#2539,#2540,#2541,#2542,#2543,#2544,#2545,#2546,#2547,#2548,#2549,#2550,#2551,#2552,#2553,#2554,#2555,#2556,#2557,#2558,#2559,#2560,#2561,#2562,#2563,#2564,#2565,#2566,#2567,#2568,#2569,#2570,#2571,#2572,#2573,#2574,#2575,#2576,#2577,#2578,#2579,#2580,#2581,#2582,#2583,#2584,#2585,#2586,#2587,#2588,#2589,#2590,#2591,#2592,#2593,#2594,#2595,#2596,#2597,#2598,#2599,#2600,#2601,#2602,#2603,#2604,#2605,#2606,#2607,#2608,#2609,#2610,#2611,#2612,#2613,#2614,#2615,#2616,#2617,#2618,#2619,#2620,#2621,#2622,#2623,#2624,#2625,#2626,#2627,#2628,#2629,#2630,#2631,#2632,#2633,#2634,#2635,#2636,#2637,#2638,#2639,#2640,#2641,#2642,#2643,#2644,#2645,#2646,#2647,#2648,#2649,#2650,#2651,#2652,#2653,#2654,#2655,#2656,#2657,#2658,#2659,#2660,#2661,#2662,#2663,#2664,#2665,#2666,#2667,#2668,#2669,#2670,#2671,#2672,#2673,#2674,#2675,#2676,#2677,#2678,#2679,#2680,#2681,#2682,#2683,#2684,#2685,#2686,#2687,#2688,#2689,#2690,#2691,#2692,#2693,#2694,#2695,#2696,#2697,#2698,#2699,#2700,#2701,#2702,#2703,#2704,#2705,#2706,#2707,#2708,#2709,#2710,#2711,#2712,#2713,#2714,#2715,#2716,#2717,#2718,#2719,#2720,#2721,#2722,#2723,#2724,#2725,#2726,#2727,#2728,#2729,#2730,#2731,#2732,#2733,#2734,#2735,#2736,#2737,#2738,#2739,#2740,#2741,#2742,#2743,#2744,#2745,#2746,#2747,#2748,#2749,#2750,#2751,#2752,#2753,#2754,#2755,#2756,#2757,#2758,#2759,#2760,#2761,#2762,#2763,#2764,#2765,#2766,#2767,#2768,#2769,#2770,#2771,#2772,#2773,#2774,#2775,#2776,#2777,#2778,#2779,#2780,#2781,#2782,#2783,#2784,#2785,#2786,#2787,#2788,#2789,#2790,#2791,#2792,#2793,#2794,#2795,#2796,#2797,#2798,#2799,#2800,#2801,#2802,#2803,#2804,#2805,#2806,#2807,#2808,#2809,#2810,#2811,#2812,#2813,#2814,#2815,#2816,#2817,#2818,#2819,#2820,#2821,#2822,#2823,#2824,#2825,#2826,#2827,#2828,#2829,#2830,#2831,#2832,#2833,#2834,#2835,#2836,#2837,#2838,#2839,#2840,#2841,#2842,#2843,#2844,#2845,#2846,#2847,#2848,#2849,#2850,#2851,#2852,#2853,#2854,#2855,#2856,#2857,#2858,#2859,#2860,#2861,#2862,#2863,#2864,#2865,#2866,#2867,#2868,#2869,#2870,#2871,#2872,#2873,#2874,#2875,#2876,#2877,#2878,#2879,#2880,#2881,#2882,#2883,#2884,#2885,#2886,#2887,#2888,#2889,#2890,#2891,#2892,#2893,#2894,#2895,#2896,#2897,#2898,#2899,#2900,#2901,#2902,#2903,#2904,#2905,#2906,#2907,#2908,#2909,#2910,#2911,#2912,#2913,#2914,#2915,#2916,#2917,#2918,#2919,#2920,#2921,#2922,#2923,#2924,#2925,#2926,#2927,#2928,#2929,#2930,#2931,#2932,#2933,#2934,#2935,#2936,#2937,#2938,#2939,#2940,#2941,#2942,#2943,#2944,#2945,#2946,#2947,#2948,#2949,#2950,#2951,#2952,#2953,#2954,#2955,#2956,#2957,#2958,#2959,#2960,#2961,#2962,#2963,#2964,#2965,#2966,#2967,#2968,#2969,#2970,#2971,#2972,#2973,#2974,#2975,#2976,#2977,#2978,#2979,#2980,#2981,#2982,#2983,#2984,#2985,#2986,#2987,#2988,#2989,#2990,#2991,#2992,#2993,#2994,#2995,#2996,#2997,#2998,#2999,#3000,#3001,#3002,#3003,#3004,#3005,#3006,#3007,#3008,#3009,#3010,#3011,#3012,#3013,#3014,#3015,#3016,#3017,#3018,#3019,#3020,#3021,#3022,#3023,#3024,#3025,#3026,#3027,#3028,#3029,#3030,#3031,#3032,#3033,#3034,#3035,#3036,#3037,#3038,#3039,#3040,#3041,#3042,#3043,#3044,#3045,#3046,#3047,#3048,#3049,#3050,#3051,#3052,#3053,#3054,#3055,#3056,#3057,#3058,#3059,#3060,#3061,#3062,#3063,#3064,#3065,#3066,#3067,#3068,#3069,#3070,#3071,#3072,#3073,#3074,#3075,#3076,#3077,#3078,#3079,#3080,#3081,#3082,#3083,#3084,#3085,#3086,#3087,#3088,#3089,#3090,#3091,#3092,#3093,#3094,#3095,#3096,#3097,#3098,#3099,#3100,#3101,#3102,#3103,#3104,#3105,#3106,#3107,#3108,#3109,#3110,#3111,#3112,#3113,#3114,#3115,#3116,#3117,#3118,#3119,#3120,#3121,#3122,#3123,#3124,#3125,#3126,#3127,#3128,#3129,#3130,#3131,#3132,#3133,#3134,#3135,#3136,#3137,#3138,#3139,#3140,#3141,#3142,#3143,#3144,#3145,#3146,#3147,#3148,#3149,#3150,#3151,#3152,#3153,#3154,#3155,#3156,#3157,#3158,#3159,#3160,#3161,#3162,#3163,#3164,#3165,#3166,#3167,#3168,#3169,#3170,#3171,#3172,#3173,#3174,#3175,#3176,#3177,#3178,#3179,#3180,#3181,#3182,#3183,#3184,#3185,#3186,#3187,#3188,#3189,#3190,#3191,#3192,#3193,#3194,#3195,#3196,#3197,#3198,#3199,#3200,#3201,#3202,#3203,#3204,#3205,#3206,#3207,#3208,#3209,#3210,#3211,#3212,#3213,#3214,#3215,#3216,#3217,#3218,#3219,#3220,#3221,#3222,#3223,#3224,#3225,#3226,#3227,#3228,#3229,#3230,#3231,#3232,#3233,#3234,#3235,#3236,#3237,#3238,#3239,#3240,#3241,#3242,#3243,#3244,#3245,#3246,#3247,#3248,#3249,#3250,#3251,#3252,#3253,#3254,#3255,#3256,#3257,#3258,#3259,#3260,#3261,#3262,#3263,#3264,#3265,#3266,#3267,#3268,#3269,#3270,#3271,#3272,#3273,#3274,#3275,#3276,#3277,#3278,#3279,#3280,#3281,#3282,#3283,#3284,#3285,#3286,#3287,#3288,#3289,#3290,#3291,#3292,#3293,#3294,#3295,#3296,#3297,#3298,#3299,#3300,#3301,#3302,#3303,#3304,#3305,#3306,#3307,#3308,#3309,#3310,#3311,#3312,#3313,#3314,#3315,#3316,#3317,#3318,#3319,#3320,#3321,#3322,#3323,#3324,#3325,#3326,#3327,#3328,#3329,#3330,#3331,#3332,#3333,#3334,#3335,#3336,#3337,#3338,#3339,#3340,#3341,#3342,#3343,#3344,#3345,#3346,#3347,#3348,#3349,#3350,#3351,#3352,#3353,#3354,#3355,#3356,#3357,#3358,#3359,#3360,#3361,#3362,#3363,#3364,#3365,#3366,#3367,#3368,#3369,#3370,#3371,#3372,#3373,#3374,#3375,#3376,#3377,#3378,#3379,#3380,#3381,#3382,#3383,#3384,#3385,#3386,#3387,#3388,#3389,#3390,#3391,#3392,#3393,#3394,#3395,#3396,#3397,#3398,#3399,#3400,#3401,#3402,#3403,#3404,#3405,#3406,#3407,#3408,#3409,#3410,#3411,#3412,#3413,#3414,#3415,#3416,#3417,#3418,#3419,#3420,#3421,#3422,#3423,#3424,#3425,#3426,#3427,#3428,#3429,#3430,#3431,#3432,#3433,#3434,#3435,#3436,#3437,#3438,#3439,#3440,#3441,#3442,#3443,#3444,#3445,#3446,#3447,#3448,#3449,#3450,#3451,#3452,#3453,#3454,#3455,#3456,#3457,#3458,#3459,#3460,#3461,#3462,#3463,#3464,#3465,#3466,#3467,#3468,#3469,#3470,#3471,#3472,#3473,#3474,#3475,#3476,#3477,#3478,#3479,#3480,#3481,#3482,#3483,#3484,#3485,#3486,#3487,#3488,#3489,#3490,#3491,#3492,#3493,#3494,#3495,#3496,#3497,#3498,#3499,#3500,#3501,#3502,#3503,#3504,#3505,#3506,#3507,#3508,#3509,#3510,#3511,#3512,#3513,#3514,#3515,#3516,#3517,#3518,#3519,#3520,#3521,#3522,#3523,#3524,#3525,#3526,#3527,#3528,#3529,#3530,#3531,#3532,#3533,#3534,#3535,#3536,#3537,#3538,#3539,#3540,#3541,#3542,#3543,#3544,#3545,#3546,#3547,#3548,#3549,#3550,#3551,#3552,#3553,#3554,#3555,#3556,#3557,#3558,#3559,#3560,#3561,#3562,#3563,#3564,#3565,#3566,#3567,#3568,#3569,#3570,#3571,#3572,#3573,#3574,#3575,#3576,#3577,#3578,#3579,#3580,#3581,#3582,#3583,#3584,#3585,#3586,#3587,#3588,#3589,#3590,#3591,#3592,#3593,#3594,#3595,#3596,#3597,#3598,#3599,#3600,#3601,#3602,#3603,#3604,#3605,#3606,#3607,#3608,#3609,#3610,#3611,#3612,#3613,#3614,#3615,#3616,#3617,#3618,#3619,#3620,#3621,#3622,#3623,#3624,#3625,#3626,#3627,#3628,#3629,#3630,#3631,#3632,#3633,#3634,#3635,#3636,#3637,#3638,#3639,#3640,#3641,#3642,#3643,#3644,#3645,#3646,#3647,#3648,#3649,#3650,#3651,#3652,#3653,#3654,#3655,#3656,#3657,#3658,#3659,#3660,#3661,#3662,#3663,#3664,#3665,#3666,#3667,#3668,#3669,#3670,#3671,#3672,#3673,#3674,#3675,#3676,#3677,#3678,#3679,#3680,#3681,#3682,#3683,#3684,#3685,#3686,#3687,#3688,#3689,#3690,#3691,#3692,#3693,#3694,#3695,#3696,#3697,#3698,#3699,#3700,#3701,#3702,#3703,#3704,#3705,#3706,#3707,#3708,#3709,#3710,#3711,#3712,#3713,#3714,#3715,#3716,#3717,#3718,#3719,#3720,#3721,#3722,#3723,#3724,#3725,#3726,#3727,#3728,#3729,#3730,#3731,#3732,#3733,#3734,#3735,#3736,#3737,#3738,#3739,#3740,#3741,#3742,#3743,#3744,#3745,#3746,#3747,#3748,#3749,#3750,#3751,#3752,#3753,#3754,#3755,#3756,#3757,#3758,#3759,#3760,#3761,#3762,#3763,#3764,#3765,#3766,#3767,#3768,#3769,#3770,#3771,#3772,#3773,#3774,#3775,#3776,#3777,#3778,#3779,#3780,#3781,#3782,#3783,#3784,#3785,#3786,#3787,#3788,#3789,#3790,#3791,#3792,#3793,#3794,#3795,#3796,#3797,#3798,#3799,#3800,#3801,#3802,#3803,#3804,#3805,#3806,#3807,#3808,#3809,#3810,#3811,#3812,#3813,#3814,#3815,#3816,#3817,#3818,#3819,#3820,#3821,#3822,#3823,#3824,#3825,#3826,#3827,#3828,#3829,#3830,#3831,#3832,#3833,#3834,#3835,#3836,#3837,#3838,#3839,#3840,#3841,#3842,#3843,#3844,#3845,#3846,#3847,#3848,#3849,#3850,#3851,#3852,#3853,#3854,#3855,#3856,#3857,#3858,#3859,#3860,#3861,#3862,#3863,#3864,#3865,#3866,#3867,#3868,#3869,#3870,#3871,#3872,#3873,#3874,#3875,#3876,#3877,#3878,#3879,#3880,#3881,#3882,#3883,#3884,#3885,#3886,#3887,#3888,#3889,#3890,#3891,#3892,#3893,#3894,#3895,#3896,#3897,#3898,#3899,#3900,#3901,#3902,#3903,#3904,#3905,#3906,#3907,#3908,#3909,#3910,#3911,#3912,#3913,#3914,#3915,#3916,#3917,#3918,#3919,#3920,#3921,#3922,#3923,#3924,#3925,#3926,#3927,#3928,#3929,#3930,#3931,#3932,#3933,#3934,#3935,#3936,#3937,#3938,#3939,#3940,#3941,#3942,#3943,#3944,#3945,#3946,#3947,#3948,#3949,#3950,#3951,#3952,#3953,#3954,#3955,#3956,#3957,#3958,#3959,#3960,#3961,#3962,#3963,#3964,#3965,#3966,#3967,#3968,#3969,#3970,#3971,#3972,#3973,#3974,#3975,#3976,#3977,#3978,#3979,#3980,#3981,#3982,#3983,#3984,#3985,#3986,#3987,#3988,#3989,#3990,#3991,#3992,#3993,#3994,#3995,#3996,#3997,#3998,#3999,#4000,#4001,#4002,#4003,#4004,#4005,#4006,#4007,#4008,#4009,#4010,#4011,#4012,#4013,#4014,#4015,#4016,#4017,#4018,#4019,#4020,#4021,#4022,#4023,#4024,#4025,#4026,#4027,#4028,#4029,#4030,#4031,#4032,#4033,#4034,#4035,#4036,#4037,#4038,#4039,#4040,#4041,#4042,#4043,#4044,#4045,#4046,#4047,#4048,#4049,#4050,#4051,#4052,#4053,#4054,#4055,#4056,#4057,#4058,#4059,#4060,#4061,#4062,#4063,#4064,#4065,#4066,#4067,#4068,#4069,#4070,#4071,#4072,#4073,#4074,#4075,#4076,#4077,#4078,#4079,#4080,#4081,#4082,#4083,#4084,#4085,#4086,#4087,#4088,#4089,#4090,#4091,#4092,#4093,#4094,#4095,#4096,#4097,#4098,#4099,#4100,#4101,#4102,#4103,#4104,#4105,#4106,#4107,#4108,#4109,#4110,#4111,#4112,#4113,#4114,#4115,#4116,#4117,#4118,#4119,#4120,#4121,#4122,#4123,#4124,#4125,#4126,#4127,#4128,#4129,#4130,#4131,#4132,#4133,#4134,#4135,#4136,#4137,#4138,#4139,#4140,#4141,#4142,#4143,#4144,#4145,#4146,#4147,#4148,#4149,#4150,#4151,#4152,#4153,#4154,#4155,#4156,#4157,#4158,#4159,#4160,#4161,#4162,#4163,#4164,#4165,#4166,#4167,#4168,#4169,#4170,#4171,#4172,#4173,#4174,#4175,#4176,#4177,#4178,#4179,#4180,#4181,#4182,#4183,#4184,#4185,#4186,#4187,#4188,#4189,#4190,#4191,#4192,#4193,#4194,#4195,#4196,#4197,#4198,#4199,#4200,#4201,#4202,#4203,#4204,#4205,#4206,#4207,#4208,#4209,#4210,#4211,#4212,#4213,#4214,#4215,#4216,#4217,#4218,#4219,#4220,#4221,#4222,#4223,#4224,#4225,#4226,#4227,#4228,#4229,#4230,#4231,#4232,#4233,#4234,#4235,#4236,#4237,#4238,#4239,#4240,#4241,#4242,#4243,#4244,#4245,#4246,#4247,#4248,#4249,#4250,#4251,#4252,#4253,#4254,#4255,#4256,#4257,#4258,#4259,#4260,#4261,#4262,#4263,#4264,#4265,#4266,#4267,#4268,#4269,#4270,#4271,#4272,#4273,#4274,#4275,#4276,#4277,#4278,#4279,#4280,#4281,#4282,#4283,#4284,#4285,#4286,#4287,#4288,#4289,#4290,#4291,#4292,#4293,#4294,#4295,#4296,#4297,#4298,#4299,#4300,#4301,#4302,#4303,#4304,#4305,#4306,#4307,#4308,#4309,#4310,#4311,#4312,#4313,#4314,#4315,#4316,#4317,#4318,#4319,#4320,#4321,#4322,#4323,#4324,#4325,#4326,#4327,#4328,#4329,#4330,#4331,#4332,#4333,#4334,#4335,#4336,#4337,#4338,#4339,#4340,#4341,#4342,#4343,#4344,#4345,#4346,#4347,#4348,#4349,#4350,#4351,#4352,#4353,#4354,#4355,#4356,#4357,#4358,#4359,#4360,#4361,#4362,#4363,#4364,#4365,#4366,#4367,#4368,#4369,#4370,#4371,#4372,#4373,#4374,#4375,#4376,#4377,#4378,#4379,#4380,#4381,#4382,#4383,#4384,#4385,#4386,#4387,#4388,#4389,#4390,#4391,#4392,#4393,#4394,#4395,#4396,#4397,#4398,#4399,#4400,#4401,#4402,#4403,#4404,#4405,#4406,#4407,#4408,#4409,#4410,#4411,#4412,#4413,#4414,#4415,#4416,#4417,#4418,#4419,#4420,#4421,#4422,#4423,#4424,#4425,#4426,#4427,#4428,#4429,#4430,#4431,#4432,#4433,#4434,#4435,#4436,#4437,#4438,#4439,#4440,#4441,#4442,#4443,#4444,#4445,#4446,#4447,#4448,#4449,#4450,#4451,#4452,#4453,#4454,#4455,#4456,#4457,#4458,#4459,#4460,#4461,#4462,#4463,#4464,#4465,#4466,#4467,#4468,#4469,#4470,#4471,#4472,#4473,#4474,#4475,#4476,#4477,#4478,#4479,#4480,#4481,#4482,#4483,#4484,#4485,#4486,#4487,#4488,#4489,#4490,#4491,#4492,#4493,#4494,#4495,#4496,#4497,#4498,#4499,#4500,#4501,#4502,#4503,#4504,#4505,#4506,#4507,#4508,#4509,#4510,#4511,#4512,#4513,#4514,#4515,#4516,#4517,#4518,#4519,#4520,#4521,#4522,#4523,#4524,#4525,#4526,#4527,#4528,#4529,#4530,#4531,#4532,#4533,#4534,#4535,#4536,#4537,#4538,#4539,#4540,#4541,#4542,#4543,#4544,#4545,#4546,#4547,#4548,#4549,#4550,#4551,#4552,#4553,#4554,#4555,#4556,#4557,#4558,#4559,#4560,#4561,#4562,#4563,#4564,#4565,#4566,#4567,#4568,#4569,#4570,#4571,#4572,#4573,#4574,#4575,#4576,#4577,#4578,#4579,#4580,#4581,#4582,#4583,#4584,#4585,#4586,#4587,#4588,#4589,#4590,#4591,#4592,#4593,#4594,#4595,#4596,#4597,#4598,#4599,#4600,#4601,#4602,#4603,#4604,#4605,#4606,#4607,#4608,#4609,#4610,#4611,#4612,#4613,#4614,#4615,#4616,#4617,#4618,#4619,#4620,#4621,#4622,#4623,#4624,#4625,#4626,#4627,#4628,#4629,#4630,#4631,#4632,#4633,#4634,#4635,#4636,#4637,#4638,#4639,#4640,#4641,#4642,#4643,#4644,#4645,#4646,#4647,#4648,#4649,#4650,#4651,#4652,#4653,#4654,#4655,#4656,#4657,#4658,#4659,#4660,#4661,#4662,#4663,#4664,#4665,#4666,#4667,#4668,#4669,#4670,#4671,#4672,#4673,#4674,#4675,#4676,#4677,#4678,#4679,#4680,#4681,#4682,#4683,#4684,#4685,#4686,#4687,#4688,#4689,#4690,#4691,#4692,#4693,#4694,#4695,#4696,#4697,#4698,#4699,#4700,#4701,#4702,#4703,#4704,#4705,#4706,#4707,#4708,#4709,#4710,#4711,#4712,#4713,#4714,#4715,#4716,#4717,#4718,#4719,#4720,#4721,#4722,#4723,#4724,#4725,#4726,#4727,#4728,#4729,#4730,#4731,#4732,#4733,#4734,#4735,#4736,#4737,#4738,#4739,#4740,#4741,#4742,#4743,#4744,#4745,#4746,#4747,#4748,#4749,#4750,#4751,#4752,#4753,#4754,#4755,#4756,#4757,#4758,#4759,#4760,#4761,#4762,#4763,#4764,#4765,#4766,#4767,#4768,#4769,#4770,#4771,#4772,#4773,#4774,#4775,#4776,#4777,#4778,#4779,#4780,#4781,#4782,#4783,#4784,#4785,#4786,#4787,#4788,#4789,#4790,#4791,#4792,#4793,#4794,#4795,#4796,#4797,#4798,#4799,#4800,#4801,#4802,#4803,#4804,#4805,#4806,#4807,#4808,#4809,#4810,#4811,#4812,#4813,#4814,#4815,#4816,#4817,#4818,#4819,#4820,#4821,#4822,#4823,#4824,#4825,#4826,#4827,#4828,#4829,#4830,#4831,#4832,#4833,#4834,#4835,#4836,#4837,#4838,#4839,#4840,#4841,#4842,#4843,#4844,#4845,#4846,#4847,#4848,#4849,#4850,#4851,#4852,#4853,#4854,#4855,#4856,#4857,#4858,#4859,#4860,#4861,#4862,#4863,#4864,#4865,#4866,#4867,#4868,#4869,#4870,#4871,#4872,#4873,#4874,#4875,#4876,#4877,#4878,#4879,#4880,#4881,#4882,#4883,#4884,#4885,#4886,#4887,#4888,#4889,#4890,#4891,#4892,#4893,#4894,#4895,#4896,#4897,#4898,#4899,#4900,#4901,#4902,#4903,#4904,#4905,#4906,#4907,#4908,#4909,#4910,#4911,#4912,#4913,#4914,#4915,#4916,#4917,#4918,#4919,#4920,#4921,#4922,#4923,#4924,#4925,#4926,#4927,#4928,#4929,#4930,#4931,#4932,#4933,#4934,#4935,#4936,#4937,#4938,#4939,#4940,#4941,#4942,#4943,#4944,#4945,#4946,#4947,#4948,#4949,#4950,#4951,#4952,#4953,#4954,#4955,#4956,#4957,#4958,#4959,#4960,#4961,#4962,#4963,#4964,#4965,#4966,#4967,#4968,#4969,#4970,#4971,#4972,#4973,#4974,#4975,#4976,#4977,#4978,#4979,#4980,#4981,#4982,#4983,#4984,#4985,#4986,#4987,#4988,#4989,#4990,#4991,#4992,#4993,#4994,#4995,#4996,#4997,#4998,#4999,#5000,#5001,#5002,#5003,#5004,#5005,#5006,#5007,#5008,#5009,#5010,#5011,#5012,#5013,#5014,#5015,#5016,#5017,#5018,#5019,#5020,#5021,#5022,#5023,#5024,#5025,#5026,#5027,#5028,#5029,#5030,#5031,#5032,#5033,#5034,#5035,#5036,#5037,#5038,#5039,#5040,#5041,#5042,#5043,#5044,#5045,#5046,#5047,#5048,#5049,#5050,#5051,#5052,#5053,#5054,#5055,#5056,#5057,#5058,#5059,#5060,#5061,#5062,#5063,#5064,#5065,#5066,#5067,#5068,#5069,#5070,#5071,#5072,#5073,#5074,#5075,#5076,#5077,#5078,#5079,#5080,#5081,#5082,#5083,#5084,#5085,#5086,#5087,#5088,#5089,#5090,#5091,#5092,#5093,#5094,#5095,#5096,#5097,#5098,#5099,#5100,#5101,#5102,#5103,#5104,#5105,#5106,#5107,#5108,#5109,#5110,#5111,#5112,#5113,#5114,#5115,#5116,#5117,#5118,#5119,#5120,#5121,#5122,#5123,#5124,#5125,#5126,#5127,#5128,#5129,#5130,#5131,#5132,#5133,#5134,#5135,#5136,#5137,#5138,#5139,#5140,#5141,#5142,#5143,#5144,#5145,#5146,#5147,#5148,#5149,#5150,#5151,#5152,#5153,#5154,#5155,#5156,#5157,#5158,#5159,#5160,#5161,#5162,#5163,#5164,#5165,#5166,#5167,#5168,#5169,#5170,#5171,#5172,#5173,#5174,#5175,#5176,#5177,#5178,#5179,#5180,#5181,#5182,#5183,#5184,#5185,#5186,#5187,#5188,#5189,#5190,#5191,#5192,#5193,#5194,#5195,#5196,#5197,#5198,#5199,#5200,#5201,#5202,#5203,#5204,#5205,#5206,#5207,#5208,#5209,#5210,#5211,#5212,#5213,#5214,#5215,#5216,#5217,#5218,#5219,#5220,#5221,#5222,#5223,#5224,#5225,#5226,#5227,#5228,#5229,#5230,#5231,#5232,#5233,#5234,#5235,#5236,#5237,#5238,#5239,#5240,#5241,#5242,#5243,#5244,#5245,#5246,#5247,#5248,#5249,#5250,#5251,#5252,#5253,#5254,#5255,#5256,#5257,#5258,#5259,#5260,#5261,#5262,#5263,#5264,#5265,#5266,#5267,#5268,#5269,#5270,#5271,#5272,#5273,#5274,#5275,#5276,#5277,#5278,#5279,#5280,#5281,#5282,#5283,#5284,#5285,#5286,#5287,#5288,#5289,#5290,#5291,#5292,#5293,#5294,#5295,#5296,#5297,#5298,#5299,#5300,#5301,#5302,#5303,#5304,#5305,#5306,#5307,#5308,#5309,#5310,#5311,#5312,#5313,#5314,#5315,#5316,#5317,#5318,#5319,#5320,#5321,#5322,#5323,#5324,#5325,#5326,#5327,#5328,#5329,#5330,#5331,#5332,#5333,#5334,#5335,#5336,#5337,#5338,#5339,#5340,#5341,#5342,#5343,#5344,#5345,#5346,#5347,#5348,#5349,#5350,#5351,#5352,#5353,#5354,#5355,#5356,#5357,#5358,#5359,#5360,#5361,#5362,#5363,#5364,#5365,#5366,#5367,#5368,#5369,#5370,#5371,#5372,#5373,#5374,#5375,#5376,#5377,#5378,#5379,#5380,#5381,#5382,#5383,#5384,#5385,#5386,#5387,#5388,#5389,#5390,#5391,#5392,#5393,#5394,#5395,#5396,#5397,#5398,#5399,#5400,#5401,#5402,#5403,#5404,#5405,#5406,#5407,#5408,#5409,#5410,#5411,#5412,#5413,#5414,#5415,#5416,#5417,#5418,#5419,#5420,#5421,#5422,#5423,#5424,#5425,#5426,#5427,#5428,#5429,#5430,#5431,#5432,#5433,#5434,#5435,#5436,#5437,#5438,#5439,#5440,#5441,#5442,#5443,#5444,#5445,#5446,#5447,#5448,#5449,#5450,#5451,#5452,#5453,#5454,#5455,#5456,#5457,#5458,#5459,#5460,#5461,#5462,#5463,#5464,#5465,#5466,#5467,#5468,#5469,#5470,#5471,#5472,#5473,#5474,#5475,#5476,#5477,#5478,#5479,#5480,#5481,#5482,#5483,#5484,#5485,#5486,#5487,#5488,#5489,#5490,#5491,#5492,#5493,#5494,#5495,#5496,#5497,#5498,#5499,#5500,#5501,#5502,#5503,#5504,#5505,#5506,#5507,#5508,#5509,#5510,#5511,#5512,#5513,#5514,#5515,#5516,#5517,#5518,#5519,#5520,#5521,#5522,#5523,#5524,#5525,#5526,#5527,#5528,#5529,#5530,#5531,#5532,#5533,#5534,#5535,#5536,#5537,#5538,#5539,#5540,#5541,#5542,#5543,#5544,#5545,#5546,#5547,#5548,#5549,#5550,#5551,#5552,#5553,#5554,#5555,#5556,#5557,#5558,#5559,#5560),$);
#1616=IFCCARTESIANPOINTLIST3D(((-313.350341796875,-17.3407039642334,-111.313552856445),(-313.350341796875,6.258056640625,-117.13013458252),(-313.350341796875,-21.5210742950439,-106.594902038574),(-311.350341796875,-23.1670398712158,-107.731033325195),(-311.350341796875,-18.6669483184814,-112.810585021973),(-313.350341796875,-12.1525573730469,-114.894676208496),(-313.350341796875,-6.25815153121948,-117.13013458252),(-313.350341796875,0.,-117.889999389648),(-311.350341796875,-6.73678255081177,-119.07201385498),(-311.350341796875,0.,-119.889999389648),(-268.350280761719,0.,-119.889999389648),(-311.350341796875,6.73668813705444,-119.07201385498),(-268.350280761719,6.73669481277466,-119.07201385498),(-268.350280761719,13.0819149017334,-116.665588378906),(-257.160278320312,3.20327949523926,-116.686828613281),(-257.160278320312,8.80323886871338,-115.300720214844),(-257.160278320312,8.19865798950195,-115.517860412598),(-257.160278320312,7.58873128890991,-115.71949005127),(-257.160278320312,6.97385358810425,-115.905479431152),(-257.160278320312,6.35442447662354,-116.075691223145),(-257.160278320312,5.7308521270752,-116.230041503906),(-257.160278320312,5.10354137420654,-116.36841583252),(-257.160278320312,4.472900390625,-116.49072265625),(-257.160278320312,3.83934211730957,-116.596878051758),(-257.160278320312,3.82908701896667,-116.596794128418),(-257.160278320312,4.46098709106445,-116.491195678711),(-230.150314331055,4.71159410476685,-116.444717407227),(-257.160278320312,5.08999156951904,-116.369537353516),(-257.160278320312,5.71569299697876,-116.231895446777),(-257.160278320312,6.33768558502197,-116.07836151123),(-257.160278320312,6.95556545257568,-115.909034729004),(-257.160278320312,7.568932056427,-115.724021911621),(-230.150314331055,10.1118078231812,-114.767654418945),(-257.160278320312,8.17738723754883,-115.523445129395),(-257.160278320312,8.7805347442627,-115.307434082031),(-257.160278320312,9.37798690795898,-115.076133728027),(-257.160278320312,9.96934986114502,-114.829689025879),(-257.160278320312,9.40207481384277,-115.068214416504),(-257.160278320312,10.,-114.820487976074),(-257.160278320312,10.5809640884399,-114.557708740234),(-257.160278320312,10.5542469024658,-114.568260192871),(-257.160278320312,11.1322946548462,-114.292015075684),(-257.160278320312,11.7031192779541,-114.),(-257.160278320312,11.1602449417114,-114.280044555664),(-257.160278320312,11.7322483062744,-113.987670898438),(-257.160278320312,12.2663469314575,-113.695823669434),(-257.160278320312,12.2965955734253,-113.680786132812),(-257.160278320312,12.8529224395752,-113.359596252441),(-257.160278320312,12.8216180801392,-113.376258850098),(-230.150314331055,15.,-111.926528930664),(-257.160278320312,13.3685665130615,-113.042655944824),(-257.160278320312,13.4008636474609,-113.024291992188),(-257.160278320312,13.9068412780762,-112.69522857666),(-257.160278320312,13.9400653839111,-112.675117492676),(-257.160278320312,14.4360914230347,-112.334190368652),(-257.160278320312,14.9559736251831,-111.959800720215),(-257.160278320312,14.4701728820801,-112.312271118164),(-257.160278320312,15.,-111.936012268066),(-268.350280761719,18.6668586730957,-112.810585021973),(-257.160278320312,15.50172996521,-111.546577453613),(-257.160278320312,16.,-111.144233703613),(-311.350341796875,13.0819091796875,-116.665588378906),(-257.160278320312,18.7770023345947,-108.47403717041),(-268.350280761719,23.1669540405273,-107.731033325195),(-311.350341796875,18.6668529510498,-112.810585021973),(-257.160278320312,17.8980617523193,-109.410972595215),(-257.160278320312,18.3435173034668,-108.948120117188),(-257.160278320312,17.4409332275391,-109.8623046875),(-257.160278320312,16.9724235534668,-110.301826477051),(-257.160278320312,16.4928417205811,-110.729209899902),(-257.160278320312,16.9351787567139,-110.33358001709),(-257.160278320312,16.4560718536377,-110.758911132812),(-257.160278320312,15.9662914276123,-111.171913146973),(-257.160278320312,15.4661512374878,-111.572280883789),(-257.160278320312,17.4032878875732,-109.896186828613),(-230.150314331055,19.1315860748291,-108.064933776855),(-257.160278320312,17.860107421875,-109.446990966797),(-257.160278320312,18.3053359985352,-108.986320495605),(-257.160278320312,18.7386894226074,-108.514457702637),(-257.160278320312,19.1598815917969,-108.031715393066),(-257.160278320312,19.568639755249,-107.538398742676),(-257.160278320312,19.1982460021973,-107.989044189453),(-257.160278320312,19.6069622039795,-107.493446350098),(-257.160278320312,19.9647006988525,-107.034820556641),(-257.160278320312,20.,-106.987564086914),(-257.160278320312,20.385763168335,-106.471748352051),(-257.160278320312,20.3478107452393,-106.521324157715),(-257.160278320312,20.7177085876465,-106.),(-257.160278320312,21.0741653442383,-105.465896606445),(-257.160278320312,20.7553462982178,-105.946319580078),(-230.150314331055,22.2951908111572,-103.37809753418),(-257.160278320312,22.6470146179199,-102.677703857422),(-257.160278320312,22.3610668182373,-103.251022338867),(-257.160278320312,22.0606117248535,-103.816856384277),(-190.350296020508,20.8823699951172,-105.755996704102),(-190.350296020508,20.3222103118896,-106.556510925293),(-257.160278320312,21.7458343505859,-104.374847412109),(-257.160278320312,21.4169521331787,-104.924652099609),(-257.160278320312,23.1746520996094,-101.51016998291),(-257.160278320312,22.918270111084,-102.097297668457),(-230.150314331055,24.3317413330078,-98.1029357910156),(-257.160278320312,23.4159908294678,-100.916717529297),(-190.350296020508,23.8434276580811,-99.7407455444336),(-190.350296020508,21.4110145568848,-104.934303283691),(-182.292785644531,25.0613594055176,-96.6130294799805),(-182.371459960938,24.0321922302246,-99.858268737793),(-182.398315429688,23.2609004974365,-101.569610595703),(-175.631454467773,25.9367580413818,-94.5359039306641),(-175.675598144531,25.2889995574951,-96.1957855224609),(-165.978958129883,27.0829086303711,-86.4633865356445),(-165.923294067383,27.871431350708,-85.1395721435547),(-168.249725341797,28.4087524414062,-85.1023635864258),(-175.501770019531,26.6972217559814,-91.5214004516602),(-175.416412353516,26.8979816436768,-90.01953125),(-182.241134643555,25.3928489685059,-94.9604415893555),(-175.226654052734,26.9555187225342,-87.29296875),(-168.143692016602,28.7045097351074,-83.7561645507812),(-167.907653808594,28.9030513763428,-81.2335052490234),(-154.422592163086,33.9525527954102,-67.1488952636719),(-167.764953613281,28.8125324249268,-79.9083099365234),(-154.5380859375,33.5398750305176,-68.7745971679688),(-149.358551025391,35.6431732177734,-63.3726234436035),(-154.729309082031,32.0277938842773,-71.4382629394531),(-149.442428588867,35.,-65.171989440918),(-149.581344604492,32.9227867126465,-67.9805145263672),(-145.275146484375,35.8449478149414,-63.1602210998535),(-145.218673706055,36.6254272460938,-61.2492332458496),(-140.603866577148,37.27392578125,-59.8781204223633),(-140.55061340332,37.6928558349609,-56.),(-145.11067199707,36.945499420166,-57.5475807189941),(-145.048416137695,36.4825897216797,-55.467960357666),(-140.520156860352,37.2375030517578,-53.8066444396973),(-149.197723388672,35.8214874267578,-59.9310417175293),(-154.200469970703,33.9087562561035,-64.109245300293),(-149.104507446289,35.3492774963379,-58.),(-144.944580078125,34.660961151123,-52.273063659668),(-154.071060180664,33.426383972168,-62.4159545898438),(-148.947662353516,33.6235275268555,-55.0232429504395),(-153.851104736328,31.8636951446533,-59.7587127685547),(-148.859725952148,32.1184768676758,-53.5848236083984),(-144.887145996094,33.0456199645996,-50.7604484558105),(-140.442565917969,33.6602783203125,-48.8900146484375),(-140.404281616211,30.2325325012207,-47.2728042602539),(-144.804397583008,29.7706031799316,-49.1499252319336),(-148.730529785156,29.0692558288574,-51.9764633178711),(-143.381591796875,27.6433124542236,-48.0727424621582),(-146.782699584961,27.2371997833252,-50.0766143798828),(-150.91911315918,26.5189933776855,-53.589729309082),(-146.745635986328,18.4805469512939,-49.8674392700195),(-143.35221862793,18.834077835083,-47.9784126281738),(-143.333724975586,-6.65326738357544,-47.9139862060547),(-139.579025268555,-6.74348974227905,-46.7262153625488),(-139.58903503418,19.0679130554199,-46.7428283691406),(-135.350311279297,28.,-46.3000068664551),(-139.606216430664,27.9063987731934,-46.7667503356934),(-135.350311279297,29.2056732177734,-46.3732299804688),(-135.350311279297,30.3938026428223,-46.5909996032715),(-128.377258300781,32.470630645752,-48.2182235717773),(-135.350311279297,32.3393859863281,-47.2909088134766),(-128.377258300781,28.,-47.1626052856445),(-135.350311279297,-28.,-46.3000068664551),(-128.377258300781,-28.,-47.1626167297363),(-121.939636230469,30.7571811676025,-49.9762229919434),(-121.939636230469,29.3892135620117,-49.6853446960449),(-121.939636230469,28.,-49.5877151489258),(-121.93962097168,-28.,-49.5877380371094),(-113.046371459961,-28.,-55.6710395812988),(-113.046371459961,27.9841556549072,-55.6709899902344),(-113.046371459961,29.3792552947998,-55.7678680419922),(-101.42741394043,29.3613357543945,-68.1694717407227),(-101.42741394043,27.9661769866943,-68.0737915039062),(-84.8932342529297,27.9451637268066,-89.7518615722656),(-101.427307128906,-27.9873676300049,-68.0740509033203),(-84.8931579589844,-27.9720306396484,-89.7521896362305),(-101.427536010742,-32.3836441040039,-69.094123840332),(-84.893310546875,-32.3622627258301,-90.7698974609375),(-84.893310546875,-33.765308380127,-91.604621887207),(-76.6163558959961,-33.7563018798828,-101.064414978027),(-76.6163558959961,-32.3533058166504,-100.230117797852),(-101.427536010742,-33.7874488830566,-69.9304962158203),(-113.046401977539,-35.1010093688965,-58.6372756958008),(-101.427536010742,-35.0873947143555,-71.0357818603516),(-84.893310546875,-35.064811706543,-92.7077713012695),(-113.046401977539,-32.3961715698242,-56.6928977966309),(-113.046401977539,-33.8006210327148,-57.5304183959961),(-121.939651489258,-33.807186126709,-51.4485092163086),(-121.939651489258,-32.4023780822754,-50.6103782653809),(-128.37727355957,-32.8816413879395,-48.4357147216797),(-135.350311279297,-37.4312515258789,-52.9756011962891),(-121.939651489258,-37.4278144836426,-56.2606391906738),(-121.939651489258,-36.331901550293,-54.0616035461426),(-121.939651489258,-35.1078262329102,-52.5562019348145),(-135.350311279297,-36.3356323242188,-50.7757720947266),(-135.350311279297,-34.7365608215332,-48.9096145629883),(-135.350311279297,-32.7305679321289,-47.4899482727051),(-135.350311279297,-30.4389057159424,-46.6023216247559),(-140.404678344727,-30.2763938903809,-47.2836647033691),(-139.607696533203,-27.9060573577881,-46.7666702270508),(-143.384216308594,-27.6419410705566,-48.072452545166),(-144.805267333984,-29.8116722106934,-49.1598854064941),(-146.786254882812,-27.234317779541,-50.0760231018066),(-146.720199584961,-6.51768255233765,-49.7270584106445),(-150.845642089844,-6.28067588806152,-52.8816070556641),(-150.8779296875,17.8610401153564,-53.1618194580078),(-158.195465087891,5.73582458496094,-60.0136070251465),(-166.475479125977,14.8819246292114,-68.0187759399414),(-166.488403320312,23.0517177581787,-69.8557052612305),(-153.726181030273,30.5414485931396,-58.4257583618164),(-166.631423950195,24.2988433837891,-70.9849014282227),(-173.366989135742,22.,-74.3147430419922),(-174.189636230469,23.,-76.066650390625),(-179.590316772461,21.3922863006592,-76.6173324584961),(-173.371810913086,13.9747762680054,-71.8232269287109),(-166.441619873047,-5.14061546325684,-66.9397354125977),(-179.608734130859,13.4360227584839,-73.5857009887695),(-173.346069335938,-4.79142236709595,-70.4226913452148),(-179.591979980469,-4.58240413665771,-71.9419097900391),(-173.385177612305,-22.,-74.3121109008789),(-166.500717163086,-23.0394763946533,-69.8530044555664),(-150.923736572266,-26.5136604309082,-53.5886306762695),(-153.54084777832,-27.8973579406738,-56.8045883178711),(-158.233154296875,-16.402868270874,-60.6457786560059),(-166.646713256836,-24.3105659484863,-71.),(-174.192123413086,-23.0137710571289,-76.083137512207),(-166.896102905273,-25.9667015075684,-72.9391555786133),(-153.726150512695,-30.5381298065186,-58.419002532959),(-174.397888183594,-24.4061012268066,-78.3582305908203),(-153.918502807617,-32.440601348877,-60.5307426452637),(-167.145660400391,-27.169189453125,-74.841178894043),(-167.339447021484,-27.8697452545166,-76.3261795043945),(-174.758850097656,-25.9808979034424,-82.0844802856445),(-174.601638793945,-25.3981418609619,-80.4800033569336),(-181.747406005859,-24.5864276885986,-83.8812789916992),(-181.622970581055,-23.667444229126,-81.3743362426758),(-181.496429443359,-22.3304443359375,-78.7121963500977),(-184.661239624023,-21.0777244567871,-77.5251007080078),(-190.350296020508,-23.5215530395508,-82.8371658325195),(-230.150314331055,-22.8701419830322,-81.2767028808594),(-190.350296020508,-20.8931503295898,-77.7399978637695),(-230.150314331055,-24.5734539031982,-86.3856048583984),(-190.350296020508,-24.9268894195557,-88.3972702026367),(-181.843048095703,-25.0923080444336,-85.7880249023438),(-190.350296020508,-25.0360946655273,-94.1311721801758),(-230.150314331055,-25.1500339508057,-91.7399978637695),(-182.,-25.6063137054443,-89.1122360229492),(-175.025161743164,-26.6802444458008,-84.8931427001953),(-175.157867431641,-26.8909854888916,-86.4263916015625),(-182.084762573242,-25.6941928863525,-90.8978042602539),(-175.395660400391,-26.9268627166748,-89.6775054931641),(-182.228561401367,-25.4512691497803,-94.5812454223633),(-190.350296020508,-23.84348487854,-99.7407455444336),(-230.150314331055,-22.7730560302734,-102.412956237793),(-182.289154052734,-25.0927352905273,-96.4795379638672),(-190.350296020508,-21.4110736846924,-104.934303283691),(-230.150314331055,-24.5485973358154,-97.2072296142578),(-257.160278320312,-24.2634429931641,-98.35888671875),(-257.160278320312,-24.4247856140137,-97.7361755371094),(-257.160278320312,-24.0862255096436,-98.9772720336914),(-257.160278320312,-23.8932552337646,-99.5909042358398),(-257.160278320312,-24.8125762939453,-95.8461456298828),(-257.160278320312,-24.9094734191895,-95.2102203369141),(-257.160278320312,-25.,-94.5720138549805),(-257.160278320312,-24.69944190979,-96.4793930053711),(-257.160278320312,-24.5701503753662,-97.1095428466797),(-257.160278320312,-24.5612697601318,-97.1576919555664),(-257.160278320312,-24.6916217803955,-96.5286483764648),(-257.160278320312,-24.8058605194092,-95.8964996337891),(-268.350280761719,-27.9447937011719,-95.1331024169922),(-268.350280761719,-27.9447937011719,-88.3468933105469),(-311.350341796875,-27.9447994232178,-88.3468933105469),(-257.160278320312,-25.14963722229,-91.418815612793),(-311.350341796875,-27.9447994232178,-95.1331024169922),(-268.350280761719,-26.3207473754883,-101.722129821777),(-257.160278320312,-24.4149017333984,-97.7831726074219),(-257.160278320312,-24.9039211273193,-95.2616348266602),(-257.160278320312,-24.9857387542725,-94.6244735717773),(-257.160278320312,-25.0512523651123,-93.9854507446289),(-257.160278320312,-25.1004314422607,-93.3449249267578),(-257.160278320312,-25.14963722229,-92.0612030029297),(-257.160278320312,-25.133228302002,-92.7033843994141),(-257.160278320312,-25.1021976470947,-93.2904739379883),(-257.160278320312,-25.1336421966553,-92.6479721069336),(-257.160278320312,-25.1486415863037,-92.),(-257.160278320312,-25.1471900939941,-91.3616027832031),(-257.160278320312,-25.133228302002,-90.7766342163086),(-257.160278320312,-25.1292896270752,-90.7185821533203),(-257.160278320312,-25.1004314422607,-90.1350708007812),(-257.160278320312,-25.0949478149414,-90.0762252807617),(-257.160278320312,-25.0512523651123,-89.4945755004883),(-257.160278320312,-25.0441837310791,-89.4349594116211),(-257.160278320312,-24.9857387542725,-88.8555221557617),(-257.160278320312,-24.9770393371582,-88.7952117919922),(-257.160278320312,-24.9039211273193,-88.2183609008789),(-257.160278320312,-24.8935565948486,-88.1573715209961),(-257.160278320312,-24.7937850952148,-87.5218811035156),(-257.160278320312,-24.8058605194092,-87.58349609375),(-257.160278320312,-24.6916217803955,-86.9513473510742),(-257.160278320312,-24.5612697601318,-86.3223342895508),(-257.160278320312,-24.6777992248535,-86.8891677856445),(-257.160278320312,-24.5456619262695,-86.2596054077148),(-257.160278320312,-24.4149017333984,-85.6968307495117),(-257.160278320312,-24.3974704742432,-85.6336288452148),(-257.160278320312,-24.2333183288574,-85.0116653442383),(-257.160278320312,-24.2526035308838,-85.0752868652344),(-257.160278320312,-24.07448387146,-84.4580764770508),(-268.350280761719,-26.3207473754883,-81.7578735351562),(-311.350341796875,-26.3207511901855,-81.7578735351562),(-311.350341796875,-23.1670398712158,-75.7489929199219),(-257.160278320312,-22.3957176208496,-80.2927780151367),(-257.160278320312,-23.446418762207,-82.6365585327148),(-257.160278320312,-23.2062854766846,-82.0407409667969),(-257.160278320312,-22.9510097503662,-81.4512634277344),(-257.160278320312,-22.6807594299316,-80.8684692382812),(-257.160278320312,-23.6712627410889,-83.2383193969727),(-268.350280761719,-23.1670341491699,-75.7489929199219),(-257.160278320312,-23.8806610107422,-83.8456268310547),(-257.160278320312,-24.0533123016357,-84.3940811157227),(-257.160278320312,-23.8575706481934,-83.7813186645508),(-257.160278320312,-23.64621925354,-83.1737518310547),(-257.160278320312,-23.4193992614746,-82.5718002319336),(-257.160278320312,-23.1772613525391,-81.9758529663086),(-257.160278320312,-22.919958114624,-81.3862686157227),(-257.160278320312,-22.6476631164551,-80.8034820556641),(-257.160278320312,-22.3605461120605,-80.2278289794922),(-257.160278320312,-22.0960674285889,-79.7245712280273),(-257.160278320312,-22.0588054656982,-79.6597290039062),(-257.160278320312,-21.7426376342773,-79.0995178222656),(-257.160278320312,-21.78200340271,-79.164176940918),(-257.160278320312,-21.4537296295166,-78.6119918823242),(-257.160278320312,-21.1114635467529,-78.0683746337891),(-257.160278320312,-21.4122371673584,-78.5475692749023),(-230.150314331055,-20.1182098388672,-76.6475677490234),(-257.160278320312,-21.067834854126,-78.),(-257.160278320312,-20.7096481323242,-77.4699401855469),(-257.160278320312,-20.7554244995117,-77.5336761474609),(-257.160278320312,-20.3858413696289,-77.),(-257.160278320312,-20.,-76.492431640625),(-257.160278320312,-20.3379096984863,-76.9449462890625),(-257.160278320312,-19.9528694152832,-76.4296417236328),(-257.160278320312,-19.5547752380371,-75.9243545532227),(-257.160278320312,-19.6070404052734,-75.9865570068359),(-257.160278320312,-19.1983242034912,-75.4909591674805),(-257.160278320312,-18.7770805358887,-75.),(-257.160278320312,-19.1438884735107,-75.4294128417969),(-257.160278320312,-18.7204780578613,-74.9451293945312),(-257.160278320312,-18.2848205566406,-74.4718475341797),(-257.160278320312,-18.3435955047607,-74.5318756103516),(-257.160278320312,-17.8981399536133,-74.0690231323242),(-268.350280761719,-18.6669406890869,-70.6694412231445),(-311.350341796875,-13.0820026397705,-66.8144073486328),(-268.350280761719,-13.0819969177246,-66.8144073486328),(-257.160278320312,-14.470251083374,-71.167724609375),(-257.160278320312,-15.,-71.5439834594727),(-257.160278320312,-15.5018081665039,-71.9334182739258),(-257.160278320312,-16.,-72.3357849121094),(-257.160278320312,-16.9724998474121,-73.1781997680664),(-257.160278320312,-17.441011428833,-73.6176910400391),(-257.160278320312,-16.492919921875,-72.7507858276367),(-311.350341796875,-18.6669483184814,-70.6694412231445),(-313.350341796875,-21.5210742950439,-76.8851165771484),(-313.350341796875,-17.3407039642334,-72.1664428710938),(-313.350341796875,-12.1525573730469,-68.585334777832),(-311.350341796875,-6.73678255081177,-64.4079895019531),(-313.350341796875,24.4506244659424,-101.012916564941),(-313.350341796875,-6.25815153121948,-66.3498764038086),(-311.350341796875,0.,-63.5900001525879),(-313.350341796875,0.,-65.5899963378906),(-311.350341796875,6.73668813705444,-64.4079895019531),(-313.350341796875,12.1524620056152,-68.585334777832),(-313.350341796875,6.258056640625,-66.3498764038086),(-311.350341796875,13.0819091796875,-66.8144073486328),(-311.350341796875,18.6668529510498,-70.6694412231445),(-268.350280761719,13.0819149017334,-66.8144073486328),(-268.350280761719,6.73669481277466,-64.4079895019531),(-257.160278320312,8.80323886871338,-68.1792907714844),(-257.160278320312,8.19865798950195,-67.9621429443359),(-257.160278320312,7.58873128890991,-67.7605056762695),(-257.160278320312,6.97385358810425,-67.5745162963867),(-257.160278320312,6.35442447662354,-67.4043121337891),(-257.160278320312,5.7308521270752,-67.2499542236328),(-257.160278320312,5.10354137420654,-67.1115951538086),(-257.160278320312,4.472900390625,-66.9892730712891),(-257.160278320312,3.83934211730957,-66.8831176757812),(-257.160278320312,3.20327949523926,-66.7931747436523),(-268.350280761719,0.,-63.5900001525879),(-257.160278320312,-1.92537868022919,-66.6621475219727),(-257.160278320312,-1.28429687023163,-66.6211547851562),(-257.160278320312,-0.642377316951752,-66.596565246582),(-257.160278320312,0.,-66.5883636474609),(-257.160278320312,0.642299652099609,-66.596565246582),(-257.160278320312,1.28421914577484,-66.6211547851562),(-257.160278320312,1.9253009557724,-66.6621475219727),(-257.160278320312,2.56512665748596,-66.7195053100586),(-257.160278320312,-3.20335698127747,-66.7931747436523),(-268.350280761719,-6.73677587509155,-64.4079895019531),(-257.160278320312,-2.56520438194275,-66.7195053100586),(-257.160278320312,-2.45574641227722,-66.7101745605469),(-257.160278320312,-3.09508848190308,-66.7811737060547),(-230.150314331055,-0.0232766475528479,-66.5900115966797),(-230.150314331055,-5.79454326629639,-67.2666320800781),(-257.160278320312,-3.7324059009552,-66.8684844970703),(-257.160278320312,-3.83941984176636,-66.8831176757812),(-257.160278320312,-4.36728143692017,-66.9720840454102),(-257.160278320312,-5.,-67.0918884277344),(-257.160278320312,-4.47297763824463,-66.9892730712891),(-257.160278320312,-5.10361862182617,-67.1115951538086),(-257.160278320312,-5.73092937469482,-67.2499542236328),(-257.160278320312,-5.62804841995239,-67.2277984619141),(-257.160278320312,-6.25311517715454,-67.3797607421875),(-257.160278320312,-6.87409019470215,-67.5476608276367),(-257.160278320312,-6.35450267791748,-67.4043121337891),(-257.160278320312,-6.97393035888672,-67.5745162963867),(-257.160278320312,-7.58880853652954,-67.7605056762695),(-257.160278320312,-7.4905686378479,-67.7313690185547),(-257.160278320312,-8.10214710235596,-67.9308013916016),(-257.160278320312,-8.1987361907959,-67.9621429443359),(-257.160278320312,-8.70842552185059,-68.1457977294922),(-257.160278320312,-9.30900573730469,-68.3762283325195),(-230.150314331055,-11.2564868927002,-69.2496871948242),(-257.160278320312,-8.80331707000732,-68.1792907714844),(-257.160278320312,-9.40215301513672,-68.4117965698242),(-257.160278320312,-10.,-68.6595077514648),(-257.160278320312,-9.90349674224854,-68.6219482421875),(-257.160278320312,-10.4915075302124,-68.8828048706055),(-257.160278320312,-11.0726566314697,-69.1585998535156),(-257.160278320312,-10.5810422897339,-68.9223022460938),(-257.160278320312,-11.1603240966797,-69.199951171875),(-257.160278320312,-11.7323265075684,-69.4923248291016),(-257.160278320312,-11.6465606689453,-69.4491729736328),(-257.160278320312,-12.2128458023071,-69.7543258666992),(-257.160278320312,-12.2966737747192,-69.7992172241211),(-257.160278320312,-12.7711420059204,-70.0738677978516),(-257.160278320312,-12.8530006408691,-70.1204223632812),(-257.160278320312,-13.3210821151733,-70.4075698852539),(-257.160278320312,-13.4009418487549,-70.4557113647461),(-257.160278320312,-13.8623085021973,-70.755256652832),(-230.150314331055,-16.1175422668457,-72.4333038330078),(-257.160278320312,-14.3944654464722,-71.1166534423828),(-257.160278320312,-13.9401435852051,-70.8048858642578),(-257.160278320312,-14.9172067642212,-71.4915313720703),(-257.160278320312,-15.4301881790161,-71.8796768188477),(-257.160278320312,-15.9330730438232,-72.2807998657227),(-257.160278320312,-16.425537109375,-72.6946563720703),(-257.160278320312,-16.9072570800781,-73.120979309082),(-257.160278320312,-17.3779163360596,-73.5594635009766),(-257.160278320312,-17.8372001647949,-74.),(-190.350296020508,-12.978328704834,-73.8889999389648),(-190.350296020508,-4.40101337432861,-71.9130554199219),(-179.614593505859,-21.383996963501,-76.6150894165039),(-190.350296020508,4.40095567703247,-71.9130554199219),(-230.150314331055,5.74923038482666,-67.2559585571289),(-190.350296020508,12.9782705307007,-73.8889999389648),(-230.150314331055,11.2148313522339,-69.2289047241211),(-230.150314331055,16.0817565917969,-72.4035568237305),(-257.160278320312,13.513053894043,-70.5287094116211),(-257.160278320312,12.9661474227905,-70.190055847168),(-257.160278320312,12.4107608795166,-69.8654937744141),(-257.160278320312,11.2759962081909,-69.2594909667969),(-257.160278320312,11.8472518920898,-69.5552368164062),(-257.160278320312,10.6973600387573,-68.9784469604492),(-257.160278320312,10.1117267608643,-68.7123031616211),(-257.160278320312,9.51948070526123,-68.4612274169922),(-257.160278320312,8.31669235229492,-68.),(-257.160278320312,8.92100429534912,-68.2253875732422),(-257.160278320312,9.40207481384277,-68.4117965698242),(-257.160278320312,10.,-68.6595077514648),(-257.160278320312,10.5809640884399,-68.9223022460938),(-257.160278320312,11.1602449417114,-69.199951171875),(-257.160278320312,11.7322483062744,-69.4923248291016),(-257.160278320312,12.2965955734253,-69.7992172241211),(-257.160278320312,12.8529224395752,-70.1204223632812),(-257.160278320312,13.4008636474609,-70.4557113647461),(-257.160278320312,13.9400653839111,-70.8048858642578),(-257.160278320312,14.0511198043823,-70.8812484741211),(-257.160278320312,14.4701728820801,-71.167724609375),(-268.350280761719,18.6668586730957,-70.6694412231445),(-257.160278320312,15.,-71.5439834594727),(-257.160278320312,14.5799932479858,-71.247428894043),(-257.160278320312,15.0993270874023,-71.6270217895508),(-257.160278320312,15.6087837219238,-72.0197906494141),(-257.160278320312,15.50172996521,-71.9334182739258),(-257.160278320312,16.,-72.3357849121094),(-257.160278320312,16.1080303192139,-72.4254379272461),(-257.160278320312,16.4928417205811,-72.7507858276367),(-257.160278320312,16.5967350006104,-72.8437271118164),(-257.160278320312,16.9724235534668,-73.1781997680664),(-257.160278320312,17.4409332275391,-73.6176910400391),(-257.160278320312,17.0745830535889,-73.2743606567383),(-257.160278320312,17.5412635803223,-73.7170944213867),(-257.160278320312,17.8980617523193,-74.0690231323242),(-257.160278320312,18.,-74.1716232299805),(-257.160278320312,18.4399013519287,-74.6376342773438),(-257.160278320312,18.3435173034668,-74.5318756103516),(-230.150314331055,20.0902061462402,-76.6104125976562),(-257.160278320312,21.5249919891357,-78.7324829101562),(-257.160278320312,21.1866855621338,-78.1884384155273),(-230.150314331055,22.962532043457,-81.4812088012695),(-257.160278320312,19.2902851104736,-75.6029052734375),(-257.160278320312,19.6966896057129,-76.1015548706055),(-257.160278320312,20.090202331543,-76.6104125976562),(-257.160278320312,20.4690589904785,-77.1270523071289),(-190.350296020508,20.8930912017822,-77.7399978637695),(-257.160278320312,20.8346309661865,-77.6531753540039),(-257.160278320312,18.8712635040283,-75.1148376464844),(-257.160278320312,18.7770023345947,-75.),(-257.160278320312,19.1982460021973,-75.4909591674805),(-257.160278320312,19.6069622039795,-75.9865570068359),(-268.350280761719,23.1669540405273,-75.7489929199219),(-268.350280761719,26.3206672668457,-81.7578735351562),(-257.160278320312,22.3956394195557,-80.2927780151367),(-257.160278320312,22.0959892272949,-79.7245712280273),(-311.350341796875,26.3206615447998,-81.7578735351562),(-311.350341796875,23.1669502258301,-75.7489929199219),(-257.160278320312,20.,-76.492431640625),(-257.160278320312,20.385763168335,-77.),(-257.160278320312,20.7553462982178,-77.5336761474609),(-257.160278320312,21.111385345459,-78.0683746337891),(-257.160278320312,21.4536514282227,-78.6119918823242),(-257.160278320312,21.781925201416,-79.164176940918),(-257.160278320312,21.849328994751,-79.2849807739258),(-257.160278320312,22.1594886779785,-79.8455657958984),(-257.160278320312,22.4552726745605,-80.4138565063477),(-257.160278320312,22.6806812286377,-80.8684692382812),(-257.160278320312,22.736478805542,-80.989501953125),(-257.160278320312,23.,-81.5721435546875),(-257.160278320312,22.9509315490723,-81.4512634277344),(-257.160278320312,23.2062072753906,-82.0407409667969),(-257.160278320312,23.4463405609131,-82.6365585327148),(-257.160278320312,23.2544612884521,-82.1613540649414),(-257.160278320312,23.4909000396729,-82.7567901611328),(-257.160278320312,23.6711845397949,-83.2383193969727),(-257.160278320312,23.7120952606201,-83.3580627441406),(-257.160278320312,23.9179039001465,-83.9647598266602),(-257.160278320312,23.8805828094482,-83.8456268310547),(-257.160278320312,24.074405670166,-84.4580764770508),(-257.160278320312,24.2525253295898,-85.0752868652344),(-257.160278320312,24.108190536499,-84.5765151977539),(-230.150314331055,24.6740665435791,-86.8705825805664),(-257.160278320312,24.2828350067139,-85.1929168701172),(-257.160278320312,24.4417209625244,-85.8135528564453),(-257.160278320312,24.4148235321045,-85.6968307495117),(-268.350280761719,27.9447116851807,-88.3468933105469),(-257.160278320312,24.5611915588379,-86.3223342895508),(-257.160278320312,24.6915435791016,-86.9513473510742),(-257.160278320312,24.5847454071045,-86.4380569458008),(-257.160278320312,24.7118225097656,-87.0659790039062),(-257.160278320312,24.8057823181152,-87.58349609375),(-257.160278320312,24.8228549957275,-87.6969604492188),(-257.160278320312,24.9177837371826,-88.3305358886719),(-257.160278320312,24.9038429260254,-88.2183609008789),(-257.160278320312,24.9856605529785,-88.8555221557617),(-257.160278320312,25.0511741638184,-89.4945755004883),(-257.160278320312,25.,-88.9663391113281),(-257.160278320312,25.0590839385986,-89.6039505004883),(-230.150314331055,25.1382904052734,-92.5061264038086),(-257.160278320312,25.1053657531738,-90.2429428100586),(-257.160278320312,25.1003532409668,-90.1350708007812),(-257.160278320312,25.133150100708,-90.7766342163086),(-257.160278320312,25.1495571136475,-91.418815612793),(-257.160278320312,25.1353492736816,-90.8828887939453),(-257.160278320312,25.1490249633789,-91.5234069824219),(-257.160278320312,25.1463832855225,-92.1640625),(-257.160278320312,25.1495571136475,-92.0612030029297),(-257.160278320312,25.133150100708,-92.7033843994141),(-268.350280761719,27.9447116851807,-95.1331024169922),(-311.350341796875,26.3206615447998,-101.722129821777),(-268.350280761719,26.3206672668457,-101.722129821777),(-257.160278320312,24.4148235321045,-97.7831726074219),(-257.160278320312,24.5611915588379,-97.1576919555664),(-257.160278320312,24.6915435791016,-96.5286483764648),(-257.160278320312,24.8057823181152,-95.8964996337891),(-311.350341796875,27.9447059631348,-95.1331024169922),(-257.160278320312,25.1003532409668,-93.3449249267578),(-257.160278320312,25.0511741638184,-93.9854507446289),(-257.160278320312,24.9856605529785,-94.6244735717773),(-257.160278320312,24.9038429260254,-95.2616348266602),(-257.160278320312,24.9728107452393,-94.7197952270508),(-257.160278320312,24.8888092041016,-95.3549270629883),(-257.160278320312,24.7886600494385,-95.9877014160156),(-257.160278320312,24.6724166870117,-96.6177291870117),(-257.160278320312,24.540168762207,-97.2445907592773),(-257.160278320312,24.391996383667,-97.8678817749023),(-257.160278320312,24.2525253295898,-98.4047317504883),(-257.160278320312,24.2279949188232,-98.4871978759766),(-257.160278320312,24.074405670166,-99.0219268798828),(-257.160278320312,24.0482730865479,-99.1021423339844),(-257.160278320312,23.8805828094482,-99.6343841552734),(-257.160278320312,23.8529472351074,-99.7122955322266),(-257.160278320312,23.6421375274658,-100.317283630371),(-257.160278320312,23.6711845397949,-100.241683959961),(-257.160278320312,23.4463405609131,-100.843437194824),(-257.160278320312,23.2062072753906,-101.439262390137),(-257.160278320312,22.9509315490723,-102.028747558594),(-257.160278320312,22.6806812286377,-102.611526489258),(-257.160278320312,22.3956394195557,-103.187217712402),(-257.160278320312,22.0959892272949,-103.755447387695),(-257.160278320312,21.781925201416,-104.315826416016),(-257.160278320312,21.4536514282227,-104.868003845215),(-257.160278320312,21.111385345459,-105.41162109375),(-257.160278320312,25.0406074523926,-94.0827331542969),(-257.160278320312,25.0921592712402,-93.4441375732422),(-257.160278320312,25.1274223327637,-92.8044586181641),(-313.350341796875,25.9592895507812,-94.8920440673828),(-311.350341796875,27.9447059631348,-88.3468933105469),(-313.350341796875,25.9592895507812,-88.5879745483398),(-313.350341796875,24.4506244659424,-82.4670791625977),(-313.350341796875,17.3406085968018,-72.1664428710938),(-313.350341796875,21.5209827423096,-76.8851165771484),(-311.350341796875,23.1669502258301,-107.731033325195),(-313.350341796875,21.5209827423096,-106.594902038574),(-313.350341796875,17.3406085968018,-111.313552856445),(-313.350341796875,12.1524620056152,-114.894676208496),(-190.350296020508,24.9268341064453,-88.3972702026367),(-190.350296020508,25.036039352417,-94.1311721801758),(-182.126342773438,25.6857662200928,-91.89208984375),(-182.056930541992,25.6783008575439,-90.2726593017578),(-181.922409057617,25.3991184234619,-87.4029083251953),(-174.889694213867,26.3699836730957,-83.4472808837891),(-181.842803955078,25.093391418457,-85.7927780151367),(-174.758483886719,25.9827785491943,-82.0917205810547),(-167.326797485352,27.8763656616211,-76.3229141235352),(-174.530776977539,25.0925426483154,-79.7636413574219),(-167.046417236328,26.8017387390137,-74.1808853149414),(-166.883560180664,25.9755191802979,-72.9393539428711),(-174.397674560547,24.4108352661133,-78.3682174682617),(-181.704223632812,24.3076019287109,-83.0275192260742),(-181.622833251953,23.6704139709473,-81.3807907104492),(-190.350296020508,23.5214939117432,-82.8371658325195),(-184.647583007812,21.0820350646973,-77.528564453125),(-181.494903564453,22.3162269592285,-78.6872634887695),(-167.489166259766,28.3274097442627,-77.5975570678711),(-175.111846923828,26.8304958343506,-85.8883666992188),(-257.160278320312,7.70694017410278,-67.7999725341797),(-257.160278320312,7.09214544296265,-67.610710144043),(-257.160278320312,6.47271108627319,-67.4372024536133),(-257.160278320312,5.84904146194458,-67.2796096801758),(-257.160278320312,5.22154664993286,-67.1380233764648),(-257.160278320312,4.59063529968262,-67.0125198364258),(-257.160278320312,3.95672035217285,-66.9031982421875),(-257.160278320312,3.32021713256836,-66.8101425170898),(-257.160278320312,2.68154168128967,-66.7333679199219),(-257.160278320312,2.04111194610596,-66.672966003418),(-257.160278320312,1.39934730529785,-66.6289749145508),(-257.160278320312,0.756667077541351,-66.6013946533203),(-257.160278320312,0.113491609692574,-66.5902709960938),(-257.160278320312,-0.529758155345917,-66.595588684082),(-257.160278320312,-1.17266130447388,-66.6173477172852),(-257.160278320312,-1.81479740142822,-66.6555557250977),(-313.350341796875,-24.4507179260254,-82.4670791625977),(-313.350341796875,-25.9593849182129,-88.5879745483398),(-313.350341796875,-24.4507179260254,-101.012916564941),(-313.350341796875,-25.9593849182129,-94.8920440673828),(-311.350341796875,-26.3207511901855,-101.722129821777),(-268.350280761719,-23.1670341491699,-107.731033325195),(-257.160278320312,-22.3957176208496,-103.187217712402),(-257.160278320312,-22.0960674285889,-103.755447387695),(-257.160278320312,-21.78200340271,-104.315826416016),(-257.160278320312,-21.4537296295166,-104.868003845215),(-257.160278320312,-21.1114635467529,-105.41162109375),(-257.160278320312,-20.,-106.987564086914),(-257.160278320312,-19.6070404052734,-107.493446350098),(-257.160278320312,-20.3858413696289,-106.471748352051),(-257.160278320312,-20.7554244995117,-105.946319580078),(-257.160278320312,-19.1983242034912,-107.989044189453),(-257.160278320312,-18.7770805358887,-108.47403717041),(-268.350280761719,-18.6669406890869,-112.810585021973),(-257.160278320312,-18.3435955047607,-108.948120117188),(-257.160278320312,-17.8981399536133,-109.410972595215),(-257.160278320312,-17.441011428833,-109.8623046875),(-257.160278320312,-16.9724998474121,-110.301826477051),(-257.160278320312,-16.492919921875,-110.729209899902),(-257.160278320312,-16.,-111.144233703613),(-257.160278320312,-14.470251083374,-112.312271118164),(-268.350280761719,-13.0819969177246,-116.665588378906),(-257.160278320312,-15.,-111.936012268066),(-257.160278320312,-15.5018081665039,-111.546577453613),(-257.160278320312,-15.519681930542,-111.530487060547),(-257.160278320312,-15.,-111.920921325684),(-257.160278320312,-14.487416267395,-112.298179626465),(-230.150314331055,-16.0914287567139,-111.068466186523),(-257.160278320312,-17.9170589447021,-109.389450073242),(-190.350296020508,-15.7443609237671,-111.352195739746),(-230.150314331055,-19.9083309173584,-107.108222961426),(-257.160278320312,-17.,-110.282524108887),(-257.160278320312,-17.4598045349121,-109.841903686523),(-257.160278320312,-16.5113468170166,-110.711006164551),(-257.160278320312,-16.0207557678223,-111.127090454102),(-257.160278320312,-13.9568958282471,-112.661964416504),(-230.150314331055,-11.5049133300781,-114.104263305664),(-257.160278320312,-13.4172439575195,-113.012077331543),(-190.350296020508,-10.960901260376,-114.375854492188),(-230.150314331055,-6.36814260482788,-116.070426940918),(-257.160278320312,-12.3119668960571,-113.670318603516),(-257.160278320312,-12.8688154220581,-113.348258972168),(-257.160278320312,-10.5945816040039,-114.549606323242),(-257.160278320312,-11.1744785308838,-114.271186828613),(-257.160278320312,-11.7470664978027,-113.97802734375),(-257.160278320312,-8.81484413146973,-115.294647216797),(-257.160278320312,-9.41437816619873,-115.061508178711),(-257.160278320312,-10.,-114.813102722168),(-257.160278320312,-10.,-114.820487976074),(-257.160278320312,-10.5810422897339,-114.557708740234),(-257.160278320312,-11.1603240966797,-114.280044555664),(-257.160278320312,-11.7323265075684,-113.987670898438),(-257.160278320312,-12.2966737747192,-113.680786132812),(-257.160278320312,-12.8530006408691,-113.359596252441),(-257.160278320312,-13.4009418487549,-113.024291992188),(-257.160278320312,-13.9401435852051,-112.675117492676),(-257.160278320312,-9.40215301513672,-115.068214416504),(-257.160278320312,-8.80331707000732,-115.300720214844),(-257.160278320312,-8.20954322814941,-115.512390136719),(-257.160278320312,-8.1987361907959,-115.517860412598),(-268.350280761719,-6.73677587509155,-119.07201385498),(-311.350341796875,-13.0820026397705,-116.665588378906),(-257.160278320312,-7.58880853652954,-115.71949005127),(-257.160278320312,-6.97393035888672,-115.905479431152),(-257.160278320312,-6.35450267791748,-116.075691223145),(-257.160278320312,-5.73092937469482,-116.230041503906),(-257.160278320312,-3.20335698127747,-116.686828613281),(-257.160278320312,-3.83941984176636,-116.596878051758),(-257.160278320312,-4.47297763824463,-116.49072265625),(-257.160278320312,-5.10361862182617,-116.36841583252),(-257.160278320312,-5.11051464080811,-116.365295410156),(-257.160278320312,-4.47904300689697,-116.487953186035),(-257.160278320312,-3.84464120864868,-116.59440612793),(-257.160278320312,-3.20772433280945,-116.684600830078),(-230.150314331055,-0.926798701286316,-116.872924804688),(-257.160278320312,1.92012882232666,-116.816596984863),(-190.350296020508,0.,-116.889999389648),(-257.160278320312,-2.56870913505554,-116.758483886719),(-257.160278320312,-1.28605628013611,-116.857093811035),(-257.160278320312,-1.92801332473755,-116.815994262695),(-257.160278320312,-0.643257915973663,-116.881774902344),(-257.160278320312,0.640571177005768,-116.881851196289),(-257.160278320312,0.,-116.889999389648),(-257.160278320312,1.28076553344727,-116.857376098633),(-190.350296020508,-5.62250137329102,-116.253471374512),(-182.486785888672,-7.31117725372314,-114.394653320312),(-182.490737915039,0.,-115.394515991211),(-182.47428894043,-13.8872394561768,-111.563804626465),(-182.450775146484,-19.1508178710938,-107.362289428711),(-175.800323486328,-15.6537952423096,-106.930488586426),(-175.820861816406,-8.31427574157715,-110.184463500977),(-175.827392578125,0.,-111.350524902344),(-166.168899536133,0.,-100.021896362305),(-166.135040283203,-16.5638732910156,-95.9013442993164),(-166.160766601562,-8.78305816650391,-98.9261093139648),(-155.125366210938,-7.81241178512573,-81.2752838134766),(-155.131637573242,0.,-81.8675765991211),(-149.865509033203,-7.14213752746582,-74.1824417114258),(-149.869979858398,0.,-74.509895324707),(-149.865524291992,7.14409065246582,-74.1829681396484),(-155.125396728516,7.81460237503052,-81.276252746582),(-155.105621337891,15.0515880584717,-79.6493682861328),(-166.16081237793,8.78553676605225,-98.9279327392578),(-166.135131835938,16.5644054412842,-95.899169921875),(-175.800399780273,15.6543302536011,-106.92813873291),(-175.820922851562,8.31650161743164,-110.18635559082),(-182.48681640625,7.31300783157349,-114.396034240723),(-190.350296020508,5.62358999252319,-116.253211975098),(-182.474349975586,13.8878469467163,-111.561820983887),(-190.350296020508,10.9619016647339,-114.375335693359),(-182.450805664062,19.1519165039062,-107.361137390137),(-190.350296020508,15.7452230453491,-111.351463317871),(-190.350296020508,19.7313766479492,-107.334678649902),(-182.408889770508,22.8011493682861,-102.438140869141),(-175.692916870117,24.8761959075928,-97.06640625),(-166.,26.5988006591797,-87.181022644043),(-175.761764526367,21.2836074829102,-102.25008392334),(-166.086761474609,22.6025066375732,-91.6586761474609),(-155.068420410156,21.2913818359375,-77.4053497314453),(-155.,26.3533592224121,-75.1067123413086),(-149.777755737305,25.7728614807129,-70.7989120483398),(-149.765884399414,26.6585273742676,-70.6062698364258),(-154.985488891602,27.1041145324707,-74.7498931884766),(-154.942825317383,28.4895153045654,-74.1072769165039),(-149.73551940918,28.3540210723877,-70.2618789672852),(-154.814956665039,30.9271202087402,-72.5661926269531),(-149.643447875977,31.4747714996338,-69.0669097900391),(-145.410491943359,31.7549247741699,-67.1353759765625),(-145.47200012207,28.1971321105957,-68.1341552734375),(-145.368728637695,33.4166412353516,-66.0667114257812),(-140.678070068359,33.7402534484863,-64.8388442993164),(-140.631790161133,36.3981513977051,-61.865161895752),(-135.350311279297,36.6032409667969,-61.4003372192383),(-135.350311279297,35.3698768615723,-63.0596313476562),(-135.350311279297,37.4678993225098,-59.5219306945801),(-135.350311279297,37.9279861450195,-57.5059814453125),(-121.939636230469,37.5473403930664,-62.5582504272461),(-121.939636230469,36.7107963562012,-64.4972152709961),(-121.939636230469,35.4854049682617,-66.2169723510742),(-113.04638671875,36.7064361572266,-70.5800857543945),(-113.046371459961,37.5429992675781,-68.6407165527344),(-113.046371459961,37.9665565490723,-66.4097518920898),(-101.427444458008,37.9572868347168,-78.8110504150391),(-101.427444458008,36.6972427368164,-82.9825820922852),(-101.427444458008,37.5339202880859,-81.0425872802734),(-84.8932800292969,37.5170516967773,-102.722160339355),(-84.8932800292969,37.9407844543457,-100.490371704102),(-84.8932800292969,37.8492469787598,-98.2209548950195),(-76.6163101196289,37.8426513671875,-107.685775756836),(-76.6163101196289,37.9333534240723,-109.954895019531),(-76.6163101196289,37.5089645385742,-112.186241149902),(-69.3340682983398,37.5029029846191,-118.550506591797),(-76.6163101196289,36.671329498291,-114.125938415527),(-84.8932800292969,36.6798782348633,-104.662391662598),(-76.616325378418,35.4443397521973,-115.846305847168),(-69.3340682983398,36.6647682189941,-120.489326477051),(-69.3340682983398,35.4375991821289,-122.208763122559),(-63.4664688110352,36.6603164672852,-124.077987670898),(-63.4664688110352,37.4989166259766,-122.140159606934),(-57.1645050048828,37.4955673217773,-124.463134765625),(-63.4664688110352,37.9250793457031,-119.910499572754),(-57.1645050048828,37.9228515625,-122.234649658203),(-50.3503227233887,37.8358917236328,-120.798965454102),(-57.1645050048828,37.8360939025879,-119.967567443848),(-50.3503227233887,37.920166015625,-123.06485748291),(-32.2577095031738,36.3243064880371,-121.474227905273),(-31.804141998291,36.2241821289062,-123.627769470215),(-50.3503227233887,37.4919891357422,-125.291679382324),(-31.4328098297119,35.7230834960938,-125.416702270508),(-50.3503189086914,36.6518287658691,-127.227043151855),(-57.1645011901855,36.656421661377,-126.399658203125),(-50.3503189086914,35.4254608154297,-128.943145751953),(-31.0755977630615,34.8398895263672,-127.094055175781),(-21.4015293121338,32.478271484375,-127.097900390625),(-30.7075099945068,33.4834747314453,-128.686965942383),(-21.8151531219482,33.1838417053223,-126.264472961426),(-22.1431274414062,33.6449165344238,-125.564582824707),(-14.2162466049194,32.0987243652344,-123.601135253906),(-22.4775695800781,34.0265617370605,-124.824577331543),(-13.1166906356812,31.2368602752686,-124.869911193848),(-21.0894069671631,31.8529987335205,-127.679641723633),(-11.8331356048584,29.7818737030029,-126.152877807617),(-11.1178798675537,30.7516345977783,-118.642311096191),(1.12103974819183,27.6304550170898,-119.500640869141),(-1.,28.440637588501,-118.766273498535),(1.77382981777191,27.5900230407715,-116.382987976074),(4.09835147857666,26.8668022155762,-116.897308349609),(3.81356024742126,26.1024055480957,-120.285018920898),(-10.375205039978,27.5558662414551,-127.217803955078),(5.48383140563965,24.8643455505371,-120.65958404541),(7.05998659133911,25.486988067627,-117.463989257812),(5.77035045623779,26.4196319580078,-114.698066711426),(8.8892822265625,25.1266174316406,-115.099502563477),(8.90105438232422,24.3527355194092,-117.751304626465),(9.33202648162842,21.0729064941406,-121.23445892334),(10.8302774429321,24.0531539916992,-115.312965393066),(13.1535186767578,20.785099029541,-118.248565673828),(15.3196105957031,20.6165714263916,-115.713821411133),(14.8639049530029,11.3638429641724,-121.985610961914),(19.2951507568359,11.3056497573853,-118.912422180176),(21.461784362793,0.,-119.144203186035),(16.8049030303955,0.,-122.247863769531),(21.8194370269775,11.2715749740601,-116.255973815918),(21.5977382659912,16.2025661468506,-108.362449645996),(25.5814456939697,0.,-114.198936462402),(26.3806838989258,5.74824810028076,-108.362449645996),(24.5521011352539,11.232928276062,-108.362449645996),(24.118896484375,0.,-116.445274353027),(21.8194408416748,-11.2715673446655,-116.255973815918),(24.5521049499512,-11.2329225540161,-108.362449645996),(21.5977439880371,-16.2025585174561,-108.362449645996),(15.319616317749,-20.6165657043457,-115.713821411133),(13.1535243988037,-20.7850952148438,-118.248565673828),(19.2951545715332,-11.3056440353394,-118.912422180176),(26.3806838989258,-5.74823999404907,-108.362449645996),(26.2151050567627,-6.46151828765869,-103.362457275391),(27.,0.,-103.362457275391),(27.,0.,-108.362449645996),(26.9012718200684,0.,-109.974670410156),(26.6111755371094,0.,-111.513687133789),(26.2151012420654,6.46152687072754,-103.362457275391),(31.9337787628174,0.,-102.49243927002),(31.,-7.64233016967773,-102.49243927002),(33.5594100952148,-5.45397901535034,-100.030487060547),(33.0117034912109,-8.13672733306885,-100.030487060547),(32.2499237060547,-10.7667064666748,-100.030487060547),(28.2759342193604,-14.8405199050903,-102.49243927002),(23.90700340271,-12.5475196838379,-103.362457275391),(20.2094898223877,-17.9043064117432,-103.362457275391),(23.9027137756348,-21.1762351989746,-102.49243927002),(17.6531105041504,-20.4292945861816,-108.362449645996),(15.3374395370483,-22.2205600738525,-103.362457275391),(12.8990726470947,-23.7193222045898,-108.362449645996),(9.57402801513672,-25.245433807373,-103.362457275391),(18.1403160095215,-26.2812614440918,-102.49243927002),(14.5752458572388,-30.7173118591309,-100.030487060547),(23.5523281097412,-24.5208778381348,-100.030487060547),(18.7417583465576,-27.1525993347168,-102.035736083984),(11.3236932754517,-29.8589172363281,-102.49243927002),(3.25417876243591,-26.8031387329102,-103.362457275391),(12.056263923645,-31.790548324585,-100.030487060547),(9.45908260345459,-32.6576156616211,-100.030487060547),(3.84891486167908,-31.7012844085693,-102.49243927002),(3.97652840614319,-32.7523231506348,-102.035736083984),(-1.36935174465179,-33.9724197387695,-100.030487060547),(-3.84956073760986,-31.7012844085693,-102.49243927002),(-3.25482678413391,-26.8031387329102,-103.362457275391),(-9.57464694976807,-25.2454376220703,-103.362457275391),(-5.30850458145142,-26.4730663299561,-108.362449645996),(1.15585732460022,-26.9752330780029,-108.362449645996),(0.33697897195816,-27.5316772460938,-113.875045776367),(-0.302429795265198,-27.5726890563965,-113.771125793457),(1.39746463298798,-27.4227199554443,-114.044799804688),(3.31783676147461,-27.0935974121094,-114.342185974121),(7.55355024337769,-25.9217929840088,-108.362449645996),(-3.88067483901978,-27.4610614776611,-113.182334899902),(-2.30627822875977,-27.5815296173096,-113.44051361084),(-0.727172374725342,-27.5897159576416,-113.701538085938),(-3.59174180030823,-28.1192302703857,-115.059356689453),(-2.08589005470276,-28.1280879974365,-115.442039489746),(-4.52577638626099,-29.0474967956543,-117.406051635742),(-5.90565299987793,-29.0374870300293,-116.852844238281),(-1.68096578121185,-28.10964012146,-115.544174194336),(-4.15488576889038,-29.0266151428223,-117.553855895996),(-1.07156789302826,-28.0652236938477,-115.696731567383),(-3.59707617759705,-28.9763851165771,-117.774711608887),(-0.0613289475440979,-27.9473304748535,-115.945915222168),(-2.67320418357849,-28.8432312011719,-118.135414123535),(1.76653659343719,-27.5918197631836,-116.381294250488),(-1.,-28.4426574707031,-118.763832092285),(4.09835910797119,-26.8668022155762,-116.897308349609),(5.7703595161438,-26.4196319580078,-114.698066711426),(8.8605899810791,-25.1408767700195,-115.096115112305),(10.8302850723267,-24.0531520843506,-115.312965393066),(7.0327844619751,-25.5021228790283,-117.459327697754),(8.90106296539307,-24.3527317047119,-117.751304626465),(3.78883242607117,-26.1190433502197,-120.278755187988),(1.12104833126068,-27.6304550170898,-119.500640869141),(-11.0416946411133,-30.7614707946777,-118.697616577148),(-13.120644569397,-31.2406101226807,-124.865577697754),(-11.8419466018677,-29.7935409545898,-126.144996643066),(-10.3857774734497,-27.5741405487061,-127.21199798584),(-20.2906055450439,-29.8935050964355,-128.921783447266),(-20.5815391540527,-30.6661930084229,-128.516464233398),(-21.0931205749512,-31.8609600067139,-127.672966003418),(-30.3276081085205,-31.5777759552002,-130.058898925781),(-30.7096748352051,-33.4929008483887,-128.678176879883),(-21.4040813446045,-32.4830436706543,-127.092948913574),(-31.0774345397949,-34.845573425293,-127.085540771484),(-21.8190460205078,-33.1898727416992,-126.256309509277),(-22.1457386016846,-33.6483154296875,-125.558769226074),(-22.4790477752686,-34.0280570983887,-124.821235656738),(-31.3124561309814,-35.4713478088379,-126.),(-14.55872631073,-32.2948951721191,-123.184677124023),(-15.0900716781616,-32.5317039489746,-122.52515411377),(-22.8185558319092,-34.3245849609375,-124.050994873047),(-23.,-34.4508323669434,-123.617935180664),(-31.6941986083984,-36.1173896789551,-124.157562255859),(-50.3503074645996,-37.4919929504395,-125.291725158691),(-23.1974658966064,-34.5511093139648,-123.178718566895),(-31.8771800994873,-36.2766952514648,-123.277099609375),(-50.3503074645996,-37.7720603942871,-124.173439025879),(-57.1645050048828,-37.9243431091309,-122.19953918457),(-50.3503074645996,-37.9227752685547,-123.030540466309),(-57.1645050048828,-37.7748146057129,-123.342025756836),(-57.1644897460938,-37.1756706237793,-125.336090087891),(-63.4664840698242,-37.7776641845703,-121.018409729004),(-63.4664840698242,-37.9264945983887,-119.876304626465),(-69.3340835571289,-37.9294128417969,-116.287940979004),(-69.3340835571289,-37.9059448242188,-114.58292388916),(-63.4664840698242,-37.9034576416016,-118.170936584473),(-57.1645050048828,-37.9021682739258,-120.493576049805),(-63.4664840698242,-37.3729629516602,-115.80451965332),(-69.3340835571289,-37.3750457763672,-112.217124938965),(-76.616340637207,-36.2803497314453,-103.665985107422),(-69.334098815918,-36.2753410339355,-110.026008605957),(-76.616340637207,-37.3798828125,-105.856864929199),(-76.616340637207,-37.9107475280762,-108.222496032715),(-84.8932952880859,-37.3881454467773,-96.3988494873047),(-84.893310546875,-36.2890968322754,-94.2072677612305),(-101.427536010742,-36.3114776611328,-72.5380249023438),(-101.427536010742,-37.4089698791504,-74.7330627441406),(-113.04638671875,-36.3250770568848,-60.1415748596191),(-113.04638671875,-37.4215278625488,-62.3392066955566),(-113.04638671875,-37.9466552734375,-64.710334777832),(-101.427536010742,-37.9361801147461,-77.1020584106445),(-84.8932952880859,-37.9411201477051,-100.470199584961),(-101.427536010742,-37.9563064575195,-78.8087158203125),(-84.8932952880859,-37.9182662963867,-98.765022277832),(-76.616340637207,-37.9342498779297,-109.927383422852),(-69.3340835571289,-37.7809410095215,-117.429832458496),(-76.616340637207,-37.7858238220215,-111.069183349609),(-84.8932952880859,-37.7922058105469,-101.612113952637),(-76.616325378418,-37.1893081665039,-113.061874389648),(-69.3340682983398,-37.1842422485352,-119.422790527344),(-69.3340530395508,-35.9718933105469,-121.55135345459),(-63.4664649963379,-35.9663009643555,-125.14079284668),(-63.4664688110352,-37.1800994873047,-123.01180267334),(-57.164493560791,-35.9593276977539,-127.465675354004),(-50.3503112792969,-36.6560325622559,-127.219657897949),(-50.3503112792969,-35.436767578125,-128.930389404297),(-57.164478302002,-34.261058807373,-129.234466552734),(-63.4664649963379,-34.2711715698242,-126.909797668457),(-50.3503112792969,-33.8864288330078,-130.347595214844),(-57.164478302002,-32.1831665039062,-130.537063598633),(-57.164478302002,-30.149543762207,-131.232177734375),(-63.4664497375488,-32.1963233947754,-128.2138671875),(-50.3503112792969,-32.0743026733398,-131.410369873047),(-30.1343727111816,-30.407621383667,-130.598052978516),(-50.3503112792969,-30.0801029205322,-132.070281982422),(-50.3503112792969,-28.,-132.299926757812),(-29.8504161834717,-28.4464817047119,-131.120010375977),(-57.1644630432129,-28.013256072998,-131.476715087891),(-57.1645126342773,0.,-131.476898193359),(-63.4664916992188,0.,-129.159027099609),(-63.4664344787598,-28.0287208557129,-129.158767700195),(-63.4664344787598,-30.1645069122314,-128.911315917969),(-69.3340225219727,-30.1748237609863,-125.324035644531),(-69.3340225219727,-32.2055778503418,-124.625221252441),(-76.6162796020508,-32.2126617431641,-118.26383972168),(-76.6162948608398,-34.2849044799805,-116.958824157715),(-69.3340377807617,-34.2786102294922,-123.320350646973),(-76.6163101196289,-35.9774322509766,-115.190055847168),(-84.8932800292969,-37.1947479248047,-103.604881286621),(-84.8932647705078,-35.9816627502441,-105.732856750488),(-101.427490234375,-35.9840965270996,-84.0733032226562),(-84.8932495117188,-34.2879524230957,-107.501052856445),(-101.427505493164,-37.2034111022949,-81.9451522827148),(-113.04638671875,-37.8122406005859,-67.561408996582),(-113.04638671875,-37.207088470459,-69.5559997558594),(-101.427536010742,-37.8052864074707,-79.9513931274414),(-113.04638671875,-37.9648017883301,-66.418098449707),(-121.939651489258,-37.9689331054688,-60.3412818908691),(-121.939651489258,-37.951831817627,-58.6329193115234),(-135.350311279297,-37.9572563171387,-55.376220703125),(-135.350311279297,-37.881534576416,-57.8326034545898),(-140.520202636719,-37.234188079834,-53.806941986084),(-140.582885742188,-37.6283721923828,-58.3449287414551),(-140.614944458008,-36.9868011474609,-60.6744689941406),(-145.176116943359,-36.9275779724121,-59.7840042114258),(-145.048492431641,-36.4793319702148,-55.467399597168),(-149.,-34.2739028930664,-55.8817291259766),(-149.104583740234,-35.3460731506348,-58.),(-144.976150512695,-35.3553161621094,-53.1897430419922),(-148.859741210938,-32.1164321899414,-53.580883026123),(-144.887176513672,-33.0443992614746,-50.7583465576172),(-140.485092163086,-36.0755462646484,-51.4164390563965),(-140.442596435547,-33.659610748291,-48.8891944885254),(-148.731872558594,-29.1062049865723,-51.985279083252),(-154.071105957031,-33.4232482910156,-62.4118385314941),(-149.29524230957,-35.8696250915527,-62.),(-154.335296630859,-34.0589866638184,-65.9325103759766),(-145.241134643555,-36.3723030090332,-62.0125770568848),(-149.391876220703,-35.4399375915527,-64.0878677368164),(-154.468505859375,-33.8292655944824,-67.7893447875977),(-149.565948486328,-33.2295570373535,-67.6859741210938),(-145.358383178711,-33.7704238891602,-65.7694091796875),(-145.407470703125,-31.8954944610596,-67.0630416870117),(-140.697204589844,-32.0873641967773,-65.8299026489258),(-140.672958374023,-34.1250762939453,-64.5392532348633),(-135.350311279297,-35.981330871582,-62.3251953125),(-135.350311279297,-34.2707061767578,-64.089714050293),(-121.939651489258,-34.2730827331543,-67.3734817504883),(-121.939651489258,-35.9820404052734,-65.6086502075195),(-135.350311279297,-32.1814613342285,-65.3838500976562),(-128.37727355957,-28.,-67.1625900268555),(-135.350311279297,-24.8701915740967,-66.3000106811523),(-128.377288818359,-13.7509832382202,-67.16259765625),(-120.372787475586,-21.9893932342529,-70.4272994995117),(-121.939651489258,-28.,-69.5876846313477),(-121.939651489258,-30.1452922821045,-69.3543548583984),(-121.939651489258,-32.1854209899902,-68.6685638427734),(-135.350311279297,-30.140344619751,-66.0682907104492),(-135.350311279297,-28.,-66.3000106811523),(-140.728805541992,-28.0592441558838,-66.7768783569336),(-140.757308959961,-18.8674182891846,-67.0105819702148),(-145.531097412109,-19.4453201293945,-69.),(-145.472076416016,-28.1971244812012,-68.1341552734375),(-149.735626220703,-28.3539581298828,-70.2619094848633),(-149.824890136719,-20.2055816650391,-72.0518188476562),(-149.638931274414,-31.5976829528809,-69.),(-154.708114624023,-32.2575035095215,-71.1460571289062),(-154.808670043945,-31.0215187072754,-72.4834594726562),(-154.942962646484,-28.4893684387207,-74.1073303222656),(-165.923675537109,-27.8710880279541,-85.1398544311523),(-175.631896972656,-25.9363899230957,-94.5361785888672),(-168.129943847656,-28.7512741088867,-83.4556350708008),(-175.761703491211,-21.282190322876,-102.251350402832),(-166.086715698242,-22.6005516052246,-91.6596832275391),(-168.254409790039,-28.434476852417,-85.),(-175.495819091797,-26.7179565429688,-91.3990936279297),(-155.105560302734,-15.0506601333618,-79.6505126953125),(-155.068374633789,-21.2893180847168,-77.4057922363281),(-149.851409912109,-13.9586763381958,-73.2856826782227),(-145.557968139648,-6.6872034072876,-70.0382766723633),(-145.548599243164,-13.2107410430908,-69.6003952026367),(-140.76579284668,-12.6516361236572,-67.1740036010742),(-140.770309448242,-6.34958219528198,-67.293327331543),(-140.771743774414,0.,-67.3369674682617),(-140.770309448242,6.35125017166138,-67.2933959960938),(-135.350311279297,24.8700847625732,-66.3000106811523),(-145.560913085938,0.,-70.198356628418),(-145.557968139648,6.68899345397949,-70.0385437011719),(-145.548614501953,13.2120780944824,-69.6000823974609),(-140.76579284668,12.6530895233154,-67.1739349365234),(-140.757308959961,18.8691501617432,-67.0105514526367),(-140.742263793945,24.9712238311768,-66.8462066650391),(-145.531112670898,19.447135925293,-69.),(-145.499938964844,25.3264579772949,-68.3921661376953),(-149.824920654297,20.2075138092041,-72.0516052246094),(-149.851425170898,13.9598522186279,-73.2850646972656),(-140.738494873047,26.,-66.8211898803711),(-145.492065429688,26.2988586425781,-68.2993392944336),(-140.728759765625,28.0592174530029,-66.7768707275391),(-135.350311279297,28.,-66.3000106811523),(-128.377258300781,28.,-67.1626052856445),(-135.350311279297,30.0576725006104,-66.0874404907227),(-135.350311279297,32.0257682800293,-65.4545745849609),(-140.698699951172,31.9347629547119,-65.9002838134766),(-135.350311279297,33.8204727172852,-64.428466796875),(-128.377288818359,13.7737798690796,-67.16259765625),(-120.372787475586,22.,-70.4272994995117),(-121.939636230469,28.,-69.5877304077148),(-121.939636230469,30.0975856781006,-69.3662185668945),(-121.939636230469,32.1030540466309,-68.7065963745117),(-121.939636230469,33.9245185852051,-67.6388473510742),(-113.04638671875,33.9196090698242,-73.7223739624023),(-113.04638671875,35.4808349609375,-72.3002395629883),(-101.427459716797,33.9093742370605,-86.1258239746094),(-101.427444458008,35.4712333679199,-84.7033386230469),(-84.8932952880859,35.4531669616699,-106.383323669434),(-84.8932952880859,33.8905334472656,-107.805732727051),(-76.616325378418,32.0585899353027,-118.335098266602),(-101.427459716797,32.086971282959,-87.1937103271484),(-84.8932952880859,32.0674896240234,-108.873229980469),(-76.616325378418,33.8815879821777,-117.268135070801),(-69.3340835571289,33.8749694824219,-123.629768371582),(-63.4664840698242,35.4330711364746,-125.796401977539),(-69.3340835571289,32.0522651672363,-124.696075439453),(-63.4664840698242,33.8706817626953,-127.216522216797),(-63.4664840698242,32.0483856201172,-128.282180786133),(-57.1645011901855,33.8671607971191,-129.535720825195),(-57.1645011901855,35.4291458129883,-128.116714477539),(-50.3503189086914,33.8658180236816,-130.362762451172),(-30.3232097625732,31.5525894165039,-130.072570800781),(-50.3503189086914,32.0432090759277,-131.424392700195),(-57.1645011901855,32.0454635620117,-130.6005859375),(-50.3503189086914,30.0384082794189,-132.07926940918),(-30.1294021606445,30.3757858276367,-130.610122680664),(-20.2813148498535,29.8677043914795,-128.933731079102),(-29.846549987793,28.417818069458,-131.124481201172),(-19.6906356811523,28.0937938690186,-129.543716430664),(-20.,29.0476570129395,-129.264862060547),(-19.4239349365234,27.2099227905273,-129.711502075195),(-9.,24.934986114502,-127.693557739258),(-18.717887878418,24.6404075622559,-129.900817871094),(-17.983434677124,16.8227443695068,-130.391235351562),(-18.6869468688965,0.,-130.892150878906),(-50.3503150939941,0.,-132.300018310547),(1.08384966850281,7.76563119888306,-127.541130065918),(-50.3503189086914,27.9410877227783,-132.300018310547),(-0.442029744386673,11.5506248474121,-127.612655639648),(8.91801357269287,11.4389972686768,-124.747352600098),(3.34373068809509,0.,-127.23014831543),(8.91801738739014,-11.4389953613281,-124.747352600098),(1.08385181427002,-7.76563119888306,-127.541130065918),(-17.9858779907227,-16.8387851715088,-130.390655517578),(-0.442026287317276,-11.5506248474121,-127.612655639648),(-9.,-24.9483547210693,-127.692260742188),(5.48383951187134,-24.8643455505371,-120.65958404541),(9.33203220367432,-21.0729007720947,-121.23445892334),(-18.7236595153809,-24.6627998352051,-129.899505615234),(-19.4302730560303,-27.2315711975098,-129.708374023438),(-19.6960792541504,-28.111400604248,-129.539505004883),(-20.,-29.0781059265137,-129.254165649414),(14.8639097213745,-11.3638391494751,-121.985610961914),(-57.1644859313965,27.9461097717285,-131.476898193359),(-57.1645011901855,30.0407199859619,-131.257522583008),(-63.4664649963379,27.9512996673584,-129.159057617188),(-69.3340377807617,27.956579208374,-125.573448181152),(-63.4664840698242,30.0431022644043,-128.939514160156),(-69.3340835571289,30.0465698242188,-125.353759765625),(-76.616340637207,30.0525436401367,-119.),(-76.6162643432617,27.9636344909668,-119.213188171387),(-80.8172225952148,16.2914752960205,-114.664939880371),(-84.8931655883789,27.9720058441162,-109.75220489502),(-93.1534042358398,16.3008651733398,-98.892822265625),(-84.893310546875,30.0612697601318,-109.531776428223),(-101.427322387695,27.9873371124268,-88.0740432739258),(-113.04638671875,28.,-75.6710433959961),(-107.097434997559,16.3093967437744,-81.4651794433594),(-101.427459716797,30.0809631347656,-87.8529434204102),(-113.04638671875,30.0921306610107,-75.4497146606445),(-113.04638671875,32.0978012084961,-74.7902069091797),(-113.046409606934,0.0236238371580839,-75.6710205078125),(-115.737632751465,10.264838218689,-73.49365234375),(-117.113319396973,15.0574417114258,-72.4926986694336),(-115.737632751465,20.2102584838867,-73.4936599731445),(-101.427543640137,0.020675104111433,-88.0737762451172),(-84.8933181762695,0.0143470093607903,-109.751983642578),(-93.1535186767578,-16.2944469451904,-98.8927001953125),(-107.097434997559,-16.2938861846924,-81.4651718139648),(-117.113319396973,-15.0373373031616,-72.4926910400391),(-115.737648010254,-20.1999912261963,-73.4936447143555),(-113.046371459961,-28.0144824981689,-75.6709365844727),(-101.427459716797,-28.0304985046387,-88.0736236572266),(-115.737648010254,-10.2354383468628,-73.4936447143555),(-120.372787475586,-7.02894878387451,-70.4272994995117),(-121.939659118652,0.0249342210590839,-69.5877075195312),(-120.372787475586,7.06473207473755,-70.4272994995117),(-84.8932189941406,-28.0474910736084,-109.75170135498),(-113.046371459961,-30.1537189483643,-75.4347305297852),(-101.427474975586,-30.1684169769287,-87.8321304321289),(-113.046371459961,-32.1921234130859,-74.7466125488281),(-101.427474975586,-32.2036361694336,-87.1396789550781),(-84.8932189941406,-30.183557510376,-109.503311157227),(-84.8932342529297,-32.2146377563477,-108.805145263672),(-76.6162643432617,-30.182315826416,-118.963104248047),(-76.6162643432617,-28.0467281341553,-119.212791442871),(-69.3340225219727,-28.039270401001,-125.573120117188),(-76.6163482666016,0.0107128163799644,-119.213081359863),(-69.3341064453125,0.,-125.573402404785),(-101.427490234375,-34.2834510803223,-85.8398056030273),(-113.046371459961,-34.2770156860352,-73.4498519897461),(-113.04638671875,-35.9830513000488,-71.6844635009766),(-121.939651489258,-37.2086296081543,-63.4799919128418),(-135.350311279297,-37.2093772888184,-60.1964225769043),(-121.939651489258,-37.8155517578125,-61.4849166870117),(-20.5732021331787,30.6449337005615,-128.528915405273),(-167.834243774414,-28.8598251342773,-80.4275588989258),(-167.669372558594,-28.6619472503662,-78.9760894775391),(-182.371704101562,-24.0319709777832,-99.8583831787109),(-190.350296020508,-19.7307071685791,-107.335609436035),(-190.350296020508,-20.3218040466309,-106.557144165039),(-190.350296020508,-20.8822078704834,-105.756324768066),(-69.334098815918,-35.0506057739258,-108.526947021484),(-63.4664840698242,-36.2733039855957,-113.612640380859),(-76.6163558959961,-35.0558586120605,-102.167068481445),(-63.4664840698242,-35.0483474731445,-112.113014221191),(-57.1645088195801,-36.2730598449707,-115.932823181152),(-57.1645050048828,-37.3724975585938,-118.126037597656),(-50.3503074645996,-37.5904769897461,-119.645294189453),(-50.3503112792969,-37.,-118.044326782227),(-41.581859588623,-33.5234451293945,-114.434600830078),(-50.3503112792969,-36.1427040100098,-116.567718505859),(-50.3503112792969,-35.0489540100098,-115.257186889648),(-57.1645088195801,-35.0478363037109,-114.432182312012),(-63.4664840698242,-33.7482223510742,-111.),(-57.1645088195801,-33.747241973877,-113.328399658203),(-63.4664840698242,-32.3446922302246,-110.175521850586),(-57.1645088195801,-32.3432083129883,-112.493545532227),(-50.3503112792969,-33.7476234436035,-114.152236938477),(-41.6324768066406,-32.5908241271973,-113.827827453613),(-50.3503112792969,-32.3427772521973,-113.316856384277),(-50.3503112792969,-30.1998081207275,-112.557014465332),(-57.164478302002,-27.9461269378662,-111.476913452148),(-50.3503112792969,-27.9411029815674,-112.300003051758),(-38.802562713623,-6.94944906234741,-112.484985351562),(-50.3503189086914,28.,-112.300102233887),(-38.4291305541992,-20.743221282959,-112.623512268066),(-38.38427734375,-21.6681060791016,-112.637542724609),(-28.838924407959,-25.0447006225586,-113.474937438965),(-29.5585327148438,-22.0849094390869,-113.295417785645),(-36.5738525390625,-30.137903213501,-113.282379150391),(-33.0696296691895,-35.0910415649414,-117.586669921875),(-30.526273727417,-30.5910835266113,-114.25537109375),(-30.3642654418945,-31.2044887542725,-114.581245422363),(-27.2899799346924,-30.1159400939941,-114.57633972168),(-27.0627670288086,-30.7106990814209,-114.90559387207),(-26.830961227417,-31.2749099731445,-115.276428222656),(-26.5840797424316,-31.8281078338623,-115.705558776855),(-26.0760688781738,-32.8095474243164,-116.68098449707),(-25.8152389526367,-33.2316627502441,-117.220832824707),(-26.3323993682861,-32.3408012390137,-116.174713134766),(-21.4200553894043,-33.3138961791992,-118.94189453125),(-25.7217197418213,-33.3695907592773,-117.419525146484),(-25.4549293518066,-33.724552154541,-118.),(-25.2804660797119,-33.9259605407715,-118.386573791504),(-25.,-34.1931419372559,-119.),(-21.2467250823975,-33.4155921936035,-119.232238769531),(-12.362473487854,-30.4820117950439,-117.748710632324),(-19.3341007232666,-26.4858837127686,-114.37899017334),(-24.536304473877,-19.2241764068604,-113.392562866211),(-17.8362655639648,-25.9897708892822,-114.255294799805),(-27.4306468963623,-29.727222442627,-114.391174316406),(-27.7350463867188,-28.8341884613037,-114.044227600098),(-27.8978004455566,-28.3283386230469,-113.891540527344),(-28.1873874664307,-27.3813095092773,-113.683036804199),(-28.467170715332,-26.4121913909912,-113.567726135254),(-11.3016309738159,-27.6536102294922,-114.81428527832),(-12.5951709747314,-27.,-114.394737243652),(-15.4329481124878,-25.0892601013184,-113.636154174805),(-14.5493097305298,-25.7520694732666,-113.84496307373),(-13.804310798645,-26.2618045806885,-114.041160583496),(-16.9878559112549,-23.7650527954102,-113.340599060059),(-19.,-21.7155742645264,-113.026306152344),(-22.6421298980713,-16.6813640594482,-112.485290527344),(-18.,-21.3983955383301,-112.2392578125),(-15.7649450302124,-23.3323879241943,-112.517044067383),(-15.116626739502,-23.0790386199951,-111.636650085449),(-14.0489883422852,-24.5598487854004,-112.762161254883),(-13.3063144683838,-24.2498455047607,-111.829010009766),(-12.2792663574219,-24.8251781463623,-111.950866699219),(-11.4667062759399,-24.4442577362061,-108.362449645996),(-15.3380575180054,-22.2205638885498,-103.362457275391),(-11.414402961731,-25.2629947662354,-112.059776306152),(-10.0127401351929,-25.8861274719238,-112.247314453125),(-16.963716506958,-21.,-108.362449645996),(-21.7339038848877,-16.450532913208,-111.019256591797),(-21.4824619293213,-16.3559818267822,-108.362449645996),(-17.4736919403076,-21.21266746521,-111.409759521484),(-20.2100849151611,-17.9043140411377,-103.362457275391),(-18.1409645080566,-26.2812652587891,-102.49243927002),(-23.9033622741699,-21.1762428283691,-102.49243927002),(-23.9076290130615,-12.5475273132324,-103.362457275391),(-28.2765865325928,-14.8405294418335,-102.49243927002),(-26.215726852417,-6.46152687072754,-103.362457275391),(-24.7623596191406,-10.7629461288452,-108.362449645996),(-26.,-7.28879547119141,-108.362449645996),(-25.9816589355469,-7.30555200576782,-110.642105102539),(-24.8214550018311,-10.7976579666138,-110.744735717773),(-24.9407825469971,-10.8288402557373,-111.42497253418),(-26.0344696044922,-7.3207573890686,-111.299308776855),(-26.8374652862549,-3.70096588134766,-111.876190185547),(-26.2432041168213,-7.34672594070435,-111.962783813477),(-26.6984958648682,-3.69084095954895,-111.222770690918),(-27.0373783111572,0.,-111.84693145752),(-26.6867847442627,-3.68491220474243,-110.579605102539),(-26.9222221374512,0.,-111.196922302246),(-26.9245471954346,0.,-110.558486938477),(-26.6984958648682,3.69083309173584,-111.222770690918),(-26.8374652862549,3.70095777511597,-111.876190185547),(-27.8567085266113,6.84508180618286,-112.723754882812),(-26.2432079315186,7.34671783447266,-111.962783813477),(-27.5843124389648,8.67166805267334,-112.77938079834),(-26.0344753265381,7.32075023651123,-111.299308776855),(-25.2625923156738,10.882080078125,-112.104965209961),(-22.6421337127686,16.6813564300537,-112.485290527344),(-24.9407863616943,10.8288316726685,-111.42497253418),(-27.2471294403076,10.4758453369141,-112.847785949707),(-30.7720279693604,15.51402759552,-113.),(-24.5318145751953,19.2348136901855,-113.39347076416),(-31.0201625823975,13.7083520889282,-112.930877685547),(-38.4274101257324,20.7802238464355,-112.624061584473),(-31.0232582092285,-13.6841735839844,-112.93009185791),(-27.8583106994629,-6.83285474777222,-112.723426818848),(-27.5863361358643,-8.65957260131836,-112.778968811035),(-27.249568939209,-10.4639158248901,-112.847282409668),(-30.775541305542,-15.49010181427,-113.),(-30.4956970214844,-17.2759075164795,-113.063301086426),(-30.1840229034424,-19.0394477844238,-113.140930175781),(-25.2625885009766,-10.8820877075195,-112.104965209961),(-22.0261764526367,-16.5357799530029,-111.761108398438),(-38.382438659668,21.7050323486328,-112.638114929199),(-29.5534439086914,22.107629776001,-113.296691894531),(-30.1796493530273,19.0627784729004,-113.142013549805),(-30.4917678833008,17.2995529174805,-113.064300537109),(-21.2658081054688,26.0162868499756,-114.171211242676),(-28.8331508636475,25.0667400360107,-113.476379394531),(-28.4549293518066,26.4555797576904,-113.570823669434),(-30.5010967254639,30.6891956329346,-114.303604125977),(-36.5643463134766,30.2277240753174,-113.311073303223),(-44.4582977294922,31.7360401153564,-113.205406188965),(-41.5635070800781,33.8305854797363,-114.669525146484),(-41.5956497192383,33.282112121582,-114.262939453125),(-41.6265830993652,32.7065010070801,-113.895149230957),(-30.3359050750732,31.307825088501,-114.642120361328),(-30.2628593444824,31.5676307678223,-114.803367614746),(-33.0323600769043,35.1920852661133,-117.760650634766),(-25.7135047912598,33.3813781738281,-117.437118530273),(-25.357666015625,33.8398323059082,-118.21435546875),(-25.0834274291992,34.1242980957031,-118.83080291748),(-32.5366821289062,36.1183128356934,-120.134132385254),(-24.7147693634033,34.4137115478516,-119.675193786621),(-24.3392601013184,34.6025733947754,-120.544189453125),(-23.9571647644043,34.6888046264648,-121.427398681641),(-21.2236099243164,33.4281044006348,-119.271102905273),(-23.5716152191162,34.6705703735352,-122.313941955566),(-15.2037172317505,32.5718231201172,-122.382507324219),(-23.4999675750732,34.6555519104004,-122.479339599609),(-21.4540977478027,33.2923316955566,-118.885208129883),(-17.3795547485352,31.0104579925537,-117.139678955078),(-11.300238609314,30.7249946594238,-118.510124206543),(-12.0465202331543,30.5700263977051,-117.973251342773),(-12.7860946655273,30.3428268432617,-117.451103210449),(-27.1342697143555,30.5279350280762,-114.798110961914),(-26.8130912780762,31.3166065216064,-115.306365966797),(-26.4832992553711,32.0396575927734,-115.889846801758),(-26.1451053619385,32.6885833740234,-116.542083740234),(-25.7988891601562,33.2562828063965,-117.255401611328),(-27.3541240692139,29.9406452178955,-114.490074157715),(-27.6599521636963,29.0609722137451,-114.122627258301),(-27.7496280670166,28.7896747589111,-114.029579162598),(-27.9314517974854,28.221363067627,-113.863052368164),(-28.10964012146,27.6413440704346,-113.730613708496),(-28.2841625213623,27.0519714355469,-113.63298034668),(-8.14974594116211,28.724910736084,-115.966491699219),(-9.50771999359131,28.3547973632812,-115.451972961426),(-9.93985366821289,28.2081089019775,-115.293380737305),(-11.6909465789795,27.4690532684326,-114.683990478516),(-13.3922119140625,26.5247459411621,-114.157020568848),(-11.8005294799805,25.8704433441162,-113.158966064453),(-13.0748767852783,25.1674842834473,-112.924530029297),(-14.54931640625,25.7520656585693,-113.84496307373),(-15.0330085754395,25.3971385955811,-113.72728729248),(-13.6079807281494,24.8426418304443,-112.83374786377),(-14.6834268569946,24.130033493042,-112.665069580078),(-13.9754447937012,23.8411865234375,-111.754371643066),(-12.841287612915,24.517951965332,-111.88313293457),(-11.4667139053345,24.4442539215088,-108.362449645996),(-12.2792739868164,24.825174331665,-111.950866699219),(-10.9363813400269,25.4873065948486,-112.122268676758),(-9.92953968048096,26.7220077514648,-113.542137145996),(-8.96615123748779,26.2845668792725,-112.395164489746),(-6.94352722167969,26.8998584747314,-112.696708679199),(-8.,27.3830070495605,-113.974449157715),(-5.30851221084595,26.4730663299561,-108.362449645996),(-9.57465362548828,25.245433807373,-103.362457275391),(-3.25483441352844,26.8031387329102,-103.362457275391),(-6.4452919960022,27.0210819244385,-112.77367401123),(-4.88180255889893,27.3256454467773,-113.020637512207),(-2.7944483757019,27.5561962127686,-113.360069274902),(1.15584897994995,26.9752330780029,-108.362449645996),(-0.302438080310822,27.5726890563965,-113.771125793457),(1.3982013463974,27.42262840271,-114.044921875),(3.25417113304138,26.8031387329102,-103.362457275391),(7.55354309082031,25.9217929840088,-108.362449645996),(3.32551765441895,27.0919322967529,-114.34334564209),(-0.695411562919617,27.5887260437012,-113.706764221191),(-2.05558919906616,28.127010345459,-115.449699401855),(-1.68097412586212,28.10964012146,-115.544174194336),(-2.67255711555481,28.8431148529053,-118.135665893555),(-0.0606221370398998,27.947229385376,-115.946083068848),(-4.15489482879639,29.0266151428223,-117.553855895996),(-4.49800825119019,29.0462779998779,-117.417129516602),(-6.33171558380127,29.,-116.682487487793),(-4.05705308914185,28.0917911529541,-114.941459655762),(-6.04531574249268,27.8424091339111,-114.444938659668),(-7.53310632705688,27.5136337280273,-114.085792541504),(9.57402038574219,25.2454376220703,-103.362457275391),(12.8990669250488,23.7193260192871,-108.362449645996),(15.3374319076538,22.2205638885498,-103.362457275391),(17.6531009674072,20.4292984008789,-108.362449645996),(20.2094860076904,17.9043140411377,-103.362457275391),(23.9027099609375,21.1762428283691,-102.49243927002),(23.90700340271,12.5475273132324,-103.362457275391),(28.2759323120117,14.8405294418335,-102.49243927002),(27.1807231903076,20.4252376556396,-100.030487060547),(29.2134227752686,15.332558631897,-102.035736083984),(32.2499237060547,10.766716003418,-100.030487060547),(31.,7.64233922958374,-102.49243927002),(33.0117034912109,8.13673782348633,-100.030487060547),(33.5594100952148,5.45398855209351,-100.030487060547),(31.,7.64237356185913,-97.5684204101562),(33.7337493896484,0.,-101.152458190918),(33.9322967529297,0.,-100.60701751709),(34.,0.,-100.030487060547),(33.9323272705078,0.,-99.4539566040039),(33.4147796630859,0.,-101.637413024902),(33.,0.,-102.035736083984),(32.4898643493652,0.,-102.325965881348),(31.9339275360107,0.,-97.5684204101562),(32.4899787902832,0.,-97.7349395751953),(33.,0.,-98.0251922607422),(33.4148635864258,0.,-98.4235382080078),(33.733814239502,0.,-98.9085006713867),(31.,-7.64236402511597,-97.5684204101562),(30.3259754180908,0.,-97.2848052978516),(29.4447479248047,7.25756168365479,-97.2848052978516),(30.1035614013672,0.,-97.2181930541992),(26.1206302642822,13.7093353271484,-96.2999420166016),(26.2147731781006,13.7587556838989,-96.7487487792969),(29.9024848937988,0.,-97.1020889282227),(29.4448680877686,7.2575888633728,-95.3151931762695),(29.7335948944092,0.,-96.942756652832),(29.6060104370117,0.,-96.7487487792969),(29.5266170501709,0.,-96.5305557250977),(26.85227394104,14.0933351516724,-97.2848052978516),(29.4996757507324,0.,-96.2999420166016),(26.4773044586182,13.8965253829956,-97.1020889282227),(22.6992301940918,20.1100559234619,-97.2848052978516),(16.9863929748535,24.6095180511475,-97.1020889282227),(17.226957321167,24.9580516815186,-97.2848052978516),(28.2760810852051,14.840594291687,-97.5684204101562),(16.7575702667236,24.2780246734619,-96.2999420166016),(16.8180122375488,24.3655414581299,-96.7487487792969),(23.902795791626,21.1763324737549,-97.5684204101562),(22.6993217468262,20.11012840271,-95.3151931762695),(16.9864521026611,24.6095943450928,-95.4978408813477),(17.2270164489746,24.9581451416016,-95.3151931762695),(19.3138675689697,27.9814529418945,-94.6676559448242),(16.818042755127,24.3655834197998,-95.8511581420898),(25.4490299224854,22.5461750030518,-94.6676559448242),(26.8523941040039,14.0933866500854,-95.3151931762695),(26.2148628234863,13.7587795257568,-95.8511581420898),(26.4773616790771,13.8965682983398,-95.4978408813477),(30.105167388916,15.8005886077881,-94.6676559448242),(25.4490299224854,22.5461750030518,-73.5),(30.105167388916,15.8005886077881,-73.5),(33.0117034912109,8.13673782348633,-94.6676559448242),(33.0117034912109,8.13673782348633,-73.5),(30.3260936737061,0.,-95.3151931762695),(34.,0.,-94.6676559448242),(33.0117034912109,-8.13672733306885,-94.6676559448242),(34.,0.,-73.5),(29.4448719024658,-7.25757932662964,-95.3151931762695),(26.1206340789795,-13.7093296051025,-96.2999420166016),(29.444751739502,-7.25755214691162,-97.2848052978516),(29.6060409545898,0.,-95.8511581420898),(29.526647567749,0.,-96.0693283081055),(29.7336845397949,0.,-95.6571731567383),(29.9025745391846,0.,-95.4978408813477),(30.1036491394043,0.,-95.3817596435547),(26.2148666381836,-13.7587718963623,-95.8511581420898),(26.4773654937744,-13.896559715271,-95.4978408813477),(26.8523979187012,-14.0933809280396,-95.3151931762695),(30.1051712036133,-15.8005809783936,-94.6676559448242),(22.6993293762207,-20.1101207733154,-95.3151931762695),(16.7575778961182,-24.2780208587646,-96.2999420166016),(25.4490375518799,-22.5461654663086,-94.6676559448242),(17.2270240783691,-24.9581413269043,-95.3151931762695),(16.9864597320557,-24.6095905303955,-95.4978408813477),(16.8180465698242,-24.3655796051025,-95.8511581420898),(22.699239730835,-20.1100482940674,-97.2848052978516),(23.9028034210205,-21.1763248443604,-97.5684204101562),(26.8522777557373,-14.0933275222778,-97.2848052978516),(18.140438079834,-26.2813777923584,-97.5684204101562),(17.2269649505615,-24.9580478668213,-97.2848052978516),(26.4773082733154,-13.8965167999268,-97.1020889282227),(16.986400604248,-24.6095142364502,-97.1020889282227),(16.8180198669434,-24.3655376434326,-96.7487487792969),(26.2147769927979,-13.7587480545044,-96.7487487792969),(10.7535152435303,-28.3555736541748,-97.2848052978516),(10.7535762786865,-28.3556804656982,-95.3151931762695),(3.84894466400146,-31.7014255523682,-97.5684204101562),(3.55551052093506,-29.2849102020264,-96.2999420166016),(3.65511012077332,-30.1051807403564,-97.2848052978516),(3.60405850410461,-29.6847686767578,-97.1020889282227),(3.56832551956177,-29.3904762268066,-96.7487487792969),(11.3237543106079,-29.8590507507324,-97.5684204101562),(-3.65572690963745,-30.1051807403564,-97.2848052978516),(-11.3243398666382,-29.8590545654297,-97.5684204101562),(-10.7541618347168,-28.3555774688721,-97.2848052978516),(-10.6039876937866,-27.9595985412598,-97.1020889282227),(-3.65578651428223,-30.1052932739258,-95.3151931762695),(-10.4611463546753,-27.5829792022705,-96.2999420166016),(-10.498875617981,-27.682409286499,-96.7487487792969),(-3.84956073760986,-31.7014255523682,-97.5684204101562),(-4.09855842590332,-33.7521018981934,-100.030487060547),(-6.80118179321289,-33.3128814697266,-100.030487060547),(-11.3243112564087,-29.8589210510254,-102.49243927002),(-11.6997890472412,-30.8489837646484,-98.0251922607422),(-11.6997594833374,-30.8488750457764,-102.035736083984),(-11.9625864028931,-31.5418891906738,-101.152458190918),(-12.0568809509277,-31.790548324585,-100.030487060547),(-11.9625864028931,-31.5419483184814,-98.9085006713867),(-17.,-29.4448642730713,-100.030487060547),(-19.3145198822021,-27.9814529418945,-100.030487060547),(-18.1410236358643,-26.2813816070557,-97.5684204101562),(-21.5034713745117,-26.3365688323975,-100.030487060547),(-23.9034519195557,-21.1763324737549,-97.5684204101562),(-17.2276153564453,-24.9580516815186,-97.2848052978516),(-22.3828773498535,-19.8292236328125,-97.1020889282227),(-22.6998882293701,-20.1100559234619,-97.2848052978516),(-17.2276725769043,-24.9581451416016,-95.3151931762695),(-22.0813674926758,-19.5621204376221,-96.2999420166016),(-22.1609992980957,-19.6326389312744,-96.7487487792969),(-26.8529300689697,-14.0933351516724,-97.2848052978516),(-29.4454040527344,-7.25756168365479,-97.2848052978516),(-29.0341911315918,-7.15621042251587,-97.1020889282227),(-26.8530197143555,-14.0933866500854,-95.3151931762695),(-28.6430969238281,-7.05981588363647,-96.2999420166016),(-28.7463607788086,-7.08526515960693,-96.7487487792969),(-28.2767066955566,-14.840594291687,-97.5684204101562),(-31.,-7.64237356185913,-97.5684204101562),(-31.279613494873,-13.326868057251,-100.030487060547),(-32.0345993041992,-7.89574384689331,-98.0251922607422),(-33.8900680541992,-2.73586869239807,-100.030487060547),(-31.9345531463623,0.,-97.5684204101562),(-34.,0.,-100.030487060547),(-33.8900680541992,2.73585844039917,-100.030487060547),(-31.,7.64236402511597,-97.5684204101562),(-29.4454078674316,7.25755214691162,-97.2848052978516),(-30.3266010284424,0.,-97.2848052978516),(-29.0341949462891,7.15620231628418,-97.1020889282227),(-30.3267211914062,0.,-95.3151931762695),(-28.6430988311768,7.05980730056763,-96.2999420166016),(-28.7463645935059,7.08525657653809,-96.7487487792969),(-26.852933883667,14.0933275222778,-97.2848052978516),(-28.2767105102539,14.8405847549438,-97.5684204101562),(-23.9034595489502,21.1763248443604,-97.5684204101562),(-22.699893951416,20.1100482940674,-97.2848052978516),(-22.382884979248,19.829216003418,-97.1020889282227),(-26.8530235290527,14.0933809280396,-95.3151931762695),(-22.0813751220703,19.5621128082275,-96.2999420166016),(-22.1610069274902,19.6326313018799,-96.7487487792969),(-17.2276229858398,24.9580478668213,-97.2848052978516),(-10.6039972305298,27.9595947265625,-97.1020889282227),(-10.7541723251343,28.3555736541748,-97.2848052978516),(-11.3243503570557,29.8590507507324,-97.5684204101562),(-17.2276802062988,24.9581413269043,-95.3151931762695),(-10.4611549377441,27.5829753875732,-96.2999420166016),(-10.4988832473755,27.6824054718018,-96.7487487792969),(-18.1410312652588,26.2813777923584,-97.5684204101562),(-17.,29.444860458374,-100.030487060547),(-19.3145275115967,27.9814453125,-100.030487060547),(-21.5034790039062,26.3365612030029,-100.030487060547),(-18.1409721374512,26.2812614440918,-102.49243927002),(-24.6958465576172,21.8783187866211,-102.035736083984),(-25.2506141662598,22.3698139190674,-101.152458190918),(-25.4496936798096,22.5461654663086,-100.030487060547),(-24.6959323883057,21.8783950805664,-98.0251922607422),(-25.2506732940674,22.3698558807373,-98.9085006713867),(-23.9033699035645,21.1762351989746,-102.49243927002),(-28.27659034729,14.8405199050903,-102.49243927002),(-28.7367687225342,18.1718349456787,-100.030487060547),(-23.9076328277588,12.5475196838379,-103.362457275391),(-20.2100887298584,17.9043064117432,-103.362457275391),(-21.4824657440186,16.3559741973877,-108.362449645996),(-16.9637203216553,21.,-108.362449645996),(-15.3380651473999,22.2205600738525,-103.362457275391),(-11.3243188858032,29.8589172363281,-102.49243927002),(-3.84957051277161,31.7012844085693,-102.49243927002),(-6.80119228363037,33.3128814697266,-100.030487060547),(-11.6997690200806,30.8488712310791,-102.035736083984),(-11.9625968933105,31.5418891906738,-101.152458190918),(-12.0568914413452,31.790548324585,-100.030487060547),(-11.9625968933105,31.5419483184814,-98.9085006713867),(-11.6997985839844,30.8489799499512,-98.0251922607422),(-4.09856939315796,33.7521018981934,-100.030487060547),(-3.84957051277161,31.7014255523682,-97.5684204101562),(-1.3693619966507,33.9724197387695,-100.030487060547),(3.84893488883972,31.7014255523682,-97.5684204101562),(-3.65573596954346,30.1051807403564,-97.2848052978516),(3.65510106086731,30.1051807403564,-97.2848052978516),(3.60404992103577,29.6847686767578,-97.1020889282227),(3.56831693649292,29.3904762268066,-96.7487487792969),(3.55550193786621,29.2849102020264,-96.2999420166016),(-3.65579557418823,30.1052932739258,-95.3151931762695),(-12.0568914413452,31.790548324585,-94.6676559448242),(-10.7542304992676,28.3556804656982,-95.3151931762695),(-10.6040267944336,27.9596824645996,-95.4978408813477),(-10.4988832473755,27.6824550628662,-95.8511581420898),(-4.09856939315796,33.7521018981934,-94.6676559448242),(3.6551308631897,30.1052932739258,-95.3151931762695),(3.60407972335815,29.6848602294922,-95.4978408813477),(3.56834673881531,29.3905277252197,-95.8511581420898),(10.753565788269,28.3556842803955,-95.3151931762695),(4.09793329238892,33.7521018981934,-94.6676559448242),(12.0562562942505,31.790548324585,-94.6676559448242),(10.7535057067871,28.3555774688721,-97.2848052978516),(18.1404285430908,26.2813816070557,-97.5684204101562),(11.3237438201904,29.8590545654297,-97.5684204101562),(9.45907211303711,32.6576156616211,-100.030487060547),(12.0562562942505,31.790548324585,-100.030487060547),(14.5752363204956,30.7173156738281,-100.030487060547),(19.3138675689697,27.9814529418945,-100.030487060547),(19.1628589630127,27.7626419067383,-98.9085006713867),(18.7418117523193,27.152702331543,-98.0251922607422),(18.7417526245117,27.1526069641113,-102.035736083984),(19.1628265380859,27.7625885009766,-101.152458190918),(18.140308380127,26.2812652587891,-102.49243927002),(11.3236837387085,29.8589210510254,-102.49243927002),(3.84890508651733,31.7012844085693,-102.49243927002),(3.97651815414429,32.7523231506348,-102.035736083984),(4.06586599349976,33.4881019592285,-101.152458190918),(4.09793329238892,33.7521018981934,-100.030487060547),(4.06586599349976,33.4881629943848,-98.9085006713867),(3.97654795646667,32.7524375915527,-98.0251922607422),(23.5523204803467,24.5208854675293,-100.030487060547),(25.4490299224854,22.5461750030518,-100.030487060547),(12.0562562942505,31.790548324585,-73.5),(4.09793329238892,33.7521018981934,-73.5),(-4.09856939315796,33.7521018981934,-73.5),(4.41732358932495,36.3827819824219,-73.5),(-4.41799116134644,36.3827819824219,-73.5),(4.41732358932495,36.3827819824219,-64.7999954223633),(-4.41799116134644,36.3827819824219,-64.7999954223633),(-12.0568914413452,31.790548324585,-73.5),(-13.,34.2683410644531,-73.5),(-13.,34.2683410644531,-64.7999954223633),(-20.8199024200439,30.162353515625,-64.7999954223633),(-20.8199024200439,30.162353515625,-73.5),(-27.4332160949707,24.3034400939941,-64.7999954223633),(-27.4332160949707,24.3034400939941,-73.5),(-19.3145275115967,27.9814453125,-73.5),(-19.3145275115967,27.9814453125,-94.6676559448242),(-25.4496936798096,22.5461654663086,-73.5),(-30.105827331543,15.8005809783936,-73.5),(-25.4496936798096,22.5461654663086,-94.6676559448242),(-32.4522819519043,17.032096862793,-73.5),(-32.4522819519043,17.032096862793,-64.7999954223633),(-35.5853424072266,8.77091217041016,-73.5),(-35.5853424072266,8.77091217041016,-64.7999954223633),(-33.0123291015625,8.13672733306885,-73.5),(-34.,0.,-73.5),(-36.6503219604492,0.,-73.5),(-36.6503219604492,0.,-64.7999954223633),(-32.4522743225098,-17.0321102142334,-64.7999954223633),(-35.5853424072266,-8.77092456817627,-64.7999954223633),(-35.5853424072266,-8.77092456817627,-73.5),(-32.4522743225098,-17.0321102142334,-73.5),(-33.0123291015625,-8.13673782348633,-73.5),(-33.0123291015625,-8.13673782348633,-94.6676559448242),(-34.,0.,-94.6676559448242),(-30.1058235168457,-15.8005886077881,-73.5),(-25.449686050415,-22.5461750030518,-73.5),(-30.1058235168457,-15.8005886077881,-94.6676559448242),(-25.449686050415,-22.5461750030518,-94.6676559448242),(-29.4454936981201,-7.2575888633728,-95.3151931762695),(-29.0342807769775,-7.15623331069946,-95.4978408813477),(-28.7464199066162,-7.08527708053589,-95.8511581420898),(-19.3145198822021,-27.9814529418945,-73.5),(-22.6999454498291,-20.11012840271,-95.3151931762695),(-19.3145198822021,-27.9814529418945,-94.6676559448242),(-12.0568809509277,-31.790548324585,-94.6676559448242),(-12.0568809509277,-31.790548324585,-73.5),(-4.41797924041748,-36.3827819824219,-73.5),(-4.09855842590332,-33.7521018981934,-73.5),(-13.,-34.2683486938477,-73.5),(-20.8198947906494,-30.1623611450195,-73.5),(-27.4332084655762,-24.3034477233887,-64.7999954223633),(-27.4332084655762,-24.3034477233887,-73.5),(-20.8198947906494,-30.1623611450195,-64.7999954223633),(-13.,-34.2683486938477,-64.7999954223633),(13.,-34.2683410644531,-64.7999954223633),(4.41733551025391,-36.3827819824219,-64.7999954223633),(-4.41797924041748,-36.3827819824219,-64.7999954223633),(4.41733551025391,-36.3827819824219,-73.5),(13.,-34.2683410644531,-73.5),(4.09794282913208,-33.7521018981934,-73.5),(-4.09855842590332,-33.7521018981934,-94.6676559448242),(4.09794282913208,-33.7521018981934,-94.6676559448242),(12.056263923645,-31.790548324585,-73.5),(12.056263923645,-31.790548324585,-94.6676559448242),(20.8192501068115,-30.162353515625,-73.5),(19.3138751983643,-27.9814453125,-73.5),(27.4325904846191,-24.3034400939941,-73.5),(25.4490375518799,-22.5461654663086,-73.5),(19.3138751983643,-27.9814453125,-94.6676559448242),(30.1051712036133,-15.8005809783936,-73.5),(33.0117034912109,-8.13672733306885,-73.5),(32.4516258239746,-17.032096862793,-73.5),(35.5846824645996,-8.77091217041016,-73.5),(32.4516258239746,-17.032096862793,-64.7999954223633),(35.5846824645996,-8.77091217041016,-64.7999954223633),(36.6496734619141,0.,-64.7999954223633),(27.4325828552246,24.3034477233887,-64.7999954223633),(13.,34.2683486938477,-64.7999954223633),(36.6496734619141,0.,-73.5),(35.5846824645996,8.77092456817627,-64.7999954223633),(32.4516258239746,17.0321102142334,-64.7999954223633),(35.5846824645996,8.77092456817627,-73.5),(32.4516258239746,17.0321102142334,-73.5),(27.4325828552246,24.3034477233887,-73.5),(20.819242477417,30.1623611450195,-64.7999954223633),(20.819242477417,30.1623611450195,-73.5),(19.3138675689697,27.9814529418945,-73.5),(13.,34.2683486938477,-73.5),(27.4325904846191,-24.3034400939941,-64.7999954223633),(20.8192501068115,-30.162353515625,-64.7999954223633),(3.6551399230957,-30.1052932739258,-95.3151931762695),(3.604088306427,-29.6848602294922,-95.4978408813477),(3.56835532188416,-29.3905277252197,-95.8511581420898),(-10.7542209625244,-28.3556842803955,-95.3151931762695),(-10.6040172576904,-27.9596862792969,-95.4978408813477),(-10.498875617981,-27.6824588775635,-95.8511581420898),(-22.3829669952393,-19.8292846679688,-95.4978408813477),(-22.1609992980957,-19.6326713562012,-95.8511581420898),(-29.4454975128174,7.25757932662964,-95.3151931762695),(-33.0123291015625,8.13672733306885,-94.6676559448242),(-30.105827331543,15.8005809783936,-94.6676559448242),(-22.6999549865723,20.1101207733154,-95.3151931762695),(-22.3829746246338,19.8292770385742,-95.4978408813477),(-22.1610069274902,19.6326637268066,-95.8511581420898),(-29.0342845916748,7.15622472763062,-95.4978408813477),(-28.7464237213135,7.0852689743042,-95.8511581420898),(-21.733907699585,16.4505252838135,-111.019256591797),(-17.4736976623535,21.2126636505127,-111.409759521484),(-15.0773544311523,23.1066741943359,-111.640480041504),(-15.7277612686157,23.3612232208252,-112.521743774414),(-16.,24.6233177185059,-113.515464782715),(-18.,21.3983917236328,-112.2392578125),(-16.9541835784912,23.7959308624268,-113.345924377441),(-19.,21.7155666351318,-113.026306152344),(-22.0261821746826,16.5357723236084,-111.761108398438),(-24.8214588165283,10.7976512908936,-110.744735717773),(-24.7623634338379,10.7629384994507,-108.362449645996),(-25.9816627502441,7.30554437637329,-110.642105102539),(-26.,7.28878784179688,-108.362449645996),(-26.74853515625,3.67869663238525,-108.362449645996),(-26.2157306671143,6.46151828765869,-103.362457275391),(-27.,0.,-103.362457275391),(-31.,7.64233016967773,-102.49243927002),(-31.9344387054443,0.,-102.49243927002),(-31.,-7.64233922958374,-102.49243927002),(-32.0344848632812,-7.89571714401245,-102.035736083984),(-32.7541160583496,-8.07309150695801,-101.152458190918),(-33.0123291015625,-8.13673782348633,-100.030487060547),(-32.7541770935059,-8.0731086730957,-98.9085006713867),(-32.0344848632812,7.89570665359497,-102.035736083984),(-31.2796211242676,13.3268594741821,-100.030487060547),(-32.7541770935059,8.07309913635254,-98.9085006713867),(-30.105827331543,15.8005809783936,-100.030487060547),(-32.0345993041992,7.89573574066162,-98.0251922607422),(-33.0123291015625,8.13672733306885,-100.030487060547),(-32.7541160583496,8.07308387756348,-101.152458190918),(-26.74853515625,-3.67870473861694,-108.362449645996),(-27.,0.,-108.362449645996),(-26.6867847442627,3.68490409851074,-110.579605102539),(-30.1058235168457,-15.8005886077881,-100.030487060547),(-28.7367649078369,-18.1718425750732,-100.030487060547),(-24.6958389282227,-21.8783264160156,-102.035736083984),(-24.6959285736084,-21.8784027099609,-98.0251922607422),(-25.2506065368652,-22.3698234558105,-101.152458190918),(-25.449686050415,-22.5461750030518,-100.030487060547),(-25.2506656646729,-22.3698635101318,-98.9085006713867),(3.97655820846558,-32.7524375915527,-98.0251922607422),(4.06587553024292,-33.4881629943848,-98.9085006713867),(4.09794282913208,-33.7521018981934,-100.030487060547),(4.06587553024292,-33.4881019592285,-101.152458190918),(18.7418193817139,-27.1526947021484,-98.0251922607422),(19.1628665924072,-27.7626342773438,-98.9085006713867),(19.3138751983643,-27.9814453125,-100.030487060547),(19.1628341674805,-27.762580871582,-101.152458190918),(28.276086807251,-14.8405847549438,-97.5684204101562),(29.2135162353516,-15.3326025009155,-98.0251922607422),(27.1807308197021,-20.4252300262451,-100.030487060547),(29.8697624206543,-15.6770267486572,-98.9085006713867),(25.4490375518799,-22.5461654663086,-100.030487060547),(29.2134265899658,-15.3325490951538,-102.035736083984),(29.8697032928467,-15.6769933700562,-101.152458190918),(30.1051712036133,-15.8005809783936,-100.030487060547),(29.2135124206543,15.3326120376587,-98.0251922607422),(29.869758605957,15.6770324707031,-98.9085006713867),(30.105167388916,15.8005886077881,-100.030487060547),(29.8696994781494,15.6770000457764,-101.152458190918),(-23.1212425231934,34.5141639709473,-123.354858398438),(-22.8183288574219,34.3243789672852,-124.051605224609),(-50.3503189086914,34.6804580688477,-114.904113769531),(-50.3503227233887,37.2439460754395,-118.609832763672),(-50.3503189086914,36.1730079650879,-116.611305236816),(-57.1644859313965,36.1680488586426,-115.777458190918),(-57.1644897460938,37.2389259338379,-117.778312683105),(-63.4664688110352,37.2375679016113,-115.452598571777),(-63.4664688110352,37.8367691040039,-117.642570495605),(-69.3340682983398,37.9281730651855,-116.319961547852),(-69.3340682983398,37.8386421203613,-114.051383972168),(-69.3340530395508,37.237865447998,-111.86092376709),(-69.3340530395508,36.1624488830566,-109.859436035156),(-63.4664649963379,36.1641006469727,-113.451332092285),(-76.6162948608398,37.240421295166,-105.494941711426),(-84.8932647705078,37.2460784912109,-96.0300445556641),(-76.6162948608398,36.1632804870605,-103.493370056152),(-69.3340377807617,34.6590309143066,-108.153671264648),(-76.6162796020508,34.657901763916,-101.787956237793),(-84.8932647705078,36.1679382324219,-94.0286636352539),(-84.8932495117188,34.6615867614746,-92.3236999511719),(-101.427444458008,37.2624015808105,-74.3516998291016),(-101.427429199219,36.1848564147949,-72.3512649536133),(-113.046371459961,36.1966323852539,-59.9518814086914),(-101.427429199219,34.6797752380371,-70.647216796875),(-113.046371459961,37.2728652954102,-61.951587677002),(-121.939636230469,37.8800392150879,-58.0593185424805),(-113.046371459961,37.8752021789551,-64.1411209106445),(-121.939636230469,37.2782249450684,-55.8701934814453),(-121.939636230469,36.2028312683105,-53.8708839416504),(-135.350311279297,37.5706405639648,-53.4089546203613),(-135.350311279297,36.7724189758301,-51.501651763916),(-135.350311279297,37.9639854431152,-55.4385375976562),(-121.939636230469,37.9710731506348,-60.3276710510254),(-135.350311279297,35.5992050170898,-49.7994384765625),(-140.469909667969,35.3511810302734,-50.4575653076172),(-135.350311279297,34.099494934082,-48.3756523132324),(-121.939636230469,34.7008247375488,-52.1675071716309),(-113.046371459961,34.6934509277344,-58.2482872009277),(-101.42741394043,32.8298873901367,-69.326904296875),(-113.046371459961,32.845645904541,-56.9276313781738),(-121.939636230469,32.8542785644531,-50.8465881347656),(-101.42741394043,30.7301425933838,-68.4585342407227),(-113.046371459961,30.7475471496582,-56.058048248291),(-84.8932342529297,30.7092323303223,-90.1353225708008),(-84.8932342529297,29.340160369873,-89.8468780517578),(-76.6162643432617,29.3384628295898,-99.3087692260742),(-76.6162643432617,27.9437274932861,-99.2129821777344),(-69.3340225219727,29.3437213897705,-105.670516967773),(-69.3340225219727,27.9493293762207,-105.573318481445),(-76.6162490844727,-27.9636573791504,-99.2131881713867),(-69.3340225219727,-27.9566020965576,-105.573463439941),(-69.334098815918,-32.3476104736328,-106.59001159668),(-69.334098815918,-33.7508125305176,-107.424247741699),(-63.4664497375488,-27.9513187408447,-109.159034729004),(-63.4664497375488,27.9584941864014,-109.158966064453),(-57.1644706726074,27.9725971221924,-111.476913452148),(-63.4664497375488,29.3525428771973,-109.257781982422),(-57.1644706726074,29.3662185668945,-111.577896118164),(-69.3340225219727,30.7117958068848,-105.960960388184),(-63.4664497375488,30.7198905944824,-109.549713134766),(-63.4664497375488,32.816650390625,-110.422012329102),(-57.1644706726074,30.7325954437256,-111.87181854248),(-69.3340377807617,32.8104095458984,-106.831413269043),(-76.6162643432617,32.8073577880859,-100.466697692871),(-84.8932495117188,32.8101577758789,-91.),(-76.6162643432617,30.7071781158447,-99.5979080200195),(-57.1644859313965,32.8268280029297,-112.74658203125),(-50.3503189086914,30.7498073577881,-112.700965881348),(-50.3503189086914,29.3850955963135,-112.40315246582),(-50.3503189086914,32.8408851623535,-113.577751159668),(-57.1644859313965,34.6700134277344,-114.07120513916),(-63.4664649963379,34.6629676818848,-111.745315551758),(-101.427444458008,37.8655128479004,-76.5419158935547),(-12.2542324066162,-25.6318664550781,-113.072799682617),(-10.9236183166504,-26.2957248687744,-113.333297729492),(-8.5160083770752,-26.4389133453369,-112.460601806641),(-9.50181007385254,-26.8875122070312,-113.635299682617),(-7.,-26.8876247406006,-112.689384460449),(-8.05240345001221,-27.3698310852051,-113.963874816895),(-6.44528341293335,-27.0210857391357,-112.77367401123),(-7.5330982208252,-27.5136375427246,-114.085792541504),(-5.44428396224976,-27.2292346954346,-112.93091583252),(-6.58070516586304,-27.7382507324219,-114.314186096191),(-5.0920205116272,-27.9888229370117,-114.681198120117),(-8.63864517211914,-28.6075248718262,-115.778717041016),(-9.50770950317383,-28.3548011779785,-115.451972961426),(-9.98123836517334,-28.193323135376,-115.278350830078),(-7.27855634689331,-28.8901119232178,-116.306755065918),(-11.803858757019,-30.628547668457,-118.146942138672),(-11.2416677474976,-30.7340278625488,-118.552536010742),(-13.0748691558838,-25.1674880981445,-112.924530029297),(-24.7290668487549,-34.4044227600098,-119.642150878906),(-21.0723514556885,-33.5041160583496,-119.526092529297),(-24.4474945068359,-34.5588798522949,-120.293350219727),(-24.1621341705322,-34.6556205749512,-120.95426940918),(-23.8731441497803,-34.6937789916992,-121.620498657227),(-23.5832271575928,-34.6726722717285,-122.287155151367),(-23.5057411193848,-34.6569061279297,-122.465980529785),(-23.312707901001,-34.5987777709961,-122.912269592285),(-32.0851097106934,-36.348690032959,-122.2890625),(-50.3503074645996,-37.9016647338867,-121.323883056641),(-32.4059677124023,-36.241268157959,-120.76448059082),(-32.7137069702148,-35.8738327026367,-119.278831481934),(-257.160278320312,1.28421914577484,-116.858840942383),(-257.160278320312,0.642299652099609,-116.883453369141),(-257.160278320312,0.,-116.891654968262),(-257.160278320312,-0.642377316951752,-116.883453369141),(-257.160278320312,-1.28429687023163,-116.858840942383),(-257.160278320312,-1.92537868022919,-116.817848205566),(-257.160278320312,-2.56520438194275,-116.760498046875),(-257.160278320312,1.9253009557724,-116.817848205566),(-257.160278320312,2.55824637413025,-116.759544372559),(-257.160278320312,2.56512665748596,-116.760498046875),(-257.160278320312,3.1947033405304,-116.686264038086),(-257.160278320312,-5.73864221572876,-116.226547241211),(-257.160278320312,-6.36301612854004,-116.071769714355),(-257.160278320312,-6.98322772979736,-115.901077270508),(-257.160278320312,-7.59887027740479,-115.714576721191),(-257.160278320312,-21.4715709686279,-104.835639953613),(-257.160278320312,-21.1296215057373,-105.380493164062),(-257.160278320312,-20.7738552093506,-105.916427612305),(-257.160278320312,-18.3625888824463,-108.925437927246),(-257.160278320312,-18.7961044311523,-108.450187683105),(-257.160278320312,-20.4044895172119,-106.443084716797),(-257.160278320312,-19.6259708404541,-107.467208862305),(-257.160278320312,-20.0217781066895,-106.960144042969),(-257.160278320312,-19.217321395874,-107.964012145996),(-257.160278320312,-21.7994728088379,-104.2822265625),(-257.160278320312,-22.1131134033203,-103.720581054688),(-257.160278320312,-22.4122867584229,-103.15111541748),(-257.160278320312,-22.6807594299316,-102.611526489258),(-257.160278320312,-22.696798324585,-102.574195861816),(-257.160278320312,-22.9510097503662,-102.028747558594),(-257.160278320312,-22.9664611816406,-102.),(-257.160278320312,-23.2210998535156,-101.399436950684),(-257.160278320312,-23.2062854766846,-101.439262390137),(-257.160278320312,-23.446418762207,-100.843437194824),(-257.160278320312,-23.6712627410889,-100.241683959961),(-257.160278320312,-23.4605484008789,-100.802391052246),(-257.160278320312,-23.6846466064453,-100.199417114258),(-257.160278320312,-23.8806610107422,-99.6343841552734),(-257.160278320312,-24.07448387146,-99.0219268798828),(-257.160278320312,-24.2526035308838,-98.4047317504883),(-257.160278320312,-25.0543365478516,-93.9319610595703)));
#1617=IFCINDEXEDPOLYGONALFACE((1,2,8));
#1618=IFCINDEXEDPOLYGONALFACE((1,3,2));
#1619=IFCINDEXEDPOLYGONALFACE((1,4,3));
#1620=IFCINDEXEDPOLYGONALFACE((5,4,1));
#1621=IFCINDEXEDPOLYGONALFACE((6,5,1));
#1622=IFCINDEXEDPOLYGONALFACE((1,7,6));
#1623=IFCINDEXEDPOLYGONALFACE((1,8,7));
#1624=IFCINDEXEDPOLYGONALFACE((2,10,8));
#1625=IFCINDEXEDPOLYGONALFACE((8,9,7));
#1626=IFCINDEXEDPOLYGONALFACE((10,9,8));
#1627=IFCINDEXEDPOLYGONALFACE((11,9,10));
#1628=IFCINDEXEDPOLYGONALFACE((12,10,2));
#1629=IFCINDEXEDPOLYGONALFACE((13,11,10));
#1630=IFCINDEXEDPOLYGONALFACE((13,10,12));
#1631=IFCINDEXEDPOLYGONALFACE((11,13,15));
#1632=IFCINDEXEDPOLYGONALFACE((14,13,12));
#1633=IFCINDEXEDPOLYGONALFACE((13,14,16));
#1634=IFCINDEXEDPOLYGONALFACE((13,24,15));
#1635=IFCINDEXEDPOLYGONALFACE((13,16,17));
#1636=IFCINDEXEDPOLYGONALFACE((13,17,18));
#1637=IFCINDEXEDPOLYGONALFACE((13,18,19));
#1638=IFCINDEXEDPOLYGONALFACE((13,19,20));
#1639=IFCINDEXEDPOLYGONALFACE((13,20,21));
#1640=IFCINDEXEDPOLYGONALFACE((13,21,22));
#1641=IFCINDEXEDPOLYGONALFACE((13,22,23));
#1642=IFCINDEXEDPOLYGONALFACE((13,23,24));
#1643=IFCINDEXEDPOLYGONALFACE((23,26,24));
#1644=IFCINDEXEDPOLYGONALFACE((24,25,15));
#1645=IFCINDEXEDPOLYGONALFACE((26,25,24));
#1646=IFCINDEXEDPOLYGONALFACE((28,26,23));
#1647=IFCINDEXEDPOLYGONALFACE((27,25,26));
#1648=IFCINDEXEDPOLYGONALFACE((27,26,28));
#1649=IFCINDEXEDPOLYGONALFACE((22,28,23));
#1650=IFCINDEXEDPOLYGONALFACE((29,28,22));
#1651=IFCINDEXEDPOLYGONALFACE((27,28,29));
#1652=IFCINDEXEDPOLYGONALFACE((30,29,21));
#1653=IFCINDEXEDPOLYGONALFACE((27,29,30));
#1654=IFCINDEXEDPOLYGONALFACE((21,29,22));
#1655=IFCINDEXEDPOLYGONALFACE((31,30,20));
#1656=IFCINDEXEDPOLYGONALFACE((27,30,31));
#1657=IFCINDEXEDPOLYGONALFACE((20,30,21));
#1658=IFCINDEXEDPOLYGONALFACE((19,31,20));
#1659=IFCINDEXEDPOLYGONALFACE((32,31,19));
#1660=IFCINDEXEDPOLYGONALFACE((27,31,32));
#1661=IFCINDEXEDPOLYGONALFACE((18,32,19));
#1662=IFCINDEXEDPOLYGONALFACE((34,32,18));
#1663=IFCINDEXEDPOLYGONALFACE((33,27,32));
#1664=IFCINDEXEDPOLYGONALFACE((33,32,34));
#1665=IFCINDEXEDPOLYGONALFACE((33,34,35));
#1666=IFCINDEXEDPOLYGONALFACE((35,34,17));
#1667=IFCINDEXEDPOLYGONALFACE((17,34,18));
#1668=IFCINDEXEDPOLYGONALFACE((33,35,36));
#1669=IFCINDEXEDPOLYGONALFACE((36,35,16));
#1670=IFCINDEXEDPOLYGONALFACE((16,35,17));
#1671=IFCINDEXEDPOLYGONALFACE((33,36,37));
#1672=IFCINDEXEDPOLYGONALFACE((38,36,16));
#1673=IFCINDEXEDPOLYGONALFACE((37,36,38));
#1674=IFCINDEXEDPOLYGONALFACE((14,38,16));
#1675=IFCINDEXEDPOLYGONALFACE((39,37,38));
#1676=IFCINDEXEDPOLYGONALFACE((14,39,38));
#1677=IFCINDEXEDPOLYGONALFACE((41,37,39));
#1678=IFCINDEXEDPOLYGONALFACE((14,40,39));
#1679=IFCINDEXEDPOLYGONALFACE((40,41,39));
#1680=IFCINDEXEDPOLYGONALFACE((42,41,40));
#1681=IFCINDEXEDPOLYGONALFACE((33,37,41));
#1682=IFCINDEXEDPOLYGONALFACE((33,41,42));
#1683=IFCINDEXEDPOLYGONALFACE((33,42,43));
#1684=IFCINDEXEDPOLYGONALFACE((44,42,40));
#1685=IFCINDEXEDPOLYGONALFACE((43,42,44));
#1686=IFCINDEXEDPOLYGONALFACE((14,44,40));
#1687=IFCINDEXEDPOLYGONALFACE((45,43,44));
#1688=IFCINDEXEDPOLYGONALFACE((14,45,44));
#1689=IFCINDEXEDPOLYGONALFACE((46,43,45));
#1690=IFCINDEXEDPOLYGONALFACE((47,46,45));
#1691=IFCINDEXEDPOLYGONALFACE((14,47,45));
#1692=IFCINDEXEDPOLYGONALFACE((14,48,47));
#1693=IFCINDEXEDPOLYGONALFACE((48,49,47));
#1694=IFCINDEXEDPOLYGONALFACE((49,46,47));
#1695=IFCINDEXEDPOLYGONALFACE((50,33,49));
#1696=IFCINDEXEDPOLYGONALFACE((33,46,49));
#1697=IFCINDEXEDPOLYGONALFACE((51,49,48));
#1698=IFCINDEXEDPOLYGONALFACE((50,49,51));
#1699=IFCINDEXEDPOLYGONALFACE((52,51,48));
#1700=IFCINDEXEDPOLYGONALFACE((50,51,53));
#1701=IFCINDEXEDPOLYGONALFACE((53,51,52));
#1702=IFCINDEXEDPOLYGONALFACE((50,53,55));
#1703=IFCINDEXEDPOLYGONALFACE((54,53,52));
#1704=IFCINDEXEDPOLYGONALFACE((55,53,54));
#1705=IFCINDEXEDPOLYGONALFACE((50,55,56));
#1706=IFCINDEXEDPOLYGONALFACE((57,55,54));
#1707=IFCINDEXEDPOLYGONALFACE((56,55,57));
#1708=IFCINDEXEDPOLYGONALFACE((58,56,57));
#1709=IFCINDEXEDPOLYGONALFACE((59,58,57));
#1710=IFCINDEXEDPOLYGONALFACE((14,59,57));
#1711=IFCINDEXEDPOLYGONALFACE((14,57,54));
#1712=IFCINDEXEDPOLYGONALFACE((59,60,58));
#1713=IFCINDEXEDPOLYGONALFACE((59,61,60));
#1714=IFCINDEXEDPOLYGONALFACE((59,70,61));
#1715=IFCINDEXEDPOLYGONALFACE((59,14,62));
#1716=IFCINDEXEDPOLYGONALFACE((59,62,65));
#1717=IFCINDEXEDPOLYGONALFACE((59,63,67));
#1718=IFCINDEXEDPOLYGONALFACE((59,64,63));
#1719=IFCINDEXEDPOLYGONALFACE((64,59,65));
#1720=IFCINDEXEDPOLYGONALFACE((59,66,68));
#1721=IFCINDEXEDPOLYGONALFACE((59,67,66));
#1722=IFCINDEXEDPOLYGONALFACE((59,68,69));
#1723=IFCINDEXEDPOLYGONALFACE((59,69,70));
#1724=IFCINDEXEDPOLYGONALFACE((71,72,70));
#1725=IFCINDEXEDPOLYGONALFACE((69,71,70));
#1726=IFCINDEXEDPOLYGONALFACE((70,72,61));
#1727=IFCINDEXEDPOLYGONALFACE((50,72,71));
#1728=IFCINDEXEDPOLYGONALFACE((50,73,72));
#1729=IFCINDEXEDPOLYGONALFACE((72,73,61));
#1730=IFCINDEXEDPOLYGONALFACE((50,74,73));
#1731=IFCINDEXEDPOLYGONALFACE((73,74,60));
#1732=IFCINDEXEDPOLYGONALFACE((61,73,60));
#1733=IFCINDEXEDPOLYGONALFACE((50,56,74));
#1734=IFCINDEXEDPOLYGONALFACE((74,56,58));
#1735=IFCINDEXEDPOLYGONALFACE((60,74,58));
#1736=IFCINDEXEDPOLYGONALFACE((75,71,69));
#1737=IFCINDEXEDPOLYGONALFACE((50,71,75));
#1738=IFCINDEXEDPOLYGONALFACE((76,50,75));
#1739=IFCINDEXEDPOLYGONALFACE((76,75,77));
#1740=IFCINDEXEDPOLYGONALFACE((68,75,69));
#1741=IFCINDEXEDPOLYGONALFACE((77,75,68));
#1742=IFCINDEXEDPOLYGONALFACE((76,77,78));
#1743=IFCINDEXEDPOLYGONALFACE((66,77,68));
#1744=IFCINDEXEDPOLYGONALFACE((66,78,77));
#1745=IFCINDEXEDPOLYGONALFACE((76,78,79));
#1746=IFCINDEXEDPOLYGONALFACE((66,67,78));
#1747=IFCINDEXEDPOLYGONALFACE((78,67,79));
#1748=IFCINDEXEDPOLYGONALFACE((76,79,80));
#1749=IFCINDEXEDPOLYGONALFACE((67,63,79));
#1750=IFCINDEXEDPOLYGONALFACE((79,63,80));
#1751=IFCINDEXEDPOLYGONALFACE((76,80,81));
#1752=IFCINDEXEDPOLYGONALFACE((80,82,81));
#1753=IFCINDEXEDPOLYGONALFACE((63,82,80));
#1754=IFCINDEXEDPOLYGONALFACE((82,83,81));
#1755=IFCINDEXEDPOLYGONALFACE((64,82,63));
#1756=IFCINDEXEDPOLYGONALFACE((64,83,82));
#1757=IFCINDEXEDPOLYGONALFACE((83,85,84));
#1758=IFCINDEXEDPOLYGONALFACE((81,83,84));
#1759=IFCINDEXEDPOLYGONALFACE((64,85,83));
#1760=IFCINDEXEDPOLYGONALFACE((64,86,85));
#1761=IFCINDEXEDPOLYGONALFACE((85,86,87));
#1762=IFCINDEXEDPOLYGONALFACE((84,85,87));
#1763=IFCINDEXEDPOLYGONALFACE((76,87,88));
#1764=IFCINDEXEDPOLYGONALFACE((76,84,87));
#1765=IFCINDEXEDPOLYGONALFACE((87,86,88));
#1766=IFCINDEXEDPOLYGONALFACE((91,76,88));
#1767=IFCINDEXEDPOLYGONALFACE((88,90,89));
#1768=IFCINDEXEDPOLYGONALFACE((91,88,89));
#1769=IFCINDEXEDPOLYGONALFACE((86,90,88));
#1770=IFCINDEXEDPOLYGONALFACE((91,92,100));
#1771=IFCINDEXEDPOLYGONALFACE((91,93,92));
#1772=IFCINDEXEDPOLYGONALFACE((91,94,93));
#1773=IFCINDEXEDPOLYGONALFACE((91,97,94));
#1774=IFCINDEXEDPOLYGONALFACE((104,95,91));
#1775=IFCINDEXEDPOLYGONALFACE((95,96,91));
#1776=IFCINDEXEDPOLYGONALFACE((96,76,91));
#1777=IFCINDEXEDPOLYGONALFACE((91,89,98));
#1778=IFCINDEXEDPOLYGONALFACE((91,98,97));
#1779=IFCINDEXEDPOLYGONALFACE((91,99,102));
#1780=IFCINDEXEDPOLYGONALFACE((91,100,99));
#1781=IFCINDEXEDPOLYGONALFACE((103,91,101));
#1782=IFCINDEXEDPOLYGONALFACE((101,91,102));
#1783=IFCINDEXEDPOLYGONALFACE((103,104,91));
#1784=IFCINDEXEDPOLYGONALFACE((105,104,103));
#1785=IFCINDEXEDPOLYGONALFACE((105,106,104));
#1786=IFCINDEXEDPOLYGONALFACE((95,104,106));
#1787=IFCINDEXEDPOLYGONALFACE((105,108,106));
#1788=IFCINDEXEDPOLYGONALFACE((107,95,106));
#1789=IFCINDEXEDPOLYGONALFACE((107,106,108));
#1790=IFCINDEXEDPOLYGONALFACE((107,108,109));
#1791=IFCINDEXEDPOLYGONALFACE((109,108,110));
#1792=IFCINDEXEDPOLYGONALFACE((110,108,111));
#1793=IFCINDEXEDPOLYGONALFACE((112,111,108));
#1794=IFCINDEXEDPOLYGONALFACE((113,112,108));
#1795=IFCINDEXEDPOLYGONALFACE((105,113,108));
#1796=IFCINDEXEDPOLYGONALFACE((113,114,112));
#1797=IFCINDEXEDPOLYGONALFACE((105,114,113));
#1798=IFCINDEXEDPOLYGONALFACE((105,115,114));
#1799=IFCINDEXEDPOLYGONALFACE((115,116,114));
#1800=IFCINDEXEDPOLYGONALFACE((114,116,118));
#1801=IFCINDEXEDPOLYGONALFACE((114,117,112));
#1802=IFCINDEXEDPOLYGONALFACE((114,118,117));
#1803=IFCINDEXEDPOLYGONALFACE((118,119,121));
#1804=IFCINDEXEDPOLYGONALFACE((118,120,119));
#1805=IFCINDEXEDPOLYGONALFACE((116,120,118));
#1806=IFCINDEXEDPOLYGONALFACE((118,121,111));
#1807=IFCINDEXEDPOLYGONALFACE((117,118,111));
#1808=IFCINDEXEDPOLYGONALFACE((121,122,124));
#1809=IFCINDEXEDPOLYGONALFACE((121,119,122));
#1810=IFCINDEXEDPOLYGONALFACE((123,111,121));
#1811=IFCINDEXEDPOLYGONALFACE((123,121,124));
#1812=IFCINDEXEDPOLYGONALFACE((124,122,127));
#1813=IFCINDEXEDPOLYGONALFACE((123,124,125));
#1814=IFCINDEXEDPOLYGONALFACE((125,124,126));
#1815=IFCINDEXEDPOLYGONALFACE((124,127,126));
#1816=IFCINDEXEDPOLYGONALFACE((122,130,127));
#1817=IFCINDEXEDPOLYGONALFACE((126,127,128));
#1818=IFCINDEXEDPOLYGONALFACE((127,129,128));
#1819=IFCINDEXEDPOLYGONALFACE((127,130,129));
#1820=IFCINDEXEDPOLYGONALFACE((133,131,130));
#1821=IFCINDEXEDPOLYGONALFACE((130,131,132));
#1822=IFCINDEXEDPOLYGONALFACE((130,132,129));
#1823=IFCINDEXEDPOLYGONALFACE((122,133,130));
#1824=IFCINDEXEDPOLYGONALFACE((119,133,122));
#1825=IFCINDEXEDPOLYGONALFACE((133,135,131));
#1826=IFCINDEXEDPOLYGONALFACE((119,134,133));
#1827=IFCINDEXEDPOLYGONALFACE((134,135,133));
#1828=IFCINDEXEDPOLYGONALFACE((135,138,136));
#1829=IFCINDEXEDPOLYGONALFACE((135,136,131));
#1830=IFCINDEXEDPOLYGONALFACE((137,138,135));
#1831=IFCINDEXEDPOLYGONALFACE((134,137,135));
#1832=IFCINDEXEDPOLYGONALFACE((139,140,138));
#1833=IFCINDEXEDPOLYGONALFACE((137,139,138));
#1834=IFCINDEXEDPOLYGONALFACE((138,140,141));
#1835=IFCINDEXEDPOLYGONALFACE((138,141,136));
#1836=IFCINDEXEDPOLYGONALFACE((136,141,142));
#1837=IFCINDEXEDPOLYGONALFACE((141,143,142));
#1838=IFCINDEXEDPOLYGONALFACE((141,144,143));
#1839=IFCINDEXEDPOLYGONALFACE((140,144,141));
#1840=IFCINDEXEDPOLYGONALFACE((140,145,144));
#1841=IFCINDEXEDPOLYGONALFACE((145,147,144));
#1842=IFCINDEXEDPOLYGONALFACE((144,146,143));
#1843=IFCINDEXEDPOLYGONALFACE((144,147,146));
#1844=IFCINDEXEDPOLYGONALFACE((150,146,147));
#1845=IFCINDEXEDPOLYGONALFACE((145,148,147));
#1846=IFCINDEXEDPOLYGONALFACE((149,147,148));
#1847=IFCINDEXEDPOLYGONALFACE((149,150,147));
#1848=IFCINDEXEDPOLYGONALFACE((149,151,150));
#1849=IFCINDEXEDPOLYGONALFACE((150,151,152));
#1850=IFCINDEXEDPOLYGONALFACE((150,152,153));
#1851=IFCINDEXEDPOLYGONALFACE((150,153,146));
#1852=IFCINDEXEDPOLYGONALFACE((153,152,154));
#1853=IFCINDEXEDPOLYGONALFACE((153,154,155));
#1854=IFCINDEXEDPOLYGONALFACE((153,155,146));
#1855=IFCINDEXEDPOLYGONALFACE((155,154,156));
#1856=IFCINDEXEDPOLYGONALFACE((155,156,157));
#1857=IFCINDEXEDPOLYGONALFACE((143,155,157));
#1858=IFCINDEXEDPOLYGONALFACE((143,146,155));
#1859=IFCINDEXEDPOLYGONALFACE((158,159,157));
#1860=IFCINDEXEDPOLYGONALFACE((158,157,160));
#1861=IFCINDEXEDPOLYGONALFACE((143,157,159));
#1862=IFCINDEXEDPOLYGONALFACE((157,156,160));
#1863=IFCINDEXEDPOLYGONALFACE((160,161,162));
#1864=IFCINDEXEDPOLYGONALFACE((154,161,160));
#1865=IFCINDEXEDPOLYGONALFACE((156,154,160));
#1866=IFCINDEXEDPOLYGONALFACE((160,162,165));
#1867=IFCINDEXEDPOLYGONALFACE((158,160,163));
#1868=IFCINDEXEDPOLYGONALFACE((163,160,164));
#1869=IFCINDEXEDPOLYGONALFACE((164,160,165));
#1870=IFCINDEXEDPOLYGONALFACE((164,165,168));
#1871=IFCINDEXEDPOLYGONALFACE((165,166,167));
#1872=IFCINDEXEDPOLYGONALFACE((165,162,166));
#1873=IFCINDEXEDPOLYGONALFACE((165,167,168));
#1874=IFCINDEXEDPOLYGONALFACE((164,168,169));
#1875=IFCINDEXEDPOLYGONALFACE((169,168,170));
#1876=IFCINDEXEDPOLYGONALFACE((170,168,171));
#1877=IFCINDEXEDPOLYGONALFACE((168,167,171));
#1878=IFCINDEXEDPOLYGONALFACE((170,171,172));
#1879=IFCINDEXEDPOLYGONALFACE((171,173,172));
#1880=IFCINDEXEDPOLYGONALFACE((171,167,173));
#1881=IFCINDEXEDPOLYGONALFACE((176,174,173));
#1882=IFCINDEXEDPOLYGONALFACE((172,173,174));
#1883=IFCINDEXEDPOLYGONALFACE((175,173,167));
#1884=IFCINDEXEDPOLYGONALFACE((175,176,173));
#1885=IFCINDEXEDPOLYGONALFACE((176,177,178));
#1886=IFCINDEXEDPOLYGONALFACE((180,177,176));
#1887=IFCINDEXEDPOLYGONALFACE((176,178,179));
#1888=IFCINDEXEDPOLYGONALFACE((176,179,174));
#1889=IFCINDEXEDPOLYGONALFACE((175,180,176));
#1890=IFCINDEXEDPOLYGONALFACE((185,181,180));
#1891=IFCINDEXEDPOLYGONALFACE((181,182,180));
#1892=IFCINDEXEDPOLYGONALFACE((180,182,183));
#1893=IFCINDEXEDPOLYGONALFACE((180,183,177));
#1894=IFCINDEXEDPOLYGONALFACE((184,180,175));
#1895=IFCINDEXEDPOLYGONALFACE((184,185,180));
#1896=IFCINDEXEDPOLYGONALFACE((187,186,185));
#1897=IFCINDEXEDPOLYGONALFACE((186,181,185));
#1898=IFCINDEXEDPOLYGONALFACE((187,185,184));
#1899=IFCINDEXEDPOLYGONALFACE((188,186,187));
#1900=IFCINDEXEDPOLYGONALFACE((187,166,162));
#1901=IFCINDEXEDPOLYGONALFACE((188,187,162));
#1902=IFCINDEXEDPOLYGONALFACE((187,184,166));
#1903=IFCINDEXEDPOLYGONALFACE((188,193,189));
#1904=IFCINDEXEDPOLYGONALFACE((188,189,190));
#1905=IFCINDEXEDPOLYGONALFACE((188,190,191));
#1906=IFCINDEXEDPOLYGONALFACE((188,191,192));
#1907=IFCINDEXEDPOLYGONALFACE((188,192,186));
#1908=IFCINDEXEDPOLYGONALFACE((188,194,193));
#1909=IFCINDEXEDPOLYGONALFACE((188,195,194));
#1910=IFCINDEXEDPOLYGONALFACE((188,196,195));
#1911=IFCINDEXEDPOLYGONALFACE((188,162,196));
#1912=IFCINDEXEDPOLYGONALFACE((197,195,196));
#1913=IFCINDEXEDPOLYGONALFACE((161,196,162));
#1914=IFCINDEXEDPOLYGONALFACE((197,196,198));
#1915=IFCINDEXEDPOLYGONALFACE((198,196,161));
#1916=IFCINDEXEDPOLYGONALFACE((152,198,161));
#1917=IFCINDEXEDPOLYGONALFACE((151,199,198));
#1918=IFCINDEXEDPOLYGONALFACE((197,198,199));
#1919=IFCINDEXEDPOLYGONALFACE((151,198,152));
#1920=IFCINDEXEDPOLYGONALFACE((200,199,201));
#1921=IFCINDEXEDPOLYGONALFACE((200,197,199));
#1922=IFCINDEXEDPOLYGONALFACE((202,201,199));
#1923=IFCINDEXEDPOLYGONALFACE((202,199,151));
#1924=IFCINDEXEDPOLYGONALFACE((204,203,202));
#1925=IFCINDEXEDPOLYGONALFACE((203,201,202));
#1926=IFCINDEXEDPOLYGONALFACE((204,202,149));
#1927=IFCINDEXEDPOLYGONALFACE((149,202,151));
#1928=IFCINDEXEDPOLYGONALFACE((205,204,206));
#1929=IFCINDEXEDPOLYGONALFACE((205,203,204));
#1930=IFCINDEXEDPOLYGONALFACE((206,204,207));
#1931=IFCINDEXEDPOLYGONALFACE((204,149,148));
#1932=IFCINDEXEDPOLYGONALFACE((204,148,207));
#1933=IFCINDEXEDPOLYGONALFACE((208,207,148));
#1934=IFCINDEXEDPOLYGONALFACE((206,207,210));
#1935=IFCINDEXEDPOLYGONALFACE((209,207,208));
#1936=IFCINDEXEDPOLYGONALFACE((209,210,207));
#1937=IFCINDEXEDPOLYGONALFACE((213,206,210));
#1938=IFCINDEXEDPOLYGONALFACE((211,210,209));
#1939=IFCINDEXEDPOLYGONALFACE((211,212,210));
#1940=IFCINDEXEDPOLYGONALFACE((213,210,212));
#1941=IFCINDEXEDPOLYGONALFACE((213,216,214));
#1942=IFCINDEXEDPOLYGONALFACE((213,214,206));
#1943=IFCINDEXEDPOLYGONALFACE((215,213,212));
#1944=IFCINDEXEDPOLYGONALFACE((215,216,213));
#1945=IFCINDEXEDPOLYGONALFACE((215,217,216));
#1946=IFCINDEXEDPOLYGONALFACE((216,219,214));
#1947=IFCINDEXEDPOLYGONALFACE((217,218,216));
#1948=IFCINDEXEDPOLYGONALFACE((216,218,219));
#1949=IFCINDEXEDPOLYGONALFACE((222,219,220));
#1950=IFCINDEXEDPOLYGONALFACE((221,220,219));
#1951=IFCINDEXEDPOLYGONALFACE((223,221,219));
#1952=IFCINDEXEDPOLYGONALFACE((222,214,219));
#1953=IFCINDEXEDPOLYGONALFACE((223,219,218));
#1954=IFCINDEXEDPOLYGONALFACE((224,223,218));
#1955=IFCINDEXEDPOLYGONALFACE((224,225,223));
#1956=IFCINDEXEDPOLYGONALFACE((223,225,221));
#1957=IFCINDEXEDPOLYGONALFACE((224,227,225));
#1958=IFCINDEXEDPOLYGONALFACE((225,228,226));
#1959=IFCINDEXEDPOLYGONALFACE((225,226,221));
#1960=IFCINDEXEDPOLYGONALFACE((227,229,225));
#1961=IFCINDEXEDPOLYGONALFACE((225,229,228));
#1962=IFCINDEXEDPOLYGONALFACE((229,230,228));
#1963=IFCINDEXEDPOLYGONALFACE((231,230,229));
#1964=IFCINDEXEDPOLYGONALFACE((232,231,229));
#1965=IFCINDEXEDPOLYGONALFACE((227,232,229));
#1966=IFCINDEXEDPOLYGONALFACE((234,233,232));
#1967=IFCINDEXEDPOLYGONALFACE((233,231,232));
#1968=IFCINDEXEDPOLYGONALFACE((234,232,227));
#1969=IFCINDEXEDPOLYGONALFACE((235,236,234));
#1970=IFCINDEXEDPOLYGONALFACE((235,234,227));
#1971=IFCINDEXEDPOLYGONALFACE((234,237,233));
#1972=IFCINDEXEDPOLYGONALFACE((234,236,237));
#1973=IFCINDEXEDPOLYGONALFACE((237,238,240));
#1974=IFCINDEXEDPOLYGONALFACE((237,239,238));
#1975=IFCINDEXEDPOLYGONALFACE((239,237,236));
#1976=IFCINDEXEDPOLYGONALFACE((241,237,240));
#1977=IFCINDEXEDPOLYGONALFACE((233,237,241));
#1978=IFCINDEXEDPOLYGONALFACE((241,240,244));
#1979=IFCINDEXEDPOLYGONALFACE((242,241,245));
#1980=IFCINDEXEDPOLYGONALFACE((233,241,242));
#1981=IFCINDEXEDPOLYGONALFACE((245,241,243));
#1982=IFCINDEXEDPOLYGONALFACE((243,241,244));
#1983=IFCINDEXEDPOLYGONALFACE((245,247,246));
#1984=IFCINDEXEDPOLYGONALFACE((242,245,246));
#1985=IFCINDEXEDPOLYGONALFACE((245,243,248));
#1986=IFCINDEXEDPOLYGONALFACE((245,248,247));
#1987=IFCINDEXEDPOLYGONALFACE((248,249,247));
#1988=IFCINDEXEDPOLYGONALFACE((248,250,249));
#1989=IFCINDEXEDPOLYGONALFACE((248,251,250));
#1990=IFCINDEXEDPOLYGONALFACE((248,243,251));
#1991=IFCINDEXEDPOLYGONALFACE((251,243,255));
#1992=IFCINDEXEDPOLYGONALFACE((254,251,252));
#1993=IFCINDEXEDPOLYGONALFACE((251,255,252));
#1994=IFCINDEXEDPOLYGONALFACE((250,251,253));
#1995=IFCINDEXEDPOLYGONALFACE((253,251,254));
#1996=IFCINDEXEDPOLYGONALFACE((255,256,258));
#1997=IFCINDEXEDPOLYGONALFACE((255,257,256));
#1998=IFCINDEXEDPOLYGONALFACE((255,264,257));
#1999=IFCINDEXEDPOLYGONALFACE((255,258,259));
#2000=IFCINDEXEDPOLYGONALFACE((252,255,259));
#2001=IFCINDEXEDPOLYGONALFACE((255,260,263));
#2002=IFCINDEXEDPOLYGONALFACE((255,261,260));
#2003=IFCINDEXEDPOLYGONALFACE((255,262,261));
#2004=IFCINDEXEDPOLYGONALFACE((255,244,262));
#2005=IFCINDEXEDPOLYGONALFACE((255,263,264));
#2006=IFCINDEXEDPOLYGONALFACE((243,244,255));
#2007=IFCINDEXEDPOLYGONALFACE((257,264,265));
#2008=IFCINDEXEDPOLYGONALFACE((265,264,266));
#2009=IFCINDEXEDPOLYGONALFACE((264,263,266));
#2010=IFCINDEXEDPOLYGONALFACE((268,265,266));
#2011=IFCINDEXEDPOLYGONALFACE((266,263,267));
#2012=IFCINDEXEDPOLYGONALFACE((268,266,267));
#2013=IFCINDEXEDPOLYGONALFACE((268,269,270));
#2014=IFCINDEXEDPOLYGONALFACE((269,268,271));
#2015=IFCINDEXEDPOLYGONALFACE((268,270,272));
#2016=IFCINDEXEDPOLYGONALFACE((268,279,271));
#2017=IFCINDEXEDPOLYGONALFACE((273,268,272));
#2018=IFCINDEXEDPOLYGONALFACE((268,273,274));
#2019=IFCINDEXEDPOLYGONALFACE((268,274,265));
#2020=IFCINDEXEDPOLYGONALFACE((268,267,275));
#2021=IFCINDEXEDPOLYGONALFACE((268,275,276));
#2022=IFCINDEXEDPOLYGONALFACE((268,276,277));
#2023=IFCINDEXEDPOLYGONALFACE((268,277,278));
#2024=IFCINDEXEDPOLYGONALFACE((268,278,280));
#2025=IFCINDEXEDPOLYGONALFACE((268,280,279));
#2026=IFCINDEXEDPOLYGONALFACE((278,281,280));
#2027=IFCINDEXEDPOLYGONALFACE((281,282,280));
#2028=IFCINDEXEDPOLYGONALFACE((280,282,279));
#2029=IFCINDEXEDPOLYGONALFACE((282,283,279));
#2030=IFCINDEXEDPOLYGONALFACE((244,283,282));
#2031=IFCINDEXEDPOLYGONALFACE((244,282,281));
#2032=IFCINDEXEDPOLYGONALFACE((283,284,271));
#2033=IFCINDEXEDPOLYGONALFACE((279,283,271));
#2034=IFCINDEXEDPOLYGONALFACE((244,284,283));
#2035=IFCINDEXEDPOLYGONALFACE((271,284,285));
#2036=IFCINDEXEDPOLYGONALFACE((284,286,285));
#2037=IFCINDEXEDPOLYGONALFACE((244,286,284));
#2038=IFCINDEXEDPOLYGONALFACE((285,286,287));
#2039=IFCINDEXEDPOLYGONALFACE((286,288,287));
#2040=IFCINDEXEDPOLYGONALFACE((244,288,286));
#2041=IFCINDEXEDPOLYGONALFACE((287,288,289));
#2042=IFCINDEXEDPOLYGONALFACE((288,290,289));
#2043=IFCINDEXEDPOLYGONALFACE((244,290,288));
#2044=IFCINDEXEDPOLYGONALFACE((289,290,291));
#2045=IFCINDEXEDPOLYGONALFACE((290,292,291));
#2046=IFCINDEXEDPOLYGONALFACE((244,292,290));
#2047=IFCINDEXEDPOLYGONALFACE((244,240,292));
#2048=IFCINDEXEDPOLYGONALFACE((240,294,292));
#2049=IFCINDEXEDPOLYGONALFACE((291,292,293));
#2050=IFCINDEXEDPOLYGONALFACE((292,294,293));
#2051=IFCINDEXEDPOLYGONALFACE((240,295,294));
#2052=IFCINDEXEDPOLYGONALFACE((294,295,296));
#2053=IFCINDEXEDPOLYGONALFACE((293,294,296));
#2054=IFCINDEXEDPOLYGONALFACE((269,296,297));
#2055=IFCINDEXEDPOLYGONALFACE((269,293,296));
#2056=IFCINDEXEDPOLYGONALFACE((296,295,297));
#2057=IFCINDEXEDPOLYGONALFACE((297,299,298));
#2058=IFCINDEXEDPOLYGONALFACE((269,297,298));
#2059=IFCINDEXEDPOLYGONALFACE((295,299,297));
#2060=IFCINDEXEDPOLYGONALFACE((240,300,299));
#2061=IFCINDEXEDPOLYGONALFACE((240,299,295));
#2062=IFCINDEXEDPOLYGONALFACE((299,300,298));
#2063=IFCINDEXEDPOLYGONALFACE((240,302,300));
#2064=IFCINDEXEDPOLYGONALFACE((300,302,301));
#2065=IFCINDEXEDPOLYGONALFACE((298,300,301));
#2066=IFCINDEXEDPOLYGONALFACE((240,303,302));
#2067=IFCINDEXEDPOLYGONALFACE((302,303,304));
#2068=IFCINDEXEDPOLYGONALFACE((301,302,304));
#2069=IFCINDEXEDPOLYGONALFACE((304,303,305));
#2070=IFCINDEXEDPOLYGONALFACE((306,304,305));
#2071=IFCINDEXEDPOLYGONALFACE((306,301,304));
#2072=IFCINDEXEDPOLYGONALFACE((306,269,301));
#2073=IFCINDEXEDPOLYGONALFACE((269,306,307));
#2074=IFCINDEXEDPOLYGONALFACE((306,308,307));
#2075=IFCINDEXEDPOLYGONALFACE((306,315,308));
#2076=IFCINDEXEDPOLYGONALFACE((306,313,309));
#2077=IFCINDEXEDPOLYGONALFACE((315,306,309));
#2078=IFCINDEXEDPOLYGONALFACE((306,310,311));
#2079=IFCINDEXEDPOLYGONALFACE((306,314,310));
#2080=IFCINDEXEDPOLYGONALFACE((306,311,312));
#2081=IFCINDEXEDPOLYGONALFACE((306,312,313));
#2082=IFCINDEXEDPOLYGONALFACE((306,316,314));
#2083=IFCINDEXEDPOLYGONALFACE((306,305,316));
#2084=IFCINDEXEDPOLYGONALFACE((316,318,314));
#2085=IFCINDEXEDPOLYGONALFACE((305,317,316));
#2086=IFCINDEXEDPOLYGONALFACE((317,318,316));
#2087=IFCINDEXEDPOLYGONALFACE((318,319,314));
#2088=IFCINDEXEDPOLYGONALFACE((238,319,318));
#2089=IFCINDEXEDPOLYGONALFACE((240,318,317));
#2090=IFCINDEXEDPOLYGONALFACE((240,238,318));
#2091=IFCINDEXEDPOLYGONALFACE((319,320,310));
#2092=IFCINDEXEDPOLYGONALFACE((238,320,319));
#2093=IFCINDEXEDPOLYGONALFACE((314,319,310));
#2094=IFCINDEXEDPOLYGONALFACE((320,321,311));
#2095=IFCINDEXEDPOLYGONALFACE((238,321,320));
#2096=IFCINDEXEDPOLYGONALFACE((310,320,311));
#2097=IFCINDEXEDPOLYGONALFACE((321,322,312));
#2098=IFCINDEXEDPOLYGONALFACE((238,322,321));
#2099=IFCINDEXEDPOLYGONALFACE((311,321,312));
#2100=IFCINDEXEDPOLYGONALFACE((322,323,313));
#2101=IFCINDEXEDPOLYGONALFACE((238,323,322));
#2102=IFCINDEXEDPOLYGONALFACE((312,322,313));
#2103=IFCINDEXEDPOLYGONALFACE((313,323,309));
#2104=IFCINDEXEDPOLYGONALFACE((323,324,309));
#2105=IFCINDEXEDPOLYGONALFACE((238,324,323));
#2106=IFCINDEXEDPOLYGONALFACE((309,324,325));
#2107=IFCINDEXEDPOLYGONALFACE((324,326,325));
#2108=IFCINDEXEDPOLYGONALFACE((238,326,324));
#2109=IFCINDEXEDPOLYGONALFACE((238,327,326));
#2110=IFCINDEXEDPOLYGONALFACE((326,327,328));
#2111=IFCINDEXEDPOLYGONALFACE((325,326,328));
#2112=IFCINDEXEDPOLYGONALFACE((328,327,329));
#2113=IFCINDEXEDPOLYGONALFACE((315,328,329));
#2114=IFCINDEXEDPOLYGONALFACE((315,325,328));
#2115=IFCINDEXEDPOLYGONALFACE((315,329,330));
#2116=IFCINDEXEDPOLYGONALFACE((329,331,330));
#2117=IFCINDEXEDPOLYGONALFACE((327,331,329));
#2118=IFCINDEXEDPOLYGONALFACE((332,331,327));
#2119=IFCINDEXEDPOLYGONALFACE((332,333,331));
#2120=IFCINDEXEDPOLYGONALFACE((331,333,330));
#2121=IFCINDEXEDPOLYGONALFACE((332,334,333));
#2122=IFCINDEXEDPOLYGONALFACE((333,334,335));
#2123=IFCINDEXEDPOLYGONALFACE((330,333,335));
#2124=IFCINDEXEDPOLYGONALFACE((315,335,336));
#2125=IFCINDEXEDPOLYGONALFACE((335,334,336));
#2126=IFCINDEXEDPOLYGONALFACE((315,330,335));
#2127=IFCINDEXEDPOLYGONALFACE((315,336,337));
#2128=IFCINDEXEDPOLYGONALFACE((336,338,337));
#2129=IFCINDEXEDPOLYGONALFACE((334,338,336));
#2130=IFCINDEXEDPOLYGONALFACE((332,339,338));
#2131=IFCINDEXEDPOLYGONALFACE((332,338,334));
#2132=IFCINDEXEDPOLYGONALFACE((338,339,337));
#2133=IFCINDEXEDPOLYGONALFACE((332,340,339));
#2134=IFCINDEXEDPOLYGONALFACE((339,340,341));
#2135=IFCINDEXEDPOLYGONALFACE((337,339,341));
#2136=IFCINDEXEDPOLYGONALFACE((315,337,341));
#2137=IFCINDEXEDPOLYGONALFACE((315,341,342));
#2138=IFCINDEXEDPOLYGONALFACE((341,340,342));
#2139=IFCINDEXEDPOLYGONALFACE((342,344,343));
#2140=IFCINDEXEDPOLYGONALFACE((315,342,343));
#2141=IFCINDEXEDPOLYGONALFACE((340,344,342));
#2142=IFCINDEXEDPOLYGONALFACE((332,344,340));
#2143=IFCINDEXEDPOLYGONALFACE((332,345,344));
#2144=IFCINDEXEDPOLYGONALFACE((344,345,343));
#2145=IFCINDEXEDPOLYGONALFACE((332,346,345));
#2146=IFCINDEXEDPOLYGONALFACE((343,345,347));
#2147=IFCINDEXEDPOLYGONALFACE((345,346,347));
#2148=IFCINDEXEDPOLYGONALFACE((349,347,348));
#2149=IFCINDEXEDPOLYGONALFACE((347,346,348));
#2150=IFCINDEXEDPOLYGONALFACE((349,343,347));
#2151=IFCINDEXEDPOLYGONALFACE((349,350,359));
#2152=IFCINDEXEDPOLYGONALFACE((349,351,350));
#2153=IFCINDEXEDPOLYGONALFACE((351,349,352));
#2154=IFCINDEXEDPOLYGONALFACE((349,353,352));
#2155=IFCINDEXEDPOLYGONALFACE((349,354,353));
#2156=IFCINDEXEDPOLYGONALFACE((349,355,354));
#2157=IFCINDEXEDPOLYGONALFACE((349,358,355));
#2158=IFCINDEXEDPOLYGONALFACE((349,356,358));
#2159=IFCINDEXEDPOLYGONALFACE((349,357,356));
#2160=IFCINDEXEDPOLYGONALFACE((349,348,357));
#2161=IFCINDEXEDPOLYGONALFACE((349,315,343));
#2162=IFCINDEXEDPOLYGONALFACE((315,349,359));
#2163=IFCINDEXEDPOLYGONALFACE((359,350,361));
#2164=IFCINDEXEDPOLYGONALFACE((315,359,308));
#2165=IFCINDEXEDPOLYGONALFACE((360,359,361));
#2166=IFCINDEXEDPOLYGONALFACE((308,359,360));
#2167=IFCINDEXEDPOLYGONALFACE((361,350,362));
#2168=IFCINDEXEDPOLYGONALFACE((360,361,362));
#2169=IFCINDEXEDPOLYGONALFACE((350,363,362));
#2170=IFCINDEXEDPOLYGONALFACE((362,363,365));
#2171=IFCINDEXEDPOLYGONALFACE((3,360,362));
#2172=IFCINDEXEDPOLYGONALFACE((3,362,364));
#2173=IFCINDEXEDPOLYGONALFACE((362,365,364));
#2174=IFCINDEXEDPOLYGONALFACE((363,366,365));
#2175=IFCINDEXEDPOLYGONALFACE((365,366,367));
#2176=IFCINDEXEDPOLYGONALFACE((364,365,367));
#2177=IFCINDEXEDPOLYGONALFACE((367,368,370));
#2178=IFCINDEXEDPOLYGONALFACE((366,368,367));
#2179=IFCINDEXEDPOLYGONALFACE((364,367,369));
#2180=IFCINDEXEDPOLYGONALFACE((367,370,369));
#2181=IFCINDEXEDPOLYGONALFACE((368,371,370));
#2182=IFCINDEXEDPOLYGONALFACE((370,371,369));
#2183=IFCINDEXEDPOLYGONALFACE((373,372,371));
#2184=IFCINDEXEDPOLYGONALFACE((371,372,369));
#2185=IFCINDEXEDPOLYGONALFACE((374,373,371));
#2186=IFCINDEXEDPOLYGONALFACE((374,371,368));
#2187=IFCINDEXEDPOLYGONALFACE((373,374,375));
#2188=IFCINDEXEDPOLYGONALFACE((374,376,375));
#2189=IFCINDEXEDPOLYGONALFACE((374,377,376));
#2190=IFCINDEXEDPOLYGONALFACE((374,378,377));
#2191=IFCINDEXEDPOLYGONALFACE((374,379,378));
#2192=IFCINDEXEDPOLYGONALFACE((374,380,379));
#2193=IFCINDEXEDPOLYGONALFACE((374,381,380));
#2194=IFCINDEXEDPOLYGONALFACE((374,382,381));
#2195=IFCINDEXEDPOLYGONALFACE((374,383,382));
#2196=IFCINDEXEDPOLYGONALFACE((374,384,383));
#2197=IFCINDEXEDPOLYGONALFACE((374,385,384));
#2198=IFCINDEXEDPOLYGONALFACE((385,374,368));
#2199=IFCINDEXEDPOLYGONALFACE((385,393,384));
#2200=IFCINDEXEDPOLYGONALFACE((385,396,386));
#2201=IFCINDEXEDPOLYGONALFACE((385,386,387));
#2202=IFCINDEXEDPOLYGONALFACE((385,387,388));
#2203=IFCINDEXEDPOLYGONALFACE((385,388,389));
#2204=IFCINDEXEDPOLYGONALFACE((385,389,390));
#2205=IFCINDEXEDPOLYGONALFACE((385,390,391));
#2206=IFCINDEXEDPOLYGONALFACE((385,391,392));
#2207=IFCINDEXEDPOLYGONALFACE((385,392,393));
#2208=IFCINDEXEDPOLYGONALFACE((395,385,366));
#2209=IFCINDEXEDPOLYGONALFACE((385,368,366));
#2210=IFCINDEXEDPOLYGONALFACE((385,394,396));
#2211=IFCINDEXEDPOLYGONALFACE((385,395,394));
#2212=IFCINDEXEDPOLYGONALFACE((386,396,397));
#2213=IFCINDEXEDPOLYGONALFACE((396,394,398));
#2214=IFCINDEXEDPOLYGONALFACE((397,396,398));
#2215=IFCINDEXEDPOLYGONALFACE((400,399,398));
#2216=IFCINDEXEDPOLYGONALFACE((399,397,398));
#2217=IFCINDEXEDPOLYGONALFACE((400,398,401));
#2218=IFCINDEXEDPOLYGONALFACE((398,394,401));
#2219=IFCINDEXEDPOLYGONALFACE((394,402,401));
#2220=IFCINDEXEDPOLYGONALFACE((401,402,403));
#2221=IFCINDEXEDPOLYGONALFACE((400,401,403));
#2222=IFCINDEXEDPOLYGONALFACE((402,405,403));
#2223=IFCINDEXEDPOLYGONALFACE((400,403,404));
#2224=IFCINDEXEDPOLYGONALFACE((403,405,404));
#2225=IFCINDEXEDPOLYGONALFACE((395,405,402));
#2226=IFCINDEXEDPOLYGONALFACE((395,406,405));
#2227=IFCINDEXEDPOLYGONALFACE((405,406,404));
#2228=IFCINDEXEDPOLYGONALFACE((395,407,406));
#2229=IFCINDEXEDPOLYGONALFACE((406,407,408));
#2230=IFCINDEXEDPOLYGONALFACE((404,406,408));
#2231=IFCINDEXEDPOLYGONALFACE((400,404,408));
#2232=IFCINDEXEDPOLYGONALFACE((400,408,409));
#2233=IFCINDEXEDPOLYGONALFACE((408,407,409));
#2234=IFCINDEXEDPOLYGONALFACE((400,409,410));
#2235=IFCINDEXEDPOLYGONALFACE((409,411,410));
#2236=IFCINDEXEDPOLYGONALFACE((407,411,409));
#2237=IFCINDEXEDPOLYGONALFACE((411,412,410));
#2238=IFCINDEXEDPOLYGONALFACE((395,411,407));
#2239=IFCINDEXEDPOLYGONALFACE((395,412,411));
#2240=IFCINDEXEDPOLYGONALFACE((395,413,412));
#2241=IFCINDEXEDPOLYGONALFACE((412,413,414));
#2242=IFCINDEXEDPOLYGONALFACE((410,412,414));
#2243=IFCINDEXEDPOLYGONALFACE((400,410,414));
#2244=IFCINDEXEDPOLYGONALFACE((400,414,415));
#2245=IFCINDEXEDPOLYGONALFACE((414,413,415));
#2246=IFCINDEXEDPOLYGONALFACE((400,415,417));
#2247=IFCINDEXEDPOLYGONALFACE((413,416,415));
#2248=IFCINDEXEDPOLYGONALFACE((415,416,417));
#2249=IFCINDEXEDPOLYGONALFACE((419,417,418));
#2250=IFCINDEXEDPOLYGONALFACE((417,420,418));
#2251=IFCINDEXEDPOLYGONALFACE((419,400,417));
#2252=IFCINDEXEDPOLYGONALFACE((416,420,417));
#2253=IFCINDEXEDPOLYGONALFACE((395,420,416));
#2254=IFCINDEXEDPOLYGONALFACE((395,351,420));
#2255=IFCINDEXEDPOLYGONALFACE((351,421,420));
#2256=IFCINDEXEDPOLYGONALFACE((420,421,418));
#2257=IFCINDEXEDPOLYGONALFACE((351,422,421));
#2258=IFCINDEXEDPOLYGONALFACE((421,422,423));
#2259=IFCINDEXEDPOLYGONALFACE((418,421,423));
#2260=IFCINDEXEDPOLYGONALFACE((419,418,423));
#2261=IFCINDEXEDPOLYGONALFACE((423,422,424));
#2262=IFCINDEXEDPOLYGONALFACE((419,423,424));
#2263=IFCINDEXEDPOLYGONALFACE((424,426,425));
#2264=IFCINDEXEDPOLYGONALFACE((419,424,425));
#2265=IFCINDEXEDPOLYGONALFACE((422,426,424));
#2266=IFCINDEXEDPOLYGONALFACE((351,426,422));
#2267=IFCINDEXEDPOLYGONALFACE((351,427,426));
#2268=IFCINDEXEDPOLYGONALFACE((426,427,425));
#2269=IFCINDEXEDPOLYGONALFACE((351,428,427));
#2270=IFCINDEXEDPOLYGONALFACE((427,428,429));
#2271=IFCINDEXEDPOLYGONALFACE((425,427,429));
#2272=IFCINDEXEDPOLYGONALFACE((419,425,429));
#2273=IFCINDEXEDPOLYGONALFACE((429,428,430));
#2274=IFCINDEXEDPOLYGONALFACE((419,429,430));
#2275=IFCINDEXEDPOLYGONALFACE((428,431,430));
#2276=IFCINDEXEDPOLYGONALFACE((430,431,432));
#2277=IFCINDEXEDPOLYGONALFACE((419,430,432));
#2278=IFCINDEXEDPOLYGONALFACE((431,433,432));
#2279=IFCINDEXEDPOLYGONALFACE((432,433,434));
#2280=IFCINDEXEDPOLYGONALFACE((419,432,434));
#2281=IFCINDEXEDPOLYGONALFACE((433,435,434));
#2282=IFCINDEXEDPOLYGONALFACE((434,435,436));
#2283=IFCINDEXEDPOLYGONALFACE((419,434,436));
#2284=IFCINDEXEDPOLYGONALFACE((435,439,436));
#2285=IFCINDEXEDPOLYGONALFACE((437,419,436));
#2286=IFCINDEXEDPOLYGONALFACE((437,436,438));
#2287=IFCINDEXEDPOLYGONALFACE((436,439,438));
#2288=IFCINDEXEDPOLYGONALFACE((351,352,439));
#2289=IFCINDEXEDPOLYGONALFACE((351,439,435));
#2290=IFCINDEXEDPOLYGONALFACE((439,352,438));
#2291=IFCINDEXEDPOLYGONALFACE((437,438,440));
#2292=IFCINDEXEDPOLYGONALFACE((438,352,440));
#2293=IFCINDEXEDPOLYGONALFACE((440,353,441));
#2294=IFCINDEXEDPOLYGONALFACE((437,440,441));
#2295=IFCINDEXEDPOLYGONALFACE((352,353,440));
#2296=IFCINDEXEDPOLYGONALFACE((353,354,441));
#2297=IFCINDEXEDPOLYGONALFACE((441,354,442));
#2298=IFCINDEXEDPOLYGONALFACE((437,441,442));
#2299=IFCINDEXEDPOLYGONALFACE((354,355,442));
#2300=IFCINDEXEDPOLYGONALFACE((442,355,443));
#2301=IFCINDEXEDPOLYGONALFACE((437,442,443));
#2302=IFCINDEXEDPOLYGONALFACE((355,358,443));
#2303=IFCINDEXEDPOLYGONALFACE((437,443,444));
#2304=IFCINDEXEDPOLYGONALFACE((443,358,444));
#2305=IFCINDEXEDPOLYGONALFACE((437,444,445));
#2306=IFCINDEXEDPOLYGONALFACE((358,356,444));
#2307=IFCINDEXEDPOLYGONALFACE((444,356,445));
#2308=IFCINDEXEDPOLYGONALFACE((356,357,445));
#2309=IFCINDEXEDPOLYGONALFACE((445,357,446));
#2310=IFCINDEXEDPOLYGONALFACE((437,445,446));
#2311=IFCINDEXEDPOLYGONALFACE((357,348,446));
#2312=IFCINDEXEDPOLYGONALFACE((346,446,348));
#2313=IFCINDEXEDPOLYGONALFACE((437,446,346));
#2314=IFCINDEXEDPOLYGONALFACE((447,419,437));
#2315=IFCINDEXEDPOLYGONALFACE((239,447,437));
#2316=IFCINDEXEDPOLYGONALFACE((332,437,346));
#2317=IFCINDEXEDPOLYGONALFACE((239,437,332));
#2318=IFCINDEXEDPOLYGONALFACE((217,448,447));
#2319=IFCINDEXEDPOLYGONALFACE((447,448,419));
#2320=IFCINDEXEDPOLYGONALFACE((217,447,449));
#2321=IFCINDEXEDPOLYGONALFACE((447,236,449));
#2322=IFCINDEXEDPOLYGONALFACE((447,239,236));
#2323=IFCINDEXEDPOLYGONALFACE((224,218,449));
#2324=IFCINDEXEDPOLYGONALFACE((217,449,218));
#2325=IFCINDEXEDPOLYGONALFACE((235,449,236));
#2326=IFCINDEXEDPOLYGONALFACE((235,224,449));
#2327=IFCINDEXEDPOLYGONALFACE((217,450,448));
#2328=IFCINDEXEDPOLYGONALFACE((448,450,399));
#2329=IFCINDEXEDPOLYGONALFACE((448,400,419));
#2330=IFCINDEXEDPOLYGONALFACE((448,399,400));
#2331=IFCINDEXEDPOLYGONALFACE((450,453,451));
#2332=IFCINDEXEDPOLYGONALFACE((450,451,399));
#2333=IFCINDEXEDPOLYGONALFACE((215,450,217));
#2334=IFCINDEXEDPOLYGONALFACE((215,452,450));
#2335=IFCINDEXEDPOLYGONALFACE((450,452,453));
#2336=IFCINDEXEDPOLYGONALFACE((452,454,453));
#2337=IFCINDEXEDPOLYGONALFACE((453,454,455));
#2338=IFCINDEXEDPOLYGONALFACE((453,455,456));
#2339=IFCINDEXEDPOLYGONALFACE((453,456,457));
#2340=IFCINDEXEDPOLYGONALFACE((453,457,459));
#2341=IFCINDEXEDPOLYGONALFACE((453,458,460));
#2342=IFCINDEXEDPOLYGONALFACE((453,459,458));
#2343=IFCINDEXEDPOLYGONALFACE((453,460,461));
#2344=IFCINDEXEDPOLYGONALFACE((453,461,462));
#2345=IFCINDEXEDPOLYGONALFACE((453,462,464));
#2346=IFCINDEXEDPOLYGONALFACE((451,453,463));
#2347=IFCINDEXEDPOLYGONALFACE((453,464,463));
#2348=IFCINDEXEDPOLYGONALFACE((462,465,464));
#2349=IFCINDEXEDPOLYGONALFACE((465,375,464));
#2350=IFCINDEXEDPOLYGONALFACE((464,375,463));
#2351=IFCINDEXEDPOLYGONALFACE((373,375,465));
#2352=IFCINDEXEDPOLYGONALFACE((373,465,466));
#2353=IFCINDEXEDPOLYGONALFACE((466,465,462));
#2354=IFCINDEXEDPOLYGONALFACE((461,466,462));
#2355=IFCINDEXEDPOLYGONALFACE((467,466,461));
#2356=IFCINDEXEDPOLYGONALFACE((373,466,467));
#2357=IFCINDEXEDPOLYGONALFACE((373,467,468));
#2358=IFCINDEXEDPOLYGONALFACE((468,467,460));
#2359=IFCINDEXEDPOLYGONALFACE((460,467,461));
#2360=IFCINDEXEDPOLYGONALFACE((373,468,469));
#2361=IFCINDEXEDPOLYGONALFACE((469,468,458));
#2362=IFCINDEXEDPOLYGONALFACE((458,468,460));
#2363=IFCINDEXEDPOLYGONALFACE((373,469,470));
#2364=IFCINDEXEDPOLYGONALFACE((470,469,459));
#2365=IFCINDEXEDPOLYGONALFACE((459,469,458));
#2366=IFCINDEXEDPOLYGONALFACE((471,470,457));
#2367=IFCINDEXEDPOLYGONALFACE((373,470,471));
#2368=IFCINDEXEDPOLYGONALFACE((457,470,459));
#2369=IFCINDEXEDPOLYGONALFACE((373,471,472));
#2370=IFCINDEXEDPOLYGONALFACE((472,471,456));
#2371=IFCINDEXEDPOLYGONALFACE((456,471,457));
#2372=IFCINDEXEDPOLYGONALFACE((373,472,473));
#2373=IFCINDEXEDPOLYGONALFACE((473,472,455));
#2374=IFCINDEXEDPOLYGONALFACE((455,472,456));
#2375=IFCINDEXEDPOLYGONALFACE((474,473,455));
#2376=IFCINDEXEDPOLYGONALFACE((475,473,474));
#2377=IFCINDEXEDPOLYGONALFACE((373,473,475));
#2378=IFCINDEXEDPOLYGONALFACE((476,475,477));
#2379=IFCINDEXEDPOLYGONALFACE((476,373,475));
#2380=IFCINDEXEDPOLYGONALFACE((477,475,478));
#2381=IFCINDEXEDPOLYGONALFACE((478,475,474));
#2382=IFCINDEXEDPOLYGONALFACE((454,478,474));
#2383=IFCINDEXEDPOLYGONALFACE((454,479,478));
#2384=IFCINDEXEDPOLYGONALFACE((479,477,478));
#2385=IFCINDEXEDPOLYGONALFACE((454,480,479));
#2386=IFCINDEXEDPOLYGONALFACE((480,481,479));
#2387=IFCINDEXEDPOLYGONALFACE((481,477,479));
#2388=IFCINDEXEDPOLYGONALFACE((476,481,482));
#2389=IFCINDEXEDPOLYGONALFACE((476,477,481));
#2390=IFCINDEXEDPOLYGONALFACE((482,481,480));
#2391=IFCINDEXEDPOLYGONALFACE((484,482,483));
#2392=IFCINDEXEDPOLYGONALFACE((483,482,480));
#2393=IFCINDEXEDPOLYGONALFACE((476,482,484));
#2394=IFCINDEXEDPOLYGONALFACE((476,484,486));
#2395=IFCINDEXEDPOLYGONALFACE((486,484,485));
#2396=IFCINDEXEDPOLYGONALFACE((485,484,483));
#2397=IFCINDEXEDPOLYGONALFACE((476,486,487));
#2398=IFCINDEXEDPOLYGONALFACE((487,486,488));
#2399=IFCINDEXEDPOLYGONALFACE((488,486,485));
#2400=IFCINDEXEDPOLYGONALFACE((454,488,485));
#2401=IFCINDEXEDPOLYGONALFACE((454,489,488));
#2402=IFCINDEXEDPOLYGONALFACE((489,487,488));
#2403=IFCINDEXEDPOLYGONALFACE((491,490,489));
#2404=IFCINDEXEDPOLYGONALFACE((490,487,489));
#2405=IFCINDEXEDPOLYGONALFACE((454,491,489));
#2406=IFCINDEXEDPOLYGONALFACE((454,494,491));
#2407=IFCINDEXEDPOLYGONALFACE((492,493,491));
#2408=IFCINDEXEDPOLYGONALFACE((494,492,491));
#2409=IFCINDEXEDPOLYGONALFACE((493,490,491));
#2410=IFCINDEXEDPOLYGONALFACE((494,497,495));
#2411=IFCINDEXEDPOLYGONALFACE((494,495,496));
#2412=IFCINDEXEDPOLYGONALFACE((494,496,503));
#2413=IFCINDEXEDPOLYGONALFACE((502,497,494));
#2414=IFCINDEXEDPOLYGONALFACE((494,498,504));
#2415=IFCINDEXEDPOLYGONALFACE((494,499,498));
#2416=IFCINDEXEDPOLYGONALFACE((494,500,499));
#2417=IFCINDEXEDPOLYGONALFACE((494,501,500));
#2418=IFCINDEXEDPOLYGONALFACE((494,503,501));
#2419=IFCINDEXEDPOLYGONALFACE((502,494,454));
#2420=IFCINDEXEDPOLYGONALFACE((494,504,492));
#2421=IFCINDEXEDPOLYGONALFACE((506,505,504));
#2422=IFCINDEXEDPOLYGONALFACE((504,505,492));
#2423=IFCINDEXEDPOLYGONALFACE((498,506,504));
#2424=IFCINDEXEDPOLYGONALFACE((508,505,506));
#2425=IFCINDEXEDPOLYGONALFACE((507,506,498));
#2426=IFCINDEXEDPOLYGONALFACE((508,506,507));
#2427=IFCINDEXEDPOLYGONALFACE((508,509,512));
#2428=IFCINDEXEDPOLYGONALFACE((509,508,510));
#2429=IFCINDEXEDPOLYGONALFACE((508,511,510));
#2430=IFCINDEXEDPOLYGONALFACE((508,519,511));
#2431=IFCINDEXEDPOLYGONALFACE((508,512,513));
#2432=IFCINDEXEDPOLYGONALFACE((476,508,513));
#2433=IFCINDEXEDPOLYGONALFACE((508,476,505));
#2434=IFCINDEXEDPOLYGONALFACE((508,507,514));
#2435=IFCINDEXEDPOLYGONALFACE((508,514,515));
#2436=IFCINDEXEDPOLYGONALFACE((508,515,516));
#2437=IFCINDEXEDPOLYGONALFACE((508,516,517));
#2438=IFCINDEXEDPOLYGONALFACE((508,517,518));
#2439=IFCINDEXEDPOLYGONALFACE((508,518,519));
#2440=IFCINDEXEDPOLYGONALFACE((519,518,495));
#2441=IFCINDEXEDPOLYGONALFACE((520,519,495));
#2442=IFCINDEXEDPOLYGONALFACE((511,519,520));
#2443=IFCINDEXEDPOLYGONALFACE((497,520,495));
#2444=IFCINDEXEDPOLYGONALFACE((521,511,520));
#2445=IFCINDEXEDPOLYGONALFACE((497,521,520));
#2446=IFCINDEXEDPOLYGONALFACE((497,522,521));
#2447=IFCINDEXEDPOLYGONALFACE((522,510,521));
#2448=IFCINDEXEDPOLYGONALFACE((510,511,521));
#2449=IFCINDEXEDPOLYGONALFACE((523,510,522));
#2450=IFCINDEXEDPOLYGONALFACE((524,523,522));
#2451=IFCINDEXEDPOLYGONALFACE((497,524,522));
#2452=IFCINDEXEDPOLYGONALFACE((497,525,524));
#2453=IFCINDEXEDPOLYGONALFACE((525,526,524));
#2454=IFCINDEXEDPOLYGONALFACE((526,523,524));
#2455=IFCINDEXEDPOLYGONALFACE((509,526,527));
#2456=IFCINDEXEDPOLYGONALFACE((509,523,526));
#2457=IFCINDEXEDPOLYGONALFACE((527,526,525));
#2458=IFCINDEXEDPOLYGONALFACE((509,527,528));
#2459=IFCINDEXEDPOLYGONALFACE((528,527,529));
#2460=IFCINDEXEDPOLYGONALFACE((529,527,525));
#2461=IFCINDEXEDPOLYGONALFACE((530,528,529));
#2462=IFCINDEXEDPOLYGONALFACE((497,530,529));
#2463=IFCINDEXEDPOLYGONALFACE((497,529,525));
#2464=IFCINDEXEDPOLYGONALFACE((532,531,530));
#2465=IFCINDEXEDPOLYGONALFACE((531,528,530));
#2466=IFCINDEXEDPOLYGONALFACE((497,532,530));
#2467=IFCINDEXEDPOLYGONALFACE((533,534,532));
#2468=IFCINDEXEDPOLYGONALFACE((497,533,532));
#2469=IFCINDEXEDPOLYGONALFACE((534,531,532));
#2470=IFCINDEXEDPOLYGONALFACE((509,531,534));
#2471=IFCINDEXEDPOLYGONALFACE((509,534,535));
#2472=IFCINDEXEDPOLYGONALFACE((535,534,533));
#2473=IFCINDEXEDPOLYGONALFACE((509,535,536));
#2474=IFCINDEXEDPOLYGONALFACE((536,535,537));
#2475=IFCINDEXEDPOLYGONALFACE((537,535,533));
#2476=IFCINDEXEDPOLYGONALFACE((539,536,537));
#2477=IFCINDEXEDPOLYGONALFACE((538,537,533));
#2478=IFCINDEXEDPOLYGONALFACE((538,539,537));
#2479=IFCINDEXEDPOLYGONALFACE((538,540,539));
#2480=IFCINDEXEDPOLYGONALFACE((540,541,539));
#2481=IFCINDEXEDPOLYGONALFACE((541,536,539));
#2482=IFCINDEXEDPOLYGONALFACE((542,541,543));
#2483=IFCINDEXEDPOLYGONALFACE((542,509,541));
#2484=IFCINDEXEDPOLYGONALFACE((543,541,540));
#2485=IFCINDEXEDPOLYGONALFACE((509,536,541));
#2486=IFCINDEXEDPOLYGONALFACE((542,543,544));
#2487=IFCINDEXEDPOLYGONALFACE((544,543,545));
#2488=IFCINDEXEDPOLYGONALFACE((545,543,540));
#2489=IFCINDEXEDPOLYGONALFACE((546,544,545));
#2490=IFCINDEXEDPOLYGONALFACE((538,546,545));
#2491=IFCINDEXEDPOLYGONALFACE((538,545,540));
#2492=IFCINDEXEDPOLYGONALFACE((548,547,546));
#2493=IFCINDEXEDPOLYGONALFACE((547,544,546));
#2494=IFCINDEXEDPOLYGONALFACE((538,548,546));
#2495=IFCINDEXEDPOLYGONALFACE((538,549,548));
#2496=IFCINDEXEDPOLYGONALFACE((549,550,548));
#2497=IFCINDEXEDPOLYGONALFACE((550,547,548));
#2498=IFCINDEXEDPOLYGONALFACE((542,550,551));
#2499=IFCINDEXEDPOLYGONALFACE((542,547,550));
#2500=IFCINDEXEDPOLYGONALFACE((551,550,549));
#2501=IFCINDEXEDPOLYGONALFACE((542,551,552));
#2502=IFCINDEXEDPOLYGONALFACE((552,551,553));
#2503=IFCINDEXEDPOLYGONALFACE((553,551,549));
#2504=IFCINDEXEDPOLYGONALFACE((554,552,553));
#2505=IFCINDEXEDPOLYGONALFACE((538,554,553));
#2506=IFCINDEXEDPOLYGONALFACE((538,553,549));
#2507=IFCINDEXEDPOLYGONALFACE((555,556,554));
#2508=IFCINDEXEDPOLYGONALFACE((538,555,554));
#2509=IFCINDEXEDPOLYGONALFACE((556,557,554));
#2510=IFCINDEXEDPOLYGONALFACE((557,552,554));
#2511=IFCINDEXEDPOLYGONALFACE((542,552,557));
#2512=IFCINDEXEDPOLYGONALFACE((542,557,558));
#2513=IFCINDEXEDPOLYGONALFACE((558,557,556));
#2514=IFCINDEXEDPOLYGONALFACE((560,558,556));
#2515=IFCINDEXEDPOLYGONALFACE((542,558,559));
#2516=IFCINDEXEDPOLYGONALFACE((559,558,560));
#2517=IFCINDEXEDPOLYGONALFACE((555,560,556));
#2518=IFCINDEXEDPOLYGONALFACE((555,561,560));
#2519=IFCINDEXEDPOLYGONALFACE((561,559,560));
#2520=IFCINDEXEDPOLYGONALFACE((555,562,561));
#2521=IFCINDEXEDPOLYGONALFACE((562,563,561));
#2522=IFCINDEXEDPOLYGONALFACE((563,559,561));
#2523=IFCINDEXEDPOLYGONALFACE((564,563,562));
#2524=IFCINDEXEDPOLYGONALFACE((565,559,563));
#2525=IFCINDEXEDPOLYGONALFACE((565,563,564));
#2526=IFCINDEXEDPOLYGONALFACE((565,566,572));
#2527=IFCINDEXEDPOLYGONALFACE((565,567,566));
#2528=IFCINDEXEDPOLYGONALFACE((567,565,568));
#2529=IFCINDEXEDPOLYGONALFACE((565,569,568));
#2530=IFCINDEXEDPOLYGONALFACE((565,570,569));
#2531=IFCINDEXEDPOLYGONALFACE((565,571,570));
#2532=IFCINDEXEDPOLYGONALFACE((565,576,571));
#2533=IFCINDEXEDPOLYGONALFACE((542,565,572));
#2534=IFCINDEXEDPOLYGONALFACE((565,542,559));
#2535=IFCINDEXEDPOLYGONALFACE((565,564,573));
#2536=IFCINDEXEDPOLYGONALFACE((565,573,574));
#2537=IFCINDEXEDPOLYGONALFACE((565,574,575));
#2538=IFCINDEXEDPOLYGONALFACE((565,575,576));
#2539=IFCINDEXEDPOLYGONALFACE((576,575,577));
#2540=IFCINDEXEDPOLYGONALFACE((578,576,577));
#2541=IFCINDEXEDPOLYGONALFACE((571,576,578));
#2542=IFCINDEXEDPOLYGONALFACE((555,101,578));
#2543=IFCINDEXEDPOLYGONALFACE((101,579,578));
#2544=IFCINDEXEDPOLYGONALFACE((579,571,578));
#2545=IFCINDEXEDPOLYGONALFACE((555,578,577));
#2546=IFCINDEXEDPOLYGONALFACE((101,580,579));
#2547=IFCINDEXEDPOLYGONALFACE((580,570,579));
#2548=IFCINDEXEDPOLYGONALFACE((570,571,579));
#2549=IFCINDEXEDPOLYGONALFACE((101,581,580));
#2550=IFCINDEXEDPOLYGONALFACE((581,569,580));
#2551=IFCINDEXEDPOLYGONALFACE((569,570,580));
#2552=IFCINDEXEDPOLYGONALFACE((101,582,581));
#2553=IFCINDEXEDPOLYGONALFACE((582,568,581));
#2554=IFCINDEXEDPOLYGONALFACE((568,569,581));
#2555=IFCINDEXEDPOLYGONALFACE((101,584,582));
#2556=IFCINDEXEDPOLYGONALFACE((583,568,582));
#2557=IFCINDEXEDPOLYGONALFACE((584,583,582));
#2558=IFCINDEXEDPOLYGONALFACE((101,586,584));
#2559=IFCINDEXEDPOLYGONALFACE((585,583,584));
#2560=IFCINDEXEDPOLYGONALFACE((586,585,584));
#2561=IFCINDEXEDPOLYGONALFACE((101,588,586));
#2562=IFCINDEXEDPOLYGONALFACE((587,585,586));
#2563=IFCINDEXEDPOLYGONALFACE((588,587,586));
#2564=IFCINDEXEDPOLYGONALFACE((101,589,588));
#2565=IFCINDEXEDPOLYGONALFACE((590,587,588));
#2566=IFCINDEXEDPOLYGONALFACE((589,590,588));
#2567=IFCINDEXEDPOLYGONALFACE((567,587,590));
#2568=IFCINDEXEDPOLYGONALFACE((591,590,589));
#2569=IFCINDEXEDPOLYGONALFACE((567,590,591));
#2570=IFCINDEXEDPOLYGONALFACE((592,591,102));
#2571=IFCINDEXEDPOLYGONALFACE((567,591,592));
#2572=IFCINDEXEDPOLYGONALFACE((102,591,589));
#2573=IFCINDEXEDPOLYGONALFACE((567,592,593));
#2574=IFCINDEXEDPOLYGONALFACE((593,592,99));
#2575=IFCINDEXEDPOLYGONALFACE((99,592,102));
#2576=IFCINDEXEDPOLYGONALFACE((567,593,594));
#2577=IFCINDEXEDPOLYGONALFACE((594,593,100));
#2578=IFCINDEXEDPOLYGONALFACE((100,593,99));
#2579=IFCINDEXEDPOLYGONALFACE((595,594,92));
#2580=IFCINDEXEDPOLYGONALFACE((567,594,595));
#2581=IFCINDEXEDPOLYGONALFACE((92,594,100));
#2582=IFCINDEXEDPOLYGONALFACE((64,595,596));
#2583=IFCINDEXEDPOLYGONALFACE((64,567,595));
#2584=IFCINDEXEDPOLYGONALFACE((93,595,92));
#2585=IFCINDEXEDPOLYGONALFACE((596,595,93));
#2586=IFCINDEXEDPOLYGONALFACE((64,596,597));
#2587=IFCINDEXEDPOLYGONALFACE((94,596,93));
#2588=IFCINDEXEDPOLYGONALFACE((597,596,94));
#2589=IFCINDEXEDPOLYGONALFACE((64,597,598));
#2590=IFCINDEXEDPOLYGONALFACE((598,597,97));
#2591=IFCINDEXEDPOLYGONALFACE((97,597,94));
#2592=IFCINDEXEDPOLYGONALFACE((64,598,599));
#2593=IFCINDEXEDPOLYGONALFACE((599,598,98));
#2594=IFCINDEXEDPOLYGONALFACE((98,598,97));
#2595=IFCINDEXEDPOLYGONALFACE((64,599,90));
#2596=IFCINDEXEDPOLYGONALFACE((90,599,89));
#2597=IFCINDEXEDPOLYGONALFACE((89,599,98));
#2598=IFCINDEXEDPOLYGONALFACE((101,102,589));
#2599=IFCINDEXEDPOLYGONALFACE((567,585,587));
#2600=IFCINDEXEDPOLYGONALFACE((567,583,585));
#2601=IFCINDEXEDPOLYGONALFACE((567,568,583));
#2602=IFCINDEXEDPOLYGONALFACE((555,577,600));
#2603=IFCINDEXEDPOLYGONALFACE((577,575,600));
#2604=IFCINDEXEDPOLYGONALFACE((555,600,601));
#2605=IFCINDEXEDPOLYGONALFACE((600,574,601));
#2606=IFCINDEXEDPOLYGONALFACE((575,574,600));
#2607=IFCINDEXEDPOLYGONALFACE((601,573,602));
#2608=IFCINDEXEDPOLYGONALFACE((555,601,602));
#2609=IFCINDEXEDPOLYGONALFACE((574,573,601));
#2610=IFCINDEXEDPOLYGONALFACE((602,564,562));
#2611=IFCINDEXEDPOLYGONALFACE((555,602,562));
#2612=IFCINDEXEDPOLYGONALFACE((573,564,602));
#2613=IFCINDEXEDPOLYGONALFACE((542,572,604));
#2614=IFCINDEXEDPOLYGONALFACE((572,566,603));
#2615=IFCINDEXEDPOLYGONALFACE((605,572,603));
#2616=IFCINDEXEDPOLYGONALFACE((604,572,605));
#2617=IFCINDEXEDPOLYGONALFACE((364,369,605));
#2618=IFCINDEXEDPOLYGONALFACE((605,369,606));
#2619=IFCINDEXEDPOLYGONALFACE((364,605,603));
#2620=IFCINDEXEDPOLYGONALFACE((606,604,605));
#2621=IFCINDEXEDPOLYGONALFACE((606,369,607));
#2622=IFCINDEXEDPOLYGONALFACE((606,607,608));
#2623=IFCINDEXEDPOLYGONALFACE((512,604,606));
#2624=IFCINDEXEDPOLYGONALFACE((608,512,606));
#2625=IFCINDEXEDPOLYGONALFACE((513,512,608));
#2626=IFCINDEXEDPOLYGONALFACE((607,513,608));
#2627=IFCINDEXEDPOLYGONALFACE((369,372,607));
#2628=IFCINDEXEDPOLYGONALFACE((372,513,607));
#2629=IFCINDEXEDPOLYGONALFACE((509,542,604));
#2630=IFCINDEXEDPOLYGONALFACE((509,604,512));
#2631=IFCINDEXEDPOLYGONALFACE((603,566,364));
#2632=IFCINDEXEDPOLYGONALFACE((567,64,609));
#2633=IFCINDEXEDPOLYGONALFACE((567,609,566));
#2634=IFCINDEXEDPOLYGONALFACE((64,65,609));
#2635=IFCINDEXEDPOLYGONALFACE((364,609,610));
#2636=IFCINDEXEDPOLYGONALFACE((609,65,610));
#2637=IFCINDEXEDPOLYGONALFACE((566,609,364));
#2638=IFCINDEXEDPOLYGONALFACE((3,610,611));
#2639=IFCINDEXEDPOLYGONALFACE((610,65,611));
#2640=IFCINDEXEDPOLYGONALFACE((3,364,610));
#2641=IFCINDEXEDPOLYGONALFACE((611,62,612));
#2642=IFCINDEXEDPOLYGONALFACE((65,62,611));
#2643=IFCINDEXEDPOLYGONALFACE((3,611,612));
#2644=IFCINDEXEDPOLYGONALFACE((62,12,612));
#2645=IFCINDEXEDPOLYGONALFACE((3,612,2));
#2646=IFCINDEXEDPOLYGONALFACE((612,12,2));
#2647=IFCINDEXEDPOLYGONALFACE((614,101,555));
#2648=IFCINDEXEDPOLYGONALFACE((613,555,538));
#2649=IFCINDEXEDPOLYGONALFACE((613,614,555));
#2650=IFCINDEXEDPOLYGONALFACE((614,103,101));
#2651=IFCINDEXEDPOLYGONALFACE((615,103,614));
#2652=IFCINDEXEDPOLYGONALFACE((617,614,613));
#2653=IFCINDEXEDPOLYGONALFACE((615,614,616));
#2654=IFCINDEXEDPOLYGONALFACE((616,614,617));
#2655=IFCINDEXEDPOLYGONALFACE((617,620,618));
#2656=IFCINDEXEDPOLYGONALFACE((616,617,618));
#2657=IFCINDEXEDPOLYGONALFACE((617,619,620));
#2658=IFCINDEXEDPOLYGONALFACE((617,613,619));
#2659=IFCINDEXEDPOLYGONALFACE((618,620,621));
#2660=IFCINDEXEDPOLYGONALFACE((619,622,620));
#2661=IFCINDEXEDPOLYGONALFACE((620,622,621));
#2662=IFCINDEXEDPOLYGONALFACE((619,626,622));
#2663=IFCINDEXEDPOLYGONALFACE((622,623,621));
#2664=IFCINDEXEDPOLYGONALFACE((622,624,623));
#2665=IFCINDEXEDPOLYGONALFACE((622,625,624));
#2666=IFCINDEXEDPOLYGONALFACE((626,625,622));
#2667=IFCINDEXEDPOLYGONALFACE((626,627,625));
#2668=IFCINDEXEDPOLYGONALFACE((626,628,627));
#2669=IFCINDEXEDPOLYGONALFACE((626,613,628));
#2670=IFCINDEXEDPOLYGONALFACE((619,613,626));
#2671=IFCINDEXEDPOLYGONALFACE((628,502,629));
#2672=IFCINDEXEDPOLYGONALFACE((627,628,629));
#2673=IFCINDEXEDPOLYGONALFACE((628,613,538));
#2674=IFCINDEXEDPOLYGONALFACE((502,628,497));
#2675=IFCINDEXEDPOLYGONALFACE((628,538,497));
#2676=IFCINDEXEDPOLYGONALFACE((215,629,452));
#2677=IFCINDEXEDPOLYGONALFACE((215,212,629));
#2678=IFCINDEXEDPOLYGONALFACE((502,452,629));
#2679=IFCINDEXEDPOLYGONALFACE((627,629,630));
#2680=IFCINDEXEDPOLYGONALFACE((630,629,212));
#2681=IFCINDEXEDPOLYGONALFACE((627,630,211));
#2682=IFCINDEXEDPOLYGONALFACE((630,212,211));
#2683=IFCINDEXEDPOLYGONALFACE((627,211,625));
#2684=IFCINDEXEDPOLYGONALFACE((625,209,624));
#2685=IFCINDEXEDPOLYGONALFACE((625,211,209));
#2686=IFCINDEXEDPOLYGONALFACE((624,209,208));
#2687=IFCINDEXEDPOLYGONALFACE((623,624,208));
#2688=IFCINDEXEDPOLYGONALFACE((621,623,137));
#2689=IFCINDEXEDPOLYGONALFACE((623,139,137));
#2690=IFCINDEXEDPOLYGONALFACE((623,208,139));
#2691=IFCINDEXEDPOLYGONALFACE((618,621,631));
#2692=IFCINDEXEDPOLYGONALFACE((631,621,137));
#2693=IFCINDEXEDPOLYGONALFACE((632,618,631));
#2694=IFCINDEXEDPOLYGONALFACE((631,134,119));
#2695=IFCINDEXEDPOLYGONALFACE((120,631,119));
#2696=IFCINDEXEDPOLYGONALFACE((631,137,134));
#2697=IFCINDEXEDPOLYGONALFACE((632,631,120));
#2698=IFCINDEXEDPOLYGONALFACE((116,632,120));
#2699=IFCINDEXEDPOLYGONALFACE((615,632,116));
#2700=IFCINDEXEDPOLYGONALFACE((615,616,632));
#2701=IFCINDEXEDPOLYGONALFACE((616,618,632));
#2702=IFCINDEXEDPOLYGONALFACE((115,103,615));
#2703=IFCINDEXEDPOLYGONALFACE((115,615,116));
#2704=IFCINDEXEDPOLYGONALFACE((542,544,547));
#2705=IFCINDEXEDPOLYGONALFACE((497,538,533));
#2706=IFCINDEXEDPOLYGONALFACE((509,528,531));
#2707=IFCINDEXEDPOLYGONALFACE((509,510,523));
#2708=IFCINDEXEDPOLYGONALFACE((495,518,496));
#2709=IFCINDEXEDPOLYGONALFACE((518,517,496));
#2710=IFCINDEXEDPOLYGONALFACE((517,516,503));
#2711=IFCINDEXEDPOLYGONALFACE((496,517,503));
#2712=IFCINDEXEDPOLYGONALFACE((516,515,501));
#2713=IFCINDEXEDPOLYGONALFACE((503,516,501));
#2714=IFCINDEXEDPOLYGONALFACE((515,514,500));
#2715=IFCINDEXEDPOLYGONALFACE((501,515,500));
#2716=IFCINDEXEDPOLYGONALFACE((514,507,499));
#2717=IFCINDEXEDPOLYGONALFACE((500,514,499));
#2718=IFCINDEXEDPOLYGONALFACE((476,513,372));
#2719=IFCINDEXEDPOLYGONALFACE((499,507,498));
#2720=IFCINDEXEDPOLYGONALFACE((476,493,505));
#2721=IFCINDEXEDPOLYGONALFACE((505,493,492));
#2722=IFCINDEXEDPOLYGONALFACE((452,502,454));
#2723=IFCINDEXEDPOLYGONALFACE((476,490,493));
#2724=IFCINDEXEDPOLYGONALFACE((476,487,490));
#2725=IFCINDEXEDPOLYGONALFACE((454,485,483));
#2726=IFCINDEXEDPOLYGONALFACE((454,483,480));
#2727=IFCINDEXEDPOLYGONALFACE((373,476,372));
#2728=IFCINDEXEDPOLYGONALFACE((454,474,455));
#2729=IFCINDEXEDPOLYGONALFACE((451,463,633));
#2730=IFCINDEXEDPOLYGONALFACE((463,376,633));
#2731=IFCINDEXEDPOLYGONALFACE((375,376,463));
#2732=IFCINDEXEDPOLYGONALFACE((451,633,634));
#2733=IFCINDEXEDPOLYGONALFACE((633,377,634));
#2734=IFCINDEXEDPOLYGONALFACE((376,377,633));
#2735=IFCINDEXEDPOLYGONALFACE((451,634,635));
#2736=IFCINDEXEDPOLYGONALFACE((377,378,634));
#2737=IFCINDEXEDPOLYGONALFACE((634,378,635));
#2738=IFCINDEXEDPOLYGONALFACE((451,635,636));
#2739=IFCINDEXEDPOLYGONALFACE((378,379,635));
#2740=IFCINDEXEDPOLYGONALFACE((635,379,636));
#2741=IFCINDEXEDPOLYGONALFACE((636,380,637));
#2742=IFCINDEXEDPOLYGONALFACE((379,380,636));
#2743=IFCINDEXEDPOLYGONALFACE((451,636,637));
#2744=IFCINDEXEDPOLYGONALFACE((380,381,637));
#2745=IFCINDEXEDPOLYGONALFACE((451,637,638));
#2746=IFCINDEXEDPOLYGONALFACE((637,381,638));
#2747=IFCINDEXEDPOLYGONALFACE((451,638,639));
#2748=IFCINDEXEDPOLYGONALFACE((381,382,638));
#2749=IFCINDEXEDPOLYGONALFACE((638,382,639));
#2750=IFCINDEXEDPOLYGONALFACE((451,639,640));
#2751=IFCINDEXEDPOLYGONALFACE((382,383,639));
#2752=IFCINDEXEDPOLYGONALFACE((639,383,640));
#2753=IFCINDEXEDPOLYGONALFACE((640,384,641));
#2754=IFCINDEXEDPOLYGONALFACE((383,384,640));
#2755=IFCINDEXEDPOLYGONALFACE((451,640,641));
#2756=IFCINDEXEDPOLYGONALFACE((384,393,641));
#2757=IFCINDEXEDPOLYGONALFACE((399,451,641));
#2758=IFCINDEXEDPOLYGONALFACE((641,393,642));
#2759=IFCINDEXEDPOLYGONALFACE((399,641,642));
#2760=IFCINDEXEDPOLYGONALFACE((393,392,642));
#2761=IFCINDEXEDPOLYGONALFACE((399,642,643));
#2762=IFCINDEXEDPOLYGONALFACE((642,392,643));
#2763=IFCINDEXEDPOLYGONALFACE((643,391,644));
#2764=IFCINDEXEDPOLYGONALFACE((399,643,644));
#2765=IFCINDEXEDPOLYGONALFACE((392,391,643));
#2766=IFCINDEXEDPOLYGONALFACE((391,390,644));
#2767=IFCINDEXEDPOLYGONALFACE((644,390,645));
#2768=IFCINDEXEDPOLYGONALFACE((399,644,645));
#2769=IFCINDEXEDPOLYGONALFACE((399,645,646));
#2770=IFCINDEXEDPOLYGONALFACE((645,389,646));
#2771=IFCINDEXEDPOLYGONALFACE((390,389,645));
#2772=IFCINDEXEDPOLYGONALFACE((399,646,647));
#2773=IFCINDEXEDPOLYGONALFACE((646,388,647));
#2774=IFCINDEXEDPOLYGONALFACE((389,388,646));
#2775=IFCINDEXEDPOLYGONALFACE((647,387,648));
#2776=IFCINDEXEDPOLYGONALFACE((399,647,648));
#2777=IFCINDEXEDPOLYGONALFACE((388,387,647));
#2778=IFCINDEXEDPOLYGONALFACE((399,648,397));
#2779=IFCINDEXEDPOLYGONALFACE((648,386,397));
#2780=IFCINDEXEDPOLYGONALFACE((387,386,648));
#2781=IFCINDEXEDPOLYGONALFACE((351,435,433));
#2782=IFCINDEXEDPOLYGONALFACE((351,433,431));
#2783=IFCINDEXEDPOLYGONALFACE((351,431,428));
#2784=IFCINDEXEDPOLYGONALFACE((395,416,413));
#2785=IFCINDEXEDPOLYGONALFACE((395,402,394));
#2786=IFCINDEXEDPOLYGONALFACE((395,366,363));
#2787=IFCINDEXEDPOLYGONALFACE((351,395,363));
#2788=IFCINDEXEDPOLYGONALFACE((351,363,350));
#2789=IFCINDEXEDPOLYGONALFACE((3,649,360));
#2790=IFCINDEXEDPOLYGONALFACE((649,308,360));
#2791=IFCINDEXEDPOLYGONALFACE((650,307,649));
#2792=IFCINDEXEDPOLYGONALFACE((651,650,649));
#2793=IFCINDEXEDPOLYGONALFACE((3,651,649));
#2794=IFCINDEXEDPOLYGONALFACE((307,308,649));
#2795=IFCINDEXEDPOLYGONALFACE((651,652,650));
#2796=IFCINDEXEDPOLYGONALFACE((651,272,652));
#2797=IFCINDEXEDPOLYGONALFACE((3,653,651));
#2798=IFCINDEXEDPOLYGONALFACE((653,272,651));
#2799=IFCINDEXEDPOLYGONALFACE((4,653,3));
#2800=IFCINDEXEDPOLYGONALFACE((273,272,653));
#2801=IFCINDEXEDPOLYGONALFACE((654,653,4));
#2802=IFCINDEXEDPOLYGONALFACE((654,273,653));
#2803=IFCINDEXEDPOLYGONALFACE((666,654,4));
#2804=IFCINDEXEDPOLYGONALFACE((273,654,655));
#2805=IFCINDEXEDPOLYGONALFACE((654,656,655));
#2806=IFCINDEXEDPOLYGONALFACE((654,657,656));
#2807=IFCINDEXEDPOLYGONALFACE((654,658,657));
#2808=IFCINDEXEDPOLYGONALFACE((654,659,658));
#2809=IFCINDEXEDPOLYGONALFACE((654,663,659));
#2810=IFCINDEXEDPOLYGONALFACE((654,660,662));
#2811=IFCINDEXEDPOLYGONALFACE((654,661,660));
#2812=IFCINDEXEDPOLYGONALFACE((654,664,661));
#2813=IFCINDEXEDPOLYGONALFACE((654,662,663));
#2814=IFCINDEXEDPOLYGONALFACE((654,665,664));
#2815=IFCINDEXEDPOLYGONALFACE((654,666,665));
#2816=IFCINDEXEDPOLYGONALFACE((666,667,665));
#2817=IFCINDEXEDPOLYGONALFACE((666,668,667));
#2818=IFCINDEXEDPOLYGONALFACE((666,669,668));
#2819=IFCINDEXEDPOLYGONALFACE((666,670,669));
#2820=IFCINDEXEDPOLYGONALFACE((666,671,670));
#2821=IFCINDEXEDPOLYGONALFACE((666,672,671));
#2822=IFCINDEXEDPOLYGONALFACE((666,676,672));
#2823=IFCINDEXEDPOLYGONALFACE((666,673,675));
#2824=IFCINDEXEDPOLYGONALFACE((666,674,673));
#2825=IFCINDEXEDPOLYGONALFACE((674,666,5));
#2826=IFCINDEXEDPOLYGONALFACE((666,675,676));
#2827=IFCINDEXEDPOLYGONALFACE((666,4,5));
#2828=IFCINDEXEDPOLYGONALFACE((676,677,672));
#2829=IFCINDEXEDPOLYGONALFACE((678,677,676));
#2830=IFCINDEXEDPOLYGONALFACE((675,678,676));
#2831=IFCINDEXEDPOLYGONALFACE((680,677,678));
#2832=IFCINDEXEDPOLYGONALFACE((680,678,679));
#2833=IFCINDEXEDPOLYGONALFACE((679,678,675));
#2834=IFCINDEXEDPOLYGONALFACE((680,681,685));
#2835=IFCINDEXEDPOLYGONALFACE((680,683,681));
#2836=IFCINDEXEDPOLYGONALFACE((682,680,689));
#2837=IFCINDEXEDPOLYGONALFACE((682,683,680));
#2838=IFCINDEXEDPOLYGONALFACE((680,684,686));
#2839=IFCINDEXEDPOLYGONALFACE((680,685,684));
#2840=IFCINDEXEDPOLYGONALFACE((680,686,687));
#2841=IFCINDEXEDPOLYGONALFACE((680,687,677));
#2842=IFCINDEXEDPOLYGONALFACE((680,679,688));
#2843=IFCINDEXEDPOLYGONALFACE((689,680,688));
#2844=IFCINDEXEDPOLYGONALFACE((689,688,690));
#2845=IFCINDEXEDPOLYGONALFACE((689,690,694));
#2846=IFCINDEXEDPOLYGONALFACE((691,689,692));
#2847=IFCINDEXEDPOLYGONALFACE((691,682,689));
#2848=IFCINDEXEDPOLYGONALFACE((692,689,698));
#2849=IFCINDEXEDPOLYGONALFACE((689,693,697));
#2850=IFCINDEXEDPOLYGONALFACE((689,694,693));
#2851=IFCINDEXEDPOLYGONALFACE((689,695,700));
#2852=IFCINDEXEDPOLYGONALFACE((689,696,695));
#2853=IFCINDEXEDPOLYGONALFACE((689,697,696));
#2854=IFCINDEXEDPOLYGONALFACE((689,699,698));
#2855=IFCINDEXEDPOLYGONALFACE((689,700,699));
#2856=IFCINDEXEDPOLYGONALFACE((699,700,701));
#2857=IFCINDEXEDPOLYGONALFACE((701,700,702));
#2858=IFCINDEXEDPOLYGONALFACE((700,695,702));
#2859=IFCINDEXEDPOLYGONALFACE((674,701,702));
#2860=IFCINDEXEDPOLYGONALFACE((674,702,703));
#2861=IFCINDEXEDPOLYGONALFACE((702,695,703));
#2862=IFCINDEXEDPOLYGONALFACE((674,703,704));
#2863=IFCINDEXEDPOLYGONALFACE((695,696,703));
#2864=IFCINDEXEDPOLYGONALFACE((703,696,704));
#2865=IFCINDEXEDPOLYGONALFACE((704,697,705));
#2866=IFCINDEXEDPOLYGONALFACE((674,704,705));
#2867=IFCINDEXEDPOLYGONALFACE((696,697,704));
#2868=IFCINDEXEDPOLYGONALFACE((674,705,706));
#2869=IFCINDEXEDPOLYGONALFACE((705,693,706));
#2870=IFCINDEXEDPOLYGONALFACE((697,693,705));
#2871=IFCINDEXEDPOLYGONALFACE((706,694,707));
#2872=IFCINDEXEDPOLYGONALFACE((693,694,706));
#2873=IFCINDEXEDPOLYGONALFACE((674,706,707));
#2874=IFCINDEXEDPOLYGONALFACE((694,690,707));
#2875=IFCINDEXEDPOLYGONALFACE((674,707,708));
#2876=IFCINDEXEDPOLYGONALFACE((707,690,708));
#2877=IFCINDEXEDPOLYGONALFACE((674,708,673));
#2878=IFCINDEXEDPOLYGONALFACE((708,688,673));
#2879=IFCINDEXEDPOLYGONALFACE((690,688,708));
#2880=IFCINDEXEDPOLYGONALFACE((674,709,701));
#2881=IFCINDEXEDPOLYGONALFACE((709,699,701));
#2882=IFCINDEXEDPOLYGONALFACE((674,710,709));
#2883=IFCINDEXEDPOLYGONALFACE((710,698,709));
#2884=IFCINDEXEDPOLYGONALFACE((698,699,709));
#2885=IFCINDEXEDPOLYGONALFACE((712,711,710));
#2886=IFCINDEXEDPOLYGONALFACE((711,698,710));
#2887=IFCINDEXEDPOLYGONALFACE((713,712,710));
#2888=IFCINDEXEDPOLYGONALFACE((674,713,710));
#2889=IFCINDEXEDPOLYGONALFACE((11,713,9));
#2890=IFCINDEXEDPOLYGONALFACE((713,714,9));
#2891=IFCINDEXEDPOLYGONALFACE((713,674,714));
#2892=IFCINDEXEDPOLYGONALFACE((713,11,719));
#2893=IFCINDEXEDPOLYGONALFACE((713,715,712));
#2894=IFCINDEXEDPOLYGONALFACE((713,716,715));
#2895=IFCINDEXEDPOLYGONALFACE((713,717,716));
#2896=IFCINDEXEDPOLYGONALFACE((713,718,717));
#2897=IFCINDEXEDPOLYGONALFACE((713,722,718));
#2898=IFCINDEXEDPOLYGONALFACE((713,719,720));
#2899=IFCINDEXEDPOLYGONALFACE((713,720,721));
#2900=IFCINDEXEDPOLYGONALFACE((713,721,722));
#2901=IFCINDEXEDPOLYGONALFACE((722,723,718));
#2902=IFCINDEXEDPOLYGONALFACE((724,723,722));
#2903=IFCINDEXEDPOLYGONALFACE((721,724,722));
#2904=IFCINDEXEDPOLYGONALFACE((692,724,725));
#2905=IFCINDEXEDPOLYGONALFACE((692,723,724));
#2906=IFCINDEXEDPOLYGONALFACE((725,724,721));
#2907=IFCINDEXEDPOLYGONALFACE((727,692,725));
#2908=IFCINDEXEDPOLYGONALFACE((720,725,721));
#2909=IFCINDEXEDPOLYGONALFACE((727,725,726));
#2910=IFCINDEXEDPOLYGONALFACE((726,725,720));
#2911=IFCINDEXEDPOLYGONALFACE((729,727,27));
#2912=IFCINDEXEDPOLYGONALFACE((27,727,728));
#2913=IFCINDEXEDPOLYGONALFACE((727,736,728));
#2914=IFCINDEXEDPOLYGONALFACE((729,737,727));
#2915=IFCINDEXEDPOLYGONALFACE((727,726,730));
#2916=IFCINDEXEDPOLYGONALFACE((737,692,727));
#2917=IFCINDEXEDPOLYGONALFACE((727,730,732));
#2918=IFCINDEXEDPOLYGONALFACE((727,731,733));
#2919=IFCINDEXEDPOLYGONALFACE((727,732,731));
#2920=IFCINDEXEDPOLYGONALFACE((727,733,735));
#2921=IFCINDEXEDPOLYGONALFACE((727,734,736));
#2922=IFCINDEXEDPOLYGONALFACE((727,735,734));
#2923=IFCINDEXEDPOLYGONALFACE((737,691,692));
#2924=IFCINDEXEDPOLYGONALFACE((740,737,738));
#2925=IFCINDEXEDPOLYGONALFACE((738,737,739));
#2926=IFCINDEXEDPOLYGONALFACE((739,737,729));
#2927=IFCINDEXEDPOLYGONALFACE((740,691,737));
#2928=IFCINDEXEDPOLYGONALFACE((740,738,743));
#2929=IFCINDEXEDPOLYGONALFACE((741,682,740));
#2930=IFCINDEXEDPOLYGONALFACE((740,682,691));
#2931=IFCINDEXEDPOLYGONALFACE((741,740,742));
#2932=IFCINDEXEDPOLYGONALFACE((740,743,742));
#2933=IFCINDEXEDPOLYGONALFACE((742,743,746));
#2934=IFCINDEXEDPOLYGONALFACE((743,744,745));
#2935=IFCINDEXEDPOLYGONALFACE((738,744,743));
#2936=IFCINDEXEDPOLYGONALFACE((743,745,747));
#2937=IFCINDEXEDPOLYGONALFACE((743,747,746));
#2938=IFCINDEXEDPOLYGONALFACE((747,745,749));
#2939=IFCINDEXEDPOLYGONALFACE((746,747,748));
#2940=IFCINDEXEDPOLYGONALFACE((747,749,748));
#2941=IFCINDEXEDPOLYGONALFACE((745,753,749));
#2942=IFCINDEXEDPOLYGONALFACE((748,749,750));
#2943=IFCINDEXEDPOLYGONALFACE((749,751,750));
#2944=IFCINDEXEDPOLYGONALFACE((749,752,751));
#2945=IFCINDEXEDPOLYGONALFACE((749,753,752));
#2946=IFCINDEXEDPOLYGONALFACE((753,754,752));
#2947=IFCINDEXEDPOLYGONALFACE((755,754,753));
#2948=IFCINDEXEDPOLYGONALFACE((745,755,753));
#2949=IFCINDEXEDPOLYGONALFACE((755,756,754));
#2950=IFCINDEXEDPOLYGONALFACE((757,756,755));
#2951=IFCINDEXEDPOLYGONALFACE((744,755,745));
#2952=IFCINDEXEDPOLYGONALFACE((744,758,755));
#2953=IFCINDEXEDPOLYGONALFACE((758,757,755));
#2954=IFCINDEXEDPOLYGONALFACE((739,758,744));
#2955=IFCINDEXEDPOLYGONALFACE((759,757,758));
#2956=IFCINDEXEDPOLYGONALFACE((739,759,758));
#2957=IFCINDEXEDPOLYGONALFACE((759,729,760));
#2958=IFCINDEXEDPOLYGONALFACE((759,760,762));
#2959=IFCINDEXEDPOLYGONALFACE((759,761,757));
#2960=IFCINDEXEDPOLYGONALFACE((739,729,759));
#2961=IFCINDEXEDPOLYGONALFACE((759,762,761));
#2962=IFCINDEXEDPOLYGONALFACE((762,33,50));
#2963=IFCINDEXEDPOLYGONALFACE((762,760,33));
#2964=IFCINDEXEDPOLYGONALFACE((761,762,763));
#2965=IFCINDEXEDPOLYGONALFACE((764,762,50));
#2966=IFCINDEXEDPOLYGONALFACE((763,762,764));
#2967=IFCINDEXEDPOLYGONALFACE((764,50,76));
#2968=IFCINDEXEDPOLYGONALFACE((765,764,76));
#2969=IFCINDEXEDPOLYGONALFACE((763,764,765));
#2970=IFCINDEXEDPOLYGONALFACE((96,765,76));
#2971=IFCINDEXEDPOLYGONALFACE((107,765,96));
#2972=IFCINDEXEDPOLYGONALFACE((763,765,766));
#2973=IFCINDEXEDPOLYGONALFACE((766,765,107));
#2974=IFCINDEXEDPOLYGONALFACE((763,766,767));
#2975=IFCINDEXEDPOLYGONALFACE((766,107,109));
#2976=IFCINDEXEDPOLYGONALFACE((766,109,767));
#2977=IFCINDEXEDPOLYGONALFACE((767,109,110));
#2978=IFCINDEXEDPOLYGONALFACE((767,110,768));
#2979=IFCINDEXEDPOLYGONALFACE((769,767,768));
#2980=IFCINDEXEDPOLYGONALFACE((763,767,769));
#2981=IFCINDEXEDPOLYGONALFACE((761,763,769));
#2982=IFCINDEXEDPOLYGONALFACE((761,769,757));
#2983=IFCINDEXEDPOLYGONALFACE((769,768,770));
#2984=IFCINDEXEDPOLYGONALFACE((757,769,770));
#2985=IFCINDEXEDPOLYGONALFACE((770,772,771));
#2986=IFCINDEXEDPOLYGONALFACE((756,770,771));
#2987=IFCINDEXEDPOLYGONALFACE((757,770,756));
#2988=IFCINDEXEDPOLYGONALFACE((770,768,772));
#2989=IFCINDEXEDPOLYGONALFACE((771,772,773));
#2990=IFCINDEXEDPOLYGONALFACE((772,774,773));
#2991=IFCINDEXEDPOLYGONALFACE((772,775,774));
#2992=IFCINDEXEDPOLYGONALFACE((768,775,772));
#2993=IFCINDEXEDPOLYGONALFACE((775,111,776));
#2994=IFCINDEXEDPOLYGONALFACE((775,776,774));
#2995=IFCINDEXEDPOLYGONALFACE((768,110,775));
#2996=IFCINDEXEDPOLYGONALFACE((110,111,775));
#2997=IFCINDEXEDPOLYGONALFACE((774,776,777));
#2998=IFCINDEXEDPOLYGONALFACE((778,777,776));
#2999=IFCINDEXEDPOLYGONALFACE((778,776,111));
#3000=IFCINDEXEDPOLYGONALFACE((778,779,777));
#3001=IFCINDEXEDPOLYGONALFACE((778,123,125));
#3002=IFCINDEXEDPOLYGONALFACE((778,111,123));
#3003=IFCINDEXEDPOLYGONALFACE((778,125,779));
#3004=IFCINDEXEDPOLYGONALFACE((779,782,780));
#3005=IFCINDEXEDPOLYGONALFACE((779,780,781));
#3006=IFCINDEXEDPOLYGONALFACE((779,781,777));
#3007=IFCINDEXEDPOLYGONALFACE((779,125,782));
#3008=IFCINDEXEDPOLYGONALFACE((125,126,782));
#3009=IFCINDEXEDPOLYGONALFACE((780,782,783));
#3010=IFCINDEXEDPOLYGONALFACE((782,126,784));
#3011=IFCINDEXEDPOLYGONALFACE((782,784,783));
#3012=IFCINDEXEDPOLYGONALFACE((784,787,785));
#3013=IFCINDEXEDPOLYGONALFACE((784,785,786));
#3014=IFCINDEXEDPOLYGONALFACE((783,784,786));
#3015=IFCINDEXEDPOLYGONALFACE((126,128,784));
#3016=IFCINDEXEDPOLYGONALFACE((784,128,787));
#3017=IFCINDEXEDPOLYGONALFACE((789,787,788));
#3018=IFCINDEXEDPOLYGONALFACE((128,788,787));
#3019=IFCINDEXEDPOLYGONALFACE((790,787,789));
#3020=IFCINDEXEDPOLYGONALFACE((790,785,787));
#3021=IFCINDEXEDPOLYGONALFACE((791,785,790));
#3022=IFCINDEXEDPOLYGONALFACE((791,790,792));
#3023=IFCINDEXEDPOLYGONALFACE((790,793,792));
#3024=IFCINDEXEDPOLYGONALFACE((790,789,793));
#3025=IFCINDEXEDPOLYGONALFACE((792,793,796));
#3026=IFCINDEXEDPOLYGONALFACE((789,794,793));
#3027=IFCINDEXEDPOLYGONALFACE((793,794,795));
#3028=IFCINDEXEDPOLYGONALFACE((793,795,797));
#3029=IFCINDEXEDPOLYGONALFACE((793,797,796));
#3030=IFCINDEXEDPOLYGONALFACE((797,799,798));
#3031=IFCINDEXEDPOLYGONALFACE((796,797,798));
#3032=IFCINDEXEDPOLYGONALFACE((797,795,799));
#3033=IFCINDEXEDPOLYGONALFACE((799,800,801));
#3034=IFCINDEXEDPOLYGONALFACE((795,800,799));
#3035=IFCINDEXEDPOLYGONALFACE((799,801,802));
#3036=IFCINDEXEDPOLYGONALFACE((799,802,803));
#3037=IFCINDEXEDPOLYGONALFACE((798,799,803));
#3038=IFCINDEXEDPOLYGONALFACE((803,802,804));
#3039=IFCINDEXEDPOLYGONALFACE((805,803,804));
#3040=IFCINDEXEDPOLYGONALFACE((798,803,805));
#3041=IFCINDEXEDPOLYGONALFACE((805,804,808));
#3042=IFCINDEXEDPOLYGONALFACE((806,798,805));
#3043=IFCINDEXEDPOLYGONALFACE((806,805,807));
#3044=IFCINDEXEDPOLYGONALFACE((807,805,808));
#3045=IFCINDEXEDPOLYGONALFACE((809,808,810));
#3046=IFCINDEXEDPOLYGONALFACE((807,808,809));
#3047=IFCINDEXEDPOLYGONALFACE((808,811,810));
#3048=IFCINDEXEDPOLYGONALFACE((808,804,811));
#3049=IFCINDEXEDPOLYGONALFACE((811,814,812));
#3050=IFCINDEXEDPOLYGONALFACE((810,811,812));
#3051=IFCINDEXEDPOLYGONALFACE((804,813,811));
#3052=IFCINDEXEDPOLYGONALFACE((811,813,814));
#3053=IFCINDEXEDPOLYGONALFACE((812,814,817));
#3054=IFCINDEXEDPOLYGONALFACE((814,816,815));
#3055=IFCINDEXEDPOLYGONALFACE((814,815,817));
#3056=IFCINDEXEDPOLYGONALFACE((813,816,814));
#3057=IFCINDEXEDPOLYGONALFACE((818,817,815));
#3058=IFCINDEXEDPOLYGONALFACE((818,819,817));
#3059=IFCINDEXEDPOLYGONALFACE((819,820,817));
#3060=IFCINDEXEDPOLYGONALFACE((812,817,820));
#3061=IFCINDEXEDPOLYGONALFACE((821,822,820));
#3062=IFCINDEXEDPOLYGONALFACE((819,821,820));
#3063=IFCINDEXEDPOLYGONALFACE((812,820,822));
#3064=IFCINDEXEDPOLYGONALFACE((823,812,822));
#3065=IFCINDEXEDPOLYGONALFACE((823,822,824));
#3066=IFCINDEXEDPOLYGONALFACE((825,824,822));
#3067=IFCINDEXEDPOLYGONALFACE((821,825,822));
#3068=IFCINDEXEDPOLYGONALFACE((826,827,825));
#3069=IFCINDEXEDPOLYGONALFACE((828,826,825));
#3070=IFCINDEXEDPOLYGONALFACE((825,827,824));
#3071=IFCINDEXEDPOLYGONALFACE((829,828,825));
#3072=IFCINDEXEDPOLYGONALFACE((829,825,821));
#3073=IFCINDEXEDPOLYGONALFACE((832,828,829));
#3074=IFCINDEXEDPOLYGONALFACE((831,829,821));
#3075=IFCINDEXEDPOLYGONALFACE((830,829,831));
#3076=IFCINDEXEDPOLYGONALFACE((830,832,829));
#3077=IFCINDEXEDPOLYGONALFACE((832,834,833));
#3078=IFCINDEXEDPOLYGONALFACE((832,833,826));
#3079=IFCINDEXEDPOLYGONALFACE((832,836,834));
#3080=IFCINDEXEDPOLYGONALFACE((832,826,828));
#3081=IFCINDEXEDPOLYGONALFACE((835,832,830));
#3082=IFCINDEXEDPOLYGONALFACE((835,836,832));
#3083=IFCINDEXEDPOLYGONALFACE((835,837,836));
#3084=IFCINDEXEDPOLYGONALFACE((838,836,837));
#3085=IFCINDEXEDPOLYGONALFACE((838,839,836));
#3086=IFCINDEXEDPOLYGONALFACE((839,840,836));
#3087=IFCINDEXEDPOLYGONALFACE((834,836,840));
#3088=IFCINDEXEDPOLYGONALFACE((841,840,842));
#3089=IFCINDEXEDPOLYGONALFACE((834,840,841));
#3090=IFCINDEXEDPOLYGONALFACE((843,842,840));
#3091=IFCINDEXEDPOLYGONALFACE((839,843,840));
#3092=IFCINDEXEDPOLYGONALFACE((844,845,843));
#3093=IFCINDEXEDPOLYGONALFACE((844,843,839));
#3094=IFCINDEXEDPOLYGONALFACE((845,846,843));
#3095=IFCINDEXEDPOLYGONALFACE((843,846,842));
#3096=IFCINDEXEDPOLYGONALFACE((845,848,846));
#3097=IFCINDEXEDPOLYGONALFACE((846,847,842));
#3098=IFCINDEXEDPOLYGONALFACE((846,849,847));
#3099=IFCINDEXEDPOLYGONALFACE((848,849,846));
#3100=IFCINDEXEDPOLYGONALFACE((848,850,849));
#3101=IFCINDEXEDPOLYGONALFACE((850,852,849));
#3102=IFCINDEXEDPOLYGONALFACE((849,851,847));
#3103=IFCINDEXEDPOLYGONALFACE((849,852,851));
#3104=IFCINDEXEDPOLYGONALFACE((855,853,852));
#3105=IFCINDEXEDPOLYGONALFACE((852,853,854));
#3106=IFCINDEXEDPOLYGONALFACE((852,854,851));
#3107=IFCINDEXEDPOLYGONALFACE((850,855,852));
#3108=IFCINDEXEDPOLYGONALFACE((855,856,859));
#3109=IFCINDEXEDPOLYGONALFACE((850,856,855));
#3110=IFCINDEXEDPOLYGONALFACE((855,857,860));
#3111=IFCINDEXEDPOLYGONALFACE((855,858,857));
#3112=IFCINDEXEDPOLYGONALFACE((855,860,853));
#3113=IFCINDEXEDPOLYGONALFACE((855,859,858));
#3114=IFCINDEXEDPOLYGONALFACE((861,860,857));
#3115=IFCINDEXEDPOLYGONALFACE((861,853,860));
#3116=IFCINDEXEDPOLYGONALFACE((861,857,867));
#3117=IFCINDEXEDPOLYGONALFACE((861,862,863));
#3118=IFCINDEXEDPOLYGONALFACE((861,867,862));
#3119=IFCINDEXEDPOLYGONALFACE((861,863,864));
#3120=IFCINDEXEDPOLYGONALFACE((861,864,865));
#3121=IFCINDEXEDPOLYGONALFACE((861,865,866));
#3122=IFCINDEXEDPOLYGONALFACE((861,866,853));
#3123=IFCINDEXEDPOLYGONALFACE((868,862,867));
#3124=IFCINDEXEDPOLYGONALFACE((869,868,867));
#3125=IFCINDEXEDPOLYGONALFACE((869,867,870));
#3126=IFCINDEXEDPOLYGONALFACE((870,867,871));
#3127=IFCINDEXEDPOLYGONALFACE((871,867,872));
#3128=IFCINDEXEDPOLYGONALFACE((872,867,857));
#3129=IFCINDEXEDPOLYGONALFACE((858,872,857));
#3130=IFCINDEXEDPOLYGONALFACE((858,871,872));
#3131=IFCINDEXEDPOLYGONALFACE((858,870,871));
#3132=IFCINDEXEDPOLYGONALFACE((869,870,858));
#3133=IFCINDEXEDPOLYGONALFACE((869,875,868));
#3134=IFCINDEXEDPOLYGONALFACE((873,869,858));
#3135=IFCINDEXEDPOLYGONALFACE((873,874,869));
#3136=IFCINDEXEDPOLYGONALFACE((874,875,869));
#3137=IFCINDEXEDPOLYGONALFACE((876,875,874));
#3138=IFCINDEXEDPOLYGONALFACE((877,875,876));
#3139=IFCINDEXEDPOLYGONALFACE((878,875,877));
#3140=IFCINDEXEDPOLYGONALFACE((878,879,875));
#3141=IFCINDEXEDPOLYGONALFACE((875,879,880));
#3142=IFCINDEXEDPOLYGONALFACE((875,880,868));
#3143=IFCINDEXEDPOLYGONALFACE((868,880,862));
#3144=IFCINDEXEDPOLYGONALFACE((880,863,862));
#3145=IFCINDEXEDPOLYGONALFACE((880,881,863));
#3146=IFCINDEXEDPOLYGONALFACE((879,881,880));
#3147=IFCINDEXEDPOLYGONALFACE((881,883,863));
#3148=IFCINDEXEDPOLYGONALFACE((879,882,881));
#3149=IFCINDEXEDPOLYGONALFACE((882,884,881));
#3150=IFCINDEXEDPOLYGONALFACE((881,884,883));
#3151=IFCINDEXEDPOLYGONALFACE((884,885,883));
#3152=IFCINDEXEDPOLYGONALFACE((884,886,885));
#3153=IFCINDEXEDPOLYGONALFACE((887,886,884));
#3154=IFCINDEXEDPOLYGONALFACE((882,887,884));
#3155=IFCINDEXEDPOLYGONALFACE((888,887,890));
#3156=IFCINDEXEDPOLYGONALFACE((888,891,887));
#3157=IFCINDEXEDPOLYGONALFACE((889,890,887));
#3158=IFCINDEXEDPOLYGONALFACE((889,887,882));
#3159=IFCINDEXEDPOLYGONALFACE((887,891,886));
#3160=IFCINDEXEDPOLYGONALFACE((891,895,892));
#3161=IFCINDEXEDPOLYGONALFACE((891,892,886));
#3162=IFCINDEXEDPOLYGONALFACE((893,891,888));
#3163=IFCINDEXEDPOLYGONALFACE((894,891,893));
#3164=IFCINDEXEDPOLYGONALFACE((894,895,891));
#3165=IFCINDEXEDPOLYGONALFACE((895,899,892));
#3166=IFCINDEXEDPOLYGONALFACE((894,896,895));
#3167=IFCINDEXEDPOLYGONALFACE((897,895,896));
#3168=IFCINDEXEDPOLYGONALFACE((897,898,895));
#3169=IFCINDEXEDPOLYGONALFACE((895,898,899));
#3170=IFCINDEXEDPOLYGONALFACE((899,900,901));
#3171=IFCINDEXEDPOLYGONALFACE((898,900,899));
#3172=IFCINDEXEDPOLYGONALFACE((899,901,902));
#3173=IFCINDEXEDPOLYGONALFACE((892,899,902));
#3174=IFCINDEXEDPOLYGONALFACE((903,902,904));
#3175=IFCINDEXEDPOLYGONALFACE((905,902,903));
#3176=IFCINDEXEDPOLYGONALFACE((904,902,910));
#3177=IFCINDEXEDPOLYGONALFACE((906,902,905));
#3178=IFCINDEXEDPOLYGONALFACE((906,907,902));
#3179=IFCINDEXEDPOLYGONALFACE((892,902,907));
#3180=IFCINDEXEDPOLYGONALFACE((909,902,908));
#3181=IFCINDEXEDPOLYGONALFACE((908,902,901));
#3182=IFCINDEXEDPOLYGONALFACE((910,902,909));
#3183=IFCINDEXEDPOLYGONALFACE((910,909,911));
#3184=IFCINDEXEDPOLYGONALFACE((910,911,912));
#3185=IFCINDEXEDPOLYGONALFACE((904,910,912));
#3186=IFCINDEXEDPOLYGONALFACE((915,912,913));
#3187=IFCINDEXEDPOLYGONALFACE((912,914,913));
#3188=IFCINDEXEDPOLYGONALFACE((912,911,914));
#3189=IFCINDEXEDPOLYGONALFACE((904,912,915));
#3190=IFCINDEXEDPOLYGONALFACE((917,915,916));
#3191=IFCINDEXEDPOLYGONALFACE((915,913,916));
#3192=IFCINDEXEDPOLYGONALFACE((903,915,917));
#3193=IFCINDEXEDPOLYGONALFACE((903,904,915));
#3194=IFCINDEXEDPOLYGONALFACE((917,916,918));
#3195=IFCINDEXEDPOLYGONALFACE((919,917,918));
#3196=IFCINDEXEDPOLYGONALFACE((905,903,917));
#3197=IFCINDEXEDPOLYGONALFACE((905,917,919));
#3198=IFCINDEXEDPOLYGONALFACE((921,919,920));
#3199=IFCINDEXEDPOLYGONALFACE((919,918,920));
#3200=IFCINDEXEDPOLYGONALFACE((906,905,919));
#3201=IFCINDEXEDPOLYGONALFACE((906,919,921));
#3202=IFCINDEXEDPOLYGONALFACE((921,920,922));
#3203=IFCINDEXEDPOLYGONALFACE((923,921,922));
#3204=IFCINDEXEDPOLYGONALFACE((924,906,921));
#3205=IFCINDEXEDPOLYGONALFACE((924,921,923));
#3206=IFCINDEXEDPOLYGONALFACE((925,907,924));
#3207=IFCINDEXEDPOLYGONALFACE((924,907,906));
#3208=IFCINDEXEDPOLYGONALFACE((925,924,923));
#3209=IFCINDEXEDPOLYGONALFACE((925,885,907));
#3210=IFCINDEXEDPOLYGONALFACE((926,885,925));
#3211=IFCINDEXEDPOLYGONALFACE((926,925,927));
#3212=IFCINDEXEDPOLYGONALFACE((925,923,927));
#3213=IFCINDEXEDPOLYGONALFACE((928,927,929));
#3214=IFCINDEXEDPOLYGONALFACE((926,927,928));
#3215=IFCINDEXEDPOLYGONALFACE((927,930,929));
#3216=IFCINDEXEDPOLYGONALFACE((927,923,930));
#3217=IFCINDEXEDPOLYGONALFACE((931,930,922));
#3218=IFCINDEXEDPOLYGONALFACE((931,932,930));
#3219=IFCINDEXEDPOLYGONALFACE((933,930,932));
#3220=IFCINDEXEDPOLYGONALFACE((923,922,930));
#3221=IFCINDEXEDPOLYGONALFACE((933,929,930));
#3222=IFCINDEXEDPOLYGONALFACE((934,929,933));
#3223=IFCINDEXEDPOLYGONALFACE((934,933,935));
#3224=IFCINDEXEDPOLYGONALFACE((933,936,935));
#3225=IFCINDEXEDPOLYGONALFACE((933,937,936));
#3226=IFCINDEXEDPOLYGONALFACE((933,932,937));
#3227=IFCINDEXEDPOLYGONALFACE((936,937,938));
#3228=IFCINDEXEDPOLYGONALFACE((937,939,938));
#3229=IFCINDEXEDPOLYGONALFACE((932,940,937));
#3230=IFCINDEXEDPOLYGONALFACE((937,940,939));
#3231=IFCINDEXEDPOLYGONALFACE((940,942,941));
#3232=IFCINDEXEDPOLYGONALFACE((940,941,939));
#3233=IFCINDEXEDPOLYGONALFACE((932,942,940));
#3234=IFCINDEXEDPOLYGONALFACE((942,943,941));
#3235=IFCINDEXEDPOLYGONALFACE((932,943,942));
#3236=IFCINDEXEDPOLYGONALFACE((943,945,941));
#3237=IFCINDEXEDPOLYGONALFACE((943,944,945));
#3238=IFCINDEXEDPOLYGONALFACE((946,944,943));
#3239=IFCINDEXEDPOLYGONALFACE((932,946,943));
#3240=IFCINDEXEDPOLYGONALFACE((931,947,946));
#3241=IFCINDEXEDPOLYGONALFACE((931,946,932));
#3242=IFCINDEXEDPOLYGONALFACE((946,947,948));
#3243=IFCINDEXEDPOLYGONALFACE((946,948,944));
#3244=IFCINDEXEDPOLYGONALFACE((948,949,950));
#3245=IFCINDEXEDPOLYGONALFACE((947,949,948));
#3246=IFCINDEXEDPOLYGONALFACE((944,948,945));
#3247=IFCINDEXEDPOLYGONALFACE((948,950,945));
#3248=IFCINDEXEDPOLYGONALFACE((945,950,951));
#3249=IFCINDEXEDPOLYGONALFACE((950,954,951));
#3250=IFCINDEXEDPOLYGONALFACE((949,952,950));
#3251=IFCINDEXEDPOLYGONALFACE((952,953,950));
#3252=IFCINDEXEDPOLYGONALFACE((950,953,954));
#3253=IFCINDEXEDPOLYGONALFACE((955,957,954));
#3254=IFCINDEXEDPOLYGONALFACE((955,954,956));
#3255=IFCINDEXEDPOLYGONALFACE((953,956,954));
#3256=IFCINDEXEDPOLYGONALFACE((957,951,954));
#3257=IFCINDEXEDPOLYGONALFACE((959,958,957));
#3258=IFCINDEXEDPOLYGONALFACE((957,958,951));
#3259=IFCINDEXEDPOLYGONALFACE((960,959,957));
#3260=IFCINDEXEDPOLYGONALFACE((960,957,955));
#3261=IFCINDEXEDPOLYGONALFACE((962,961,960));
#3262=IFCINDEXEDPOLYGONALFACE((961,959,960));
#3263=IFCINDEXEDPOLYGONALFACE((962,960,963));
#3264=IFCINDEXEDPOLYGONALFACE((963,960,955));
#3265=IFCINDEXEDPOLYGONALFACE((963,955,964));
#3266=IFCINDEXEDPOLYGONALFACE((965,963,964));
#3267=IFCINDEXEDPOLYGONALFACE((966,963,965));
#3268=IFCINDEXEDPOLYGONALFACE((966,962,963));
#3269=IFCINDEXEDPOLYGONALFACE((967,969,966));
#3270=IFCINDEXEDPOLYGONALFACE((967,966,968));
#3271=IFCINDEXEDPOLYGONALFACE((968,966,965));
#3272=IFCINDEXEDPOLYGONALFACE((969,962,966));
#3273=IFCINDEXEDPOLYGONALFACE((969,970,962));
#3274=IFCINDEXEDPOLYGONALFACE((971,970,969));
#3275=IFCINDEXEDPOLYGONALFACE((972,971,969));
#3276=IFCINDEXEDPOLYGONALFACE((972,969,967));
#3277=IFCINDEXEDPOLYGONALFACE((973,971,972));
#3278=IFCINDEXEDPOLYGONALFACE((182,973,972));
#3279=IFCINDEXEDPOLYGONALFACE((182,972,183));
#3280=IFCINDEXEDPOLYGONALFACE((183,972,967));
#3281=IFCINDEXEDPOLYGONALFACE((973,974,971));
#3282=IFCINDEXEDPOLYGONALFACE((975,974,973));
#3283=IFCINDEXEDPOLYGONALFACE((181,975,973));
#3284=IFCINDEXEDPOLYGONALFACE((181,973,182));
#3285=IFCINDEXEDPOLYGONALFACE((975,976,974));
#3286=IFCINDEXEDPOLYGONALFACE((192,975,181));
#3287=IFCINDEXEDPOLYGONALFACE((192,191,975));
#3288=IFCINDEXEDPOLYGONALFACE((191,976,975));
#3289=IFCINDEXEDPOLYGONALFACE((976,977,978));
#3290=IFCINDEXEDPOLYGONALFACE((190,977,976));
#3291=IFCINDEXEDPOLYGONALFACE((191,190,976));
#3292=IFCINDEXEDPOLYGONALFACE((976,978,974));
#3293=IFCINDEXEDPOLYGONALFACE((977,980,978));
#3294=IFCINDEXEDPOLYGONALFACE((974,978,981));
#3295=IFCINDEXEDPOLYGONALFACE((978,979,981));
#3296=IFCINDEXEDPOLYGONALFACE((978,980,979));
#3297=IFCINDEXEDPOLYGONALFACE((981,979,982));
#3298=IFCINDEXEDPOLYGONALFACE((981,982,970));
#3299=IFCINDEXEDPOLYGONALFACE((971,981,970));
#3300=IFCINDEXEDPOLYGONALFACE((974,981,971));
#3301=IFCINDEXEDPOLYGONALFACE((970,982,961));
#3302=IFCINDEXEDPOLYGONALFACE((982,983,961));
#3303=IFCINDEXEDPOLYGONALFACE((982,984,983));
#3304=IFCINDEXEDPOLYGONALFACE((979,984,982));
#3305=IFCINDEXEDPOLYGONALFACE((985,986,984));
#3306=IFCINDEXEDPOLYGONALFACE((979,985,984));
#3307=IFCINDEXEDPOLYGONALFACE((984,987,983));
#3308=IFCINDEXEDPOLYGONALFACE((984,986,987));
#3309=IFCINDEXEDPOLYGONALFACE((983,987,990));
#3310=IFCINDEXEDPOLYGONALFACE((987,988,989));
#3311=IFCINDEXEDPOLYGONALFACE((986,988,987));
#3312=IFCINDEXEDPOLYGONALFACE((987,989,990));
#3313=IFCINDEXEDPOLYGONALFACE((990,989,991));
#3314=IFCINDEXEDPOLYGONALFACE((990,991,958));
#3315=IFCINDEXEDPOLYGONALFACE((959,990,958));
#3316=IFCINDEXEDPOLYGONALFACE((983,990,959));
#3317=IFCINDEXEDPOLYGONALFACE((958,991,992));
#3318=IFCINDEXEDPOLYGONALFACE((991,993,992));
#3319=IFCINDEXEDPOLYGONALFACE((991,994,993));
#3320=IFCINDEXEDPOLYGONALFACE((989,994,991));
#3321=IFCINDEXEDPOLYGONALFACE((995,997,994));
#3322=IFCINDEXEDPOLYGONALFACE((989,995,994));
#3323=IFCINDEXEDPOLYGONALFACE((994,996,993));
#3324=IFCINDEXEDPOLYGONALFACE((994,997,996));
#3325=IFCINDEXEDPOLYGONALFACE((997,998,1000));
#3326=IFCINDEXEDPOLYGONALFACE((999,998,997));
#3327=IFCINDEXEDPOLYGONALFACE((995,999,997));
#3328=IFCINDEXEDPOLYGONALFACE((997,1000,996));
#3329=IFCINDEXEDPOLYGONALFACE((938,996,1000));
#3330=IFCINDEXEDPOLYGONALFACE((1001,938,1000));
#3331=IFCINDEXEDPOLYGONALFACE((1001,1000,1002));
#3332=IFCINDEXEDPOLYGONALFACE((998,1002,1000));
#3333=IFCINDEXEDPOLYGONALFACE((1004,1002,1003));
#3334=IFCINDEXEDPOLYGONALFACE((1005,1003,1002));
#3335=IFCINDEXEDPOLYGONALFACE((1004,1001,1002));
#3336=IFCINDEXEDPOLYGONALFACE((998,1005,1002));
#3337=IFCINDEXEDPOLYGONALFACE((1006,1003,1005));
#3338=IFCINDEXEDPOLYGONALFACE((1007,1006,1005));
#3339=IFCINDEXEDPOLYGONALFACE((1007,1005,1008));
#3340=IFCINDEXEDPOLYGONALFACE((1009,1008,1005));
#3341=IFCINDEXEDPOLYGONALFACE((1009,1005,998));
#3342=IFCINDEXEDPOLYGONALFACE((1010,1008,1009));
#3343=IFCINDEXEDPOLYGONALFACE((1011,1010,1009));
#3344=IFCINDEXEDPOLYGONALFACE((1011,1009,999));
#3345=IFCINDEXEDPOLYGONALFACE((999,1009,998));
#3346=IFCINDEXEDPOLYGONALFACE((1013,1012,1011));
#3347=IFCINDEXEDPOLYGONALFACE((1012,1010,1011));
#3348=IFCINDEXEDPOLYGONALFACE((1013,1011,1014));
#3349=IFCINDEXEDPOLYGONALFACE((1014,1011,999));
#3350=IFCINDEXEDPOLYGONALFACE((988,1014,995));
#3351=IFCINDEXEDPOLYGONALFACE((1014,999,995));
#3352=IFCINDEXEDPOLYGONALFACE((1015,1013,1014));
#3353=IFCINDEXEDPOLYGONALFACE((1015,1014,988));
#3354=IFCINDEXEDPOLYGONALFACE((986,1015,988));
#3355=IFCINDEXEDPOLYGONALFACE((1016,1015,986));
#3356=IFCINDEXEDPOLYGONALFACE((1016,1017,1015));
#3357=IFCINDEXEDPOLYGONALFACE((1017,1013,1015));
#3358=IFCINDEXEDPOLYGONALFACE((1018,1019,1017));
#3359=IFCINDEXEDPOLYGONALFACE((1020,1018,1017));
#3360=IFCINDEXEDPOLYGONALFACE((1017,1019,1013));
#3361=IFCINDEXEDPOLYGONALFACE((1020,1017,1016));
#3362=IFCINDEXEDPOLYGONALFACE((1021,1020,1023));
#3363=IFCINDEXEDPOLYGONALFACE((1021,1022,1020));
#3364=IFCINDEXEDPOLYGONALFACE((1022,1018,1020));
#3365=IFCINDEXEDPOLYGONALFACE((1023,1020,1016));
#3366=IFCINDEXEDPOLYGONALFACE((1023,1016,985));
#3367=IFCINDEXEDPOLYGONALFACE((980,1023,985));
#3368=IFCINDEXEDPOLYGONALFACE((1024,1021,1023));
#3369=IFCINDEXEDPOLYGONALFACE((1024,1023,980));
#3370=IFCINDEXEDPOLYGONALFACE((1025,1021,1024));
#3371=IFCINDEXEDPOLYGONALFACE((1026,1025,1024));
#3372=IFCINDEXEDPOLYGONALFACE((1026,1024,977));
#3373=IFCINDEXEDPOLYGONALFACE((977,1024,980));
#3374=IFCINDEXEDPOLYGONALFACE((190,1026,977));
#3375=IFCINDEXEDPOLYGONALFACE((190,189,1026));
#3376=IFCINDEXEDPOLYGONALFACE((1026,189,1027));
#3377=IFCINDEXEDPOLYGONALFACE((1026,1027,1025));
#3378=IFCINDEXEDPOLYGONALFACE((1025,1027,1028));
#3379=IFCINDEXEDPOLYGONALFACE((1030,1028,1027));
#3380=IFCINDEXEDPOLYGONALFACE((1029,1027,189));
#3381=IFCINDEXEDPOLYGONALFACE((1029,1030,1027));
#3382=IFCINDEXEDPOLYGONALFACE((1032,1031,1030));
#3383=IFCINDEXEDPOLYGONALFACE((1030,1031,1028));
#3384=IFCINDEXEDPOLYGONALFACE((1033,1032,1030));
#3385=IFCINDEXEDPOLYGONALFACE((1033,1030,1029));
#3386=IFCINDEXEDPOLYGONALFACE((1034,1033,1036));
#3387=IFCINDEXEDPOLYGONALFACE((1034,1035,1033));
#3388=IFCINDEXEDPOLYGONALFACE((1035,1032,1033));
#3389=IFCINDEXEDPOLYGONALFACE((1036,1033,1029));
#3390=IFCINDEXEDPOLYGONALFACE((1037,1034,1036));
#3391=IFCINDEXEDPOLYGONALFACE((1037,1036,1038));
#3392=IFCINDEXEDPOLYGONALFACE((1036,1029,1039));
#3393=IFCINDEXEDPOLYGONALFACE((1038,1036,1039));
#3394=IFCINDEXEDPOLYGONALFACE((1039,189,193));
#3395=IFCINDEXEDPOLYGONALFACE((1039,193,194));
#3396=IFCINDEXEDPOLYGONALFACE((1040,1039,194));
#3397=IFCINDEXEDPOLYGONALFACE((1039,1029,189));
#3398=IFCINDEXEDPOLYGONALFACE((1038,1039,1040));
#3399=IFCINDEXEDPOLYGONALFACE((200,1038,1040));
#3400=IFCINDEXEDPOLYGONALFACE((200,1040,197));
#3401=IFCINDEXEDPOLYGONALFACE((1040,194,195));
#3402=IFCINDEXEDPOLYGONALFACE((197,1040,195));
#3403=IFCINDEXEDPOLYGONALFACE((1041,1038,200));
#3404=IFCINDEXEDPOLYGONALFACE((1041,1037,1038));
#3405=IFCINDEXEDPOLYGONALFACE((1041,200,201));
#3406=IFCINDEXEDPOLYGONALFACE((1041,201,220));
#3407=IFCINDEXEDPOLYGONALFACE((1041,220,1037));
#3408=IFCINDEXEDPOLYGONALFACE((226,1037,220));
#3409=IFCINDEXEDPOLYGONALFACE((226,1034,1037));
#3410=IFCINDEXEDPOLYGONALFACE((228,1042,1035));
#3411=IFCINDEXEDPOLYGONALFACE((228,1035,1034));
#3412=IFCINDEXEDPOLYGONALFACE((1042,1043,1035));
#3413=IFCINDEXEDPOLYGONALFACE((1035,1043,1032));
#3414=IFCINDEXEDPOLYGONALFACE((1044,1046,1043));
#3415=IFCINDEXEDPOLYGONALFACE((1042,1044,1043));
#3416=IFCINDEXEDPOLYGONALFACE((1043,1046,1045));
#3417=IFCINDEXEDPOLYGONALFACE((1043,1045,1032));
#3418=IFCINDEXEDPOLYGONALFACE((1044,1047,1046));
#3419=IFCINDEXEDPOLYGONALFACE((1047,1048,1046));
#3420=IFCINDEXEDPOLYGONALFACE((1046,1048,1049));
#3421=IFCINDEXEDPOLYGONALFACE((1046,1049,1045));
#3422=IFCINDEXEDPOLYGONALFACE((1048,1050,1049));
#3423=IFCINDEXEDPOLYGONALFACE((1049,1050,1051));
#3424=IFCINDEXEDPOLYGONALFACE((1049,1051,1052));
#3425=IFCINDEXEDPOLYGONALFACE((1045,1049,1052));
#3426=IFCINDEXEDPOLYGONALFACE((1031,1052,1053));
#3427=IFCINDEXEDPOLYGONALFACE((1052,1054,1053));
#3428=IFCINDEXEDPOLYGONALFACE((1045,1052,1031));
#3429=IFCINDEXEDPOLYGONALFACE((1052,1051,1054));
#3430=IFCINDEXEDPOLYGONALFACE((1055,1054,1058));
#3431=IFCINDEXEDPOLYGONALFACE((1056,1054,1055));
#3432=IFCINDEXEDPOLYGONALFACE((1056,1053,1054));
#3433=IFCINDEXEDPOLYGONALFACE((1051,1057,1054));
#3434=IFCINDEXEDPOLYGONALFACE((1054,1057,1058));
#3435=IFCINDEXEDPOLYGONALFACE((1066,1059,1058));
#3436=IFCINDEXEDPOLYGONALFACE((1060,1058,1059));
#3437=IFCINDEXEDPOLYGONALFACE((1061,1058,1060));
#3438=IFCINDEXEDPOLYGONALFACE((1061,1062,1058));
#3439=IFCINDEXEDPOLYGONALFACE((1063,1058,1062));
#3440=IFCINDEXEDPOLYGONALFACE((1064,1058,1063));
#3441=IFCINDEXEDPOLYGONALFACE((1055,1058,1064));
#3442=IFCINDEXEDPOLYGONALFACE((1057,1065,1058));
#3443=IFCINDEXEDPOLYGONALFACE((1065,1066,1058));
#3444=IFCINDEXEDPOLYGONALFACE((1067,1059,1066));
#3445=IFCINDEXEDPOLYGONALFACE((1067,1066,1065));
#3446=IFCINDEXEDPOLYGONALFACE((1068,1059,1067));
#3447=IFCINDEXEDPOLYGONALFACE((1069,1068,1067));
#3448=IFCINDEXEDPOLYGONALFACE((1050,1067,1051));
#3449=IFCINDEXEDPOLYGONALFACE((1050,1070,1067));
#3450=IFCINDEXEDPOLYGONALFACE((1051,1067,1065));
#3451=IFCINDEXEDPOLYGONALFACE((1069,1067,1070));
#3452=IFCINDEXEDPOLYGONALFACE((1073,1071,1070));
#3453=IFCINDEXEDPOLYGONALFACE((1072,1070,1071));
#3454=IFCINDEXEDPOLYGONALFACE((1072,1069,1070));
#3455=IFCINDEXEDPOLYGONALFACE((1073,1070,1050));
#3456=IFCINDEXEDPOLYGONALFACE((1075,1071,1073));
#3457=IFCINDEXEDPOLYGONALFACE((1048,1073,1050));
#3458=IFCINDEXEDPOLYGONALFACE((1074,1073,1048));
#3459=IFCINDEXEDPOLYGONALFACE((1074,1075,1073));
#3460=IFCINDEXEDPOLYGONALFACE((1075,1076,1071));
#3461=IFCINDEXEDPOLYGONALFACE((1075,1077,1076));
#3462=IFCINDEXEDPOLYGONALFACE((1074,1077,1075));
#3463=IFCINDEXEDPOLYGONALFACE((1080,1077,1078));
#3464=IFCINDEXEDPOLYGONALFACE((1082,1078,1077));
#3465=IFCINDEXEDPOLYGONALFACE((1079,1082,1077));
#3466=IFCINDEXEDPOLYGONALFACE((1079,1077,1074));
#3467=IFCINDEXEDPOLYGONALFACE((1080,1081,1077));
#3468=IFCINDEXEDPOLYGONALFACE((1081,1076,1077));
#3469=IFCINDEXEDPOLYGONALFACE((249,1083,1082));
#3470=IFCINDEXEDPOLYGONALFACE((249,1082,1079));
#3471=IFCINDEXEDPOLYGONALFACE((1083,1078,1082));
#3472=IFCINDEXEDPOLYGONALFACE((250,1083,249));
#3473=IFCINDEXEDPOLYGONALFACE((250,253,1083));
#3474=IFCINDEXEDPOLYGONALFACE((253,1078,1083));
#3475=IFCINDEXEDPOLYGONALFACE((1081,746,1084));
#3476=IFCINDEXEDPOLYGONALFACE((1081,1084,1085));
#3477=IFCINDEXEDPOLYGONALFACE((1080,746,1081));
#3478=IFCINDEXEDPOLYGONALFACE((1081,1085,1076));
#3479=IFCINDEXEDPOLYGONALFACE((1085,1084,1072));
#3480=IFCINDEXEDPOLYGONALFACE((1085,1071,1076));
#3481=IFCINDEXEDPOLYGONALFACE((1085,1072,1071));
#3482=IFCINDEXEDPOLYGONALFACE((746,748,1084));
#3483=IFCINDEXEDPOLYGONALFACE((1084,748,750));
#3484=IFCINDEXEDPOLYGONALFACE((1084,750,1086));
#3485=IFCINDEXEDPOLYGONALFACE((1084,1086,1072));
#3486=IFCINDEXEDPOLYGONALFACE((1086,750,1087));
#3487=IFCINDEXEDPOLYGONALFACE((1086,1087,1088));
#3488=IFCINDEXEDPOLYGONALFACE((1072,1086,1088));
#3489=IFCINDEXEDPOLYGONALFACE((1072,1088,1069));
#3490=IFCINDEXEDPOLYGONALFACE((1069,1088,1089));
#3491=IFCINDEXEDPOLYGONALFACE((1088,1090,1089));
#3492=IFCINDEXEDPOLYGONALFACE((1088,1087,1090));
#3493=IFCINDEXEDPOLYGONALFACE((1090,1091,1059));
#3494=IFCINDEXEDPOLYGONALFACE((1087,1091,1090));
#3495=IFCINDEXEDPOLYGONALFACE((1089,1090,1059));
#3496=IFCINDEXEDPOLYGONALFACE((1091,1093,1059));
#3497=IFCINDEXEDPOLYGONALFACE((1094,1092,1091));
#3498=IFCINDEXEDPOLYGONALFACE((1091,1092,1093));
#3499=IFCINDEXEDPOLYGONALFACE((1087,1094,1091));
#3500=IFCINDEXEDPOLYGONALFACE((750,751,1094));
#3501=IFCINDEXEDPOLYGONALFACE((750,1094,1087));
#3502=IFCINDEXEDPOLYGONALFACE((751,1095,1094));
#3503=IFCINDEXEDPOLYGONALFACE((1094,1095,1092));
#3504=IFCINDEXEDPOLYGONALFACE((1095,1096,1097));
#3505=IFCINDEXEDPOLYGONALFACE((752,1096,1095));
#3506=IFCINDEXEDPOLYGONALFACE((1095,1097,1092));
#3507=IFCINDEXEDPOLYGONALFACE((751,752,1095));
#3508=IFCINDEXEDPOLYGONALFACE((1096,1098,1097));
#3509=IFCINDEXEDPOLYGONALFACE((1092,1097,1093));
#3510=IFCINDEXEDPOLYGONALFACE((1097,1098,1093));
#3511=IFCINDEXEDPOLYGONALFACE((1096,1100,1098));
#3512=IFCINDEXEDPOLYGONALFACE((1098,1099,1093));
#3513=IFCINDEXEDPOLYGONALFACE((1100,1099,1098));
#3514=IFCINDEXEDPOLYGONALFACE((1100,1101,1099));
#3515=IFCINDEXEDPOLYGONALFACE((1103,1100,1096));
#3516=IFCINDEXEDPOLYGONALFACE((1102,1101,1100));
#3517=IFCINDEXEDPOLYGONALFACE((1103,1102,1100));
#3518=IFCINDEXEDPOLYGONALFACE((752,1103,1096));
#3519=IFCINDEXEDPOLYGONALFACE((754,1102,1103));
#3520=IFCINDEXEDPOLYGONALFACE((754,1103,752));
#3521=IFCINDEXEDPOLYGONALFACE((771,773,1102));
#3522=IFCINDEXEDPOLYGONALFACE((1102,773,1101));
#3523=IFCINDEXEDPOLYGONALFACE((754,771,1102));
#3524=IFCINDEXEDPOLYGONALFACE((1101,1104,1099));
#3525=IFCINDEXEDPOLYGONALFACE((1101,1105,1104));
#3526=IFCINDEXEDPOLYGONALFACE((773,1105,1101));
#3527=IFCINDEXEDPOLYGONALFACE((774,777,1105));
#3528=IFCINDEXEDPOLYGONALFACE((1105,777,781));
#3529=IFCINDEXEDPOLYGONALFACE((1105,781,1104));
#3530=IFCINDEXEDPOLYGONALFACE((773,774,1105));
#3531=IFCINDEXEDPOLYGONALFACE((1099,1104,1093));
#3532=IFCINDEXEDPOLYGONALFACE((1104,1106,1107));
#3533=IFCINDEXEDPOLYGONALFACE((1104,781,1106));
#3534=IFCINDEXEDPOLYGONALFACE((1104,1107,1093));
#3535=IFCINDEXEDPOLYGONALFACE((1093,1107,1108));
#3536=IFCINDEXEDPOLYGONALFACE((1107,1109,1108));
#3537=IFCINDEXEDPOLYGONALFACE((1106,1109,1107));
#3538=IFCINDEXEDPOLYGONALFACE((1109,1110,1108));
#3539=IFCINDEXEDPOLYGONALFACE((1111,1110,1109));
#3540=IFCINDEXEDPOLYGONALFACE((1111,1109,1106));
#3541=IFCINDEXEDPOLYGONALFACE((1111,783,1112));
#3542=IFCINDEXEDPOLYGONALFACE((1111,1112,1110));
#3543=IFCINDEXEDPOLYGONALFACE((780,1111,1106));
#3544=IFCINDEXEDPOLYGONALFACE((780,783,1111));
#3545=IFCINDEXEDPOLYGONALFACE((1110,1112,1108));
#3546=IFCINDEXEDPOLYGONALFACE((1112,786,1108));
#3547=IFCINDEXEDPOLYGONALFACE((783,786,1112));
#3548=IFCINDEXEDPOLYGONALFACE((1113,1093,1108));
#3549=IFCINDEXEDPOLYGONALFACE((1114,1113,1108));
#3550=IFCINDEXEDPOLYGONALFACE((1114,1108,1115));
#3551=IFCINDEXEDPOLYGONALFACE((1116,1115,1108));
#3552=IFCINDEXEDPOLYGONALFACE((1116,1108,1117));
#3553=IFCINDEXEDPOLYGONALFACE((1117,1108,1118));
#3554=IFCINDEXEDPOLYGONALFACE((1118,1108,791));
#3555=IFCINDEXEDPOLYGONALFACE((791,1108,786));
#3556=IFCINDEXEDPOLYGONALFACE((1117,1118,1119));
#3557=IFCINDEXEDPOLYGONALFACE((1118,1120,1119));
#3558=IFCINDEXEDPOLYGONALFACE((1118,791,1120));
#3559=IFCINDEXEDPOLYGONALFACE((791,792,1120));
#3560=IFCINDEXEDPOLYGONALFACE((1120,792,1122));
#3561=IFCINDEXEDPOLYGONALFACE((1120,1122,1121));
#3562=IFCINDEXEDPOLYGONALFACE((1119,1120,1121));
#3563=IFCINDEXEDPOLYGONALFACE((792,796,1122));
#3564=IFCINDEXEDPOLYGONALFACE((1122,796,806));
#3565=IFCINDEXEDPOLYGONALFACE((1122,806,1123));
#3566=IFCINDEXEDPOLYGONALFACE((1121,1122,1123));
#3567=IFCINDEXEDPOLYGONALFACE((1123,806,807));
#3568=IFCINDEXEDPOLYGONALFACE((1124,1123,807));
#3569=IFCINDEXEDPOLYGONALFACE((1121,1123,1124));
#3570=IFCINDEXEDPOLYGONALFACE((1127,1124,1125));
#3571=IFCINDEXEDPOLYGONALFACE((1124,1128,1125));
#3572=IFCINDEXEDPOLYGONALFACE((1126,1121,1124));
#3573=IFCINDEXEDPOLYGONALFACE((1126,1124,1127));
#3574=IFCINDEXEDPOLYGONALFACE((1124,807,1128));
#3575=IFCINDEXEDPOLYGONALFACE((1128,807,809));
#3576=IFCINDEXEDPOLYGONALFACE((1128,809,1129));
#3577=IFCINDEXEDPOLYGONALFACE((1125,1128,1129));
#3578=IFCINDEXEDPOLYGONALFACE((1129,809,1130));
#3579=IFCINDEXEDPOLYGONALFACE((1125,1129,1131));
#3580=IFCINDEXEDPOLYGONALFACE((1129,1130,1132));
#3581=IFCINDEXEDPOLYGONALFACE((1131,1129,1132));
#3582=IFCINDEXEDPOLYGONALFACE((1132,1130,1135));
#3583=IFCINDEXEDPOLYGONALFACE((1131,1132,1133));
#3584=IFCINDEXEDPOLYGONALFACE((1133,1132,1134));
#3585=IFCINDEXEDPOLYGONALFACE((1132,1135,1134));
#3586=IFCINDEXEDPOLYGONALFACE((1130,823,1135));
#3587=IFCINDEXEDPOLYGONALFACE((1135,823,824));
#3588=IFCINDEXEDPOLYGONALFACE((1135,824,1136));
#3589=IFCINDEXEDPOLYGONALFACE((1134,1135,1136));
#3590=IFCINDEXEDPOLYGONALFACE((827,1137,1136));
#3591=IFCINDEXEDPOLYGONALFACE((827,1136,824));
#3592=IFCINDEXEDPOLYGONALFACE((1134,1136,1138));
#3593=IFCINDEXEDPOLYGONALFACE((1137,1138,1136));
#3594=IFCINDEXEDPOLYGONALFACE((1139,1134,1138));
#3595=IFCINDEXEDPOLYGONALFACE((1139,1138,1140));
#3596=IFCINDEXEDPOLYGONALFACE((1141,1140,1138));
#3597=IFCINDEXEDPOLYGONALFACE((1137,1141,1138));
#3598=IFCINDEXEDPOLYGONALFACE((1142,1145,1141));
#3599=IFCINDEXEDPOLYGONALFACE((1142,1141,1137));
#3600=IFCINDEXEDPOLYGONALFACE((1141,1143,1140));
#3601=IFCINDEXEDPOLYGONALFACE((1144,1143,1141));
#3602=IFCINDEXEDPOLYGONALFACE((1145,1144,1141));
#3603=IFCINDEXEDPOLYGONALFACE((841,1145,1142));
#3604=IFCINDEXEDPOLYGONALFACE((841,1144,1145));
#3605=IFCINDEXEDPOLYGONALFACE((1144,1146,1143));
#3606=IFCINDEXEDPOLYGONALFACE((841,1146,1144));
#3607=IFCINDEXEDPOLYGONALFACE((1146,1148,1143));
#3608=IFCINDEXEDPOLYGONALFACE((841,1147,1146));
#3609=IFCINDEXEDPOLYGONALFACE((1147,1148,1146));
#3610=IFCINDEXEDPOLYGONALFACE((1147,1149,1148));
#3611=IFCINDEXEDPOLYGONALFACE((1148,1149,1143));
#3612=IFCINDEXEDPOLYGONALFACE((1149,1150,1151));
#3613=IFCINDEXEDPOLYGONALFACE((1152,1150,1149));
#3614=IFCINDEXEDPOLYGONALFACE((1149,1151,1153));
#3615=IFCINDEXEDPOLYGONALFACE((1154,1152,1149));
#3616=IFCINDEXEDPOLYGONALFACE((1143,1149,1153));
#3617=IFCINDEXEDPOLYGONALFACE((1147,1154,1149));
#3618=IFCINDEXEDPOLYGONALFACE((1147,1155,1154));
#3619=IFCINDEXEDPOLYGONALFACE((1155,1152,1154));
#3620=IFCINDEXEDPOLYGONALFACE((1155,847,851));
#3621=IFCINDEXEDPOLYGONALFACE((1155,851,854));
#3622=IFCINDEXEDPOLYGONALFACE((1155,1156,1152));
#3623=IFCINDEXEDPOLYGONALFACE((1147,847,1155));
#3624=IFCINDEXEDPOLYGONALFACE((1155,854,1156));
#3625=IFCINDEXEDPOLYGONALFACE((1157,1156,854));
#3626=IFCINDEXEDPOLYGONALFACE((1157,1158,1156));
#3627=IFCINDEXEDPOLYGONALFACE((1158,1150,1156));
#3628=IFCINDEXEDPOLYGONALFACE((1152,1156,1150));
#3629=IFCINDEXEDPOLYGONALFACE((1158,1159,1150));
#3630=IFCINDEXEDPOLYGONALFACE((1158,1160,1159));
#3631=IFCINDEXEDPOLYGONALFACE((1157,1160,1158));
#3632=IFCINDEXEDPOLYGONALFACE((1160,1161,1159));
#3633=IFCINDEXEDPOLYGONALFACE((1157,1161,1160));
#3634=IFCINDEXEDPOLYGONALFACE((1161,934,1165));
#3635=IFCINDEXEDPOLYGONALFACE((1161,1162,934));
#3636=IFCINDEXEDPOLYGONALFACE((1161,1163,1162));
#3637=IFCINDEXEDPOLYGONALFACE((1157,1163,1161));
#3638=IFCINDEXEDPOLYGONALFACE((1159,1161,1164));
#3639=IFCINDEXEDPOLYGONALFACE((1161,1165,1164));
#3640=IFCINDEXEDPOLYGONALFACE((934,1166,1165));
#3641=IFCINDEXEDPOLYGONALFACE((1164,1165,1004));
#3642=IFCINDEXEDPOLYGONALFACE((1165,1166,1004));
#3643=IFCINDEXEDPOLYGONALFACE((1166,1001,1004));
#3644=IFCINDEXEDPOLYGONALFACE((1166,1167,1001));
#3645=IFCINDEXEDPOLYGONALFACE((934,1167,1166));
#3646=IFCINDEXEDPOLYGONALFACE((1167,935,1001));
#3647=IFCINDEXEDPOLYGONALFACE((934,935,1167));
#3648=IFCINDEXEDPOLYGONALFACE((1159,1164,1004));
#3649=IFCINDEXEDPOLYGONALFACE((865,1162,1163));
#3650=IFCINDEXEDPOLYGONALFACE((866,865,1163));
#3651=IFCINDEXEDPOLYGONALFACE((866,1163,1168));
#3652=IFCINDEXEDPOLYGONALFACE((1157,1168,1163));
#3653=IFCINDEXEDPOLYGONALFACE((866,1168,854));
#3654=IFCINDEXEDPOLYGONALFACE((1157,854,1168));
#3655=IFCINDEXEDPOLYGONALFACE((865,928,1162));
#3656=IFCINDEXEDPOLYGONALFACE((928,929,1162));
#3657=IFCINDEXEDPOLYGONALFACE((934,1162,929));
#3658=IFCINDEXEDPOLYGONALFACE((1159,1003,1151));
#3659=IFCINDEXEDPOLYGONALFACE((1159,1004,1003));
#3660=IFCINDEXEDPOLYGONALFACE((1159,1151,1150));
#3661=IFCINDEXEDPOLYGONALFACE((1169,1140,1153));
#3662=IFCINDEXEDPOLYGONALFACE((1151,1169,1153));
#3663=IFCINDEXEDPOLYGONALFACE((1143,1153,1140));
#3664=IFCINDEXEDPOLYGONALFACE((1170,1140,1169));
#3665=IFCINDEXEDPOLYGONALFACE((1170,1169,1171));
#3666=IFCINDEXEDPOLYGONALFACE((1006,1171,1169));
#3667=IFCINDEXEDPOLYGONALFACE((1006,1169,1151));
#3668=IFCINDEXEDPOLYGONALFACE((1173,1170,1171));
#3669=IFCINDEXEDPOLYGONALFACE((1007,1171,1006));
#3670=IFCINDEXEDPOLYGONALFACE((1007,1172,1171));
#3671=IFCINDEXEDPOLYGONALFACE((1173,1171,1172));
#3672=IFCINDEXEDPOLYGONALFACE((1173,1133,1139));
#3673=IFCINDEXEDPOLYGONALFACE((1174,1133,1173));
#3674=IFCINDEXEDPOLYGONALFACE((1174,1173,1172));
#3675=IFCINDEXEDPOLYGONALFACE((1173,1139,1170));
#3676=IFCINDEXEDPOLYGONALFACE((1174,1131,1133));
#3677=IFCINDEXEDPOLYGONALFACE((1175,1174,1176));
#3678=IFCINDEXEDPOLYGONALFACE((1175,1131,1174));
#3679=IFCINDEXEDPOLYGONALFACE((1174,1172,1176));
#3680=IFCINDEXEDPOLYGONALFACE((1175,1176,1178));
#3681=IFCINDEXEDPOLYGONALFACE((1177,1176,1172));
#3682=IFCINDEXEDPOLYGONALFACE((1177,1178,1176));
#3683=IFCINDEXEDPOLYGONALFACE((1180,1175,1178));
#3684=IFCINDEXEDPOLYGONALFACE((1179,1181,1178));
#3685=IFCINDEXEDPOLYGONALFACE((1179,1178,1177));
#3686=IFCINDEXEDPOLYGONALFACE((1180,1178,1181));
#3687=IFCINDEXEDPOLYGONALFACE((1183,1182,1181));
#3688=IFCINDEXEDPOLYGONALFACE((1184,1181,1182));
#3689=IFCINDEXEDPOLYGONALFACE((1183,1181,1179));
#3690=IFCINDEXEDPOLYGONALFACE((1184,1180,1181));
#3691=IFCINDEXEDPOLYGONALFACE((1185,1184,1182));
#3692=IFCINDEXEDPOLYGONALFACE((1184,1126,1127));
#3693=IFCINDEXEDPOLYGONALFACE((1184,1127,1180));
#3694=IFCINDEXEDPOLYGONALFACE((1186,1126,1184));
#3695=IFCINDEXEDPOLYGONALFACE((1185,1186,1184));
#3696=IFCINDEXEDPOLYGONALFACE((1116,1117,1186));
#3697=IFCINDEXEDPOLYGONALFACE((1116,1186,1185));
#3698=IFCINDEXEDPOLYGONALFACE((1117,1119,1186));
#3699=IFCINDEXEDPOLYGONALFACE((1186,1119,1126));
#3700=IFCINDEXEDPOLYGONALFACE((1116,1185,1182));
#3701=IFCINDEXEDPOLYGONALFACE((1188,1183,1187));
#3702=IFCINDEXEDPOLYGONALFACE((1183,1191,1187));
#3703=IFCINDEXEDPOLYGONALFACE((1188,1189,1183));
#3704=IFCINDEXEDPOLYGONALFACE((1189,1190,1183));
#3705=IFCINDEXEDPOLYGONALFACE((1190,1182,1183));
#3706=IFCINDEXEDPOLYGONALFACE((1183,1179,1191));
#3707=IFCINDEXEDPOLYGONALFACE((1193,1191,1192));
#3708=IFCINDEXEDPOLYGONALFACE((1179,1192,1191));
#3709=IFCINDEXEDPOLYGONALFACE((1194,1191,1193));
#3710=IFCINDEXEDPOLYGONALFACE((1194,1187,1191));
#3711=IFCINDEXEDPOLYGONALFACE((1194,1193,1198));
#3712=IFCINDEXEDPOLYGONALFACE((1196,1195,1194));
#3713=IFCINDEXEDPOLYGONALFACE((1195,1199,1194));
#3714=IFCINDEXEDPOLYGONALFACE((1196,1194,1197));
#3715=IFCINDEXEDPOLYGONALFACE((1194,1198,1197));
#3716=IFCINDEXEDPOLYGONALFACE((1199,1187,1194));
#3717=IFCINDEXEDPOLYGONALFACE((1200,1187,1199));
#3718=IFCINDEXEDPOLYGONALFACE((1195,1200,1199));
#3719=IFCINDEXEDPOLYGONALFACE((1195,1060,1200));
#3720=IFCINDEXEDPOLYGONALFACE((1200,1201,1187));
#3721=IFCINDEXEDPOLYGONALFACE((1200,1060,1201));
#3722=IFCINDEXEDPOLYGONALFACE((1060,1113,1201));
#3723=IFCINDEXEDPOLYGONALFACE((1202,1201,1113));
#3724=IFCINDEXEDPOLYGONALFACE((1202,1187,1201));
#3725=IFCINDEXEDPOLYGONALFACE((1202,1188,1187));
#3726=IFCINDEXEDPOLYGONALFACE((1202,1189,1188));
#3727=IFCINDEXEDPOLYGONALFACE((1202,1113,1189));
#3728=IFCINDEXEDPOLYGONALFACE((1205,1198,1203));
#3729=IFCINDEXEDPOLYGONALFACE((1193,1203,1198));
#3730=IFCINDEXEDPOLYGONALFACE((1204,1198,1205));
#3731=IFCINDEXEDPOLYGONALFACE((1204,1197,1198));
#3732=IFCINDEXEDPOLYGONALFACE((1206,1204,1205));
#3733=IFCINDEXEDPOLYGONALFACE((1205,1203,1208));
#3734=IFCINDEXEDPOLYGONALFACE((1206,1205,1207));
#3735=IFCINDEXEDPOLYGONALFACE((1207,1205,1208));
#3736=IFCINDEXEDPOLYGONALFACE((1209,1208,1012));
#3737=IFCINDEXEDPOLYGONALFACE((1207,1208,1209));
#3738=IFCINDEXEDPOLYGONALFACE((1208,1210,1012));
#3739=IFCINDEXEDPOLYGONALFACE((1208,1211,1210));
#3740=IFCINDEXEDPOLYGONALFACE((1208,1203,1211));
#3741=IFCINDEXEDPOLYGONALFACE((1210,1211,1212));
#3742=IFCINDEXEDPOLYGONALFACE((1213,1212,1211));
#3743=IFCINDEXEDPOLYGONALFACE((1192,1213,1211));
#3744=IFCINDEXEDPOLYGONALFACE((1192,1211,1203));
#3745=IFCINDEXEDPOLYGONALFACE((1213,1214,1212));
#3746=IFCINDEXEDPOLYGONALFACE((1177,1213,1192));
#3747=IFCINDEXEDPOLYGONALFACE((1177,1214,1213));
#3748=IFCINDEXEDPOLYGONALFACE((1214,1008,1212));
#3749=IFCINDEXEDPOLYGONALFACE((1214,1007,1008));
#3750=IFCINDEXEDPOLYGONALFACE((1177,1172,1214));
#3751=IFCINDEXEDPOLYGONALFACE((1214,1172,1007));
#3752=IFCINDEXEDPOLYGONALFACE((1010,1212,1008));
#3753=IFCINDEXEDPOLYGONALFACE((1210,1212,1010));
#3754=IFCINDEXEDPOLYGONALFACE((1012,1210,1010));
#3755=IFCINDEXEDPOLYGONALFACE((1215,1207,1209));
#3756=IFCINDEXEDPOLYGONALFACE((1215,1209,1019));
#3757=IFCINDEXEDPOLYGONALFACE((1019,1209,1012));
#3758=IFCINDEXEDPOLYGONALFACE((1018,1215,1019));
#3759=IFCINDEXEDPOLYGONALFACE((1217,1215,1018));
#3760=IFCINDEXEDPOLYGONALFACE((1216,1207,1215));
#3761=IFCINDEXEDPOLYGONALFACE((1217,1216,1215));
#3762=IFCINDEXEDPOLYGONALFACE((1056,1216,1217));
#3763=IFCINDEXEDPOLYGONALFACE((1218,1056,1217));
#3764=IFCINDEXEDPOLYGONALFACE((1218,1217,1022));
#3765=IFCINDEXEDPOLYGONALFACE((1022,1217,1018));
#3766=IFCINDEXEDPOLYGONALFACE((1218,1053,1056));
#3767=IFCINDEXEDPOLYGONALFACE((1218,1219,1053));
#3768=IFCINDEXEDPOLYGONALFACE((1220,1218,1022));
#3769=IFCINDEXEDPOLYGONALFACE((1220,1219,1218));
#3770=IFCINDEXEDPOLYGONALFACE((1220,1022,1021));
#3771=IFCINDEXEDPOLYGONALFACE((1025,1220,1021));
#3772=IFCINDEXEDPOLYGONALFACE((1025,1028,1220));
#3773=IFCINDEXEDPOLYGONALFACE((1220,1028,1219));
#3774=IFCINDEXEDPOLYGONALFACE((1031,1053,1219));
#3775=IFCINDEXEDPOLYGONALFACE((1031,1219,1028));
#3776=IFCINDEXEDPOLYGONALFACE((1216,1206,1207));
#3777=IFCINDEXEDPOLYGONALFACE((1055,1206,1216));
#3778=IFCINDEXEDPOLYGONALFACE((1056,1055,1216));
#3779=IFCINDEXEDPOLYGONALFACE((1064,1204,1206));
#3780=IFCINDEXEDPOLYGONALFACE((1055,1064,1206));
#3781=IFCINDEXEDPOLYGONALFACE((1063,1197,1204));
#3782=IFCINDEXEDPOLYGONALFACE((1064,1063,1204));
#3783=IFCINDEXEDPOLYGONALFACE((1193,1192,1203));
#3784=IFCINDEXEDPOLYGONALFACE((1061,1197,1062));
#3785=IFCINDEXEDPOLYGONALFACE((1061,1196,1197));
#3786=IFCINDEXEDPOLYGONALFACE((1063,1062,1197));
#3787=IFCINDEXEDPOLYGONALFACE((1061,1195,1196));
#3788=IFCINDEXEDPOLYGONALFACE((1061,1060,1195));
#3789=IFCINDEXEDPOLYGONALFACE((1179,1177,1192));
#3790=IFCINDEXEDPOLYGONALFACE((1189,1114,1190));
#3791=IFCINDEXEDPOLYGONALFACE((1114,1182,1190));
#3792=IFCINDEXEDPOLYGONALFACE((1189,1113,1114));
#3793=IFCINDEXEDPOLYGONALFACE((1116,1182,1115));
#3794=IFCINDEXEDPOLYGONALFACE((1114,1115,1182));
#3795=IFCINDEXEDPOLYGONALFACE((1180,1125,1175));
#3796=IFCINDEXEDPOLYGONALFACE((1180,1127,1125));
#3797=IFCINDEXEDPOLYGONALFACE((1175,1125,1131));
#3798=IFCINDEXEDPOLYGONALFACE((1170,1139,1140));
#3799=IFCINDEXEDPOLYGONALFACE((1006,1151,1003));
#3800=IFCINDEXEDPOLYGONALFACE((1147,842,847));
#3801=IFCINDEXEDPOLYGONALFACE((841,842,1147));
#3802=IFCINDEXEDPOLYGONALFACE((1221,1142,1137));
#3803=IFCINDEXEDPOLYGONALFACE((834,1142,1221));
#3804=IFCINDEXEDPOLYGONALFACE((834,841,1142));
#3805=IFCINDEXEDPOLYGONALFACE((833,1221,1137));
#3806=IFCINDEXEDPOLYGONALFACE((834,1221,833));
#3807=IFCINDEXEDPOLYGONALFACE((1133,1134,1139));
#3808=IFCINDEXEDPOLYGONALFACE((833,1137,827));
#3809=IFCINDEXEDPOLYGONALFACE((809,810,1130));
#3810=IFCINDEXEDPOLYGONALFACE((1130,810,823));
#3811=IFCINDEXEDPOLYGONALFACE((1119,1121,1126));
#3812=IFCINDEXEDPOLYGONALFACE((1060,1093,1113));
#3813=IFCINDEXEDPOLYGONALFACE((780,1106,781));
#3814=IFCINDEXEDPOLYGONALFACE((1060,1059,1093));
#3815=IFCINDEXEDPOLYGONALFACE((1068,1089,1059));
#3816=IFCINDEXEDPOLYGONALFACE((1069,1089,1068));
#3817=IFCINDEXEDPOLYGONALFACE((741,742,1080));
#3818=IFCINDEXEDPOLYGONALFACE((741,1080,1078));
#3819=IFCINDEXEDPOLYGONALFACE((1080,742,746));
#3820=IFCINDEXEDPOLYGONALFACE((247,1079,1222));
#3821=IFCINDEXEDPOLYGONALFACE((247,249,1079));
#3822=IFCINDEXEDPOLYGONALFACE((1222,1079,1074));
#3823=IFCINDEXEDPOLYGONALFACE((246,247,1222));
#3824=IFCINDEXEDPOLYGONALFACE((246,1222,1223));
#3825=IFCINDEXEDPOLYGONALFACE((1223,1222,1047));
#3826=IFCINDEXEDPOLYGONALFACE((1222,1074,1047));
#3827=IFCINDEXEDPOLYGONALFACE((230,1223,1044));
#3828=IFCINDEXEDPOLYGONALFACE((231,1223,230));
#3829=IFCINDEXEDPOLYGONALFACE((231,246,1223));
#3830=IFCINDEXEDPOLYGONALFACE((1223,1047,1044));
#3831=IFCINDEXEDPOLYGONALFACE((253,1224,1078));
#3832=IFCINDEXEDPOLYGONALFACE((741,1078,1224));
#3833=IFCINDEXEDPOLYGONALFACE((253,254,1224));
#3834=IFCINDEXEDPOLYGONALFACE((741,1224,1225));
#3835=IFCINDEXEDPOLYGONALFACE((1226,1225,1224));
#3836=IFCINDEXEDPOLYGONALFACE((254,1227,1224));
#3837=IFCINDEXEDPOLYGONALFACE((1227,1226,1224));
#3838=IFCINDEXEDPOLYGONALFACE((1226,1227,683));
#3839=IFCINDEXEDPOLYGONALFACE((1227,254,252));
#3840=IFCINDEXEDPOLYGONALFACE((1227,252,683));
#3841=IFCINDEXEDPOLYGONALFACE((1225,1226,683));
#3842=IFCINDEXEDPOLYGONALFACE((741,1225,682));
#3843=IFCINDEXEDPOLYGONALFACE((682,1225,683));
#3844=IFCINDEXEDPOLYGONALFACE((1047,1074,1048));
#3845=IFCINDEXEDPOLYGONALFACE((1051,1065,1057));
#3846=IFCINDEXEDPOLYGONALFACE((1032,1045,1031));
#3847=IFCINDEXEDPOLYGONALFACE((230,1044,1042));
#3848=IFCINDEXEDPOLYGONALFACE((230,1042,228));
#3849=IFCINDEXEDPOLYGONALFACE((226,228,1034));
#3850=IFCINDEXEDPOLYGONALFACE((1019,1012,1013));
#3851=IFCINDEXEDPOLYGONALFACE((985,1016,986));
#3852=IFCINDEXEDPOLYGONALFACE((935,938,1001));
#3853=IFCINDEXEDPOLYGONALFACE((939,993,996));
#3854=IFCINDEXEDPOLYGONALFACE((938,939,996));
#3855=IFCINDEXEDPOLYGONALFACE((988,995,989));
#3856=IFCINDEXEDPOLYGONALFACE((941,992,993));
#3857=IFCINDEXEDPOLYGONALFACE((939,941,993));
#3858=IFCINDEXEDPOLYGONALFACE((958,992,951));
#3859=IFCINDEXEDPOLYGONALFACE((941,945,992));
#3860=IFCINDEXEDPOLYGONALFACE((945,951,992));
#3861=IFCINDEXEDPOLYGONALFACE((980,985,979));
#3862=IFCINDEXEDPOLYGONALFACE((961,983,959));
#3863=IFCINDEXEDPOLYGONALFACE((970,961,962));
#3864=IFCINDEXEDPOLYGONALFACE((1230,968,1228));
#3865=IFCINDEXEDPOLYGONALFACE((1228,968,1229));
#3866=IFCINDEXEDPOLYGONALFACE((968,965,1229));
#3867=IFCINDEXEDPOLYGONALFACE((1230,967,968));
#3868=IFCINDEXEDPOLYGONALFACE((177,183,1230));
#3869=IFCINDEXEDPOLYGONALFACE((183,967,1230));
#3870=IFCINDEXEDPOLYGONALFACE((177,1230,178));
#3871=IFCINDEXEDPOLYGONALFACE((178,1230,1228));
#3872=IFCINDEXEDPOLYGONALFACE((1228,1229,1231));
#3873=IFCINDEXEDPOLYGONALFACE((1231,1229,1232));
#3874=IFCINDEXEDPOLYGONALFACE((1229,1233,1232));
#3875=IFCINDEXEDPOLYGONALFACE((1229,965,1233));
#3876=IFCINDEXEDPOLYGONALFACE((1233,1234,1235));
#3877=IFCINDEXEDPOLYGONALFACE((1233,964,1234));
#3878=IFCINDEXEDPOLYGONALFACE((965,964,1233));
#3879=IFCINDEXEDPOLYGONALFACE((1232,1233,1235));
#3880=IFCINDEXEDPOLYGONALFACE((1232,1235,1237));
#3881=IFCINDEXEDPOLYGONALFACE((1236,1237,1235));
#3882=IFCINDEXEDPOLYGONALFACE((1236,1235,1234));
#3883=IFCINDEXEDPOLYGONALFACE((1239,1237,1238));
#3884=IFCINDEXEDPOLYGONALFACE((1236,1238,1237));
#3885=IFCINDEXEDPOLYGONALFACE((1239,1232,1237));
#3886=IFCINDEXEDPOLYGONALFACE((1240,1231,1239));
#3887=IFCINDEXEDPOLYGONALFACE((1231,1232,1239));
#3888=IFCINDEXEDPOLYGONALFACE((1240,1239,1241));
#3889=IFCINDEXEDPOLYGONALFACE((1241,1239,1238));
#3890=IFCINDEXEDPOLYGONALFACE((1242,1241,1243));
#3891=IFCINDEXEDPOLYGONALFACE((1242,1240,1241));
#3892=IFCINDEXEDPOLYGONALFACE((1243,1241,1244));
#3893=IFCINDEXEDPOLYGONALFACE((1241,1238,1244));
#3894=IFCINDEXEDPOLYGONALFACE((1243,1244,1246));
#3895=IFCINDEXEDPOLYGONALFACE((1236,1244,1238));
#3896=IFCINDEXEDPOLYGONALFACE((1236,1245,1244));
#3897=IFCINDEXEDPOLYGONALFACE((1245,1246,1244));
#3898=IFCINDEXEDPOLYGONALFACE((1243,1246,1247));
#3899=IFCINDEXEDPOLYGONALFACE((1245,1247,1246));
#3900=IFCINDEXEDPOLYGONALFACE((1243,1247,1248));
#3901=IFCINDEXEDPOLYGONALFACE((1245,1249,1247));
#3902=IFCINDEXEDPOLYGONALFACE((1248,1247,1249));
#3903=IFCINDEXEDPOLYGONALFACE((1251,1248,1249));
#3904=IFCINDEXEDPOLYGONALFACE((1252,1250,1249));
#3905=IFCINDEXEDPOLYGONALFACE((1250,1251,1249));
#3906=IFCINDEXEDPOLYGONALFACE((1253,1252,1249));
#3907=IFCINDEXEDPOLYGONALFACE((1245,1253,1249));
#3908=IFCINDEXEDPOLYGONALFACE((1253,1254,1255));
#3909=IFCINDEXEDPOLYGONALFACE((1256,1254,1253));
#3910=IFCINDEXEDPOLYGONALFACE((1253,1255,1252));
#3911=IFCINDEXEDPOLYGONALFACE((1256,1253,1245));
#3912=IFCINDEXEDPOLYGONALFACE((1258,1254,1256));
#3913=IFCINDEXEDPOLYGONALFACE((1256,1245,1236));
#3914=IFCINDEXEDPOLYGONALFACE((1259,1256,1257));
#3915=IFCINDEXEDPOLYGONALFACE((1256,1236,1257));
#3916=IFCINDEXEDPOLYGONALFACE((1259,1258,1256));
#3917=IFCINDEXEDPOLYGONALFACE((1259,1260,1258));
#3918=IFCINDEXEDPOLYGONALFACE((1259,1261,1260));
#3919=IFCINDEXEDPOLYGONALFACE((1259,1262,1261));
#3920=IFCINDEXEDPOLYGONALFACE((1259,1263,1262));
#3921=IFCINDEXEDPOLYGONALFACE((1259,1266,1263));
#3922=IFCINDEXEDPOLYGONALFACE((1259,1264,1266));
#3923=IFCINDEXEDPOLYGONALFACE((1259,1265,1264));
#3924=IFCINDEXEDPOLYGONALFACE((1259,1257,1265));
#3925=IFCINDEXEDPOLYGONALFACE((1267,1263,1266));
#3926=IFCINDEXEDPOLYGONALFACE((1267,1266,1264));
#3927=IFCINDEXEDPOLYGONALFACE((1272,947,1267));
#3928=IFCINDEXEDPOLYGONALFACE((1273,1267,947));
#3929=IFCINDEXEDPOLYGONALFACE((1267,1265,1268));
#3930=IFCINDEXEDPOLYGONALFACE((1267,1264,1265));
#3931=IFCINDEXEDPOLYGONALFACE((1267,1262,1263));
#3932=IFCINDEXEDPOLYGONALFACE((1267,1261,1262));
#3933=IFCINDEXEDPOLYGONALFACE((1267,1268,1269));
#3934=IFCINDEXEDPOLYGONALFACE((1267,1269,1270));
#3935=IFCINDEXEDPOLYGONALFACE((1267,1270,1271));
#3936=IFCINDEXEDPOLYGONALFACE((1272,1267,1271));
#3937=IFCINDEXEDPOLYGONALFACE((1274,1261,1267));
#3938=IFCINDEXEDPOLYGONALFACE((1274,1267,1273));
#3939=IFCINDEXEDPOLYGONALFACE((1276,1275,1274));
#3940=IFCINDEXEDPOLYGONALFACE((1274,1275,1254));
#3941=IFCINDEXEDPOLYGONALFACE((1274,1254,1281));
#3942=IFCINDEXEDPOLYGONALFACE((1276,1274,1273));
#3943=IFCINDEXEDPOLYGONALFACE((1274,1260,1261));
#3944=IFCINDEXEDPOLYGONALFACE((1274,1277,1260));
#3945=IFCINDEXEDPOLYGONALFACE((1274,1278,1277));
#3946=IFCINDEXEDPOLYGONALFACE((1274,1279,1278));
#3947=IFCINDEXEDPOLYGONALFACE((1274,1280,1279));
#3948=IFCINDEXEDPOLYGONALFACE((1274,1281,1280));
#3949=IFCINDEXEDPOLYGONALFACE((1258,1281,1254));
#3950=IFCINDEXEDPOLYGONALFACE((1258,1280,1281));
#3951=IFCINDEXEDPOLYGONALFACE((1258,1279,1280));
#3952=IFCINDEXEDPOLYGONALFACE((1258,1278,1279));
#3953=IFCINDEXEDPOLYGONALFACE((1258,1277,1278));
#3954=IFCINDEXEDPOLYGONALFACE((1258,1260,1277));
#3955=IFCINDEXEDPOLYGONALFACE((1276,1288,1275));
#3956=IFCINDEXEDPOLYGONALFACE((1276,1282,1283));
#3957=IFCINDEXEDPOLYGONALFACE((1276,1273,1282));
#3958=IFCINDEXEDPOLYGONALFACE((1276,1283,1286));
#3959=IFCINDEXEDPOLYGONALFACE((1276,1284,1287));
#3960=IFCINDEXEDPOLYGONALFACE((1276,1285,1284));
#3961=IFCINDEXEDPOLYGONALFACE((1276,1286,1285));
#3962=IFCINDEXEDPOLYGONALFACE((1276,1287,1288));
#3963=IFCINDEXEDPOLYGONALFACE((1290,1289,1288));
#3964=IFCINDEXEDPOLYGONALFACE((1275,1288,1289));
#3965=IFCINDEXEDPOLYGONALFACE((1291,1288,1287));
#3966=IFCINDEXEDPOLYGONALFACE((1291,1290,1288));
#3967=IFCINDEXEDPOLYGONALFACE((1294,1292,1291));
#3968=IFCINDEXEDPOLYGONALFACE((1292,1290,1291));
#3969=IFCINDEXEDPOLYGONALFACE((1293,1291,1287));
#3970=IFCINDEXEDPOLYGONALFACE((1294,1291,1293));
#3971=IFCINDEXEDPOLYGONALFACE((1294,1296,1292));
#3972=IFCINDEXEDPOLYGONALFACE((1295,1294,1293));
#3973=IFCINDEXEDPOLYGONALFACE((1295,1296,1294));
#3974=IFCINDEXEDPOLYGONALFACE((1297,1300,1296));
#3975=IFCINDEXEDPOLYGONALFACE((900,1297,1296));
#3976=IFCINDEXEDPOLYGONALFACE((1292,1296,1300));
#3977=IFCINDEXEDPOLYGONALFACE((900,1296,901));
#3978=IFCINDEXEDPOLYGONALFACE((1298,1296,1295));
#3979=IFCINDEXEDPOLYGONALFACE((1299,1296,1298));
#3980=IFCINDEXEDPOLYGONALFACE((1299,901,1296));
#3981=IFCINDEXEDPOLYGONALFACE((1297,1304,1300));
#3982=IFCINDEXEDPOLYGONALFACE((1303,1300,1301));
#3983=IFCINDEXEDPOLYGONALFACE((1301,1300,1302));
#3984=IFCINDEXEDPOLYGONALFACE((1304,1302,1300));
#3985=IFCINDEXEDPOLYGONALFACE((1292,1300,1303));
#3986=IFCINDEXEDPOLYGONALFACE((1305,1304,1297));
#3987=IFCINDEXEDPOLYGONALFACE((1305,1306,1304));
#3988=IFCINDEXEDPOLYGONALFACE((1306,1307,1304));
#3989=IFCINDEXEDPOLYGONALFACE((1304,1307,1302));
#3990=IFCINDEXEDPOLYGONALFACE((1308,1309,1307));
#3991=IFCINDEXEDPOLYGONALFACE((1306,1308,1307));
#3992=IFCINDEXEDPOLYGONALFACE((1307,1309,1310));
#3993=IFCINDEXEDPOLYGONALFACE((1307,1310,1302));
#3994=IFCINDEXEDPOLYGONALFACE((1309,1311,1310));
#3995=IFCINDEXEDPOLYGONALFACE((1312,1310,1311));
#3996=IFCINDEXEDPOLYGONALFACE((1313,1310,1312));
#3997=IFCINDEXEDPOLYGONALFACE((1301,1310,1313));
#3998=IFCINDEXEDPOLYGONALFACE((1301,1302,1310));
#3999=IFCINDEXEDPOLYGONALFACE((1313,1312,1315));
#4000=IFCINDEXEDPOLYGONALFACE((1301,1313,1314));
#4001=IFCINDEXEDPOLYGONALFACE((1313,1315,1314));
#4002=IFCINDEXEDPOLYGONALFACE((1315,1318,1316));
#4003=IFCINDEXEDPOLYGONALFACE((1315,1316,1317));
#4004=IFCINDEXEDPOLYGONALFACE((1314,1315,1317));
#4005=IFCINDEXEDPOLYGONALFACE((1312,1318,1315));
#4006=IFCINDEXEDPOLYGONALFACE((1312,1320,1318));
#4007=IFCINDEXEDPOLYGONALFACE((1318,1319,1316));
#4008=IFCINDEXEDPOLYGONALFACE((1318,1321,1319));
#4009=IFCINDEXEDPOLYGONALFACE((1320,1321,1318));
#4010=IFCINDEXEDPOLYGONALFACE((1321,1324,1319));
#4011=IFCINDEXEDPOLYGONALFACE((1322,1323,1321));
#4012=IFCINDEXEDPOLYGONALFACE((1320,1322,1321));
#4013=IFCINDEXEDPOLYGONALFACE((1321,1323,1324));
#4014=IFCINDEXEDPOLYGONALFACE((1325,1319,1324));
#4015=IFCINDEXEDPOLYGONALFACE((1325,1324,1326));
#4016=IFCINDEXEDPOLYGONALFACE((1323,1326,1324));
#4017=IFCINDEXEDPOLYGONALFACE((1325,1326,1327));
#4018=IFCINDEXEDPOLYGONALFACE((1327,1326,1329));
#4019=IFCINDEXEDPOLYGONALFACE((1323,1328,1326));
#4020=IFCINDEXEDPOLYGONALFACE((1328,1329,1326));
#4021=IFCINDEXEDPOLYGONALFACE((1332,1329,1330));
#4022=IFCINDEXEDPOLYGONALFACE((1331,1330,1329));
#4023=IFCINDEXEDPOLYGONALFACE((1328,1331,1329));
#4024=IFCINDEXEDPOLYGONALFACE((1327,1329,1332));
#4025=IFCINDEXEDPOLYGONALFACE((1332,1334,1333));
#4026=IFCINDEXEDPOLYGONALFACE((1332,1333,1335));
#4027=IFCINDEXEDPOLYGONALFACE((1327,1332,1335));
#4028=IFCINDEXEDPOLYGONALFACE((1332,1330,1334));
#4029=IFCINDEXEDPOLYGONALFACE((1250,1337,1335));
#4030=IFCINDEXEDPOLYGONALFACE((1250,1335,1336));
#4031=IFCINDEXEDPOLYGONALFACE((1336,1335,1333));
#4032=IFCINDEXEDPOLYGONALFACE((1325,1335,1337));
#4033=IFCINDEXEDPOLYGONALFACE((1325,1327,1335));
#4034=IFCINDEXEDPOLYGONALFACE((1252,1341,1337));
#4035=IFCINDEXEDPOLYGONALFACE((1252,1337,1250));
#4036=IFCINDEXEDPOLYGONALFACE((1338,1325,1337));
#4037=IFCINDEXEDPOLYGONALFACE((1339,1338,1337));
#4038=IFCINDEXEDPOLYGONALFACE((1340,1339,1337));
#4039=IFCINDEXEDPOLYGONALFACE((1340,1337,1341));
#4040=IFCINDEXEDPOLYGONALFACE((1252,1342,1341));
#4041=IFCINDEXEDPOLYGONALFACE((1275,1340,1341));
#4042=IFCINDEXEDPOLYGONALFACE((1275,1341,1342));
#4043=IFCINDEXEDPOLYGONALFACE((1252,1343,1342));
#4044=IFCINDEXEDPOLYGONALFACE((1275,1342,1343));
#4045=IFCINDEXEDPOLYGONALFACE((1252,1255,1343));
#4046=IFCINDEXEDPOLYGONALFACE((1275,1343,1255));
#4047=IFCINDEXEDPOLYGONALFACE((1275,1289,1340));
#4048=IFCINDEXEDPOLYGONALFACE((1340,1289,1344));
#4049=IFCINDEXEDPOLYGONALFACE((1340,1344,1339));
#4050=IFCINDEXEDPOLYGONALFACE((1339,1344,1317));
#4051=IFCINDEXEDPOLYGONALFACE((1314,1317,1344));
#4052=IFCINDEXEDPOLYGONALFACE((1345,1314,1344));
#4053=IFCINDEXEDPOLYGONALFACE((1345,1344,1289));
#4054=IFCINDEXEDPOLYGONALFACE((1290,1345,1289));
#4055=IFCINDEXEDPOLYGONALFACE((1303,1345,1290));
#4056=IFCINDEXEDPOLYGONALFACE((1303,1301,1345));
#4057=IFCINDEXEDPOLYGONALFACE((1301,1314,1345));
#4058=IFCINDEXEDPOLYGONALFACE((1339,1317,1338));
#4059=IFCINDEXEDPOLYGONALFACE((1338,1316,1319));
#4060=IFCINDEXEDPOLYGONALFACE((1338,1319,1325));
#4061=IFCINDEXEDPOLYGONALFACE((1338,1317,1316));
#4062=IFCINDEXEDPOLYGONALFACE((1336,1347,1346));
#4063=IFCINDEXEDPOLYGONALFACE((1336,1346,1251));
#4064=IFCINDEXEDPOLYGONALFACE((1250,1336,1251));
#4065=IFCINDEXEDPOLYGONALFACE((1336,1333,1349));
#4066=IFCINDEXEDPOLYGONALFACE((1336,1348,1347));
#4067=IFCINDEXEDPOLYGONALFACE((1336,1349,1348));
#4068=IFCINDEXEDPOLYGONALFACE((1334,1349,1333));
#4069=IFCINDEXEDPOLYGONALFACE((1334,1348,1349));
#4070=IFCINDEXEDPOLYGONALFACE((1334,1347,1348));
#4071=IFCINDEXEDPOLYGONALFACE((1346,1347,1351));
#4072=IFCINDEXEDPOLYGONALFACE((1350,1351,1347));
#4073=IFCINDEXEDPOLYGONALFACE((1350,1347,1334));
#4074=IFCINDEXEDPOLYGONALFACE((1346,1351,1354));
#4075=IFCINDEXEDPOLYGONALFACE((1350,1352,1351));
#4076=IFCINDEXEDPOLYGONALFACE((1353,1351,1352));
#4077=IFCINDEXEDPOLYGONALFACE((1353,1354,1351));
#4078=IFCINDEXEDPOLYGONALFACE((1346,1354,1355));
#4079=IFCINDEXEDPOLYGONALFACE((1354,1358,1355));
#4080=IFCINDEXEDPOLYGONALFACE((1354,1356,1357));
#4081=IFCINDEXEDPOLYGONALFACE((1354,1361,1356));
#4082=IFCINDEXEDPOLYGONALFACE((1354,1357,1358));
#4083=IFCINDEXEDPOLYGONALFACE((1353,1359,1354));
#4084=IFCINDEXEDPOLYGONALFACE((1359,1360,1354));
#4085=IFCINDEXEDPOLYGONALFACE((1360,1361,1354));
#4086=IFCINDEXEDPOLYGONALFACE((1360,1362,1361));
#4087=IFCINDEXEDPOLYGONALFACE((1356,1361,1365));
#4088=IFCINDEXEDPOLYGONALFACE((1362,1363,1361));
#4089=IFCINDEXEDPOLYGONALFACE((1363,1364,1361));
#4090=IFCINDEXEDPOLYGONALFACE((1364,1365,1361));
#4091=IFCINDEXEDPOLYGONALFACE((1364,1366,1365));
#4092=IFCINDEXEDPOLYGONALFACE((1356,1365,818));
#4093=IFCINDEXEDPOLYGONALFACE((1366,1367,1365));
#4094=IFCINDEXEDPOLYGONALFACE((1367,818,1365));
#4095=IFCINDEXEDPOLYGONALFACE((1369,1367,1366));
#4096=IFCINDEXEDPOLYGONALFACE((1367,1368,818));
#4097=IFCINDEXEDPOLYGONALFACE((1369,1368,1367));
#4098=IFCINDEXEDPOLYGONALFACE((1369,1372,1370));
#4099=IFCINDEXEDPOLYGONALFACE((1369,1370,1368));
#4100=IFCINDEXEDPOLYGONALFACE((1369,1371,1372));
#4101=IFCINDEXEDPOLYGONALFACE((1374,1371,1369));
#4102=IFCINDEXEDPOLYGONALFACE((1373,1369,1364));
#4103=IFCINDEXEDPOLYGONALFACE((1369,1366,1364));
#4104=IFCINDEXEDPOLYGONALFACE((1374,1369,1373));
#4105=IFCINDEXEDPOLYGONALFACE((835,1371,1374));
#4106=IFCINDEXEDPOLYGONALFACE((1375,835,1374));
#4107=IFCINDEXEDPOLYGONALFACE((1376,1375,1374));
#4108=IFCINDEXEDPOLYGONALFACE((1377,1376,1374));
#4109=IFCINDEXEDPOLYGONALFACE((1350,1377,1374));
#4110=IFCINDEXEDPOLYGONALFACE((1350,1374,1378));
#4111=IFCINDEXEDPOLYGONALFACE((1374,1379,1378));
#4112=IFCINDEXEDPOLYGONALFACE((1374,1373,1379));
#4113=IFCINDEXEDPOLYGONALFACE((1360,1378,1379));
#4114=IFCINDEXEDPOLYGONALFACE((1360,1379,1380));
#4115=IFCINDEXEDPOLYGONALFACE((1373,1380,1379));
#4116=IFCINDEXEDPOLYGONALFACE((1360,1380,1381));
#4117=IFCINDEXEDPOLYGONALFACE((1373,1381,1380));
#4118=IFCINDEXEDPOLYGONALFACE((1360,1381,1382));
#4119=IFCINDEXEDPOLYGONALFACE((1373,1382,1381));
#4120=IFCINDEXEDPOLYGONALFACE((1360,1382,1362));
#4121=IFCINDEXEDPOLYGONALFACE((1373,1362,1382));
#4122=IFCINDEXEDPOLYGONALFACE((1350,1378,1383));
#4123=IFCINDEXEDPOLYGONALFACE((1353,1383,1378));
#4124=IFCINDEXEDPOLYGONALFACE((1353,1378,1359));
#4125=IFCINDEXEDPOLYGONALFACE((1359,1378,1360));
#4126=IFCINDEXEDPOLYGONALFACE((1350,1383,1384));
#4127=IFCINDEXEDPOLYGONALFACE((1353,1384,1383));
#4128=IFCINDEXEDPOLYGONALFACE((1350,1384,1385));
#4129=IFCINDEXEDPOLYGONALFACE((1353,1385,1384));
#4130=IFCINDEXEDPOLYGONALFACE((1350,1385,1386));
#4131=IFCINDEXEDPOLYGONALFACE((1353,1386,1385));
#4132=IFCINDEXEDPOLYGONALFACE((1350,1386,1387));
#4133=IFCINDEXEDPOLYGONALFACE((1353,1387,1386));
#4134=IFCINDEXEDPOLYGONALFACE((1350,1387,1388));
#4135=IFCINDEXEDPOLYGONALFACE((1353,1388,1387));
#4136=IFCINDEXEDPOLYGONALFACE((1350,1388,1352));
#4137=IFCINDEXEDPOLYGONALFACE((1353,1352,1388));
#4138=IFCINDEXEDPOLYGONALFACE((1377,1389,1376));
#4139=IFCINDEXEDPOLYGONALFACE((1377,1390,1389));
#4140=IFCINDEXEDPOLYGONALFACE((1377,1391,1390));
#4141=IFCINDEXEDPOLYGONALFACE((1377,1392,1391));
#4142=IFCINDEXEDPOLYGONALFACE((1377,1393,1392));
#4143=IFCINDEXEDPOLYGONALFACE((1350,1393,1377));
#4144=IFCINDEXEDPOLYGONALFACE((1394,1392,1393));
#4145=IFCINDEXEDPOLYGONALFACE((1395,1394,1393));
#4146=IFCINDEXEDPOLYGONALFACE((1395,1393,1396));
#4147=IFCINDEXEDPOLYGONALFACE((1350,1396,1393));
#4148=IFCINDEXEDPOLYGONALFACE((1350,1397,1396));
#4149=IFCINDEXEDPOLYGONALFACE((1398,1396,1397));
#4150=IFCINDEXEDPOLYGONALFACE((1398,1395,1396));
#4151=IFCINDEXEDPOLYGONALFACE((1399,1398,1397));
#4152=IFCINDEXEDPOLYGONALFACE((1400,1398,1399));
#4153=IFCINDEXEDPOLYGONALFACE((1400,1401,1398));
#4154=IFCINDEXEDPOLYGONALFACE((1401,1395,1398));
#4155=IFCINDEXEDPOLYGONALFACE((1401,1402,1403));
#4156=IFCINDEXEDPOLYGONALFACE((1400,1402,1401));
#4157=IFCINDEXEDPOLYGONALFACE((1401,1403,1395));
#4158=IFCINDEXEDPOLYGONALFACE((1403,1402,1404));
#4159=IFCINDEXEDPOLYGONALFACE((1403,1394,1395));
#4160=IFCINDEXEDPOLYGONALFACE((1403,1404,1394));
#4161=IFCINDEXEDPOLYGONALFACE((1404,1402,1406));
#4162=IFCINDEXEDPOLYGONALFACE((1404,1405,1394));
#4163=IFCINDEXEDPOLYGONALFACE((1404,1406,1405));
#4164=IFCINDEXEDPOLYGONALFACE((1406,1407,1408));
#4165=IFCINDEXEDPOLYGONALFACE((1406,1409,1407));
#4166=IFCINDEXEDPOLYGONALFACE((1406,1402,1409));
#4167=IFCINDEXEDPOLYGONALFACE((1406,1408,1405));
#4168=IFCINDEXEDPOLYGONALFACE((1410,1409,1402));
#4169=IFCINDEXEDPOLYGONALFACE((1410,1411,1409));
#4170=IFCINDEXEDPOLYGONALFACE((1411,1415,1409));
#4171=IFCINDEXEDPOLYGONALFACE((1407,1409,1412));
#4172=IFCINDEXEDPOLYGONALFACE((1412,1409,1413));
#4173=IFCINDEXEDPOLYGONALFACE((1413,1409,1414));
#4174=IFCINDEXEDPOLYGONALFACE((1414,1409,1415));
#4175=IFCINDEXEDPOLYGONALFACE((1416,1415,1417));
#4176=IFCINDEXEDPOLYGONALFACE((1421,1415,1416));
#4177=IFCINDEXEDPOLYGONALFACE((1417,1415,1420));
#4178=IFCINDEXEDPOLYGONALFACE((1411,1418,1415));
#4179=IFCINDEXEDPOLYGONALFACE((1418,1419,1415));
#4180=IFCINDEXEDPOLYGONALFACE((1420,1415,1419));
#4181=IFCINDEXEDPOLYGONALFACE((1414,1415,1421));
#4182=IFCINDEXEDPOLYGONALFACE((1414,1421,1422));
#4183=IFCINDEXEDPOLYGONALFACE((1421,1423,1422));
#4184=IFCINDEXEDPOLYGONALFACE((1421,1416,1423));
#4185=IFCINDEXEDPOLYGONALFACE((1416,1425,1423));
#4186=IFCINDEXEDPOLYGONALFACE((1423,1424,1426));
#4187=IFCINDEXEDPOLYGONALFACE((1423,1425,1424));
#4188=IFCINDEXEDPOLYGONALFACE((1422,1423,1426));
#4189=IFCINDEXEDPOLYGONALFACE((835,1426,1424));
#4190=IFCINDEXEDPOLYGONALFACE((835,1427,1426));
#4191=IFCINDEXEDPOLYGONALFACE((1422,1426,1427));
#4192=IFCINDEXEDPOLYGONALFACE((835,1428,1427));
#4193=IFCINDEXEDPOLYGONALFACE((1429,1427,1428));
#4194=IFCINDEXEDPOLYGONALFACE((1429,1422,1427));
#4195=IFCINDEXEDPOLYGONALFACE((1413,1414,1429));
#4196=IFCINDEXEDPOLYGONALFACE((1413,1429,1430));
#4197=IFCINDEXEDPOLYGONALFACE((1414,1422,1429));
#4198=IFCINDEXEDPOLYGONALFACE((1430,1429,1428));
#4199=IFCINDEXEDPOLYGONALFACE((1431,1430,1389));
#4200=IFCINDEXEDPOLYGONALFACE((1430,1428,1389));
#4201=IFCINDEXEDPOLYGONALFACE((1412,1430,1431));
#4202=IFCINDEXEDPOLYGONALFACE((1412,1413,1430));
#4203=IFCINDEXEDPOLYGONALFACE((1431,1389,1390));
#4204=IFCINDEXEDPOLYGONALFACE((1408,1431,1390));
#4205=IFCINDEXEDPOLYGONALFACE((1407,1431,1408));
#4206=IFCINDEXEDPOLYGONALFACE((1407,1412,1431));
#4207=IFCINDEXEDPOLYGONALFACE((1375,1428,835));
#4208=IFCINDEXEDPOLYGONALFACE((1376,1428,1375));
#4209=IFCINDEXEDPOLYGONALFACE((1376,1389,1428));
#4210=IFCINDEXEDPOLYGONALFACE((1425,837,1424));
#4211=IFCINDEXEDPOLYGONALFACE((1425,838,837));
#4212=IFCINDEXEDPOLYGONALFACE((1416,1417,1425));
#4213=IFCINDEXEDPOLYGONALFACE((1417,838,1425));
#4214=IFCINDEXEDPOLYGONALFACE((835,1424,837));
#4215=IFCINDEXEDPOLYGONALFACE((1417,1420,838));
#4216=IFCINDEXEDPOLYGONALFACE((1420,1419,844));
#4217=IFCINDEXEDPOLYGONALFACE((1420,839,838));
#4218=IFCINDEXEDPOLYGONALFACE((1420,844,839));
#4219=IFCINDEXEDPOLYGONALFACE((1418,1432,1419));
#4220=IFCINDEXEDPOLYGONALFACE((1432,1433,1419));
#4221=IFCINDEXEDPOLYGONALFACE((844,1419,845));
#4222=IFCINDEXEDPOLYGONALFACE((845,1419,1433));
#4223=IFCINDEXEDPOLYGONALFACE((845,1433,848));
#4224=IFCINDEXEDPOLYGONALFACE((1434,1435,1433));
#4225=IFCINDEXEDPOLYGONALFACE((1432,1434,1433));
#4226=IFCINDEXEDPOLYGONALFACE((848,1433,1435));
#4227=IFCINDEXEDPOLYGONALFACE((1434,1436,1435));
#4228=IFCINDEXEDPOLYGONALFACE((848,1435,850));
#4229=IFCINDEXEDPOLYGONALFACE((1436,856,1435));
#4230=IFCINDEXEDPOLYGONALFACE((850,1435,856));
#4231=IFCINDEXEDPOLYGONALFACE((1437,1439,1436));
#4232=IFCINDEXEDPOLYGONALFACE((1434,1437,1436));
#4233=IFCINDEXEDPOLYGONALFACE((1436,1438,856));
#4234=IFCINDEXEDPOLYGONALFACE((1436,1439,1438));
#4235=IFCINDEXEDPOLYGONALFACE((1440,1439,1437));
#4236=IFCINDEXEDPOLYGONALFACE((1440,1441,1439));
#4237=IFCINDEXEDPOLYGONALFACE((1442,1439,1441));
#4238=IFCINDEXEDPOLYGONALFACE((1442,1443,1439));
#4239=IFCINDEXEDPOLYGONALFACE((1439,1443,1438));
#4240=IFCINDEXEDPOLYGONALFACE((1444,1443,1442));
#4241=IFCINDEXEDPOLYGONALFACE((1445,1443,1444));
#4242=IFCINDEXEDPOLYGONALFACE((1438,1443,873));
#4243=IFCINDEXEDPOLYGONALFACE((1443,874,873));
#4244=IFCINDEXEDPOLYGONALFACE((1445,874,1443));
#4245=IFCINDEXEDPOLYGONALFACE((1445,1444,1446));
#4246=IFCINDEXEDPOLYGONALFACE((1445,1446,1454));
#4247=IFCINDEXEDPOLYGONALFACE((1445,1453,874));
#4248=IFCINDEXEDPOLYGONALFACE((1445,1447,1451));
#4249=IFCINDEXEDPOLYGONALFACE((1445,1448,1447));
#4250=IFCINDEXEDPOLYGONALFACE((1445,1449,1448));
#4251=IFCINDEXEDPOLYGONALFACE((1445,1450,1449));
#4252=IFCINDEXEDPOLYGONALFACE((1445,1458,1450));
#4253=IFCINDEXEDPOLYGONALFACE((1445,1451,1452));
#4254=IFCINDEXEDPOLYGONALFACE((1445,1452,1453));
#4255=IFCINDEXEDPOLYGONALFACE((1445,1454,1455));
#4256=IFCINDEXEDPOLYGONALFACE((1445,1455,1456));
#4257=IFCINDEXEDPOLYGONALFACE((1445,1456,1457));
#4258=IFCINDEXEDPOLYGONALFACE((1445,1457,1458));
#4259=IFCINDEXEDPOLYGONALFACE((876,1458,1457));
#4260=IFCINDEXEDPOLYGONALFACE((876,1450,1458));
#4261=IFCINDEXEDPOLYGONALFACE((876,1457,1456));
#4262=IFCINDEXEDPOLYGONALFACE((876,1456,1455));
#4263=IFCINDEXEDPOLYGONALFACE((876,1455,1454));
#4264=IFCINDEXEDPOLYGONALFACE((1454,1446,1461));
#4265=IFCINDEXEDPOLYGONALFACE((876,1454,1459));
#4266=IFCINDEXEDPOLYGONALFACE((1459,1454,1460));
#4267=IFCINDEXEDPOLYGONALFACE((1454,1461,1460));
#4268=IFCINDEXEDPOLYGONALFACE((1460,1461,1462));
#4269=IFCINDEXEDPOLYGONALFACE((1462,1461,1465));
#4270=IFCINDEXEDPOLYGONALFACE((1463,1466,1461));
#4271=IFCINDEXEDPOLYGONALFACE((1464,1463,1461));
#4272=IFCINDEXEDPOLYGONALFACE((1446,1470,1461));
#4273=IFCINDEXEDPOLYGONALFACE((1472,1464,1461));
#4274=IFCINDEXEDPOLYGONALFACE((1465,1461,1467));
#4275=IFCINDEXEDPOLYGONALFACE((1471,1461,1466));
#4276=IFCINDEXEDPOLYGONALFACE((1467,1461,1468));
#4277=IFCINDEXEDPOLYGONALFACE((1468,1461,1469));
#4278=IFCINDEXEDPOLYGONALFACE((1469,1461,1471));
#4279=IFCINDEXEDPOLYGONALFACE((1472,1461,1470));
#4280=IFCINDEXEDPOLYGONALFACE((1472,1473,1464));
#4281=IFCINDEXEDPOLYGONALFACE((1472,1470,1473));
#4282=IFCINDEXEDPOLYGONALFACE((1474,1473,1475));
#4283=IFCINDEXEDPOLYGONALFACE((1474,1478,1473));
#4284=IFCINDEXEDPOLYGONALFACE((1479,1475,1473));
#4285=IFCINDEXEDPOLYGONALFACE((1476,1473,1470));
#4286=IFCINDEXEDPOLYGONALFACE((1476,1479,1473));
#4287=IFCINDEXEDPOLYGONALFACE((1477,1480,1473));
#4288=IFCINDEXEDPOLYGONALFACE((1478,1477,1473));
#4289=IFCINDEXEDPOLYGONALFACE((1463,1473,1480));
#4290=IFCINDEXEDPOLYGONALFACE((1464,1473,1463));
#4291=IFCINDEXEDPOLYGONALFACE((1463,1480,1487));
#4292=IFCINDEXEDPOLYGONALFACE((1484,1481,1480));
#4293=IFCINDEXEDPOLYGONALFACE((1481,1482,1480));
#4294=IFCINDEXEDPOLYGONALFACE((1483,1480,1482));
#4295=IFCINDEXEDPOLYGONALFACE((1483,1485,1480));
#4296=IFCINDEXEDPOLYGONALFACE((1477,1484,1480));
#4297=IFCINDEXEDPOLYGONALFACE((1485,1486,1480));
#4298=IFCINDEXEDPOLYGONALFACE((1488,1480,1486));
#4299=IFCINDEXEDPOLYGONALFACE((1487,1480,1488));
#4300=IFCINDEXEDPOLYGONALFACE((1488,1486,1466));
#4301=IFCINDEXEDPOLYGONALFACE((1487,1488,1466));
#4302=IFCINDEXEDPOLYGONALFACE((1463,1487,1466));
#4303=IFCINDEXEDPOLYGONALFACE((1489,1466,1486));
#4304=IFCINDEXEDPOLYGONALFACE((1485,1489,1486));
#4305=IFCINDEXEDPOLYGONALFACE((1490,1489,1485));
#4306=IFCINDEXEDPOLYGONALFACE((1490,1491,1489));
#4307=IFCINDEXEDPOLYGONALFACE((1491,1492,1489));
#4308=IFCINDEXEDPOLYGONALFACE((1489,1492,1466));
#4309=IFCINDEXEDPOLYGONALFACE((1491,1493,1492));
#4310=IFCINDEXEDPOLYGONALFACE((1493,1495,1492));
#4311=IFCINDEXEDPOLYGONALFACE((1492,1494,1466));
#4312=IFCINDEXEDPOLYGONALFACE((1492,1495,1494));
#4313=IFCINDEXEDPOLYGONALFACE((1495,1498,1494));
#4314=IFCINDEXEDPOLYGONALFACE((1497,1496,1495));
#4315=IFCINDEXEDPOLYGONALFACE((1495,1496,1498));
#4316=IFCINDEXEDPOLYGONALFACE((1493,1497,1495));
#4317=IFCINDEXEDPOLYGONALFACE((1499,1498,1506));
#4318=IFCINDEXEDPOLYGONALFACE((1499,1500,1498));
#4319=IFCINDEXEDPOLYGONALFACE((1498,1471,1502));
#4320=IFCINDEXEDPOLYGONALFACE((1500,1471,1498));
#4321=IFCINDEXEDPOLYGONALFACE((1498,1501,1503));
#4322=IFCINDEXEDPOLYGONALFACE((1498,1502,1501));
#4323=IFCINDEXEDPOLYGONALFACE((1498,1503,1504));
#4324=IFCINDEXEDPOLYGONALFACE((1498,1504,1505));
#4325=IFCINDEXEDPOLYGONALFACE((1498,1505,1494));
#4326=IFCINDEXEDPOLYGONALFACE((1506,1498,1507));
#4327=IFCINDEXEDPOLYGONALFACE((1507,1498,1508));
#4328=IFCINDEXEDPOLYGONALFACE((1496,1508,1498));
#4329=IFCINDEXEDPOLYGONALFACE((1507,1508,1510));
#4330=IFCINDEXEDPOLYGONALFACE((1496,1509,1508));
#4331=IFCINDEXEDPOLYGONALFACE((1509,1510,1508));
#4332=IFCINDEXEDPOLYGONALFACE((1511,1510,1515));
#4333=IFCINDEXEDPOLYGONALFACE((1511,1516,1510));
#4334=IFCINDEXEDPOLYGONALFACE((1499,1506,1510));
#4335=IFCINDEXEDPOLYGONALFACE((1499,1510,1516));
#4336=IFCINDEXEDPOLYGONALFACE((1509,1512,1510));
#4337=IFCINDEXEDPOLYGONALFACE((1512,1513,1510));
#4338=IFCINDEXEDPOLYGONALFACE((1514,1510,1513));
#4339=IFCINDEXEDPOLYGONALFACE((1515,1510,1514));
#4340=IFCINDEXEDPOLYGONALFACE((1506,1507,1510));
#4341=IFCINDEXEDPOLYGONALFACE((1517,1518,1516));
#4342=IFCINDEXEDPOLYGONALFACE((1519,1517,1516));
#4343=IFCINDEXEDPOLYGONALFACE((1521,1516,1518));
#4344=IFCINDEXEDPOLYGONALFACE((1519,1516,1520));
#4345=IFCINDEXEDPOLYGONALFACE((1522,1520,1516));
#4346=IFCINDEXEDPOLYGONALFACE((1521,1524,1516));
#4347=IFCINDEXEDPOLYGONALFACE((1522,1516,1523));
#4348=IFCINDEXEDPOLYGONALFACE((1523,1516,1511));
#4349=IFCINDEXEDPOLYGONALFACE((1524,1499,1516));
#4350=IFCINDEXEDPOLYGONALFACE((1521,1500,1524));
#4351=IFCINDEXEDPOLYGONALFACE((1524,1500,1499));
#4352=IFCINDEXEDPOLYGONALFACE((1522,1523,1525));
#4353=IFCINDEXEDPOLYGONALFACE((1523,1511,1525));
#4354=IFCINDEXEDPOLYGONALFACE((1522,1525,1520));
#4355=IFCINDEXEDPOLYGONALFACE((1528,1525,1526));
#4356=IFCINDEXEDPOLYGONALFACE((1511,1526,1525));
#4357=IFCINDEXEDPOLYGONALFACE((1527,1532,1525));
#4358=IFCINDEXEDPOLYGONALFACE((1527,1525,1529));
#4359=IFCINDEXEDPOLYGONALFACE((1531,1525,1528));
#4360=IFCINDEXEDPOLYGONALFACE((1530,1529,1525));
#4361=IFCINDEXEDPOLYGONALFACE((1530,1525,1531));
#4362=IFCINDEXEDPOLYGONALFACE((1532,1520,1525));
#4363=IFCINDEXEDPOLYGONALFACE((893,888,1532));
#4364=IFCINDEXEDPOLYGONALFACE((888,1519,1532));
#4365=IFCINDEXEDPOLYGONALFACE((1532,1519,1520));
#4366=IFCINDEXEDPOLYGONALFACE((894,893,1532));
#4367=IFCINDEXEDPOLYGONALFACE((894,1532,1527));
#4368=IFCINDEXEDPOLYGONALFACE((1531,1528,1533));
#4369=IFCINDEXEDPOLYGONALFACE((1530,1531,1533));
#4370=IFCINDEXEDPOLYGONALFACE((1528,1537,1533));
#4371=IFCINDEXEDPOLYGONALFACE((1540,1529,1533));
#4372=IFCINDEXEDPOLYGONALFACE((1530,1533,1529));
#4373=IFCINDEXEDPOLYGONALFACE((1534,1533,1535));
#4374=IFCINDEXEDPOLYGONALFACE((1534,1540,1533));
#4375=IFCINDEXEDPOLYGONALFACE((1536,1535,1533));
#4376=IFCINDEXEDPOLYGONALFACE((1536,1533,1539));
#4377=IFCINDEXEDPOLYGONALFACE((1538,1533,1537));
#4378=IFCINDEXEDPOLYGONALFACE((1539,1533,1538));
#4379=IFCINDEXEDPOLYGONALFACE((1540,1527,1529));
#4380=IFCINDEXEDPOLYGONALFACE((897,1527,1540));
#4381=IFCINDEXEDPOLYGONALFACE((1541,897,1540));
#4382=IFCINDEXEDPOLYGONALFACE((1542,1541,1540));
#4383=IFCINDEXEDPOLYGONALFACE((1542,1540,1534));
#4384=IFCINDEXEDPOLYGONALFACE((1542,1545,1543));
#4385=IFCINDEXEDPOLYGONALFACE((1542,1543,898));
#4386=IFCINDEXEDPOLYGONALFACE((1542,1534,1544));
#4387=IFCINDEXEDPOLYGONALFACE((1542,1544,1548));
#4388=IFCINDEXEDPOLYGONALFACE((1542,1546,1545));
#4389=IFCINDEXEDPOLYGONALFACE((1542,1547,1546));
#4390=IFCINDEXEDPOLYGONALFACE((1542,1548,1547));
#4391=IFCINDEXEDPOLYGONALFACE((1542,898,1541));
#4392=IFCINDEXEDPOLYGONALFACE((1549,1547,1548));
#4393=IFCINDEXEDPOLYGONALFACE((1549,1548,1544));
#4394=IFCINDEXEDPOLYGONALFACE((1549,1546,1547));
#4395=IFCINDEXEDPOLYGONALFACE((1550,1305,1549));
#4396=IFCINDEXEDPOLYGONALFACE((1550,1549,1551));
#4397=IFCINDEXEDPOLYGONALFACE((1549,1534,1551));
#4398=IFCINDEXEDPOLYGONALFACE((1549,1305,1543));
#4399=IFCINDEXEDPOLYGONALFACE((1549,1543,1545));
#4400=IFCINDEXEDPOLYGONALFACE((1549,1544,1534));
#4401=IFCINDEXEDPOLYGONALFACE((1549,1545,1546));
#4402=IFCINDEXEDPOLYGONALFACE((1552,1550,1551));
#4403=IFCINDEXEDPOLYGONALFACE((1551,1534,1535));
#4404=IFCINDEXEDPOLYGONALFACE((1552,1551,1553));
#4405=IFCINDEXEDPOLYGONALFACE((1553,1551,1554));
#4406=IFCINDEXEDPOLYGONALFACE((1551,1535,1554));
#4407=IFCINDEXEDPOLYGONALFACE((1538,1557,1554));
#4408=IFCINDEXEDPOLYGONALFACE((1539,1538,1554));
#4409=IFCINDEXEDPOLYGONALFACE((1536,1539,1554));
#4410=IFCINDEXEDPOLYGONALFACE((1553,1554,1556));
#4411=IFCINDEXEDPOLYGONALFACE((1555,1554,1559));
#4412=IFCINDEXEDPOLYGONALFACE((1555,1556,1554));
#4413=IFCINDEXEDPOLYGONALFACE((1558,1554,1557));
#4414=IFCINDEXEDPOLYGONALFACE((1559,1554,1558));
#4415=IFCINDEXEDPOLYGONALFACE((1536,1554,1535));
#4416=IFCINDEXEDPOLYGONALFACE((1559,1558,1560));
#4417=IFCINDEXEDPOLYGONALFACE((1555,1559,1560));
#4418=IFCINDEXEDPOLYGONALFACE((1562,1561,1560));
#4419=IFCINDEXEDPOLYGONALFACE((1567,1560,1561));
#4420=IFCINDEXEDPOLYGONALFACE((1562,1560,1565));
#4421=IFCINDEXEDPOLYGONALFACE((1564,1560,1563));
#4422=IFCINDEXEDPOLYGONALFACE((1558,1563,1560));
#4423=IFCINDEXEDPOLYGONALFACE((1565,1560,1564));
#4424=IFCINDEXEDPOLYGONALFACE((1566,1556,1560));
#4425=IFCINDEXEDPOLYGONALFACE((1567,1566,1560));
#4426=IFCINDEXEDPOLYGONALFACE((1555,1560,1556));
#4427=IFCINDEXEDPOLYGONALFACE((1568,1566,1567));
#4428=IFCINDEXEDPOLYGONALFACE((1568,1567,1569));
#4429=IFCINDEXEDPOLYGONALFACE((1570,1569,1567));
#4430=IFCINDEXEDPOLYGONALFACE((1570,1567,1571));
#4431=IFCINDEXEDPOLYGONALFACE((1571,1567,1561));
#4432=IFCINDEXEDPOLYGONALFACE((1572,1570,1571));
#4433=IFCINDEXEDPOLYGONALFACE((1573,1572,1571));
#4434=IFCINDEXEDPOLYGONALFACE((1573,1571,1574));
#4435=IFCINDEXEDPOLYGONALFACE((1574,1571,1575));
#4436=IFCINDEXEDPOLYGONALFACE((1575,1571,1576));
#4437=IFCINDEXEDPOLYGONALFACE((1571,1561,1576));
#4438=IFCINDEXEDPOLYGONALFACE((1562,1576,1561));
#4439=IFCINDEXEDPOLYGONALFACE((1562,1565,1576));
#4440=IFCINDEXEDPOLYGONALFACE((1564,1578,1576));
#4441=IFCINDEXEDPOLYGONALFACE((1565,1564,1576));
#4442=IFCINDEXEDPOLYGONALFACE((1577,1576,1580));
#4443=IFCINDEXEDPOLYGONALFACE((1577,1575,1576));
#4444=IFCINDEXEDPOLYGONALFACE((1579,1576,1578));
#4445=IFCINDEXEDPOLYGONALFACE((1580,1576,1579));
#4446=IFCINDEXEDPOLYGONALFACE((1577,1580,1581));
#4447=IFCINDEXEDPOLYGONALFACE((1580,1579,1581));
#4448=IFCINDEXEDPOLYGONALFACE((1577,1581,1575));
#4449=IFCINDEXEDPOLYGONALFACE((1582,1575,1581));
#4450=IFCINDEXEDPOLYGONALFACE((1579,1586,1581));
#4451=IFCINDEXEDPOLYGONALFACE((1583,1582,1581));
#4452=IFCINDEXEDPOLYGONALFACE((1583,1581,1584));
#4453=IFCINDEXEDPOLYGONALFACE((1585,1584,1581));
#4454=IFCINDEXEDPOLYGONALFACE((1585,1581,1588));
#4455=IFCINDEXEDPOLYGONALFACE((1587,1581,1586));
#4456=IFCINDEXEDPOLYGONALFACE((1588,1581,1587));
#4457=IFCINDEXEDPOLYGONALFACE((1585,1588,1589));
#4458=IFCINDEXEDPOLYGONALFACE((1588,1587,1589));
#4459=IFCINDEXEDPOLYGONALFACE((1585,1589,1584));
#4460=IFCINDEXEDPOLYGONALFACE((1587,1593,1589));
#4461=IFCINDEXEDPOLYGONALFACE((1590,1589,1595));
#4462=IFCINDEXEDPOLYGONALFACE((1590,1591,1589));
#4463=IFCINDEXEDPOLYGONALFACE((1592,1589,1591));
#4464=IFCINDEXEDPOLYGONALFACE((1592,1596,1589));
#4465=IFCINDEXEDPOLYGONALFACE((1594,1589,1593));
#4466=IFCINDEXEDPOLYGONALFACE((1595,1589,1594));
#4467=IFCINDEXEDPOLYGONALFACE((1596,1584,1589));
#4468=IFCINDEXEDPOLYGONALFACE((1597,1598,1596));
#4469=IFCINDEXEDPOLYGONALFACE((1597,1596,1592));
#4470=IFCINDEXEDPOLYGONALFACE((1598,1599,1596));
#4471=IFCINDEXEDPOLYGONALFACE((1599,1583,1596));
#4472=IFCINDEXEDPOLYGONALFACE((1596,1583,1584));
#4473=IFCINDEXEDPOLYGONALFACE((1598,1600,1599));
#4474=IFCINDEXEDPOLYGONALFACE((1599,1600,1606));
#4475=IFCINDEXEDPOLYGONALFACE((1599,1601,1602));
#4476=IFCINDEXEDPOLYGONALFACE((1599,1606,1601));
#4477=IFCINDEXEDPOLYGONALFACE((1599,1602,1603));
#4478=IFCINDEXEDPOLYGONALFACE((1599,1603,1605));
#4479=IFCINDEXEDPOLYGONALFACE((1599,1605,1604));
#4480=IFCINDEXEDPOLYGONALFACE((1599,1604,1583));
#4481=IFCINDEXEDPOLYGONALFACE((1607,1606,1609));
#4482=IFCINDEXEDPOLYGONALFACE((1608,1606,1607));
#4483=IFCINDEXEDPOLYGONALFACE((1608,1601,1606));
#4484=IFCINDEXEDPOLYGONALFACE((1609,1606,1610));
#4485=IFCINDEXEDPOLYGONALFACE((1606,1600,1610));
#4486=IFCINDEXEDPOLYGONALFACE((1609,1610,1611));
#4487=IFCINDEXEDPOLYGONALFACE((1610,1612,1611));
#4488=IFCINDEXEDPOLYGONALFACE((1610,1613,1612));
#4489=IFCINDEXEDPOLYGONALFACE((1610,1600,1613));
#4490=IFCINDEXEDPOLYGONALFACE((1613,1410,1402));
#4491=IFCINDEXEDPOLYGONALFACE((1613,1402,1612));
#4492=IFCINDEXEDPOLYGONALFACE((1600,1614,1613));
#4493=IFCINDEXEDPOLYGONALFACE((1613,1614,1410));
#4494=IFCINDEXEDPOLYGONALFACE((1597,1614,1600));
#4495=IFCINDEXEDPOLYGONALFACE((1614,1615,1410));
#4496=IFCINDEXEDPOLYGONALFACE((1616,1615,1614));
#4497=IFCINDEXEDPOLYGONALFACE((1616,1614,1617));
#4498=IFCINDEXEDPOLYGONALFACE((1597,1617,1614));
#4499=IFCINDEXEDPOLYGONALFACE((1597,1618,1617));
#4500=IFCINDEXEDPOLYGONALFACE((1616,1617,1618));
#4501=IFCINDEXEDPOLYGONALFACE((1616,1618,1619));
#4502=IFCINDEXEDPOLYGONALFACE((1597,1619,1618));
#4503=IFCINDEXEDPOLYGONALFACE((1616,1619,1620));
#4504=IFCINDEXEDPOLYGONALFACE((1597,1620,1619));
#4505=IFCINDEXEDPOLYGONALFACE((1616,1620,1621));
#4506=IFCINDEXEDPOLYGONALFACE((1597,1621,1620));
#4507=IFCINDEXEDPOLYGONALFACE((1616,1621,1592));
#4508=IFCINDEXEDPOLYGONALFACE((1597,1592,1621));
#4509=IFCINDEXEDPOLYGONALFACE((1622,1615,1616));
#4510=IFCINDEXEDPOLYGONALFACE((1622,1616,1623));
#4511=IFCINDEXEDPOLYGONALFACE((1616,1592,1623));
#4512=IFCINDEXEDPOLYGONALFACE((1624,1623,1625));
#4513=IFCINDEXEDPOLYGONALFACE((1624,1622,1623));
#4514=IFCINDEXEDPOLYGONALFACE((1625,1623,1626));
#4515=IFCINDEXEDPOLYGONALFACE((1623,1592,1591));
#4516=IFCINDEXEDPOLYGONALFACE((1623,1591,1626));
#4517=IFCINDEXEDPOLYGONALFACE((1628,1627,1626));
#4518=IFCINDEXEDPOLYGONALFACE((1625,1626,1627));
#4519=IFCINDEXEDPOLYGONALFACE((1628,1626,1629));
#4520=IFCINDEXEDPOLYGONALFACE((1629,1626,1630));
#4521=IFCINDEXEDPOLYGONALFACE((1630,1626,1631));
#4522=IFCINDEXEDPOLYGONALFACE((1594,1631,1626));
#4523=IFCINDEXEDPOLYGONALFACE((1595,1594,1626));
#4524=IFCINDEXEDPOLYGONALFACE((1590,1595,1626));
#4525=IFCINDEXEDPOLYGONALFACE((1590,1626,1591));
#4526=IFCINDEXEDPOLYGONALFACE((1594,1635,1631));
#4527=IFCINDEXEDPOLYGONALFACE((1630,1631,1639));
#4528=IFCINDEXEDPOLYGONALFACE((1632,1636,1631));
#4529=IFCINDEXEDPOLYGONALFACE((1632,1631,1633));
#4530=IFCINDEXEDPOLYGONALFACE((1634,1633,1631));
#4531=IFCINDEXEDPOLYGONALFACE((1635,1634,1631));
#4532=IFCINDEXEDPOLYGONALFACE((1636,1637,1631));
#4533=IFCINDEXEDPOLYGONALFACE((1638,1631,1637));
#4534=IFCINDEXEDPOLYGONALFACE((1639,1631,1638));
#4535=IFCINDEXEDPOLYGONALFACE((1630,1639,1640));
#4536=IFCINDEXEDPOLYGONALFACE((1639,1638,1640));
#4537=IFCINDEXEDPOLYGONALFACE((1477,1640,1484));
#4538=IFCINDEXEDPOLYGONALFACE((1477,1643,1640));
#4539=IFCINDEXEDPOLYGONALFACE((1641,1642,1640));
#4540=IFCINDEXEDPOLYGONALFACE((1641,1640,1637));
#4541=IFCINDEXEDPOLYGONALFACE((1638,1637,1640));
#4542=IFCINDEXEDPOLYGONALFACE((1642,1482,1640));
#4543=IFCINDEXEDPOLYGONALFACE((1481,1640,1482));
#4544=IFCINDEXEDPOLYGONALFACE((1484,1640,1481));
#4545=IFCINDEXEDPOLYGONALFACE((1630,1640,1643));
#4546=IFCINDEXEDPOLYGONALFACE((1645,1627,1643));
#4547=IFCINDEXEDPOLYGONALFACE((1628,1643,1627));
#4548=IFCINDEXEDPOLYGONALFACE((1628,1629,1643));
#4549=IFCINDEXEDPOLYGONALFACE((1629,1630,1643));
#4550=IFCINDEXEDPOLYGONALFACE((1644,1645,1643));
#4551=IFCINDEXEDPOLYGONALFACE((1644,1643,1475));
#4552=IFCINDEXEDPOLYGONALFACE((1474,1643,1478));
#4553=IFCINDEXEDPOLYGONALFACE((1474,1475,1643));
#4554=IFCINDEXEDPOLYGONALFACE((1478,1643,1477));
#4555=IFCINDEXEDPOLYGONALFACE((1647,1646,1645));
#4556=IFCINDEXEDPOLYGONALFACE((1646,1625,1645));
#4557=IFCINDEXEDPOLYGONALFACE((1648,1647,1645));
#4558=IFCINDEXEDPOLYGONALFACE((1648,1645,1644));
#4559=IFCINDEXEDPOLYGONALFACE((1645,1625,1627));
#4560=IFCINDEXEDPOLYGONALFACE((1648,1649,1653));
#4561=IFCINDEXEDPOLYGONALFACE((1648,1650,1649));
#4562=IFCINDEXEDPOLYGONALFACE((1648,1651,1650));
#4563=IFCINDEXEDPOLYGONALFACE((1648,1644,1651));
#4564=IFCINDEXEDPOLYGONALFACE((1648,1652,1654));
#4565=IFCINDEXEDPOLYGONALFACE((1648,1653,1652));
#4566=IFCINDEXEDPOLYGONALFACE((1648,1654,1655));
#4567=IFCINDEXEDPOLYGONALFACE((1648,1655,1647));
#4568=IFCINDEXEDPOLYGONALFACE((1656,1655,1418));
#4569=IFCINDEXEDPOLYGONALFACE((1646,1655,1656));
#4570=IFCINDEXEDPOLYGONALFACE((1647,1655,1646));
#4571=IFCINDEXEDPOLYGONALFACE((1655,1654,1432));
#4572=IFCINDEXEDPOLYGONALFACE((1418,1655,1432));
#4573=IFCINDEXEDPOLYGONALFACE((1615,1656,1411));
#4574=IFCINDEXEDPOLYGONALFACE((1624,1656,1615));
#4575=IFCINDEXEDPOLYGONALFACE((1624,1657,1656));
#4576=IFCINDEXEDPOLYGONALFACE((1646,1656,1657));
#4577=IFCINDEXEDPOLYGONALFACE((1411,1656,1418));
#4578=IFCINDEXEDPOLYGONALFACE((1624,1658,1657));
#4579=IFCINDEXEDPOLYGONALFACE((1646,1657,1658));
#4580=IFCINDEXEDPOLYGONALFACE((1624,1659,1658));
#4581=IFCINDEXEDPOLYGONALFACE((1646,1658,1659));
#4582=IFCINDEXEDPOLYGONALFACE((1646,1659,1660));
#4583=IFCINDEXEDPOLYGONALFACE((1624,1660,1659));
#4584=IFCINDEXEDPOLYGONALFACE((1646,1660,1661));
#4585=IFCINDEXEDPOLYGONALFACE((1624,1661,1660));
#4586=IFCINDEXEDPOLYGONALFACE((1646,1661,1625));
#4587=IFCINDEXEDPOLYGONALFACE((1624,1625,1661));
#4588=IFCINDEXEDPOLYGONALFACE((1662,1654,1652));
#4589=IFCINDEXEDPOLYGONALFACE((1662,1437,1654));
#4590=IFCINDEXEDPOLYGONALFACE((1654,1437,1434));
#4591=IFCINDEXEDPOLYGONALFACE((1432,1654,1434));
#4592=IFCINDEXEDPOLYGONALFACE((1663,1437,1662));
#4593=IFCINDEXEDPOLYGONALFACE((1663,1662,1479));
#4594=IFCINDEXEDPOLYGONALFACE((1662,1644,1479));
#4595=IFCINDEXEDPOLYGONALFACE((1662,1649,1650));
#4596=IFCINDEXEDPOLYGONALFACE((1662,1650,1651));
#4597=IFCINDEXEDPOLYGONALFACE((1662,1653,1649));
#4598=IFCINDEXEDPOLYGONALFACE((1662,1651,1644));
#4599=IFCINDEXEDPOLYGONALFACE((1662,1652,1653));
#4600=IFCINDEXEDPOLYGONALFACE((1440,1437,1663));
#4601=IFCINDEXEDPOLYGONALFACE((1440,1663,1479));
#4602=IFCINDEXEDPOLYGONALFACE((1479,1644,1475));
#4603=IFCINDEXEDPOLYGONALFACE((1665,1642,1641));
#4604=IFCINDEXEDPOLYGONALFACE((1665,1664,1642));
#4605=IFCINDEXEDPOLYGONALFACE((1664,1483,1642));
#4606=IFCINDEXEDPOLYGONALFACE((1642,1483,1482));
#4607=IFCINDEXEDPOLYGONALFACE((1666,1665,1641));
#4608=IFCINDEXEDPOLYGONALFACE((1665,1666,1668));
#4609=IFCINDEXEDPOLYGONALFACE((1664,1665,1667));
#4610=IFCINDEXEDPOLYGONALFACE((1665,1668,1667));
#4611=IFCINDEXEDPOLYGONALFACE((1670,1669,1668));
#4612=IFCINDEXEDPOLYGONALFACE((1669,1667,1668));
#4613=IFCINDEXEDPOLYGONALFACE((1673,1670,1668));
#4614=IFCINDEXEDPOLYGONALFACE((1666,1671,1668));
#4615=IFCINDEXEDPOLYGONALFACE((1668,1671,1672));
#4616=IFCINDEXEDPOLYGONALFACE((1673,1668,1672));
#4617=IFCINDEXEDPOLYGONALFACE((1674,1673,1675));
#4618=IFCINDEXEDPOLYGONALFACE((1674,1670,1673));
#4619=IFCINDEXEDPOLYGONALFACE((1673,1672,1675));
#4620=IFCINDEXEDPOLYGONALFACE((1676,1674,1675));
#4621=IFCINDEXEDPOLYGONALFACE((1676,1675,1677));
#4622=IFCINDEXEDPOLYGONALFACE((1678,1677,1675));
#4623=IFCINDEXEDPOLYGONALFACE((1671,1678,1675));
#4624=IFCINDEXEDPOLYGONALFACE((1671,1675,1672));
#4625=IFCINDEXEDPOLYGONALFACE((1678,1680,1677));
#4626=IFCINDEXEDPOLYGONALFACE((1680,1678,1679));
#4627=IFCINDEXEDPOLYGONALFACE((1678,1632,1679));
#4628=IFCINDEXEDPOLYGONALFACE((1678,1671,1632));
#4629=IFCINDEXEDPOLYGONALFACE((1681,1683,1680));
#4630=IFCINDEXEDPOLYGONALFACE((1681,1680,1682));
#4631=IFCINDEXEDPOLYGONALFACE((1680,1683,1677));
#4632=IFCINDEXEDPOLYGONALFACE((1680,1679,1682));
#4633=IFCINDEXEDPOLYGONALFACE((1676,1677,1683));
#4634=IFCINDEXEDPOLYGONALFACE((1684,1676,1683));
#4635=IFCINDEXEDPOLYGONALFACE((1684,1683,1685));
#4636=IFCINDEXEDPOLYGONALFACE((1685,1683,1681));
#4637=IFCINDEXEDPOLYGONALFACE((1690,1686,1685));
#4638=IFCINDEXEDPOLYGONALFACE((1686,1684,1685));
#4639=IFCINDEXEDPOLYGONALFACE((1688,1685,1687));
#4640=IFCINDEXEDPOLYGONALFACE((1687,1685,1681));
#4641=IFCINDEXEDPOLYGONALFACE((1688,1689,1685));
#4642=IFCINDEXEDPOLYGONALFACE((1690,1685,1689));
#4643=IFCINDEXEDPOLYGONALFACE((1691,1686,1690));
#4644=IFCINDEXEDPOLYGONALFACE((1692,1690,1689));
#4645=IFCINDEXEDPOLYGONALFACE((1691,1690,1692));
#4646=IFCINDEXEDPOLYGONALFACE((1692,1689,1693));
#4647=IFCINDEXEDPOLYGONALFACE((1691,1692,1693));
#4648=IFCINDEXEDPOLYGONALFACE((1695,1693,1689));
#4649=IFCINDEXEDPOLYGONALFACE((1691,1693,1694));
#4650=IFCINDEXEDPOLYGONALFACE((1694,1693,1695));
#4651=IFCINDEXEDPOLYGONALFACE((1695,1697,1696));
#4652=IFCINDEXEDPOLYGONALFACE((1698,1695,1696));
#4653=IFCINDEXEDPOLYGONALFACE((1695,1689,1688));
#4654=IFCINDEXEDPOLYGONALFACE((1695,1688,1697));
#4655=IFCINDEXEDPOLYGONALFACE((1698,1694,1695));
#4656=IFCINDEXEDPOLYGONALFACE((1699,1698,1700));
#4657=IFCINDEXEDPOLYGONALFACE((1699,1694,1698));
#4658=IFCINDEXEDPOLYGONALFACE((1698,1696,1700));
#4659=IFCINDEXEDPOLYGONALFACE((1701,1700,1563));
#4660=IFCINDEXEDPOLYGONALFACE((1699,1700,1701));
#4661=IFCINDEXEDPOLYGONALFACE((1700,1702,1563));
#4662=IFCINDEXEDPOLYGONALFACE((1700,1696,1702));
#4663=IFCINDEXEDPOLYGONALFACE((1696,1578,1702));
#4664=IFCINDEXEDPOLYGONALFACE((1703,1702,1578));
#4665=IFCINDEXEDPOLYGONALFACE((1703,1563,1702));
#4666=IFCINDEXEDPOLYGONALFACE((1704,1703,1578));
#4667=IFCINDEXEDPOLYGONALFACE((1704,1563,1703));
#4668=IFCINDEXEDPOLYGONALFACE((1564,1704,1578));
#4669=IFCINDEXEDPOLYGONALFACE((1564,1563,1704));
#4670=IFCINDEXEDPOLYGONALFACE((1705,1699,1701));
#4671=IFCINDEXEDPOLYGONALFACE((1705,1701,1707));
#4672=IFCINDEXEDPOLYGONALFACE((1701,1563,1706));
#4673=IFCINDEXEDPOLYGONALFACE((1707,1701,1706));
#4674=IFCINDEXEDPOLYGONALFACE((1708,1707,1557));
#4675=IFCINDEXEDPOLYGONALFACE((1709,1707,1708));
#4676=IFCINDEXEDPOLYGONALFACE((1709,1705,1707));
#4677=IFCINDEXEDPOLYGONALFACE((1707,1706,1557));
#4678=IFCINDEXEDPOLYGONALFACE((1710,1712,1709));
#4679=IFCINDEXEDPOLYGONALFACE((1710,1709,1711));
#4680=IFCINDEXEDPOLYGONALFACE((1711,1709,1708));
#4681=IFCINDEXEDPOLYGONALFACE((1712,1713,1709));
#4682=IFCINDEXEDPOLYGONALFACE((1709,1713,1705));
#4683=IFCINDEXEDPOLYGONALFACE((1713,1715,1705));
#4684=IFCINDEXEDPOLYGONALFACE((1716,1714,1713));
#4685=IFCINDEXEDPOLYGONALFACE((1714,1715,1713));
#4686=IFCINDEXEDPOLYGONALFACE((1717,1713,1712));
#4687=IFCINDEXEDPOLYGONALFACE((1717,1716,1713));
#4688=IFCINDEXEDPOLYGONALFACE((1714,1716,1717));
#4689=IFCINDEXEDPOLYGONALFACE((1714,1717,1718));
#4690=IFCINDEXEDPOLYGONALFACE((1717,1719,1718));
#4691=IFCINDEXEDPOLYGONALFACE((1717,1720,1719));
#4692=IFCINDEXEDPOLYGONALFACE((1720,1717,1710));
#4693=IFCINDEXEDPOLYGONALFACE((1717,1712,1710));
#4694=IFCINDEXEDPOLYGONALFACE((1719,1720,1710));
#4695=IFCINDEXEDPOLYGONALFACE((1718,1719,1721));
#4696=IFCINDEXEDPOLYGONALFACE((1719,1710,1721));
#4697=IFCINDEXEDPOLYGONALFACE((1722,1721,1723));
#4698=IFCINDEXEDPOLYGONALFACE((1718,1721,1722));
#4699=IFCINDEXEDPOLYGONALFACE((1721,1710,1711));
#4700=IFCINDEXEDPOLYGONALFACE((1721,1711,1723));
#4701=IFCINDEXEDPOLYGONALFACE((1722,1723,1726));
#4702=IFCINDEXEDPOLYGONALFACE((1723,1724,1725));
#4703=IFCINDEXEDPOLYGONALFACE((1723,1711,1724));
#4704=IFCINDEXEDPOLYGONALFACE((1726,1723,1725));
#4705=IFCINDEXEDPOLYGONALFACE((1729,1726,1727));
#4706=IFCINDEXEDPOLYGONALFACE((1726,1725,1727));
#4707=IFCINDEXEDPOLYGONALFACE((1728,1722,1726));
#4708=IFCINDEXEDPOLYGONALFACE((1728,1726,1729));
#4709=IFCINDEXEDPOLYGONALFACE((1729,1727,1732));
#4710=IFCINDEXEDPOLYGONALFACE((1730,1728,1729));
#4711=IFCINDEXEDPOLYGONALFACE((1730,1729,1731));
#4712=IFCINDEXEDPOLYGONALFACE((1731,1729,1732));
#4713=IFCINDEXEDPOLYGONALFACE((1512,1732,1513));
#4714=IFCINDEXEDPOLYGONALFACE((1731,1732,1512));
#4715=IFCINDEXEDPOLYGONALFACE((1732,1526,1513));
#4716=IFCINDEXEDPOLYGONALFACE((1732,1727,1526));
#4717=IFCINDEXEDPOLYGONALFACE((1730,1731,1733));
#4718=IFCINDEXEDPOLYGONALFACE((1733,1731,1512));
#4719=IFCINDEXEDPOLYGONALFACE((1734,1733,1509));
#4720=IFCINDEXEDPOLYGONALFACE((1735,1733,1734));
#4721=IFCINDEXEDPOLYGONALFACE((1730,1733,1735));
#4722=IFCINDEXEDPOLYGONALFACE((1733,1512,1509));
#4723=IFCINDEXEDPOLYGONALFACE((1738,1735,1736));
#4724=IFCINDEXEDPOLYGONALFACE((1735,1734,1736));
#4725=IFCINDEXEDPOLYGONALFACE((1738,1737,1735));
#4726=IFCINDEXEDPOLYGONALFACE((1737,1730,1735));
#4727=IFCINDEXEDPOLYGONALFACE((1686,1738,1739));
#4728=IFCINDEXEDPOLYGONALFACE((1691,1738,1686));
#4729=IFCINDEXEDPOLYGONALFACE((1739,1738,1736));
#4730=IFCINDEXEDPOLYGONALFACE((1691,1737,1738));
#4731=IFCINDEXEDPOLYGONALFACE((1739,1740,1741));
#4732=IFCINDEXEDPOLYGONALFACE((1739,1743,1740));
#4733=IFCINDEXEDPOLYGONALFACE((1739,1736,1742));
#4734=IFCINDEXEDPOLYGONALFACE((1739,1741,1669));
#4735=IFCINDEXEDPOLYGONALFACE((1686,1739,1669));
#4736=IFCINDEXEDPOLYGONALFACE((1743,1739,1742));
#4737=IFCINDEXEDPOLYGONALFACE((1743,1744,1740));
#4738=IFCINDEXEDPOLYGONALFACE((1744,1743,1745));
#4739=IFCINDEXEDPOLYGONALFACE((1743,1742,1745));
#4740=IFCINDEXEDPOLYGONALFACE((1745,1493,1491));
#4741=IFCINDEXEDPOLYGONALFACE((1497,1493,1745));
#4742=IFCINDEXEDPOLYGONALFACE((1742,1497,1745));
#4743=IFCINDEXEDPOLYGONALFACE((1745,1491,1746));
#4744=IFCINDEXEDPOLYGONALFACE((1744,1745,1746));
#4745=IFCINDEXEDPOLYGONALFACE((1746,1490,1747));
#4746=IFCINDEXEDPOLYGONALFACE((1746,1491,1490));
#4747=IFCINDEXEDPOLYGONALFACE((1744,1746,1747));
#4748=IFCINDEXEDPOLYGONALFACE((1747,1490,1749));
#4749=IFCINDEXEDPOLYGONALFACE((1740,1744,1747));
#4750=IFCINDEXEDPOLYGONALFACE((1748,1740,1747));
#4751=IFCINDEXEDPOLYGONALFACE((1748,1747,1749));
#4752=IFCINDEXEDPOLYGONALFACE((1748,1749,1751));
#4753=IFCINDEXEDPOLYGONALFACE((1490,1750,1749));
#4754=IFCINDEXEDPOLYGONALFACE((1750,1751,1749));
#4755=IFCINDEXEDPOLYGONALFACE((1741,1748,1751));
#4756=IFCINDEXEDPOLYGONALFACE((1669,1741,1751));
#4757=IFCINDEXEDPOLYGONALFACE((1669,1751,1667));
#4758=IFCINDEXEDPOLYGONALFACE((1664,1667,1751));
#4759=IFCINDEXEDPOLYGONALFACE((1750,1664,1751));
#4760=IFCINDEXEDPOLYGONALFACE((1750,1485,1483));
#4761=IFCINDEXEDPOLYGONALFACE((1664,1750,1483));
#4762=IFCINDEXEDPOLYGONALFACE((1750,1490,1485));
#4763=IFCINDEXEDPOLYGONALFACE((1741,1740,1748));
#4764=IFCINDEXEDPOLYGONALFACE((1736,1497,1742));
#4765=IFCINDEXEDPOLYGONALFACE((1714,1718,1737));
#4766=IFCINDEXEDPOLYGONALFACE((1714,1737,1691));
#4767=IFCINDEXEDPOLYGONALFACE((1718,1752,1737));
#4768=IFCINDEXEDPOLYGONALFACE((1737,1752,1730));
#4769=IFCINDEXEDPOLYGONALFACE((1718,1753,1752));
#4770=IFCINDEXEDPOLYGONALFACE((1752,1728,1730));
#4771=IFCINDEXEDPOLYGONALFACE((1752,1753,1728));
#4772=IFCINDEXEDPOLYGONALFACE((1753,1718,1728));
#4773=IFCINDEXEDPOLYGONALFACE((1736,1734,1497));
#4774=IFCINDEXEDPOLYGONALFACE((1734,1509,1496));
#4775=IFCINDEXEDPOLYGONALFACE((1497,1734,1496));
#4776=IFCINDEXEDPOLYGONALFACE((1718,1722,1728));
#4777=IFCINDEXEDPOLYGONALFACE((1727,1725,1754));
#4778=IFCINDEXEDPOLYGONALFACE((1727,1754,1526));
#4779=IFCINDEXEDPOLYGONALFACE((1755,1526,1754));
#4780=IFCINDEXEDPOLYGONALFACE((1755,1754,1537));
#4781=IFCINDEXEDPOLYGONALFACE((1725,1537,1754));
#4782=IFCINDEXEDPOLYGONALFACE((1756,1526,1755));
#4783=IFCINDEXEDPOLYGONALFACE((1756,1755,1537));
#4784=IFCINDEXEDPOLYGONALFACE((1528,1526,1756));
#4785=IFCINDEXEDPOLYGONALFACE((1528,1756,1537));
#4786=IFCINDEXEDPOLYGONALFACE((1725,1724,1537));
#4787=IFCINDEXEDPOLYGONALFACE((1724,1757,1537));
#4788=IFCINDEXEDPOLYGONALFACE((1724,1708,1757));
#4789=IFCINDEXEDPOLYGONALFACE((1711,1708,1724));
#4790=IFCINDEXEDPOLYGONALFACE((1758,1537,1757));
#4791=IFCINDEXEDPOLYGONALFACE((1708,1557,1757));
#4792=IFCINDEXEDPOLYGONALFACE((1758,1757,1557));
#4793=IFCINDEXEDPOLYGONALFACE((1759,1537,1758));
#4794=IFCINDEXEDPOLYGONALFACE((1759,1758,1557));
#4795=IFCINDEXEDPOLYGONALFACE((1538,1537,1759));
#4796=IFCINDEXEDPOLYGONALFACE((1538,1759,1557));
#4797=IFCINDEXEDPOLYGONALFACE((1705,1715,1699));
#4798=IFCINDEXEDPOLYGONALFACE((1714,1694,1715));
#4799=IFCINDEXEDPOLYGONALFACE((1699,1715,1694));
#4800=IFCINDEXEDPOLYGONALFACE((1714,1691,1694));
#4801=IFCINDEXEDPOLYGONALFACE((1760,1706,1563));
#4802=IFCINDEXEDPOLYGONALFACE((1760,1557,1706));
#4803=IFCINDEXEDPOLYGONALFACE((1761,1557,1760));
#4804=IFCINDEXEDPOLYGONALFACE((1761,1760,1563));
#4805=IFCINDEXEDPOLYGONALFACE((1558,1761,1563));
#4806=IFCINDEXEDPOLYGONALFACE((1558,1557,1761));
#4807=IFCINDEXEDPOLYGONALFACE((1696,1697,1578));
#4808=IFCINDEXEDPOLYGONALFACE((1688,1763,1697));
#4809=IFCINDEXEDPOLYGONALFACE((1697,1762,1578));
#4810=IFCINDEXEDPOLYGONALFACE((1697,1763,1762));
#4811=IFCINDEXEDPOLYGONALFACE((1688,1687,1763));
#4812=IFCINDEXEDPOLYGONALFACE((1763,1764,1586));
#4813=IFCINDEXEDPOLYGONALFACE((1763,1586,1762));
#4814=IFCINDEXEDPOLYGONALFACE((1687,1764,1763));
#4815=IFCINDEXEDPOLYGONALFACE((1681,1682,1764));
#4816=IFCINDEXEDPOLYGONALFACE((1687,1681,1764));
#4817=IFCINDEXEDPOLYGONALFACE((1764,1765,1586));
#4818=IFCINDEXEDPOLYGONALFACE((1764,1682,1765));
#4819=IFCINDEXEDPOLYGONALFACE((1766,1765,1593));
#4820=IFCINDEXEDPOLYGONALFACE((1682,1593,1765));
#4821=IFCINDEXEDPOLYGONALFACE((1766,1586,1765));
#4822=IFCINDEXEDPOLYGONALFACE((1767,1766,1593));
#4823=IFCINDEXEDPOLYGONALFACE((1767,1586,1766));
#4824=IFCINDEXEDPOLYGONALFACE((1587,1767,1593));
#4825=IFCINDEXEDPOLYGONALFACE((1587,1586,1767));
#4826=IFCINDEXEDPOLYGONALFACE((1768,1762,1586));
#4827=IFCINDEXEDPOLYGONALFACE((1768,1578,1762));
#4828=IFCINDEXEDPOLYGONALFACE((1769,1768,1586));
#4829=IFCINDEXEDPOLYGONALFACE((1769,1578,1768));
#4830=IFCINDEXEDPOLYGONALFACE((1579,1769,1586));
#4831=IFCINDEXEDPOLYGONALFACE((1579,1578,1769));
#4832=IFCINDEXEDPOLYGONALFACE((1686,1674,1676));
#4833=IFCINDEXEDPOLYGONALFACE((1686,1669,1674));
#4834=IFCINDEXEDPOLYGONALFACE((1686,1676,1684));
#4835=IFCINDEXEDPOLYGONALFACE((1682,1679,1593));
#4836=IFCINDEXEDPOLYGONALFACE((1679,1633,1593));
#4837=IFCINDEXEDPOLYGONALFACE((1679,1632,1633));
#4838=IFCINDEXEDPOLYGONALFACE((1674,1669,1670));
#4839=IFCINDEXEDPOLYGONALFACE((1671,1666,1636));
#4840=IFCINDEXEDPOLYGONALFACE((1671,1636,1632));
#4841=IFCINDEXEDPOLYGONALFACE((1666,1641,1636));
#4842=IFCINDEXEDPOLYGONALFACE((1636,1641,1637));
#4843=IFCINDEXEDPOLYGONALFACE((1594,1593,1635));
#4844=IFCINDEXEDPOLYGONALFACE((1635,1593,1634));
#4845=IFCINDEXEDPOLYGONALFACE((1634,1593,1633));
#4846=IFCINDEXEDPOLYGONALFACE((1624,1615,1622));
#4847=IFCINDEXEDPOLYGONALFACE((1410,1615,1411));
#4848=IFCINDEXEDPOLYGONALFACE((1770,1611,1612));
#4849=IFCINDEXEDPOLYGONALFACE((1770,1612,1771));
#4850=IFCINDEXEDPOLYGONALFACE((1771,1612,1772));
#4851=IFCINDEXEDPOLYGONALFACE((1772,1612,1402));
#4852=IFCINDEXEDPOLYGONALFACE((1772,1402,1400));
#4853=IFCINDEXEDPOLYGONALFACE((1771,1772,1773));
#4854=IFCINDEXEDPOLYGONALFACE((1772,1399,1773));
#4855=IFCINDEXEDPOLYGONALFACE((1772,1400,1399));
#4856=IFCINDEXEDPOLYGONALFACE((1773,1774,1776));
#4857=IFCINDEXEDPOLYGONALFACE((1773,1399,1774));
#4858=IFCINDEXEDPOLYGONALFACE((1771,1773,1775));
#4859=IFCINDEXEDPOLYGONALFACE((1775,1773,1776));
#4860=IFCINDEXEDPOLYGONALFACE((1350,1777,1776));
#4861=IFCINDEXEDPOLYGONALFACE((1350,1776,1774));
#4862=IFCINDEXEDPOLYGONALFACE((1775,1776,1777));
#4863=IFCINDEXEDPOLYGONALFACE((1350,1334,1777));
#4864=IFCINDEXEDPOLYGONALFACE((1334,1330,1777));
#4865=IFCINDEXEDPOLYGONALFACE((1778,1775,1777));
#4866=IFCINDEXEDPOLYGONALFACE((1778,1777,1330));
#4867=IFCINDEXEDPOLYGONALFACE((1770,1775,1778));
#4868=IFCINDEXEDPOLYGONALFACE((1331,1778,1330));
#4869=IFCINDEXEDPOLYGONALFACE((1779,1778,1331));
#4870=IFCINDEXEDPOLYGONALFACE((1779,1770,1778));
#4871=IFCINDEXEDPOLYGONALFACE((1779,1782,1780));
#4872=IFCINDEXEDPOLYGONALFACE((1779,1780,1611));
#4873=IFCINDEXEDPOLYGONALFACE((1779,1611,1770));
#4874=IFCINDEXEDPOLYGONALFACE((1781,1779,1331));
#4875=IFCINDEXEDPOLYGONALFACE((1781,1782,1779));
#4876=IFCINDEXEDPOLYGONALFACE((1784,1782,1783));
#4877=IFCINDEXEDPOLYGONALFACE((1781,1783,1782));
#4878=IFCINDEXEDPOLYGONALFACE((1784,1780,1782));
#4879=IFCINDEXEDPOLYGONALFACE((1785,1784,1783));
#4880=IFCINDEXEDPOLYGONALFACE((1787,1784,1785));
#4881=IFCINDEXEDPOLYGONALFACE((1786,1607,1784));
#4882=IFCINDEXEDPOLYGONALFACE((1787,1786,1784));
#4883=IFCINDEXEDPOLYGONALFACE((1784,1607,1609));
#4884=IFCINDEXEDPOLYGONALFACE((1784,1609,1780));
#4885=IFCINDEXEDPOLYGONALFACE((1572,1787,1570));
#4886=IFCINDEXEDPOLYGONALFACE((1570,1787,1788));
#4887=IFCINDEXEDPOLYGONALFACE((1788,1787,1785));
#4888=IFCINDEXEDPOLYGONALFACE((1573,1787,1572));
#4889=IFCINDEXEDPOLYGONALFACE((1573,1786,1787));
#4890=IFCINDEXEDPOLYGONALFACE((1308,1788,1309));
#4891=IFCINDEXEDPOLYGONALFACE((1568,1788,1308));
#4892=IFCINDEXEDPOLYGONALFACE((1568,1789,1788));
#4893=IFCINDEXEDPOLYGONALFACE((1570,1788,1789));
#4894=IFCINDEXEDPOLYGONALFACE((1788,1785,1309));
#4895=IFCINDEXEDPOLYGONALFACE((1568,1790,1789));
#4896=IFCINDEXEDPOLYGONALFACE((1570,1789,1790));
#4897=IFCINDEXEDPOLYGONALFACE((1570,1790,1791));
#4898=IFCINDEXEDPOLYGONALFACE((1568,1791,1790));
#4899=IFCINDEXEDPOLYGONALFACE((1570,1791,1792));
#4900=IFCINDEXEDPOLYGONALFACE((1568,1792,1791));
#4901=IFCINDEXEDPOLYGONALFACE((1570,1792,1569));
#4902=IFCINDEXEDPOLYGONALFACE((1568,1569,1792));
#4903=IFCINDEXEDPOLYGONALFACE((1573,1793,1786));
#4904=IFCINDEXEDPOLYGONALFACE((1794,1786,1793));
#4905=IFCINDEXEDPOLYGONALFACE((1794,1607,1786));
#4906=IFCINDEXEDPOLYGONALFACE((1794,1798,1795));
#4907=IFCINDEXEDPOLYGONALFACE((1794,1795,1797));
#4908=IFCINDEXEDPOLYGONALFACE((1794,1793,1799));
#4909=IFCINDEXEDPOLYGONALFACE((1796,1607,1794));
#4910=IFCINDEXEDPOLYGONALFACE((1796,1794,1582));
#4911=IFCINDEXEDPOLYGONALFACE((1794,1574,1582));
#4912=IFCINDEXEDPOLYGONALFACE((1794,1797,1574));
#4913=IFCINDEXEDPOLYGONALFACE((1794,1799,1798));
#4914=IFCINDEXEDPOLYGONALFACE((1573,1799,1793));
#4915=IFCINDEXEDPOLYGONALFACE((1573,1798,1799));
#4916=IFCINDEXEDPOLYGONALFACE((1573,1795,1798));
#4917=IFCINDEXEDPOLYGONALFACE((1573,1797,1795));
#4918=IFCINDEXEDPOLYGONALFACE((1573,1574,1797));
#4919=IFCINDEXEDPOLYGONALFACE((1608,1796,1582));
#4920=IFCINDEXEDPOLYGONALFACE((1608,1607,1796));
#4921=IFCINDEXEDPOLYGONALFACE((1309,1785,1800));
#4922=IFCINDEXEDPOLYGONALFACE((1785,1801,1800));
#4923=IFCINDEXEDPOLYGONALFACE((1785,1783,1801));
#4924=IFCINDEXEDPOLYGONALFACE((1802,1801,1783));
#4925=IFCINDEXEDPOLYGONALFACE((1322,1800,1801));
#4926=IFCINDEXEDPOLYGONALFACE((1322,1801,1802));
#4927=IFCINDEXEDPOLYGONALFACE((1802,1328,1323));
#4928=IFCINDEXEDPOLYGONALFACE((1802,1781,1328));
#4929=IFCINDEXEDPOLYGONALFACE((1802,1783,1781));
#4930=IFCINDEXEDPOLYGONALFACE((1322,1802,1323));
#4931=IFCINDEXEDPOLYGONALFACE((1320,1800,1322));
#4932=IFCINDEXEDPOLYGONALFACE((1320,1311,1800));
#4933=IFCINDEXEDPOLYGONALFACE((1309,1800,1311));
#4934=IFCINDEXEDPOLYGONALFACE((1781,1331,1328));
#4935=IFCINDEXEDPOLYGONALFACE((1609,1611,1780));
#4936=IFCINDEXEDPOLYGONALFACE((1770,1771,1775));
#4937=IFCINDEXEDPOLYGONALFACE((1399,1397,1774));
#4938=IFCINDEXEDPOLYGONALFACE((1350,1774,1397));
#4939=IFCINDEXEDPOLYGONALFACE((1608,1582,1583));
#4940=IFCINDEXEDPOLYGONALFACE((1608,1602,1601));
#4941=IFCINDEXEDPOLYGONALFACE((1608,1603,1602));
#4942=IFCINDEXEDPOLYGONALFACE((1608,1605,1603));
#4943=IFCINDEXEDPOLYGONALFACE((1608,1604,1605));
#4944=IFCINDEXEDPOLYGONALFACE((1608,1583,1604));
#4945=IFCINDEXEDPOLYGONALFACE((1597,1600,1598));
#4946=IFCINDEXEDPOLYGONALFACE((1582,1574,1575));
#4947=IFCINDEXEDPOLYGONALFACE((1568,1803,1566));
#4948=IFCINDEXEDPOLYGONALFACE((1568,1308,1803));
#4949=IFCINDEXEDPOLYGONALFACE((1803,1804,1566));
#4950=IFCINDEXEDPOLYGONALFACE((1803,1308,1804));
#4951=IFCINDEXEDPOLYGONALFACE((1804,1308,1306));
#4952=IFCINDEXEDPOLYGONALFACE((1804,1553,1566));
#4953=IFCINDEXEDPOLYGONALFACE((1804,1806,1553));
#4954=IFCINDEXEDPOLYGONALFACE((1804,1306,1805));
#4955=IFCINDEXEDPOLYGONALFACE((1804,1805,1807));
#4956=IFCINDEXEDPOLYGONALFACE((1804,1809,1806));
#4957=IFCINDEXEDPOLYGONALFACE((1804,1807,1808));
#4958=IFCINDEXEDPOLYGONALFACE((1804,1808,1809));
#4959=IFCINDEXEDPOLYGONALFACE((1552,1806,1809));
#4960=IFCINDEXEDPOLYGONALFACE((1552,1809,1808));
#4961=IFCINDEXEDPOLYGONALFACE((1552,1808,1807));
#4962=IFCINDEXEDPOLYGONALFACE((1552,1807,1805));
#4963=IFCINDEXEDPOLYGONALFACE((1552,1553,1806));
#4964=IFCINDEXEDPOLYGONALFACE((1552,1805,1306));
#4965=IFCINDEXEDPOLYGONALFACE((1566,1553,1556));
#4966=IFCINDEXEDPOLYGONALFACE((1552,1305,1550));
#4967=IFCINDEXEDPOLYGONALFACE((1552,1306,1305));
#4968=IFCINDEXEDPOLYGONALFACE((1543,1297,900));
#4969=IFCINDEXEDPOLYGONALFACE((898,1543,900));
#4970=IFCINDEXEDPOLYGONALFACE((1543,1305,1297));
#4971=IFCINDEXEDPOLYGONALFACE((1541,898,897));
#4972=IFCINDEXEDPOLYGONALFACE((897,1810,1527));
#4973=IFCINDEXEDPOLYGONALFACE((894,1527,1810));
#4974=IFCINDEXEDPOLYGONALFACE((897,1811,1810));
#4975=IFCINDEXEDPOLYGONALFACE((894,1810,1811));
#4976=IFCINDEXEDPOLYGONALFACE((897,1812,1811));
#4977=IFCINDEXEDPOLYGONALFACE((894,1811,1812));
#4978=IFCINDEXEDPOLYGONALFACE((897,1813,1812));
#4979=IFCINDEXEDPOLYGONALFACE((894,1812,1813));
#4980=IFCINDEXEDPOLYGONALFACE((894,1813,896));
#4981=IFCINDEXEDPOLYGONALFACE((897,896,1813));
#4982=IFCINDEXEDPOLYGONALFACE((1514,1513,1526));
#4983=IFCINDEXEDPOLYGONALFACE((1515,1514,1526));
#4984=IFCINDEXEDPOLYGONALFACE((1511,1515,1526));
#4985=IFCINDEXEDPOLYGONALFACE((1521,1518,1500));
#4986=IFCINDEXEDPOLYGONALFACE((888,1814,1519));
#4987=IFCINDEXEDPOLYGONALFACE((889,1519,1814));
#4988=IFCINDEXEDPOLYGONALFACE((889,1517,1519));
#4989=IFCINDEXEDPOLYGONALFACE((888,1815,1814));
#4990=IFCINDEXEDPOLYGONALFACE((889,1814,1815));
#4991=IFCINDEXEDPOLYGONALFACE((889,1815,1816));
#4992=IFCINDEXEDPOLYGONALFACE((888,1816,1815));
#4993=IFCINDEXEDPOLYGONALFACE((888,1817,1816));
#4994=IFCINDEXEDPOLYGONALFACE((889,1816,1817));
#4995=IFCINDEXEDPOLYGONALFACE((888,890,1817));
#4996=IFCINDEXEDPOLYGONALFACE((889,1817,890));
#4997=IFCINDEXEDPOLYGONALFACE((1517,1818,1518));
#4998=IFCINDEXEDPOLYGONALFACE((1818,1500,1518));
#4999=IFCINDEXEDPOLYGONALFACE((1818,1459,1500));
#5000=IFCINDEXEDPOLYGONALFACE((878,1459,1818));
#5001=IFCINDEXEDPOLYGONALFACE((878,1818,1819));
#5002=IFCINDEXEDPOLYGONALFACE((1820,1819,1818));
#5003=IFCINDEXEDPOLYGONALFACE((1820,1818,1517));
#5004=IFCINDEXEDPOLYGONALFACE((1820,1821,1819));
#5005=IFCINDEXEDPOLYGONALFACE((1820,1825,1821));
#5006=IFCINDEXEDPOLYGONALFACE((1822,1820,1517));
#5007=IFCINDEXEDPOLYGONALFACE((1822,882,1820));
#5008=IFCINDEXEDPOLYGONALFACE((1820,882,879));
#5009=IFCINDEXEDPOLYGONALFACE((1820,1823,1824));
#5010=IFCINDEXEDPOLYGONALFACE((1820,879,1823));
#5011=IFCINDEXEDPOLYGONALFACE((1820,1824,1825));
#5012=IFCINDEXEDPOLYGONALFACE((878,1825,1824));
#5013=IFCINDEXEDPOLYGONALFACE((878,1821,1825));
#5014=IFCINDEXEDPOLYGONALFACE((878,1824,1823));
#5015=IFCINDEXEDPOLYGONALFACE((878,1823,879));
#5016=IFCINDEXEDPOLYGONALFACE((889,1822,1517));
#5017=IFCINDEXEDPOLYGONALFACE((889,882,1822));
#5018=IFCINDEXEDPOLYGONALFACE((878,1819,1821));
#5019=IFCINDEXEDPOLYGONALFACE((1504,1466,1505));
#5020=IFCINDEXEDPOLYGONALFACE((1505,1466,1494));
#5021=IFCINDEXEDPOLYGONALFACE((1503,1466,1504));
#5022=IFCINDEXEDPOLYGONALFACE((1501,1466,1503));
#5023=IFCINDEXEDPOLYGONALFACE((1502,1466,1501));
#5024=IFCINDEXEDPOLYGONALFACE((1471,1466,1502));
#5025=IFCINDEXEDPOLYGONALFACE((1459,1460,1500));
#5026=IFCINDEXEDPOLYGONALFACE((1500,1462,1465));
#5027=IFCINDEXEDPOLYGONALFACE((1500,1460,1462));
#5028=IFCINDEXEDPOLYGONALFACE((1500,1465,1467));
#5029=IFCINDEXEDPOLYGONALFACE((1500,1467,1468));
#5030=IFCINDEXEDPOLYGONALFACE((1500,1468,1469));
#5031=IFCINDEXEDPOLYGONALFACE((1500,1469,1471));
#5032=IFCINDEXEDPOLYGONALFACE((1440,1479,1476));
#5033=IFCINDEXEDPOLYGONALFACE((1442,1826,1476));
#5034=IFCINDEXEDPOLYGONALFACE((1440,1476,1826));
#5035=IFCINDEXEDPOLYGONALFACE((1442,1476,1446));
#5036=IFCINDEXEDPOLYGONALFACE((1446,1476,1470));
#5037=IFCINDEXEDPOLYGONALFACE((1442,1827,1826));
#5038=IFCINDEXEDPOLYGONALFACE((1440,1826,1827));
#5039=IFCINDEXEDPOLYGONALFACE((1442,1828,1827));
#5040=IFCINDEXEDPOLYGONALFACE((1440,1827,1828));
#5041=IFCINDEXEDPOLYGONALFACE((1442,1829,1828));
#5042=IFCINDEXEDPOLYGONALFACE((1440,1828,1829));
#5043=IFCINDEXEDPOLYGONALFACE((1442,1441,1829));
#5044=IFCINDEXEDPOLYGONALFACE((1440,1829,1441));
#5045=IFCINDEXEDPOLYGONALFACE((877,876,1459));
#5046=IFCINDEXEDPOLYGONALFACE((878,877,1459));
#5047=IFCINDEXEDPOLYGONALFACE((876,1453,1452));
#5048=IFCINDEXEDPOLYGONALFACE((876,874,1453));
#5049=IFCINDEXEDPOLYGONALFACE((876,1452,1451));
#5050=IFCINDEXEDPOLYGONALFACE((876,1451,1447));
#5051=IFCINDEXEDPOLYGONALFACE((876,1449,1450));
#5052=IFCINDEXEDPOLYGONALFACE((876,1448,1449));
#5053=IFCINDEXEDPOLYGONALFACE((876,1447,1448));
#5054=IFCINDEXEDPOLYGONALFACE((1444,1442,1446));
#5055=IFCINDEXEDPOLYGONALFACE((1438,873,859));
#5056=IFCINDEXEDPOLYGONALFACE((1438,859,856));
#5057=IFCINDEXEDPOLYGONALFACE((1408,1390,1391));
#5058=IFCINDEXEDPOLYGONALFACE((1405,1408,1391));
#5059=IFCINDEXEDPOLYGONALFACE((1405,1391,1392));
#5060=IFCINDEXEDPOLYGONALFACE((1394,1405,1392));
#5061=IFCINDEXEDPOLYGONALFACE((1373,1364,1363));
#5062=IFCINDEXEDPOLYGONALFACE((1373,1363,1362));
#5063=IFCINDEXEDPOLYGONALFACE((1371,1830,1372));
#5064=IFCINDEXEDPOLYGONALFACE((1370,1372,819));
#5065=IFCINDEXEDPOLYGONALFACE((1372,1830,819));
#5066=IFCINDEXEDPOLYGONALFACE((1371,1831,1830));
#5067=IFCINDEXEDPOLYGONALFACE((1830,1831,819));
#5068=IFCINDEXEDPOLYGONALFACE((1371,830,1831));
#5069=IFCINDEXEDPOLYGONALFACE((1831,821,819));
#5070=IFCINDEXEDPOLYGONALFACE((1831,831,821));
#5071=IFCINDEXEDPOLYGONALFACE((830,831,1831));
#5072=IFCINDEXEDPOLYGONALFACE((835,830,1371));
#5073=IFCINDEXEDPOLYGONALFACE((1368,1370,818));
#5074=IFCINDEXEDPOLYGONALFACE((1370,819,818));
#5075=IFCINDEXEDPOLYGONALFACE((1358,1357,1355));
#5076=IFCINDEXEDPOLYGONALFACE((1357,1356,1355));
#5077=IFCINDEXEDPOLYGONALFACE((1356,1832,1355));
#5078=IFCINDEXEDPOLYGONALFACE((1356,1834,1832));
#5079=IFCINDEXEDPOLYGONALFACE((1356,818,815));
#5080=IFCINDEXEDPOLYGONALFACE((1356,815,1833));
#5081=IFCINDEXEDPOLYGONALFACE((1356,1833,1834));
#5082=IFCINDEXEDPOLYGONALFACE((1836,1834,1833));
#5083=IFCINDEXEDPOLYGONALFACE((1835,1832,1834));
#5084=IFCINDEXEDPOLYGONALFACE((1836,1835,1834));
#5085=IFCINDEXEDPOLYGONALFACE((1838,1837,1836));
#5086=IFCINDEXEDPOLYGONALFACE((1837,1835,1836));
#5087=IFCINDEXEDPOLYGONALFACE((1838,1836,816));
#5088=IFCINDEXEDPOLYGONALFACE((816,1836,1833));
#5089=IFCINDEXEDPOLYGONALFACE((1839,1838,813));
#5090=IFCINDEXEDPOLYGONALFACE((813,1838,816));
#5091=IFCINDEXEDPOLYGONALFACE((1839,1840,1838));
#5092=IFCINDEXEDPOLYGONALFACE((1840,1837,1838));
#5093=IFCINDEXEDPOLYGONALFACE((1840,1841,1837));
#5094=IFCINDEXEDPOLYGONALFACE((801,1841,1840));
#5095=IFCINDEXEDPOLYGONALFACE((802,1840,1839));
#5096=IFCINDEXEDPOLYGONALFACE((802,801,1840));
#5097=IFCINDEXEDPOLYGONALFACE((1841,1842,1843));
#5098=IFCINDEXEDPOLYGONALFACE((1844,1842,1841));
#5099=IFCINDEXEDPOLYGONALFACE((1841,1843,1837));
#5100=IFCINDEXEDPOLYGONALFACE((801,1844,1841));
#5101=IFCINDEXEDPOLYGONALFACE((1845,1846,1844));
#5102=IFCINDEXEDPOLYGONALFACE((800,1845,1844));
#5103=IFCINDEXEDPOLYGONALFACE((800,1844,801));
#5104=IFCINDEXEDPOLYGONALFACE((1844,1846,1842));
#5105=IFCINDEXEDPOLYGONALFACE((1846,1847,1842));
#5106=IFCINDEXEDPOLYGONALFACE((1846,1848,1847));
#5107=IFCINDEXEDPOLYGONALFACE((1849,1848,1846));
#5108=IFCINDEXEDPOLYGONALFACE((1845,1849,1846));
#5109=IFCINDEXEDPOLYGONALFACE((1849,1850,1848));
#5110=IFCINDEXEDPOLYGONALFACE((1852,1850,1849));
#5111=IFCINDEXEDPOLYGONALFACE((1851,1849,1845));
#5112=IFCINDEXEDPOLYGONALFACE((1851,1852,1849));
#5113=IFCINDEXEDPOLYGONALFACE((1853,1854,1852));
#5114=IFCINDEXEDPOLYGONALFACE((1855,1853,1852));
#5115=IFCINDEXEDPOLYGONALFACE((1852,1854,1850));
#5116=IFCINDEXEDPOLYGONALFACE((1855,1852,1851));
#5117=IFCINDEXEDPOLYGONALFACE((1856,1858,1855));
#5118=IFCINDEXEDPOLYGONALFACE((1856,1855,1857));
#5119=IFCINDEXEDPOLYGONALFACE((1858,1853,1855));
#5120=IFCINDEXEDPOLYGONALFACE((1857,1855,1851));
#5121=IFCINDEXEDPOLYGONALFACE((158,1858,1860));
#5122=IFCINDEXEDPOLYGONALFACE((158,1859,1858));
#5123=IFCINDEXEDPOLYGONALFACE((1858,1859,1853));
#5124=IFCINDEXEDPOLYGONALFACE((1856,1860,1858));
#5125=IFCINDEXEDPOLYGONALFACE((132,1861,1860));
#5126=IFCINDEXEDPOLYGONALFACE((129,132,1860));
#5127=IFCINDEXEDPOLYGONALFACE((158,1860,1861));
#5128=IFCINDEXEDPOLYGONALFACE((129,1860,1862));
#5129=IFCINDEXEDPOLYGONALFACE((1856,1862,1860));
#5130=IFCINDEXEDPOLYGONALFACE((1863,788,1862));
#5131=IFCINDEXEDPOLYGONALFACE((129,1862,788));
#5132=IFCINDEXEDPOLYGONALFACE((1863,1862,1856));
#5133=IFCINDEXEDPOLYGONALFACE((789,788,1863));
#5134=IFCINDEXEDPOLYGONALFACE((789,1863,794));
#5135=IFCINDEXEDPOLYGONALFACE((1863,1857,794));
#5136=IFCINDEXEDPOLYGONALFACE((1863,1856,1857));
#5137=IFCINDEXEDPOLYGONALFACE((132,1865,1861));
#5138=IFCINDEXEDPOLYGONALFACE((158,1861,1864));
#5139=IFCINDEXEDPOLYGONALFACE((1865,1864,1861));
#5140=IFCINDEXEDPOLYGONALFACE((131,136,1865));
#5141=IFCINDEXEDPOLYGONALFACE((136,142,1865));
#5142=IFCINDEXEDPOLYGONALFACE((1865,142,1866));
#5143=IFCINDEXEDPOLYGONALFACE((131,1865,132));
#5144=IFCINDEXEDPOLYGONALFACE((1865,1866,1864));
#5145=IFCINDEXEDPOLYGONALFACE((158,1864,1866));
#5146=IFCINDEXEDPOLYGONALFACE((158,1866,159));
#5147=IFCINDEXEDPOLYGONALFACE((142,159,1866));
#5148=IFCINDEXEDPOLYGONALFACE((158,1867,1859));
#5149=IFCINDEXEDPOLYGONALFACE((1859,1867,1868));
#5150=IFCINDEXEDPOLYGONALFACE((1859,1868,1853));
#5151=IFCINDEXEDPOLYGONALFACE((1867,1870,1868));
#5152=IFCINDEXEDPOLYGONALFACE((1853,1868,1854));
#5153=IFCINDEXEDPOLYGONALFACE((1868,1869,1854));
#5154=IFCINDEXEDPOLYGONALFACE((1868,1870,1869));
#5155=IFCINDEXEDPOLYGONALFACE((1867,1871,1870));
#5156=IFCINDEXEDPOLYGONALFACE((1870,1872,1869));
#5157=IFCINDEXEDPOLYGONALFACE((1871,1873,1870));
#5158=IFCINDEXEDPOLYGONALFACE((1870,1873,1872));
#5159=IFCINDEXEDPOLYGONALFACE((1873,169,1872));
#5160=IFCINDEXEDPOLYGONALFACE((163,169,1873));
#5161=IFCINDEXEDPOLYGONALFACE((1871,163,1873));
#5162=IFCINDEXEDPOLYGONALFACE((1869,1872,1874));
#5163=IFCINDEXEDPOLYGONALFACE((1872,1875,1874));
#5164=IFCINDEXEDPOLYGONALFACE((1872,170,1875));
#5165=IFCINDEXEDPOLYGONALFACE((169,170,1872));
#5166=IFCINDEXEDPOLYGONALFACE((1875,172,1877));
#5167=IFCINDEXEDPOLYGONALFACE((170,172,1875));
#5168=IFCINDEXEDPOLYGONALFACE((1875,1877,1876));
#5169=IFCINDEXEDPOLYGONALFACE((1874,1875,1876));
#5170=IFCINDEXEDPOLYGONALFACE((1876,1877,1878));
#5171=IFCINDEXEDPOLYGONALFACE((1878,1877,1879));
#5172=IFCINDEXEDPOLYGONALFACE((1877,1880,1879));
#5173=IFCINDEXEDPOLYGONALFACE((1877,174,1880));
#5174=IFCINDEXEDPOLYGONALFACE((172,174,1877));
#5175=IFCINDEXEDPOLYGONALFACE((179,1880,174));
#5176=IFCINDEXEDPOLYGONALFACE((1882,1881,1880));
#5177=IFCINDEXEDPOLYGONALFACE((1879,1880,1881));
#5178=IFCINDEXEDPOLYGONALFACE((179,1882,1880));
#5179=IFCINDEXEDPOLYGONALFACE((1882,1883,1240));
#5180=IFCINDEXEDPOLYGONALFACE((1882,1240,1242));
#5181=IFCINDEXEDPOLYGONALFACE((179,1883,1882));
#5182=IFCINDEXEDPOLYGONALFACE((1882,1242,1881));
#5183=IFCINDEXEDPOLYGONALFACE((178,1228,1883));
#5184=IFCINDEXEDPOLYGONALFACE((179,178,1883));
#5185=IFCINDEXEDPOLYGONALFACE((1883,1228,1231));
#5186=IFCINDEXEDPOLYGONALFACE((1883,1231,1240));
#5187=IFCINDEXEDPOLYGONALFACE((1242,1884,1881));
#5188=IFCINDEXEDPOLYGONALFACE((1885,1881,1884));
#5189=IFCINDEXEDPOLYGONALFACE((1879,1881,1885));
#5190=IFCINDEXEDPOLYGONALFACE((1885,1884,1886));
#5191=IFCINDEXEDPOLYGONALFACE((1887,1885,1886));
#5192=IFCINDEXEDPOLYGONALFACE((1878,1879,1885));
#5193=IFCINDEXEDPOLYGONALFACE((1878,1885,1887));
#5194=IFCINDEXEDPOLYGONALFACE((1887,1886,1888));
#5195=IFCINDEXEDPOLYGONALFACE((1890,1887,1888));
#5196=IFCINDEXEDPOLYGONALFACE((1889,1878,1887));
#5197=IFCINDEXEDPOLYGONALFACE((1889,1887,1890));
#5198=IFCINDEXEDPOLYGONALFACE((1893,1889,1890));
#5199=IFCINDEXEDPOLYGONALFACE((1890,1888,1892));
#5200=IFCINDEXEDPOLYGONALFACE((1893,1890,1891));
#5201=IFCINDEXEDPOLYGONALFACE((1891,1890,1892));
#5202=IFCINDEXEDPOLYGONALFACE((1894,1889,1893));
#5203=IFCINDEXEDPOLYGONALFACE((1848,1894,1893));
#5204=IFCINDEXEDPOLYGONALFACE((1848,1893,1847));
#5205=IFCINDEXEDPOLYGONALFACE((1847,1893,1891));
#5206=IFCINDEXEDPOLYGONALFACE((1895,1896,1894));
#5207=IFCINDEXEDPOLYGONALFACE((1850,1895,1894));
#5208=IFCINDEXEDPOLYGONALFACE((1894,1896,1889));
#5209=IFCINDEXEDPOLYGONALFACE((1850,1894,1848));
#5210=IFCINDEXEDPOLYGONALFACE((1895,1874,1896));
#5211=IFCINDEXEDPOLYGONALFACE((1896,1876,1878));
#5212=IFCINDEXEDPOLYGONALFACE((1874,1876,1896));
#5213=IFCINDEXEDPOLYGONALFACE((1896,1878,1889));
#5214=IFCINDEXEDPOLYGONALFACE((1854,1895,1850));
#5215=IFCINDEXEDPOLYGONALFACE((1854,1869,1895));
#5216=IFCINDEXEDPOLYGONALFACE((1869,1874,1895));
#5217=IFCINDEXEDPOLYGONALFACE((1891,1892,1897));
#5218=IFCINDEXEDPOLYGONALFACE((1897,1892,1898));
#5219=IFCINDEXEDPOLYGONALFACE((1892,1899,1898));
#5220=IFCINDEXEDPOLYGONALFACE((1892,1888,1899));
#5221=IFCINDEXEDPOLYGONALFACE((1355,1898,1899));
#5222=IFCINDEXEDPOLYGONALFACE((1355,1899,1251));
#5223=IFCINDEXEDPOLYGONALFACE((1888,1251,1899));
#5224=IFCINDEXEDPOLYGONALFACE((1897,1898,1900));
#5225=IFCINDEXEDPOLYGONALFACE((1355,1900,1898));
#5226=IFCINDEXEDPOLYGONALFACE((1901,1900,1832));
#5227=IFCINDEXEDPOLYGONALFACE((1901,1897,1900));
#5228=IFCINDEXEDPOLYGONALFACE((1355,1832,1900));
#5229=IFCINDEXEDPOLYGONALFACE((1902,1897,1901));
#5230=IFCINDEXEDPOLYGONALFACE((1843,1902,1901));
#5231=IFCINDEXEDPOLYGONALFACE((1843,1901,1835));
#5232=IFCINDEXEDPOLYGONALFACE((1835,1901,1832));
#5233=IFCINDEXEDPOLYGONALFACE((1842,1847,1902));
#5234=IFCINDEXEDPOLYGONALFACE((1847,1891,1902));
#5235=IFCINDEXEDPOLYGONALFACE((1842,1902,1843));
#5236=IFCINDEXEDPOLYGONALFACE((1902,1891,1897));
#5237=IFCINDEXEDPOLYGONALFACE((1888,1886,1251));
#5238=IFCINDEXEDPOLYGONALFACE((1886,1884,1248));
#5239=IFCINDEXEDPOLYGONALFACE((1886,1248,1251));
#5240=IFCINDEXEDPOLYGONALFACE((1242,1243,1884));
#5241=IFCINDEXEDPOLYGONALFACE((1243,1248,1884));
#5242=IFCINDEXEDPOLYGONALFACE((158,1871,1867));
#5243=IFCINDEXEDPOLYGONALFACE((158,163,1871));
#5244=IFCINDEXEDPOLYGONALFACE((1857,1851,1903));
#5245=IFCINDEXEDPOLYGONALFACE((794,1857,1903));
#5246=IFCINDEXEDPOLYGONALFACE((1903,1845,800));
#5247=IFCINDEXEDPOLYGONALFACE((1903,1851,1845));
#5248=IFCINDEXEDPOLYGONALFACE((795,1903,800));
#5249=IFCINDEXEDPOLYGONALFACE((794,1903,795));
#5250=IFCINDEXEDPOLYGONALFACE((1837,1843,1835));
#5251=IFCINDEXEDPOLYGONALFACE((804,1839,813));
#5252=IFCINDEXEDPOLYGONALFACE((802,1839,804));
#5253=IFCINDEXEDPOLYGONALFACE((816,1833,815));
#5254=IFCINDEXEDPOLYGONALFACE((1346,1355,1251));
#5255=IFCINDEXEDPOLYGONALFACE((1312,1311,1320));
#5256=IFCINDEXEDPOLYGONALFACE((1292,1303,1290));
#5257=IFCINDEXEDPOLYGONALFACE((1299,1298,1904));
#5258=IFCINDEXEDPOLYGONALFACE((1299,1904,1905));
#5259=IFCINDEXEDPOLYGONALFACE((1906,1299,1905));
#5260=IFCINDEXEDPOLYGONALFACE((1906,901,1299));
#5261=IFCINDEXEDPOLYGONALFACE((1906,1905,1907));
#5262=IFCINDEXEDPOLYGONALFACE((1908,1906,1907));
#5263=IFCINDEXEDPOLYGONALFACE((1908,901,1906));
#5264=IFCINDEXEDPOLYGONALFACE((1908,1907,1909));
#5265=IFCINDEXEDPOLYGONALFACE((1910,1908,1909));
#5266=IFCINDEXEDPOLYGONALFACE((1910,901,1908));
#5267=IFCINDEXEDPOLYGONALFACE((1910,1909,1911));
#5268=IFCINDEXEDPOLYGONALFACE((1912,1910,1911));
#5269=IFCINDEXEDPOLYGONALFACE((1912,901,1910));
#5270=IFCINDEXEDPOLYGONALFACE((1912,1911,1913));
#5271=IFCINDEXEDPOLYGONALFACE((908,1912,1913));
#5272=IFCINDEXEDPOLYGONALFACE((908,901,1912));
#5273=IFCINDEXEDPOLYGONALFACE((1913,1911,1916));
#5274=IFCINDEXEDPOLYGONALFACE((908,1913,1914));
#5275=IFCINDEXEDPOLYGONALFACE((1914,1913,1915));
#5276=IFCINDEXEDPOLYGONALFACE((1913,1916,1915));
#5277=IFCINDEXEDPOLYGONALFACE((1273,1916,1917));
#5278=IFCINDEXEDPOLYGONALFACE((1273,1915,1916));
#5279=IFCINDEXEDPOLYGONALFACE((1911,1917,1916));
#5280=IFCINDEXEDPOLYGONALFACE((1273,1917,1282));
#5281=IFCINDEXEDPOLYGONALFACE((1909,1282,1917));
#5282=IFCINDEXEDPOLYGONALFACE((1911,1909,1917));
#5283=IFCINDEXEDPOLYGONALFACE((1273,1918,1915));
#5284=IFCINDEXEDPOLYGONALFACE((1914,1915,1918));
#5285=IFCINDEXEDPOLYGONALFACE((1920,1918,1919));
#5286=IFCINDEXEDPOLYGONALFACE((1919,1918,1273));
#5287=IFCINDEXEDPOLYGONALFACE((1920,914,1918));
#5288=IFCINDEXEDPOLYGONALFACE((911,1918,914));
#5289=IFCINDEXEDPOLYGONALFACE((911,1914,1918));
#5290=IFCINDEXEDPOLYGONALFACE((1920,1919,947));
#5291=IFCINDEXEDPOLYGONALFACE((931,1920,947));
#5292=IFCINDEXEDPOLYGONALFACE((931,914,1920));
#5293=IFCINDEXEDPOLYGONALFACE((1919,1273,947));
#5294=IFCINDEXEDPOLYGONALFACE((909,908,1914));
#5295=IFCINDEXEDPOLYGONALFACE((909,1914,911));
#5296=IFCINDEXEDPOLYGONALFACE((1909,1907,1282));
#5297=IFCINDEXEDPOLYGONALFACE((1907,1905,1283));
#5298=IFCINDEXEDPOLYGONALFACE((1907,1283,1282));
#5299=IFCINDEXEDPOLYGONALFACE((1905,1286,1283));
#5300=IFCINDEXEDPOLYGONALFACE((1905,1904,1286));
#5301=IFCINDEXEDPOLYGONALFACE((1298,1921,1904));
#5302=IFCINDEXEDPOLYGONALFACE((1904,1921,1285));
#5303=IFCINDEXEDPOLYGONALFACE((1904,1285,1286));
#5304=IFCINDEXEDPOLYGONALFACE((1298,1295,1921));
#5305=IFCINDEXEDPOLYGONALFACE((1921,1293,1284));
#5306=IFCINDEXEDPOLYGONALFACE((1921,1284,1285));
#5307=IFCINDEXEDPOLYGONALFACE((1295,1293,1921));
#5308=IFCINDEXEDPOLYGONALFACE((1293,1287,1284));
#5309=IFCINDEXEDPOLYGONALFACE((1275,1255,1254));
#5310=IFCINDEXEDPOLYGONALFACE((1272,1271,1922));
#5311=IFCINDEXEDPOLYGONALFACE((1923,1272,1922));
#5312=IFCINDEXEDPOLYGONALFACE((1923,947,1272));
#5313=IFCINDEXEDPOLYGONALFACE((1923,1922,1924));
#5314=IFCINDEXEDPOLYGONALFACE((1923,1924,1925));
#5315=IFCINDEXEDPOLYGONALFACE((1923,1929,947));
#5316=IFCINDEXEDPOLYGONALFACE((1923,1925,1926));
#5317=IFCINDEXEDPOLYGONALFACE((1923,1926,1927));
#5318=IFCINDEXEDPOLYGONALFACE((1923,1927,1928));
#5319=IFCINDEXEDPOLYGONALFACE((1923,1928,1929));
#5320=IFCINDEXEDPOLYGONALFACE((952,1929,953));
#5321=IFCINDEXEDPOLYGONALFACE((1929,1928,953));
#5322=IFCINDEXEDPOLYGONALFACE((947,1929,952));
#5323=IFCINDEXEDPOLYGONALFACE((1928,1927,953));
#5324=IFCINDEXEDPOLYGONALFACE((1927,1926,1930));
#5325=IFCINDEXEDPOLYGONALFACE((1927,1930,953));
#5326=IFCINDEXEDPOLYGONALFACE((1930,1931,956));
#5327=IFCINDEXEDPOLYGONALFACE((1930,1932,1931));
#5328=IFCINDEXEDPOLYGONALFACE((1925,1932,1930));
#5329=IFCINDEXEDPOLYGONALFACE((1926,1925,1930));
#5330=IFCINDEXEDPOLYGONALFACE((953,1930,956));
#5331=IFCINDEXEDPOLYGONALFACE((1236,1931,1932));
#5332=IFCINDEXEDPOLYGONALFACE((1922,1933,1932));
#5333=IFCINDEXEDPOLYGONALFACE((1236,1932,1933));
#5334=IFCINDEXEDPOLYGONALFACE((1925,1924,1932));
#5335=IFCINDEXEDPOLYGONALFACE((1924,1922,1932));
#5336=IFCINDEXEDPOLYGONALFACE((1236,1933,1257));
#5337=IFCINDEXEDPOLYGONALFACE((1270,1257,1933));
#5338=IFCINDEXEDPOLYGONALFACE((1922,1271,1933));
#5339=IFCINDEXEDPOLYGONALFACE((1271,1270,1933));
#5340=IFCINDEXEDPOLYGONALFACE((964,1931,1234));
#5341=IFCINDEXEDPOLYGONALFACE((1236,1234,1931));
#5342=IFCINDEXEDPOLYGONALFACE((964,956,1931));
#5343=IFCINDEXEDPOLYGONALFACE((1270,1269,1257));
#5344=IFCINDEXEDPOLYGONALFACE((1269,1268,1257));
#5345=IFCINDEXEDPOLYGONALFACE((1268,1265,1257));
#5346=IFCINDEXEDPOLYGONALFACE((964,955,956));
#5347=IFCINDEXEDPOLYGONALFACE((947,952,949));
#5348=IFCINDEXEDPOLYGONALFACE((935,936,938));
#5349=IFCINDEXEDPOLYGONALFACE((931,913,914));
#5350=IFCINDEXEDPOLYGONALFACE((931,920,918));
#5351=IFCINDEXEDPOLYGONALFACE((931,922,920));
#5352=IFCINDEXEDPOLYGONALFACE((931,918,916));
#5353=IFCINDEXEDPOLYGONALFACE((931,916,913));
#5354=IFCINDEXEDPOLYGONALFACE((864,928,865));
#5355=IFCINDEXEDPOLYGONALFACE((864,926,928));
#5356=IFCINDEXEDPOLYGONALFACE((926,883,885));
#5357=IFCINDEXEDPOLYGONALFACE((864,883,926));
#5358=IFCINDEXEDPOLYGONALFACE((886,892,907));
#5359=IFCINDEXEDPOLYGONALFACE((886,907,885));
#5360=IFCINDEXEDPOLYGONALFACE((864,863,883));
#5361=IFCINDEXEDPOLYGONALFACE((873,858,859));
#5362=IFCINDEXEDPOLYGONALFACE((866,854,853));
#5363=IFCINDEXEDPOLYGONALFACE((826,833,827));
#5364=IFCINDEXEDPOLYGONALFACE((810,812,823));
#5365=IFCINDEXEDPOLYGONALFACE((796,798,806));
#5366=IFCINDEXEDPOLYGONALFACE((791,786,785));
#5367=IFCINDEXEDPOLYGONALFACE((128,129,788));
#5368=IFCINDEXEDPOLYGONALFACE((756,771,754));
#5369=IFCINDEXEDPOLYGONALFACE((760,27,33));
#5370=IFCINDEXEDPOLYGONALFACE((760,729,27));
#5371=IFCINDEXEDPOLYGONALFACE((738,739,744));
#5372=IFCINDEXEDPOLYGONALFACE((728,736,1934));
#5373=IFCINDEXEDPOLYGONALFACE((1934,736,1935));
#5374=IFCINDEXEDPOLYGONALFACE((736,734,1935));
#5375=IFCINDEXEDPOLYGONALFACE((11,1935,1936));
#5376=IFCINDEXEDPOLYGONALFACE((11,1934,1935));
#5377=IFCINDEXEDPOLYGONALFACE((1935,734,1936));
#5378=IFCINDEXEDPOLYGONALFACE((11,1936,1937));
#5379=IFCINDEXEDPOLYGONALFACE((1936,735,1937));
#5380=IFCINDEXEDPOLYGONALFACE((734,735,1936));
#5381=IFCINDEXEDPOLYGONALFACE((735,733,1937));
#5382=IFCINDEXEDPOLYGONALFACE((1937,733,1938));
#5383=IFCINDEXEDPOLYGONALFACE((11,1937,1938));
#5384=IFCINDEXEDPOLYGONALFACE((1938,731,1939));
#5385=IFCINDEXEDPOLYGONALFACE((733,731,1938));
#5386=IFCINDEXEDPOLYGONALFACE((11,1938,1939));
#5387=IFCINDEXEDPOLYGONALFACE((11,1939,1940));
#5388=IFCINDEXEDPOLYGONALFACE((1939,732,1940));
#5389=IFCINDEXEDPOLYGONALFACE((731,732,1939));
#5390=IFCINDEXEDPOLYGONALFACE((11,1940,719));
#5391=IFCINDEXEDPOLYGONALFACE((1940,730,719));
#5392=IFCINDEXEDPOLYGONALFACE((732,730,1940));
#5393=IFCINDEXEDPOLYGONALFACE((1941,728,1934));
#5394=IFCINDEXEDPOLYGONALFACE((11,1941,1934));
#5395=IFCINDEXEDPOLYGONALFACE((1942,728,1941));
#5396=IFCINDEXEDPOLYGONALFACE((1943,1942,1941));
#5397=IFCINDEXEDPOLYGONALFACE((11,1943,1941));
#5398=IFCINDEXEDPOLYGONALFACE((15,1944,1943));
#5399=IFCINDEXEDPOLYGONALFACE((11,15,1943));
#5400=IFCINDEXEDPOLYGONALFACE((1944,1942,1943));
#5401=IFCINDEXEDPOLYGONALFACE((25,1944,15));
#5402=IFCINDEXEDPOLYGONALFACE((27,1944,25));
#5403=IFCINDEXEDPOLYGONALFACE((27,1942,1944));
#5404=IFCINDEXEDPOLYGONALFACE((27,728,1942));
#5405=IFCINDEXEDPOLYGONALFACE((730,726,719));
#5406=IFCINDEXEDPOLYGONALFACE((719,726,720));
#5407=IFCINDEXEDPOLYGONALFACE((692,1945,723));
#5408=IFCINDEXEDPOLYGONALFACE((723,1945,718));
#5409=IFCINDEXEDPOLYGONALFACE((692,1946,1945));
#5410=IFCINDEXEDPOLYGONALFACE((1945,1946,717));
#5411=IFCINDEXEDPOLYGONALFACE((718,1945,717));
#5412=IFCINDEXEDPOLYGONALFACE((692,1947,1946));
#5413=IFCINDEXEDPOLYGONALFACE((1946,1947,716));
#5414=IFCINDEXEDPOLYGONALFACE((717,1946,716));
#5415=IFCINDEXEDPOLYGONALFACE((692,1948,1947));
#5416=IFCINDEXEDPOLYGONALFACE((716,1947,715));
#5417=IFCINDEXEDPOLYGONALFACE((1947,1948,715));
#5418=IFCINDEXEDPOLYGONALFACE((692,711,1948));
#5419=IFCINDEXEDPOLYGONALFACE((1948,711,712));
#5420=IFCINDEXEDPOLYGONALFACE((715,1948,712));
#5421=IFCINDEXEDPOLYGONALFACE((9,714,7));
#5422=IFCINDEXEDPOLYGONALFACE((674,5,714));
#5423=IFCINDEXEDPOLYGONALFACE((714,5,6));
#5424=IFCINDEXEDPOLYGONALFACE((7,714,6));
#5425=IFCINDEXEDPOLYGONALFACE((692,698,711));
#5426=IFCINDEXEDPOLYGONALFACE((688,679,673));
#5427=IFCINDEXEDPOLYGONALFACE((687,686,671));
#5428=IFCINDEXEDPOLYGONALFACE((672,687,671));
#5429=IFCINDEXEDPOLYGONALFACE((677,687,672));
#5430=IFCINDEXEDPOLYGONALFACE((671,686,670));
#5431=IFCINDEXEDPOLYGONALFACE((686,684,670));
#5432=IFCINDEXEDPOLYGONALFACE((685,681,668));
#5433=IFCINDEXEDPOLYGONALFACE((669,685,668));
#5434=IFCINDEXEDPOLYGONALFACE((684,685,669));
#5435=IFCINDEXEDPOLYGONALFACE((670,684,669));
#5436=IFCINDEXEDPOLYGONALFACE((683,252,1949));
#5437=IFCINDEXEDPOLYGONALFACE((683,1949,1950));
#5438=IFCINDEXEDPOLYGONALFACE((683,1950,1951));
#5439=IFCINDEXEDPOLYGONALFACE((683,1951,1954));
#5440=IFCINDEXEDPOLYGONALFACE((683,1952,681));
#5441=IFCINDEXEDPOLYGONALFACE((683,1953,1952));
#5442=IFCINDEXEDPOLYGONALFACE((683,1957,1953));
#5443=IFCINDEXEDPOLYGONALFACE((683,1954,1956));
#5444=IFCINDEXEDPOLYGONALFACE((683,1955,1957));
#5445=IFCINDEXEDPOLYGONALFACE((683,1956,1955));
#5446=IFCINDEXEDPOLYGONALFACE((1957,1955,661));
#5447=IFCINDEXEDPOLYGONALFACE((664,1957,661));
#5448=IFCINDEXEDPOLYGONALFACE((1953,1957,664));
#5449=IFCINDEXEDPOLYGONALFACE((1956,1954,662));
#5450=IFCINDEXEDPOLYGONALFACE((1955,1956,660));
#5451=IFCINDEXEDPOLYGONALFACE((660,1956,662));
#5452=IFCINDEXEDPOLYGONALFACE((661,1955,660));
#5453=IFCINDEXEDPOLYGONALFACE((662,1954,663));
#5454=IFCINDEXEDPOLYGONALFACE((1954,1951,663));
#5455=IFCINDEXEDPOLYGONALFACE((1952,1953,665));
#5456=IFCINDEXEDPOLYGONALFACE((665,1953,664));
#5457=IFCINDEXEDPOLYGONALFACE((681,1952,667));
#5458=IFCINDEXEDPOLYGONALFACE((667,1952,665));
#5459=IFCINDEXEDPOLYGONALFACE((663,1951,659));
#5460=IFCINDEXEDPOLYGONALFACE((1951,1950,659));
#5461=IFCINDEXEDPOLYGONALFACE((1950,1949,658));
#5462=IFCINDEXEDPOLYGONALFACE((659,1950,658));
#5463=IFCINDEXEDPOLYGONALFACE((658,1949,657));
#5464=IFCINDEXEDPOLYGONALFACE((1949,1958,657));
#5465=IFCINDEXEDPOLYGONALFACE((252,1958,1949));
#5466=IFCINDEXEDPOLYGONALFACE((1958,1959,656));
#5467=IFCINDEXEDPOLYGONALFACE((252,1959,1958));
#5468=IFCINDEXEDPOLYGONALFACE((657,1958,656));
#5469=IFCINDEXEDPOLYGONALFACE((656,1959,655));
#5470=IFCINDEXEDPOLYGONALFACE((1959,1960,655));
#5471=IFCINDEXEDPOLYGONALFACE((252,1960,1959));
#5472=IFCINDEXEDPOLYGONALFACE((655,1960,1961));
#5473=IFCINDEXEDPOLYGONALFACE((1960,1962,1961));
#5474=IFCINDEXEDPOLYGONALFACE((252,1962,1960));
#5475=IFCINDEXEDPOLYGONALFACE((1961,1962,1963));
#5476=IFCINDEXEDPOLYGONALFACE((1962,1964,1963));
#5477=IFCINDEXEDPOLYGONALFACE((252,1964,1962));
#5478=IFCINDEXEDPOLYGONALFACE((1964,1965,1966));
#5479=IFCINDEXEDPOLYGONALFACE((252,1965,1964));
#5480=IFCINDEXEDPOLYGONALFACE((1963,1964,1966));
#5481=IFCINDEXEDPOLYGONALFACE((273,1963,1966));
#5482=IFCINDEXEDPOLYGONALFACE((1966,1965,1967));
#5483=IFCINDEXEDPOLYGONALFACE((273,1966,1967));
#5484=IFCINDEXEDPOLYGONALFACE((1967,1969,1968));
#5485=IFCINDEXEDPOLYGONALFACE((273,1967,1968));
#5486=IFCINDEXEDPOLYGONALFACE((1965,1969,1967));
#5487=IFCINDEXEDPOLYGONALFACE((252,1970,1969));
#5488=IFCINDEXEDPOLYGONALFACE((1969,1970,1968));
#5489=IFCINDEXEDPOLYGONALFACE((252,1969,1965));
#5490=IFCINDEXEDPOLYGONALFACE((1968,1970,1971));
#5491=IFCINDEXEDPOLYGONALFACE((1970,259,1971));
#5492=IFCINDEXEDPOLYGONALFACE((252,259,1970));
#5493=IFCINDEXEDPOLYGONALFACE((273,1971,1972));
#5494=IFCINDEXEDPOLYGONALFACE((273,1968,1971));
#5495=IFCINDEXEDPOLYGONALFACE((1971,259,1972));
#5496=IFCINDEXEDPOLYGONALFACE((273,1972,1973));
#5497=IFCINDEXEDPOLYGONALFACE((1972,258,1973));
#5498=IFCINDEXEDPOLYGONALFACE((259,258,1972));
#5499=IFCINDEXEDPOLYGONALFACE((258,256,1973));
#5500=IFCINDEXEDPOLYGONALFACE((1973,256,274));
#5501=IFCINDEXEDPOLYGONALFACE((273,1973,274));
#5502=IFCINDEXEDPOLYGONALFACE((273,1961,1963));
#5503=IFCINDEXEDPOLYGONALFACE((273,655,1961));
#5504=IFCINDEXEDPOLYGONALFACE((668,681,667));
#5505=IFCINDEXEDPOLYGONALFACE((673,679,675));
#5506=IFCINDEXEDPOLYGONALFACE((652,270,650));
#5507=IFCINDEXEDPOLYGONALFACE((272,270,652));
#5508=IFCINDEXEDPOLYGONALFACE((270,307,650));
#5509=IFCINDEXEDPOLYGONALFACE((238,332,327));
#5510=IFCINDEXEDPOLYGONALFACE((239,332,238));
#5511=IFCINDEXEDPOLYGONALFACE((315,309,325));
#5512=IFCINDEXEDPOLYGONALFACE((240,317,303));
#5513=IFCINDEXEDPOLYGONALFACE((303,317,305));
#5514=IFCINDEXEDPOLYGONALFACE((269,307,270));
#5515=IFCINDEXEDPOLYGONALFACE((269,298,301));
#5516=IFCINDEXEDPOLYGONALFACE((269,291,293));
#5517=IFCINDEXEDPOLYGONALFACE((269,289,291));
#5518=IFCINDEXEDPOLYGONALFACE((269,287,289));
#5519=IFCINDEXEDPOLYGONALFACE((269,285,287));
#5520=IFCINDEXEDPOLYGONALFACE((269,271,285));
#5521=IFCINDEXEDPOLYGONALFACE((1974,281,278));
#5522=IFCINDEXEDPOLYGONALFACE((244,281,1974));
#5523=IFCINDEXEDPOLYGONALFACE((244,1974,262));
#5524=IFCINDEXEDPOLYGONALFACE((262,1974,277));
#5525=IFCINDEXEDPOLYGONALFACE((277,1974,278));
#5526=IFCINDEXEDPOLYGONALFACE((276,262,277));
#5527=IFCINDEXEDPOLYGONALFACE((275,261,276));
#5528=IFCINDEXEDPOLYGONALFACE((261,262,276));
#5529=IFCINDEXEDPOLYGONALFACE((267,260,275));
#5530=IFCINDEXEDPOLYGONALFACE((260,261,275));
#5531=IFCINDEXEDPOLYGONALFACE((274,257,265));
#5532=IFCINDEXEDPOLYGONALFACE((256,257,274));
#5533=IFCINDEXEDPOLYGONALFACE((263,260,267));
#5534=IFCINDEXEDPOLYGONALFACE((242,246,231));
#5535=IFCINDEXEDPOLYGONALFACE((233,242,231));
#5536=IFCINDEXEDPOLYGONALFACE((235,227,224));
#5537=IFCINDEXEDPOLYGONALFACE((221,226,220));
#5538=IFCINDEXEDPOLYGONALFACE((222,220,203));
#5539=IFCINDEXEDPOLYGONALFACE((205,222,203));
#5540=IFCINDEXEDPOLYGONALFACE((205,214,222));
#5541=IFCINDEXEDPOLYGONALFACE((203,220,201));
#5542=IFCINDEXEDPOLYGONALFACE((205,206,214));
#5543=IFCINDEXEDPOLYGONALFACE((139,208,140));
#5544=IFCINDEXEDPOLYGONALFACE((208,148,140));
#5545=IFCINDEXEDPOLYGONALFACE((186,192,181));
#5546=IFCINDEXEDPOLYGONALFACE((184,167,166));
#5547=IFCINDEXEDPOLYGONALFACE((184,175,167));
#5548=IFCINDEXEDPOLYGONALFACE((163,164,169));
#5549=IFCINDEXEDPOLYGONALFACE((152,161,154));
#5550=IFCINDEXEDPOLYGONALFACE((142,143,159));
#5551=IFCINDEXEDPOLYGONALFACE((140,148,145));
#5552=IFCINDEXEDPOLYGONALFACE((112,117,111));
#5553=IFCINDEXEDPOLYGONALFACE((105,103,115));
#5554=IFCINDEXEDPOLYGONALFACE((107,96,95));
#5555=IFCINDEXEDPOLYGONALFACE((64,90,86));
#5556=IFCINDEXEDPOLYGONALFACE((76,81,84));
#5557=IFCINDEXEDPOLYGONALFACE((14,12,62));
#5558=IFCINDEXEDPOLYGONALFACE((14,54,52));
#5559=IFCINDEXEDPOLYGONALFACE((14,52,48));
#5560=IFCINDEXEDPOLYGONALFACE((33,43,46));
#5561=IFCSTYLEDITEM(#5562,(#1607),$);
#5562=IFCPOLYGONALFACESET(#5563,$,(#5564,#5565,#5566,#5567,#5568,#5569,#5570,#5571,#5572,#5573,#5574,#5575,#5576,#5577,#5578,#5579,#5580,#5581,#5582,#5583,#5584,#5585,#5586,#5587,#5588,#5589,#5590,#5591,#5592,#5593,#5594,#5595,#5596,#5597,#5598,#5599,#5600,#5601,#5602,#5603,#5604,#5605,#5606,#5607,#5608,#5609,#5610,#5611,#5612,#5613,#5614,#5615,#5616,#5617,#5618,#5619,#5620,#5621,#5622,#5623,#5624,#5625,#5626,#5627,#5628,#5629,#5630,#5631,#5632,#5633,#5634,#5635,#5636,#5637,#5638,#5639,#5640,#5641,#5642,#5643,#5644,#5645,#5646,#5647,#5648,#5649,#5650,#5651,#5652,#5653,#5654,#5655,#5656,#5657,#5658,#5659,#5660,#5661,#5662,#5663,#5664,#5665,#5666,#5667,#5668,#5669,#5670,#5671,#5672,#5673,#5674,#5675,#5676,#5677,#5678,#5679,#5680,#5681,#5682,#5683,#5684,#5685,#5686,#5687,#5688,#5689,#5690,#5691,#5692,#5693,#5694,#5695,#5696,#5697,#5698,#5699,#5700,#5701,#5702,#5703,#5704,#5705,#5706,#5707,#5708,#5709,#5710,#5711,#5712,#5713,#5714,#5715,#5716,#5717,#5718,#5719,#5720,#5721,#5722,#5723,#5724,#5725,#5726,#5727,#5728,#5729,#5730,#5731,#5732,#5733,#5734,#5735,#5736,#5737,#5738,#5739,#5740,#5741,#5742,#5743,#5744,#5745,#5746,#5747,#5748,#5749,#5750,#5751,#5752,#5753,#5754,#5755,#5756,#5757,#5758,#5759,#5760,#5761,#5762,#5763,#5764,#5765,#5766,#5767,#5768,#5769,#5770,#5771,#5772,#5773,#5774,#5775,#5776,#5777,#5778,#5779,#5780,#5781,#5782,#5783,#5784,#5785,#5786,#5787,#5788,#5789,#5790,#5791,#5792,#5793,#5794,#5795,#5796,#5797,#5798,#5799,#5800,#5801,#5802,#5803,#5804,#5805,#5806,#5807,#5808,#5809,#5810,#5811,#5812,#5813,#5814,#5815,#5816,#5817,#5818,#5819,#5820,#5821,#5822,#5823,#5824,#5825,#5826,#5827,#5828,#5829,#5830,#5831,#5832,#5833,#5834,#5835,#5836,#5837,#5838,#5839,#5840,#5841,#5842,#5843,#5844,#5845,#5846,#5847,#5848,#5849,#5850,#5851,#5852,#5853,#5854,#5855,#5856,#5857,#5858,#5859,#5860,#5861,#5862,#5863,#5864,#5865,#5866,#5867,#5868,#5869,#5870,#5871,#5872,#5873,#5874,#5875,#5876,#5877,#5878,#5879,#5880,#5881,#5882,#5883,#5884,#5885,#5886,#5887,#5888,#5889,#5890,#5891,#5892,#5893,#5894,#5895,#5896,#5897,#5898,#5899,#5900,#5901,#5902,#5903,#5904,#5905,#5906,#5907,#5908,#5909,#5910,#5911,#5912,#5913,#5914,#5915,#5916,#5917,#5918,#5919,#5920,#5921,#5922,#5923,#5924,#5925,#5926,#5927,#5928,#5929,#5930,#5931,#5932,#5933,#5934,#5935,#5936,#5937,#5938,#5939,#5940,#5941,#5942,#5943,#5944,#5945,#5946,#5947,#5948,#5949,#5950,#5951,#5952,#5953,#5954,#5955,#5956,#5957,#5958,#5959,#5960,#5961,#5962,#5963,#5964,#5965,#5966,#5967,#5968,#5969,#5970,#5971,#5972,#5973,#5974,#5975,#5976,#5977,#5978,#5979,#5980,#5981,#5982,#5983,#5984,#5985,#5986,#5987,#5988,#5989,#5990,#5991,#5992,#5993,#5994,#5995,#5996,#5997,#5998,#5999,#6000,#6001,#6002,#6003,#6004,#6005,#6006,#6007,#6008,#6009,#6010,#6011,#6012,#6013,#6014,#6015,#6016,#6017,#6018,#6019,#6020,#6021,#6022,#6023,#6024,#6025,#6026,#6027,#6028,#6029,#6030,#6031,#6032,#6033,#6034,#6035,#6036,#6037,#6038,#6039,#6040,#6041,#6042,#6043,#6044,#6045,#6046,#6047,#6048,#6049,#6050,#6051,#6052,#6053,#6054,#6055,#6056,#6057,#6058,#6059,#6060,#6061,#6062,#6063,#6064,#6065,#6066,#6067,#6068,#6069,#6070,#6071,#6072,#6073,#6074,#6075,#6076,#6077,#6078,#6079,#6080,#6081,#6082,#6083,#6084,#6085,#6086,#6087,#6088,#6089,#6090,#6091,#6092,#6093,#6094,#6095,#6096,#6097,#6098,#6099,#6100,#6101,#6102,#6103,#6104,#6105,#6106,#6107,#6108,#6109,#6110,#6111,#6112,#6113,#6114,#6115,#6116,#6117,#6118,#6119,#6120,#6121,#6122,#6123,#6124,#6125,#6126,#6127,#6128,#6129,#6130,#6131,#6132,#6133,#6134,#6135,#6136,#6137,#6138,#6139,#6140,#6141,#6142,#6143,#6144,#6145,#6146,#6147,#6148,#6149,#6150,#6151,#6152,#6153,#6154,#6155,#6156,#6157,#6158,#6159,#6160,#6161,#6162,#6163,#6164,#6165,#6166,#6167,#6168,#6169,#6170,#6171,#6172,#6173,#6174,#6175,#6176,#6177,#6178,#6179,#6180,#6181,#6182,#6183,#6184,#6185,#6186,#6187,#6188,#6189,#6190,#6191,#6192,#6193,#6194,#6195,#6196,#6197,#6198,#6199,#6200,#6201,#6202,#6203,#6204,#6205,#6206,#6207,#6208,#6209,#6210,#6211,#6212,#6213,#6214,#6215,#6216,#6217,#6218,#6219,#6220,#6221,#6222,#6223,#6224,#6225,#6226,#6227,#6228,#6229,#6230,#6231,#6232,#6233,#6234,#6235,#6236,#6237,#6238,#6239,#6240,#6241,#6242,#6243,#6244,#6245,#6246,#6247,#6248,#6249,#6250,#6251,#6252,#6253,#6254,#6255,#6256,#6257,#6258,#6259,#6260,#6261,#6262,#6263,#6264,#6265,#6266,#6267,#6268,#6269,#6270,#6271,#6272,#6273,#6274,#6275,#6276,#6277,#6278,#6279,#6280,#6281,#6282,#6283,#6284,#6285,#6286,#6287,#6288,#6289,#6290,#6291,#6292,#6293,#6294,#6295,#6296,#6297,#6298,#6299,#6300,#6301,#6302,#6303,#6304,#6305,#6306,#6307,#6308,#6309,#6310,#6311),$);
#5563=IFCCARTESIANPOINTLIST3D(((-15.0707302093506,-30.7562236785889,-61.7400016784668),(-7.98695659637451,-32.7913970947266,-62.2400054931641),(-8.,-33.3025894165039,-61.7400016784668),(-15.4256143569946,-40.673210144043,-61.7400016784668),(-24.7111225128174,-35.7998008728027,-61.7400016784668),(-21.415584564209,-26.7291641235352,-61.7400016784668),(-14.9080390930176,-30.27907371521,-62.2400054931641),(-21.1195869445801,-26.3256435394287,-62.2400054931641),(-21.1195869445801,-26.3256435394287,-63.7400054931641),(-14.9080390930176,-30.27907371521,-63.7400054931641),(-24.568489074707,-31.2484741210938,-63.7400054931641),(-16.5004043579102,-36.1636352539062,-63.7400054931641),(-7.98695659637451,-32.7913970947266,-63.7400054931641),(-7.50031471252441,-33.4061126708984,-62.2400054931641),(-7.50031471252441,-33.4061126708984,-63.7400054931641),(-7.5003137588501,-39.0360412597656,-63.7400054931641),(-7.5003137588501,-39.0360412597656,-62.2400054931641),(-2.51370024681091,-39.6704521179199,-62.2400054931641),(-2.51370024681091,-39.6704521179199,-74.7400131225586),(-7.5003137588501,-39.0360412597656,-74.7400131225586),(-2.51900601387024,-33.6558837890625,-74.7400131225586),(-16.5004043579102,-36.1636352539062,-76.7399978637695),(-7.5003137588501,-39.0360412597656,-76.7399978637695),(-7.50031471252441,-32.9061126708984,-76.7399978637695),(-7.50031471252441,-32.9061126708984,-74.7400131225586),(-2.51900601387024,-33.6558837890625,-76.7399978637695),(2.51839065551758,-33.6558837890625,-76.7399978637695),(-5.09297180175781,-41.9419441223145,-76.7399978637695),(2.51839065551758,-33.6558837890625,-74.7400131225586),(7.49967002868652,-39.0360412597656,-74.7400131225586),(7.49966907501221,-32.9061126708984,-74.7400131225586),(2.51308679580688,-39.6704521179199,-74.7400131225586),(2.51308679580688,-39.6704521179199,-62.2400054931641),(7.49967002868652,-39.0360412597656,-63.7400054931641),(7.49967002868652,-39.0360412597656,-62.2400054931641),(7.49966907501221,-33.4061126708984,-63.7400054931641),(16.4997901916504,-36.163631439209,-63.7400054931641),(7.98634004592896,-32.7913970947266,-63.7400054931641),(16.4997901916504,-36.163631439209,-76.7399978637695),(24.5678443908691,-31.2484664916992,-76.7399978637695),(15.,-30.2347660064697,-63.7400054931641),(24.5678443908691,-31.2484664916992,-63.7400054931641),(31.2481517791748,-24.568172454834,-76.7399978637695),(21.2745666503906,-26.200023651123,-63.7400054931641),(31.2481517791748,-24.568172454834,-63.7400054931641),(36.1633033752441,-16.5001010894775,-76.7399978637695),(36.1633033752441,-16.5001010894775,-63.7400054931641),(26.5119972229004,-20.8844165802002,-63.7400054931641),(30.4533252716064,-14.5478105545044,-63.7400054931641),(32.9057807922363,-7.4999942779541,-63.7400054931641),(30.4533252716064,-14.5478105545044,-62.2400054931641),(26.5119972229004,-20.8844165802002,-62.2400054931641),(30.7559051513672,-15.0704021453857,-61.7400016784668),(26.7288379669189,-21.4152793884277,-61.7400016784668),(21.2745666503906,-26.200023651123,-62.2400054931641),(15.,-30.2347660064697,-62.2400054931641),(21.4149684906006,-26.7291564941406,-61.7400016784668),(15.0700836181641,-30.7562198638916,-61.7400016784668),(24.7104778289795,-35.7997932434082,-61.7400016784668),(32.5598678588867,-28.8458290100098,-61.7400016784668),(32.9341621398926,-29.1773910522461,-62.2400054931641),(38.959774017334,-20.447811126709,-62.2400054931641),(38.5169944763184,-20.2154502868652,-61.7400016784668),(42.7211151123047,-10.529881477356,-62.2400054931641),(42.2356414794922,-10.4102239608765,-61.7400016784668),(39.4466209411621,-8.,-61.7400016784668),(40.1602020263672,-2.6825475692749,-61.7400016784668),(43.4996719360352,0.,-61.7400016784668),(44.,0.,-62.2400054931641),(44.,0.,-63.7400054931641),(42.7211151123047,10.5298957824707,-62.2400054931641),(42.7211151123047,-10.529881477356,-63.7400054931641),(38.959774017334,-20.447811126709,-63.7400054931641),(42.2356414794922,-10.4102239608765,-64.2400054931641),(43.4996719360352,0.,-64.2400054931641),(42.2356414794922,10.4102373123169,-64.2400054931641),(42.2496719360352,0.,-64.2400054931641),(41.0219650268555,-10.1110801696777,-64.2400054931641),(38.5169944763184,-20.2154502868652,-64.2400054931641),(41.0219650268555,-10.1110801696777,-76.7399978637695),(37.4102020263672,-19.6345481872559,-76.7399978637695),(37.4102020263672,-19.6345481872559,-64.2400054931641),(31.6242599487305,-28.0169258117676,-76.7399978637695),(31.6242599487305,-28.0169258117676,-64.2400054931641),(32.5598678588867,-28.8458290100098,-64.2400054931641),(24.,-34.7710647583008,-64.2400054931641),(24.,-34.7710647583008,-76.7399978637695),(14.9817209243774,-39.5044288635254,-76.7399978637695),(14.9817209243774,-39.5044288635254,-64.2400054931641),(5.09235906600952,-41.9419441223145,-76.7399978637695),(7.49967002868652,-39.0360412597656,-76.7399978637695),(7.49966907501221,-32.9061126708984,-76.7399978637695),(5.09235906600952,-41.9419441223145,-64.2400054931641),(-5.09297180175781,-41.9419441223145,-64.2400054931641),(15.4250011444092,-40.6732025146484,-64.2400054931641),(5.24303960800171,-43.1828269958496,-64.2400054931641),(-5.24365234375,-43.1828269958496,-64.2400054931641),(-5.30391263961792,-43.6791915893555,-63.7400054931641),(5.30329942703247,-43.6791915893555,-63.7400054931641),(15.602294921875,-41.1407089233398,-62.2400054931641),(5.30329942703247,-43.6791915893555,-62.2400054931641),(15.602294921875,-41.1407089233398,-63.7400054931641),(25.,-36.2112846374512,-62.2400054931641),(24.7104778289795,-35.7997932434082,-64.2400054931641),(25.,-36.2112846374512,-63.7400054931641),(32.9341621398926,-29.1773910522461,-63.7400054931641),(15.4250011444092,-40.6732025146484,-61.7400016784668),(8.,-39.4469566345215,-61.7400016784668),(5.24303960800171,-43.1828269958496,-61.7400016784668),(8.,-33.3025894165039,-61.7400016784668),(7.49966907501221,-33.4061126708984,-62.2400054931641),(7.98634004592896,-32.7913970947266,-62.2400054931641),(-5.24365234375,-43.1828269958496,-61.7400016784668),(2.68224477767944,-40.1605033874512,-61.7400016784668),(-2.68285822868347,-40.1605033874512,-61.7400016784668),(-8.,-39.4469566345215,-61.7400016784668),(-5.30391263961792,-43.6791915893555,-62.2400054931641),(-15.6029376983643,-41.1407165527344,-62.2400054931641),(-15.6029376983643,-41.1407165527344,-63.7400054931641),(-25.,-36.2112922668457,-63.7400054931641),(-15.4256143569946,-40.673210144043,-64.2400054931641),(-24.7111225128174,-35.7998008728027,-64.2400054931641),(-14.9823951721191,-39.5044364929199,-64.2400054931641),(-14.9823951721191,-39.5044364929199,-76.7399978637695),(-24.,-34.7710723876953,-64.2400054931641),(-24.,-34.7710723876953,-76.7399978637695),(-24.568489074707,-31.2484741210938,-76.7399978637695),(-31.6249084472656,-28.0169334411621,-76.7399978637695),(-31.24880027771,-24.5681838989258,-76.7399978637695),(-31.6249084472656,-28.0169334411621,-64.2400054931641),(-37.4108505249023,-19.6345558166504,-76.7399978637695),(-37.4108505249023,-19.6345558166504,-64.2400054931641),(-41.0226211547852,-10.1110916137695,-76.7399978637695),(-36.1639747619629,-16.5001125335693,-76.7399978637695),(-36.1639747619629,-16.5001125335693,-63.7400054931641),(-39.0363616943359,-7.50000524520874,-74.7400131225586),(-39.0363616943359,-7.50000524520874,-76.7399978637695),(-42.2503280639648,0.,-76.7399978637695),(-33.6562080383301,-2.5187087059021,-76.7399978637695),(-32.906436920166,-7.50000429153442,-74.7400131225586),(-32.906436920166,-7.50000429153442,-76.7399978637695),(-33.6562080383301,-2.5187087059021,-74.7400131225586),(-33.6562080383301,2.51869821548462,-74.7400131225586),(-39.6707611083984,-2.51340413093567,-74.7400131225586),(-33.6562080383301,2.51869821548462,-76.7399978637695),(-39.0363616943359,7.49999332427979,-76.7399978637695),(-32.906436920166,7.4999942779541,-76.7399978637695),(-39.0363616943359,7.49999332427979,-74.7400131225586),(-32.906436920166,7.4999942779541,-74.7400131225586),(-36.1639823913574,16.5001010894775,-76.7399978637695),(-39.6707611083984,2.51339173316956,-74.7400131225586),(-39.0363616943359,7.49999332427979,-63.7400054931641),(-36.1639823913574,16.5001010894775,-63.7400054931641),(-33.4064292907715,7.4999942779541,-63.7400054931641),(-32.7917327880859,7.98665571212769,-63.7400054931641),(-30.2793960571289,14.9077157974243,-63.7400054931641),(-31.2488079071045,24.568172454834,-63.7400054931641),(-31.2488079071045,24.568172454834,-76.7399978637695),(-26.3259716033936,21.119255065918,-63.7400054931641),(-24.5685005187988,31.2484664916992,-63.7400054931641),(-16.500415802002,36.163631439209,-76.7399978637695),(-16.500415802002,36.163631439209,-63.7400054931641),(-24.5685005187988,31.2484664916992,-76.7399978637695),(-21.1195945739746,26.3256359100342,-63.7400054931641),(-14.9080486297607,30.2790699005127,-63.7400054931641),(-7.98696708679199,32.7913970947266,-62.2400054931641),(-14.9080486297607,30.2790699005127,-62.2400054931641),(-7.98696708679199,32.7913970947266,-63.7400054931641),(-7.50032472610474,33.4061126708984,-63.7400054931641),(-7.50032472610474,33.4061126708984,-62.2400054931641),(-7.50032567977905,39.0360412597656,-62.2400054931641),(-7.50032567977905,39.0360412597656,-63.7400054931641),(-7.50032567977905,39.0360412597656,-74.7400131225586),(-2.51371264457703,39.6704521179199,-74.7400131225586),(-2.51371264457703,39.6704521179199,-62.2400054931641),(2.51307439804077,39.6704521179199,-62.2400054931641),(-2.68287062644958,40.1605033874512,-61.7400016784668),(5.24302577972412,43.1828269958496,-61.7400016784668),(-5.24366474151611,43.1828269958496,-61.7400016784668),(-8.,39.4469566345215,-61.7400016784668),(2.68223237991333,40.1605033874512,-61.7400016784668),(7.49965810775757,39.0360412597656,-62.2400054931641),(8.,39.4469566345215,-61.7400016784668),(8.,33.3025894165039,-61.7400016784668),(15.4249877929688,40.673210144043,-61.7400016784668),(15.6022825241089,41.1407165527344,-62.2400054931641),(24.710470199585,35.7998008728027,-61.7400016784668),(15.0700740814209,30.7562236785889,-61.7400016784668),(5.30328607559204,43.6791915893555,-62.2400054931641),(-5.30392503738403,43.6791915893555,-62.2400054931641),(5.30328607559204,43.6791915893555,-63.7400054931641),(15.6022825241089,41.1407165527344,-63.7400054931641),(25.,36.2112922668457,-63.7400054931641),(5.24302577972412,43.1828269958496,-64.2400054931641),(15.4249877929688,40.673210144043,-64.2400054931641),(24.,34.7710723876953,-64.2400054931641),(14.9817094802856,39.5044364929199,-64.2400054931641),(24.710470199585,35.7998008728027,-64.2400054931641),(32.5598678588867,28.8458366394043,-64.2400054931641),(32.934154510498,29.1773986816406,-63.7400054931641),(31.6242523193359,28.0169334411621,-64.2400054931641),(37.4101943969727,19.6345558166504,-76.7399978637695),(31.6242523193359,28.0169334411621,-76.7399978637695),(37.4101943969727,19.6345558166504,-64.2400054931641),(41.0219650268555,10.1110916137695,-76.7399978637695),(41.0219650268555,10.1110916137695,-64.2400054931641),(38.5169868469238,20.215461730957,-64.2400054931641),(38.9597663879395,20.4478225708008,-63.7400054931641),(42.7211151123047,10.5298957824707,-63.7400054931641),(38.9597663879395,20.4478225708008,-62.2400054931641),(38.5169868469238,20.215461730957,-61.7400016784668),(32.934154510498,29.1773986816406,-62.2400054931641),(42.2356414794922,10.4102373123169,-61.7400016784668),(40.1602020263672,2.68255972862244,-61.7400016784668),(30.7559013366699,15.0704116821289,-61.7400016784668),(39.4466209411621,8.,-61.7400016784668),(33.30224609375,8.,-61.7400016784668),(39.4318389892578,5.01674318313599,-62.2400054931641),(39.035701751709,7.50000524520874,-62.2400054931641),(32.9057807922363,7.50000429153442,-63.7400054931641),(32.9057807922363,7.50000429153442,-62.2400054931641),(39.035701751709,7.50000524520874,-63.7400054931641),(39.035701751709,7.50000524520874,-74.7400131225586),(36.1632957458496,16.5001125335693,-63.7400054931641),(39.6701316833496,2.51340413093567,-62.2400054931641),(39.6701316833496,2.51340413093567,-74.7400131225586),(39.4318389892578,5.01674318313599,-74.7400131225586),(32.9057807922363,7.50000429153442,-74.7400131225586),(33.6555480957031,2.5187087059021,-74.7400131225586),(39.7496757507324,0.,-74.7400131225586),(32.9057807922363,7.50000429153442,-76.7399978637695),(33.6555480957031,-2.51869821548462,-74.7400131225586),(33.6555480957031,2.5187087059021,-76.7399978637695),(33.6555480957031,-2.51869821548462,-76.7399978637695),(42.2496719360352,0.,-76.7399978637695),(39.035701751709,7.50000524520874,-76.7399978637695),(36.1632957458496,16.5001125335693,-76.7399978637695),(31.2481441497803,24.5681838989258,-76.7399978637695),(24.5678329467773,31.2484741210938,-76.7399978637695),(31.2481441497803,24.5681838989258,-63.7400054931641),(30.4533195495605,14.5478200912476,-63.7400054931641),(24.5678329467773,31.2484741210938,-63.7400054931641),(21.2745590209961,26.2000274658203,-63.7400054931641),(26.5119895935059,20.8844203948975,-63.7400054931641),(21.2745590209961,26.2000274658203,-62.2400054931641),(26.5119895935059,20.8844203948975,-62.2400054931641),(26.7288341522217,21.4152870178223,-61.7400016784668),(30.4533195495605,14.5478200912476,-62.2400054931641),(32.5598678588867,28.8458366394043,-61.7400016784668),(21.4149608612061,26.7291641235352,-61.7400016784668),(15.,30.234769821167,-62.2400054931641),(15.,30.234769821167,-63.7400054931641),(7.98633193969727,32.7913970947266,-62.2400054931641),(7.49965906143188,33.4061126708984,-62.2400054931641),(7.98633193969727,32.7913970947266,-63.7400054931641),(16.4997787475586,36.1636352539062,-63.7400054931641),(7.49965906143188,33.4061126708984,-63.7400054931641),(7.49965810775757,39.0360412597656,-63.7400054931641),(2.51307439804077,39.6704521179199,-74.7400131225586),(7.49965810775757,39.0360412597656,-74.7400131225586),(7.49965906143188,32.9061126708984,-76.7399978637695),(2.5183801651001,33.6558837890625,-74.7400131225586),(16.4997787475586,36.1636352539062,-76.7399978637695),(7.49965810775757,39.0360412597656,-76.7399978637695),(7.49965906143188,32.9061126708984,-74.7400131225586),(14.9817094802856,39.5044364929199,-76.7399978637695),(5.09234523773193,41.9419441223145,-76.7399978637695),(2.5183801651001,33.6558837890625,-76.7399978637695),(-2.51901650428772,33.6558837890625,-76.7399978637695),(-2.51901650428772,33.6558837890625,-74.7400131225586),(-7.50032472610474,32.9061126708984,-74.7400131225586),(-7.50032567977905,39.0360412597656,-76.7399978637695),(-7.50032472610474,32.9061126708984,-76.7399978637695),(-5.09298419952393,41.9419441223145,-76.7399978637695),(-14.9824056625366,39.5044288635254,-76.7399978637695),(-14.9824056625366,39.5044288635254,-64.2400054931641),(-24.,34.7710647583008,-64.2400054931641),(-24.,34.7710647583008,-76.7399978637695),(-31.6249103546143,28.0169258117676,-76.7399978637695),(-31.6249103546143,28.0169258117676,-64.2400054931641),(-37.4108581542969,19.6345481872559,-64.2400054931641),(-38.517650604248,20.2154502868652,-64.2400054931641),(-32.5605239868164,28.8458290100098,-64.2400054931641),(-32.9347877502441,29.1773910522461,-63.7400054931641),(-24.7111339569092,35.7997932434082,-64.2400054931641),(-25.,36.2112846374512,-63.7400054931641),(-32.9347877502441,29.1773910522461,-62.2400054931641),(-25.,36.2112846374512,-62.2400054931641),(-15.6029510498047,41.1407089233398,-63.7400054931641),(-15.6029510498047,41.1407089233398,-62.2400054931641),(-5.30392503738403,43.6791915893555,-63.7400054931641),(-15.4256267547607,40.6732025146484,-64.2400054931641),(-5.09298419952393,41.9419441223145,-64.2400054931641),(-5.24366474151611,43.1828269958496,-64.2400054931641),(5.09234523773193,41.9419441223145,-64.2400054931641),(-15.4256267547607,40.6732025146484,-61.7400016784668),(-8.,33.3025894165039,-61.7400016784668),(-15.0707387924194,30.7562198638916,-61.7400016784668),(-24.7111339569092,35.7997932434082,-61.7400016784668),(-21.4155941009521,26.7291564941406,-61.7400016784668),(-32.5605239868164,28.8458290100098,-61.7400016784668),(-38.517650604248,20.2154502868652,-61.7400016784668),(-38.9603996276855,20.447811126709,-62.2400054931641),(-26.7294673919678,21.4152793884277,-61.7400016784668),(-26.3259716033936,21.119255065918,-62.2400054931641),(-30.2793960571289,14.9077157974243,-62.2400054931641),(-30.7565307617188,15.0704021453857,-61.7400016784668),(-32.7917327880859,7.98665571212769,-62.2400054931641),(-39.4472770690918,8.,-61.7400016784668),(-42.2362976074219,10.4102239608765,-61.7400016784668),(-33.3029022216797,8.,-61.7400016784668),(-39.0363616943359,7.49999332427979,-62.2400054931641),(-33.4064292907715,7.4999942779541,-62.2400054931641),(-39.6707611083984,2.51339173316956,-62.2400054931641),(-40.1608276367188,2.6825475692749,-61.7400016784668),(-40.1608276367188,-2.68255972862244,-61.7400016784668),(-43.5003280639648,0.,-61.7400016784668),(-42.2362976074219,-10.4102373123169,-61.7400016784668),(-42.7217559814453,-10.5298957824707,-62.2400054931641),(-44.,0.,-62.2400054931641),(-44.,0.,-63.7400054931641),(-42.7217559814453,10.529881477356,-62.2400054931641),(-42.7217559814453,10.529881477356,-63.7400054931641),(-42.2362976074219,10.4102239608765,-64.2400054931641),(-43.5003280639648,0.,-64.2400054931641),(-38.9603996276855,20.447811126709,-63.7400054931641),(-42.2503280639648,0.,-64.2400054931641),(-42.2362976074219,-10.4102373123169,-64.2400054931641),(-41.0226211547852,10.1110801696777,-64.2400054931641),(-37.4108581542969,19.6345481872559,-76.7399978637695),(-41.0226211547852,10.1110801696777,-76.7399978637695),(-42.7217559814453,-10.5298957824707,-63.7400054931641),(-38.5176429748535,-20.215461730957,-64.2400054931641),(-41.0226211547852,-10.1110916137695,-64.2400054931641),(-38.960391998291,-20.4478225708008,-63.7400054931641),(-32.5605163574219,-28.8458366394043,-64.2400054931641),(-32.9347801208496,-29.1773986816406,-63.7400054931641),(-25.,-36.2112922668457,-62.2400054931641),(-32.9347801208496,-29.1773986816406,-62.2400054931641),(-38.960391998291,-20.4478225708008,-62.2400054931641),(-32.5605163574219,-28.8458366394043,-61.7400016784668),(-38.5176429748535,-20.215461730957,-61.7400016784668),(-30.7565269470215,-15.0704116821289,-61.7400016784668),(-26.7294578552246,-21.4152870178223,-61.7400016784668),(-30.2793922424316,-14.9077253341675,-62.2400054931641),(-26.325963973999,-21.1192607879639,-62.2400054931641),(-30.2793922424316,-14.9077253341675,-63.7400054931641),(-26.325963973999,-21.1192607879639,-63.7400054931641),(-31.24880027771,-24.5681838989258,-63.7400054931641),(-32.7917327880859,-7.98666620254517,-63.7400054931641),(-33.4064292907715,-7.50000429153442,-63.7400054931641),(-32.7917327880859,-7.98666620254517,-62.2400054931641),(-33.3029022216797,-8.,-61.7400016784668),(-33.4064292907715,-7.50000429153442,-62.2400054931641),(-39.0363616943359,-7.50000524520874,-62.2400054931641),(-39.0363616943359,-7.50000524520874,-63.7400054931641),(-39.6707611083984,-2.51340413093567,-62.2400054931641),(-39.4472770690918,-8.,-61.7400016784668),(-21.1195945739746,26.3256359100342,-62.2400054931641),(24.,34.7710723876953,-76.7399978637695),(25.,36.2112922668457,-62.2400054931641),(39.035701751709,-7.49999332427979,-76.7399978637695),(39.035701751709,-7.49999332427979,-74.7400131225586),(32.9057807922363,-7.4999942779541,-76.7399978637695),(32.9057807922363,-7.4999942779541,-74.7400131225586),(39.4318389892578,-5.01673126220703,-74.7400131225586),(39.035701751709,-7.49999332427979,-63.7400054931641),(39.6701316833496,-2.51339173316956,-74.7400131225586),(39.6701316833496,-2.51339173316956,-62.2400054931641),(39.4318389892578,-5.01673126220703,-62.2400054931641),(39.7496757507324,0.,-62.2400054931641),(39.035701751709,-7.49999332427979,-62.2400054931641),(32.9057807922363,-7.4999942779541,-62.2400054931641),(33.30224609375,-8.,-61.7400016784668)));
#5564=IFCINDEXEDPOLYGONALFACE((1,2,7));
#5565=IFCINDEXEDPOLYGONALFACE((1,3,2));
#5566=IFCINDEXEDPOLYGONALFACE((4,3,1));
#5567=IFCINDEXEDPOLYGONALFACE((5,4,1));
#5568=IFCINDEXEDPOLYGONALFACE((5,1,6));
#5569=IFCINDEXEDPOLYGONALFACE((6,1,7));
#5570=IFCINDEXEDPOLYGONALFACE((7,2,10));
#5571=IFCINDEXEDPOLYGONALFACE((6,7,8));
#5572=IFCINDEXEDPOLYGONALFACE((8,7,9));
#5573=IFCINDEXEDPOLYGONALFACE((9,7,10));
#5574=IFCINDEXEDPOLYGONALFACE((10,2,13));
#5575=IFCINDEXEDPOLYGONALFACE((9,10,11));
#5576=IFCINDEXEDPOLYGONALFACE((11,10,12));
#5577=IFCINDEXEDPOLYGONALFACE((10,13,12));
#5578=IFCINDEXEDPOLYGONALFACE((12,13,15));
#5579=IFCINDEXEDPOLYGONALFACE((14,13,2));
#5580=IFCINDEXEDPOLYGONALFACE((14,15,13));
#5581=IFCINDEXEDPOLYGONALFACE((12,15,16));
#5582=IFCINDEXEDPOLYGONALFACE((14,16,15));
#5583=IFCINDEXEDPOLYGONALFACE((12,16,20));
#5584=IFCINDEXEDPOLYGONALFACE((14,17,16));
#5585=IFCINDEXEDPOLYGONALFACE((17,18,16));
#5586=IFCINDEXEDPOLYGONALFACE((16,18,19));
#5587=IFCINDEXEDPOLYGONALFACE((16,19,20));
#5588=IFCINDEXEDPOLYGONALFACE((12,20,22));
#5589=IFCINDEXEDPOLYGONALFACE((20,19,21));
#5590=IFCINDEXEDPOLYGONALFACE((20,21,25));
#5591=IFCINDEXEDPOLYGONALFACE((22,20,23));
#5592=IFCINDEXEDPOLYGONALFACE((24,23,20));
#5593=IFCINDEXEDPOLYGONALFACE((24,20,25));
#5594=IFCINDEXEDPOLYGONALFACE((25,21,24));
#5595=IFCINDEXEDPOLYGONALFACE((24,21,26));
#5596=IFCINDEXEDPOLYGONALFACE((24,26,23));
#5597=IFCINDEXEDPOLYGONALFACE((21,29,26));
#5598=IFCINDEXEDPOLYGONALFACE((26,29,27));
#5599=IFCINDEXEDPOLYGONALFACE((26,27,28));
#5600=IFCINDEXEDPOLYGONALFACE((26,28,23));
#5601=IFCINDEXEDPOLYGONALFACE((32,29,21));
#5602=IFCINDEXEDPOLYGONALFACE((30,31,29));
#5603=IFCINDEXEDPOLYGONALFACE((32,30,29));
#5604=IFCINDEXEDPOLYGONALFACE((29,31,27));
#5605=IFCINDEXEDPOLYGONALFACE((18,33,32));
#5606=IFCINDEXEDPOLYGONALFACE((18,32,19));
#5607=IFCINDEXEDPOLYGONALFACE((19,32,21));
#5608=IFCINDEXEDPOLYGONALFACE((33,34,32));
#5609=IFCINDEXEDPOLYGONALFACE((34,30,32));
#5610=IFCINDEXEDPOLYGONALFACE((33,35,34));
#5611=IFCINDEXEDPOLYGONALFACE((34,37,30));
#5612=IFCINDEXEDPOLYGONALFACE((35,36,34));
#5613=IFCINDEXEDPOLYGONALFACE((36,37,34));
#5614=IFCINDEXEDPOLYGONALFACE((38,37,36));
#5615=IFCINDEXEDPOLYGONALFACE((37,39,30));
#5616=IFCINDEXEDPOLYGONALFACE((38,41,37));
#5617=IFCINDEXEDPOLYGONALFACE((37,40,39));
#5618=IFCINDEXEDPOLYGONALFACE((37,42,40));
#5619=IFCINDEXEDPOLYGONALFACE((41,42,37));
#5620=IFCINDEXEDPOLYGONALFACE((41,44,42));
#5621=IFCINDEXEDPOLYGONALFACE((42,45,43));
#5622=IFCINDEXEDPOLYGONALFACE((42,43,40));
#5623=IFCINDEXEDPOLYGONALFACE((44,45,42));
#5624=IFCINDEXEDPOLYGONALFACE((45,47,46));
#5625=IFCINDEXEDPOLYGONALFACE((45,46,43));
#5626=IFCINDEXEDPOLYGONALFACE((49,47,45));
#5627=IFCINDEXEDPOLYGONALFACE((48,45,44));
#5628=IFCINDEXEDPOLYGONALFACE((49,45,48));
#5629=IFCINDEXEDPOLYGONALFACE((50,47,49));
#5630=IFCINDEXEDPOLYGONALFACE((51,50,49));
#5631=IFCINDEXEDPOLYGONALFACE((52,51,49));
#5632=IFCINDEXEDPOLYGONALFACE((52,49,48));
#5633=IFCINDEXEDPOLYGONALFACE((52,53,51));
#5634=IFCINDEXEDPOLYGONALFACE((54,53,52));
#5635=IFCINDEXEDPOLYGONALFACE((55,54,52));
#5636=IFCINDEXEDPOLYGONALFACE((55,52,48));
#5637=IFCINDEXEDPOLYGONALFACE((55,48,44));
#5638=IFCINDEXEDPOLYGONALFACE((56,55,44));
#5639=IFCINDEXEDPOLYGONALFACE((56,57,55));
#5640=IFCINDEXEDPOLYGONALFACE((57,54,55));
#5641=IFCINDEXEDPOLYGONALFACE((58,57,56));
#5642=IFCINDEXEDPOLYGONALFACE((58,59,57));
#5643=IFCINDEXEDPOLYGONALFACE((59,60,57));
#5644=IFCINDEXEDPOLYGONALFACE((57,60,54));
#5645=IFCINDEXEDPOLYGONALFACE((59,61,60));
#5646=IFCINDEXEDPOLYGONALFACE((61,62,60));
#5647=IFCINDEXEDPOLYGONALFACE((60,62,63));
#5648=IFCINDEXEDPOLYGONALFACE((60,63,54));
#5649=IFCINDEXEDPOLYGONALFACE((62,64,63));
#5650=IFCINDEXEDPOLYGONALFACE((63,64,65));
#5651=IFCINDEXEDPOLYGONALFACE((53,63,65));
#5652=IFCINDEXEDPOLYGONALFACE((54,63,53));
#5653=IFCINDEXEDPOLYGONALFACE((53,65,66));
#5654=IFCINDEXEDPOLYGONALFACE((64,69,65));
#5655=IFCINDEXEDPOLYGONALFACE((66,65,67));
#5656=IFCINDEXEDPOLYGONALFACE((65,68,67));
#5657=IFCINDEXEDPOLYGONALFACE((65,69,68));
#5658=IFCINDEXEDPOLYGONALFACE((69,72,70));
#5659=IFCINDEXEDPOLYGONALFACE((71,69,70));
#5660=IFCINDEXEDPOLYGONALFACE((69,71,68));
#5661=IFCINDEXEDPOLYGONALFACE((69,64,72));
#5662=IFCINDEXEDPOLYGONALFACE((64,73,72));
#5663=IFCINDEXEDPOLYGONALFACE((72,73,74));
#5664=IFCINDEXEDPOLYGONALFACE((75,72,74));
#5665=IFCINDEXEDPOLYGONALFACE((70,72,75));
#5666=IFCINDEXEDPOLYGONALFACE((76,70,75));
#5667=IFCINDEXEDPOLYGONALFACE((76,75,77));
#5668=IFCINDEXEDPOLYGONALFACE((77,75,78));
#5669=IFCINDEXEDPOLYGONALFACE((75,74,78));
#5670=IFCINDEXEDPOLYGONALFACE((78,74,79));
#5671=IFCINDEXEDPOLYGONALFACE((78,79,82));
#5672=IFCINDEXEDPOLYGONALFACE((77,78,80));
#5673=IFCINDEXEDPOLYGONALFACE((78,81,80));
#5674=IFCINDEXEDPOLYGONALFACE((78,82,81));
#5675=IFCINDEXEDPOLYGONALFACE((82,83,81));
#5676=IFCINDEXEDPOLYGONALFACE((82,84,83));
#5677=IFCINDEXEDPOLYGONALFACE((82,79,84));
#5678=IFCINDEXEDPOLYGONALFACE((79,85,84));
#5679=IFCINDEXEDPOLYGONALFACE((86,84,85));
#5680=IFCINDEXEDPOLYGONALFACE((84,86,87));
#5681=IFCINDEXEDPOLYGONALFACE((84,87,83));
#5682=IFCINDEXEDPOLYGONALFACE((39,87,88));
#5683=IFCINDEXEDPOLYGONALFACE((39,40,87));
#5684=IFCINDEXEDPOLYGONALFACE((40,83,87));
#5685=IFCINDEXEDPOLYGONALFACE((86,88,87));
#5686=IFCINDEXEDPOLYGONALFACE((91,39,88));
#5687=IFCINDEXEDPOLYGONALFACE((89,90,88));
#5688=IFCINDEXEDPOLYGONALFACE((86,89,88));
#5689=IFCINDEXEDPOLYGONALFACE((91,88,90));
#5690=IFCINDEXEDPOLYGONALFACE((27,91,90));
#5691=IFCINDEXEDPOLYGONALFACE((30,39,91));
#5692=IFCINDEXEDPOLYGONALFACE((27,92,91));
#5693=IFCINDEXEDPOLYGONALFACE((91,31,30));
#5694=IFCINDEXEDPOLYGONALFACE((91,92,31));
#5695=IFCINDEXEDPOLYGONALFACE((27,31,92));
#5696=IFCINDEXEDPOLYGONALFACE((27,90,28));
#5697=IFCINDEXEDPOLYGONALFACE((93,28,90));
#5698=IFCINDEXEDPOLYGONALFACE((89,93,90));
#5699=IFCINDEXEDPOLYGONALFACE((94,93,96));
#5700=IFCINDEXEDPOLYGONALFACE((93,94,28));
#5701=IFCINDEXEDPOLYGONALFACE((93,89,95));
#5702=IFCINDEXEDPOLYGONALFACE((93,95,96));
#5703=IFCINDEXEDPOLYGONALFACE((96,98,97));
#5704=IFCINDEXEDPOLYGONALFACE((94,96,97));
#5705=IFCINDEXEDPOLYGONALFACE((99,98,96));
#5706=IFCINDEXEDPOLYGONALFACE((95,99,96));
#5707=IFCINDEXEDPOLYGONALFACE((100,99,102));
#5708=IFCINDEXEDPOLYGONALFACE((100,101,99));
#5709=IFCINDEXEDPOLYGONALFACE((101,98,99));
#5710=IFCINDEXEDPOLYGONALFACE((102,99,95));
#5711=IFCINDEXEDPOLYGONALFACE((103,102,105));
#5712=IFCINDEXEDPOLYGONALFACE((103,100,102));
#5713=IFCINDEXEDPOLYGONALFACE((104,102,95));
#5714=IFCINDEXEDPOLYGONALFACE((105,102,104));
#5715=IFCINDEXEDPOLYGONALFACE((85,105,104));
#5716=IFCINDEXEDPOLYGONALFACE((61,103,105));
#5717=IFCINDEXEDPOLYGONALFACE((61,105,106));
#5718=IFCINDEXEDPOLYGONALFACE((106,105,85));
#5719=IFCINDEXEDPOLYGONALFACE((73,106,79));
#5720=IFCINDEXEDPOLYGONALFACE((79,106,85));
#5721=IFCINDEXEDPOLYGONALFACE((62,106,73));
#5722=IFCINDEXEDPOLYGONALFACE((62,61,106));
#5723=IFCINDEXEDPOLYGONALFACE((89,86,104));
#5724=IFCINDEXEDPOLYGONALFACE((89,104,95));
#5725=IFCINDEXEDPOLYGONALFACE((86,85,104));
#5726=IFCINDEXEDPOLYGONALFACE((100,103,107));
#5727=IFCINDEXEDPOLYGONALFACE((107,103,59));
#5728=IFCINDEXEDPOLYGONALFACE((103,61,59));
#5729=IFCINDEXEDPOLYGONALFACE((109,107,108));
#5730=IFCINDEXEDPOLYGONALFACE((108,107,110));
#5731=IFCINDEXEDPOLYGONALFACE((109,100,107));
#5732=IFCINDEXEDPOLYGONALFACE((110,107,58));
#5733=IFCINDEXEDPOLYGONALFACE((107,59,58));
#5734=IFCINDEXEDPOLYGONALFACE((35,108,110));
#5735=IFCINDEXEDPOLYGONALFACE((111,110,112));
#5736=IFCINDEXEDPOLYGONALFACE((35,110,111));
#5737=IFCINDEXEDPOLYGONALFACE((110,58,112));
#5738=IFCINDEXEDPOLYGONALFACE((36,111,112));
#5739=IFCINDEXEDPOLYGONALFACE((36,112,38));
#5740=IFCINDEXEDPOLYGONALFACE((112,41,38));
#5741=IFCINDEXEDPOLYGONALFACE((112,56,41));
#5742=IFCINDEXEDPOLYGONALFACE((112,58,56));
#5743=IFCINDEXEDPOLYGONALFACE((35,111,36));
#5744=IFCINDEXEDPOLYGONALFACE((109,108,114));
#5745=IFCINDEXEDPOLYGONALFACE((101,100,109));
#5746=IFCINDEXEDPOLYGONALFACE((113,101,109));
#5747=IFCINDEXEDPOLYGONALFACE((113,109,114));
#5748=IFCINDEXEDPOLYGONALFACE((114,35,33));
#5749=IFCINDEXEDPOLYGONALFACE((115,114,33));
#5750=IFCINDEXEDPOLYGONALFACE((113,114,115));
#5751=IFCINDEXEDPOLYGONALFACE((114,108,35));
#5752=IFCINDEXEDPOLYGONALFACE((115,33,18));
#5753=IFCINDEXEDPOLYGONALFACE((116,115,17));
#5754=IFCINDEXEDPOLYGONALFACE((17,115,18));
#5755=IFCINDEXEDPOLYGONALFACE((113,115,116));
#5756=IFCINDEXEDPOLYGONALFACE((116,17,3));
#5757=IFCINDEXEDPOLYGONALFACE((4,113,116));
#5758=IFCINDEXEDPOLYGONALFACE((4,116,3));
#5759=IFCINDEXEDPOLYGONALFACE((4,117,113));
#5760=IFCINDEXEDPOLYGONALFACE((117,101,113));
#5761=IFCINDEXEDPOLYGONALFACE((118,117,4));
#5762=IFCINDEXEDPOLYGONALFACE((117,118,119));
#5763=IFCINDEXEDPOLYGONALFACE((117,119,98));
#5764=IFCINDEXEDPOLYGONALFACE((101,117,98));
#5765=IFCINDEXEDPOLYGONALFACE((118,120,119));
#5766=IFCINDEXEDPOLYGONALFACE((119,120,121));
#5767=IFCINDEXEDPOLYGONALFACE((97,119,121));
#5768=IFCINDEXEDPOLYGONALFACE((98,119,97));
#5769=IFCINDEXEDPOLYGONALFACE((121,120,122));
#5770=IFCINDEXEDPOLYGONALFACE((122,123,121));
#5771=IFCINDEXEDPOLYGONALFACE((123,97,121));
#5772=IFCINDEXEDPOLYGONALFACE((125,123,122));
#5773=IFCINDEXEDPOLYGONALFACE((123,94,97));
#5774=IFCINDEXEDPOLYGONALFACE((94,123,124));
#5775=IFCINDEXEDPOLYGONALFACE((123,126,124));
#5776=IFCINDEXEDPOLYGONALFACE((123,125,126));
#5777=IFCINDEXEDPOLYGONALFACE((126,22,124));
#5778=IFCINDEXEDPOLYGONALFACE((125,128,126));
#5779=IFCINDEXEDPOLYGONALFACE((128,127,126));
#5780=IFCINDEXEDPOLYGONALFACE((127,22,126));
#5781=IFCINDEXEDPOLYGONALFACE((125,130,128));
#5782=IFCINDEXEDPOLYGONALFACE((129,127,128));
#5783=IFCINDEXEDPOLYGONALFACE((131,129,128));
#5784=IFCINDEXEDPOLYGONALFACE((130,131,128));
#5785=IFCINDEXEDPOLYGONALFACE((134,129,131));
#5786=IFCINDEXEDPOLYGONALFACE((130,132,131));
#5787=IFCINDEXEDPOLYGONALFACE((132,133,131));
#5788=IFCINDEXEDPOLYGONALFACE((133,134,131));
#5789=IFCINDEXEDPOLYGONALFACE((135,129,134));
#5790=IFCINDEXEDPOLYGONALFACE((137,134,133));
#5791=IFCINDEXEDPOLYGONALFACE((135,134,136));
#5792=IFCINDEXEDPOLYGONALFACE((136,134,137));
#5793=IFCINDEXEDPOLYGONALFACE((138,139,137));
#5794=IFCINDEXEDPOLYGONALFACE((138,137,133));
#5795=IFCINDEXEDPOLYGONALFACE((137,139,141));
#5796=IFCINDEXEDPOLYGONALFACE((137,141,140));
#5797=IFCINDEXEDPOLYGONALFACE((137,140,136));
#5798=IFCINDEXEDPOLYGONALFACE((139,140,141));
#5799=IFCINDEXEDPOLYGONALFACE((136,140,142));
#5800=IFCINDEXEDPOLYGONALFACE((142,140,139));
#5801=IFCINDEXEDPOLYGONALFACE((143,142,145));
#5802=IFCINDEXEDPOLYGONALFACE((144,142,143));
#5803=IFCINDEXEDPOLYGONALFACE((136,142,144));
#5804=IFCINDEXEDPOLYGONALFACE((145,142,139));
#5805=IFCINDEXEDPOLYGONALFACE((146,145,138));
#5806=IFCINDEXEDPOLYGONALFACE((138,145,139));
#5807=IFCINDEXEDPOLYGONALFACE((146,147,145));
#5808=IFCINDEXEDPOLYGONALFACE((147,143,145));
#5809=IFCINDEXEDPOLYGONALFACE((147,146,148));
#5810=IFCINDEXEDPOLYGONALFACE((147,148,149));
#5811=IFCINDEXEDPOLYGONALFACE((149,143,147));
#5812=IFCINDEXEDPOLYGONALFACE((148,143,149));
#5813=IFCINDEXEDPOLYGONALFACE((153,148,150));
#5814=IFCINDEXEDPOLYGONALFACE((150,148,146));
#5815=IFCINDEXEDPOLYGONALFACE((151,143,148));
#5816=IFCINDEXEDPOLYGONALFACE((152,151,148));
#5817=IFCINDEXEDPOLYGONALFACE((153,152,148));
#5818=IFCINDEXEDPOLYGONALFACE((157,153,150));
#5819=IFCINDEXEDPOLYGONALFACE((153,154,152));
#5820=IFCINDEXEDPOLYGONALFACE((153,155,154));
#5821=IFCINDEXEDPOLYGONALFACE((153,156,155));
#5822=IFCINDEXEDPOLYGONALFACE((157,156,153));
#5823=IFCINDEXEDPOLYGONALFACE((157,150,158));
#5824=IFCINDEXEDPOLYGONALFACE((160,157,158));
#5825=IFCINDEXEDPOLYGONALFACE((157,159,156));
#5826=IFCINDEXEDPOLYGONALFACE((157,160,159));
#5827=IFCINDEXEDPOLYGONALFACE((160,163,161));
#5828=IFCINDEXEDPOLYGONALFACE((162,160,161));
#5829=IFCINDEXEDPOLYGONALFACE((160,162,165));
#5830=IFCINDEXEDPOLYGONALFACE((160,158,163));
#5831=IFCINDEXEDPOLYGONALFACE((160,164,159));
#5832=IFCINDEXEDPOLYGONALFACE((160,165,164));
#5833=IFCINDEXEDPOLYGONALFACE((166,165,168));
#5834=IFCINDEXEDPOLYGONALFACE((166,167,165));
#5835=IFCINDEXEDPOLYGONALFACE((167,164,165));
#5836=IFCINDEXEDPOLYGONALFACE((162,168,165));
#5837=IFCINDEXEDPOLYGONALFACE((162,169,168));
#5838=IFCINDEXEDPOLYGONALFACE((166,168,169));
#5839=IFCINDEXEDPOLYGONALFACE((166,169,170));
#5840=IFCINDEXEDPOLYGONALFACE((171,170,169));
#5841=IFCINDEXEDPOLYGONALFACE((171,169,172));
#5842=IFCINDEXEDPOLYGONALFACE((162,172,169));
#5843=IFCINDEXEDPOLYGONALFACE((172,162,173));
#5844=IFCINDEXEDPOLYGONALFACE((172,173,174));
#5845=IFCINDEXEDPOLYGONALFACE((175,172,174));
#5846=IFCINDEXEDPOLYGONALFACE((175,171,172));
#5847=IFCINDEXEDPOLYGONALFACE((176,175,174));
#5848=IFCINDEXEDPOLYGONALFACE((176,177,175));
#5849=IFCINDEXEDPOLYGONALFACE((177,171,175));
#5850=IFCINDEXEDPOLYGONALFACE((177,178,179));
#5851=IFCINDEXEDPOLYGONALFACE((177,181,178));
#5852=IFCINDEXEDPOLYGONALFACE((180,177,179));
#5853=IFCINDEXEDPOLYGONALFACE((177,180,171));
#5854=IFCINDEXEDPOLYGONALFACE((181,177,176));
#5855=IFCINDEXEDPOLYGONALFACE((182,181,176));
#5856=IFCINDEXEDPOLYGONALFACE((183,181,182));
#5857=IFCINDEXEDPOLYGONALFACE((181,183,178));
#5858=IFCINDEXEDPOLYGONALFACE((184,183,182));
#5859=IFCINDEXEDPOLYGONALFACE((184,185,183));
#5860=IFCINDEXEDPOLYGONALFACE((183,185,178));
#5861=IFCINDEXEDPOLYGONALFACE((186,189,185));
#5862=IFCINDEXEDPOLYGONALFACE((187,186,185));
#5863=IFCINDEXEDPOLYGONALFACE((188,187,185));
#5864=IFCINDEXEDPOLYGONALFACE((184,188,185));
#5865=IFCINDEXEDPOLYGONALFACE((185,189,178));
#5866=IFCINDEXEDPOLYGONALFACE((189,190,178));
#5867=IFCINDEXEDPOLYGONALFACE((190,189,191));
#5868=IFCINDEXEDPOLYGONALFACE((189,192,191));
#5869=IFCINDEXEDPOLYGONALFACE((189,186,192));
#5870=IFCINDEXEDPOLYGONALFACE((192,193,195));
#5871=IFCINDEXEDPOLYGONALFACE((186,193,192));
#5872=IFCINDEXEDPOLYGONALFACE((194,192,195));
#5873=IFCINDEXEDPOLYGONALFACE((191,192,194));
#5874=IFCINDEXEDPOLYGONALFACE((195,193,198));
#5875=IFCINDEXEDPOLYGONALFACE((195,198,196));
#5876=IFCINDEXEDPOLYGONALFACE((195,196,197));
#5877=IFCINDEXEDPOLYGONALFACE((194,195,197));
#5878=IFCINDEXEDPOLYGONALFACE((198,199,201));
#5879=IFCINDEXEDPOLYGONALFACE((198,200,199));
#5880=IFCINDEXEDPOLYGONALFACE((193,200,198));
#5881=IFCINDEXEDPOLYGONALFACE((198,201,196));
#5882=IFCINDEXEDPOLYGONALFACE((201,204,202));
#5883=IFCINDEXEDPOLYGONALFACE((201,202,203));
#5884=IFCINDEXEDPOLYGONALFACE((196,201,203));
#5885=IFCINDEXEDPOLYGONALFACE((201,199,204));
#5886=IFCINDEXEDPOLYGONALFACE((204,205,202));
#5887=IFCINDEXEDPOLYGONALFACE((204,206,205));
#5888=IFCINDEXEDPOLYGONALFACE((204,207,206));
#5889=IFCINDEXEDPOLYGONALFACE((199,207,204));
#5890=IFCINDEXEDPOLYGONALFACE((207,209,76));
#5891=IFCINDEXEDPOLYGONALFACE((207,76,206));
#5892=IFCINDEXEDPOLYGONALFACE((199,208,207));
#5893=IFCINDEXEDPOLYGONALFACE((208,209,207));
#5894=IFCINDEXEDPOLYGONALFACE((209,70,76));
#5895=IFCINDEXEDPOLYGONALFACE((71,70,209));
#5896=IFCINDEXEDPOLYGONALFACE((210,71,209));
#5897=IFCINDEXEDPOLYGONALFACE((210,209,208));
#5898=IFCINDEXEDPOLYGONALFACE((213,210,211));
#5899=IFCINDEXEDPOLYGONALFACE((210,212,211));
#5900=IFCINDEXEDPOLYGONALFACE((212,210,208));
#5901=IFCINDEXEDPOLYGONALFACE((71,210,213));
#5902=IFCINDEXEDPOLYGONALFACE((68,71,213));
#5903=IFCINDEXEDPOLYGONALFACE((214,68,213));
#5904=IFCINDEXEDPOLYGONALFACE((214,213,216));
#5905=IFCINDEXEDPOLYGONALFACE((215,213,211));
#5906=IFCINDEXEDPOLYGONALFACE((215,216,213));
#5907=IFCINDEXEDPOLYGONALFACE((217,216,215));
#5908=IFCINDEXEDPOLYGONALFACE((214,216,218));
#5909=IFCINDEXEDPOLYGONALFACE((217,219,216));
#5910=IFCINDEXEDPOLYGONALFACE((218,216,219));
#5911=IFCINDEXEDPOLYGONALFACE((219,220,222));
#5912=IFCINDEXEDPOLYGONALFACE((219,221,220));
#5913=IFCINDEXEDPOLYGONALFACE((221,219,217));
#5914=IFCINDEXEDPOLYGONALFACE((218,219,222));
#5915=IFCINDEXEDPOLYGONALFACE((224,222,220));
#5916=IFCINDEXEDPOLYGONALFACE((225,218,222));
#5917=IFCINDEXEDPOLYGONALFACE((222,223,227));
#5918=IFCINDEXEDPOLYGONALFACE((222,224,223));
#5919=IFCINDEXEDPOLYGONALFACE((225,222,226));
#5920=IFCINDEXEDPOLYGONALFACE((222,227,226));
#5921=IFCINDEXEDPOLYGONALFACE((229,226,227));
#5922=IFCINDEXEDPOLYGONALFACE((229,227,228));
#5923=IFCINDEXEDPOLYGONALFACE((228,227,223));
#5924=IFCINDEXEDPOLYGONALFACE((229,230,226));
#5925=IFCINDEXEDPOLYGONALFACE((232,230,229));
#5926=IFCINDEXEDPOLYGONALFACE((229,231,233));
#5927=IFCINDEXEDPOLYGONALFACE((229,228,231));
#5928=IFCINDEXEDPOLYGONALFACE((232,229,233));
#5929=IFCINDEXEDPOLYGONALFACE((232,233,234));
#5930=IFCINDEXEDPOLYGONALFACE((233,235,234));
#5931=IFCINDEXEDPOLYGONALFACE((233,236,235));
#5932=IFCINDEXEDPOLYGONALFACE((231,236,233));
#5933=IFCINDEXEDPOLYGONALFACE((236,231,228));
#5934=IFCINDEXEDPOLYGONALFACE((236,228,223));
#5935=IFCINDEXEDPOLYGONALFACE((237,205,236));
#5936=IFCINDEXEDPOLYGONALFACE((223,237,236));
#5937=IFCINDEXEDPOLYGONALFACE((205,235,236));
#5938=IFCINDEXEDPOLYGONALFACE((224,238,237));
#5939=IFCINDEXEDPOLYGONALFACE((224,237,223));
#5940=IFCINDEXEDPOLYGONALFACE((238,202,237));
#5941=IFCINDEXEDPOLYGONALFACE((202,205,237));
#5942=IFCINDEXEDPOLYGONALFACE((203,202,238));
#5943=IFCINDEXEDPOLYGONALFACE((239,203,238));
#5944=IFCINDEXEDPOLYGONALFACE((240,239,238));
#5945=IFCINDEXEDPOLYGONALFACE((224,240,238));
#5946=IFCINDEXEDPOLYGONALFACE((240,224,241));
#5947=IFCINDEXEDPOLYGONALFACE((244,240,241));
#5948=IFCINDEXEDPOLYGONALFACE((240,242,239));
#5949=IFCINDEXEDPOLYGONALFACE((242,240,243));
#5950=IFCINDEXEDPOLYGONALFACE((243,240,244));
#5951=IFCINDEXEDPOLYGONALFACE((241,246,244));
#5952=IFCINDEXEDPOLYGONALFACE((246,245,244));
#5953=IFCINDEXEDPOLYGONALFACE((244,245,243));
#5954=IFCINDEXEDPOLYGONALFACE((247,245,246));
#5955=IFCINDEXEDPOLYGONALFACE((215,247,246));
#5956=IFCINDEXEDPOLYGONALFACE((215,246,248));
#5957=IFCINDEXEDPOLYGONALFACE((248,246,241));
#5958=IFCINDEXEDPOLYGONALFACE((217,215,248));
#5959=IFCINDEXEDPOLYGONALFACE((217,248,221));
#5960=IFCINDEXEDPOLYGONALFACE((221,248,220));
#5961=IFCINDEXEDPOLYGONALFACE((220,248,241));
#5962=IFCINDEXEDPOLYGONALFACE((247,250,245));
#5963=IFCINDEXEDPOLYGONALFACE((215,211,247));
#5964=IFCINDEXEDPOLYGONALFACE((247,211,249));
#5965=IFCINDEXEDPOLYGONALFACE((250,247,249));
#5966=IFCINDEXEDPOLYGONALFACE((250,249,187));
#5967=IFCINDEXEDPOLYGONALFACE((188,250,187));
#5968=IFCINDEXEDPOLYGONALFACE((250,188,251));
#5969=IFCINDEXEDPOLYGONALFACE((250,251,245));
#5970=IFCINDEXEDPOLYGONALFACE((245,251,243));
#5971=IFCINDEXEDPOLYGONALFACE((243,251,252));
#5972=IFCINDEXEDPOLYGONALFACE((251,253,252));
#5973=IFCINDEXEDPOLYGONALFACE((188,253,251));
#5974=IFCINDEXEDPOLYGONALFACE((253,184,254));
#5975=IFCINDEXEDPOLYGONALFACE((255,253,254));
#5976=IFCINDEXEDPOLYGONALFACE((252,253,255));
#5977=IFCINDEXEDPOLYGONALFACE((188,184,253));
#5978=IFCINDEXEDPOLYGONALFACE((257,256,255));
#5979=IFCINDEXEDPOLYGONALFACE((255,256,252));
#5980=IFCINDEXEDPOLYGONALFACE((255,254,257));
#5981=IFCINDEXEDPOLYGONALFACE((258,256,257));
#5982=IFCINDEXEDPOLYGONALFACE((254,258,257));
#5983=IFCINDEXEDPOLYGONALFACE((182,176,258));
#5984=IFCINDEXEDPOLYGONALFACE((258,176,259));
#5985=IFCINDEXEDPOLYGONALFACE((258,259,260));
#5986=IFCINDEXEDPOLYGONALFACE((256,258,260));
#5987=IFCINDEXEDPOLYGONALFACE((254,182,258));
#5988=IFCINDEXEDPOLYGONALFACE((262,260,259));
#5989=IFCINDEXEDPOLYGONALFACE((261,260,265));
#5990=IFCINDEXEDPOLYGONALFACE((261,264,260));
#5991=IFCINDEXEDPOLYGONALFACE((262,265,260));
#5992=IFCINDEXEDPOLYGONALFACE((263,260,264));
#5993=IFCINDEXEDPOLYGONALFACE((256,260,263));
#5994=IFCINDEXEDPOLYGONALFACE((265,262,261));
#5995=IFCINDEXEDPOLYGONALFACE((267,266,264));
#5996=IFCINDEXEDPOLYGONALFACE((263,264,266));
#5997=IFCINDEXEDPOLYGONALFACE((267,264,268));
#5998=IFCINDEXEDPOLYGONALFACE((264,261,268));
#5999=IFCINDEXEDPOLYGONALFACE((268,270,269));
#6000=IFCINDEXEDPOLYGONALFACE((267,268,269));
#6001=IFCINDEXEDPOLYGONALFACE((261,262,268));
#6002=IFCINDEXEDPOLYGONALFACE((262,270,268));
#6003=IFCINDEXEDPOLYGONALFACE((270,271,269));
#6004=IFCINDEXEDPOLYGONALFACE((270,262,174));
#6005=IFCINDEXEDPOLYGONALFACE((271,270,173));
#6006=IFCINDEXEDPOLYGONALFACE((270,174,173));
#6007=IFCINDEXEDPOLYGONALFACE((269,271,273));
#6008=IFCINDEXEDPOLYGONALFACE((272,271,173));
#6009=IFCINDEXEDPOLYGONALFACE((272,273,271));
#6010=IFCINDEXEDPOLYGONALFACE((272,269,273));
#6011=IFCINDEXEDPOLYGONALFACE((173,161,272));
#6012=IFCINDEXEDPOLYGONALFACE((274,269,272));
#6013=IFCINDEXEDPOLYGONALFACE((275,274,272));
#6014=IFCINDEXEDPOLYGONALFACE((272,161,275));
#6015=IFCINDEXEDPOLYGONALFACE((276,274,275));
#6016=IFCINDEXEDPOLYGONALFACE((277,276,275));
#6017=IFCINDEXEDPOLYGONALFACE((277,275,278));
#6018=IFCINDEXEDPOLYGONALFACE((278,275,161));
#6019=IFCINDEXEDPOLYGONALFACE((280,277,278));
#6020=IFCINDEXEDPOLYGONALFACE((278,161,163));
#6021=IFCINDEXEDPOLYGONALFACE((279,278,163));
#6022=IFCINDEXEDPOLYGONALFACE((280,278,279));
#6023=IFCINDEXEDPOLYGONALFACE((283,277,280));
#6024=IFCINDEXEDPOLYGONALFACE((281,280,279));
#6025=IFCINDEXEDPOLYGONALFACE((280,281,282));
#6026=IFCINDEXEDPOLYGONALFACE((283,280,282));
#6027=IFCINDEXEDPOLYGONALFACE((282,284,283));
#6028=IFCINDEXEDPOLYGONALFACE((283,285,277));
#6029=IFCINDEXEDPOLYGONALFACE((284,286,283));
#6030=IFCINDEXEDPOLYGONALFACE((283,286,285));
#6031=IFCINDEXEDPOLYGONALFACE((287,288,286));
#6032=IFCINDEXEDPOLYGONALFACE((287,286,284));
#6033=IFCINDEXEDPOLYGONALFACE((288,289,286));
#6034=IFCINDEXEDPOLYGONALFACE((286,289,285));
#6035=IFCINDEXEDPOLYGONALFACE((288,290,289));
#6036=IFCINDEXEDPOLYGONALFACE((290,291,289));
#6037=IFCINDEXEDPOLYGONALFACE((289,291,292));
#6038=IFCINDEXEDPOLYGONALFACE((285,289,292));
#6039=IFCINDEXEDPOLYGONALFACE((292,293,276));
#6040=IFCINDEXEDPOLYGONALFACE((292,294,293));
#6041=IFCINDEXEDPOLYGONALFACE((292,291,294));
#6042=IFCINDEXEDPOLYGONALFACE((285,292,276));
#6043=IFCINDEXEDPOLYGONALFACE((294,295,293));
#6044=IFCINDEXEDPOLYGONALFACE((294,191,194));
#6045=IFCINDEXEDPOLYGONALFACE((294,194,295));
#6046=IFCINDEXEDPOLYGONALFACE((291,191,294));
#6047=IFCINDEXEDPOLYGONALFACE((295,197,266));
#6048=IFCINDEXEDPOLYGONALFACE((194,197,295));
#6049=IFCINDEXEDPOLYGONALFACE((295,266,267));
#6050=IFCINDEXEDPOLYGONALFACE((293,295,267));
#6051=IFCINDEXEDPOLYGONALFACE((276,293,274));
#6052=IFCINDEXEDPOLYGONALFACE((293,267,274));
#6053=IFCINDEXEDPOLYGONALFACE((290,190,291));
#6054=IFCINDEXEDPOLYGONALFACE((190,191,291));
#6055=IFCINDEXEDPOLYGONALFACE((290,288,296));
#6056=IFCINDEXEDPOLYGONALFACE((190,290,179));
#6057=IFCINDEXEDPOLYGONALFACE((179,290,296));
#6058=IFCINDEXEDPOLYGONALFACE((296,180,179));
#6059=IFCINDEXEDPOLYGONALFACE((296,297,180));
#6060=IFCINDEXEDPOLYGONALFACE((298,297,296));
#6061=IFCINDEXEDPOLYGONALFACE((299,298,296));
#6062=IFCINDEXEDPOLYGONALFACE((296,288,299));
#6063=IFCINDEXEDPOLYGONALFACE((300,298,299));
#6064=IFCINDEXEDPOLYGONALFACE((301,300,299));
#6065=IFCINDEXEDPOLYGONALFACE((299,287,301));
#6066=IFCINDEXEDPOLYGONALFACE((288,287,299));
#6067=IFCINDEXEDPOLYGONALFACE((302,304,301));
#6068=IFCINDEXEDPOLYGONALFACE((301,303,302));
#6069=IFCINDEXEDPOLYGONALFACE((287,303,301));
#6070=IFCINDEXEDPOLYGONALFACE((304,300,301));
#6071=IFCINDEXEDPOLYGONALFACE((300,304,305));
#6072=IFCINDEXEDPOLYGONALFACE((304,306,305));
#6073=IFCINDEXEDPOLYGONALFACE((302,307,304));
#6074=IFCINDEXEDPOLYGONALFACE((304,307,306));
#6075=IFCINDEXEDPOLYGONALFACE((307,311,308));
#6076=IFCINDEXEDPOLYGONALFACE((307,308,306));
#6077=IFCINDEXEDPOLYGONALFACE((310,309,307));
#6078=IFCINDEXEDPOLYGONALFACE((309,311,307));
#6079=IFCINDEXEDPOLYGONALFACE((310,307,302));
#6080=IFCINDEXEDPOLYGONALFACE((312,311,309));
#6081=IFCINDEXEDPOLYGONALFACE((312,313,311));
#6082=IFCINDEXEDPOLYGONALFACE((313,308,311));
#6083=IFCINDEXEDPOLYGONALFACE((313,152,154));
#6084=IFCINDEXEDPOLYGONALFACE((313,312,152));
#6085=IFCINDEXEDPOLYGONALFACE((313,154,155));
#6086=IFCINDEXEDPOLYGONALFACE((313,155,308));
#6087=IFCINDEXEDPOLYGONALFACE((312,314,152));
#6088=IFCINDEXEDPOLYGONALFACE((312,315,314));
#6089=IFCINDEXEDPOLYGONALFACE((309,315,312));
#6090=IFCINDEXEDPOLYGONALFACE((317,316,315));
#6091=IFCINDEXEDPOLYGONALFACE((315,316,314));
#6092=IFCINDEXEDPOLYGONALFACE((317,315,310));
#6093=IFCINDEXEDPOLYGONALFACE((315,309,310));
#6094=IFCINDEXEDPOLYGONALFACE((318,316,317));
#6095=IFCINDEXEDPOLYGONALFACE((317,319,318));
#6096=IFCINDEXEDPOLYGONALFACE((320,319,317));
#6097=IFCINDEXEDPOLYGONALFACE((310,320,317));
#6098=IFCINDEXEDPOLYGONALFACE((320,323,321));
#6099=IFCINDEXEDPOLYGONALFACE((319,320,321));
#6100=IFCINDEXEDPOLYGONALFACE((322,320,310));
#6101=IFCINDEXEDPOLYGONALFACE((320,322,323));
#6102=IFCINDEXEDPOLYGONALFACE((325,323,324));
#6103=IFCINDEXEDPOLYGONALFACE((323,326,324));
#6104=IFCINDEXEDPOLYGONALFACE((321,323,325));
#6105=IFCINDEXEDPOLYGONALFACE((322,326,323));
#6106=IFCINDEXEDPOLYGONALFACE((324,326,282));
#6107=IFCINDEXEDPOLYGONALFACE((303,284,326));
#6108=IFCINDEXEDPOLYGONALFACE((322,303,326));
#6109=IFCINDEXEDPOLYGONALFACE((326,284,282));
#6110=IFCINDEXEDPOLYGONALFACE((324,329,325));
#6111=IFCINDEXEDPOLYGONALFACE((325,327,328));
#6112=IFCINDEXEDPOLYGONALFACE((329,327,325));
#6113=IFCINDEXEDPOLYGONALFACE((328,321,325));
#6114=IFCINDEXEDPOLYGONALFACE((281,329,324));
#6115=IFCINDEXEDPOLYGONALFACE((329,281,330));
#6116=IFCINDEXEDPOLYGONALFACE((329,330,331));
#6117=IFCINDEXEDPOLYGONALFACE((327,329,331));
#6118=IFCINDEXEDPOLYGONALFACE((330,150,331));
#6119=IFCINDEXEDPOLYGONALFACE((150,146,331));
#6120=IFCINDEXEDPOLYGONALFACE((327,331,138));
#6121=IFCINDEXEDPOLYGONALFACE((331,146,138));
#6122=IFCINDEXEDPOLYGONALFACE((330,158,150));
#6123=IFCINDEXEDPOLYGONALFACE((279,158,330));
#6124=IFCINDEXEDPOLYGONALFACE((281,279,330));
#6125=IFCINDEXEDPOLYGONALFACE((332,321,328));
#6126=IFCINDEXEDPOLYGONALFACE((333,332,328));
#6127=IFCINDEXEDPOLYGONALFACE((328,132,333));
#6128=IFCINDEXEDPOLYGONALFACE((328,334,132));
#6129=IFCINDEXEDPOLYGONALFACE((327,334,328));
#6130=IFCINDEXEDPOLYGONALFACE((334,327,138));
#6131=IFCINDEXEDPOLYGONALFACE((132,334,133));
#6132=IFCINDEXEDPOLYGONALFACE((334,138,133));
#6133=IFCINDEXEDPOLYGONALFACE((333,132,130));
#6134=IFCINDEXEDPOLYGONALFACE((333,130,336));
#6135=IFCINDEXEDPOLYGONALFACE((335,332,333));
#6136=IFCINDEXEDPOLYGONALFACE((336,335,333));
#6137=IFCINDEXEDPOLYGONALFACE((336,130,125));
#6138=IFCINDEXEDPOLYGONALFACE((336,125,122));
#6139=IFCINDEXEDPOLYGONALFACE((122,337,336));
#6140=IFCINDEXEDPOLYGONALFACE((337,335,336));
#6141=IFCINDEXEDPOLYGONALFACE((120,337,122));
#6142=IFCINDEXEDPOLYGONALFACE((338,337,120));
#6143=IFCINDEXEDPOLYGONALFACE((338,339,337));
#6144=IFCINDEXEDPOLYGONALFACE((339,335,337));
#6145=IFCINDEXEDPOLYGONALFACE((340,339,342));
#6146=IFCINDEXEDPOLYGONALFACE((339,340,335));
#6147=IFCINDEXEDPOLYGONALFACE((339,338,341));
#6148=IFCINDEXEDPOLYGONALFACE((342,339,341));
#6149=IFCINDEXEDPOLYGONALFACE((342,344,343));
#6150=IFCINDEXEDPOLYGONALFACE((342,343,318));
#6151=IFCINDEXEDPOLYGONALFACE((318,340,342));
#6152=IFCINDEXEDPOLYGONALFACE((341,344,342));
#6153=IFCINDEXEDPOLYGONALFACE((345,344,346));
#6154=IFCINDEXEDPOLYGONALFACE((343,344,345));
#6155=IFCINDEXEDPOLYGONALFACE((341,6,344));
#6156=IFCINDEXEDPOLYGONALFACE((344,6,8));
#6157=IFCINDEXEDPOLYGONALFACE((344,8,346));
#6158=IFCINDEXEDPOLYGONALFACE((345,346,347));
#6159=IFCINDEXEDPOLYGONALFACE((347,346,348));
#6160=IFCINDEXEDPOLYGONALFACE((346,8,348));
#6161=IFCINDEXEDPOLYGONALFACE((347,348,349));
#6162=IFCINDEXEDPOLYGONALFACE((349,348,11));
#6163=IFCINDEXEDPOLYGONALFACE((348,8,9));
#6164=IFCINDEXEDPOLYGONALFACE((348,9,11));
#6165=IFCINDEXEDPOLYGONALFACE((349,11,129));
#6166=IFCINDEXEDPOLYGONALFACE((135,349,129));
#6167=IFCINDEXEDPOLYGONALFACE((135,347,349));
#6168=IFCINDEXEDPOLYGONALFACE((350,345,347));
#6169=IFCINDEXEDPOLYGONALFACE((350,347,135));
#6170=IFCINDEXEDPOLYGONALFACE((352,350,351));
#6171=IFCINDEXEDPOLYGONALFACE((351,350,135));
#6172=IFCINDEXEDPOLYGONALFACE((352,345,350));
#6173=IFCINDEXEDPOLYGONALFACE((352,343,345));
#6174=IFCINDEXEDPOLYGONALFACE((353,343,352));
#6175=IFCINDEXEDPOLYGONALFACE((353,352,354));
#6176=IFCINDEXEDPOLYGONALFACE((352,351,354));
#6177=IFCINDEXEDPOLYGONALFACE((355,354,351));
#6178=IFCINDEXEDPOLYGONALFACE((355,353,354));
#6179=IFCINDEXEDPOLYGONALFACE((355,351,356));
#6180=IFCINDEXEDPOLYGONALFACE((358,353,355));
#6181=IFCINDEXEDPOLYGONALFACE((357,355,356));
#6182=IFCINDEXEDPOLYGONALFACE((316,355,357));
#6183=IFCINDEXEDPOLYGONALFACE((316,358,355));
#6184=IFCINDEXEDPOLYGONALFACE((318,358,316));
#6185=IFCINDEXEDPOLYGONALFACE((318,343,358));
#6186=IFCINDEXEDPOLYGONALFACE((358,343,353));
#6187=IFCINDEXEDPOLYGONALFACE((357,356,144));
#6188=IFCINDEXEDPOLYGONALFACE((314,316,357));
#6189=IFCINDEXEDPOLYGONALFACE((314,357,151));
#6190=IFCINDEXEDPOLYGONALFACE((357,144,151));
#6191=IFCINDEXEDPOLYGONALFACE((356,351,135));
#6192=IFCINDEXEDPOLYGONALFACE((356,136,144));
#6193=IFCINDEXEDPOLYGONALFACE((356,135,136));
#6194=IFCINDEXEDPOLYGONALFACE((341,5,6));
#6195=IFCINDEXEDPOLYGONALFACE((341,338,5));
#6196=IFCINDEXEDPOLYGONALFACE((340,332,335));
#6197=IFCINDEXEDPOLYGONALFACE((340,319,332));
#6198=IFCINDEXEDPOLYGONALFACE((319,340,318));
#6199=IFCINDEXEDPOLYGONALFACE((118,338,120));
#6200=IFCINDEXEDPOLYGONALFACE((338,118,5));
#6201=IFCINDEXEDPOLYGONALFACE((319,321,332));
#6202=IFCINDEXEDPOLYGONALFACE((282,281,324));
#6203=IFCINDEXEDPOLYGONALFACE((303,322,302));
#6204=IFCINDEXEDPOLYGONALFACE((302,322,310));
#6205=IFCINDEXEDPOLYGONALFACE((152,314,151));
#6206=IFCINDEXEDPOLYGONALFACE((306,308,155));
#6207=IFCINDEXEDPOLYGONALFACE((306,155,156));
#6208=IFCINDEXEDPOLYGONALFACE((305,306,156));
#6209=IFCINDEXEDPOLYGONALFACE((359,305,159));
#6210=IFCINDEXEDPOLYGONALFACE((300,305,359));
#6211=IFCINDEXEDPOLYGONALFACE((305,156,159));
#6212=IFCINDEXEDPOLYGONALFACE((359,159,164));
#6213=IFCINDEXEDPOLYGONALFACE((167,359,164));
#6214=IFCINDEXEDPOLYGONALFACE((167,300,359));
#6215=IFCINDEXEDPOLYGONALFACE((303,287,284));
#6216=IFCINDEXEDPOLYGONALFACE((298,300,167));
#6217=IFCINDEXEDPOLYGONALFACE((297,298,166));
#6218=IFCINDEXEDPOLYGONALFACE((166,298,167));
#6219=IFCINDEXEDPOLYGONALFACE((166,170,297));
#6220=IFCINDEXEDPOLYGONALFACE((297,170,171));
#6221=IFCINDEXEDPOLYGONALFACE((297,171,180));
#6222=IFCINDEXEDPOLYGONALFACE((285,276,277));
#6223=IFCINDEXEDPOLYGONALFACE((279,163,158));
#6224=IFCINDEXEDPOLYGONALFACE((274,267,269));
#6225=IFCINDEXEDPOLYGONALFACE((197,360,266));
#6226=IFCINDEXEDPOLYGONALFACE((266,360,263));
#6227=IFCINDEXEDPOLYGONALFACE((197,196,360));
#6228=IFCINDEXEDPOLYGONALFACE((263,360,239));
#6229=IFCINDEXEDPOLYGONALFACE((360,203,239));
#6230=IFCINDEXEDPOLYGONALFACE((196,203,360));
#6231=IFCINDEXEDPOLYGONALFACE((242,256,263));
#6232=IFCINDEXEDPOLYGONALFACE((242,263,239));
#6233=IFCINDEXEDPOLYGONALFACE((262,259,174));
#6234=IFCINDEXEDPOLYGONALFACE((176,174,259));
#6235=IFCINDEXEDPOLYGONALFACE((256,242,252));
#6236=IFCINDEXEDPOLYGONALFACE((254,184,182));
#6237=IFCINDEXEDPOLYGONALFACE((252,242,243));
#6238=IFCINDEXEDPOLYGONALFACE((211,212,249));
#6239=IFCINDEXEDPOLYGONALFACE((212,361,249));
#6240=IFCINDEXEDPOLYGONALFACE((249,361,187));
#6241=IFCINDEXEDPOLYGONALFACE((186,361,193));
#6242=IFCINDEXEDPOLYGONALFACE((361,200,193));
#6243=IFCINDEXEDPOLYGONALFACE((361,212,200));
#6244=IFCINDEXEDPOLYGONALFACE((361,186,187));
#6245=IFCINDEXEDPOLYGONALFACE((241,224,220));
#6246=IFCINDEXEDPOLYGONALFACE((77,80,235));
#6247=IFCINDEXEDPOLYGONALFACE((206,77,235));
#6248=IFCINDEXEDPOLYGONALFACE((206,235,205));
#6249=IFCINDEXEDPOLYGONALFACE((235,80,362));
#6250=IFCINDEXEDPOLYGONALFACE((234,235,362));
#6251=IFCINDEXEDPOLYGONALFACE((362,80,46));
#6252=IFCINDEXEDPOLYGONALFACE((46,363,362));
#6253=IFCINDEXEDPOLYGONALFACE((364,362,363));
#6254=IFCINDEXEDPOLYGONALFACE((234,362,364));
#6255=IFCINDEXEDPOLYGONALFACE((364,363,365));
#6256=IFCINDEXEDPOLYGONALFACE((365,234,364));
#6257=IFCINDEXEDPOLYGONALFACE((365,363,366));
#6258=IFCINDEXEDPOLYGONALFACE((365,232,234));
#6259=IFCINDEXEDPOLYGONALFACE((365,366,232));
#6260=IFCINDEXEDPOLYGONALFACE((367,366,363));
#6261=IFCINDEXEDPOLYGONALFACE((367,368,366));
#6262=IFCINDEXEDPOLYGONALFACE((232,366,368));
#6263=IFCINDEXEDPOLYGONALFACE((232,368,230));
#6264=IFCINDEXEDPOLYGONALFACE((369,230,368));
#6265=IFCINDEXEDPOLYGONALFACE((367,369,368));
#6266=IFCINDEXEDPOLYGONALFACE((369,371,230));
#6267=IFCINDEXEDPOLYGONALFACE((367,370,369));
#6268=IFCINDEXEDPOLYGONALFACE((370,67,369));
#6269=IFCINDEXEDPOLYGONALFACE((67,371,369));
#6270=IFCINDEXEDPOLYGONALFACE((371,225,230));
#6271=IFCINDEXEDPOLYGONALFACE((371,214,225));
#6272=IFCINDEXEDPOLYGONALFACE((67,214,371));
#6273=IFCINDEXEDPOLYGONALFACE((372,370,367));
#6274=IFCINDEXEDPOLYGONALFACE((66,370,372));
#6275=IFCINDEXEDPOLYGONALFACE((66,67,370));
#6276=IFCINDEXEDPOLYGONALFACE((373,372,367));
#6277=IFCINDEXEDPOLYGONALFACE((374,372,373));
#6278=IFCINDEXEDPOLYGONALFACE((374,66,372));
#6279=IFCINDEXEDPOLYGONALFACE((53,374,51));
#6280=IFCINDEXEDPOLYGONALFACE((51,374,373));
#6281=IFCINDEXEDPOLYGONALFACE((53,66,374));
#6282=IFCINDEXEDPOLYGONALFACE((373,367,50));
#6283=IFCINDEXEDPOLYGONALFACE((51,373,50));
#6284=IFCINDEXEDPOLYGONALFACE((47,367,363));
#6285=IFCINDEXEDPOLYGONALFACE((50,367,47));
#6286=IFCINDEXEDPOLYGONALFACE((47,363,46));
#6287=IFCINDEXEDPOLYGONALFACE((225,226,230));
#6288=IFCINDEXEDPOLYGONALFACE((214,218,225));
#6289=IFCINDEXEDPOLYGONALFACE((67,68,214));
#6290=IFCINDEXEDPOLYGONALFACE((212,208,200));
#6291=IFCINDEXEDPOLYGONALFACE((200,208,199));
#6292=IFCINDEXEDPOLYGONALFACE((206,76,77));
#6293=IFCINDEXEDPOLYGONALFACE((178,190,179));
#6294=IFCINDEXEDPOLYGONALFACE((162,161,173));
#6295=IFCINDEXEDPOLYGONALFACE((144,143,151));
#6296=IFCINDEXEDPOLYGONALFACE((11,127,129));
#6297=IFCINDEXEDPOLYGONALFACE((12,22,127));
#6298=IFCINDEXEDPOLYGONALFACE((11,12,127));
#6299=IFCINDEXEDPOLYGONALFACE((94,124,28));
#6300=IFCINDEXEDPOLYGONALFACE((22,23,124));
#6301=IFCINDEXEDPOLYGONALFACE((124,23,28));
#6302=IFCINDEXEDPOLYGONALFACE((5,118,4));
#6303=IFCINDEXEDPOLYGONALFACE((43,81,83));
#6304=IFCINDEXEDPOLYGONALFACE((43,83,40));
#6305=IFCINDEXEDPOLYGONALFACE((46,81,43));
#6306=IFCINDEXEDPOLYGONALFACE((80,81,46));
#6307=IFCINDEXEDPOLYGONALFACE((74,73,79));
#6308=IFCINDEXEDPOLYGONALFACE((64,62,73));
#6309=IFCINDEXEDPOLYGONALFACE((56,44,41));
#6310=IFCINDEXEDPOLYGONALFACE((17,14,3));
#6311=IFCINDEXEDPOLYGONALFACE((3,14,2));
#6312=IFCSTYLEDITEM(#6313,(#1607),$);
#6313=IFCPOLYGONALFACESET(#6314,$,(#6315,#6316,#6317,#6318,#6319,#6320,#6321,#6322,#6323,#6324,#6325,#6326,#6327,#6328,#6329,#6330,#6331,#6332,#6333,#6334),$);
#6314=IFCCARTESIANPOINTLIST3D(((-11.984356880188,65.,-76.7399978637695),(-19.5003051757812,-65.,-104.790000915527),(-11.9843368530273,-65.,-76.7399978637695),(-19.5003242492676,65.,-104.790000915527),(-251.650283813477,-65.,-104.790000915527),(-251.650283813477,65.,-104.790000915527),(48.3496589660645,65.,-76.7399978637695),(48.349681854248,-65.,-76.7399978637695),(-251.650283813477,65.,-134.740020751953),(48.3496589660645,65.,-134.740020751953),(-251.650283813477,-65.,-134.740020751953),(48.349681854248,-65.,-134.740020751953)));
#6315=IFCINDEXEDPOLYGONALFACE((1,2,3));
#6316=IFCINDEXEDPOLYGONALFACE((1,4,2));
#6317=IFCINDEXEDPOLYGONALFACE((4,5,2));
#6318=IFCINDEXEDPOLYGONALFACE((4,6,5));
#6319=IFCINDEXEDPOLYGONALFACE((7,1,3));
#6320=IFCINDEXEDPOLYGONALFACE((7,3,8));
#6321=IFCINDEXEDPOLYGONALFACE((4,9,6));
#6322=IFCINDEXEDPOLYGONALFACE((7,4,1));
#6323=IFCINDEXEDPOLYGONALFACE((7,10,4));
#6324=IFCINDEXEDPOLYGONALFACE((10,9,4));
#6325=IFCINDEXEDPOLYGONALFACE((2,5,11));
#6326=IFCINDEXEDPOLYGONALFACE((8,3,2));
#6327=IFCINDEXEDPOLYGONALFACE((12,8,2));
#6328=IFCINDEXEDPOLYGONALFACE((11,12,2));
#6329=IFCINDEXEDPOLYGONALFACE((11,5,6));
#6330=IFCINDEXEDPOLYGONALFACE((11,6,9));
#6331=IFCINDEXEDPOLYGONALFACE((9,12,11));
#6332=IFCINDEXEDPOLYGONALFACE((9,10,12));
#6333=IFCINDEXEDPOLYGONALFACE((12,10,7));
#6334=IFCINDEXEDPOLYGONALFACE((8,12,7));
#6335=IFCSTYLEDITEM(#6336,(#1607),$);
#6336=IFCPOLYGONALFACESET(#6337,$,(#6338,#6339,#6340,#6341,#6342,#6343,#6344,#6345,#6346,#6347,#6348,#6349,#6350,#6351,#6352,#6353,#6354,#6355,#6356,#6357,#6358,#6359,#6360,#6361,#6362,#6363,#6364,#6365,#6366,#6367,#6368,#6369,#6370,#6371,#6372,#6373,#6374,#6375,#6376,#6377,#6378,#6379,#6380,#6381,#6382,#6383,#6384,#6385,#6386,#6387,#6388,#6389,#6390,#6391,#6392,#6393,#6394,#6395,#6396,#6397,#6398,#6399,#6400,#6401,#6402,#6403,#6404,#6405,#6406,#6407,#6408,#6409,#6410,#6411,#6412,#6413,#6414,#6415,#6416,#6417,#6418,#6419,#6420,#6421),$);
#6337=IFCCARTESIANPOINTLIST3D(((-100.050300598145,-18.3725986480713,-44.7400054931641),(-146.677734375,65.,-44.7400054931641),(-100.050300598145,18.3725662231445,-44.7400054931641),(-84.0503082275391,25.,-60.7400054931641),(-124.050308227539,-65.,-60.7400054931641),(-84.05029296875,-25.,-60.7400054931641),(-146.677703857422,-65.,-44.7400054931641),(-251.650283813477,-65.,-104.740013122559),(-251.650283813477,-65.,-44.7400054931641),(-251.650283813477,65.,-44.7400054931641),(-251.650283813477,65.,-104.740013122559),(-19.5387096405029,65.,-104.740013122559),(-124.050323486328,65.,-60.7400054931641),(-37.0503120422363,65.,-60.7400054931641),(-37.0503120422363,65.,-76.7399978637695),(-12.0361232757568,65.,-76.7399978637695),(-23.6503219604492,45.8628044128418,-76.7399978637695),(-23.6503200531006,37.6951866149902,-76.7399978637695),(-23.6503219604492,45.8628044128418,-60.7400054931641),(-23.6503200531006,37.6951866149902,-60.7400054931641),(-31.4500350952148,31.4827499389648,-60.7400054931641),(-31.4500350952148,31.4827499389648,-76.7399978637695),(-37.6706695556641,23.6895408630371,-60.7400054931641),(-23.6503086090088,-37.6951942443848,-76.7399978637695),(-42.,14.7068567276001,-76.7399978637695),(-37.6706695556641,23.6895408630371,-76.7399978637695),(-44.220142364502,4.98572683334351,-76.7399978637695),(-44.220142364502,-4.98574066162109,-76.7399978637695),(-44.220142364502,4.98572683334351,-60.7400054931641),(-42.,14.7068567276001,-60.7400054931641),(-44.220142364502,-4.98574066162109,-60.7400054931641),(-42.,-14.7068710327148,-60.7400054931641),(-42.,-14.7068710327148,-76.7399978637695),(-37.6706619262695,-23.6895542144775,-76.7399978637695),(-37.6706619262695,-23.6895542144775,-60.7400054931641),(-31.450023651123,-31.4827575683594,-76.7399978637695),(-31.450023651123,-31.4827575683594,-60.7400054931641),(-23.6503086090088,-37.6951942443848,-60.7400054931641),(-23.6503067016602,-45.8628120422363,-60.7400054931641),(-37.0502891540527,-65.,-60.7400054931641),(-37.0502891540527,-65.,-76.7399978637695),(-23.6503067016602,-45.8628120422363,-76.7399978637695),(-12.0361032485962,-65.,-76.7399978637695),(-19.5386905670166,-65.,-104.740013122559)));
#6338=IFCINDEXEDPOLYGONALFACE((7,1,2));
#6339=IFCINDEXEDPOLYGONALFACE((1,3,2));
#6340=IFCINDEXEDPOLYGONALFACE((4,3,1));
#6341=IFCINDEXEDPOLYGONALFACE((4,1,6));
#6342=IFCINDEXEDPOLYGONALFACE((7,5,1));
#6343=IFCINDEXEDPOLYGONALFACE((5,6,1));
#6344=IFCINDEXEDPOLYGONALFACE((5,7,8));
#6345=IFCINDEXEDPOLYGONALFACE((7,9,8));
#6346=IFCINDEXEDPOLYGONALFACE((7,2,9));
#6347=IFCINDEXEDPOLYGONALFACE((8,9,10));
#6348=IFCINDEXEDPOLYGONALFACE((9,2,10));
#6349=IFCINDEXEDPOLYGONALFACE((8,10,11));
#6350=IFCINDEXEDPOLYGONALFACE((2,11,10));
#6351=IFCINDEXEDPOLYGONALFACE((12,11,13));
#6352=IFCINDEXEDPOLYGONALFACE((11,12,8));
#6353=IFCINDEXEDPOLYGONALFACE((13,11,2));
#6354=IFCINDEXEDPOLYGONALFACE((3,4,13));
#6355=IFCINDEXEDPOLYGONALFACE((3,13,2));
#6356=IFCINDEXEDPOLYGONALFACE((14,13,4));
#6357=IFCINDEXEDPOLYGONALFACE((14,15,13));
#6358=IFCINDEXEDPOLYGONALFACE((15,12,13));
#6359=IFCINDEXEDPOLYGONALFACE((16,12,15));
#6360=IFCINDEXEDPOLYGONALFACE((16,15,17));
#6361=IFCINDEXEDPOLYGONALFACE((14,17,15));
#6362=IFCINDEXEDPOLYGONALFACE((17,20,18));
#6363=IFCINDEXEDPOLYGONALFACE((16,17,18));
#6364=IFCINDEXEDPOLYGONALFACE((14,19,17));
#6365=IFCINDEXEDPOLYGONALFACE((17,19,20));
#6366=IFCINDEXEDPOLYGONALFACE((19,21,20));
#6367=IFCINDEXEDPOLYGONALFACE((22,20,21));
#6368=IFCINDEXEDPOLYGONALFACE((22,18,20));
#6369=IFCINDEXEDPOLYGONALFACE((22,21,23));
#6370=IFCINDEXEDPOLYGONALFACE((26,22,23));
#6371=IFCINDEXEDPOLYGONALFACE((18,22,24));
#6372=IFCINDEXEDPOLYGONALFACE((22,27,24));
#6373=IFCINDEXEDPOLYGONALFACE((22,25,27));
#6374=IFCINDEXEDPOLYGONALFACE((22,26,25));
#6375=IFCINDEXEDPOLYGONALFACE((27,28,24));
#6376=IFCINDEXEDPOLYGONALFACE((28,27,29));
#6377=IFCINDEXEDPOLYGONALFACE((27,30,29));
#6378=IFCINDEXEDPOLYGONALFACE((27,25,30));
#6379=IFCINDEXEDPOLYGONALFACE((30,4,29));
#6380=IFCINDEXEDPOLYGONALFACE((23,4,30));
#6381=IFCINDEXEDPOLYGONALFACE((25,23,30));
#6382=IFCINDEXEDPOLYGONALFACE((29,4,31));
#6383=IFCINDEXEDPOLYGONALFACE((28,29,31));
#6384=IFCINDEXEDPOLYGONALFACE((31,4,6));
#6385=IFCINDEXEDPOLYGONALFACE((33,28,31));
#6386=IFCINDEXEDPOLYGONALFACE((31,6,32));
#6387=IFCINDEXEDPOLYGONALFACE((33,31,32));
#6388=IFCINDEXEDPOLYGONALFACE((28,33,34));
#6389=IFCINDEXEDPOLYGONALFACE((34,33,32));
#6390=IFCINDEXEDPOLYGONALFACE((28,34,24));
#6391=IFCINDEXEDPOLYGONALFACE((24,34,36));
#6392=IFCINDEXEDPOLYGONALFACE((34,32,35));
#6393=IFCINDEXEDPOLYGONALFACE((36,34,35));
#6394=IFCINDEXEDPOLYGONALFACE((24,36,37));
#6395=IFCINDEXEDPOLYGONALFACE((36,35,37));
#6396=IFCINDEXEDPOLYGONALFACE((24,37,38));
#6397=IFCINDEXEDPOLYGONALFACE((38,37,39));
#6398=IFCINDEXEDPOLYGONALFACE((37,40,39));
#6399=IFCINDEXEDPOLYGONALFACE((35,40,37));
#6400=IFCINDEXEDPOLYGONALFACE((41,40,5));
#6401=IFCINDEXEDPOLYGONALFACE((40,6,5));
#6402=IFCINDEXEDPOLYGONALFACE((35,6,40));
#6403=IFCINDEXEDPOLYGONALFACE((42,40,41));
#6404=IFCINDEXEDPOLYGONALFACE((39,40,42));
#6405=IFCINDEXEDPOLYGONALFACE((24,42,43));
#6406=IFCINDEXEDPOLYGONALFACE((42,41,43));
#6407=IFCINDEXEDPOLYGONALFACE((24,39,42));
#6408=IFCINDEXEDPOLYGONALFACE((12,16,43));
#6409=IFCINDEXEDPOLYGONALFACE((12,43,44));
#6410=IFCINDEXEDPOLYGONALFACE((43,18,24));
#6411=IFCINDEXEDPOLYGONALFACE((43,16,18));
#6412=IFCINDEXEDPOLYGONALFACE((44,43,41));
#6413=IFCINDEXEDPOLYGONALFACE((44,41,5));
#6414=IFCINDEXEDPOLYGONALFACE((44,5,8));
#6415=IFCINDEXEDPOLYGONALFACE((8,12,44));
#6416=IFCINDEXEDPOLYGONALFACE((24,38,39));
#6417=IFCINDEXEDPOLYGONALFACE((32,6,35));
#6418=IFCINDEXEDPOLYGONALFACE((25,26,23));
#6419=IFCINDEXEDPOLYGONALFACE((14,4,23));
#6420=IFCINDEXEDPOLYGONALFACE((14,23,21));
#6421=IFCINDEXEDPOLYGONALFACE((14,21,19));
ENDSEC;
END-ISO-10303-21;
