ISO-10303-21;
HEADER;
FILE_DESCRIPTION(('ViewDefinition [CoordinationView]'),'2;1');
FILE_NAME('','2026-09-09T18:14:39',(''),(''),'IfcOpenShell 0.8.4-e8eb5e4','IfcOpenShell 0.8.4-e8eb5e4','');
FILE_SCHEMA(('IFC4'));
ENDSEC;
DATA;
#1=IFCPROJECT('3hFmn2ED14Ofwsj$DzZ0HC',$,'My Project',$,$,$,$,(#2,#7),#8);
#2=IFCGEOMETRICREPRESENTATIONCONTEXT($,'Model',3,1.E-05,#3,$);
#3=IFCAXIS2PLACEMENT3D(#4,#5,#6);
#4=IFCCARTESIANPOINT((0.,0.,0.));
#5=IFCDIRECTION((0.,0.,1.));
#6=IFCDIRECTION((1.,0.,0.));
#7=IFCGEOMETRICREPRESENTATIONCONTEXT($,'Plan',2,1.E-05,$,$);
#8=IFCUNITASSIGNMENT((#9,#10,#11,#15));
#9=IFCSIUNIT(*,.VOLUMEUNIT.,$,.CUBIC_METRE.);
#10=IFCSIUNIT(*,.LENGTHUNIT.,.MILLI.,.METRE.);
#11=IFCCONVERSIONBASEDUNIT(#12,.PLANEANGLEUNIT.,'degree',#13);
#12=IFCDIMENSIONALEXPONENTS(0,0,0,0,0,0,0);
#13=IFCMEASUREWITHUNIT(IFCREAL(0.0174532925199433),#14);
#14=IFCSIUNIT(*,.PLANEANGLEUNIT.,$,.RADIAN.);
#15=IFCSIUNIT(*,.AREAUNIT.,$,.SQUARE_METRE.);
#16=IFCSITE('3iWnpcHW54tQCcUMk_yOsj',$,'My Site',$,$,#17,$,$,$,$,$,$,$,$);
#17=IFCLOCALPLACEMENT($,#18);
#18=IFCAXIS2PLACEMENT3D(#19,#20,#21);
#19=IFCCARTESIANPOINT((0.,0.,0.));
#20=IFCDIRECTION((0.,0.,1.));
#21=IFCDIRECTION((1.,0.,0.));
#22=IFCBUILDING('0aVVbcf_9A9x07_Nod0gAP',#23,'My Building',$,$,#28,$,$,$,$,$,$);
#23=IFCOWNERHISTORY(#24,#27,.READWRITE.,.ADDED.,1759986564,#24,#27,1759986564);
#24=IFCPERSONANDORGANIZATION(#25,#26,$);
#25=IFCPERSON($,'','ryan@openingdesign.com',$,$,$,$,$);
#26=IFCORGANIZATION($,'','',$,$);
#27=IFCAPPLICATION($,'0.8.3','Bonsai','Bonsai-0.8.3');
#28=IFCLOCALPLACEMENT(#17,#29);
#29=IFCAXIS2PLACEMENT3D(#30,#31,#32);
#30=IFCCARTESIANPOINT((0.,0.,0.));
#31=IFCDIRECTION((0.,0.,1.));
#32=IFCDIRECTION((1.,0.,0.));
#33=IFCBUILDINGSTOREY('1VjEk5I8XFmfiAYaLk_F_7',#34,'FUR',$,$,#35,$,$,$,$);
#34=IFCOWNERHISTORY(#24,#27,.READWRITE.,.MODIFIED.,1761750327,#24,#27,1761750327);
#35=IFCLOCALPLACEMENT(#28,#36);
#36=IFCAXIS2PLACEMENT3D(#37,#38,#39);
#37=IFCCARTESIANPOINT((0.,0.,0.));
#38=IFCDIRECTION((0.,0.,1.));
#39=IFCDIRECTION((1.,0.,0.));
#40=IFCSANITARYTERMINALTYPE('0oQ1OORVb9oOryrsmQyox1',#41,'Geberit 146.140','AquaClean Sela WC, wall-hung',$,$,(#46),$,$,.TOILETPAN.);
#41=IFCOWNERHISTORY(#24,#27,.READWRITE.,.MODIFIED.,1770371497,#24,#42,1762352098);
#42=IFCAPPLICATION(#43,'0.8.4','Bonsai','Bonsai-0.8.4');
#43=IFCORGANIZATION('IfcOpenShell','IfcOpenShell','IfcOpenShell is an open source software library that helps users and software developers to work with IFC data.',(#44),(#45));
#44=IFCACTORROLE(.USERDEFINED.,'CONTRIBUTOR',$);
#45=IFCTELECOMADDRESS(.USERDEFINED.,$,'WEBPAGE',$,$,$,$,'https://ifcopenshell.org',$);
#46=IFCREPRESENTATIONMAP(#47,#51);
#47=IFCAXIS2PLACEMENT3D(#48,#49,#50);
#48=IFCCARTESIANPOINT((0.,0.,0.));
#49=IFCDIRECTION((0.,0.,1.));
#50=IFCDIRECTION((1.,0.,0.));
#51=IFCSHAPEREPRESENTATION(#52,'Body','Tessellation',(#53));
#52=IFCGEOMETRICREPRESENTATIONSUBCONTEXT('Body','Model',*,*,*,*,#2,$,.MODEL_VIEW.,$);
#53=IFCPOLYGONALFACESET(#54,$,(#55,#56,#57,#58,#59,#60,#61,#62,#63,#64,#65,#66,#67,#68,#69,#70,#71,#72,#73,#74,#75,#76,#77,#78,#79,#80,#81,#82,#83,#84,#85,#86,#87,#88,#89,#90,#91,#92,#93,#94,#95,#96,#97,#98,#99,#100,#101,#102,#103,#104,#105,#106,#107,#108,#109,#110,#111,#112,#113,#114,#115,#116,#117,#118,#119,#120,#121,#122,#123,#124,#125,#126,#127,#128,#129,#130,#131,#132,#133,#134,#135,#136,#137,#138,#139,#140,#141,#142,#143,#144,#145,#146,#147,#148,#149,#150,#151,#152,#153,#154,#155,#156,#157,#158,#159,#160,#161,#162,#163,#164,#165,#166,#167,#168,#169,#170,#171,#172,#173,#174,#175,#176,#177,#178,#179,#180,#181,#182,#183,#184,#185,#186,#187,#188,#189,#190,#191,#192,#193,#194,#195,#196,#197,#198,#199,#200,#201,#202,#203,#204,#205,#206,#207,#208,#209,#210,#211,#212,#213,#214,#215,#216,#217,#218,#219,#220,#221,#222,#223,#224,#225,#226,#227,#228,#229,#230,#231,#232,#233,#234,#235,#236,#237,#238,#239,#240,#241,#242,#243,#244,#245,#246,#247,#248,#249,#250,#251,#252,#253,#254,#255,#256,#257,#258,#259,#260,#261,#262,#263,#264,#265,#266,#267,#268,#269,#270,#271,#272,#273,#274,#275,#276,#277,#278,#279,#280,#281,#282,#283,#284,#285,#286,#287,#288,#289,#290,#291,#292,#293,#294,#295,#296,#297,#298,#299,#300,#301,#302,#303,#304,#305,#306,#307,#308,#309,#310,#311,#312,#313,#314,#315,#316,#317,#318,#319,#320,#321,#322,#323,#324,#325,#326,#327,#328,#329,#330,#331,#332,#333,#334,#335,#336,#337,#338,#339,#340,#341,#342,#343,#344,#345,#346,#347,#348,#349,#350,#351,#352,#353,#354,#355,#356,#357,#358,#359,#360,#361,#362,#363,#364,#365,#366,#367,#368,#369,#370,#371,#372,#373,#374,#375,#376,#377,#378,#379,#380,#381,#382,#383,#384,#385,#386,#387,#388,#389,#390,#391,#392,#393,#394,#395,#396,#397,#398,#399,#400,#401,#402,#403,#404,#405,#406,#407,#408,#409,#410,#411,#412,#413,#414,#415,#416,#417,#418,#419,#420,#421,#422,#423,#424,#425,#426,#427,#428,#429,#430,#431,#432,#433,#434,#435,#436,#437,#438,#439,#440,#441,#442,#443,#444,#445,#446,#447,#448,#449,#450,#451,#452,#453,#454,#455,#456,#457,#458,#459,#460,#461,#462,#463,#464,#465,#466,#467,#468,#469,#470,#471,#472,#473,#474,#475,#476,#477,#478,#479,#480,#481,#482,#483,#484,#485,#486,#487,#488,#489,#490,#491,#492,#493,#494,#495,#496,#497,#498,#499,#500,#501,#502,#503,#504,#505,#506,#507,#508,#509,#510,#511,#512,#513,#514,#515,#516,#517,#518,#519,#520,#521,#522,#523,#524,#525,#526,#527,#528,#529,#530,#531,#532,#533,#534,#535,#536,#537,#538,#539,#540,#541,#542,#543,#544,#545,#546,#547,#548,#549,#550,#551,#552,#553,#554,#555,#556,#557,#558,#559,#560,#561,#562,#563,#564,#565,#566,#567,#568,#569,#570,#571,#572,#573,#574,#575,#576,#577,#578,#579,#580,#581,#582,#583,#584,#585,#586,#587,#588,#589,#590,#591,#592,#593,#594,#595,#596,#597,#598,#599,#600,#601,#602,#603,#604,#605,#606,#607,#608,#609,#610,#611,#612,#613,#614,#615,#616,#617,#618,#619,#620,#621,#622,#623,#624,#625,#626,#627,#628,#629,#630,#631,#632,#633,#634,#635,#636,#637,#638,#639,#640,#641,#642,#643,#644,#645,#646,#647,#648,#649,#650,#651,#652,#653,#654,#655,#656,#657,#658,#659,#660,#661,#662,#663,#664,#665,#666,#667,#668,#669,#670,#671,#672,#673,#674,#675,#676,#677,#678,#679,#680,#681,#682,#683,#684,#685,#686,#687,#688,#689,#690,#691,#692,#693,#694,#695,#696,#697,#698,#699,#700,#701,#702,#703,#704,#705,#706,#707,#708,#709,#710,#711,#712,#713,#714,#715,#716,#717,#718,#719,#720,#721,#722,#723,#724,#725,#726,#727,#728,#729,#730,#731,#732,#733,#734,#735,#736,#737,#738,#739,#740,#741,#742,#743,#744,#745,#746,#747,#748,#749,#750,#751,#752,#753,#754,#755,#756,#757,#758,#759,#760,#761,#762,#763,#764,#765,#766,#767,#768,#769,#770,#771,#772,#773,#774,#775,#776,#777,#778,#779,#780,#781,#782,#783,#784,#785,#786,#787,#788,#789,#790,#791,#792,#793,#794,#795,#796,#797,#798,#799,#800,#801,#802,#803,#804,#805,#806,#807,#808,#809,#810,#811,#812,#813,#814,#815,#816,#817,#818,#819,#820,#821,#822,#823,#824,#825,#826,#827,#828,#829,#830,#831,#832,#833,#834,#835,#836,#837,#838,#839,#840,#841,#842,#843,#844,#845,#846,#847,#848,#849,#850,#851,#852,#853,#854,#855,#856,#857,#858,#859,#860,#861,#862,#863,#864,#865,#866,#867,#868,#869,#870,#871,#872,#873,#874,#875,#876,#877,#878,#879,#880,#881,#882,#883,#884,#885,#886,#887,#888,#889,#890,#891,#892,#893,#894,#895,#896,#897,#898,#899,#900,#901,#902,#903,#904,#905,#906,#907,#908,#909,#910,#911,#912,#913,#914,#915,#916,#917,#918,#919,#920,#921,#922,#923,#924,#925,#926,#927,#928,#929,#930,#931,#932,#933,#934,#935,#936,#937,#938,#939,#940,#941,#942,#943,#944,#945,#946,#947,#948,#949,#950,#951,#952,#953,#954,#955,#956,#957,#958,#959,#960,#961,#962,#963,#964,#965,#966,#967,#968,#969,#970,#971,#972,#973,#974,#975,#976,#977,#978,#979,#980,#981,#982,#983,#984,#985,#986,#987,#988,#989,#990,#991,#992,#993,#994,#995,#996,#997,#998,#999,#1000,#1001,#1002,#1003,#1004,#1005,#1006,#1007,#1008,#1009,#1010,#1011,#1012,#1013,#1014,#1015,#1016,#1017,#1018,#1019,#1020,#1021,#1022,#1023,#1024,#1025,#1026,#1027,#1028,#1029,#1030,#1031,#1032,#1033,#1034,#1035,#1036,#1037,#1038,#1039,#1040,#1041,#1042,#1043,#1044,#1045,#1046,#1047,#1048,#1049,#1050,#1051,#1052,#1053,#1054,#1055,#1056,#1057,#1058,#1059,#1060,#1061,#1062,#1063,#1064,#1065,#1066,#1067,#1068,#1069,#1070,#1071,#1072,#1073,#1074,#1075,#1076,#1077,#1078,#1079,#1080,#1081,#1082,#1083,#1084,#1085,#1086,#1087,#1088,#1089,#1090,#1091,#1092,#1093,#1094,#1095,#1096,#1097,#1098,#1099,#1100,#1101,#1102,#1103,#1104,#1105,#1106,#1107,#1108,#1109,#1110,#1111,#1112,#1113,#1114,#1115,#1116,#1117,#1118,#1119,#1120,#1121,#1122,#1123,#1124,#1125,#1126,#1127,#1128,#1129,#1130,#1131,#1132,#1133,#1134,#1135,#1136,#1137,#1138,#1139,#1140,#1141,#1142,#1143,#1144,#1145,#1146,#1147,#1148,#1149,#1150,#1151,#1152,#1153,#1154,#1155,#1156,#1157,#1158,#1159,#1160,#1161,#1162,#1163,#1164,#1165,#1166,#1167,#1168,#1169,#1170,#1171,#1172,#1173,#1174,#1175,#1176,#1177,#1178,#1179,#1180,#1181,#1182,#1183,#1184,#1185,#1186,#1187,#1188,#1189,#1190,#1191,#1192,#1193,#1194,#1195,#1196,#1197,#1198,#1199,#1200,#1201,#1202,#1203,#1204,#1205,#1206,#1207,#1208,#1209,#1210,#1211,#1212,#1213,#1214,#1215,#1216,#1217,#1218,#1219,#1220,#1221,#1222,#1223,#1224,#1225,#1226,#1227,#1228,#1229,#1230,#1231,#1232,#1233,#1234,#1235,#1236,#1237,#1238,#1239,#1240,#1241,#1242,#1243,#1244,#1245,#1246,#1247,#1248,#1249,#1250,#1251,#1252,#1253,#1254,#1255,#1256,#1257,#1258,#1259,#1260,#1261,#1262,#1263,#1264,#1265,#1266,#1267,#1268,#1269,#1270,#1271,#1272,#1273,#1274,#1275,#1276,#1277,#1278,#1279,#1280,#1281,#1282,#1283,#1284,#1285,#1286,#1287,#1288,#1289,#1290,#1291,#1292,#1293,#1294,#1295,#1296,#1297,#1298,#1299,#1300,#1301,#1302,#1303,#1304,#1305,#1306,#1307,#1308,#1309,#1310,#1311,#1312,#1313,#1314,#1315,#1316,#1317,#1318,#1319,#1320,#1321,#1322,#1323,#1324,#1325,#1326,#1327,#1328,#1329,#1330,#1331,#1332,#1333,#1334,#1335,#1336,#1337,#1338,#1339,#1340,#1341,#1342,#1343,#1344,#1345,#1346,#1347,#1348,#1349,#1350,#1351,#1352,#1353,#1354,#1355,#1356,#1357,#1358,#1359,#1360,#1361,#1362,#1363,#1364,#1365,#1366,#1367,#1368,#1369,#1370,#1371,#1372,#1373,#1374,#1375,#1376,#1377,#1378,#1379,#1380,#1381,#1382,#1383,#1384,#1385,#1386,#1387,#1388,#1389,#1390,#1391,#1392,#1393,#1394,#1395,#1396,#1397,#1398,#1399,#1400,#1401,#1402,#1403,#1404,#1405,#1406,#1407,#1408,#1409,#1410,#1411,#1412,#1413,#1414,#1415,#1416,#1417,#1418,#1419,#1420,#1421,#1422,#1423,#1424,#1425,#1426,#1427,#1428,#1429,#1430,#1431,#1432,#1433,#1434,#1435,#1436,#1437,#1438,#1439,#1440,#1441,#1442,#1443,#1444,#1445,#1446,#1447,#1448,#1449,#1450,#1451,#1452,#1453,#1454,#1455,#1456,#1457,#1458,#1459,#1460,#1461,#1462,#1463,#1464,#1465,#1466,#1467,#1468,#1469,#1470,#1471,#1472,#1473,#1474,#1475,#1476,#1477,#1478,#1479,#1480,#1481,#1482,#1483,#1484,#1485,#1486,#1487,#1488,#1489,#1490,#1491,#1492,#1493,#1494,#1495,#1496,#1497,#1498,#1499,#1500,#1501,#1502,#1503,#1504,#1505,#1506,#1507,#1508,#1509,#1510,#1511,#1512,#1513,#1514,#1515,#1516,#1517,#1518,#1519,#1520,#1521,#1522,#1523,#1524,#1525,#1526,#1527,#1528,#1529,#1530,#1531,#1532,#1533,#1534,#1535,#1536,#1537,#1538,#1539,#1540,#1541,#1542,#1543,#1544,#1545,#1546,#1547,#1548,#1549,#1550,#1551,#1552,#1553,#1554,#1555,#1556,#1557,#1558,#1559,#1560,#1561,#1562,#1563,#1564,#1565,#1566,#1567,#1568,#1569,#1570,#1571,#1572,#1573,#1574,#1575,#1576,#1577,#1578,#1579,#1580,#1581,#1582,#1583,#1584,#1585,#1586,#1587,#1588,#1589,#1590,#1591,#1592,#1593,#1594,#1595,#1596,#1597,#1598,#1599,#1600,#1601,#1602,#1603,#1604,#1605,#1606,#1607,#1608,#1609,#1610,#1611,#1612,#1613,#1614,#1615,#1616,#1617,#1618,#1619,#1620,#1621,#1622,#1623,#1624,#1625,#1626,#1627,#1628,#1629,#1630,#1631,#1632,#1633,#1634,#1635,#1636,#1637,#1638,#1639,#1640,#1641,#1642,#1643,#1644,#1645,#1646,#1647,#1648,#1649,#1650,#1651,#1652,#1653,#1654,#1655,#1656,#1657,#1658,#1659,#1660,#1661,#1662,#1663,#1664,#1665,#1666,#1667,#1668,#1669,#1670,#1671,#1672,#1673,#1674,#1675,#1676,#1677,#1678,#1679,#1680,#1681,#1682,#1683,#1684,#1685,#1686,#1687,#1688,#1689,#1690,#1691,#1692,#1693,#1694,#1695,#1696,#1697,#1698,#1699,#1700,#1701,#1702,#1703,#1704,#1705,#1706,#1707,#1708,#1709,#1710,#1711,#1712,#1713,#1714,#1715,#1716,#1717,#1718,#1719,#1720,#1721,#1722,#1723,#1724,#1725,#1726,#1727,#1728,#1729,#1730,#1731,#1732,#1733,#1734,#1735,#1736,#1737,#1738,#1739,#1740,#1741,#1742,#1743,#1744,#1745,#1746,#1747,#1748,#1749,#1750,#1751,#1752,#1753,#1754,#1755,#1756,#1757,#1758,#1759,#1760,#1761,#1762,#1763,#1764,#1765,#1766,#1767,#1768,#1769,#1770,#1771,#1772,#1773,#1774,#1775,#1776,#1777,#1778,#1779,#1780,#1781,#1782,#1783,#1784,#1785,#1786,#1787,#1788,#1789,#1790,#1791,#1792,#1793,#1794,#1795,#1796,#1797,#1798,#1799,#1800,#1801,#1802,#1803,#1804,#1805,#1806,#1807,#1808,#1809,#1810,#1811,#1812,#1813,#1814,#1815,#1816,#1817,#1818,#1819,#1820,#1821,#1822,#1823,#1824,#1825,#1826,#1827,#1828,#1829,#1830,#1831,#1832,#1833,#1834,#1835,#1836,#1837,#1838,#1839,#1840,#1841,#1842,#1843,#1844,#1845,#1846,#1847,#1848,#1849,#1850,#1851,#1852,#1853,#1854,#1855,#1856,#1857,#1858,#1859,#1860,#1861,#1862,#1863,#1864,#1865,#1866,#1867,#1868,#1869,#1870,#1871,#1872,#1873,#1874,#1875,#1876,#1877,#1878,#1879,#1880,#1881,#1882,#1883,#1884,#1885,#1886,#1887,#1888,#1889,#1890,#1891,#1892,#1893,#1894,#1895,#1896,#1897,#1898,#1899,#1900,#1901,#1902,#1903,#1904,#1905,#1906,#1907,#1908,#1909,#1910,#1911,#1912,#1913,#1914,#1915,#1916,#1917,#1918,#1919,#1920,#1921,#1922,#1923,#1924,#1925,#1926,#1927,#1928,#1929,#1930,#1931,#1932,#1933,#1934,#1935,#1936,#1937,#1938,#1939,#1940,#1941,#1942,#1943,#1944,#1945,#1946,#1947,#1948,#1949,#1950,#1951,#1952,#1953,#1954,#1955,#1956,#1957,#1958,#1959,#1960,#1961,#1962,#1963,#1964,#1965,#1966,#1967,#1968,#1969,#1970,#1971,#1972,#1973,#1974,#1975,#1976,#1977,#1978,#1979,#1980,#1981,#1982,#1983,#1984,#1985,#1986,#1987,#1988,#1989,#1990,#1991,#1992,#1993,#1994,#1995,#1996,#1997,#1998,#1999,#2000,#2001,#2002,#2003,#2004,#2005,#2006,#2007,#2008,#2009,#2010,#2011,#2012,#2013,#2014,#2015,#2016,#2017,#2018,#2019,#2020,#2021,#2022,#2023,#2024,#2025,#2026,#2027,#2028,#2029,#2030,#2031,#2032,#2033,#2034,#2035,#2036,#2037,#2038,#2039,#2040,#2041,#2042,#2043,#2044,#2045,#2046,#2047,#2048,#2049,#2050,#2051,#2052,#2053,#2054,#2055,#2056,#2057,#2058,#2059,#2060,#2061,#2062,#2063,#2064,#2065,#2066,#2067,#2068,#2069,#2070,#2071,#2072,#2073,#2074,#2075,#2076,#2077,#2078,#2079,#2080,#2081,#2082,#2083,#2084,#2085,#2086,#2087,#2088,#2089,#2090,#2091,#2092,#2093,#2094,#2095,#2096,#2097,#2098,#2099,#2100,#2101,#2102,#2103,#2104,#2105,#2106,#2107,#2108,#2109,#2110,#2111,#2112,#2113,#2114,#2115,#2116,#2117,#2118,#2119,#2120,#2121,#2122,#2123,#2124,#2125,#2126,#2127,#2128,#2129,#2130,#2131,#2132,#2133,#2134,#2135,#2136,#2137,#2138,#2139,#2140,#2141,#2142,#2143,#2144,#2145,#2146,#2147,#2148,#2149,#2150,#2151,#2152,#2153,#2154,#2155,#2156,#2157,#2158,#2159,#2160,#2161,#2162,#2163,#2164,#2165,#2166,#2167,#2168,#2169,#2170,#2171,#2172,#2173,#2174,#2175,#2176,#2177,#2178,#2179,#2180,#2181,#2182,#2183,#2184,#2185,#2186,#2187,#2188,#2189,#2190,#2191,#2192,#2193,#2194,#2195,#2196,#2197,#2198,#2199,#2200,#2201,#2202,#2203,#2204,#2205,#2206,#2207,#2208,#2209,#2210,#2211,#2212,#2213,#2214,#2215,#2216,#2217,#2218,#2219,#2220,#2221,#2222,#2223,#2224,#2225,#2226,#2227,#2228,#2229,#2230,#2231,#2232,#2233,#2234,#2235,#2236,#2237,#2238,#2239,#2240,#2241,#2242,#2243,#2244,#2245,#2246,#2247,#2248,#2249,#2250,#2251,#2252,#2253,#2254,#2255,#2256,#2257,#2258,#2259,#2260,#2261,#2262,#2263,#2264,#2265,#2266,#2267,#2268,#2269,#2270,#2271,#2272,#2273,#2274,#2275,#2276,#2277,#2278,#2279,#2280,#2281,#2282,#2283,#2284,#2285,#2286,#2287,#2288,#2289,#2290,#2291,#2292,#2293,#2294,#2295,#2296,#2297,#2298,#2299,#2300,#2301,#2302,#2303,#2304,#2305,#2306,#2307,#2308,#2309,#2310,#2311,#2312,#2313,#2314,#2315,#2316,#2317,#2318,#2319,#2320,#2321,#2322,#2323,#2324,#2325,#2326,#2327,#2328,#2329,#2330,#2331,#2332,#2333,#2334,#2335,#2336,#2337,#2338,#2339,#2340,#2341,#2342,#2343,#2344,#2345,#2346,#2347,#2348,#2349,#2350,#2351,#2352,#2353,#2354,#2355,#2356,#2357,#2358,#2359,#2360,#2361,#2362,#2363,#2364,#2365,#2366,#2367,#2368,#2369,#2370,#2371,#2372,#2373,#2374,#2375,#2376,#2377,#2378,#2379,#2380,#2381,#2382,#2383,#2384,#2385,#2386,#2387,#2388,#2389,#2390,#2391,#2392,#2393,#2394,#2395,#2396,#2397,#2398,#2399,#2400,#2401,#2402,#2403,#2404,#2405,#2406,#2407,#2408,#2409,#2410,#2411,#2412,#2413,#2414,#2415,#2416,#2417,#2418,#2419,#2420,#2421,#2422,#2423,#2424,#2425,#2426,#2427,#2428,#2429,#2430,#2431,#2432,#2433,#2434,#2435,#2436,#2437,#2438,#2439,#2440,#2441,#2442,#2443,#2444,#2445,#2446,#2447,#2448,#2449,#2450,#2451,#2452,#2453,#2454,#2455,#2456,#2457,#2458,#2459,#2460,#2461,#2462,#2463,#2464,#2465,#2466,#2467,#2468,#2469,#2470,#2471,#2472,#2473,#2474,#2475,#2476,#2477,#2478,#2479,#2480,#2481,#2482,#2483,#2484,#2485,#2486,#2487,#2488,#2489,#2490,#2491,#2492,#2493,#2494,#2495,#2496,#2497,#2498,#2499,#2500,#2501,#2502,#2503,#2504,#2505,#2506,#2507,#2508,#2509,#2510,#2511,#2512,#2513,#2514,#2515,#2516,#2517,#2518,#2519,#2520,#2521,#2522,#2523,#2524,#2525,#2526,#2527,#2528,#2529,#2530,#2531,#2532,#2533,#2534,#2535,#2536,#2537,#2538,#2539,#2540,#2541,#2542,#2543,#2544,#2545,#2546,#2547,#2548,#2549,#2550,#2551,#2552,#2553,#2554,#2555,#2556,#2557,#2558,#2559,#2560,#2561,#2562,#2563,#2564,#2565,#2566,#2567,#2568,#2569,#2570,#2571,#2572,#2573,#2574,#2575,#2576,#2577,#2578,#2579,#2580,#2581,#2582,#2583,#2584,#2585,#2586,#2587,#2588,#2589,#2590,#2591,#2592,#2593,#2594,#2595,#2596,#2597,#2598,#2599,#2600,#2601,#2602,#2603,#2604,#2605,#2606,#2607,#2608,#2609,#2610,#2611,#2612,#2613,#2614,#2615,#2616,#2617,#2618,#2619,#2620,#2621,#2622,#2623,#2624,#2625,#2626,#2627,#2628,#2629,#2630,#2631,#2632,#2633,#2634,#2635,#2636,#2637,#2638,#2639,#2640,#2641,#2642,#2643,#2644,#2645,#2646,#2647,#2648,#2649,#2650,#2651,#2652,#2653,#2654,#2655,#2656,#2657,#2658,#2659,#2660,#2661,#2662,#2663,#2664,#2665,#2666,#2667,#2668,#2669,#2670,#2671,#2672,#2673,#2674,#2675,#2676,#2677,#2678,#2679,#2680,#2681,#2682,#2683,#2684,#2685,#2686,#2687,#2688,#2689,#2690,#2691,#2692,#2693,#2694,#2695,#2696,#2697,#2698,#2699,#2700,#2701,#2702,#2703,#2704,#2705,#2706,#2707,#2708,#2709,#2710,#2711,#2712,#2713,#2714,#2715,#2716,#2717,#2718,#2719,#2720,#2721,#2722,#2723,#2724,#2725,#2726,#2727,#2728,#2729,#2730,#2731,#2732,#2733,#2734,#2735,#2736,#2737,#2738,#2739,#2740,#2741,#2742,#2743,#2744,#2745,#2746,#2747,#2748,#2749,#2750,#2751,#2752,#2753,#2754,#2755,#2756,#2757,#2758,#2759,#2760,#2761,#2762,#2763,#2764,#2765,#2766,#2767,#2768,#2769,#2770,#2771,#2772,#2773,#2774,#2775,#2776,#2777,#2778,#2779,#2780,#2781,#2782,#2783,#2784,#2785,#2786,#2787,#2788,#2789,#2790,#2791,#2792,#2793,#2794,#2795,#2796,#2797,#2798,#2799,#2800,#2801,#2802,#2803,#2804,#2805,#2806,#2807,#2808,#2809,#2810,#2811,#2812,#2813,#2814,#2815),$);
#54=IFCCARTESIANPOINTLIST3D(((153.0361328125,-53.4010200500488,194.),(-135.51481628418,-11.2469892501831,194.),(-90.3881530761719,-9.,194.),(-153.037048339844,-53.4010200500488,194.),(-180.44694519043,-19.2698440551758,194.),(181.12580871582,-14.4357318878174,186.),(179.647674560547,-53.4010162353516,194.),(180.446075439453,-19.2698783874512,194.),(180.560119628906,-14.390552520752,194.),(179.720001220703,-66.0564193725586,188.799667358398),(178.668579101562,-111.,188.799697875977),(178.866928100586,-111.,186.),(152.426300048828,-48.9532775878906,201.18879699707),(152.573928833008,-49.752857208252,199.171203613281),(152.287399291992,-48.4023361206055,203.287979125977),(152.727035522461,-50.7811737060547,197.277801513672),(149.639465332031,-25.0436992645264,230.454345703125),(151.949295043945,-48.2779884338379,209.615478515625),(149.503631591797,-25.8109741210938,233.8134765625),(149.325286865234,-28.6647548675537,240.071075439453),(149.286331176758,-30.7026519775391,242.851425170898),(149.774047851562,-56.0889701843262,258.932006835938),(179.777008056641,-62.602897644043,189.134078979492),(192.830169677734,-62.1914749145508,189.21955871582),(192.850082397461,-60.3168334960938,189.739303588867),(-178.669525146484,-111.,188.799697875977),(-188.866882324219,-212.099639892578,188.799682617188),(179.784301757812,-59.215389251709,190.150405883789),(179.739868164062,-56.0919570922852,191.80940246582),(188.866027832031,-212.099594116211,188.799682617188),(184.980545043945,-358.142822265625,188.799682617188),(-179.720901489258,-66.0564346313477,188.799667358398),(183.653411865234,-377.467346191406,188.799682617188),(-184.981353759766,-358.142822265625,188.799682617188),(-179.777984619141,-62.6028823852539,189.134078979492),(192.829544067383,-55.1830291748047,192.455047607422),(-183.654220581055,-377.467407226562,188.799682617188),(152.882217407227,-52.,195.544799804688),(-192.831115722656,-62.1914596557617,189.21955871582),(180.719161987305,-396.296051025391,188.799682617188),(-192.851043701172,-60.3168182373047,189.739303588867),(-192.857574462891,-58.510814666748,190.457565307617),(171.27490234375,-429.,188.799682617188),(-179.740768432617,-56.0919990539551,191.80940246582),(192.242340087891,-48.0874824523926,205.742889404297),(156.325866699219,-459.545318603516,188.799682617188),(-192.830429077148,-55.1830558776855,192.455047607422),(-171.275787353516,-429.,188.799682617188),(-192.750701904297,-52.3635940551758,195.116088867188),(-179.648559570312,-53.4010276794434,194.),(152.160171508789,-48.1091690063477,205.422561645508),(-152.883117675781,-52.,195.544799804688),(152.046936035156,-48.0719032287598,207.54621887207),(124.078971862793,-498.656402587891,188.799682617188),(-152.574813842773,-49.7528877258301,199.171142578125),(187.865234375,-58.7654800415039,275.830596923828),(-152.288314819336,-48.4023361206055,203.28791809082),(-192.449981689453,-48.7311668395996,201.917572021484),(74.9475631713867,-56.7160453796387,262.891021728516),(29.5514507293701,-542.517517089844,188.799667358398),(47.0553398132324,-60.242977142334,285.159271240234),(-58.4069366455078,-535.963134765625,188.799667358398),(0.,-60.3416175842285,285.782043457031),(-192.011962890625,-48.2780685424805,209.615539550781),(-164.50016784668,-444.595397949219,188.799682617188),(-149.774963378906,-56.0890426635742,258.932006835938),(-0.0219274964183569,-56.9275245666504,264.226287841797),(-94.0681228637695,-59.9472541809082,283.292022705078),(-156.32682800293,-459.545196533203,188.799682617188),(-74.9810028076172,-56.7159004211426,262.89013671875),(-146.814727783203,-473.640930175781,188.799682617188),(-136.052841186523,-486.703186035156,188.799682617188),(187.668258666992,-73.9701690673828,186.),(-185.488174438477,-172.744415283203,186.),(-181.977905273438,-271.309478759766,186.),(-187.669158935547,-73.9701385498047,186.),(-177.145767211914,-369.649627685547,186.),(-171.690063476562,-405.758850097656,186.),(-159.670669555664,-440.36083984375,186.),(157.721542358398,-444.48779296875,186.),(-88.0599670410156,-519.445434570312,186.),(-103.313423156738,-509.513885498047,186.),(137.451248168945,-476.823211669922,186.),(-71.9146118164062,-527.792053222656,186.),(124.743980407715,-491.162933349609,186.),(95.4703750610352,-514.900085449219,186.),(21.9851226806641,-542.234802246094,186.),(-55.1744270324707,-534.433532714844,186.),(-11.3004541397095,-543.320617675781,186.),(0.,-543.712829589844,186.),(90.3872222900391,-9.,194.),(0.,-7.19881820678711,186.),(0.,-7.19881868362427,194.),(90.6710815429688,-9.01021194458008,186.),(-90.6719512939453,-9.01019477844238,186.),(-135.939926147461,-11.2724695205688,186.),(-180.561050415039,-14.3905782699585,194.),(75.0221481323242,-26.0240783691406,236.64404296875),(112.416816711426,-25.6186542510986,234.08447265625),(112.554100036621,-26.5763511657715,238.027969360352),(149.398193359375,-27.0247478485107,237.03923034668),(-37.6588592529297,-26.2641201019287,238.159637451172),(37.4437561035156,-26.2650108337402,238.165603637695),(37.6175384521484,-27.4776363372803,242.838424682617),(75.095703125,-27.1387596130371,241.047393798828),(-0.175180912017822,-26.3443984985352,238.666580200195),(75.3351821899414,-29.0294494628906,245.167541503906),(37.7432479858398,-29.5670776367188,247.191925048828),(151.247421264648,-19.2698841094971,194.),(-74.9721069335938,-26.0244731903076,236.646545410156),(0.10085279494524,-27.5912380218506,243.433944702148),(0.101181760430336,-29.7491493225098,247.864379882812),(112.882270812988,-28.1561431884766,241.748947143555),(113.192932128906,-30.319091796875,245.16569519043),(-75.,-27.1398830413818,241.053482055664),(-75.2342987060547,-29.0312156677246,245.174423217773),(-37.4445686340332,-27.4786243438721,242.84358215332),(0.101484708487988,-32.7341346740723,251.785415649414),(-37.5697288513184,-29.5686016082764,247.197708129883),(75.5586700439453,-31.6352005004883,248.878021240234),(-112.323852539062,-25.6198558807373,234.091796875),(-112.849266052246,-28.157075881958,241.752456665039),(37.8594017028809,-32.4551200866699,251.062438964844),(-149.50456237793,-25.8110466003418,233.8134765625),(-112.521148681641,-26.5769271850586,238.031097412109),(-37.7870903015137,-36.0369529724121,254.311569213867),(113.477714538574,-33.,248.188751220703),(75.7586364746094,-34.8700790405273,252.056381225586),(149.281784057617,-36.0505905151367,248.287033081055),(-149.399124145508,-27.0247764587402,237.03923034668),(-113.159820556641,-30.3204727172852,245.169540405273),(-37.6853713989258,-32.4573974609375,251.068572998047),(-75.4574279785156,-31.6379489898682,248.885437011719),(0.101748757064342,-36.4303512573242,255.044769287109),(75.3469161987305,-37.9048042297363,254.390167236328),(37.9615249633789,-36.0338706970215,254.305374145508),(0.203188538551331,-38.5022392272949,256.466583251953),(112.889602661133,-37.1336898803711,251.797149658203),(-149.28727722168,-30.7027244567871,242.851425170898),(-113.444709777832,-33.0101585388184,248.192260742188),(-75.6571655273438,-34.8738708496094,252.064041137695),(-112.82413482666,-37.1357688903809,251.802810668945),(0.20287461578846,-44.4588165283203,259.856262207031),(149.363037109375,-42.1611976623535,252.847305297852),(112.711540222168,-43.1869316101074,255.869369506836),(-37.4465599060059,-38.3569450378418,255.95442199707),(-149.282699584961,-36.0506629943848,248.287033081055),(-75.1423797607422,-37.908878326416,254.401794433594),(-75.0302886962891,-43.9099922180176,258.092407226562),(75.2343673706055,-43.9060211181641,258.082275390625),(75.1305999755859,-50.3371238708496,260.960754394531),(37.7415733337402,-44.3215217590332,259.410003662109),(0.202581465244293,-50.7863082885742,262.489562988281),(-37.3925971984863,-44.3248329162598,259.418670654297),(-112.64624786377,-43.1890106201172,255.874282836914),(37.6912803649902,-50.6750221252441,262.104736328125),(-149.529281616211,-48.8928108215332,256.424255371094),(-74.926872253418,-50.3405151367188,260.969604492188),(37.4989814758301,-56.8744239807129,263.891052246094),(149.528396606445,-48.8927383422852,256.424255371094),(-179.785217285156,-59.2154159545898,190.150405883789),(-181.126693725586,-14.4357595443726,186.),(-178.867828369141,-111.,186.),(192.129150390625,-48.078125,207.683990478516),(192.449066162109,-48.7311820983887,201.917572021484),(192.01106262207,-48.2780380249023,209.615539550781),(192.749801635742,-52.3635635375977,195.116088867188),(192.621017456055,-50.1794853210449,198.319000244141),(192.856689453125,-58.510799407959,190.457565307617),(192.797134399414,-64.1125640869141,188.905014038086),(192.75146484375,-66.0564193725586,188.799667358398),(178.814956665039,-378.156158447266,240.151229858398),(176.748733520508,-397.274963378906,238.015380859375),(169.9326171875,-429.479064941406,234.417861938477),(176.674301147461,-412.871154785156,188.799682617188),(164.490905761719,-445.368835449219,232.642837524414),(164.499282836914,-444.595520019531,188.799682617188),(156.974304199219,-462.047149658203,230.779647827148),(147.478713989258,-478.318450927734,228.961975097656),(146.813751220703,-473.641052246094,188.799682617188),(125.118721008301,-505.289581298828,225.949020385742),(136.051940917969,-486.703216552734,188.799682617188),(111.217315673828,-517.203796386719,224.618057250977),(110.933326721191,-509.425018310547,188.799682617188),(98.6763076782227,-517.706726074219,188.799667358398),(95.2313079833984,-527.919128417969,223.420700073242),(85.7996292114258,-524.894836425781,188.799667358398),(87.2481460571289,-532.338806152344,222.926986694336),(77.8560028076172,-536.85791015625,222.422378540039),(72.3600158691406,-530.98193359375,188.799667358398),(58.4144706726074,-535.960632324219,188.799667358398),(66.4810485839844,-541.440551757812,221.910934448242),(52.8284530639648,-545.792785644531,221.424743652344),(44.0490684509277,-547.988525390625,221.17903137207),(32.5211524963379,-550.2080078125,220.931182861328),(14.553165435791,-552.272094726562,220.700317382812),(0.,-544.652770996094,188.799667358398),(-3.94393610954285,-552.735107421875,220.648101806641),(-9.83826732635498,-552.542419433594,220.669021606445),(-15.7014474868774,-552.184936523438,220.708831787109),(-19.5895957946777,-551.855102539062,220.745788574219),(-23.4588928222656,-551.452087402344,220.791091918945),(-31.1329345703125,-550.426330566406,220.906311035156),(-38.70751953125,-549.108154296875,221.054214477539),(-46.1681900024414,-547.500122070312,221.234375),(-29.5470066070557,-542.518371582031,188.799667358398),(-72.3518600463867,-530.985107421875,188.799667358398),(-60.7205009460449,-543.421875,221.689926147461),(-85.7934341430664,-524.897766113281,188.799667358398),(-74.6857604980469,-538.22607421875,222.269607543945),(-87.8658294677734,-532.013244628906,222.963623046875),(-98.6735763549805,-517.708618164062,188.799667358398),(-100.080276489258,-524.947875976562,223.752838134766),(-111.218101501465,-517.203857421875,224.618057250977),(-110.934188842773,-509.425079345703,188.799682617188),(-120.388122558594,-509.683288574219,225.458206176758),(-124.07984161377,-498.656433105469,188.799682617188),(-128.219375610352,-502.215545654297,226.292465209961),(-135.021347045898,-494.810424804688,227.119659423828),(-141.,-487.424682617188,227.944702148438),(-159.247573852539,-457.457122802734,231.292404174805),(-165.626190185547,-442.407592773438,232.973602294922),(-176.675231933594,-412.871124267578,188.799682617188),(-174.212661743164,-412.333618164062,236.333221435547),(-180.720016479492,-396.296020507812,188.799682617188),(-179.908081054688,-358.958099365234,242.295867919922),(-187.866104125977,-58.7655220031738,275.830596923828),(-192.130004882812,-48.0781555175781,207.683990478516),(-192.243240356445,-48.0874671936035,205.742889404297),(-192.621841430664,-50.1794548034668,198.319000244141),(-192.798080444336,-64.1125946044922,188.90495300293),(-192.752380371094,-66.0564346313477,188.799667358398),(-78.9817199707031,25.,94.0975494384766),(-77.5394287109375,25.,99.0130844116211),(-80.390495300293,25.,92.),(-65.111213684082,25.,94.7131423950195),(-78.9792404174805,25.,63.8261413574219),(-86.1037673950195,25.,88.1227645874023),(-78.1233367919922,25.,103.896553039551),(-52.3385467529297,25.,119.898338317871),(-164.728332519531,25.,45.5318374633789),(-79.0306625366211,25.,106.),(-80.3042907714844,25.,107.888748168945),(-91.5854034423828,25.,32.0647048950195),(-82.,25.,109.60986328125),(-102.599128723145,25.,0.907750010490417),(-99.696662902832,25.,92.1110153198242),(-177.246444702148,25.,115.660125732422),(-112.489158630371,25.,-31.7675743103027),(-150.959854125977,25.,-24.3621425628662),(-89.0136489868164,25.,112.460876464844),(-44.510124206543,25.,132.190307617188),(-101.877555847168,25.,96.1032180786133),(-102.40592956543,25.,98.4657363891602),(-99.6104583740234,25.,108.),(-14.3137493133545,25.,159.255966186523),(-188.513931274414,25.,186.),(-101.019172668457,25.,105.902221679688),(-2.56622934341431,25.,162.878982543945),(-4.90510177612305,25.,162.5576171875),(9.84185028076172,25.,161.207901000977),(31.9555339813232,25.,146.815734863281),(188.513046264648,25.,186.),(93.896240234375,25.,111.877014160156),(91.5336761474609,25.,112.405380249023),(97.8883895874023,25.,109.696083068848),(86.4802780151367,25.,112.),(42.6716003417969,25.,134.70002746582),(51.8609046936035,25.,120.728157043457),(82.,25.,109.60986328125),(84.0972061157227,25.,111.018623352051),(102.460563659668,25.,100.986686706543),(79.0297698974609,25.,106.),(59.5728797912598,25.,106.207748413086),(177.245513916016,25.,115.66015625),(99.6957092285156,25.,92.1110153198242),(98.,25.,90.3899154663086),(93.5187835693359,25.,88.),(86.4665222167969,25.,45.4342651367188),(73.5449523925781,25.,76.356689453125),(90.9863586425781,25.,87.5389099121094),(88.4654312133789,25.,87.5943984985352),(82.1106643676758,25.,90.3037109375),(98.0842590332031,25.,14.1037855148315),(115.68431854248,25.,-47.6891059875488),(-163.854019165039,-71.5568008422852,47.5947036743164),(-161.667785644531,-167.922332763672,49.613525390625),(-150.130462646484,-70.3443450927734,-21.2287921905518),(-174.15837097168,-170.335586547852,117.637741088867),(-133.488662719727,-162.861923217773,-84.3089981079102),(-135.952117919922,25.,-94.),(-135.354354858398,-68.9416351318359,-89.154052734375),(-148.,-165.499633789062,-18.2046356201172),(-175.085678100586,-43.1567840576172,106.59521484375),(-176.358810424805,-72.7645721435547,116.627838134766),(-170.644668579102,-267.699920654297,118.646240234375),(-158.184280395508,-264.083740234375,51.6296043395996),(-144.570816040039,-260.453460693359,-15.1845617294312),(-175.934967041016,-41.,111.32608795166),(-165.98356628418,-364.906127929688,120.53466796875),(-125.957778930664,-350.570770263672,-74.6255798339844),(-175.267150878906,-387.758270263672,186.),(-153.728088378906,-360.143829345703,55.2572441101074),(-140.38427734375,-355.36474609375,-9.80518817901611),(-139.040725708008,-368.964294433594,-9.25202751159668),(-164.188217163086,-381.816741943359,120.586875915527),(-122.742500305176,-374.256134033203,-73.4037170410156),(-119.668075561523,-385.771118164062,-72.8097076416016),(-166.472091674805,-423.382629394531,186.),(-176.686813354492,-22.164867401123,114.390274047852),(-110.538032531738,-407.860412597656,-71.6701736450195),(-151.346450805664,-456.431457519531,186.),(-97.6227035522461,-427.924468994141,-70.6351089477539),(-141.535064697266,-471.449981689453,186.),(-130.239898681641,-485.355712890625,186.),(-117.463684082031,-498.089477539062,186.),(-80.0855941772461,-523.822631835938,186.),(-63.5733489990234,-531.342407226562,186.),(-39.153076171875,-539.056518554688,186.),(-39.8311233520508,-468.823913574219,-68.5252075195312),(-14.6141004562378,-493.034454345703,-5.12156534194946),(-24.4398784637451,-541.893676757812,186.),(-11.6918106079102,-527.671447753906,122.018218994141),(0.,-511.503540039062,58.3341445922852),(12.2640008926392,-474.542907714844,-68.2302017211914),(10.2239036560059,-543.389465332031,186.),(12.9003667831421,-493.20849609375,-5.1145167350769),(10.5334911346436,-527.757141113281,122.019737243652),(23.7494316101074,-509.512634277344,58.2751960754395),(36.5648651123047,-506.7919921875,58.2193908691406),(29.6857204437256,-508.399871826172,58.2563323974609),(36.3330612182617,-469.920074462891,-68.4686431884766),(35.074031829834,-539.971801757812,186.),(42.9074287414551,-505.,58.1905288696289),(47.8941421508789,-465.836730957031,-68.6792984008789),(49.6988525390625,-502.748107910156,58.1386413574219),(49.2814254760742,-536.323486328125,186.),(56.3661117553711,-500.184326171875,58.0968017578125),(58.9785232543945,-460.599395751953,-68.9495239257812),(64.398078918457,-531.012878417969,186.),(69.7839736938477,-493.887817382812,57.9717063903809),(62.9843292236328,-497.271484375,58.0282859802246),(76.1309432983398,-490.334655761719,57.8864555358887),(82.7915878295898,-486.178833007812,57.8155555725098),(80.,-523.871215820312,186.),(88.8337707519531,-481.978698730469,57.7139015197754),(79.1672286987305,-446.97265625,-69.6524353027344),(95.2234344482422,-477.062225341797,57.6291275024414),(110.503410339355,-504.013793945312,186.),(100.914756774902,-472.200744628906,57.511661529541),(88.1635513305664,-438.694091796875,-70.0795135498047),(117.756614685059,-497.825439453125,186.),(103.943183898926,-469.417694091797,57.463695526123),(106.905700683594,-466.545867919922,57.4141807556152),(117.477890014648,-454.871368408203,57.176628112793),(112.160041809082,-461.036315917969,57.2825012207031),(122.19352722168,-448.785461425781,57.0331726074219),(126.795280456543,-442.197814941406,56.9212226867676),(130.914199829102,-435.598388671875,56.7676658630371),(134.826034545898,-428.595245361328,56.6495742797852),(148.441757202148,-461.234466552734,186.),(115.130157470703,-398.119567871094,-72.1726608276367),(138.297912597656,-421.567687988281,56.4876861572266),(165.292266845703,-426.686279296875,186.),(144.312133789062,-406.822387695312,56.1954307556152),(141.53369140625,-414.152374267578,56.3631134033203),(119.396812438965,-386.622497558594,-72.765739440918),(121.906410217285,-377.803619384766,-73.2206726074219),(146.150009155273,-401.310028076172,56.0691452026367),(148.430633544922,-393.436981201172,55.9377136230469),(138.72526550293,-371.040893554688,-9.18045711517334),(171.105758666992,-408.066314697266,186.),(139.462158203125,-365.819702148438,-9.36031341552734),(164.015914916992,-382.911987304688,120.595077514648),(175.083068847656,-388.947174072266,186.),(153.727279663086,-360.143829345703,55.2572555541992),(177.144958496094,-369.649627685547,186.),(165.982696533203,-364.906127929688,120.534698486328),(140.383407592773,-355.364685058594,-9.80518817901611),(158.183410644531,-264.083740234375,51.6296043395996),(170.643814086914,-267.699920654297,118.646270751953),(181.97705078125,-271.309478759766,186.),(125.956977844238,-350.570770263672,-74.6255798339844),(144.569961547852,-260.453430175781,-15.1845617294312),(161.666854858398,-167.922332763672,49.6135406494141),(185.487258911133,-172.744369506836,186.),(150.129608154297,-70.3443145751953,-21.2287921905518),(148.,-165.499618530273,-18.2045764923096),(174.157485961914,-170.335540771484,117.637741088867),(176.35791015625,-72.7645950317383,116.627868652344),(164.727447509766,25.,45.5318374633789),(163.853134155273,-71.5567779541016,47.5947189331055),(150.958984375,25.,-24.3621425628662),(135.951263427734,25.,-94.),(-152.427200317383,-48.9533081054688,201.18879699707),(-152.161087036133,-48.109245300293,205.422500610352),(-151.248321533203,-19.2698822021484,194.),(-152.0478515625,-48.0719184875488,207.546157836914),(-152.727935791016,-50.7811889648438,197.277801513672),(-151.9501953125,-48.2780609130859,209.615478515625),(-149.640396118164,-25.0437717437744,230.454284667969),(-149.326217651367,-28.6647682189941,240.071014404297),(-149.363906860352,-42.1612739562988,252.847305297852),(141.011657714844,-59.4546546936035,280.181945800781),(139.948059082031,-134.484344482422,271.76318359375),(92.3734588623047,-209.879531860352,266.026397705078),(136.783020019531,-284.355407714844,254.265029907227),(94.0672225952148,-59.9472808837891,283.292022705078),(184.498092651367,-208.838302612305,259.065826416016),(90.0448608398438,-359.633514404297,247.217620849609),(179.9072265625,-358.958068847656,242.295867919922),(135.010345458984,-359.351867675781,245.165679931641),(45.0336761474609,-359.802490234375,248.449630737305),(69.2929153442383,-210.,267.045440673828),(174.,-413.320770263672,236.222900390625),(46.2045707702637,-210.140029907227,267.767791748047),(88.4404602050781,-397.859405517578,242.166076660156),(85.3083801269531,-427.874816894531,238.128128051758),(0.,-398.054382324219,243.550979614258),(23.1032581329346,-210.193878173828,268.204711914062),(0.,-359.85888671875,248.860443115234),(0.,-210.226898193359,268.348449707031),(-47.0562515258789,-60.2430038452148,285.159271240234),(-23.1059017181396,-210.208938598633,268.202789306641),(0.,-428.041198730469,239.286956787109),(-88.4413299560547,-397.859405517578,242.166076660156),(-69.2983779907227,-210.05029296875,267.039764404297),(82.841667175293,-442.858734130859,236.088424682617),(79.6471862792969,-457.858093261719,234.030776977539),(-85.3092269897461,-427.874847412109,238.128128051758),(-45.0345344543457,-359.802520751953,248.449630737305),(-46.2054634094238,-210.140014648438,267.767791748047),(-82.8424911499023,-442.858703613281,236.088424682617),(-135.011138916016,-359.351867675781,245.165679931641),(-178.81575012207,-378.156219482422,240.151168823242),(0.,-443.,237.126953125),(-176.749588012695,-397.274993896484,238.015380859375),(-170.546997070312,-427.374969482422,234.652938842773),(-90.0457458496094,-359.633483886719,247.217620849609),(-184.499298095703,-208.82389831543,259.067474365234),(-92.3743591308594,-209.879531860352,266.026397705078),(0.,-458.,234.943862915039),(-136.783981323242,-284.348205566406,254.265914916992),(-139.94905090332,-134.477172851562,271.764007568359),(0.,-472.986419677734,232.737869262695),(75.5862197875977,-472.870758056641,231.95556640625),(70.5164184570312,-487.715057373047,229.888320922852),(-75.5870971679688,-472.870788574219,231.95556640625),(-79.6480026245117,-457.858123779297,234.030776977539),(-151.138519287109,-472.52099609375,229.609603881836),(-141.012573242188,-59.4546661376953,280.181945800781),(137.485214233398,-491.870635986328,227.448043823242),(0.,-487.811706542969,230.536285400391),(-70.5172729492188,-487.714996337891,229.888320922852),(64.1179656982422,-502.444763183594,227.821441650391),(0.,-502.521484375,228.331146240234),(-64.1188278198242,-502.444702148438,227.821441650391),(55.6157722473145,-517.369934082031,225.711486816406),(103.628372192383,-522.626342773438,224.01203918457),(-55.6166114807129,-517.369934082031,225.711486816406),(0.,-517.425354003906,226.076080322266),(51.8130226135254,-522.775146484375,224.943618774414),(-50.2265014648438,-524.845520019531,224.648971557617),(48.3005218505859,-527.227844238281,224.309524536133),(13.8755960464478,-550.925354003906,220.911163330078),(-10.5368728637695,-551.716674804688,220.796981811523),(25.8989276885986,-551.162780761719,220.824493408203),(0.,-552.290832519531,220.71940612793),(21.1510639190674,-551.705078125,220.763885498047),(7.14854955673218,-552.2900390625,220.714263916016),(-11.7964563369751,-552.441650390625,220.680221557617),(5.14542722702026,-552.523193359375,220.680587768555),(10.4320936203003,-552.51513671875,220.673065185547),(-6.4326548576355,-552.523010253906,220.679122924805),(-7.87661552429199,-552.624877929688,220.659896850586),(3.87939810752869,-552.709045410156,220.652893066406),(-5.35751438140869,-552.652404785156,220.660339355469),(1.38783633708954,-552.754028320312,220.64729309082),(2.44043707847595,-552.736389160156,220.64958190918),(-1.38866424560547,-552.754028320312,220.64729309082),(-2.92942786216736,-552.736389160156,220.649383544922),(56.4626121520996,-230.378326416016,-80.8259658813477),(56.2029228210449,-225.934616088867,-81.0551605224609),(56.0427627563477,-224.349609375,-81.1369705200195),(55.718189239502,-215.424240112305,-81.5974044799805),(130.355575561523,-256.734039306641,-79.4663696289062),(55.4393882751465,-209.282196044922,-81.9142532348633),(39.8045883178711,-286.863708496094,-77.9120483398438),(133.48779296875,-162.861938476562,-84.3089218139648),(54.6842079162598,-193.434387207031,-82.7317962646484),(54.614559173584,-191.951873779297,-82.8082885742188),(54.5046119689941,-190.693557739258,-82.873176574707),(125.179298400879,-359.756958007812,-74.1516876220703),(25.2560577392578,-298.885467529297,-77.2918701171875),(123.831481933594,-368.841552734375,-73.6830139160156),(53.075366973877,-179.748886108398,-83.4378280639648),(50.1284294128418,-165.497970581055,-84.172981262207),(135.353454589844,-68.9415664672852,-89.154052734375),(45.7840003967285,-151.74348449707,-84.8826065063477),(37.4401245117188,-135.839462280273,-85.7029724121094),(29.9429550170898,-127.497337341309,-86.1333541870117),(109.838966369629,-409.180633544922,-71.6020584106445),(17.6482849121094,-302.111541748047,-77.1254730224609),(96.3274230957031,-429.550659179688,-70.5512084960938),(103.562240600586,-419.684997558594,-71.0601577758789),(122.140830993652,25.,-94.),(23.346508026123,-122.778999328613,-86.3767623901367),(8.09137153625488,-117.533195495605,-86.647331237793),(69.4216461181641,-454.292541503906,-69.2748641967773),(-121.827041625977,-22.,-91.5755462646484),(-15.9686479568481,-119.43603515625,-86.5491714477539),(-122.141716003418,25.,-94.),(-29.9438209533691,-127.497352600098,-86.1333541870117),(24.4060688018799,-472.824462890625,-68.3188247680664),(-37.4409942626953,-135.839477539062,-85.7029724121094),(0.,-475.105804443359,-68.2011337280273),(-14.237850189209,-474.345764160156,-68.240364074707),(-27.5183849334717,-472.189697265625,-68.3515853881836),(-53.076229095459,-179.748901367188,-83.4378280639648),(-0.279919385910034,-304.785064697266,-76.9875564575195),(-54.5054054260254,-190.692932128906,-82.8732376098633),(-54.6271171569824,-192.146377563477,-82.7982864379883),(-51.1758613586426,-464.429534912109,-68.7519302368164),(-9.20596599578857,-304.106872558594,-77.0225143432617),(-61.8176422119141,-459.0263671875,-69.0306396484375),(-130.3564453125,-256.734039306641,-79.4663696289062),(-13.5983114242554,-303.253265380859,-77.0665435791016),(-81.1897201538086,-445.252258300781,-69.7412338256836),(-71.8386459350586,-452.617858886719,-69.3612442016602),(-55.1272888183594,-203.925765991211,-82.1905975341797),(-89.8200378417969,-436.980041503906,-70.1679763793945),(-55.5887870788574,-212.300384521484,-81.758544921875),(-104.53768157959,-418.192352294922,-71.1371765136719),(-53.2358474731445,-256.573211669922,-79.4746932983398),(-115.596641540527,-397.,-72.2301483154297),(-22.,-300.454284667969,-77.2109298706055),(-45.3475189208984,-278.607604980469,-78.3379745483398),(-50.2596054077148,-267.393798828125,-78.9164505004883),(-38.0282287597656,-288.920776367188,-77.805908203125),(-32.7926216125488,-293.890045166016,-77.5496063232422),(-25.9567909240723,-298.500183105469,-77.3117446899414),(-124.834259033203,-362.507263183594,-74.),(115.445426940918,-22.,-45.8300247192383),(112.900505065918,25.,-33.3659934997559),(108.672592163086,-22.,-17.2987442016602),(108.412689208984,25.,-17.3744831085205),(95.4814758300781,-22.,22.3349742889404),(84.9545745849609,-22.,50.0699691772461),(73.8495101928711,-22.,76.3847198486328),(30.,-12.,148.886459350586),(21.5327892303467,25.,155.097915649414),(12.,25.,160.340835571289),(16.5165576934814,25.,158.106201171875),(8.18563938140869,-12.,161.836227416992),(7.11132001876831,25.,162.066864013672),(3.81217908859253,25.,162.732467651367),(2.34146213531494,-12.,162.919723510742),(0.,25.,163.),(-0.0275176391005516,21.,163.),(-45.3431739807129,-22.,131.486282348633),(-35.150032043457,25.,143.622268676758),(-36.9486198425293,-12.,142.),(-25.0688934326172,25.,152.625427246094),(-19.7951278686523,25.,156.20295715332),(-74.6380996704102,-22.,74.6091384887695),(-19.1075782775879,-12.,156.795516967773),(-85.5608215332031,-22.,48.5503044128418),(-95.8897171020508,-22.,21.2034549713135),(-10.2175979614258,-12.,161.159713745117),(-8.82508563995361,25.,161.561782836914),(-7.48027896881104,-12.,162.034561157227),(-104.884895324707,-22.,-5.11989068984985),(-107.748680114746,25.,-15.1838788986206),(-112.254920959473,-22.,-29.9892730712891),(-115.445991516113,-22.,-45.8294486999512),(-115.685256958008,25.,-47.6886520385742),(-100.970230102539,25.,94.),(-95.9027786254883,15.2589998245239,88.9811477661133),(-98.,25.,90.3899002075195),(-102.405921936035,15.2589979171753,98.4657363891602),(-93.5196685791016,25.,88.),(-95.9027862548828,25.,88.9811477661133),(-102.461448669434,25.,100.986686706543),(-102.461441040039,15.2589979171753,100.986686706543),(-93.519660949707,15.2590007781982,88.),(-90.9872360229492,15.2590017318726,87.5388946533203),(-102.,25.,103.519134521484),(-90.9872436523438,25.,87.5388946533203),(-102.,15.2589979171753,103.519134521484),(-101.019165039062,15.2589979171753,105.902221679688),(-88.4663162231445,25.,87.5943832397461),(-86.103759765625,15.2590026855469,88.1227645874023),(-97.8893356323242,25.,109.69605255127),(-84.,15.2590026855469,89.0300979614258),(-97.8893280029297,15.2589979171753,109.69605255127),(-84.,25.,89.0300979614258),(-82.1115570068359,25.,90.3037109375),(-96.,15.2589988708496,110.969657897949),(-82.1115493774414,15.2590036392212,90.3037109375),(-96.,25.,110.969657897949),(-80.3904876708984,15.2590036392212,92.),(-93.8971176147461,25.,111.876991271973),(-91.534553527832,15.2590007781982,112.405380249023),(-91.5345611572266,25.,112.405380249023),(-78.,15.2590036392212,96.4806289672852),(-78.,25.,96.4806289672852),(-77.5394897460938,15.2590036392212,99.0130844116211),(-86.4812240600586,15.2590017318726,112.),(-77.5949630737305,25.,101.534034729004),(-86.4812316894531,25.,112.),(-84.0980987548828,25.,111.018623352051),(-77.5949554443359,15.2590036392212,101.534034729004),(-82.,15.2590026855469,109.609832763672),(-79.0306549072266,15.2590036392212,106.),(102.405044555664,25.,98.4657669067383),(100.969352722168,15.2590475082397,94.),(101.876678466797,25.,96.1032180786133),(100.969345092773,25.,94.),(102.405052185059,15.2589874267578,98.4657669067383),(99.6957168579102,15.2589874267578,92.1110153198242),(102.,15.2589864730835,103.519134521484),(102.,25.,103.519134521484),(101.018280029297,25.,105.902221679688),(95.9018478393555,25.,88.9811630249023),(99.609504699707,25.,108.),(99.6095123291016,15.2589864730835,108.),(93.5187911987305,15.2589845657349,88.),(90.9863662719727,15.2589845657349,87.5389099121094),(96.,15.2589855194092,110.969657897949),(96.,25.,110.969657897949),(93.8962478637695,15.2589836120605,111.877014160156),(86.1028823852539,25.,88.1227798461914),(91.5336837768555,15.2589836120605,112.405380249023),(84.,15.2589826583862,89.0301132202148),(84.,25.,89.0301132202148),(89.0127639770508,15.2589826583862,112.460876464844),(80.3895568847656,25.,92.),(82.1106719970703,15.2589826583862,90.3037109375),(89.0127563476562,25.,112.460876464844),(78.9807739257812,25.,94.0975494384766),(84.0972137451172,15.2589817047119,111.018623352051),(78.9807815551758,15.2589817047119,94.0975494384766),(78.,25.,96.4806289672852),(80.303352355957,25.,107.888748168945),(77.5940170288086,25.,101.534034729004),(77.5385437011719,25.,99.0130844116211),(80.3033599853516,15.2589817047119,107.888748168945),(79.0297775268555,15.2589817047119,106.),(78.122444152832,25.,103.896583557129),(77.5940246582031,15.2589807510376,101.534034729004),(-174.5087890625,-42.7003936767578,98.9574127197266),(-174.082443237305,-41.521858215332,96.5396728515625),(-173.698532104492,-39.8348999023438,94.3622817993164),(-177.012252807617,-39.2537879943848,113.155387878418),(-173.152603149414,-35.3518104553223,91.2659378051758),(-177.419128417969,-35.8354606628418,115.462745666504),(-172.384918212891,-30.4137897491455,90.2856979370117),(-172.987945556641,-27.9514465332031,90.3322067260742),(-173.304733276367,-22.9628372192383,92.1286849975586),(-173.59765625,-20.7518177032471,93.7900466918945),(-174.37614440918,-17.6077632904053,98.2049942016602),(-177.632217407227,-28.381139755249,116.671348571777),(-177.596054077148,-27.1434345245361,116.466011047363),(-175.233627319336,-16.5090866088867,103.06810760498),(-177.457397460938,-24.6538372039795,115.679496765137),(-177.538040161133,-25.8948955535889,116.137168884277),(-177.353622436523,-23.440242767334,115.091049194336),(-38.8570404052734,-22.,136.326568603516),(-37.2944793701172,-22.,124.011238098145),(-51.3889427185059,-22.,122.053016662598),(-62.8346176147461,-22.,100.089485168457),(-23.1296234130859,-22.,103.748733520508),(-18.6788520812988,-22.,47.180591583252),(-27.7677822113037,-22.,42.4719581604004),(-35.8815116882324,-22.,35.8809509277344),(-8.42830848693848,-22.,97.0451202392578),(0.,-22.,96.1206512451172),(-47.1811447143555,-22.,18.6782894134521),(14.3107795715332,-22.,98.8504257202148),(-108.827011108398,-22.,-17.813533782959),(18.67795753479,-22.,47.180591583252),(-47.1811447143555,-22.,-18.6785163879395),(61.7942352294922,-22.,102.240020751953),(-35.8815040588379,-22.,-35.8811874389648),(38.2296943664551,-22.,127.925270080566),(50.8013954162598,-22.,123.045677185059),(35.8806114196777,-22.,35.8809509277344),(45.022891998291,-22.,131.938064575195),(42.4716262817383,-22.,27.7672233581543),(121.826187133789,-22.,-91.5754776000977),(38.8787727355957,-22.,135.),(47.1802520751953,-22.,18.6782894134521),(49.8958930969238,-22.,9.23332405090332),(104.653968811035,-22.,-4.40755558013916),(35.8806114196777,-22.,-35.8811874389648),(49.8958930969238,-22.,-9.23355007171631),(112.170288085938,-22.,-29.6699256896973),(47.1802520751953,-22.,-18.6785163879395),(-4.24624729156494,-12.,96.3531951904297),(7.07412815093994,-22.,96.7697448730469),(4.24534559249878,-12.,96.3531951904297),(-4.25229120254517,-22.,96.3538513183594),(-8.41654109954834,-12.,97.0424957275391),(16.2536506652832,-12.,99.6813430786133),(8.41564273834229,-12.,97.0424957275391),(-16.2545547485352,-12.,99.6813430786133),(21.2746429443359,-22.,102.458145141602),(-16.275691986084,-22.,99.6910858154297),(27.4913177490234,-22.,107.508117675781),(32.5412826538086,-22.,113.724792480469),(-29.1536121368408,-22.,109.276588439941),(36.148998260498,-22.,120.688636779785),(37.2742958068848,-12.,123.946006774902),(-34.0147857666016,-22.,116.168518066406),(-37.2751960754395,-12.,123.946006774902),(38.2514915466309,-12.,128.044067382812),(-38.265552520752,-22.,128.11686706543),(-38.7762908935547,-12.,132.166442871094),(38.775390625,-12.,132.166442871094),(-38.8598403930664,-12.,136.24169921875),(-38.7820167541504,-22.,132.245834350586),(38.5287475585938,-12.,140.205200195312),(38.5165939331055,-22.,140.294342041016),(-38.5175552368164,-22.,140.294281005859),(-38.5296478271484,-12.,140.205200195312),(-27.1113357543945,-12.,142.),(-27.6262588500977,-12.,150.878952026367),(-27.9861335754395,-12.,135.895248413086),(-25.6846103668213,-12.,146.149978637695),(-38.2523956298828,-12.,128.044067382812),(-27.4497985839844,-12.,129.474151611328),(-17.1462879180908,-12.,157.136306762695),(-26.6145267486572,-12.,126.299850463867),(-13.1394004821777,-12.,159.725738525391),(-33.9876861572266,-12.,116.119674682617),(-25.4103412628174,-12.,123.23819732666),(-14.5684490203857,-12.,159.259780883789),(-23.8632488250732,-12.,120.351783752441),(-8.81612682342529,-12.,161.575866699219),(-17.6063899993896,-12.,113.227630615234),(-29.1244792938232,-12.,109.243621826172),(0.,-12.,163.),(-23.1029167175293,-12.,103.728973388672),(-6.49679470062256,-12.,107.76390838623),(0.,-12.,107.),(0.,-12.,96.1206512451172),(3.28130078315735,-12.,107.19287109375),(9.58066177368164,-12.,108.690139770508),(12.4813470840454,-12.,109.935874938965),(23.1020088195801,-12.,103.728973388672),(22.0117683410645,-12.,117.69490814209),(29.1235771179199,-12.,109.243621826172),(25.4094333648682,-12.,123.23819732666),(33.9867820739746,-12.,116.119674682617),(26.613618850708,-12.,126.299850463867),(27.4488887786865,-12.,129.474151611328),(27.9044876098633,-12.,132.69465637207),(38.858943939209,-12.,136.24169921875),(36.9472999572754,-12.,142.),(27.9852256774902,-12.,135.895248413086),(27.1104316711426,-12.,142.),(25.6838340759277,-12.,146.149688720703),(22.2436218261719,-12.,154.828750610352),(20.655237197876,-12.,153.903411865234),(13.140193939209,-12.,159.724822998047),(4.37568759918213,-12.,162.655792236328),(-78.9817123413086,15.2590036392212,94.0975494384766),(-78.1233291625977,15.2590036392212,103.896553039551),(-80.3042831420898,15.2590026855469,107.888748168945),(-88.46630859375,15.2590017318726,87.5943832397461),(-84.0980911254883,15.2590017318726,111.018623352051),(-89.0136413574219,15.2590007781982,112.460876464844),(-93.8971099853516,15.2589998245239,111.876991271973),(-99.6104507446289,15.2589979171753,108.),(-101.877548217773,15.2589979171753,96.1032180786133),(-100.970222473145,15.2589979171753,94.),(-99.6966552734375,15.2589988708496,92.1110153198242),(-98.,15.2589988708496,90.3899002075195),(86.1028900146484,15.2589836120605,88.1227798461914),(88.4654388427734,15.2589836120605,87.5943984985352),(95.90185546875,15.2589864730835,88.9811630249023),(98.,15.2589864730835,90.3899154663086),(101.876686096191,15.2589874267578,96.1032180786133),(80.3895645141602,15.2589817047119,92.),(102.460571289062,15.2589874267578,100.986686706543),(101.018287658691,15.2589864730835,105.902221679688),(97.8883972167969,15.2589855194092,109.696083068848),(86.4802856445312,15.2589826583862,112.),(82.,15.2589817047119,109.60986328125),(78.1224517822266,15.2589807510376,103.896583557129),(78.,15.2589817047119,96.4806289672852),(77.5385513305664,15.2589817047119,99.0130844116211),(-173.27995300293,-25.7830905914307,91.3556137084961),(-173.27995300293,-30.,90.9684677124023),(-176.651519775391,-27.9168643951416,102.886131286621),(-173.27995300293,-34.2225570678711,91.3556137084961),(-173.013885498047,-32.8621978759766,90.4794540405273),(-176.651519775391,-30.,102.694770812988),(-175.388229370117,-24.9563598632812,98.),(-176.812210083008,-24.3803863525391,105.221176147461),(-176.812210083008,-25.3157329559326,104.697074890137),(-173.963043212891,-18.9334735870361,95.8623199462891),(-175.52458190918,-24.2163543701172,98.7867965698242),(-173.382797241211,-37.7306022644043,92.5715179443359),(-177.011291503906,-24.1751670837402,106.895378112793),(-176.749984741211,-34.4429740905762,104.183670043945),(-174.80842590332,-16.8091220855713,100.656799316406),(-175.425674438477,-35.2784957885742,98.2222518920898),(-176.651519775391,-32.0888137817383,102.886131286621),(-175.661224365234,-16.6596031188965,105.49291229248),(-177.212829589844,-23.9038925170898,109.222434997559),(-177.418807983398,-24.6060485839844,111.581466674805),(-177.317153930664,-23.9434700012207,110.72590637207),(-176.101135253906,-17.3052558898926,107.988021850586),(-176.527481079102,-18.4837741851807,110.405792236328),(-174.948760986328,-43.3460464477539,101.452522277832),(-176.840270996094,-35.6894569396973,105.460372924805),(-176.911407470703,-20.1707496643066,112.583183288574),(-177.044357299805,-35.816520690918,107.173522949219),(-177.246032714844,-35.9828643798828,109.506393432617),(-175.376312255859,-43.4965744018555,103.87735748291),(-176.233825683594,-42.3979301452637,108.740440368652),(-177.348770141602,-35.8757247924805,110.987747192383),(-177.648101806641,-29.5919780731201,116.76146697998),(-177.70329284668,-30.,114.158447265625),(-177.636154174805,-31.4267883300781,116.693458557129),(-177.602401733398,-32.686222076416,116.502334594727),(-177.509902954102,-34.5877723693848,115.97737121582),(-177.305267333984,-37.0428428649902,114.816749572754),(-177.189117431641,-38.0349769592285,114.158447265625),(50.7430381774902,-22.,0.),(49.8958892822266,0.,9.23332500457764),(50.7430419921875,0.,0.),(47.180248260498,0.,18.6782913208008),(49.8958892822266,0.,-9.23354911804199),(42.4716262817383,0.,-27.767463684082),(35.880615234375,0.,-35.8811874389648),(27.7668876647949,-22.,42.4719581604004),(42.4716262817383,-22.,-27.7674655914307),(27.7668876647949,-22.,-42.4722023010254),(9.23299217224121,-22.,49.8962211608887),(18.6779651641846,-22.,-47.1807899475098),(0.,-22.,50.7433700561523),(9.23299217224121,0.,49.8962211608887),(9.23299694061279,-22.,-49.896484375),(0.,0.,-50.7436065673828),(0.,-22.,-50.7436065673828),(-9.23388671875,-22.,49.8962211608887),(-9.23388671875,0.,-49.896484375),(-18.6788539886475,0.,-47.1807899475098),(-27.7677803039551,0.,42.4719581604004),(-9.2338809967041,-22.,-49.896484375),(-27.7677745819092,-22.,-42.4722023010254),(-18.6788520812988,-22.,-47.1807899475098),(-27.7677764892578,0.,-42.4722023010254),(-42.4725151062012,-22.,27.7672080993652),(-42.4725151062012,0.,-27.767463684082),(-49.8967895507812,-22.,9.23332405090332),(-42.4725151062012,-22.,-27.7674655914307),(-49.8967895507812,0.,9.23332500457764),(-50.7439270019531,0.,0.),(-49.8967895507812,0.,-9.23354911804199),(-49.8967895507812,-22.,-9.23355007171631),(-50.7439308166504,-22.,0.),(-54.9640235900879,-226.983779907227,-91.8492279052734),(-54.4352912902832,-232.398162841797,-99.1424713134766),(-52.6303901672363,-226.82878112793,-105.321823120117),(-54.8418159484863,-232.494064331055,-91.8492279052734),(-53.8816604614258,-232.267272949219,-105.587135314941),(-51.291259765625,-246.764251708984,-106.334701538086),(-53.5647964477539,-243.937240600586,-92.),(-56.0436172485352,-224.349594116211,-81.1369705200195),(-53.5449562072754,-232.187774658203,-108.492088317871),(-54.9710464477539,-228.134094238281,-91.84765625),(-55.9219017028809,-231.084533691406,-84.5604248046875),(-55.3697090148926,-243.509750366211,-80.1485900878906),(-51.4976425170898,-226.56217956543,-110.152900695801),(-47.6585655212402,-252.662109375,-114.536361694336),(-51.3094177246094,-241.966217041016,-111.951248168945),(-56.4636650085449,-230.378387451172,-80.8261337280273),(-47.6380004882812,-266.365509033203,-92.6555633544922),(-55.7556686401367,-227.025314331055,-85.0748825073242),(-53.1323318481445,-232.0908203125,-111.386375427246),(-56.2041435241699,-225.934616088867,-81.0553359985352),(-51.2864685058594,-255.367889404297,-92.2582168579102),(-47.6434860229492,-257.635711669922,-108.034965515137),(-52.6144676208496,-213.872955322266,-105.511909484863),(-49.8083190917969,-205.596725463867,-115.350967407227),(-50.8769264221191,-218.692352294922,-112.732917785645),(-49.8373146057129,-211.549743652344,-115.898109436035),(-48.6285781860352,-225.884979248047,-119.59831237793),(-52.8918876647949,-232.034057617188,-112.824554443359),(-42.2347602844238,-262.487060546875,-117.064971923828),(-52.5790748596191,-204.110244750977,-104.454238891602),(-45.7582092285156,-209.514190673828,-126.281028747559),(-42.2168350219727,-276.506774902344,-93.1725616455078),(-42.2211227416992,-267.642608642578,-109.752113342285),(-49.7563781738281,-199.640060424805,-114.533142089844),(-51.6403579711914,-231.738800048828,-118.501014709473),(-50.3532943725586,-231.435165405273,-122.667251586914),(-51.3230857849121,-239.462203979492,-114.323127746582),(-52.6251182556152,-231.971099853516,-114.255798339844),(-47.6838455200195,-247.291030883789,-120.021949768066),(-49.740421295166,-198.106414794922,-114.269149780273),(-54.9404640197754,-200.777725219727,-82.3530120849609),(-45.7718048095703,-225.21061706543,-126.550964355469),(-51.352367401123,-234.323913574219,-118.094284057617),(-52.,-231.823852539062,-117.094451904297),(-47.7089004516602,-241.595642089844,-124.340530395508),(-48.5292205810547,-231.,-127.263359069824),(-52.3288154602051,-231.901184082031,-115.679306030273),(-42.2569313049316,-256.811309814453,-123.525535583496),(-51.3380470275879,-236.908538818359,-116.37523651123),(-38.4833297729492,-281.369903564453,-93.4740295410156),(-34.1346969604492,-273.951049804688,-115.85710144043),(-34.1558990478516,-266.650299072266,-125.498809814453),(-34.1750907897949,-285.694976806641,-93.7684707641602),(-39.159107208252,-181.535064697266,-130.74674987793),(-52.5747871398926,-200.750396728516,-103.853302001953),(-52.672191619873,-197.649856567383,-102.913330078125),(-54.8044204711914,-197.649505615234,-82.5143814086914),(-39.248722076416,-193.377899169922,-134.388870239258),(-51.3639297485352,-231.727401733398,-119.475143432617),(-47.3018455505371,-236.286849975586,-128.05583190918),(-48.1326522827148,-236.28776550293,-126.241348266602),(-45.6988105773926,-196.297866821289,-124.475631713867),(-45.6716575622559,-192.47119140625,-123.680206298828),(-49.7253913879395,-196.600692749023,-113.980155944824),(-49.7091293334961,-194.252288818359,-113.443176269531),(-49.7568740844727,-188.674682617188,-111.407356262207),(-45.7308616638184,-202.150329589844,-125.441139221191),(-42.2605628967285,-224.383102416992,-133.082412719727),(-42.2564163208008,-229.524993896484,-138.193313598633),(-42.2801132202148,-250.630447387695,-128.967025756836),(-29.3360767364502,-289.38818359375,-94.0355072021484),(-29.2619171142578,-277.562957763672,-116.716926574707),(-29.2817802429199,-270.130767822266,-126.787269592285),(-34.9395751953125,-190.93994140625,-138.659393310547),(-45.6486473083496,-188.813583374023,-122.728500366211),(-49.7075119018555,-192.981262207031,-113.090438842773),(-49.8150482177734,-186.465881347656,-110.1484375),(-52.899543762207,-194.19987487793,-101.090873718262),(-54.7509803771973,-195.804702758789,-82.6095428466797),(-42.2925338745117,-243.979461669922,-133.243621826172),(-36.2911071777344,-228.117660522461,-145.037094116211),(-39.6722679138184,-223.772079467773,-136.905807495117),(-34.1856269836426,-258.261840820312,-133.751129150391),(-23.9228839874268,-280.491821289062,-117.422096252441),(-29.5912170410156,-296.270416259766,-77.4267807006836),(-49.7209129333496,-190.794342041016,-112.345878601074),(-45.6415061950684,-185.592681884766,-121.638656616211),(-42.2853698730469,-236.923782348633,-136.318450927734),(-46.8566741943359,-230.610244750977,-130.735397338867),(-36.7655410766602,-223.08642578125,-140.463363647461),(-39.3111152648926,-206.143905639648,-136.631881713867),(-34.1856803894043,-238.376571655273,-144.689971923828),(-29.3291072845459,-251.674850463867,-142.585220336914),(-29.3111267089844,-261.50732421875,-135.550140380859),(-34.201961517334,-248.797515869141,-140.239181518555),(-23.9416561126709,-272.951080322266,-127.841194152832),(-12.2458524703979,-276.549194335938,-129.196212768555),(-12.2744941711426,-267.485717773438,-138.901641845703),(-23.9706935882568,-264.135406494141,-137.01789855957),(-39.147705078125,-175.982177734375,-128.170104980469),(-51.5123291015625,-186.880187988281,-103.567481994629),(-33.5227890014648,-222.321304321289,-143.715866088867),(-29.3158264160156,-240.752136230469,-147.548492431641),(-12.4174041748047,-296.2490234375,-94.5491485595703),(-24.0345039367676,-292.390899658203,-94.2595596313477),(-18.3589057922363,-294.676116943359,-94.4315567016602),(-34.8393478393555,-178.289459228516,-134.352600097656),(-29.8017921447754,-184.075744628906,-140.947540283203),(-45.6478424072266,-183.283172607422,-120.655639648438),(-54.6998329162598,-193.88020324707,-82.7088012695312),(-35.,-204.450424194336,-141.306289672852),(-29.2755756378174,-229.03059387207,-150.271041870117),(-32.9432678222656,-227.327835083008,-147.946105957031),(-24.,-254.,-144.494750976562),(-17.8789863586426,-302.036041259766,-77.1293411254883),(-12.2284488677979,-284.232757568359,-118.327117919922),(-12.2955055236816,-256.978179931641,-146.937850952148),(-29.7142677307129,-171.053176879883,-135.277084350586),(-34.8220100402832,-172.350402832031,-131.383316040039),(-29.7337493896484,-175.270309448242,-137.429611206055),(-45.6728973388672,-180.334350585938,-119.047775268555),(-48.,-179.647033691406,-111.828025817871),(-53.0199203491211,-192.367721557617,-99.6737289428711),(-29.8664321899414,-193.298049926758,-143.585464477539),(-29.9081649780273,-202.831176757812,-145.405075073242),(-22.7894287109375,-190.751586914062,-147.101654052734),(-29.9223976135254,-212.126586914062,-146.398330688477),(-29.9243965148926,-221.472030639648,-146.630065917969),(-23.9402236938477,-230.475479125977,-152.921920776367),(-0.0508340485394001,-268.58447265625,-139.3798828125),(-0.0724919140338898,-258.,-147.584945678711),(-12.2877426147461,-245.143844604492,-152.837783813477),(-45.7240447998047,-176.350692749023,-116.073417663574),(-48.0265312194824,-177.78742980957,-110.03670501709),(-53.0762252807617,-190.693450927734,-97.878303527832),(-29.3615894317627,-226.482849121094,-150.504898071289),(-23.0266513824463,-219.84504699707,-150.67561340332),(-23.9791584014893,-242.676864624023,-149.871520996094),(-39.2697105407715,-165.648025512695,-120.435508728027),(-39.1888198852539,-170.680816650391,-124.811485290527),(-29.715633392334,-166.975158691406,-132.814544677734),(-29.7452087402344,-163.079544067383,-130.018676757812),(-49.9569053649902,-179.940948486328,-104.165702819824),(-22.8338890075684,-205.508972167969,-149.900527954102),(-26.0352439880371,-225.698135375977,-152.456771850586),(-22.5581722259521,-224.877822875977,-154.125762939453),(-0.259661346673965,-297.440124511719,-94.6370315551758),(-34.8600654602051,-166.706039428711,-127.650100708008),(-19.0109519958496,-154.279495239258,-129.452560424805),(-22.702091217041,-176.64469909668,-142.290451049805),(-15.2299737930298,-174.662506103516,-144.19921875),(-22.6541233062744,-163.607803344727,-135.171966552734),(-45.7609062194824,-173.372344970703,-113.121017456055),(-15.6480083465576,-218.104034423828,-153.361251831055),(-7.64289426803589,-221.359039306641,-158.020782470703),(-15.2480411529541,-223.153213500977,-156.618026733398),(-12.2505140304565,-232.336349487305,-156.307479858398),(-0.0288067776709795,-232.948989868164,-157.310775756836),(0.,-219.556045532227,-158.452896118164),(-15.2926530838013,-189.171569824219,-149.414291381836),(-15.234619140625,-153.15966796875,-129.932525634766),(-15.1974315643311,-161.26936340332,-136.58576965332),(-29.8001136779785,-159.35888671875,-126.83088684082),(-34.9487991333008,-161.400161743164,-122.96354675293),(-50.115047454834,-165.441955566406,-84.1758728027344),(-15.3230972290039,-204.315414428711,-152.462249755859),(-33.8933258056641,-155.440124511719,-117.643325805664),(-7.63848209381104,-188.182250976562,-150.611709594727),(-11.4270334243774,-152.310302734375,-130.251159667969),(-7.59227895736694,-159.899765014648,-137.243804931641),(-29.8711700439453,-155.825897216797,-123.207778930664),(-22.7194442749023,-155.679489135742,-128.7900390625),(-39.9232482910156,-161.523513793945,-114.411285400391),(-42.1233825683594,-164.399887084961,-112.807975769043),(-45.7848892211914,-170.312606811523,-109.382957458496),(-45.7848968505859,-151.743499755859,-84.8825531005859),(-7.92556953430176,-216.282287597656,-154.828216552734),(12.2494134902954,-232.336227416992,-156.307601928711),(0.,-214.412445068359,-155.226699829102),(-15.3320426940918,-146.,-121.895599365234),(-7.60444355010986,-173.466278076172,-145.151626586914),(-42.1092720031738,-143.524383544922,-85.3065719604492),(7.7741527557373,-216.246765136719,-154.845184326172),(-7.6540265083313,-203.530685424805,-153.815979003906),(-22.8501434326172,-148.628219604492,-120.869934082031),(-7.63091707229614,-147.965118408203,-126.534843444824),(12.130331993103,-296.307373046875,-94.5535888671875),(12.2866477966309,-245.143600463867,-152.837905883789),(23.9778594970703,-242.6767578125,-149.87174987793),(15.4058380126953,-223.190643310547,-156.575042724609),(-29.9437828063965,-152.490036010742,-119.109245300293),(-37.4398765563965,-158.741439819336,-115.91869354248),(0.,-199.640151977539,-153.64990234375),(-23.3472900390625,-122.778945922852,-86.3767623901367),(0.,-151.159545898438,-130.446807861328),(0.,-159.381134033203,-137.343109130859),(7.65317678451538,-203.531707763672,-153.81608581543),(23.9389247894287,-230.475463867188,-152.922149658203),(7.66061162948608,-221.363418579102,-158.019058227539),(15.4652500152588,-218.061050415039,-153.410827636719),(15.3222484588623,-204.316436767578,-152.462371826172),(0.,-186.124114990234,-150.441955566406),(7.59144353866577,-159.899749755859,-137.243804931641),(0.,-172.604309082031,-145.185302734375),(-7.65689516067505,-144.518157958984,-122.338745117188),(11.2019643783569,-303.769134521484,-77.0399627685547),(12.2944097518921,-256.977874755859,-146.938079833984),(23.9887180328369,-254.,-144.495101928711),(22.7677516937256,-224.927459716797,-154.035491943359),(7.6376371383667,-188.184265136719,-150.612289428711),(7.60359668731689,-173.469161987305,-145.15299987793),(-8.09207630157471,-117.533142089844,-86.647331237793),(7.60319852828979,-151.711715698242,-130.431716918945),(15.2918081283569,-189.173568725586,-149.414794921875),(17.8760395050049,-294.832366943359,-94.4431838989258),(12.2273540496826,-284.232360839844,-118.327751159668),(29.3097629547119,-261.507263183594,-135.550598144531),(29.274206161499,-229.030609130859,-150.271347045898),(22.8311214447021,-205.50959777832,-149.901458740234),(15.229133605957,-174.665313720703,-144.200500488281),(0.,-116.948265075684,-86.6774978637695),(0.,-144.,-122.365203857422),(22.7866706848145,-190.753021240234,-147.102920532227),(22.6993408203125,-176.646835327148,-142.292282104492),(21.2033309936523,-300.795318603516,-77.193359375),(23.3251075744629,-292.722351074219,-94.2841186523438),(12.24476146698,-276.548828125,-129.196762084961),(0.0220115464180708,-277.613922119141,-129.6171875),(23.9694042205811,-264.135223388672,-137.018295288086),(29.3144645690918,-240.752105712891,-147.548843383789),(34.1842308044434,-258.261932373047,-133.751708984375),(29.3277492523193,-251.674789428711,-142.585632324219),(22.9228343963623,-219.820755004883,-150.723449707031),(15.968092918396,-119.436126708984,-86.5491714477539),(15.196608543396,-161.269348144531,-136.58576965332),(23.9215927124023,-280.491607666016,-117.422729492188),(34.1544952392578,-266.650390625,-125.499435424805),(23.9403705596924,-272.950866699219,-127.841766357422),(12.2733993530273,-267.4853515625,-138.901992797852),(26.1786937713623,-225.73210144043,-152.37858581543),(29.9074249267578,-202.83122253418,-145.404968261719),(29.9215717315674,-212.126586914062,-146.398330688477),(7.65604019165039,-144.518157958984,-122.338745117188),(11.426194190979,-152.310287475586,-130.251159667969),(15.2337789535522,-153.159652709961,-129.932525634766),(29.7329940795898,-175.270477294922,-137.429397583008),(28.3536396026611,-290.019500732422,-94.0822525024414),(29.2804145812988,-270.130706787109,-126.78784942627),(34.2005615234375,-248.797592163086,-140.239669799805),(29.3607387542725,-226.482833862305,-150.504898071289),(36.5514450073242,-228.179244995117,-144.784622192383),(29.9235019683838,-221.472015380859,-146.630126953125),(19.0101261138916,-154.279479980469,-129.452560424805),(22.6532974243164,-163.607803344727,-135.171966552734),(29.7135124206543,-171.052459716797,-135.277725219727),(29.8661651611328,-193.296279907227,-143.581130981445),(29.8019943237305,-184.07487487793,-140.944549560547),(29.2605628967285,-277.562896728516,-116.717620849609),(34.1842727661133,-238.376647949219,-144.690444946289),(42.2852363586426,-236.923934936523,-136.322387695312),(33.5650253295898,-222.331298828125,-143.677551269531),(33.1298599243164,-227.372055053711,-147.794738769531),(42.2555732727051,-229.524993896484,-138.193313598633),(29.7148456573486,-166.975082397461,-132.814544677734),(15.3312129974365,-146.,-121.895599365234),(29.6419448852539,-296.235992431641,-77.4285659790039),(34.3349800109863,-292.578125,-77.6172790527344),(42.2920989990234,-243.979354858398,-133.243850708008),(42.2788772583008,-250.630187988281,-128.962585449219),(36.8108062744141,-223.097061157227,-140.412750244141),(42.2605781555176,-224.382415771484,-133.081680297852),(39.3098030090332,-206.143783569336,-136.632461547852),(29.7993221282959,-159.355819702148,-126.828170776367),(34.8212890625,-172.350433349609,-131.383224487305),(39.1583786010742,-181.53515625,-130.746566772461),(34.8386192321777,-178.28955078125,-134.352478027344),(32.861385345459,-286.802001953125,-93.847038269043),(42.2333297729492,-262.490295410156,-117.067581176758),(37.1983222961426,-282.778839111328,-93.5671157836914),(34.1332931518555,-273.951141357422,-115.857849121094),(42.2551345825195,-256.816467285156,-123.529815673828),(39.6975212097168,-223.777755737305,-136.873565673828),(35.,-204.450317382812,-141.306549072266),(34.9388465881348,-190.94026184082,-138.65934753418),(22.7186183929443,-155.679473876953,-128.789978027344),(29.7444267272949,-163.07780456543,-130.017395019531),(37.,-290.026702880859,-77.748893737793),(47.6577262878418,-252.662109375,-114.536361694336),(48.8920364379883,-231.090560913086,-126.42756652832),(48.3215026855469,-236.307327270508,-125.793762207031),(39.2480010986328,-193.378265380859,-134.388809204102),(34.8593368530273,-166.706024169922,-127.649925231934),(22.8493251800537,-148.628265380859,-120.869934082031),(39.1469841003418,-175.982238769531,-128.169998168945),(45.7118759155273,-198.401412963867,-124.856651306152),(47.6426391601562,-257.635711669922,-108.034965515137),(47.6830024719238,-247.291030883789,-120.021949768066),(42.220272064209,-267.642639160156,-109.752113342285),(48.,-265.462677001953,-92.6167907714844),(45.7707977294922,-225.210693359375,-126.550918579102),(47.0866584777832,-230.664581298828,-130.283065795898),(47.4130249023438,-236.279769897461,-127.823570251465),(34.9480667114258,-161.400085449219,-122.963302612305),(29.8704719543457,-155.824493408203,-123.206153869629),(29.9429817199707,-152.490081787109,-119.109184265137),(33.8924980163574,-155.440155029297,-117.643325805664),(45.6459579467773,-188.399703979492,-122.605728149414),(45.6463851928711,-183.735321044922,-120.863990783691),(45.6768417358398,-193.262969970703,-123.85994720459),(51.3222389221191,-239.462219238281,-114.323127746582),(42.2168846130371,-276.507354736328,-93.1728439331055),(45.4369163513184,-278.443389892578,-78.3464202880859),(50.3524475097656,-231.435165405273,-122.667251586914),(48.6276397705078,-225.884643554688,-119.598091125488),(51.2406997680664,-231.644744873047,-119.917320251465),(47.7080612182617,-241.595657348633,-124.340530395508),(51.3515167236328,-234.323913574219,-118.094284057617),(51.3371963500977,-236.908538818359,-116.37523651123),(39.1880989074707,-170.680862426758,-124.811309814453),(42.1084022521973,-143.524368286133,-85.3065719604492),(37.4389533996582,-158.741485595703,-115.91862487793),(53.5443801879883,-232.188186645508,-108.491989135742),(51.7602462768555,-253.44140625,-92.2025909423828),(51.3085670471191,-241.966217041016,-111.951248168945),(53.0841522216797,-257.272644042969,-79.4385757446289),(49.9091987609863,-268.393402099609,-78.8649063110352),(45.756950378418,-209.514099121094,-126.282135009766),(52.8839797973633,-232.032409667969,-112.862747192383),(39.2689933776855,-165.648025512695,-120.43522644043),(49.7428092956543,-198.428039550781,-114.327102661133),(49.8362045288086,-211.549331665039,-115.898872375488),(50.8760108947754,-218.69189453125,-112.733093261719),(51.4965744018555,-226.561462402344,-110.152770996094),(51.9880676269531,-231.821060180664,-117.143608093262),(52.3144950866699,-231.898071289062,-115.737022399902),(39.9248390197754,-161.528121948242,-114.408569335938),(49.7082901000977,-192.234512329102,-112.859283447266),(49.7075653076172,-194.090728759766,-113.401634216309),(49.7228469848633,-196.428100585938,-113.945022583008),(52.5782241821289,-204.110244750977,-104.454177856445),(53.8807106018066,-232.267517089844,-105.587135314941),(51.2904167175293,-246.764251708984,-106.334701538086),(54.2031898498535,-232.34358215332,-102.156044006348),(49.7971572875977,-204.129302978516,-115.174858093262),(51.6308784484863,-231.736801147461,-118.535575866699),(53.1314964294434,-232.090805053711,-111.386375427246),(52.6123924255371,-231.968322753906,-114.311500549316),(42.126277923584,-164.40510559082,-112.805038452148),(45.7438354492188,-174.805023193359,-114.625869750977),(45.6859397888184,-179.218658447266,-118.313537597656),(49.8285522460938,-186.,-109.836280822754),(49.7668647766113,-188.212158203125,-111.168617248535),(49.7296752929688,-190.05859375,-112.047988891602),(54.4647483825684,-232.405303955078,-98.7180328369141),(52.6134262084961,-213.872344970703,-105.512603759766),(48.,-179.128295898438,-111.355918884277),(51.5114898681641,-186.880233764648,-103.567420959473),(52.6713371276855,-197.64990234375,-102.913330078125),(52.6295547485352,-226.82878112793,-105.321823120117),(54.8409614562988,-232.494064331055,-91.8492736816406),(55.2329750061035,-244.648239135742,-80.0898361206055),(49.9560966491699,-179.941207885742,-104.16552734375),(45.7839279174805,-170.312652587891,-109.382957458496),(54.886058807373,-199.693298339844,-82.408935546875),(52.5739326477051,-200.750442504883,-103.853302001953),(55.0291481018066,-202.33479309082,-82.2726440429688),(54.9701995849609,-228.13410949707,-91.84765625),(55.9207534790039,-231.08512878418,-84.5602722167969),(54.7764472961426,-196.781799316406,-82.5591049194336),(54.9631805419922,-226.983779907227,-91.8492279052734),(55.7548217773438,-227.025329589844,-85.0748825073242),(53.0753707885742,-190.693496704102,-97.878303527832),(53.0190620422363,-192.367767333984,-99.6737289428711),(54.7320823669434,-195.080444335938,-82.6469268798828),(52.8986892700195,-194.199920654297,-101.090873718262),(-7.70488262176514,-31.5436916351318,108.080711364746),(-3.28220367431641,-12.,107.19287109375),(5.09451627731323,-31.575309753418,107.467346191406),(-11.5926675796509,-31.4697971343994,109.512229919434),(-9.58156108856201,-12.,108.690139770508),(-12.4822454452515,-12.,109.935874938965),(6.49589395523071,-12.,107.76390838623),(10.3062000274658,-31.4979877471924,108.965805053711),(-15.3223247528076,-31.3639545440674,111.564002990723),(-21.7383365631104,-31.0654277801514,117.351524353027),(-22.0126781463623,-12.,117.69490814209),(17.6054878234863,-12.,113.227630615234),(-26.0345249176025,-30.6866283416748,124.693237304688),(23.862340927124,-12.,120.351783752441),(26.033618927002,-30.6866130828857,124.693237304688),(-27.887186050415,-30.2847442626953,132.483917236328),(-27.9053974151611,-12.,132.69465637207),(-27.9726085662842,-30.0905666351318,136.248168945312),(27.7405643463135,-29.9589748382568,138.799362182617),(27.7102203369141,-12.,139.014678955078),(-27.5330028533936,-29.8921432495117,140.094833374023),(-27.7111282348633,-12.,139.014678955078),(26.91872215271,-29.7575130462646,142.704330444336),(-26.5115528106689,-29.6902179718018,144.),(23.4354209899902,-29.3645839691162,150.321746826172),(-22.6189651489258,-29.3035774230957,151.504501342773),(-23.5278205871582,-12.,150.180892944336),(23.527286529541,-12.,150.180297851562),(-20.6554050445557,-12.,153.904190063477),(20.7964534759521,-29.1878433227539,153.747940063477),(-12.8606996536255,-28.8719158172607,159.871810913086),(17.1465721130371,-12.,157.135391235352),(14.1048345565796,-28.9072113037109,159.187515258789),(-9.,-28.7873382568359,161.511001586914),(-5.09541797637939,-28.7346458435059,162.532440185547),(6.39769506454468,-28.7487239837646,162.259094238281),(-4.37393617630005,-12.,162.656204223633),(-47.1811408996582,0.,-18.6785144805908),(-35.57275390625,0.,-23.2565231323242),(-30.0524806976318,0.,-30.0521392822266),(-42.5004463195801,0.,0.),(-35.8815078735352,0.,-35.8811874389648),(-41.7909317016602,0.,7.73331499099731),(-23.2568588256836,0.,-35.5724220275879),(-47.1811485290527,0.,18.6782913208008),(-15.6444730758667,0.,-39.5161056518555),(-7.73387622833252,0.,-41.7906112670898),(-35.57275390625,0.,23.2562999725342),(-42.4725189208984,0.,27.7672100067139),(9.23299217224121,0.,-49.896484375),(-35.8815078735352,0.,35.8809356689453),(0.,0.,-42.5001068115234),(-23.2568588256836,0.,35.5721969604492),(7.73298168182373,0.,-41.7906112670898),(18.6779632568359,0.,-47.1807899475098),(23.2559700012207,0.,-35.5724220275879),(-7.73387622833252,0.,41.7903633117676),(-18.6788578033447,0.,47.1805763244629),(27.7668857574463,0.,-42.4722023010254),(-9.23388671875,0.,49.8962211608887),(0.,0.,42.4998817443848),(7.73298168182373,0.,41.7903633117676),(0.,0.,50.7433700561523),(47.1802558898926,0.,-18.6785144805908),(18.6779594421387,0.,47.180591583252),(23.2559623718262,0.,35.5721969604492),(39.5155563354492,0.,-15.6441316604614),(27.766881942749,0.,42.4719581604004),(42.4995536804199,0.,0.),(35.880615234375,0.,35.8809509277344),(35.5718612670898,0.,23.2562999725342),(41.7900314331055,0.,7.73331499099731),(42.471622467041,0.,27.7672252655029),(39.5155563354492,0.,15.6439085006714),(0.,-283.360961914062,-121.710296630859),(0.,-276.481781005859,-131.011703491211),(-0.0657464265823364,-245.946380615234,-153.700408935547),(0.,-285.356079101562,-118.595497131348),(0.,-289.216644287109,-111.961837768555),(0.,-267.225799560547,-140.607788085938),(0.,-256.602691650391,-148.455825805664),(25.4872016906738,-29.556957244873,146.592132568359),(17.6478958129883,-29.0335731506348,156.737762451172),(10.3061990737915,-28.8119506835938,161.033950805664),(28.,-30.1549549102783,135.),(2.51547169685364,-28.7163753509521,162.886611938477),(-1.24869918823242,-28.711935043335,162.972045898438),(-16.5050868988037,-28.9881610870361,157.618392944336),(-19.7994403839111,-29.1335983276367,154.798889160156),(-24.8724040985107,-29.491584777832,147.860107421875),(-27.2596416473389,-30.4850597381592,128.601715087891),(-24.1880722045898,-30.8826065063477,120.894599914551),(-18.748477935791,-31.2278347015381,114.202972412109),(-3.79992055892944,-31.5860385894775,107.258880615234),(27.5320987701416,-30.417781829834,129.90495300293),(0.,-31.5993900299072,107.),(23.4354267120361,-30.9454021453857,119.678016662598),(15.3214206695557,-31.3639507293701,111.564002990723),(19.7985382080078,-31.1763591766357,115.200897216797),(15.643575668335,-20.,39.5158958435059),(15.6435766220093,0.,39.5158958435059),(-7.73387718200684,-20.,41.7903633117676),(23.2559623718262,-20.,35.5721969604492),(-15.6444730758667,0.,39.5158958435059),(-23.2568607330322,-20.,35.5721969604492),(30.0515918731689,0.,30.051929473877),(30.0515899658203,-20.,30.051929473877),(35.5718574523926,-20.,23.2562999725342),(-30.0524864196777,0.,30.0519142150879),(-35.5727577209473,-20.,23.2562999725342),(39.5155563354492,-20.,15.6439085006714),(-39.5164489746094,0.,15.6439085006714),(41.7900352478027,-20.,7.733314037323),(-39.5164451599121,-20.,15.6439085006714),(-41.7909317016602,-20.,7.733314037323),(41.7900314331055,0.,-7.73353815078735),(-42.5004463195801,-20.,0.),(-41.7909317016602,0.,-7.73353815078735),(-41.7909317016602,-20.,-7.73353910446167),(35.5718574523926,-20.,-23.2565231323242),(-39.5164489746094,0.,-15.6441316604614),(30.0515918731689,0.,-30.0521392822266),(35.5718612670898,0.,-23.2565231323242),(-30.0524826049805,-20.,-30.0521392822266),(-23.2568607330322,-20.,-35.5724220275879),(15.6435766220093,0.,-39.5161056518555),(15.6435804367065,-20.,-39.5161056518555),(-15.6444692611694,-20.,-39.5161056518555),(-7.73387145996094,-20.,-41.7906112670898),(42.4995536804199,-20.,0.),(41.7900352478027,-20.,-7.73353910446167),(7.73298025131226,-20.,41.7903633117676),(0.,-20.,42.4998817443848),(-15.6444749832153,-20.,39.5158958435059),(-30.052490234375,-20.,30.051929473877),(-39.5164451599121,-20.,-15.6441316604614),(-35.5727500915527,-20.,-23.2565231323242),(39.5155563354492,-20.,-15.6441316604614),(7.73298645019531,-20.,-41.7906112670898),(0.,-20.,-42.5001068115234),(30.0515899658203,-20.,-30.0521392822266),(23.2559661865234,-20.,-35.5724220275879)));
#55=IFCINDEXEDPOLYGONALFACE((8,1,7));
#56=IFCINDEXEDPOLYGONALFACE((8,109,1));
#57=IFCINDEXEDPOLYGONALFACE((9,109,8));
#58=IFCINDEXEDPOLYGONALFACE((9,91,109));
#59=IFCINDEXEDPOLYGONALFACE((109,91,397));
#60=IFCINDEXEDPOLYGONALFACE((91,93,397));
#61=IFCINDEXEDPOLYGONALFACE((93,3,397));
#62=IFCINDEXEDPOLYGONALFACE((3,2,397));
#63=IFCINDEXEDPOLYGONALFACE((2,97,397));
#64=IFCINDEXEDPOLYGONALFACE((397,97,5));
#65=IFCINDEXEDPOLYGONALFACE((397,5,4));
#66=IFCINDEXEDPOLYGONALFACE((4,5,50));
#67=IFCINDEXEDPOLYGONALFACE((6,8,7));
#68=IFCINDEXEDPOLYGONALFACE((6,7,29));
#69=IFCINDEXEDPOLYGONALFACE((9,8,6));
#70=IFCINDEXEDPOLYGONALFACE((6,29,28));
#71=IFCINDEXEDPOLYGONALFACE((6,28,23));
#72=IFCINDEXEDPOLYGONALFACE((6,23,10));
#73=IFCINDEXEDPOLYGONALFACE((6,10,12));
#74=IFCINDEXEDPOLYGONALFACE((10,11,12));
#75=IFCINDEXEDPOLYGONALFACE((109,15,13));
#76=IFCINDEXEDPOLYGONALFACE((109,13,14));
#77=IFCINDEXEDPOLYGONALFACE((109,51,15));
#78=IFCINDEXEDPOLYGONALFACE((109,14,16));
#79=IFCINDEXEDPOLYGONALFACE((109,53,51));
#80=IFCINDEXEDPOLYGONALFACE((109,16,38));
#81=IFCINDEXEDPOLYGONALFACE((109,18,53));
#82=IFCINDEXEDPOLYGONALFACE((109,38,1));
#83=IFCINDEXEDPOLYGONALFACE((109,17,18));
#84=IFCINDEXEDPOLYGONALFACE((17,19,18));
#85=IFCINDEXEDPOLYGONALFACE((19,101,18));
#86=IFCINDEXEDPOLYGONALFACE((101,20,18));
#87=IFCINDEXEDPOLYGONALFACE((20,21,18));
#88=IFCINDEXEDPOLYGONALFACE((21,129,18));
#89=IFCINDEXEDPOLYGONALFACE((129,144,18));
#90=IFCINDEXEDPOLYGONALFACE((144,160,18));
#91=IFCINDEXEDPOLYGONALFACE((18,160,22));
#92=IFCINDEXEDPOLYGONALFACE((170,171,23));
#93=IFCINDEXEDPOLYGONALFACE((171,10,23));
#94=IFCINDEXEDPOLYGONALFACE((24,170,23));
#95=IFCINDEXEDPOLYGONALFACE((171,30,10));
#96=IFCINDEXEDPOLYGONALFACE((24,23,28));
#97=IFCINDEXEDPOLYGONALFACE((30,11,10));
#98=IFCINDEXEDPOLYGONALFACE((25,24,28));
#99=IFCINDEXEDPOLYGONALFACE((30,26,11));
#100=IFCINDEXEDPOLYGONALFACE((169,25,28));
#101=IFCINDEXEDPOLYGONALFACE((30,27,26));
#102=IFCINDEXEDPOLYGONALFACE((169,28,29));
#103=IFCINDEXEDPOLYGONALFACE((30,31,27));
#104=IFCINDEXEDPOLYGONALFACE((26,27,32));
#105=IFCINDEXEDPOLYGONALFACE((169,29,36));
#106=IFCINDEXEDPOLYGONALFACE((31,34,27));
#107=IFCINDEXEDPOLYGONALFACE((32,27,232));
#108=IFCINDEXEDPOLYGONALFACE((36,29,7));
#109=IFCINDEXEDPOLYGONALFACE((31,33,34));
#110=IFCINDEXEDPOLYGONALFACE((32,232,35));
#111=IFCINDEXEDPOLYGONALFACE((36,7,167));
#112=IFCINDEXEDPOLYGONALFACE((33,37,34));
#113=IFCINDEXEDPOLYGONALFACE((35,232,231));
#114=IFCINDEXEDPOLYGONALFACE((38,167,7));
#115=IFCINDEXEDPOLYGONALFACE((33,40,37));
#116=IFCINDEXEDPOLYGONALFACE((35,231,39));
#117=IFCINDEXEDPOLYGONALFACE((168,167,38));
#118=IFCINDEXEDPOLYGONALFACE((38,7,1));
#119=IFCINDEXEDPOLYGONALFACE((40,225,37));
#120=IFCINDEXEDPOLYGONALFACE((35,39,161));
#121=IFCINDEXEDPOLYGONALFACE((168,38,16));
#122=IFCINDEXEDPOLYGONALFACE((40,175,225));
#123=IFCINDEXEDPOLYGONALFACE((161,39,41));
#124=IFCINDEXEDPOLYGONALFACE((14,168,16));
#125=IFCINDEXEDPOLYGONALFACE((175,223,225));
#126=IFCINDEXEDPOLYGONALFACE((161,41,42));
#127=IFCINDEXEDPOLYGONALFACE((165,168,14));
#128=IFCINDEXEDPOLYGONALFACE((175,43,223));
#129=IFCINDEXEDPOLYGONALFACE((44,161,42));
#130=IFCINDEXEDPOLYGONALFACE((165,14,13));
#131=IFCINDEXEDPOLYGONALFACE((43,48,223));
#132=IFCINDEXEDPOLYGONALFACE((44,42,47));
#133=IFCINDEXEDPOLYGONALFACE((15,165,13));
#134=IFCINDEXEDPOLYGONALFACE((43,177,48));
#135=IFCINDEXEDPOLYGONALFACE((50,44,47));
#136=IFCINDEXEDPOLYGONALFACE((45,165,15));
#137=IFCINDEXEDPOLYGONALFACE((177,46,48));
#138=IFCINDEXEDPOLYGONALFACE((50,47,49));
#139=IFCINDEXEDPOLYGONALFACE((45,15,51));
#140=IFCINDEXEDPOLYGONALFACE((46,180,48));
#141=IFCINDEXEDPOLYGONALFACE((52,50,49));
#142=IFCINDEXEDPOLYGONALFACE((164,45,51));
#143=IFCINDEXEDPOLYGONALFACE((180,182,48));
#144=IFCINDEXEDPOLYGONALFACE((230,52,49));
#145=IFCINDEXEDPOLYGONALFACE((52,4,50));
#146=IFCINDEXEDPOLYGONALFACE((164,51,53));
#147=IFCINDEXEDPOLYGONALFACE((182,54,48));
#148=IFCINDEXEDPOLYGONALFACE((230,399,52));
#149=IFCINDEXEDPOLYGONALFACE((166,164,53));
#150=IFCINDEXEDPOLYGONALFACE((54,184,48));
#151=IFCINDEXEDPOLYGONALFACE((55,399,230));
#152=IFCINDEXEDPOLYGONALFACE((166,53,18));
#153=IFCINDEXEDPOLYGONALFACE((184,185,48));
#154=IFCINDEXEDPOLYGONALFACE((58,55,230));
#155=IFCINDEXEDPOLYGONALFACE((56,166,18));
#156=IFCINDEXEDPOLYGONALFACE((185,187,48));
#157=IFCINDEXEDPOLYGONALFACE((58,395,55));
#158=IFCINDEXEDPOLYGONALFACE((56,18,22));
#159=IFCINDEXEDPOLYGONALFACE((187,190,48));
#160=IFCINDEXEDPOLYGONALFACE((57,395,58));
#161=IFCINDEXEDPOLYGONALFACE((404,56,22));
#162=IFCINDEXEDPOLYGONALFACE((190,191,48));
#163=IFCINDEXEDPOLYGONALFACE((229,57,58));
#164=IFCINDEXEDPOLYGONALFACE((404,22,59));
#165=IFCINDEXEDPOLYGONALFACE((191,60,48));
#166=IFCINDEXEDPOLYGONALFACE((229,396,57));
#167=IFCINDEXEDPOLYGONALFACE((408,404,59));
#168=IFCINDEXEDPOLYGONALFACE((60,197,48));
#169=IFCINDEXEDPOLYGONALFACE((228,396,229));
#170=IFCINDEXEDPOLYGONALFACE((61,408,59));
#171=IFCINDEXEDPOLYGONALFACE((197,206,48));
#172=IFCINDEXEDPOLYGONALFACE((228,398,396));
#173=IFCINDEXEDPOLYGONALFACE((61,59,159));
#174=IFCINDEXEDPOLYGONALFACE((206,62,48));
#175=IFCINDEXEDPOLYGONALFACE((64,398,228));
#176=IFCINDEXEDPOLYGONALFACE((63,61,159));
#177=IFCINDEXEDPOLYGONALFACE((62,207,48));
#178=IFCINDEXEDPOLYGONALFACE((64,400,398));
#179=IFCINDEXEDPOLYGONALFACE((63,159,67));
#180=IFCINDEXEDPOLYGONALFACE((207,65,48));
#181=IFCINDEXEDPOLYGONALFACE((227,400,64));
#182=IFCINDEXEDPOLYGONALFACE((63,67,423));
#183=IFCINDEXEDPOLYGONALFACE((207,209,65));
#184=IFCINDEXEDPOLYGONALFACE((227,66,400));
#185=IFCINDEXEDPOLYGONALFACE((423,67,70));
#186=IFCINDEXEDPOLYGONALFACE((209,69,65));
#187=IFCINDEXEDPOLYGONALFACE((451,66,227));
#188=IFCINDEXEDPOLYGONALFACE((423,70,68));
#189=IFCINDEXEDPOLYGONALFACE((209,212,69));
#190=IFCINDEXEDPOLYGONALFACE((451,70,66));
#191=IFCINDEXEDPOLYGONALFACE((68,70,451));
#192=IFCINDEXEDPOLYGONALFACE((212,71,69));
#193=IFCINDEXEDPOLYGONALFACE((212,215,71));
#194=IFCINDEXEDPOLYGONALFACE((215,217,71));
#195=IFCINDEXEDPOLYGONALFACE((217,72,71));
#196=IFCINDEXEDPOLYGONALFACE((11,26,12));
#197=IFCINDEXEDPOLYGONALFACE((26,163,12));
#198=IFCINDEXEDPOLYGONALFACE((73,6,12));
#199=IFCINDEXEDPOLYGONALFACE((73,12,386));
#200=IFCINDEXEDPOLYGONALFACE((263,6,73));
#201=IFCINDEXEDPOLYGONALFACE((386,12,74));
#202=IFCINDEXEDPOLYGONALFACE((263,257,6));
#203=IFCINDEXEDPOLYGONALFACE((12,163,74));
#204=IFCINDEXEDPOLYGONALFACE((386,74,75));
#205=IFCINDEXEDPOLYGONALFACE((6,257,94));
#206=IFCINDEXEDPOLYGONALFACE((163,76,74));
#207=IFCINDEXEDPOLYGONALFACE((386,75,382));
#208=IFCINDEXEDPOLYGONALFACE((94,257,92));
#209=IFCINDEXEDPOLYGONALFACE((163,162,76));
#210=IFCINDEXEDPOLYGONALFACE((382,75,77));
#211=IFCINDEXEDPOLYGONALFACE((92,257,95));
#212=IFCINDEXEDPOLYGONALFACE((162,257,76));
#213=IFCINDEXEDPOLYGONALFACE((382,77,377));
#214=IFCINDEXEDPOLYGONALFACE((95,257,96));
#215=IFCINDEXEDPOLYGONALFACE((96,257,162));
#216=IFCINDEXEDPOLYGONALFACE((377,77,375));
#217=IFCINDEXEDPOLYGONALFACE((375,77,302));
#218=IFCINDEXEDPOLYGONALFACE((375,302,78));
#219=IFCINDEXEDPOLYGONALFACE((375,78,372));
#220=IFCINDEXEDPOLYGONALFACE((372,78,309));
#221=IFCINDEXEDPOLYGONALFACE((372,309,79));
#222=IFCINDEXEDPOLYGONALFACE((372,79,364));
#223=IFCINDEXEDPOLYGONALFACE((364,79,80));
#224=IFCINDEXEDPOLYGONALFACE((80,79,312));
#225=IFCINDEXEDPOLYGONALFACE((80,312,361));
#226=IFCINDEXEDPOLYGONALFACE((361,312,314));
#227=IFCINDEXEDPOLYGONALFACE((361,314,315));
#228=IFCINDEXEDPOLYGONALFACE((361,315,316));
#229=IFCINDEXEDPOLYGONALFACE((361,316,82));
#230=IFCINDEXEDPOLYGONALFACE((361,82,81));
#231=IFCINDEXEDPOLYGONALFACE((361,81,83));
#232=IFCINDEXEDPOLYGONALFACE((83,81,85));
#233=IFCINDEXEDPOLYGONALFACE((85,81,317));
#234=IFCINDEXEDPOLYGONALFACE((85,317,84));
#235=IFCINDEXEDPOLYGONALFACE((85,84,318));
#236=IFCINDEXEDPOLYGONALFACE((85,318,352));
#237=IFCINDEXEDPOLYGONALFACE((352,318,349));
#238=IFCINDEXEDPOLYGONALFACE((349,318,86));
#239=IFCINDEXEDPOLYGONALFACE((86,318,345));
#240=IFCINDEXEDPOLYGONALFACE((345,318,340));
#241=IFCINDEXEDPOLYGONALFACE((340,318,337));
#242=IFCINDEXEDPOLYGONALFACE((337,318,333));
#243=IFCINDEXEDPOLYGONALFACE((333,318,87));
#244=IFCINDEXEDPOLYGONALFACE((87,318,88));
#245=IFCINDEXEDPOLYGONALFACE((87,88,319));
#246=IFCINDEXEDPOLYGONALFACE((87,319,322));
#247=IFCINDEXEDPOLYGONALFACE((87,322,89));
#248=IFCINDEXEDPOLYGONALFACE((87,89,90));
#249=IFCINDEXEDPOLYGONALFACE((87,90,326));
#250=IFCINDEXEDPOLYGONALFACE((91,92,93));
#251=IFCINDEXEDPOLYGONALFACE((91,94,92));
#252=IFCINDEXEDPOLYGONALFACE((93,92,3));
#253=IFCINDEXEDPOLYGONALFACE((9,94,91));
#254=IFCINDEXEDPOLYGONALFACE((3,92,95));
#255=IFCINDEXEDPOLYGONALFACE((9,6,94));
#256=IFCINDEXEDPOLYGONALFACE((3,95,2));
#257=IFCINDEXEDPOLYGONALFACE((2,95,96));
#258=IFCINDEXEDPOLYGONALFACE((2,96,97));
#259=IFCINDEXEDPOLYGONALFACE((97,96,162));
#260=IFCINDEXEDPOLYGONALFACE((99,17,109));
#261=IFCINDEXEDPOLYGONALFACE((98,99,109));
#262=IFCINDEXEDPOLYGONALFACE((99,19,17));
#263=IFCINDEXEDPOLYGONALFACE((103,98,109));
#264=IFCINDEXEDPOLYGONALFACE((100,99,98));
#265=IFCINDEXEDPOLYGONALFACE((100,19,99));
#266=IFCINDEXEDPOLYGONALFACE((106,103,109));
#267=IFCINDEXEDPOLYGONALFACE((104,98,103));
#268=IFCINDEXEDPOLYGONALFACE((105,100,98));
#269=IFCINDEXEDPOLYGONALFACE((100,101,19));
#270=IFCINDEXEDPOLYGONALFACE((106,109,102));
#271=IFCINDEXEDPOLYGONALFACE((111,103,106));
#272=IFCINDEXEDPOLYGONALFACE((104,105,98));
#273=IFCINDEXEDPOLYGONALFACE((111,104,103));
#274=IFCINDEXEDPOLYGONALFACE((107,100,105));
#275=IFCINDEXEDPOLYGONALFACE((113,101,100));
#276=IFCINDEXEDPOLYGONALFACE((102,109,110));
#277=IFCINDEXEDPOLYGONALFACE((117,106,102));
#278=IFCINDEXEDPOLYGONALFACE((111,106,117));
#279=IFCINDEXEDPOLYGONALFACE((108,105,104));
#280=IFCINDEXEDPOLYGONALFACE((112,104,111));
#281=IFCINDEXEDPOLYGONALFACE((107,113,100));
#282=IFCINDEXEDPOLYGONALFACE((108,107,105));
#283=IFCINDEXEDPOLYGONALFACE((113,20,101));
#284=IFCINDEXEDPOLYGONALFACE((110,109,121));
#285=IFCINDEXEDPOLYGONALFACE((115,102,110));
#286=IFCINDEXEDPOLYGONALFACE((117,102,115));
#287=IFCINDEXEDPOLYGONALFACE((119,111,117));
#288=IFCINDEXEDPOLYGONALFACE((112,108,104));
#289=IFCINDEXEDPOLYGONALFACE((112,111,119));
#290=IFCINDEXEDPOLYGONALFACE((120,113,107));
#291=IFCINDEXEDPOLYGONALFACE((123,107,108));
#292=IFCINDEXEDPOLYGONALFACE((114,20,113));
#293=IFCINDEXEDPOLYGONALFACE((121,109,401));
#294=IFCINDEXEDPOLYGONALFACE((125,110,121));
#295=IFCINDEXEDPOLYGONALFACE((115,110,125));
#296=IFCINDEXEDPOLYGONALFACE((116,117,115));
#297=IFCINDEXEDPOLYGONALFACE((119,117,116));
#298=IFCINDEXEDPOLYGONALFACE((118,108,112));
#299=IFCINDEXEDPOLYGONALFACE((132,112,119));
#300=IFCINDEXEDPOLYGONALFACE((120,114,113));
#301=IFCINDEXEDPOLYGONALFACE((123,120,107));
#302=IFCINDEXEDPOLYGONALFACE((118,123,108));
#303=IFCINDEXEDPOLYGONALFACE((114,21,20));
#304=IFCINDEXEDPOLYGONALFACE((401,109,397));
#305=IFCINDEXEDPOLYGONALFACE((121,401,124));
#306=IFCINDEXEDPOLYGONALFACE((125,121,124));
#307=IFCINDEXEDPOLYGONALFACE((122,115,125));
#308=IFCINDEXEDPOLYGONALFACE((116,115,122));
#309=IFCINDEXEDPOLYGONALFACE((133,119,116));
#310=IFCINDEXEDPOLYGONALFACE((118,112,132));
#311=IFCINDEXEDPOLYGONALFACE((132,119,133));
#312=IFCINDEXEDPOLYGONALFACE((120,127,114));
#313=IFCINDEXEDPOLYGONALFACE((128,120,123));
#314=IFCINDEXEDPOLYGONALFACE((136,123,118));
#315=IFCINDEXEDPOLYGONALFACE((127,21,114));
#316=IFCINDEXEDPOLYGONALFACE((125,124,130));
#317=IFCINDEXEDPOLYGONALFACE((122,125,130));
#318=IFCINDEXEDPOLYGONALFACE((116,122,131));
#319=IFCINDEXEDPOLYGONALFACE((133,116,131));
#320=IFCINDEXEDPOLYGONALFACE((134,118,132));
#321=IFCINDEXEDPOLYGONALFACE((132,133,126));
#322=IFCINDEXEDPOLYGONALFACE((127,120,128));
#323=IFCINDEXEDPOLYGONALFACE((128,123,136));
#324=IFCINDEXEDPOLYGONALFACE((136,118,134));
#325=IFCINDEXEDPOLYGONALFACE((129,21,127));
#326=IFCINDEXEDPOLYGONALFACE((122,130,402));
#327=IFCINDEXEDPOLYGONALFACE((131,122,402));
#328=IFCINDEXEDPOLYGONALFACE((133,131,141));
#329=IFCINDEXEDPOLYGONALFACE((134,132,126));
#330=IFCINDEXEDPOLYGONALFACE((126,133,141));
#331=IFCINDEXEDPOLYGONALFACE((127,128,138));
#332=IFCINDEXEDPOLYGONALFACE((128,136,135));
#333=IFCINDEXEDPOLYGONALFACE((136,134,137));
#334=IFCINDEXEDPOLYGONALFACE((129,127,138));
#335=IFCINDEXEDPOLYGONALFACE((131,402,139));
#336=IFCINDEXEDPOLYGONALFACE((141,131,140));
#337=IFCINDEXEDPOLYGONALFACE((134,126,146));
#338=IFCINDEXEDPOLYGONALFACE((126,141,148));
#339=IFCINDEXEDPOLYGONALFACE((138,128,135));
#340=IFCINDEXEDPOLYGONALFACE((135,136,152));
#341=IFCINDEXEDPOLYGONALFACE((137,134,146));
#342=IFCINDEXEDPOLYGONALFACE((136,137,152));
#343=IFCINDEXEDPOLYGONALFACE((129,138,145));
#344=IFCINDEXEDPOLYGONALFACE((140,131,139));
#345=IFCINDEXEDPOLYGONALFACE((141,140,142));
#346=IFCINDEXEDPOLYGONALFACE((146,126,148));
#347=IFCINDEXEDPOLYGONALFACE((148,141,142));
#348=IFCINDEXEDPOLYGONALFACE((138,135,145));
#349=IFCINDEXEDPOLYGONALFACE((135,152,150));
#350=IFCINDEXEDPOLYGONALFACE((137,146,143));
#351=IFCINDEXEDPOLYGONALFACE((152,137,143));
#352=IFCINDEXEDPOLYGONALFACE((144,129,145));
#353=IFCINDEXEDPOLYGONALFACE((147,140,139));
#354=IFCINDEXEDPOLYGONALFACE((142,140,147));
#355=IFCINDEXEDPOLYGONALFACE((154,146,148));
#356=IFCINDEXEDPOLYGONALFACE((149,148,142));
#357=IFCINDEXEDPOLYGONALFACE((145,135,150));
#358=IFCINDEXEDPOLYGONALFACE((150,152,151));
#359=IFCINDEXEDPOLYGONALFACE((143,146,154));
#360=IFCINDEXEDPOLYGONALFACE((152,143,156));
#361=IFCINDEXEDPOLYGONALFACE((160,144,145));
#362=IFCINDEXEDPOLYGONALFACE((155,142,147));
#363=IFCINDEXEDPOLYGONALFACE((154,148,149));
#364=IFCINDEXEDPOLYGONALFACE((149,142,155));
#365=IFCINDEXEDPOLYGONALFACE((145,150,151));
#366=IFCINDEXEDPOLYGONALFACE((151,152,156));
#367=IFCINDEXEDPOLYGONALFACE((143,154,153));
#368=IFCINDEXEDPOLYGONALFACE((156,143,153));
#369=IFCINDEXEDPOLYGONALFACE((160,145,151));
#370=IFCINDEXEDPOLYGONALFACE((155,147,403));
#371=IFCINDEXEDPOLYGONALFACE((153,154,149));
#372=IFCINDEXEDPOLYGONALFACE((158,149,155));
#373=IFCINDEXEDPOLYGONALFACE((151,156,59));
#374=IFCINDEXEDPOLYGONALFACE((156,153,159));
#375=IFCINDEXEDPOLYGONALFACE((160,151,59));
#376=IFCINDEXEDPOLYGONALFACE((155,403,157));
#377=IFCINDEXEDPOLYGONALFACE((153,149,158));
#378=IFCINDEXEDPOLYGONALFACE((158,155,157));
#379=IFCINDEXEDPOLYGONALFACE((59,156,159));
#380=IFCINDEXEDPOLYGONALFACE((159,153,67));
#381=IFCINDEXEDPOLYGONALFACE((22,160,59));
#382=IFCINDEXEDPOLYGONALFACE((153,158,67));
#383=IFCINDEXEDPOLYGONALFACE((158,157,70));
#384=IFCINDEXEDPOLYGONALFACE((67,158,70));
#385=IFCINDEXEDPOLYGONALFACE((70,157,66));
#386=IFCINDEXEDPOLYGONALFACE((97,162,5));
#387=IFCINDEXEDPOLYGONALFACE((162,50,5));
#388=IFCINDEXEDPOLYGONALFACE((162,44,50));
#389=IFCINDEXEDPOLYGONALFACE((162,161,44));
#390=IFCINDEXEDPOLYGONALFACE((162,35,161));
#391=IFCINDEXEDPOLYGONALFACE((162,32,35));
#392=IFCINDEXEDPOLYGONALFACE((162,163,32));
#393=IFCINDEXEDPOLYGONALFACE((32,163,26));
#394=IFCINDEXEDPOLYGONALFACE((164,166,45));
#395=IFCINDEXEDPOLYGONALFACE((45,166,165));
#396=IFCINDEXEDPOLYGONALFACE((166,168,165));
#397=IFCINDEXEDPOLYGONALFACE((166,167,168));
#398=IFCINDEXEDPOLYGONALFACE((166,36,167));
#399=IFCINDEXEDPOLYGONALFACE((166,169,36));
#400=IFCINDEXEDPOLYGONALFACE((166,25,169));
#401=IFCINDEXEDPOLYGONALFACE((166,24,25));
#402=IFCINDEXEDPOLYGONALFACE((166,170,24));
#403=IFCINDEXEDPOLYGONALFACE((166,171,170));
#404=IFCINDEXEDPOLYGONALFACE((166,409,171));
#405=IFCINDEXEDPOLYGONALFACE((166,56,409));
#406=IFCINDEXEDPOLYGONALFACE((171,409,30));
#407=IFCINDEXEDPOLYGONALFACE((409,411,30));
#408=IFCINDEXEDPOLYGONALFACE((30,411,31));
#409=IFCINDEXEDPOLYGONALFACE((31,411,172));
#410=IFCINDEXEDPOLYGONALFACE((31,172,33));
#411=IFCINDEXEDPOLYGONALFACE((33,172,173));
#412=IFCINDEXEDPOLYGONALFACE((33,173,40));
#413=IFCINDEXEDPOLYGONALFACE((40,173,415));
#414=IFCINDEXEDPOLYGONALFACE((40,415,175));
#415=IFCINDEXEDPOLYGONALFACE((175,415,174));
#416=IFCINDEXEDPOLYGONALFACE((175,174,43));
#417=IFCINDEXEDPOLYGONALFACE((43,174,176));
#418=IFCINDEXEDPOLYGONALFACE((43,176,177));
#419=IFCINDEXEDPOLYGONALFACE((177,176,178));
#420=IFCINDEXEDPOLYGONALFACE((177,178,46));
#421=IFCINDEXEDPOLYGONALFACE((46,178,179));
#422=IFCINDEXEDPOLYGONALFACE((46,179,180));
#423=IFCINDEXEDPOLYGONALFACE((180,179,452));
#424=IFCINDEXEDPOLYGONALFACE((180,452,182));
#425=IFCINDEXEDPOLYGONALFACE((182,452,181));
#426=IFCINDEXEDPOLYGONALFACE((181,54,182));
#427=IFCINDEXEDPOLYGONALFACE((181,183,54));
#428=IFCINDEXEDPOLYGONALFACE((183,184,54));
#429=IFCINDEXEDPOLYGONALFACE((183,459,184));
#430=IFCINDEXEDPOLYGONALFACE((459,185,184));
#431=IFCINDEXEDPOLYGONALFACE((459,186,185));
#432=IFCINDEXEDPOLYGONALFACE((186,187,185));
#433=IFCINDEXEDPOLYGONALFACE((186,188,187));
#434=IFCINDEXEDPOLYGONALFACE((188,189,187));
#435=IFCINDEXEDPOLYGONALFACE((189,190,187));
#436=IFCINDEXEDPOLYGONALFACE((189,192,190));
#437=IFCINDEXEDPOLYGONALFACE((192,191,190));
#438=IFCINDEXEDPOLYGONALFACE((192,193,191));
#439=IFCINDEXEDPOLYGONALFACE((193,60,191));
#440=IFCINDEXEDPOLYGONALFACE((193,194,60));
#441=IFCINDEXEDPOLYGONALFACE((194,195,60));
#442=IFCINDEXEDPOLYGONALFACE((195,467,60));
#443=IFCINDEXEDPOLYGONALFACE((467,197,60));
#444=IFCINDEXEDPOLYGONALFACE((467,469,197));
#445=IFCINDEXEDPOLYGONALFACE((469,196,197));
#446=IFCINDEXEDPOLYGONALFACE((196,473,197));
#447=IFCINDEXEDPOLYGONALFACE((473,470,197));
#448=IFCINDEXEDPOLYGONALFACE((470,472,197));
#449=IFCINDEXEDPOLYGONALFACE((472,476,197));
#450=IFCINDEXEDPOLYGONALFACE((476,478,197));
#451=IFCINDEXEDPOLYGONALFACE((478,468,197));
#452=IFCINDEXEDPOLYGONALFACE((481,197,468));
#453=IFCINDEXEDPOLYGONALFACE((198,197,481));
#454=IFCINDEXEDPOLYGONALFACE((477,197,198));
#455=IFCINDEXEDPOLYGONALFACE((475,197,477));
#456=IFCINDEXEDPOLYGONALFACE((199,197,475));
#457=IFCINDEXEDPOLYGONALFACE((471,197,199));
#458=IFCINDEXEDPOLYGONALFACE((200,197,471));
#459=IFCINDEXEDPOLYGONALFACE((201,197,200));
#460=IFCINDEXEDPOLYGONALFACE((202,197,201));
#461=IFCINDEXEDPOLYGONALFACE((202,206,197));
#462=IFCINDEXEDPOLYGONALFACE((203,206,202));
#463=IFCINDEXEDPOLYGONALFACE((204,206,203));
#464=IFCINDEXEDPOLYGONALFACE((205,206,204));
#465=IFCINDEXEDPOLYGONALFACE((205,62,206));
#466=IFCINDEXEDPOLYGONALFACE((208,62,205));
#467=IFCINDEXEDPOLYGONALFACE((208,207,62));
#468=IFCINDEXEDPOLYGONALFACE((210,207,208));
#469=IFCINDEXEDPOLYGONALFACE((210,209,207));
#470=IFCINDEXEDPOLYGONALFACE((211,209,210));
#471=IFCINDEXEDPOLYGONALFACE((211,212,209));
#472=IFCINDEXEDPOLYGONALFACE((213,212,211));
#473=IFCINDEXEDPOLYGONALFACE((213,215,212));
#474=IFCINDEXEDPOLYGONALFACE((214,215,213));
#475=IFCINDEXEDPOLYGONALFACE((216,215,214));
#476=IFCINDEXEDPOLYGONALFACE((216,217,215));
#477=IFCINDEXEDPOLYGONALFACE((218,217,216));
#478=IFCINDEXEDPOLYGONALFACE((219,217,218));
#479=IFCINDEXEDPOLYGONALFACE((219,72,217));
#480=IFCINDEXEDPOLYGONALFACE((72,219,220));
#481=IFCINDEXEDPOLYGONALFACE((71,72,220));
#482=IFCINDEXEDPOLYGONALFACE((450,71,220));
#483=IFCINDEXEDPOLYGONALFACE((69,71,450));
#484=IFCINDEXEDPOLYGONALFACE((221,69,450));
#485=IFCINDEXEDPOLYGONALFACE((65,69,221));
#486=IFCINDEXEDPOLYGONALFACE((222,65,221));
#487=IFCINDEXEDPOLYGONALFACE((48,65,222));
#488=IFCINDEXEDPOLYGONALFACE((438,48,222));
#489=IFCINDEXEDPOLYGONALFACE((223,48,438));
#490=IFCINDEXEDPOLYGONALFACE((224,223,438));
#491=IFCINDEXEDPOLYGONALFACE((225,223,224));
#492=IFCINDEXEDPOLYGONALFACE((225,224,437));
#493=IFCINDEXEDPOLYGONALFACE((37,225,437));
#494=IFCINDEXEDPOLYGONALFACE((37,437,435));
#495=IFCINDEXEDPOLYGONALFACE((34,37,435));
#496=IFCINDEXEDPOLYGONALFACE((34,435,226));
#497=IFCINDEXEDPOLYGONALFACE((27,34,226));
#498=IFCINDEXEDPOLYGONALFACE((440,27,226));
#499=IFCINDEXEDPOLYGONALFACE((232,27,440));
#500=IFCINDEXEDPOLYGONALFACE((64,232,440));
#501=IFCINDEXEDPOLYGONALFACE((64,440,227));
#502=IFCINDEXEDPOLYGONALFACE((228,232,64));
#503=IFCINDEXEDPOLYGONALFACE((228,229,232));
#504=IFCINDEXEDPOLYGONALFACE((229,58,232));
#505=IFCINDEXEDPOLYGONALFACE((58,230,232));
#506=IFCINDEXEDPOLYGONALFACE((230,49,232));
#507=IFCINDEXEDPOLYGONALFACE((49,47,232));
#508=IFCINDEXEDPOLYGONALFACE((47,42,232));
#509=IFCINDEXEDPOLYGONALFACE((42,41,232));
#510=IFCINDEXEDPOLYGONALFACE((41,39,232));
#511=IFCINDEXEDPOLYGONALFACE((39,231,232));
#512=IFCINDEXEDPOLYGONALFACE((606,237,233));
#513=IFCINDEXEDPOLYGONALFACE((606,236,237));
#514=IFCINDEXEDPOLYGONALFACE((233,237,235));
#515=IFCINDEXEDPOLYGONALFACE((234,236,606));
#516=IFCINDEXEDPOLYGONALFACE((235,237,597));
#517=IFCINDEXEDPOLYGONALFACE((240,236,234));
#518=IFCINDEXEDPOLYGONALFACE((597,237,596));
#519=IFCINDEXEDPOLYGONALFACE((240,234,609));
#520=IFCINDEXEDPOLYGONALFACE((596,237,238));
#521=IFCINDEXEDPOLYGONALFACE((240,609,239));
#522=IFCINDEXEDPOLYGONALFACE((238,237,591));
#523=IFCINDEXEDPOLYGONALFACE((240,239,242));
#524=IFCINDEXEDPOLYGONALFACE((591,237,241));
#525=IFCINDEXEDPOLYGONALFACE((240,242,243));
#526=IFCINDEXEDPOLYGONALFACE((591,241,588));
#527=IFCINDEXEDPOLYGONALFACE((237,244,241));
#528=IFCINDEXEDPOLYGONALFACE((240,243,245));
#529=IFCINDEXEDPOLYGONALFACE((581,588,241));
#530=IFCINDEXEDPOLYGONALFACE((241,244,246));
#531=IFCINDEXEDPOLYGONALFACE((240,245,611));
#532=IFCINDEXEDPOLYGONALFACE((582,581,241));
#533=IFCINDEXEDPOLYGONALFACE((241,246,573));
#534=IFCINDEXEDPOLYGONALFACE((252,240,611));
#535=IFCINDEXEDPOLYGONALFACE((579,582,241));
#536=IFCINDEXEDPOLYGONALFACE((241,573,250));
#537=IFCINDEXEDPOLYGONALFACE((252,611,610));
#538=IFCINDEXEDPOLYGONALFACE((248,579,241));
#539=IFCINDEXEDPOLYGONALFACE((573,249,250));
#540=IFCINDEXEDPOLYGONALFACE((252,610,251));
#541=IFCINDEXEDPOLYGONALFACE((248,247,579));
#542=IFCINDEXEDPOLYGONALFACE((250,249,576));
#543=IFCINDEXEDPOLYGONALFACE((257,252,251));
#544=IFCINDEXEDPOLYGONALFACE((248,577,247));
#545=IFCINDEXEDPOLYGONALFACE((250,576,291));
#546=IFCINDEXEDPOLYGONALFACE((257,251,604));
#547=IFCINDEXEDPOLYGONALFACE((257,561,252));
#548=IFCINDEXEDPOLYGONALFACE((248,253,577));
#549=IFCINDEXEDPOLYGONALFACE((576,512,291));
#550=IFCINDEXEDPOLYGONALFACE((257,604,602));
#551=IFCINDEXEDPOLYGONALFACE((257,563,561));
#552=IFCINDEXEDPOLYGONALFACE((248,254,253));
#553=IFCINDEXEDPOLYGONALFACE((257,602,600));
#554=IFCINDEXEDPOLYGONALFACE((257,564,563));
#555=IFCINDEXEDPOLYGONALFACE((248,583,254));
#556=IFCINDEXEDPOLYGONALFACE((257,600,593));
#557=IFCINDEXEDPOLYGONALFACE((257,256,564));
#558=IFCINDEXEDPOLYGONALFACE((248,587,583));
#559=IFCINDEXEDPOLYGONALFACE((257,593,255));
#560=IFCINDEXEDPOLYGONALFACE((257,570,256));
#561=IFCINDEXEDPOLYGONALFACE((248,258,587));
#562=IFCINDEXEDPOLYGONALFACE((257,255,258));
#563=IFCINDEXEDPOLYGONALFACE((257,260,570));
#564=IFCINDEXEDPOLYGONALFACE((257,258,248));
#565=IFCINDEXEDPOLYGONALFACE((257,259,260));
#566=IFCINDEXEDPOLYGONALFACE((257,558,259));
#567=IFCINDEXEDPOLYGONALFACE((257,556,558));
#568=IFCINDEXEDPOLYGONALFACE((263,556,257));
#569=IFCINDEXEDPOLYGONALFACE((263,555,556));
#570=IFCINDEXEDPOLYGONALFACE((263,261,555));
#571=IFCINDEXEDPOLYGONALFACE((263,552,261));
#572=IFCINDEXEDPOLYGONALFACE((263,553,552));
#573=IFCINDEXEDPOLYGONALFACE((263,551,553));
#574=IFCINDEXEDPOLYGONALFACE((263,262,551));
#575=IFCINDEXEDPOLYGONALFACE((263,265,262));
#576=IFCINDEXEDPOLYGONALFACE((263,264,265));
#577=IFCINDEXEDPOLYGONALFACE((262,265,268));
#578=IFCINDEXEDPOLYGONALFACE((263,630,264));
#579=IFCINDEXEDPOLYGONALFACE((268,265,639));
#580=IFCINDEXEDPOLYGONALFACE((263,266,630));
#581=IFCINDEXEDPOLYGONALFACE((268,639,267));
#582=IFCINDEXEDPOLYGONALFACE((263,625,266));
#583=IFCINDEXEDPOLYGONALFACE((268,267,271));
#584=IFCINDEXEDPOLYGONALFACE((263,623,625));
#585=IFCINDEXEDPOLYGONALFACE((268,271,269));
#586=IFCINDEXEDPOLYGONALFACE((263,275,623));
#587=IFCINDEXEDPOLYGONALFACE((269,271,270));
#588=IFCINDEXEDPOLYGONALFACE((275,622,623));
#589=IFCINDEXEDPOLYGONALFACE((269,270,644));
#590=IFCINDEXEDPOLYGONALFACE((275,272,622));
#591=IFCINDEXEDPOLYGONALFACE((269,644,273));
#592=IFCINDEXEDPOLYGONALFACE((275,615,272));
#593=IFCINDEXEDPOLYGONALFACE((269,273,274));
#594=IFCINDEXEDPOLYGONALFACE((275,617,615));
#595=IFCINDEXEDPOLYGONALFACE((274,273,649));
#596=IFCINDEXEDPOLYGONALFACE((275,618,617));
#597=IFCINDEXEDPOLYGONALFACE((274,649,645));
#598=IFCINDEXEDPOLYGONALFACE((275,276,618));
#599=IFCINDEXEDPOLYGONALFACE((274,645,646));
#600=IFCINDEXEDPOLYGONALFACE((275,277,276));
#601=IFCINDEXEDPOLYGONALFACE((274,646,643));
#602=IFCINDEXEDPOLYGONALFACE((275,624,277));
#603=IFCINDEXEDPOLYGONALFACE((274,643,640));
#604=IFCINDEXEDPOLYGONALFACE((275,278,624));
#605=IFCINDEXEDPOLYGONALFACE((274,640,637));
#606=IFCINDEXEDPOLYGONALFACE((275,280,278));
#607=IFCINDEXEDPOLYGONALFACE((274,637,283));
#608=IFCINDEXEDPOLYGONALFACE((275,279,280));
#609=IFCINDEXEDPOLYGONALFACE((278,280,281));
#610=IFCINDEXEDPOLYGONALFACE((274,283,280));
#611=IFCINDEXEDPOLYGONALFACE((275,391,279));
#612=IFCINDEXEDPOLYGONALFACE((282,281,280));
#613=IFCINDEXEDPOLYGONALFACE((283,635,280));
#614=IFCINDEXEDPOLYGONALFACE((391,284,279));
#615=IFCINDEXEDPOLYGONALFACE((632,282,280));
#616=IFCINDEXEDPOLYGONALFACE((635,632,280));
#617=IFCINDEXEDPOLYGONALFACE((391,546,284));
#618=IFCINDEXEDPOLYGONALFACE((391,393,546));
#619=IFCINDEXEDPOLYGONALFACE((546,393,544));
#620=IFCINDEXEDPOLYGONALFACE((393,285,544));
#621=IFCINDEXEDPOLYGONALFACE((393,394,285));
#622=IFCINDEXEDPOLYGONALFACE((285,394,506));
#623=IFCINDEXEDPOLYGONALFACE((657,286,797));
#624=IFCINDEXEDPOLYGONALFACE((658,286,657));
#625=IFCINDEXEDPOLYGONALFACE((797,286,655));
#626=IFCINDEXEDPOLYGONALFACE((793,286,658));
#627=IFCINDEXEDPOLYGONALFACE((655,286,804));
#628=IFCINDEXEDPOLYGONALFACE((241,286,793));
#629=IFCINDEXEDPOLYGONALFACE((804,286,653));
#630=IFCINDEXEDPOLYGONALFACE((241,793,659));
#631=IFCINDEXEDPOLYGONALFACE((241,288,286));
#632=IFCINDEXEDPOLYGONALFACE((653,286,652));
#633=IFCINDEXEDPOLYGONALFACE((241,659,660));
#634=IFCINDEXEDPOLYGONALFACE((288,287,286));
#635=IFCINDEXEDPOLYGONALFACE((250,288,241));
#636=IFCINDEXEDPOLYGONALFACE((652,286,651));
#637=IFCINDEXEDPOLYGONALFACE((241,660,802));
#638=IFCINDEXEDPOLYGONALFACE((286,287,289));
#639=IFCINDEXEDPOLYGONALFACE((288,293,287));
#640=IFCINDEXEDPOLYGONALFACE((250,292,288));
#641=IFCINDEXEDPOLYGONALFACE((651,286,816));
#642=IFCINDEXEDPOLYGONALFACE((241,802,661));
#643=IFCINDEXEDPOLYGONALFACE((286,289,295));
#644=IFCINDEXEDPOLYGONALFACE((287,296,289));
#645=IFCINDEXEDPOLYGONALFACE((293,297,287));
#646=IFCINDEXEDPOLYGONALFACE((288,290,293));
#647=IFCINDEXEDPOLYGONALFACE((292,290,288));
#648=IFCINDEXEDPOLYGONALFACE((291,292,250));
#649=IFCINDEXEDPOLYGONALFACE((816,286,821));
#650=IFCINDEXEDPOLYGONALFACE((241,661,807));
#651=IFCINDEXEDPOLYGONALFACE((294,286,295));
#652=IFCINDEXEDPOLYGONALFACE((295,289,76));
#653=IFCINDEXEDPOLYGONALFACE((289,296,74));
#654=IFCINDEXEDPOLYGONALFACE((287,297,296));
#655=IFCINDEXEDPOLYGONALFACE((293,298,297));
#656=IFCINDEXEDPOLYGONALFACE((290,526,293));
#657=IFCINDEXEDPOLYGONALFACE((294,821,286));
#658=IFCINDEXEDPOLYGONALFACE((241,807,664));
#659=IFCINDEXEDPOLYGONALFACE((822,294,295));
#660=IFCINDEXEDPOLYGONALFACE((76,289,74));
#661=IFCINDEXEDPOLYGONALFACE((299,295,76));
#662=IFCINDEXEDPOLYGONALFACE((74,296,75));
#663=IFCINDEXEDPOLYGONALFACE((297,303,296));
#664=IFCINDEXEDPOLYGONALFACE((298,304,297));
#665=IFCINDEXEDPOLYGONALFACE((293,526,298));
#666=IFCINDEXEDPOLYGONALFACE((241,664,810));
#667=IFCINDEXEDPOLYGONALFACE((299,822,295));
#668=IFCINDEXEDPOLYGONALFACE((654,299,76));
#669=IFCINDEXEDPOLYGONALFACE((296,300,75));
#670=IFCINDEXEDPOLYGONALFACE((296,303,300));
#671=IFCINDEXEDPOLYGONALFACE((297,304,303));
#672=IFCINDEXEDPOLYGONALFACE((526,304,298));
#673=IFCINDEXEDPOLYGONALFACE((248,241,810));
#674=IFCINDEXEDPOLYGONALFACE((829,654,76));
#675=IFCINDEXEDPOLYGONALFACE((75,300,77));
#676=IFCINDEXEDPOLYGONALFACE((303,302,300));
#677=IFCINDEXEDPOLYGONALFACE((304,542,303));
#678=IFCINDEXEDPOLYGONALFACE((526,301,304));
#679=IFCINDEXEDPOLYGONALFACE((248,810,814));
#680=IFCINDEXEDPOLYGONALFACE((828,829,76));
#681=IFCINDEXEDPOLYGONALFACE((300,302,77));
#682=IFCINDEXEDPOLYGONALFACE((303,306,302));
#683=IFCINDEXEDPOLYGONALFACE((301,542,304));
#684=IFCINDEXEDPOLYGONALFACE((303,542,305));
#685=IFCINDEXEDPOLYGONALFACE((248,814,815));
#686=IFCINDEXEDPOLYGONALFACE((827,828,76));
#687=IFCINDEXEDPOLYGONALFACE((306,78,302));
#688=IFCINDEXEDPOLYGONALFACE((303,305,306));
#689=IFCINDEXEDPOLYGONALFACE((542,307,305));
#690=IFCINDEXEDPOLYGONALFACE((248,815,76));
#691=IFCINDEXEDPOLYGONALFACE((824,827,76));
#692=IFCINDEXEDPOLYGONALFACE((306,309,78));
#693=IFCINDEXEDPOLYGONALFACE((305,309,306));
#694=IFCINDEXEDPOLYGONALFACE((305,307,308));
#695=IFCINDEXEDPOLYGONALFACE((815,818,76));
#696=IFCINDEXEDPOLYGONALFACE((248,76,257));
#697=IFCINDEXEDPOLYGONALFACE((663,824,76));
#698=IFCINDEXEDPOLYGONALFACE((305,308,309));
#699=IFCINDEXEDPOLYGONALFACE((818,310,76));
#700=IFCINDEXEDPOLYGONALFACE((665,663,76));
#701=IFCINDEXEDPOLYGONALFACE((308,535,309));
#702=IFCINDEXEDPOLYGONALFACE((310,665,76));
#703=IFCINDEXEDPOLYGONALFACE((535,79,309));
#704=IFCINDEXEDPOLYGONALFACE((535,311,79));
#705=IFCINDEXEDPOLYGONALFACE((311,312,79));
#706=IFCINDEXEDPOLYGONALFACE((311,533,312));
#707=IFCINDEXEDPOLYGONALFACE((533,314,312));
#708=IFCINDEXEDPOLYGONALFACE((533,313,314));
#709=IFCINDEXEDPOLYGONALFACE((313,315,314));
#710=IFCINDEXEDPOLYGONALFACE((313,531,315));
#711=IFCINDEXEDPOLYGONALFACE((315,531,316));
#712=IFCINDEXEDPOLYGONALFACE((316,531,528));
#713=IFCINDEXEDPOLYGONALFACE((82,316,528));
#714=IFCINDEXEDPOLYGONALFACE((82,528,529));
#715=IFCINDEXEDPOLYGONALFACE((82,529,81));
#716=IFCINDEXEDPOLYGONALFACE((81,529,525));
#717=IFCINDEXEDPOLYGONALFACE((81,525,317));
#718=IFCINDEXEDPOLYGONALFACE((317,525,84));
#719=IFCINDEXEDPOLYGONALFACE((84,525,523));
#720=IFCINDEXEDPOLYGONALFACE((84,523,318));
#721=IFCINDEXEDPOLYGONALFACE((318,523,88));
#722=IFCINDEXEDPOLYGONALFACE((88,523,320));
#723=IFCINDEXEDPOLYGONALFACE((88,320,319));
#724=IFCINDEXEDPOLYGONALFACE((319,320,321));
#725=IFCINDEXEDPOLYGONALFACE((321,320,518));
#726=IFCINDEXEDPOLYGONALFACE((319,321,323));
#727=IFCINDEXEDPOLYGONALFACE((321,518,517));
#728=IFCINDEXEDPOLYGONALFACE((319,323,322));
#729=IFCINDEXEDPOLYGONALFACE((323,321,324));
#730=IFCINDEXEDPOLYGONALFACE((324,321,517));
#731=IFCINDEXEDPOLYGONALFACE((322,323,89));
#732=IFCINDEXEDPOLYGONALFACE((89,323,324));
#733=IFCINDEXEDPOLYGONALFACE((324,517,516));
#734=IFCINDEXEDPOLYGONALFACE((89,324,90));
#735=IFCINDEXEDPOLYGONALFACE((324,516,325));
#736=IFCINDEXEDPOLYGONALFACE((90,324,326));
#737=IFCINDEXEDPOLYGONALFACE((324,325,327));
#738=IFCINDEXEDPOLYGONALFACE((326,324,328));
#739=IFCINDEXEDPOLYGONALFACE((327,325,514));
#740=IFCINDEXEDPOLYGONALFACE((328,324,327));
#741=IFCINDEXEDPOLYGONALFACE((326,328,87));
#742=IFCINDEXEDPOLYGONALFACE((329,327,514));
#743=IFCINDEXEDPOLYGONALFACE((328,327,329));
#744=IFCINDEXEDPOLYGONALFACE((87,328,329));
#745=IFCINDEXEDPOLYGONALFACE((329,514,331));
#746=IFCINDEXEDPOLYGONALFACE((87,329,331));
#747=IFCINDEXEDPOLYGONALFACE((331,514,330));
#748=IFCINDEXEDPOLYGONALFACE((87,331,333));
#749=IFCINDEXEDPOLYGONALFACE((330,514,332));
#750=IFCINDEXEDPOLYGONALFACE((333,331,330));
#751=IFCINDEXEDPOLYGONALFACE((330,332,334));
#752=IFCINDEXEDPOLYGONALFACE((333,330,334));
#753=IFCINDEXEDPOLYGONALFACE((334,332,336));
#754=IFCINDEXEDPOLYGONALFACE((333,334,337));
#755=IFCINDEXEDPOLYGONALFACE((336,332,335));
#756=IFCINDEXEDPOLYGONALFACE((337,334,336));
#757=IFCINDEXEDPOLYGONALFACE((336,335,338));
#758=IFCINDEXEDPOLYGONALFACE((337,336,340));
#759=IFCINDEXEDPOLYGONALFACE((338,335,342));
#760=IFCINDEXEDPOLYGONALFACE((340,336,338));
#761=IFCINDEXEDPOLYGONALFACE((342,335,339));
#762=IFCINDEXEDPOLYGONALFACE((340,338,342));
#763=IFCINDEXEDPOLYGONALFACE((342,339,341));
#764=IFCINDEXEDPOLYGONALFACE((340,342,345));
#765=IFCINDEXEDPOLYGONALFACE((341,339,343));
#766=IFCINDEXEDPOLYGONALFACE((345,342,341));
#767=IFCINDEXEDPOLYGONALFACE((343,339,509));
#768=IFCINDEXEDPOLYGONALFACE((345,341,343));
#769=IFCINDEXEDPOLYGONALFACE((343,509,344));
#770=IFCINDEXEDPOLYGONALFACE((345,343,86));
#771=IFCINDEXEDPOLYGONALFACE((344,509,346));
#772=IFCINDEXEDPOLYGONALFACE((86,343,344));
#773=IFCINDEXEDPOLYGONALFACE((346,509,347));
#774=IFCINDEXEDPOLYGONALFACE((86,344,346));
#775=IFCINDEXEDPOLYGONALFACE((346,347,348));
#776=IFCINDEXEDPOLYGONALFACE((86,346,348));
#777=IFCINDEXEDPOLYGONALFACE((348,347,350));
#778=IFCINDEXEDPOLYGONALFACE((349,86,348));
#779=IFCINDEXEDPOLYGONALFACE((350,347,351));
#780=IFCINDEXEDPOLYGONALFACE((349,348,350));
#781=IFCINDEXEDPOLYGONALFACE((350,351,353));
#782=IFCINDEXEDPOLYGONALFACE((349,350,352));
#783=IFCINDEXEDPOLYGONALFACE((353,351,354));
#784=IFCINDEXEDPOLYGONALFACE((352,350,353));
#785=IFCINDEXEDPOLYGONALFACE((504,354,351));
#786=IFCINDEXEDPOLYGONALFACE((352,353,354));
#787=IFCINDEXEDPOLYGONALFACE((504,356,354));
#788=IFCINDEXEDPOLYGONALFACE((352,354,85));
#789=IFCINDEXEDPOLYGONALFACE((504,355,356));
#790=IFCINDEXEDPOLYGONALFACE((356,85,354));
#791=IFCINDEXEDPOLYGONALFACE((505,355,504));
#792=IFCINDEXEDPOLYGONALFACE((355,85,356));
#793=IFCINDEXEDPOLYGONALFACE((505,357,355));
#794=IFCINDEXEDPOLYGONALFACE((355,83,85));
#795=IFCINDEXEDPOLYGONALFACE((505,358,357));
#796=IFCINDEXEDPOLYGONALFACE((357,83,355));
#797=IFCINDEXEDPOLYGONALFACE((502,358,505));
#798=IFCINDEXEDPOLYGONALFACE((358,83,357));
#799=IFCINDEXEDPOLYGONALFACE((502,359,358));
#800=IFCINDEXEDPOLYGONALFACE((358,361,83));
#801=IFCINDEXEDPOLYGONALFACE((502,360,359));
#802=IFCINDEXEDPOLYGONALFACE((359,361,358));
#803=IFCINDEXEDPOLYGONALFACE((362,360,502));
#804=IFCINDEXEDPOLYGONALFACE((360,361,359));
#805=IFCINDEXEDPOLYGONALFACE((362,363,360));
#806=IFCINDEXEDPOLYGONALFACE((360,80,361));
#807=IFCINDEXEDPOLYGONALFACE((362,366,363));
#808=IFCINDEXEDPOLYGONALFACE((363,80,360));
#809=IFCINDEXEDPOLYGONALFACE((367,366,362));
#810=IFCINDEXEDPOLYGONALFACE((366,80,363));
#811=IFCINDEXEDPOLYGONALFACE((367,365,366));
#812=IFCINDEXEDPOLYGONALFACE((366,364,80));
#813=IFCINDEXEDPOLYGONALFACE((367,369,365));
#814=IFCINDEXEDPOLYGONALFACE((365,364,366));
#815=IFCINDEXEDPOLYGONALFACE((368,369,367));
#816=IFCINDEXEDPOLYGONALFACE((369,364,365));
#817=IFCINDEXEDPOLYGONALFACE((368,370,369));
#818=IFCINDEXEDPOLYGONALFACE((369,372,364));
#819=IFCINDEXEDPOLYGONALFACE((371,370,368));
#820=IFCINDEXEDPOLYGONALFACE((370,372,369));
#821=IFCINDEXEDPOLYGONALFACE((495,371,368));
#822=IFCINDEXEDPOLYGONALFACE((371,374,370));
#823=IFCINDEXEDPOLYGONALFACE((374,372,370));
#824=IFCINDEXEDPOLYGONALFACE((373,371,495));
#825=IFCINDEXEDPOLYGONALFACE((376,374,371));
#826=IFCINDEXEDPOLYGONALFACE((374,375,372));
#827=IFCINDEXEDPOLYGONALFACE((493,373,495));
#828=IFCINDEXEDPOLYGONALFACE((376,371,373));
#829=IFCINDEXEDPOLYGONALFACE((376,375,374));
#830=IFCINDEXEDPOLYGONALFACE((493,376,373));
#831=IFCINDEXEDPOLYGONALFACE((376,378,375));
#832=IFCINDEXEDPOLYGONALFACE((379,376,493));
#833=IFCINDEXEDPOLYGONALFACE((378,377,375));
#834=IFCINDEXEDPOLYGONALFACE((381,378,376));
#835=IFCINDEXEDPOLYGONALFACE((383,379,493));
#836=IFCINDEXEDPOLYGONALFACE((380,376,379));
#837=IFCINDEXEDPOLYGONALFACE((382,377,378));
#838=IFCINDEXEDPOLYGONALFACE((380,381,376));
#839=IFCINDEXEDPOLYGONALFACE((381,382,378));
#840=IFCINDEXEDPOLYGONALFACE((384,379,383));
#841=IFCINDEXEDPOLYGONALFACE((384,380,379));
#842=IFCINDEXEDPOLYGONALFACE((385,381,380));
#843=IFCINDEXEDPOLYGONALFACE((389,382,381));
#844=IFCINDEXEDPOLYGONALFACE((486,384,383));
#845=IFCINDEXEDPOLYGONALFACE((388,380,384));
#846=IFCINDEXEDPOLYGONALFACE((385,389,381));
#847=IFCINDEXEDPOLYGONALFACE((388,385,380));
#848=IFCINDEXEDPOLYGONALFACE((389,386,382));
#849=IFCINDEXEDPOLYGONALFACE((388,384,486));
#850=IFCINDEXEDPOLYGONALFACE((392,389,385));
#851=IFCINDEXEDPOLYGONALFACE((387,385,388));
#852=IFCINDEXEDPOLYGONALFACE((390,386,389));
#853=IFCINDEXEDPOLYGONALFACE((489,388,486));
#854=IFCINDEXEDPOLYGONALFACE((387,392,385));
#855=IFCINDEXEDPOLYGONALFACE((392,390,389));
#856=IFCINDEXEDPOLYGONALFACE((387,388,489));
#857=IFCINDEXEDPOLYGONALFACE((390,73,386));
#858=IFCINDEXEDPOLYGONALFACE((391,392,387));
#859=IFCINDEXEDPOLYGONALFACE((275,390,392));
#860=IFCINDEXEDPOLYGONALFACE((498,387,489));
#861=IFCINDEXEDPOLYGONALFACE((275,73,390));
#862=IFCINDEXEDPOLYGONALFACE((391,387,393));
#863=IFCINDEXEDPOLYGONALFACE((391,275,392));
#864=IFCINDEXEDPOLYGONALFACE((393,387,498));
#865=IFCINDEXEDPOLYGONALFACE((263,73,275));
#866=IFCINDEXEDPOLYGONALFACE((393,498,394));
#867=IFCINDEXEDPOLYGONALFACE((397,395,57));
#868=IFCINDEXEDPOLYGONALFACE((397,57,396));
#869=IFCINDEXEDPOLYGONALFACE((397,55,395));
#870=IFCINDEXEDPOLYGONALFACE((397,396,398));
#871=IFCINDEXEDPOLYGONALFACE((397,399,55));
#872=IFCINDEXEDPOLYGONALFACE((397,398,400));
#873=IFCINDEXEDPOLYGONALFACE((397,52,399));
#874=IFCINDEXEDPOLYGONALFACE((397,400,401));
#875=IFCINDEXEDPOLYGONALFACE((397,4,52));
#876=IFCINDEXEDPOLYGONALFACE((401,400,124));
#877=IFCINDEXEDPOLYGONALFACE((124,400,130));
#878=IFCINDEXEDPOLYGONALFACE((130,400,402));
#879=IFCINDEXEDPOLYGONALFACE((402,400,139));
#880=IFCINDEXEDPOLYGONALFACE((139,400,147));
#881=IFCINDEXEDPOLYGONALFACE((147,400,403));
#882=IFCINDEXEDPOLYGONALFACE((403,400,157));
#883=IFCINDEXEDPOLYGONALFACE((400,66,157));
#884=IFCINDEXEDPOLYGONALFACE((56,404,409));
#885=IFCINDEXEDPOLYGONALFACE((409,404,405));
#886=IFCINDEXEDPOLYGONALFACE((404,408,405));
#887=IFCINDEXEDPOLYGONALFACE((409,405,407));
#888=IFCINDEXEDPOLYGONALFACE((405,408,406));
#889=IFCINDEXEDPOLYGONALFACE((409,407,412));
#890=IFCINDEXEDPOLYGONALFACE((405,406,407));
#891=IFCINDEXEDPOLYGONALFACE((408,414,406));
#892=IFCINDEXEDPOLYGONALFACE((409,412,411));
#893=IFCINDEXEDPOLYGONALFACE((407,410,412));
#894=IFCINDEXEDPOLYGONALFACE((407,406,410));
#895=IFCINDEXEDPOLYGONALFACE((408,61,414));
#896=IFCINDEXEDPOLYGONALFACE((406,414,410));
#897=IFCINDEXEDPOLYGONALFACE((411,412,172));
#898=IFCINDEXEDPOLYGONALFACE((173,412,410));
#899=IFCINDEXEDPOLYGONALFACE((414,61,416));
#900=IFCINDEXEDPOLYGONALFACE((410,414,413));
#901=IFCINDEXEDPOLYGONALFACE((172,412,173));
#902=IFCINDEXEDPOLYGONALFACE((173,410,417));
#903=IFCINDEXEDPOLYGONALFACE((61,420,416));
#904=IFCINDEXEDPOLYGONALFACE((414,416,413));
#905=IFCINDEXEDPOLYGONALFACE((410,413,417));
#906=IFCINDEXEDPOLYGONALFACE((173,417,415));
#907=IFCINDEXEDPOLYGONALFACE((61,63,420));
#908=IFCINDEXEDPOLYGONALFACE((416,420,413));
#909=IFCINDEXEDPOLYGONALFACE((417,413,419));
#910=IFCINDEXEDPOLYGONALFACE((415,417,418));
#911=IFCINDEXEDPOLYGONALFACE((420,63,422));
#912=IFCINDEXEDPOLYGONALFACE((413,420,421));
#913=IFCINDEXEDPOLYGONALFACE((417,419,418));
#914=IFCINDEXEDPOLYGONALFACE((413,421,419));
#915=IFCINDEXEDPOLYGONALFACE((415,418,174));
#916=IFCINDEXEDPOLYGONALFACE((63,424,422));
#917=IFCINDEXEDPOLYGONALFACE((420,422,421));
#918=IFCINDEXEDPOLYGONALFACE((418,419,425));
#919=IFCINDEXEDPOLYGONALFACE((421,431,419));
#920=IFCINDEXEDPOLYGONALFACE((174,418,428));
#921=IFCINDEXEDPOLYGONALFACE((63,423,424));
#922=IFCINDEXEDPOLYGONALFACE((422,424,421));
#923=IFCINDEXEDPOLYGONALFACE((418,425,428));
#924=IFCINDEXEDPOLYGONALFACE((425,419,426));
#925=IFCINDEXEDPOLYGONALFACE((421,424,431));
#926=IFCINDEXEDPOLYGONALFACE((419,431,426));
#927=IFCINDEXEDPOLYGONALFACE((174,428,176));
#928=IFCINDEXEDPOLYGONALFACE((424,423,432));
#929=IFCINDEXEDPOLYGONALFACE((428,425,436));
#930=IFCINDEXEDPOLYGONALFACE((425,426,430));
#931=IFCINDEXEDPOLYGONALFACE((424,432,431));
#932=IFCINDEXEDPOLYGONALFACE((431,439,426));
#933=IFCINDEXEDPOLYGONALFACE((176,428,429));
#934=IFCINDEXEDPOLYGONALFACE((432,423,427));
#935=IFCINDEXEDPOLYGONALFACE((428,436,429));
#936=IFCINDEXEDPOLYGONALFACE((425,430,436));
#937=IFCINDEXEDPOLYGONALFACE((430,426,224));
#938=IFCINDEXEDPOLYGONALFACE((431,432,427));
#939=IFCINDEXEDPOLYGONALFACE((426,439,434));
#940=IFCINDEXEDPOLYGONALFACE((431,427,439));
#941=IFCINDEXEDPOLYGONALFACE((176,429,178));
#942=IFCINDEXEDPOLYGONALFACE((423,68,427));
#943=IFCINDEXEDPOLYGONALFACE((429,436,442));
#944=IFCINDEXEDPOLYGONALFACE((436,430,433));
#945=IFCINDEXEDPOLYGONALFACE((426,437,224));
#946=IFCINDEXEDPOLYGONALFACE((430,224,438));
#947=IFCINDEXEDPOLYGONALFACE((439,443,434));
#948=IFCINDEXEDPOLYGONALFACE((426,434,435));
#949=IFCINDEXEDPOLYGONALFACE((427,441,439));
#950=IFCINDEXEDPOLYGONALFACE((178,429,446));
#951=IFCINDEXEDPOLYGONALFACE((427,68,441));
#952=IFCINDEXEDPOLYGONALFACE((429,442,446));
#953=IFCINDEXEDPOLYGONALFACE((436,433,442));
#954=IFCINDEXEDPOLYGONALFACE((433,430,222));
#955=IFCINDEXEDPOLYGONALFACE((426,435,437));
#956=IFCINDEXEDPOLYGONALFACE((430,438,222));
#957=IFCINDEXEDPOLYGONALFACE((439,441,443));
#958=IFCINDEXEDPOLYGONALFACE((434,443,440));
#959=IFCINDEXEDPOLYGONALFACE((434,226,435));
#960=IFCINDEXEDPOLYGONALFACE((178,446,179));
#961=IFCINDEXEDPOLYGONALFACE((441,68,444));
#962=IFCINDEXEDPOLYGONALFACE((446,442,445));
#963=IFCINDEXEDPOLYGONALFACE((442,433,449));
#964=IFCINDEXEDPOLYGONALFACE((433,222,221));
#965=IFCINDEXEDPOLYGONALFACE((441,444,443));
#966=IFCINDEXEDPOLYGONALFACE((443,444,440));
#967=IFCINDEXEDPOLYGONALFACE((434,440,226));
#968=IFCINDEXEDPOLYGONALFACE((179,446,447));
#969=IFCINDEXEDPOLYGONALFACE((68,451,444));
#970=IFCINDEXEDPOLYGONALFACE((446,445,447));
#971=IFCINDEXEDPOLYGONALFACE((442,449,445));
#972=IFCINDEXEDPOLYGONALFACE((449,433,221));
#973=IFCINDEXEDPOLYGONALFACE((444,451,440));
#974=IFCINDEXEDPOLYGONALFACE((179,447,452));
#975=IFCINDEXEDPOLYGONALFACE((447,445,453));
#976=IFCINDEXEDPOLYGONALFACE((445,449,448));
#977=IFCINDEXEDPOLYGONALFACE((449,221,450));
#978=IFCINDEXEDPOLYGONALFACE((451,227,440));
#979=IFCINDEXEDPOLYGONALFACE((452,447,455));
#980=IFCINDEXEDPOLYGONALFACE((447,453,455));
#981=IFCINDEXEDPOLYGONALFACE((445,448,453));
#982=IFCINDEXEDPOLYGONALFACE((448,449,450));
#983=IFCINDEXEDPOLYGONALFACE((452,455,181));
#984=IFCINDEXEDPOLYGONALFACE((455,453,456));
#985=IFCINDEXEDPOLYGONALFACE((453,448,454));
#986=IFCINDEXEDPOLYGONALFACE((448,450,220));
#987=IFCINDEXEDPOLYGONALFACE((181,455,458));
#988=IFCINDEXEDPOLYGONALFACE((455,456,461));
#989=IFCINDEXEDPOLYGONALFACE((453,454,456));
#990=IFCINDEXEDPOLYGONALFACE((454,448,220));
#991=IFCINDEXEDPOLYGONALFACE((181,458,183));
#992=IFCINDEXEDPOLYGONALFACE((455,461,458));
#993=IFCINDEXEDPOLYGONALFACE((456,460,461));
#994=IFCINDEXEDPOLYGONALFACE((456,454,457));
#995=IFCINDEXEDPOLYGONALFACE((454,220,219));
#996=IFCINDEXEDPOLYGONALFACE((183,458,459));
#997=IFCINDEXEDPOLYGONALFACE((459,458,461));
#998=IFCINDEXEDPOLYGONALFACE((456,457,460));
#999=IFCINDEXEDPOLYGONALFACE((461,460,213));
#1000=IFCINDEXEDPOLYGONALFACE((457,454,218));
#1001=IFCINDEXEDPOLYGONALFACE((454,219,218));
#1002=IFCINDEXEDPOLYGONALFACE((459,461,462));
#1003=IFCINDEXEDPOLYGONALFACE((460,457,214));
#1004=IFCINDEXEDPOLYGONALFACE((460,214,213));
#1005=IFCINDEXEDPOLYGONALFACE((461,213,463));
#1006=IFCINDEXEDPOLYGONALFACE((457,218,216));
#1007=IFCINDEXEDPOLYGONALFACE((459,462,186));
#1008=IFCINDEXEDPOLYGONALFACE((462,461,464));
#1009=IFCINDEXEDPOLYGONALFACE((457,216,214));
#1010=IFCINDEXEDPOLYGONALFACE((463,213,211));
#1011=IFCINDEXEDPOLYGONALFACE((464,461,463));
#1012=IFCINDEXEDPOLYGONALFACE((186,462,464));
#1013=IFCINDEXEDPOLYGONALFACE((463,211,210));
#1014=IFCINDEXEDPOLYGONALFACE((464,463,208));
#1015=IFCINDEXEDPOLYGONALFACE((186,464,189));
#1016=IFCINDEXEDPOLYGONALFACE((463,210,208));
#1017=IFCINDEXEDPOLYGONALFACE((192,464,208));
#1018=IFCINDEXEDPOLYGONALFACE((189,464,192));
#1019=IFCINDEXEDPOLYGONALFACE((186,189,188));
#1020=IFCINDEXEDPOLYGONALFACE((192,208,193));
#1021=IFCINDEXEDPOLYGONALFACE((193,208,205));
#1022=IFCINDEXEDPOLYGONALFACE((193,205,194));
#1023=IFCINDEXEDPOLYGONALFACE((194,205,204));
#1024=IFCINDEXEDPOLYGONALFACE((194,204,203));
#1025=IFCINDEXEDPOLYGONALFACE((194,203,195));
#1026=IFCINDEXEDPOLYGONALFACE((195,203,465));
#1027=IFCINDEXEDPOLYGONALFACE((465,203,466));
#1028=IFCINDEXEDPOLYGONALFACE((195,465,467));
#1029=IFCINDEXEDPOLYGONALFACE((466,203,202));
#1030=IFCINDEXEDPOLYGONALFACE((465,466,468));
#1031=IFCINDEXEDPOLYGONALFACE((467,465,468));
#1032=IFCINDEXEDPOLYGONALFACE((466,202,201));
#1033=IFCINDEXEDPOLYGONALFACE((467,468,473));
#1034=IFCINDEXEDPOLYGONALFACE((468,466,475));
#1035=IFCINDEXEDPOLYGONALFACE((467,473,469));
#1036=IFCINDEXEDPOLYGONALFACE((473,468,470));
#1037=IFCINDEXEDPOLYGONALFACE((466,201,200));
#1038=IFCINDEXEDPOLYGONALFACE((470,468,472));
#1039=IFCINDEXEDPOLYGONALFACE((466,200,471));
#1040=IFCINDEXEDPOLYGONALFACE((477,475,466));
#1041=IFCINDEXEDPOLYGONALFACE((468,475,477));
#1042=IFCINDEXEDPOLYGONALFACE((469,473,196));
#1043=IFCINDEXEDPOLYGONALFACE((475,466,471));
#1044=IFCINDEXEDPOLYGONALFACE((477,466,474));
#1045=IFCINDEXEDPOLYGONALFACE((472,468,476));
#1046=IFCINDEXEDPOLYGONALFACE((474,466,475));
#1047=IFCINDEXEDPOLYGONALFACE((198,477,474));
#1048=IFCINDEXEDPOLYGONALFACE((468,477,198));
#1049=IFCINDEXEDPOLYGONALFACE((475,471,199));
#1050=IFCINDEXEDPOLYGONALFACE((477,474,475));
#1051=IFCINDEXEDPOLYGONALFACE((476,468,479));
#1052=IFCINDEXEDPOLYGONALFACE((481,198,477));
#1053=IFCINDEXEDPOLYGONALFACE((468,198,481));
#1054=IFCINDEXEDPOLYGONALFACE((470,472,476));
#1055=IFCINDEXEDPOLYGONALFACE((479,468,478));
#1056=IFCINDEXEDPOLYGONALFACE((476,468,478));
#1057=IFCINDEXEDPOLYGONALFACE((468,481,480));
#1058=IFCINDEXEDPOLYGONALFACE((489,1225,482));
#1059=IFCINDEXEDPOLYGONALFACE((489,482,483));
#1060=IFCINDEXEDPOLYGONALFACE((489,486,1225));
#1061=IFCINDEXEDPOLYGONALFACE((489,483,484));
#1062=IFCINDEXEDPOLYGONALFACE((486,1189,1225));
#1063=IFCINDEXEDPOLYGONALFACE((489,484,485));
#1064=IFCINDEXEDPOLYGONALFACE((486,383,1189));
#1065=IFCINDEXEDPOLYGONALFACE((489,485,487));
#1066=IFCINDEXEDPOLYGONALFACE((383,1190,1189));
#1067=IFCINDEXEDPOLYGONALFACE((489,487,1230));
#1068=IFCINDEXEDPOLYGONALFACE((383,1176,1190));
#1069=IFCINDEXEDPOLYGONALFACE((489,1230,1228));
#1070=IFCINDEXEDPOLYGONALFACE((383,488,1176));
#1071=IFCINDEXEDPOLYGONALFACE((489,1228,1233));
#1072=IFCINDEXEDPOLYGONALFACE((383,1151,488));
#1073=IFCINDEXEDPOLYGONALFACE((489,1233,1238));
#1074=IFCINDEXEDPOLYGONALFACE((383,1131,1151));
#1075=IFCINDEXEDPOLYGONALFACE((489,1238,490));
#1076=IFCINDEXEDPOLYGONALFACE((383,1130,1131));
#1077=IFCINDEXEDPOLYGONALFACE((489,490,491));
#1078=IFCINDEXEDPOLYGONALFACE((383,493,1130));
#1079=IFCINDEXEDPOLYGONALFACE((489,491,492));
#1080=IFCINDEXEDPOLYGONALFACE((493,494,1130));
#1081=IFCINDEXEDPOLYGONALFACE((489,492,496));
#1082=IFCINDEXEDPOLYGONALFACE((493,495,494));
#1083=IFCINDEXEDPOLYGONALFACE((489,496,497));
#1084=IFCINDEXEDPOLYGONALFACE((495,368,494));
#1085=IFCINDEXEDPOLYGONALFACE((498,489,497));
#1086=IFCINDEXEDPOLYGONALFACE((368,1089,494));
#1087=IFCINDEXEDPOLYGONALFACE((498,497,499));
#1088=IFCINDEXEDPOLYGONALFACE((368,367,1089));
#1089=IFCINDEXEDPOLYGONALFACE((498,499,1184));
#1090=IFCINDEXEDPOLYGONALFACE((367,362,1089));
#1091=IFCINDEXEDPOLYGONALFACE((498,1184,500));
#1092=IFCINDEXEDPOLYGONALFACE((362,503,1089));
#1093=IFCINDEXEDPOLYGONALFACE((498,500,501));
#1094=IFCINDEXEDPOLYGONALFACE((362,502,503));
#1095=IFCINDEXEDPOLYGONALFACE((498,501,690));
#1096=IFCINDEXEDPOLYGONALFACE((502,505,503));
#1097=IFCINDEXEDPOLYGONALFACE((690,501,507));
#1098=IFCINDEXEDPOLYGONALFACE((498,690,506));
#1099=IFCINDEXEDPOLYGONALFACE((505,504,503));
#1100=IFCINDEXEDPOLYGONALFACE((690,507,510));
#1101=IFCINDEXEDPOLYGONALFACE((394,498,506));
#1102=IFCINDEXEDPOLYGONALFACE((504,1070,503));
#1103=IFCINDEXEDPOLYGONALFACE((507,1098,510));
#1104=IFCINDEXEDPOLYGONALFACE((504,351,1070));
#1105=IFCINDEXEDPOLYGONALFACE((1098,508,510));
#1106=IFCINDEXEDPOLYGONALFACE((351,347,1070));
#1107=IFCINDEXEDPOLYGONALFACE((508,1085,510));
#1108=IFCINDEXEDPOLYGONALFACE((347,509,1070));
#1109=IFCINDEXEDPOLYGONALFACE((1085,1076,510));
#1110=IFCINDEXEDPOLYGONALFACE((509,339,1070));
#1111=IFCINDEXEDPOLYGONALFACE((1076,511,510));
#1112=IFCINDEXEDPOLYGONALFACE((339,335,1070));
#1113=IFCINDEXEDPOLYGONALFACE((511,292,510));
#1114=IFCINDEXEDPOLYGONALFACE((335,520,1070));
#1115=IFCINDEXEDPOLYGONALFACE((511,1058,292));
#1116=IFCINDEXEDPOLYGONALFACE((510,292,512));
#1117=IFCINDEXEDPOLYGONALFACE((335,332,520));
#1118=IFCINDEXEDPOLYGONALFACE((1058,513,292));
#1119=IFCINDEXEDPOLYGONALFACE((512,292,291));
#1120=IFCINDEXEDPOLYGONALFACE((332,514,520));
#1121=IFCINDEXEDPOLYGONALFACE((513,290,292));
#1122=IFCINDEXEDPOLYGONALFACE((514,325,520));
#1123=IFCINDEXEDPOLYGONALFACE((513,515,290));
#1124=IFCINDEXEDPOLYGONALFACE((515,1046,290));
#1125=IFCINDEXEDPOLYGONALFACE((1046,1040,290));
#1126=IFCINDEXEDPOLYGONALFACE((325,516,520));
#1127=IFCINDEXEDPOLYGONALFACE((1040,1029,290));
#1128=IFCINDEXEDPOLYGONALFACE((516,517,520));
#1129=IFCINDEXEDPOLYGONALFACE((1029,519,290));
#1130=IFCINDEXEDPOLYGONALFACE((520,517,518));
#1131=IFCINDEXEDPOLYGONALFACE((519,526,290));
#1132=IFCINDEXEDPOLYGONALFACE((520,518,524));
#1133=IFCINDEXEDPOLYGONALFACE((519,521,526));
#1134=IFCINDEXEDPOLYGONALFACE((524,518,320));
#1135=IFCINDEXEDPOLYGONALFACE((521,522,526));
#1136=IFCINDEXEDPOLYGONALFACE((524,320,523));
#1137=IFCINDEXEDPOLYGONALFACE((522,974,526));
#1138=IFCINDEXEDPOLYGONALFACE((524,523,525));
#1139=IFCINDEXEDPOLYGONALFACE((974,943,526));
#1140=IFCINDEXEDPOLYGONALFACE((524,525,529));
#1141=IFCINDEXEDPOLYGONALFACE((943,921,526));
#1142=IFCINDEXEDPOLYGONALFACE((524,529,527));
#1143=IFCINDEXEDPOLYGONALFACE((921,905,526));
#1144=IFCINDEXEDPOLYGONALFACE((527,529,528));
#1145=IFCINDEXEDPOLYGONALFACE((905,530,526));
#1146=IFCINDEXEDPOLYGONALFACE((527,528,531));
#1147=IFCINDEXEDPOLYGONALFACE((530,532,526));
#1148=IFCINDEXEDPOLYGONALFACE((527,531,313));
#1149=IFCINDEXEDPOLYGONALFACE((532,872,526));
#1150=IFCINDEXEDPOLYGONALFACE((527,313,979));
#1151=IFCINDEXEDPOLYGONALFACE((872,884,526));
#1152=IFCINDEXEDPOLYGONALFACE((979,313,533));
#1153=IFCINDEXEDPOLYGONALFACE((884,880,526));
#1154=IFCINDEXEDPOLYGONALFACE((979,533,311));
#1155=IFCINDEXEDPOLYGONALFACE((876,526,880));
#1156=IFCINDEXEDPOLYGONALFACE((979,311,536));
#1157=IFCINDEXEDPOLYGONALFACE((534,526,876));
#1158=IFCINDEXEDPOLYGONALFACE((536,311,535));
#1159=IFCINDEXEDPOLYGONALFACE((534,301,526));
#1160=IFCINDEXEDPOLYGONALFACE((536,535,308));
#1161=IFCINDEXEDPOLYGONALFACE((538,301,534));
#1162=IFCINDEXEDPOLYGONALFACE((536,308,541));
#1163=IFCINDEXEDPOLYGONALFACE((537,301,538));
#1164=IFCINDEXEDPOLYGONALFACE((541,308,307));
#1165=IFCINDEXEDPOLYGONALFACE((539,301,537));
#1166=IFCINDEXEDPOLYGONALFACE((541,307,542));
#1167=IFCINDEXEDPOLYGONALFACE((540,301,539));
#1168=IFCINDEXEDPOLYGONALFACE((541,542,949));
#1169=IFCINDEXEDPOLYGONALFACE((949,301,540));
#1170=IFCINDEXEDPOLYGONALFACE((949,542,301));
#1171=IFCINDEXEDPOLYGONALFACE((506,690,285));
#1172=IFCINDEXEDPOLYGONALFACE((285,690,543));
#1173=IFCINDEXEDPOLYGONALFACE((544,285,543));
#1174=IFCINDEXEDPOLYGONALFACE((544,543,697));
#1175=IFCINDEXEDPOLYGONALFACE((544,697,546));
#1176=IFCINDEXEDPOLYGONALFACE((546,697,545));
#1177=IFCINDEXEDPOLYGONALFACE((546,545,694));
#1178=IFCINDEXEDPOLYGONALFACE((546,694,284));
#1179=IFCINDEXEDPOLYGONALFACE((284,694,547));
#1180=IFCINDEXEDPOLYGONALFACE((284,547,279));
#1181=IFCINDEXEDPOLYGONALFACE((279,547,548));
#1182=IFCINDEXEDPOLYGONALFACE((279,548,280));
#1183=IFCINDEXEDPOLYGONALFACE((280,548,549));
#1184=IFCINDEXEDPOLYGONALFACE((280,549,274));
#1185=IFCINDEXEDPOLYGONALFACE((274,549,683));
#1186=IFCINDEXEDPOLYGONALFACE((274,683,686));
#1187=IFCINDEXEDPOLYGONALFACE((269,274,686));
#1188=IFCINDEXEDPOLYGONALFACE((269,686,268));
#1189=IFCINDEXEDPOLYGONALFACE((268,686,688));
#1190=IFCINDEXEDPOLYGONALFACE((268,688,722));
#1191=IFCINDEXEDPOLYGONALFACE((722,688,723));
#1192=IFCINDEXEDPOLYGONALFACE((268,722,262));
#1193=IFCINDEXEDPOLYGONALFACE((262,722,759));
#1194=IFCINDEXEDPOLYGONALFACE((759,550,262));
#1195=IFCINDEXEDPOLYGONALFACE((262,550,551));
#1196=IFCINDEXEDPOLYGONALFACE((550,763,551));
#1197=IFCINDEXEDPOLYGONALFACE((763,553,551));
#1198=IFCINDEXEDPOLYGONALFACE((763,1271,553));
#1199=IFCINDEXEDPOLYGONALFACE((1271,552,553));
#1200=IFCINDEXEDPOLYGONALFACE((1271,765,552));
#1201=IFCINDEXEDPOLYGONALFACE((765,261,552));
#1202=IFCINDEXEDPOLYGONALFACE((765,554,261));
#1203=IFCINDEXEDPOLYGONALFACE((261,554,555));
#1204=IFCINDEXEDPOLYGONALFACE((554,766,555));
#1205=IFCINDEXEDPOLYGONALFACE((555,766,556));
#1206=IFCINDEXEDPOLYGONALFACE((766,557,556));
#1207=IFCINDEXEDPOLYGONALFACE((556,557,559));
#1208=IFCINDEXEDPOLYGONALFACE((557,742,559));
#1209=IFCINDEXEDPOLYGONALFACE((742,1276,559));
#1210=IFCINDEXEDPOLYGONALFACE((556,559,558));
#1211=IFCINDEXEDPOLYGONALFACE((558,559,259));
#1212=IFCINDEXEDPOLYGONALFACE((725,724,560));
#1213=IFCINDEXEDPOLYGONALFACE((252,725,560));
#1214=IFCINDEXEDPOLYGONALFACE((252,560,670));
#1215=IFCINDEXEDPOLYGONALFACE((561,725,252));
#1216=IFCINDEXEDPOLYGONALFACE((252,670,240));
#1217=IFCINDEXEDPOLYGONALFACE((561,562,725));
#1218=IFCINDEXEDPOLYGONALFACE((240,670,671));
#1219=IFCINDEXEDPOLYGONALFACE((563,562,561));
#1220=IFCINDEXEDPOLYGONALFACE((236,240,671));
#1221=IFCINDEXEDPOLYGONALFACE((563,727,562));
#1222=IFCINDEXEDPOLYGONALFACE((236,671,565));
#1223=IFCINDEXEDPOLYGONALFACE((566,727,563));
#1224=IFCINDEXEDPOLYGONALFACE((236,565,237));
#1225=IFCINDEXEDPOLYGONALFACE((566,563,564));
#1226=IFCINDEXEDPOLYGONALFACE((237,565,567));
#1227=IFCINDEXEDPOLYGONALFACE((256,566,564));
#1228=IFCINDEXEDPOLYGONALFACE((237,567,244));
#1229=IFCINDEXEDPOLYGONALFACE((256,737,566));
#1230=IFCINDEXEDPOLYGONALFACE((244,567,568));
#1231=IFCINDEXEDPOLYGONALFACE((570,737,256));
#1232=IFCINDEXEDPOLYGONALFACE((244,568,246));
#1233=IFCINDEXEDPOLYGONALFACE((570,569,737));
#1234=IFCINDEXEDPOLYGONALFACE((246,568,572));
#1235=IFCINDEXEDPOLYGONALFACE((571,569,570));
#1236=IFCINDEXEDPOLYGONALFACE((246,572,573));
#1237=IFCINDEXEDPOLYGONALFACE((260,571,570));
#1238=IFCINDEXEDPOLYGONALFACE((573,572,680));
#1239=IFCINDEXEDPOLYGONALFACE((1276,571,260));
#1240=IFCINDEXEDPOLYGONALFACE((573,680,574));
#1241=IFCINDEXEDPOLYGONALFACE((259,1276,260));
#1242=IFCINDEXEDPOLYGONALFACE((573,574,249));
#1243=IFCINDEXEDPOLYGONALFACE((559,1276,259));
#1244=IFCINDEXEDPOLYGONALFACE((249,574,575));
#1245=IFCINDEXEDPOLYGONALFACE((249,575,576));
#1246=IFCINDEXEDPOLYGONALFACE((576,575,510));
#1247=IFCINDEXEDPOLYGONALFACE((576,510,512));
#1248=IFCINDEXEDPOLYGONALFACE((577,777,247));
#1249=IFCINDEXEDPOLYGONALFACE((577,776,777));
#1250=IFCINDEXEDPOLYGONALFACE((247,777,778));
#1251=IFCINDEXEDPOLYGONALFACE((253,776,577));
#1252=IFCINDEXEDPOLYGONALFACE((247,778,579));
#1253=IFCINDEXEDPOLYGONALFACE((253,775,776));
#1254=IFCINDEXEDPOLYGONALFACE((578,579,778));
#1255=IFCINDEXEDPOLYGONALFACE((254,775,253));
#1256=IFCINDEXEDPOLYGONALFACE((582,579,578));
#1257=IFCINDEXEDPOLYGONALFACE((254,580,775));
#1258=IFCINDEXEDPOLYGONALFACE((585,582,578));
#1259=IFCINDEXEDPOLYGONALFACE((583,580,254));
#1260=IFCINDEXEDPOLYGONALFACE((581,582,585));
#1261=IFCINDEXEDPOLYGONALFACE((583,584,580));
#1262=IFCINDEXEDPOLYGONALFACE((588,581,585));
#1263=IFCINDEXEDPOLYGONALFACE((587,584,583));
#1264=IFCINDEXEDPOLYGONALFACE((588,585,586));
#1265=IFCINDEXEDPOLYGONALFACE((587,589,584));
#1266=IFCINDEXEDPOLYGONALFACE((770,588,586));
#1267=IFCINDEXEDPOLYGONALFACE((258,589,587));
#1268=IFCINDEXEDPOLYGONALFACE((591,588,770));
#1269=IFCINDEXEDPOLYGONALFACE((258,590,589));
#1270=IFCINDEXEDPOLYGONALFACE((592,591,770));
#1271=IFCINDEXEDPOLYGONALFACE((255,590,258));
#1272=IFCINDEXEDPOLYGONALFACE((238,591,592));
#1273=IFCINDEXEDPOLYGONALFACE((255,774,590));
#1274=IFCINDEXEDPOLYGONALFACE((594,238,592));
#1275=IFCINDEXEDPOLYGONALFACE((593,774,255));
#1276=IFCINDEXEDPOLYGONALFACE((596,238,594));
#1277=IFCINDEXEDPOLYGONALFACE((595,774,593));
#1278=IFCINDEXEDPOLYGONALFACE((599,596,594));
#1279=IFCINDEXEDPOLYGONALFACE((600,595,593));
#1280=IFCINDEXEDPOLYGONALFACE((597,596,599));
#1281=IFCINDEXEDPOLYGONALFACE((598,595,600));
#1282=IFCINDEXEDPOLYGONALFACE((601,597,599));
#1283=IFCINDEXEDPOLYGONALFACE((773,598,600));
#1284=IFCINDEXEDPOLYGONALFACE((235,597,601));
#1285=IFCINDEXEDPOLYGONALFACE((773,600,602));
#1286=IFCINDEXEDPOLYGONALFACE((235,601,767));
#1287=IFCINDEXEDPOLYGONALFACE((604,773,602));
#1288=IFCINDEXEDPOLYGONALFACE((235,767,233));
#1289=IFCINDEXEDPOLYGONALFACE((603,773,604));
#1290=IFCINDEXEDPOLYGONALFACE((233,767,605));
#1291=IFCINDEXEDPOLYGONALFACE((772,603,604));
#1292=IFCINDEXEDPOLYGONALFACE((233,605,606));
#1293=IFCINDEXEDPOLYGONALFACE((772,604,251));
#1294=IFCINDEXEDPOLYGONALFACE((606,605,607));
#1295=IFCINDEXEDPOLYGONALFACE((608,772,251));
#1296=IFCINDEXEDPOLYGONALFACE((606,607,234));
#1297=IFCINDEXEDPOLYGONALFACE((608,251,610));
#1298=IFCINDEXEDPOLYGONALFACE((234,607,612));
#1299=IFCINDEXEDPOLYGONALFACE((771,608,610));
#1300=IFCINDEXEDPOLYGONALFACE((234,612,609));
#1301=IFCINDEXEDPOLYGONALFACE((771,610,611));
#1302=IFCINDEXEDPOLYGONALFACE((609,612,768));
#1303=IFCINDEXEDPOLYGONALFACE((245,771,611));
#1304=IFCINDEXEDPOLYGONALFACE((609,768,239));
#1305=IFCINDEXEDPOLYGONALFACE((613,771,245));
#1306=IFCINDEXEDPOLYGONALFACE((239,768,614));
#1307=IFCINDEXEDPOLYGONALFACE((243,613,245));
#1308=IFCINDEXEDPOLYGONALFACE((239,614,242));
#1309=IFCINDEXEDPOLYGONALFACE((243,769,613));
#1310=IFCINDEXEDPOLYGONALFACE((242,614,243));
#1311=IFCINDEXEDPOLYGONALFACE((243,614,769));
#1312=IFCINDEXEDPOLYGONALFACE((617,616,783));
#1313=IFCINDEXEDPOLYGONALFACE((617,783,615));
#1314=IFCINDEXEDPOLYGONALFACE((618,616,617));
#1315=IFCINDEXEDPOLYGONALFACE((615,783,619));
#1316=IFCINDEXEDPOLYGONALFACE((276,616,618));
#1317=IFCINDEXEDPOLYGONALFACE((615,619,272));
#1318=IFCINDEXEDPOLYGONALFACE((276,620,616));
#1319=IFCINDEXEDPOLYGONALFACE((272,619,785));
#1320=IFCINDEXEDPOLYGONALFACE((277,620,276));
#1321=IFCINDEXEDPOLYGONALFACE((272,785,622));
#1322=IFCINDEXEDPOLYGONALFACE((277,782,620));
#1323=IFCINDEXEDPOLYGONALFACE((622,785,621));
#1324=IFCINDEXEDPOLYGONALFACE((277,624,782));
#1325=IFCINDEXEDPOLYGONALFACE((622,621,623));
#1326=IFCINDEXEDPOLYGONALFACE((782,624,781));
#1327=IFCINDEXEDPOLYGONALFACE((623,621,786));
#1328=IFCINDEXEDPOLYGONALFACE((624,278,781));
#1329=IFCINDEXEDPOLYGONALFACE((623,786,626));
#1330=IFCINDEXEDPOLYGONALFACE((781,278,627));
#1331=IFCINDEXEDPOLYGONALFACE((623,626,625));
#1332=IFCINDEXEDPOLYGONALFACE((278,281,627));
#1333=IFCINDEXEDPOLYGONALFACE((626,787,625));
#1334=IFCINDEXEDPOLYGONALFACE((627,281,628));
#1335=IFCINDEXEDPOLYGONALFACE((625,787,266));
#1336=IFCINDEXEDPOLYGONALFACE((281,282,628));
#1337=IFCINDEXEDPOLYGONALFACE((787,629,266));
#1338=IFCINDEXEDPOLYGONALFACE((628,282,780));
#1339=IFCINDEXEDPOLYGONALFACE((266,629,630));
#1340=IFCINDEXEDPOLYGONALFACE((282,632,780));
#1341=IFCINDEXEDPOLYGONALFACE((629,631,630));
#1342=IFCINDEXEDPOLYGONALFACE((780,632,779));
#1343=IFCINDEXEDPOLYGONALFACE((630,631,264));
#1344=IFCINDEXEDPOLYGONALFACE((632,635,779));
#1345=IFCINDEXEDPOLYGONALFACE((631,633,264));
#1346=IFCINDEXEDPOLYGONALFACE((779,635,634));
#1347=IFCINDEXEDPOLYGONALFACE((264,633,265));
#1348=IFCINDEXEDPOLYGONALFACE((635,283,634));
#1349=IFCINDEXEDPOLYGONALFACE((633,636,265));
#1350=IFCINDEXEDPOLYGONALFACE((634,283,638));
#1351=IFCINDEXEDPOLYGONALFACE((265,636,639));
#1352=IFCINDEXEDPOLYGONALFACE((283,637,638));
#1353=IFCINDEXEDPOLYGONALFACE((636,788,639));
#1354=IFCINDEXEDPOLYGONALFACE((638,637,784));
#1355=IFCINDEXEDPOLYGONALFACE((639,788,267));
#1356=IFCINDEXEDPOLYGONALFACE((640,784,637));
#1357=IFCINDEXEDPOLYGONALFACE((788,641,267));
#1358=IFCINDEXEDPOLYGONALFACE((640,642,784));
#1359=IFCINDEXEDPOLYGONALFACE((267,641,271));
#1360=IFCINDEXEDPOLYGONALFACE((640,791,642));
#1361=IFCINDEXEDPOLYGONALFACE((641,789,271));
#1362=IFCINDEXEDPOLYGONALFACE((643,791,640));
#1363=IFCINDEXEDPOLYGONALFACE((271,789,270));
#1364=IFCINDEXEDPOLYGONALFACE((646,791,643));
#1365=IFCINDEXEDPOLYGONALFACE((270,789,647));
#1366=IFCINDEXEDPOLYGONALFACE((646,792,791));
#1367=IFCINDEXEDPOLYGONALFACE((270,647,644));
#1368=IFCINDEXEDPOLYGONALFACE((645,792,646));
#1369=IFCINDEXEDPOLYGONALFACE((644,647,648));
#1370=IFCINDEXEDPOLYGONALFACE((645,650,792));
#1371=IFCINDEXEDPOLYGONALFACE((644,648,273));
#1372=IFCINDEXEDPOLYGONALFACE((649,650,645));
#1373=IFCINDEXEDPOLYGONALFACE((273,648,790));
#1374=IFCINDEXEDPOLYGONALFACE((649,790,650));
#1375=IFCINDEXEDPOLYGONALFACE((273,790,649));
#1376=IFCINDEXEDPOLYGONALFACE((829,830,654));
#1377=IFCINDEXEDPOLYGONALFACE((828,656,829));
#1378=IFCINDEXEDPOLYGONALFACE((657,797,794));
#1379=IFCINDEXEDPOLYGONALFACE((657,794,658));
#1380=IFCINDEXEDPOLYGONALFACE((827,824,826));
#1381=IFCINDEXEDPOLYGONALFACE((663,662,824));
#1382=IFCINDEXEDPOLYGONALFACE((665,666,663));
#1383=IFCINDEXEDPOLYGONALFACE((310,667,665));
#1384=IFCINDEXEDPOLYGONALFACE((724,668,560));
#1385=IFCINDEXEDPOLYGONALFACE((668,721,560));
#1386=IFCINDEXEDPOLYGONALFACE((721,717,560));
#1387=IFCINDEXEDPOLYGONALFACE((560,717,670));
#1388=IFCINDEXEDPOLYGONALFACE((717,669,670));
#1389=IFCINDEXEDPOLYGONALFACE((669,714,670));
#1390=IFCINDEXEDPOLYGONALFACE((670,714,671));
#1391=IFCINDEXEDPOLYGONALFACE((714,711,671));
#1392=IFCINDEXEDPOLYGONALFACE((711,672,671));
#1393=IFCINDEXEDPOLYGONALFACE((672,674,671));
#1394=IFCINDEXEDPOLYGONALFACE((672,673,674));
#1395=IFCINDEXEDPOLYGONALFACE((671,674,565));
#1396=IFCINDEXEDPOLYGONALFACE((672,708,673));
#1397=IFCINDEXEDPOLYGONALFACE((565,674,675));
#1398=IFCINDEXEDPOLYGONALFACE((708,676,673));
#1399=IFCINDEXEDPOLYGONALFACE((565,675,567));
#1400=IFCINDEXEDPOLYGONALFACE((676,848,673));
#1401=IFCINDEXEDPOLYGONALFACE((567,675,856));
#1402=IFCINDEXEDPOLYGONALFACE((676,702,848));
#1403=IFCINDEXEDPOLYGONALFACE((567,856,568));
#1404=IFCINDEXEDPOLYGONALFACE((702,843,848));
#1405=IFCINDEXEDPOLYGONALFACE((856,678,568));
#1406=IFCINDEXEDPOLYGONALFACE((702,677,843));
#1407=IFCINDEXEDPOLYGONALFACE((568,678,858));
#1408=IFCINDEXEDPOLYGONALFACE((700,843,677));
#1409=IFCINDEXEDPOLYGONALFACE((568,858,572));
#1410=IFCINDEXEDPOLYGONALFACE((700,841,843));
#1411=IFCINDEXEDPOLYGONALFACE((858,864,572));
#1412=IFCINDEXEDPOLYGONALFACE((679,841,700));
#1413=IFCINDEXEDPOLYGONALFACE((864,863,572));
#1414=IFCINDEXEDPOLYGONALFACE((679,681,841));
#1415=IFCINDEXEDPOLYGONALFACE((572,863,680));
#1416=IFCINDEXEDPOLYGONALFACE((707,681,679));
#1417=IFCINDEXEDPOLYGONALFACE((863,682,680));
#1418=IFCINDEXEDPOLYGONALFACE((707,838,681));
#1419=IFCINDEXEDPOLYGONALFACE((680,682,574));
#1420=IFCINDEXEDPOLYGONALFACE((709,838,707));
#1421=IFCINDEXEDPOLYGONALFACE((682,859,574));
#1422=IFCINDEXEDPOLYGONALFACE((709,683,838));
#1423=IFCINDEXEDPOLYGONALFACE((859,684,574));
#1424=IFCINDEXEDPOLYGONALFACE((710,683,709));
#1425=IFCINDEXEDPOLYGONALFACE((683,549,838));
#1426=IFCINDEXEDPOLYGONALFACE((574,684,853));
#1427=IFCINDEXEDPOLYGONALFACE((712,683,710));
#1428=IFCINDEXEDPOLYGONALFACE((549,687,838));
#1429=IFCINDEXEDPOLYGONALFACE((574,853,854));
#1430=IFCINDEXEDPOLYGONALFACE((686,683,712));
#1431=IFCINDEXEDPOLYGONALFACE((549,548,687));
#1432=IFCINDEXEDPOLYGONALFACE((574,854,690));
#1433=IFCINDEXEDPOLYGONALFACE((685,686,712));
#1434=IFCINDEXEDPOLYGONALFACE((548,689,687));
#1435=IFCINDEXEDPOLYGONALFACE((854,852,690));
#1436=IFCINDEXEDPOLYGONALFACE((574,690,575));
#1437=IFCINDEXEDPOLYGONALFACE((688,686,685));
#1438=IFCINDEXEDPOLYGONALFACE((548,547,689));
#1439=IFCINDEXEDPOLYGONALFACE((852,847,690));
#1440=IFCINDEXEDPOLYGONALFACE((575,690,510));
#1441=IFCINDEXEDPOLYGONALFACE((691,688,685));
#1442=IFCINDEXEDPOLYGONALFACE((689,547,692));
#1443=IFCINDEXEDPOLYGONALFACE((845,690,847));
#1444=IFCINDEXEDPOLYGONALFACE((723,688,691));
#1445=IFCINDEXEDPOLYGONALFACE((547,693,692));
#1446=IFCINDEXEDPOLYGONALFACE((842,690,845));
#1447=IFCINDEXEDPOLYGONALFACE((547,694,693));
#1448=IFCINDEXEDPOLYGONALFACE((840,690,842));
#1449=IFCINDEXEDPOLYGONALFACE((693,694,831));
#1450=IFCINDEXEDPOLYGONALFACE((695,690,840));
#1451=IFCINDEXEDPOLYGONALFACE((831,694,696));
#1452=IFCINDEXEDPOLYGONALFACE((839,690,695));
#1453=IFCINDEXEDPOLYGONALFACE((694,545,696));
#1454=IFCINDEXEDPOLYGONALFACE((839,543,690));
#1455=IFCINDEXEDPOLYGONALFACE((696,545,698));
#1456=IFCINDEXEDPOLYGONALFACE((839,697,543));
#1457=IFCINDEXEDPOLYGONALFACE((545,697,698));
#1458=IFCINDEXEDPOLYGONALFACE((698,697,839));
#1459=IFCINDEXEDPOLYGONALFACE((1185,1170,1169));
#1460=IFCINDEXEDPOLYGONALFACE((1055,1031,1056));
#1461=IFCINDEXEDPOLYGONALFACE((746,677,699));
#1462=IFCINDEXEDPOLYGONALFACE((701,677,746));
#1463=IFCINDEXEDPOLYGONALFACE((677,702,699));
#1464=IFCINDEXEDPOLYGONALFACE((700,677,701));
#1465=IFCINDEXEDPOLYGONALFACE((699,702,703));
#1466=IFCINDEXEDPOLYGONALFACE((705,700,701));
#1467=IFCINDEXEDPOLYGONALFACE((702,676,703));
#1468=IFCINDEXEDPOLYGONALFACE((679,700,705));
#1469=IFCINDEXEDPOLYGONALFACE((703,676,706));
#1470=IFCINDEXEDPOLYGONALFACE((704,679,705));
#1471=IFCINDEXEDPOLYGONALFACE((676,708,706));
#1472=IFCINDEXEDPOLYGONALFACE((707,679,704));
#1473=IFCINDEXEDPOLYGONALFACE((706,708,743));
#1474=IFCINDEXEDPOLYGONALFACE((750,707,704));
#1475=IFCINDEXEDPOLYGONALFACE((708,672,743));
#1476=IFCINDEXEDPOLYGONALFACE((709,707,750));
#1477=IFCINDEXEDPOLYGONALFACE((743,672,741));
#1478=IFCINDEXEDPOLYGONALFACE((752,709,750));
#1479=IFCINDEXEDPOLYGONALFACE((672,711,741));
#1480=IFCINDEXEDPOLYGONALFACE((752,710,709));
#1481=IFCINDEXEDPOLYGONALFACE((741,711,735));
#1482=IFCINDEXEDPOLYGONALFACE((754,710,752));
#1483=IFCINDEXEDPOLYGONALFACE((735,711,714));
#1484=IFCINDEXEDPOLYGONALFACE((754,712,710));
#1485=IFCINDEXEDPOLYGONALFACE((735,714,715));
#1486=IFCINDEXEDPOLYGONALFACE((713,712,754));
#1487=IFCINDEXEDPOLYGONALFACE((715,714,669));
#1488=IFCINDEXEDPOLYGONALFACE((713,685,712));
#1489=IFCINDEXEDPOLYGONALFACE((715,669,730));
#1490=IFCINDEXEDPOLYGONALFACE((716,685,713));
#1491=IFCINDEXEDPOLYGONALFACE((730,669,717));
#1492=IFCINDEXEDPOLYGONALFACE((719,685,716));
#1493=IFCINDEXEDPOLYGONALFACE((730,717,718));
#1494=IFCINDEXEDPOLYGONALFACE((719,691,685));
#1495=IFCINDEXEDPOLYGONALFACE((718,717,721));
#1496=IFCINDEXEDPOLYGONALFACE((758,691,719));
#1497=IFCINDEXEDPOLYGONALFACE((718,721,720));
#1498=IFCINDEXEDPOLYGONALFACE((722,691,758));
#1499=IFCINDEXEDPOLYGONALFACE((720,721,668));
#1500=IFCINDEXEDPOLYGONALFACE((722,723,691));
#1501=IFCINDEXEDPOLYGONALFACE((720,668,725));
#1502=IFCINDEXEDPOLYGONALFACE((725,668,724));
#1503=IFCINDEXEDPOLYGONALFACE((562,1261,728));
#1504=IFCINDEXEDPOLYGONALFACE((562,728,725));
#1505=IFCINDEXEDPOLYGONALFACE((726,1261,562));
#1506=IFCINDEXEDPOLYGONALFACE((725,728,720));
#1507=IFCINDEXEDPOLYGONALFACE((727,726,562));
#1508=IFCINDEXEDPOLYGONALFACE((720,728,1256));
#1509=IFCINDEXEDPOLYGONALFACE((727,729,726));
#1510=IFCINDEXEDPOLYGONALFACE((720,1256,718));
#1511=IFCINDEXEDPOLYGONALFACE((727,1266,729));
#1512=IFCINDEXEDPOLYGONALFACE((1256,731,718));
#1513=IFCINDEXEDPOLYGONALFACE((1268,1266,727));
#1514=IFCINDEXEDPOLYGONALFACE((718,731,730));
#1515=IFCINDEXEDPOLYGONALFACE((566,1268,727));
#1516=IFCINDEXEDPOLYGONALFACE((731,715,730));
#1517=IFCINDEXEDPOLYGONALFACE((732,1268,566));
#1518=IFCINDEXEDPOLYGONALFACE((731,733,715));
#1519=IFCINDEXEDPOLYGONALFACE((737,732,566));
#1520=IFCINDEXEDPOLYGONALFACE((733,736,715));
#1521=IFCINDEXEDPOLYGONALFACE((734,732,737));
#1522=IFCINDEXEDPOLYGONALFACE((715,736,735));
#1523=IFCINDEXEDPOLYGONALFACE((569,734,737));
#1524=IFCINDEXEDPOLYGONALFACE((736,738,735));
#1525=IFCINDEXEDPOLYGONALFACE((739,734,569));
#1526=IFCINDEXEDPOLYGONALFACE((738,1250,735));
#1527=IFCINDEXEDPOLYGONALFACE((571,739,569));
#1528=IFCINDEXEDPOLYGONALFACE((1250,741,735));
#1529=IFCINDEXEDPOLYGONALFACE((1276,739,571));
#1530=IFCINDEXEDPOLYGONALFACE((1250,740,741));
#1531=IFCINDEXEDPOLYGONALFACE((740,743,741));
#1532=IFCINDEXEDPOLYGONALFACE((740,1245,743));
#1533=IFCINDEXEDPOLYGONALFACE((1245,706,743));
#1534=IFCINDEXEDPOLYGONALFACE((1245,1244,706));
#1535=IFCINDEXEDPOLYGONALFACE((1244,744,706));
#1536=IFCINDEXEDPOLYGONALFACE((744,703,706));
#1537=IFCINDEXEDPOLYGONALFACE((744,1241,703));
#1538=IFCINDEXEDPOLYGONALFACE((1241,699,703));
#1539=IFCINDEXEDPOLYGONALFACE((1241,745,699));
#1540=IFCINDEXEDPOLYGONALFACE((745,746,699));
#1541=IFCINDEXEDPOLYGONALFACE((747,746,745));
#1542=IFCINDEXEDPOLYGONALFACE((747,701,746));
#1543=IFCINDEXEDPOLYGONALFACE((1246,701,747));
#1544=IFCINDEXEDPOLYGONALFACE((1246,705,701));
#1545=IFCINDEXEDPOLYGONALFACE((748,705,1246));
#1546=IFCINDEXEDPOLYGONALFACE((748,704,705));
#1547=IFCINDEXEDPOLYGONALFACE((749,704,748));
#1548=IFCINDEXEDPOLYGONALFACE((749,750,704));
#1549=IFCINDEXEDPOLYGONALFACE((1251,750,749));
#1550=IFCINDEXEDPOLYGONALFACE((1251,752,750));
#1551=IFCINDEXEDPOLYGONALFACE((751,752,1251));
#1552=IFCINDEXEDPOLYGONALFACE((1253,752,751));
#1553=IFCINDEXEDPOLYGONALFACE((1253,754,752));
#1554=IFCINDEXEDPOLYGONALFACE((753,754,1253));
#1555=IFCINDEXEDPOLYGONALFACE((755,754,753));
#1556=IFCINDEXEDPOLYGONALFACE((755,713,754));
#1557=IFCINDEXEDPOLYGONALFACE((756,713,755));
#1558=IFCINDEXEDPOLYGONALFACE((756,716,713));
#1559=IFCINDEXEDPOLYGONALFACE((757,716,756));
#1560=IFCINDEXEDPOLYGONALFACE((757,719,716));
#1561=IFCINDEXEDPOLYGONALFACE((760,719,757));
#1562=IFCINDEXEDPOLYGONALFACE((758,719,760));
#1563=IFCINDEXEDPOLYGONALFACE((722,758,760));
#1564=IFCINDEXEDPOLYGONALFACE((759,722,760));
#1565=IFCINDEXEDPOLYGONALFACE((759,760,1259));
#1566=IFCINDEXEDPOLYGONALFACE((759,1259,761));
#1567=IFCINDEXEDPOLYGONALFACE((550,759,761));
#1568=IFCINDEXEDPOLYGONALFACE((550,761,762));
#1569=IFCINDEXEDPOLYGONALFACE((763,550,762));
#1570=IFCINDEXEDPOLYGONALFACE((763,762,1267));
#1571=IFCINDEXEDPOLYGONALFACE((763,1267,764));
#1572=IFCINDEXEDPOLYGONALFACE((1271,763,764));
#1573=IFCINDEXEDPOLYGONALFACE((742,557,766));
#1574=IFCINDEXEDPOLYGONALFACE((594,592,770));
#1575=IFCINDEXEDPOLYGONALFACE((599,594,770));
#1576=IFCINDEXEDPOLYGONALFACE((601,599,770));
#1577=IFCINDEXEDPOLYGONALFACE((767,601,770));
#1578=IFCINDEXEDPOLYGONALFACE((605,767,770));
#1579=IFCINDEXEDPOLYGONALFACE((607,605,770));
#1580=IFCINDEXEDPOLYGONALFACE((612,607,770));
#1581=IFCINDEXEDPOLYGONALFACE((768,612,770));
#1582=IFCINDEXEDPOLYGONALFACE((614,768,770));
#1583=IFCINDEXEDPOLYGONALFACE((769,614,770));
#1584=IFCINDEXEDPOLYGONALFACE((613,769,770));
#1585=IFCINDEXEDPOLYGONALFACE((771,613,770));
#1586=IFCINDEXEDPOLYGONALFACE((608,771,770));
#1587=IFCINDEXEDPOLYGONALFACE((772,608,770));
#1588=IFCINDEXEDPOLYGONALFACE((772,770,603));
#1589=IFCINDEXEDPOLYGONALFACE((603,770,773));
#1590=IFCINDEXEDPOLYGONALFACE((773,770,598));
#1591=IFCINDEXEDPOLYGONALFACE((598,770,595));
#1592=IFCINDEXEDPOLYGONALFACE((595,770,774));
#1593=IFCINDEXEDPOLYGONALFACE((774,770,590));
#1594=IFCINDEXEDPOLYGONALFACE((590,770,589));
#1595=IFCINDEXEDPOLYGONALFACE((589,770,584));
#1596=IFCINDEXEDPOLYGONALFACE((584,770,580));
#1597=IFCINDEXEDPOLYGONALFACE((580,770,775));
#1598=IFCINDEXEDPOLYGONALFACE((775,770,776));
#1599=IFCINDEXEDPOLYGONALFACE((776,770,586));
#1600=IFCINDEXEDPOLYGONALFACE((776,586,777));
#1601=IFCINDEXEDPOLYGONALFACE((777,586,585));
#1602=IFCINDEXEDPOLYGONALFACE((777,585,578));
#1603=IFCINDEXEDPOLYGONALFACE((777,578,778));
#1604=IFCINDEXEDPOLYGONALFACE((638,779,634));
#1605=IFCINDEXEDPOLYGONALFACE((638,780,779));
#1606=IFCINDEXEDPOLYGONALFACE((638,628,780));
#1607=IFCINDEXEDPOLYGONALFACE((638,627,628));
#1608=IFCINDEXEDPOLYGONALFACE((638,781,627));
#1609=IFCINDEXEDPOLYGONALFACE((782,781,638));
#1610=IFCINDEXEDPOLYGONALFACE((620,782,638));
#1611=IFCINDEXEDPOLYGONALFACE((620,638,784));
#1612=IFCINDEXEDPOLYGONALFACE((616,620,784));
#1613=IFCINDEXEDPOLYGONALFACE((783,616,784));
#1614=IFCINDEXEDPOLYGONALFACE((619,783,784));
#1615=IFCINDEXEDPOLYGONALFACE((785,619,784));
#1616=IFCINDEXEDPOLYGONALFACE((621,785,784));
#1617=IFCINDEXEDPOLYGONALFACE((786,621,784));
#1618=IFCINDEXEDPOLYGONALFACE((626,786,784));
#1619=IFCINDEXEDPOLYGONALFACE((787,626,784));
#1620=IFCINDEXEDPOLYGONALFACE((629,787,784));
#1621=IFCINDEXEDPOLYGONALFACE((631,629,784));
#1622=IFCINDEXEDPOLYGONALFACE((633,631,784));
#1623=IFCINDEXEDPOLYGONALFACE((636,633,784));
#1624=IFCINDEXEDPOLYGONALFACE((636,784,788));
#1625=IFCINDEXEDPOLYGONALFACE((788,784,641));
#1626=IFCINDEXEDPOLYGONALFACE((641,784,789));
#1627=IFCINDEXEDPOLYGONALFACE((789,784,647));
#1628=IFCINDEXEDPOLYGONALFACE((647,784,648));
#1629=IFCINDEXEDPOLYGONALFACE((648,784,642));
#1630=IFCINDEXEDPOLYGONALFACE((648,642,790));
#1631=IFCINDEXEDPOLYGONALFACE((790,642,791));
#1632=IFCINDEXEDPOLYGONALFACE((790,791,792));
#1633=IFCINDEXEDPOLYGONALFACE((790,792,650));
#1634=IFCINDEXEDPOLYGONALFACE((793,658,794));
#1635=IFCINDEXEDPOLYGONALFACE((793,794,795));
#1636=IFCINDEXEDPOLYGONALFACE((659,793,795));
#1637=IFCINDEXEDPOLYGONALFACE((795,794,798));
#1638=IFCINDEXEDPOLYGONALFACE((659,795,799));
#1639=IFCINDEXEDPOLYGONALFACE((794,797,796));
#1640=IFCINDEXEDPOLYGONALFACE((798,794,796));
#1641=IFCINDEXEDPOLYGONALFACE((795,798,825));
#1642=IFCINDEXEDPOLYGONALFACE((660,659,799));
#1643=IFCINDEXEDPOLYGONALFACE((803,799,795));
#1644=IFCINDEXEDPOLYGONALFACE((797,655,796));
#1645=IFCINDEXEDPOLYGONALFACE((798,796,809));
#1646=IFCINDEXEDPOLYGONALFACE((798,809,825));
#1647=IFCINDEXEDPOLYGONALFACE((801,795,825));
#1648=IFCINDEXEDPOLYGONALFACE((660,799,803));
#1649=IFCINDEXEDPOLYGONALFACE((803,795,801));
#1650=IFCINDEXEDPOLYGONALFACE((809,796,655));
#1651=IFCINDEXEDPOLYGONALFACE((800,801,825));
#1652=IFCINDEXEDPOLYGONALFACE((802,660,803));
#1653=IFCINDEXEDPOLYGONALFACE((802,803,801));
#1654=IFCINDEXEDPOLYGONALFACE((809,655,804));
#1655=IFCINDEXEDPOLYGONALFACE((805,800,825));
#1656=IFCINDEXEDPOLYGONALFACE((802,801,800));
#1657=IFCINDEXEDPOLYGONALFACE((809,804,808));
#1658=IFCINDEXEDPOLYGONALFACE((807,800,805));
#1659=IFCINDEXEDPOLYGONALFACE((807,802,800));
#1660=IFCINDEXEDPOLYGONALFACE((808,804,653));
#1661=IFCINDEXEDPOLYGONALFACE((809,808,806));
#1662=IFCINDEXEDPOLYGONALFACE((805,825,811));
#1663=IFCINDEXEDPOLYGONALFACE((807,661,802));
#1664=IFCINDEXEDPOLYGONALFACE((806,808,653));
#1665=IFCINDEXEDPOLYGONALFACE((825,809,806));
#1666=IFCINDEXEDPOLYGONALFACE((810,805,811));
#1667=IFCINDEXEDPOLYGONALFACE((810,807,805));
#1668=IFCINDEXEDPOLYGONALFACE((806,653,652));
#1669=IFCINDEXEDPOLYGONALFACE((811,825,813));
#1670=IFCINDEXEDPOLYGONALFACE((664,807,810));
#1671=IFCINDEXEDPOLYGONALFACE((813,825,812));
#1672=IFCINDEXEDPOLYGONALFACE((814,811,813));
#1673=IFCINDEXEDPOLYGONALFACE((810,811,814));
#1674=IFCINDEXEDPOLYGONALFACE((806,652,817));
#1675=IFCINDEXEDPOLYGONALFACE((815,812,825));
#1676=IFCINDEXEDPOLYGONALFACE((815,813,812));
#1677=IFCINDEXEDPOLYGONALFACE((814,813,815));
#1678=IFCINDEXEDPOLYGONALFACE((817,652,816));
#1679=IFCINDEXEDPOLYGONALFACE((825,806,817));
#1680=IFCINDEXEDPOLYGONALFACE((815,825,818));
#1681=IFCINDEXEDPOLYGONALFACE((652,651,816));
#1682=IFCINDEXEDPOLYGONALFACE((817,816,819));
#1683=IFCINDEXEDPOLYGONALFACE((825,817,819));
#1684=IFCINDEXEDPOLYGONALFACE((818,825,310));
#1685=IFCINDEXEDPOLYGONALFACE((310,825,667));
#1686=IFCINDEXEDPOLYGONALFACE((820,819,816));
#1687=IFCINDEXEDPOLYGONALFACE((825,819,820));
#1688=IFCINDEXEDPOLYGONALFACE((667,825,665));
#1689=IFCINDEXEDPOLYGONALFACE((820,816,294));
#1690=IFCINDEXEDPOLYGONALFACE((665,825,666));
#1691=IFCINDEXEDPOLYGONALFACE((294,816,821));
#1692=IFCINDEXEDPOLYGONALFACE((825,820,823));
#1693=IFCINDEXEDPOLYGONALFACE((820,294,822));
#1694=IFCINDEXEDPOLYGONALFACE((823,820,822));
#1695=IFCINDEXEDPOLYGONALFACE((666,825,663));
#1696=IFCINDEXEDPOLYGONALFACE((663,825,662));
#1697=IFCINDEXEDPOLYGONALFACE((823,822,299));
#1698=IFCINDEXEDPOLYGONALFACE((825,823,299));
#1699=IFCINDEXEDPOLYGONALFACE((662,825,824));
#1700=IFCINDEXEDPOLYGONALFACE((825,826,824));
#1701=IFCINDEXEDPOLYGONALFACE((825,827,826));
#1702=IFCINDEXEDPOLYGONALFACE((825,828,827));
#1703=IFCINDEXEDPOLYGONALFACE((825,656,828));
#1704=IFCINDEXEDPOLYGONALFACE((825,829,656));
#1705=IFCINDEXEDPOLYGONALFACE((825,830,829));
#1706=IFCINDEXEDPOLYGONALFACE((825,654,830));
#1707=IFCINDEXEDPOLYGONALFACE((825,299,654));
#1708=IFCINDEXEDPOLYGONALFACE((832,693,831));
#1709=IFCINDEXEDPOLYGONALFACE((832,831,833));
#1710=IFCINDEXEDPOLYGONALFACE((832,692,693));
#1711=IFCINDEXEDPOLYGONALFACE((833,831,835));
#1712=IFCINDEXEDPOLYGONALFACE((834,692,832));
#1713=IFCINDEXEDPOLYGONALFACE((835,831,696));
#1714=IFCINDEXEDPOLYGONALFACE((1312,692,834));
#1715=IFCINDEXEDPOLYGONALFACE((835,696,1303));
#1716=IFCINDEXEDPOLYGONALFACE((1312,689,692));
#1717=IFCINDEXEDPOLYGONALFACE((1303,696,698));
#1718=IFCINDEXEDPOLYGONALFACE((1312,687,689));
#1719=IFCINDEXEDPOLYGONALFACE((1303,698,839));
#1720=IFCINDEXEDPOLYGONALFACE((1309,687,1312));
#1721=IFCINDEXEDPOLYGONALFACE((1303,839,836));
#1722=IFCINDEXEDPOLYGONALFACE((1309,1307,687));
#1723=IFCINDEXEDPOLYGONALFACE((836,839,837));
#1724=IFCINDEXEDPOLYGONALFACE((687,1307,838));
#1725=IFCINDEXEDPOLYGONALFACE((837,839,695));
#1726=IFCINDEXEDPOLYGONALFACE((1307,681,838));
#1727=IFCINDEXEDPOLYGONALFACE((837,695,840));
#1728=IFCINDEXEDPOLYGONALFACE((1307,1304,681));
#1729=IFCINDEXEDPOLYGONALFACE((837,840,1298));
#1730=IFCINDEXEDPOLYGONALFACE((1304,844,681));
#1731=IFCINDEXEDPOLYGONALFACE((1298,840,1294));
#1732=IFCINDEXEDPOLYGONALFACE((681,844,841));
#1733=IFCINDEXEDPOLYGONALFACE((840,842,1294));
#1734=IFCINDEXEDPOLYGONALFACE((844,843,841));
#1735=IFCINDEXEDPOLYGONALFACE((1294,842,845));
#1736=IFCINDEXEDPOLYGONALFACE((844,1302,843));
#1737=IFCINDEXEDPOLYGONALFACE((1294,845,1289));
#1738=IFCINDEXEDPOLYGONALFACE((1302,1299,843));
#1739=IFCINDEXEDPOLYGONALFACE((1289,845,847));
#1740=IFCINDEXEDPOLYGONALFACE((843,1299,848));
#1741=IFCINDEXEDPOLYGONALFACE((1289,847,846));
#1742=IFCINDEXEDPOLYGONALFACE((1299,1297,848));
#1743=IFCINDEXEDPOLYGONALFACE((846,847,852));
#1744=IFCINDEXEDPOLYGONALFACE((848,1297,673));
#1745=IFCINDEXEDPOLYGONALFACE((846,852,849));
#1746=IFCINDEXEDPOLYGONALFACE((1297,674,673));
#1747=IFCINDEXEDPOLYGONALFACE((849,852,850));
#1748=IFCINDEXEDPOLYGONALFACE((1297,851,674));
#1749=IFCINDEXEDPOLYGONALFACE((852,854,850));
#1750=IFCINDEXEDPOLYGONALFACE((851,1290,674));
#1751=IFCINDEXEDPOLYGONALFACE((850,854,853));
#1752=IFCINDEXEDPOLYGONALFACE((674,1290,675));
#1753=IFCINDEXEDPOLYGONALFACE((850,853,855));
#1754=IFCINDEXEDPOLYGONALFACE((1290,856,675));
#1755=IFCINDEXEDPOLYGONALFACE((855,853,684));
#1756=IFCINDEXEDPOLYGONALFACE((1288,856,1290));
#1757=IFCINDEXEDPOLYGONALFACE((855,684,1281));
#1758=IFCINDEXEDPOLYGONALFACE((1284,856,1288));
#1759=IFCINDEXEDPOLYGONALFACE((1281,684,857));
#1760=IFCINDEXEDPOLYGONALFACE((1284,678,856));
#1761=IFCINDEXEDPOLYGONALFACE((857,684,859));
#1762=IFCINDEXEDPOLYGONALFACE((1284,858,678));
#1763=IFCINDEXEDPOLYGONALFACE((857,859,682));
#1764=IFCINDEXEDPOLYGONALFACE((860,858,1284));
#1765=IFCINDEXEDPOLYGONALFACE((857,682,1277));
#1766=IFCINDEXEDPOLYGONALFACE((861,858,860));
#1767=IFCINDEXEDPOLYGONALFACE((1277,682,863));
#1768=IFCINDEXEDPOLYGONALFACE((861,864,858));
#1769=IFCINDEXEDPOLYGONALFACE((1277,863,862));
#1770=IFCINDEXEDPOLYGONALFACE((862,864,861));
#1771=IFCINDEXEDPOLYGONALFACE((862,863,864));
#1772=IFCINDEXEDPOLYGONALFACE((868,874,865));
#1773=IFCINDEXEDPOLYGONALFACE((865,866,868));
#1774=IFCINDEXEDPOLYGONALFACE((865,869,866));
#1775=IFCINDEXEDPOLYGONALFACE((866,871,868));
#1776=IFCINDEXEDPOLYGONALFACE((867,869,865));
#1777=IFCINDEXEDPOLYGONALFACE((869,870,866));
#1778=IFCINDEXEDPOLYGONALFACE((868,871,876));
#1779=IFCINDEXEDPOLYGONALFACE((866,870,871));
#1780=IFCINDEXEDPOLYGONALFACE((887,867,865));
#1781=IFCINDEXEDPOLYGONALFACE((867,873,869));
#1782=IFCINDEXEDPOLYGONALFACE((873,870,869));
#1783=IFCINDEXEDPOLYGONALFACE((875,868,876));
#1784=IFCINDEXEDPOLYGONALFACE((876,871,534));
#1785=IFCINDEXEDPOLYGONALFACE((871,870,885));
#1786=IFCINDEXEDPOLYGONALFACE((887,865,872));
#1787=IFCINDEXEDPOLYGONALFACE((887,877,867));
#1788=IFCINDEXEDPOLYGONALFACE((877,873,867));
#1789=IFCINDEXEDPOLYGONALFACE((873,879,870));
#1790=IFCINDEXEDPOLYGONALFACE((874,868,875));
#1791=IFCINDEXEDPOLYGONALFACE((880,875,876));
#1792=IFCINDEXEDPOLYGONALFACE((871,885,534));
#1793=IFCINDEXEDPOLYGONALFACE((870,886,885));
#1794=IFCINDEXEDPOLYGONALFACE((872,865,882));
#1795=IFCINDEXEDPOLYGONALFACE((532,887,872));
#1796=IFCINDEXEDPOLYGONALFACE((887,889,877));
#1797=IFCINDEXEDPOLYGONALFACE((877,883,873));
#1798=IFCINDEXEDPOLYGONALFACE((879,878,870));
#1799=IFCINDEXEDPOLYGONALFACE((883,879,873));
#1800=IFCINDEXEDPOLYGONALFACE((882,874,875));
#1801=IFCINDEXEDPOLYGONALFACE((882,875,880));
#1802=IFCINDEXEDPOLYGONALFACE((885,538,534));
#1803=IFCINDEXEDPOLYGONALFACE((870,878,886));
#1804=IFCINDEXEDPOLYGONALFACE((885,886,881));
#1805=IFCINDEXEDPOLYGONALFACE((865,874,882));
#1806=IFCINDEXEDPOLYGONALFACE((872,882,884));
#1807=IFCINDEXEDPOLYGONALFACE((894,887,532));
#1808=IFCINDEXEDPOLYGONALFACE((890,889,887));
#1809=IFCINDEXEDPOLYGONALFACE((889,891,877));
#1810=IFCINDEXEDPOLYGONALFACE((877,892,883));
#1811=IFCINDEXEDPOLYGONALFACE((879,903,878));
#1812=IFCINDEXEDPOLYGONALFACE((883,901,879));
#1813=IFCINDEXEDPOLYGONALFACE((884,882,880));
#1814=IFCINDEXEDPOLYGONALFACE((885,881,538));
#1815=IFCINDEXEDPOLYGONALFACE((878,897,886));
#1816=IFCINDEXEDPOLYGONALFACE((886,897,881));
#1817=IFCINDEXEDPOLYGONALFACE((894,888,887));
#1818=IFCINDEXEDPOLYGONALFACE((530,894,532));
#1819=IFCINDEXEDPOLYGONALFACE((888,890,887));
#1820=IFCINDEXEDPOLYGONALFACE((890,891,889));
#1821=IFCINDEXEDPOLYGONALFACE((891,923,877));
#1822=IFCINDEXEDPOLYGONALFACE((877,902,892));
#1823=IFCINDEXEDPOLYGONALFACE((892,901,883));
#1824=IFCINDEXEDPOLYGONALFACE((903,893,878));
#1825=IFCINDEXEDPOLYGONALFACE((901,903,879));
#1826=IFCINDEXEDPOLYGONALFACE((881,537,538));
#1827=IFCINDEXEDPOLYGONALFACE((878,893,897));
#1828=IFCINDEXEDPOLYGONALFACE((881,897,896));
#1829=IFCINDEXEDPOLYGONALFACE((898,888,894));
#1830=IFCINDEXEDPOLYGONALFACE((905,894,530));
#1831=IFCINDEXEDPOLYGONALFACE((888,895,890));
#1832=IFCINDEXEDPOLYGONALFACE((895,891,890));
#1833=IFCINDEXEDPOLYGONALFACE((877,923,899));
#1834=IFCINDEXEDPOLYGONALFACE((891,900,923));
#1835=IFCINDEXEDPOLYGONALFACE((877,911,902));
#1836=IFCINDEXEDPOLYGONALFACE((902,901,892));
#1837=IFCINDEXEDPOLYGONALFACE((903,912,893));
#1838=IFCINDEXEDPOLYGONALFACE((913,903,901));
#1839=IFCINDEXEDPOLYGONALFACE((881,896,537));
#1840=IFCINDEXEDPOLYGONALFACE((893,915,897));
#1841=IFCINDEXEDPOLYGONALFACE((897,914,896));
#1842=IFCINDEXEDPOLYGONALFACE((926,888,898));
#1843=IFCINDEXEDPOLYGONALFACE((904,898,894));
#1844=IFCINDEXEDPOLYGONALFACE((919,894,905));
#1845=IFCINDEXEDPOLYGONALFACE((926,895,888));
#1846=IFCINDEXEDPOLYGONALFACE((895,906,891));
#1847=IFCINDEXEDPOLYGONALFACE((877,899,908));
#1848=IFCINDEXEDPOLYGONALFACE((900,909,923));
#1849=IFCINDEXEDPOLYGONALFACE((891,910,900));
#1850=IFCINDEXEDPOLYGONALFACE((877,908,911));
#1851=IFCINDEXEDPOLYGONALFACE((911,913,902));
#1852=IFCINDEXEDPOLYGONALFACE((902,913,901));
#1853=IFCINDEXEDPOLYGONALFACE((912,916,893));
#1854=IFCINDEXEDPOLYGONALFACE((909,912,903));
#1855=IFCINDEXEDPOLYGONALFACE((913,909,903));
#1856=IFCINDEXEDPOLYGONALFACE((896,914,537));
#1857=IFCINDEXEDPOLYGONALFACE((897,915,917));
#1858=IFCINDEXEDPOLYGONALFACE((893,916,915));
#1859=IFCINDEXEDPOLYGONALFACE((897,917,914));
#1860=IFCINDEXEDPOLYGONALFACE((927,926,898));
#1861=IFCINDEXEDPOLYGONALFACE((928,904,894));
#1862=IFCINDEXEDPOLYGONALFACE((927,898,904));
#1863=IFCINDEXEDPOLYGONALFACE((928,894,919));
#1864=IFCINDEXEDPOLYGONALFACE((920,919,905));
#1865=IFCINDEXEDPOLYGONALFACE((926,931,895));
#1866=IFCINDEXEDPOLYGONALFACE((906,910,891));
#1867=IFCINDEXEDPOLYGONALFACE((895,932,906));
#1868=IFCINDEXEDPOLYGONALFACE((899,907,908));
#1869=IFCINDEXEDPOLYGONALFACE((923,907,899));
#1870=IFCINDEXEDPOLYGONALFACE((900,925,909));
#1871=IFCINDEXEDPOLYGONALFACE((910,925,900));
#1872=IFCINDEXEDPOLYGONALFACE((908,913,911));
#1873=IFCINDEXEDPOLYGONALFACE((934,916,912));
#1874=IFCINDEXEDPOLYGONALFACE((909,934,912));
#1875=IFCINDEXEDPOLYGONALFACE((907,909,913));
#1876=IFCINDEXEDPOLYGONALFACE((537,914,539));
#1877=IFCINDEXEDPOLYGONALFACE((917,915,935));
#1878=IFCINDEXEDPOLYGONALFACE((915,916,937));
#1879=IFCINDEXEDPOLYGONALFACE((914,917,539));
#1880=IFCINDEXEDPOLYGONALFACE((918,926,927));
#1881=IFCINDEXEDPOLYGONALFACE((927,904,928));
#1882=IFCINDEXEDPOLYGONALFACE((929,928,919));
#1883=IFCINDEXEDPOLYGONALFACE((950,919,920));
#1884=IFCINDEXEDPOLYGONALFACE((921,920,905));
#1885=IFCINDEXEDPOLYGONALFACE((931,955,895));
#1886=IFCINDEXEDPOLYGONALFACE((922,931,926));
#1887=IFCINDEXEDPOLYGONALFACE((906,953,910));
#1888=IFCINDEXEDPOLYGONALFACE((955,932,895));
#1889=IFCINDEXEDPOLYGONALFACE((932,933,906));
#1890=IFCINDEXEDPOLYGONALFACE((908,907,913));
#1891=IFCINDEXEDPOLYGONALFACE((923,909,907));
#1892=IFCINDEXEDPOLYGONALFACE((924,909,925));
#1893=IFCINDEXEDPOLYGONALFACE((910,924,925));
#1894=IFCINDEXEDPOLYGONALFACE((934,947,916));
#1895=IFCINDEXEDPOLYGONALFACE((909,944,934));
#1896=IFCINDEXEDPOLYGONALFACE((935,915,936));
#1897=IFCINDEXEDPOLYGONALFACE((540,917,935));
#1898=IFCINDEXEDPOLYGONALFACE((915,937,936));
#1899=IFCINDEXEDPOLYGONALFACE((916,958,937));
#1900=IFCINDEXEDPOLYGONALFACE((540,539,917));
#1901=IFCINDEXEDPOLYGONALFACE((918,922,926));
#1902=IFCINDEXEDPOLYGONALFACE((918,927,939));
#1903=IFCINDEXEDPOLYGONALFACE((939,927,928));
#1904=IFCINDEXEDPOLYGONALFACE((939,928,929));
#1905=IFCINDEXEDPOLYGONALFACE((940,929,919));
#1906=IFCINDEXEDPOLYGONALFACE((950,940,919));
#1907=IFCINDEXEDPOLYGONALFACE((930,950,920));
#1908=IFCINDEXEDPOLYGONALFACE((943,920,921));
#1909=IFCINDEXEDPOLYGONALFACE((922,955,931));
#1910=IFCINDEXEDPOLYGONALFACE((953,924,910));
#1911=IFCINDEXEDPOLYGONALFACE((906,933,953));
#1912=IFCINDEXEDPOLYGONALFACE((955,946,932));
#1913=IFCINDEXEDPOLYGONALFACE((932,945,933));
#1914=IFCINDEXEDPOLYGONALFACE((924,944,909));
#1915=IFCINDEXEDPOLYGONALFACE((947,958,916));
#1916=IFCINDEXEDPOLYGONALFACE((944,947,934));
#1917=IFCINDEXEDPOLYGONALFACE((935,936,969));
#1918=IFCINDEXEDPOLYGONALFACE((949,540,935));
#1919=IFCINDEXEDPOLYGONALFACE((936,937,960));
#1920=IFCINDEXEDPOLYGONALFACE((937,958,963));
#1921=IFCINDEXEDPOLYGONALFACE((918,938,922));
#1922=IFCINDEXEDPOLYGONALFACE((918,939,951));
#1923=IFCINDEXEDPOLYGONALFACE((951,939,929));
#1924=IFCINDEXEDPOLYGONALFACE((951,929,940));
#1925=IFCINDEXEDPOLYGONALFACE((951,940,950));
#1926=IFCINDEXEDPOLYGONALFACE((985,950,930));
#1927=IFCINDEXEDPOLYGONALFACE((941,930,920));
#1928=IFCINDEXEDPOLYGONALFACE((942,920,943));
#1929=IFCINDEXEDPOLYGONALFACE((938,955,922));
#1930=IFCINDEXEDPOLYGONALFACE((953,944,924));
#1931=IFCINDEXEDPOLYGONALFACE((933,952,953));
#1932=IFCINDEXEDPOLYGONALFACE((946,945,932));
#1933=IFCINDEXEDPOLYGONALFACE((955,954,946));
#1934=IFCINDEXEDPOLYGONALFACE((945,956,933));
#1935=IFCINDEXEDPOLYGONALFACE((958,947,957));
#1936=IFCINDEXEDPOLYGONALFACE((944,959,947));
#1937=IFCINDEXEDPOLYGONALFACE((969,936,948));
#1938=IFCINDEXEDPOLYGONALFACE((949,935,969));
#1939=IFCINDEXEDPOLYGONALFACE((936,960,948));
#1940=IFCINDEXEDPOLYGONALFACE((937,963,960));
#1941=IFCINDEXEDPOLYGONALFACE((963,958,978));
#1942=IFCINDEXEDPOLYGONALFACE((971,938,918));
#1943=IFCINDEXEDPOLYGONALFACE((964,918,951));
#1944=IFCINDEXEDPOLYGONALFACE((985,951,950));
#1945=IFCINDEXEDPOLYGONALFACE((985,930,941));
#1946=IFCINDEXEDPOLYGONALFACE((941,920,942));
#1947=IFCINDEXEDPOLYGONALFACE((974,942,943));
#1948=IFCINDEXEDPOLYGONALFACE((938,975,955));
#1949=IFCINDEXEDPOLYGONALFACE((953,952,944));
#1950=IFCINDEXEDPOLYGONALFACE((933,956,952));
#1951=IFCINDEXEDPOLYGONALFACE((954,945,946));
#1952=IFCINDEXEDPOLYGONALFACE((975,954,955));
#1953=IFCINDEXEDPOLYGONALFACE((977,956,945));
#1954=IFCINDEXEDPOLYGONALFACE((978,958,957));
#1955=IFCINDEXEDPOLYGONALFACE((957,947,959));
#1956=IFCINDEXEDPOLYGONALFACE((952,959,944));
#1957=IFCINDEXEDPOLYGONALFACE((969,948,970));
#1958=IFCINDEXEDPOLYGONALFACE((541,949,969));
#1959=IFCINDEXEDPOLYGONALFACE((948,960,961));
#1960=IFCINDEXEDPOLYGONALFACE((960,963,962));
#1961=IFCINDEXEDPOLYGONALFACE((981,963,978));
#1962=IFCINDEXEDPOLYGONALFACE((964,971,918));
#1963=IFCINDEXEDPOLYGONALFACE((984,938,971));
#1964=IFCINDEXEDPOLYGONALFACE((964,951,973));
#1965=IFCINDEXEDPOLYGONALFACE((985,973,951));
#1966=IFCINDEXEDPOLYGONALFACE((986,985,941));
#1967=IFCINDEXEDPOLYGONALFACE((941,942,965));
#1968=IFCINDEXEDPOLYGONALFACE((987,942,974));
#1969=IFCINDEXEDPOLYGONALFACE((988,975,938));
#1970=IFCINDEXEDPOLYGONALFACE((952,956,959));
#1971=IFCINDEXEDPOLYGONALFACE((966,945,954));
#1972=IFCINDEXEDPOLYGONALFACE((975,966,954));
#1973=IFCINDEXEDPOLYGONALFACE((966,977,945));
#1974=IFCINDEXEDPOLYGONALFACE((976,956,977));
#1975=IFCINDEXEDPOLYGONALFACE((1002,978,957));
#1976=IFCINDEXEDPOLYGONALFACE((967,957,959));
#1977=IFCINDEXEDPOLYGONALFACE((970,948,968));
#1978=IFCINDEXEDPOLYGONALFACE((536,969,970));
#1979=IFCINDEXEDPOLYGONALFACE((536,541,969));
#1980=IFCINDEXEDPOLYGONALFACE((948,961,980));
#1981=IFCINDEXEDPOLYGONALFACE((960,962,961));
#1982=IFCINDEXEDPOLYGONALFACE((962,963,981));
#1983=IFCINDEXEDPOLYGONALFACE((996,981,978));
#1984=IFCINDEXEDPOLYGONALFACE((983,971,964));
#1985=IFCINDEXEDPOLYGONALFACE((984,972,938));
#1986=IFCINDEXEDPOLYGONALFACE((982,984,971));
#1987=IFCINDEXEDPOLYGONALFACE((1004,964,973));
#1988=IFCINDEXEDPOLYGONALFACE((1004,973,985));
#1989=IFCINDEXEDPOLYGONALFACE((997,985,986));
#1990=IFCINDEXEDPOLYGONALFACE((986,941,965));
#1991=IFCINDEXEDPOLYGONALFACE((965,942,987));
#1992=IFCINDEXEDPOLYGONALFACE((522,987,974));
#1993=IFCINDEXEDPOLYGONALFACE((988,989,975));
#1994=IFCINDEXEDPOLYGONALFACE((972,988,938));
#1995=IFCINDEXEDPOLYGONALFACE((967,959,956));
#1996=IFCINDEXEDPOLYGONALFACE((989,966,975));
#1997=IFCINDEXEDPOLYGONALFACE((992,977,966));
#1998=IFCINDEXEDPOLYGONALFACE((976,967,956));
#1999=IFCINDEXEDPOLYGONALFACE((976,977,1000));
#2000=IFCINDEXEDPOLYGONALFACE((996,978,1002));
#2001=IFCINDEXEDPOLYGONALFACE((1002,957,967));
#2002=IFCINDEXEDPOLYGONALFACE((968,948,980));
#2003=IFCINDEXEDPOLYGONALFACE((979,970,968));
#2004=IFCINDEXEDPOLYGONALFACE((979,536,970));
#2005=IFCINDEXEDPOLYGONALFACE((980,961,1092));
#2006=IFCINDEXEDPOLYGONALFACE((961,962,994));
#2007=IFCINDEXEDPOLYGONALFACE((995,962,981));
#2008=IFCINDEXEDPOLYGONALFACE((1316,981,996));
#2009=IFCINDEXEDPOLYGONALFACE((982,971,983));
#2010=IFCINDEXEDPOLYGONALFACE((1004,983,964));
#2011=IFCINDEXEDPOLYGONALFACE((1014,972,984));
#2012=IFCINDEXEDPOLYGONALFACE((1016,984,982));
#2013=IFCINDEXEDPOLYGONALFACE((1004,985,997));
#2014=IFCINDEXEDPOLYGONALFACE((997,986,998));
#2015=IFCINDEXEDPOLYGONALFACE((986,965,1007));
#2016=IFCINDEXEDPOLYGONALFACE((1007,965,987));
#2017=IFCINDEXEDPOLYGONALFACE((521,987,522));
#2018=IFCINDEXEDPOLYGONALFACE((990,989,988));
#2019=IFCINDEXEDPOLYGONALFACE((990,988,972));
#2020=IFCINDEXEDPOLYGONALFACE((989,991,966));
#2021=IFCINDEXEDPOLYGONALFACE((1000,977,992));
#2022=IFCINDEXEDPOLYGONALFACE((991,992,966));
#2023=IFCINDEXEDPOLYGONALFACE((993,967,976));
#2024=IFCINDEXEDPOLYGONALFACE((993,976,1000));
#2025=IFCINDEXEDPOLYGONALFACE((1021,996,1002));
#2026=IFCINDEXEDPOLYGONALFACE((993,1002,967));
#2027=IFCINDEXEDPOLYGONALFACE((968,980,1317));
#2028=IFCINDEXEDPOLYGONALFACE((527,979,968));
#2029=IFCINDEXEDPOLYGONALFACE((980,1092,1317));
#2030=IFCINDEXEDPOLYGONALFACE((961,994,1092));
#2031=IFCINDEXEDPOLYGONALFACE((994,962,995));
#2032=IFCINDEXEDPOLYGONALFACE((1316,995,981));
#2033=IFCINDEXEDPOLYGONALFACE((1022,1316,996));
#2034=IFCINDEXEDPOLYGONALFACE((982,983,1005));
#2035=IFCINDEXEDPOLYGONALFACE((1012,983,1004));
#2036=IFCINDEXEDPOLYGONALFACE((1014,990,972));
#2037=IFCINDEXEDPOLYGONALFACE((1016,1014,984));
#2038=IFCINDEXEDPOLYGONALFACE((1016,982,1005));
#2039=IFCINDEXEDPOLYGONALFACE((1003,1004,997));
#2040=IFCINDEXEDPOLYGONALFACE((998,986,1007));
#2041=IFCINDEXEDPOLYGONALFACE((1017,997,998));
#2042=IFCINDEXEDPOLYGONALFACE((1007,987,999));
#2043=IFCINDEXEDPOLYGONALFACE((521,999,987));
#2044=IFCINDEXEDPOLYGONALFACE((990,1008,989));
#2045=IFCINDEXEDPOLYGONALFACE((1008,991,989));
#2046=IFCINDEXEDPOLYGONALFACE((1001,1000,992));
#2047=IFCINDEXEDPOLYGONALFACE((1001,992,991));
#2048=IFCINDEXEDPOLYGONALFACE((993,1000,1009));
#2049=IFCINDEXEDPOLYGONALFACE((1022,996,1021));
#2050=IFCINDEXEDPOLYGONALFACE((1021,1002,993));
#2051=IFCINDEXEDPOLYGONALFACE((968,1317,1011));
#2052=IFCINDEXEDPOLYGONALFACE((524,527,968));
#2053=IFCINDEXEDPOLYGONALFACE((1005,983,1012));
#2054=IFCINDEXEDPOLYGONALFACE((1003,1012,1004));
#2055=IFCINDEXEDPOLYGONALFACE((1024,990,1014));
#2056=IFCINDEXEDPOLYGONALFACE((1026,1014,1016));
#2057=IFCINDEXEDPOLYGONALFACE((1016,1005,1006));
#2058=IFCINDEXEDPOLYGONALFACE((1003,997,1017));
#2059=IFCINDEXEDPOLYGONALFACE((1017,998,1007));
#2060=IFCINDEXEDPOLYGONALFACE((519,1007,999));
#2061=IFCINDEXEDPOLYGONALFACE((519,999,521));
#2062=IFCINDEXEDPOLYGONALFACE((1030,1008,990));
#2063=IFCINDEXEDPOLYGONALFACE((1008,1001,991));
#2064=IFCINDEXEDPOLYGONALFACE((1001,1009,1000));
#2065=IFCINDEXEDPOLYGONALFACE((1010,993,1009));
#2066=IFCINDEXEDPOLYGONALFACE((1022,1021,1019));
#2067=IFCINDEXEDPOLYGONALFACE((1021,993,1010));
#2068=IFCINDEXEDPOLYGONALFACE((524,968,1011));
#2069=IFCINDEXEDPOLYGONALFACE((1005,1012,1006));
#2070=IFCINDEXEDPOLYGONALFACE((1028,1012,1003));
#2071=IFCINDEXEDPOLYGONALFACE((1024,1030,990));
#2072=IFCINDEXEDPOLYGONALFACE((1015,1024,1014));
#2073=IFCINDEXEDPOLYGONALFACE((1026,1016,1013));
#2074=IFCINDEXEDPOLYGONALFACE((1026,1015,1014));
#2075=IFCINDEXEDPOLYGONALFACE((1016,1006,1027));
#2076=IFCINDEXEDPOLYGONALFACE((1038,1003,1017));
#2077=IFCINDEXEDPOLYGONALFACE((1039,1017,1007));
#2078=IFCINDEXEDPOLYGONALFACE((1029,1007,519));
#2079=IFCINDEXEDPOLYGONALFACE((1030,1018,1008));
#2080=IFCINDEXEDPOLYGONALFACE((1018,1001,1008));
#2081=IFCINDEXEDPOLYGONALFACE((1010,1009,1001));
#2082=IFCINDEXEDPOLYGONALFACE((1023,1022,1019));
#2083=IFCINDEXEDPOLYGONALFACE((1019,1021,1020));
#2084=IFCINDEXEDPOLYGONALFACE((1021,1010,1020));
#2085=IFCINDEXEDPOLYGONALFACE((520,524,1011));
#2086=IFCINDEXEDPOLYGONALFACE((1028,1006,1012));
#2087=IFCINDEXEDPOLYGONALFACE((1056,1028,1003));
#2088=IFCINDEXEDPOLYGONALFACE((1048,1030,1024));
#2089=IFCINDEXEDPOLYGONALFACE((1032,1024,1015));
#2090=IFCINDEXEDPOLYGONALFACE((1013,1016,1036));
#2091=IFCINDEXEDPOLYGONALFACE((1026,1013,1025));
#2092=IFCINDEXEDPOLYGONALFACE((1034,1015,1026));
#2093=IFCINDEXEDPOLYGONALFACE((1027,1006,1028));
#2094=IFCINDEXEDPOLYGONALFACE((1016,1027,1036));
#2095=IFCINDEXEDPOLYGONALFACE((1038,1017,1039));
#2096=IFCINDEXEDPOLYGONALFACE((1037,1003,1038));
#2097=IFCINDEXEDPOLYGONALFACE((1029,1039,1007));
#2098=IFCINDEXEDPOLYGONALFACE((1041,1018,1030));
#2099=IFCINDEXEDPOLYGONALFACE((1018,1010,1001));
#2100=IFCINDEXEDPOLYGONALFACE((1023,1019,1041));
#2101=IFCINDEXEDPOLYGONALFACE((1019,1020,1041));
#2102=IFCINDEXEDPOLYGONALFACE((1020,1010,1018));
#2103=IFCINDEXEDPOLYGONALFACE((1056,1003,1037));
#2104=IFCINDEXEDPOLYGONALFACE((1031,1028,1056));
#2105=IFCINDEXEDPOLYGONALFACE((1048,1041,1030));
#2106=IFCINDEXEDPOLYGONALFACE((1032,1048,1024));
#2107=IFCINDEXEDPOLYGONALFACE((1045,1032,1015));
#2108=IFCINDEXEDPOLYGONALFACE((1049,1013,1036));
#2109=IFCINDEXEDPOLYGONALFACE((1044,1025,1013));
#2110=IFCINDEXEDPOLYGONALFACE((1033,1026,1025));
#2111=IFCINDEXEDPOLYGONALFACE((1034,1026,1033));
#2112=IFCINDEXEDPOLYGONALFACE((1034,1045,1015));
#2113=IFCINDEXEDPOLYGONALFACE((1035,1027,1028));
#2114=IFCINDEXEDPOLYGONALFACE((1049,1036,1027));
#2115=IFCINDEXEDPOLYGONALFACE((1040,1038,1039));
#2116=IFCINDEXEDPOLYGONALFACE((1046,1037,1038));
#2117=IFCINDEXEDPOLYGONALFACE((1040,1039,1029));
#2118=IFCINDEXEDPOLYGONALFACE((1041,1020,1018));
#2119=IFCINDEXEDPOLYGONALFACE((1023,1041,1043));
#2120=IFCINDEXEDPOLYGONALFACE((1042,1316,1022));
#2121=IFCINDEXEDPOLYGONALFACE((1063,1022,1023));
#2122=IFCINDEXEDPOLYGONALFACE((1046,1056,1037));
#2123=IFCINDEXEDPOLYGONALFACE((1031,1035,1028));
#2124=IFCINDEXEDPOLYGONALFACE((1043,1041,1048));
#2125=IFCINDEXEDPOLYGONALFACE((1057,1048,1032));
#2126=IFCINDEXEDPOLYGONALFACE((1066,1032,1045));
#2127=IFCINDEXEDPOLYGONALFACE((1049,1044,1013));
#2128=IFCINDEXEDPOLYGONALFACE((1044,1033,1025));
#2129=IFCINDEXEDPOLYGONALFACE((1059,1034,1033));
#2130=IFCINDEXEDPOLYGONALFACE((1068,1045,1034));
#2131=IFCINDEXEDPOLYGONALFACE((1049,1027,1035));
#2132=IFCINDEXEDPOLYGONALFACE((1046,1038,1040));
#2133=IFCINDEXEDPOLYGONALFACE((1047,1023,1043));
#2134=IFCINDEXEDPOLYGONALFACE((1052,1316,1042));
#2135=IFCINDEXEDPOLYGONALFACE((1042,1022,1063));
#2136=IFCINDEXEDPOLYGONALFACE((1047,1063,1023));
#2137=IFCINDEXEDPOLYGONALFACE((515,1056,1046));
#2138=IFCINDEXEDPOLYGONALFACE((1055,1035,1031));
#2139=IFCINDEXEDPOLYGONALFACE((1057,1043,1048));
#2140=IFCINDEXEDPOLYGONALFACE((1066,1057,1032));
#2141=IFCINDEXEDPOLYGONALFACE((1066,1045,1068));
#2142=IFCINDEXEDPOLYGONALFACE((1058,1044,1049));
#2143=IFCINDEXEDPOLYGONALFACE((1044,1050,1033));
#2144=IFCINDEXEDPOLYGONALFACE((1059,1033,1050));
#2145=IFCINDEXEDPOLYGONALFACE((1060,1034,1059));
#2146=IFCINDEXEDPOLYGONALFACE((1060,1068,1034));
#2147=IFCINDEXEDPOLYGONALFACE((1055,1049,1035));
#2148=IFCINDEXEDPOLYGONALFACE((1047,1043,1061));
#2149=IFCINDEXEDPOLYGONALFACE((520,1011,1051));
#2150=IFCINDEXEDPOLYGONALFACE((1071,1316,1052));
#2151=IFCINDEXEDPOLYGONALFACE((1053,1052,1042));
#2152=IFCINDEXEDPOLYGONALFACE((1054,1042,1063));
#2153=IFCINDEXEDPOLYGONALFACE((1064,1063,1047));
#2154=IFCINDEXEDPOLYGONALFACE((515,1055,1056));
#2155=IFCINDEXEDPOLYGONALFACE((1061,1043,1057));
#2156=IFCINDEXEDPOLYGONALFACE((1074,1057,1066));
#2157=IFCINDEXEDPOLYGONALFACE((1075,1066,1068));
#2158=IFCINDEXEDPOLYGONALFACE((513,1058,1049));
#2159=IFCINDEXEDPOLYGONALFACE((1058,511,1044));
#2160=IFCINDEXEDPOLYGONALFACE((1044,1069,1050));
#2161=IFCINDEXEDPOLYGONALFACE((1069,1059,1050));
#2162=IFCINDEXEDPOLYGONALFACE((1067,1060,1059));
#2163=IFCINDEXEDPOLYGONALFACE((1067,1068,1060));
#2164=IFCINDEXEDPOLYGONALFACE((513,1049,1055));
#2165=IFCINDEXEDPOLYGONALFACE((1065,1047,1061));
#2166=IFCINDEXEDPOLYGONALFACE((520,1051,1070));
#2167=IFCINDEXEDPOLYGONALFACE((1051,1011,1317));
#2168=IFCINDEXEDPOLYGONALFACE((1071,995,1316));
#2169=IFCINDEXEDPOLYGONALFACE((1072,1071,1052));
#2170=IFCINDEXEDPOLYGONALFACE((1072,1052,1053));
#2171=IFCINDEXEDPOLYGONALFACE((1053,1042,1062));
#2172=IFCINDEXEDPOLYGONALFACE((1062,1042,1054));
#2173=IFCINDEXEDPOLYGONALFACE((1064,1054,1063));
#2174=IFCINDEXEDPOLYGONALFACE((1064,1047,1065));
#2175=IFCINDEXEDPOLYGONALFACE((513,1055,515));
#2176=IFCINDEXEDPOLYGONALFACE((1061,1057,1074));
#2177=IFCINDEXEDPOLYGONALFACE((1074,1066,1075));
#2178=IFCINDEXEDPOLYGONALFACE((1075,1068,1067));
#2179=IFCINDEXEDPOLYGONALFACE((511,1069,1044));
#2180=IFCINDEXEDPOLYGONALFACE((1069,1086,1059));
#2181=IFCINDEXEDPOLYGONALFACE((1077,1067,1059));
#2182=IFCINDEXEDPOLYGONALFACE((1065,1061,1078));
#2183=IFCINDEXEDPOLYGONALFACE((1070,1051,503));
#2184=IFCINDEXEDPOLYGONALFACE((1051,1317,1080));
#2185=IFCINDEXEDPOLYGONALFACE((1071,994,995));
#2186=IFCINDEXEDPOLYGONALFACE((1072,1093,1071));
#2187=IFCINDEXEDPOLYGONALFACE((1096,1072,1053));
#2188=IFCINDEXEDPOLYGONALFACE((1094,1053,1062));
#2189=IFCINDEXEDPOLYGONALFACE((1062,1054,1073));
#2190=IFCINDEXEDPOLYGONALFACE((1097,1054,1064));
#2191=IFCINDEXEDPOLYGONALFACE((1083,1064,1065));
#2192=IFCINDEXEDPOLYGONALFACE((1078,1061,1074));
#2193=IFCINDEXEDPOLYGONALFACE((1084,1074,1075));
#2194=IFCINDEXEDPOLYGONALFACE((1084,1075,1067));
#2195=IFCINDEXEDPOLYGONALFACE((511,1076,1069));
#2196=IFCINDEXEDPOLYGONALFACE((1076,1086,1069));
#2197=IFCINDEXEDPOLYGONALFACE((1107,1059,1086));
#2198=IFCINDEXEDPOLYGONALFACE((1107,1077,1059));
#2199=IFCINDEXEDPOLYGONALFACE((1108,1067,1077));
#2200=IFCINDEXEDPOLYGONALFACE((1087,1065,1078));
#2201=IFCINDEXEDPOLYGONALFACE((503,1051,1079));
#2202=IFCINDEXEDPOLYGONALFACE((1079,1051,1080));
#2203=IFCINDEXEDPOLYGONALFACE((1080,1317,1092));
#2204=IFCINDEXEDPOLYGONALFACE((1071,1103,994));
#2205=IFCINDEXEDPOLYGONALFACE((1081,1093,1072));
#2206=IFCINDEXEDPOLYGONALFACE((1093,1103,1071));
#2207=IFCINDEXEDPOLYGONALFACE((1096,1053,1094));
#2208=IFCINDEXEDPOLYGONALFACE((1096,1081,1072));
#2209=IFCINDEXEDPOLYGONALFACE((1094,1062,1082));
#2210=IFCINDEXEDPOLYGONALFACE((1104,1062,1073));
#2211=IFCINDEXEDPOLYGONALFACE((1097,1073,1054));
#2212=IFCINDEXEDPOLYGONALFACE((1097,1064,1083));
#2213=IFCINDEXEDPOLYGONALFACE((1083,1065,1087));
#2214=IFCINDEXEDPOLYGONALFACE((1078,1074,1084));
#2215=IFCINDEXEDPOLYGONALFACE((1084,1067,1099));
#2216=IFCINDEXEDPOLYGONALFACE((1076,1085,1086));
#2217=IFCINDEXEDPOLYGONALFACE((508,1107,1086));
#2218=IFCINDEXEDPOLYGONALFACE((1107,1108,1077));
#2219=IFCINDEXEDPOLYGONALFACE((1099,1067,1108));
#2220=IFCINDEXEDPOLYGONALFACE((1087,1078,1088));
#2221=IFCINDEXEDPOLYGONALFACE((503,1079,1089));
#2222=IFCINDEXEDPOLYGONALFACE((1090,1079,1080));
#2223=IFCINDEXEDPOLYGONALFACE((1080,1092,1091));
#2224=IFCINDEXEDPOLYGONALFACE((1092,994,1103));
#2225=IFCINDEXEDPOLYGONALFACE((1112,1093,1081));
#2226=IFCINDEXEDPOLYGONALFACE((1102,1103,1093));
#2227=IFCINDEXEDPOLYGONALFACE((1113,1096,1094));
#2228=IFCINDEXEDPOLYGONALFACE((1095,1081,1096));
#2229=IFCINDEXEDPOLYGONALFACE((1082,1062,1104));
#2230=IFCINDEXEDPOLYGONALFACE((1123,1094,1082));
#2231=IFCINDEXEDPOLYGONALFACE((1104,1073,1097));
#2232=IFCINDEXEDPOLYGONALFACE((1106,1097,1083));
#2233=IFCINDEXEDPOLYGONALFACE((1105,1083,1087));
#2234=IFCINDEXEDPOLYGONALFACE((1088,1078,1084));
#2235=IFCINDEXEDPOLYGONALFACE((1088,1084,1099));
#2236=IFCINDEXEDPOLYGONALFACE((508,1086,1085));
#2237=IFCINDEXEDPOLYGONALFACE((1098,1107,508));
#2238=IFCINDEXEDPOLYGONALFACE((1129,1108,1107));
#2239=IFCINDEXEDPOLYGONALFACE((1109,1099,1108));
#2240=IFCINDEXEDPOLYGONALFACE((1121,1087,1088));
#2241=IFCINDEXEDPOLYGONALFACE((1089,1079,1090));
#2242=IFCINDEXEDPOLYGONALFACE((1090,1080,1100));
#2243=IFCINDEXEDPOLYGONALFACE((1100,1080,1091));
#2244=IFCINDEXEDPOLYGONALFACE((1091,1092,1103));
#2245=IFCINDEXEDPOLYGONALFACE((1101,1112,1081));
#2246=IFCINDEXEDPOLYGONALFACE((1112,1102,1093));
#2247=IFCINDEXEDPOLYGONALFACE((1102,1091,1103));
#2248=IFCINDEXEDPOLYGONALFACE((1113,1094,1123));
#2249=IFCINDEXEDPOLYGONALFACE((1113,1095,1096));
#2250=IFCINDEXEDPOLYGONALFACE((1095,1101,1081));
#2251=IFCINDEXEDPOLYGONALFACE((1114,1082,1104));
#2252=IFCINDEXEDPOLYGONALFACE((1123,1082,1126));
#2253=IFCINDEXEDPOLYGONALFACE((1116,1104,1097));
#2254=IFCINDEXEDPOLYGONALFACE((1106,1083,1105));
#2255=IFCINDEXEDPOLYGONALFACE((1116,1097,1106));
#2256=IFCINDEXEDPOLYGONALFACE((1105,1087,1120));
#2257=IFCINDEXEDPOLYGONALFACE((1088,1099,1118));
#2258=IFCINDEXEDPOLYGONALFACE((1098,1129,1107));
#2259=IFCINDEXEDPOLYGONALFACE((1129,1109,1108));
#2260=IFCINDEXEDPOLYGONALFACE((1117,1099,1109));
#2261=IFCINDEXEDPOLYGONALFACE((1121,1088,1110));
#2262=IFCINDEXEDPOLYGONALFACE((1120,1087,1121));
#2263=IFCINDEXEDPOLYGONALFACE((1089,1090,494));
#2264=IFCINDEXEDPOLYGONALFACE((1111,1090,1100));
#2265=IFCINDEXEDPOLYGONALFACE((1100,1091,1102));
#2266=IFCINDEXEDPOLYGONALFACE((1144,1112,1101));
#2267=IFCINDEXEDPOLYGONALFACE((1122,1102,1112));
#2268=IFCINDEXEDPOLYGONALFACE((1124,1113,1123));
#2269=IFCINDEXEDPOLYGONALFACE((1132,1095,1113));
#2270=IFCINDEXEDPOLYGONALFACE((1133,1101,1095));
#2271=IFCINDEXEDPOLYGONALFACE((1126,1082,1114));
#2272=IFCINDEXEDPOLYGONALFACE((1116,1114,1104));
#2273=IFCINDEXEDPOLYGONALFACE((1115,1123,1126));
#2274=IFCINDEXEDPOLYGONALFACE((1105,1125,1106));
#2275=IFCINDEXEDPOLYGONALFACE((1125,1116,1106));
#2276=IFCINDEXEDPOLYGONALFACE((1147,1105,1120));
#2277=IFCINDEXEDPOLYGONALFACE((1118,1099,1117));
#2278=IFCINDEXEDPOLYGONALFACE((1119,1088,1118));
#2279=IFCINDEXEDPOLYGONALFACE((507,1129,1098));
#2280=IFCINDEXEDPOLYGONALFACE((1129,1117,1109));
#2281=IFCINDEXEDPOLYGONALFACE((1110,1088,1119));
#2282=IFCINDEXEDPOLYGONALFACE((1140,1121,1110));
#2283=IFCINDEXEDPOLYGONALFACE((1148,1120,1121));
#2284=IFCINDEXEDPOLYGONALFACE((494,1090,1130));
#2285=IFCINDEXEDPOLYGONALFACE((1111,1100,1122));
#2286=IFCINDEXEDPOLYGONALFACE((1130,1090,1111));
#2287=IFCINDEXEDPOLYGONALFACE((1122,1100,1102));
#2288=IFCINDEXEDPOLYGONALFACE((1142,1144,1101));
#2289=IFCINDEXEDPOLYGONALFACE((1144,1122,1112));
#2290=IFCINDEXEDPOLYGONALFACE((1127,1124,1123));
#2291=IFCINDEXEDPOLYGONALFACE((1124,1132,1113));
#2292=IFCINDEXEDPOLYGONALFACE((1132,1133,1095));
#2293=IFCINDEXEDPOLYGONALFACE((1133,1145,1101));
#2294=IFCINDEXEDPOLYGONALFACE((1125,1126,1114));
#2295=IFCINDEXEDPOLYGONALFACE((1125,1114,1116));
#2296=IFCINDEXEDPOLYGONALFACE((1134,1115,1126));
#2297=IFCINDEXEDPOLYGONALFACE((1115,1127,1123));
#2298=IFCINDEXEDPOLYGONALFACE((1147,1125,1105));
#2299=IFCINDEXEDPOLYGONALFACE((1147,1120,1148));
#2300=IFCINDEXEDPOLYGONALFACE((1149,1118,1117));
#2301=IFCINDEXEDPOLYGONALFACE((1128,1119,1118));
#2302=IFCINDEXEDPOLYGONALFACE((507,1157,1129));
#2303=IFCINDEXEDPOLYGONALFACE((1157,1117,1129));
#2304=IFCINDEXEDPOLYGONALFACE((1140,1110,1119));
#2305=IFCINDEXEDPOLYGONALFACE((1148,1121,1140));
#2306=IFCINDEXEDPOLYGONALFACE((1141,1111,1122));
#2307=IFCINDEXEDPOLYGONALFACE((1130,1111,1131));
#2308=IFCINDEXEDPOLYGONALFACE((1142,1162,1144));
#2309=IFCINDEXEDPOLYGONALFACE((1145,1142,1101));
#2310=IFCINDEXEDPOLYGONALFACE((1141,1122,1144));
#2311=IFCINDEXEDPOLYGONALFACE((1127,1165,1124));
#2312=IFCINDEXEDPOLYGONALFACE((1165,1132,1124));
#2313=IFCINDEXEDPOLYGONALFACE((1180,1133,1132));
#2314=IFCINDEXEDPOLYGONALFACE((1180,1145,1133));
#2315=IFCINDEXEDPOLYGONALFACE((1125,1134,1126));
#2316=IFCINDEXEDPOLYGONALFACE((1134,1146,1115));
#2317=IFCINDEXEDPOLYGONALFACE((1135,1127,1115));
#2318=IFCINDEXEDPOLYGONALFACE((1147,1134,1125));
#2319=IFCINDEXEDPOLYGONALFACE((1148,1136,1147));
#2320=IFCINDEXEDPOLYGONALFACE((1157,1149,1117));
#2321=IFCINDEXEDPOLYGONALFACE((1137,1118,1149));
#2322=IFCINDEXEDPOLYGONALFACE((1150,1128,1118));
#2323=IFCINDEXEDPOLYGONALFACE((1138,1119,1128));
#2324=IFCINDEXEDPOLYGONALFACE((501,1157,507));
#2325=IFCINDEXEDPOLYGONALFACE((1140,1119,1138));
#2326=IFCINDEXEDPOLYGONALFACE((1140,1139,1148));
#2327=IFCINDEXEDPOLYGONALFACE((1131,1111,1141));
#2328=IFCINDEXEDPOLYGONALFACE((1152,1162,1142));
#2329=IFCINDEXEDPOLYGONALFACE((1162,1143,1144));
#2330=IFCINDEXEDPOLYGONALFACE((1161,1142,1145));
#2331=IFCINDEXEDPOLYGONALFACE((1143,1141,1144));
#2332=IFCINDEXEDPOLYGONALFACE((1135,1165,1127));
#2333=IFCINDEXEDPOLYGONALFACE((1165,1166,1132));
#2334=IFCINDEXEDPOLYGONALFACE((1166,1180,1132));
#2335=IFCINDEXEDPOLYGONALFACE((1180,1161,1145));
#2336=IFCINDEXEDPOLYGONALFACE((1136,1146,1134));
#2337=IFCINDEXEDPOLYGONALFACE((1146,1135,1115));
#2338=IFCINDEXEDPOLYGONALFACE((1147,1136,1134));
#2339=IFCINDEXEDPOLYGONALFACE((1148,1155,1136));
#2340=IFCINDEXEDPOLYGONALFACE((1157,1137,1149));
#2341=IFCINDEXEDPOLYGONALFACE((1137,1150,1118));
#2342=IFCINDEXEDPOLYGONALFACE((1156,1128,1150));
#2343=IFCINDEXEDPOLYGONALFACE((1156,1138,1128));
#2344=IFCINDEXEDPOLYGONALFACE((501,1169,1157));
#2345=IFCINDEXEDPOLYGONALFACE((1138,1158,1140));
#2346=IFCINDEXEDPOLYGONALFACE((1158,1139,1140));
#2347=IFCINDEXEDPOLYGONALFACE((1139,1155,1148));
#2348=IFCINDEXEDPOLYGONALFACE((1131,1141,1151));
#2349=IFCINDEXEDPOLYGONALFACE((1152,1160,1162));
#2350=IFCINDEXEDPOLYGONALFACE((1161,1152,1142));
#2351=IFCINDEXEDPOLYGONALFACE((1162,1175,1143));
#2352=IFCINDEXEDPOLYGONALFACE((1151,1141,1143));
#2353=IFCINDEXEDPOLYGONALFACE((1135,1164,1165));
#2354=IFCINDEXEDPOLYGONALFACE((1165,1153,1166));
#2355=IFCINDEXEDPOLYGONALFACE((1166,1154,1180));
#2356=IFCINDEXEDPOLYGONALFACE((1182,1161,1180));
#2357=IFCINDEXEDPOLYGONALFACE((1136,1135,1146));
#2358=IFCINDEXEDPOLYGONALFACE((1155,1191,1136));
#2359=IFCINDEXEDPOLYGONALFACE((1157,1168,1137));
#2360=IFCINDEXEDPOLYGONALFACE((1137,1167,1150));
#2361=IFCINDEXEDPOLYGONALFACE((1167,1156,1150));
#2362=IFCINDEXEDPOLYGONALFACE((1156,1183,1138));
#2363=IFCINDEXEDPOLYGONALFACE((501,500,1169));
#2364=IFCINDEXEDPOLYGONALFACE((1169,1168,1157));
#2365=IFCINDEXEDPOLYGONALFACE((1183,1158,1138));
#2366=IFCINDEXEDPOLYGONALFACE((1158,1171,1139));
#2367=IFCINDEXEDPOLYGONALFACE((1139,1159,1155));
#2368=IFCINDEXEDPOLYGONALFACE((1206,1160,1152));
#2369=IFCINDEXEDPOLYGONALFACE((1160,1163,1162));
#2370=IFCINDEXEDPOLYGONALFACE((1188,1152,1161));
#2371=IFCINDEXEDPOLYGONALFACE((1163,1175,1162));
#2372=IFCINDEXEDPOLYGONALFACE((1175,488,1143));
#2373=IFCINDEXEDPOLYGONALFACE((1143,488,1151));
#2374=IFCINDEXEDPOLYGONALFACE((1191,1164,1135));
#2375=IFCINDEXEDPOLYGONALFACE((1164,1178,1165));
#2376=IFCINDEXEDPOLYGONALFACE((1178,1153,1165));
#2377=IFCINDEXEDPOLYGONALFACE((1153,1154,1166));
#2378=IFCINDEXEDPOLYGONALFACE((1177,1180,1154));
#2379=IFCINDEXEDPOLYGONALFACE((1181,1182,1180));
#2380=IFCINDEXEDPOLYGONALFACE((1182,1174,1161));
#2381=IFCINDEXEDPOLYGONALFACE((1136,1191,1135));
#2382=IFCINDEXEDPOLYGONALFACE((1155,1159,1191));
#2383=IFCINDEXEDPOLYGONALFACE((1168,1167,1137));
#2384=IFCINDEXEDPOLYGONALFACE((1167,1193,1156));
#2385=IFCINDEXEDPOLYGONALFACE((1193,1183,1156));
#2386=IFCINDEXEDPOLYGONALFACE((500,1185,1169));
#2387=IFCINDEXEDPOLYGONALFACE((1169,1170,1168));
#2388=IFCINDEXEDPOLYGONALFACE((1183,1172,1158));
#2389=IFCINDEXEDPOLYGONALFACE((1158,1172,1171));
#2390=IFCINDEXEDPOLYGONALFACE((1139,1171,1173));
#2391=IFCINDEXEDPOLYGONALFACE((1139,1173,1159));
#2392=IFCINDEXEDPOLYGONALFACE((1188,1206,1152));
#2393=IFCINDEXEDPOLYGONALFACE((1206,1163,1160));
#2394=IFCINDEXEDPOLYGONALFACE((1174,1188,1161));
#2395=IFCINDEXEDPOLYGONALFACE((1163,1190,1175));
#2396=IFCINDEXEDPOLYGONALFACE((1175,1176,488));
#2397=IFCINDEXEDPOLYGONALFACE((1191,1178,1164));
#2398=IFCINDEXEDPOLYGONALFACE((1178,1177,1153));
#2399=IFCINDEXEDPOLYGONALFACE((1153,1177,1154));
#2400=IFCINDEXEDPOLYGONALFACE((1177,1179,1180));
#2401=IFCINDEXEDPOLYGONALFACE((1179,1181,1180));
#2402=IFCINDEXEDPOLYGONALFACE((1198,1182,1181));
#2403=IFCINDEXEDPOLYGONALFACE((1211,1174,1182));
#2404=IFCINDEXEDPOLYGONALFACE((1173,1191,1159));
#2405=IFCINDEXEDPOLYGONALFACE((1170,1167,1168));
#2406=IFCINDEXEDPOLYGONALFACE((1185,1193,1167));
#2407=IFCINDEXEDPOLYGONALFACE((1193,1214,1183));
#2408=IFCINDEXEDPOLYGONALFACE((500,1184,1185));
#2409=IFCINDEXEDPOLYGONALFACE((1183,1214,1172));
#2410=IFCINDEXEDPOLYGONALFACE((1172,1201,1171));
#2411=IFCINDEXEDPOLYGONALFACE((1171,1203,1173));
#2412=IFCINDEXEDPOLYGONALFACE((1186,1206,1188));
#2413=IFCINDEXEDPOLYGONALFACE((1206,1187,1163));
#2414=IFCINDEXEDPOLYGONALFACE((1210,1188,1174));
#2415=IFCINDEXEDPOLYGONALFACE((1189,1190,1163));
#2416=IFCINDEXEDPOLYGONALFACE((1190,1176,1175));
#2417=IFCINDEXEDPOLYGONALFACE((1191,1195,1178));
#2418=IFCINDEXEDPOLYGONALFACE((1178,1179,1177));
#2419=IFCINDEXEDPOLYGONALFACE((1179,1209,1181));
#2420=IFCINDEXEDPOLYGONALFACE((1209,1198,1181));
#2421=IFCINDEXEDPOLYGONALFACE((1198,1199,1182));
#2422=IFCINDEXEDPOLYGONALFACE((1199,1211,1182));
#2423=IFCINDEXEDPOLYGONALFACE((1211,1192,1174));
#2424=IFCINDEXEDPOLYGONALFACE((1173,1208,1191));
#2425=IFCINDEXEDPOLYGONALFACE((1170,1185,1167));
#2426=IFCINDEXEDPOLYGONALFACE((1185,1200,1193));
#2427=IFCINDEXEDPOLYGONALFACE((1193,1213,1214));
#2428=IFCINDEXEDPOLYGONALFACE((1184,1200,1185));
#2429=IFCINDEXEDPOLYGONALFACE((1214,1217,1172));
#2430=IFCINDEXEDPOLYGONALFACE((1172,1217,1201));
#2431=IFCINDEXEDPOLYGONALFACE((1171,1201,1202));
#2432=IFCINDEXEDPOLYGONALFACE((1171,1202,1203));
#2433=IFCINDEXEDPOLYGONALFACE((1173,1203,1194));
#2434=IFCINDEXEDPOLYGONALFACE((1186,1205,1206));
#2435=IFCINDEXEDPOLYGONALFACE((1210,1186,1188));
#2436=IFCINDEXEDPOLYGONALFACE((1207,1187,1206));
#2437=IFCINDEXEDPOLYGONALFACE((1187,1189,1163));
#2438=IFCINDEXEDPOLYGONALFACE((1192,1210,1174));
#2439=IFCINDEXEDPOLYGONALFACE((1208,1195,1191));
#2440=IFCINDEXEDPOLYGONALFACE((1195,1196,1178));
#2441=IFCINDEXEDPOLYGONALFACE((1178,1197,1179));
#2442=IFCINDEXEDPOLYGONALFACE((1197,1198,1209));
#2443=IFCINDEXEDPOLYGONALFACE((1197,1199,1198));
#2444=IFCINDEXEDPOLYGONALFACE((1197,1211,1199));
#2445=IFCINDEXEDPOLYGONALFACE((1173,1194,1208));
#2446=IFCINDEXEDPOLYGONALFACE((1200,1213,1193));
#2447=IFCINDEXEDPOLYGONALFACE((1213,1220,1214));
#2448=IFCINDEXEDPOLYGONALFACE((1184,1212,1200));
#2449=IFCINDEXEDPOLYGONALFACE((1214,1216,1217));
#2450=IFCINDEXEDPOLYGONALFACE((1217,1229,1201));
#2451=IFCINDEXEDPOLYGONALFACE((1201,1229,1202));
#2452=IFCINDEXEDPOLYGONALFACE((1202,1229,1203));
#2453=IFCINDEXEDPOLYGONALFACE((1203,1204,1194));
#2454=IFCINDEXEDPOLYGONALFACE((1205,1207,1206));
#2455=IFCINDEXEDPOLYGONALFACE((1207,1218,1187));
#2456=IFCINDEXEDPOLYGONALFACE((1225,1189,1187));
#2457=IFCINDEXEDPOLYGONALFACE((1208,1219,1195));
#2458=IFCINDEXEDPOLYGONALFACE((1195,1219,1196));
#2459=IFCINDEXEDPOLYGONALFACE((1196,1197,1178));
#2460=IFCINDEXEDPOLYGONALFACE((1197,1209,1179));
#2461=IFCINDEXEDPOLYGONALFACE((1197,1210,1211));
#2462=IFCINDEXEDPOLYGONALFACE((1194,1204,1208));
#2463=IFCINDEXEDPOLYGONALFACE((1200,1212,1213));
#2464=IFCINDEXEDPOLYGONALFACE((1213,1226,1220));
#2465=IFCINDEXEDPOLYGONALFACE((1220,1215,1214));
#2466=IFCINDEXEDPOLYGONALFACE((1184,499,1212));
#2467=IFCINDEXEDPOLYGONALFACE((1214,1215,1216));
#2468=IFCINDEXEDPOLYGONALFACE((1216,1222,1217));
#2469=IFCINDEXEDPOLYGONALFACE((1217,1222,1229));
#2470=IFCINDEXEDPOLYGONALFACE((1203,1229,1204));
#2471=IFCINDEXEDPOLYGONALFACE((1231,1207,1205));
#2472=IFCINDEXEDPOLYGONALFACE((1218,1224,1187));
#2473=IFCINDEXEDPOLYGONALFACE((1231,1218,1207));
#2474=IFCINDEXEDPOLYGONALFACE((1224,1225,1187));
#2475=IFCINDEXEDPOLYGONALFACE((1204,1219,1208));
#2476=IFCINDEXEDPOLYGONALFACE((1219,1197,1196));
#2477=IFCINDEXEDPOLYGONALFACE((1197,1205,1210));
#2478=IFCINDEXEDPOLYGONALFACE((1212,1227,1213));
#2479=IFCINDEXEDPOLYGONALFACE((1227,1226,1213));
#2480=IFCINDEXEDPOLYGONALFACE((1220,1226,1221));
#2481=IFCINDEXEDPOLYGONALFACE((1220,1221,1215));
#2482=IFCINDEXEDPOLYGONALFACE((499,1227,1212));
#2483=IFCINDEXEDPOLYGONALFACE((1215,1222,1216));
#2484=IFCINDEXEDPOLYGONALFACE((1222,1228,1229));
#2485=IFCINDEXEDPOLYGONALFACE((1229,1230,1204));
#2486=IFCINDEXEDPOLYGONALFACE((1223,1231,1205));
#2487=IFCINDEXEDPOLYGONALFACE((1231,1224,1218));
#2488=IFCINDEXEDPOLYGONALFACE((1232,1225,1224));
#2489=IFCINDEXEDPOLYGONALFACE((1204,487,1219));
#2490=IFCINDEXEDPOLYGONALFACE((1219,1223,1197));
#2491=IFCINDEXEDPOLYGONALFACE((1197,1223,1205));
#2492=IFCINDEXEDPOLYGONALFACE((497,1226,1227));
#2493=IFCINDEXEDPOLYGONALFACE((1226,1237,1221));
#2494=IFCINDEXEDPOLYGONALFACE((1215,1221,1239));
#2495=IFCINDEXEDPOLYGONALFACE((499,497,1227));
#2496=IFCINDEXEDPOLYGONALFACE((1215,1239,1222));
#2497=IFCINDEXEDPOLYGONALFACE((1233,1228,1222));
#2498=IFCINDEXEDPOLYGONALFACE((1228,1230,1229));
#2499=IFCINDEXEDPOLYGONALFACE((1230,487,1204));
#2500=IFCINDEXEDPOLYGONALFACE((1223,1234,1231));
#2501=IFCINDEXEDPOLYGONALFACE((1231,1232,1224));
#2502=IFCINDEXEDPOLYGONALFACE((482,1225,1232));
#2503=IFCINDEXEDPOLYGONALFACE((487,485,1219));
#2504=IFCINDEXEDPOLYGONALFACE((1219,1234,1223));
#2505=IFCINDEXEDPOLYGONALFACE((497,496,1226));
#2506=IFCINDEXEDPOLYGONALFACE((1226,1236,1237));
#2507=IFCINDEXEDPOLYGONALFACE((1221,1237,1239));
#2508=IFCINDEXEDPOLYGONALFACE((1239,1238,1222));
#2509=IFCINDEXEDPOLYGONALFACE((1238,1233,1222));
#2510=IFCINDEXEDPOLYGONALFACE((1234,1235,1231));
#2511=IFCINDEXEDPOLYGONALFACE((1235,1232,1231));
#2512=IFCINDEXEDPOLYGONALFACE((1235,482,1232));
#2513=IFCINDEXEDPOLYGONALFACE((1219,485,1234));
#2514=IFCINDEXEDPOLYGONALFACE((496,1236,1226));
#2515=IFCINDEXEDPOLYGONALFACE((1236,492,1237));
#2516=IFCINDEXEDPOLYGONALFACE((1237,490,1239));
#2517=IFCINDEXEDPOLYGONALFACE((490,1238,1239));
#2518=IFCINDEXEDPOLYGONALFACE((485,1235,1234));
#2519=IFCINDEXEDPOLYGONALFACE((483,482,1235));
#2520=IFCINDEXEDPOLYGONALFACE((496,492,1236));
#2521=IFCINDEXEDPOLYGONALFACE((492,491,1237));
#2522=IFCINDEXEDPOLYGONALFACE((491,490,1237));
#2523=IFCINDEXEDPOLYGONALFACE((485,484,1235));
#2524=IFCINDEXEDPOLYGONALFACE((484,483,1235));
#2525=IFCINDEXEDPOLYGONALFACE((745,1241,1333));
#2526=IFCINDEXEDPOLYGONALFACE((1241,1240,1333));
#2527=IFCINDEXEDPOLYGONALFACE((745,1333,1335));
#2528=IFCINDEXEDPOLYGONALFACE((1241,744,1240));
#2529=IFCINDEXEDPOLYGONALFACE((1242,745,1335));
#2530=IFCINDEXEDPOLYGONALFACE((744,1243,1240));
#2531=IFCINDEXEDPOLYGONALFACE((1242,747,745));
#2532=IFCINDEXEDPOLYGONALFACE((744,1244,1243));
#2533=IFCINDEXEDPOLYGONALFACE((1246,747,1242));
#2534=IFCINDEXEDPOLYGONALFACE((1244,1245,1243));
#2535=IFCINDEXEDPOLYGONALFACE((1247,1246,1242));
#2536=IFCINDEXEDPOLYGONALFACE((1243,1245,1248));
#2537=IFCINDEXEDPOLYGONALFACE((1247,748,1246));
#2538=IFCINDEXEDPOLYGONALFACE((1245,740,1248));
#2539=IFCINDEXEDPOLYGONALFACE((749,748,1247));
#2540=IFCINDEXEDPOLYGONALFACE((1248,740,1332));
#2541=IFCINDEXEDPOLYGONALFACE((1337,749,1247));
#2542=IFCINDEXEDPOLYGONALFACE((740,1249,1332));
#2543=IFCINDEXEDPOLYGONALFACE((1251,749,1337));
#2544=IFCINDEXEDPOLYGONALFACE((1250,1249,740));
#2545=IFCINDEXEDPOLYGONALFACE((1338,1251,1337));
#2546=IFCINDEXEDPOLYGONALFACE((1250,1331,1249));
#2547=IFCINDEXEDPOLYGONALFACE((1251,1338,751));
#2548=IFCINDEXEDPOLYGONALFACE((738,1331,1250));
#2549=IFCINDEXEDPOLYGONALFACE((751,1338,1336));
#2550=IFCINDEXEDPOLYGONALFACE((738,1252,1331));
#2551=IFCINDEXEDPOLYGONALFACE((751,1336,1253));
#2552=IFCINDEXEDPOLYGONALFACE((736,1252,738));
#2553=IFCINDEXEDPOLYGONALFACE((1253,1336,1254));
#2554=IFCINDEXEDPOLYGONALFACE((736,1330,1252));
#2555=IFCINDEXEDPOLYGONALFACE((1253,1254,753));
#2556=IFCINDEXEDPOLYGONALFACE((733,1330,736));
#2557=IFCINDEXEDPOLYGONALFACE((753,1254,755));
#2558=IFCINDEXEDPOLYGONALFACE((731,1330,733));
#2559=IFCINDEXEDPOLYGONALFACE((755,1254,1334));
#2560=IFCINDEXEDPOLYGONALFACE((731,1255,1330));
#2561=IFCINDEXEDPOLYGONALFACE((755,1334,756));
#2562=IFCINDEXEDPOLYGONALFACE((1256,1255,731));
#2563=IFCINDEXEDPOLYGONALFACE((756,1334,1324));
#2564=IFCINDEXEDPOLYGONALFACE((1256,1257,1255));
#2565=IFCINDEXEDPOLYGONALFACE((756,1324,757));
#2566=IFCINDEXEDPOLYGONALFACE((728,1257,1256));
#2567=IFCINDEXEDPOLYGONALFACE((757,1324,760));
#2568=IFCINDEXEDPOLYGONALFACE((728,1260,1257));
#2569=IFCINDEXEDPOLYGONALFACE((760,1324,1258));
#2570=IFCINDEXEDPOLYGONALFACE((1261,1260,728));
#2571=IFCINDEXEDPOLYGONALFACE((760,1258,1259));
#2572=IFCINDEXEDPOLYGONALFACE((1261,1263,1260));
#2573=IFCINDEXEDPOLYGONALFACE((1259,1258,1262));
#2574=IFCINDEXEDPOLYGONALFACE((726,1263,1261));
#2575=IFCINDEXEDPOLYGONALFACE((761,1259,1262));
#2576=IFCINDEXEDPOLYGONALFACE((729,1263,726));
#2577=IFCINDEXEDPOLYGONALFACE((761,1262,1321));
#2578=IFCINDEXEDPOLYGONALFACE((729,1329,1263));
#2579=IFCINDEXEDPOLYGONALFACE((762,761,1321));
#2580=IFCINDEXEDPOLYGONALFACE((729,1265,1329));
#2581=IFCINDEXEDPOLYGONALFACE((762,1321,1264));
#2582=IFCINDEXEDPOLYGONALFACE((1266,1265,729));
#2583=IFCINDEXEDPOLYGONALFACE((762,1264,1267));
#2584=IFCINDEXEDPOLYGONALFACE((1266,1328,1265));
#2585=IFCINDEXEDPOLYGONALFACE((1267,1264,1269));
#2586=IFCINDEXEDPOLYGONALFACE((1268,1328,1266));
#2587=IFCINDEXEDPOLYGONALFACE((1267,1269,764));
#2588=IFCINDEXEDPOLYGONALFACE((1327,1328,1268));
#2589=IFCINDEXEDPOLYGONALFACE((1269,1322,764));
#2590=IFCINDEXEDPOLYGONALFACE((1327,1268,732));
#2591=IFCINDEXEDPOLYGONALFACE((764,1322,1271));
#2592=IFCINDEXEDPOLYGONALFACE((1270,1327,732));
#2593=IFCINDEXEDPOLYGONALFACE((1322,1272,1271));
#2594=IFCINDEXEDPOLYGONALFACE((1270,732,734));
#2595=IFCINDEXEDPOLYGONALFACE((1271,1272,765));
#2596=IFCINDEXEDPOLYGONALFACE((1273,1270,734));
#2597=IFCINDEXEDPOLYGONALFACE((1272,1323,765));
#2598=IFCINDEXEDPOLYGONALFACE((739,1273,734));
#2599=IFCINDEXEDPOLYGONALFACE((765,1323,554));
#2600=IFCINDEXEDPOLYGONALFACE((1274,1273,739));
#2601=IFCINDEXEDPOLYGONALFACE((1323,1275,554));
#2602=IFCINDEXEDPOLYGONALFACE((1276,1274,739));
#2603=IFCINDEXEDPOLYGONALFACE((554,1275,766));
#2604=IFCINDEXEDPOLYGONALFACE((1326,1274,1276));
#2605=IFCINDEXEDPOLYGONALFACE((1275,1325,766));
#2606=IFCINDEXEDPOLYGONALFACE((742,1326,1276));
#2607=IFCINDEXEDPOLYGONALFACE((766,1325,742));
#2608=IFCINDEXEDPOLYGONALFACE((1325,1326,742));
#2609=IFCINDEXEDPOLYGONALFACE((1360,857,1277));
#2610=IFCINDEXEDPOLYGONALFACE((1357,1360,1277));
#2611=IFCINDEXEDPOLYGONALFACE((1360,1278,857));
#2612=IFCINDEXEDPOLYGONALFACE((1357,1277,862));
#2613=IFCINDEXEDPOLYGONALFACE((1278,1281,857));
#2614=IFCINDEXEDPOLYGONALFACE((1280,1357,862));
#2615=IFCINDEXEDPOLYGONALFACE((1278,1279,1281));
#2616=IFCINDEXEDPOLYGONALFACE((1280,862,861));
#2617=IFCINDEXEDPOLYGONALFACE((1279,855,1281));
#2618=IFCINDEXEDPOLYGONALFACE((1282,1280,861));
#2619=IFCINDEXEDPOLYGONALFACE((1279,1283,855));
#2620=IFCINDEXEDPOLYGONALFACE((860,1282,861));
#2621=IFCINDEXEDPOLYGONALFACE((1283,850,855));
#2622=IFCINDEXEDPOLYGONALFACE((1351,1282,860));
#2623=IFCINDEXEDPOLYGONALFACE((1283,1285,850));
#2624=IFCINDEXEDPOLYGONALFACE((1284,1351,860));
#2625=IFCINDEXEDPOLYGONALFACE((1285,849,850));
#2626=IFCINDEXEDPOLYGONALFACE((1287,1351,1284));
#2627=IFCINDEXEDPOLYGONALFACE((1285,1286,849));
#2628=IFCINDEXEDPOLYGONALFACE((1288,1287,1284));
#2629=IFCINDEXEDPOLYGONALFACE((1286,846,849));
#2630=IFCINDEXEDPOLYGONALFACE((1348,1287,1288));
#2631=IFCINDEXEDPOLYGONALFACE((1286,1291,846));
#2632=IFCINDEXEDPOLYGONALFACE((1290,1348,1288));
#2633=IFCINDEXEDPOLYGONALFACE((1291,1289,846));
#2634=IFCINDEXEDPOLYGONALFACE((1290,1292,1348));
#2635=IFCINDEXEDPOLYGONALFACE((1293,1289,1291));
#2636=IFCINDEXEDPOLYGONALFACE((851,1292,1290));
#2637=IFCINDEXEDPOLYGONALFACE((1293,1294,1289));
#2638=IFCINDEXEDPOLYGONALFACE((851,1343,1292));
#2639=IFCINDEXEDPOLYGONALFACE((1365,1294,1293));
#2640=IFCINDEXEDPOLYGONALFACE((1297,1343,851));
#2641=IFCINDEXEDPOLYGONALFACE((1365,1298,1294));
#2642=IFCINDEXEDPOLYGONALFACE((1297,1296,1343));
#2643=IFCINDEXEDPOLYGONALFACE((1295,1298,1365));
#2644=IFCINDEXEDPOLYGONALFACE((1299,1296,1297));
#2645=IFCINDEXEDPOLYGONALFACE((1295,837,1298));
#2646=IFCINDEXEDPOLYGONALFACE((1299,1300,1296));
#2647=IFCINDEXEDPOLYGONALFACE((1361,837,1295));
#2648=IFCINDEXEDPOLYGONALFACE((1302,1300,1299));
#2649=IFCINDEXEDPOLYGONALFACE((836,837,1361));
#2650=IFCINDEXEDPOLYGONALFACE((1302,1301,1300));
#2651=IFCINDEXEDPOLYGONALFACE((1362,836,1361));
#2652=IFCINDEXEDPOLYGONALFACE((1302,844,1301));
#2653=IFCINDEXEDPOLYGONALFACE((1303,836,1362));
#2654=IFCINDEXEDPOLYGONALFACE((844,1340,1301));
#2655=IFCINDEXEDPOLYGONALFACE((1306,1303,1362));
#2656=IFCINDEXEDPOLYGONALFACE((844,1304,1340));
#2657=IFCINDEXEDPOLYGONALFACE((835,1303,1306));
#2658=IFCINDEXEDPOLYGONALFACE((1304,1305,1340));
#2659=IFCINDEXEDPOLYGONALFACE((1355,835,1306));
#2660=IFCINDEXEDPOLYGONALFACE((1304,1307,1305));
#2661=IFCINDEXEDPOLYGONALFACE((833,835,1355));
#2662=IFCINDEXEDPOLYGONALFACE((1307,1345,1305));
#2663=IFCINDEXEDPOLYGONALFACE((833,1355,1308));
#2664=IFCINDEXEDPOLYGONALFACE((1307,1309,1345));
#2665=IFCINDEXEDPOLYGONALFACE((832,833,1308));
#2666=IFCINDEXEDPOLYGONALFACE((1309,1310,1345));
#2667=IFCINDEXEDPOLYGONALFACE((832,1308,1311));
#2668=IFCINDEXEDPOLYGONALFACE((1309,1312,1310));
#2669=IFCINDEXEDPOLYGONALFACE((834,832,1311));
#2670=IFCINDEXEDPOLYGONALFACE((1312,1313,1310));
#2671=IFCINDEXEDPOLYGONALFACE((834,1311,1313));
#2672=IFCINDEXEDPOLYGONALFACE((1312,834,1313));
#2673=IFCINDEXEDPOLYGONALFACE((1317,1318,1011));
#2674=IFCINDEXEDPOLYGONALFACE((1314,1318,1317));
#2675=IFCINDEXEDPOLYGONALFACE((1092,1314,1317));
#2676=IFCINDEXEDPOLYGONALFACE((1315,1314,1092));
#2677=IFCINDEXEDPOLYGONALFACE((994,1315,1092));
#2678=IFCINDEXEDPOLYGONALFACE((1319,1315,994));
#2679=IFCINDEXEDPOLYGONALFACE((995,1319,994));
#2680=IFCINDEXEDPOLYGONALFACE((1320,1319,995));
#2681=IFCINDEXEDPOLYGONALFACE((1316,1320,995));
#2682=IFCINDEXEDPOLYGONALFACE((1205,1186,1210));
#2683=IFCINDEXEDPOLYGONALFACE((1210,1192,1211));
#2684=IFCINDEXEDPOLYGONALFACE((1262,1258,1324));
#2685=IFCINDEXEDPOLYGONALFACE((1321,1262,1324));
#2686=IFCINDEXEDPOLYGONALFACE((1264,1321,1324));
#2687=IFCINDEXEDPOLYGONALFACE((1269,1264,1324));
#2688=IFCINDEXEDPOLYGONALFACE((1322,1269,1324));
#2689=IFCINDEXEDPOLYGONALFACE((1272,1322,1324));
#2690=IFCINDEXEDPOLYGONALFACE((1323,1272,1324));
#2691=IFCINDEXEDPOLYGONALFACE((1275,1323,1324));
#2692=IFCINDEXEDPOLYGONALFACE((1325,1275,1324));
#2693=IFCINDEXEDPOLYGONALFACE((1326,1325,1324));
#2694=IFCINDEXEDPOLYGONALFACE((1326,1324,1274));
#2695=IFCINDEXEDPOLYGONALFACE((1274,1324,1273));
#2696=IFCINDEXEDPOLYGONALFACE((1273,1324,1270));
#2697=IFCINDEXEDPOLYGONALFACE((1270,1324,1327));
#2698=IFCINDEXEDPOLYGONALFACE((1327,1324,1328));
#2699=IFCINDEXEDPOLYGONALFACE((1328,1324,1265));
#2700=IFCINDEXEDPOLYGONALFACE((1265,1324,1329));
#2701=IFCINDEXEDPOLYGONALFACE((1329,1324,1263));
#2702=IFCINDEXEDPOLYGONALFACE((1263,1324,1260));
#2703=IFCINDEXEDPOLYGONALFACE((1260,1324,1257));
#2704=IFCINDEXEDPOLYGONALFACE((1257,1324,1255));
#2705=IFCINDEXEDPOLYGONALFACE((1324,1330,1255));
#2706=IFCINDEXEDPOLYGONALFACE((1324,1252,1330));
#2707=IFCINDEXEDPOLYGONALFACE((1324,1331,1252));
#2708=IFCINDEXEDPOLYGONALFACE((1324,1249,1331));
#2709=IFCINDEXEDPOLYGONALFACE((1324,1332,1249));
#2710=IFCINDEXEDPOLYGONALFACE((1324,1248,1332));
#2711=IFCINDEXEDPOLYGONALFACE((1324,1243,1248));
#2712=IFCINDEXEDPOLYGONALFACE((1324,1240,1243));
#2713=IFCINDEXEDPOLYGONALFACE((1324,1333,1240));
#2714=IFCINDEXEDPOLYGONALFACE((1324,1335,1333));
#2715=IFCINDEXEDPOLYGONALFACE((1324,1334,1335));
#2716=IFCINDEXEDPOLYGONALFACE((1334,1254,1335));
#2717=IFCINDEXEDPOLYGONALFACE((1254,1336,1335));
#2718=IFCINDEXEDPOLYGONALFACE((1336,1242,1335));
#2719=IFCINDEXEDPOLYGONALFACE((1336,1338,1242));
#2720=IFCINDEXEDPOLYGONALFACE((1338,1337,1242));
#2721=IFCINDEXEDPOLYGONALFACE((1337,1247,1242));
#2722=IFCINDEXEDPOLYGONALFACE((1301,1372,1300));
#2723=IFCINDEXEDPOLYGONALFACE((1301,1371,1372));
#2724=IFCINDEXEDPOLYGONALFACE((1300,1372,1341));
#2725=IFCINDEXEDPOLYGONALFACE((1340,1371,1301));
#2726=IFCINDEXEDPOLYGONALFACE((1300,1341,1296));
#2727=IFCINDEXEDPOLYGONALFACE((1340,1339,1371));
#2728=IFCINDEXEDPOLYGONALFACE((1296,1341,1343));
#2729=IFCINDEXEDPOLYGONALFACE((1342,1339,1340));
#2730=IFCINDEXEDPOLYGONALFACE((1341,1373,1343));
#2731=IFCINDEXEDPOLYGONALFACE((1305,1342,1340));
#2732=IFCINDEXEDPOLYGONALFACE((1343,1373,1344));
#2733=IFCINDEXEDPOLYGONALFACE((1346,1342,1305));
#2734=IFCINDEXEDPOLYGONALFACE((1343,1344,1292));
#2735=IFCINDEXEDPOLYGONALFACE((1345,1346,1305));
#2736=IFCINDEXEDPOLYGONALFACE((1292,1344,1374));
#2737=IFCINDEXEDPOLYGONALFACE((1310,1346,1345));
#2738=IFCINDEXEDPOLYGONALFACE((1292,1374,1348));
#2739=IFCINDEXEDPOLYGONALFACE((1310,1347,1346));
#2740=IFCINDEXEDPOLYGONALFACE((1348,1374,1349));
#2741=IFCINDEXEDPOLYGONALFACE((1313,1347,1310));
#2742=IFCINDEXEDPOLYGONALFACE((1348,1349,1287));
#2743=IFCINDEXEDPOLYGONALFACE((1313,1350,1347));
#2744=IFCINDEXEDPOLYGONALFACE((1287,1349,1353));
#2745=IFCINDEXEDPOLYGONALFACE((1311,1350,1313));
#2746=IFCINDEXEDPOLYGONALFACE((1287,1353,1351));
#2747=IFCINDEXEDPOLYGONALFACE((1311,1352,1350));
#2748=IFCINDEXEDPOLYGONALFACE((1351,1353,1282));
#2749=IFCINDEXEDPOLYGONALFACE((1311,1369,1352));
#2750=IFCINDEXEDPOLYGONALFACE((1282,1353,1354));
#2751=IFCINDEXEDPOLYGONALFACE((1308,1369,1311));
#2752=IFCINDEXEDPOLYGONALFACE((1282,1354,1280));
#2753=IFCINDEXEDPOLYGONALFACE((1308,1370,1369));
#2754=IFCINDEXEDPOLYGONALFACE((1280,1354,1356));
#2755=IFCINDEXEDPOLYGONALFACE((1355,1370,1308));
#2756=IFCINDEXEDPOLYGONALFACE((1280,1356,1357));
#2757=IFCINDEXEDPOLYGONALFACE((1306,1370,1355));
#2758=IFCINDEXEDPOLYGONALFACE((1357,1356,1358));
#2759=IFCINDEXEDPOLYGONALFACE((1306,1377,1370));
#2760=IFCINDEXEDPOLYGONALFACE((1357,1358,1360));
#2761=IFCINDEXEDPOLYGONALFACE((1306,1359,1377));
#2762=IFCINDEXEDPOLYGONALFACE((1360,1358,1375));
#2763=IFCINDEXEDPOLYGONALFACE((1362,1359,1306));
#2764=IFCINDEXEDPOLYGONALFACE((1360,1375,1376));
#2765=IFCINDEXEDPOLYGONALFACE((1361,1359,1362));
#2766=IFCINDEXEDPOLYGONALFACE((1360,1376,1278));
#2767=IFCINDEXEDPOLYGONALFACE((1361,1380,1359));
#2768=IFCINDEXEDPOLYGONALFACE((1278,1376,1279));
#2769=IFCINDEXEDPOLYGONALFACE((1361,1295,1380));
#2770=IFCINDEXEDPOLYGONALFACE((1279,1376,1363));
#2771=IFCINDEXEDPOLYGONALFACE((1380,1295,1381));
#2772=IFCINDEXEDPOLYGONALFACE((1364,1279,1363));
#2773=IFCINDEXEDPOLYGONALFACE((1295,1365,1381));
#2774=IFCINDEXEDPOLYGONALFACE((1283,1279,1364));
#2775=IFCINDEXEDPOLYGONALFACE((1381,1365,1366));
#2776=IFCINDEXEDPOLYGONALFACE((1285,1283,1364));
#2777=IFCINDEXEDPOLYGONALFACE((1365,1293,1366));
#2778=IFCINDEXEDPOLYGONALFACE((1285,1364,1367));
#2779=IFCINDEXEDPOLYGONALFACE((1366,1293,1378));
#2780=IFCINDEXEDPOLYGONALFACE((1286,1285,1367));
#2781=IFCINDEXEDPOLYGONALFACE((1293,1291,1378));
#2782=IFCINDEXEDPOLYGONALFACE((1286,1367,1368));
#2783=IFCINDEXEDPOLYGONALFACE((1378,1291,1379));
#2784=IFCINDEXEDPOLYGONALFACE((1291,1286,1368));
#2785=IFCINDEXEDPOLYGONALFACE((1291,1368,1379));
#2786=IFCINDEXEDPOLYGONALFACE((1352,1369,1370));
#2787=IFCINDEXEDPOLYGONALFACE((1350,1352,1370));
#2788=IFCINDEXEDPOLYGONALFACE((1347,1350,1370));
#2789=IFCINDEXEDPOLYGONALFACE((1346,1347,1370));
#2790=IFCINDEXEDPOLYGONALFACE((1342,1346,1370));
#2791=IFCINDEXEDPOLYGONALFACE((1339,1342,1370));
#2792=IFCINDEXEDPOLYGONALFACE((1371,1339,1370));
#2793=IFCINDEXEDPOLYGONALFACE((1371,1370,1377));
#2794=IFCINDEXEDPOLYGONALFACE((1372,1371,1377));
#2795=IFCINDEXEDPOLYGONALFACE((1372,1377,1341));
#2796=IFCINDEXEDPOLYGONALFACE((1341,1377,1373));
#2797=IFCINDEXEDPOLYGONALFACE((1373,1377,1344));
#2798=IFCINDEXEDPOLYGONALFACE((1344,1377,1374));
#2799=IFCINDEXEDPOLYGONALFACE((1374,1377,1349));
#2800=IFCINDEXEDPOLYGONALFACE((1349,1377,1353));
#2801=IFCINDEXEDPOLYGONALFACE((1353,1377,1354));
#2802=IFCINDEXEDPOLYGONALFACE((1354,1377,1356));
#2803=IFCINDEXEDPOLYGONALFACE((1356,1377,1358));
#2804=IFCINDEXEDPOLYGONALFACE((1358,1377,1375));
#2805=IFCINDEXEDPOLYGONALFACE((1377,1376,1375));
#2806=IFCINDEXEDPOLYGONALFACE((1377,1363,1376));
#2807=IFCINDEXEDPOLYGONALFACE((1377,1364,1363));
#2808=IFCINDEXEDPOLYGONALFACE((1377,1367,1364));
#2809=IFCINDEXEDPOLYGONALFACE((1377,1368,1367));
#2810=IFCINDEXEDPOLYGONALFACE((1377,1379,1368));
#2811=IFCINDEXEDPOLYGONALFACE((1377,1359,1379));
#2812=IFCINDEXEDPOLYGONALFACE((1359,1378,1379));
#2813=IFCINDEXEDPOLYGONALFACE((1359,1380,1378));
#2814=IFCINDEXEDPOLYGONALFACE((1380,1381,1378));
#2815=IFCINDEXEDPOLYGONALFACE((1381,1366,1378));
#2816=IFCSANITARYTERMINAL('1rhZG98PPCSxaLeMFLTYb9',#2817,'SanitaryTerminal',$,$,#2818,#2833,$,$);
#2817=IFCOWNERHISTORY(#24,#27,.READWRITE.,.MODIFIED.,1785964834,#24,#27,1762356339);
#2818=IFCLOCALPLACEMENT(#2819,#2829);
#2819=IFCLOCALPLACEMENT(#2820,#2825);
#2820=IFCLOCALPLACEMENT(#35,#2821);
#2821=IFCAXIS2PLACEMENT3D(#2822,#2823,#2824);
#2822=IFCCARTESIANPOINT((0.,0.,0.));
#2823=IFCDIRECTION((0.,0.,1.));
#2824=IFCDIRECTION((1.,0.,0.));
#2825=IFCAXIS2PLACEMENT3D(#2826,#2827,#2828);
#2826=IFCCARTESIANPOINT((-542.887985706329,2768.,230.));
#2827=IFCDIRECTION((0.,0.,1.));
#2828=IFCDIRECTION((1.,0.,0.));
#2829=IFCAXIS2PLACEMENT3D(#2830,#2831,#2832);
#2830=IFCCARTESIANPOINT((-22.112014293671,0.,107.));
#2831=IFCDIRECTION((0.,0.,1.));
#2832=IFCDIRECTION((0.,-1.,0.));
#2833=IFCPRODUCTDEFINITIONSHAPE($,$,(#2834,#2841,#4794,#9018));
#2834=IFCSHAPEREPRESENTATION(#52,'Body','MappedRepresentation',(#2835));
#2835=IFCMAPPEDITEM(#46,#2836);
#2836=IFCCARTESIANTRANSFORMATIONOPERATOR3D(#2837,#2838,#2839,1.,#2840);
#2837=IFCDIRECTION((1.,0.,0.));
#2838=IFCDIRECTION((0.,1.,0.));
#2839=IFCCARTESIANPOINT((5.00222085975111E-12,22.1120142936707,-107.));
#2840=IFCDIRECTION((0.,0.,1.));
#2841=IFCSHAPEREPRESENTATION(#2842,'Body','GeometricCurveSet',(#2843));
#2842=IFCGEOMETRICREPRESENTATIONSUBCONTEXT('Body','Model',*,*,*,*,#2,$,.PLAN_VIEW.,$);
#2843=IFCGEOMETRICCURVESET((#2844,#2847,#2881,#2915,#2918,#2928,#3090,#3220,#3270,#3424,#3554,#3716,#3878,#3928,#3986,#4036,#4086,#4136,#4139,#4189,#4239,#4289,#4292,#4295,#4298,#4308,#4311,#4345,#4379,#4382,#4416,#4419,#4429,#4463,#4497,#4507,#4510,#4640,#4650,#4653,#4703,#4753,#4756,#4759,#4769,#4772,#4775,#4785,#4788,#4791));
#2844=IFCPOLYLINE((#2845,#2846));
#2845=IFCCARTESIANPOINT((-152.086127,-25.941603,0.));
#2846=IFCCARTESIANPOINT((-192.182261,-25.941603,0.));
#2847=IFCPOLYLINE((#2848,#2849,#2850,#2851,#2852,#2853,#2854,#2855,#2856,#2857,#2858,#2859,#2860,#2861,#2862,#2863,#2864,#2865,#2866,#2867,#2868,#2869,#2870,#2871,#2872,#2873,#2874,#2875,#2876,#2877,#2878,#2879,#2880));
#2848=IFCCARTESIANPOINT((-164.553548,-423.096093,0.));
#2849=IFCCARTESIANPOINT((-164.639956,-422.875643,0.));
#2850=IFCCARTESIANPOINT((-164.726581,-422.6555,0.));
#2851=IFCCARTESIANPOINT((-164.813425,-422.435667,0.));
#2852=IFCCARTESIANPOINT((-164.900488,-422.216144,0.));
#2853=IFCCARTESIANPOINT((-164.987769,-421.996931,0.));
#2854=IFCCARTESIANPOINT((-165.07527,-421.77803,0.));
#2855=IFCCARTESIANPOINT((-165.16299,-421.559441,0.));
#2856=IFCCARTESIANPOINT((-165.25093,-421.341165,0.));
#2857=IFCCARTESIANPOINT((-165.33909,-421.123204,0.));
#2858=IFCCARTESIANPOINT((-165.42747,-420.905557,0.));
#2859=IFCCARTESIANPOINT((-165.516072,-420.688226,0.));
#2860=IFCCARTESIANPOINT((-165.604894,-420.471212,0.));
#2861=IFCCARTESIANPOINT((-165.693938,-420.254515,0.));
#2862=IFCCARTESIANPOINT((-165.783204,-420.038136,0.));
#2863=IFCCARTESIANPOINT((-165.872693,-419.822076,0.));
#2864=IFCCARTESIANPOINT((-165.962403,-419.606336,0.));
#2865=IFCCARTESIANPOINT((-166.052337,-419.390916,0.));
#2866=IFCCARTESIANPOINT((-166.142494,-419.175818,0.));
#2867=IFCCARTESIANPOINT((-166.232874,-418.961043,0.));
#2868=IFCCARTESIANPOINT((-166.323479,-418.74659,0.));
#2869=IFCCARTESIANPOINT((-166.414307,-418.532462,0.));
#2870=IFCCARTESIANPOINT((-166.505361,-418.318658,0.));
#2871=IFCCARTESIANPOINT((-166.596639,-418.10518,0.));
#2872=IFCCARTESIANPOINT((-166.688142,-417.892028,0.));
#2873=IFCCARTESIANPOINT((-166.779871,-417.679204,0.));
#2874=IFCCARTESIANPOINT((-166.871825,-417.466708,0.));
#2875=IFCCARTESIANPOINT((-166.964007,-417.25454,0.));
#2876=IFCCARTESIANPOINT((-167.056414,-417.042703,0.));
#2877=IFCCARTESIANPOINT((-167.149049,-416.831196,0.));
#2878=IFCCARTESIANPOINT((-167.24191,-416.62002,0.));
#2879=IFCCARTESIANPOINT((-167.335,-416.409177,0.));
#2880=IFCCARTESIANPOINT((-167.428317,-416.198667,0.));
#2881=IFCPOLYLINE((#2882,#2883,#2884,#2885,#2886,#2887,#2888,#2889,#2890,#2891,#2892,#2893,#2894,#2895,#2896,#2897,#2898,#2899,#2900,#2901,#2902,#2903,#2904,#2905,#2906,#2907,#2908,#2909,#2910,#2911,#2912,#2913,#2914));
#2882=IFCCARTESIANPOINT((167.427432,-416.198665,0.));
#2883=IFCCARTESIANPOINT((167.334121,-416.409162,0.));
#2884=IFCCARTESIANPOINT((167.241037,-416.619991,0.));
#2885=IFCCARTESIANPOINT((167.148182,-416.831153,0.));
#2886=IFCCARTESIANPOINT((167.055553,-417.042646,0.));
#2887=IFCCARTESIANPOINT((166.963151,-417.254469,0.));
#2888=IFCCARTESIANPOINT((166.870976,-417.466622,0.));
#2889=IFCCARTESIANPOINT((166.779028,-417.679104,0.));
#2890=IFCCARTESIANPOINT((166.687305,-417.891914,0.));
#2891=IFCCARTESIANPOINT((166.595807,-418.105052,0.));
#2892=IFCCARTESIANPOINT((166.504535,-418.318515,0.));
#2893=IFCCARTESIANPOINT((166.413488,-418.532305,0.));
#2894=IFCCARTESIANPOINT((166.322665,-418.746418,0.));
#2895=IFCCARTESIANPOINT((166.232067,-418.960856,0.));
#2896=IFCCARTESIANPOINT((166.141692,-419.175617,0.));
#2897=IFCCARTESIANPOINT((166.051541,-419.3907,0.));
#2898=IFCCARTESIANPOINT((165.961613,-419.606105,0.));
#2899=IFCCARTESIANPOINT((165.871908,-419.82183,0.));
#2900=IFCCARTESIANPOINT((165.782426,-420.037875,0.));
#2901=IFCCARTESIANPOINT((165.693166,-420.254239,0.));
#2902=IFCCARTESIANPOINT((165.604127,-420.470921,0.));
#2903=IFCCARTESIANPOINT((165.51531,-420.687921,0.));
#2904=IFCCARTESIANPOINT((165.426714,-420.905236,0.));
#2905=IFCCARTESIANPOINT((165.33834,-421.122868,0.));
#2906=IFCCARTESIANPOINT((165.250185,-421.340814,0.));
#2907=IFCCARTESIANPOINT((165.162251,-421.559075,0.));
#2908=IFCCARTESIANPOINT((165.074536,-421.777648,0.));
#2909=IFCCARTESIANPOINT((164.987041,-421.996534,0.));
#2910=IFCCARTESIANPOINT((164.899765,-422.215732,0.));
#2911=IFCCARTESIANPOINT((164.812708,-422.43524,0.));
#2912=IFCCARTESIANPOINT((164.72587,-422.655058,0.));
#2913=IFCCARTESIANPOINT((164.639249,-422.875185,0.));
#2914=IFCCARTESIANPOINT((164.552846,-423.095621,0.));
#2915=IFCPOLYLINE((#2916,#2917));
#2916=IFCCARTESIANPOINT((192.181375,-25.941603,0.));
#2917=IFCCARTESIANPOINT((152.085241,-25.941603,0.));
#2918=IFCPOLYLINE((#2919,#2920,#2921,#2922,#2923,#2924,#2925,#2926,#2927));
#2919=IFCCARTESIANPOINT((-151.950171,-26.16321,0.));
#2920=IFCCARTESIANPOINT((-151.965775,-26.111353,0.));
#2921=IFCCARTESIANPOINT((-151.981789,-26.066369,0.));
#2922=IFCCARTESIANPOINT((-151.998206,-26.028277,0.));
#2923=IFCCARTESIANPOINT((-152.015022,-25.99709,0.));
#2924=IFCCARTESIANPOINT((-152.032228,-25.972822,0.));
#2925=IFCCARTESIANPOINT((-152.049819,-25.95548,0.));
#2926=IFCCARTESIANPOINT((-152.067788,-25.945073,0.));
#2927=IFCCARTESIANPOINT((-152.086127,-25.941603,0.));
#2928=IFCPOLYLINE((#2929,#2930,#2931,#2932,#2933,#2934,#2935,#2936,#2937,#2938,#2939,#2940,#2941,#2942,#2943,#2944,#2945,#2946,#2947,#2948,#2949,#2950,#2951,#2952,#2953,#2954,#2955,#2956,#2957,#2958,#2959,#2960,#2961,#2962,#2963,#2964,#2965,#2966,#2967,#2968,#2969,#2970,#2971,#2972,#2973,#2974,#2975,#2976,#2977,#2978,#2979,#2980,#2981,#2982,#2983,#2984,#2985,#2986,#2987,#2988,#2989,#2990,#2991,#2992,#2993,#2994,#2995,#2996,#2997,#2998,#2999,#3000,#3001,#3002,#3003,#3004,#3005,#3006,#3007,#3008,#3009,#3010,#3011,#3012,#3013,#3014,#3015,#3016,#3017,#3018,#3019,#3020,#3021,#3022,#3023,#3024,#3025,#3026,#3027,#3028,#3029,#3030,#3031,#3032,#3033,#3034,#3035,#3036,#3037,#3038,#3039,#3040,#3041,#3042,#3043,#3044,#3045,#3046,#3047,#3048,#3049,#3050,#3051,#3052,#3053,#3054,#3055,#3056,#3057,#3058,#3059,#3060,#3061,#3062,#3063,#3064,#3065,#3066,#3067,#3068,#3069,#3070,#3071,#3072,#3073,#3074,#3075,#3076,#3077,#3078,#3079,#3080,#3081,#3082,#3083,#3084,#3085,#3086,#3087,#3088,#3089));
#2929=IFCCARTESIANPOINT((-179.90808,-336.843266,0.));
#2930=IFCCARTESIANPOINT((-179.975761,-334.666988,0.));
#2931=IFCCARTESIANPOINT((-180.044061,-332.472707,0.));
#2932=IFCCARTESIANPOINT((-180.112913,-330.262434,0.));
#2933=IFCCARTESIANPOINT((-180.182251,-328.038179,0.));
#2934=IFCCARTESIANPOINT((-180.252009,-325.801952,0.));
#2935=IFCCARTESIANPOINT((-180.322122,-323.555764,0.));
#2936=IFCCARTESIANPOINT((-180.392524,-321.301625,0.));
#2937=IFCCARTESIANPOINT((-180.463148,-319.041544,0.));
#2938=IFCCARTESIANPOINT((-180.533929,-316.777533,0.));
#2939=IFCCARTESIANPOINT((-180.6048,-314.511601,0.));
#2940=IFCCARTESIANPOINT((-180.675696,-312.245758,0.));
#2941=IFCCARTESIANPOINT((-180.746552,-309.982015,0.));
#2942=IFCCARTESIANPOINT((-180.8173,-307.722382,0.));
#2943=IFCCARTESIANPOINT((-180.887875,-305.468869,0.));
#2944=IFCCARTESIANPOINT((-180.958211,-303.223486,0.));
#2945=IFCCARTESIANPOINT((-181.028243,-300.988244,0.));
#2946=IFCCARTESIANPOINT((-181.097904,-298.765152,0.));
#2947=IFCCARTESIANPOINT((-181.167128,-296.556221,0.));
#2948=IFCCARTESIANPOINT((-181.235849,-294.363462,0.));
#2949=IFCCARTESIANPOINT((-181.304002,-292.188884,0.));
#2950=IFCCARTESIANPOINT((-181.371521,-290.034497,0.));
#2951=IFCCARTESIANPOINT((-181.438339,-287.902312,0.));
#2952=IFCCARTESIANPOINT((-181.504391,-285.794339,0.));
#2953=IFCCARTESIANPOINT((-181.569611,-283.712588,0.));
#2954=IFCCARTESIANPOINT((-181.633932,-281.659069,0.));
#2955=IFCCARTESIANPOINT((-181.69729,-279.635793,0.));
#2956=IFCCARTESIANPOINT((-181.759617,-277.64477,0.));
#2957=IFCCARTESIANPOINT((-181.820849,-275.688009,0.));
#2958=IFCCARTESIANPOINT((-181.880919,-273.767522,0.));
#2959=IFCCARTESIANPOINT((-181.939761,-271.885318,0.));
#2960=IFCCARTESIANPOINT((-181.997309,-270.043408,0.));
#2961=IFCCARTESIANPOINT((-182.053498,-268.243801,0.));
#2962=IFCCARTESIANPOINT((-182.108261,-266.488509,0.));
#2963=IFCCARTESIANPOINT((-182.161532,-264.77954,0.));
#2964=IFCCARTESIANPOINT((-182.213246,-263.118906,0.));
#2965=IFCCARTESIANPOINT((-182.263337,-261.508617,0.));
#2966=IFCCARTESIANPOINT((-182.311739,-259.950682,0.));
#2967=IFCCARTESIANPOINT((-182.358385,-258.447112,0.));
#2968=IFCCARTESIANPOINT((-182.403211,-256.999918,0.));
#2969=IFCCARTESIANPOINT((-182.446199,-255.609513,0.));
#2970=IFCCARTESIANPOINT((-182.489155,-254.218113,0.));
#2971=IFCCARTESIANPOINT((-182.532985,-252.796653,0.));
#2972=IFCCARTESIANPOINT((-182.577654,-251.346168,0.));
#2973=IFCCARTESIANPOINT((-182.623127,-249.867691,0.));
#2974=IFCCARTESIANPOINT((-182.669368,-248.362257,0.));
#2975=IFCCARTESIANPOINT((-182.716343,-246.830898,0.));
#2976=IFCCARTESIANPOINT((-182.764016,-245.274649,0.));
#2977=IFCCARTESIANPOINT((-182.812353,-243.694543,0.));
#2978=IFCCARTESIANPOINT((-182.861318,-242.091614,0.));
#2979=IFCCARTESIANPOINT((-182.910875,-240.466896,0.));
#2980=IFCCARTESIANPOINT((-182.96099,-238.821422,0.));
#2981=IFCCARTESIANPOINT((-183.011628,-237.156226,0.));
#2982=IFCCARTESIANPOINT((-183.062754,-235.472342,0.));
#2983=IFCCARTESIANPOINT((-183.114331,-233.770804,0.));
#2984=IFCCARTESIANPOINT((-183.166326,-232.052644,0.));
#2985=IFCCARTESIANPOINT((-183.218703,-230.318898,0.));
#2986=IFCCARTESIANPOINT((-183.271427,-228.570598,0.));
#2987=IFCCARTESIANPOINT((-183.324462,-226.808778,0.));
#2988=IFCCARTESIANPOINT((-183.377775,-225.034472,0.));
#2989=IFCCARTESIANPOINT((-183.431328,-223.248714,0.));
#2990=IFCCARTESIANPOINT((-183.485088,-221.452538,0.));
#2991=IFCCARTESIANPOINT((-183.539019,-219.646976,0.));
#2992=IFCCARTESIANPOINT((-183.593086,-217.833064,0.));
#2993=IFCCARTESIANPOINT((-183.647253,-216.011834,0.));
#2994=IFCCARTESIANPOINT((-183.701487,-214.18432,0.));
#2995=IFCCARTESIANPOINT((-183.755751,-212.351556,0.));
#2996=IFCCARTESIANPOINT((-183.81001,-210.514575,0.));
#2997=IFCCARTESIANPOINT((-183.86423,-208.674412,0.));
#2998=IFCCARTESIANPOINT((-183.918375,-206.8321,0.));
#2999=IFCCARTESIANPOINT((-183.972409,-204.988673,0.));
#3000=IFCCARTESIANPOINT((-184.026299,-203.145164,0.));
#3001=IFCCARTESIANPOINT((-184.080008,-201.302607,0.));
#3002=IFCCARTESIANPOINT((-184.133501,-199.462036,0.));
#3003=IFCCARTESIANPOINT((-184.186744,-197.624485,0.));
#3004=IFCCARTESIANPOINT((-184.239702,-195.790987,0.));
#3005=IFCCARTESIANPOINT((-184.292338,-193.962576,0.));
#3006=IFCCARTESIANPOINT((-184.344618,-192.140286,0.));
#3007=IFCCARTESIANPOINT((-184.396507,-190.32515,0.));
#3008=IFCCARTESIANPOINT((-184.447969,-188.518202,0.));
#3009=IFCCARTESIANPOINT((-184.499296,-186.709047,0.));
#3010=IFCCARTESIANPOINT((-184.553688,-184.784574,0.));
#3011=IFCCARTESIANPOINT((-184.611489,-182.731472,0.));
#3012=IFCCARTESIANPOINT((-184.67204,-180.569755,0.));
#3013=IFCCARTESIANPOINT((-184.734677,-178.31944,0.));
#3014=IFCCARTESIANPOINT((-184.798862,-176.000537,0.));
#3015=IFCCARTESIANPOINT((-184.864059,-173.633058,0.));
#3016=IFCCARTESIANPOINT((-184.929733,-171.237015,0.));
#3017=IFCCARTESIANPOINT((-184.99535,-168.832419,0.));
#3018=IFCCARTESIANPOINT((-185.060375,-166.439281,0.));
#3019=IFCCARTESIANPOINT((-185.124273,-164.077614,0.));
#3020=IFCCARTESIANPOINT((-185.186508,-161.767428,0.));
#3021=IFCCARTESIANPOINT((-185.246546,-159.528735,0.));
#3022=IFCCARTESIANPOINT((-185.303853,-157.381546,0.));
#3023=IFCCARTESIANPOINT((-185.357892,-155.345874,0.));
#3024=IFCCARTESIANPOINT((-185.408129,-153.441729,0.));
#3025=IFCCARTESIANPOINT((-185.454312,-151.678936,0.));
#3026=IFCCARTESIANPOINT((-185.499051,-149.963601,0.));
#3027=IFCCARTESIANPOINT((-185.54314,-148.266797,0.));
#3028=IFCCARTESIANPOINT((-185.586618,-146.586772,0.));
#3029=IFCCARTESIANPOINT((-185.629524,-144.921775,0.));
#3030=IFCCARTESIANPOINT((-185.671898,-143.270054,0.));
#3031=IFCCARTESIANPOINT((-185.713778,-141.629858,0.));
#3032=IFCCARTESIANPOINT((-185.755204,-139.999435,0.));
#3033=IFCCARTESIANPOINT((-185.796214,-138.377034,0.));
#3034=IFCCARTESIANPOINT((-185.836848,-136.760902,0.));
#3035=IFCCARTESIANPOINT((-185.877145,-135.14929,0.));
#3036=IFCCARTESIANPOINT((-185.917144,-133.540444,0.));
#3037=IFCCARTESIANPOINT((-185.956885,-131.932614,0.));
#3038=IFCCARTESIANPOINT((-185.996405,-130.324048,0.));
#3039=IFCCARTESIANPOINT((-186.035745,-128.712995,0.));
#3040=IFCCARTESIANPOINT((-186.074943,-127.097702,0.));
#3041=IFCCARTESIANPOINT((-186.114039,-125.476419,0.));
#3042=IFCCARTESIANPOINT((-186.153072,-123.847395,0.));
#3043=IFCCARTESIANPOINT((-186.19208,-122.208876,0.));
#3044=IFCCARTESIANPOINT((-186.231104,-120.559113,0.));
#3045=IFCCARTESIANPOINT((-186.270181,-118.896353,0.));
#3046=IFCCARTESIANPOINT((-186.309352,-117.218845,0.));
#3047=IFCCARTESIANPOINT((-186.348654,-115.524838,0.));
#3048=IFCCARTESIANPOINT((-186.388128,-113.812579,0.));
#3049=IFCCARTESIANPOINT((-186.427813,-112.080318,0.));
#3050=IFCCARTESIANPOINT((-186.467747,-110.326303,0.));
#3051=IFCCARTESIANPOINT((-186.50797,-108.548782,0.));
#3052=IFCCARTESIANPOINT((-186.548521,-106.746004,0.));
#3053=IFCCARTESIANPOINT((-186.589591,-104.906523,0.));
#3054=IFCCARTESIANPOINT((-186.631532,-103.007358,0.));
#3055=IFCCARTESIANPOINT((-186.674215,-101.054332,0.));
#3056=IFCCARTESIANPOINT((-186.71749,-99.054764,0.));
#3057=IFCCARTESIANPOINT((-186.761208,-97.015973,0.));
#3058=IFCCARTESIANPOINT((-186.805215,-94.945279,0.));
#3059=IFCCARTESIANPOINT((-186.849363,-92.850002,0.));
#3060=IFCCARTESIANPOINT((-186.893499,-90.737461,0.));
#3061=IFCCARTESIANPOINT((-186.937474,-88.614976,0.));
#3062=IFCCARTESIANPOINT((-186.981135,-86.489867,0.));
#3063=IFCCARTESIANPOINT((-187.024334,-84.369452,0.));
#3064=IFCCARTESIANPOINT((-187.066918,-82.261052,0.));
#3065=IFCCARTESIANPOINT((-187.108736,-80.171985,0.));
#3066=IFCCARTESIANPOINT((-187.149639,-78.109573,0.));
#3067=IFCCARTESIANPOINT((-187.189474,-76.081134,0.));
#3068=IFCCARTESIANPOINT((-187.228092,-74.093987,0.));
#3069=IFCCARTESIANPOINT((-187.265341,-72.155453,0.));
#3070=IFCCARTESIANPOINT((-187.301071,-70.272851,0.));
#3071=IFCCARTESIANPOINT((-187.335131,-68.4535,0.));
#3072=IFCCARTESIANPOINT((-187.36755,-66.69694,0.));
#3073=IFCCARTESIANPOINT((-187.399231,-64.964034,0.));
#3074=IFCCARTESIANPOINT((-187.430365,-63.245189,0.));
#3075=IFCCARTESIANPOINT((-187.461003,-61.53673,0.));
#3076=IFCCARTESIANPOINT((-187.491194,-59.834982,0.));
#3077=IFCCARTESIANPOINT((-187.52099,-58.136268,0.));
#3078=IFCCARTESIANPOINT((-187.55044,-56.436915,0.));
#3079=IFCCARTESIANPOINT((-187.579596,-54.733246,0.));
#3080=IFCCARTESIANPOINT((-187.608507,-53.021586,0.));
#3081=IFCCARTESIANPOINT((-187.637226,-51.298261,0.));
#3082=IFCCARTESIANPOINT((-187.665801,-49.559594,0.));
#3083=IFCCARTESIANPOINT((-187.694284,-47.801911,0.));
#3084=IFCCARTESIANPOINT((-187.722725,-46.021537,0.));
#3085=IFCCARTESIANPOINT((-187.751175,-44.214795,0.));
#3086=IFCCARTESIANPOINT((-187.779685,-42.378012,0.));
#3087=IFCCARTESIANPOINT((-187.808304,-40.50751,0.));
#3088=IFCCARTESIANPOINT((-187.837084,-38.599617,0.));
#3089=IFCCARTESIANPOINT((-187.866075,-36.650655,0.));
#3090=IFCPOLYLINE((#3091,#3092,#3093,#3094,#3095,#3096,#3097,#3098,#3099,#3100,#3101,#3102,#3103,#3104,#3105,#3106,#3107,#3108,#3109,#3110,#3111,#3112,#3113,#3114,#3115,#3116,#3117,#3118,#3119,#3120,#3121,#3122,#3123,#3124,#3125,#3126,#3127,#3128,#3129,#3130,#3131,#3132,#3133,#3134,#3135,#3136,#3137,#3138,#3139,#3140,#3141,#3142,#3143,#3144,#3145,#3146,#3147,#3148,#3149,#3150,#3151,#3152,#3153,#3154,#3155,#3156,#3157,#3158,#3159,#3160,#3161,#3162,#3163,#3164,#3165,#3166,#3167,#3168,#3169,#3170,#3171,#3172,#3173,#3174,#3175,#3176,#3177,#3178,#3179,#3180,#3181,#3182,#3183,#3184,#3185,#3186,#3187,#3188,#3189,#3190,#3191,#3192,#3193,#3194,#3195,#3196,#3197,#3198,#3199,#3200,#3201,#3202,#3203,#3204,#3205,#3206,#3207,#3208,#3209,#3210,#3211,#3212,#3213,#3214,#3215,#3216,#3217,#3218,#3219));
#3091=IFCCARTESIANPOINT((-192.752384,-43.941603,0.));
#3092=IFCCARTESIANPOINT((-192.758767,-43.698134,0.));
#3093=IFCCARTESIANPOINT((-192.764959,-43.454736,0.));
#3094=IFCCARTESIANPOINT((-192.77096,-43.211442,0.));
#3095=IFCCARTESIANPOINT((-192.776768,-42.968286,0.));
#3096=IFCCARTESIANPOINT((-192.782383,-42.7253,0.));
#3097=IFCCARTESIANPOINT((-192.787803,-42.482519,0.));
#3098=IFCCARTESIANPOINT((-192.793029,-42.239975,0.));
#3099=IFCCARTESIANPOINT((-192.798058,-41.997713,0.));
#3100=IFCCARTESIANPOINT((-192.802888,-41.755836,0.));
#3101=IFCCARTESIANPOINT((-192.807519,-41.514391,0.));
#3102=IFCCARTESIANPOINT((-192.81195,-41.273409,0.));
#3103=IFCCARTESIANPOINT((-192.81618,-41.032925,0.));
#3104=IFCCARTESIANPOINT((-192.820209,-40.79297,0.));
#3105=IFCCARTESIANPOINT((-192.824035,-40.553579,0.));
#3106=IFCCARTESIANPOINT((-192.827659,-40.314783,0.));
#3107=IFCCARTESIANPOINT((-192.831079,-40.076616,0.));
#3108=IFCCARTESIANPOINT((-192.834295,-39.839117,0.));
#3109=IFCCARTESIANPOINT((-192.837305,-39.60243,0.));
#3110=IFCCARTESIANPOINT((-192.840108,-39.366629,0.));
#3111=IFCCARTESIANPOINT((-192.842704,-39.131744,0.));
#3112=IFCCARTESIANPOINT((-192.845092,-38.897808,0.));
#3113=IFCCARTESIANPOINT((-192.847272,-38.664851,0.));
#3114=IFCCARTESIANPOINT((-192.849244,-38.432904,0.));
#3115=IFCCARTESIANPOINT((-192.851008,-38.201999,0.));
#3116=IFCCARTESIANPOINT((-192.852563,-37.972167,0.));
#3117=IFCCARTESIANPOINT((-192.85391,-37.743439,0.));
#3118=IFCCARTESIANPOINT((-192.855047,-37.515846,0.));
#3119=IFCCARTESIANPOINT((-192.855975,-37.28942,0.));
#3120=IFCCARTESIANPOINT((-192.856694,-37.064192,0.));
#3121=IFCCARTESIANPOINT((-192.857202,-36.840192,0.));
#3122=IFCCARTESIANPOINT((-192.857501,-36.617453,0.));
#3123=IFCCARTESIANPOINT((-192.857589,-36.396006,0.));
#3124=IFCCARTESIANPOINT((-192.857467,-36.17588,0.));
#3125=IFCCARTESIANPOINT((-192.857133,-35.957109,0.));
#3126=IFCCARTESIANPOINT((-192.856589,-35.739723,0.));
#3127=IFCCARTESIANPOINT((-192.855833,-35.523753,0.));
#3128=IFCCARTESIANPOINT((-192.854866,-35.30926,0.));
#3129=IFCCARTESIANPOINT((-192.853688,-35.096449,0.));
#3130=IFCCARTESIANPOINT((-192.852301,-34.885376,0.));
#3131=IFCCARTESIANPOINT((-192.850703,-34.676067,0.));
#3132=IFCCARTESIANPOINT((-192.848896,-34.468547,0.));
#3133=IFCCARTESIANPOINT((-192.846881,-34.262843,0.));
#3134=IFCCARTESIANPOINT((-192.844657,-34.05898,0.));
#3135=IFCCARTESIANPOINT((-192.842226,-33.856983,0.));
#3136=IFCCARTESIANPOINT((-192.839587,-33.65688,0.));
#3137=IFCCARTESIANPOINT((-192.836742,-33.458695,0.));
#3138=IFCCARTESIANPOINT((-192.83369,-33.262454,0.));
#3139=IFCCARTESIANPOINT((-192.830432,-33.068183,0.));
#3140=IFCCARTESIANPOINT((-192.826969,-32.875907,0.));
#3141=IFCCARTESIANPOINT((-192.823301,-32.685653,0.));
#3142=IFCCARTESIANPOINT((-192.819429,-32.497447,0.));
#3143=IFCCARTESIANPOINT((-192.815352,-32.311313,0.));
#3144=IFCCARTESIANPOINT((-192.811073,-32.127278,0.));
#3145=IFCCARTESIANPOINT((-192.80659,-31.945368,0.));
#3146=IFCCARTESIANPOINT((-192.801904,-31.765608,0.));
#3147=IFCCARTESIANPOINT((-192.797016,-31.588024,0.));
#3148=IFCCARTESIANPOINT((-192.791927,-31.412642,0.));
#3149=IFCCARTESIANPOINT((-192.786637,-31.239488,0.));
#3150=IFCCARTESIANPOINT((-192.781146,-31.068587,0.));
#3151=IFCCARTESIANPOINT((-192.775454,-30.899965,0.));
#3152=IFCCARTESIANPOINT((-192.769563,-30.733648,0.));
#3153=IFCCARTESIANPOINT((-192.763473,-30.569662,0.));
#3154=IFCCARTESIANPOINT((-192.757184,-30.408032,0.));
#3155=IFCCARTESIANPOINT((-192.750696,-30.248784,0.));
#3156=IFCCARTESIANPOINT((-192.744015,-30.09204,0.));
#3157=IFCCARTESIANPOINT((-192.737146,-29.937916,0.));
#3158=IFCCARTESIANPOINT((-192.730089,-29.78643,0.));
#3159=IFCCARTESIANPOINT((-192.722846,-29.637598,0.));
#3160=IFCCARTESIANPOINT((-192.715419,-29.491436,0.));
#3161=IFCCARTESIANPOINT((-192.707808,-29.347961,0.));
#3162=IFCCARTESIANPOINT((-192.700015,-29.207191,0.));
#3163=IFCCARTESIANPOINT((-192.692041,-29.06914,0.));
#3164=IFCCARTESIANPOINT((-192.683888,-28.933826,0.));
#3165=IFCCARTESIANPOINT((-192.675557,-28.801265,0.));
#3166=IFCCARTESIANPOINT((-192.667048,-28.671475,0.));
#3167=IFCCARTESIANPOINT((-192.658364,-28.544471,0.));
#3168=IFCCARTESIANPOINT((-192.649505,-28.42027,0.));
#3169=IFCCARTESIANPOINT((-192.640473,-28.298889,0.));
#3170=IFCCARTESIANPOINT((-192.63127,-28.180344,0.));
#3171=IFCCARTESIANPOINT((-192.621895,-28.064652,0.));
#3172=IFCCARTESIANPOINT((-192.612351,-27.95183,0.));
#3173=IFCCARTESIANPOINT((-192.602639,-27.841894,0.));
#3174=IFCCARTESIANPOINT((-192.59276,-27.73486,0.));
#3175=IFCCARTESIANPOINT((-192.582716,-27.630745,0.));
#3176=IFCCARTESIANPOINT((-192.572507,-27.529567,0.));
#3177=IFCCARTESIANPOINT((-192.562136,-27.43134,0.));
#3178=IFCCARTESIANPOINT((-192.551602,-27.336083,0.));
#3179=IFCCARTESIANPOINT((-192.540908,-27.243811,0.));
#3180=IFCCARTESIANPOINT((-192.530055,-27.154541,0.));
#3181=IFCCARTESIANPOINT((-192.519044,-27.06829,0.));
#3182=IFCCARTESIANPOINT((-192.507881,-26.985113,0.));
#3183=IFCCARTESIANPOINT((-192.496576,-26.905067,0.));
#3184=IFCCARTESIANPOINT((-192.485129,-26.828158,0.));
#3185=IFCCARTESIANPOINT((-192.473542,-26.754394,0.));
#3186=IFCCARTESIANPOINT((-192.461818,-26.683782,0.));
#3187=IFCCARTESIANPOINT((-192.449958,-26.616329,0.));
#3188=IFCCARTESIANPOINT((-192.437963,-26.552043,0.));
#3189=IFCCARTESIANPOINT((-192.425836,-26.49093,0.));
#3190=IFCCARTESIANPOINT((-192.413579,-26.432998,0.));
#3191=IFCCARTESIANPOINT((-192.401193,-26.378254,0.));
#3192=IFCCARTESIANPOINT((-192.38868,-26.326706,0.));
#3193=IFCCARTESIANPOINT((-192.376043,-26.278359,0.));
#3194=IFCCARTESIANPOINT((-192.363282,-26.233222,0.));
#3195=IFCCARTESIANPOINT((-192.350399,-26.191302,0.));
#3196=IFCCARTESIANPOINT((-192.337397,-26.152606,0.));
#3197=IFCCARTESIANPOINT((-192.324277,-26.117141,0.));
#3198=IFCCARTESIANPOINT((-192.311042,-26.084914,0.));
#3199=IFCCARTESIANPOINT((-192.297692,-26.055933,0.));
#3200=IFCCARTESIANPOINT((-192.28423,-26.030204,0.));
#3201=IFCCARTESIANPOINT((-192.270661,-26.007741,0.));
#3202=IFCCARTESIANPOINT((-192.256996,-25.988558,0.));
#3203=IFCCARTESIANPOINT((-192.243235,-25.972655,0.));
#3204=IFCCARTESIANPOINT((-192.229383,-25.960029,0.));
#3205=IFCCARTESIANPOINT((-192.21544,-25.950681,0.));
#3206=IFCCARTESIANPOINT((-192.201408,-25.944608,0.));
#3207=IFCCARTESIANPOINT((-192.187291,-25.941809,0.));
#3208=IFCCARTESIANPOINT((-192.173089,-25.942284,0.));
#3209=IFCCARTESIANPOINT((-192.158806,-25.946032,0.));
#3210=IFCCARTESIANPOINT((-192.144443,-25.95305,0.));
#3211=IFCCARTESIANPOINT((-192.130002,-25.963338,0.));
#3212=IFCCARTESIANPOINT((-192.115485,-25.976895,0.));
#3213=IFCCARTESIANPOINT((-192.100895,-25.993719,0.));
#3214=IFCCARTESIANPOINT((-192.086234,-26.013809,0.));
#3215=IFCCARTESIANPOINT((-192.071504,-26.037164,0.));
#3216=IFCCARTESIANPOINT((-192.056706,-26.063784,0.));
#3217=IFCCARTESIANPOINT((-192.041843,-26.093666,0.));
#3218=IFCCARTESIANPOINT((-192.026917,-26.126809,0.));
#3219=IFCCARTESIANPOINT((-192.011931,-26.163213,0.));
#3220=IFCPOLYLINE((#3221,#3222,#3223,#3224,#3225,#3226,#3227,#3228,#3229,#3230,#3231,#3232,#3233,#3234,#3235,#3236,#3237,#3238,#3239,#3240,#3241,#3242,#3243,#3244,#3245,#3246,#3247,#3248,#3249,#3250,#3251,#3252,#3253,#3254,#3255,#3256,#3257,#3258,#3259,#3260,#3261,#3262,#3263,#3264,#3265,#3266,#3267,#3268,#3269));
#3221=IFCCARTESIANPOINT((-179.90808,-336.843266,0.));
#3222=IFCCARTESIANPOINT((-179.882322,-337.643991,0.));
#3223=IFCCARTESIANPOINT((-179.854832,-338.444693,0.));
#3224=IFCCARTESIANPOINT((-179.825611,-339.245364,0.));
#3225=IFCCARTESIANPOINT((-179.794662,-340.045999,0.));
#3226=IFCCARTESIANPOINT((-179.761987,-340.846591,0.));
#3227=IFCCARTESIANPOINT((-179.727587,-341.647134,0.));
#3228=IFCCARTESIANPOINT((-179.691465,-342.447622,0.));
#3229=IFCCARTESIANPOINT((-179.653623,-343.248048,0.));
#3230=IFCCARTESIANPOINT((-179.614062,-344.048406,0.));
#3231=IFCCARTESIANPOINT((-179.572785,-344.848691,0.));
#3232=IFCCARTESIANPOINT((-179.529793,-345.648894,0.));
#3233=IFCCARTESIANPOINT((-179.485089,-346.449011,0.));
#3234=IFCCARTESIANPOINT((-179.438674,-347.249035,0.));
#3235=IFCCARTESIANPOINT((-179.390551,-348.04896,0.));
#3236=IFCCARTESIANPOINT((-179.340721,-348.84878,0.));
#3237=IFCCARTESIANPOINT((-179.289186,-349.648487,0.));
#3238=IFCCARTESIANPOINT((-179.235948,-350.448077,0.));
#3239=IFCCARTESIANPOINT((-179.18101,-351.247542,0.));
#3240=IFCCARTESIANPOINT((-179.124373,-352.046877,0.));
#3241=IFCCARTESIANPOINT((-179.066039,-352.846075,0.));
#3242=IFCCARTESIANPOINT((-179.006011,-353.645129,0.));
#3243=IFCCARTESIANPOINT((-178.944289,-354.444035,0.));
#3244=IFCCARTESIANPOINT((-178.880877,-355.242784,0.));
#3245=IFCCARTESIANPOINT((-178.815776,-356.041372,0.));
#3246=IFCCARTESIANPOINT((-178.748986,-356.839817,0.));
#3247=IFCCARTESIANPOINT((-178.680506,-357.638138,0.));
#3248=IFCCARTESIANPOINT((-178.610338,-358.436332,0.));
#3249=IFCCARTESIANPOINT((-178.538484,-359.234392,0.));
#3250=IFCCARTESIANPOINT((-178.464945,-360.032314,0.));
#3251=IFCCARTESIANPOINT((-178.389723,-360.830093,0.));
#3252=IFCCARTESIANPOINT((-178.312819,-361.627725,0.));
#3253=IFCCARTESIANPOINT((-178.234235,-362.425205,0.));
#3254=IFCCARTESIANPOINT((-178.153972,-363.222527,0.));
#3255=IFCCARTESIANPOINT((-178.072031,-364.019687,0.));
#3256=IFCCARTESIANPOINT((-177.988415,-364.816679,0.));
#3257=IFCCARTESIANPOINT((-177.903124,-365.6135,0.));
#3258=IFCCARTESIANPOINT((-177.816161,-366.410144,0.));
#3259=IFCCARTESIANPOINT((-177.727527,-367.206607,0.));
#3260=IFCCARTESIANPOINT((-177.637222,-368.002882,0.));
#3261=IFCCARTESIANPOINT((-177.54525,-368.798967,0.));
#3262=IFCCARTESIANPOINT((-177.451611,-369.594855,0.));
#3263=IFCCARTESIANPOINT((-177.356307,-370.390543,0.));
#3264=IFCCARTESIANPOINT((-177.259339,-371.186024,0.));
#3265=IFCCARTESIANPOINT((-177.160709,-371.981294,0.));
#3266=IFCCARTESIANPOINT((-177.060419,-372.776349,0.));
#3267=IFCCARTESIANPOINT((-176.958469,-373.571183,0.));
#3268=IFCCARTESIANPOINT((-176.854862,-374.365792,0.));
#3269=IFCCARTESIANPOINT((-176.749599,-375.160171,0.));
#3270=IFCPOLYLINE((#3271,#3272,#3273,#3274,#3275,#3276,#3277,#3278,#3279,#3280,#3281,#3282,#3283,#3284,#3285,#3286,#3287,#3288,#3289,#3290,#3291,#3292,#3293,#3294,#3295,#3296,#3297,#3298,#3299,#3300,#3301,#3302,#3303,#3304,#3305,#3306,#3307,#3308,#3309,#3310,#3311,#3312,#3313,#3314,#3315,#3316,#3317,#3318,#3319,#3320,#3321,#3322,#3323,#3324,#3325,#3326,#3327,#3328,#3329,#3330,#3331,#3332,#3333,#3334,#3335,#3336,#3337,#3338,#3339,#3340,#3341,#3342,#3343,#3344,#3345,#3346,#3347,#3348,#3349,#3350,#3351,#3352,#3353,#3354,#3355,#3356,#3357,#3358,#3359,#3360,#3361,#3362,#3363,#3364,#3365,#3366,#3367,#3368,#3369,#3370,#3371,#3372,#3373,#3374,#3375,#3376,#3377,#3378,#3379,#3380,#3381,#3382,#3383,#3384,#3385,#3386,#3387,#3388,#3389,#3390,#3391,#3392,#3393,#3394,#3395,#3396,#3397,#3398,#3399,#3400,#3401,#3402,#3403,#3404,#3405,#3406,#3407,#3408,#3409,#3410,#3411,#3412,#3413,#3414,#3415,#3416,#3417,#3418,#3419,#3420,#3421,#3422,#3423));
#3271=IFCCARTESIANPOINT((-176.749599,-375.160171,0.));
#3272=IFCCARTESIANPOINT((-176.642266,-375.953229,0.));
#3273=IFCCARTESIANPOINT((-176.532122,-376.746227,0.));
#3274=IFCCARTESIANPOINT((-176.41915,-377.539167,0.));
#3275=IFCCARTESIANPOINT((-176.303332,-378.332049,0.));
#3276=IFCCARTESIANPOINT((-176.184651,-379.124873,0.));
#3277=IFCCARTESIANPOINT((-176.063089,-379.917641,0.));
#3278=IFCCARTESIANPOINT((-175.938629,-380.710353,0.));
#3279=IFCCARTESIANPOINT((-175.811253,-381.503009,0.));
#3280=IFCCARTESIANPOINT((-175.680944,-382.295611,0.));
#3281=IFCCARTESIANPOINT((-175.547683,-383.088158,0.));
#3282=IFCCARTESIANPOINT((-175.411454,-383.880652,0.));
#3283=IFCCARTESIANPOINT((-175.272239,-384.673093,0.));
#3284=IFCCARTESIANPOINT((-175.13002,-385.465482,0.));
#3285=IFCCARTESIANPOINT((-174.98478,-386.257819,0.));
#3286=IFCCARTESIANPOINT((-174.836501,-387.050105,0.));
#3287=IFCCARTESIANPOINT((-174.685166,-387.842341,0.));
#3288=IFCCARTESIANPOINT((-174.530757,-388.634527,0.));
#3289=IFCCARTESIANPOINT((-174.373257,-389.426664,0.));
#3290=IFCCARTESIANPOINT((-174.212647,-390.218753,0.));
#3291=IFCCARTESIANPOINT((-174.048911,-391.010793,0.));
#3292=IFCCARTESIANPOINT((-173.882032,-391.802787,0.));
#3293=IFCCARTESIANPOINT((-173.71199,-392.594734,0.));
#3294=IFCCARTESIANPOINT((-173.538769,-393.386635,0.));
#3295=IFCCARTESIANPOINT((-173.362352,-394.178491,0.));
#3296=IFCCARTESIANPOINT((-173.182721,-394.970302,0.));
#3297=IFCCARTESIANPOINT((-172.999857,-395.76207,0.));
#3298=IFCCARTESIANPOINT((-172.813744,-396.553794,0.));
#3299=IFCCARTESIANPOINT((-172.624365,-397.345475,0.));
#3300=IFCCARTESIANPOINT((-172.431701,-398.137114,0.));
#3301=IFCCARTESIANPOINT((-172.235735,-398.928712,0.));
#3302=IFCCARTESIANPOINT((-172.036449,-399.720268,0.));
#3303=IFCCARTESIANPOINT((-171.833826,-400.511785,0.));
#3304=IFCCARTESIANPOINT((-171.627849,-401.303262,0.));
#3305=IFCCARTESIANPOINT((-171.418499,-402.0947,0.));
#3306=IFCCARTESIANPOINT((-171.20576,-402.8861,0.));
#3307=IFCCARTESIANPOINT((-170.989613,-403.677462,0.));
#3308=IFCCARTESIANPOINT((-170.770042,-404.468788,0.));
#3309=IFCCARTESIANPOINT((-170.547028,-405.260077,0.));
#3310=IFCCARTESIANPOINT((-170.320554,-406.05133,0.));
#3311=IFCCARTESIANPOINT((-170.090603,-406.842548,0.));
#3312=IFCCARTESIANPOINT((-169.857156,-407.633731,0.));
#3313=IFCCARTESIANPOINT((-169.620197,-408.424881,0.));
#3314=IFCCARTESIANPOINT((-169.379708,-409.215998,0.));
#3315=IFCCARTESIANPOINT((-169.135671,-410.007082,0.));
#3316=IFCCARTESIANPOINT((-168.888069,-410.798134,0.));
#3317=IFCCARTESIANPOINT((-168.636881,-411.589165,0.));
#3318=IFCCARTESIANPOINT((-168.382065,-412.380219,0.));
#3319=IFCCARTESIANPOINT((-168.123585,-413.171303,0.));
#3320=IFCCARTESIANPOINT((-167.861403,-413.962417,0.));
#3321=IFCCARTESIANPOINT((-167.595481,-414.753565,0.));
#3322=IFCCARTESIANPOINT((-167.325784,-415.544749,0.));
#3323=IFCCARTESIANPOINT((-167.052273,-416.335971,0.));
#3324=IFCCARTESIANPOINT((-166.774911,-417.127233,0.));
#3325=IFCCARTESIANPOINT((-166.493662,-417.918537,0.));
#3326=IFCCARTESIANPOINT((-166.208489,-418.709885,0.));
#3327=IFCCARTESIANPOINT((-165.919354,-419.50128,0.));
#3328=IFCCARTESIANPOINT((-165.62622,-420.292724,0.));
#3329=IFCCARTESIANPOINT((-165.32905,-421.084219,0.));
#3330=IFCCARTESIANPOINT((-165.027807,-421.875766,0.));
#3331=IFCCARTESIANPOINT((-164.722454,-422.66737,0.));
#3332=IFCCARTESIANPOINT((-164.412954,-423.45903,0.));
#3333=IFCCARTESIANPOINT((-164.099269,-424.250751,0.));
#3334=IFCCARTESIANPOINT((-163.781364,-425.042533,0.));
#3335=IFCCARTESIANPOINT((-163.4592,-425.834379,0.));
#3336=IFCCARTESIANPOINT((-163.13274,-426.626292,0.));
#3337=IFCCARTESIANPOINT((-162.801947,-427.418273,0.));
#3338=IFCCARTESIANPOINT((-162.466785,-428.210325,0.));
#3339=IFCCARTESIANPOINT((-162.127216,-429.002449,0.));
#3340=IFCCARTESIANPOINT((-161.783203,-429.794648,0.));
#3341=IFCCARTESIANPOINT((-161.434709,-430.586925,0.));
#3342=IFCCARTESIANPOINT((-161.081697,-431.379281,0.));
#3343=IFCCARTESIANPOINT((-160.72413,-432.171718,0.));
#3344=IFCCARTESIANPOINT((-160.36197,-432.964239,0.));
#3345=IFCCARTESIANPOINT((-159.995181,-433.756846,0.));
#3346=IFCCARTESIANPOINT((-159.623726,-434.549541,0.));
#3347=IFCCARTESIANPOINT((-159.247566,-435.342326,0.));
#3348=IFCCARTESIANPOINT((-158.866666,-436.135204,0.));
#3349=IFCCARTESIANPOINT((-158.480956,-436.928163,0.));
#3350=IFCCARTESIANPOINT((-158.090364,-437.721192,0.));
#3351=IFCCARTESIANPOINT((-157.694839,-438.514285,0.));
#3352=IFCCARTESIANPOINT((-157.294326,-439.307437,0.));
#3353=IFCCARTESIANPOINT((-156.888773,-440.10064,0.));
#3354=IFCCARTESIANPOINT((-156.478127,-440.89389,0.));
#3355=IFCCARTESIANPOINT((-156.062335,-441.687181,0.));
#3356=IFCCARTESIANPOINT((-155.641345,-442.480506,0.));
#3357=IFCCARTESIANPOINT((-155.215104,-443.273861,0.));
#3358=IFCCARTESIANPOINT((-154.783557,-444.067239,0.));
#3359=IFCCARTESIANPOINT((-154.346654,-444.860634,0.));
#3360=IFCCARTESIANPOINT((-153.904387,-445.653965,0.));
#3361=IFCCARTESIANPOINT((-153.456846,-446.446987,0.));
#3362=IFCCARTESIANPOINT((-153.003993,-447.239654,0.));
#3363=IFCCARTESIANPOINT((-152.54578,-448.031936,0.));
#3364=IFCCARTESIANPOINT((-152.082159,-448.823803,0.));
#3365=IFCCARTESIANPOINT((-151.613082,-449.615226,0.));
#3366=IFCCARTESIANPOINT((-151.138502,-450.406174,0.));
#3367=IFCCARTESIANPOINT((-150.65837,-451.196616,0.));
#3368=IFCCARTESIANPOINT((-150.172639,-451.986524,0.));
#3369=IFCCARTESIANPOINT((-149.68126,-452.775866,0.));
#3370=IFCCARTESIANPOINT((-149.184186,-453.564614,0.));
#3371=IFCCARTESIANPOINT((-148.681368,-454.352736,0.));
#3372=IFCCARTESIANPOINT((-148.17276,-455.140203,0.));
#3373=IFCCARTESIANPOINT((-147.658312,-455.926985,0.));
#3374=IFCCARTESIANPOINT((-147.137978,-456.713051,0.));
#3375=IFCCARTESIANPOINT((-146.611709,-457.498372,0.));
#3376=IFCCARTESIANPOINT((-146.079457,-458.282917,0.));
#3377=IFCCARTESIANPOINT((-145.541174,-459.066657,0.));
#3378=IFCCARTESIANPOINT((-144.996814,-459.849561,0.));
#3379=IFCCARTESIANPOINT((-144.446326,-460.6316,0.));
#3380=IFCCARTESIANPOINT((-143.889674,-461.412781,0.));
#3381=IFCCARTESIANPOINT((-143.326789,-462.193283,0.));
#3382=IFCCARTESIANPOINT((-142.757489,-462.973183,0.));
#3383=IFCCARTESIANPOINT((-142.181581,-463.752542,0.));
#3384=IFCCARTESIANPOINT((-141.598871,-464.531419,0.));
#3385=IFCCARTESIANPOINT((-141.009169,-465.309874,0.));
#3386=IFCCARTESIANPOINT((-140.41228,-466.087966,0.));
#3387=IFCCARTESIANPOINT((-139.808013,-466.865757,0.));
#3388=IFCCARTESIANPOINT((-139.196174,-467.643305,0.));
#3389=IFCCARTESIANPOINT((-138.576571,-468.420671,0.));
#3390=IFCCARTESIANPOINT((-137.949012,-469.197913,0.));
#3391=IFCCARTESIANPOINT((-137.313303,-469.975093,0.));
#3392=IFCCARTESIANPOINT((-136.669253,-470.75227,0.));
#3393=IFCCARTESIANPOINT((-136.016668,-471.529504,0.));
#3394=IFCCARTESIANPOINT((-135.355356,-472.306854,0.));
#3395=IFCCARTESIANPOINT((-134.685124,-473.08438,0.));
#3396=IFCCARTESIANPOINT((-134.005779,-473.862143,0.));
#3397=IFCCARTESIANPOINT((-133.31713,-474.640202,0.));
#3398=IFCCARTESIANPOINT((-132.618983,-475.418617,0.));
#3399=IFCCARTESIANPOINT((-131.911145,-476.197448,0.));
#3400=IFCCARTESIANPOINT((-131.193425,-476.976755,0.));
#3401=IFCCARTESIANPOINT((-130.465629,-477.756597,0.));
#3402=IFCCARTESIANPOINT((-129.727565,-478.537092,0.));
#3403=IFCCARTESIANPOINT((-128.978954,-479.318434,0.));
#3404=IFCCARTESIANPOINT((-128.219427,-480.100613,0.));
#3405=IFCCARTESIANPOINT((-127.448611,-480.883604,0.));
#3406=IFCCARTESIANPOINT((-126.666132,-481.667383,0.));
#3407=IFCCARTESIANPOINT((-125.871618,-482.451927,0.));
#3408=IFCCARTESIANPOINT((-125.064695,-483.237211,0.));
#3409=IFCCARTESIANPOINT((-124.244991,-484.023211,0.));
#3410=IFCCARTESIANPOINT((-123.412132,-484.809903,0.));
#3411=IFCCARTESIANPOINT((-122.565745,-485.597264,0.));
#3412=IFCCARTESIANPOINT((-121.705457,-486.385268,0.));
#3413=IFCCARTESIANPOINT((-120.830896,-487.173892,0.));
#3414=IFCCARTESIANPOINT((-119.941688,-487.963112,0.));
#3415=IFCCARTESIANPOINT((-119.037461,-488.752904,0.));
#3416=IFCCARTESIANPOINT((-118.11784,-489.543243,0.));
#3417=IFCCARTESIANPOINT((-117.182453,-490.334106,0.));
#3418=IFCCARTESIANPOINT((-116.230928,-491.125469,0.));
#3419=IFCCARTESIANPOINT((-115.262891,-491.917307,0.));
#3420=IFCCARTESIANPOINT((-114.277968,-492.709597,0.));
#3421=IFCCARTESIANPOINT((-113.275787,-493.502314,0.));
#3422=IFCCARTESIANPOINT((-112.255976,-494.295435,0.));
#3423=IFCCARTESIANPOINT((-111.21816,-495.088934,0.));
#3424=IFCPOLYLINE((#3425,#3426,#3427,#3428,#3429,#3430,#3431,#3432,#3433,#3434,#3435,#3436,#3437,#3438,#3439,#3440,#3441,#3442,#3443,#3444,#3445,#3446,#3447,#3448,#3449,#3450,#3451,#3452,#3453,#3454,#3455,#3456,#3457,#3458,#3459,#3460,#3461,#3462,#3463,#3464,#3465,#3466,#3467,#3468,#3469,#3470,#3471,#3472,#3473,#3474,#3475,#3476,#3477,#3478,#3479,#3480,#3481,#3482,#3483,#3484,#3485,#3486,#3487,#3488,#3489,#3490,#3491,#3492,#3493,#3494,#3495,#3496,#3497,#3498,#3499,#3500,#3501,#3502,#3503,#3504,#3505,#3506,#3507,#3508,#3509,#3510,#3511,#3512,#3513,#3514,#3515,#3516,#3517,#3518,#3519,#3520,#3521,#3522,#3523,#3524,#3525,#3526,#3527,#3528,#3529,#3530,#3531,#3532,#3533,#3534,#3535,#3536,#3537,#3538,#3539,#3540,#3541,#3542,#3543,#3544,#3545,#3546,#3547,#3548,#3549,#3550,#3551,#3552,#3553));
#3425=IFCCARTESIANPOINT((-0.000443,-530.657145,0.));
#3426=IFCCARTESIANPOINT((-0.98723,-530.6548,0.));
#3427=IFCCARTESIANPOINT((-1.973433,-530.647874,0.));
#3428=IFCCARTESIANPOINT((-2.959022,-530.636368,0.));
#3429=IFCCARTESIANPOINT((-3.943964,-530.620283,0.));
#3430=IFCCARTESIANPOINT((-4.928228,-530.599618,0.));
#3431=IFCCARTESIANPOINT((-5.911784,-530.574373,0.));
#3432=IFCCARTESIANPOINT((-6.8946,-530.54455,0.));
#3433=IFCCARTESIANPOINT((-7.876644,-530.510148,0.));
#3434=IFCCARTESIANPOINT((-8.857886,-530.471168,0.));
#3435=IFCCARTESIANPOINT((-9.838294,-530.427609,0.));
#3436=IFCCARTESIANPOINT((-10.817837,-530.379472,0.));
#3437=IFCCARTESIANPOINT((-11.796483,-530.326758,0.));
#3438=IFCCARTESIANPOINT((-12.774201,-530.269466,0.));
#3439=IFCCARTESIANPOINT((-13.75096,-530.207597,0.));
#3440=IFCCARTESIANPOINT((-14.726729,-530.141151,0.));
#3441=IFCCARTESIANPOINT((-15.701477,-530.070129,0.));
#3442=IFCCARTESIANPOINT((-16.675171,-529.99453,0.));
#3443=IFCCARTESIANPOINT((-17.647781,-529.914355,0.));
#3444=IFCCARTESIANPOINT((-18.619276,-529.829604,0.));
#3445=IFCCARTESIANPOINT((-19.589624,-529.740277,0.));
#3446=IFCCARTESIANPOINT((-20.558794,-529.646375,0.));
#3447=IFCCARTESIANPOINT((-21.526755,-529.547898,0.));
#3448=IFCCARTESIANPOINT((-22.493475,-529.444846,0.));
#3449=IFCCARTESIANPOINT((-23.458923,-529.33722,0.));
#3450=IFCCARTESIANPOINT((-24.423068,-529.225019,0.));
#3451=IFCCARTESIANPOINT((-25.385878,-529.108244,0.));
#3452=IFCCARTESIANPOINT((-26.347323,-528.986896,0.));
#3453=IFCCARTESIANPOINT((-27.30737,-528.860973,0.));
#3454=IFCCARTESIANPOINT((-28.265989,-528.730478,0.));
#3455=IFCCARTESIANPOINT((-29.223149,-528.595409,0.));
#3456=IFCCARTESIANPOINT((-30.178818,-528.455768,0.));
#3457=IFCCARTESIANPOINT((-31.132965,-528.311554,0.));
#3458=IFCCARTESIANPOINT((-32.085558,-528.162768,0.));
#3459=IFCCARTESIANPOINT((-33.036566,-528.00941,0.));
#3460=IFCCARTESIANPOINT((-33.985958,-527.85148,0.));
#3461=IFCCARTESIANPOINT((-34.933704,-527.688979,0.));
#3462=IFCCARTESIANPOINT((-35.87977,-527.521907,0.));
#3463=IFCCARTESIANPOINT((-36.824127,-527.350263,0.));
#3464=IFCCARTESIANPOINT((-37.766733,-527.174064,0.));
#3465=IFCCARTESIANPOINT((-38.707547,-526.993346,0.));
#3466=IFCCARTESIANPOINT((-39.646558,-526.808111,0.));
#3467=IFCCARTESIANPOINT((-40.583754,-526.618362,0.));
#3468=IFCCARTESIANPOINT((-41.519125,-526.424102,0.));
#3469=IFCCARTESIANPOINT((-42.452659,-526.225334,0.));
#3470=IFCCARTESIANPOINT((-43.384346,-526.022059,0.));
#3471=IFCCARTESIANPOINT((-44.314175,-525.814281,0.));
#3472=IFCCARTESIANPOINT((-45.242136,-525.602002,0.));
#3473=IFCCARTESIANPOINT((-46.168216,-525.385224,0.));
#3474=IFCCARTESIANPOINT((-47.092405,-525.16395,0.));
#3475=IFCCARTESIANPOINT((-48.014692,-524.938183,0.));
#3476=IFCCARTESIANPOINT((-48.935067,-524.707924,0.));
#3477=IFCCARTESIANPOINT((-49.853519,-524.473177,0.));
#3478=IFCCARTESIANPOINT((-50.770035,-524.233944,0.));
#3479=IFCCARTESIANPOINT((-51.684607,-523.990228,0.));
#3480=IFCCARTESIANPOINT((-52.597222,-523.742031,0.));
#3481=IFCCARTESIANPOINT((-53.50787,-523.489355,0.));
#3482=IFCCARTESIANPOINT((-54.416539,-523.232203,0.));
#3483=IFCCARTESIANPOINT((-55.32322,-522.970578,0.));
#3484=IFCCARTESIANPOINT((-56.227901,-522.704482,0.));
#3485=IFCCARTESIANPOINT((-57.130571,-522.433918,0.));
#3486=IFCCARTESIANPOINT((-58.031219,-522.158888,0.));
#3487=IFCCARTESIANPOINT((-58.929806,-521.879392,0.));
#3488=IFCCARTESIANPOINT((-59.826265,-521.595447,0.));
#3489=IFCCARTESIANPOINT((-60.720539,-521.307077,0.));
#3490=IFCCARTESIANPOINT((-61.612571,-521.014306,0.));
#3491=IFCCARTESIANPOINT((-62.502304,-520.717161,0.));
#3492=IFCCARTESIANPOINT((-63.389682,-520.415664,0.));
#3493=IFCCARTESIANPOINT((-64.274648,-520.109843,0.));
#3494=IFCCARTESIANPOINT((-65.157146,-519.79972,0.));
#3495=IFCCARTESIANPOINT((-66.03712,-519.485322,0.));
#3496=IFCCARTESIANPOINT((-66.914511,-519.166672,0.));
#3497=IFCCARTESIANPOINT((-67.789265,-518.843796,0.));
#3498=IFCCARTESIANPOINT((-68.661324,-518.516719,0.));
#3499=IFCCARTESIANPOINT((-69.530632,-518.185466,0.));
#3500=IFCCARTESIANPOINT((-70.397132,-517.85006,0.));
#3501=IFCCARTESIANPOINT((-71.260767,-517.510528,0.));
#3502=IFCCARTESIANPOINT((-72.121486,-517.166882,0.));
#3503=IFCCARTESIANPOINT((-72.97926,-516.819094,0.));
#3504=IFCCARTESIANPOINT((-73.834046,-516.4672,0.));
#3505=IFCCARTESIANPOINT((-74.685801,-516.111242,0.));
#3506=IFCCARTESIANPOINT((-75.534482,-515.751264,0.));
#3507=IFCCARTESIANPOINT((-76.380043,-515.387309,0.));
#3508=IFCCARTESIANPOINT((-77.222442,-515.01942,0.));
#3509=IFCCARTESIANPOINT((-78.061635,-514.64764,0.));
#3510=IFCCARTESIANPOINT((-78.897577,-514.272012,0.));
#3511=IFCCARTESIANPOINT((-79.730226,-513.892579,0.));
#3512=IFCCARTESIANPOINT((-80.559536,-513.509384,0.));
#3513=IFCCARTESIANPOINT((-81.385464,-513.122471,0.));
#3514=IFCCARTESIANPOINT((-82.207966,-512.731882,0.));
#3515=IFCCARTESIANPOINT((-83.026999,-512.337661,0.));
#3516=IFCCARTESIANPOINT((-83.842518,-511.93985,0.));
#3517=IFCCARTESIANPOINT((-84.65448,-511.538493,0.));
#3518=IFCCARTESIANPOINT((-85.462841,-511.133633,0.));
#3519=IFCCARTESIANPOINT((-86.267556,-510.725313,0.));
#3520=IFCCARTESIANPOINT((-87.068583,-510.313576,0.));
#3521=IFCCARTESIANPOINT((-87.865877,-509.898465,0.));
#3522=IFCCARTESIANPOINT((-88.659394,-509.480023,0.));
#3523=IFCCARTESIANPOINT((-89.44909,-509.058293,0.));
#3524=IFCCARTESIANPOINT((-90.234922,-508.633319,0.));
#3525=IFCCARTESIANPOINT((-91.016845,-508.205143,0.));
#3526=IFCCARTESIANPOINT((-91.794817,-507.773808,0.));
#3527=IFCCARTESIANPOINT((-92.568792,-507.339359,0.));
#3528=IFCCARTESIANPOINT((-93.338727,-506.901836,0.));
#3529=IFCCARTESIANPOINT((-94.104579,-506.461285,0.));
#3530=IFCCARTESIANPOINT((-94.866303,-506.017748,0.));
#3531=IFCCARTESIANPOINT((-95.623855,-505.571267,0.));
#3532=IFCCARTESIANPOINT((-96.377192,-505.121887,0.));
#3533=IFCCARTESIANPOINT((-97.12627,-504.66965,0.));
#3534=IFCCARTESIANPOINT((-97.871078,-504.214601,0.));
#3535=IFCCARTESIANPOINT((-98.611687,-503.756787,0.));
#3536=IFCCARTESIANPOINT((-99.348094,-503.29625,0.));
#3537=IFCCARTESIANPOINT((-100.080295,-502.833027,0.));
#3538=IFCCARTESIANPOINT((-100.808282,-502.367161,0.));
#3539=IFCCARTESIANPOINT((-101.532048,-501.89869,0.));
#3540=IFCCARTESIANPOINT((-102.251589,-501.427653,0.));
#3541=IFCCARTESIANPOINT((-102.966897,-500.954093,0.));
#3542=IFCCARTESIANPOINT((-103.677967,-500.478047,0.));
#3543=IFCCARTESIANPOINT((-104.384791,-499.999555,0.));
#3544=IFCCARTESIANPOINT((-105.087364,-499.518659,0.));
#3545=IFCCARTESIANPOINT((-105.785679,-499.035397,0.));
#3546=IFCCARTESIANPOINT((-106.479729,-498.54981,0.));
#3547=IFCCARTESIANPOINT((-107.16951,-498.061937,0.));
#3548=IFCCARTESIANPOINT((-107.855014,-497.571819,0.));
#3549=IFCCARTESIANPOINT((-108.536234,-497.079494,0.));
#3550=IFCCARTESIANPOINT((-109.213165,-496.585003,0.));
#3551=IFCCARTESIANPOINT((-109.885801,-496.088387,0.));
#3552=IFCCARTESIANPOINT((-110.554135,-495.589684,0.));
#3553=IFCCARTESIANPOINT((-111.21816,-495.088934,0.));
#3554=IFCPOLYLINE((#3555,#3556,#3557,#3558,#3559,#3560,#3561,#3562,#3563,#3564,#3565,#3566,#3567,#3568,#3569,#3570,#3571,#3572,#3573,#3574,#3575,#3576,#3577,#3578,#3579,#3580,#3581,#3582,#3583,#3584,#3585,#3586,#3587,#3588,#3589,#3590,#3591,#3592,#3593,#3594,#3595,#3596,#3597,#3598,#3599,#3600,#3601,#3602,#3603,#3604,#3605,#3606,#3607,#3608,#3609,#3610,#3611,#3612,#3613,#3614,#3615,#3616,#3617,#3618,#3619,#3620,#3621,#3622,#3623,#3624,#3625,#3626,#3627,#3628,#3629,#3630,#3631,#3632,#3633,#3634,#3635,#3636,#3637,#3638,#3639,#3640,#3641,#3642,#3643,#3644,#3645,#3646,#3647,#3648,#3649,#3650,#3651,#3652,#3653,#3654,#3655,#3656,#3657,#3658,#3659,#3660,#3661,#3662,#3663,#3664,#3665,#3666,#3667,#3668,#3669,#3670,#3671,#3672,#3673,#3674,#3675,#3676,#3677,#3678,#3679,#3680,#3681,#3682,#3683,#3684,#3685,#3686,#3687,#3688,#3689,#3690,#3691,#3692,#3693,#3694,#3695,#3696,#3697,#3698,#3699,#3700,#3701,#3702,#3703,#3704,#3705,#3706,#3707,#3708,#3709,#3710,#3711,#3712,#3713,#3714,#3715));
#3555=IFCCARTESIANPOINT((-0.000443,-530.657145,0.));
#3556=IFCCARTESIANPOINT((9.123906,-530.459324,0.));
#3557=IFCCARTESIANPOINT((12.847858,-530.267502,0.));
#3558=IFCCARTESIANPOINT((15.928162,-530.057889,0.));
#3559=IFCCARTESIANPOINT((18.659026,-529.831481,0.));
#3560=IFCCARTESIANPOINT((21.063423,-529.599285,0.));
#3561=IFCCARTESIANPOINT((23.164323,-529.372308,0.));
#3562=IFCCARTESIANPOINT((24.999347,-529.158427,0.));
#3563=IFCCARTESIANPOINT((26.624782,-528.955644,0.));
#3564=IFCCARTESIANPOINT((28.082719,-528.761033,0.));
#3565=IFCCARTESIANPOINT((29.415068,-528.571688,0.));
#3566=IFCCARTESIANPOINT((30.663736,-528.3847,0.));
#3567=IFCCARTESIANPOINT((31.870789,-528.197099,0.));
#3568=IFCCARTESIANPOINT((33.080101,-528.001947,0.));
#3569=IFCCARTESIANPOINT((34.298336,-527.797116,0.));
#3570=IFCCARTESIANPOINT((35.518095,-527.584176,0.));
#3571=IFCCARTESIANPOINT((36.731977,-527.364698,0.));
#3572=IFCCARTESIANPOINT((37.932583,-527.140254,0.));
#3573=IFCCARTESIANPOINT((39.112511,-526.912413,0.));
#3574=IFCCARTESIANPOINT((40.264363,-526.682746,0.));
#3575=IFCCARTESIANPOINT((41.380737,-526.452825,0.));
#3576=IFCCARTESIANPOINT((42.457917,-526.223869,0.));
#3577=IFCCARTESIANPOINT((43.500611,-525.995992,0.));
#3578=IFCCARTESIANPOINT((44.51066,-525.769341,0.));
#3579=IFCCARTESIANPOINT((45.489781,-525.544073,0.));
#3580=IFCCARTESIANPOINT((46.439664,-525.320392,0.));
#3581=IFCCARTESIANPOINT((47.361961,-525.098294,0.));
#3582=IFCCARTESIANPOINT((48.258315,-524.877677,0.));
#3583=IFCCARTESIANPOINT((49.130374,-524.658444,0.));
#3584=IFCCARTESIANPOINT((49.979781,-524.440494,0.));
#3585=IFCCARTESIANPOINT((50.808184,-524.223729,0.));
#3586=IFCCARTESIANPOINT((51.617227,-524.008049,0.));
#3587=IFCCARTESIANPOINT((52.408556,-523.793355,0.));
#3588=IFCCARTESIANPOINT((53.184077,-523.579472,0.));
#3589=IFCCARTESIANPOINT((53.945419,-523.366139,0.));
#3590=IFCCARTESIANPOINT((54.693459,-523.153185,0.));
#3591=IFCCARTESIANPOINT((55.429068,-522.940442,0.));
#3592=IFCCARTESIANPOINT((56.153116,-522.727742,0.));
#3593=IFCCARTESIANPOINT((56.86647,-522.514916,0.));
#3594=IFCCARTESIANPOINT((57.570002,-522.301797,0.));
#3595=IFCCARTESIANPOINT((58.26458,-522.088215,0.));
#3596=IFCCARTESIANPOINT((58.951074,-521.874003,0.));
#3597=IFCCARTESIANPOINT((59.630353,-521.658993,0.));
#3598=IFCCARTESIANPOINT((60.303288,-521.443015,0.));
#3599=IFCCARTESIANPOINT((60.970747,-521.225902,0.));
#3600=IFCCARTESIANPOINT((61.6336,-521.007486,0.));
#3601=IFCCARTESIANPOINT((62.292717,-520.787598,0.));
#3602=IFCCARTESIANPOINT((62.948517,-520.566193,0.));
#3603=IFCCARTESIANPOINT((63.599007,-520.343879,0.));
#3604=IFCCARTESIANPOINT((64.243849,-520.120796,0.));
#3605=IFCCARTESIANPOINT((64.883069,-519.896983,0.));
#3606=IFCCARTESIANPOINT((65.516693,-519.672478,0.));
#3607=IFCCARTESIANPOINT((66.144748,-519.447321,0.));
#3608=IFCCARTESIANPOINT((66.767259,-519.22155,0.));
#3609=IFCCARTESIANPOINT((67.384253,-518.995204,0.));
#3610=IFCCARTESIANPOINT((67.995756,-518.768323,0.));
#3611=IFCCARTESIANPOINT((68.601795,-518.540944,0.));
#3612=IFCCARTESIANPOINT((69.202395,-518.313108,0.));
#3613=IFCCARTESIANPOINT((69.797583,-518.084852,0.));
#3614=IFCCARTESIANPOINT((70.387385,-517.856216,0.));
#3615=IFCCARTESIANPOINT((70.971827,-517.627238,0.));
#3616=IFCCARTESIANPOINT((71.550935,-517.397958,0.));
#3617=IFCCARTESIANPOINT((72.124736,-517.168415,0.));
#3618=IFCCARTESIANPOINT((72.693256,-516.938646,0.));
#3619=IFCCARTESIANPOINT((73.25652,-516.708692,0.));
#3620=IFCCARTESIANPOINT((73.814556,-516.478591,0.));
#3621=IFCCARTESIANPOINT((74.36739,-516.248382,0.));
#3622=IFCCARTESIANPOINT((74.915047,-516.018104,0.));
#3623=IFCCARTESIANPOINT((75.457554,-515.787795,0.));
#3624=IFCCARTESIANPOINT((75.994936,-515.557495,0.));
#3625=IFCCARTESIANPOINT((76.527222,-515.327243,0.));
#3626=IFCCARTESIANPOINT((77.054435,-515.097077,0.));
#3627=IFCCARTESIANPOINT((77.576603,-514.867036,0.));
#3628=IFCCARTESIANPOINT((78.093753,-514.63716,0.));
#3629=IFCCARTESIANPOINT((78.605909,-514.407487,0.));
#3630=IFCCARTESIANPOINT((79.113099,-514.178056,0.));
#3631=IFCCARTESIANPOINT((79.615348,-513.948905,0.));
#3632=IFCCARTESIANPOINT((80.112683,-513.720075,0.));
#3633=IFCCARTESIANPOINT((80.60513,-513.491603,0.));
#3634=IFCCARTESIANPOINT((81.092715,-513.263529,0.));
#3635=IFCCARTESIANPOINT((81.575464,-513.035891,0.));
#3636=IFCCARTESIANPOINT((82.053404,-512.808729,0.));
#3637=IFCCARTESIANPOINT((82.526561,-512.582081,0.));
#3638=IFCCARTESIANPOINT((82.994961,-512.355986,0.));
#3639=IFCCARTESIANPOINT((83.45863,-512.130483,0.));
#3640=IFCCARTESIANPOINT((83.917594,-511.905611,0.));
#3641=IFCCARTESIANPOINT((84.37188,-511.681409,0.));
#3642=IFCCARTESIANPOINT((84.821739,-511.457806,0.));
#3643=IFCCARTESIANPOINT((85.267864,-511.234499,0.));
#3644=IFCCARTESIANPOINT((85.710356,-511.011457,0.));
#3645=IFCCARTESIANPOINT((86.149278,-510.788666,0.));
#3646=IFCCARTESIANPOINT((86.584693,-510.566111,0.));
#3647=IFCCARTESIANPOINT((87.016663,-510.343781,0.));
#3648=IFCCARTESIANPOINT((87.445252,-510.121661,0.));
#3649=IFCCARTESIANPOINT((87.870522,-509.899737,0.));
#3650=IFCCARTESIANPOINT((88.292536,-509.677997,0.));
#3651=IFCCARTESIANPOINT((88.711356,-509.456426,0.));
#3652=IFCCARTESIANPOINT((89.127045,-509.235012,0.));
#3653=IFCCARTESIANPOINT((89.539666,-509.01374,0.));
#3654=IFCCARTESIANPOINT((89.949281,-508.792597,0.));
#3655=IFCCARTESIANPOINT((90.355954,-508.57157,0.));
#3656=IFCCARTESIANPOINT((90.759747,-508.350644,0.));
#3657=IFCCARTESIANPOINT((91.160722,-508.129808,0.));
#3658=IFCCARTESIANPOINT((91.558943,-507.909046,0.));
#3659=IFCCARTESIANPOINT((91.954471,-507.688346,0.));
#3660=IFCCARTESIANPOINT((92.347371,-507.467694,0.));
#3661=IFCCARTESIANPOINT((92.737703,-507.247076,0.));
#3662=IFCCARTESIANPOINT((93.125532,-507.026479,0.));
#3663=IFCCARTESIANPOINT((93.51092,-506.80589,0.));
#3664=IFCCARTESIANPOINT((93.893929,-506.585294,0.));
#3665=IFCCARTESIANPOINT((94.274622,-506.364679,0.));
#3666=IFCCARTESIANPOINT((94.653063,-506.144031,0.));
#3667=IFCCARTESIANPOINT((95.029312,-505.923336,0.));
#3668=IFCCARTESIANPOINT((95.403434,-505.702581,0.));
#3669=IFCCARTESIANPOINT((95.775492,-505.481752,0.));
#3670=IFCCARTESIANPOINT((96.145546,-505.260836,0.));
#3671=IFCCARTESIANPOINT((96.513662,-505.039819,0.));
#3672=IFCCARTESIANPOINT((96.8799,-504.818688,0.));
#3673=IFCCARTESIANPOINT((97.244324,-504.597429,0.));
#3674=IFCCARTESIANPOINT((97.606997,-504.376029,0.));
#3675=IFCCARTESIANPOINT((97.967993,-504.154457,0.));
#3676=IFCCARTESIANPOINT((98.327423,-503.932611,0.));
#3677=IFCCARTESIANPOINT((98.685306,-503.71048,0.));
#3678=IFCCARTESIANPOINT((99.04165,-503.488067,0.));
#3679=IFCCARTESIANPOINT((99.396464,-503.265375,0.));
#3680=IFCCARTESIANPOINT((99.749755,-503.042407,0.));
#3681=IFCCARTESIANPOINT((100.101532,-502.819166,0.));
#3682=IFCCARTESIANPOINT((100.451802,-502.595656,0.));
#3683=IFCCARTESIANPOINT((100.800572,-502.371879,0.));
#3684=IFCCARTESIANPOINT((101.147852,-502.147839,0.));
#3685=IFCCARTESIANPOINT((101.493649,-501.923539,0.));
#3686=IFCCARTESIANPOINT((101.837971,-501.698981,0.));
#3687=IFCCARTESIANPOINT((102.180825,-501.47417,0.));
#3688=IFCCARTESIANPOINT((102.52222,-501.249107,0.));
#3689=IFCCARTESIANPOINT((102.862164,-501.023796,0.));
#3690=IFCCARTESIANPOINT((103.200665,-500.798241,0.));
#3691=IFCCARTESIANPOINT((103.53773,-500.572444,0.));
#3692=IFCCARTESIANPOINT((103.873368,-500.346409,0.));
#3693=IFCCARTESIANPOINT((104.207586,-500.120138,0.));
#3694=IFCCARTESIANPOINT((104.540392,-499.893636,0.));
#3695=IFCCARTESIANPOINT((104.871794,-499.666903,0.));
#3696=IFCCARTESIANPOINT((105.201801,-499.439945,0.));
#3697=IFCCARTESIANPOINT((105.53042,-499.212764,0.));
#3698=IFCCARTESIANPOINT((105.857659,-498.985363,0.));
#3699=IFCCARTESIANPOINT((106.183526,-498.757746,0.));
#3700=IFCCARTESIANPOINT((106.508029,-498.529915,0.));
#3701=IFCCARTESIANPOINT((106.831176,-498.301873,0.));
#3702=IFCCARTESIANPOINT((107.152974,-498.073624,0.));
#3703=IFCCARTESIANPOINT((107.473432,-497.845171,0.));
#3704=IFCCARTESIANPOINT((107.792558,-497.616516,0.));
#3705=IFCCARTESIANPOINT((108.110359,-497.387664,0.));
#3706=IFCCARTESIANPOINT((108.426844,-497.158617,0.));
#3707=IFCCARTESIANPOINT((108.742021,-496.929378,0.));
#3708=IFCCARTESIANPOINT((109.055896,-496.69995,0.));
#3709=IFCCARTESIANPOINT((109.368479,-496.470337,0.));
#3710=IFCCARTESIANPOINT((109.679777,-496.240541,0.));
#3711=IFCCARTESIANPOINT((109.989799,-496.010566,0.));
#3712=IFCCARTESIANPOINT((110.298551,-495.780414,0.));
#3713=IFCCARTESIANPOINT((110.606042,-495.55009,0.));
#3714=IFCCARTESIANPOINT((110.912281,-495.319596,0.));
#3715=IFCCARTESIANPOINT((111.217274,-495.088934,0.));
#3716=IFCPOLYLINE((#3717,#3718,#3719,#3720,#3721,#3722,#3723,#3724,#3725,#3726,#3727,#3728,#3729,#3730,#3731,#3732,#3733,#3734,#3735,#3736,#3737,#3738,#3739,#3740,#3741,#3742,#3743,#3744,#3745,#3746,#3747,#3748,#3749,#3750,#3751,#3752,#3753,#3754,#3755,#3756,#3757,#3758,#3759,#3760,#3761,#3762,#3763,#3764,#3765,#3766,#3767,#3768,#3769,#3770,#3771,#3772,#3773,#3774,#3775,#3776,#3777,#3778,#3779,#3780,#3781,#3782,#3783,#3784,#3785,#3786,#3787,#3788,#3789,#3790,#3791,#3792,#3793,#3794,#3795,#3796,#3797,#3798,#3799,#3800,#3801,#3802,#3803,#3804,#3805,#3806,#3807,#3808,#3809,#3810,#3811,#3812,#3813,#3814,#3815,#3816,#3817,#3818,#3819,#3820,#3821,#3822,#3823,#3824,#3825,#3826,#3827,#3828,#3829,#3830,#3831,#3832,#3833,#3834,#3835,#3836,#3837,#3838,#3839,#3840,#3841,#3842,#3843,#3844,#3845,#3846,#3847,#3848,#3849,#3850,#3851,#3852,#3853,#3854,#3855,#3856,#3857,#3858,#3859,#3860,#3861,#3862,#3863,#3864,#3865,#3866,#3867,#3868,#3869,#3870,#3871,#3872,#3873,#3874,#3875,#3876,#3877));
#3717=IFCCARTESIANPOINT((176.748713,-375.160171,0.));
#3718=IFCCARTESIANPOINT((176.646707,-375.91306,0.));
#3719=IFCCARTESIANPOINT((176.540124,-376.678519,0.));
#3720=IFCCARTESIANPOINT((176.429098,-377.455341,0.));
#3721=IFCCARTESIANPOINT((176.313767,-378.24232,0.));
#3722=IFCCARTESIANPOINT((176.194266,-379.038248,0.));
#3723=IFCCARTESIANPOINT((176.070732,-379.84192,0.));
#3724=IFCCARTESIANPOINT((175.943301,-380.652128,0.));
#3725=IFCCARTESIANPOINT((175.812108,-381.467666,0.));
#3726=IFCCARTESIANPOINT((175.677291,-382.287328,0.));
#3727=IFCCARTESIANPOINT((175.538985,-383.109907,0.));
#3728=IFCCARTESIANPOINT((175.397326,-383.934197,0.));
#3729=IFCCARTESIANPOINT((175.252451,-384.75899,0.));
#3730=IFCCARTESIANPOINT((175.104495,-385.58308,0.));
#3731=IFCCARTESIANPOINT((174.953595,-386.40526,0.));
#3732=IFCCARTESIANPOINT((174.799888,-387.224325,0.));
#3733=IFCCARTESIANPOINT((174.643508,-388.039067,0.));
#3734=IFCCARTESIANPOINT((174.485658,-388.845283,0.));
#3735=IFCCARTESIANPOINT((174.327172,-389.640705,0.));
#3736=IFCCARTESIANPOINT((174.167636,-390.427025,0.));
#3737=IFCCARTESIANPOINT((174.006639,-391.205934,0.));
#3738=IFCCARTESIANPOINT((173.843766,-391.979126,0.));
#3739=IFCCARTESIANPOINT((173.678604,-392.748292,0.));
#3740=IFCCARTESIANPOINT((173.510741,-393.515126,0.));
#3741=IFCCARTESIANPOINT((173.339762,-394.281319,0.));
#3742=IFCCARTESIANPOINT((173.165255,-395.048564,0.));
#3743=IFCCARTESIANPOINT((172.986807,-395.818554,0.));
#3744=IFCCARTESIANPOINT((172.804004,-396.592981,0.));
#3745=IFCCARTESIANPOINT((172.616434,-397.373537,0.));
#3746=IFCCARTESIANPOINT((172.423682,-398.161915,0.));
#3747=IFCCARTESIANPOINT((172.225336,-398.959807,0.));
#3748=IFCCARTESIANPOINT((172.020983,-399.768906,0.));
#3749=IFCCARTESIANPOINT((171.810209,-400.590904,0.));
#3750=IFCCARTESIANPOINT((171.593202,-401.423252,0.));
#3751=IFCCARTESIANPOINT((171.370601,-402.26163,0.));
#3752=IFCCARTESIANPOINT((171.142677,-403.105068,0.));
#3753=IFCCARTESIANPOINT((170.909698,-403.952599,0.));
#3754=IFCCARTESIANPOINT((170.671934,-404.803254,0.));
#3755=IFCCARTESIANPOINT((170.429654,-405.656066,0.));
#3756=IFCCARTESIANPOINT((170.183126,-406.510066,0.));
#3757=IFCCARTESIANPOINT((169.932621,-407.364286,0.));
#3758=IFCCARTESIANPOINT((169.678406,-408.217759,0.));
#3759=IFCCARTESIANPOINT((169.420751,-409.069516,0.));
#3760=IFCCARTESIANPOINT((169.159925,-409.918589,0.));
#3761=IFCCARTESIANPOINT((168.896198,-410.76401,0.));
#3762=IFCCARTESIANPOINT((168.629837,-411.604811,0.));
#3763=IFCCARTESIANPOINT((168.361113,-412.440023,0.));
#3764=IFCCARTESIANPOINT((168.090295,-413.26868,0.));
#3765=IFCCARTESIANPOINT((167.817651,-414.089812,0.));
#3766=IFCCARTESIANPOINT((167.545405,-414.898117,0.));
#3767=IFCCARTESIANPOINT((167.275042,-415.6905,0.));
#3768=IFCCARTESIANPOINT((167.005726,-416.469304,0.));
#3769=IFCCARTESIANPOINT((166.73662,-417.236871,0.));
#3770=IFCCARTESIANPOINT((166.466887,-417.995545,0.));
#3771=IFCCARTESIANPOINT((166.195689,-418.747667,0.));
#3772=IFCCARTESIANPOINT((165.92219,-419.49558,0.));
#3773=IFCCARTESIANPOINT((165.645552,-420.241628,0.));
#3774=IFCCARTESIANPOINT((165.36494,-420.988153,0.));
#3775=IFCCARTESIANPOINT((165.079515,-421.737497,0.));
#3776=IFCCARTESIANPOINT((164.788441,-422.492004,0.));
#3777=IFCCARTESIANPOINT((164.490881,-423.254015,0.));
#3778=IFCCARTESIANPOINT((164.185995,-424.025836,0.));
#3779=IFCCARTESIANPOINT((163.873084,-424.807826,0.));
#3780=IFCCARTESIANPOINT((163.552118,-425.599115,0.));
#3781=IFCCARTESIANPOINT((163.223211,-426.399144,0.));
#3782=IFCCARTESIANPOINT((162.886477,-427.207353,0.));
#3783=IFCCARTESIANPOINT((162.542032,-428.023186,0.));
#3784=IFCCARTESIANPOINT((162.189989,-428.846082,0.));
#3785=IFCCARTESIANPOINT((161.830463,-429.675483,0.));
#3786=IFCCARTESIANPOINT((161.46357,-430.510831,0.));
#3787=IFCCARTESIANPOINT((161.089422,-431.351568,0.));
#3788=IFCCARTESIANPOINT((160.708135,-432.197134,0.));
#3789=IFCCARTESIANPOINT((160.319823,-433.046971,0.));
#3790=IFCCARTESIANPOINT((159.924601,-433.90052,0.));
#3791=IFCCARTESIANPOINT((159.522583,-434.757224,0.));
#3792=IFCCARTESIANPOINT((159.113884,-435.616523,0.));
#3793=IFCCARTESIANPOINT((158.698618,-436.477858,0.));
#3794=IFCCARTESIANPOINT((158.276899,-437.340672,0.));
#3795=IFCCARTESIANPOINT((157.848843,-438.204405,0.));
#3796=IFCCARTESIANPOINT((157.414564,-439.0685,0.));
#3797=IFCCARTESIANPOINT((156.974292,-439.932339,0.));
#3798=IFCCARTESIANPOINT((156.528489,-440.795241,0.));
#3799=IFCCARTESIANPOINT((156.077429,-441.656656,0.));
#3800=IFCCARTESIANPOINT((155.62138,-442.516041,0.));
#3801=IFCCARTESIANPOINT((155.160609,-443.37285,0.));
#3802=IFCCARTESIANPOINT((154.695381,-444.22654,0.));
#3803=IFCCARTESIANPOINT((154.225965,-445.076567,0.));
#3804=IFCCARTESIANPOINT((153.752653,-445.922318,0.));
#3805=IFCCARTESIANPOINT((153.275855,-446.763128,0.));
#3806=IFCCARTESIANPOINT((152.796013,-447.598389,0.));
#3807=IFCCARTESIANPOINT((152.313566,-448.427496,0.));
#3808=IFCCARTESIANPOINT((151.828956,-449.24984,0.));
#3809=IFCCARTESIANPOINT((151.342623,-450.064815,0.));
#3810=IFCCARTESIANPOINT((150.855008,-450.871813,0.));
#3811=IFCCARTESIANPOINT((150.366551,-451.670229,0.));
#3812=IFCCARTESIANPOINT((149.877694,-452.459454,0.));
#3813=IFCCARTESIANPOINT((149.39026,-453.237073,0.));
#3814=IFCCARTESIANPOINT((148.907272,-453.999247,0.));
#3815=IFCCARTESIANPOINT((148.428159,-454.746963,0.));
#3816=IFCCARTESIANPOINT((147.952215,-455.481392,0.));
#3817=IFCCARTESIANPOINT((147.478733,-456.203701,0.));
#3818=IFCCARTESIANPOINT((147.007006,-456.915061,0.));
#3819=IFCCARTESIANPOINT((146.536326,-457.61664,0.));
#3820=IFCCARTESIANPOINT((146.065988,-458.309608,0.));
#3821=IFCCARTESIANPOINT((145.595284,-458.995134,0.));
#3822=IFCCARTESIANPOINT((145.123507,-459.674388,0.));
#3823=IFCCARTESIANPOINT((144.64995,-460.348538,0.));
#3824=IFCCARTESIANPOINT((144.173907,-461.018754,0.));
#3825=IFCCARTESIANPOINT((143.694671,-461.686206,0.));
#3826=IFCCARTESIANPOINT((143.211534,-462.352062,0.));
#3827=IFCCARTESIANPOINT((142.723791,-463.017491,0.));
#3828=IFCCARTESIANPOINT((142.230733,-463.683663,0.));
#3829=IFCCARTESIANPOINT((141.731406,-464.35168,0.));
#3830=IFCCARTESIANPOINT((141.22494,-465.021839,0.));
#3831=IFCCARTESIANPOINT((140.71138,-465.693941,0.));
#3832=IFCCARTESIANPOINT((140.1908,-466.36778,0.));
#3833=IFCCARTESIANPOINT((139.663275,-467.04315,0.));
#3834=IFCCARTESIANPOINT((139.12888,-467.719846,0.));
#3835=IFCCARTESIANPOINT((138.587689,-468.397662,0.));
#3836=IFCCARTESIANPOINT((138.039777,-469.076393,0.));
#3837=IFCCARTESIANPOINT((137.485218,-469.755833,0.));
#3838=IFCCARTESIANPOINT((136.924086,-470.435775,0.));
#3839=IFCCARTESIANPOINT((136.356458,-471.116016,0.));
#3840=IFCCARTESIANPOINT((135.782407,-471.796348,0.));
#3841=IFCCARTESIANPOINT((135.202007,-472.476567,0.));
#3842=IFCCARTESIANPOINT((134.615334,-473.156466,0.));
#3843=IFCCARTESIANPOINT((134.022461,-473.83584,0.));
#3844=IFCCARTESIANPOINT((133.423464,-474.514484,0.));
#3845=IFCCARTESIANPOINT((132.818418,-475.192191,0.));
#3846=IFCCARTESIANPOINT((132.207396,-475.868757,0.));
#3847=IFCCARTESIANPOINT((131.590473,-476.543975,0.));
#3848=IFCCARTESIANPOINT((130.967724,-477.21764,0.));
#3849=IFCCARTESIANPOINT((130.339224,-477.889546,0.));
#3850=IFCCARTESIANPOINT((129.705047,-478.559488,0.));
#3851=IFCCARTESIANPOINT((129.065267,-479.227259,0.));
#3852=IFCCARTESIANPOINT((128.419973,-479.892627,0.));
#3853=IFCCARTESIANPOINT((127.769362,-480.555307,0.));
#3854=IFCCARTESIANPOINT((127.113681,-481.215076,0.));
#3855=IFCCARTESIANPOINT((126.453181,-481.871716,0.));
#3856=IFCCARTESIANPOINT((125.788111,-482.525011,0.));
#3857=IFCCARTESIANPOINT((125.118719,-483.174741,0.));
#3858=IFCCARTESIANPOINT((124.445255,-483.82069,0.));
#3859=IFCCARTESIANPOINT((123.767969,-484.462639,0.));
#3860=IFCCARTESIANPOINT((123.087109,-485.10037,0.));
#3861=IFCCARTESIANPOINT((122.402925,-485.733665,0.));
#3862=IFCCARTESIANPOINT((121.715666,-486.362307,0.));
#3863=IFCCARTESIANPOINT((121.025581,-486.986077,0.));
#3864=IFCCARTESIANPOINT((120.33292,-487.604758,0.));
#3865=IFCCARTESIANPOINT((119.637931,-488.218131,0.));
#3866=IFCCARTESIANPOINT((118.940864,-488.82598,0.));
#3867=IFCCARTESIANPOINT((118.241968,-489.428085,0.));
#3868=IFCCARTESIANPOINT((117.541493,-490.024229,0.));
#3869=IFCCARTESIANPOINT((116.839687,-490.614194,0.));
#3870=IFCCARTESIANPOINT((116.1368,-491.197762,0.));
#3871=IFCCARTESIANPOINT((115.433118,-491.774725,0.));
#3872=IFCCARTESIANPOINT((114.729132,-492.344937,0.));
#3873=IFCCARTESIANPOINT((114.025217,-492.908235,0.));
#3874=IFCCARTESIANPOINT((113.321724,-493.464451,0.));
#3875=IFCCARTESIANPOINT((112.619002,-494.013418,0.));
#3876=IFCCARTESIANPOINT((111.917402,-494.554969,0.));
#3877=IFCCARTESIANPOINT((111.217274,-495.088934,0.));
#3878=IFCPOLYLINE((#3879,#3880,#3881,#3882,#3883,#3884,#3885,#3886,#3887,#3888,#3889,#3890,#3891,#3892,#3893,#3894,#3895,#3896,#3897,#3898,#3899,#3900,#3901,#3902,#3903,#3904,#3905,#3906,#3907,#3908,#3909,#3910,#3911,#3912,#3913,#3914,#3915,#3916,#3917,#3918,#3919,#3920,#3921,#3922,#3923,#3924,#3925,#3926,#3927));
#3879=IFCCARTESIANPOINT((179.907194,-336.843266,0.));
#3880=IFCCARTESIANPOINT((179.881436,-337.643993,0.));
#3881=IFCCARTESIANPOINT((179.853946,-338.444696,0.));
#3882=IFCCARTESIANPOINT((179.824725,-339.245368,0.));
#3883=IFCCARTESIANPOINT((179.793776,-340.046003,0.));
#3884=IFCCARTESIANPOINT((179.761101,-340.846595,0.));
#3885=IFCCARTESIANPOINT((179.726702,-341.647137,0.));
#3886=IFCCARTESIANPOINT((179.69058,-342.447624,0.));
#3887=IFCCARTESIANPOINT((179.652738,-343.248049,0.));
#3888=IFCCARTESIANPOINT((179.613177,-344.048406,0.));
#3889=IFCCARTESIANPOINT((179.5719,-344.848688,0.));
#3890=IFCCARTESIANPOINT((179.528909,-345.64889,0.));
#3891=IFCCARTESIANPOINT((179.484204,-346.449006,0.));
#3892=IFCCARTESIANPOINT((179.43779,-347.249028,0.));
#3893=IFCCARTESIANPOINT((179.389667,-348.048951,0.));
#3894=IFCCARTESIANPOINT((179.339837,-348.848768,0.));
#3895=IFCCARTESIANPOINT((179.288302,-349.648474,0.));
#3896=IFCCARTESIANPOINT((179.235065,-350.448062,0.));
#3897=IFCCARTESIANPOINT((179.180127,-351.247525,0.));
#3898=IFCCARTESIANPOINT((179.12349,-352.046859,0.));
#3899=IFCCARTESIANPOINT((179.065156,-352.846055,0.));
#3900=IFCCARTESIANPOINT((179.005128,-353.645109,0.));
#3901=IFCCARTESIANPOINT((178.943407,-354.444014,0.));
#3902=IFCCARTESIANPOINT((178.879994,-355.242763,0.));
#3903=IFCCARTESIANPOINT((178.814893,-356.041351,0.));
#3904=IFCCARTESIANPOINT((178.748103,-356.839796,0.));
#3905=IFCCARTESIANPOINT((178.679623,-357.638119,0.));
#3906=IFCCARTESIANPOINT((178.609455,-358.436313,0.));
#3907=IFCCARTESIANPOINT((178.537601,-359.234374,0.));
#3908=IFCCARTESIANPOINT((178.464062,-360.032298,0.));
#3909=IFCCARTESIANPOINT((178.388839,-360.830079,0.));
#3910=IFCCARTESIANPOINT((178.311935,-361.627713,0.));
#3911=IFCCARTESIANPOINT((178.23335,-362.425194,0.));
#3912=IFCCARTESIANPOINT((178.153087,-363.222518,0.));
#3913=IFCCARTESIANPOINT((178.071146,-364.01968,0.));
#3914=IFCCARTESIANPOINT((177.98753,-364.816674,0.));
#3915=IFCCARTESIANPOINT((177.902239,-365.613497,0.));
#3916=IFCCARTESIANPOINT((177.815275,-366.410143,0.));
#3917=IFCCARTESIANPOINT((177.726641,-367.206607,0.));
#3918=IFCCARTESIANPOINT((177.636336,-368.002884,0.));
#3919=IFCCARTESIANPOINT((177.544364,-368.79897,0.));
#3920=IFCCARTESIANPOINT((177.450725,-369.594859,0.));
#3921=IFCCARTESIANPOINT((177.35542,-370.390547,0.));
#3922=IFCCARTESIANPOINT((177.258453,-371.186029,0.));
#3923=IFCCARTESIANPOINT((177.159823,-371.981299,0.));
#3924=IFCCARTESIANPOINT((177.059532,-372.776353,0.));
#3925=IFCCARTESIANPOINT((176.957583,-373.571187,0.));
#3926=IFCCARTESIANPOINT((176.853976,-374.365794,0.));
#3927=IFCCARTESIANPOINT((176.748713,-375.160171,0.));
#3928=IFCPOLYLINE((#3929,#3930,#3931,#3932,#3933,#3934,#3935,#3936,#3937,#3938,#3939,#3940,#3941,#3942,#3943,#3944,#3945,#3946,#3947,#3948,#3949,#3950,#3951,#3952,#3953,#3954,#3955,#3956,#3957,#3958,#3959,#3960,#3961,#3962,#3963,#3964,#3965,#3966,#3967,#3968,#3969,#3970,#3971,#3972,#3973,#3974,#3975,#3976,#3977,#3978,#3979,#3980,#3981,#3982,#3983,#3984,#3985));
#3929=IFCCARTESIANPOINT((179.907194,-336.843266,0.));
#3930=IFCCARTESIANPOINT((180.074132,-331.480398,0.));
#3931=IFCCARTESIANPOINT((180.241477,-326.117659,0.));
#3932=IFCCARTESIANPOINT((180.409158,-320.755048,0.));
#3933=IFCCARTESIANPOINT((180.577101,-315.392561,0.));
#3934=IFCCARTESIANPOINT((180.745234,-310.030195,0.));
#3935=IFCCARTESIANPOINT((180.913485,-304.66795,0.));
#3936=IFCCARTESIANPOINT((181.081781,-299.30582,0.));
#3937=IFCCARTESIANPOINT((181.25005,-293.943805,0.));
#3938=IFCCARTESIANPOINT((181.418219,-288.581902,0.));
#3939=IFCCARTESIANPOINT((181.586216,-283.220107,0.));
#3940=IFCCARTESIANPOINT((181.753968,-277.858419,0.));
#3941=IFCCARTESIANPOINT((181.921403,-272.496835,0.));
#3942=IFCCARTESIANPOINT((182.088448,-267.135352,0.));
#3943=IFCCARTESIANPOINT((182.255031,-261.773968,0.));
#3944=IFCCARTESIANPOINT((182.421079,-256.412679,0.));
#3945=IFCCARTESIANPOINT((182.58652,-251.051484,0.));
#3946=IFCCARTESIANPOINT((182.751282,-245.69038,0.));
#3947=IFCCARTESIANPOINT((182.915292,-240.329364,0.));
#3948=IFCCARTESIANPOINT((183.078477,-234.968434,0.));
#3949=IFCCARTESIANPOINT((183.240766,-229.607587,0.));
#3950=IFCCARTESIANPOINT((183.402085,-224.246821,0.));
#3951=IFCCARTESIANPOINT((183.562362,-218.886132,0.));
#3952=IFCCARTESIANPOINT((183.721524,-213.525519,0.));
#3953=IFCCARTESIANPOINT((183.8795,-208.164979,0.));
#3954=IFCCARTESIANPOINT((184.036217,-202.804509,0.));
#3955=IFCCARTESIANPOINT((184.191602,-197.444106,0.));
#3956=IFCCARTESIANPOINT((184.345582,-192.083769,0.));
#3957=IFCCARTESIANPOINT((184.498086,-186.723494,0.));
#3958=IFCCARTESIANPOINT((184.649041,-181.363279,0.));
#3959=IFCCARTESIANPOINT((184.798362,-176.003121,0.));
#3960=IFCCARTESIANPOINT((184.94597,-170.643017,0.));
#3961=IFCCARTESIANPOINT((185.091792,-165.282965,0.));
#3962=IFCCARTESIANPOINT((185.235756,-159.922963,0.));
#3963=IFCCARTESIANPOINT((185.377786,-154.563007,0.));
#3964=IFCCARTESIANPOINT((185.517811,-149.203096,0.));
#3965=IFCCARTESIANPOINT((185.655757,-143.843226,0.));
#3966=IFCCARTESIANPOINT((185.79155,-138.483396,0.));
#3967=IFCCARTESIANPOINT((185.925118,-133.123602,0.));
#3968=IFCCARTESIANPOINT((186.056386,-127.763842,0.));
#3969=IFCCARTESIANPOINT((186.185283,-122.404113,0.));
#3970=IFCCARTESIANPOINT((186.311733,-117.044414,0.));
#3971=IFCCARTESIANPOINT((186.435665,-111.684741,0.));
#3972=IFCCARTESIANPOINT((186.557005,-106.325092,0.));
#3973=IFCCARTESIANPOINT((186.675679,-100.965464,0.));
#3974=IFCCARTESIANPOINT((186.791615,-95.605855,0.));
#3975=IFCCARTESIANPOINT((186.904739,-90.246262,0.));
#3976=IFCCARTESIANPOINT((187.014977,-84.886682,0.));
#3977=IFCCARTESIANPOINT((187.122257,-79.527114,0.));
#3978=IFCCARTESIANPOINT((187.226504,-74.167554,0.));
#3979=IFCCARTESIANPOINT((187.327647,-68.808,0.));
#3980=IFCCARTESIANPOINT((187.425611,-63.44845,0.));
#3981=IFCCARTESIANPOINT((187.520323,-58.0889,0.));
#3982=IFCCARTESIANPOINT((187.611711,-52.729349,0.));
#3983=IFCCARTESIANPOINT((187.6997,-47.369793,0.));
#3984=IFCCARTESIANPOINT((187.784217,-42.010231,0.));
#3985=IFCCARTESIANPOINT((187.865189,-36.65066,0.));
#3986=IFCPOLYLINE((#3987,#3988,#3989,#3990,#3991,#3992,#3993,#3994,#3995,#3996,#3997,#3998,#3999,#4000,#4001,#4002,#4003,#4004,#4005,#4006,#4007,#4008,#4009,#4010,#4011,#4012,#4013,#4014,#4015,#4016,#4017,#4018,#4019,#4020,#4021,#4022,#4023,#4024,#4025,#4026,#4027,#4028,#4029,#4030,#4031,#4032,#4033,#4034,#4035));
#3987=IFCCARTESIANPOINT((192.011045,-26.163213,0.));
#3988=IFCCARTESIANPOINT((191.924786,-26.381689,0.));
#3989=IFCCARTESIANPOINT((191.838521,-26.600168,0.));
#3990=IFCCARTESIANPOINT((191.75225,-26.81865,0.));
#3991=IFCCARTESIANPOINT((191.665974,-27.037135,0.));
#3992=IFCCARTESIANPOINT((191.579692,-27.255622,0.));
#3993=IFCCARTESIANPOINT((191.493405,-27.474111,0.));
#3994=IFCCARTESIANPOINT((191.407113,-27.692603,0.));
#3995=IFCCARTESIANPOINT((191.320816,-27.911096,0.));
#3996=IFCCARTESIANPOINT((191.234513,-28.12959,0.));
#3997=IFCCARTESIANPOINT((191.148206,-28.348085,0.));
#3998=IFCCARTESIANPOINT((191.061894,-28.56658,0.));
#3999=IFCCARTESIANPOINT((190.975578,-28.785076,0.));
#4000=IFCCARTESIANPOINT((190.889257,-29.003572,0.));
#4001=IFCCARTESIANPOINT((190.802931,-29.222068,0.));
#4002=IFCCARTESIANPOINT((190.716602,-29.440563,0.));
#4003=IFCCARTESIANPOINT((190.630268,-29.659057,0.));
#4004=IFCCARTESIANPOINT((190.54393,-29.877549,0.));
#4005=IFCCARTESIANPOINT((190.457588,-30.09604,0.));
#4006=IFCCARTESIANPOINT((190.371242,-30.31453,0.));
#4007=IFCCARTESIANPOINT((190.284892,-30.533017,0.));
#4008=IFCCARTESIANPOINT((190.198539,-30.751501,0.));
#4009=IFCCARTESIANPOINT((190.112182,-30.969983,0.));
#4010=IFCCARTESIANPOINT((190.025822,-31.188461,0.));
#4011=IFCCARTESIANPOINT((189.939459,-31.406937,0.));
#4012=IFCCARTESIANPOINT((189.853091,-31.625412,0.));
#4013=IFCCARTESIANPOINT((189.766717,-31.84389,0.));
#4014=IFCCARTESIANPOINT((189.680337,-32.062372,0.));
#4015=IFCCARTESIANPOINT((189.593951,-32.280857,0.));
#4016=IFCCARTESIANPOINT((189.507559,-32.499344,0.));
#4017=IFCCARTESIANPOINT((189.421162,-32.717833,0.));
#4018=IFCCARTESIANPOINT((189.33476,-32.936324,0.));
#4019=IFCCARTESIANPOINT((189.248352,-33.154817,0.));
#4020=IFCCARTESIANPOINT((189.161939,-33.373311,0.));
#4021=IFCCARTESIANPOINT((189.07552,-33.591806,0.));
#4022=IFCCARTESIANPOINT((188.989097,-33.810301,0.));
#4023=IFCCARTESIANPOINT((188.902669,-34.028797,0.));
#4024=IFCCARTESIANPOINT((188.816236,-34.247293,0.));
#4025=IFCCARTESIANPOINT((188.729798,-34.465788,0.));
#4026=IFCCARTESIANPOINT((188.643356,-34.684283,0.));
#4027=IFCCARTESIANPOINT((188.55691,-34.902777,0.));
#4028=IFCCARTESIANPOINT((188.470459,-35.12127,0.));
#4029=IFCCARTESIANPOINT((188.384004,-35.33976,0.));
#4030=IFCCARTESIANPOINT((188.297544,-35.558249,0.));
#4031=IFCCARTESIANPOINT((188.211081,-35.776736,0.));
#4032=IFCCARTESIANPOINT((188.124614,-35.99522,0.));
#4033=IFCCARTESIANPOINT((188.038144,-36.213702,0.));
#4034=IFCCARTESIANPOINT((187.951669,-36.43218,0.));
#4035=IFCCARTESIANPOINT((187.865191,-36.650654,0.));
#4036=IFCPOLYLINE((#4037,#4038,#4039,#4040,#4041,#4042,#4043,#4044,#4045,#4046,#4047,#4048,#4049,#4050,#4051,#4052,#4053,#4054,#4055,#4056,#4057,#4058,#4059,#4060,#4061,#4062,#4063,#4064,#4065,#4066,#4067,#4068,#4069,#4070,#4071,#4072,#4073,#4074,#4075,#4076,#4077,#4078,#4079,#4080,#4081,#4082,#4083,#4084,#4085));
#4037=IFCCARTESIANPOINT((187.865189,-36.650655,0.));
#4038=IFCCARTESIANPOINT((180.063587,-36.779161,0.));
#4039=IFCCARTESIANPOINT((172.258914,-36.902211,0.));
#4040=IFCCARTESIANPOINT((164.451278,-37.019806,0.));
#4041=IFCCARTESIANPOINT((156.64079,-37.131943,0.));
#4042=IFCCARTESIANPOINT((148.827557,-37.238621,0.));
#4043=IFCCARTESIANPOINT((141.011689,-37.33984,0.));
#4044=IFCCARTESIANPOINT((133.193294,-37.435598,0.));
#4045=IFCCARTESIANPOINT((125.372482,-37.525893,0.));
#4046=IFCCARTESIANPOINT((117.549361,-37.610725,0.));
#4047=IFCCARTESIANPOINT((109.724041,-37.690093,0.));
#4048=IFCCARTESIANPOINT((101.896629,-37.763995,0.));
#4049=IFCCARTESIANPOINT((94.067236,-37.83243,0.));
#4050=IFCCARTESIANPOINT((86.235969,-37.895397,0.));
#4051=IFCCARTESIANPOINT((78.402938,-37.952895,0.));
#4052=IFCCARTESIANPOINT((70.568252,-38.004922,0.));
#4053=IFCCARTESIANPOINT((62.73202,-38.051478,0.));
#4054=IFCCARTESIANPOINT((54.89435,-38.092561,0.));
#4055=IFCCARTESIANPOINT((47.055351,-38.12817,0.));
#4056=IFCCARTESIANPOINT((39.215133,-38.158304,0.));
#4057=IFCCARTESIANPOINT((31.373804,-38.182962,0.));
#4058=IFCCARTESIANPOINT((23.531473,-38.202142,0.));
#4059=IFCCARTESIANPOINT((15.688249,-38.215844,0.));
#4060=IFCCARTESIANPOINT((7.84424,-38.224066,0.));
#4061=IFCCARTESIANPOINT((-0.000443,-38.226807,0.));
#4062=IFCCARTESIANPOINT((-7.845126,-38.224066,0.));
#4063=IFCCARTESIANPOINT((-15.689135,-38.215844,0.));
#4064=IFCCARTESIANPOINT((-23.532359,-38.202142,0.));
#4065=IFCCARTESIANPOINT((-31.37469,-38.182962,0.));
#4066=IFCCARTESIANPOINT((-39.216019,-38.158304,0.));
#4067=IFCCARTESIANPOINT((-47.056237,-38.12817,0.));
#4068=IFCCARTESIANPOINT((-54.895236,-38.092561,0.));
#4069=IFCCARTESIANPOINT((-62.732906,-38.051478,0.));
#4070=IFCCARTESIANPOINT((-70.569138,-38.004922,0.));
#4071=IFCCARTESIANPOINT((-78.403824,-37.952895,0.));
#4072=IFCCARTESIANPOINT((-86.236855,-37.895397,0.));
#4073=IFCCARTESIANPOINT((-94.068121,-37.83243,0.));
#4074=IFCCARTESIANPOINT((-101.897515,-37.763995,0.));
#4075=IFCCARTESIANPOINT((-109.724926,-37.690093,0.));
#4076=IFCCARTESIANPOINT((-117.550247,-37.610725,0.));
#4077=IFCCARTESIANPOINT((-125.373367,-37.525893,0.));
#4078=IFCCARTESIANPOINT((-133.19418,-37.435597,0.));
#4079=IFCCARTESIANPOINT((-141.012574,-37.33984,0.));
#4080=IFCCARTESIANPOINT((-148.828442,-37.238621,0.));
#4081=IFCCARTESIANPOINT((-156.641675,-37.131943,0.));
#4082=IFCCARTESIANPOINT((-164.452163,-37.019806,0.));
#4083=IFCCARTESIANPOINT((-172.259799,-36.902211,0.));
#4084=IFCCARTESIANPOINT((-180.064472,-36.779161,0.));
#4085=IFCCARTESIANPOINT((-187.866075,-36.650655,0.));
#4086=IFCPOLYLINE((#4087,#4088,#4089,#4090,#4091,#4092,#4093,#4094,#4095,#4096,#4097,#4098,#4099,#4100,#4101,#4102,#4103,#4104,#4105,#4106,#4107,#4108,#4109,#4110,#4111,#4112,#4113,#4114,#4115,#4116,#4117,#4118,#4119,#4120,#4121,#4122,#4123,#4124,#4125,#4126,#4127,#4128,#4129,#4130,#4131,#4132,#4133,#4134,#4135));
#4087=IFCCARTESIANPOINT((-192.011931,-26.163213,0.));
#4088=IFCCARTESIANPOINT((-191.925672,-26.381689,0.));
#4089=IFCCARTESIANPOINT((-191.839407,-26.600168,0.));
#4090=IFCCARTESIANPOINT((-191.753136,-26.81865,0.));
#4091=IFCCARTESIANPOINT((-191.66686,-27.037135,0.));
#4092=IFCCARTESIANPOINT((-191.580578,-27.255622,0.));
#4093=IFCCARTESIANPOINT((-191.494291,-27.474112,0.));
#4094=IFCCARTESIANPOINT((-191.407999,-27.692604,0.));
#4095=IFCCARTESIANPOINT((-191.321701,-27.911097,0.));
#4096=IFCCARTESIANPOINT((-191.235399,-28.129591,0.));
#4097=IFCCARTESIANPOINT((-191.149092,-28.348086,0.));
#4098=IFCCARTESIANPOINT((-191.06278,-28.566582,0.));
#4099=IFCCARTESIANPOINT((-190.976463,-28.785078,0.));
#4100=IFCCARTESIANPOINT((-190.890142,-29.003574,0.));
#4101=IFCCARTESIANPOINT((-190.803817,-29.222069,0.));
#4102=IFCCARTESIANPOINT((-190.717487,-29.440564,0.));
#4103=IFCCARTESIANPOINT((-190.631153,-29.659058,0.));
#4104=IFCCARTESIANPOINT((-190.544815,-29.877551,0.));
#4105=IFCCARTESIANPOINT((-190.458473,-30.096042,0.));
#4106=IFCCARTESIANPOINT((-190.372127,-30.314532,0.));
#4107=IFCCARTESIANPOINT((-190.285777,-30.533019,0.));
#4108=IFCCARTESIANPOINT((-190.199424,-30.751503,0.));
#4109=IFCCARTESIANPOINT((-190.113067,-30.969985,0.));
#4110=IFCCARTESIANPOINT((-190.026707,-31.188464,0.));
#4111=IFCCARTESIANPOINT((-189.940344,-31.406939,0.));
#4112=IFCCARTESIANPOINT((-189.853976,-31.625414,0.));
#4113=IFCCARTESIANPOINT((-189.767602,-31.843893,0.));
#4114=IFCCARTESIANPOINT((-189.681222,-32.062375,0.));
#4115=IFCCARTESIANPOINT((-189.594836,-32.280859,0.));
#4116=IFCCARTESIANPOINT((-189.508444,-32.499347,0.));
#4117=IFCCARTESIANPOINT((-189.422047,-32.717836,0.));
#4118=IFCCARTESIANPOINT((-189.335645,-32.936327,0.));
#4119=IFCCARTESIANPOINT((-189.249237,-33.15482,0.));
#4120=IFCCARTESIANPOINT((-189.162824,-33.373314,0.));
#4121=IFCCARTESIANPOINT((-189.076405,-33.591808,0.));
#4122=IFCCARTESIANPOINT((-188.989982,-33.810304,0.));
#4123=IFCCARTESIANPOINT((-188.903554,-34.0288,0.));
#4124=IFCCARTESIANPOINT((-188.817121,-34.247295,0.));
#4125=IFCCARTESIANPOINT((-188.730683,-34.465791,0.));
#4126=IFCCARTESIANPOINT((-188.644241,-34.684285,0.));
#4127=IFCCARTESIANPOINT((-188.557795,-34.902779,0.));
#4128=IFCCARTESIANPOINT((-188.471344,-35.121271,0.));
#4129=IFCCARTESIANPOINT((-188.384889,-35.339762,0.));
#4130=IFCCARTESIANPOINT((-188.29843,-35.558251,0.));
#4131=IFCCARTESIANPOINT((-188.211967,-35.776737,0.));
#4132=IFCCARTESIANPOINT((-188.1255,-35.995221,0.));
#4133=IFCCARTESIANPOINT((-188.039029,-36.213702,0.));
#4134=IFCCARTESIANPOINT((-187.952555,-36.43218,0.));
#4135=IFCCARTESIANPOINT((-187.866077,-36.650655,0.));
#4136=IFCPOLYLINE((#4137,#4138));
#4137=IFCCARTESIANPOINT((-151.950171,-26.16321,0.));
#4138=IFCCARTESIANPOINT((-149.774958,-33.974178,0.));
#4139=IFCPOLYLINE((#4140,#4141,#4142,#4143,#4144,#4145,#4146,#4147,#4148,#4149,#4150,#4151,#4152,#4153,#4154,#4155,#4156,#4157,#4158,#4159,#4160,#4161,#4162,#4163,#4164,#4165,#4166,#4167,#4168,#4169,#4170,#4171,#4172,#4173,#4174,#4175,#4176,#4177,#4178,#4179,#4180,#4181,#4182,#4183,#4184,#4185,#4186,#4187,#4188));
#4140=IFCCARTESIANPOINT((-149.287267,-8.587885,0.));
#4141=IFCCARTESIANPOINT((-149.28359,-9.001946,0.));
#4142=IFCCARTESIANPOINT((-149.280514,-9.421947,0.));
#4143=IFCCARTESIANPOINT((-149.278037,-9.84783,0.));
#4144=IFCCARTESIANPOINT((-149.276159,-10.279537,0.));
#4145=IFCCARTESIANPOINT((-149.27488,-10.717009,0.));
#4146=IFCCARTESIANPOINT((-149.2742,-11.160187,0.));
#4147=IFCCARTESIANPOINT((-149.274118,-11.609013,0.));
#4148=IFCCARTESIANPOINT((-149.274634,-12.063428,0.));
#4149=IFCCARTESIANPOINT((-149.275747,-12.523374,0.));
#4150=IFCCARTESIANPOINT((-149.277458,-12.988792,0.));
#4151=IFCCARTESIANPOINT((-149.279766,-13.459623,0.));
#4152=IFCCARTESIANPOINT((-149.28267,-13.93581,0.));
#4153=IFCCARTESIANPOINT((-149.28617,-14.417293,0.));
#4154=IFCCARTESIANPOINT((-149.290266,-14.904014,0.));
#4155=IFCCARTESIANPOINT((-149.294958,-15.395914,0.));
#4156=IFCCARTESIANPOINT((-149.300244,-15.892935,0.));
#4157=IFCCARTESIANPOINT((-149.306126,-16.395018,0.));
#4158=IFCCARTESIANPOINT((-149.312602,-16.902106,0.));
#4159=IFCCARTESIANPOINT((-149.319672,-17.414138,0.));
#4160=IFCCARTESIANPOINT((-149.327336,-17.931057,0.));
#4161=IFCCARTESIANPOINT((-149.335593,-18.452804,0.));
#4162=IFCCARTESIANPOINT((-149.344444,-18.979321,0.));
#4163=IFCCARTESIANPOINT((-149.353887,-19.510549,0.));
#4164=IFCCARTESIANPOINT((-149.363922,-20.046429,0.));
#4165=IFCCARTESIANPOINT((-149.374544,-20.586643,0.));
#4166=IFCCARTESIANPOINT((-149.385747,-21.130867,0.));
#4167=IFCCARTESIANPOINT((-149.397528,-21.679028,0.));
#4168=IFCCARTESIANPOINT((-149.409885,-22.231057,0.));
#4169=IFCCARTESIANPOINT((-149.422816,-22.786882,0.));
#4170=IFCCARTESIANPOINT((-149.43632,-23.346431,0.));
#4171=IFCCARTESIANPOINT((-149.450393,-23.909634,0.));
#4172=IFCCARTESIANPOINT((-149.465035,-24.476419,0.));
#4173=IFCCARTESIANPOINT((-149.480243,-25.046716,0.));
#4174=IFCCARTESIANPOINT((-149.496016,-25.620453,0.));
#4175=IFCCARTESIANPOINT((-149.512351,-26.197559,0.));
#4176=IFCCARTESIANPOINT((-149.529246,-26.777964,0.));
#4177=IFCCARTESIANPOINT((-149.546699,-27.361595,0.));
#4178=IFCCARTESIANPOINT((-149.564708,-27.948382,0.));
#4179=IFCCARTESIANPOINT((-149.583272,-28.538254,0.));
#4180=IFCCARTESIANPOINT((-149.602388,-29.131139,0.));
#4181=IFCCARTESIANPOINT((-149.622054,-29.726967,0.));
#4182=IFCCARTESIANPOINT((-149.642269,-30.325666,0.));
#4183=IFCCARTESIANPOINT((-149.663029,-30.927166,0.));
#4184=IFCCARTESIANPOINT((-149.684335,-31.531394,0.));
#4185=IFCCARTESIANPOINT((-149.706182,-32.138281,0.));
#4186=IFCCARTESIANPOINT((-149.728569,-32.747755,0.));
#4187=IFCCARTESIANPOINT((-149.751495,-33.359744,0.));
#4188=IFCCARTESIANPOINT((-149.774957,-33.974178,0.));
#4189=IFCPOLYLINE((#4190,#4191,#4192,#4193,#4194,#4195,#4196,#4197,#4198,#4199,#4200,#4201,#4202,#4203,#4204,#4205,#4206,#4207,#4208,#4209,#4210,#4211,#4212,#4213,#4214,#4215,#4216,#4217,#4218,#4219,#4220,#4221,#4222,#4223,#4224,#4225,#4226,#4227,#4228,#4229,#4230,#4231,#4232,#4233,#4234,#4235,#4236,#4237,#4238));
#4190=IFCCARTESIANPOINT((149.774072,-33.974174,0.));
#4191=IFCCARTESIANPOINT((143.536858,-34.042026,0.));
#4192=IFCCARTESIANPOINT((137.300513,-34.107064,0.));
#4193=IFCCARTESIANPOINT((131.064866,-34.169282,0.));
#4194=IFCCARTESIANPOINT((124.82975,-34.228672,0.));
#4195=IFCCARTESIANPOINT((118.594995,-34.285228,0.));
#4196=IFCCARTESIANPOINT((112.360431,-34.338943,0.));
#4197=IFCCARTESIANPOINT((106.12589,-34.389812,0.));
#4198=IFCCARTESIANPOINT((99.891201,-34.437828,0.));
#4199=IFCCARTESIANPOINT((93.656196,-34.482983,0.));
#4200=IFCCARTESIANPOINT((87.420706,-34.525272,0.));
#4201=IFCCARTESIANPOINT((81.184561,-34.564688,0.));
#4202=IFCCARTESIANPOINT((74.947592,-34.601225,0.));
#4203=IFCCARTESIANPOINT((68.70963,-34.634876,0.));
#4204=IFCCARTESIANPOINT((62.470505,-34.665635,0.));
#4205=IFCCARTESIANPOINT((56.230049,-34.693495,0.));
#4206=IFCCARTESIANPOINT((49.988091,-34.718449,0.));
#4207=IFCCARTESIANPOINT((43.744463,-34.740492,0.));
#4208=IFCCARTESIANPOINT((37.498996,-34.759616,0.));
#4209=IFCCARTESIANPOINT((31.25152,-34.775815,0.));
#4210=IFCCARTESIANPOINT((25.001866,-34.789083,0.));
#4211=IFCCARTESIANPOINT((18.749864,-34.799413,0.));
#4212=IFCCARTESIANPOINT((12.495346,-34.806799,0.));
#4213=IFCCARTESIANPOINT((6.238142,-34.811234,0.));
#4214=IFCCARTESIANPOINT((-0.021916,-34.812711,0.));
#4215=IFCCARTESIANPOINT((-6.281798,-34.811226,0.));
#4216=IFCCARTESIANPOINT((-12.538712,-34.806782,0.));
#4217=IFCCARTESIANPOINT((-18.792821,-34.799385,0.));
#4218=IFCCARTESIANPOINT((-25.044293,-34.789042,0.));
#4219=IFCCARTESIANPOINT((-31.293293,-34.775761,0.));
#4220=IFCCARTESIANPOINT((-37.539986,-34.759548,0.));
#4221=IFCCARTESIANPOINT((-43.784538,-34.74041,0.));
#4222=IFCCARTESIANPOINT((-50.027115,-34.718354,0.));
#4223=IFCCARTESIANPOINT((-56.267883,-34.693387,0.));
#4224=IFCCARTESIANPOINT((-62.507007,-34.665515,0.));
#4225=IFCCARTESIANPOINT((-68.744654,-34.634746,0.));
#4226=IFCCARTESIANPOINT((-74.980988,-34.601086,0.));
#4227=IFCCARTESIANPOINT((-81.216175,-34.564542,0.));
#4228=IFCCARTESIANPOINT((-87.450382,-34.525121,0.));
#4229=IFCCARTESIANPOINT((-93.683773,-34.48283,0.));
#4230=IFCCARTESIANPOINT((-99.916515,-34.437675,0.));
#4231=IFCCARTESIANPOINT((-106.148773,-34.389664,0.));
#4232=IFCCARTESIANPOINT((-112.380714,-34.338803,0.));
#4233=IFCCARTESIANPOINT((-118.612502,-34.2851,0.));
#4234=IFCCARTESIANPOINT((-124.844303,-34.22856,0.));
#4235=IFCCARTESIANPOINT((-131.076284,-34.169191,0.));
#4236=IFCCARTESIANPOINT((-137.308609,-34.107,0.));
#4237=IFCCARTESIANPOINT((-143.541445,-34.041994,0.));
#4238=IFCCARTESIANPOINT((-149.774958,-33.974178,0.));
#4239=IFCPOLYLINE((#4240,#4241,#4242,#4243,#4244,#4245,#4246,#4247,#4248,#4249,#4250,#4251,#4252,#4253,#4254,#4255,#4256,#4257,#4258,#4259,#4260,#4261,#4262,#4263,#4264,#4265,#4266,#4267,#4268,#4269,#4270,#4271,#4272,#4273,#4274,#4275,#4276,#4277,#4278,#4279,#4280,#4281,#4282,#4283,#4284,#4285,#4286,#4287,#4288));
#4240=IFCCARTESIANPOINT((-149.640397,-2.928886,0.));
#4241=IFCCARTESIANPOINT((-149.627961,-2.975488,0.));
#4242=IFCCARTESIANPOINT((-149.615725,-3.025264,0.));
#4243=IFCCARTESIANPOINT((-149.603689,-3.07821,0.));
#4244=IFCCARTESIANPOINT((-149.591855,-3.134316,0.));
#4245=IFCCARTESIANPOINT((-149.580223,-3.193578,0.));
#4246=IFCCARTESIANPOINT((-149.568795,-3.255987,0.));
#4247=IFCCARTESIANPOINT((-149.557571,-3.321538,0.));
#4248=IFCCARTESIANPOINT((-149.546553,-3.390223,0.));
#4249=IFCCARTESIANPOINT((-149.535742,-3.462036,0.));
#4250=IFCCARTESIANPOINT((-149.525139,-3.53697,0.));
#4251=IFCCARTESIANPOINT((-149.514745,-3.615018,0.));
#4252=IFCCARTESIANPOINT((-149.504561,-3.696173,0.));
#4253=IFCCARTESIANPOINT((-149.494588,-3.780429,0.));
#4254=IFCCARTESIANPOINT((-149.484827,-3.867779,0.));
#4255=IFCCARTESIANPOINT((-149.475279,-3.958216,0.));
#4256=IFCCARTESIANPOINT((-149.465946,-4.051733,0.));
#4257=IFCCARTESIANPOINT((-149.456827,-4.148324,0.));
#4258=IFCCARTESIANPOINT((-149.447926,-4.247981,0.));
#4259=IFCCARTESIANPOINT((-149.439241,-4.350698,0.));
#4260=IFCCARTESIANPOINT((-149.430775,-4.456469,0.));
#4261=IFCCARTESIANPOINT((-149.422529,-4.565285,0.));
#4262=IFCCARTESIANPOINT((-149.414503,-4.677142,0.));
#4263=IFCCARTESIANPOINT((-149.406699,-4.792031,0.));
#4264=IFCCARTESIANPOINT((-149.399118,-4.909947,0.));
#4265=IFCCARTESIANPOINT((-149.391763,-5.030834,0.));
#4266=IFCCARTESIANPOINT((-149.384638,-5.154636,0.));
#4267=IFCCARTESIANPOINT((-149.377745,-5.281339,0.));
#4268=IFCCARTESIANPOINT((-149.371082,-5.410929,0.));
#4269=IFCCARTESIANPOINT((-149.364651,-5.543392,0.));
#4270=IFCCARTESIANPOINT((-149.358453,-5.678715,0.));
#4271=IFCCARTESIANPOINT((-149.352487,-5.816883,0.));
#4272=IFCCARTESIANPOINT((-149.346755,-5.957883,0.));
#4273=IFCCARTESIANPOINT((-149.341257,-6.101702,0.));
#4274=IFCCARTESIANPOINT((-149.335994,-6.248326,0.));
#4275=IFCCARTESIANPOINT((-149.330966,-6.397741,0.));
#4276=IFCCARTESIANPOINT((-149.326174,-6.549933,0.));
#4277=IFCCARTESIANPOINT((-149.321618,-6.704888,0.));
#4278=IFCCARTESIANPOINT((-149.317299,-6.862593,0.));
#4279=IFCCARTESIANPOINT((-149.313217,-7.023035,0.));
#4280=IFCCARTESIANPOINT((-149.309374,-7.186199,0.));
#4281=IFCCARTESIANPOINT((-149.305769,-7.352072,0.));
#4282=IFCCARTESIANPOINT((-149.302403,-7.520639,0.));
#4283=IFCCARTESIANPOINT((-149.299278,-7.691888,0.));
#4284=IFCCARTESIANPOINT((-149.296392,-7.865805,0.));
#4285=IFCCARTESIANPOINT((-149.293748,-8.042375,0.));
#4286=IFCCARTESIANPOINT((-149.291344,-8.221586,0.));
#4287=IFCCARTESIANPOINT((-149.289183,-8.403423,0.));
#4288=IFCCARTESIANPOINT((-149.287265,-8.587873,0.));
#4289=IFCPOLYLINE((#4290,#4291));
#4290=IFCCARTESIANPOINT((-151.248302,2.844954,0.));
#4291=IFCCARTESIANPOINT((-149.640396,-2.928871,0.));
#4292=IFCPOLYLINE((#4293,#4294));
#4293=IFCCARTESIANPOINT((-179.773568,-25.941603,0.));
#4294=IFCCARTESIANPOINT((-180.446934,2.844969,0.));
#4295=IFCPOLYLINE((#4296,#4297));
#4296=IFCCARTESIANPOINT((-151.248307,2.844949,0.));
#4297=IFCCARTESIANPOINT((-152.756947,-25.941603,0.));
#4298=IFCPOLYLINE((#4299,#4300,#4301,#4302,#4303,#4304,#4305,#4306,#4307));
#4299=IFCCARTESIANPOINT((-180.561055,7.724262,0.));
#4300=IFCCARTESIANPOINT((-180.631759,7.718619,0.));
#4301=IFCCARTESIANPOINT((-180.702464,7.712975,0.));
#4302=IFCCARTESIANPOINT((-180.773167,7.707328,0.));
#4303=IFCCARTESIANPOINT((-180.843871,7.701679,0.));
#4304=IFCCARTESIANPOINT((-180.914575,7.696028,0.));
#4305=IFCCARTESIANPOINT((-180.985278,7.690374,0.));
#4306=IFCCARTESIANPOINT((-181.055981,7.684719,0.));
#4307=IFCCARTESIANPOINT((-181.126685,7.679061,0.));
#4308=IFCPOLYLINE((#4309,#4310));
#4309=IFCCARTESIANPOINT((-181.126685,7.679061,0.));
#4310=IFCCARTESIANPOINT((-180.340241,-25.941603,0.));
#4311=IFCPOLYLINE((#4312,#4313,#4314,#4315,#4316,#4317,#4318,#4319,#4320,#4321,#4322,#4323,#4324,#4325,#4326,#4327,#4328,#4329,#4330,#4331,#4332,#4333,#4334,#4335,#4336,#4337,#4338,#4339,#4340,#4341,#4342,#4343,#4344));
#4312=IFCCARTESIANPOINT((-188.019984,-25.941603,0.));
#4313=IFCCARTESIANPOINT((-188.046481,-23.658814,0.));
#4314=IFCCARTESIANPOINT((-188.072264,-21.376015,0.));
#4315=IFCCARTESIANPOINT((-188.097333,-19.093205,0.));
#4316=IFCCARTESIANPOINT((-188.121689,-16.810386,0.));
#4317=IFCCARTESIANPOINT((-188.145331,-14.527556,0.));
#4318=IFCCARTESIANPOINT((-188.16826,-12.244718,0.));
#4319=IFCCARTESIANPOINT((-188.190474,-9.961869,0.));
#4320=IFCCARTESIANPOINT((-188.211976,-7.679011,0.));
#4321=IFCCARTESIANPOINT((-188.232763,-5.396145,0.));
#4322=IFCCARTESIANPOINT((-188.252838,-3.113268,0.));
#4323=IFCCARTESIANPOINT((-188.272198,-0.830383,0.));
#4324=IFCCARTESIANPOINT((-188.290845,1.45251,0.));
#4325=IFCCARTESIANPOINT((-188.308778,3.735413,0.));
#4326=IFCCARTESIANPOINT((-188.325998,6.018324,0.));
#4327=IFCCARTESIANPOINT((-188.342504,8.301243,0.));
#4328=IFCCARTESIANPOINT((-188.358296,10.584171,0.));
#4329=IFCCARTESIANPOINT((-188.373375,12.867106,0.));
#4330=IFCCARTESIANPOINT((-188.38774,15.15005,0.));
#4331=IFCCARTESIANPOINT((-188.401392,17.433001,0.));
#4332=IFCCARTESIANPOINT((-188.41433,19.71596,0.));
#4333=IFCCARTESIANPOINT((-188.426554,21.998927,0.));
#4334=IFCCARTESIANPOINT((-188.438065,24.281901,0.));
#4335=IFCCARTESIANPOINT((-188.448862,26.564882,0.));
#4336=IFCCARTESIANPOINT((-188.458946,28.84787,0.));
#4337=IFCCARTESIANPOINT((-188.468315,31.130865,0.));
#4338=IFCCARTESIANPOINT((-188.476972,33.413867,0.));
#4339=IFCCARTESIANPOINT((-188.484915,35.696876,0.));
#4340=IFCCARTESIANPOINT((-188.492144,37.979891,0.));
#4341=IFCCARTESIANPOINT((-188.498659,40.262913,0.));
#4342=IFCCARTESIANPOINT((-188.504461,42.54594,0.));
#4343=IFCCARTESIANPOINT((-188.509549,44.828974,0.));
#4344=IFCCARTESIANPOINT((-188.513924,47.112014,0.));
#4345=IFCPOLYLINE((#4346,#4347,#4348,#4349,#4350,#4351,#4352,#4353,#4354,#4355,#4356,#4357,#4358,#4359,#4360,#4361,#4362,#4363,#4364,#4365,#4366,#4367,#4368,#4369,#4370,#4371,#4372,#4373,#4374,#4375,#4376,#4377,#4378));
#4346=IFCCARTESIANPOINT((-185.423126,-152.870936,0.));
#4347=IFCCARTESIANPOINT((-185.423134,-152.870671,0.));
#4348=IFCCARTESIANPOINT((-185.423142,-152.870406,0.));
#4349=IFCCARTESIANPOINT((-185.42315,-152.870141,0.));
#4350=IFCCARTESIANPOINT((-185.423157,-152.869876,0.));
#4351=IFCCARTESIANPOINT((-185.423165,-152.869611,0.));
#4352=IFCCARTESIANPOINT((-185.423173,-152.869347,0.));
#4353=IFCCARTESIANPOINT((-185.42318,-152.869082,0.));
#4354=IFCCARTESIANPOINT((-185.423188,-152.868817,0.));
#4355=IFCCARTESIANPOINT((-185.423196,-152.868552,0.));
#4356=IFCCARTESIANPOINT((-185.423204,-152.868287,0.));
#4357=IFCCARTESIANPOINT((-185.423211,-152.868022,0.));
#4358=IFCCARTESIANPOINT((-185.423219,-152.867758,0.));
#4359=IFCCARTESIANPOINT((-185.423227,-152.867493,0.));
#4360=IFCCARTESIANPOINT((-185.423235,-152.867228,0.));
#4361=IFCCARTESIANPOINT((-185.423242,-152.866963,0.));
#4362=IFCCARTESIANPOINT((-185.42325,-152.866698,0.));
#4363=IFCCARTESIANPOINT((-185.423258,-152.866433,0.));
#4364=IFCCARTESIANPOINT((-185.423265,-152.866169,0.));
#4365=IFCCARTESIANPOINT((-185.423273,-152.865904,0.));
#4366=IFCCARTESIANPOINT((-185.423281,-152.865639,0.));
#4367=IFCCARTESIANPOINT((-185.423289,-152.865374,0.));
#4368=IFCCARTESIANPOINT((-185.423296,-152.865109,0.));
#4369=IFCCARTESIANPOINT((-185.423304,-152.864844,0.));
#4370=IFCCARTESIANPOINT((-185.423312,-152.86458,0.));
#4371=IFCCARTESIANPOINT((-185.423319,-152.864315,0.));
#4372=IFCCARTESIANPOINT((-185.423327,-152.86405,0.));
#4373=IFCCARTESIANPOINT((-185.423335,-152.863785,0.));
#4374=IFCCARTESIANPOINT((-185.423343,-152.86352,0.));
#4375=IFCCARTESIANPOINT((-185.42335,-152.863255,0.));
#4376=IFCCARTESIANPOINT((-185.423358,-152.86299,0.));
#4377=IFCCARTESIANPOINT((-185.423366,-152.862726,0.));
#4378=IFCCARTESIANPOINT((-185.423374,-152.862461,0.));
#4379=IFCPOLYLINE((#4380,#4381));
#4380=IFCCARTESIANPOINT((188.513038,47.112014,0.));
#4381=IFCCARTESIANPOINT((-188.513924,47.112014,0.));
#4382=IFCPOLYLINE((#4383,#4384,#4385,#4386,#4387,#4388,#4389,#4390,#4391,#4392,#4393,#4394,#4395,#4396,#4397,#4398,#4399,#4400,#4401,#4402,#4403,#4404,#4405,#4406,#4407,#4408,#4409,#4410,#4411,#4412,#4413,#4414,#4415));
#4383=IFCCARTESIANPOINT((188.019098,-25.941603,0.));
#4384=IFCCARTESIANPOINT((188.045595,-23.658814,0.));
#4385=IFCCARTESIANPOINT((188.071378,-21.376015,0.));
#4386=IFCCARTESIANPOINT((188.096447,-19.093205,0.));
#4387=IFCCARTESIANPOINT((188.120803,-16.810386,0.));
#4388=IFCCARTESIANPOINT((188.144445,-14.527556,0.));
#4389=IFCCARTESIANPOINT((188.167374,-12.244718,0.));
#4390=IFCCARTESIANPOINT((188.189588,-9.961869,0.));
#4391=IFCCARTESIANPOINT((188.21109,-7.679011,0.));
#4392=IFCCARTESIANPOINT((188.231877,-5.396145,0.));
#4393=IFCCARTESIANPOINT((188.251952,-3.113268,0.));
#4394=IFCCARTESIANPOINT((188.271312,-0.830383,0.));
#4395=IFCCARTESIANPOINT((188.289959,1.45251,0.));
#4396=IFCCARTESIANPOINT((188.307892,3.735413,0.));
#4397=IFCCARTESIANPOINT((188.325112,6.018324,0.));
#4398=IFCCARTESIANPOINT((188.341618,8.301243,0.));
#4399=IFCCARTESIANPOINT((188.35741,10.584171,0.));
#4400=IFCCARTESIANPOINT((188.372489,12.867106,0.));
#4401=IFCCARTESIANPOINT((188.386854,15.15005,0.));
#4402=IFCCARTESIANPOINT((188.400506,17.433001,0.));
#4403=IFCCARTESIANPOINT((188.413444,19.71596,0.));
#4404=IFCCARTESIANPOINT((188.425668,21.998927,0.));
#4405=IFCCARTESIANPOINT((188.437179,24.281901,0.));
#4406=IFCCARTESIANPOINT((188.447976,26.564882,0.));
#4407=IFCCARTESIANPOINT((188.45806,28.84787,0.));
#4408=IFCCARTESIANPOINT((188.467429,31.130865,0.));
#4409=IFCCARTESIANPOINT((188.476086,33.413867,0.));
#4410=IFCCARTESIANPOINT((188.484029,35.696876,0.));
#4411=IFCCARTESIANPOINT((188.491258,37.979891,0.));
#4412=IFCCARTESIANPOINT((188.497773,40.262913,0.));
#4413=IFCCARTESIANPOINT((188.503575,42.54594,0.));
#4414=IFCCARTESIANPOINT((188.508663,44.828974,0.));
#4415=IFCCARTESIANPOINT((188.513038,47.112014,0.));
#4416=IFCPOLYLINE((#4417,#4418));
#4417=IFCCARTESIANPOINT((-192.752384,-43.941603,0.));
#4418=IFCCARTESIANPOINT((-184.981399,-336.027986,0.));
#4419=IFCPOLYLINE((#4420,#4421,#4422,#4423,#4424,#4425,#4426,#4427,#4428));
#4420=IFCCARTESIANPOINT((-184.981399,-336.027986,0.));
#4421=IFCCARTESIANPOINT((-184.800986,-340.898179,0.));
#4422=IFCCARTESIANPOINT((-184.519567,-345.743771,0.));
#4423=IFCCARTESIANPOINT((-184.137267,-350.562614,0.));
#4424=IFCCARTESIANPOINT((-183.654255,-355.35257,0.));
#4425=IFCCARTESIANPOINT((-183.070747,-360.111515,0.));
#4426=IFCCARTESIANPOINT((-182.387,-364.837339,0.));
#4427=IFCCARTESIANPOINT((-181.603318,-369.527945,0.));
#4428=IFCCARTESIANPOINT((-180.720048,-374.181253,0.));
#4429=IFCPOLYLINE((#4430,#4431,#4432,#4433,#4434,#4435,#4436,#4437,#4438,#4439,#4440,#4441,#4442,#4443,#4444,#4445,#4446,#4447,#4448,#4449,#4450,#4451,#4452,#4453,#4454,#4455,#4456,#4457,#4458,#4459,#4460,#4461,#4462));
#4430=IFCCARTESIANPOINT((-180.720048,-374.181253,0.));
#4431=IFCCARTESIANPOINT((-180.44226,-375.538174,0.));
#4432=IFCCARTESIANPOINT((-180.155713,-376.892795,0.));
#4433=IFCCARTESIANPOINT((-179.860394,-378.245062,0.));
#4434=IFCCARTESIANPOINT((-179.556292,-379.594923,0.));
#4435=IFCCARTESIANPOINT((-179.243396,-380.942324,0.));
#4436=IFCCARTESIANPOINT((-178.921694,-382.287213,0.));
#4437=IFCCARTESIANPOINT((-178.591174,-383.629537,0.));
#4438=IFCCARTESIANPOINT((-178.251826,-384.969242,0.));
#4439=IFCCARTESIANPOINT((-177.903636,-386.306275,0.));
#4440=IFCCARTESIANPOINT((-177.546595,-387.640585,0.));
#4441=IFCCARTESIANPOINT((-177.180691,-388.972116,0.));
#4442=IFCCARTESIANPOINT((-176.805911,-390.300818,0.));
#4443=IFCCARTESIANPOINT((-176.422244,-391.626636,0.));
#4444=IFCCARTESIANPOINT((-176.02968,-392.949518,0.));
#4445=IFCCARTESIANPOINT((-175.628206,-394.269411,0.));
#4446=IFCCARTESIANPOINT((-175.21781,-395.586261,0.));
#4447=IFCCARTESIANPOINT((-174.798482,-396.900016,0.));
#4448=IFCCARTESIANPOINT((-174.37021,-398.210623,0.));
#4449=IFCCARTESIANPOINT((-173.932982,-399.518029,0.));
#4450=IFCCARTESIANPOINT((-173.486787,-400.82218,0.));
#4451=IFCCARTESIANPOINT((-173.031613,-402.123024,0.));
#4452=IFCCARTESIANPOINT((-172.567448,-403.420508,0.));
#4453=IFCCARTESIANPOINT((-172.094282,-404.714579,0.));
#4454=IFCCARTESIANPOINT((-171.612103,-406.005184,0.));
#4455=IFCCARTESIANPOINT((-171.120899,-407.29227,0.));
#4456=IFCCARTESIANPOINT((-170.620658,-408.575783,0.));
#4457=IFCCARTESIANPOINT((-170.111369,-409.855672,0.));
#4458=IFCCARTESIANPOINT((-169.593021,-411.131882,0.));
#4459=IFCCARTESIANPOINT((-169.065602,-412.404361,0.));
#4460=IFCCARTESIANPOINT((-168.529101,-413.673057,0.));
#4461=IFCCARTESIANPOINT((-167.983505,-414.937915,0.));
#4462=IFCCARTESIANPOINT((-167.428804,-416.198883,0.));
#4463=IFCPOLYLINE((#4464,#4465,#4466,#4467,#4468,#4469,#4470,#4471,#4472,#4473,#4474,#4475,#4476,#4477,#4478,#4479,#4480,#4481,#4482,#4483,#4484,#4485,#4486,#4487,#4488,#4489,#4490,#4491,#4492,#4493,#4494,#4495,#4496));
#4464=IFCCARTESIANPOINT((167.427916,-416.19888,0.));
#4465=IFCCARTESIANPOINT((167.982616,-414.937912,0.));
#4466=IFCCARTESIANPOINT((168.528211,-413.673055,0.));
#4467=IFCCARTESIANPOINT((169.064712,-412.40436,0.));
#4468=IFCCARTESIANPOINT((169.592131,-411.131882,0.));
#4469=IFCCARTESIANPOINT((170.110479,-409.855672,0.));
#4470=IFCCARTESIANPOINT((170.619767,-408.575784,0.));
#4471=IFCCARTESIANPOINT((171.120008,-407.292271,0.));
#4472=IFCCARTESIANPOINT((171.611212,-406.005186,0.));
#4473=IFCCARTESIANPOINT((172.093392,-404.714582,0.));
#4474=IFCCARTESIANPOINT((172.566558,-403.420511,0.));
#4475=IFCCARTESIANPOINT((173.030722,-402.123028,0.));
#4476=IFCCARTESIANPOINT((173.485896,-400.822184,0.));
#4477=IFCCARTESIANPOINT((173.932092,-399.518033,0.));
#4478=IFCCARTESIANPOINT((174.36932,-398.210627,0.));
#4479=IFCCARTESIANPOINT((174.797592,-396.900021,0.));
#4480=IFCCARTESIANPOINT((175.216921,-395.586266,0.));
#4481=IFCCARTESIANPOINT((175.627316,-394.269416,0.));
#4482=IFCCARTESIANPOINT((176.02879,-392.949523,0.));
#4483=IFCCARTESIANPOINT((176.421355,-391.626641,0.));
#4484=IFCCARTESIANPOINT((176.805022,-390.300823,0.));
#4485=IFCCARTESIANPOINT((177.179802,-388.972121,0.));
#4486=IFCCARTESIANPOINT((177.545707,-387.640589,0.));
#4487=IFCCARTESIANPOINT((177.902748,-386.30628,0.));
#4488=IFCCARTESIANPOINT((178.250938,-384.969246,0.));
#4489=IFCCARTESIANPOINT((178.590287,-383.62954,0.));
#4490=IFCCARTESIANPOINT((178.920807,-382.287217,0.));
#4491=IFCCARTESIANPOINT((179.242509,-380.942327,0.));
#4492=IFCCARTESIANPOINT((179.555405,-379.594925,0.));
#4493=IFCCARTESIANPOINT((179.859507,-378.245064,0.));
#4494=IFCCARTESIANPOINT((180.154827,-376.892796,0.));
#4495=IFCCARTESIANPOINT((180.441374,-375.538175,0.));
#4496=IFCCARTESIANPOINT((180.719162,-374.181253,0.));
#4497=IFCPOLYLINE((#4498,#4499,#4500,#4501,#4502,#4503,#4504,#4505,#4506));
#4498=IFCCARTESIANPOINT((180.719162,-374.181253,0.));
#4499=IFCCARTESIANPOINT((181.602432,-369.527944,0.));
#4500=IFCCARTESIANPOINT((182.386114,-364.837337,0.));
#4501=IFCCARTESIANPOINT((183.069861,-360.111514,0.));
#4502=IFCCARTESIANPOINT((183.65337,-355.352569,0.));
#4503=IFCCARTESIANPOINT((184.136381,-350.562614,0.));
#4504=IFCCARTESIANPOINT((184.518681,-345.743772,0.));
#4505=IFCCARTESIANPOINT((184.8001,-340.898179,0.));
#4506=IFCCARTESIANPOINT((184.980513,-336.027986,0.));
#4507=IFCPOLYLINE((#4508,#4509));
#4508=IFCCARTESIANPOINT((192.751498,-43.941603,0.));
#4509=IFCCARTESIANPOINT((184.980513,-336.027986,0.));
#4510=IFCPOLYLINE((#4511,#4512,#4513,#4514,#4515,#4516,#4517,#4518,#4519,#4520,#4521,#4522,#4523,#4524,#4525,#4526,#4527,#4528,#4529,#4530,#4531,#4532,#4533,#4534,#4535,#4536,#4537,#4538,#4539,#4540,#4541,#4542,#4543,#4544,#4545,#4546,#4547,#4548,#4549,#4550,#4551,#4552,#4553,#4554,#4555,#4556,#4557,#4558,#4559,#4560,#4561,#4562,#4563,#4564,#4565,#4566,#4567,#4568,#4569,#4570,#4571,#4572,#4573,#4574,#4575,#4576,#4577,#4578,#4579,#4580,#4581,#4582,#4583,#4584,#4585,#4586,#4587,#4588,#4589,#4590,#4591,#4592,#4593,#4594,#4595,#4596,#4597,#4598,#4599,#4600,#4601,#4602,#4603,#4604,#4605,#4606,#4607,#4608,#4609,#4610,#4611,#4612,#4613,#4614,#4615,#4616,#4617,#4618,#4619,#4620,#4621,#4622,#4623,#4624,#4625,#4626,#4627,#4628,#4629,#4630,#4631,#4632,#4633,#4634,#4635,#4636,#4637,#4638,#4639));
#4511=IFCCARTESIANPOINT((192.011045,-26.163213,0.));
#4512=IFCCARTESIANPOINT((192.026031,-26.126809,0.));
#4513=IFCCARTESIANPOINT((192.040957,-26.093666,0.));
#4514=IFCCARTESIANPOINT((192.05582,-26.063784,0.));
#4515=IFCCARTESIANPOINT((192.070618,-26.037164,0.));
#4516=IFCCARTESIANPOINT((192.085348,-26.013809,0.));
#4517=IFCCARTESIANPOINT((192.100009,-25.993719,0.));
#4518=IFCCARTESIANPOINT((192.114599,-25.976895,0.));
#4519=IFCCARTESIANPOINT((192.129116,-25.963338,0.));
#4520=IFCCARTESIANPOINT((192.143557,-25.95305,0.));
#4521=IFCCARTESIANPOINT((192.15792,-25.946032,0.));
#4522=IFCCARTESIANPOINT((192.172203,-25.942284,0.));
#4523=IFCCARTESIANPOINT((192.186405,-25.941809,0.));
#4524=IFCCARTESIANPOINT((192.200522,-25.944608,0.));
#4525=IFCCARTESIANPOINT((192.214554,-25.950681,0.));
#4526=IFCCARTESIANPOINT((192.228497,-25.960029,0.));
#4527=IFCCARTESIANPOINT((192.242349,-25.972655,0.));
#4528=IFCCARTESIANPOINT((192.25611,-25.988558,0.));
#4529=IFCCARTESIANPOINT((192.269775,-26.007741,0.));
#4530=IFCCARTESIANPOINT((192.283344,-26.030204,0.));
#4531=IFCCARTESIANPOINT((192.296806,-26.055933,0.));
#4532=IFCCARTESIANPOINT((192.310156,-26.084914,0.));
#4533=IFCCARTESIANPOINT((192.323391,-26.117141,0.));
#4534=IFCCARTESIANPOINT((192.336511,-26.152606,0.));
#4535=IFCCARTESIANPOINT((192.349513,-26.191302,0.));
#4536=IFCCARTESIANPOINT((192.362396,-26.233222,0.));
#4537=IFCCARTESIANPOINT((192.375157,-26.278359,0.));
#4538=IFCCARTESIANPOINT((192.387794,-26.326705,0.));
#4539=IFCCARTESIANPOINT((192.400307,-26.378254,0.));
#4540=IFCCARTESIANPOINT((192.412693,-26.432998,0.));
#4541=IFCCARTESIANPOINT((192.42495,-26.49093,0.));
#4542=IFCCARTESIANPOINT((192.437077,-26.552043,0.));
#4543=IFCCARTESIANPOINT((192.449072,-26.616329,0.));
#4544=IFCCARTESIANPOINT((192.460932,-26.683782,0.));
#4545=IFCCARTESIANPOINT((192.472656,-26.754394,0.));
#4546=IFCCARTESIANPOINT((192.484243,-26.828157,0.));
#4547=IFCCARTESIANPOINT((192.49569,-26.905066,0.));
#4548=IFCCARTESIANPOINT((192.506995,-26.985113,0.));
#4549=IFCCARTESIANPOINT((192.518158,-27.06829,0.));
#4550=IFCCARTESIANPOINT((192.529169,-27.154541,0.));
#4551=IFCCARTESIANPOINT((192.540022,-27.24381,0.));
#4552=IFCCARTESIANPOINT((192.550716,-27.336082,0.));
#4553=IFCCARTESIANPOINT((192.561249,-27.43134,0.));
#4554=IFCCARTESIANPOINT((192.571621,-27.529566,0.));
#4555=IFCCARTESIANPOINT((192.58183,-27.630745,0.));
#4556=IFCCARTESIANPOINT((192.591874,-27.734859,0.));
#4557=IFCCARTESIANPOINT((192.601753,-27.841893,0.));
#4558=IFCCARTESIANPOINT((192.611465,-27.95183,0.));
#4559=IFCCARTESIANPOINT((192.621009,-28.064652,0.));
#4560=IFCCARTESIANPOINT((192.630383,-28.180344,0.));
#4561=IFCCARTESIANPOINT((192.639587,-28.298889,0.));
#4562=IFCCARTESIANPOINT((192.648619,-28.42027,0.));
#4563=IFCCARTESIANPOINT((192.657478,-28.54447,0.));
#4564=IFCCARTESIANPOINT((192.666162,-28.671474,0.));
#4565=IFCCARTESIANPOINT((192.674671,-28.801265,0.));
#4566=IFCCARTESIANPOINT((192.683002,-28.933825,0.));
#4567=IFCCARTESIANPOINT((192.691155,-29.069139,0.));
#4568=IFCCARTESIANPOINT((192.699129,-29.20719,0.));
#4569=IFCCARTESIANPOINT((192.706922,-29.347961,0.));
#4570=IFCCARTESIANPOINT((192.714533,-29.491436,0.));
#4571=IFCCARTESIANPOINT((192.72196,-29.637597,0.));
#4572=IFCCARTESIANPOINT((192.729203,-29.78643,0.));
#4573=IFCCARTESIANPOINT((192.73626,-29.937916,0.));
#4574=IFCCARTESIANPOINT((192.743129,-30.092039,0.));
#4575=IFCCARTESIANPOINT((192.74981,-30.248783,0.));
#4576=IFCCARTESIANPOINT((192.756298,-30.408031,0.));
#4577=IFCCARTESIANPOINT((192.762587,-30.569661,0.));
#4578=IFCCARTESIANPOINT((192.768677,-30.733647,0.));
#4579=IFCCARTESIANPOINT((192.774568,-30.899964,0.));
#4580=IFCCARTESIANPOINT((192.78026,-31.068586,0.));
#4581=IFCCARTESIANPOINT((192.785751,-31.239487,0.));
#4582=IFCCARTESIANPOINT((192.791041,-31.412642,0.));
#4583=IFCCARTESIANPOINT((192.79613,-31.588024,0.));
#4584=IFCCARTESIANPOINT((192.801018,-31.765608,0.));
#4585=IFCCARTESIANPOINT((192.805704,-31.945368,0.));
#4586=IFCCARTESIANPOINT((192.810187,-32.127278,0.));
#4587=IFCCARTESIANPOINT((192.814466,-32.311313,0.));
#4588=IFCCARTESIANPOINT((192.818543,-32.497447,0.));
#4589=IFCCARTESIANPOINT((192.822415,-32.685653,0.));
#4590=IFCCARTESIANPOINT((192.826083,-32.875907,0.));
#4591=IFCCARTESIANPOINT((192.829546,-33.068183,0.));
#4592=IFCCARTESIANPOINT((192.832804,-33.262454,0.));
#4593=IFCCARTESIANPOINT((192.835856,-33.458695,0.));
#4594=IFCCARTESIANPOINT((192.838701,-33.656881,0.));
#4595=IFCCARTESIANPOINT((192.84134,-33.856984,0.));
#4596=IFCCARTESIANPOINT((192.843771,-34.058981,0.));
#4597=IFCCARTESIANPOINT((192.845995,-34.262844,0.));
#4598=IFCCARTESIANPOINT((192.84801,-34.468549,0.));
#4599=IFCCARTESIANPOINT((192.849817,-34.676069,0.));
#4600=IFCCARTESIANPOINT((192.851415,-34.885378,0.));
#4601=IFCCARTESIANPOINT((192.852802,-35.096451,0.));
#4602=IFCCARTESIANPOINT((192.85398,-35.309263,0.));
#4603=IFCCARTESIANPOINT((192.854947,-35.523756,0.));
#4604=IFCCARTESIANPOINT((192.855703,-35.739726,0.));
#4605=IFCCARTESIANPOINT((192.856247,-35.957112,0.));
#4606=IFCCARTESIANPOINT((192.856581,-36.175883,0.));
#4607=IFCCARTESIANPOINT((192.856703,-36.396008,0.));
#4608=IFCCARTESIANPOINT((192.856615,-36.617455,0.));
#4609=IFCCARTESIANPOINT((192.856316,-36.840194,0.));
#4610=IFCCARTESIANPOINT((192.855808,-37.064193,0.));
#4611=IFCCARTESIANPOINT((192.855089,-37.289421,0.));
#4612=IFCCARTESIANPOINT((192.854161,-37.515847,0.));
#4613=IFCCARTESIANPOINT((192.853024,-37.74344,0.));
#4614=IFCCARTESIANPOINT((192.851677,-37.972168,0.));
#4615=IFCCARTESIANPOINT((192.850122,-38.202,0.));
#4616=IFCCARTESIANPOINT((192.848358,-38.432905,0.));
#4617=IFCCARTESIANPOINT((192.846386,-38.664851,0.));
#4618=IFCCARTESIANPOINT((192.844206,-38.897808,0.));
#4619=IFCCARTESIANPOINT((192.841818,-39.131745,0.));
#4620=IFCCARTESIANPOINT((192.839222,-39.366629,0.));
#4621=IFCCARTESIANPOINT((192.836419,-39.602431,0.));
#4622=IFCCARTESIANPOINT((192.833409,-39.839118,0.));
#4623=IFCCARTESIANPOINT((192.830193,-40.076617,0.));
#4624=IFCCARTESIANPOINT((192.826773,-40.314783,0.));
#4625=IFCCARTESIANPOINT((192.823149,-40.553579,0.));
#4626=IFCCARTESIANPOINT((192.819323,-40.79297,0.));
#4627=IFCCARTESIANPOINT((192.815294,-41.032925,0.));
#4628=IFCCARTESIANPOINT((192.811064,-41.273409,0.));
#4629=IFCCARTESIANPOINT((192.806633,-41.514391,0.));
#4630=IFCCARTESIANPOINT((192.802002,-41.755836,0.));
#4631=IFCCARTESIANPOINT((192.797172,-41.997713,0.));
#4632=IFCCARTESIANPOINT((192.792143,-42.239975,0.));
#4633=IFCCARTESIANPOINT((192.786917,-42.482519,0.));
#4634=IFCCARTESIANPOINT((192.781497,-42.7253,0.));
#4635=IFCCARTESIANPOINT((192.775882,-42.968286,0.));
#4636=IFCCARTESIANPOINT((192.770074,-43.211442,0.));
#4637=IFCCARTESIANPOINT((192.764073,-43.454736,0.));
#4638=IFCCARTESIANPOINT((192.757881,-43.698134,0.));
#4639=IFCCARTESIANPOINT((192.751498,-43.941603,0.));
#4640=IFCPOLYLINE((#4641,#4642,#4643,#4644,#4645,#4646,#4647,#4648,#4649));
#4641=IFCCARTESIANPOINT((152.085241,-25.941603,0.));
#4642=IFCCARTESIANPOINT((152.066902,-25.945073,0.));
#4643=IFCCARTESIANPOINT((152.048933,-25.95548,0.));
#4644=IFCCARTESIANPOINT((152.031342,-25.972822,0.));
#4645=IFCCARTESIANPOINT((152.014135,-25.997091,0.));
#4646=IFCCARTESIANPOINT((151.99732,-26.028278,0.));
#4647=IFCCARTESIANPOINT((151.980902,-26.06637,0.));
#4648=IFCCARTESIANPOINT((151.964888,-26.111354,0.));
#4649=IFCCARTESIANPOINT((151.949284,-26.163212,0.));
#4650=IFCPOLYLINE((#4651,#4652));
#4651=IFCCARTESIANPOINT((151.949284,-26.163212,0.));
#4652=IFCCARTESIANPOINT((149.774072,-33.974174,0.));
#4653=IFCPOLYLINE((#4654,#4655,#4656,#4657,#4658,#4659,#4660,#4661,#4662,#4663,#4664,#4665,#4666,#4667,#4668,#4669,#4670,#4671,#4672,#4673,#4674,#4675,#4676,#4677,#4678,#4679,#4680,#4681,#4682,#4683,#4684,#4685,#4686,#4687,#4688,#4689,#4690,#4691,#4692,#4693,#4694,#4695,#4696,#4697,#4698,#4699,#4700,#4701,#4702));
#4654=IFCCARTESIANPOINT((149.286379,-8.587852,0.));
#4655=IFCCARTESIANPOINT((149.282703,-9.001913,0.));
#4656=IFCCARTESIANPOINT((149.279626,-9.421914,0.));
#4657=IFCCARTESIANPOINT((149.277149,-9.847797,0.));
#4658=IFCCARTESIANPOINT((149.275271,-10.279504,0.));
#4659=IFCCARTESIANPOINT((149.273992,-10.716976,0.));
#4660=IFCCARTESIANPOINT((149.273312,-11.160154,0.));
#4661=IFCCARTESIANPOINT((149.27323,-11.608979,0.));
#4662=IFCCARTESIANPOINT((149.273746,-12.063395,0.));
#4663=IFCCARTESIANPOINT((149.27486,-12.52334,0.));
#4664=IFCCARTESIANPOINT((149.27657,-12.988759,0.));
#4665=IFCCARTESIANPOINT((149.278878,-13.45959,0.));
#4666=IFCCARTESIANPOINT((149.281782,-13.935777,0.));
#4667=IFCCARTESIANPOINT((149.285282,-14.41726,0.));
#4668=IFCCARTESIANPOINT((149.289379,-14.903982,0.));
#4669=IFCCARTESIANPOINT((149.29407,-15.395883,0.));
#4670=IFCCARTESIANPOINT((149.299357,-15.892904,0.));
#4671=IFCCARTESIANPOINT((149.305239,-16.394988,0.));
#4672=IFCCARTESIANPOINT((149.311715,-16.902076,0.));
#4673=IFCCARTESIANPOINT((149.318785,-17.414109,0.));
#4674=IFCCARTESIANPOINT((149.326449,-17.931029,0.));
#4675=IFCCARTESIANPOINT((149.334706,-18.452777,0.));
#4676=IFCCARTESIANPOINT((149.343557,-18.979295,0.));
#4677=IFCCARTESIANPOINT((149.353,-19.510523,0.));
#4678=IFCCARTESIANPOINT((149.363035,-20.046404,0.));
#4679=IFCCARTESIANPOINT((149.373658,-20.586619,0.));
#4680=IFCCARTESIANPOINT((149.38486,-21.130844,0.));
#4681=IFCCARTESIANPOINT((149.396641,-21.679007,0.));
#4682=IFCCARTESIANPOINT((149.408998,-22.231036,0.));
#4683=IFCCARTESIANPOINT((149.42193,-22.786862,0.));
#4684=IFCCARTESIANPOINT((149.435433,-23.346412,0.));
#4685=IFCCARTESIANPOINT((149.449507,-23.909616,0.));
#4686=IFCCARTESIANPOINT((149.464149,-24.476402,0.));
#4687=IFCCARTESIANPOINT((149.479358,-25.0467,0.));
#4688=IFCCARTESIANPOINT((149.49513,-25.620438,0.));
#4689=IFCCARTESIANPOINT((149.511465,-26.197545,0.));
#4690=IFCCARTESIANPOINT((149.52836,-26.77795,0.));
#4691=IFCCARTESIANPOINT((149.545813,-27.361582,0.));
#4692=IFCCARTESIANPOINT((149.563823,-27.94837,0.));
#4693=IFCCARTESIANPOINT((149.582386,-28.538243,0.));
#4694=IFCCARTESIANPOINT((149.601502,-29.131129,0.));
#4695=IFCCARTESIANPOINT((149.621169,-29.726958,0.));
#4696=IFCCARTESIANPOINT((149.641383,-30.325658,0.));
#4697=IFCCARTESIANPOINT((149.662144,-30.927158,0.));
#4698=IFCCARTESIANPOINT((149.683449,-31.531387,0.));
#4699=IFCCARTESIANPOINT((149.705297,-32.138275,0.));
#4700=IFCCARTESIANPOINT((149.727684,-32.747749,0.));
#4701=IFCCARTESIANPOINT((149.75061,-33.359739,0.));
#4702=IFCCARTESIANPOINT((149.774072,-33.974174,0.));
#4703=IFCPOLYLINE((#4704,#4705,#4706,#4707,#4708,#4709,#4710,#4711,#4712,#4713,#4714,#4715,#4716,#4717,#4718,#4719,#4720,#4721,#4722,#4723,#4724,#4725,#4726,#4727,#4728,#4729,#4730,#4731,#4732,#4733,#4734,#4735,#4736,#4737,#4738,#4739,#4740,#4741,#4742,#4743,#4744,#4745,#4746,#4747,#4748,#4749,#4750,#4751,#4752));
#4704=IFCCARTESIANPOINT((149.286379,-8.587855,0.));
#4705=IFCCARTESIANPOINT((149.288298,-8.403406,0.));
#4706=IFCCARTESIANPOINT((149.290459,-8.221569,0.));
#4707=IFCCARTESIANPOINT((149.292862,-8.042359,0.));
#4708=IFCCARTESIANPOINT((149.295506,-7.865789,0.));
#4709=IFCCARTESIANPOINT((149.298392,-7.691873,0.));
#4710=IFCCARTESIANPOINT((149.301518,-7.520624,0.));
#4711=IFCCARTESIANPOINT((149.304883,-7.352057,0.));
#4712=IFCCARTESIANPOINT((149.308488,-7.186184,0.));
#4713=IFCCARTESIANPOINT((149.312331,-7.023021,0.));
#4714=IFCCARTESIANPOINT((149.316413,-6.86258,0.));
#4715=IFCCARTESIANPOINT((149.320731,-6.704875,0.));
#4716=IFCCARTESIANPOINT((149.325287,-6.549919,0.));
#4717=IFCCARTESIANPOINT((149.330079,-6.397728,0.));
#4718=IFCCARTESIANPOINT((149.335107,-6.248313,0.));
#4719=IFCCARTESIANPOINT((149.34037,-6.10169,0.));
#4720=IFCCARTESIANPOINT((149.345868,-5.957871,0.));
#4721=IFCCARTESIANPOINT((149.3516,-5.816871,0.));
#4722=IFCCARTESIANPOINT((149.357565,-5.678703,0.));
#4723=IFCCARTESIANPOINT((149.363764,-5.54338,0.));
#4724=IFCCARTESIANPOINT((149.370195,-5.410918,0.));
#4725=IFCCARTESIANPOINT((149.376857,-5.281328,0.));
#4726=IFCCARTESIANPOINT((149.383751,-5.154625,0.));
#4727=IFCCARTESIANPOINT((149.390875,-5.030823,0.));
#4728=IFCCARTESIANPOINT((149.39823,-4.909936,0.));
#4729=IFCCARTESIANPOINT((149.405811,-4.79202,0.));
#4730=IFCCARTESIANPOINT((149.413615,-4.677131,0.));
#4731=IFCCARTESIANPOINT((149.421641,-4.565275,0.));
#4732=IFCCARTESIANPOINT((149.429887,-4.456458,0.));
#4733=IFCCARTESIANPOINT((149.438353,-4.350688,0.));
#4734=IFCCARTESIANPOINT((149.447038,-4.247971,0.));
#4735=IFCCARTESIANPOINT((149.455939,-4.148313,0.));
#4736=IFCCARTESIANPOINT((149.465057,-4.051723,0.));
#4737=IFCCARTESIANPOINT((149.474391,-3.958206,0.));
#4738=IFCCARTESIANPOINT((149.483939,-3.867769,0.));
#4739=IFCCARTESIANPOINT((149.4937,-3.780419,0.));
#4740=IFCCARTESIANPOINT((149.503673,-3.696164,0.));
#4741=IFCCARTESIANPOINT((149.513857,-3.615008,0.));
#4742=IFCCARTESIANPOINT((149.524251,-3.53696,0.));
#4743=IFCCARTESIANPOINT((149.534854,-3.462027,0.));
#4744=IFCCARTESIANPOINT((149.545665,-3.390214,0.));
#4745=IFCCARTESIANPOINT((149.556683,-3.321529,0.));
#4746=IFCCARTESIANPOINT((149.567906,-3.255978,0.));
#4747=IFCCARTESIANPOINT((149.579334,-3.193569,0.));
#4748=IFCCARTESIANPOINT((149.590966,-3.134307,0.));
#4749=IFCCARTESIANPOINT((149.6028,-3.078201,0.));
#4750=IFCCARTESIANPOINT((149.614836,-3.025256,0.));
#4751=IFCCARTESIANPOINT((149.627072,-2.975479,0.));
#4752=IFCCARTESIANPOINT((149.639508,-2.928878,0.));
#4753=IFCPOLYLINE((#4754,#4755));
#4754=IFCCARTESIANPOINT((151.247412,2.84494,0.));
#4755=IFCCARTESIANPOINT((149.639508,-2.928879,0.));
#4756=IFCPOLYLINE((#4757,#4758));
#4757=IFCCARTESIANPOINT((-180.44692,2.844969,0.));
#4758=IFCCARTESIANPOINT((-180.561055,7.724262,0.));
#4759=IFCPOLYLINE((#4760,#4761,#4762,#4763,#4764,#4765,#4766,#4767,#4768));
#4760=IFCCARTESIANPOINT((180.560169,7.724262,0.));
#4761=IFCCARTESIANPOINT((135.482646,10.869718,0.));
#4762=IFCCARTESIANPOINT((90.351447,13.117363,0.));
#4763=IFCCARTESIANPOINT((45.184453,14.466306,0.));
#4764=IFCCARTESIANPOINT((-0.000443,14.916013,0.));
#4765=IFCCARTESIANPOINT((-45.185339,14.466306,0.));
#4766=IFCCARTESIANPOINT((-90.352333,13.117363,0.));
#4767=IFCCARTESIANPOINT((-135.483532,10.869718,0.));
#4768=IFCCARTESIANPOINT((-180.561055,7.724262,0.));
#4769=IFCPOLYLINE((#4770,#4771));
#4770=IFCCARTESIANPOINT((-151.248305,2.844938,0.));
#4771=IFCCARTESIANPOINT((151.247419,2.844938,0.));
#4772=IFCPOLYLINE((#4773,#4774));
#4773=IFCCARTESIANPOINT((180.446034,2.844969,0.));
#4774=IFCCARTESIANPOINT((180.560169,7.724262,0.));
#4775=IFCPOLYLINE((#4776,#4777,#4778,#4779,#4780,#4781,#4782,#4783,#4784));
#4776=IFCCARTESIANPOINT((181.125799,7.679061,0.));
#4777=IFCCARTESIANPOINT((181.055095,7.684719,0.));
#4778=IFCCARTESIANPOINT((180.984392,7.690374,0.));
#4779=IFCCARTESIANPOINT((180.913689,7.696028,0.));
#4780=IFCCARTESIANPOINT((180.842985,7.701679,0.));
#4781=IFCCARTESIANPOINT((180.772281,7.707328,0.));
#4782=IFCCARTESIANPOINT((180.701578,7.712975,0.));
#4783=IFCCARTESIANPOINT((180.630873,7.718619,0.));
#4784=IFCCARTESIANPOINT((180.560169,7.724262,0.));
#4785=IFCPOLYLINE((#4786,#4787));
#4786=IFCCARTESIANPOINT((181.125799,7.679061,0.));
#4787=IFCCARTESIANPOINT((180.339355,-25.941603,0.));
#4788=IFCPOLYLINE((#4789,#4790));
#4789=IFCCARTESIANPOINT((151.247422,2.844939,0.));
#4790=IFCCARTESIANPOINT((152.756061,-25.941603,0.));
#4791=IFCPOLYLINE((#4792,#4793));
#4792=IFCCARTESIANPOINT((179.772682,-25.941603,0.));
#4793=IFCCARTESIANPOINT((180.446048,2.844969,0.));
#4794=IFCSHAPEREPRESENTATION(#4795,'Body','GeometricCurveSet',(#4796));
#4795=IFCGEOMETRICREPRESENTATIONSUBCONTEXT('Body','Model',*,*,*,*,#2,$,.ELEVATION_VIEW.,$);
#4796=IFCGEOMETRICCURVESET((#4797,#4879,#4913,#4979,#5061,#5071,#5105,#5139,#5142,#5145,#5195,#5301,#5359,#5417,#5427,#5437,#5471,#5529,#5587,#5597,#5655,#5737,#5819,#5829,#5911,#5921,#5931,#6061,#6064,#6178,#6228,#6262,#6296,#6330,#6428,#6431,#6434,#6484,#6487,#6490,#6540,#6638,#6720,#6834,#6932,#6982,#6985,#6988,#6991,#7041,#7075,#7078,#7128,#7178,#7340,#7470,#7520,#7674,#7804,#7966,#8128,#8178,#8236,#8286,#8336,#8386,#8396,#8478,#8560,#8610,#8660,#8663,#8666,#8669,#8719,#8769,#8819,#8869,#8872,#8875,#9005,#9015));
#4797=IFCPOLYLINE((#4798,#4799,#4800,#4801,#4802,#4803,#4804,#4805,#4806,#4807,#4808,#4809,#4810,#4811,#4812,#4813,#4814,#4815,#4816,#4817,#4818,#4819,#4820,#4821,#4822,#4823,#4824,#4825,#4826,#4827,#4828,#4829,#4830,#4831,#4832,#4833,#4834,#4835,#4836,#4837,#4838,#4839,#4840,#4841,#4842,#4843,#4844,#4845,#4846,#4847,#4848,#4849,#4850,#4851,#4852,#4853,#4854,#4855,#4856,#4857,#4858,#4859,#4860,#4861,#4862,#4863,#4864,#4865,#4866,#4867,#4868,#4869,#4870,#4871,#4872,#4873,#4874,#4875,#4876,#4877,#4878));
#4798=IFCCARTESIANPOINT((-54.971661,0.,-198.846124));
#4799=IFCCARTESIANPOINT((-54.981776,0.,-198.770846));
#4800=IFCCARTESIANPOINT((-54.992191,0.,-198.69349));
#4801=IFCCARTESIANPOINT((-55.002874,0.,-198.614277));
#4802=IFCCARTESIANPOINT((-55.013795,0.,-198.533429));
#4803=IFCCARTESIANPOINT((-55.024924,0.,-198.451165));
#4804=IFCCARTESIANPOINT((-55.036228,0.,-198.367706));
#4805=IFCCARTESIANPOINT((-55.047677,0.,-198.283274));
#4806=IFCCARTESIANPOINT((-55.059239,0.,-198.19809));
#4807=IFCCARTESIANPOINT((-55.070905,0.,-198.112224));
#4808=IFCCARTESIANPOINT((-55.082677,0.,-198.025642));
#4809=IFCCARTESIANPOINT((-55.094547,0.,-197.938403));
#4810=IFCCARTESIANPOINT((-55.106506,0.,-197.850567));
#4811=IFCCARTESIANPOINT((-55.118545,0.,-197.762192));
#4812=IFCCARTESIANPOINT((-55.130656,0.,-197.673338));
#4813=IFCCARTESIANPOINT((-55.14283,0.,-197.584064));
#4814=IFCCARTESIANPOINT((-55.155057,0.,-197.49443));
#4815=IFCCARTESIANPOINT((-55.16733,0.,-197.404495));
#4816=IFCCARTESIANPOINT((-55.17964,0.,-197.314318));
#4817=IFCCARTESIANPOINT((-55.191978,0.,-197.223955));
#4818=IFCCARTESIANPOINT((-55.204346,0.,-197.13339));
#4819=IFCCARTESIANPOINT((-55.216744,0.,-197.042614));
#4820=IFCCARTESIANPOINT((-55.229171,0.,-196.951639));
#4821=IFCCARTESIANPOINT((-55.241626,0.,-196.860475));
#4822=IFCCARTESIANPOINT((-55.254106,0.,-196.769131));
#4823=IFCCARTESIANPOINT((-55.266611,0.,-196.677619));
#4824=IFCCARTESIANPOINT((-55.279139,0.,-196.585948));
#4825=IFCCARTESIANPOINT((-55.291687,0.,-196.49413));
#4826=IFCCARTESIANPOINT((-55.304255,0.,-196.402174));
#4827=IFCCARTESIANPOINT((-55.316842,0.,-196.310091));
#4828=IFCCARTESIANPOINT((-55.329444,0.,-196.217891));
#4829=IFCCARTESIANPOINT((-55.342061,0.,-196.125584));
#4830=IFCCARTESIANPOINT((-55.354692,0.,-196.033181));
#4831=IFCCARTESIANPOINT((-55.367334,0.,-195.940692));
#4832=IFCCARTESIANPOINT((-55.379986,0.,-195.848128));
#4833=IFCCARTESIANPOINT((-55.392646,0.,-195.755498));
#4834=IFCCARTESIANPOINT((-55.405314,0.,-195.662814));
#4835=IFCCARTESIANPOINT((-55.417987,0.,-195.570086));
#4836=IFCCARTESIANPOINT((-55.430663,0.,-195.477323));
#4837=IFCCARTESIANPOINT((-55.443342,0.,-195.384536));
#4838=IFCCARTESIANPOINT((-55.456021,0.,-195.291736));
#4839=IFCCARTESIANPOINT((-55.468701,0.,-195.198923));
#4840=IFCCARTESIANPOINT((-55.481384,0.,-195.106072));
#4841=IFCCARTESIANPOINT((-55.494072,0.,-195.013183));
#4842=IFCCARTESIANPOINT((-55.506763,0.,-194.920257));
#4843=IFCCARTESIANPOINT((-55.519458,0.,-194.827297));
#4844=IFCCARTESIANPOINT((-55.532156,0.,-194.734302));
#4845=IFCCARTESIANPOINT((-55.544858,0.,-194.641273));
#4846=IFCCARTESIANPOINT((-55.557563,0.,-194.548214));
#4847=IFCCARTESIANPOINT((-55.570272,0.,-194.455123));
#4848=IFCCARTESIANPOINT((-55.582984,0.,-194.362003));
#4849=IFCCARTESIANPOINT((-55.595698,0.,-194.268854));
#4850=IFCCARTESIANPOINT((-55.608416,0.,-194.175678));
#4851=IFCCARTESIANPOINT((-55.621137,0.,-194.082477));
#4852=IFCCARTESIANPOINT((-55.633861,0.,-193.98925));
#4853=IFCCARTESIANPOINT((-55.646587,0.,-193.896));
#4854=IFCCARTESIANPOINT((-55.659316,0.,-193.802727));
#4855=IFCCARTESIANPOINT((-55.672047,0.,-193.709432));
#4856=IFCCARTESIANPOINT((-55.684781,0.,-193.616118));
#4857=IFCCARTESIANPOINT((-55.697517,0.,-193.522785));
#4858=IFCCARTESIANPOINT((-55.710256,0.,-193.429433));
#4859=IFCCARTESIANPOINT((-55.722996,0.,-193.336065));
#4860=IFCCARTESIANPOINT((-55.735739,0.,-193.242682));
#4861=IFCCARTESIANPOINT((-55.748484,0.,-193.149284));
#4862=IFCCARTESIANPOINT((-55.76123,0.,-193.055873));
#4863=IFCCARTESIANPOINT((-55.773978,0.,-192.96245));
#4864=IFCCARTESIANPOINT((-55.786728,0.,-192.869016));
#4865=IFCCARTESIANPOINT((-55.79948,0.,-192.775572));
#4866=IFCCARTESIANPOINT((-55.812232,0.,-192.68212));
#4867=IFCCARTESIANPOINT((-55.824987,0.,-192.588661));
#4868=IFCCARTESIANPOINT((-55.837742,0.,-192.495195));
#4869=IFCCARTESIANPOINT((-55.850499,0.,-192.401725));
#4870=IFCCARTESIANPOINT((-55.863257,0.,-192.30825));
#4871=IFCCARTESIANPOINT((-55.876016,0.,-192.214773));
#4872=IFCCARTESIANPOINT((-55.888776,0.,-192.121295));
#4873=IFCCARTESIANPOINT((-55.901536,0.,-192.027816));
#4874=IFCCARTESIANPOINT((-55.914298,0.,-191.934338));
#4875=IFCCARTESIANPOINT((-55.92706,0.,-191.840862));
#4876=IFCCARTESIANPOINT((-55.939822,0.,-191.747389));
#4877=IFCCARTESIANPOINT((-55.952585,0.,-191.653921));
#4878=IFCCARTESIANPOINT((-55.965348,0.,-191.560458));
#4879=IFCPOLYLINE((#4880,#4881,#4882,#4883,#4884,#4885,#4886,#4887,#4888,#4889,#4890,#4891,#4892,#4893,#4894,#4895,#4896,#4897,#4898,#4899,#4900,#4901,#4902,#4903,#4904,#4905,#4906,#4907,#4908,#4909,#4910,#4911,#4912));
#4880=IFCCARTESIANPOINT((-54.669248,0.,-202.365374));
#4881=IFCCARTESIANPOINT((-54.676354,0.,-202.24755));
#4882=IFCCARTESIANPOINT((-54.68375,0.,-202.129199));
#4883=IFCCARTESIANPOINT((-54.691423,0.,-202.010426));
#4884=IFCCARTESIANPOINT((-54.699358,0.,-201.891334));
#4885=IFCCARTESIANPOINT((-54.707542,0.,-201.772026));
#4886=IFCCARTESIANPOINT((-54.715961,0.,-201.652607));
#4887=IFCCARTESIANPOINT((-54.7246,0.,-201.533178));
#4888=IFCCARTESIANPOINT((-54.733446,0.,-201.413844));
#4889=IFCCARTESIANPOINT((-54.742485,0.,-201.294707));
#4890=IFCCARTESIANPOINT((-54.751703,0.,-201.175872));
#4891=IFCCARTESIANPOINT((-54.761085,0.,-201.057441));
#4892=IFCCARTESIANPOINT((-54.770619,0.,-200.939519));
#4893=IFCCARTESIANPOINT((-54.78029,0.,-200.822207));
#4894=IFCCARTESIANPOINT((-54.790084,0.,-200.705611));
#4895=IFCCARTESIANPOINT((-54.799987,0.,-200.589832));
#4896=IFCCARTESIANPOINT((-54.809986,0.,-200.474975));
#4897=IFCCARTESIANPOINT((-54.820066,0.,-200.361142));
#4898=IFCCARTESIANPOINT((-54.830213,0.,-200.248438));
#4899=IFCCARTESIANPOINT((-54.840414,0.,-200.136965));
#4900=IFCCARTESIANPOINT((-54.850655,0.,-200.026827));
#4901=IFCCARTESIANPOINT((-54.860921,0.,-199.918128));
#4902=IFCCARTESIANPOINT((-54.871198,0.,-199.81097));
#4903=IFCCARTESIANPOINT((-54.881474,0.,-199.705457));
#4904=IFCCARTESIANPOINT((-54.891733,0.,-199.601692));
#4905=IFCCARTESIANPOINT((-54.901962,0.,-199.49978));
#4906=IFCCARTESIANPOINT((-54.912147,0.,-199.399822));
#4907=IFCCARTESIANPOINT((-54.922274,0.,-199.301923));
#4908=IFCCARTESIANPOINT((-54.932329,0.,-199.206185));
#4909=IFCCARTESIANPOINT((-54.942298,0.,-199.112713));
#4910=IFCCARTESIANPOINT((-54.952168,0.,-199.02161));
#4911=IFCCARTESIANPOINT((-54.961923,0.,-198.932978));
#4912=IFCCARTESIANPOINT((-54.971551,0.,-198.846922));
#4913=IFCPOLYLINE((#4914,#4915,#4916,#4917,#4918,#4919,#4920,#4921,#4922,#4923,#4924,#4925,#4926,#4927,#4928,#4929,#4930,#4931,#4932,#4933,#4934,#4935,#4936,#4937,#4938,#4939,#4940,#4941,#4942,#4943,#4944,#4945,#4946,#4947,#4948,#4949,#4950,#4951,#4952,#4953,#4954,#4955,#4956,#4957,#4958,#4959,#4960,#4961,#4962,#4963,#4964,#4965,#4966,#4967,#4968,#4969,#4970,#4971,#4972,#4973,#4974,#4975,#4976,#4977,#4978));
#4914=IFCCARTESIANPOINT((54.970665,0.,-198.846922));
#4915=IFCCARTESIANPOINT((54.965866,0.,-198.889631));
#4916=IFCCARTESIANPOINT((54.96101,0.,-198.933187));
#4917=IFCCARTESIANPOINT((54.9561,0.,-198.977558));
#4918=IFCCARTESIANPOINT((54.951141,0.,-199.022718));
#4919=IFCCARTESIANPOINT((54.946137,0.,-199.068636));
#4920=IFCCARTESIANPOINT((54.94109,0.,-199.115283));
#4921=IFCCARTESIANPOINT((54.936005,0.,-199.162631));
#4922=IFCCARTESIANPOINT((54.930885,0.,-199.21065));
#4923=IFCCARTESIANPOINT((54.925734,0.,-199.259312));
#4924=IFCCARTESIANPOINT((54.920556,0.,-199.308587));
#4925=IFCCARTESIANPOINT((54.915354,0.,-199.358447));
#4926=IFCCARTESIANPOINT((54.910133,0.,-199.408863));
#4927=IFCCARTESIANPOINT((54.904895,0.,-199.459805));
#4928=IFCCARTESIANPOINT((54.899645,0.,-199.511245));
#4929=IFCCARTESIANPOINT((54.894386,0.,-199.563153));
#4930=IFCCARTESIANPOINT((54.889123,0.,-199.6155));
#4931=IFCCARTESIANPOINT((54.883857,0.,-199.668259));
#4932=IFCCARTESIANPOINT((54.878595,0.,-199.721399));
#4933=IFCCARTESIANPOINT((54.873338,0.,-199.774891));
#4934=IFCCARTESIANPOINT((54.868091,0.,-199.828707));
#4935=IFCCARTESIANPOINT((54.862858,0.,-199.882818));
#4936=IFCCARTESIANPOINT((54.857642,0.,-199.937194));
#4937=IFCCARTESIANPOINT((54.852447,0.,-199.991807));
#4938=IFCCARTESIANPOINT((54.847277,0.,-200.046627));
#4939=IFCCARTESIANPOINT((54.84213,0.,-200.101658));
#4940=IFCCARTESIANPOINT((54.837006,0.,-200.156907));
#4941=IFCCARTESIANPOINT((54.831906,0.,-200.212368));
#4942=IFCCARTESIANPOINT((54.826831,0.,-200.268033));
#4943=IFCCARTESIANPOINT((54.821781,0.,-200.323896));
#4944=IFCCARTESIANPOINT((54.816758,0.,-200.379951));
#4945=IFCCARTESIANPOINT((54.811763,0.,-200.436189));
#4946=IFCCARTESIANPOINT((54.806797,0.,-200.492605));
#4947=IFCCARTESIANPOINT((54.80186,0.,-200.549191));
#4948=IFCCARTESIANPOINT((54.796954,0.,-200.605942));
#4949=IFCCARTESIANPOINT((54.792081,0.,-200.662849));
#4950=IFCCARTESIANPOINT((54.78724,0.,-200.719906));
#4951=IFCCARTESIANPOINT((54.782433,0.,-200.777107));
#4952=IFCCARTESIANPOINT((54.777661,0.,-200.834444));
#4953=IFCCARTESIANPOINT((54.772925,0.,-200.891911));
#4954=IFCCARTESIANPOINT((54.768225,0.,-200.949501));
#4955=IFCCARTESIANPOINT((54.763564,0.,-201.007206));
#4956=IFCCARTESIANPOINT((54.758942,0.,-201.065022));
#4957=IFCCARTESIANPOINT((54.75436,0.,-201.122939));
#4958=IFCCARTESIANPOINT((54.749819,0.,-201.180952));
#4959=IFCCARTESIANPOINT((54.74532,0.,-201.239054));
#4960=IFCCARTESIANPOINT((54.740864,0.,-201.297238));
#4961=IFCCARTESIANPOINT((54.736452,0.,-201.355498));
#4962=IFCCARTESIANPOINT((54.732086,0.,-201.413825));
#4963=IFCCARTESIANPOINT((54.727765,0.,-201.472214));
#4964=IFCCARTESIANPOINT((54.723492,0.,-201.530658));
#4965=IFCCARTESIANPOINT((54.719267,0.,-201.58915));
#4966=IFCCARTESIANPOINT((54.715091,0.,-201.647683));
#4967=IFCCARTESIANPOINT((54.710965,0.,-201.70625));
#4968=IFCCARTESIANPOINT((54.706891,0.,-201.764844));
#4969=IFCCARTESIANPOINT((54.702869,0.,-201.82346));
#4970=IFCCARTESIANPOINT((54.6989,0.,-201.882089));
#4971=IFCCARTESIANPOINT((54.694986,0.,-201.940725));
#4972=IFCCARTESIANPOINT((54.691127,0.,-201.999361));
#4973=IFCCARTESIANPOINT((54.687324,0.,-202.057991));
#4974=IFCCARTESIANPOINT((54.683578,0.,-202.116607));
#4975=IFCCARTESIANPOINT((54.679891,0.,-202.175204));
#4976=IFCCARTESIANPOINT((54.676264,0.,-202.233773));
#4977=IFCCARTESIANPOINT((54.672697,0.,-202.292308));
#4978=IFCCARTESIANPOINT((54.669189,0.,-202.350821));
#4979=IFCPOLYLINE((#4980,#4981,#4982,#4983,#4984,#4985,#4986,#4987,#4988,#4989,#4990,#4991,#4992,#4993,#4994,#4995,#4996,#4997,#4998,#4999,#5000,#5001,#5002,#5003,#5004,#5005,#5006,#5007,#5008,#5009,#5010,#5011,#5012,#5013,#5014,#5015,#5016,#5017,#5018,#5019,#5020,#5021,#5022,#5023,#5024,#5025,#5026,#5027,#5028,#5029,#5030,#5031,#5032,#5033,#5034,#5035,#5036,#5037,#5038,#5039,#5040,#5041,#5042,#5043,#5044,#5045,#5046,#5047,#5048,#5049,#5050,#5051,#5052,#5053,#5054,#5055,#5056,#5057,#5058,#5059,#5060));
#4980=IFCCARTESIANPOINT((55.964473,0.,-191.560378));
#4981=IFCCARTESIANPOINT((55.951711,0.,-191.653833));
#4982=IFCCARTESIANPOINT((55.938949,0.,-191.747293));
#4983=IFCCARTESIANPOINT((55.926188,0.,-191.840757));
#4984=IFCCARTESIANPOINT((55.913427,0.,-191.934224));
#4985=IFCCARTESIANPOINT((55.900667,0.,-192.027693));
#4986=IFCCARTESIANPOINT((55.887908,0.,-192.121162));
#4987=IFCCARTESIANPOINT((55.87515,0.,-192.21463));
#4988=IFCCARTESIANPOINT((55.862392,0.,-192.308097));
#4989=IFCCARTESIANPOINT((55.849636,0.,-192.401561));
#4990=IFCCARTESIANPOINT((55.836881,0.,-192.495021));
#4991=IFCCARTESIANPOINT((55.824127,0.,-192.588475));
#4992=IFCCARTESIANPOINT((55.811374,0.,-192.681924));
#4993=IFCCARTESIANPOINT((55.798623,0.,-192.775365));
#4994=IFCCARTESIANPOINT((55.785873,0.,-192.868797));
#4995=IFCCARTESIANPOINT((55.773125,0.,-192.96222));
#4996=IFCCARTESIANPOINT((55.760378,0.,-193.055632));
#4997=IFCCARTESIANPOINT((55.747633,0.,-193.149031));
#4998=IFCCARTESIANPOINT((55.73489,0.,-193.242418));
#4999=IFCCARTESIANPOINT((55.722149,0.,-193.33579));
#5000=IFCCARTESIANPOINT((55.70941,0.,-193.429147));
#5001=IFCCARTESIANPOINT((55.696673,0.,-193.522487));
#5002=IFCCARTESIANPOINT((55.683939,0.,-193.615809));
#5003=IFCCARTESIANPOINT((55.671206,0.,-193.709113));
#5004=IFCCARTESIANPOINT((55.658476,0.,-193.802396));
#5005=IFCCARTESIANPOINT((55.645749,0.,-193.895659));
#5006=IFCCARTESIANPOINT((55.633024,0.,-193.988899));
#5007=IFCCARTESIANPOINT((55.620302,0.,-194.082115));
#5008=IFCCARTESIANPOINT((55.607583,0.,-194.175307));
#5009=IFCCARTESIANPOINT((55.594866,0.,-194.268473));
#5010=IFCCARTESIANPOINT((55.582152,0.,-194.361612));
#5011=IFCCARTESIANPOINT((55.569442,0.,-194.454723));
#5012=IFCCARTESIANPOINT((55.556734,0.,-194.547805));
#5013=IFCCARTESIANPOINT((55.54403,0.,-194.640857));
#5014=IFCCARTESIANPOINT((55.531329,0.,-194.733877));
#5015=IFCCARTESIANPOINT((55.518632,0.,-194.826864));
#5016=IFCCARTESIANPOINT((55.505938,0.,-194.919818));
#5017=IFCCARTESIANPOINT((55.493247,0.,-195.012737));
#5018=IFCCARTESIANPOINT((55.480561,0.,-195.10562));
#5019=IFCCARTESIANPOINT((55.467878,0.,-195.198465));
#5020=IFCCARTESIANPOINT((55.455197,0.,-195.291282));
#5021=IFCCARTESIANPOINT((55.442518,0.,-195.384082));
#5022=IFCCARTESIANPOINT((55.429841,0.,-195.476856));
#5023=IFCCARTESIANPOINT((55.417168,0.,-195.569597));
#5024=IFCCARTESIANPOINT((55.404499,0.,-195.662294));
#5025=IFCCARTESIANPOINT((55.391837,0.,-195.75494));
#5026=IFCCARTESIANPOINT((55.379183,0.,-195.847525));
#5027=IFCCARTESIANPOINT((55.366539,0.,-195.94004));
#5028=IFCCARTESIANPOINT((55.353904,0.,-196.032476));
#5029=IFCCARTESIANPOINT((55.341282,0.,-196.124825));
#5030=IFCCARTESIANPOINT((55.328672,0.,-196.217077));
#5031=IFCCARTESIANPOINT((55.316077,0.,-196.309224));
#5032=IFCCARTESIANPOINT((55.303499,0.,-196.401257));
#5033=IFCCARTESIANPOINT((55.290937,0.,-196.493166));
#5034=IFCCARTESIANPOINT((55.278394,0.,-196.584942));
#5035=IFCCARTESIANPOINT((55.265871,0.,-196.676578));
#5036=IFCCARTESIANPOINT((55.25337,0.,-196.768064));
#5037=IFCCARTESIANPOINT((55.240891,0.,-196.85939));
#5038=IFCCARTESIANPOINT((55.228437,0.,-196.950549));
#5039=IFCCARTESIANPOINT((55.216008,0.,-197.04153));
#5040=IFCCARTESIANPOINT((55.203603,0.,-197.132343));
#5041=IFCCARTESIANPOINT((55.191223,0.,-197.222989));
#5042=IFCCARTESIANPOINT((55.178875,0.,-197.313426));
#5043=IFCCARTESIANPOINT((55.166564,0.,-197.403611));
#5044=IFCCARTESIANPOINT((55.154298,0.,-197.4935));
#5045=IFCCARTESIANPOINT((55.142082,0.,-197.583051));
#5046=IFCCARTESIANPOINT((55.129923,0.,-197.67222));
#5047=IFCCARTESIANPOINT((55.117827,0.,-197.760964));
#5048=IFCCARTESIANPOINT((55.105802,0.,-197.849239));
#5049=IFCCARTESIANPOINT((55.093852,0.,-197.937004));
#5050=IFCCARTESIANPOINT((55.081979,0.,-198.024263));
#5051=IFCCARTESIANPOINT((55.070167,0.,-198.111139));
#5052=IFCCARTESIANPOINT((55.058437,0.,-198.197472));
#5053=IFCCARTESIANPOINT((55.046817,0.,-198.283077));
#5054=IFCCARTESIANPOINT((55.035334,0.,-198.367765));
#5055=IFCCARTESIANPOINT((55.024013,0.,-198.451347));
#5056=IFCCARTESIANPOINT((55.012881,0.,-198.533638));
#5057=IFCCARTESIANPOINT((55.001965,0.,-198.614448));
#5058=IFCCARTESIANPOINT((54.991291,0.,-198.693591));
#5059=IFCCARTESIANPOINT((54.980886,0.,-198.770878));
#5060=IFCCARTESIANPOINT((54.970776,0.,-198.846122));
#5061=IFCPOLYLINE((#5062,#5063,#5064,#5065,#5066,#5067,#5068,#5069,#5070));
#5062=IFCCARTESIANPOINT((-177.649216,0.,9.767631));
#5063=IFCCARTESIANPOINT((-177.698298,0.,6.36702));
#5064=IFCCARTESIANPOINT((-177.563799,0.,2.968716));
#5065=IFCCARTESIANPOINT((-177.246111,0.,-0.417378));
#5066=IFCCARTESIANPOINT((-176.746158,0.,-3.781395));
#5067=IFCCARTESIANPOINT((-176.065398,0.,-7.113531));
#5068=IFCCARTESIANPOINT((-175.205816,0.,-10.404074));
#5069=IFCCARTESIANPOINT((-174.169915,0.,-13.643437));
#5070=IFCCARTESIANPOINT((-172.960715,0.,-16.822179));
#5071=IFCPOLYLINE((#5072,#5073,#5074,#5075,#5076,#5077,#5078,#5079,#5080,#5081,#5082,#5083,#5084,#5085,#5086,#5087,#5088,#5089,#5090,#5091,#5092,#5093,#5094,#5095,#5096,#5097,#5098,#5099,#5100,#5101,#5102,#5103,#5104));
#5072=IFCCARTESIANPOINT((-55.965155,0.,-191.560431));
#5073=IFCCARTESIANPOINT((-55.98169,0.,-191.445686));
#5074=IFCCARTESIANPOINT((-55.998219,0.,-191.330939));
#5075=IFCCARTESIANPOINT((-56.014744,0.,-191.216193));
#5076=IFCCARTESIANPOINT((-56.031263,0.,-191.101445));
#5077=IFCCARTESIANPOINT((-56.047777,0.,-190.986697));
#5078=IFCCARTESIANPOINT((-56.064286,0.,-190.871949));
#5079=IFCCARTESIANPOINT((-56.08079,0.,-190.7572));
#5080=IFCCARTESIANPOINT((-56.097289,0.,-190.64245));
#5081=IFCCARTESIANPOINT((-56.113783,0.,-190.5277));
#5082=IFCCARTESIANPOINT((-56.130271,0.,-190.41295));
#5083=IFCCARTESIANPOINT((-56.146755,0.,-190.298199));
#5084=IFCCARTESIANPOINT((-56.163234,0.,-190.183447));
#5085=IFCCARTESIANPOINT((-56.179708,0.,-190.068695));
#5086=IFCCARTESIANPOINT((-56.196177,0.,-189.953943));
#5087=IFCCARTESIANPOINT((-56.21264,0.,-189.83919));
#5088=IFCCARTESIANPOINT((-56.229099,0.,-189.724436));
#5089=IFCCARTESIANPOINT((-56.245553,0.,-189.609682));
#5090=IFCCARTESIANPOINT((-56.262002,0.,-189.494927));
#5091=IFCCARTESIANPOINT((-56.278446,0.,-189.380172));
#5092=IFCCARTESIANPOINT((-56.294885,0.,-189.265416));
#5093=IFCCARTESIANPOINT((-56.311319,0.,-189.15066));
#5094=IFCCARTESIANPOINT((-56.327748,0.,-189.035904));
#5095=IFCCARTESIANPOINT((-56.344172,0.,-188.921146));
#5096=IFCCARTESIANPOINT((-56.360592,0.,-188.806389));
#5097=IFCCARTESIANPOINT((-56.377006,0.,-188.691631));
#5098=IFCCARTESIANPOINT((-56.393416,0.,-188.576872));
#5099=IFCCARTESIANPOINT((-56.409821,0.,-188.462113));
#5100=IFCCARTESIANPOINT((-56.426221,0.,-188.347354));
#5101=IFCCARTESIANPOINT((-56.442616,0.,-188.232593));
#5102=IFCCARTESIANPOINT((-56.459006,0.,-188.117833));
#5103=IFCCARTESIANPOINT((-56.475391,0.,-188.003072));
#5104=IFCCARTESIANPOINT((-56.491772,0.,-187.88831));
#5105=IFCPOLYLINE((#5106,#5107,#5108,#5109,#5110,#5111,#5112,#5113,#5114,#5115,#5116,#5117,#5118,#5119,#5120,#5121,#5122,#5123,#5124,#5125,#5126,#5127,#5128,#5129,#5130,#5131,#5132,#5133,#5134,#5135,#5136,#5137,#5138));
#5106=IFCCARTESIANPOINT((56.490886,0.,-187.88831));
#5107=IFCCARTESIANPOINT((56.474506,0.,-188.003069));
#5108=IFCCARTESIANPOINT((56.458121,0.,-188.117828));
#5109=IFCCARTESIANPOINT((56.441731,0.,-188.232586));
#5110=IFCCARTESIANPOINT((56.425336,0.,-188.347343));
#5111=IFCCARTESIANPOINT((56.408937,0.,-188.462101));
#5112=IFCCARTESIANPOINT((56.392532,0.,-188.576857));
#5113=IFCCARTESIANPOINT((56.376123,0.,-188.691613));
#5114=IFCCARTESIANPOINT((56.359709,0.,-188.806369));
#5115=IFCCARTESIANPOINT((56.34329,0.,-188.921124));
#5116=IFCCARTESIANPOINT((56.326866,0.,-189.035879));
#5117=IFCCARTESIANPOINT((56.310437,0.,-189.150633));
#5118=IFCCARTESIANPOINT((56.294003,0.,-189.265386));
#5119=IFCCARTESIANPOINT((56.277564,0.,-189.380139));
#5120=IFCCARTESIANPOINT((56.261121,0.,-189.494892));
#5121=IFCCARTESIANPOINT((56.244672,0.,-189.609644));
#5122=IFCCARTESIANPOINT((56.228219,0.,-189.724396));
#5123=IFCCARTESIANPOINT((56.21176,0.,-189.839147));
#5124=IFCCARTESIANPOINT((56.195297,0.,-189.953898));
#5125=IFCCARTESIANPOINT((56.178829,0.,-190.068648));
#5126=IFCCARTESIANPOINT((56.162355,0.,-190.183397));
#5127=IFCCARTESIANPOINT((56.145877,0.,-190.298146));
#5128=IFCCARTESIANPOINT((56.129393,0.,-190.412895));
#5129=IFCCARTESIANPOINT((56.112905,0.,-190.527643));
#5130=IFCCARTESIANPOINT((56.096411,0.,-190.64239));
#5131=IFCCARTESIANPOINT((56.079913,0.,-190.757137));
#5132=IFCCARTESIANPOINT((56.063409,0.,-190.871884));
#5133=IFCCARTESIANPOINT((56.046901,0.,-190.98663));
#5134=IFCCARTESIANPOINT((56.030387,0.,-191.101375));
#5135=IFCCARTESIANPOINT((56.013868,0.,-191.21612));
#5136=IFCCARTESIANPOINT((55.997344,0.,-191.330864));
#5137=IFCCARTESIANPOINT((55.980815,0.,-191.445608));
#5138=IFCCARTESIANPOINT((55.964281,0.,-191.560351));
#5139=IFCPOLYLINE((#5140,#5141));
#5140=IFCCARTESIANPOINT((-177.025209,0.,9.87766));
#5141=IFCCARTESIANPOINT((-177.649216,0.,9.767631));
#5142=IFCPOLYLINE((#5143,#5144));
#5143=IFCCARTESIANPOINT((-172.388843,0.,-16.721342));
#5144=IFCCARTESIANPOINT((-172.960715,0.,-16.822179));
#5145=IFCPOLYLINE((#5146,#5147,#5148,#5149,#5150,#5151,#5152,#5153,#5154,#5155,#5156,#5157,#5158,#5159,#5160,#5161,#5162,#5163,#5164,#5165,#5166,#5167,#5168,#5169,#5170,#5171,#5172,#5173,#5174,#5175,#5176,#5177,#5178,#5179,#5180,#5181,#5182,#5183,#5184,#5185,#5186,#5187,#5188,#5189,#5190,#5191,#5192,#5193,#5194));
#5146=IFCCARTESIANPOINT((-53.132357,0.,-218.386364));
#5147=IFCCARTESIANPOINT((-53.151319,0.,-218.266088));
#5148=IFCCARTESIANPOINT((-53.170118,0.,-218.145766));
#5149=IFCCARTESIANPOINT((-53.188755,0.,-218.025402));
#5150=IFCCARTESIANPOINT((-53.207233,0.,-217.904997));
#5151=IFCCARTESIANPOINT((-53.22555,0.,-217.784554));
#5152=IFCCARTESIANPOINT((-53.24371,0.,-217.664075));
#5153=IFCCARTESIANPOINT((-53.261713,0.,-217.543563));
#5154=IFCCARTESIANPOINT((-53.279561,0.,-217.42302));
#5155=IFCCARTESIANPOINT((-53.297254,0.,-217.302448));
#5156=IFCCARTESIANPOINT((-53.314795,0.,-217.18185));
#5157=IFCCARTESIANPOINT((-53.332183,0.,-217.061229));
#5158=IFCCARTESIANPOINT((-53.349421,0.,-216.940586));
#5159=IFCCARTESIANPOINT((-53.366509,0.,-216.819924));
#5160=IFCCARTESIANPOINT((-53.383449,0.,-216.699246));
#5161=IFCCARTESIANPOINT((-53.400243,0.,-216.578553));
#5162=IFCCARTESIANPOINT((-53.41689,0.,-216.457848));
#5163=IFCCARTESIANPOINT((-53.433393,0.,-216.337134));
#5164=IFCCARTESIANPOINT((-53.449753,0.,-216.216413));
#5165=IFCCARTESIANPOINT((-53.465971,0.,-216.095687));
#5166=IFCCARTESIANPOINT((-53.482048,0.,-215.974958));
#5167=IFCCARTESIANPOINT((-53.497985,0.,-215.85423));
#5168=IFCCARTESIANPOINT((-53.513784,0.,-215.733504));
#5169=IFCCARTESIANPOINT((-53.529446,0.,-215.612783));
#5170=IFCCARTESIANPOINT((-53.544972,0.,-215.492069));
#5171=IFCCARTESIANPOINT((-53.560368,0.,-215.371331));
#5172=IFCCARTESIANPOINT((-53.575638,0.,-215.250537));
#5173=IFCCARTESIANPOINT((-53.590784,0.,-215.129692));
#5174=IFCCARTESIANPOINT((-53.605806,0.,-215.008799));
#5175=IFCCARTESIANPOINT((-53.620706,0.,-214.887863));
#5176=IFCCARTESIANPOINT((-53.635483,0.,-214.766887));
#5177=IFCCARTESIANPOINT((-53.65014,0.,-214.645876));
#5178=IFCCARTESIANPOINT((-53.664675,0.,-214.524833));
#5179=IFCCARTESIANPOINT((-53.679092,0.,-214.403763));
#5180=IFCCARTESIANPOINT((-53.693389,0.,-214.282669));
#5181=IFCCARTESIANPOINT((-53.707569,0.,-214.161556));
#5182=IFCCARTESIANPOINT((-53.721631,0.,-214.040427));
#5183=IFCCARTESIANPOINT((-53.735577,0.,-213.919287));
#5184=IFCCARTESIANPOINT((-53.749407,0.,-213.798138));
#5185=IFCCARTESIANPOINT((-53.763122,0.,-213.676987));
#5186=IFCCARTESIANPOINT((-53.776724,0.,-213.555835));
#5187=IFCCARTESIANPOINT((-53.790212,0.,-213.434688));
#5188=IFCCARTESIANPOINT((-53.803588,0.,-213.313549));
#5189=IFCCARTESIANPOINT((-53.816852,0.,-213.192423));
#5190=IFCCARTESIANPOINT((-53.830006,0.,-213.071312));
#5191=IFCCARTESIANPOINT((-53.84305,0.,-212.950222));
#5192=IFCCARTESIANPOINT((-53.855984,0.,-212.829157));
#5193=IFCCARTESIANPOINT((-53.86881,0.,-212.708119));
#5194=IFCCARTESIANPOINT((-53.881529,0.,-212.587114));
#5195=IFCPOLYLINE((#5196,#5197,#5198,#5199,#5200,#5201,#5202,#5203,#5204,#5205,#5206,#5207,#5208,#5209,#5210,#5211,#5212,#5213,#5214,#5215,#5216,#5217,#5218,#5219,#5220,#5221,#5222,#5223,#5224,#5225,#5226,#5227,#5228,#5229,#5230,#5231,#5232,#5233,#5234,#5235,#5236,#5237,#5238,#5239,#5240,#5241,#5242,#5243,#5244,#5245,#5246,#5247,#5248,#5249,#5250,#5251,#5252,#5253,#5254,#5255,#5256,#5257,#5258,#5259,#5260,#5261,#5262,#5263,#5264,#5265,#5266,#5267,#5268,#5269,#5270,#5271,#5272,#5273,#5274,#5275,#5276,#5277,#5278,#5279,#5280,#5281,#5282,#5283,#5284,#5285,#5286,#5287,#5288,#5289,#5290,#5291,#5292,#5293,#5294,#5295,#5296,#5297,#5298,#5299,#5300));
#5196=IFCCARTESIANPOINT((-42.256441,0.,-245.193343));
#5197=IFCCARTESIANPOINT((-42.386741,0.,-245.013555));
#5198=IFCCARTESIANPOINT((-42.514549,0.,-244.835792));
#5199=IFCCARTESIANPOINT((-42.639918,0.,-244.660018));
#5200=IFCCARTESIANPOINT((-42.762902,0.,-244.486203));
#5201=IFCCARTESIANPOINT((-42.883555,0.,-244.314311));
#5202=IFCCARTESIANPOINT((-43.00193,0.,-244.14431));
#5203=IFCCARTESIANPOINT((-43.118083,0.,-243.976166));
#5204=IFCCARTESIANPOINT((-43.232065,0.,-243.809847));
#5205=IFCCARTESIANPOINT((-43.343932,0.,-243.645318));
#5206=IFCCARTESIANPOINT((-43.453736,0.,-243.482547));
#5207=IFCCARTESIANPOINT((-43.561532,0.,-243.321501));
#5208=IFCCARTESIANPOINT((-43.667373,0.,-243.162145));
#5209=IFCCARTESIANPOINT((-43.771314,0.,-243.004447));
#5210=IFCCARTESIANPOINT((-43.873407,0.,-242.848374));
#5211=IFCCARTESIANPOINT((-43.973707,0.,-242.693892));
#5212=IFCCARTESIANPOINT((-44.072267,0.,-242.540969));
#5213=IFCCARTESIANPOINT((-44.169142,0.,-242.38957));
#5214=IFCCARTESIANPOINT((-44.264384,0.,-242.239662));
#5215=IFCCARTESIANPOINT((-44.358049,0.,-242.091212));
#5216=IFCCARTESIANPOINT((-44.450189,0.,-241.944188));
#5217=IFCCARTESIANPOINT((-44.540858,0.,-241.798555));
#5218=IFCCARTESIANPOINT((-44.63011,0.,-241.654281));
#5219=IFCCARTESIANPOINT((-44.717999,0.,-241.511331));
#5220=IFCCARTESIANPOINT((-44.804578,0.,-241.369674));
#5221=IFCCARTESIANPOINT((-44.889902,0.,-241.229275));
#5222=IFCCARTESIANPOINT((-44.974025,0.,-241.090101));
#5223=IFCCARTESIANPOINT((-45.057002,0.,-240.952111));
#5224=IFCCARTESIANPOINT((-45.138874,0.,-240.815252));
#5225=IFCCARTESIANPOINT((-45.219675,0.,-240.679473));
#5226=IFCCARTESIANPOINT((-45.299435,0.,-240.544722));
#5227=IFCCARTESIANPOINT((-45.378188,0.,-240.410946));
#5228=IFCCARTESIANPOINT((-45.455965,0.,-240.278095));
#5229=IFCCARTESIANPOINT((-45.5328,0.,-240.146116));
#5230=IFCCARTESIANPOINT((-45.608725,0.,-240.014958));
#5231=IFCCARTESIANPOINT((-45.683772,0.,-239.884568));
#5232=IFCCARTESIANPOINT((-45.757973,0.,-239.754896));
#5233=IFCCARTESIANPOINT((-45.831362,0.,-239.625889));
#5234=IFCCARTESIANPOINT((-45.90397,0.,-239.497495));
#5235=IFCCARTESIANPOINT((-45.97583,0.,-239.369663));
#5236=IFCCARTESIANPOINT((-46.046974,0.,-239.24234));
#5237=IFCCARTESIANPOINT((-46.117435,0.,-239.115476));
#5238=IFCCARTESIANPOINT((-46.187245,0.,-238.989018));
#5239=IFCCARTESIANPOINT((-46.256437,0.,-238.862915));
#5240=IFCCARTESIANPOINT((-46.325043,0.,-238.737114));
#5241=IFCCARTESIANPOINT((-46.393095,0.,-238.611565));
#5242=IFCCARTESIANPOINT((-46.460626,0.,-238.486214));
#5243=IFCCARTESIANPOINT((-46.527669,0.,-238.361011));
#5244=IFCCARTESIANPOINT((-46.594255,0.,-238.235903));
#5245=IFCCARTESIANPOINT((-46.660417,0.,-238.110839));
#5246=IFCCARTESIANPOINT((-46.726188,0.,-237.985768));
#5247=IFCCARTESIANPOINT((-46.7916,0.,-237.860636));
#5248=IFCCARTESIANPOINT((-46.856685,0.,-237.735393));
#5249=IFCCARTESIANPOINT((-46.921477,0.,-237.609986));
#5250=IFCCARTESIANPOINT((-46.986006,0.,-237.484364));
#5251=IFCCARTESIANPOINT((-47.050306,0.,-237.358476));
#5252=IFCCARTESIANPOINT((-47.114409,0.,-237.232268));
#5253=IFCCARTESIANPOINT((-47.178348,0.,-237.10569));
#5254=IFCCARTESIANPOINT((-47.242155,0.,-236.97869));
#5255=IFCCARTESIANPOINT((-47.305862,0.,-236.851215));
#5256=IFCCARTESIANPOINT((-47.369502,0.,-236.723215));
#5257=IFCCARTESIANPOINT((-47.433108,0.,-236.594637));
#5258=IFCCARTESIANPOINT((-47.496711,0.,-236.46543));
#5259=IFCCARTESIANPOINT((-47.560344,0.,-236.335541));
#5260=IFCCARTESIANPOINT((-47.624038,0.,-236.204911));
#5261=IFCCARTESIANPOINT((-47.68781,0.,-236.073471));
#5262=IFCCARTESIANPOINT((-47.751671,0.,-235.941158));
#5263=IFCCARTESIANPOINT((-47.815634,0.,-235.807913));
#5264=IFCCARTESIANPOINT((-47.879709,0.,-235.673675));
#5265=IFCCARTESIANPOINT((-47.94391,0.,-235.538383));
#5266=IFCCARTESIANPOINT((-48.008246,0.,-235.401977));
#5267=IFCCARTESIANPOINT((-48.07273,0.,-235.264395));
#5268=IFCCARTESIANPOINT((-48.137374,0.,-235.125579));
#5269=IFCCARTESIANPOINT((-48.202189,0.,-234.985466));
#5270=IFCCARTESIANPOINT((-48.267186,0.,-234.843997));
#5271=IFCCARTESIANPOINT((-48.332378,0.,-234.701111));
#5272=IFCCARTESIANPOINT((-48.397776,0.,-234.556746));
#5273=IFCCARTESIANPOINT((-48.463392,0.,-234.410844));
#5274=IFCCARTESIANPOINT((-48.529237,0.,-234.263342));
#5275=IFCCARTESIANPOINT((-48.595322,0.,-234.11418));
#5276=IFCCARTESIANPOINT((-48.661661,0.,-233.963299));
#5277=IFCCARTESIANPOINT((-48.728263,0.,-233.810637));
#5278=IFCCARTESIANPOINT((-48.795142,0.,-233.656133));
#5279=IFCCARTESIANPOINT((-48.862308,0.,-233.499727));
#5280=IFCCARTESIANPOINT((-48.929773,0.,-233.341359));
#5281=IFCCARTESIANPOINT((-48.997548,0.,-233.180967));
#5282=IFCCARTESIANPOINT((-49.065646,0.,-233.018492));
#5283=IFCCARTESIANPOINT((-49.134078,0.,-232.853872));
#5284=IFCCARTESIANPOINT((-49.202856,0.,-232.687047));
#5285=IFCCARTESIANPOINT((-49.271991,0.,-232.517957));
#5286=IFCCARTESIANPOINT((-49.341495,0.,-232.346541));
#5287=IFCCARTESIANPOINT((-49.41138,0.,-232.172738));
#5288=IFCCARTESIANPOINT((-49.481656,0.,-231.996488));
#5289=IFCCARTESIANPOINT((-49.552337,0.,-231.817729));
#5290=IFCCARTESIANPOINT((-49.623433,0.,-231.636402));
#5291=IFCCARTESIANPOINT((-49.694935,0.,-231.452442));
#5292=IFCCARTESIANPOINT((-49.766798,0.,-231.265774));
#5293=IFCCARTESIANPOINT((-49.83901,0.,-231.076336));
#5294=IFCCARTESIANPOINT((-49.91156,0.,-230.884062));
#5295=IFCCARTESIANPOINT((-49.984436,0.,-230.688887));
#5296=IFCCARTESIANPOINT((-50.057627,0.,-230.490749));
#5297=IFCCARTESIANPOINT((-50.131122,0.,-230.289582));
#5298=IFCCARTESIANPOINT((-50.204909,0.,-230.085322));
#5299=IFCCARTESIANPOINT((-50.278977,0.,-229.877905));
#5300=IFCCARTESIANPOINT((-50.353314,0.,-229.667266));
#5301=IFCPOLYLINE((#5302,#5303,#5304,#5305,#5306,#5307,#5308,#5309,#5310,#5311,#5312,#5313,#5314,#5315,#5316,#5317,#5318,#5319,#5320,#5321,#5322,#5323,#5324,#5325,#5326,#5327,#5328,#5329,#5330,#5331,#5332,#5333,#5334,#5335,#5336,#5337,#5338,#5339,#5340,#5341,#5342,#5343,#5344,#5345,#5346,#5347,#5348,#5349,#5350,#5351,#5352,#5353,#5354,#5355,#5356,#5357,#5358));
#5302=IFCCARTESIANPOINT((-50.353314,0.,-229.667266));
#5303=IFCCARTESIANPOINT((-50.42185,0.,-229.47075));
#5304=IFCCARTESIANPOINT((-50.489643,0.,-229.274043));
#5305=IFCCARTESIANPOINT((-50.556696,0.,-229.077144));
#5306=IFCCARTESIANPOINT((-50.623012,0.,-228.880055));
#5307=IFCCARTESIANPOINT((-50.688594,0.,-228.682776));
#5308=IFCCARTESIANPOINT((-50.753444,0.,-228.485309));
#5309=IFCCARTESIANPOINT((-50.817565,0.,-228.287652));
#5310=IFCCARTESIANPOINT((-50.880961,0.,-228.089808));
#5311=IFCCARTESIANPOINT((-50.943634,0.,-227.891776));
#5312=IFCCARTESIANPOINT((-51.005588,0.,-227.693558));
#5313=IFCCARTESIANPOINT((-51.066824,0.,-227.495154));
#5314=IFCCARTESIANPOINT((-51.127346,0.,-227.296565));
#5315=IFCCARTESIANPOINT((-51.187156,0.,-227.09779));
#5316=IFCCARTESIANPOINT((-51.246259,0.,-226.898832));
#5317=IFCCARTESIANPOINT((-51.304655,0.,-226.69969));
#5318=IFCCARTESIANPOINT((-51.362349,0.,-226.500365));
#5319=IFCCARTESIANPOINT((-51.419343,0.,-226.300859));
#5320=IFCCARTESIANPOINT((-51.47564,0.,-226.10117));
#5321=IFCCARTESIANPOINT((-51.531243,0.,-225.901301));
#5322=IFCCARTESIANPOINT((-51.586155,0.,-225.701251));
#5323=IFCCARTESIANPOINT((-51.640378,0.,-225.501022));
#5324=IFCCARTESIANPOINT((-51.693916,0.,-225.300613));
#5325=IFCCARTESIANPOINT((-51.746772,0.,-225.100027));
#5326=IFCCARTESIANPOINT((-51.798947,0.,-224.899262));
#5327=IFCCARTESIANPOINT((-51.850446,0.,-224.69832));
#5328=IFCCARTESIANPOINT((-51.901271,0.,-224.497202));
#5329=IFCCARTESIANPOINT((-51.951424,0.,-224.295908));
#5330=IFCCARTESIANPOINT((-52.000909,0.,-224.094439));
#5331=IFCCARTESIANPOINT((-52.049729,0.,-223.892795));
#5332=IFCCARTESIANPOINT((-52.097887,0.,-223.690977));
#5333=IFCCARTESIANPOINT((-52.145384,0.,-223.488986));
#5334=IFCCARTESIANPOINT((-52.192225,0.,-223.286822));
#5335=IFCCARTESIANPOINT((-52.238412,0.,-223.084486));
#5336=IFCCARTESIANPOINT((-52.283948,0.,-222.881978));
#5337=IFCCARTESIANPOINT((-52.328836,0.,-222.6793));
#5338=IFCCARTESIANPOINT((-52.373078,0.,-222.476451));
#5339=IFCCARTESIANPOINT((-52.416678,0.,-222.273433));
#5340=IFCCARTESIANPOINT((-52.459638,0.,-222.070247));
#5341=IFCCARTESIANPOINT((-52.501962,0.,-221.866891));
#5342=IFCCARTESIANPOINT((-52.543652,0.,-221.663368));
#5343=IFCCARTESIANPOINT((-52.584711,0.,-221.459679));
#5344=IFCCARTESIANPOINT((-52.625144,0.,-221.255823));
#5345=IFCCARTESIANPOINT((-52.664975,0.,-221.051809));
#5346=IFCCARTESIANPOINT((-52.704219,0.,-220.84764));
#5347=IFCCARTESIANPOINT((-52.742882,0.,-220.643318));
#5348=IFCCARTESIANPOINT((-52.780975,0.,-220.438846));
#5349=IFCCARTESIANPOINT((-52.818505,0.,-220.234226));
#5350=IFCCARTESIANPOINT((-52.85548,0.,-220.02946));
#5351=IFCCARTESIANPOINT((-52.89191,0.,-219.824551));
#5352=IFCCARTESIANPOINT((-52.927803,0.,-219.619501));
#5353=IFCCARTESIANPOINT((-52.963168,0.,-219.414311));
#5354=IFCCARTESIANPOINT((-52.998012,0.,-219.208986));
#5355=IFCCARTESIANPOINT((-53.032344,0.,-219.003526));
#5356=IFCCARTESIANPOINT((-53.066174,0.,-218.797934));
#5357=IFCCARTESIANPOINT((-53.099508,0.,-218.592213));
#5358=IFCCARTESIANPOINT((-53.132357,0.,-218.386364));
#5359=IFCPOLYLINE((#5360,#5361,#5362,#5363,#5364,#5365,#5366,#5367,#5368,#5369,#5370,#5371,#5372,#5373,#5374,#5375,#5376,#5377,#5378,#5379,#5380,#5381,#5382,#5383,#5384,#5385,#5386,#5387,#5388,#5389,#5390,#5391,#5392,#5393,#5394,#5395,#5396,#5397,#5398,#5399,#5400,#5401,#5402,#5403,#5404,#5405,#5406,#5407,#5408,#5409,#5410,#5411,#5412,#5413,#5414,#5415,#5416));
#5360=IFCCARTESIANPOINT((-54.841732,0.,-198.849337));
#5361=IFCCARTESIANPOINT((-54.829412,0.,-199.133072));
#5362=IFCCARTESIANPOINT((-54.816938,0.,-199.414769));
#5363=IFCCARTESIANPOINT((-54.80431,0.,-199.694464));
#5364=IFCCARTESIANPOINT((-54.791526,0.,-199.972194));
#5365=IFCCARTESIANPOINT((-54.778584,0.,-200.247994));
#5366=IFCCARTESIANPOINT((-54.765485,0.,-200.521902));
#5367=IFCCARTESIANPOINT((-54.752227,0.,-200.793952));
#5368=IFCCARTESIANPOINT((-54.738809,0.,-201.064183));
#5369=IFCCARTESIANPOINT((-54.72523,0.,-201.33263));
#5370=IFCCARTESIANPOINT((-54.711489,0.,-201.599329));
#5371=IFCCARTESIANPOINT((-54.697585,0.,-201.864317));
#5372=IFCCARTESIANPOINT((-54.683518,0.,-202.12763));
#5373=IFCCARTESIANPOINT((-54.669285,0.,-202.389305));
#5374=IFCCARTESIANPOINT((-54.654886,0.,-202.649377));
#5375=IFCCARTESIANPOINT((-54.64032,0.,-202.907884));
#5376=IFCCARTESIANPOINT((-54.625586,0.,-203.16486));
#5377=IFCCARTESIANPOINT((-54.610684,0.,-203.420344));
#5378=IFCCARTESIANPOINT((-54.595611,0.,-203.674371));
#5379=IFCCARTESIANPOINT((-54.580367,0.,-203.926977));
#5380=IFCCARTESIANPOINT((-54.564951,0.,-204.178198));
#5381=IFCCARTESIANPOINT((-54.549362,0.,-204.428072));
#5382=IFCCARTESIANPOINT((-54.533599,0.,-204.676634));
#5383=IFCCARTESIANPOINT((-54.517661,0.,-204.923921));
#5384=IFCCARTESIANPOINT((-54.501546,0.,-205.169969));
#5385=IFCCARTESIANPOINT((-54.485255,0.,-205.414814));
#5386=IFCCARTESIANPOINT((-54.468785,0.,-205.658493));
#5387=IFCCARTESIANPOINT((-54.452137,0.,-205.901041));
#5388=IFCCARTESIANPOINT((-54.435308,0.,-206.142497));
#5389=IFCCARTESIANPOINT((-54.418298,0.,-206.382894));
#5390=IFCCARTESIANPOINT((-54.401106,0.,-206.622271));
#5391=IFCCARTESIANPOINT((-54.38373,0.,-206.860664));
#5392=IFCCARTESIANPOINT((-54.366171,0.,-207.098107));
#5393=IFCCARTESIANPOINT((-54.348426,0.,-207.334639));
#5394=IFCCARTESIANPOINT((-54.330495,0.,-207.570295));
#5395=IFCCARTESIANPOINT((-54.312377,0.,-207.805112));
#5396=IFCCARTESIANPOINT((-54.294071,0.,-208.039126));
#5397=IFCCARTESIANPOINT((-54.275576,0.,-208.272373));
#5398=IFCCARTESIANPOINT((-54.25689,0.,-208.504889));
#5399=IFCCARTESIANPOINT((-54.238013,0.,-208.736712));
#5400=IFCCARTESIANPOINT((-54.218943,0.,-208.967877));
#5401=IFCCARTESIANPOINT((-54.199681,0.,-209.19842));
#5402=IFCCARTESIANPOINT((-54.180222,0.,-209.42837));
#5403=IFCCARTESIANPOINT((-54.160544,0.,-209.657673));
#5404=IFCCARTESIANPOINT((-54.140636,0.,-209.886331));
#5405=IFCCARTESIANPOINT((-54.120494,0.,-210.114363));
#5406=IFCCARTESIANPOINT((-54.10011,0.,-210.341789));
#5407=IFCCARTESIANPOINT((-54.079479,0.,-210.56863));
#5408=IFCCARTESIANPOINT((-54.058595,0.,-210.794904));
#5409=IFCCARTESIANPOINT((-54.037453,0.,-211.020634));
#5410=IFCCARTESIANPOINT((-54.016046,0.,-211.245838));
#5411=IFCCARTESIANPOINT((-53.994369,0.,-211.470537));
#5412=IFCCARTESIANPOINT((-53.972416,0.,-211.69475));
#5413=IFCCARTESIANPOINT((-53.950181,0.,-211.918499));
#5414=IFCCARTESIANPOINT((-53.927658,0.,-212.141802));
#5415=IFCCARTESIANPOINT((-53.904842,0.,-212.364681));
#5416=IFCCARTESIANPOINT((-53.881727,0.,-212.587155));
#5417=IFCPOLYLINE((#5418,#5419,#5420,#5421,#5422,#5423,#5424,#5425,#5426));
#5418=IFCCARTESIANPOINT((-54.842124,0.,-198.849241));
#5419=IFCCARTESIANPOINT((-54.874994,0.,-198.846753));
#5420=IFCCARTESIANPOINT((-54.903165,0.,-198.844871));
#5421=IFCCARTESIANPOINT((-54.926632,0.,-198.843597));
#5422=IFCCARTESIANPOINT((-54.945396,0.,-198.842929));
#5423=IFCCARTESIANPOINT((-54.959453,0.,-198.842868));
#5424=IFCCARTESIANPOINT((-54.968803,0.,-198.843414));
#5425=IFCCARTESIANPOINT((-54.973445,0.,-198.844568));
#5426=IFCCARTESIANPOINT((-54.973378,0.,-198.846328));
#5427=IFCPOLYLINE((#5428,#5429,#5430,#5431,#5432,#5433,#5434,#5435,#5436));
#5428=IFCCARTESIANPOINT((54.972464,0.,-198.846349));
#5429=IFCCARTESIANPOINT((54.972581,0.,-198.844583));
#5430=IFCCARTESIANPOINT((54.967976,0.,-198.843425));
#5431=IFCCARTESIANPOINT((54.95865,0.,-198.842876));
#5432=IFCCARTESIANPOINT((54.944603,0.,-198.842935));
#5433=IFCCARTESIANPOINT((54.925836,0.,-198.843604));
#5434=IFCCARTESIANPOINT((54.902351,0.,-198.844881));
#5435=IFCCARTESIANPOINT((54.87415,0.,-198.846767));
#5436=IFCCARTESIANPOINT((54.841236,0.,-198.849261));
#5437=IFCPOLYLINE((#5438,#5439,#5440,#5441,#5442,#5443,#5444,#5445,#5446,#5447,#5448,#5449,#5450,#5451,#5452,#5453,#5454,#5455,#5456,#5457,#5458,#5459,#5460,#5461,#5462,#5463,#5464,#5465,#5466,#5467,#5468,#5469,#5470));
#5438=IFCCARTESIANPOINT((50.352428,0.,-229.667265));
#5439=IFCCARTESIANPOINT((50.471773,0.,-229.323634));
#5440=IFCCARTESIANPOINT((50.588672,0.,-228.980106));
#5441=IFCCARTESIANPOINT((50.703162,0.,-228.636613));
#5442=IFCCARTESIANPOINT((50.815276,0.,-228.293088));
#5443=IFCCARTESIANPOINT((50.92505,0.,-227.949463));
#5444=IFCCARTESIANPOINT((51.032518,0.,-227.60567));
#5445=IFCCARTESIANPOINT((51.137715,0.,-227.261642));
#5446=IFCCARTESIANPOINT((51.240677,0.,-226.91731));
#5447=IFCCARTESIANPOINT((51.341437,0.,-226.572608));
#5448=IFCCARTESIANPOINT((51.44003,0.,-226.227467));
#5449=IFCCARTESIANPOINT((51.536492,0.,-225.88182));
#5450=IFCCARTESIANPOINT((51.630857,0.,-225.535598));
#5451=IFCCARTESIANPOINT((51.723161,0.,-225.188735));
#5452=IFCCARTESIANPOINT((51.813437,0.,-224.841163));
#5453=IFCCARTESIANPOINT((51.901721,0.,-224.492813));
#5454=IFCCARTESIANPOINT((51.988048,0.,-224.143619));
#5455=IFCCARTESIANPOINT((52.072451,0.,-223.793512));
#5456=IFCCARTESIANPOINT((52.154967,0.,-223.442425));
#5457=IFCCARTESIANPOINT((52.23563,0.,-223.09029));
#5458=IFCCARTESIANPOINT((52.314475,0.,-222.737039));
#5459=IFCCARTESIANPOINT((52.391537,0.,-222.382605));
#5460=IFCCARTESIANPOINT((52.46685,0.,-222.026919));
#5461=IFCCARTESIANPOINT((52.540449,0.,-221.669915));
#5462=IFCCARTESIANPOINT((52.612369,0.,-221.311525));
#5463=IFCCARTESIANPOINT((52.682646,0.,-220.95168));
#5464=IFCCARTESIANPOINT((52.751313,0.,-220.590314));
#5465=IFCCARTESIANPOINT((52.818405,0.,-220.227358));
#5466=IFCCARTESIANPOINT((52.883958,0.,-219.862744));
#5467=IFCCARTESIANPOINT((52.948006,0.,-219.496406));
#5468=IFCCARTESIANPOINT((53.010584,0.,-219.128275));
#5469=IFCCARTESIANPOINT((53.071727,0.,-218.758283));
#5470=IFCCARTESIANPOINT((53.13147,0.,-218.386364));
#5471=IFCPOLYLINE((#5472,#5473,#5474,#5475,#5476,#5477,#5478,#5479,#5480,#5481,#5482,#5483,#5484,#5485,#5486,#5487,#5488,#5489,#5490,#5491,#5492,#5493,#5494,#5495,#5496,#5497,#5498,#5499,#5500,#5501,#5502,#5503,#5504,#5505,#5506,#5507,#5508,#5509,#5510,#5511,#5512,#5513,#5514,#5515,#5516,#5517,#5518,#5519,#5520,#5521,#5522,#5523,#5524,#5525,#5526,#5527,#5528));
#5472=IFCCARTESIANPOINT((42.255556,0.,-245.193343));
#5473=IFCCARTESIANPOINT((42.461408,0.,-244.908551));
#5474=IFCCARTESIANPOINT((42.664452,0.,-244.623887));
#5475=IFCCARTESIANPOINT((42.864729,0.,-244.339355));
#5476=IFCCARTESIANPOINT((43.062278,0.,-244.054959));
#5477=IFCCARTESIANPOINT((43.257138,0.,-243.770703));
#5478=IFCCARTESIANPOINT((43.44935,0.,-243.486592));
#5479=IFCCARTESIANPOINT((43.638952,0.,-243.202629));
#5480=IFCCARTESIANPOINT((43.825985,0.,-242.918819));
#5481=IFCCARTESIANPOINT((44.010487,0.,-242.635166));
#5482=IFCCARTESIANPOINT((44.1925,0.,-242.351673));
#5483=IFCCARTESIANPOINT((44.372061,0.,-242.068346));
#5484=IFCCARTESIANPOINT((44.549211,0.,-241.785189));
#5485=IFCCARTESIANPOINT((44.72399,0.,-241.502204));
#5486=IFCCARTESIANPOINT((44.896437,0.,-241.219398));
#5487=IFCCARTESIANPOINT((45.066592,0.,-240.936773));
#5488=IFCCARTESIANPOINT((45.234494,0.,-240.654335));
#5489=IFCCARTESIANPOINT((45.400183,0.,-240.372087));
#5490=IFCCARTESIANPOINT((45.563699,0.,-240.090033));
#5491=IFCCARTESIANPOINT((45.725081,0.,-239.808177));
#5492=IFCCARTESIANPOINT((45.884369,0.,-239.526525));
#5493=IFCCARTESIANPOINT((46.041602,0.,-239.245079));
#5494=IFCCARTESIANPOINT((46.196821,0.,-238.963844));
#5495=IFCCARTESIANPOINT((46.350064,0.,-238.682824));
#5496=IFCCARTESIANPOINT((46.501371,0.,-238.402024));
#5497=IFCCARTESIANPOINT((46.650716,0.,-238.121556));
#5498=IFCCARTESIANPOINT((46.798031,0.,-237.84157));
#5499=IFCCARTESIANPOINT((46.943333,0.,-237.562066));
#5500=IFCCARTESIANPOINT((47.086638,0.,-237.283045));
#5501=IFCCARTESIANPOINT((47.227961,0.,-237.004507));
#5502=IFCCARTESIANPOINT((47.367317,0.,-236.726452));
#5503=IFCCARTESIANPOINT((47.504724,0.,-236.44888));
#5504=IFCCARTESIANPOINT((47.640196,0.,-236.171792));
#5505=IFCCARTESIANPOINT((47.77375,0.,-235.895188));
#5506=IFCCARTESIANPOINT((47.905402,0.,-235.619067));
#5507=IFCCARTESIANPOINT((48.035166,0.,-235.343431));
#5508=IFCCARTESIANPOINT((48.16306,0.,-235.068279));
#5509=IFCCARTESIANPOINT((48.289098,0.,-234.793611));
#5510=IFCCARTESIANPOINT((48.413298,0.,-234.519428));
#5511=IFCCARTESIANPOINT((48.535673,0.,-234.245731));
#5512=IFCCARTESIANPOINT((48.656242,0.,-233.972518));
#5513=IFCCARTESIANPOINT((48.775018,0.,-233.699791));
#5514=IFCCARTESIANPOINT((48.892019,0.,-233.427549));
#5515=IFCCARTESIANPOINT((49.00726,0.,-233.155794));
#5516=IFCCARTESIANPOINT((49.120756,0.,-232.884524));
#5517=IFCCARTESIANPOINT((49.232524,0.,-232.61374));
#5518=IFCCARTESIANPOINT((49.342579,0.,-232.343443));
#5519=IFCCARTESIANPOINT((49.450938,0.,-232.073633));
#5520=IFCCARTESIANPOINT((49.557616,0.,-231.804309));
#5521=IFCCARTESIANPOINT((49.662628,0.,-231.535472));
#5522=IFCCARTESIANPOINT((49.765992,0.,-231.267123));
#5523=IFCCARTESIANPOINT((49.867722,0.,-230.999261));
#5524=IFCCARTESIANPOINT((49.967834,0.,-230.731887));
#5525=IFCCARTESIANPOINT((50.066345,0.,-230.465001));
#5526=IFCCARTESIANPOINT((50.16327,0.,-230.198602));
#5527=IFCCARTESIANPOINT((50.258625,0.,-229.932692));
#5528=IFCCARTESIANPOINT((50.352426,0.,-229.667271));
#5529=IFCPOLYLINE((#5530,#5531,#5532,#5533,#5534,#5535,#5536,#5537,#5538,#5539,#5540,#5541,#5542,#5543,#5544,#5545,#5546,#5547,#5548,#5549,#5550,#5551,#5552,#5553,#5554,#5555,#5556,#5557,#5558,#5559,#5560,#5561,#5562,#5563,#5564,#5565,#5566,#5567,#5568,#5569,#5570,#5571,#5572,#5573,#5574,#5575,#5576,#5577,#5578,#5579,#5580,#5581,#5582,#5583,#5584,#5585,#5586));
#5530=IFCCARTESIANPOINT((54.840845,0.,-198.849352));
#5531=IFCCARTESIANPOINT((54.830237,0.,-199.094026));
#5532=IFCCARTESIANPOINT((54.819445,0.,-199.338769));
#5533=IFCCARTESIANPOINT((54.808467,0.,-199.583578));
#5534=IFCCARTESIANPOINT((54.797299,0.,-199.828452));
#5535=IFCCARTESIANPOINT((54.785939,0.,-200.073388));
#5536=IFCCARTESIANPOINT((54.774384,0.,-200.318383));
#5537=IFCCARTESIANPOINT((54.762631,0.,-200.563435));
#5538=IFCCARTESIANPOINT((54.750676,0.,-200.80854));
#5539=IFCCARTESIANPOINT((54.738518,0.,-201.053697));
#5540=IFCCARTESIANPOINT((54.726152,0.,-201.298903));
#5541=IFCCARTESIANPOINT((54.713575,0.,-201.544156));
#5542=IFCCARTESIANPOINT((54.700786,0.,-201.789452));
#5543=IFCCARTESIANPOINT((54.68778,0.,-202.03479));
#5544=IFCCARTESIANPOINT((54.674556,0.,-202.280167));
#5545=IFCCARTESIANPOINT((54.661109,0.,-202.52558));
#5546=IFCCARTESIANPOINT((54.647437,0.,-202.771026));
#5547=IFCCARTESIANPOINT((54.633537,0.,-203.016504));
#5548=IFCCARTESIANPOINT((54.619406,0.,-203.26201));
#5549=IFCCARTESIANPOINT((54.60504,0.,-203.507542));
#5550=IFCCARTESIANPOINT((54.590438,0.,-203.753098));
#5551=IFCCARTESIANPOINT((54.575596,0.,-203.998674));
#5552=IFCCARTESIANPOINT((54.56051,0.,-204.244269));
#5553=IFCCARTESIANPOINT((54.545179,0.,-204.48988));
#5554=IFCCARTESIANPOINT((54.529598,0.,-204.735504));
#5555=IFCCARTESIANPOINT((54.513766,0.,-204.981139));
#5556=IFCCARTESIANPOINT((54.497679,0.,-205.226782));
#5557=IFCCARTESIANPOINT((54.481333,0.,-205.472431));
#5558=IFCCARTESIANPOINT((54.464727,0.,-205.718083));
#5559=IFCCARTESIANPOINT((54.447857,0.,-205.963735));
#5560=IFCCARTESIANPOINT((54.43072,0.,-206.209385));
#5561=IFCCARTESIANPOINT((54.413313,0.,-206.455031));
#5562=IFCCARTESIANPOINT((54.395633,0.,-206.70067));
#5563=IFCCARTESIANPOINT((54.377677,0.,-206.946299));
#5564=IFCCARTESIANPOINT((54.359443,0.,-207.191915));
#5565=IFCCARTESIANPOINT((54.340926,0.,-207.437517));
#5566=IFCCARTESIANPOINT((54.322125,0.,-207.683102));
#5567=IFCCARTESIANPOINT((54.303036,0.,-207.928667));
#5568=IFCCARTESIANPOINT((54.283656,0.,-208.174209));
#5569=IFCCARTESIANPOINT((54.263983,0.,-208.419726));
#5570=IFCCARTESIANPOINT((54.244013,0.,-208.665216));
#5571=IFCCARTESIANPOINT((54.223743,0.,-208.910676));
#5572=IFCCARTESIANPOINT((54.20317,0.,-209.156103));
#5573=IFCCARTESIANPOINT((54.182291,0.,-209.401495));
#5574=IFCCARTESIANPOINT((54.161104,0.,-209.646849));
#5575=IFCCARTESIANPOINT((54.139606,0.,-209.892163));
#5576=IFCCARTESIANPOINT((54.117792,0.,-210.137434));
#5577=IFCCARTESIANPOINT((54.095661,0.,-210.38266));
#5578=IFCCARTESIANPOINT((54.073209,0.,-210.627838));
#5579=IFCCARTESIANPOINT((54.050434,0.,-210.872965));
#5580=IFCCARTESIANPOINT((54.027332,0.,-211.11804));
#5581=IFCCARTESIANPOINT((54.003878,0.,-211.363057));
#5582=IFCCARTESIANPOINT((53.98005,0.,-211.608011));
#5583=IFCCARTESIANPOINT((53.955839,0.,-211.852901));
#5584=IFCCARTESIANPOINT((53.931238,0.,-212.097723));
#5585=IFCCARTESIANPOINT((53.906239,0.,-212.342475));
#5586=IFCCARTESIANPOINT((53.880834,0.,-212.587153));
#5587=IFCPOLYLINE((#5588,#5589,#5590,#5591,#5592,#5593,#5594,#5595,#5596));
#5588=IFCCARTESIANPOINT((53.131471,0.,-218.386363));
#5589=IFCCARTESIANPOINT((53.241856,0.,-217.663861));
#5590=IFCCARTESIANPOINT((53.347469,0.,-216.940606));
#5591=IFCCARTESIANPOINT((53.448305,0.,-216.216631));
#5592=IFCCARTESIANPOINT((53.544361,0.,-215.491971));
#5593=IFCCARTESIANPOINT((53.635631,0.,-214.766659));
#5594=IFCCARTESIANPOINT((53.722112,0.,-214.040727));
#5595=IFCCARTESIANPOINT((53.8038,0.,-213.314209));
#5596=IFCCARTESIANPOINT((53.88069,0.,-212.587138));
#5597=IFCPOLYLINE((#5598,#5599,#5600,#5601,#5602,#5603,#5604,#5605,#5606,#5607,#5608,#5609,#5610,#5611,#5612,#5613,#5614,#5615,#5616,#5617,#5618,#5619,#5620,#5621,#5622,#5623,#5624,#5625,#5626,#5627,#5628,#5629,#5630,#5631,#5632,#5633,#5634,#5635,#5636,#5637,#5638,#5639,#5640,#5641,#5642,#5643,#5644,#5645,#5646,#5647,#5648,#5649,#5650,#5651,#5652,#5653,#5654));
#5598=IFCCARTESIANPOINT((29.360722,0.,-257.504871));
#5599=IFCCARTESIANPOINT((29.640829,0.,-257.322863));
#5600=IFCCARTESIANPOINT((29.919304,0.,-257.138963));
#5601=IFCCARTESIANPOINT((30.196138,0.,-256.953199));
#5602=IFCCARTESIANPOINT((30.47132,0.,-256.765599));
#5603=IFCCARTESIANPOINT((30.744838,0.,-256.57619));
#5604=IFCCARTESIANPOINT((31.016682,0.,-256.385001));
#5605=IFCCARTESIANPOINT((31.28684,0.,-256.192058));
#5606=IFCCARTESIANPOINT((31.555302,0.,-255.997391));
#5607=IFCCARTESIANPOINT((31.822056,0.,-255.801026));
#5608=IFCCARTESIANPOINT((32.087092,0.,-255.602992));
#5609=IFCCARTESIANPOINT((32.350399,0.,-255.403317));
#5610=IFCCARTESIANPOINT((32.611966,0.,-255.202027));
#5611=IFCCARTESIANPOINT((32.871781,0.,-254.999152));
#5612=IFCCARTESIANPOINT((33.129835,0.,-254.794718));
#5613=IFCCARTESIANPOINT((33.386115,0.,-254.588754));
#5614=IFCCARTESIANPOINT((33.640611,0.,-254.381288));
#5615=IFCCARTESIANPOINT((33.893313,0.,-254.172347));
#5616=IFCCARTESIANPOINT((34.144208,0.,-253.961959));
#5617=IFCCARTESIANPOINT((34.393286,0.,-253.750152));
#5618=IFCCARTESIANPOINT((34.640537,0.,-253.536954));
#5619=IFCCARTESIANPOINT((34.885949,0.,-253.322392));
#5620=IFCCARTESIANPOINT((35.129511,0.,-253.106495));
#5621=IFCCARTESIANPOINT((35.371212,0.,-252.88929));
#5622=IFCCARTESIANPOINT((35.611042,0.,-252.670805));
#5623=IFCCARTESIANPOINT((35.848989,0.,-252.451068));
#5624=IFCCARTESIANPOINT((36.085042,0.,-252.230107));
#5625=IFCCARTESIANPOINT((36.319191,0.,-252.007949));
#5626=IFCCARTESIANPOINT((36.551424,0.,-251.784622));
#5627=IFCCARTESIANPOINT((36.781731,0.,-251.560155));
#5628=IFCCARTESIANPOINT((37.010101,0.,-251.334574));
#5629=IFCCARTESIANPOINT((37.236522,0.,-251.107909));
#5630=IFCCARTESIANPOINT((37.460984,0.,-250.880186));
#5631=IFCCARTESIANPOINT((37.683476,0.,-250.651433));
#5632=IFCCARTESIANPOINT((37.903986,0.,-250.421679));
#5633=IFCCARTESIANPOINT((38.122505,0.,-250.190953));
#5634=IFCCARTESIANPOINT((38.339042,0.,-249.959317));
#5635=IFCCARTESIANPOINT((38.5536,0.,-249.726816));
#5636=IFCCARTESIANPOINT((38.766181,0.,-249.493488));
#5637=IFCCARTESIANPOINT((38.976786,0.,-249.259367));
#5638=IFCCARTESIANPOINT((39.185415,0.,-249.024492));
#5639=IFCCARTESIANPOINT((39.39207,0.,-248.788897));
#5640=IFCCARTESIANPOINT((39.596751,0.,-248.552619));
#5641=IFCCARTESIANPOINT((39.79946,0.,-248.315694));
#5642=IFCCARTESIANPOINT((40.000197,0.,-248.078159));
#5643=IFCCARTESIANPOINT((40.198962,0.,-247.84005));
#5644=IFCCARTESIANPOINT((40.395758,0.,-247.601404));
#5645=IFCCARTESIANPOINT((40.590584,0.,-247.362255));
#5646=IFCCARTESIANPOINT((40.783442,0.,-247.122642));
#5647=IFCCARTESIANPOINT((40.974333,0.,-246.8826));
#5648=IFCCARTESIANPOINT((41.163257,0.,-246.642165));
#5649=IFCCARTESIANPOINT((41.350215,0.,-246.401374));
#5650=IFCCARTESIANPOINT((41.535209,0.,-246.160263));
#5651=IFCCARTESIANPOINT((41.718238,0.,-245.918869));
#5652=IFCCARTESIANPOINT((41.899305,0.,-245.677227));
#5653=IFCCARTESIANPOINT((42.07841,0.,-245.435374));
#5654=IFCCARTESIANPOINT((42.255553,0.,-245.193346));
#5655=IFCPOLYLINE((#5656,#5657,#5658,#5659,#5660,#5661,#5662,#5663,#5664,#5665,#5666,#5667,#5668,#5669,#5670,#5671,#5672,#5673,#5674,#5675,#5676,#5677,#5678,#5679,#5680,#5681,#5682,#5683,#5684,#5685,#5686,#5687,#5688,#5689,#5690,#5691,#5692,#5693,#5694,#5695,#5696,#5697,#5698,#5699,#5700,#5701,#5702,#5703,#5704,#5705,#5706,#5707,#5708,#5709,#5710,#5711,#5712,#5713,#5714,#5715,#5716,#5717,#5718,#5719,#5720,#5721,#5722,#5723,#5724,#5725,#5726,#5727,#5728,#5729,#5730,#5731,#5732,#5733,#5734,#5735,#5736));
#5656=IFCCARTESIANPOINT((-0.000443,0.,-265.452902));
#5657=IFCCARTESIANPOINT((0.372934,0.,-265.451906));
#5658=IFCCARTESIANPOINT((0.747701,0.,-265.448899));
#5659=IFCCARTESIANPOINT((1.123799,0.,-265.443852));
#5660=IFCCARTESIANPOINT((1.501163,0.,-265.436739));
#5661=IFCCARTESIANPOINT((1.879732,0.,-265.427531));
#5662=IFCCARTESIANPOINT((2.259443,0.,-265.416201));
#5663=IFCCARTESIANPOINT((2.640236,0.,-265.402719));
#5664=IFCCARTESIANPOINT((3.022047,0.,-265.387059));
#5665=IFCCARTESIANPOINT((3.404814,0.,-265.369193));
#5666=IFCCARTESIANPOINT((3.788475,0.,-265.349092));
#5667=IFCCARTESIANPOINT((4.172968,0.,-265.326728));
#5668=IFCCARTESIANPOINT((4.558231,0.,-265.302075));
#5669=IFCCARTESIANPOINT((4.944202,0.,-265.275102));
#5670=IFCCARTESIANPOINT((5.330818,0.,-265.245784));
#5671=IFCCARTESIANPOINT((5.718018,0.,-265.214091));
#5672=IFCCARTESIANPOINT((6.105739,0.,-265.179997));
#5673=IFCCARTESIANPOINT((6.49392,0.,-265.143472));
#5674=IFCCARTESIANPOINT((6.882497,0.,-265.104489));
#5675=IFCCARTESIANPOINT((7.271409,0.,-265.06302));
#5676=IFCCARTESIANPOINT((7.660593,0.,-265.019038));
#5677=IFCCARTESIANPOINT((8.049988,0.,-264.972514));
#5678=IFCCARTESIANPOINT((8.439532,0.,-264.92342));
#5679=IFCCARTESIANPOINT((8.829162,0.,-264.871728));
#5680=IFCCARTESIANPOINT((9.218816,0.,-264.817411));
#5681=IFCCARTESIANPOINT((9.608432,0.,-264.76044));
#5682=IFCCARTESIANPOINT((9.997947,0.,-264.700787));
#5683=IFCCARTESIANPOINT((10.3873,0.,-264.638426));
#5684=IFCCARTESIANPOINT((10.776429,0.,-264.573327));
#5685=IFCCARTESIANPOINT((11.165269,0.,-264.505461));
#5686=IFCCARTESIANPOINT((11.553737,0.,-264.4348));
#5687=IFCCARTESIANPOINT((11.941772,0.,-264.36134));
#5688=IFCCARTESIANPOINT((12.32932,0.,-264.285086));
#5689=IFCCARTESIANPOINT((12.716328,0.,-264.206044));
#5690=IFCCARTESIANPOINT((13.102744,0.,-264.124219));
#5691=IFCCARTESIANPOINT((13.488514,0.,-264.039614));
#5692=IFCCARTESIANPOINT((13.873585,0.,-263.952235));
#5693=IFCCARTESIANPOINT((14.257904,0.,-263.862087));
#5694=IFCCARTESIANPOINT((14.641418,0.,-263.769174));
#5695=IFCCARTESIANPOINT((15.024074,0.,-263.673501));
#5696=IFCCARTESIANPOINT((15.405819,0.,-263.575072));
#5697=IFCCARTESIANPOINT((15.7866,0.,-263.473894));
#5698=IFCCARTESIANPOINT((16.166363,0.,-263.369969));
#5699=IFCCARTESIANPOINT((16.545056,0.,-263.263304));
#5700=IFCCARTESIANPOINT((16.922626,0.,-263.153903));
#5701=IFCCARTESIANPOINT((17.299019,0.,-263.04177));
#5702=IFCCARTESIANPOINT((17.674183,0.,-262.926911));
#5703=IFCCARTESIANPOINT((18.048064,0.,-262.80933));
#5704=IFCCARTESIANPOINT((18.420609,0.,-262.689031));
#5705=IFCCARTESIANPOINT((18.791765,0.,-262.566021));
#5706=IFCCARTESIANPOINT((19.16148,0.,-262.440303));
#5707=IFCCARTESIANPOINT((19.5297,0.,-262.311882));
#5708=IFCCARTESIANPOINT((19.896371,0.,-262.180763));
#5709=IFCCARTESIANPOINT((20.261442,0.,-262.046951));
#5710=IFCCARTESIANPOINT((20.624858,0.,-261.910451));
#5711=IFCCARTESIANPOINT((20.986567,0.,-261.771266));
#5712=IFCCARTESIANPOINT((21.346516,0.,-261.629403));
#5713=IFCCARTESIANPOINT((21.704652,0.,-261.484866));
#5714=IFCCARTESIANPOINT((22.060923,0.,-261.337669));
#5715=IFCCARTESIANPOINT((22.415293,0.,-261.187867));
#5716=IFCCARTESIANPOINT((22.767731,0.,-261.035498));
#5717=IFCCARTESIANPOINT((23.118203,0.,-260.880598));
#5718=IFCCARTESIANPOINT((23.466677,0.,-260.723204));
#5719=IFCCARTESIANPOINT((23.813121,0.,-260.563351));
#5720=IFCCARTESIANPOINT((24.157503,0.,-260.401075));
#5721=IFCCARTESIANPOINT((24.49979,0.,-260.236415));
#5722=IFCCARTESIANPOINT((24.839949,0.,-260.069404));
#5723=IFCCARTESIANPOINT((25.17795,0.,-259.90008));
#5724=IFCCARTESIANPOINT((25.513758,0.,-259.72848));
#5725=IFCCARTESIANPOINT((25.847342,0.,-259.554638));
#5726=IFCCARTESIANPOINT((26.17867,0.,-259.378592));
#5727=IFCCARTESIANPOINT((26.507709,0.,-259.200378));
#5728=IFCCARTESIANPOINT((26.834426,0.,-259.020033));
#5729=IFCCARTESIANPOINT((27.15879,0.,-258.837591));
#5730=IFCCARTESIANPOINT((27.480768,0.,-258.653091));
#5731=IFCCARTESIANPOINT((27.800328,0.,-258.466567));
#5732=IFCCARTESIANPOINT((28.117436,0.,-258.278057));
#5733=IFCCARTESIANPOINT((28.432062,0.,-258.087596));
#5734=IFCCARTESIANPOINT((28.744172,0.,-257.895221));
#5735=IFCCARTESIANPOINT((29.053735,0.,-257.700969));
#5736=IFCCARTESIANPOINT((29.360717,0.,-257.504874));
#5737=IFCPOLYLINE((#5738,#5739,#5740,#5741,#5742,#5743,#5744,#5745,#5746,#5747,#5748,#5749,#5750,#5751,#5752,#5753,#5754,#5755,#5756,#5757,#5758,#5759,#5760,#5761,#5762,#5763,#5764,#5765,#5766,#5767,#5768,#5769,#5770,#5771,#5772,#5773,#5774,#5775,#5776,#5777,#5778,#5779,#5780,#5781,#5782,#5783,#5784,#5785,#5786,#5787,#5788,#5789,#5790,#5791,#5792,#5793,#5794,#5795,#5796,#5797,#5798,#5799,#5800,#5801,#5802,#5803,#5804,#5805,#5806,#5807,#5808,#5809,#5810,#5811,#5812,#5813,#5814,#5815,#5816,#5817,#5818));
#5738=IFCCARTESIANPOINT((-0.000444,0.,-265.452902));
#5739=IFCCARTESIANPOINT((-0.379118,0.,-265.451885));
#5740=IFCCARTESIANPOINT((-0.758365,0.,-265.448821));
#5741=IFCCARTESIANPOINT((-1.138151,0.,-265.443689));
#5742=IFCCARTESIANPOINT((-1.518442,0.,-265.436471));
#5743=IFCCARTESIANPOINT((-1.8992,0.,-265.427145));
#5744=IFCCARTESIANPOINT((-2.280393,0.,-265.415691));
#5745=IFCCARTESIANPOINT((-2.661983,0.,-265.402091));
#5746=IFCCARTESIANPOINT((-3.043937,0.,-265.386323));
#5747=IFCCARTESIANPOINT((-3.426219,0.,-265.368368));
#5748=IFCCARTESIANPOINT((-3.808794,0.,-265.348206));
#5749=IFCCARTESIANPOINT((-4.191626,0.,-265.325816));
#5750=IFCCARTESIANPOINT((-4.574681,0.,-265.301179));
#5751=IFCCARTESIANPOINT((-4.957923,0.,-265.274274));
#5752=IFCCARTESIANPOINT((-5.341318,0.,-265.245082));
#5753=IFCCARTESIANPOINT((-5.724829,0.,-265.213582));
#5754=IFCCARTESIANPOINT((-6.108423,0.,-265.179755));
#5755=IFCCARTESIANPOINT((-6.492063,0.,-265.143581));
#5756=IFCCARTESIANPOINT((-6.875715,0.,-265.105039));
#5757=IFCCARTESIANPOINT((-7.259343,0.,-265.064109));
#5758=IFCCARTESIANPOINT((-7.642913,0.,-265.020772));
#5759=IFCCARTESIANPOINT((-8.026388,0.,-264.975007));
#5760=IFCCARTESIANPOINT((-8.409735,0.,-264.926795));
#5761=IFCCARTESIANPOINT((-8.792917,0.,-264.876115));
#5762=IFCCARTESIANPOINT((-9.1759,0.,-264.822947));
#5763=IFCCARTESIANPOINT((-9.558649,0.,-264.767272));
#5764=IFCCARTESIANPOINT((-9.941128,0.,-264.709069));
#5765=IFCCARTESIANPOINT((-10.323302,0.,-264.648318));
#5766=IFCCARTESIANPOINT((-10.705136,0.,-264.585));
#5767=IFCCARTESIANPOINT((-11.086595,0.,-264.519094));
#5768=IFCCARTESIANPOINT((-11.467644,0.,-264.45058));
#5769=IFCCARTESIANPOINT((-11.848247,0.,-264.379438));
#5770=IFCCARTESIANPOINT((-12.228369,0.,-264.305649));
#5771=IFCCARTESIANPOINT((-12.607976,0.,-264.229191));
#5772=IFCCARTESIANPOINT((-12.987032,0.,-264.150046));
#5773=IFCCARTESIANPOINT((-13.365502,0.,-264.068193));
#5774=IFCCARTESIANPOINT((-13.743354,0.,-263.983619));
#5775=IFCCARTESIANPOINT((-14.120562,0.,-263.89632));
#5776=IFCCARTESIANPOINT((-14.497099,0.,-263.806291));
#5777=IFCCARTESIANPOINT((-14.872941,0.,-263.713527));
#5778=IFCCARTESIANPOINT((-15.248059,0.,-263.618024));
#5779=IFCCARTESIANPOINT((-15.622428,0.,-263.519777));
#5780=IFCCARTESIANPOINT((-15.996022,0.,-263.418782));
#5781=IFCCARTESIANPOINT((-16.368814,0.,-263.315034));
#5782=IFCCARTESIANPOINT((-16.740778,0.,-263.20853));
#5783=IFCCARTESIANPOINT((-17.111888,0.,-263.099263));
#5784=IFCCARTESIANPOINT((-17.482118,0.,-262.98723));
#5785=IFCCARTESIANPOINT((-17.851441,0.,-262.872426));
#5786=IFCCARTESIANPOINT((-18.219832,0.,-262.754846));
#5787=IFCCARTESIANPOINT((-18.587263,0.,-262.634487));
#5788=IFCCARTESIANPOINT((-18.953708,0.,-262.511343));
#5789=IFCCARTESIANPOINT((-19.319142,0.,-262.38541));
#5790=IFCCARTESIANPOINT((-19.683538,0.,-262.256684));
#5791=IFCCARTESIANPOINT((-20.04687,0.,-262.125159));
#5792=IFCCARTESIANPOINT((-20.409111,0.,-261.990832));
#5793=IFCCARTESIANPOINT((-20.770236,0.,-261.853698));
#5794=IFCCARTESIANPOINT((-21.130218,0.,-261.713752));
#5795=IFCCARTESIANPOINT((-21.48903,0.,-261.57099));
#5796=IFCCARTESIANPOINT((-21.846648,0.,-261.425407));
#5797=IFCCARTESIANPOINT((-22.203043,0.,-261.276999));
#5798=IFCCARTESIANPOINT((-22.55819,0.,-261.125761));
#5799=IFCCARTESIANPOINT((-22.912063,0.,-260.971689));
#5800=IFCCARTESIANPOINT((-23.264636,0.,-260.814778));
#5801=IFCCARTESIANPOINT((-23.615882,0.,-260.655023));
#5802=IFCCARTESIANPOINT((-23.965775,0.,-260.49242));
#5803=IFCCARTESIANPOINT((-24.314289,0.,-260.326965));
#5804=IFCCARTESIANPOINT((-24.661397,0.,-260.158653));
#5805=IFCCARTESIANPOINT((-25.007073,0.,-259.98748));
#5806=IFCCARTESIANPOINT((-25.351291,0.,-259.81344));
#5807=IFCCARTESIANPOINT((-25.694026,0.,-259.636531));
#5808=IFCCARTESIANPOINT((-26.035268,0.,-259.456777));
#5809=IFCCARTESIANPOINT((-26.375003,0.,-259.274198));
#5810=IFCCARTESIANPOINT((-26.713214,0.,-259.088799));
#5811=IFCCARTESIANPOINT((-27.049879,0.,-258.900587));
#5812=IFCCARTESIANPOINT((-27.384979,0.,-258.709569));
#5813=IFCCARTESIANPOINT((-27.718494,0.,-258.51575));
#5814=IFCCARTESIANPOINT((-28.050404,0.,-258.319138));
#5815=IFCCARTESIANPOINT((-28.380689,0.,-258.119737));
#5816=IFCCARTESIANPOINT((-28.709331,0.,-257.917556));
#5817=IFCCARTESIANPOINT((-29.036308,0.,-257.7126));
#5818=IFCCARTESIANPOINT((-29.361601,0.,-257.504876));
#5819=IFCPOLYLINE((#5820,#5821,#5822,#5823,#5824,#5825,#5826,#5827,#5828));
#5820=IFCCARTESIANPOINT((-42.256439,0.,-245.193346));
#5821=IFCCARTESIANPOINT((-40.857475,0.,-247.031275));
#5822=IFCCARTESIANPOINT((-39.396581,0.,-248.784962));
#5823=IFCCARTESIANPOINT((-37.874282,0.,-250.453777));
#5824=IFCCARTESIANPOINT((-36.291124,0.,-252.037121));
#5825=IFCCARTESIANPOINT((-34.647677,0.,-253.534424));
#5826=IFCCARTESIANPOINT((-32.944531,0.,-254.94515));
#5827=IFCCARTESIANPOINT((-31.182297,0.,-256.268791));
#5828=IFCCARTESIANPOINT((-29.361608,0.,-257.504872));
#5829=IFCPOLYLINE((#5830,#5831,#5832,#5833,#5834,#5835,#5836,#5837,#5838,#5839,#5840,#5841,#5842,#5843,#5844,#5845,#5846,#5847,#5848,#5849,#5850,#5851,#5852,#5853,#5854,#5855,#5856,#5857,#5858,#5859,#5860,#5861,#5862,#5863,#5864,#5865,#5866,#5867,#5868,#5869,#5870,#5871,#5872,#5873,#5874,#5875,#5876,#5877,#5878,#5879,#5880,#5881,#5882,#5883,#5884,#5885,#5886,#5887,#5888,#5889,#5890,#5891,#5892,#5893,#5894,#5895,#5896,#5897,#5898,#5899,#5900,#5901,#5902,#5903,#5904,#5905,#5906,#5907,#5908,#5909,#5910));
#5830=IFCCARTESIANPOINT((-42.216667,0.,-200.172495));
#5831=IFCCARTESIANPOINT((-42.536626,0.,-200.144583));
#5832=IFCCARTESIANPOINT((-42.851107,0.,-200.116846));
#5833=IFCCARTESIANPOINT((-43.160164,0.,-200.089292));
#5834=IFCCARTESIANPOINT((-43.463854,0.,-200.061927));
#5835=IFCCARTESIANPOINT((-43.762231,0.,-200.034758));
#5836=IFCCARTESIANPOINT((-44.055351,0.,-200.007793));
#5837=IFCCARTESIANPOINT((-44.343269,0.,-199.981039));
#5838=IFCCARTESIANPOINT((-44.62604,0.,-199.954502));
#5839=IFCCARTESIANPOINT((-44.903721,0.,-199.928189));
#5840=IFCCARTESIANPOINT((-45.176366,0.,-199.902108));
#5841=IFCCARTESIANPOINT((-45.44403,0.,-199.876266));
#5842=IFCCARTESIANPOINT((-45.706769,0.,-199.850669));
#5843=IFCCARTESIANPOINT((-45.964639,0.,-199.825326));
#5844=IFCCARTESIANPOINT((-46.217694,0.,-199.800242));
#5845=IFCCARTESIANPOINT((-46.46599,0.,-199.775424));
#5846=IFCCARTESIANPOINT((-46.709582,0.,-199.750881));
#5847=IFCCARTESIANPOINT((-46.948526,0.,-199.726618));
#5848=IFCCARTESIANPOINT((-47.182877,0.,-199.702644));
#5849=IFCCARTESIANPOINT((-47.41269,0.,-199.678964));
#5850=IFCCARTESIANPOINT((-47.638021,0.,-199.655587));
#5851=IFCCARTESIANPOINT((-47.858925,0.,-199.632518));
#5852=IFCCARTESIANPOINT((-48.075457,0.,-199.609766));
#5853=IFCCARTESIANPOINT((-48.287672,0.,-199.587336));
#5854=IFCCARTESIANPOINT((-48.495627,0.,-199.565237));
#5855=IFCCARTESIANPOINT((-48.699392,0.,-199.543481));
#5856=IFCCARTESIANPOINT((-48.899025,0.,-199.522072));
#5857=IFCCARTESIANPOINT((-49.094574,0.,-199.501009));
#5858=IFCCARTESIANPOINT((-49.286086,0.,-199.480291));
#5859=IFCCARTESIANPOINT((-49.473608,0.,-199.459917));
#5860=IFCCARTESIANPOINT((-49.657187,0.,-199.439886));
#5861=IFCCARTESIANPOINT((-49.83687,0.,-199.420198));
#5862=IFCCARTESIANPOINT((-50.012705,0.,-199.40085));
#5863=IFCCARTESIANPOINT((-50.184738,0.,-199.381843));
#5864=IFCCARTESIANPOINT((-50.353017,0.,-199.363174));
#5865=IFCCARTESIANPOINT((-50.517589,0.,-199.344844));
#5866=IFCCARTESIANPOINT((-50.6785,0.,-199.32685));
#5867=IFCCARTESIANPOINT((-50.835799,0.,-199.309193));
#5868=IFCCARTESIANPOINT((-50.989531,0.,-199.29187));
#5869=IFCCARTESIANPOINT((-51.139745,0.,-199.274881));
#5870=IFCCARTESIANPOINT((-51.286487,0.,-199.258225));
#5871=IFCCARTESIANPOINT((-51.429804,0.,-199.2419));
#5872=IFCCARTESIANPOINT((-51.569744,0.,-199.225907));
#5873=IFCCARTESIANPOINT((-51.706353,0.,-199.210243));
#5874=IFCCARTESIANPOINT((-51.839679,0.,-199.194907));
#5875=IFCCARTESIANPOINT((-51.969769,0.,-199.1799));
#5876=IFCCARTESIANPOINT((-52.09667,0.,-199.165219));
#5877=IFCCARTESIANPOINT((-52.220429,0.,-199.150863));
#5878=IFCCARTESIANPOINT((-52.341093,0.,-199.136832));
#5879=IFCCARTESIANPOINT((-52.458709,0.,-199.123125));
#5880=IFCCARTESIANPOINT((-52.573325,0.,-199.10974));
#5881=IFCCARTESIANPOINT((-52.684987,0.,-199.096677));
#5882=IFCCARTESIANPOINT((-52.793742,0.,-199.083934));
#5883=IFCCARTESIANPOINT((-52.899639,0.,-199.07151));
#5884=IFCCARTESIANPOINT((-53.002723,0.,-199.059405));
#5885=IFCCARTESIANPOINT((-53.103042,0.,-199.047617));
#5886=IFCCARTESIANPOINT((-53.200643,0.,-199.036146));
#5887=IFCCARTESIANPOINT((-53.295573,0.,-199.02499));
#5888=IFCCARTESIANPOINT((-53.387879,0.,-199.014148));
#5889=IFCCARTESIANPOINT((-53.477609,0.,-199.003619));
#5890=IFCCARTESIANPOINT((-53.564809,0.,-198.993402));
#5891=IFCCARTESIANPOINT((-53.649527,0.,-198.983497));
#5892=IFCCARTESIANPOINT((-53.73181,0.,-198.973901));
#5893=IFCCARTESIANPOINT((-53.811704,0.,-198.964615));
#5894=IFCCARTESIANPOINT((-53.889257,0.,-198.955637));
#5895=IFCCARTESIANPOINT((-53.964516,0.,-198.946966));
#5896=IFCCARTESIANPOINT((-54.037516,0.,-198.938593));
#5897=IFCCARTESIANPOINT((-54.108274,0.,-198.930503));
#5898=IFCCARTESIANPOINT((-54.176829,0.,-198.922691));
#5899=IFCCARTESIANPOINT((-54.243219,0.,-198.915153));
#5900=IFCCARTESIANPOINT((-54.307484,0.,-198.907886));
#5901=IFCCARTESIANPOINT((-54.369662,0.,-198.900885));
#5902=IFCCARTESIANPOINT((-54.429791,0.,-198.894147));
#5903=IFCCARTESIANPOINT((-54.487911,0.,-198.887669));
#5904=IFCCARTESIANPOINT((-54.544061,0.,-198.881445));
#5905=IFCCARTESIANPOINT((-54.598278,0.,-198.875473));
#5906=IFCCARTESIANPOINT((-54.650601,0.,-198.869748));
#5907=IFCCARTESIANPOINT((-54.70107,0.,-198.864267));
#5908=IFCCARTESIANPOINT((-54.749722,0.,-198.859026));
#5909=IFCCARTESIANPOINT((-54.796598,0.,-198.854021));
#5910=IFCCARTESIANPOINT((-54.841735,0.,-198.849249));
#5911=IFCPOLYLINE((#5912,#5913,#5914,#5915,#5916,#5917,#5918,#5919,#5920));
#5912=IFCCARTESIANPOINT((-55.921918,0.,-191.560417));
#5913=IFCCARTESIANPOINT((-55.932029,0.,-191.560422));
#5914=IFCCARTESIANPOINT((-55.940799,0.,-191.560426));
#5915=IFCCARTESIANPOINT((-55.948228,0.,-191.56043));
#5916=IFCCARTESIANPOINT((-55.954315,0.,-191.560433));
#5917=IFCCARTESIANPOINT((-55.959059,0.,-191.560436));
#5918=IFCCARTESIANPOINT((-55.962461,0.,-191.560439));
#5919=IFCCARTESIANPOINT((-55.96452,0.,-191.560441));
#5920=IFCCARTESIANPOINT((-55.965236,0.,-191.560443));
#5921=IFCPOLYLINE((#5922,#5923,#5924,#5925,#5926,#5927,#5928,#5929,#5930));
#5922=IFCCARTESIANPOINT((55.964369,0.,-191.560363));
#5923=IFCCARTESIANPOINT((55.963647,0.,-191.560356));
#5924=IFCCARTESIANPOINT((55.961572,0.,-191.560348));
#5925=IFCCARTESIANPOINT((55.958146,0.,-191.560339));
#5926=IFCCARTESIANPOINT((55.953367,0.,-191.560328));
#5927=IFCCARTESIANPOINT((55.947237,0.,-191.560317));
#5928=IFCCARTESIANPOINT((55.939755,0.,-191.560303));
#5929=IFCCARTESIANPOINT((55.930923,0.,-191.560289));
#5930=IFCCARTESIANPOINT((55.92074,0.,-191.560274));
#5931=IFCPOLYLINE((#5932,#5933,#5934,#5935,#5936,#5937,#5938,#5939,#5940,#5941,#5942,#5943,#5944,#5945,#5946,#5947,#5948,#5949,#5950,#5951,#5952,#5953,#5954,#5955,#5956,#5957,#5958,#5959,#5960,#5961,#5962,#5963,#5964,#5965,#5966,#5967,#5968,#5969,#5970,#5971,#5972,#5973,#5974,#5975,#5976,#5977,#5978,#5979,#5980,#5981,#5982,#5983,#5984,#5985,#5986,#5987,#5988,#5989,#5990,#5991,#5992,#5993,#5994,#5995,#5996,#5997,#5998,#5999,#6000,#6001,#6002,#6003,#6004,#6005,#6006,#6007,#6008,#6009,#6010,#6011,#6012,#6013,#6014,#6015,#6016,#6017,#6018,#6019,#6020,#6021,#6022,#6023,#6024,#6025,#6026,#6027,#6028,#6029,#6030,#6031,#6032,#6033,#6034,#6035,#6036,#6037,#6038,#6039,#6040,#6041,#6042,#6043,#6044,#6045,#6046,#6047,#6048,#6049,#6050,#6051,#6052,#6053,#6054,#6055,#6056,#6057,#6058,#6059,#6060));
#5932=IFCCARTESIANPOINT((42.215781,0.,-200.172495));
#5933=IFCCARTESIANPOINT((42.409266,0.,-200.155644));
#5934=IFCCARTESIANPOINT((42.602907,0.,-200.138656));
#5935=IFCCARTESIANPOINT((42.796607,0.,-200.121539));
#5936=IFCCARTESIANPOINT((42.990266,0.,-200.104305));
#5937=IFCCARTESIANPOINT((43.183785,0.,-200.086964));
#5938=IFCCARTESIANPOINT((43.377064,0.,-200.069527));
#5939=IFCCARTESIANPOINT((43.570005,0.,-200.052004));
#5940=IFCCARTESIANPOINT((43.762508,0.,-200.034406));
#5941=IFCCARTESIANPOINT((43.954475,0.,-200.016743));
#5942=IFCCARTESIANPOINT((44.145805,0.,-199.999027));
#5943=IFCCARTESIANPOINT((44.336401,0.,-199.981267));
#5944=IFCCARTESIANPOINT((44.526162,0.,-199.963473));
#5945=IFCCARTESIANPOINT((44.714989,0.,-199.945658));
#5946=IFCCARTESIANPOINT((44.902784,0.,-199.92783));
#5947=IFCCARTESIANPOINT((45.089447,0.,-199.910002));
#5948=IFCCARTESIANPOINT((45.274879,0.,-199.892182));
#5949=IFCCARTESIANPOINT((45.458981,0.,-199.874382));
#5950=IFCCARTESIANPOINT((45.641653,0.,-199.856613));
#5951=IFCCARTESIANPOINT((45.822797,0.,-199.838884));
#5952=IFCCARTESIANPOINT((46.002314,0.,-199.821207));
#5953=IFCCARTESIANPOINT((46.180103,0.,-199.803591));
#5954=IFCCARTESIANPOINT((46.356067,0.,-199.786048));
#5955=IFCCARTESIANPOINT((46.530121,0.,-199.768592));
#5956=IFCCARTESIANPOINT((46.702235,0.,-199.751238));
#5957=IFCCARTESIANPOINT((46.872386,0.,-199.733992));
#5958=IFCCARTESIANPOINT((47.040548,0.,-199.716859));
#5959=IFCCARTESIANPOINT((47.206696,0.,-199.699846));
#5960=IFCCARTESIANPOINT((47.370806,0.,-199.682958));
#5961=IFCCARTESIANPOINT((47.532854,0.,-199.666202));
#5962=IFCCARTESIANPOINT((47.692815,0.,-199.649583));
#5963=IFCCARTESIANPOINT((47.850663,0.,-199.633107));
#5964=IFCCARTESIANPOINT((48.006376,0.,-199.61678));
#5965=IFCCARTESIANPOINT((48.159927,0.,-199.600608));
#5966=IFCCARTESIANPOINT((48.311292,0.,-199.584597));
#5967=IFCCARTESIANPOINT((48.460447,0.,-199.568753));
#5968=IFCCARTESIANPOINT((48.607368,0.,-199.553081));
#5969=IFCCARTESIANPOINT((48.752028,0.,-199.537588));
#5970=IFCCARTESIANPOINT((48.894405,0.,-199.52228));
#5971=IFCCARTESIANPOINT((49.034472,0.,-199.507162));
#5972=IFCCARTESIANPOINT((49.172207,0.,-199.49224));
#5973=IFCCARTESIANPOINT((49.307583,0.,-199.477521));
#5974=IFCCARTESIANPOINT((49.440577,0.,-199.463009));
#5975=IFCCARTESIANPOINT((49.571163,0.,-199.448712));
#5976=IFCCARTESIANPOINT((49.699317,0.,-199.434635));
#5977=IFCCARTESIANPOINT((49.824958,0.,-199.420792));
#5978=IFCCARTESIANPOINT((49.947963,0.,-199.407204));
#5979=IFCCARTESIANPOINT((50.068371,0.,-199.393869));
#5980=IFCCARTESIANPOINT((50.186224,0.,-199.380782));
#5981=IFCCARTESIANPOINT((50.301567,0.,-199.367942));
#5982=IFCCARTESIANPOINT((50.414443,0.,-199.355344));
#5983=IFCCARTESIANPOINT((50.524897,0.,-199.342986));
#5984=IFCCARTESIANPOINT((50.632971,0.,-199.330864));
#5985=IFCCARTESIANPOINT((50.73871,0.,-199.318974));
#5986=IFCCARTESIANPOINT((50.842158,0.,-199.307314));
#5987=IFCCARTESIANPOINT((50.943357,0.,-199.29588));
#5988=IFCCARTESIANPOINT((51.042353,0.,-199.284668));
#5989=IFCCARTESIANPOINT((51.139188,0.,-199.273676));
#5990=IFCCARTESIANPOINT((51.233907,0.,-199.262901));
#5991=IFCCARTESIANPOINT((51.326553,0.,-199.252338));
#5992=IFCCARTESIANPOINT((51.41717,0.,-199.241984));
#5993=IFCCARTESIANPOINT((51.505801,0.,-199.231837));
#5994=IFCCARTESIANPOINT((51.592492,0.,-199.221893));
#5995=IFCCARTESIANPOINT((51.677284,0.,-199.212148));
#5996=IFCCARTESIANPOINT((51.760223,0.,-199.202599));
#5997=IFCCARTESIANPOINT((51.841351,0.,-199.193244));
#5998=IFCCARTESIANPOINT((51.920713,0.,-199.184078));
#5999=IFCCARTESIANPOINT((51.998353,0.,-199.175098));
#6000=IFCCARTESIANPOINT((52.074313,0.,-199.166302));
#6001=IFCCARTESIANPOINT((52.148639,0.,-199.157685));
#6002=IFCCARTESIANPOINT((52.221373,0.,-199.149244));
#6003=IFCCARTESIANPOINT((52.292559,0.,-199.140977));
#6004=IFCCARTESIANPOINT((52.362242,0.,-199.132879));
#6005=IFCCARTESIANPOINT((52.430464,0.,-199.124948));
#6006=IFCCARTESIANPOINT((52.497271,0.,-199.11718));
#6007=IFCCARTESIANPOINT((52.562704,0.,-199.109572));
#6008=IFCCARTESIANPOINT((52.626809,0.,-199.102121));
#6009=IFCCARTESIANPOINT((52.689726,0.,-199.094808));
#6010=IFCCARTESIANPOINT((52.751613,0.,-199.087614));
#6011=IFCCARTESIANPOINT((52.812487,0.,-199.080536));
#6012=IFCCARTESIANPOINT((52.872362,0.,-199.073573));
#6013=IFCCARTESIANPOINT((52.931251,0.,-199.066724));
#6014=IFCCARTESIANPOINT((52.989169,0.,-199.059987));
#6015=IFCCARTESIANPOINT((53.046131,0.,-199.053362));
#6016=IFCCARTESIANPOINT((53.10215,0.,-199.046846));
#6017=IFCCARTESIANPOINT((53.15724,0.,-199.040438));
#6018=IFCCARTESIANPOINT((53.211416,0.,-199.034138));
#6019=IFCCARTESIANPOINT((53.264693,0.,-199.027943));
#6020=IFCCARTESIANPOINT((53.317083,0.,-199.021853));
#6021=IFCCARTESIANPOINT((53.368602,0.,-199.015865));
#6022=IFCCARTESIANPOINT((53.419263,0.,-199.009979));
#6023=IFCCARTESIANPOINT((53.469081,0.,-199.004194));
#6024=IFCCARTESIANPOINT((53.51807,0.,-198.998507));
#6025=IFCCARTESIANPOINT((53.566244,0.,-198.992918));
#6026=IFCCARTESIANPOINT((53.613618,0.,-198.987426));
#6027=IFCCARTESIANPOINT((53.660205,0.,-198.982028));
#6028=IFCCARTESIANPOINT((53.70602,0.,-198.976724));
#6029=IFCCARTESIANPOINT((53.751077,0.,-198.971513));
#6030=IFCCARTESIANPOINT((53.79539,0.,-198.966392));
#6031=IFCCARTESIANPOINT((53.838973,0.,-198.961361));
#6032=IFCCARTESIANPOINT((53.881841,0.,-198.956418));
#6033=IFCCARTESIANPOINT((53.924008,0.,-198.951562));
#6034=IFCCARTESIANPOINT((53.965488,0.,-198.946791));
#6035=IFCCARTESIANPOINT((54.006295,0.,-198.942105));
#6036=IFCCARTESIANPOINT((54.046443,0.,-198.937502));
#6037=IFCCARTESIANPOINT((54.085947,0.,-198.93298));
#6038=IFCCARTESIANPOINT((54.12482,0.,-198.928539));
#6039=IFCCARTESIANPOINT((54.163078,0.,-198.924176));
#6040=IFCCARTESIANPOINT((54.200733,0.,-198.919891));
#6041=IFCCARTESIANPOINT((54.237801,0.,-198.915682));
#6042=IFCCARTESIANPOINT((54.274296,0.,-198.911548));
#6043=IFCCARTESIANPOINT((54.310231,0.,-198.907487));
#6044=IFCCARTESIANPOINT((54.345621,0.,-198.903499));
#6045=IFCCARTESIANPOINT((54.38048,0.,-198.899581));
#6046=IFCCARTESIANPOINT((54.414823,0.,-198.895733));
#6047=IFCCARTESIANPOINT((54.448652,0.,-198.891954));
#6048=IFCCARTESIANPOINT((54.48194,0.,-198.888247));
#6049=IFCCARTESIANPOINT((54.514692,0.,-198.884611));
#6050=IFCCARTESIANPOINT((54.546911,0.,-198.881047));
#6051=IFCCARTESIANPOINT((54.578603,0.,-198.877554));
#6052=IFCCARTESIANPOINT((54.609771,0.,-198.874132));
#6053=IFCCARTESIANPOINT((54.640421,0.,-198.87078));
#6054=IFCCARTESIANPOINT((54.670557,0.,-198.867499));
#6055=IFCCARTESIANPOINT((54.700184,0.,-198.864287));
#6056=IFCCARTESIANPOINT((54.729307,0.,-198.861145));
#6057=IFCCARTESIANPOINT((54.75793,0.,-198.858073));
#6058=IFCCARTESIANPOINT((54.786058,0.,-198.855069));
#6059=IFCCARTESIANPOINT((54.813696,0.,-198.852135));
#6060=IFCCARTESIANPOINT((54.840849,0.,-198.849269));
#6061=IFCPOLYLINE((#6062,#6063));
#6062=IFCCARTESIANPOINT((-172.960715,0.,-16.822179));
#6063=IFCCARTESIANPOINT((-177.649216,0.,9.767631));
#6064=IFCPOLYLINE((#6065,#6066,#6067,#6068,#6069,#6070,#6071,#6072,#6073,#6074,#6075,#6076,#6077,#6078,#6079,#6080,#6081,#6082,#6083,#6084,#6085,#6086,#6087,#6088,#6089,#6090,#6091,#6092,#6093,#6094,#6095,#6096,#6097,#6098,#6099,#6100,#6101,#6102,#6103,#6104,#6105,#6106,#6107,#6108,#6109,#6110,#6111,#6112,#6113,#6114,#6115,#6116,#6117,#6118,#6119,#6120,#6121,#6122,#6123,#6124,#6125,#6126,#6127,#6128,#6129,#6130,#6131,#6132,#6133,#6134,#6135,#6136,#6137,#6138,#6139,#6140,#6141,#6142,#6143,#6144,#6145,#6146,#6147,#6148,#6149,#6150,#6151,#6152,#6153,#6154,#6155,#6156,#6157,#6158,#6159,#6160,#6161,#6162,#6163,#6164,#6165,#6166,#6167,#6168,#6169,#6170,#6171,#6172,#6173,#6174,#6175,#6176,#6177));
#6065=IFCCARTESIANPOINT((-0.279941,0.,-183.987542));
#6066=IFCCARTESIANPOINT((-1.55995,0.,-183.988455));
#6067=IFCCARTESIANPOINT((-2.839511,0.,-183.990687));
#6068=IFCCARTESIANPOINT((-4.117921,0.,-183.994262));
#6069=IFCCARTESIANPOINT((-5.394477,0.,-183.999208));
#6070=IFCCARTESIANPOINT((-6.668475,0.,-184.00555));
#6071=IFCCARTESIANPOINT((-7.939213,0.,-184.013315));
#6072=IFCCARTESIANPOINT((-9.205987,0.,-184.022529));
#6073=IFCCARTESIANPOINT((-10.468095,0.,-184.033217));
#6074=IFCCARTESIANPOINT((-11.724832,0.,-184.045407));
#6075=IFCCARTESIANPOINT((-12.975496,0.,-184.059123));
#6076=IFCCARTESIANPOINT((-14.21936,0.,-184.074393));
#6077=IFCCARTESIANPOINT((-15.452469,0.,-184.091196));
#6078=IFCCARTESIANPOINT((-16.672345,0.,-184.109514));
#6079=IFCCARTESIANPOINT((-17.879007,0.,-184.129357));
#6080=IFCCARTESIANPOINT((-19.072474,0.,-184.150734));
#6081=IFCCARTESIANPOINT((-20.252766,0.,-184.173656));
#6082=IFCCARTESIANPOINT((-21.419901,0.,-184.198132));
#6083=IFCCARTESIANPOINT((-22.5739,0.,-184.224172));
#6084=IFCCARTESIANPOINT((-23.71478,0.,-184.251786));
#6085=IFCCARTESIANPOINT((-24.842563,0.,-184.280983));
#6086=IFCCARTESIANPOINT((-25.956812,0.,-184.311761));
#6087=IFCCARTESIANPOINT((-27.041326,0.,-184.343651));
#6088=IFCCARTESIANPOINT((-28.08857,0.,-184.376358));
#6089=IFCCARTESIANPOINT((-29.099313,0.,-184.409808));
#6090=IFCCARTESIANPOINT((-30.074323,0.,-184.443929));
#6091=IFCCARTESIANPOINT((-31.014369,0.,-184.478648));
#6092=IFCCARTESIANPOINT((-31.92022,0.,-184.513891));
#6093=IFCCARTESIANPOINT((-32.792644,0.,-184.549586));
#6094=IFCCARTESIANPOINT((-33.632411,0.,-184.585658));
#6095=IFCCARTESIANPOINT((-34.440289,0.,-184.622036));
#6096=IFCCARTESIANPOINT((-35.217046,0.,-184.658645));
#6097=IFCCARTESIANPOINT((-35.963453,0.,-184.695413));
#6098=IFCCARTESIANPOINT((-36.680276,0.,-184.732267));
#6099=IFCCARTESIANPOINT((-37.368286,0.,-184.769133));
#6100=IFCCARTESIANPOINT((-38.028251,0.,-184.805938));
#6101=IFCCARTESIANPOINT((-38.660939,0.,-184.842609));
#6102=IFCCARTESIANPOINT((-39.267119,0.,-184.879073));
#6103=IFCCARTESIANPOINT((-39.847572,0.,-184.915258));
#6104=IFCCARTESIANPOINT((-40.409395,0.,-184.951537));
#6105=IFCCARTESIANPOINT((-40.958302,0.,-184.988264));
#6106=IFCCARTESIANPOINT((-41.494476,0.,-185.025432));
#6107=IFCCARTESIANPOINT((-42.018103,0.,-185.063036));
#6108=IFCCARTESIANPOINT((-42.529365,0.,-185.101069));
#6109=IFCCARTESIANPOINT((-43.028448,0.,-185.139526));
#6110=IFCCARTESIANPOINT((-43.515535,0.,-185.178402));
#6111=IFCCARTESIANPOINT((-43.990809,0.,-185.21769));
#6112=IFCCARTESIANPOINT((-44.454456,0.,-185.257384));
#6113=IFCCARTESIANPOINT((-44.906658,0.,-185.29748));
#6114=IFCCARTESIANPOINT((-45.347542,0.,-185.337965));
#6115=IFCCARTESIANPOINT((-45.775933,0.,-185.3787));
#6116=IFCCARTESIANPOINT((-46.191485,0.,-185.419611));
#6117=IFCCARTESIANPOINT((-46.594427,0.,-185.460677));
#6118=IFCCARTESIANPOINT((-46.984986,0.,-185.501876));
#6119=IFCCARTESIANPOINT((-47.363389,0.,-185.543186));
#6120=IFCCARTESIANPOINT((-47.729865,0.,-185.584587));
#6121=IFCCARTESIANPOINT((-48.084641,0.,-185.626056));
#6122=IFCCARTESIANPOINT((-48.427946,0.,-185.667573));
#6123=IFCCARTESIANPOINT((-48.760007,0.,-185.709115));
#6124=IFCCARTESIANPOINT((-49.081051,0.,-185.750661));
#6125=IFCCARTESIANPOINT((-49.391308,0.,-185.79219));
#6126=IFCCARTESIANPOINT((-49.691004,0.,-185.833679));
#6127=IFCCARTESIANPOINT((-49.980368,0.,-185.875109));
#6128=IFCCARTESIANPOINT((-50.259627,0.,-185.916456));
#6129=IFCCARTESIANPOINT((-50.52901,0.,-185.9577));
#6130=IFCCARTESIANPOINT((-50.788743,0.,-185.998818));
#6131=IFCCARTESIANPOINT((-51.039056,0.,-186.039791));
#6132=IFCCARTESIANPOINT((-51.280175,0.,-186.080595));
#6133=IFCCARTESIANPOINT((-51.512329,0.,-186.121209));
#6134=IFCCARTESIANPOINT((-51.735745,0.,-186.161613));
#6135=IFCCARTESIANPOINT((-51.950652,0.,-186.201784));
#6136=IFCCARTESIANPOINT((-52.157277,0.,-186.241701));
#6137=IFCCARTESIANPOINT((-52.355848,0.,-186.281342));
#6138=IFCCARTESIANPOINT((-52.546592,0.,-186.320686));
#6139=IFCCARTESIANPOINT((-52.729739,0.,-186.359711));
#6140=IFCCARTESIANPOINT((-52.905515,0.,-186.398397));
#6141=IFCCARTESIANPOINT((-53.074148,0.,-186.43672));
#6142=IFCCARTESIANPOINT((-53.235867,0.,-186.474661));
#6143=IFCCARTESIANPOINT((-53.39181,0.,-186.512431));
#6144=IFCCARTESIANPOINT((-53.543296,0.,-186.550325));
#6145=IFCCARTESIANPOINT((-53.690395,0.,-186.588338));
#6146=IFCCARTESIANPOINT((-53.833169,0.,-186.626463));
#6147=IFCCARTESIANPOINT((-53.971683,0.,-186.664692));
#6148=IFCCARTESIANPOINT((-54.106001,0.,-186.703019));
#6149=IFCCARTESIANPOINT((-54.236187,0.,-186.741437));
#6150=IFCCARTESIANPOINT((-54.362304,0.,-186.779939));
#6151=IFCCARTESIANPOINT((-54.484417,0.,-186.818517));
#6152=IFCCARTESIANPOINT((-54.602589,0.,-186.857166));
#6153=IFCCARTESIANPOINT((-54.716885,0.,-186.895878));
#6154=IFCCARTESIANPOINT((-54.827368,0.,-186.934647));
#6155=IFCCARTESIANPOINT((-54.934103,0.,-186.973464));
#6156=IFCCARTESIANPOINT((-55.037152,0.,-187.012325));
#6157=IFCCARTESIANPOINT((-55.136581,0.,-187.05122));
#6158=IFCCARTESIANPOINT((-55.232453,0.,-187.090144));
#6159=IFCCARTESIANPOINT((-55.324831,0.,-187.12909));
#6160=IFCCARTESIANPOINT((-55.413781,0.,-187.168051));
#6161=IFCCARTESIANPOINT((-55.499365,0.,-187.20702));
#6162=IFCCARTESIANPOINT((-55.581648,0.,-187.245989));
#6163=IFCCARTESIANPOINT((-55.660693,0.,-187.284953));
#6164=IFCCARTESIANPOINT((-55.736566,0.,-187.323904));
#6165=IFCCARTESIANPOINT((-55.809328,0.,-187.362835));
#6166=IFCCARTESIANPOINT((-55.879045,0.,-187.401739));
#6167=IFCCARTESIANPOINT((-55.94578,0.,-187.440609));
#6168=IFCCARTESIANPOINT((-56.009598,0.,-187.479439));
#6169=IFCCARTESIANPOINT((-56.070561,0.,-187.518222));
#6170=IFCCARTESIANPOINT((-56.128735,0.,-187.55695));
#6171=IFCCARTESIANPOINT((-56.184183,0.,-187.595617));
#6172=IFCCARTESIANPOINT((-56.236968,0.,-187.634216));
#6173=IFCCARTESIANPOINT((-56.287156,0.,-187.672739));
#6174=IFCCARTESIANPOINT((-56.334809,0.,-187.711181));
#6175=IFCCARTESIANPOINT((-56.379992,0.,-187.749534));
#6176=IFCCARTESIANPOINT((-56.422768,0.,-187.78779));
#6177=IFCCARTESIANPOINT((-56.463202,0.,-187.825944));
#6178=IFCPOLYLINE((#6179,#6180,#6181,#6182,#6183,#6184,#6185,#6186,#6187,#6188,#6189,#6190,#6191,#6192,#6193,#6194,#6195,#6196,#6197,#6198,#6199,#6200,#6201,#6202,#6203,#6204,#6205,#6206,#6207,#6208,#6209,#6210,#6211,#6212,#6213,#6214,#6215,#6216,#6217,#6218,#6219,#6220,#6221,#6222,#6223,#6224,#6225,#6226,#6227));
#6179=IFCCARTESIANPOINT((-56.491772,0.,-187.88831));
#6180=IFCCARTESIANPOINT((-56.491942,0.,-187.887012));
#6181=IFCCARTESIANPOINT((-56.49208,0.,-187.885713));
#6182=IFCCARTESIANPOINT((-56.492186,0.,-187.884414));
#6183=IFCCARTESIANPOINT((-56.49226,0.,-187.883115));
#6184=IFCCARTESIANPOINT((-56.492302,0.,-187.881817));
#6185=IFCCARTESIANPOINT((-56.492313,0.,-187.880518));
#6186=IFCCARTESIANPOINT((-56.492293,0.,-187.879219));
#6187=IFCCARTESIANPOINT((-56.49224,0.,-187.87792));
#6188=IFCCARTESIANPOINT((-56.492156,0.,-187.876621));
#6189=IFCCARTESIANPOINT((-56.49204,0.,-187.875323));
#6190=IFCCARTESIANPOINT((-56.491892,0.,-187.874024));
#6191=IFCCARTESIANPOINT((-56.491713,0.,-187.872725));
#6192=IFCCARTESIANPOINT((-56.491501,0.,-187.871426));
#6193=IFCCARTESIANPOINT((-56.491259,0.,-187.870127));
#6194=IFCCARTESIANPOINT((-56.490984,0.,-187.868829));
#6195=IFCCARTESIANPOINT((-56.490678,0.,-187.86753));
#6196=IFCCARTESIANPOINT((-56.49034,0.,-187.866231));
#6197=IFCCARTESIANPOINT((-56.48997,0.,-187.864932));
#6198=IFCCARTESIANPOINT((-56.489569,0.,-187.863634));
#6199=IFCCARTESIANPOINT((-56.489136,0.,-187.862335));
#6200=IFCCARTESIANPOINT((-56.488671,0.,-187.861036));
#6201=IFCCARTESIANPOINT((-56.488175,0.,-187.859738));
#6202=IFCCARTESIANPOINT((-56.487647,0.,-187.858439));
#6203=IFCCARTESIANPOINT((-56.487087,0.,-187.85714));
#6204=IFCCARTESIANPOINT((-56.486496,0.,-187.855842));
#6205=IFCCARTESIANPOINT((-56.485873,0.,-187.854543));
#6206=IFCCARTESIANPOINT((-56.485218,0.,-187.853245));
#6207=IFCCARTESIANPOINT((-56.484531,0.,-187.851946));
#6208=IFCCARTESIANPOINT((-56.483813,0.,-187.850647));
#6209=IFCCARTESIANPOINT((-56.483064,0.,-187.849349));
#6210=IFCCARTESIANPOINT((-56.482282,0.,-187.848051));
#6211=IFCCARTESIANPOINT((-56.481469,0.,-187.846752));
#6212=IFCCARTESIANPOINT((-56.480624,0.,-187.845454));
#6213=IFCCARTESIANPOINT((-56.479748,0.,-187.844155));
#6214=IFCCARTESIANPOINT((-56.47884,0.,-187.842857));
#6215=IFCCARTESIANPOINT((-56.4779,0.,-187.841559));
#6216=IFCCARTESIANPOINT((-56.476929,0.,-187.84026));
#6217=IFCCARTESIANPOINT((-56.475925,0.,-187.838962));
#6218=IFCCARTESIANPOINT((-56.474891,0.,-187.837664));
#6219=IFCCARTESIANPOINT((-56.473824,0.,-187.836366));
#6220=IFCCARTESIANPOINT((-56.472726,0.,-187.835068));
#6221=IFCCARTESIANPOINT((-56.471597,0.,-187.83377));
#6222=IFCCARTESIANPOINT((-56.470435,0.,-187.832472));
#6223=IFCCARTESIANPOINT((-56.469242,0.,-187.831174));
#6224=IFCCARTESIANPOINT((-56.468018,0.,-187.829876));
#6225=IFCCARTESIANPOINT((-56.466762,0.,-187.828578));
#6226=IFCCARTESIANPOINT((-56.465474,0.,-187.82728));
#6227=IFCCARTESIANPOINT((-56.464154,0.,-187.825982));
#6228=IFCPOLYLINE((#6229,#6230,#6231,#6232,#6233,#6234,#6235,#6236,#6237,#6238,#6239,#6240,#6241,#6242,#6243,#6244,#6245,#6246,#6247,#6248,#6249,#6250,#6251,#6252,#6253,#6254,#6255,#6256,#6257,#6258,#6259,#6260,#6261));
#6229=IFCCARTESIANPOINT((-56.445141,0.,-187.951475));
#6230=IFCCARTESIANPOINT((-56.445173,0.,-187.951452));
#6231=IFCCARTESIANPOINT((-56.445204,0.,-187.951428));
#6232=IFCCARTESIANPOINT((-56.445236,0.,-187.951405));
#6233=IFCCARTESIANPOINT((-56.445267,0.,-187.951381));
#6234=IFCCARTESIANPOINT((-56.445299,0.,-187.951357));
#6235=IFCCARTESIANPOINT((-56.44533,0.,-187.951334));
#6236=IFCCARTESIANPOINT((-56.445362,0.,-187.95131));
#6237=IFCCARTESIANPOINT((-56.445393,0.,-187.951287));
#6238=IFCCARTESIANPOINT((-56.445425,0.,-187.951263));
#6239=IFCCARTESIANPOINT((-56.445456,0.,-187.951239));
#6240=IFCCARTESIANPOINT((-56.445487,0.,-187.951216));
#6241=IFCCARTESIANPOINT((-56.445519,0.,-187.951192));
#6242=IFCCARTESIANPOINT((-56.44555,0.,-187.951169));
#6243=IFCCARTESIANPOINT((-56.445582,0.,-187.951145));
#6244=IFCCARTESIANPOINT((-56.445613,0.,-187.951121));
#6245=IFCCARTESIANPOINT((-56.445644,0.,-187.951098));
#6246=IFCCARTESIANPOINT((-56.445676,0.,-187.951074));
#6247=IFCCARTESIANPOINT((-56.445707,0.,-187.951051));
#6248=IFCCARTESIANPOINT((-56.445738,0.,-187.951027));
#6249=IFCCARTESIANPOINT((-56.44577,0.,-187.951003));
#6250=IFCCARTESIANPOINT((-56.445801,0.,-187.95098));
#6251=IFCCARTESIANPOINT((-56.445832,0.,-187.950956));
#6252=IFCCARTESIANPOINT((-56.445864,0.,-187.950933));
#6253=IFCCARTESIANPOINT((-56.445895,0.,-187.950909));
#6254=IFCCARTESIANPOINT((-56.445926,0.,-187.950885));
#6255=IFCCARTESIANPOINT((-56.445957,0.,-187.950862));
#6256=IFCCARTESIANPOINT((-56.445989,0.,-187.950838));
#6257=IFCCARTESIANPOINT((-56.44602,0.,-187.950815));
#6258=IFCCARTESIANPOINT((-56.446051,0.,-187.950791));
#6259=IFCCARTESIANPOINT((-56.446082,0.,-187.950767));
#6260=IFCCARTESIANPOINT((-56.446113,0.,-187.950744));
#6261=IFCCARTESIANPOINT((-56.446145,0.,-187.95072));
#6262=IFCPOLYLINE((#6263,#6264,#6265,#6266,#6267,#6268,#6269,#6270,#6271,#6272,#6273,#6274,#6275,#6276,#6277,#6278,#6279,#6280,#6281,#6282,#6283,#6284,#6285,#6286,#6287,#6288,#6289,#6290,#6291,#6292,#6293,#6294,#6295));
#6263=IFCCARTESIANPOINT((56.490886,0.,-187.888311));
#6264=IFCCARTESIANPOINT((56.491129,0.,-187.886363));
#6265=IFCCARTESIANPOINT((56.491299,0.,-187.884415));
#6266=IFCCARTESIANPOINT((56.491399,0.,-187.882467));
#6267=IFCCARTESIANPOINT((56.491427,0.,-187.880518));
#6268=IFCCARTESIANPOINT((56.491384,0.,-187.87857));
#6269=IFCCARTESIANPOINT((56.49127,0.,-187.876622));
#6270=IFCCARTESIANPOINT((56.491084,0.,-187.874674));
#6271=IFCCARTESIANPOINT((56.490826,0.,-187.872726));
#6272=IFCCARTESIANPOINT((56.490498,0.,-187.870778));
#6273=IFCCARTESIANPOINT((56.490098,0.,-187.86883));
#6274=IFCCARTESIANPOINT((56.489627,0.,-187.866882));
#6275=IFCCARTESIANPOINT((56.489084,0.,-187.864933));
#6276=IFCCARTESIANPOINT((56.48847,0.,-187.862985));
#6277=IFCCARTESIANPOINT((56.487785,0.,-187.861037));
#6278=IFCCARTESIANPOINT((56.487029,0.,-187.859089));
#6279=IFCCARTESIANPOINT((56.486201,0.,-187.857142));
#6280=IFCCARTESIANPOINT((56.485302,0.,-187.855194));
#6281=IFCCARTESIANPOINT((56.484332,0.,-187.853246));
#6282=IFCCARTESIANPOINT((56.48329,0.,-187.851298));
#6283=IFCCARTESIANPOINT((56.482178,0.,-187.84935));
#6284=IFCCARTESIANPOINT((56.480994,0.,-187.847403));
#6285=IFCCARTESIANPOINT((56.479738,0.,-187.845455));
#6286=IFCCARTESIANPOINT((56.478412,0.,-187.843508));
#6287=IFCCARTESIANPOINT((56.477014,0.,-187.84156));
#6288=IFCCARTESIANPOINT((56.475545,0.,-187.839613));
#6289=IFCCARTESIANPOINT((56.474005,0.,-187.837666));
#6290=IFCCARTESIANPOINT((56.472394,0.,-187.835719));
#6291=IFCCARTESIANPOINT((56.470711,0.,-187.833771));
#6292=IFCCARTESIANPOINT((56.468957,0.,-187.831825));
#6293=IFCCARTESIANPOINT((56.467132,0.,-187.829878));
#6294=IFCCARTESIANPOINT((56.465236,0.,-187.827931));
#6295=IFCCARTESIANPOINT((56.463269,0.,-187.825984));
#6296=IFCPOLYLINE((#6297,#6298,#6299,#6300,#6301,#6302,#6303,#6304,#6305,#6306,#6307,#6308,#6309,#6310,#6311,#6312,#6313,#6314,#6315,#6316,#6317,#6318,#6319,#6320,#6321,#6322,#6323,#6324,#6325,#6326,#6327,#6328,#6329));
#6297=IFCCARTESIANPOINT((56.444255,0.,-187.951476));
#6298=IFCCARTESIANPOINT((56.444286,0.,-187.951452));
#6299=IFCCARTESIANPOINT((56.444318,0.,-187.951429));
#6300=IFCCARTESIANPOINT((56.444349,0.,-187.951405));
#6301=IFCCARTESIANPOINT((56.444381,0.,-187.951381));
#6302=IFCCARTESIANPOINT((56.444412,0.,-187.951358));
#6303=IFCCARTESIANPOINT((56.444444,0.,-187.951334));
#6304=IFCCARTESIANPOINT((56.444475,0.,-187.951311));
#6305=IFCCARTESIANPOINT((56.444507,0.,-187.951287));
#6306=IFCCARTESIANPOINT((56.444538,0.,-187.951263));
#6307=IFCCARTESIANPOINT((56.444569,0.,-187.95124));
#6308=IFCCARTESIANPOINT((56.444601,0.,-187.951216));
#6309=IFCCARTESIANPOINT((56.444632,0.,-187.951193));
#6310=IFCCARTESIANPOINT((56.444664,0.,-187.951169));
#6311=IFCCARTESIANPOINT((56.444695,0.,-187.951145));
#6312=IFCCARTESIANPOINT((56.444726,0.,-187.951122));
#6313=IFCCARTESIANPOINT((56.444758,0.,-187.951098));
#6314=IFCCARTESIANPOINT((56.444789,0.,-187.951075));
#6315=IFCCARTESIANPOINT((56.44482,0.,-187.951051));
#6316=IFCCARTESIANPOINT((56.444852,0.,-187.951027));
#6317=IFCCARTESIANPOINT((56.444883,0.,-187.951004));
#6318=IFCCARTESIANPOINT((56.444914,0.,-187.95098));
#6319=IFCCARTESIANPOINT((56.444946,0.,-187.950957));
#6320=IFCCARTESIANPOINT((56.444977,0.,-187.950933));
#6321=IFCCARTESIANPOINT((56.445008,0.,-187.950909));
#6322=IFCCARTESIANPOINT((56.445039,0.,-187.950886));
#6323=IFCCARTESIANPOINT((56.445071,0.,-187.950862));
#6324=IFCCARTESIANPOINT((56.445102,0.,-187.950839));
#6325=IFCCARTESIANPOINT((56.445133,0.,-187.950815));
#6326=IFCCARTESIANPOINT((56.445164,0.,-187.950791));
#6327=IFCCARTESIANPOINT((56.445196,0.,-187.950768));
#6328=IFCCARTESIANPOINT((56.445227,0.,-187.950744));
#6329=IFCCARTESIANPOINT((56.445258,0.,-187.950721));
#6330=IFCPOLYLINE((#6331,#6332,#6333,#6334,#6335,#6336,#6337,#6338,#6339,#6340,#6341,#6342,#6343,#6344,#6345,#6346,#6347,#6348,#6349,#6350,#6351,#6352,#6353,#6354,#6355,#6356,#6357,#6358,#6359,#6360,#6361,#6362,#6363,#6364,#6365,#6366,#6367,#6368,#6369,#6370,#6371,#6372,#6373,#6374,#6375,#6376,#6377,#6378,#6379,#6380,#6381,#6382,#6383,#6384,#6385,#6386,#6387,#6388,#6389,#6390,#6391,#6392,#6393,#6394,#6395,#6396,#6397,#6398,#6399,#6400,#6401,#6402,#6403,#6404,#6405,#6406,#6407,#6408,#6409,#6410,#6411,#6412,#6413,#6414,#6415,#6416,#6417,#6418,#6419,#6420,#6421,#6422,#6423,#6424,#6425,#6426,#6427));
#6331=IFCCARTESIANPOINT((0.279055,0.,-183.987542));
#6332=IFCCARTESIANPOINT((0.661836,0.,-183.987676));
#6333=IFCCARTESIANPOINT((1.051995,0.,-183.987927));
#6334=IFCCARTESIANPOINT((1.449384,0.,-183.988305));
#6335=IFCCARTESIANPOINT((1.853854,0.,-183.988817));
#6336=IFCCARTESIANPOINT((2.265258,0.,-183.989471));
#6337=IFCCARTESIANPOINT((2.683447,0.,-183.990276));
#6338=IFCCARTESIANPOINT((3.108272,0.,-183.99124));
#6339=IFCCARTESIANPOINT((3.539586,0.,-183.992372));
#6340=IFCCARTESIANPOINT((3.977239,0.,-183.993679));
#6341=IFCCARTESIANPOINT((4.421084,0.,-183.995169));
#6342=IFCCARTESIANPOINT((4.870972,0.,-183.996851));
#6343=IFCCARTESIANPOINT((5.326755,0.,-183.998734));
#6344=IFCCARTESIANPOINT((5.788285,0.,-184.000825));
#6345=IFCCARTESIANPOINT((6.255412,0.,-184.003133));
#6346=IFCCARTESIANPOINT((6.727989,0.,-184.005667));
#6347=IFCCARTESIANPOINT((7.205868,0.,-184.008433));
#6348=IFCCARTESIANPOINT((7.688899,0.,-184.011441));
#6349=IFCCARTESIANPOINT((8.176935,0.,-184.014698));
#6350=IFCCARTESIANPOINT((8.669828,0.,-184.018214));
#6351=IFCCARTESIANPOINT((9.167428,0.,-184.021996));
#6352=IFCCARTESIANPOINT((9.669588,0.,-184.026052));
#6353=IFCCARTESIANPOINT((10.176159,0.,-184.030392));
#6354=IFCCARTESIANPOINT((10.686994,0.,-184.035022));
#6355=IFCCARTESIANPOINT((11.201942,0.,-184.039952));
#6356=IFCCARTESIANPOINT((11.720857,0.,-184.045189));
#6357=IFCCARTESIANPOINT((12.24359,0.,-184.050742));
#6358=IFCCARTESIANPOINT((12.769992,0.,-184.05662));
#6359=IFCCARTESIANPOINT((13.299915,0.,-184.062829));
#6360=IFCCARTESIANPOINT((13.833211,0.,-184.069379));
#6361=IFCCARTESIANPOINT((14.369732,0.,-184.076278));
#6362=IFCCARTESIANPOINT((14.909328,0.,-184.083535));
#6363=IFCCARTESIANPOINT((15.451852,0.,-184.091156));
#6364=IFCCARTESIANPOINT((15.997156,0.,-184.099151));
#6365=IFCCARTESIANPOINT((16.54509,0.,-184.107528));
#6366=IFCCARTESIANPOINT((17.095508,0.,-184.116296));
#6367=IFCCARTESIANPOINT((17.648259,0.,-184.125461));
#6368=IFCCARTESIANPOINT((18.203388,0.,-184.135037));
#6369=IFCCARTESIANPOINT((18.770674,0.,-184.145202));
#6370=IFCCARTESIANPOINT((19.355097,0.,-184.156083));
#6371=IFCCARTESIANPOINT((19.95587,0.,-184.167713));
#6372=IFCCARTESIANPOINT((20.572204,0.,-184.180128));
#6373=IFCCARTESIANPOINT((21.203312,0.,-184.193362));
#6374=IFCCARTESIANPOINT((21.848404,0.,-184.207448));
#6375=IFCCARTESIANPOINT((22.506692,0.,-184.222423));
#6376=IFCCARTESIANPOINT((23.177388,0.,-184.238319));
#6377=IFCCARTESIANPOINT((23.859704,0.,-184.255172));
#6378=IFCCARTESIANPOINT((24.55285,0.,-184.273016));
#6379=IFCCARTESIANPOINT((25.25604,0.,-184.291885));
#6380=IFCCARTESIANPOINT((25.968484,0.,-184.311815));
#6381=IFCCARTESIANPOINT((26.689393,0.,-184.332838));
#6382=IFCCARTESIANPOINT((27.417981,0.,-184.354991));
#6383=IFCCARTESIANPOINT((28.153458,0.,-184.378307));
#6384=IFCCARTESIANPOINT((28.895035,0.,-184.40282));
#6385=IFCCARTESIANPOINT((29.641926,0.,-184.428566));
#6386=IFCCARTESIANPOINT((30.39334,0.,-184.455579));
#6387=IFCCARTESIANPOINT((31.14849,0.,-184.483892));
#6388=IFCCARTESIANPOINT((31.906588,0.,-184.513541));
#6389=IFCCARTESIANPOINT((32.683848,0.,-184.545242));
#6390=IFCCARTESIANPOINT((33.494492,0.,-184.579772));
#6391=IFCCARTESIANPOINT((34.334959,0.,-184.617266));
#6392=IFCCARTESIANPOINT((35.201686,0.,-184.657859));
#6393=IFCCARTESIANPOINT((36.091112,0.,-184.701688));
#6394=IFCCARTESIANPOINT((36.999675,0.,-184.748887));
#6395=IFCCARTESIANPOINT((37.923814,0.,-184.799591));
#6396=IFCCARTESIANPOINT((38.859966,0.,-184.853936));
#6397=IFCCARTESIANPOINT((39.804571,0.,-184.912057));
#6398=IFCCARTESIANPOINT((40.754065,0.,-184.974089));
#6399=IFCCARTESIANPOINT((41.704888,0.,-185.040168));
#6400=IFCCARTESIANPOINT((42.653478,0.,-185.110429));
#6401=IFCCARTESIANPOINT((43.596273,0.,-185.185007));
#6402=IFCCARTESIANPOINT((44.529711,0.,-185.264037));
#6403=IFCCARTESIANPOINT((45.436889,0.,-185.346438));
#6404=IFCCARTESIANPOINT((46.295909,0.,-185.430245));
#6405=IFCCARTESIANPOINT((47.107715,0.,-185.51528));
#6406=IFCCARTESIANPOINT((47.873528,0.,-185.601388));
#6407=IFCCARTESIANPOINT((48.59457,0.,-185.688416));
#6408=IFCCARTESIANPOINT((49.272063,0.,-185.776209));
#6409=IFCCARTESIANPOINT((49.909181,0.,-185.86489));
#6410=IFCCARTESIANPOINT((50.514124,0.,-185.955428));
#6411=IFCCARTESIANPOINT((51.088095,0.,-186.047952));
#6412=IFCCARTESIANPOINT((51.631586,0.,-186.142495));
#6413=IFCCARTESIANPOINT((52.145093,0.,-186.239092));
#6414=IFCCARTESIANPOINT((52.629108,0.,-186.337775));
#6415=IFCCARTESIANPOINT((53.084127,0.,-186.438579));
#6416=IFCCARTESIANPOINT((53.510642,0.,-186.541538));
#6417=IFCCARTESIANPOINT((53.909148,0.,-186.646685));
#6418=IFCCARTESIANPOINT((54.280139,0.,-186.754055));
#6419=IFCCARTESIANPOINT((54.624108,0.,-186.863681));
#6420=IFCCARTESIANPOINT((54.941549,0.,-186.975598));
#6421=IFCCARTESIANPOINT((55.232957,0.,-187.089838));
#6422=IFCCARTESIANPOINT((55.498826,0.,-187.206437));
#6423=IFCCARTESIANPOINT((55.739648,0.,-187.325427));
#6424=IFCCARTESIANPOINT((55.955919,0.,-187.446844));
#6425=IFCCARTESIANPOINT((56.148131,0.,-187.570719));
#6426=IFCCARTESIANPOINT((56.31678,0.,-187.697089));
#6427=IFCCARTESIANPOINT((56.462358,0.,-187.825985));
#6428=IFCPOLYLINE((#6429,#6430));
#6429=IFCCARTESIANPOINT((-0.000447,0.,-183.987512));
#6430=IFCCARTESIANPOINT((0.279055,0.,-183.987542));
#6431=IFCPOLYLINE((#6432,#6433));
#6432=IFCCARTESIANPOINT((-0.000447,0.,-183.987512));
#6433=IFCCARTESIANPOINT((-0.279941,0.,-183.987542));
#6434=IFCPOLYLINE((#6435,#6436,#6437,#6438,#6439,#6440,#6441,#6442,#6443,#6444,#6445,#6446,#6447,#6448,#6449,#6450,#6451,#6452,#6453,#6454,#6455,#6456,#6457,#6458,#6459,#6460,#6461,#6462,#6463,#6464,#6465,#6466,#6467,#6468,#6469,#6470,#6471,#6472,#6473,#6474,#6475,#6476,#6477,#6478,#6479,#6480,#6481,#6482,#6483));
#6435=IFCCARTESIANPOINT((121.826188,0.,-198.575515));
#6436=IFCCARTESIANPOINT((121.835815,0.,-198.626026));
#6437=IFCCARTESIANPOINT((121.845332,0.,-198.676536));
#6438=IFCCARTESIANPOINT((121.854736,0.,-198.727047));
#6439=IFCCARTESIANPOINT((121.864027,0.,-198.777558));
#6440=IFCCARTESIANPOINT((121.873201,0.,-198.828069));
#6441=IFCCARTESIANPOINT((121.882258,0.,-198.87858));
#6442=IFCCARTESIANPOINT((121.891196,0.,-198.929091));
#6443=IFCCARTESIANPOINT((121.900012,0.,-198.979602));
#6444=IFCCARTESIANPOINT((121.908706,0.,-199.030114));
#6445=IFCCARTESIANPOINT((121.917274,0.,-199.080625));
#6446=IFCCARTESIANPOINT((121.925716,0.,-199.131136));
#6447=IFCCARTESIANPOINT((121.93403,0.,-199.181647));
#6448=IFCCARTESIANPOINT((121.942214,0.,-199.232159));
#6449=IFCCARTESIANPOINT((121.950265,0.,-199.28267));
#6450=IFCCARTESIANPOINT((121.958183,0.,-199.333182));
#6451=IFCCARTESIANPOINT((121.965966,0.,-199.383693));
#6452=IFCCARTESIANPOINT((121.973611,0.,-199.434205));
#6453=IFCCARTESIANPOINT((121.981117,0.,-199.484717));
#6454=IFCCARTESIANPOINT((121.988482,0.,-199.535229));
#6455=IFCCARTESIANPOINT((121.995705,0.,-199.58574));
#6456=IFCCARTESIANPOINT((122.002783,0.,-199.636252));
#6457=IFCCARTESIANPOINT((122.009715,0.,-199.686764));
#6458=IFCCARTESIANPOINT((122.016499,0.,-199.737276));
#6459=IFCCARTESIANPOINT((122.023133,0.,-199.787788));
#6460=IFCCARTESIANPOINT((122.029622,0.,-199.838297));
#6461=IFCCARTESIANPOINT((122.035973,0.,-199.8888));
#6462=IFCCARTESIANPOINT((122.042186,0.,-199.939298));
#6463=IFCCARTESIANPOINT((122.04826,0.,-199.989791));
#6464=IFCCARTESIANPOINT((122.054196,0.,-200.040281));
#6465=IFCCARTESIANPOINT((122.059994,0.,-200.090769));
#6466=IFCCARTESIANPOINT((122.065653,0.,-200.141255));
#6467=IFCCARTESIANPOINT((122.071175,0.,-200.191741));
#6468=IFCCARTESIANPOINT((122.076559,0.,-200.242227));
#6469=IFCCARTESIANPOINT((122.081805,0.,-200.292713));
#6470=IFCCARTESIANPOINT((122.086913,0.,-200.343202));
#6471=IFCCARTESIANPOINT((122.091883,0.,-200.393693));
#6472=IFCCARTESIANPOINT((122.096716,0.,-200.444188));
#6473=IFCCARTESIANPOINT((122.101412,0.,-200.494687));
#6474=IFCCARTESIANPOINT((122.10597,0.,-200.545192));
#6475=IFCCARTESIANPOINT((122.11039,0.,-200.595703));
#6476=IFCCARTESIANPOINT((122.114673,0.,-200.646221));
#6477=IFCCARTESIANPOINT((122.118819,0.,-200.696746));
#6478=IFCCARTESIANPOINT((122.122828,0.,-200.747281));
#6479=IFCCARTESIANPOINT((122.1267,0.,-200.797825));
#6480=IFCCARTESIANPOINT((122.130435,0.,-200.84838));
#6481=IFCCARTESIANPOINT((122.134033,0.,-200.898946));
#6482=IFCCARTESIANPOINT((122.137494,0.,-200.949525));
#6483=IFCCARTESIANPOINT((122.140818,0.,-201.000116));
#6484=IFCPOLYLINE((#6485,#6486));
#6485=IFCCARTESIANPOINT((-55.008108,0.,-198.575515));
#6486=IFCCARTESIANPOINT((-121.827074,0.,-198.575514));
#6487=IFCPOLYLINE((#6488,#6489));
#6488=IFCCARTESIANPOINT((121.826188,0.,-198.575514));
#6489=IFCCARTESIANPOINT((55.007222,0.,-198.575514));
#6490=IFCPOLYLINE((#6491,#6492,#6493,#6494,#6495,#6496,#6497,#6498,#6499,#6500,#6501,#6502,#6503,#6504,#6505,#6506,#6507,#6508,#6509,#6510,#6511,#6512,#6513,#6514,#6515,#6516,#6517,#6518,#6519,#6520,#6521,#6522,#6523,#6524,#6525,#6526,#6527,#6528,#6529,#6530,#6531,#6532,#6533,#6534,#6535,#6536,#6537,#6538,#6539));
#6491=IFCCARTESIANPOINT((-121.827074,0.,-198.575515));
#6492=IFCCARTESIANPOINT((-121.836701,0.,-198.626026));
#6493=IFCCARTESIANPOINT((-121.846218,0.,-198.676536));
#6494=IFCCARTESIANPOINT((-121.855622,0.,-198.727047));
#6495=IFCCARTESIANPOINT((-121.864913,0.,-198.777558));
#6496=IFCCARTESIANPOINT((-121.874087,0.,-198.828069));
#6497=IFCCARTESIANPOINT((-121.883144,0.,-198.87858));
#6498=IFCCARTESIANPOINT((-121.892082,0.,-198.929091));
#6499=IFCCARTESIANPOINT((-121.900898,0.,-198.979602));
#6500=IFCCARTESIANPOINT((-121.909592,0.,-199.030114));
#6501=IFCCARTESIANPOINT((-121.91816,0.,-199.080625));
#6502=IFCCARTESIANPOINT((-121.926602,0.,-199.131136));
#6503=IFCCARTESIANPOINT((-121.934916,0.,-199.181648));
#6504=IFCCARTESIANPOINT((-121.9431,0.,-199.232159));
#6505=IFCCARTESIANPOINT((-121.951151,0.,-199.28267));
#6506=IFCCARTESIANPOINT((-121.959069,0.,-199.333182));
#6507=IFCCARTESIANPOINT((-121.966852,0.,-199.383694));
#6508=IFCCARTESIANPOINT((-121.974497,0.,-199.434205));
#6509=IFCCARTESIANPOINT((-121.982003,0.,-199.484717));
#6510=IFCCARTESIANPOINT((-121.989368,0.,-199.535229));
#6511=IFCCARTESIANPOINT((-121.996591,0.,-199.58574));
#6512=IFCCARTESIANPOINT((-122.003669,0.,-199.636252));
#6513=IFCCARTESIANPOINT((-122.010601,0.,-199.686764));
#6514=IFCCARTESIANPOINT((-122.017385,0.,-199.737276));
#6515=IFCCARTESIANPOINT((-122.024019,0.,-199.787788));
#6516=IFCCARTESIANPOINT((-122.030508,0.,-199.838297));
#6517=IFCCARTESIANPOINT((-122.036859,0.,-199.8888));
#6518=IFCCARTESIANPOINT((-122.043072,0.,-199.939298));
#6519=IFCCARTESIANPOINT((-122.049146,0.,-199.989791));
#6520=IFCCARTESIANPOINT((-122.055082,0.,-200.040282));
#6521=IFCCARTESIANPOINT((-122.06088,0.,-200.090769));
#6522=IFCCARTESIANPOINT((-122.066539,0.,-200.141256));
#6523=IFCCARTESIANPOINT((-122.072061,0.,-200.191741));
#6524=IFCCARTESIANPOINT((-122.077445,0.,-200.242227));
#6525=IFCCARTESIANPOINT((-122.082691,0.,-200.292713));
#6526=IFCCARTESIANPOINT((-122.087799,0.,-200.343202));
#6527=IFCCARTESIANPOINT((-122.09277,0.,-200.393693));
#6528=IFCCARTESIANPOINT((-122.097602,0.,-200.444188));
#6529=IFCCARTESIANPOINT((-122.102298,0.,-200.494687));
#6530=IFCCARTESIANPOINT((-122.106856,0.,-200.545192));
#6531=IFCCARTESIANPOINT((-122.111276,0.,-200.595703));
#6532=IFCCARTESIANPOINT((-122.115559,0.,-200.646221));
#6533=IFCCARTESIANPOINT((-122.119705,0.,-200.696747));
#6534=IFCCARTESIANPOINT((-122.123714,0.,-200.747281));
#6535=IFCCARTESIANPOINT((-122.127586,0.,-200.797825));
#6536=IFCCARTESIANPOINT((-122.131321,0.,-200.84838));
#6537=IFCCARTESIANPOINT((-122.134919,0.,-200.898946));
#6538=IFCCARTESIANPOINT((-122.13838,0.,-200.949525));
#6539=IFCCARTESIANPOINT((-122.141704,0.,-201.000116));
#6540=IFCPOLYLINE((#6541,#6542,#6543,#6544,#6545,#6546,#6547,#6548,#6549,#6550,#6551,#6552,#6553,#6554,#6555,#6556,#6557,#6558,#6559,#6560,#6561,#6562,#6563,#6564,#6565,#6566,#6567,#6568,#6569,#6570,#6571,#6572,#6573,#6574,#6575,#6576,#6577,#6578,#6579,#6580,#6581,#6582,#6583,#6584,#6585,#6586,#6587,#6588,#6589,#6590,#6591,#6592,#6593,#6594,#6595,#6596,#6597,#6598,#6599,#6600,#6601,#6602,#6603,#6604,#6605,#6606,#6607,#6608,#6609,#6610,#6611,#6612,#6613,#6614,#6615,#6616,#6617,#6618,#6619,#6620,#6621,#6622,#6623,#6624,#6625,#6626,#6627,#6628,#6629,#6630,#6631,#6632,#6633,#6634,#6635,#6636,#6637));
#6541=IFCCARTESIANPOINT((-0.000443,0.,-175.201156));
#6542=IFCCARTESIANPOINT((2.050451,0.,-175.201953));
#6543=IFCCARTESIANPOINT((4.098858,0.,-175.204354));
#6544=IFCCARTESIANPOINT((6.144595,0.,-175.208367));
#6545=IFCCARTESIANPOINT((8.187481,0.,-175.214004));
#6546=IFCCARTESIANPOINT((10.227333,0.,-175.221276));
#6547=IFCCARTESIANPOINT((12.263968,0.,-175.230193));
#6548=IFCCARTESIANPOINT((14.297205,0.,-175.240766));
#6549=IFCCARTESIANPOINT((16.326862,0.,-175.253006));
#6550=IFCCARTESIANPOINT((18.352755,0.,-175.266923));
#6551=IFCCARTESIANPOINT((20.374704,0.,-175.282528));
#6552=IFCCARTESIANPOINT((22.392525,0.,-175.299832));
#6553=IFCCARTESIANPOINT((24.406037,0.,-175.318845));
#6554=IFCCARTESIANPOINT((26.415057,0.,-175.339578));
#6555=IFCCARTESIANPOINT((28.417367,0.,-175.362019));
#6556=IFCCARTESIANPOINT((30.410607,0.,-175.38615));
#6557=IFCCARTESIANPOINT((32.394487,0.,-175.411969));
#6558=IFCCARTESIANPOINT((34.368722,0.,-175.439477));
#6559=IFCCARTESIANPOINT((36.333023,0.,-175.468674));
#6560=IFCCARTESIANPOINT((38.287103,0.,-175.49956));
#6561=IFCCARTESIANPOINT((40.230674,0.,-175.532134));
#6562=IFCCARTESIANPOINT((42.163448,0.,-175.566397));
#6563=IFCCARTESIANPOINT((44.085138,0.,-175.60235));
#6564=IFCCARTESIANPOINT((45.995457,0.,-175.639991));
#6565=IFCCARTESIANPOINT((47.894116,0.,-175.67932));
#6566=IFCCARTESIANPOINT((49.780828,0.,-175.720339));
#6567=IFCCARTESIANPOINT((51.654506,0.,-175.763028));
#6568=IFCCARTESIANPOINT((53.511569,0.,-175.807307));
#6569=IFCCARTESIANPOINT((55.351415,0.,-175.853154));
#6570=IFCCARTESIANPOINT((57.173804,0.,-175.900558));
#6571=IFCCARTESIANPOINT((58.978496,0.,-175.949504));
#6572=IFCCARTESIANPOINT((60.765251,0.,-175.999981));
#6573=IFCCARTESIANPOINT((62.53383,0.,-176.051974));
#6574=IFCCARTESIANPOINT((64.283993,0.,-176.105471));
#6575=IFCCARTESIANPOINT((66.0155,0.,-176.160458));
#6576=IFCCARTESIANPOINT((67.728112,0.,-176.216924));
#6577=IFCCARTESIANPOINT((69.421589,0.,-176.274854));
#6578=IFCCARTESIANPOINT((71.095691,0.,-176.334236));
#6579=IFCCARTESIANPOINT((72.750178,0.,-176.395057));
#6580=IFCCARTESIANPOINT((74.384811,0.,-176.457304));
#6581=IFCCARTESIANPOINT((75.999351,0.,-176.520963));
#6582=IFCCARTESIANPOINT((77.593557,0.,-176.586022));
#6583=IFCCARTESIANPOINT((79.167189,0.,-176.652468));
#6584=IFCCARTESIANPOINT((80.720008,0.,-176.720287));
#6585=IFCCARTESIANPOINT((82.251775,0.,-176.789468));
#6586=IFCCARTESIANPOINT((83.762249,0.,-176.859995));
#6587=IFCCARTESIANPOINT((85.251192,0.,-176.931858));
#6588=IFCCARTESIANPOINT((86.718362,0.,-177.005042));
#6589=IFCCARTESIANPOINT((88.163521,0.,-177.079535));
#6590=IFCCARTESIANPOINT((89.586428,0.,-177.155323));
#6591=IFCCARTESIANPOINT((90.985551,0.,-177.23232));
#6592=IFCCARTESIANPOINT((92.359337,0.,-177.310428));
#6593=IFCCARTESIANPOINT((93.707659,0.,-177.389627));
#6594=IFCCARTESIANPOINT((95.030387,0.,-177.469898));
#6595=IFCCARTESIANPOINT((96.327396,0.,-177.551221));
#6596=IFCCARTESIANPOINT((97.598558,0.,-177.633577));
#6597=IFCCARTESIANPOINT((98.843745,0.,-177.716946));
#6598=IFCCARTESIANPOINT((100.062829,0.,-177.801309));
#6599=IFCCARTESIANPOINT((101.255684,0.,-177.886645));
#6600=IFCCARTESIANPOINT((102.422182,0.,-177.972936));
#6601=IFCCARTESIANPOINT((103.562195,0.,-178.060162));
#6602=IFCCARTESIANPOINT((104.675595,0.,-178.148303));
#6603=IFCCARTESIANPOINT((105.762257,0.,-178.23734));
#6604=IFCCARTESIANPOINT((106.822051,0.,-178.327253));
#6605=IFCCARTESIANPOINT((107.85485,0.,-178.418023));
#6606=IFCCARTESIANPOINT((108.860528,0.,-178.509629));
#6607=IFCCARTESIANPOINT((109.838955,0.,-178.602053));
#6608=IFCCARTESIANPOINT((110.790006,0.,-178.695275));
#6609=IFCCARTESIANPOINT((111.713553,0.,-178.789275));
#6610=IFCCARTESIANPOINT((112.609468,0.,-178.884033));
#6611=IFCCARTESIANPOINT((113.477623,0.,-178.979531));
#6612=IFCCARTESIANPOINT((114.317891,0.,-179.075748));
#6613=IFCCARTESIANPOINT((115.130145,0.,-179.172665));
#6614=IFCCARTESIANPOINT((115.914257,0.,-179.270263));
#6615=IFCCARTESIANPOINT((116.669649,0.,-179.368456));
#6616=IFCCARTESIANPOINT((117.395529,0.,-179.467116));
#6617=IFCCARTESIANPOINT((118.09196,0.,-179.56623));
#6618=IFCCARTESIANPOINT((118.75902,0.,-179.665786));
#6619=IFCCARTESIANPOINT((119.396788,0.,-179.765771));
#6620=IFCCARTESIANPOINT((120.005343,0.,-179.866175));
#6621=IFCCARTESIANPOINT((120.584761,0.,-179.966985));
#6622=IFCCARTESIANPOINT((121.135122,0.,-180.068189));
#6623=IFCCARTESIANPOINT((121.656505,0.,-180.169776));
#6624=IFCCARTESIANPOINT((122.148987,0.,-180.271735));
#6625=IFCCARTESIANPOINT((122.612646,0.,-180.374052));
#6626=IFCCARTESIANPOINT((123.047562,0.,-180.476716));
#6627=IFCCARTESIANPOINT((123.453813,0.,-180.579717));
#6628=IFCCARTESIANPOINT((123.831476,0.,-180.68304));
#6629=IFCCARTESIANPOINT((124.18063,0.,-180.786676));
#6630=IFCCARTESIANPOINT((124.501354,0.,-180.890613));
#6631=IFCCARTESIANPOINT((124.793726,0.,-180.994837));
#6632=IFCCARTESIANPOINT((125.057824,0.,-181.099338));
#6633=IFCCARTESIANPOINT((125.293727,0.,-181.204104));
#6634=IFCCARTESIANPOINT((125.501513,0.,-181.309124));
#6635=IFCCARTESIANPOINT((125.681259,0.,-181.414384));
#6636=IFCCARTESIANPOINT((125.833046,0.,-181.519874));
#6637=IFCCARTESIANPOINT((125.95695,0.,-181.625581));
#6638=IFCPOLYLINE((#6639,#6640,#6641,#6642,#6643,#6644,#6645,#6646,#6647,#6648,#6649,#6650,#6651,#6652,#6653,#6654,#6655,#6656,#6657,#6658,#6659,#6660,#6661,#6662,#6663,#6664,#6665,#6666,#6667,#6668,#6669,#6670,#6671,#6672,#6673,#6674,#6675,#6676,#6677,#6678,#6679,#6680,#6681,#6682,#6683,#6684,#6685,#6686,#6687,#6688,#6689,#6690,#6691,#6692,#6693,#6694,#6695,#6696,#6697,#6698,#6699,#6700,#6701,#6702,#6703,#6704,#6705,#6706,#6707,#6708,#6709,#6710,#6711,#6712,#6713,#6714,#6715,#6716,#6717,#6718,#6719));
#6639=IFCCARTESIANPOINT((-0.000443,0.,-175.201156));
#6640=IFCCARTESIANPOINT((-2.923961,0.,-175.202775));
#6641=IFCCARTESIANPOINT((-5.809552,0.,-175.207583));
#6642=IFCCARTESIANPOINT((-8.657127,0.,-175.215501));
#6643=IFCCARTESIANPOINT((-11.466601,0.,-175.226454));
#6644=IFCCARTESIANPOINT((-14.237885,0.,-175.240364));
#6645=IFCCARTESIANPOINT((-16.970893,0.,-175.257154));
#6646=IFCCARTESIANPOINT((-19.665537,0.,-175.276749));
#6647=IFCCARTESIANPOINT((-22.321731,0.,-175.29907));
#6648=IFCCARTESIANPOINT((-24.939388,0.,-175.324042));
#6649=IFCCARTESIANPOINT((-27.518419,0.,-175.351586));
#6650=IFCCARTESIANPOINT((-30.058739,0.,-175.381627));
#6651=IFCCARTESIANPOINT((-32.56026,0.,-175.414088));
#6652=IFCCARTESIANPOINT((-35.022894,0.,-175.448892));
#6653=IFCCARTESIANPOINT((-37.446556,0.,-175.485961));
#6654=IFCCARTESIANPOINT((-39.831157,0.,-175.52522));
#6655=IFCCARTESIANPOINT((-42.17661,0.,-175.566591));
#6656=IFCCARTESIANPOINT((-44.482829,0.,-175.609997));
#6657=IFCCARTESIANPOINT((-46.749726,0.,-175.655363));
#6658=IFCCARTESIANPOINT((-48.977344,0.,-175.702613));
#6659=IFCCARTESIANPOINT((-51.175891,0.,-175.751916));
#6660=IFCCARTESIANPOINT((-53.351565,0.,-175.803394));
#6661=IFCCARTESIANPOINT((-55.503975,0.,-175.857027));
#6662=IFCCARTESIANPOINT((-57.632728,0.,-175.912793));
#6663=IFCCARTESIANPOINT((-59.737431,0.,-175.970674));
#6664=IFCCARTESIANPOINT((-61.817694,0.,-176.03065));
#6665=IFCCARTESIANPOINT((-63.873122,0.,-176.0927));
#6666=IFCCARTESIANPOINT((-65.903325,0.,-176.156805));
#6667=IFCCARTESIANPOINT((-67.90791,0.,-176.222944));
#6668=IFCCARTESIANPOINT((-69.886484,0.,-176.291098));
#6669=IFCCARTESIANPOINT((-71.838656,0.,-176.361247));
#6670=IFCCARTESIANPOINT((-73.764034,0.,-176.433371));
#6671=IFCCARTESIANPOINT((-75.662224,0.,-176.50745));
#6672=IFCCARTESIANPOINT((-77.532836,0.,-176.583463));
#6673=IFCCARTESIANPOINT((-79.375477,0.,-176.661392));
#6674=IFCCARTESIANPOINT((-81.189754,0.,-176.741215));
#6675=IFCCARTESIANPOINT((-82.975275,0.,-176.822914));
#6676=IFCCARTESIANPOINT((-84.731649,0.,-176.906468));
#6677=IFCCARTESIANPOINT((-86.458482,0.,-176.991858));
#6678=IFCCARTESIANPOINT((-88.155384,0.,-177.079062));
#6679=IFCCARTESIANPOINT((-89.820075,0.,-177.167957));
#6680=IFCCARTESIANPOINT((-91.450336,0.,-177.258406));
#6681=IFCCARTESIANPOINT((-93.045949,0.,-177.350378));
#6682=IFCCARTESIANPOINT((-94.606699,0.,-177.443841));
#6683=IFCCARTESIANPOINT((-96.132372,0.,-177.538763));
#6684=IFCCARTESIANPOINT((-97.622751,0.,-177.635113));
#6685=IFCCARTESIANPOINT((-99.077623,0.,-177.732858));
#6686=IFCCARTESIANPOINT((-100.49677,0.,-177.831968));
#6687=IFCCARTESIANPOINT((-101.879979,0.,-177.932411));
#6688=IFCCARTESIANPOINT((-103.227034,0.,-178.034154));
#6689=IFCCARTESIANPOINT((-104.537719,0.,-178.137167));
#6690=IFCCARTESIANPOINT((-105.811819,0.,-178.241418));
#6691=IFCCARTESIANPOINT((-107.04912,0.,-178.346874));
#6692=IFCCARTESIANPOINT((-108.249405,0.,-178.453505));
#6693=IFCCARTESIANPOINT((-109.412459,0.,-178.561279));
#6694=IFCCARTESIANPOINT((-110.538068,0.,-178.670164));
#6695=IFCCARTESIANPOINT((-111.626015,0.,-178.780128));
#6696=IFCCARTESIANPOINT((-112.676086,0.,-178.891139));
#6697=IFCCARTESIANPOINT((-113.688066,0.,-179.003167));
#6698=IFCCARTESIANPOINT((-114.661738,0.,-179.116179));
#6699=IFCCARTESIANPOINT((-115.596678,0.,-179.230115));
#6700=IFCCARTESIANPOINT((-116.491422,0.,-179.34476));
#6701=IFCCARTESIANPOINT((-117.345822,0.,-179.460058));
#6702=IFCCARTESIANPOINT((-118.159993,0.,-179.575992));
#6703=IFCCARTESIANPOINT((-118.934052,0.,-179.692543));
#6704=IFCCARTESIANPOINT((-119.668114,0.,-179.809691));
#6705=IFCCARTESIANPOINT((-120.362294,0.,-179.927416));
#6706=IFCCARTESIANPOINT((-121.016707,0.,-180.045701));
#6707=IFCCARTESIANPOINT((-121.631469,0.,-180.164526));
#6708=IFCCARTESIANPOINT((-122.206695,0.,-180.283871));
#6709=IFCCARTESIANPOINT((-122.742501,0.,-180.403719));
#6710=IFCCARTESIANPOINT((-123.239003,0.,-180.524048));
#6711=IFCCARTESIANPOINT((-123.696314,0.,-180.644842));
#6712=IFCCARTESIANPOINT((-124.114552,0.,-180.766079));
#6713=IFCCARTESIANPOINT((-124.493831,0.,-180.887742));
#6714=IFCCARTESIANPOINT((-124.834267,0.,-181.009811));
#6715=IFCCARTESIANPOINT((-125.135975,0.,-181.132268));
#6716=IFCCARTESIANPOINT((-125.39907,0.,-181.255092));
#6717=IFCCARTESIANPOINT((-125.623669,0.,-181.378265));
#6718=IFCCARTESIANPOINT((-125.809886,0.,-181.501768));
#6719=IFCCARTESIANPOINT((-125.957836,0.,-181.625581));
#6720=IFCPOLYLINE((#6721,#6722,#6723,#6724,#6725,#6726,#6727,#6728,#6729,#6730,#6731,#6732,#6733,#6734,#6735,#6736,#6737,#6738,#6739,#6740,#6741,#6742,#6743,#6744,#6745,#6746,#6747,#6748,#6749,#6750,#6751,#6752,#6753,#6754,#6755,#6756,#6757,#6758,#6759,#6760,#6761,#6762,#6763,#6764,#6765,#6766,#6767,#6768,#6769,#6770,#6771,#6772,#6773,#6774,#6775,#6776,#6777,#6778,#6779,#6780,#6781,#6782,#6783,#6784,#6785,#6786,#6787,#6788,#6789,#6790,#6791,#6792,#6793,#6794,#6795,#6796,#6797,#6798,#6799,#6800,#6801,#6802,#6803,#6804,#6805,#6806,#6807,#6808,#6809,#6810,#6811,#6812,#6813,#6814,#6815,#6816,#6817,#6818,#6819,#6820,#6821,#6822,#6823,#6824,#6825,#6826,#6827,#6828,#6829,#6830,#6831,#6832,#6833));
#6721=IFCCARTESIANPOINT((-174.630162,0.,-2.991086));
#6722=IFCCARTESIANPOINT((-174.596832,0.,-3.181528));
#6723=IFCCARTESIANPOINT((-174.563537,0.,-3.371936));
#6724=IFCCARTESIANPOINT((-174.530282,0.,-3.562282));
#6725=IFCCARTESIANPOINT((-174.497072,0.,-3.752536));
#6726=IFCCARTESIANPOINT((-174.463913,0.,-3.94267));
#6727=IFCCARTESIANPOINT((-174.430808,0.,-4.132654));
#6728=IFCCARTESIANPOINT((-174.397764,0.,-4.32246));
#6729=IFCCARTESIANPOINT((-174.364785,0.,-4.512058));
#6730=IFCCARTESIANPOINT((-174.331877,0.,-4.701418));
#6731=IFCCARTESIANPOINT((-174.299045,0.,-4.890513));
#6732=IFCCARTESIANPOINT((-174.266293,0.,-5.079313));
#6733=IFCCARTESIANPOINT((-174.233628,0.,-5.267789));
#6734=IFCCARTESIANPOINT((-174.201054,0.,-5.455911));
#6735=IFCCARTESIANPOINT((-174.168576,0.,-5.643652));
#6736=IFCCARTESIANPOINT((-174.136199,0.,-5.830981));
#6737=IFCCARTESIANPOINT((-174.103928,0.,-6.017869));
#6738=IFCCARTESIANPOINT((-174.07177,0.,-6.204289));
#6739=IFCCARTESIANPOINT((-174.039728,0.,-6.390209));
#6740=IFCCARTESIANPOINT((-174.007808,0.,-6.5756));
#6741=IFCCARTESIANPOINT((-173.976035,0.,-6.76032));
#6742=IFCCARTESIANPOINT((-173.944424,0.,-6.944278));
#6743=IFCCARTESIANPOINT((-173.91298,0.,-7.127445));
#6744=IFCCARTESIANPOINT((-173.881709,0.,-7.309796));
#6745=IFCCARTESIANPOINT((-173.850614,0.,-7.491301));
#6746=IFCCARTESIANPOINT((-173.819701,0.,-7.671935));
#6747=IFCCARTESIANPOINT((-173.788974,0.,-7.85167));
#6748=IFCCARTESIANPOINT((-173.758437,0.,-8.030479));
#6749=IFCCARTESIANPOINT((-173.728097,0.,-8.208335));
#6750=IFCCARTESIANPOINT((-173.697957,0.,-8.38521));
#6751=IFCCARTESIANPOINT((-173.668022,0.,-8.561077));
#6752=IFCCARTESIANPOINT((-173.638297,0.,-8.73591));
#6753=IFCCARTESIANPOINT((-173.608787,0.,-8.909679));
#6754=IFCCARTESIANPOINT((-173.579496,0.,-9.08236));
#6755=IFCCARTESIANPOINT((-173.550429,0.,-9.253924));
#6756=IFCCARTESIANPOINT((-173.521592,0.,-9.424344));
#6757=IFCCARTESIANPOINT((-173.492987,0.,-9.593592));
#6758=IFCCARTESIANPOINT((-173.464622,0.,-9.761643));
#6759=IFCCARTESIANPOINT((-173.436501,0.,-9.928455));
#6760=IFCCARTESIANPOINT((-173.408655,0.,-10.093857));
#6761=IFCCARTESIANPOINT((-173.381094,0.,-10.257786));
#6762=IFCCARTESIANPOINT((-173.353821,0.,-10.420219));
#6763=IFCCARTESIANPOINT((-173.326842,0.,-10.581135));
#6764=IFCCARTESIANPOINT((-173.300158,0.,-10.740511));
#6765=IFCCARTESIANPOINT((-173.273775,0.,-10.898325));
#6766=IFCCARTESIANPOINT((-173.247695,0.,-11.054556));
#6767=IFCCARTESIANPOINT((-173.221924,0.,-11.20918));
#6768=IFCCARTESIANPOINT((-173.196463,0.,-11.362175));
#6769=IFCCARTESIANPOINT((-173.171317,0.,-11.51352));
#6770=IFCCARTESIANPOINT((-173.146491,0.,-11.663193));
#6771=IFCCARTESIANPOINT((-173.121987,0.,-11.811171));
#6772=IFCCARTESIANPOINT((-173.097809,0.,-11.957431));
#6773=IFCCARTESIANPOINT((-173.073961,0.,-12.101953));
#6774=IFCCARTESIANPOINT((-173.050448,0.,-12.244714));
#6775=IFCCARTESIANPOINT((-173.027271,0.,-12.385691));
#6776=IFCCARTESIANPOINT((-173.004437,0.,-12.524862));
#6777=IFCCARTESIANPOINT((-172.981947,0.,-12.662206));
#6778=IFCCARTESIANPOINT((-172.959806,0.,-12.7977));
#6779=IFCCARTESIANPOINT((-172.938018,0.,-12.931322));
#6780=IFCCARTESIANPOINT((-172.916586,0.,-13.06305));
#6781=IFCCARTESIANPOINT((-172.895514,0.,-13.192862));
#6782=IFCCARTESIANPOINT((-172.874806,0.,-13.320735));
#6783=IFCCARTESIANPOINT((-172.854465,0.,-13.446648));
#6784=IFCCARTESIANPOINT((-172.834496,0.,-13.570578));
#6785=IFCCARTESIANPOINT((-172.814902,0.,-13.692503));
#6786=IFCCARTESIANPOINT((-172.795687,0.,-13.812401));
#6787=IFCCARTESIANPOINT((-172.776857,0.,-13.930234));
#6788=IFCCARTESIANPOINT((-172.758434,0.,-14.045868));
#6789=IFCCARTESIANPOINT((-172.740424,0.,-14.159263));
#6790=IFCCARTESIANPOINT((-172.722829,0.,-14.270407));
#6791=IFCCARTESIANPOINT((-172.705651,0.,-14.379284));
#6792=IFCCARTESIANPOINT((-172.688892,0.,-14.485882));
#6793=IFCCARTESIANPOINT((-172.672555,0.,-14.590187));
#6794=IFCCARTESIANPOINT((-172.656642,0.,-14.692183));
#6795=IFCCARTESIANPOINT((-172.641154,0.,-14.791859));
#6796=IFCCARTESIANPOINT((-172.626095,0.,-14.889199));
#6797=IFCCARTESIANPOINT((-172.611465,0.,-14.984191));
#6798=IFCCARTESIANPOINT((-172.597268,0.,-15.076819));
#6799=IFCCARTESIANPOINT((-172.583506,0.,-15.167071));
#6800=IFCCARTESIANPOINT((-172.57018,0.,-15.254932));
#6801=IFCCARTESIANPOINT((-172.557293,0.,-15.340388));
#6802=IFCCARTESIANPOINT((-172.544847,0.,-15.423426));
#6803=IFCCARTESIANPOINT((-172.532844,0.,-15.504032));
#6804=IFCCARTESIANPOINT((-172.521286,0.,-15.582191));
#6805=IFCCARTESIANPOINT((-172.510176,0.,-15.657891));
#6806=IFCCARTESIANPOINT((-172.499515,0.,-15.731116));
#6807=IFCCARTESIANPOINT((-172.489307,0.,-15.801854));
#6808=IFCCARTESIANPOINT((-172.479552,0.,-15.87009));
#6809=IFCCARTESIANPOINT((-172.470253,0.,-15.935811));
#6810=IFCCARTESIANPOINT((-172.461413,0.,-15.999002));
#6811=IFCCARTESIANPOINT((-172.453035,0.,-16.059637));
#6812=IFCCARTESIANPOINT((-172.445127,0.,-16.117655));
#6813=IFCCARTESIANPOINT((-172.437692,0.,-16.173046));
#6814=IFCCARTESIANPOINT((-172.430728,0.,-16.225806));
#6815=IFCCARTESIANPOINT((-172.424237,0.,-16.275928));
#6816=IFCCARTESIANPOINT((-172.41822,0.,-16.323409));
#6817=IFCCARTESIANPOINT((-172.412676,0.,-16.368243));
#6818=IFCCARTESIANPOINT((-172.407607,0.,-16.410424));
#6819=IFCCARTESIANPOINT((-172.403013,0.,-16.449947));
#6820=IFCCARTESIANPOINT((-172.398894,0.,-16.486808));
#6821=IFCCARTESIANPOINT((-172.395251,0.,-16.521001));
#6822=IFCCARTESIANPOINT((-172.392084,0.,-16.552521));
#6823=IFCCARTESIANPOINT((-172.389394,0.,-16.581363));
#6824=IFCCARTESIANPOINT((-172.387182,0.,-16.607521));
#6825=IFCCARTESIANPOINT((-172.385448,0.,-16.630991));
#6826=IFCCARTESIANPOINT((-172.384193,0.,-16.651767));
#6827=IFCCARTESIANPOINT((-172.383416,0.,-16.669844));
#6828=IFCCARTESIANPOINT((-172.383119,0.,-16.685218));
#6829=IFCCARTESIANPOINT((-172.383303,0.,-16.697882));
#6830=IFCCARTESIANPOINT((-172.383967,0.,-16.707832));
#6831=IFCCARTESIANPOINT((-172.385112,0.,-16.715062));
#6832=IFCCARTESIANPOINT((-172.386738,0.,-16.719566));
#6833=IFCCARTESIANPOINT((-172.388843,0.,-16.721342));
#6834=IFCPOLYLINE((#6835,#6836,#6837,#6838,#6839,#6840,#6841,#6842,#6843,#6844,#6845,#6846,#6847,#6848,#6849,#6850,#6851,#6852,#6853,#6854,#6855,#6856,#6857,#6858,#6859,#6860,#6861,#6862,#6863,#6864,#6865,#6866,#6867,#6868,#6869,#6870,#6871,#6872,#6873,#6874,#6875,#6876,#6877,#6878,#6879,#6880,#6881,#6882,#6883,#6884,#6885,#6886,#6887,#6888,#6889,#6890,#6891,#6892,#6893,#6894,#6895,#6896,#6897,#6898,#6899,#6900,#6901,#6902,#6903,#6904,#6905,#6906,#6907,#6908,#6909,#6910,#6911,#6912,#6913,#6914,#6915,#6916,#6917,#6918,#6919,#6920,#6921,#6922,#6923,#6924,#6925,#6926,#6927,#6928,#6929,#6930,#6931));
#6835=IFCCARTESIANPOINT((-174.630162,0.,-2.991086));
#6836=IFCCARTESIANPOINT((-174.667585,0.,-2.777453));
#6837=IFCCARTESIANPOINT((-174.704998,0.,-2.564086));
#6838=IFCCARTESIANPOINT((-174.742393,0.,-2.351027));
#6839=IFCCARTESIANPOINT((-174.779763,0.,-2.138315));
#6840=IFCCARTESIANPOINT((-174.817101,0.,-1.925993));
#6841=IFCCARTESIANPOINT((-174.8544,0.,-1.7141));
#6842=IFCCARTESIANPOINT((-174.891652,0.,-1.502678));
#6843=IFCCARTESIANPOINT((-174.928851,0.,-1.291767));
#6844=IFCCARTESIANPOINT((-174.965989,0.,-1.081408));
#6845=IFCCARTESIANPOINT((-175.003058,0.,-0.871642));
#6846=IFCCARTESIANPOINT((-175.040052,0.,-0.662509));
#6847=IFCCARTESIANPOINT((-175.076964,0.,-0.454051));
#6848=IFCCARTESIANPOINT((-175.113786,0.,-0.246308));
#6849=IFCCARTESIANPOINT((-175.15051,0.,-0.039321));
#6850=IFCCARTESIANPOINT((-175.187131,0.,0.16687));
#6851=IFCCARTESIANPOINT((-175.223639,0.,0.372223));
#6852=IFCCARTESIANPOINT((-175.260026,0.,0.576681));
#6853=IFCCARTESIANPOINT((-175.296256,0.,0.780044));
#6854=IFCCARTESIANPOINT((-175.332314,0.,0.982231));
#6855=IFCCARTESIANPOINT((-175.368194,0.,1.183205));
#6856=IFCCARTESIANPOINT((-175.403888,0.,1.38293));
#6857=IFCCARTESIANPOINT((-175.439391,0.,1.581366));
#6858=IFCCARTESIANPOINT((-175.474696,0.,1.778478));
#6859=IFCCARTESIANPOINT((-175.509796,0.,1.974227));
#6860=IFCCARTESIANPOINT((-175.544684,0.,2.168575));
#6861=IFCCARTESIANPOINT((-175.579353,0.,2.361486));
#6862=IFCCARTESIANPOINT((-175.613797,0.,2.552921));
#6863=IFCCARTESIANPOINT((-175.64801,0.,2.742843));
#6864=IFCCARTESIANPOINT((-175.681984,0.,2.931215));
#6865=IFCCARTESIANPOINT((-175.715713,0.,3.117998));
#6866=IFCCARTESIANPOINT((-175.749189,0.,3.303156));
#6867=IFCCARTESIANPOINT((-175.782408,0.,3.486651));
#6868=IFCCARTESIANPOINT((-175.815361,0.,3.668445));
#6869=IFCCARTESIANPOINT((-175.848028,0.,3.848425));
#6870=IFCCARTESIANPOINT((-175.880375,0.,4.026399));
#6871=IFCCARTESIANPOINT((-175.912394,0.,4.20233));
#6872=IFCCARTESIANPOINT((-175.944081,0.,4.37619));
#6873=IFCCARTESIANPOINT((-175.97543,0.,4.547948));
#6874=IFCCARTESIANPOINT((-176.006436,0.,4.717575));
#6875=IFCCARTESIANPOINT((-176.037094,0.,4.885041));
#6876=IFCCARTESIANPOINT((-176.067397,0.,5.050316));
#6877=IFCCARTESIANPOINT((-176.097341,0.,5.213371));
#6878=IFCCARTESIANPOINT((-176.126921,0.,5.374176));
#6879=IFCCARTESIANPOINT((-176.15613,0.,5.532701));
#6880=IFCCARTESIANPOINT((-176.184964,0.,5.688917));
#6881=IFCCARTESIANPOINT((-176.213418,0.,5.842793));
#6882=IFCCARTESIANPOINT((-176.241485,0.,5.994301));
#6883=IFCCARTESIANPOINT((-176.26916,0.,6.143409));
#6884=IFCCARTESIANPOINT((-176.296439,0.,6.29009));
#6885=IFCCARTESIANPOINT((-176.323315,0.,6.434312));
#6886=IFCCARTESIANPOINT((-176.349784,0.,6.576046));
#6887=IFCCARTESIANPOINT((-176.37584,0.,6.715263));
#6888=IFCCARTESIANPOINT((-176.401477,0.,6.851933));
#6889=IFCCARTESIANPOINT((-176.42669,0.,6.986026));
#6890=IFCCARTESIANPOINT((-176.451475,0.,7.117512));
#6891=IFCCARTESIANPOINT((-176.475825,0.,7.246361));
#6892=IFCCARTESIANPOINT((-176.499735,0.,7.372545));
#6893=IFCCARTESIANPOINT((-176.523199,0.,7.496033));
#6894=IFCCARTESIANPOINT((-176.5462,0.,7.616722));
#6895=IFCCARTESIANPOINT((-176.568711,0.,7.734486));
#6896=IFCCARTESIANPOINT((-176.590731,0.,7.849305));
#6897=IFCCARTESIANPOINT((-176.612256,0.,7.961163));
#6898=IFCCARTESIANPOINT((-176.633281,0.,8.070042));
#6899=IFCCARTESIANPOINT((-176.653805,0.,8.175924));
#6900=IFCCARTESIANPOINT((-176.673823,0.,8.278793));
#6901=IFCCARTESIANPOINT((-176.693333,0.,8.37863));
#6902=IFCCARTESIANPOINT((-176.712331,0.,8.475419));
#6903=IFCCARTESIANPOINT((-176.730814,0.,8.569142));
#6904=IFCCARTESIANPOINT((-176.748779,0.,8.659782));
#6905=IFCCARTESIANPOINT((-176.766221,0.,8.747321));
#6906=IFCCARTESIANPOINT((-176.783138,0.,8.831741));
#6907=IFCCARTESIANPOINT((-176.799528,0.,8.913026));
#6908=IFCCARTESIANPOINT((-176.815385,0.,8.991158));
#6909=IFCCARTESIANPOINT((-176.830707,0.,9.06612));
#6910=IFCCARTESIANPOINT((-176.845491,0.,9.137894));
#6911=IFCCARTESIANPOINT((-176.859733,0.,9.206463));
#6912=IFCCARTESIANPOINT((-176.873431,0.,9.271809));
#6913=IFCCARTESIANPOINT((-176.88658,0.,9.333915));
#6914=IFCCARTESIANPOINT((-176.899177,0.,9.392764));
#6915=IFCCARTESIANPOINT((-176.911218,0.,9.448328));
#6916=IFCCARTESIANPOINT((-176.922687,0.,9.500542));
#6917=IFCCARTESIANPOINT((-176.933583,0.,9.549394));
#6918=IFCCARTESIANPOINT((-176.943904,0.,9.594879));
#6919=IFCCARTESIANPOINT((-176.953649,0.,9.636994));
#6920=IFCCARTESIANPOINT((-176.962816,0.,9.675732));
#6921=IFCCARTESIANPOINT((-176.971405,0.,9.711089));
#6922=IFCCARTESIANPOINT((-176.979414,0.,9.74306));
#6923=IFCCARTESIANPOINT((-176.986842,0.,9.771641));
#6924=IFCCARTESIANPOINT((-176.993688,0.,9.796827));
#6925=IFCCARTESIANPOINT((-176.999951,0.,9.818613));
#6926=IFCCARTESIANPOINT((-177.005629,0.,9.836994));
#6927=IFCCARTESIANPOINT((-177.010721,0.,9.851965));
#6928=IFCCARTESIANPOINT((-177.015227,0.,9.863522));
#6929=IFCCARTESIANPOINT((-177.019144,0.,9.87166));
#6930=IFCCARTESIANPOINT((-177.022472,0.,9.876374));
#6931=IFCCARTESIANPOINT((-177.025209,0.,9.87766));
#6932=IFCPOLYLINE((#6933,#6934,#6935,#6936,#6937,#6938,#6939,#6940,#6941,#6942,#6943,#6944,#6945,#6946,#6947,#6948,#6949,#6950,#6951,#6952,#6953,#6954,#6955,#6956,#6957,#6958,#6959,#6960,#6961,#6962,#6963,#6964,#6965,#6966,#6967,#6968,#6969,#6970,#6971,#6972,#6973,#6974,#6975,#6976,#6977,#6978,#6979,#6980,#6981));
#6933=IFCCARTESIANPOINT((-125.957838,0.,-181.625581));
#6934=IFCCARTESIANPOINT((-126.372786,0.,-182.028974));
#6935=IFCCARTESIANPOINT((-126.778932,0.,-182.432362));
#6936=IFCCARTESIANPOINT((-127.176277,0.,-182.835748));
#6937=IFCCARTESIANPOINT((-127.564822,0.,-183.239134));
#6938=IFCCARTESIANPOINT((-127.944567,0.,-183.64252));
#6939=IFCCARTESIANPOINT((-128.315513,0.,-184.045908));
#6940=IFCCARTESIANPOINT((-128.677661,0.,-184.449299));
#6941=IFCCARTESIANPOINT((-129.031012,0.,-184.852696));
#6942=IFCCARTESIANPOINT((-129.375565,0.,-185.2561));
#6943=IFCCARTESIANPOINT((-129.711322,0.,-185.659511));
#6944=IFCCARTESIANPOINT((-130.038283,0.,-186.062933));
#6945=IFCCARTESIANPOINT((-130.356449,0.,-186.466365));
#6946=IFCCARTESIANPOINT((-130.665821,0.,-186.869811));
#6947=IFCCARTESIANPOINT((-130.966399,0.,-187.27327));
#6948=IFCCARTESIANPOINT((-131.258184,0.,-187.676745));
#6949=IFCCARTESIANPOINT((-131.541177,0.,-188.080237));
#6950=IFCCARTESIANPOINT((-131.815378,0.,-188.483748));
#6951=IFCCARTESIANPOINT((-132.080788,0.,-188.887279));
#6952=IFCCARTESIANPOINT((-132.337408,0.,-189.290832));
#6953=IFCCARTESIANPOINT((-132.585237,0.,-189.694408));
#6954=IFCCARTESIANPOINT((-132.824278,0.,-190.098008));
#6955=IFCCARTESIANPOINT((-133.05453,0.,-190.501635));
#6956=IFCCARTESIANPOINT((-133.275995,0.,-190.905289));
#6957=IFCCARTESIANPOINT((-133.488672,0.,-191.308973));
#6958=IFCCARTESIANPOINT((-133.692556,0.,-191.712678));
#6959=IFCCARTESIANPOINT((-133.887639,0.,-192.116393));
#6960=IFCCARTESIANPOINT((-134.073922,0.,-192.520119));
#6961=IFCCARTESIANPOINT((-134.251403,0.,-192.923856));
#6962=IFCCARTESIANPOINT((-134.420082,0.,-193.327602));
#6963=IFCCARTESIANPOINT((-134.579959,0.,-193.731358));
#6964=IFCCARTESIANPOINT((-134.731034,0.,-194.135123));
#6965=IFCCARTESIANPOINT((-134.873306,0.,-194.538897));
#6966=IFCCARTESIANPOINT((-135.006775,0.,-194.942678));
#6967=IFCCARTESIANPOINT((-135.131439,0.,-195.346468));
#6968=IFCCARTESIANPOINT((-135.2473,0.,-195.750265));
#6969=IFCCARTESIANPOINT((-135.354357,0.,-196.154069));
#6970=IFCCARTESIANPOINT((-135.452609,0.,-196.55788));
#6971=IFCCARTESIANPOINT((-135.542055,0.,-196.961697));
#6972=IFCCARTESIANPOINT((-135.622696,0.,-197.36552));
#6973=IFCCARTESIANPOINT((-135.694531,0.,-197.769348));
#6974=IFCCARTESIANPOINT((-135.75756,0.,-198.173181));
#6975=IFCCARTESIANPOINT((-135.811782,0.,-198.577019));
#6976=IFCCARTESIANPOINT((-135.857197,0.,-198.98086));
#6977=IFCCARTESIANPOINT((-135.893805,0.,-199.384706));
#6978=IFCCARTESIANPOINT((-135.921605,0.,-199.788555));
#6979=IFCCARTESIANPOINT((-135.940596,0.,-200.192407));
#6980=IFCCARTESIANPOINT((-135.950779,0.,-200.596261));
#6981=IFCCARTESIANPOINT((-135.952153,0.,-201.000118));
#6982=IFCPOLYLINE((#6983,#6984));
#6983=IFCCARTESIANPOINT((-121.80368,0.,-198.575514));
#6984=IFCCARTESIANPOINT((-122.141703,0.,-201.000117));
#6985=IFCPOLYLINE((#6986,#6987));
#6986=IFCCARTESIANPOINT((121.80279,0.,-198.575514));
#6987=IFCCARTESIANPOINT((122.140818,0.,-201.000118));
#6988=IFCPOLYLINE((#6989,#6990));
#6989=IFCCARTESIANPOINT((122.140818,0.,-201.000118));
#6990=IFCCARTESIANPOINT((135.951267,0.,-201.000118));
#6991=IFCPOLYLINE((#6992,#6993,#6994,#6995,#6996,#6997,#6998,#6999,#7000,#7001,#7002,#7003,#7004,#7005,#7006,#7007,#7008,#7009,#7010,#7011,#7012,#7013,#7014,#7015,#7016,#7017,#7018,#7019,#7020,#7021,#7022,#7023,#7024,#7025,#7026,#7027,#7028,#7029,#7030,#7031,#7032,#7033,#7034,#7035,#7036,#7037,#7038,#7039,#7040));
#6992=IFCCARTESIANPOINT((-172.850571,0.,-16.802757));
#6993=IFCCARTESIANPOINT((-172.170501,0.,-20.65633));
#6994=IFCCARTESIANPOINT((-171.486618,0.,-24.509422));
#6995=IFCCARTESIANPOINT((-170.798917,0.,-28.362052));
#6996=IFCCARTESIANPOINT((-170.107393,0.,-32.214242));
#6997=IFCCARTESIANPOINT((-169.412041,0.,-36.066011));
#6998=IFCCARTESIANPOINT((-168.712857,0.,-39.917382));
#6999=IFCCARTESIANPOINT((-168.009834,0.,-43.768373));
#7000=IFCCARTESIANPOINT((-167.302969,0.,-47.619006));
#7001=IFCCARTESIANPOINT((-166.592256,0.,-51.469301));
#7002=IFCCARTESIANPOINT((-165.87769,0.,-55.31928));
#7003=IFCCARTESIANPOINT((-165.159267,0.,-59.168961));
#7004=IFCCARTESIANPOINT((-164.436994,0.,-63.018295));
#7005=IFCCARTESIANPOINT((-163.710992,0.,-66.866643));
#7006=IFCCARTESIANPOINT((-162.981287,0.,-70.713867));
#7007=IFCCARTESIANPOINT((-162.247878,0.,-74.559989));
#7008=IFCCARTESIANPOINT((-161.510763,0.,-78.405029));
#7009=IFCCARTESIANPOINT((-160.769938,0.,-82.249009));
#7010=IFCCARTESIANPOINT((-160.025402,0.,-86.091948));
#7011=IFCCARTESIANPOINT((-159.277153,0.,-89.933868));
#7012=IFCCARTESIANPOINT((-158.525187,0.,-93.77479));
#7013=IFCCARTESIANPOINT((-157.769504,0.,-97.614735));
#7014=IFCCARTESIANPOINT((-157.0101,0.,-101.453723));
#7015=IFCCARTESIANPOINT((-156.246973,0.,-105.291776));
#7016=IFCCARTESIANPOINT((-155.480121,0.,-109.128914));
#7017=IFCCARTESIANPOINT((-154.709541,0.,-112.965158));
#7018=IFCCARTESIANPOINT((-153.935232,0.,-116.80053));
#7019=IFCCARTESIANPOINT((-153.157191,0.,-120.635049));
#7020=IFCCARTESIANPOINT((-152.375415,0.,-124.468737));
#7021=IFCCARTESIANPOINT((-151.589903,0.,-128.301615));
#7022=IFCCARTESIANPOINT((-150.800652,0.,-132.133704));
#7023=IFCCARTESIANPOINT((-150.00766,0.,-135.965024));
#7024=IFCCARTESIANPOINT((-149.210924,0.,-139.795596));
#7025=IFCCARTESIANPOINT((-148.410442,0.,-143.625442));
#7026=IFCCARTESIANPOINT((-147.606213,0.,-147.454581));
#7027=IFCCARTESIANPOINT((-146.798232,0.,-151.283036));
#7028=IFCCARTESIANPOINT((-145.986499,0.,-155.110827));
#7029=IFCCARTESIANPOINT((-145.171011,0.,-158.937975));
#7030=IFCCARTESIANPOINT((-144.351766,0.,-162.7645));
#7031=IFCCARTESIANPOINT((-143.528761,0.,-166.590424));
#7032=IFCCARTESIANPOINT((-142.701994,0.,-170.415767));
#7033=IFCCARTESIANPOINT((-141.871463,0.,-174.24055));
#7034=IFCCARTESIANPOINT((-141.037165,0.,-178.064795));
#7035=IFCCARTESIANPOINT((-140.199099,0.,-181.888522));
#7036=IFCCARTESIANPOINT((-139.357261,0.,-185.711752));
#7037=IFCCARTESIANPOINT((-138.51165,0.,-189.534505));
#7038=IFCCARTESIANPOINT((-137.662263,0.,-193.356804));
#7039=IFCCARTESIANPOINT((-136.809098,0.,-197.178668));
#7040=IFCCARTESIANPOINT((-135.952153,0.,-201.000118));
#7041=IFCPOLYLINE((#7042,#7043,#7044,#7045,#7046,#7047,#7048,#7049,#7050,#7051,#7052,#7053,#7054,#7055,#7056,#7057,#7058,#7059,#7060,#7061,#7062,#7063,#7064,#7065,#7066,#7067,#7068,#7069,#7070,#7071,#7072,#7073,#7074));
#7042=IFCCARTESIANPOINT((-188.513924,0.,78.999882));
#7043=IFCCARTESIANPOINT((-188.185891,0.,76.833226));
#7044=IFCCARTESIANPOINT((-187.856703,0.,74.666884));
#7045=IFCCARTESIANPOINT((-187.526361,0.,72.500852));
#7046=IFCCARTESIANPOINT((-187.194862,0.,70.335126));
#7047=IFCCARTESIANPOINT((-186.862207,0.,68.169703));
#7048=IFCCARTESIANPOINT((-186.528393,0.,66.004578));
#7049=IFCCARTESIANPOINT((-186.193421,0.,63.83975));
#7050=IFCCARTESIANPOINT((-185.85729,0.,61.675213));
#7051=IFCCARTESIANPOINT((-185.519998,0.,59.510964));
#7052=IFCCARTESIANPOINT((-185.181545,0.,57.347));
#7053=IFCCARTESIANPOINT((-184.84193,0.,55.183318));
#7054=IFCCARTESIANPOINT((-184.501152,0.,53.019912));
#7055=IFCCARTESIANPOINT((-184.15921,0.,50.856781));
#7056=IFCCARTESIANPOINT((-183.816103,0.,48.693919));
#7057=IFCCARTESIANPOINT((-183.471831,0.,46.531325));
#7058=IFCCARTESIANPOINT((-183.126392,0.,44.368993));
#7059=IFCCARTESIANPOINT((-182.779786,0.,42.206921));
#7060=IFCCARTESIANPOINT((-182.432011,0.,40.045105));
#7061=IFCCARTESIANPOINT((-182.083068,0.,37.883541));
#7062=IFCCARTESIANPOINT((-181.732954,0.,35.722225));
#7063=IFCCARTESIANPOINT((-181.38167,0.,33.561155));
#7064=IFCCARTESIANPOINT((-181.029214,0.,31.400326));
#7065=IFCCARTESIANPOINT((-180.675585,0.,29.239734));
#7066=IFCCARTESIANPOINT((-180.320783,0.,27.079377));
#7067=IFCCARTESIANPOINT((-179.964806,0.,24.919251));
#7068=IFCCARTESIANPOINT((-179.607654,0.,22.759351));
#7069=IFCCARTESIANPOINT((-179.249326,0.,20.599675));
#7070=IFCCARTESIANPOINT((-178.889821,0.,18.440219));
#7071=IFCCARTESIANPOINT((-178.529138,0.,16.280978));
#7072=IFCCARTESIANPOINT((-178.167277,0.,14.121951));
#7073=IFCCARTESIANPOINT((-177.804236,0.,11.963132));
#7074=IFCCARTESIANPOINT((-177.440014,0.,9.804519));
#7075=IFCPOLYLINE((#7076,#7077));
#7076=IFCCARTESIANPOINT((-135.952153,0.,-201.000118));
#7077=IFCCARTESIANPOINT((-122.141704,0.,-201.000117));
#7078=IFCPOLYLINE((#7079,#7080,#7081,#7082,#7083,#7084,#7085,#7086,#7087,#7088,#7089,#7090,#7091,#7092,#7093,#7094,#7095,#7096,#7097,#7098,#7099,#7100,#7101,#7102,#7103,#7104,#7105,#7106,#7107,#7108,#7109,#7110,#7111,#7112,#7113,#7114,#7115,#7116,#7117,#7118,#7119,#7120,#7121,#7122,#7123,#7124,#7125,#7126,#7127));
#7079=IFCCARTESIANPOINT((188.513038,0.,78.999882));
#7080=IFCCARTESIANPOINT((187.621112,0.,73.12713));
#7081=IFCCARTESIANPOINT((186.720693,0.,67.256637));
#7082=IFCCARTESIANPOINT((185.811764,0.,61.388331));
#7083=IFCCARTESIANPOINT((184.894306,0.,55.522139));
#7084=IFCCARTESIANPOINT((183.968303,0.,49.657991));
#7085=IFCCARTESIANPOINT((183.033736,0.,43.795814));
#7086=IFCCARTESIANPOINT((182.09059,0.,37.935537));
#7087=IFCCARTESIANPOINT((181.138845,0.,32.077087));
#7088=IFCCARTESIANPOINT((180.178486,0.,26.220392));
#7089=IFCCARTESIANPOINT((179.209494,0.,20.365382));
#7090=IFCCARTESIANPOINT((178.231852,0.,14.511984));
#7091=IFCCARTESIANPOINT((177.245543,0.,8.660126));
#7092=IFCCARTESIANPOINT((176.250548,0.,2.809737));
#7093=IFCCARTESIANPOINT((175.246852,0.,-3.039255));
#7094=IFCCARTESIANPOINT((174.234436,0.,-8.886923));
#7095=IFCCARTESIANPOINT((173.213283,0.,-14.733338));
#7096=IFCCARTESIANPOINT((172.183376,0.,-20.578572));
#7097=IFCCARTESIANPOINT((171.144697,0.,-26.422696));
#7098=IFCCARTESIANPOINT((170.097228,0.,-32.265782));
#7099=IFCCARTESIANPOINT((169.040953,0.,-38.107904));
#7100=IFCCARTESIANPOINT((167.975854,0.,-43.949131));
#7101=IFCCARTESIANPOINT((166.901913,0.,-49.789536));
#7102=IFCCARTESIANPOINT((165.819114,0.,-55.629191));
#7103=IFCCARTESIANPOINT((164.727438,0.,-61.468167));
#7104=IFCCARTESIANPOINT((163.627062,0.,-67.305515));
#7105=IFCCARTESIANPOINT((162.518169,0.,-73.140283));
#7106=IFCCARTESIANPOINT((161.400749,0.,-78.972545));
#7107=IFCCARTESIANPOINT((160.274796,0.,-84.802373));
#7108=IFCCARTESIANPOINT((159.140301,0.,-90.629841));
#7109=IFCCARTESIANPOINT((157.997256,0.,-96.455021));
#7110=IFCCARTESIANPOINT((156.845654,0.,-102.277986));
#7111=IFCCARTESIANPOINT((155.685485,0.,-108.098809));
#7112=IFCCARTESIANPOINT((154.516742,0.,-113.917562));
#7113=IFCCARTESIANPOINT((153.339418,0.,-119.73432));
#7114=IFCCARTESIANPOINT((152.153503,0.,-125.549154));
#7115=IFCCARTESIANPOINT((150.95899,0.,-131.362137));
#7116=IFCCARTESIANPOINT((149.755872,0.,-137.173343));
#7117=IFCCARTESIANPOINT((148.544139,0.,-142.982844));
#7118=IFCCARTESIANPOINT((147.323784,0.,-148.790713));
#7119=IFCCARTESIANPOINT((146.094799,0.,-154.597023));
#7120=IFCCARTESIANPOINT((144.857175,0.,-160.401846));
#7121=IFCCARTESIANPOINT((143.610906,0.,-166.205256));
#7122=IFCCARTESIANPOINT((142.355982,0.,-172.007326));
#7123=IFCCARTESIANPOINT((141.092395,0.,-177.808128));
#7124=IFCCARTESIANPOINT((139.820139,0.,-183.607736));
#7125=IFCCARTESIANPOINT((138.539204,0.,-189.406221));
#7126=IFCCARTESIANPOINT((137.249582,0.,-195.203658));
#7127=IFCCARTESIANPOINT((135.951267,0.,-201.000118));
#7128=IFCPOLYLINE((#7129,#7130,#7131,#7132,#7133,#7134,#7135,#7136,#7137,#7138,#7139,#7140,#7141,#7142,#7143,#7144,#7145,#7146,#7147,#7148,#7149,#7150,#7151,#7152,#7153,#7154,#7155,#7156,#7157,#7158,#7159,#7160,#7161,#7162,#7163,#7164,#7165,#7166,#7167,#7168,#7169,#7170,#7171,#7172,#7173,#7174,#7175,#7176,#7177));
#7129=IFCCARTESIANPOINT((125.956952,0.,-181.625581));
#7130=IFCCARTESIANPOINT((126.3719,0.,-182.028974));
#7131=IFCCARTESIANPOINT((126.778046,0.,-182.432362));
#7132=IFCCARTESIANPOINT((127.175391,0.,-182.835748));
#7133=IFCCARTESIANPOINT((127.563936,0.,-183.239134));
#7134=IFCCARTESIANPOINT((127.943681,0.,-183.64252));
#7135=IFCCARTESIANPOINT((128.314627,0.,-184.045908));
#7136=IFCCARTESIANPOINT((128.676775,0.,-184.449299));
#7137=IFCCARTESIANPOINT((129.030126,0.,-184.852696));
#7138=IFCCARTESIANPOINT((129.374679,0.,-185.2561));
#7139=IFCCARTESIANPOINT((129.710436,0.,-185.659511));
#7140=IFCCARTESIANPOINT((130.037397,0.,-186.062933));
#7141=IFCCARTESIANPOINT((130.355563,0.,-186.466365));
#7142=IFCCARTESIANPOINT((130.664935,0.,-186.869811));
#7143=IFCCARTESIANPOINT((130.965513,0.,-187.27327));
#7144=IFCCARTESIANPOINT((131.257298,0.,-187.676745));
#7145=IFCCARTESIANPOINT((131.540291,0.,-188.080237));
#7146=IFCCARTESIANPOINT((131.814492,0.,-188.483748));
#7147=IFCCARTESIANPOINT((132.079902,0.,-188.887279));
#7148=IFCCARTESIANPOINT((132.336522,0.,-189.290832));
#7149=IFCCARTESIANPOINT((132.584351,0.,-189.694408));
#7150=IFCCARTESIANPOINT((132.823392,0.,-190.098008));
#7151=IFCCARTESIANPOINT((133.053644,0.,-190.501635));
#7152=IFCCARTESIANPOINT((133.275109,0.,-190.905289));
#7153=IFCCARTESIANPOINT((133.487786,0.,-191.308973));
#7154=IFCCARTESIANPOINT((133.69167,0.,-191.712678));
#7155=IFCCARTESIANPOINT((133.886753,0.,-192.116393));
#7156=IFCCARTESIANPOINT((134.073036,0.,-192.520119));
#7157=IFCCARTESIANPOINT((134.250517,0.,-192.923856));
#7158=IFCCARTESIANPOINT((134.419196,0.,-193.327602));
#7159=IFCCARTESIANPOINT((134.579073,0.,-193.731358));
#7160=IFCCARTESIANPOINT((134.730148,0.,-194.135123));
#7161=IFCCARTESIANPOINT((134.87242,0.,-194.538897));
#7162=IFCCARTESIANPOINT((135.005889,0.,-194.942678));
#7163=IFCCARTESIANPOINT((135.130553,0.,-195.346468));
#7164=IFCCARTESIANPOINT((135.246414,0.,-195.750265));
#7165=IFCCARTESIANPOINT((135.353471,0.,-196.154069));
#7166=IFCCARTESIANPOINT((135.451723,0.,-196.55788));
#7167=IFCCARTESIANPOINT((135.541169,0.,-196.961697));
#7168=IFCCARTESIANPOINT((135.62181,0.,-197.36552));
#7169=IFCCARTESIANPOINT((135.693645,0.,-197.769348));
#7170=IFCCARTESIANPOINT((135.756674,0.,-198.173181));
#7171=IFCCARTESIANPOINT((135.810896,0.,-198.577019));
#7172=IFCCARTESIANPOINT((135.856311,0.,-198.98086));
#7173=IFCCARTESIANPOINT((135.892919,0.,-199.384706));
#7174=IFCCARTESIANPOINT((135.920719,0.,-199.788555));
#7175=IFCCARTESIANPOINT((135.93971,0.,-200.192407));
#7176=IFCCARTESIANPOINT((135.949893,0.,-200.596261));
#7177=IFCCARTESIANPOINT((135.951267,0.,-201.000118));
#7178=IFCPOLYLINE((#7179,#7180,#7181,#7182,#7183,#7184,#7185,#7186,#7187,#7188,#7189,#7190,#7191,#7192,#7193,#7194,#7195,#7196,#7197,#7198,#7199,#7200,#7201,#7202,#7203,#7204,#7205,#7206,#7207,#7208,#7209,#7210,#7211,#7212,#7213,#7214,#7215,#7216,#7217,#7218,#7219,#7220,#7221,#7222,#7223,#7224,#7225,#7226,#7227,#7228,#7229,#7230,#7231,#7232,#7233,#7234,#7235,#7236,#7237,#7238,#7239,#7240,#7241,#7242,#7243,#7244,#7245,#7246,#7247,#7248,#7249,#7250,#7251,#7252,#7253,#7254,#7255,#7256,#7257,#7258,#7259,#7260,#7261,#7262,#7263,#7264,#7265,#7266,#7267,#7268,#7269,#7270,#7271,#7272,#7273,#7274,#7275,#7276,#7277,#7278,#7279,#7280,#7281,#7282,#7283,#7284,#7285,#7286,#7287,#7288,#7289,#7290,#7291,#7292,#7293,#7294,#7295,#7296,#7297,#7298,#7299,#7300,#7301,#7302,#7303,#7304,#7305,#7306,#7307,#7308,#7309,#7310,#7311,#7312,#7313,#7314,#7315,#7316,#7317,#7318,#7319,#7320,#7321,#7322,#7323,#7324,#7325,#7326,#7327,#7328,#7329,#7330,#7331,#7332,#7333,#7334,#7335,#7336,#7337,#7338,#7339));
#7179=IFCCARTESIANPOINT((-179.90808,0.,135.295817));
#7180=IFCCARTESIANPOINT((-179.975761,0.,135.538931));
#7181=IFCCARTESIANPOINT((-180.044061,0.,135.784056));
#7182=IFCCARTESIANPOINT((-180.112913,0.,136.030967));
#7183=IFCCARTESIANPOINT((-180.182251,0.,136.279441));
#7184=IFCCARTESIANPOINT((-180.252009,0.,136.529252));
#7185=IFCCARTESIANPOINT((-180.322122,0.,136.780176));
#7186=IFCCARTESIANPOINT((-180.392524,0.,137.031988));
#7187=IFCCARTESIANPOINT((-180.463148,0.,137.284464));
#7188=IFCCARTESIANPOINT((-180.533929,0.,137.537378));
#7189=IFCCARTESIANPOINT((-180.6048,0.,137.790508));
#7190=IFCCARTESIANPOINT((-180.675696,0.,138.043627));
#7191=IFCCARTESIANPOINT((-180.746552,0.,138.296512));
#7192=IFCCARTESIANPOINT((-180.8173,0.,138.548938));
#7193=IFCCARTESIANPOINT((-180.887875,0.,138.800681));
#7194=IFCCARTESIANPOINT((-180.958211,0.,139.051515));
#7195=IFCCARTESIANPOINT((-181.028243,0.,139.301216));
#7196=IFCCARTESIANPOINT((-181.097904,0.,139.54956));
#7197=IFCCARTESIANPOINT((-181.167128,0.,139.796322));
#7198=IFCCARTESIANPOINT((-181.235849,0.,140.041277));
#7199=IFCCARTESIANPOINT((-181.304002,0.,140.284202));
#7200=IFCCARTESIANPOINT((-181.371521,0.,140.524871));
#7201=IFCCARTESIANPOINT((-181.438339,0.,140.763059));
#7202=IFCCARTESIANPOINT((-181.504391,0.,140.998544));
#7203=IFCCARTESIANPOINT((-181.569611,0.,141.231098));
#7204=IFCCARTESIANPOINT((-181.633932,0.,141.460499));
#7205=IFCCARTESIANPOINT((-181.69729,0.,141.686522));
#7206=IFCCARTESIANPOINT((-181.759617,0.,141.908942));
#7207=IFCCARTESIANPOINT((-181.820849,0.,142.127534));
#7208=IFCCARTESIANPOINT((-181.880919,0.,142.342074));
#7209=IFCCARTESIANPOINT((-181.939761,0.,142.552338));
#7210=IFCCARTESIANPOINT((-181.997309,0.,142.7581));
#7211=IFCCARTESIANPOINT((-182.053498,0.,142.959137));
#7212=IFCCARTESIANPOINT((-182.108261,0.,143.155223));
#7213=IFCCARTESIANPOINT((-182.161532,0.,143.346135));
#7214=IFCCARTESIANPOINT((-182.213246,0.,143.531647));
#7215=IFCCARTESIANPOINT((-182.263337,0.,143.711535));
#7216=IFCCARTESIANPOINT((-182.311739,0.,143.885575));
#7217=IFCCARTESIANPOINT((-182.358385,0.,144.053541));
#7218=IFCCARTESIANPOINT((-182.403211,0.,144.21521));
#7219=IFCCARTESIANPOINT((-182.446199,0.,144.370535));
#7220=IFCCARTESIANPOINT((-182.489155,0.,144.525971));
#7221=IFCCARTESIANPOINT((-182.532985,0.,144.684765));
#7222=IFCCARTESIANPOINT((-182.577654,0.,144.846801));
#7223=IFCCARTESIANPOINT((-182.623127,0.,145.011964));
#7224=IFCCARTESIANPOINT((-182.669368,0.,145.180139));
#7225=IFCCARTESIANPOINT((-182.716343,0.,145.351209));
#7226=IFCCARTESIANPOINT((-182.764016,0.,145.52506));
#7227=IFCCARTESIANPOINT((-182.812353,0.,145.701576));
#7228=IFCCARTESIANPOINT((-182.861318,0.,145.880641));
#7229=IFCCARTESIANPOINT((-182.910875,0.,146.06214));
#7230=IFCCARTESIANPOINT((-182.96099,0.,146.245958));
#7231=IFCCARTESIANPOINT((-183.011628,0.,146.431979));
#7232=IFCCARTESIANPOINT((-183.062754,0.,146.620088));
#7233=IFCCARTESIANPOINT((-183.114331,0.,146.810168));
#7234=IFCCARTESIANPOINT((-183.166326,0.,147.002106));
#7235=IFCCARTESIANPOINT((-183.218703,0.,147.195784));
#7236=IFCCARTESIANPOINT((-183.271427,0.,147.391088));
#7237=IFCCARTESIANPOINT((-183.324462,0.,147.587903));
#7238=IFCCARTESIANPOINT((-183.377775,0.,147.786112));
#7239=IFCCARTESIANPOINT((-183.431328,0.,147.9856));
#7240=IFCCARTESIANPOINT((-183.485088,0.,148.186252));
#7241=IFCCARTESIANPOINT((-183.539019,0.,148.387953));
#7242=IFCCARTESIANPOINT((-183.593086,0.,148.590586));
#7243=IFCCARTESIANPOINT((-183.647253,0.,148.794037));
#7244=IFCCARTESIANPOINT((-183.701487,0.,148.998189));
#7245=IFCCARTESIANPOINT((-183.755751,0.,149.202928));
#7246=IFCCARTESIANPOINT((-183.81001,0.,149.408138));
#7247=IFCCARTESIANPOINT((-183.86423,0.,149.613704));
#7248=IFCCARTESIANPOINT((-183.918375,0.,149.819509));
#7249=IFCCARTESIANPOINT((-183.972409,0.,150.025439));
#7250=IFCCARTESIANPOINT((-184.026299,0.,150.231378));
#7251=IFCCARTESIANPOINT((-184.080008,0.,150.43721));
#7252=IFCCARTESIANPOINT((-184.133501,0.,150.642821));
#7253=IFCCARTESIANPOINT((-184.186744,0.,150.848094));
#7254=IFCCARTESIANPOINT((-184.239702,0.,151.052914));
#7255=IFCCARTESIANPOINT((-184.292338,0.,151.257166));
#7256=IFCCARTESIANPOINT((-184.344618,0.,151.460734));
#7257=IFCCARTESIANPOINT((-184.396507,0.,151.663503));
#7258=IFCCARTESIANPOINT((-184.447969,0.,151.865357));
#7259=IFCCARTESIANPOINT((-184.499296,0.,152.067458));
#7260=IFCCARTESIANPOINT((-184.553688,0.,152.282441));
#7261=IFCCARTESIANPOINT((-184.611489,0.,152.511794));
#7262=IFCCARTESIANPOINT((-184.67204,0.,152.753281));
#7263=IFCCARTESIANPOINT((-184.734677,0.,153.004665));
#7264=IFCCARTESIANPOINT((-184.798862,0.,153.263712));
#7265=IFCCARTESIANPOINT((-184.864059,0.,153.528185));
#7266=IFCCARTESIANPOINT((-184.929733,0.,153.795849));
#7267=IFCCARTESIANPOINT((-184.99535,0.,154.064469));
#7268=IFCCARTESIANPOINT((-185.060375,0.,154.331809));
#7269=IFCCARTESIANPOINT((-185.124273,0.,154.595633));
#7270=IFCCARTESIANPOINT((-185.186508,0.,154.853706));
#7271=IFCCARTESIANPOINT((-185.246546,0.,155.103793));
#7272=IFCCARTESIANPOINT((-185.303853,0.,155.343658));
#7273=IFCCARTESIANPOINT((-185.357892,0.,155.571064));
#7274=IFCCARTESIANPOINT((-185.408129,0.,155.783778));
#7275=IFCCARTESIANPOINT((-185.454312,0.,155.980701));
#7276=IFCCARTESIANPOINT((-185.499051,0.,156.172322));
#7277=IFCCARTESIANPOINT((-185.54314,0.,156.361874));
#7278=IFCCARTESIANPOINT((-185.586618,0.,156.549551));
#7279=IFCCARTESIANPOINT((-185.629524,0.,156.73555));
#7280=IFCCARTESIANPOINT((-185.671898,0.,156.920065));
#7281=IFCCARTESIANPOINT((-185.713778,0.,157.103294));
#7282=IFCCARTESIANPOINT((-185.755204,0.,157.28543));
#7283=IFCCARTESIANPOINT((-185.796214,0.,157.466671));
#7284=IFCCARTESIANPOINT((-185.836848,0.,157.647211));
#7285=IFCCARTESIANPOINT((-185.877145,0.,157.827247));
#7286=IFCCARTESIANPOINT((-185.917144,0.,158.006973));
#7287=IFCCARTESIANPOINT((-185.956885,0.,158.186586));
#7288=IFCCARTESIANPOINT((-185.996405,0.,158.366282));
#7289=IFCCARTESIANPOINT((-186.035745,0.,158.546255));
#7290=IFCCARTESIANPOINT((-186.074943,0.,158.726701));
#7291=IFCCARTESIANPOINT((-186.114039,0.,158.907817));
#7292=IFCCARTESIANPOINT((-186.153072,0.,159.089798));
#7293=IFCCARTESIANPOINT((-186.19208,0.,159.272839));
#7294=IFCCARTESIANPOINT((-186.231104,0.,159.457136));
#7295=IFCCARTESIANPOINT((-186.270181,0.,159.642884));
#7296=IFCCARTESIANPOINT((-186.309352,0.,159.830281));
#7297=IFCCARTESIANPOINT((-186.348654,0.,160.01952));
#7298=IFCCARTESIANPOINT((-186.388128,0.,160.210798));
#7299=IFCCARTESIANPOINT((-186.427813,0.,160.40431));
#7300=IFCCARTESIANPOINT((-186.467747,0.,160.600252));
#7301=IFCCARTESIANPOINT((-186.50797,0.,160.79882));
#7302=IFCCARTESIANPOINT((-186.548521,0.,161.000209));
#7303=IFCCARTESIANPOINT((-186.589591,0.,161.205698));
#7304=IFCCARTESIANPOINT((-186.631532,0.,161.417854));
#7305=IFCCARTESIANPOINT((-186.674215,0.,161.636028));
#7306=IFCCARTESIANPOINT((-186.71749,0.,161.8594));
#7307=IFCCARTESIANPOINT((-186.761208,0.,162.087155));
#7308=IFCCARTESIANPOINT((-186.805215,0.,162.318474));
#7309=IFCCARTESIANPOINT((-186.849363,0.,162.552538));
#7310=IFCCARTESIANPOINT((-186.893499,0.,162.788532));
#7311=IFCCARTESIANPOINT((-186.937474,0.,163.025636));
#7312=IFCCARTESIANPOINT((-186.981135,0.,163.263034));
#7313=IFCCARTESIANPOINT((-187.024334,0.,163.499907));
#7314=IFCCARTESIANPOINT((-187.066918,0.,163.735438));
#7315=IFCCARTESIANPOINT((-187.108736,0.,163.96881));
#7316=IFCCARTESIANPOINT((-187.149639,0.,164.199204));
#7317=IFCCARTESIANPOINT((-187.189474,0.,164.425802));
#7318=IFCCARTESIANPOINT((-187.228092,0.,164.647788));
#7319=IFCCARTESIANPOINT((-187.265341,0.,164.864343));
#7320=IFCCARTESIANPOINT((-187.301071,0.,165.07465));
#7321=IFCCARTESIANPOINT((-187.335131,0.,165.277891));
#7322=IFCCARTESIANPOINT((-187.36755,0.,165.474118));
#7323=IFCCARTESIANPOINT((-187.399231,0.,165.667702));
#7324=IFCCARTESIANPOINT((-187.430365,0.,165.859716));
#7325=IFCCARTESIANPOINT((-187.461003,0.,166.050569));
#7326=IFCCARTESIANPOINT((-187.491194,0.,166.240672));
#7327=IFCCARTESIANPOINT((-187.52099,0.,166.430437));
#7328=IFCCARTESIANPOINT((-187.55044,0.,166.620273));
#7329=IFCCARTESIANPOINT((-187.579596,0.,166.810591));
#7330=IFCCARTESIANPOINT((-187.608507,0.,167.001802));
#7331=IFCCARTESIANPOINT((-187.637226,0.,167.194316));
#7332=IFCCARTESIANPOINT((-187.665801,0.,167.388543));
#7333=IFCCARTESIANPOINT((-187.694284,0.,167.584896));
#7334=IFCCARTESIANPOINT((-187.722725,0.,167.783783));
#7335=IFCCARTESIANPOINT((-187.751175,0.,167.985615));
#7336=IFCCARTESIANPOINT((-187.779685,0.,168.190804));
#7337=IFCCARTESIANPOINT((-187.808304,0.,168.399759));
#7338=IFCCARTESIANPOINT((-187.837084,0.,168.612891));
#7339=IFCCARTESIANPOINT((-187.866075,0.,168.830611));
#7340=IFCPOLYLINE((#7341,#7342,#7343,#7344,#7345,#7346,#7347,#7348,#7349,#7350,#7351,#7352,#7353,#7354,#7355,#7356,#7357,#7358,#7359,#7360,#7361,#7362,#7363,#7364,#7365,#7366,#7367,#7368,#7369,#7370,#7371,#7372,#7373,#7374,#7375,#7376,#7377,#7378,#7379,#7380,#7381,#7382,#7383,#7384,#7385,#7386,#7387,#7388,#7389,#7390,#7391,#7392,#7393,#7394,#7395,#7396,#7397,#7398,#7399,#7400,#7401,#7402,#7403,#7404,#7405,#7406,#7407,#7408,#7409,#7410,#7411,#7412,#7413,#7414,#7415,#7416,#7417,#7418,#7419,#7420,#7421,#7422,#7423,#7424,#7425,#7426,#7427,#7428,#7429,#7430,#7431,#7432,#7433,#7434,#7435,#7436,#7437,#7438,#7439,#7440,#7441,#7442,#7443,#7444,#7445,#7446,#7447,#7448,#7449,#7450,#7451,#7452,#7453,#7454,#7455,#7456,#7457,#7458,#7459,#7460,#7461,#7462,#7463,#7464,#7465,#7466,#7467,#7468,#7469));
#7341=IFCCARTESIANPOINT((-192.752384,0.,81.799689));
#7342=IFCCARTESIANPOINT((-192.758767,0.,81.801336));
#7343=IFCCARTESIANPOINT((-192.764959,0.,81.806274));
#7344=IFCCARTESIANPOINT((-192.77096,0.,81.814504));
#7345=IFCCARTESIANPOINT((-192.776768,0.,81.826023));
#7346=IFCCARTESIANPOINT((-192.782383,0.,81.84083));
#7347=IFCCARTESIANPOINT((-192.787803,0.,81.858923));
#7348=IFCCARTESIANPOINT((-192.793029,0.,81.880301));
#7349=IFCCARTESIANPOINT((-192.798058,0.,81.904961));
#7350=IFCCARTESIANPOINT((-192.802888,0.,81.932892));
#7351=IFCCARTESIANPOINT((-192.807519,0.,81.964089));
#7352=IFCCARTESIANPOINT((-192.81195,0.,81.998544));
#7353=IFCCARTESIANPOINT((-192.81618,0.,82.036255));
#7354=IFCCARTESIANPOINT((-192.820209,0.,82.077214));
#7355=IFCCARTESIANPOINT((-192.824035,0.,82.121417));
#7356=IFCCARTESIANPOINT((-192.827659,0.,82.168859));
#7357=IFCCARTESIANPOINT((-192.831079,0.,82.219533));
#7358=IFCCARTESIANPOINT((-192.834295,0.,82.273434));
#7359=IFCCARTESIANPOINT((-192.837305,0.,82.330528));
#7360=IFCCARTESIANPOINT((-192.840108,0.,82.390794));
#7361=IFCCARTESIANPOINT((-192.842704,0.,82.454221));
#7362=IFCCARTESIANPOINT((-192.845092,0.,82.520796));
#7363=IFCCARTESIANPOINT((-192.847272,0.,82.590509));
#7364=IFCCARTESIANPOINT((-192.849244,0.,82.663347));
#7365=IFCCARTESIANPOINT((-192.851008,0.,82.739298));
#7366=IFCCARTESIANPOINT((-192.852563,0.,82.818352));
#7367=IFCCARTESIANPOINT((-192.85391,0.,82.900496));
#7368=IFCCARTESIANPOINT((-192.855047,0.,82.985718));
#7369=IFCCARTESIANPOINT((-192.855975,0.,83.074007));
#7370=IFCCARTESIANPOINT((-192.856694,0.,83.165351));
#7371=IFCCARTESIANPOINT((-192.857202,0.,83.259739));
#7372=IFCCARTESIANPOINT((-192.857501,0.,83.357158));
#7373=IFCCARTESIANPOINT((-192.857589,0.,83.457597));
#7374=IFCCARTESIANPOINT((-192.857467,0.,83.561045));
#7375=IFCCARTESIANPOINT((-192.857133,0.,83.667489));
#7376=IFCCARTESIANPOINT((-192.856589,0.,83.776919));
#7377=IFCCARTESIANPOINT((-192.855833,0.,83.889321));
#7378=IFCCARTESIANPOINT((-192.854866,0.,84.004669));
#7379=IFCCARTESIANPOINT((-192.853688,0.,84.122851));
#7380=IFCCARTESIANPOINT((-192.852301,0.,84.24383));
#7381=IFCCARTESIANPOINT((-192.850703,0.,84.367585));
#7382=IFCCARTESIANPOINT((-192.848896,0.,84.494095));
#7383=IFCCARTESIANPOINT((-192.846881,0.,84.62334));
#7384=IFCCARTESIANPOINT((-192.844657,0.,84.755298));
#7385=IFCCARTESIANPOINT((-192.842226,0.,84.889948));
#7386=IFCCARTESIANPOINT((-192.839587,0.,85.02727));
#7387=IFCCARTESIANPOINT((-192.836742,0.,85.167242));
#7388=IFCCARTESIANPOINT((-192.83369,0.,85.309843));
#7389=IFCCARTESIANPOINT((-192.830432,0.,85.455053));
#7390=IFCCARTESIANPOINT((-192.826969,0.,85.602851));
#7391=IFCCARTESIANPOINT((-192.823301,0.,85.753215));
#7392=IFCCARTESIANPOINT((-192.819429,0.,85.906125));
#7393=IFCCARTESIANPOINT((-192.815352,0.,86.06156));
#7394=IFCCARTESIANPOINT((-192.811073,0.,86.219498));
#7395=IFCCARTESIANPOINT((-192.80659,0.,86.37992));
#7396=IFCCARTESIANPOINT((-192.801904,0.,86.542803));
#7397=IFCCARTESIANPOINT((-192.797016,0.,86.708127));
#7398=IFCCARTESIANPOINT((-192.791927,0.,86.875871));
#7399=IFCCARTESIANPOINT((-192.786637,0.,87.046014));
#7400=IFCCARTESIANPOINT((-192.781146,0.,87.218536));
#7401=IFCCARTESIANPOINT((-192.775454,0.,87.393414));
#7402=IFCCARTESIANPOINT((-192.769563,0.,87.570629));
#7403=IFCCARTESIANPOINT((-192.763473,0.,87.750159));
#7404=IFCCARTESIANPOINT((-192.757184,0.,87.931983));
#7405=IFCCARTESIANPOINT((-192.750696,0.,88.11608));
#7406=IFCCARTESIANPOINT((-192.744015,0.,88.302315));
#7407=IFCCARTESIANPOINT((-192.737146,0.,88.490544));
#7408=IFCCARTESIANPOINT((-192.730089,0.,88.680737));
#7409=IFCCARTESIANPOINT((-192.722846,0.,88.872867));
#7410=IFCCARTESIANPOINT((-192.715419,0.,89.066904));
#7411=IFCCARTESIANPOINT((-192.707808,0.,89.26282));
#7412=IFCCARTESIANPOINT((-192.700015,0.,89.460586));
#7413=IFCCARTESIANPOINT((-192.692041,0.,89.660173));
#7414=IFCCARTESIANPOINT((-192.683888,0.,89.861552));
#7415=IFCCARTESIANPOINT((-192.675557,0.,90.064695));
#7416=IFCCARTESIANPOINT((-192.667048,0.,90.269574));
#7417=IFCCARTESIANPOINT((-192.658364,0.,90.476158));
#7418=IFCCARTESIANPOINT((-192.649505,0.,90.68442));
#7419=IFCCARTESIANPOINT((-192.640473,0.,90.894331));
#7420=IFCCARTESIANPOINT((-192.63127,0.,91.105862));
#7421=IFCCARTESIANPOINT((-192.621895,0.,91.318984));
#7422=IFCCARTESIANPOINT((-192.612351,0.,91.533669));
#7423=IFCCARTESIANPOINT((-192.602639,0.,91.749888));
#7424=IFCCARTESIANPOINT((-192.59276,0.,91.967612));
#7425=IFCCARTESIANPOINT((-192.582716,0.,92.186813));
#7426=IFCCARTESIANPOINT((-192.572507,0.,92.407461));
#7427=IFCCARTESIANPOINT((-192.562136,0.,92.629528));
#7428=IFCCARTESIANPOINT((-192.551602,0.,92.852985));
#7429=IFCCARTESIANPOINT((-192.540908,0.,93.077804));
#7430=IFCCARTESIANPOINT((-192.530055,0.,93.303955));
#7431=IFCCARTESIANPOINT((-192.519044,0.,93.531411));
#7432=IFCCARTESIANPOINT((-192.507881,0.,93.760032));
#7433=IFCCARTESIANPOINT((-192.496576,0.,93.989661));
#7434=IFCCARTESIANPOINT((-192.485129,0.,94.220263));
#7435=IFCCARTESIANPOINT((-192.473542,0.,94.451807));
#7436=IFCCARTESIANPOINT((-192.461818,0.,94.684261));
#7437=IFCCARTESIANPOINT((-192.449958,0.,94.917591));
#7438=IFCCARTESIANPOINT((-192.437963,0.,95.151766));
#7439=IFCCARTESIANPOINT((-192.425836,0.,95.386753));
#7440=IFCCARTESIANPOINT((-192.413579,0.,95.622519));
#7441=IFCCARTESIANPOINT((-192.401193,0.,95.859033));
#7442=IFCCARTESIANPOINT((-192.38868,0.,96.096262));
#7443=IFCCARTESIANPOINT((-192.376043,0.,96.334173));
#7444=IFCCARTESIANPOINT((-192.363282,0.,96.572734));
#7445=IFCCARTESIANPOINT((-192.350399,0.,96.811912));
#7446=IFCCARTESIANPOINT((-192.337397,0.,97.051676));
#7447=IFCCARTESIANPOINT((-192.324277,0.,97.291992));
#7448=IFCCARTESIANPOINT((-192.311042,0.,97.532828));
#7449=IFCCARTESIANPOINT((-192.297692,0.,97.774153));
#7450=IFCCARTESIANPOINT((-192.28423,0.,98.015932));
#7451=IFCCARTESIANPOINT((-192.270661,0.,98.258067));
#7452=IFCCARTESIANPOINT((-192.256996,0.,98.500388));
#7453=IFCCARTESIANPOINT((-192.243235,0.,98.742857));
#7454=IFCCARTESIANPOINT((-192.229383,0.,98.985442));
#7455=IFCCARTESIANPOINT((-192.21544,0.,99.228109));
#7456=IFCCARTESIANPOINT((-192.201408,0.,99.470824));
#7457=IFCCARTESIANPOINT((-192.187291,0.,99.713556));
#7458=IFCCARTESIANPOINT((-192.173089,0.,99.956271));
#7459=IFCCARTESIANPOINT((-192.158806,0.,100.198935));
#7460=IFCCARTESIANPOINT((-192.144443,0.,100.441515));
#7461=IFCCARTESIANPOINT((-192.130002,0.,100.683979));
#7462=IFCCARTESIANPOINT((-192.115485,0.,100.926293));
#7463=IFCCARTESIANPOINT((-192.100895,0.,101.168424));
#7464=IFCCARTESIANPOINT((-192.086234,0.,101.410339));
#7465=IFCCARTESIANPOINT((-192.071504,0.,101.652004));
#7466=IFCCARTESIANPOINT((-192.056706,0.,101.893387));
#7467=IFCCARTESIANPOINT((-192.041843,0.,102.134454));
#7468=IFCCARTESIANPOINT((-192.026917,0.,102.375173));
#7469=IFCCARTESIANPOINT((-192.011931,0.,102.615509));
#7470=IFCPOLYLINE((#7471,#7472,#7473,#7474,#7475,#7476,#7477,#7478,#7479,#7480,#7481,#7482,#7483,#7484,#7485,#7486,#7487,#7488,#7489,#7490,#7491,#7492,#7493,#7494,#7495,#7496,#7497,#7498,#7499,#7500,#7501,#7502,#7503,#7504,#7505,#7506,#7507,#7508,#7509,#7510,#7511,#7512,#7513,#7514,#7515,#7516,#7517,#7518,#7519));
#7471=IFCCARTESIANPOINT((-179.90808,0.,135.295817));
#7472=IFCCARTESIANPOINT((-179.882322,0.,135.206367));
#7473=IFCCARTESIANPOINT((-179.854832,0.,135.11692));
#7474=IFCCARTESIANPOINT((-179.825611,0.,135.027476));
#7475=IFCCARTESIANPOINT((-179.794662,0.,134.938036));
#7476=IFCCARTESIANPOINT((-179.761987,0.,134.848601));
#7477=IFCCARTESIANPOINT((-179.727587,0.,134.759172));
#7478=IFCCARTESIANPOINT((-179.691465,0.,134.669749));
#7479=IFCCARTESIANPOINT((-179.653623,0.,134.580332));
#7480=IFCCARTESIANPOINT((-179.614062,0.,134.490923));
#7481=IFCCARTESIANPOINT((-179.572785,0.,134.401523));
#7482=IFCCARTESIANPOINT((-179.529793,0.,134.312131));
#7483=IFCCARTESIANPOINT((-179.485089,0.,134.222749));
#7484=IFCCARTESIANPOINT((-179.438674,0.,134.133378));
#7485=IFCCARTESIANPOINT((-179.390551,0.,134.044018));
#7486=IFCCARTESIANPOINT((-179.340721,0.,133.954669));
#7487=IFCCARTESIANPOINT((-179.289186,0.,133.865333));
#7488=IFCCARTESIANPOINT((-179.235948,0.,133.77601));
#7489=IFCCARTESIANPOINT((-179.18101,0.,133.686701));
#7490=IFCCARTESIANPOINT((-179.124373,0.,133.597407));
#7491=IFCCARTESIANPOINT((-179.066039,0.,133.508128));
#7492=IFCCARTESIANPOINT((-179.006011,0.,133.418865));
#7493=IFCCARTESIANPOINT((-178.944289,0.,133.329619));
#7494=IFCCARTESIANPOINT((-178.880877,0.,133.24039));
#7495=IFCCARTESIANPOINT((-178.815776,0.,133.151179));
#7496=IFCCARTESIANPOINT((-178.748986,0.,133.061985));
#7497=IFCCARTESIANPOINT((-178.680506,0.,132.972803));
#7498=IFCCARTESIANPOINT((-178.610338,0.,132.883637));
#7499=IFCCARTESIANPOINT((-178.538484,0.,132.794485));
#7500=IFCCARTESIANPOINT((-178.464945,0.,132.705348));
#7501=IFCCARTESIANPOINT((-178.389723,0.,132.616228));
#7502=IFCCARTESIANPOINT((-178.312819,0.,132.527123));
#7503=IFCCARTESIANPOINT((-178.234235,0.,132.438036));
#7504=IFCCARTESIANPOINT((-178.153972,0.,132.348967));
#7505=IFCCARTESIANPOINT((-178.072031,0.,132.259915));
#7506=IFCCARTESIANPOINT((-177.988415,0.,132.170882));
#7507=IFCCARTESIANPOINT((-177.903124,0.,132.081868));
#7508=IFCCARTESIANPOINT((-177.816161,0.,131.992874));
#7509=IFCCARTESIANPOINT((-177.727527,0.,131.903901));
#7510=IFCCARTESIANPOINT((-177.637222,0.,131.814948));
#7511=IFCCARTESIANPOINT((-177.54525,0.,131.726016));
#7512=IFCCARTESIANPOINT((-177.451611,0.,131.637107));
#7513=IFCCARTESIANPOINT((-177.356307,0.,131.54822));
#7514=IFCCARTESIANPOINT((-177.259339,0.,131.459356));
#7515=IFCCARTESIANPOINT((-177.160709,0.,131.370515));
#7516=IFCCARTESIANPOINT((-177.060419,0.,131.281699));
#7517=IFCCARTESIANPOINT((-176.958469,0.,131.192907));
#7518=IFCCARTESIANPOINT((-176.854862,0.,131.10414));
#7519=IFCCARTESIANPOINT((-176.749599,0.,131.0154));
#7520=IFCPOLYLINE((#7521,#7522,#7523,#7524,#7525,#7526,#7527,#7528,#7529,#7530,#7531,#7532,#7533,#7534,#7535,#7536,#7537,#7538,#7539,#7540,#7541,#7542,#7543,#7544,#7545,#7546,#7547,#7548,#7549,#7550,#7551,#7552,#7553,#7554,#7555,#7556,#7557,#7558,#7559,#7560,#7561,#7562,#7563,#7564,#7565,#7566,#7567,#7568,#7569,#7570,#7571,#7572,#7573,#7574,#7575,#7576,#7577,#7578,#7579,#7580,#7581,#7582,#7583,#7584,#7585,#7586,#7587,#7588,#7589,#7590,#7591,#7592,#7593,#7594,#7595,#7596,#7597,#7598,#7599,#7600,#7601,#7602,#7603,#7604,#7605,#7606,#7607,#7608,#7609,#7610,#7611,#7612,#7613,#7614,#7615,#7616,#7617,#7618,#7619,#7620,#7621,#7622,#7623,#7624,#7625,#7626,#7627,#7628,#7629,#7630,#7631,#7632,#7633,#7634,#7635,#7636,#7637,#7638,#7639,#7640,#7641,#7642,#7643,#7644,#7645,#7646,#7647,#7648,#7649,#7650,#7651,#7652,#7653,#7654,#7655,#7656,#7657,#7658,#7659,#7660,#7661,#7662,#7663,#7664,#7665,#7666,#7667,#7668,#7669,#7670,#7671,#7672,#7673));
#7521=IFCCARTESIANPOINT((-176.749599,0.,131.0154));
#7522=IFCCARTESIANPOINT((-176.642266,0.,130.926806));
#7523=IFCCARTESIANPOINT((-176.532122,0.,130.83822));
#7524=IFCCARTESIANPOINT((-176.41915,0.,130.74964));
#7525=IFCCARTESIANPOINT((-176.303332,0.,130.661066));
#7526=IFCCARTESIANPOINT((-176.184651,0.,130.572499));
#7527=IFCCARTESIANPOINT((-176.063089,0.,130.483938));
#7528=IFCCARTESIANPOINT((-175.938629,0.,130.395384));
#7529=IFCCARTESIANPOINT((-175.811253,0.,130.306835));
#7530=IFCCARTESIANPOINT((-175.680944,0.,130.218293));
#7531=IFCCARTESIANPOINT((-175.547683,0.,130.129756));
#7532=IFCCARTESIANPOINT((-175.411454,0.,130.041226));
#7533=IFCCARTESIANPOINT((-175.272239,0.,129.952702));
#7534=IFCCARTESIANPOINT((-175.13002,0.,129.864183));
#7535=IFCCARTESIANPOINT((-174.98478,0.,129.77567));
#7536=IFCCARTESIANPOINT((-174.836501,0.,129.687163));
#7537=IFCCARTESIANPOINT((-174.685166,0.,129.598662));
#7538=IFCCARTESIANPOINT((-174.530757,0.,129.510166));
#7539=IFCCARTESIANPOINT((-174.373257,0.,129.421675));
#7540=IFCCARTESIANPOINT((-174.212647,0.,129.33319));
#7541=IFCCARTESIANPOINT((-174.048911,0.,129.24471));
#7542=IFCCARTESIANPOINT((-173.882032,0.,129.156236));
#7543=IFCCARTESIANPOINT((-173.71199,0.,129.067767));
#7544=IFCCARTESIANPOINT((-173.538769,0.,128.979303));
#7545=IFCCARTESIANPOINT((-173.362352,0.,128.890844));
#7546=IFCCARTESIANPOINT((-173.182721,0.,128.802389));
#7547=IFCCARTESIANPOINT((-172.999857,0.,128.71394));
#7548=IFCCARTESIANPOINT((-172.813744,0.,128.625496));
#7549=IFCCARTESIANPOINT((-172.624365,0.,128.537056));
#7550=IFCCARTESIANPOINT((-172.431701,0.,128.448622));
#7551=IFCCARTESIANPOINT((-172.235735,0.,128.360191));
#7552=IFCCARTESIANPOINT((-172.036449,0.,128.271766));
#7553=IFCCARTESIANPOINT((-171.833826,0.,128.183345));
#7554=IFCCARTESIANPOINT((-171.627849,0.,128.094928));
#7555=IFCCARTESIANPOINT((-171.418499,0.,128.006516));
#7556=IFCCARTESIANPOINT((-171.20576,0.,127.918108));
#7557=IFCCARTESIANPOINT((-170.989613,0.,127.829704));
#7558=IFCCARTESIANPOINT((-170.770042,0.,127.741304));
#7559=IFCCARTESIANPOINT((-170.547028,0.,127.652908));
#7560=IFCCARTESIANPOINT((-170.320554,0.,127.564517));
#7561=IFCCARTESIANPOINT((-170.090603,0.,127.476129));
#7562=IFCCARTESIANPOINT((-169.857156,0.,127.387745));
#7563=IFCCARTESIANPOINT((-169.620197,0.,127.299365));
#7564=IFCCARTESIANPOINT((-169.379708,0.,127.210989));
#7565=IFCCARTESIANPOINT((-169.135671,0.,127.122616));
#7566=IFCCARTESIANPOINT((-168.888069,0.,127.034247));
#7567=IFCCARTESIANPOINT((-168.636881,0.,126.94588));
#7568=IFCCARTESIANPOINT((-168.382065,0.,126.857511));
#7569=IFCCARTESIANPOINT((-168.123585,0.,126.769138));
#7570=IFCCARTESIANPOINT((-167.861403,0.,126.680762));
#7571=IFCCARTESIANPOINT((-167.595481,0.,126.592382));
#7572=IFCCARTESIANPOINT((-167.325784,0.,126.503999));
#7573=IFCCARTESIANPOINT((-167.052273,0.,126.415611));
#7574=IFCCARTESIANPOINT((-166.774911,0.,126.327218));
#7575=IFCCARTESIANPOINT((-166.493662,0.,126.238821));
#7576=IFCCARTESIANPOINT((-166.208489,0.,126.150419));
#7577=IFCCARTESIANPOINT((-165.919354,0.,126.062011));
#7578=IFCCARTESIANPOINT((-165.62622,0.,125.973598));
#7579=IFCCARTESIANPOINT((-165.32905,0.,125.88518));
#7580=IFCCARTESIANPOINT((-165.027807,0.,125.796755));
#7581=IFCCARTESIANPOINT((-164.722454,0.,125.708325));
#7582=IFCCARTESIANPOINT((-164.412954,0.,125.619888));
#7583=IFCCARTESIANPOINT((-164.099269,0.,125.531444));
#7584=IFCCARTESIANPOINT((-163.781364,0.,125.442993));
#7585=IFCCARTESIANPOINT((-163.4592,0.,125.354536));
#7586=IFCCARTESIANPOINT((-163.13274,0.,125.26607));
#7587=IFCCARTESIANPOINT((-162.801947,0.,125.177598));
#7588=IFCCARTESIANPOINT((-162.466785,0.,125.089117));
#7589=IFCCARTESIANPOINT((-162.127216,0.,125.000628));
#7590=IFCCARTESIANPOINT((-161.783203,0.,124.912131));
#7591=IFCCARTESIANPOINT((-161.434709,0.,124.823625));
#7592=IFCCARTESIANPOINT((-161.081697,0.,124.73511));
#7593=IFCCARTESIANPOINT((-160.72413,0.,124.646586));
#7594=IFCCARTESIANPOINT((-160.36197,0.,124.558053));
#7595=IFCCARTESIANPOINT((-159.995181,0.,124.46951));
#7596=IFCCARTESIANPOINT((-159.623726,0.,124.380958));
#7597=IFCCARTESIANPOINT((-159.247566,0.,124.292395));
#7598=IFCCARTESIANPOINT((-158.866666,0.,124.203822));
#7599=IFCCARTESIANPOINT((-158.480956,0.,124.11524));
#7600=IFCCARTESIANPOINT((-158.090364,0.,124.02665));
#7601=IFCCARTESIANPOINT((-157.694839,0.,123.938053));
#7602=IFCCARTESIANPOINT((-157.294326,0.,123.84945));
#7603=IFCCARTESIANPOINT((-156.888773,0.,123.76084));
#7604=IFCCARTESIANPOINT((-156.478127,0.,123.672226));
#7605=IFCCARTESIANPOINT((-156.062335,0.,123.583607));
#7606=IFCCARTESIANPOINT((-155.641345,0.,123.494984));
#7607=IFCCARTESIANPOINT((-155.215104,0.,123.406358));
#7608=IFCCARTESIANPOINT((-154.783557,0.,123.31773));
#7609=IFCCARTESIANPOINT((-154.346654,0.,123.229099));
#7610=IFCCARTESIANPOINT((-153.904387,0.,123.140476));
#7611=IFCCARTESIANPOINT((-153.456846,0.,123.051887));
#7612=IFCCARTESIANPOINT((-153.003993,0.,122.963338));
#7613=IFCCARTESIANPOINT((-152.54578,0.,122.874832));
#7614=IFCCARTESIANPOINT((-152.082159,0.,122.786373));
#7615=IFCCARTESIANPOINT((-151.613082,0.,122.697963));
#7616=IFCCARTESIANPOINT((-151.138502,0.,122.609606));
#7617=IFCCARTESIANPOINT((-150.65837,0.,122.521306));
#7618=IFCCARTESIANPOINT((-150.172639,0.,122.433065));
#7619=IFCCARTESIANPOINT((-149.68126,0.,122.344888));
#7620=IFCCARTESIANPOINT((-149.184186,0.,122.256777));
#7621=IFCCARTESIANPOINT((-148.681368,0.,122.168736));
#7622=IFCCARTESIANPOINT((-148.17276,0.,122.080768));
#7623=IFCCARTESIANPOINT((-147.658312,0.,121.992877));
#7624=IFCCARTESIANPOINT((-147.137978,0.,121.905066));
#7625=IFCCARTESIANPOINT((-146.611709,0.,121.817338));
#7626=IFCCARTESIANPOINT((-146.079457,0.,121.729697));
#7627=IFCCARTESIANPOINT((-145.541174,0.,121.642146));
#7628=IFCCARTESIANPOINT((-144.996814,0.,121.554688));
#7629=IFCCARTESIANPOINT((-144.446326,0.,121.467326));
#7630=IFCCARTESIANPOINT((-143.889674,0.,121.380061));
#7631=IFCCARTESIANPOINT((-143.326789,0.,121.292871));
#7632=IFCCARTESIANPOINT((-142.757489,0.,121.205749));
#7633=IFCCARTESIANPOINT((-142.181581,0.,121.118687));
#7634=IFCCARTESIANPOINT((-141.598871,0.,121.031678));
#7635=IFCCARTESIANPOINT((-141.009169,0.,120.944717));
#7636=IFCCARTESIANPOINT((-140.41228,0.,120.857796));
#7637=IFCCARTESIANPOINT((-139.808013,0.,120.770909));
#7638=IFCCARTESIANPOINT((-139.196174,0.,120.684049));
#7639=IFCCARTESIANPOINT((-138.576571,0.,120.597209));
#7640=IFCCARTESIANPOINT((-137.949012,0.,120.510382));
#7641=IFCCARTESIANPOINT((-137.313303,0.,120.423563));
#7642=IFCCARTESIANPOINT((-136.669253,0.,120.336744));
#7643=IFCCARTESIANPOINT((-136.016668,0.,120.249918));
#7644=IFCCARTESIANPOINT((-135.355356,0.,120.16308));
#7645=IFCCARTESIANPOINT((-134.685124,0.,120.076222));
#7646=IFCCARTESIANPOINT((-134.005779,0.,119.989337));
#7647=IFCCARTESIANPOINT((-133.31713,0.,119.902419));
#7648=IFCCARTESIANPOINT((-132.618983,0.,119.815461));
#7649=IFCCARTESIANPOINT((-131.911145,0.,119.728457));
#7650=IFCCARTESIANPOINT((-131.193425,0.,119.641399));
#7651=IFCCARTESIANPOINT((-130.465629,0.,119.554282));
#7652=IFCCARTESIANPOINT((-129.727565,0.,119.467092));
#7653=IFCCARTESIANPOINT((-128.978954,0.,119.379806));
#7654=IFCCARTESIANPOINT((-128.219427,0.,119.292428));
#7655=IFCCARTESIANPOINT((-127.448611,0.,119.204958));
#7656=IFCCARTESIANPOINT((-126.666132,0.,119.1174));
#7657=IFCCARTESIANPOINT((-125.871618,0.,119.029757));
#7658=IFCCARTESIANPOINT((-125.064695,0.,118.94203));
#7659=IFCCARTESIANPOINT((-124.244991,0.,118.854224));
#7660=IFCCARTESIANPOINT((-123.412132,0.,118.766341));
#7661=IFCCARTESIANPOINT((-122.565745,0.,118.678382));
#7662=IFCCARTESIANPOINT((-121.705457,0.,118.590352));
#7663=IFCCARTESIANPOINT((-120.830896,0.,118.502253));
#7664=IFCCARTESIANPOINT((-119.941688,0.,118.414087));
#7665=IFCCARTESIANPOINT((-119.037461,0.,118.325857));
#7666=IFCCARTESIANPOINT((-118.11784,0.,118.237566));
#7667=IFCCARTESIANPOINT((-117.182453,0.,118.149217));
#7668=IFCCARTESIANPOINT((-116.230928,0.,118.060812));
#7669=IFCCARTESIANPOINT((-115.262891,0.,117.972354));
#7670=IFCCARTESIANPOINT((-114.277968,0.,117.883846));
#7671=IFCCARTESIANPOINT((-113.275787,0.,117.79529));
#7672=IFCCARTESIANPOINT((-112.255976,0.,117.706689));
#7673=IFCCARTESIANPOINT((-111.21816,0.,117.618047));
#7674=IFCPOLYLINE((#7675,#7676,#7677,#7678,#7679,#7680,#7681,#7682,#7683,#7684,#7685,#7686,#7687,#7688,#7689,#7690,#7691,#7692,#7693,#7694,#7695,#7696,#7697,#7698,#7699,#7700,#7701,#7702,#7703,#7704,#7705,#7706,#7707,#7708,#7709,#7710,#7711,#7712,#7713,#7714,#7715,#7716,#7717,#7718,#7719,#7720,#7721,#7722,#7723,#7724,#7725,#7726,#7727,#7728,#7729,#7730,#7731,#7732,#7733,#7734,#7735,#7736,#7737,#7738,#7739,#7740,#7741,#7742,#7743,#7744,#7745,#7746,#7747,#7748,#7749,#7750,#7751,#7752,#7753,#7754,#7755,#7756,#7757,#7758,#7759,#7760,#7761,#7762,#7763,#7764,#7765,#7766,#7767,#7768,#7769,#7770,#7771,#7772,#7773,#7774,#7775,#7776,#7777,#7778,#7779,#7780,#7781,#7782,#7783,#7784,#7785,#7786,#7787,#7788,#7789,#7790,#7791,#7792,#7793,#7794,#7795,#7796,#7797,#7798,#7799,#7800,#7801,#7802,#7803));
#7675=IFCCARTESIANPOINT((-0.000443,0.,113.644689));
#7676=IFCCARTESIANPOINT((-0.98723,0.,113.644738));
#7677=IFCCARTESIANPOINT((-1.973433,0.,113.645319));
#7678=IFCCARTESIANPOINT((-2.959022,0.,113.64643));
#7679=IFCCARTESIANPOINT((-3.943964,0.,113.648071));
#7680=IFCCARTESIANPOINT((-4.928228,0.,113.650241));
#7681=IFCCARTESIANPOINT((-5.911784,0.,113.65294));
#7682=IFCCARTESIANPOINT((-6.8946,0.,113.656167));
#7683=IFCCARTESIANPOINT((-7.876644,0.,113.65992));
#7684=IFCCARTESIANPOINT((-8.857886,0.,113.664201));
#7685=IFCCARTESIANPOINT((-9.838294,0.,113.669006));
#7686=IFCCARTESIANPOINT((-10.817837,0.,113.674337));
#7687=IFCCARTESIANPOINT((-11.796483,0.,113.680193));
#7688=IFCCARTESIANPOINT((-12.774201,0.,113.686572));
#7689=IFCCARTESIANPOINT((-13.75096,0.,113.693473));
#7690=IFCCARTESIANPOINT((-14.726729,0.,113.700897));
#7691=IFCCARTESIANPOINT((-15.701477,0.,113.708843));
#7692=IFCCARTESIANPOINT((-16.675171,0.,113.71731));
#7693=IFCCARTESIANPOINT((-17.647781,0.,113.726296));
#7694=IFCCARTESIANPOINT((-18.619276,0.,113.735802));
#7695=IFCCARTESIANPOINT((-19.589624,0.,113.745827));
#7696=IFCCARTESIANPOINT((-20.558794,0.,113.75637));
#7697=IFCCARTESIANPOINT((-21.526755,0.,113.76743));
#7698=IFCCARTESIANPOINT((-22.493475,0.,113.779007));
#7699=IFCCARTESIANPOINT((-23.458923,0.,113.7911));
#7700=IFCCARTESIANPOINT((-24.423068,0.,113.803709));
#7701=IFCCARTESIANPOINT((-25.385878,0.,113.816832));
#7702=IFCCARTESIANPOINT((-26.347323,0.,113.830468));
#7703=IFCCARTESIANPOINT((-27.30737,0.,113.844618));
#7704=IFCCARTESIANPOINT((-28.265989,0.,113.859281));
#7705=IFCCARTESIANPOINT((-29.223149,0.,113.874455));
#7706=IFCCARTESIANPOINT((-30.178818,0.,113.89014));
#7707=IFCCARTESIANPOINT((-31.132965,0.,113.906336));
#7708=IFCCARTESIANPOINT((-32.085558,0.,113.923042));
#7709=IFCCARTESIANPOINT((-33.036566,0.,113.940256));
#7710=IFCCARTESIANPOINT((-33.985958,0.,113.957979));
#7711=IFCCARTESIANPOINT((-34.933704,0.,113.976209));
#7712=IFCCARTESIANPOINT((-35.87977,0.,113.994947));
#7713=IFCCARTESIANPOINT((-36.824127,0.,114.01419));
#7714=IFCCARTESIANPOINT((-37.766733,0.,114.03394));
#7715=IFCCARTESIANPOINT((-38.707547,0.,114.054195));
#7716=IFCCARTESIANPOINT((-39.646558,0.,114.074955));
#7717=IFCCARTESIANPOINT((-40.583754,0.,114.096219));
#7718=IFCCARTESIANPOINT((-41.519125,0.,114.117986));
#7719=IFCCARTESIANPOINT((-42.452659,0.,114.140256));
#7720=IFCCARTESIANPOINT((-43.384346,0.,114.163027));
#7721=IFCCARTESIANPOINT((-44.314175,0.,114.186299));
#7722=IFCCARTESIANPOINT((-45.242136,0.,114.210071));
#7723=IFCCARTESIANPOINT((-46.168216,0.,114.234342));
#7724=IFCCARTESIANPOINT((-47.092405,0.,114.259112));
#7725=IFCCARTESIANPOINT((-48.014692,0.,114.284379));
#7726=IFCCARTESIANPOINT((-48.935067,0.,114.310143));
#7727=IFCCARTESIANPOINT((-49.853519,0.,114.336403));
#7728=IFCCARTESIANPOINT((-50.770035,0.,114.363158));
#7729=IFCCARTESIANPOINT((-51.684607,0.,114.390407));
#7730=IFCCARTESIANPOINT((-52.597222,0.,114.41815));
#7731=IFCCARTESIANPOINT((-53.50787,0.,114.446386));
#7732=IFCCARTESIANPOINT((-54.416539,0.,114.475113));
#7733=IFCCARTESIANPOINT((-55.32322,0.,114.504332));
#7734=IFCCARTESIANPOINT((-56.227901,0.,114.53404));
#7735=IFCCARTESIANPOINT((-57.130571,0.,114.564239));
#7736=IFCCARTESIANPOINT((-58.031219,0.,114.594925));
#7737=IFCCARTESIANPOINT((-58.929806,0.,114.6261));
#7738=IFCCARTESIANPOINT((-59.826265,0.,114.657762));
#7739=IFCCARTESIANPOINT((-60.720539,0.,114.68991));
#7740=IFCCARTESIANPOINT((-61.612571,0.,114.722543));
#7741=IFCCARTESIANPOINT((-62.502304,0.,114.755662));
#7742=IFCCARTESIANPOINT((-63.389682,0.,114.789263));
#7743=IFCCARTESIANPOINT((-64.274648,0.,114.823348));
#7744=IFCCARTESIANPOINT((-65.157146,0.,114.857915));
#7745=IFCCARTESIANPOINT((-66.03712,0.,114.892964));
#7746=IFCCARTESIANPOINT((-66.914511,0.,114.928492));
#7747=IFCCARTESIANPOINT((-67.789265,0.,114.964501));
#7748=IFCCARTESIANPOINT((-68.661324,0.,115.000989));
#7749=IFCCARTESIANPOINT((-69.530632,0.,115.037954));
#7750=IFCCARTESIANPOINT((-70.397132,0.,115.075398));
#7751=IFCCARTESIANPOINT((-71.260767,0.,115.113317));
#7752=IFCCARTESIANPOINT((-72.121486,0.,115.151711));
#7753=IFCCARTESIANPOINT((-72.97926,0.,115.190567));
#7754=IFCCARTESIANPOINT((-73.834046,0.,115.229881));
#7755=IFCCARTESIANPOINT((-74.685801,0.,115.269648));
#7756=IFCCARTESIANPOINT((-75.534482,0.,115.309863));
#7757=IFCCARTESIANPOINT((-76.380043,0.,115.35052));
#7758=IFCCARTESIANPOINT((-77.222442,0.,115.391617));
#7759=IFCCARTESIANPOINT((-78.061635,0.,115.433147));
#7760=IFCCARTESIANPOINT((-78.897577,0.,115.475106));
#7761=IFCCARTESIANPOINT((-79.730226,0.,115.517489));
#7762=IFCCARTESIANPOINT((-80.559536,0.,115.560292));
#7763=IFCCARTESIANPOINT((-81.385464,0.,115.60351));
#7764=IFCCARTESIANPOINT((-82.207966,0.,115.647137));
#7765=IFCCARTESIANPOINT((-83.026999,0.,115.69117));
#7766=IFCCARTESIANPOINT((-83.842518,0.,115.735604));
#7767=IFCCARTESIANPOINT((-84.65448,0.,115.780433));
#7768=IFCCARTESIANPOINT((-85.462841,0.,115.825654));
#7769=IFCCARTESIANPOINT((-86.267556,0.,115.871261));
#7770=IFCCARTESIANPOINT((-87.068583,0.,115.917249));
#7771=IFCCARTESIANPOINT((-87.865877,0.,115.963615));
#7772=IFCCARTESIANPOINT((-88.659394,0.,116.010352));
#7773=IFCCARTESIANPOINT((-89.44909,0.,116.057458));
#7774=IFCCARTESIANPOINT((-90.234922,0.,116.104925));
#7775=IFCCARTESIANPOINT((-91.016845,0.,116.152751));
#7776=IFCCARTESIANPOINT((-91.794817,0.,116.20093));
#7777=IFCCARTESIANPOINT((-92.568792,0.,116.249458));
#7778=IFCCARTESIANPOINT((-93.338727,0.,116.298329));
#7779=IFCCARTESIANPOINT((-94.104579,0.,116.347539));
#7780=IFCCARTESIANPOINT((-94.866303,0.,116.397084));
#7781=IFCCARTESIANPOINT((-95.623855,0.,116.446958));
#7782=IFCCARTESIANPOINT((-96.377192,0.,116.497157));
#7783=IFCCARTESIANPOINT((-97.12627,0.,116.547676));
#7784=IFCCARTESIANPOINT((-97.871078,0.,116.59851));
#7785=IFCCARTESIANPOINT((-98.611687,0.,116.649655));
#7786=IFCCARTESIANPOINT((-99.348094,0.,116.701105));
#7787=IFCCARTESIANPOINT((-100.080295,0.,116.752856));
#7788=IFCCARTESIANPOINT((-100.808282,0.,116.804903));
#7789=IFCCARTESIANPOINT((-101.532048,0.,116.857243));
#7790=IFCCARTESIANPOINT((-102.251589,0.,116.909869));
#7791=IFCCARTESIANPOINT((-102.966897,0.,116.962778));
#7792=IFCCARTESIANPOINT((-103.677967,0.,117.015965));
#7793=IFCCARTESIANPOINT((-104.384791,0.,117.069425));
#7794=IFCCARTESIANPOINT((-105.087364,0.,117.123154));
#7795=IFCCARTESIANPOINT((-105.785679,0.,117.177147));
#7796=IFCCARTESIANPOINT((-106.479729,0.,117.2314));
#7797=IFCCARTESIANPOINT((-107.16951,0.,117.285907));
#7798=IFCCARTESIANPOINT((-107.855014,0.,117.340665));
#7799=IFCCARTESIANPOINT((-108.536234,0.,117.395669));
#7800=IFCCARTESIANPOINT((-109.213165,0.,117.450913));
#7801=IFCCARTESIANPOINT((-109.885801,0.,117.506394));
#7802=IFCCARTESIANPOINT((-110.554135,0.,117.562107));
#7803=IFCCARTESIANPOINT((-111.21816,0.,117.618047));
#7804=IFCPOLYLINE((#7805,#7806,#7807,#7808,#7809,#7810,#7811,#7812,#7813,#7814,#7815,#7816,#7817,#7818,#7819,#7820,#7821,#7822,#7823,#7824,#7825,#7826,#7827,#7828,#7829,#7830,#7831,#7832,#7833,#7834,#7835,#7836,#7837,#7838,#7839,#7840,#7841,#7842,#7843,#7844,#7845,#7846,#7847,#7848,#7849,#7850,#7851,#7852,#7853,#7854,#7855,#7856,#7857,#7858,#7859,#7860,#7861,#7862,#7863,#7864,#7865,#7866,#7867,#7868,#7869,#7870,#7871,#7872,#7873,#7874,#7875,#7876,#7877,#7878,#7879,#7880,#7881,#7882,#7883,#7884,#7885,#7886,#7887,#7888,#7889,#7890,#7891,#7892,#7893,#7894,#7895,#7896,#7897,#7898,#7899,#7900,#7901,#7902,#7903,#7904,#7905,#7906,#7907,#7908,#7909,#7910,#7911,#7912,#7913,#7914,#7915,#7916,#7917,#7918,#7919,#7920,#7921,#7922,#7923,#7924,#7925,#7926,#7927,#7928,#7929,#7930,#7931,#7932,#7933,#7934,#7935,#7936,#7937,#7938,#7939,#7940,#7941,#7942,#7943,#7944,#7945,#7946,#7947,#7948,#7949,#7950,#7951,#7952,#7953,#7954,#7955,#7956,#7957,#7958,#7959,#7960,#7961,#7962,#7963,#7964,#7965));
#7805=IFCCARTESIANPOINT((-0.000443,0.,113.644689));
#7806=IFCCARTESIANPOINT((9.123906,0.,113.666493));
#7807=IFCCARTESIANPOINT((12.847858,0.,113.687943));
#7808=IFCCARTESIANPOINT((15.928162,0.,113.711451));
#7809=IFCCARTESIANPOINT((18.659026,0.,113.73686));
#7810=IFCCARTESIANPOINT((21.063423,0.,113.762899));
#7811=IFCCARTESIANPOINT((23.164323,0.,113.788294));
#7812=IFCCARTESIANPOINT((24.999347,0.,113.812173));
#7813=IFCCARTESIANPOINT((26.624782,0.,113.834819));
#7814=IFCCARTESIANPOINT((28.082719,0.,113.856558));
#7815=IFCCARTESIANPOINT((29.415068,0.,113.877717));
#7816=IFCCARTESIANPOINT((30.663736,0.,113.898622));
#7817=IFCCARTESIANPOINT((31.870789,0.,113.919603));
#7818=IFCCARTESIANPOINT((33.080101,0.,113.941421));
#7819=IFCCARTESIANPOINT((34.298336,0.,113.964306));
#7820=IFCCARTESIANPOINT((35.518095,0.,113.988085));
#7821=IFCCARTESIANPOINT((36.731977,0.,114.012587));
#7822=IFCCARTESIANPOINT((37.932583,0.,114.03764));
#7823=IFCCARTESIANPOINT((39.112511,0.,114.063073));
#7824=IFCCARTESIANPOINT((40.264363,0.,114.088713));
#7825=IFCCARTESIANPOINT((41.380737,0.,114.114389));
#7826=IFCCARTESIANPOINT((42.457917,0.,114.139952));
#7827=IFCCARTESIANPOINT((43.500611,0.,114.165374));
#7828=IFCCARTESIANPOINT((44.51066,0.,114.190653));
#7829=IFCCARTESIANPOINT((45.489781,0.,114.215791));
#7830=IFCCARTESIANPOINT((46.439664,0.,114.240787));
#7831=IFCCARTESIANPOINT((47.361961,0.,114.265642));
#7832=IFCCARTESIANPOINT((48.258315,0.,114.290356));
#7833=IFCCARTESIANPOINT((49.130374,0.,114.314929));
#7834=IFCCARTESIANPOINT((49.979781,0.,114.339362));
#7835=IFCCARTESIANPOINT((50.808184,0.,114.363654));
#7836=IFCCARTESIANPOINT((51.617227,0.,114.387806));
#7837=IFCCARTESIANPOINT((52.408556,0.,114.411819));
#7838=IFCCARTESIANPOINT((53.184077,0.,114.435717));
#7839=IFCCARTESIANPOINT((53.945419,0.,114.459557));
#7840=IFCCARTESIANPOINT((54.693459,0.,114.483356));
#7841=IFCCARTESIANPOINT((55.429068,0.,114.507132));
#7842=IFCCARTESIANPOINT((56.153116,0.,114.530905));
#7843=IFCCARTESIANPOINT((56.86647,0.,114.554693));
#7844=IFCCARTESIANPOINT((57.570002,0.,114.578513));
#7845=IFCCARTESIANPOINT((58.26458,0.,114.602384));
#7846=IFCCARTESIANPOINT((58.951074,0.,114.626325));
#7847=IFCCARTESIANPOINT((59.630353,0.,114.650353));
#7848=IFCCARTESIANPOINT((60.303288,0.,114.674488));
#7849=IFCCARTESIANPOINT((60.970747,0.,114.698747));
#7850=IFCCARTESIANPOINT((61.6336,0.,114.723149));
#7851=IFCCARTESIANPOINT((62.292717,0.,114.747713));
#7852=IFCCARTESIANPOINT((62.948517,0.,114.772442));
#7853=IFCCARTESIANPOINT((63.599007,0.,114.79727));
#7854=IFCCARTESIANPOINT((64.243849,0.,114.822182));
#7855=IFCCARTESIANPOINT((64.883069,0.,114.847173));
#7856=IFCCARTESIANPOINT((65.516693,0.,114.87224));
#7857=IFCCARTESIANPOINT((66.144748,0.,114.897378));
#7858=IFCCARTESIANPOINT((66.767259,0.,114.922583));
#7859=IFCCARTESIANPOINT((67.384253,0.,114.947851));
#7860=IFCCARTESIANPOINT((67.995756,0.,114.973176));
#7861=IFCCARTESIANPOINT((68.601795,0.,114.998557));
#7862=IFCCARTESIANPOINT((69.202395,0.,115.023987));
#7863=IFCCARTESIANPOINT((69.797583,0.,115.049463));
#7864=IFCCARTESIANPOINT((70.387385,0.,115.07498));
#7865=IFCCARTESIANPOINT((70.971827,0.,115.100535));
#7866=IFCCARTESIANPOINT((71.550935,0.,115.126122));
#7867=IFCCARTESIANPOINT((72.124736,0.,115.151739));
#7868=IFCCARTESIANPOINT((72.693256,0.,115.17738));
#7869=IFCCARTESIANPOINT((73.25652,0.,115.203042));
#7870=IFCCARTESIANPOINT((73.814556,0.,115.22872));
#7871=IFCCARTESIANPOINT((74.36739,0.,115.254409));
#7872=IFCCARTESIANPOINT((74.915047,0.,115.280107));
#7873=IFCCARTESIANPOINT((75.457554,0.,115.305808));
#7874=IFCCARTESIANPOINT((75.994936,0.,115.331508));
#7875=IFCCARTESIANPOINT((76.527222,0.,115.357204));
#7876=IFCCARTESIANPOINT((77.054435,0.,115.38289));
#7877=IFCCARTESIANPOINT((77.576603,0.,115.408563));
#7878=IFCCARTESIANPOINT((78.093753,0.,115.434218));
#7879=IFCCARTESIANPOINT((78.605909,0.,115.459852));
#7880=IFCCARTESIANPOINT((79.113099,0.,115.485459));
#7881=IFCCARTESIANPOINT((79.615348,0.,115.511036));
#7882=IFCCARTESIANPOINT((80.112683,0.,115.536579));
#7883=IFCCARTESIANPOINT((80.60513,0.,115.562083));
#7884=IFCCARTESIANPOINT((81.092715,0.,115.587543));
#7885=IFCCARTESIANPOINT((81.575464,0.,115.612957));
#7886=IFCCARTESIANPOINT((82.053404,0.,115.63832));
#7887=IFCCARTESIANPOINT((82.526561,0.,115.663626));
#7888=IFCCARTESIANPOINT((82.994961,0.,115.688873));
#7889=IFCCARTESIANPOINT((83.45863,0.,115.714056));
#7890=IFCCARTESIANPOINT((83.917594,0.,115.73917));
#7891=IFCCARTESIANPOINT((84.37188,0.,115.764212));
#7892=IFCCARTESIANPOINT((84.821739,0.,115.789189));
#7893=IFCCARTESIANPOINT((85.267864,0.,115.814133));
#7894=IFCCARTESIANPOINT((85.710356,0.,115.839047));
#7895=IFCCARTESIANPOINT((86.149278,0.,115.863932));
#7896=IFCCARTESIANPOINT((86.584693,0.,115.888791));
#7897=IFCCARTESIANPOINT((87.016663,0.,115.913625));
#7898=IFCCARTESIANPOINT((87.445252,0.,115.938435));
#7899=IFCCARTESIANPOINT((87.870522,0.,115.963223));
#7900=IFCCARTESIANPOINT((88.292536,0.,115.98799));
#7901=IFCCARTESIANPOINT((88.711356,0.,116.012738));
#7902=IFCCARTESIANPOINT((89.127045,0.,116.037469));
#7903=IFCCARTESIANPOINT((89.539666,0.,116.062184));
#7904=IFCCARTESIANPOINT((89.949281,0.,116.086885));
#7905=IFCCARTESIANPOINT((90.355954,0.,116.111573));
#7906=IFCCARTESIANPOINT((90.759747,0.,116.136249));
#7907=IFCCARTESIANPOINT((91.160722,0.,116.160915));
#7908=IFCCARTESIANPOINT((91.558943,0.,116.185574));
#7909=IFCCARTESIANPOINT((91.954471,0.,116.210225));
#7910=IFCCARTESIANPOINT((92.347371,0.,116.234871));
#7911=IFCCARTESIANPOINT((92.737703,0.,116.259514));
#7912=IFCCARTESIANPOINT((93.125532,0.,116.284154));
#7913=IFCCARTESIANPOINT((93.51092,0.,116.308794));
#7914=IFCCARTESIANPOINT((93.893929,0.,116.333435));
#7915=IFCCARTESIANPOINT((94.274622,0.,116.358078));
#7916=IFCCARTESIANPOINT((94.653063,0.,116.382726));
#7917=IFCCARTESIANPOINT((95.029312,0.,116.407378));
#7918=IFCCARTESIANPOINT((95.403434,0.,116.432038));
#7919=IFCCARTESIANPOINT((95.775492,0.,116.456707));
#7920=IFCCARTESIANPOINT((96.145546,0.,116.481385));
#7921=IFCCARTESIANPOINT((96.513662,0.,116.506075));
#7922=IFCCARTESIANPOINT((96.8799,0.,116.530779));
#7923=IFCCARTESIANPOINT((97.244324,0.,116.555497));
#7924=IFCCARTESIANPOINT((97.606997,0.,116.580232));
#7925=IFCCARTESIANPOINT((97.967993,0.,116.604986));
#7926=IFCCARTESIANPOINT((98.327423,0.,116.629772));
#7927=IFCCARTESIANPOINT((98.685306,0.,116.65459));
#7928=IFCCARTESIANPOINT((99.04165,0.,116.679441));
#7929=IFCCARTESIANPOINT((99.396464,0.,116.704324));
#7930=IFCCARTESIANPOINT((99.749755,0.,116.729239));
#7931=IFCCARTESIANPOINT((100.101532,0.,116.754185));
#7932=IFCCARTESIANPOINT((100.451802,0.,116.779162));
#7933=IFCCARTESIANPOINT((100.800572,0.,116.804169));
#7934=IFCCARTESIANPOINT((101.147852,0.,116.829206));
#7935=IFCCARTESIANPOINT((101.493649,0.,116.854273));
#7936=IFCCARTESIANPOINT((101.837971,0.,116.879368));
#7937=IFCCARTESIANPOINT((102.180825,0.,116.904493));
#7938=IFCCARTESIANPOINT((102.52222,0.,116.929646));
#7939=IFCCARTESIANPOINT((102.862164,0.,116.954827));
#7940=IFCCARTESIANPOINT((103.200665,0.,116.980036));
#7941=IFCCARTESIANPOINT((103.53773,0.,117.005272));
#7942=IFCCARTESIANPOINT((103.873368,0.,117.030535));
#7943=IFCCARTESIANPOINT((104.207586,0.,117.055824));
#7944=IFCCARTESIANPOINT((104.540392,0.,117.081139));
#7945=IFCCARTESIANPOINT((104.871794,0.,117.106479));
#7946=IFCCARTESIANPOINT((105.201801,0.,117.131845));
#7947=IFCCARTESIANPOINT((105.53042,0.,117.157236));
#7948=IFCCARTESIANPOINT((105.857659,0.,117.182651));
#7949=IFCCARTESIANPOINT((106.183526,0.,117.20809));
#7950=IFCCARTESIANPOINT((106.508029,0.,117.233552));
#7951=IFCCARTESIANPOINT((106.831176,0.,117.259038));
#7952=IFCCARTESIANPOINT((107.152974,0.,117.284547));
#7953=IFCCARTESIANPOINT((107.473432,0.,117.310078));
#7954=IFCCARTESIANPOINT((107.792558,0.,117.33563));
#7955=IFCCARTESIANPOINT((108.110359,0.,117.361205));
#7956=IFCCARTESIANPOINT((108.426844,0.,117.3868));
#7957=IFCCARTESIANPOINT((108.742021,0.,117.412417));
#7958=IFCCARTESIANPOINT((109.055896,0.,117.438053));
#7959=IFCCARTESIANPOINT((109.368479,0.,117.46371));
#7960=IFCCARTESIANPOINT((109.679777,0.,117.489386));
#7961=IFCCARTESIANPOINT((109.989799,0.,117.515082));
#7962=IFCCARTESIANPOINT((110.298551,0.,117.540796));
#7963=IFCCARTESIANPOINT((110.606042,0.,117.566528));
#7964=IFCCARTESIANPOINT((110.912281,0.,117.592279));
#7965=IFCCARTESIANPOINT((111.217274,0.,117.618047));
#7966=IFCPOLYLINE((#7967,#7968,#7969,#7970,#7971,#7972,#7973,#7974,#7975,#7976,#7977,#7978,#7979,#7980,#7981,#7982,#7983,#7984,#7985,#7986,#7987,#7988,#7989,#7990,#7991,#7992,#7993,#7994,#7995,#7996,#7997,#7998,#7999,#8000,#8001,#8002,#8003,#8004,#8005,#8006,#8007,#8008,#8009,#8010,#8011,#8012,#8013,#8014,#8015,#8016,#8017,#8018,#8019,#8020,#8021,#8022,#8023,#8024,#8025,#8026,#8027,#8028,#8029,#8030,#8031,#8032,#8033,#8034,#8035,#8036,#8037,#8038,#8039,#8040,#8041,#8042,#8043,#8044,#8045,#8046,#8047,#8048,#8049,#8050,#8051,#8052,#8053,#8054,#8055,#8056,#8057,#8058,#8059,#8060,#8061,#8062,#8063,#8064,#8065,#8066,#8067,#8068,#8069,#8070,#8071,#8072,#8073,#8074,#8075,#8076,#8077,#8078,#8079,#8080,#8081,#8082,#8083,#8084,#8085,#8086,#8087,#8088,#8089,#8090,#8091,#8092,#8093,#8094,#8095,#8096,#8097,#8098,#8099,#8100,#8101,#8102,#8103,#8104,#8105,#8106,#8107,#8108,#8109,#8110,#8111,#8112,#8113,#8114,#8115,#8116,#8117,#8118,#8119,#8120,#8121,#8122,#8123,#8124,#8125,#8126,#8127));
#7967=IFCCARTESIANPOINT((176.748713,0.,131.0154));
#7968=IFCCARTESIANPOINT((176.646707,0.,130.931294));
#7969=IFCCARTESIANPOINT((176.540124,0.,130.845784));
#7970=IFCCARTESIANPOINT((176.429098,0.,130.759004));
#7971=IFCCARTESIANPOINT((176.313767,0.,130.67109));
#7972=IFCCARTESIANPOINT((176.194266,0.,130.582176));
#7973=IFCCARTESIANPOINT((176.070732,0.,130.492397));
#7974=IFCCARTESIANPOINT((175.943301,0.,130.401888));
#7975=IFCCARTESIANPOINT((175.812108,0.,130.310783));
#7976=IFCCARTESIANPOINT((175.677291,0.,130.219218));
#7977=IFCCARTESIANPOINT((175.538985,0.,130.127326));
#7978=IFCCARTESIANPOINT((175.397326,0.,130.035244));
#7979=IFCCARTESIANPOINT((175.252451,0.,129.943106));
#7980=IFCCARTESIANPOINT((175.104495,0.,129.851046));
#7981=IFCCARTESIANPOINT((174.953595,0.,129.759199));
#7982=IFCCARTESIANPOINT((174.799888,0.,129.667701));
#7983=IFCCARTESIANPOINT((174.643508,0.,129.576685));
#7984=IFCCARTESIANPOINT((174.485658,0.,129.486622));
#7985=IFCCARTESIANPOINT((174.327172,0.,129.397765));
#7986=IFCCARTESIANPOINT((174.167636,0.,129.309924));
#7987=IFCCARTESIANPOINT((174.006639,0.,129.222912));
#7988=IFCCARTESIANPOINT((173.843766,0.,129.136538));
#7989=IFCCARTESIANPOINT((173.678604,0.,129.050613));
#7990=IFCCARTESIANPOINT((173.510741,0.,128.964949));
#7991=IFCCARTESIANPOINT((173.339762,0.,128.879357));
#7992=IFCCARTESIANPOINT((173.165255,0.,128.793647));
#7993=IFCCARTESIANPOINT((172.986807,0.,128.707631));
#7994=IFCCARTESIANPOINT((172.804004,0.,128.621118));
#7995=IFCCARTESIANPOINT((172.616434,0.,128.533921));
#7996=IFCCARTESIANPOINT((172.423682,0.,128.445851));
#7997=IFCCARTESIANPOINT((172.225336,0.,128.356717));
#7998=IFCCARTESIANPOINT((172.020983,0.,128.266332));
#7999=IFCCARTESIANPOINT((171.810209,0.,128.174505));
#8000=IFCCARTESIANPOINT((171.593202,0.,128.081523));
#8001=IFCCARTESIANPOINT((171.370601,0.,127.987867));
#8002=IFCCARTESIANPOINT((171.142677,0.,127.893645));
#8003=IFCCARTESIANPOINT((170.909698,0.,127.798967));
#8004=IFCCARTESIANPOINT((170.671934,0.,127.703939));
#8005=IFCCARTESIANPOINT((170.429654,0.,127.608671));
#8006=IFCCARTESIANPOINT((170.183126,0.,127.51327));
#8007=IFCCARTESIANPOINT((169.932621,0.,127.417845));
#8008=IFCCARTESIANPOINT((169.678406,0.,127.322502));
#8009=IFCCARTESIANPOINT((169.420751,0.,127.227352));
#8010=IFCCARTESIANPOINT((169.159925,0.,127.132501));
#8011=IFCCARTESIANPOINT((168.896198,0.,127.038059));
#8012=IFCCARTESIANPOINT((168.629837,0.,126.944132));
#8013=IFCCARTESIANPOINT((168.361113,0.,126.85083));
#8014=IFCCARTESIANPOINT((168.090295,0.,126.75826));
#8015=IFCCARTESIANPOINT((167.817651,0.,126.66653));
#8016=IFCCARTESIANPOINT((167.545405,0.,126.576233));
#8017=IFCCARTESIANPOINT((167.275042,0.,126.487715));
#8018=IFCCARTESIANPOINT((167.005726,0.,126.400714));
#8019=IFCCARTESIANPOINT((166.73662,0.,126.314969));
#8020=IFCCARTESIANPOINT((166.466887,0.,126.230217));
#8021=IFCCARTESIANPOINT((166.195689,0.,126.146196));
#8022=IFCCARTESIANPOINT((165.92219,0.,126.062646));
#8023=IFCCARTESIANPOINT((165.645552,0.,125.979305));
#8024=IFCCARTESIANPOINT((165.36494,0.,125.89591));
#8025=IFCCARTESIANPOINT((165.079515,0.,125.8122));
#8026=IFCCARTESIANPOINT((164.788441,0.,125.727914));
#8027=IFCCARTESIANPOINT((164.490881,0.,125.642789));
#8028=IFCCARTESIANPOINT((164.185995,0.,125.556568));
#8029=IFCCARTESIANPOINT((163.873084,0.,125.469211));
#8030=IFCCARTESIANPOINT((163.552118,0.,125.380816));
#8031=IFCCARTESIANPOINT((163.223211,0.,125.291444));
#8032=IFCCARTESIANPOINT((162.886477,0.,125.201159));
#8033=IFCCARTESIANPOINT((162.542032,0.,125.110021));
#8034=IFCCARTESIANPOINT((162.189989,0.,125.018095));
#8035=IFCCARTESIANPOINT((161.830463,0.,124.925442));
#8036=IFCCARTESIANPOINT((161.46357,0.,124.832125));
#8037=IFCCARTESIANPOINT((161.089422,0.,124.738206));
#8038=IFCCARTESIANPOINT((160.708135,0.,124.643747));
#8039=IFCCARTESIANPOINT((160.319823,0.,124.548811));
#8040=IFCCARTESIANPOINT((159.924601,0.,124.45346));
#8041=IFCCARTESIANPOINT((159.522583,0.,124.357757));
#8042=IFCCARTESIANPOINT((159.113884,0.,124.261764));
#8043=IFCCARTESIANPOINT((158.698618,0.,124.165544));
#8044=IFCCARTESIANPOINT((158.276899,0.,124.069159));
#8045=IFCCARTESIANPOINT((157.848843,0.,123.97267));
#8046=IFCCARTESIANPOINT((157.414564,0.,123.876142));
#8047=IFCCARTESIANPOINT((156.974292,0.,123.779642));
#8048=IFCCARTESIANPOINT((156.528489,0.,123.683246));
#8049=IFCCARTESIANPOINT((156.077429,0.,123.587017));
#8050=IFCCARTESIANPOINT((155.62138,0.,123.491014));
#8051=IFCCARTESIANPOINT((155.160609,0.,123.395299));
#8052=IFCCARTESIANPOINT((154.695381,0.,123.299933));
#8053=IFCCARTESIANPOINT((154.225965,0.,123.204976));
#8054=IFCCARTESIANPOINT((153.752653,0.,123.110496));
#8055=IFCCARTESIANPOINT((153.275855,0.,123.016569));
#8056=IFCCARTESIANPOINT((152.796013,0.,122.923261));
#8057=IFCCARTESIANPOINT((152.313566,0.,122.830642));
#8058=IFCCARTESIANPOINT((151.828956,0.,122.738777));
#8059=IFCCARTESIANPOINT((151.342623,0.,122.647737));
#8060=IFCCARTESIANPOINT((150.855008,0.,122.557587));
#8061=IFCCARTESIANPOINT((150.366551,0.,122.468396));
#8062=IFCCARTESIANPOINT((149.877694,0.,122.380233));
#8063=IFCCARTESIANPOINT((149.39026,0.,122.293366));
#8064=IFCCARTESIANPOINT((148.907272,0.,122.208224));
#8065=IFCCARTESIANPOINT((148.428159,0.,122.124698));
#8066=IFCCARTESIANPOINT((147.952215,0.,122.042655));
#8067=IFCCARTESIANPOINT((147.478733,0.,121.961967));
#8068=IFCCARTESIANPOINT((147.007006,0.,121.882501));
#8069=IFCCARTESIANPOINT((146.536326,0.,121.804129));
#8070=IFCCARTESIANPOINT((146.065988,0.,121.726718));
#8071=IFCCARTESIANPOINT((145.595284,0.,121.650138));
#8072=IFCCARTESIANPOINT((145.123507,0.,121.574259));
#8073=IFCCARTESIANPOINT((144.64995,0.,121.498949));
#8074=IFCCARTESIANPOINT((144.173907,0.,121.42408));
#8075=IFCCARTESIANPOINT((143.694671,0.,121.349518));
#8076=IFCCARTESIANPOINT((143.211534,0.,121.275135));
#8077=IFCCARTESIANPOINT((142.723791,0.,121.2008));
#8078=IFCCARTESIANPOINT((142.230733,0.,121.126381));
#8079=IFCCARTESIANPOINT((141.731406,0.,121.051756));
#8080=IFCCARTESIANPOINT((141.22494,0.,120.976892));
#8081=IFCCARTESIANPOINT((140.71138,0.,120.901811));
#8082=IFCCARTESIANPOINT((140.1908,0.,120.826536));
#8083=IFCCARTESIANPOINT((139.663275,0.,120.751089));
#8084=IFCCARTESIANPOINT((139.12888,0.,120.675495));
#8085=IFCCARTESIANPOINT((138.587689,0.,120.599776));
#8086=IFCCARTESIANPOINT((138.039777,0.,120.523954));
#8087=IFCCARTESIANPOINT((137.485218,0.,120.448054));
#8088=IFCCARTESIANPOINT((136.924086,0.,120.372097));
#8089=IFCCARTESIANPOINT((136.356458,0.,120.296107));
#8090=IFCCARTESIANPOINT((135.782407,0.,120.220107));
#8091=IFCCARTESIANPOINT((135.202007,0.,120.144119));
#8092=IFCCARTESIANPOINT((134.615334,0.,120.068167));
#8093=IFCCARTESIANPOINT((134.022461,0.,119.992274));
#8094=IFCCARTESIANPOINT((133.423464,0.,119.916462));
#8095=IFCCARTESIANPOINT((132.818418,0.,119.840754));
#8096=IFCCARTESIANPOINT((132.207396,0.,119.765175));
#8097=IFCCARTESIANPOINT((131.590473,0.,119.689745));
#8098=IFCCARTESIANPOINT((130.967724,0.,119.614489));
#8099=IFCCARTESIANPOINT((130.339224,0.,119.53943));
#8100=IFCCARTESIANPOINT((129.705047,0.,119.46459));
#8101=IFCCARTESIANPOINT((129.065267,0.,119.389992));
#8102=IFCCARTESIANPOINT((128.419973,0.,119.315662));
#8103=IFCCARTESIANPOINT((127.769362,0.,119.241633));
#8104=IFCCARTESIANPOINT((127.113681,0.,119.167929));
#8105=IFCCARTESIANPOINT((126.453181,0.,119.094574));
#8106=IFCCARTESIANPOINT((125.788111,0.,119.021593));
#8107=IFCCARTESIANPOINT((125.118719,0.,118.94901));
#8108=IFCCARTESIANPOINT((124.445255,0.,118.876849));
#8109=IFCCARTESIANPOINT((123.767969,0.,118.805135));
#8110=IFCCARTESIANPOINT((123.087109,0.,118.733893));
#8111=IFCCARTESIANPOINT((122.402925,0.,118.663146));
#8112=IFCCARTESIANPOINT((121.715666,0.,118.592918));
#8113=IFCCARTESIANPOINT((121.025581,0.,118.523235));
#8114=IFCCARTESIANPOINT((120.33292,0.,118.454121));
#8115=IFCCARTESIANPOINT((119.637931,0.,118.385599));
#8116=IFCCARTESIANPOINT((118.940864,0.,118.317695));
#8117=IFCCARTESIANPOINT((118.241968,0.,118.250432));
#8118=IFCCARTESIANPOINT((117.541493,0.,118.183835));
#8119=IFCCARTESIANPOINT((116.839687,0.,118.117929));
#8120=IFCCARTESIANPOINT((116.1368,0.,118.052737));
#8121=IFCCARTESIANPOINT((115.433118,0.,117.988283));
#8122=IFCCARTESIANPOINT((114.729132,0.,117.924583));
#8123=IFCCARTESIANPOINT((114.025217,0.,117.861656));
#8124=IFCCARTESIANPOINT((113.321724,0.,117.79952));
#8125=IFCCARTESIANPOINT((112.619002,0.,117.738194));
#8126=IFCCARTESIANPOINT((111.917402,0.,117.677696));
#8127=IFCCARTESIANPOINT((111.217274,0.,117.618047));
#8128=IFCPOLYLINE((#8129,#8130,#8131,#8132,#8133,#8134,#8135,#8136,#8137,#8138,#8139,#8140,#8141,#8142,#8143,#8144,#8145,#8146,#8147,#8148,#8149,#8150,#8151,#8152,#8153,#8154,#8155,#8156,#8157,#8158,#8159,#8160,#8161,#8162,#8163,#8164,#8165,#8166,#8167,#8168,#8169,#8170,#8171,#8172,#8173,#8174,#8175,#8176,#8177));
#8129=IFCCARTESIANPOINT((179.907194,0.,135.295817));
#8130=IFCCARTESIANPOINT((179.881436,0.,135.206367));
#8131=IFCCARTESIANPOINT((179.853946,0.,135.116919));
#8132=IFCCARTESIANPOINT((179.824725,0.,135.027476));
#8133=IFCCARTESIANPOINT((179.793776,0.,134.938036));
#8134=IFCCARTESIANPOINT((179.761101,0.,134.848601));
#8135=IFCCARTESIANPOINT((179.726702,0.,134.759171));
#8136=IFCCARTESIANPOINT((179.69058,0.,134.669748));
#8137=IFCCARTESIANPOINT((179.652738,0.,134.580332));
#8138=IFCCARTESIANPOINT((179.613177,0.,134.490923));
#8139=IFCCARTESIANPOINT((179.5719,0.,134.401523));
#8140=IFCCARTESIANPOINT((179.528909,0.,134.312132));
#8141=IFCCARTESIANPOINT((179.484204,0.,134.22275));
#8142=IFCCARTESIANPOINT((179.43779,0.,134.133379));
#8143=IFCCARTESIANPOINT((179.389667,0.,134.044019));
#8144=IFCCARTESIANPOINT((179.339837,0.,133.95467));
#8145=IFCCARTESIANPOINT((179.288302,0.,133.865335));
#8146=IFCCARTESIANPOINT((179.235065,0.,133.776012));
#8147=IFCCARTESIANPOINT((179.180127,0.,133.686703));
#8148=IFCCARTESIANPOINT((179.12349,0.,133.597409));
#8149=IFCCARTESIANPOINT((179.065156,0.,133.50813));
#8150=IFCCARTESIANPOINT((179.005128,0.,133.418867));
#8151=IFCCARTESIANPOINT((178.943407,0.,133.329621));
#8152=IFCCARTESIANPOINT((178.879994,0.,133.240392));
#8153=IFCCARTESIANPOINT((178.814893,0.,133.151182));
#8154=IFCCARTESIANPOINT((178.748103,0.,133.061987));
#8155=IFCCARTESIANPOINT((178.679623,0.,132.972806));
#8156=IFCCARTESIANPOINT((178.609455,0.,132.883639));
#8157=IFCCARTESIANPOINT((178.537601,0.,132.794487));
#8158=IFCCARTESIANPOINT((178.464062,0.,132.70535));
#8159=IFCCARTESIANPOINT((178.388839,0.,132.616229));
#8160=IFCCARTESIANPOINT((178.311935,0.,132.527125));
#8161=IFCCARTESIANPOINT((178.23335,0.,132.438037));
#8162=IFCCARTESIANPOINT((178.153087,0.,132.348968));
#8163=IFCCARTESIANPOINT((178.071146,0.,132.259916));
#8164=IFCCARTESIANPOINT((177.98753,0.,132.170883));
#8165=IFCCARTESIANPOINT((177.902239,0.,132.081869));
#8166=IFCCARTESIANPOINT((177.815275,0.,131.992875));
#8167=IFCCARTESIANPOINT((177.726641,0.,131.903901));
#8168=IFCCARTESIANPOINT((177.636336,0.,131.814948));
#8169=IFCCARTESIANPOINT((177.544364,0.,131.726016));
#8170=IFCCARTESIANPOINT((177.450725,0.,131.637106));
#8171=IFCCARTESIANPOINT((177.35542,0.,131.548219));
#8172=IFCCARTESIANPOINT((177.258453,0.,131.459355));
#8173=IFCCARTESIANPOINT((177.159823,0.,131.370515));
#8174=IFCCARTESIANPOINT((177.059532,0.,131.281698));
#8175=IFCCARTESIANPOINT((176.957583,0.,131.192907));
#8176=IFCCARTESIANPOINT((176.853976,0.,131.10414));
#8177=IFCCARTESIANPOINT((176.748713,0.,131.0154));
#8178=IFCPOLYLINE((#8179,#8180,#8181,#8182,#8183,#8184,#8185,#8186,#8187,#8188,#8189,#8190,#8191,#8192,#8193,#8194,#8195,#8196,#8197,#8198,#8199,#8200,#8201,#8202,#8203,#8204,#8205,#8206,#8207,#8208,#8209,#8210,#8211,#8212,#8213,#8214,#8215,#8216,#8217,#8218,#8219,#8220,#8221,#8222,#8223,#8224,#8225,#8226,#8227,#8228,#8229,#8230,#8231,#8232,#8233,#8234,#8235));
#8179=IFCCARTESIANPOINT((179.907194,0.,135.295817));
#8180=IFCCARTESIANPOINT((180.074132,0.,135.894908));
#8181=IFCCARTESIANPOINT((180.241477,0.,136.493984));
#8182=IFCCARTESIANPOINT((180.409158,0.,137.093046));
#8183=IFCCARTESIANPOINT((180.577101,0.,137.692095));
#8184=IFCCARTESIANPOINT((180.745234,0.,138.29113));
#8185=IFCCARTESIANPOINT((180.913485,0.,138.890151));
#8186=IFCCARTESIANPOINT((181.081781,0.,139.489159));
#8187=IFCCARTESIANPOINT((181.25005,0.,140.088155));
#8188=IFCCARTESIANPOINT((181.418219,0.,140.687138));
#8189=IFCCARTESIANPOINT((181.586216,0.,141.286109));
#8190=IFCCARTESIANPOINT((181.753968,0.,141.885068));
#8191=IFCCARTESIANPOINT((181.921403,0.,142.484016));
#8192=IFCCARTESIANPOINT((182.088448,0.,143.082952));
#8193=IFCCARTESIANPOINT((182.255031,0.,143.681877));
#8194=IFCCARTESIANPOINT((182.421079,0.,144.280792));
#8195=IFCCARTESIANPOINT((182.58652,0.,144.879696));
#8196=IFCCARTESIANPOINT((182.751282,0.,145.47859));
#8197=IFCCARTESIANPOINT((182.915292,0.,146.077474));
#8198=IFCCARTESIANPOINT((183.078477,0.,146.676348));
#8199=IFCCARTESIANPOINT((183.240766,0.,147.275213));
#8200=IFCCARTESIANPOINT((183.402085,0.,147.87407));
#8201=IFCCARTESIANPOINT((183.562362,0.,148.472917));
#8202=IFCCARTESIANPOINT((183.721524,0.,149.071756));
#8203=IFCCARTESIANPOINT((183.8795,0.,149.670587));
#8204=IFCCARTESIANPOINT((184.036217,0.,150.26941));
#8205=IFCCARTESIANPOINT((184.191602,0.,150.868226));
#8206=IFCCARTESIANPOINT((184.345582,0.,151.467034));
#8207=IFCCARTESIANPOINT((184.498086,0.,152.065835));
#8208=IFCCARTESIANPOINT((184.649041,0.,152.66463));
#8209=IFCCARTESIANPOINT((184.798362,0.,153.263418));
#8210=IFCCARTESIANPOINT((184.94597,0.,153.8622));
#8211=IFCCARTESIANPOINT((185.091792,0.,154.460977));
#8212=IFCCARTESIANPOINT((185.235756,0.,155.059748));
#8213=IFCCARTESIANPOINT((185.377786,0.,155.658514));
#8214=IFCCARTESIANPOINT((185.517811,0.,156.257275));
#8215=IFCCARTESIANPOINT((185.655757,0.,156.856031));
#8216=IFCCARTESIANPOINT((185.79155,0.,157.454783));
#8217=IFCCARTESIANPOINT((185.925118,0.,158.053531));
#8218=IFCCARTESIANPOINT((186.056386,0.,158.652275));
#8219=IFCCARTESIANPOINT((186.185283,0.,159.251016));
#8220=IFCCARTESIANPOINT((186.311733,0.,159.849753));
#8221=IFCCARTESIANPOINT((186.435665,0.,160.448487));
#8222=IFCCARTESIANPOINT((186.557005,0.,161.047219));
#8223=IFCCARTESIANPOINT((186.675679,0.,161.645948));
#8224=IFCCARTESIANPOINT((186.791615,0.,162.244675));
#8225=IFCCARTESIANPOINT((186.904739,0.,162.843401));
#8226=IFCCARTESIANPOINT((187.014977,0.,163.442124));
#8227=IFCCARTESIANPOINT((187.122257,0.,164.040847));
#8228=IFCCARTESIANPOINT((187.226504,0.,164.639568));
#8229=IFCCARTESIANPOINT((187.327647,0.,165.238288));
#8230=IFCCARTESIANPOINT((187.425611,0.,165.837008));
#8231=IFCCARTESIANPOINT((187.520323,0.,166.435728));
#8232=IFCCARTESIANPOINT((187.611711,0.,167.034448));
#8233=IFCCARTESIANPOINT((187.6997,0.,167.633169));
#8234=IFCCARTESIANPOINT((187.784217,0.,168.231889));
#8235=IFCCARTESIANPOINT((187.865189,0.,168.830611));
#8236=IFCPOLYLINE((#8237,#8238,#8239,#8240,#8241,#8242,#8243,#8244,#8245,#8246,#8247,#8248,#8249,#8250,#8251,#8252,#8253,#8254,#8255,#8256,#8257,#8258,#8259,#8260,#8261,#8262,#8263,#8264,#8265,#8266,#8267,#8268,#8269,#8270,#8271,#8272,#8273,#8274,#8275,#8276,#8277,#8278,#8279,#8280,#8281,#8282,#8283,#8284,#8285));
#8237=IFCCARTESIANPOINT((192.011045,0.,102.615509));
#8238=IFCCARTESIANPOINT((191.924786,0.,103.99491));
#8239=IFCCARTESIANPOINT((191.838521,0.,105.374332));
#8240=IFCCARTESIANPOINT((191.75225,0.,106.753774));
#8241=IFCCARTESIANPOINT((191.665974,0.,108.133233));
#8242=IFCCARTESIANPOINT((191.579692,0.,109.512708));
#8243=IFCCARTESIANPOINT((191.493405,0.,110.892197));
#8244=IFCCARTESIANPOINT((191.407113,0.,112.271697));
#8245=IFCCARTESIANPOINT((191.320816,0.,113.651207));
#8246=IFCCARTESIANPOINT((191.234513,0.,115.030724));
#8247=IFCCARTESIANPOINT((191.148206,0.,116.410247));
#8248=IFCCARTESIANPOINT((191.061894,0.,117.789774));
#8249=IFCCARTESIANPOINT((190.975578,0.,119.169303));
#8250=IFCCARTESIANPOINT((190.889257,0.,120.548832));
#8251=IFCCARTESIANPOINT((190.802931,0.,121.928358));
#8252=IFCCARTESIANPOINT((190.716602,0.,123.307881));
#8253=IFCCARTESIANPOINT((190.630268,0.,124.687397));
#8254=IFCCARTESIANPOINT((190.54393,0.,126.066906));
#8255=IFCCARTESIANPOINT((190.457588,0.,127.446404));
#8256=IFCCARTESIANPOINT((190.371242,0.,128.825891));
#8257=IFCCARTESIANPOINT((190.284892,0.,130.205364));
#8258=IFCCARTESIANPOINT((190.198539,0.,131.584821));
#8259=IFCCARTESIANPOINT((190.112182,0.,132.96426));
#8260=IFCCARTESIANPOINT((190.025822,0.,134.343679));
#8261=IFCCARTESIANPOINT((189.939459,0.,135.723077));
#8262=IFCCARTESIANPOINT((189.853091,0.,137.102475));
#8263=IFCCARTESIANPOINT((189.766717,0.,138.481895));
#8264=IFCCARTESIANPOINT((189.680337,0.,139.861334));
#8265=IFCCARTESIANPOINT((189.593951,0.,141.240792));
#8266=IFCCARTESIANPOINT((189.507559,0.,142.620265));
#8267=IFCCARTESIANPOINT((189.421162,0.,143.999752));
#8268=IFCCARTESIANPOINT((189.33476,0.,145.379251));
#8269=IFCCARTESIANPOINT((189.248352,0.,146.75876));
#8270=IFCCARTESIANPOINT((189.161939,0.,148.138277));
#8271=IFCCARTESIANPOINT((189.07552,0.,149.517799));
#8272=IFCCARTESIANPOINT((188.989097,0.,150.897326));
#8273=IFCCARTESIANPOINT((188.902669,0.,152.276854));
#8274=IFCCARTESIANPOINT((188.816236,0.,153.656382));
#8275=IFCCARTESIANPOINT((188.729798,0.,155.035908));
#8276=IFCCARTESIANPOINT((188.643356,0.,156.41543));
#8277=IFCCARTESIANPOINT((188.55691,0.,157.794945));
#8278=IFCCARTESIANPOINT((188.470459,0.,159.174453));
#8279=IFCCARTESIANPOINT((188.384004,0.,160.55395));
#8280=IFCCARTESIANPOINT((188.297544,0.,161.933436));
#8281=IFCCARTESIANPOINT((188.211081,0.,163.312907));
#8282=IFCCARTESIANPOINT((188.124614,0.,164.692361));
#8283=IFCCARTESIANPOINT((188.038144,0.,166.071798));
#8284=IFCCARTESIANPOINT((187.951669,0.,167.451215));
#8285=IFCCARTESIANPOINT((187.865191,0.,168.830609));
#8286=IFCPOLYLINE((#8287,#8288,#8289,#8290,#8291,#8292,#8293,#8294,#8295,#8296,#8297,#8298,#8299,#8300,#8301,#8302,#8303,#8304,#8305,#8306,#8307,#8308,#8309,#8310,#8311,#8312,#8313,#8314,#8315,#8316,#8317,#8318,#8319,#8320,#8321,#8322,#8323,#8324,#8325,#8326,#8327,#8328,#8329,#8330,#8331,#8332,#8333,#8334,#8335));
#8287=IFCCARTESIANPOINT((187.865189,0.,168.830612));
#8288=IFCCARTESIANPOINT((180.063587,0.,169.641966));
#8289=IFCCARTESIANPOINT((172.258914,0.,170.418878));
#8290=IFCCARTESIANPOINT((164.451278,0.,171.16134));
#8291=IFCCARTESIANPOINT((156.64079,0.,171.869345));
#8292=IFCCARTESIANPOINT((148.827557,0.,172.542886));
#8293=IFCCARTESIANPOINT((141.011689,0.,173.181955));
#8294=IFCCARTESIANPOINT((133.193294,0.,173.786545));
#8295=IFCCARTESIANPOINT((125.372482,0.,174.356648));
#8296=IFCCARTESIANPOINT((117.549361,0.,174.892257));
#8297=IFCCARTESIANPOINT((109.724041,0.,175.393365));
#8298=IFCCARTESIANPOINT((101.896629,0.,175.859963));
#8299=IFCCARTESIANPOINT((94.067236,0.,176.292045));
#8300=IFCCARTESIANPOINT((86.235969,0.,176.689603));
#8301=IFCCARTESIANPOINT((78.402938,0.,177.05263));
#8302=IFCCARTESIANPOINT((70.568252,0.,177.381118));
#8303=IFCCARTESIANPOINT((62.73202,0.,177.67506));
#8304=IFCCARTESIANPOINT((54.89435,0.,177.934448));
#8305=IFCCARTESIANPOINT((47.055351,0.,178.159276));
#8306=IFCCARTESIANPOINT((39.215133,0.,178.349535));
#8307=IFCCARTESIANPOINT((31.373804,0.,178.505218));
#8308=IFCCARTESIANPOINT((23.531473,0.,178.626318));
#8309=IFCCARTESIANPOINT((15.688249,0.,178.712827));
#8310=IFCCARTESIANPOINT((7.84424,0.,178.764737));
#8311=IFCCARTESIANPOINT((-0.000443,0.,178.782043));
#8312=IFCCARTESIANPOINT((-7.845126,0.,178.764737));
#8313=IFCCARTESIANPOINT((-15.689135,0.,178.712827));
#8314=IFCCARTESIANPOINT((-23.532359,0.,178.626318));
#8315=IFCCARTESIANPOINT((-31.37469,0.,178.505218));
#8316=IFCCARTESIANPOINT((-39.216019,0.,178.349535));
#8317=IFCCARTESIANPOINT((-47.056237,0.,178.159276));
#8318=IFCCARTESIANPOINT((-54.895236,0.,177.934448));
#8319=IFCCARTESIANPOINT((-62.732906,0.,177.67506));
#8320=IFCCARTESIANPOINT((-70.569138,0.,177.381118));
#8321=IFCCARTESIANPOINT((-78.403824,0.,177.05263));
#8322=IFCCARTESIANPOINT((-86.236855,0.,176.689603));
#8323=IFCCARTESIANPOINT((-94.068121,0.,176.292045));
#8324=IFCCARTESIANPOINT((-101.897515,0.,175.859963));
#8325=IFCCARTESIANPOINT((-109.724926,0.,175.393364));
#8326=IFCCARTESIANPOINT((-117.550247,0.,174.892257));
#8327=IFCCARTESIANPOINT((-125.373367,0.,174.356648));
#8328=IFCCARTESIANPOINT((-133.19418,0.,173.786545));
#8329=IFCCARTESIANPOINT((-141.012574,0.,173.181955));
#8330=IFCCARTESIANPOINT((-148.828442,0.,172.542886));
#8331=IFCCARTESIANPOINT((-156.641675,0.,171.869345));
#8332=IFCCARTESIANPOINT((-164.452163,0.,171.16134));
#8333=IFCCARTESIANPOINT((-172.259799,0.,170.418877));
#8334=IFCCARTESIANPOINT((-180.064472,0.,169.641965));
#8335=IFCCARTESIANPOINT((-187.866075,0.,168.830611));
#8336=IFCPOLYLINE((#8337,#8338,#8339,#8340,#8341,#8342,#8343,#8344,#8345,#8346,#8347,#8348,#8349,#8350,#8351,#8352,#8353,#8354,#8355,#8356,#8357,#8358,#8359,#8360,#8361,#8362,#8363,#8364,#8365,#8366,#8367,#8368,#8369,#8370,#8371,#8372,#8373,#8374,#8375,#8376,#8377,#8378,#8379,#8380,#8381,#8382,#8383,#8384,#8385));
#8337=IFCCARTESIANPOINT((-192.011931,0.,102.615509));
#8338=IFCCARTESIANPOINT((-191.925672,0.,103.994911));
#8339=IFCCARTESIANPOINT((-191.839407,0.,105.374334));
#8340=IFCCARTESIANPOINT((-191.753136,0.,106.753776));
#8341=IFCCARTESIANPOINT((-191.66686,0.,108.133236));
#8342=IFCCARTESIANPOINT((-191.580578,0.,109.512712));
#8343=IFCCARTESIANPOINT((-191.494291,0.,110.892201));
#8344=IFCCARTESIANPOINT((-191.407999,0.,112.271702));
#8345=IFCCARTESIANPOINT((-191.321701,0.,113.651212));
#8346=IFCCARTESIANPOINT((-191.235399,0.,115.03073));
#8347=IFCCARTESIANPOINT((-191.149092,0.,116.410254));
#8348=IFCCARTESIANPOINT((-191.06278,0.,117.789782));
#8349=IFCCARTESIANPOINT((-190.976463,0.,119.169311));
#8350=IFCCARTESIANPOINT((-190.890142,0.,120.548841));
#8351=IFCCARTESIANPOINT((-190.803817,0.,121.928368));
#8352=IFCCARTESIANPOINT((-190.717487,0.,123.307891));
#8353=IFCCARTESIANPOINT((-190.631153,0.,124.687408));
#8354=IFCCARTESIANPOINT((-190.544815,0.,126.066917));
#8355=IFCCARTESIANPOINT((-190.458473,0.,127.446417));
#8356=IFCCARTESIANPOINT((-190.372127,0.,128.825904));
#8357=IFCCARTESIANPOINT((-190.285777,0.,130.205378));
#8358=IFCCARTESIANPOINT((-190.199424,0.,131.584835));
#8359=IFCCARTESIANPOINT((-190.113067,0.,132.964275));
#8360=IFCCARTESIANPOINT((-190.026707,0.,134.343695));
#8361=IFCCARTESIANPOINT((-189.940344,0.,135.723093));
#8362=IFCCARTESIANPOINT((-189.853976,0.,137.102492));
#8363=IFCCARTESIANPOINT((-189.767602,0.,138.481912));
#8364=IFCCARTESIANPOINT((-189.681222,0.,139.861352));
#8365=IFCCARTESIANPOINT((-189.594836,0.,141.240809));
#8366=IFCCARTESIANPOINT((-189.508444,0.,142.620283));
#8367=IFCCARTESIANPOINT((-189.422047,0.,143.99977));
#8368=IFCCARTESIANPOINT((-189.335645,0.,145.379268));
#8369=IFCCARTESIANPOINT((-189.249237,0.,146.758777));
#8370=IFCCARTESIANPOINT((-189.162824,0.,148.138293));
#8371=IFCCARTESIANPOINT((-189.076405,0.,149.517815));
#8372=IFCCARTESIANPOINT((-188.989982,0.,150.897341));
#8373=IFCCARTESIANPOINT((-188.903554,0.,152.276869));
#8374=IFCCARTESIANPOINT((-188.817121,0.,153.656396));
#8375=IFCCARTESIANPOINT((-188.730683,0.,155.035921));
#8376=IFCCARTESIANPOINT((-188.644241,0.,156.415442));
#8377=IFCCARTESIANPOINT((-188.557795,0.,157.794957));
#8378=IFCCARTESIANPOINT((-188.471344,0.,159.174463));
#8379=IFCCARTESIANPOINT((-188.384889,0.,160.553959));
#8380=IFCCARTESIANPOINT((-188.29843,0.,161.933443));
#8381=IFCCARTESIANPOINT((-188.211967,0.,163.312913));
#8382=IFCCARTESIANPOINT((-188.1255,0.,164.692367));
#8383=IFCCARTESIANPOINT((-188.039029,0.,166.071802));
#8384=IFCCARTESIANPOINT((-187.952555,0.,167.451218));
#8385=IFCCARTESIANPOINT((-187.866077,0.,168.830611));
#8386=IFCPOLYLINE((#8387,#8388,#8389,#8390,#8391,#8392,#8393,#8394,#8395));
#8387=IFCCARTESIANPOINT((-180.928728,0.,81.79969));
#8388=IFCCARTESIANPOINT((-180.953473,0.,81.449713));
#8389=IFCCARTESIANPOINT((-180.978217,0.,81.099737));
#8390=IFCCARTESIANPOINT((-181.002962,0.,80.74976));
#8391=IFCCARTESIANPOINT((-181.027707,0.,80.399784));
#8392=IFCCARTESIANPOINT((-181.052451,0.,80.049809));
#8393=IFCCARTESIANPOINT((-181.077196,0.,79.699833));
#8394=IFCCARTESIANPOINT((-181.10194,0.,79.349858));
#8395=IFCCARTESIANPOINT((-181.126684,0.,78.999883));
#8396=IFCPOLYLINE((#8397,#8398,#8399,#8400,#8401,#8402,#8403,#8404,#8405,#8406,#8407,#8408,#8409,#8410,#8411,#8412,#8413,#8414,#8415,#8416,#8417,#8418,#8419,#8420,#8421,#8422,#8423,#8424,#8425,#8426,#8427,#8428,#8429,#8430,#8431,#8432,#8433,#8434,#8435,#8436,#8437,#8438,#8439,#8440,#8441,#8442,#8443,#8444,#8445,#8446,#8447,#8448,#8449,#8450,#8451,#8452,#8453,#8454,#8455,#8456,#8457,#8458,#8459,#8460,#8461,#8462,#8463,#8464,#8465,#8466,#8467,#8468,#8469,#8470,#8471,#8472,#8473,#8474,#8475,#8476,#8477));
#8397=IFCCARTESIANPOINT((-0.000443,0.,78.999882));
#8398=IFCCARTESIANPOINT((1.911427,0.,78.999882));
#8399=IFCCARTESIANPOINT((3.891467,0.,78.999882));
#8400=IFCCARTESIANPOINT((5.938004,0.,78.999882));
#8401=IFCCARTESIANPOINT((8.049365,0.,78.999882));
#8402=IFCCARTESIANPOINT((10.223875,0.,78.999882));
#8403=IFCCARTESIANPOINT((12.459862,0.,78.999882));
#8404=IFCCARTESIANPOINT((14.75565,0.,78.999882));
#8405=IFCCARTESIANPOINT((17.109568,0.,78.999882));
#8406=IFCCARTESIANPOINT((19.51994,0.,78.999882));
#8407=IFCCARTESIANPOINT((21.985094,0.,78.999882));
#8408=IFCCARTESIANPOINT((24.503355,0.,78.999882));
#8409=IFCCARTESIANPOINT((27.07305,0.,78.999882));
#8410=IFCCARTESIANPOINT((29.692506,0.,78.999882));
#8411=IFCCARTESIANPOINT((32.360048,0.,78.999882));
#8412=IFCCARTESIANPOINT((35.074003,0.,78.999882));
#8413=IFCCARTESIANPOINT((37.832698,0.,78.999882));
#8414=IFCCARTESIANPOINT((40.634458,0.,78.999882));
#8415=IFCCARTESIANPOINT((43.47761,0.,78.999882));
#8416=IFCCARTESIANPOINT((46.36048,0.,78.999882));
#8417=IFCCARTESIANPOINT((49.281395,0.,78.999882));
#8418=IFCCARTESIANPOINT((52.238681,0.,78.999882));
#8419=IFCCARTESIANPOINT((55.230664,0.,78.999882));
#8420=IFCCARTESIANPOINT((58.255671,0.,78.999882));
#8421=IFCCARTESIANPOINT((61.312027,0.,78.999882));
#8422=IFCCARTESIANPOINT((64.39806,0.,78.999882));
#8423=IFCCARTESIANPOINT((67.510143,0.,78.999882));
#8424=IFCCARTESIANPOINT((70.630551,0.,78.999882));
#8425=IFCCARTESIANPOINT((73.753382,0.,78.999882));
#8426=IFCCARTESIANPOINT((76.876126,0.,78.999882));
#8427=IFCCARTESIANPOINT((79.996276,0.,78.999882));
#8428=IFCCARTESIANPOINT((83.111325,0.,78.999882));
#8429=IFCCARTESIANPOINT((86.218765,0.,78.999882));
#8430=IFCCARTESIANPOINT((89.316088,0.,78.999882));
#8431=IFCCARTESIANPOINT((92.400786,0.,78.999882));
#8432=IFCCARTESIANPOINT((95.470351,0.,78.999882));
#8433=IFCCARTESIANPOINT((98.522276,0.,78.999882));
#8434=IFCCARTESIANPOINT((101.554053,0.,78.999882));
#8435=IFCCARTESIANPOINT((104.563174,0.,78.999882));
#8436=IFCCARTESIANPOINT((107.547132,0.,78.999882));
#8437=IFCCARTESIANPOINT((110.503418,0.,78.999882));
#8438=IFCCARTESIANPOINT((113.429525,0.,78.999882));
#8439=IFCCARTESIANPOINT((116.322945,0.,78.999882));
#8440=IFCCARTESIANPOINT((119.181171,0.,78.999882));
#8441=IFCCARTESIANPOINT((121.995949,0.,78.999882));
#8442=IFCCARTESIANPOINT((124.743964,0.,78.999882));
#8443=IFCCARTESIANPOINT((127.423061,0.,78.999882));
#8444=IFCCARTESIANPOINT((130.03329,0.,78.999882));
#8445=IFCCARTESIANPOINT((132.574699,0.,78.999882));
#8446=IFCCARTESIANPOINT((135.047337,0.,78.999882));
#8447=IFCCARTESIANPOINT((137.451254,0.,78.999882));
#8448=IFCCARTESIANPOINT((139.786499,0.,78.999882));
#8449=IFCCARTESIANPOINT((142.05312,0.,78.999882));
#8450=IFCCARTESIANPOINT((144.251167,0.,78.999882));
#8451=IFCCARTESIANPOINT((146.380689,0.,78.999882));
#8452=IFCCARTESIANPOINT((148.441735,0.,78.999882));
#8453=IFCCARTESIANPOINT((150.434354,0.,78.999882));
#8454=IFCCARTESIANPOINT((152.358595,0.,78.999882));
#8455=IFCCARTESIANPOINT((154.214508,0.,78.999882));
#8456=IFCCARTESIANPOINT((156.00214,0.,78.999882));
#8457=IFCCARTESIANPOINT((157.721543,0.,78.999882));
#8458=IFCCARTESIANPOINT((159.372763,0.,78.999882));
#8459=IFCCARTESIANPOINT((160.955845,0.,78.999882));
#8460=IFCCARTESIANPOINT((162.470541,0.,78.999882));
#8461=IFCCARTESIANPOINT((163.916233,0.,78.999882));
#8462=IFCCARTESIANPOINT((165.292285,0.,78.999882));
#8463=IFCCARTESIANPOINT((166.598065,0.,78.999882));
#8464=IFCCARTESIANPOINT((167.832937,0.,78.999882));
#8465=IFCCARTESIANPOINT((168.996266,0.,78.999882));
#8466=IFCCARTESIANPOINT((170.087418,0.,78.999882));
#8467=IFCCARTESIANPOINT((171.105758,0.,78.999882));
#8468=IFCCARTESIANPOINT((172.050651,0.,78.999882));
#8469=IFCCARTESIANPOINT((172.921464,0.,78.999882));
#8470=IFCCARTESIANPOINT((173.71756,0.,78.999882));
#8471=IFCCARTESIANPOINT((174.438307,0.,78.999882));
#8472=IFCCARTESIANPOINT((175.083068,0.,78.999882));
#8473=IFCCARTESIANPOINT((175.65121,0.,78.999882));
#8474=IFCCARTESIANPOINT((176.142098,0.,78.999882));
#8475=IFCCARTESIANPOINT((176.555097,0.,78.999882));
#8476=IFCCARTESIANPOINT((176.889573,0.,78.999882));
#8477=IFCCARTESIANPOINT((177.14489,0.,78.999882));
#8478=IFCPOLYLINE((#8479,#8480,#8481,#8482,#8483,#8484,#8485,#8486,#8487,#8488,#8489,#8490,#8491,#8492,#8493,#8494,#8495,#8496,#8497,#8498,#8499,#8500,#8501,#8502,#8503,#8504,#8505,#8506,#8507,#8508,#8509,#8510,#8511,#8512,#8513,#8514,#8515,#8516,#8517,#8518,#8519,#8520,#8521,#8522,#8523,#8524,#8525,#8526,#8527,#8528,#8529,#8530,#8531,#8532,#8533,#8534,#8535,#8536,#8537,#8538,#8539,#8540,#8541,#8542,#8543,#8544,#8545,#8546,#8547,#8548,#8549,#8550,#8551,#8552,#8553,#8554,#8555,#8556,#8557,#8558,#8559));
#8479=IFCCARTESIANPOINT((-0.000443,0.,78.999882));
#8480=IFCCARTESIANPOINT((-2.100552,0.,78.999882));
#8481=IFCCARTESIANPOINT((-4.282735,0.,78.999882));
#8482=IFCCARTESIANPOINT((-6.544868,0.,78.999882));
#8483=IFCCARTESIANPOINT((-8.884826,0.,78.999882));
#8484=IFCCARTESIANPOINT((-11.300485,0.,78.999882));
#8485=IFCCARTESIANPOINT((-13.789718,0.,78.999882));
#8486=IFCCARTESIANPOINT((-16.350402,0.,78.999882));
#8487=IFCCARTESIANPOINT((-18.980412,0.,78.999882));
#8488=IFCCARTESIANPOINT((-21.677622,0.,78.999882));
#8489=IFCCARTESIANPOINT((-24.439908,0.,78.999882));
#8490=IFCCARTESIANPOINT((-27.265145,0.,78.999882));
#8491=IFCCARTESIANPOINT((-30.151207,0.,78.999882));
#8492=IFCCARTESIANPOINT((-33.095971,0.,78.999882));
#8493=IFCCARTESIANPOINT((-36.097311,0.,78.999882));
#8494=IFCCARTESIANPOINT((-39.153102,0.,78.999882));
#8495=IFCCARTESIANPOINT((-42.26122,0.,78.999882));
#8496=IFCCARTESIANPOINT((-45.419539,0.,78.999882));
#8497=IFCCARTESIANPOINT((-48.625934,0.,78.999882));
#8498=IFCCARTESIANPOINT((-51.878282,0.,78.999882));
#8499=IFCCARTESIANPOINT((-55.174456,0.,78.999882));
#8500=IFCCARTESIANPOINT((-58.512333,0.,78.999882));
#8501=IFCCARTESIANPOINT((-61.887017,0.,78.999882));
#8502=IFCCARTESIANPOINT((-65.253995,0.,78.999882));
#8503=IFCCARTESIANPOINT((-68.597101,0.,78.999882));
#8504=IFCCARTESIANPOINT((-71.914648,0.,78.999882));
#8505=IFCCARTESIANPOINT((-75.204951,0.,78.999882));
#8506=IFCCARTESIANPOINT((-78.466324,0.,78.999882));
#8507=IFCCARTESIANPOINT((-81.697079,0.,78.999882));
#8508=IFCCARTESIANPOINT((-84.895531,0.,78.999882));
#8509=IFCCARTESIANPOINT((-88.059993,0.,78.999882));
#8510=IFCCARTESIANPOINT((-91.188779,0.,78.999882));
#8511=IFCCARTESIANPOINT((-94.280203,0.,78.999882));
#8512=IFCCARTESIANPOINT((-97.332578,0.,78.999882));
#8513=IFCCARTESIANPOINT((-100.344218,0.,78.999882));
#8514=IFCCARTESIANPOINT((-103.313437,0.,78.999882));
#8515=IFCCARTESIANPOINT((-106.238548,0.,78.999882));
#8516=IFCCARTESIANPOINT((-109.117865,0.,78.999882));
#8517=IFCCARTESIANPOINT((-111.949703,0.,78.999882));
#8518=IFCCARTESIANPOINT((-114.732374,0.,78.999882));
#8519=IFCCARTESIANPOINT((-117.463677,0.,78.999882));
#8520=IFCCARTESIANPOINT((-120.137284,0.,78.999882));
#8521=IFCCARTESIANPOINT((-122.751732,0.,78.999882));
#8522=IFCCARTESIANPOINT((-125.307001,0.,78.999882));
#8523=IFCCARTESIANPOINT((-127.803069,0.,78.999882));
#8524=IFCCARTESIANPOINT((-130.239914,0.,78.999882));
#8525=IFCCARTESIANPOINT((-132.617515,0.,78.999882));
#8526=IFCCARTESIANPOINT((-134.935852,0.,78.999882));
#8527=IFCCARTESIANPOINT((-137.194902,0.,78.999882));
#8528=IFCCARTESIANPOINT((-139.394645,0.,78.999882));
#8529=IFCCARTESIANPOINT((-141.53506,0.,78.999882));
#8530=IFCCARTESIANPOINT((-143.616124,0.,78.999882));
#8531=IFCCARTESIANPOINT((-145.637817,0.,78.999882));
#8532=IFCCARTESIANPOINT((-147.600118,0.,78.999882));
#8533=IFCCARTESIANPOINT((-149.503005,0.,78.999882));
#8534=IFCCARTESIANPOINT((-151.346457,0.,78.999882));
#8535=IFCCARTESIANPOINT((-153.130453,0.,78.999882));
#8536=IFCCARTESIANPOINT((-154.854971,0.,78.999882));
#8537=IFCCARTESIANPOINT((-156.51999,0.,78.999882));
#8538=IFCCARTESIANPOINT((-158.125479,0.,78.999882));
#8539=IFCCARTESIANPOINT((-159.670697,0.,78.999882));
#8540=IFCCARTESIANPOINT((-161.154883,0.,78.999882));
#8541=IFCCARTESIANPOINT((-162.577575,0.,78.999882));
#8542=IFCCARTESIANPOINT((-163.938313,0.,78.999882));
#8543=IFCCARTESIANPOINT((-165.236636,0.,78.999882));
#8544=IFCCARTESIANPOINT((-166.472085,0.,78.999882));
#8545=IFCCARTESIANPOINT((-167.644199,0.,78.999882));
#8546=IFCCARTESIANPOINT((-168.752517,0.,78.999882));
#8547=IFCCARTESIANPOINT((-169.796579,0.,78.999882));
#8548=IFCCARTESIANPOINT((-170.775924,0.,78.999882));
#8549=IFCCARTESIANPOINT((-171.690093,0.,78.999882));
#8550=IFCCARTESIANPOINT((-172.538625,0.,78.999882));
#8551=IFCCARTESIANPOINT((-173.321059,0.,78.999882));
#8552=IFCCARTESIANPOINT((-174.036935,0.,78.999882));
#8553=IFCCARTESIANPOINT((-174.685794,0.,78.999882));
#8554=IFCCARTESIANPOINT((-175.267173,0.,78.999882));
#8555=IFCCARTESIANPOINT((-175.780613,0.,78.999882));
#8556=IFCCARTESIANPOINT((-176.225654,0.,78.999882));
#8557=IFCCARTESIANPOINT((-176.601835,0.,78.999882));
#8558=IFCCARTESIANPOINT((-176.908696,0.,78.999882));
#8559=IFCCARTESIANPOINT((-177.145776,0.,78.999882));
#8560=IFCPOLYLINE((#8561,#8562,#8563,#8564,#8565,#8566,#8567,#8568,#8569,#8570,#8571,#8572,#8573,#8574,#8575,#8576,#8577,#8578,#8579,#8580,#8581,#8582,#8583,#8584,#8585,#8586,#8587,#8588,#8589,#8590,#8591,#8592,#8593,#8594,#8595,#8596,#8597,#8598,#8599,#8600,#8601,#8602,#8603,#8604,#8605,#8606,#8607,#8608,#8609));
#8561=IFCCARTESIANPOINT((-177.145776,0.,78.999882));
#8562=IFCCARTESIANPOINT((-177.600379,0.,78.999882));
#8563=IFCCARTESIANPOINT((-178.045704,0.,78.999882));
#8564=IFCCARTESIANPOINT((-178.481751,0.,78.999882));
#8565=IFCCARTESIANPOINT((-178.908523,0.,78.999882));
#8566=IFCCARTESIANPOINT((-179.326019,0.,78.999882));
#8567=IFCCARTESIANPOINT((-179.734242,0.,78.999882));
#8568=IFCCARTESIANPOINT((-180.133192,0.,78.999882));
#8569=IFCCARTESIANPOINT((-180.522871,0.,78.999882));
#8570=IFCCARTESIANPOINT((-180.903279,0.,78.999882));
#8571=IFCCARTESIANPOINT((-181.274418,0.,78.999882));
#8572=IFCCARTESIANPOINT((-181.63629,0.,78.999882));
#8573=IFCCARTESIANPOINT((-181.988895,0.,78.999882));
#8574=IFCCARTESIANPOINT((-182.332234,0.,78.999882));
#8575=IFCCARTESIANPOINT((-182.666309,0.,78.999882));
#8576=IFCCARTESIANPOINT((-182.99112,0.,78.999882));
#8577=IFCCARTESIANPOINT((-183.30667,0.,78.999882));
#8578=IFCCARTESIANPOINT((-183.612958,0.,78.999882));
#8579=IFCCARTESIANPOINT((-183.909987,0.,78.999882));
#8580=IFCCARTESIANPOINT((-184.197758,0.,78.999882));
#8581=IFCCARTESIANPOINT((-184.476271,0.,78.999882));
#8582=IFCCARTESIANPOINT((-184.745528,0.,78.999882));
#8583=IFCCARTESIANPOINT((-185.005529,0.,78.999882));
#8584=IFCCARTESIANPOINT((-185.256277,0.,78.999882));
#8585=IFCCARTESIANPOINT((-185.497772,0.,78.999882));
#8586=IFCCARTESIANPOINT((-185.730008,0.,78.999882));
#8587=IFCCARTESIANPOINT((-185.952978,0.,78.999882));
#8588=IFCCARTESIANPOINT((-186.166681,0.,78.999882));
#8589=IFCCARTESIANPOINT((-186.371117,0.,78.999882));
#8590=IFCCARTESIANPOINT((-186.566288,0.,78.999882));
#8591=IFCCARTESIANPOINT((-186.752191,0.,78.999882));
#8592=IFCCARTESIANPOINT((-186.928829,0.,78.999882));
#8593=IFCCARTESIANPOINT((-187.0962,0.,78.999882));
#8594=IFCCARTESIANPOINT((-187.254305,0.,78.999882));
#8595=IFCCARTESIANPOINT((-187.403143,0.,78.999882));
#8596=IFCCARTESIANPOINT((-187.542715,0.,78.999882));
#8597=IFCCARTESIANPOINT((-187.673021,0.,78.999882));
#8598=IFCCARTESIANPOINT((-187.79406,0.,78.999882));
#8599=IFCCARTESIANPOINT((-187.905834,0.,78.999882));
#8600=IFCCARTESIANPOINT((-188.008341,0.,78.999882));
#8601=IFCCARTESIANPOINT((-188.101581,0.,78.999882));
#8602=IFCCARTESIANPOINT((-188.185556,0.,78.999882));
#8603=IFCCARTESIANPOINT((-188.260264,0.,78.999882));
#8604=IFCCARTESIANPOINT((-188.325706,0.,78.999882));
#8605=IFCCARTESIANPOINT((-188.381882,0.,78.999882));
#8606=IFCCARTESIANPOINT((-188.428792,0.,78.999882));
#8607=IFCCARTESIANPOINT((-188.466435,0.,78.999882));
#8608=IFCCARTESIANPOINT((-188.494813,0.,78.999882));
#8609=IFCCARTESIANPOINT((-188.513924,0.,78.999882));
#8610=IFCPOLYLINE((#8611,#8612,#8613,#8614,#8615,#8616,#8617,#8618,#8619,#8620,#8621,#8622,#8623,#8624,#8625,#8626,#8627,#8628,#8629,#8630,#8631,#8632,#8633,#8634,#8635,#8636,#8637,#8638,#8639,#8640,#8641,#8642,#8643,#8644,#8645,#8646,#8647,#8648,#8649,#8650,#8651,#8652,#8653,#8654,#8655,#8656,#8657,#8658,#8659));
#8611=IFCCARTESIANPOINT((177.14489,0.,78.999882));
#8612=IFCCARTESIANPOINT((177.599493,0.,78.999882));
#8613=IFCCARTESIANPOINT((178.044818,0.,78.999882));
#8614=IFCCARTESIANPOINT((178.480865,0.,78.999882));
#8615=IFCCARTESIANPOINT((178.907637,0.,78.999882));
#8616=IFCCARTESIANPOINT((179.325133,0.,78.999882));
#8617=IFCCARTESIANPOINT((179.733356,0.,78.999882));
#8618=IFCCARTESIANPOINT((180.132306,0.,78.999882));
#8619=IFCCARTESIANPOINT((180.521985,0.,78.999882));
#8620=IFCCARTESIANPOINT((180.902393,0.,78.999882));
#8621=IFCCARTESIANPOINT((181.273532,0.,78.999882));
#8622=IFCCARTESIANPOINT((181.635404,0.,78.999882));
#8623=IFCCARTESIANPOINT((181.988009,0.,78.999882));
#8624=IFCCARTESIANPOINT((182.331348,0.,78.999882));
#8625=IFCCARTESIANPOINT((182.665423,0.,78.999882));
#8626=IFCCARTESIANPOINT((182.990234,0.,78.999882));
#8627=IFCCARTESIANPOINT((183.305784,0.,78.999882));
#8628=IFCCARTESIANPOINT((183.612072,0.,78.999882));
#8629=IFCCARTESIANPOINT((183.909101,0.,78.999882));
#8630=IFCCARTESIANPOINT((184.196872,0.,78.999882));
#8631=IFCCARTESIANPOINT((184.475385,0.,78.999882));
#8632=IFCCARTESIANPOINT((184.744642,0.,78.999882));
#8633=IFCCARTESIANPOINT((185.004643,0.,78.999882));
#8634=IFCCARTESIANPOINT((185.255391,0.,78.999882));
#8635=IFCCARTESIANPOINT((185.496886,0.,78.999882));
#8636=IFCCARTESIANPOINT((185.729122,0.,78.999882));
#8637=IFCCARTESIANPOINT((185.952092,0.,78.999882));
#8638=IFCCARTESIANPOINT((186.165795,0.,78.999882));
#8639=IFCCARTESIANPOINT((186.370231,0.,78.999882));
#8640=IFCCARTESIANPOINT((186.565402,0.,78.999882));
#8641=IFCCARTESIANPOINT((186.751305,0.,78.999882));
#8642=IFCCARTESIANPOINT((186.927943,0.,78.999882));
#8643=IFCCARTESIANPOINT((187.095314,0.,78.999882));
#8644=IFCCARTESIANPOINT((187.253419,0.,78.999882));
#8645=IFCCARTESIANPOINT((187.402257,0.,78.999882));
#8646=IFCCARTESIANPOINT((187.541829,0.,78.999882));
#8647=IFCCARTESIANPOINT((187.672135,0.,78.999882));
#8648=IFCCARTESIANPOINT((187.793174,0.,78.999882));
#8649=IFCCARTESIANPOINT((187.904948,0.,78.999882));
#8650=IFCCARTESIANPOINT((188.007455,0.,78.999882));
#8651=IFCCARTESIANPOINT((188.100695,0.,78.999882));
#8652=IFCCARTESIANPOINT((188.18467,0.,78.999882));
#8653=IFCCARTESIANPOINT((188.259378,0.,78.999882));
#8654=IFCCARTESIANPOINT((188.32482,0.,78.999882));
#8655=IFCCARTESIANPOINT((188.380996,0.,78.999882));
#8656=IFCCARTESIANPOINT((188.427906,0.,78.999882));
#8657=IFCCARTESIANPOINT((188.465549,0.,78.999882));
#8658=IFCCARTESIANPOINT((188.493927,0.,78.999882));
#8659=IFCCARTESIANPOINT((188.513038,0.,78.999882));
#8660=IFCPOLYLINE((#8661,#8662));
#8661=IFCCARTESIANPOINT((-178.669493,0.,81.799689));
#8662=IFCCARTESIANPOINT((-178.867819,0.,78.999882));
#8663=IFCPOLYLINE((#8664,#8665));
#8664=IFCCARTESIANPOINT((-192.752384,0.,81.799689));
#8665=IFCCARTESIANPOINT((-184.981399,0.,81.799689));
#8666=IFCPOLYLINE((#8667,#8668));
#8667=IFCCARTESIANPOINT((-180.720048,0.,81.799689));
#8668=IFCCARTESIANPOINT((-184.981399,0.,81.799689));
#8669=IFCPOLYLINE((#8670,#8671,#8672,#8673,#8674,#8675,#8676,#8677,#8678,#8679,#8680,#8681,#8682,#8683,#8684,#8685,#8686,#8687,#8688,#8689,#8690,#8691,#8692,#8693,#8694,#8695,#8696,#8697,#8698,#8699,#8700,#8701,#8702,#8703,#8704,#8705,#8706,#8707,#8708,#8709,#8710,#8711,#8712,#8713,#8714,#8715,#8716,#8717,#8718));
#8670=IFCCARTESIANPOINT((-180.720048,0.,81.799689));
#8671=IFCCARTESIANPOINT((-180.139052,0.,81.799689));
#8672=IFCCARTESIANPOINT((-179.520931,0.,81.799689));
#8673=IFCCARTESIANPOINT((-178.865586,0.,81.799689));
#8674=IFCCARTESIANPOINT((-178.172915,0.,81.799689));
#8675=IFCCARTESIANPOINT((-177.442819,0.,81.799689));
#8676=IFCCARTESIANPOINT((-176.675197,0.,81.799689));
#8677=IFCCARTESIANPOINT((-175.869949,0.,81.799689));
#8678=IFCCARTESIANPOINT((-175.026974,0.,81.799689));
#8679=IFCCARTESIANPOINT((-174.146173,0.,81.799689));
#8680=IFCCARTESIANPOINT((-173.227444,0.,81.799689));
#8681=IFCCARTESIANPOINT((-172.270688,0.,81.799689));
#8682=IFCCARTESIANPOINT((-171.275805,0.,81.799689));
#8683=IFCCARTESIANPOINT((-170.242693,0.,81.799689));
#8684=IFCCARTESIANPOINT((-169.171253,0.,81.799689));
#8685=IFCCARTESIANPOINT((-168.061385,0.,81.799689));
#8686=IFCCARTESIANPOINT((-166.912987,0.,81.799689));
#8687=IFCCARTESIANPOINT((-165.72596,0.,81.799689));
#8688=IFCCARTESIANPOINT((-164.500204,0.,81.799689));
#8689=IFCCARTESIANPOINT((-163.235618,0.,81.799689));
#8690=IFCCARTESIANPOINT((-161.932101,0.,81.799689));
#8691=IFCCARTESIANPOINT((-160.589554,0.,81.799689));
#8692=IFCCARTESIANPOINT((-159.207876,0.,81.799689));
#8693=IFCCARTESIANPOINT((-157.786967,0.,81.799689));
#8694=IFCCARTESIANPOINT((-156.326831,0.,81.799689));
#8695=IFCCARTESIANPOINT((-154.829897,0.,81.799689));
#8696=IFCCARTESIANPOINT((-153.297358,0.,81.799689));
#8697=IFCCARTESIANPOINT((-151.72939,0.,81.799689));
#8698=IFCCARTESIANPOINT((-150.126174,0.,81.799689));
#8699=IFCCARTESIANPOINT((-148.487886,0.,81.799689));
#8700=IFCCARTESIANPOINT((-146.814707,0.,81.799689));
#8701=IFCCARTESIANPOINT((-145.106812,0.,81.799689));
#8702=IFCCARTESIANPOINT((-143.364383,0.,81.799689));
#8703=IFCCARTESIANPOINT((-141.587595,0.,81.799689));
#8704=IFCCARTESIANPOINT((-139.776629,0.,81.799689));
#8705=IFCCARTESIANPOINT((-137.931663,0.,81.799689));
#8706=IFCCARTESIANPOINT((-136.052874,0.,81.799689));
#8707=IFCCARTESIANPOINT((-134.140441,0.,81.799689));
#8708=IFCCARTESIANPOINT((-132.194543,0.,81.799689));
#8709=IFCCARTESIANPOINT((-130.215358,0.,81.799689));
#8710=IFCCARTESIANPOINT((-128.203064,0.,81.799689));
#8711=IFCCARTESIANPOINT((-126.15784,0.,81.799689));
#8712=IFCCARTESIANPOINT((-124.079864,0.,81.799689));
#8713=IFCCARTESIANPOINT((-121.969314,0.,81.799689));
#8714=IFCCARTESIANPOINT((-119.826369,0.,81.799689));
#8715=IFCCARTESIANPOINT((-117.651208,0.,81.799689));
#8716=IFCCARTESIANPOINT((-115.444008,0.,81.799689));
#8717=IFCCARTESIANPOINT((-113.204949,0.,81.799689));
#8718=IFCCARTESIANPOINT((-110.934207,0.,81.799689));
#8719=IFCPOLYLINE((#8720,#8721,#8722,#8723,#8724,#8725,#8726,#8727,#8728,#8729,#8730,#8731,#8732,#8733,#8734,#8735,#8736,#8737,#8738,#8739,#8740,#8741,#8742,#8743,#8744,#8745,#8746,#8747,#8748,#8749,#8750,#8751,#8752,#8753,#8754,#8755,#8756,#8757,#8758,#8759,#8760,#8761,#8762,#8763,#8764,#8765,#8766,#8767,#8768));
#8720=IFCCARTESIANPOINT((-110.934207,0.,81.799689));
#8721=IFCCARTESIANPOINT((-108.936262,0.,81.799689));
#8722=IFCCARTESIANPOINT((-106.919762,0.,81.799689));
#8723=IFCCARTESIANPOINT((-104.884977,0.,81.799689));
#8724=IFCCARTESIANPOINT((-102.832175,0.,81.799689));
#8725=IFCCARTESIANPOINT((-100.761626,0.,81.799689));
#8726=IFCCARTESIANPOINT((-98.673599,0.,81.799689));
#8727=IFCCARTESIANPOINT((-96.568362,0.,81.799689));
#8728=IFCCARTESIANPOINT((-94.446185,0.,81.799689));
#8729=IFCCARTESIANPOINT((-92.307336,0.,81.799689));
#8730=IFCCARTESIANPOINT((-90.152086,0.,81.799689));
#8731=IFCCARTESIANPOINT((-87.980701,0.,81.799689));
#8732=IFCCARTESIANPOINT((-85.793453,0.,81.799689));
#8733=IFCCARTESIANPOINT((-83.590609,0.,81.799689));
#8734=IFCCARTESIANPOINT((-81.372439,0.,81.799689));
#8735=IFCCARTESIANPOINT((-79.139211,0.,81.799689));
#8736=IFCCARTESIANPOINT((-76.891195,0.,81.799689));
#8737=IFCCARTESIANPOINT((-74.62866,0.,81.799689));
#8738=IFCCARTESIANPOINT((-72.351874,0.,81.799689));
#8739=IFCCARTESIANPOINT((-70.061108,0.,81.799689));
#8740=IFCCARTESIANPOINT((-67.756628,0.,81.799689));
#8741=IFCCARTESIANPOINT((-65.438706,0.,81.799689));
#8742=IFCCARTESIANPOINT((-63.107609,0.,81.799689));
#8743=IFCCARTESIANPOINT((-60.763606,0.,81.799689));
#8744=IFCCARTESIANPOINT((-58.40697,0.,81.799689));
#8745=IFCCARTESIANPOINT((-56.040201,0.,81.799689));
#8746=IFCCARTESIANPOINT((-53.665533,0.,81.799689));
#8747=IFCCARTESIANPOINT((-51.283251,0.,81.799689));
#8748=IFCCARTESIANPOINT((-48.89364,0.,81.799689));
#8749=IFCCARTESIANPOINT((-46.496983,0.,81.799689));
#8750=IFCCARTESIANPOINT((-44.093567,0.,81.799689));
#8751=IFCCARTESIANPOINT((-41.683675,0.,81.799689));
#8752=IFCCARTESIANPOINT((-39.267591,0.,81.799689));
#8753=IFCCARTESIANPOINT((-36.845601,0.,81.799689));
#8754=IFCCARTESIANPOINT((-34.417989,0.,81.799689));
#8755=IFCCARTESIANPOINT((-31.985039,0.,81.799689));
#8756=IFCCARTESIANPOINT((-29.547036,0.,81.799689));
#8757=IFCCARTESIANPOINT((-27.104265,0.,81.799689));
#8758=IFCCARTESIANPOINT((-24.657009,0.,81.799689));
#8759=IFCCARTESIANPOINT((-22.205555,0.,81.799689));
#8760=IFCCARTESIANPOINT((-19.750185,0.,81.799689));
#8761=IFCCARTESIANPOINT((-17.291186,0.,81.799689));
#8762=IFCCARTESIANPOINT((-14.82884,0.,81.799689));
#8763=IFCCARTESIANPOINT((-12.363434,0.,81.799689));
#8764=IFCCARTESIANPOINT((-9.895251,0.,81.799689));
#8765=IFCCARTESIANPOINT((-7.424575,0.,81.799689));
#8766=IFCCARTESIANPOINT((-4.951693,0.,81.799689));
#8767=IFCCARTESIANPOINT((-2.476887,0.,81.799689));
#8768=IFCCARTESIANPOINT((-0.000443,0.,81.799689));
#8769=IFCPOLYLINE((#8770,#8771,#8772,#8773,#8774,#8775,#8776,#8777,#8778,#8779,#8780,#8781,#8782,#8783,#8784,#8785,#8786,#8787,#8788,#8789,#8790,#8791,#8792,#8793,#8794,#8795,#8796,#8797,#8798,#8799,#8800,#8801,#8802,#8803,#8804,#8805,#8806,#8807,#8808,#8809,#8810,#8811,#8812,#8813,#8814,#8815,#8816,#8817,#8818));
#8770=IFCCARTESIANPOINT((-0.000443,0.,81.799689));
#8771=IFCCARTESIANPOINT((2.476569,0.,81.799689));
#8772=IFCCARTESIANPOINT((4.951915,0.,81.799689));
#8773=IFCCARTESIANPOINT((7.425313,0.,81.799689));
#8774=IFCCARTESIANPOINT((9.896479,0.,81.799689));
#8775=IFCCARTESIANPOINT((12.365129,0.,81.799689));
#8776=IFCCARTESIANPOINT((14.83098,0.,81.799689));
#8777=IFCCARTESIANPOINT((17.293748,0.,81.799689));
#8778=IFCCARTESIANPOINT((19.75315,0.,81.799689));
#8779=IFCCARTESIANPOINT((22.208902,0.,81.799689));
#8780=IFCCARTESIANPOINT((24.66072,0.,81.799689));
#8781=IFCCARTESIANPOINT((27.108322,0.,81.799689));
#8782=IFCCARTESIANPOINT((29.551424,0.,81.799689));
#8783=IFCCARTESIANPOINT((31.989742,0.,81.799689));
#8784=IFCCARTESIANPOINT((34.422993,0.,81.799689));
#8785=IFCCARTESIANPOINT((36.850893,0.,81.799689));
#8786=IFCCARTESIANPOINT((39.273159,0.,81.799689));
#8787=IFCCARTESIANPOINT((41.689507,0.,81.799689));
#8788=IFCCARTESIANPOINT((44.099653,0.,81.799689));
#8789=IFCCARTESIANPOINT((46.503315,0.,81.799689));
#8790=IFCCARTESIANPOINT((48.900208,0.,81.799689));
#8791=IFCCARTESIANPOINT((51.29005,0.,81.799689));
#8792=IFCCARTESIANPOINT((53.672557,0.,81.799689));
#8793=IFCCARTESIANPOINT((56.047444,0.,81.799689));
#8794=IFCCARTESIANPOINT((58.414429,0.,81.799689));
#8795=IFCCARTESIANPOINT((60.771412,0.,81.799689));
#8796=IFCCARTESIANPOINT((63.115667,0.,81.799689));
#8797=IFCCARTESIANPOINT((65.446918,0.,81.799689));
#8798=IFCCARTESIANPOINT((67.764901,0.,81.799689));
#8799=IFCCARTESIANPOINT((70.069353,0.,81.799689));
#8800=IFCCARTESIANPOINT((72.360012,0.,81.799689));
#8801=IFCCARTESIANPOINT((74.636615,0.,81.799689));
#8802=IFCCARTESIANPOINT((76.898898,0.,81.799689));
#8803=IFCCARTESIANPOINT((79.146598,0.,81.799689));
#8804=IFCCARTESIANPOINT((81.379452,0.,81.799689));
#8805=IFCCARTESIANPOINT((83.597198,0.,81.799689));
#8806=IFCCARTESIANPOINT((85.799572,0.,81.799689));
#8807=IFCCARTESIANPOINT((87.986311,0.,81.799689));
#8808=IFCCARTESIANPOINT((90.157153,0.,81.799689));
#8809=IFCCARTESIANPOINT((92.311833,0.,81.799689));
#8810=IFCCARTESIANPOINT((94.45009,0.,81.799689));
#8811=IFCCARTESIANPOINT((96.57166,0.,81.799689));
#8812=IFCCARTESIANPOINT((98.67628,0.,81.799689));
#8813=IFCCARTESIANPOINT((100.763687,0.,81.799689));
#8814=IFCCARTESIANPOINT((102.833618,0.,81.799689));
#8815=IFCCARTESIANPOINT((104.88581,0.,81.799689));
#8816=IFCCARTESIANPOINT((106.92,0.,81.799689));
#8817=IFCCARTESIANPOINT((108.935925,0.,81.799689));
#8818=IFCCARTESIANPOINT((110.933321,0.,81.799689));
#8819=IFCPOLYLINE((#8820,#8821,#8822,#8823,#8824,#8825,#8826,#8827,#8828,#8829,#8830,#8831,#8832,#8833,#8834,#8835,#8836,#8837,#8838,#8839,#8840,#8841,#8842,#8843,#8844,#8845,#8846,#8847,#8848,#8849,#8850,#8851,#8852,#8853,#8854,#8855,#8856,#8857,#8858,#8859,#8860,#8861,#8862,#8863,#8864,#8865,#8866,#8867,#8868));
#8820=IFCCARTESIANPOINT((110.933321,0.,81.799689));
#8821=IFCCARTESIANPOINT((113.204054,0.,81.799689));
#8822=IFCCARTESIANPOINT((115.443106,0.,81.799689));
#8823=IFCCARTESIANPOINT((117.650298,0.,81.799689));
#8824=IFCCARTESIANPOINT((119.825452,0.,81.799689));
#8825=IFCCARTESIANPOINT((121.96839,0.,81.799689));
#8826=IFCCARTESIANPOINT((124.078934,0.,81.799689));
#8827=IFCCARTESIANPOINT((126.156904,0.,81.799689));
#8828=IFCCARTESIANPOINT((128.202123,0.,81.799689));
#8829=IFCCARTESIANPOINT((130.214412,0.,81.799689));
#8830=IFCCARTESIANPOINT((132.193593,0.,81.799689));
#8831=IFCCARTESIANPOINT((134.139487,0.,81.799689));
#8832=IFCCARTESIANPOINT((136.051917,0.,81.799689));
#8833=IFCCARTESIANPOINT((137.930703,0.,81.799689));
#8834=IFCCARTESIANPOINT((139.775667,0.,81.799689));
#8835=IFCCARTESIANPOINT((141.586631,0.,81.799689));
#8836=IFCCARTESIANPOINT((143.363416,0.,81.799689));
#8837=IFCCARTESIANPOINT((145.105845,0.,81.799689));
#8838=IFCCARTESIANPOINT((146.813739,0.,81.799689));
#8839=IFCCARTESIANPOINT((148.486918,0.,81.799689));
#8840=IFCCARTESIANPOINT((150.125206,0.,81.799689));
#8841=IFCCARTESIANPOINT((151.728423,0.,81.799689));
#8842=IFCCARTESIANPOINT((153.296392,0.,81.799689));
#8843=IFCCARTESIANPOINT((154.828933,0.,81.799689));
#8844=IFCCARTESIANPOINT((156.325869,0.,81.799689));
#8845=IFCCARTESIANPOINT((157.786008,0.,81.799689));
#8846=IFCCARTESIANPOINT((159.206919,0.,81.799689));
#8847=IFCCARTESIANPOINT((160.5886,0.,81.799689));
#8848=IFCCARTESIANPOINT((161.93115,0.,81.799689));
#8849=IFCCARTESIANPOINT((163.23467,0.,81.799689));
#8850=IFCCARTESIANPOINT((164.499259,0.,81.799689));
#8851=IFCCARTESIANPOINT((165.725019,0.,81.799689));
#8852=IFCCARTESIANPOINT((166.91205,0.,81.799689));
#8853=IFCCARTESIANPOINT((168.060451,0.,81.799689));
#8854=IFCCARTESIANPOINT((169.170323,0.,81.799689));
#8855=IFCCARTESIANPOINT((170.241767,0.,81.799689));
#8856=IFCCARTESIANPOINT((171.274882,0.,81.799689));
#8857=IFCCARTESIANPOINT((172.26977,0.,81.799689));
#8858=IFCCARTESIANPOINT((173.226529,0.,81.799689));
#8859=IFCCARTESIANPOINT((174.145261,0.,81.799689));
#8860=IFCCARTESIANPOINT((175.026066,0.,81.799689));
#8861=IFCCARTESIANPOINT((175.869044,0.,81.799689));
#8862=IFCCARTESIANPOINT((176.674296,0.,81.799689));
#8863=IFCCARTESIANPOINT((177.441921,0.,81.799689));
#8864=IFCCARTESIANPOINT((178.17202,0.,81.799689));
#8865=IFCCARTESIANPOINT((178.864693,0.,81.799689));
#8866=IFCCARTESIANPOINT((179.520041,0.,81.799689));
#8867=IFCCARTESIANPOINT((180.138164,0.,81.799689));
#8868=IFCCARTESIANPOINT((180.719162,0.,81.799689));
#8869=IFCPOLYLINE((#8870,#8871));
#8870=IFCCARTESIANPOINT((184.980513,0.,81.799689));
#8871=IFCCARTESIANPOINT((180.719162,0.,81.799689));
#8872=IFCPOLYLINE((#8873,#8874));
#8873=IFCCARTESIANPOINT((192.751498,0.,81.799689));
#8874=IFCCARTESIANPOINT((184.980513,0.,81.799689));
#8875=IFCPOLYLINE((#8876,#8877,#8878,#8879,#8880,#8881,#8882,#8883,#8884,#8885,#8886,#8887,#8888,#8889,#8890,#8891,#8892,#8893,#8894,#8895,#8896,#8897,#8898,#8899,#8900,#8901,#8902,#8903,#8904,#8905,#8906,#8907,#8908,#8909,#8910,#8911,#8912,#8913,#8914,#8915,#8916,#8917,#8918,#8919,#8920,#8921,#8922,#8923,#8924,#8925,#8926,#8927,#8928,#8929,#8930,#8931,#8932,#8933,#8934,#8935,#8936,#8937,#8938,#8939,#8940,#8941,#8942,#8943,#8944,#8945,#8946,#8947,#8948,#8949,#8950,#8951,#8952,#8953,#8954,#8955,#8956,#8957,#8958,#8959,#8960,#8961,#8962,#8963,#8964,#8965,#8966,#8967,#8968,#8969,#8970,#8971,#8972,#8973,#8974,#8975,#8976,#8977,#8978,#8979,#8980,#8981,#8982,#8983,#8984,#8985,#8986,#8987,#8988,#8989,#8990,#8991,#8992,#8993,#8994,#8995,#8996,#8997,#8998,#8999,#9000,#9001,#9002,#9003,#9004));
#8876=IFCCARTESIANPOINT((192.011045,0.,102.615509));
#8877=IFCCARTESIANPOINT((192.026031,0.,102.375173));
#8878=IFCCARTESIANPOINT((192.040957,0.,102.134454));
#8879=IFCCARTESIANPOINT((192.05582,0.,101.893387));
#8880=IFCCARTESIANPOINT((192.070618,0.,101.652004));
#8881=IFCCARTESIANPOINT((192.085348,0.,101.410339));
#8882=IFCCARTESIANPOINT((192.100009,0.,101.168424));
#8883=IFCCARTESIANPOINT((192.114599,0.,100.926293));
#8884=IFCCARTESIANPOINT((192.129116,0.,100.683979));
#8885=IFCCARTESIANPOINT((192.143557,0.,100.441516));
#8886=IFCCARTESIANPOINT((192.15792,0.,100.198935));
#8887=IFCCARTESIANPOINT((192.172203,0.,99.956271));
#8888=IFCCARTESIANPOINT((192.186405,0.,99.713557));
#8889=IFCCARTESIANPOINT((192.200522,0.,99.470825));
#8890=IFCCARTESIANPOINT((192.214554,0.,99.228109));
#8891=IFCCARTESIANPOINT((192.228497,0.,98.985442));
#8892=IFCCARTESIANPOINT((192.242349,0.,98.742858));
#8893=IFCCARTESIANPOINT((192.25611,0.,98.500388));
#8894=IFCCARTESIANPOINT((192.269775,0.,98.258068));
#8895=IFCCARTESIANPOINT((192.283344,0.,98.015933));
#8896=IFCCARTESIANPOINT((192.296806,0.,97.774153));
#8897=IFCCARTESIANPOINT((192.310156,0.,97.532829));
#8898=IFCCARTESIANPOINT((192.323391,0.,97.291992));
#8899=IFCCARTESIANPOINT((192.336511,0.,97.051676));
#8900=IFCCARTESIANPOINT((192.349513,0.,96.811913));
#8901=IFCCARTESIANPOINT((192.362396,0.,96.572734));
#8902=IFCCARTESIANPOINT((192.375157,0.,96.334173));
#8903=IFCCARTESIANPOINT((192.387794,0.,96.096262));
#8904=IFCCARTESIANPOINT((192.400307,0.,95.859034));
#8905=IFCCARTESIANPOINT((192.412693,0.,95.62252));
#8906=IFCCARTESIANPOINT((192.42495,0.,95.386754));
#8907=IFCCARTESIANPOINT((192.437077,0.,95.151767));
#8908=IFCCARTESIANPOINT((192.449072,0.,94.917592));
#8909=IFCCARTESIANPOINT((192.460932,0.,94.684262));
#8910=IFCCARTESIANPOINT((192.472656,0.,94.451808));
#8911=IFCCARTESIANPOINT((192.484243,0.,94.220264));
#8912=IFCCARTESIANPOINT((192.49569,0.,93.989662));
#8913=IFCCARTESIANPOINT((192.506995,0.,93.760034));
#8914=IFCCARTESIANPOINT((192.518158,0.,93.531412));
#8915=IFCCARTESIANPOINT((192.529169,0.,93.303957));
#8916=IFCCARTESIANPOINT((192.540022,0.,93.077805));
#8917=IFCCARTESIANPOINT((192.550716,0.,92.852986));
#8918=IFCCARTESIANPOINT((192.561249,0.,92.629529));
#8919=IFCCARTESIANPOINT((192.571621,0.,92.407462));
#8920=IFCCARTESIANPOINT((192.58183,0.,92.186814));
#8921=IFCCARTESIANPOINT((192.591874,0.,91.967613));
#8922=IFCCARTESIANPOINT((192.601753,0.,91.749889));
#8923=IFCCARTESIANPOINT((192.611465,0.,91.53367));
#8924=IFCCARTESIANPOINT((192.621009,0.,91.318985));
#8925=IFCCARTESIANPOINT((192.630383,0.,91.105863));
#8926=IFCCARTESIANPOINT((192.639587,0.,90.894332));
#8927=IFCCARTESIANPOINT((192.648619,0.,90.684421));
#8928=IFCCARTESIANPOINT((192.657478,0.,90.476159));
#8929=IFCCARTESIANPOINT((192.666162,0.,90.269574));
#8930=IFCCARTESIANPOINT((192.674671,0.,90.064696));
#8931=IFCCARTESIANPOINT((192.683002,0.,89.861553));
#8932=IFCCARTESIANPOINT((192.691155,0.,89.660173));
#8933=IFCCARTESIANPOINT((192.699129,0.,89.460586));
#8934=IFCCARTESIANPOINT((192.706922,0.,89.262821));
#8935=IFCCARTESIANPOINT((192.714533,0.,89.066905));
#8936=IFCCARTESIANPOINT((192.72196,0.,88.872868));
#8937=IFCCARTESIANPOINT((192.729203,0.,88.680738));
#8938=IFCCARTESIANPOINT((192.73626,0.,88.490545));
#8939=IFCCARTESIANPOINT((192.743129,0.,88.302316));
#8940=IFCCARTESIANPOINT((192.74981,0.,88.116081));
#8941=IFCCARTESIANPOINT((192.756298,0.,87.931984));
#8942=IFCCARTESIANPOINT((192.762587,0.,87.750159));
#8943=IFCCARTESIANPOINT((192.768677,0.,87.57063));
#8944=IFCCARTESIANPOINT((192.774568,0.,87.393415));
#8945=IFCCARTESIANPOINT((192.78026,0.,87.218536));
#8946=IFCCARTESIANPOINT((192.785751,0.,87.046015));
#8947=IFCCARTESIANPOINT((192.791041,0.,86.875872));
#8948=IFCCARTESIANPOINT((192.79613,0.,86.708128));
#8949=IFCCARTESIANPOINT((192.801018,0.,86.542803));
#8950=IFCCARTESIANPOINT((192.805704,0.,86.37992));
#8951=IFCCARTESIANPOINT((192.810187,0.,86.219499));
#8952=IFCCARTESIANPOINT((192.814466,0.,86.06156));
#8953=IFCCARTESIANPOINT((192.818543,0.,85.906125));
#8954=IFCCARTESIANPOINT((192.822415,0.,85.753215));
#8955=IFCCARTESIANPOINT((192.826083,0.,85.602851));
#8956=IFCCARTESIANPOINT((192.829546,0.,85.455053));
#8957=IFCCARTESIANPOINT((192.832804,0.,85.309843));
#8958=IFCCARTESIANPOINT((192.835856,0.,85.167241));
#8959=IFCCARTESIANPOINT((192.838701,0.,85.027269));
#8960=IFCCARTESIANPOINT((192.84134,0.,84.889947));
#8961=IFCCARTESIANPOINT((192.843771,0.,84.755297));
#8962=IFCCARTESIANPOINT((192.845995,0.,84.623339));
#8963=IFCCARTESIANPOINT((192.84801,0.,84.494094));
#8964=IFCCARTESIANPOINT((192.849817,0.,84.367584));
#8965=IFCCARTESIANPOINT((192.851415,0.,84.243829));
#8966=IFCCARTESIANPOINT((192.852802,0.,84.12285));
#8967=IFCCARTESIANPOINT((192.85398,0.,84.004668));
#8968=IFCCARTESIANPOINT((192.854947,0.,83.88932));
#8969=IFCCARTESIANPOINT((192.855703,0.,83.776917));
#8970=IFCCARTESIANPOINT((192.856247,0.,83.667488));
#8971=IFCCARTESIANPOINT((192.856581,0.,83.561044));
#8972=IFCCARTESIANPOINT((192.856703,0.,83.457597));
#8973=IFCCARTESIANPOINT((192.856615,0.,83.357157));
#8974=IFCCARTESIANPOINT((192.856316,0.,83.259738));
#8975=IFCCARTESIANPOINT((192.855808,0.,83.16535));
#8976=IFCCARTESIANPOINT((192.855089,0.,83.074006));
#8977=IFCCARTESIANPOINT((192.854161,0.,82.985717));
#8978=IFCCARTESIANPOINT((192.853024,0.,82.900495));
#8979=IFCCARTESIANPOINT((192.851677,0.,82.818352));
#8980=IFCCARTESIANPOINT((192.850122,0.,82.739298));
#8981=IFCCARTESIANPOINT((192.848358,0.,82.663347));
#8982=IFCCARTESIANPOINT((192.846386,0.,82.590509));
#8983=IFCCARTESIANPOINT((192.844206,0.,82.520796));
#8984=IFCCARTESIANPOINT((192.841818,0.,82.454221));
#8985=IFCCARTESIANPOINT((192.839222,0.,82.390794));
#8986=IFCCARTESIANPOINT((192.836419,0.,82.330528));
#8987=IFCCARTESIANPOINT((192.833409,0.,82.273434));
#8988=IFCCARTESIANPOINT((192.830193,0.,82.219533));
#8989=IFCCARTESIANPOINT((192.826773,0.,82.168859));
#8990=IFCCARTESIANPOINT((192.823149,0.,82.121417));
#8991=IFCCARTESIANPOINT((192.819323,0.,82.077214));
#8992=IFCCARTESIANPOINT((192.815294,0.,82.036255));
#8993=IFCCARTESIANPOINT((192.811064,0.,81.998544));
#8994=IFCCARTESIANPOINT((192.806633,0.,81.964088));
#8995=IFCCARTESIANPOINT((192.802002,0.,81.932892));
#8996=IFCCARTESIANPOINT((192.797172,0.,81.904961));
#8997=IFCCARTESIANPOINT((192.792143,0.,81.880301));
#8998=IFCCARTESIANPOINT((192.786917,0.,81.858923));
#8999=IFCCARTESIANPOINT((192.781497,0.,81.84083));
#9000=IFCCARTESIANPOINT((192.775882,0.,81.826023));
#9001=IFCCARTESIANPOINT((192.770074,0.,81.814504));
#9002=IFCCARTESIANPOINT((192.764073,0.,81.806274));
#9003=IFCCARTESIANPOINT((192.757881,0.,81.801336));
#9004=IFCCARTESIANPOINT((192.751498,0.,81.799689));
#9005=IFCPOLYLINE((#9006,#9007,#9008,#9009,#9010,#9011,#9012,#9013,#9014));
#9006=IFCCARTESIANPOINT((181.125799,0.,78.999882));
#9007=IFCCARTESIANPOINT((181.101054,0.,79.349857));
#9008=IFCCARTESIANPOINT((181.07631,0.,79.699832));
#9009=IFCCARTESIANPOINT((181.051565,0.,80.049808));
#9010=IFCCARTESIANPOINT((181.026821,0.,80.399784));
#9011=IFCCARTESIANPOINT((181.002076,0.,80.74976));
#9012=IFCCARTESIANPOINT((180.977331,0.,81.099736));
#9013=IFCCARTESIANPOINT((180.952587,0.,81.449712));
#9014=IFCCARTESIANPOINT((180.927842,0.,81.799689));
#9015=IFCPOLYLINE((#9016,#9017));
#9016=IFCCARTESIANPOINT((178.668607,0.,81.799689));
#9017=IFCCARTESIANPOINT((178.866933,0.,78.999882));
#9018=IFCSHAPEREPRESENTATION(#9019,'Body','GeometricCurveSet',(#9020));
#9019=IFCGEOMETRICREPRESENTATIONSUBCONTEXT('Body','Model',*,*,*,*,#2,$,.ELEVATION_VIEW.,$);
#9020=IFCGEOMETRICCURVESET((#9021,#9024,#9027,#9061,#9111,#9145,#9195,#9245,#9407,#9410,#9460,#9622,#9672,#9802,#9884,#9934,#10040,#10098,#10156,#10166,#10216,#10266,#10316,#10374,#10456,#10466,#10628,#10710,#10720,#10730,#10740,#10750,#10912,#10922,#10925,#10928,#11003,#11013,#11095,#11129,#11291,#11341,#11391,#11553,#11683,#11733,#11887,#12017,#12020,#12070,#12120,#12170,#12220,#12350,#12353,#12356,#12366,#12448,#12498,#12501,#12504,#12507,#12557,#12607,#12610));
#9021=IFCPOLYLINE((#9022,#9023));
#9022=IFCCARTESIANPOINT((0.,5.612014,-3.451475));
#9023=IFCCARTESIANPOINT((0.,5.612014,-3.527274));
#9024=IFCPOLYLINE((#9025,#9026));
#9025=IFCCARTESIANPOINT((0.,-21.387986,-3.395805));
#9026=IFCCARTESIANPOINT((0.,-21.387986,-3.527274));
#9027=IFCPOLYLINE((#9028,#9029,#9030,#9031,#9032,#9033,#9034,#9035,#9036,#9037,#9038,#9039,#9040,#9041,#9042,#9043,#9044,#9045,#9046,#9047,#9048,#9049,#9050,#9051,#9052,#9053,#9054,#9055,#9056,#9057,#9058,#9059,#9060));
#9028=IFCCARTESIANPOINT((0.,-495.310551,119.076079));
#9029=IFCCARTESIANPOINT((0.,-496.415398,118.908087));
#9030=IFCCARTESIANPOINT((0.,-497.520228,118.739984));
#9031=IFCCARTESIANPOINT((0.,-498.625041,118.571768));
#9032=IFCCARTESIANPOINT((0.,-499.729837,118.40344));
#9033=IFCCARTESIANPOINT((0.,-500.834616,118.234999));
#9034=IFCCARTESIANPOINT((0.,-501.939378,118.066447));
#9035=IFCCARTESIANPOINT((0.,-503.044123,117.897782));
#9036=IFCCARTESIANPOINT((0.,-504.148851,117.729005));
#9037=IFCCARTESIANPOINT((0.,-505.253561,117.560115));
#9038=IFCCARTESIANPOINT((0.,-506.358255,117.391114));
#9039=IFCCARTESIANPOINT((0.,-507.462931,117.222));
#9040=IFCCARTESIANPOINT((0.,-508.56759,117.052774));
#9041=IFCCARTESIANPOINT((0.,-509.672232,116.883435));
#9042=IFCCARTESIANPOINT((0.,-510.776857,116.713985));
#9043=IFCCARTESIANPOINT((0.,-511.881465,116.544422));
#9044=IFCCARTESIANPOINT((0.,-512.986055,116.374747));
#9045=IFCCARTESIANPOINT((0.,-514.090628,116.20496));
#9046=IFCCARTESIANPOINT((0.,-515.195184,116.035061));
#9047=IFCCARTESIANPOINT((0.,-516.299723,115.865049));
#9048=IFCCARTESIANPOINT((0.,-517.404244,115.694925));
#9049=IFCCARTESIANPOINT((0.,-518.508748,115.524689));
#9050=IFCCARTESIANPOINT((0.,-519.613235,115.354341));
#9051=IFCCARTESIANPOINT((0.,-520.717704,115.183881));
#9052=IFCCARTESIANPOINT((0.,-521.822156,115.013308));
#9053=IFCCARTESIANPOINT((0.,-522.926591,114.842623));
#9054=IFCCARTESIANPOINT((0.,-524.031008,114.671826));
#9055=IFCCARTESIANPOINT((0.,-525.135408,114.500917));
#9056=IFCCARTESIANPOINT((0.,-526.23979,114.329896));
#9057=IFCCARTESIANPOINT((0.,-527.344155,114.158762));
#9058=IFCCARTESIANPOINT((0.,-528.448503,113.987517));
#9059=IFCCARTESIANPOINT((0.,-529.552833,113.816159));
#9060=IFCCARTESIANPOINT((0.,-530.657145,113.644689));
#9061=IFCPOLYLINE((#9062,#9063,#9064,#9065,#9066,#9067,#9068,#9069,#9070,#9071,#9072,#9073,#9074,#9075,#9076,#9077,#9078,#9079,#9080,#9081,#9082,#9083,#9084,#9085,#9086,#9087,#9088,#9089,#9090,#9091,#9092,#9093,#9094,#9095,#9096,#9097,#9098,#9099,#9100,#9101,#9102,#9103,#9104,#9105,#9106,#9107,#9108,#9109,#9110));
#9062=IFCCARTESIANPOINT((0.,-375.939551,136.550983));
#9063=IFCCARTESIANPOINT((0.,-378.428372,136.200281));
#9064=IFCCARTESIANPOINT((0.,-380.917115,135.849013));
#9065=IFCCARTESIANPOINT((0.,-383.405778,135.497177));
#9066=IFCCARTESIANPOINT((0.,-385.894362,135.144774));
#9067=IFCCARTESIANPOINT((0.,-388.382867,134.791804));
#9068=IFCCARTESIANPOINT((0.,-390.871292,134.438267));
#9069=IFCCARTESIANPOINT((0.,-393.359638,134.084162));
#9070=IFCCARTESIANPOINT((0.,-395.847904,133.72949));
#9071=IFCCARTESIANPOINT((0.,-398.336089,133.37425));
#9072=IFCCARTESIANPOINT((0.,-400.824194,133.018442));
#9073=IFCCARTESIANPOINT((0.,-403.312218,132.662066));
#9074=IFCCARTESIANPOINT((0.,-405.800162,132.305123));
#9075=IFCCARTESIANPOINT((0.,-408.288024,131.947611));
#9076=IFCCARTESIANPOINT((0.,-410.775806,131.589531));
#9077=IFCCARTESIANPOINT((0.,-413.263505,131.230883));
#9078=IFCCARTESIANPOINT((0.,-415.751124,130.871666));
#9079=IFCCARTESIANPOINT((0.,-418.23866,130.511881));
#9080=IFCCARTESIANPOINT((0.,-420.726114,130.151527));
#9081=IFCCARTESIANPOINT((0.,-423.213485,129.790605));
#9082=IFCCARTESIANPOINT((0.,-425.700775,129.429113));
#9083=IFCCARTESIANPOINT((0.,-428.187981,129.067053));
#9084=IFCCARTESIANPOINT((0.,-430.675104,128.704424));
#9085=IFCCARTESIANPOINT((0.,-433.162145,128.341225));
#9086=IFCCARTESIANPOINT((0.,-435.649101,127.977458));
#9087=IFCCARTESIANPOINT((0.,-438.135975,127.613121));
#9088=IFCCARTESIANPOINT((0.,-440.622764,127.248214));
#9089=IFCCARTESIANPOINT((0.,-443.109469,126.882738));
#9090=IFCCARTESIANPOINT((0.,-445.59609,126.516692));
#9091=IFCCARTESIANPOINT((0.,-448.082627,126.150077));
#9092=IFCCARTESIANPOINT((0.,-450.569079,125.782892));
#9093=IFCCARTESIANPOINT((0.,-453.055446,125.415136));
#9094=IFCCARTESIANPOINT((0.,-455.541727,125.046811));
#9095=IFCCARTESIANPOINT((0.,-458.027924,124.677915));
#9096=IFCCARTESIANPOINT((0.,-460.514035,124.308449));
#9097=IFCCARTESIANPOINT((0.,-463.00006,123.938413));
#9098=IFCCARTESIANPOINT((0.,-465.485999,123.567807));
#9099=IFCCARTESIANPOINT((0.,-467.971852,123.196629));
#9100=IFCCARTESIANPOINT((0.,-470.457619,122.824881));
#9101=IFCCARTESIANPOINT((0.,-472.943299,122.452562));
#9102=IFCCARTESIANPOINT((0.,-475.428892,122.079672));
#9103=IFCCARTESIANPOINT((0.,-477.914399,121.706209));
#9104=IFCCARTESIANPOINT((0.,-480.399819,121.332173));
#9105=IFCCARTESIANPOINT((0.,-482.885154,120.957566));
#9106=IFCCARTESIANPOINT((0.,-485.370404,120.582393));
#9107=IFCCARTESIANPOINT((0.,-487.855568,120.206655));
#9108=IFCCARTESIANPOINT((0.,-490.340648,119.830354));
#9109=IFCCARTESIANPOINT((0.,-492.825642,119.453495));
#9110=IFCCARTESIANPOINT((0.,-495.310551,119.076079));
#9111=IFCPOLYLINE((#9112,#9113,#9114,#9115,#9116,#9117,#9118,#9119,#9120,#9121,#9122,#9123,#9124,#9125,#9126,#9127,#9128,#9129,#9130,#9131,#9132,#9133,#9134,#9135,#9136,#9137,#9138,#9139,#9140,#9141,#9142,#9143,#9144));
#9112=IFCCARTESIANPOINT((0.,-337.744071,141.86044));
#9113=IFCCARTESIANPOINT((0.,-338.93796,141.696547));
#9114=IFCCARTESIANPOINT((0.,-340.131831,141.532522));
#9115=IFCCARTESIANPOINT((0.,-341.325684,141.368367));
#9116=IFCCARTESIANPOINT((0.,-342.519519,141.204082));
#9117=IFCCARTESIANPOINT((0.,-343.713337,141.039665));
#9118=IFCCARTESIANPOINT((0.,-344.907136,140.875117));
#9119=IFCCARTESIANPOINT((0.,-346.100917,140.710439));
#9120=IFCCARTESIANPOINT((0.,-347.294681,140.54563));
#9121=IFCCARTESIANPOINT((0.,-348.488426,140.38069));
#9122=IFCCARTESIANPOINT((0.,-349.682154,140.21562));
#9123=IFCCARTESIANPOINT((0.,-350.875863,140.050418));
#9124=IFCCARTESIANPOINT((0.,-352.069554,139.885086));
#9125=IFCCARTESIANPOINT((0.,-353.263227,139.719623));
#9126=IFCCARTESIANPOINT((0.,-354.456882,139.554029));
#9127=IFCCARTESIANPOINT((0.,-355.650519,139.388305));
#9128=IFCCARTESIANPOINT((0.,-356.844138,139.22245));
#9129=IFCCARTESIANPOINT((0.,-358.037739,139.056464));
#9130=IFCCARTESIANPOINT((0.,-359.231321,138.890347));
#9131=IFCCARTESIANPOINT((0.,-360.424885,138.724099));
#9132=IFCCARTESIANPOINT((0.,-361.618431,138.557721));
#9133=IFCCARTESIANPOINT((0.,-362.811959,138.391212));
#9134=IFCCARTESIANPOINT((0.,-364.005468,138.224572));
#9135=IFCCARTESIANPOINT((0.,-365.198959,138.057801));
#9136=IFCCARTESIANPOINT((0.,-366.392432,137.8909));
#9137=IFCCARTESIANPOINT((0.,-367.585886,137.723868));
#9138=IFCCARTESIANPOINT((0.,-368.779322,137.556705));
#9139=IFCCARTESIANPOINT((0.,-369.97274,137.389412));
#9140=IFCCARTESIANPOINT((0.,-371.166139,137.221987));
#9141=IFCCARTESIANPOINT((0.,-372.35952,137.054432));
#9142=IFCCARTESIANPOINT((0.,-373.552882,136.886747));
#9143=IFCCARTESIANPOINT((0.,-374.746226,136.71893));
#9144=IFCCARTESIANPOINT((0.,-375.939551,136.550983));
#9145=IFCPOLYLINE((#9146,#9147,#9148,#9149,#9150,#9151,#9152,#9153,#9154,#9155,#9156,#9157,#9158,#9159,#9160,#9161,#9162,#9163,#9164,#9165,#9166,#9167,#9168,#9169,#9170,#9171,#9172,#9173,#9174,#9175,#9176,#9177,#9178,#9179,#9180,#9181,#9182,#9183,#9184,#9185,#9186,#9187,#9188,#9189,#9190,#9191,#9192,#9193,#9194));
#9146=IFCCARTESIANPOINT((0.,-38.226807,178.782043));
#9147=IFCCARTESIANPOINT((0.,-44.476652,178.096709));
#9148=IFCCARTESIANPOINT((0.,-50.726112,177.407803));
#9149=IFCCARTESIANPOINT((0.,-56.975184,176.715324));
#9150=IFCCARTESIANPOINT((0.,-63.223864,176.019273));
#9151=IFCCARTESIANPOINT((0.,-69.472148,175.31965));
#9152=IFCCARTESIANPOINT((0.,-75.720035,174.616455));
#9153=IFCCARTESIANPOINT((0.,-81.967521,173.90969));
#9154=IFCCARTESIANPOINT((0.,-88.214603,173.199354));
#9155=IFCCARTESIANPOINT((0.,-94.461278,172.485448));
#9156=IFCCARTESIANPOINT((0.,-100.707543,171.767971));
#9157=IFCCARTESIANPOINT((0.,-106.953395,171.046925));
#9158=IFCCARTESIANPOINT((0.,-113.19883,170.32231));
#9159=IFCCARTESIANPOINT((0.,-119.443846,169.594125));
#9160=IFCCARTESIANPOINT((0.,-125.68844,168.862373));
#9161=IFCCARTESIANPOINT((0.,-131.932608,168.127051));
#9162=IFCCARTESIANPOINT((0.,-138.176348,167.388162));
#9163=IFCCARTESIANPOINT((0.,-144.419671,166.645704));
#9164=IFCCARTESIANPOINT((0.,-150.662584,165.899675));
#9165=IFCCARTESIANPOINT((0.,-156.905083,165.150075));
#9166=IFCCARTESIANPOINT((0.,-163.147167,164.396906));
#9167=IFCCARTESIANPOINT((0.,-169.38883,163.640168));
#9168=IFCCARTESIANPOINT((0.,-175.630072,162.87986));
#9169=IFCCARTESIANPOINT((0.,-181.870888,162.115984));
#9170=IFCCARTESIANPOINT((0.,-188.111275,161.348539));
#9171=IFCCARTESIANPOINT((0.,-194.351231,160.577527));
#9172=IFCCARTESIANPOINT((0.,-200.590752,159.802948));
#9173=IFCCARTESIANPOINT((0.,-206.829835,159.024801));
#9174=IFCCARTESIANPOINT((0.,-213.068478,158.243088));
#9175=IFCCARTESIANPOINT((0.,-219.306677,157.457808));
#9176=IFCCARTESIANPOINT((0.,-225.544429,156.668963));
#9177=IFCCARTESIANPOINT((0.,-231.781731,155.876552));
#9178=IFCCARTESIANPOINT((0.,-238.018581,155.080576));
#9179=IFCCARTESIANPOINT((0.,-244.254974,154.281035));
#9180=IFCCARTESIANPOINT((0.,-250.490908,153.477931));
#9181=IFCCARTESIANPOINT((0.,-256.72638,152.671262));
#9182=IFCCARTESIANPOINT((0.,-262.961387,151.86103));
#9183=IFCCARTESIANPOINT((0.,-269.195925,151.047235));
#9184=IFCCARTESIANPOINT((0.,-275.429992,150.229877));
#9185=IFCCARTESIANPOINT((0.,-281.663585,149.408957));
#9186=IFCCARTESIANPOINT((0.,-287.896701,148.584475));
#9187=IFCCARTESIANPOINT((0.,-294.129336,147.756432));
#9188=IFCCARTESIANPOINT((0.,-300.361487,146.924827));
#9189=IFCCARTESIANPOINT((0.,-306.593152,146.089662));
#9190=IFCCARTESIANPOINT((0.,-312.824328,145.250937));
#9191=IFCCARTESIANPOINT((0.,-319.05501,144.408651));
#9192=IFCCARTESIANPOINT((0.,-325.285197,143.562807));
#9193=IFCCARTESIANPOINT((0.,-331.514885,142.713403));
#9194=IFCCARTESIANPOINT((0.,-337.744071,141.86044));
#9195=IFCPOLYLINE((#9196,#9197,#9198,#9199,#9200,#9201,#9202,#9203,#9204,#9205,#9206,#9207,#9208,#9209,#9210,#9211,#9212,#9213,#9214,#9215,#9216,#9217,#9218,#9219,#9220,#9221,#9222,#9223,#9224,#9225,#9226,#9227,#9228,#9229,#9230,#9231,#9232,#9233,#9234,#9235,#9236,#9237,#9238,#9239,#9240,#9241,#9242,#9243,#9244));
#9196=IFCCARTESIANPOINT((0.,-14.315498,148.044813));
#9197=IFCCARTESIANPOINT((0.,-14.697787,148.317523));
#9198=IFCCARTESIANPOINT((0.,-15.082657,148.587101));
#9199=IFCCARTESIANPOINT((0.,-15.470063,148.853525));
#9200=IFCCARTESIANPOINT((0.,-15.859958,149.116771));
#9201=IFCCARTESIANPOINT((0.,-16.2523,149.376819));
#9202=IFCCARTESIANPOINT((0.,-16.647041,149.633645));
#9203=IFCCARTESIANPOINT((0.,-17.044138,149.887227));
#9204=IFCCARTESIANPOINT((0.,-17.443546,150.137543));
#9205=IFCCARTESIANPOINT((0.,-17.845219,150.38457));
#9206=IFCCARTESIANPOINT((0.,-18.249112,150.628287));
#9207=IFCCARTESIANPOINT((0.,-18.65518,150.86867));
#9208=IFCCARTESIANPOINT((0.,-19.063379,151.105698));
#9209=IFCCARTESIANPOINT((0.,-19.473663,151.339348));
#9210=IFCCARTESIANPOINT((0.,-19.885987,151.569597));
#9211=IFCCARTESIANPOINT((0.,-20.300307,151.796424));
#9212=IFCCARTESIANPOINT((0.,-20.716577,152.019807));
#9213=IFCCARTESIANPOINT((0.,-21.134752,152.239722));
#9214=IFCCARTESIANPOINT((0.,-21.554787,152.456147));
#9215=IFCCARTESIANPOINT((0.,-21.976638,152.669061));
#9216=IFCCARTESIANPOINT((0.,-22.400258,152.878441));
#9217=IFCCARTESIANPOINT((0.,-22.825604,153.084264));
#9218=IFCCARTESIANPOINT((0.,-23.25263,153.286508));
#9219=IFCCARTESIANPOINT((0.,-23.681291,153.485151));
#9220=IFCCARTESIANPOINT((0.,-24.111542,153.68017));
#9221=IFCCARTESIANPOINT((0.,-24.543338,153.871544));
#9222=IFCCARTESIANPOINT((0.,-24.976634,154.059249));
#9223=IFCCARTESIANPOINT((0.,-25.411385,154.243264));
#9224=IFCCARTESIANPOINT((0.,-25.847546,154.423566));
#9225=IFCCARTESIANPOINT((0.,-26.285072,154.600132));
#9226=IFCCARTESIANPOINT((0.,-26.723918,154.772941));
#9227=IFCCARTESIANPOINT((0.,-27.164039,154.941971));
#9228=IFCCARTESIANPOINT((0.,-27.60539,155.107198));
#9229=IFCCARTESIANPOINT((0.,-28.047926,155.2686));
#9230=IFCCARTESIANPOINT((0.,-28.491602,155.426156));
#9231=IFCCARTESIANPOINT((0.,-28.936373,155.579842));
#9232=IFCCARTESIANPOINT((0.,-29.382194,155.729637));
#9233=IFCCARTESIANPOINT((0.,-29.829019,155.875518));
#9234=IFCCARTESIANPOINT((0.,-30.276804,156.017463));
#9235=IFCCARTESIANPOINT((0.,-30.725547,156.155475));
#9236=IFCCARTESIANPOINT((0.,-31.17546,156.289694));
#9237=IFCCARTESIANPOINT((0.,-31.626539,156.420132));
#9238=IFCCARTESIANPOINT((0.,-32.078738,156.546778));
#9239=IFCCARTESIANPOINT((0.,-32.532006,156.669619));
#9240=IFCCARTESIANPOINT((0.,-32.986296,156.788641));
#9241=IFCCARTESIANPOINT((0.,-33.44156,156.903833));
#9242=IFCCARTESIANPOINT((0.,-33.89775,157.01518));
#9243=IFCCARTESIANPOINT((0.,-34.354816,157.122671));
#9244=IFCCARTESIANPOINT((0.,-34.812711,157.226293));
#9245=IFCPOLYLINE((#9246,#9247,#9248,#9249,#9250,#9251,#9252,#9253,#9254,#9255,#9256,#9257,#9258,#9259,#9260,#9261,#9262,#9263,#9264,#9265,#9266,#9267,#9268,#9269,#9270,#9271,#9272,#9273,#9274,#9275,#9276,#9277,#9278,#9279,#9280,#9281,#9282,#9283,#9284,#9285,#9286,#9287,#9288,#9289,#9290,#9291,#9292,#9293,#9294,#9295,#9296,#9297,#9298,#9299,#9300,#9301,#9302,#9303,#9304,#9305,#9306,#9307,#9308,#9309,#9310,#9311,#9312,#9313,#9314,#9315,#9316,#9317,#9318,#9319,#9320,#9321,#9322,#9323,#9324,#9325,#9326,#9327,#9328,#9329,#9330,#9331,#9332,#9333,#9334,#9335,#9336,#9337,#9338,#9339,#9340,#9341,#9342,#9343,#9344,#9345,#9346,#9347,#9348,#9349,#9350,#9351,#9352,#9353,#9354,#9355,#9356,#9357,#9358,#9359,#9360,#9361,#9362,#9363,#9364,#9365,#9366,#9367,#9368,#9369,#9370,#9371,#9372,#9373,#9374,#9375,#9376,#9377,#9378,#9379,#9380,#9381,#9382,#9383,#9384,#9385,#9386,#9387,#9388,#9389,#9390,#9391,#9392,#9393,#9394,#9395,#9396,#9397,#9398,#9399,#9400,#9401,#9402,#9403,#9404,#9405,#9406));
#9246=IFCCARTESIANPOINT((0.,-4.229252,131.664581));
#9247=IFCCARTESIANPOINT((0.,-4.229287,131.664801));
#9248=IFCCARTESIANPOINT((0.,-4.22932,131.66501));
#9249=IFCCARTESIANPOINT((0.,-4.229351,131.665208));
#9250=IFCCARTESIANPOINT((0.,-4.229381,131.665397));
#9251=IFCCARTESIANPOINT((0.,-4.22941,131.665576));
#9252=IFCCARTESIANPOINT((0.,-4.229437,131.665747));
#9253=IFCCARTESIANPOINT((0.,-4.229463,131.665911));
#9254=IFCCARTESIANPOINT((0.,-4.229489,131.666074));
#9255=IFCCARTESIANPOINT((0.,-4.229515,131.66624));
#9256=IFCCARTESIANPOINT((0.,-4.229541,131.666404));
#9257=IFCCARTESIANPOINT((0.,-4.229554,131.666487));
#9258=IFCCARTESIANPOINT((0.,-4.229575,131.666621));
#9259=IFCCARTESIANPOINT((0.,-4.229636,131.667007));
#9260=IFCCARTESIANPOINT((0.,-4.229769,131.667844));
#9261=IFCCARTESIANPOINT((0.,-4.23001,131.669367));
#9262=IFCCARTESIANPOINT((0.,-4.236573,131.710546));
#9263=IFCCARTESIANPOINT((0.,-4.258454,131.844774));
#9264=IFCCARTESIANPOINT((0.,-4.281131,131.979262));
#9265=IFCCARTESIANPOINT((0.,-4.304543,132.113638));
#9266=IFCCARTESIANPOINT((0.,-4.32869,132.247895));
#9267=IFCCARTESIANPOINT((0.,-4.35357,132.382024));
#9268=IFCCARTESIANPOINT((0.,-4.379182,132.516017));
#9269=IFCCARTESIANPOINT((0.,-4.405524,132.649864));
#9270=IFCCARTESIANPOINT((0.,-4.432594,132.783559));
#9271=IFCCARTESIANPOINT((0.,-4.460394,132.917102));
#9272=IFCCARTESIANPOINT((0.,-4.488932,133.050515));
#9273=IFCCARTESIANPOINT((0.,-4.518206,133.183796));
#9274=IFCCARTESIANPOINT((0.,-4.548215,133.316939));
#9275=IFCCARTESIANPOINT((0.,-4.578958,133.449937));
#9276=IFCCARTESIANPOINT((0.,-4.610432,133.582785));
#9277=IFCCARTESIANPOINT((0.,-4.642635,133.715478));
#9278=IFCCARTESIANPOINT((0.,-4.675567,133.848008));
#9279=IFCCARTESIANPOINT((0.,-4.709225,133.980371));
#9280=IFCCARTESIANPOINT((0.,-4.743608,134.11256));
#9281=IFCCARTESIANPOINT((0.,-4.778713,134.24457));
#9282=IFCCARTESIANPOINT((0.,-4.81454,134.376394));
#9283=IFCCARTESIANPOINT((0.,-4.851086,134.508027));
#9284=IFCCARTESIANPOINT((0.,-4.88835,134.639464));
#9285=IFCCARTESIANPOINT((0.,-4.92633,134.770697));
#9286=IFCCARTESIANPOINT((0.,-4.965024,134.901722));
#9287=IFCCARTESIANPOINT((0.,-5.004431,135.032532));
#9288=IFCCARTESIANPOINT((0.,-5.044548,135.163122));
#9289=IFCCARTESIANPOINT((0.,-5.085375,135.293486));
#9290=IFCCARTESIANPOINT((0.,-5.12691,135.423617));
#9291=IFCCARTESIANPOINT((0.,-5.16915,135.553511));
#9292=IFCCARTESIANPOINT((0.,-5.212094,135.68316));
#9293=IFCCARTESIANPOINT((0.,-5.25574,135.81256));
#9294=IFCCARTESIANPOINT((0.,-5.300088,135.941705));
#9295=IFCCARTESIANPOINT((0.,-5.345134,136.070588));
#9296=IFCCARTESIANPOINT((0.,-5.390877,136.199204));
#9297=IFCCARTESIANPOINT((0.,-5.437315,136.327547));
#9298=IFCCARTESIANPOINT((0.,-5.484448,136.455611));
#9299=IFCCARTESIANPOINT((0.,-5.532272,136.58339));
#9300=IFCCARTESIANPOINT((0.,-5.580788,136.71088));
#9301=IFCCARTESIANPOINT((0.,-5.630022,136.838125));
#9302=IFCCARTESIANPOINT((0.,-5.679988,136.965147));
#9303=IFCCARTESIANPOINT((0.,-5.730682,137.09194));
#9304=IFCCARTESIANPOINT((0.,-5.782102,137.218499));
#9305=IFCCARTESIANPOINT((0.,-5.834244,137.344818));
#9306=IFCCARTESIANPOINT((0.,-5.887105,137.470892));
#9307=IFCCARTESIANPOINT((0.,-5.940681,137.596717));
#9308=IFCCARTESIANPOINT((0.,-5.994971,137.722286));
#9309=IFCCARTESIANPOINT((0.,-6.049971,137.847595));
#9310=IFCCARTESIANPOINT((0.,-6.105677,137.972637));
#9311=IFCCARTESIANPOINT((0.,-6.162086,138.097409));
#9312=IFCCARTESIANPOINT((0.,-6.219197,138.221904));
#9313=IFCCARTESIANPOINT((0.,-6.277004,138.346117));
#9314=IFCCARTESIANPOINT((0.,-6.335506,138.470043));
#9315=IFCCARTESIANPOINT((0.,-6.394699,138.593677));
#9316=IFCCARTESIANPOINT((0.,-6.45458,138.717013));
#9317=IFCCARTESIANPOINT((0.,-6.515146,138.840046));
#9318=IFCCARTESIANPOINT((0.,-6.576394,138.962771));
#9319=IFCCARTESIANPOINT((0.,-6.638321,139.085182));
#9320=IFCCARTESIANPOINT((0.,-6.700924,139.207275));
#9321=IFCCARTESIANPOINT((0.,-6.764199,139.329043));
#9322=IFCCARTESIANPOINT((0.,-6.828143,139.450482));
#9323=IFCCARTESIANPOINT((0.,-6.892754,139.571586));
#9324=IFCCARTESIANPOINT((0.,-6.958029,139.692351));
#9325=IFCCARTESIANPOINT((0.,-7.023963,139.81277));
#9326=IFCCARTESIANPOINT((0.,-7.090555,139.932838));
#9327=IFCCARTESIANPOINT((0.,-7.1578,140.052551));
#9328=IFCCARTESIANPOINT((0.,-7.225697,140.171902));
#9329=IFCCARTESIANPOINT((0.,-7.294241,140.290887));
#9330=IFCCARTESIANPOINT((0.,-7.36343,140.4095));
#9331=IFCCARTESIANPOINT((0.,-7.43326,140.527737));
#9332=IFCCARTESIANPOINT((0.,-7.503729,140.64559));
#9333=IFCCARTESIANPOINT((0.,-7.574834,140.763057));
#9334=IFCCARTESIANPOINT((0.,-7.646571,140.88013));
#9335=IFCCARTESIANPOINT((0.,-7.718937,140.996805));
#9336=IFCCARTESIANPOINT((0.,-7.791929,141.113077));
#9337=IFCCARTESIANPOINT((0.,-7.865544,141.22894));
#9338=IFCCARTESIANPOINT((0.,-7.939779,141.344389));
#9339=IFCCARTESIANPOINT((0.,-8.014631,141.459419));
#9340=IFCCARTESIANPOINT((0.,-8.090096,141.574023));
#9341=IFCCARTESIANPOINT((0.,-8.166173,141.688198));
#9342=IFCCARTESIANPOINT((0.,-8.242856,141.801938));
#9343=IFCCARTESIANPOINT((0.,-8.320145,141.915237));
#9344=IFCCARTESIANPOINT((0.,-8.398034,142.028091));
#9345=IFCCARTESIANPOINT((0.,-8.476522,142.140493));
#9346=IFCCARTESIANPOINT((0.,-8.555604,142.252439));
#9347=IFCCARTESIANPOINT((0.,-8.635279,142.363923));
#9348=IFCCARTESIANPOINT((0.,-8.715543,142.47494));
#9349=IFCCARTESIANPOINT((0.,-8.796393,142.585485));
#9350=IFCCARTESIANPOINT((0.,-8.877825,142.695553));
#9351=IFCCARTESIANPOINT((0.,-8.959837,142.805137));
#9352=IFCCARTESIANPOINT((0.,-9.042425,142.914234));
#9353=IFCCARTESIANPOINT((0.,-9.125587,143.022837));
#9354=IFCCARTESIANPOINT((0.,-9.209319,143.130941));
#9355=IFCCARTESIANPOINT((0.,-9.293619,143.238542));
#9356=IFCCARTESIANPOINT((0.,-9.378483,143.345633));
#9357=IFCCARTESIANPOINT((0.,-9.463907,143.452209));
#9358=IFCCARTESIANPOINT((0.,-9.54989,143.558265));
#9359=IFCCARTESIANPOINT((0.,-9.636427,143.663797));
#9360=IFCCARTESIANPOINT((0.,-9.723517,143.768799));
#9361=IFCCARTESIANPOINT((0.,-9.811196,143.873323));
#9362=IFCCARTESIANPOINT((0.,-9.899481,143.977394));
#9363=IFCCARTESIANPOINT((0.,-9.988366,144.081007));
#9364=IFCCARTESIANPOINT((0.,-10.077848,144.18416));
#9365=IFCCARTESIANPOINT((0.,-10.167921,144.286847));
#9366=IFCCARTESIANPOINT((0.,-10.258583,144.389064));
#9367=IFCCARTESIANPOINT((0.,-10.349827,144.490807));
#9368=IFCCARTESIANPOINT((0.,-10.44165,144.592072));
#9369=IFCCARTESIANPOINT((0.,-10.534047,144.692855));
#9370=IFCCARTESIANPOINT((0.,-10.627013,144.793152));
#9371=IFCCARTESIANPOINT((0.,-10.720545,144.892958));
#9372=IFCCARTESIANPOINT((0.,-10.814638,144.992269));
#9373=IFCCARTESIANPOINT((0.,-10.909286,145.091081));
#9374=IFCCARTESIANPOINT((0.,-11.004487,145.189391));
#9375=IFCCARTESIANPOINT((0.,-11.100235,145.287193));
#9376=IFCCARTESIANPOINT((0.,-11.196525,145.384484));
#9377=IFCCARTESIANPOINT((0.,-11.293354,145.481259));
#9378=IFCCARTESIANPOINT((0.,-11.390716,145.577515));
#9379=IFCCARTESIANPOINT((0.,-11.488609,145.673246));
#9380=IFCCARTESIANPOINT((0.,-11.587025,145.76845));
#9381=IFCCARTESIANPOINT((0.,-11.685963,145.863121));
#9382=IFCCARTESIANPOINT((0.,-11.785416,145.957256));
#9383=IFCCARTESIANPOINT((0.,-11.885381,146.05085));
#9384=IFCCARTESIANPOINT((0.,-11.985853,146.1439));
#9385=IFCCARTESIANPOINT((0.,-12.086827,146.236401));
#9386=IFCCARTESIANPOINT((0.,-12.1883,146.328348));
#9387=IFCCARTESIANPOINT((0.,-12.290266,146.419739));
#9388=IFCCARTESIANPOINT((0.,-12.392721,146.510568));
#9389=IFCCARTESIANPOINT((0.,-12.495661,146.600831));
#9390=IFCCARTESIANPOINT((0.,-12.59908,146.690525));
#9391=IFCCARTESIANPOINT((0.,-12.702976,146.779644));
#9392=IFCCARTESIANPOINT((0.,-12.807343,146.868186));
#9393=IFCCARTESIANPOINT((0.,-12.912177,146.956145));
#9394=IFCCARTESIANPOINT((0.,-13.017473,147.043518));
#9395=IFCCARTESIANPOINT((0.,-13.123226,147.1303));
#9396=IFCCARTESIANPOINT((0.,-13.229433,147.216488));
#9397=IFCCARTESIANPOINT((0.,-13.336089,147.302077));
#9398=IFCCARTESIANPOINT((0.,-13.44319,147.387062));
#9399=IFCCARTESIANPOINT((0.,-13.55073,147.47144));
#9400=IFCCARTESIANPOINT((0.,-13.658705,147.555207));
#9401=IFCCARTESIANPOINT((0.,-13.767112,147.638358));
#9402=IFCCARTESIANPOINT((0.,-13.875945,147.72089));
#9403=IFCCARTESIANPOINT((0.,-13.9852,147.802797));
#9404=IFCCARTESIANPOINT((0.,-14.094873,147.884076));
#9405=IFCCARTESIANPOINT((0.,-14.204959,147.964723));
#9406=IFCCARTESIANPOINT((0.,-14.315453,148.044734));
#9407=IFCPOLYLINE((#9408,#9409));
#9408=IFCCARTESIANPOINT((0.,14.916013,78.999882));
#9409=IFCCARTESIANPOINT((0.,14.916013,86.999882));
#9410=IFCPOLYLINE((#9411,#9412,#9413,#9414,#9415,#9416,#9417,#9418,#9419,#9420,#9421,#9422,#9423,#9424,#9425,#9426,#9427,#9428,#9429,#9430,#9431,#9432,#9433,#9434,#9435,#9436,#9437,#9438,#9439,#9440,#9441,#9442,#9443,#9444,#9445,#9446,#9447,#9448,#9449,#9450,#9451,#9452,#9453,#9454,#9455,#9456,#9457,#9458,#9459));
#9411=IFCCARTESIANPOINT((0.,-203.09658,-233.551027));
#9412=IFCCARTESIANPOINT((0.,-203.080938,-233.691117));
#9413=IFCCARTESIANPOINT((0.,-203.065246,-233.831055));
#9414=IFCCARTESIANPOINT((0.,-203.049502,-233.970839));
#9415=IFCCARTESIANPOINT((0.,-203.033705,-234.11047));
#9416=IFCCARTESIANPOINT((0.,-203.017855,-234.249946));
#9417=IFCCARTESIANPOINT((0.,-203.00195,-234.389267));
#9418=IFCCARTESIANPOINT((0.,-202.985988,-234.528432));
#9419=IFCCARTESIANPOINT((0.,-202.969968,-234.66744));
#9420=IFCCARTESIANPOINT((0.,-202.953889,-234.806291));
#9421=IFCCARTESIANPOINT((0.,-202.93775,-234.944985));
#9422=IFCCARTESIANPOINT((0.,-202.921549,-235.08352));
#9423=IFCCARTESIANPOINT((0.,-202.905285,-235.221896));
#9424=IFCCARTESIANPOINT((0.,-202.888957,-235.360112));
#9425=IFCCARTESIANPOINT((0.,-202.872564,-235.498168));
#9426=IFCCARTESIANPOINT((0.,-202.856104,-235.636062));
#9427=IFCCARTESIANPOINT((0.,-202.839575,-235.773795));
#9428=IFCCARTESIANPOINT((0.,-202.822978,-235.911365));
#9429=IFCCARTESIANPOINT((0.,-202.80631,-236.048772));
#9430=IFCCARTESIANPOINT((0.,-202.78957,-236.186016));
#9431=IFCCARTESIANPOINT((0.,-202.772757,-236.323095));
#9432=IFCCARTESIANPOINT((0.,-202.75587,-236.460009));
#9433=IFCCARTESIANPOINT((0.,-202.738907,-236.596757));
#9434=IFCCARTESIANPOINT((0.,-202.721867,-236.733339));
#9435=IFCCARTESIANPOINT((0.,-202.704748,-236.869754));
#9436=IFCCARTESIANPOINT((0.,-202.687553,-237.005985));
#9437=IFCCARTESIANPOINT((0.,-202.67028,-237.142015));
#9438=IFCCARTESIANPOINT((0.,-202.652931,-237.277845));
#9439=IFCCARTESIANPOINT((0.,-202.635506,-237.413473));
#9440=IFCCARTESIANPOINT((0.,-202.618003,-237.5489));
#9441=IFCCARTESIANPOINT((0.,-202.600422,-237.684124));
#9442=IFCCARTESIANPOINT((0.,-202.582764,-237.819146));
#9443=IFCCARTESIANPOINT((0.,-202.565028,-237.953966));
#9444=IFCCARTESIANPOINT((0.,-202.547213,-238.088582));
#9445=IFCCARTESIANPOINT((0.,-202.52932,-238.222995));
#9446=IFCCARTESIANPOINT((0.,-202.511347,-238.357203));
#9447=IFCCARTESIANPOINT((0.,-202.493296,-238.491208));
#9448=IFCCARTESIANPOINT((0.,-202.475165,-238.625008));
#9449=IFCCARTESIANPOINT((0.,-202.456954,-238.758603));
#9450=IFCCARTESIANPOINT((0.,-202.438663,-238.891993));
#9451=IFCCARTESIANPOINT((0.,-202.420291,-239.025177));
#9452=IFCCARTESIANPOINT((0.,-202.401839,-239.158155));
#9453=IFCCARTESIANPOINT((0.,-202.383306,-239.290926));
#9454=IFCCARTESIANPOINT((0.,-202.364692,-239.423491));
#9455=IFCCARTESIANPOINT((0.,-202.345996,-239.555849));
#9456=IFCCARTESIANPOINT((0.,-202.327218,-239.687999));
#9457=IFCCARTESIANPOINT((0.,-202.308358,-239.819941));
#9458=IFCCARTESIANPOINT((0.,-202.289416,-239.951674));
#9459=IFCCARTESIANPOINT((0.,-202.270391,-240.083199));
#9460=IFCPOLYLINE((#9461,#9462,#9463,#9464,#9465,#9466,#9467,#9468,#9469,#9470,#9471,#9472,#9473,#9474,#9475,#9476,#9477,#9478,#9479,#9480,#9481,#9482,#9483,#9484,#9485,#9486,#9487,#9488,#9489,#9490,#9491,#9492,#9493,#9494,#9495,#9496,#9497,#9498,#9499,#9500,#9501,#9502,#9503,#9504,#9505,#9506,#9507,#9508,#9509,#9510,#9511,#9512,#9513,#9514,#9515,#9516,#9517,#9518,#9519,#9520,#9521,#9522,#9523,#9524,#9525,#9526,#9527,#9528,#9529,#9530,#9531,#9532,#9533,#9534,#9535,#9536,#9537,#9538,#9539,#9540,#9541,#9542,#9543,#9544,#9545,#9546,#9547,#9548,#9549,#9550,#9551,#9552,#9553,#9554,#9555,#9556,#9557,#9558,#9559,#9560,#9561,#9562,#9563,#9564,#9565,#9566,#9567,#9568,#9569,#9570,#9571,#9572,#9573,#9574,#9575,#9576,#9577,#9578,#9579,#9580,#9581,#9582,#9583,#9584,#9585,#9586,#9587,#9588,#9589,#9590,#9591,#9592,#9593,#9594,#9595,#9596,#9597,#9598,#9599,#9600,#9601,#9602,#9603,#9604,#9605,#9606,#9607,#9608,#9609,#9610,#9611,#9612,#9613,#9614,#9615,#9616,#9617,#9618,#9619,#9620,#9621));
#9461=IFCCARTESIANPOINT((0.,-192.297618,-262.226793));
#9462=IFCCARTESIANPOINT((0.,-191.917976,-262.209743));
#9463=IFCCARTESIANPOINT((0.,-191.538198,-262.191421));
#9464=IFCCARTESIANPOINT((0.,-191.158337,-262.171837));
#9465=IFCCARTESIANPOINT((0.,-190.778448,-262.151002));
#9466=IFCCARTESIANPOINT((0.,-190.398587,-262.128925));
#9467=IFCCARTESIANPOINT((0.,-190.018806,-262.105616));
#9468=IFCCARTESIANPOINT((0.,-189.639161,-262.081086));
#9469=IFCCARTESIANPOINT((0.,-189.259707,-262.055344));
#9470=IFCCARTESIANPOINT((0.,-188.880497,-262.0284));
#9471=IFCCARTESIANPOINT((0.,-188.501587,-262.000264));
#9472=IFCCARTESIANPOINT((0.,-188.123032,-261.970945));
#9473=IFCCARTESIANPOINT((0.,-187.744884,-261.940455));
#9474=IFCCARTESIANPOINT((0.,-187.3672,-261.908803));
#9475=IFCCARTESIANPOINT((0.,-186.990033,-261.875998));
#9476=IFCCARTESIANPOINT((0.,-186.613438,-261.842051));
#9477=IFCCARTESIANPOINT((0.,-186.237471,-261.806971));
#9478=IFCCARTESIANPOINT((0.,-185.862184,-261.770769));
#9479=IFCCARTESIANPOINT((0.,-185.487633,-261.733454));
#9480=IFCCARTESIANPOINT((0.,-185.113873,-261.695037));
#9481=IFCCARTESIANPOINT((0.,-184.740957,-261.655527));
#9482=IFCCARTESIANPOINT((0.,-184.368941,-261.614934));
#9483=IFCCARTESIANPOINT((0.,-183.997879,-261.573268));
#9484=IFCCARTESIANPOINT((0.,-183.627825,-261.530539));
#9485=IFCCARTESIANPOINT((0.,-183.258834,-261.486757));
#9486=IFCCARTESIANPOINT((0.,-182.890961,-261.441932));
#9487=IFCCARTESIANPOINT((0.,-182.52426,-261.396074));
#9488=IFCCARTESIANPOINT((0.,-182.158786,-261.349192));
#9489=IFCCARTESIANPOINT((0.,-181.794593,-261.301297));
#9490=IFCCARTESIANPOINT((0.,-181.431736,-261.252399));
#9491=IFCCARTESIANPOINT((0.,-181.070269,-261.202507));
#9492=IFCCARTESIANPOINT((0.,-180.710247,-261.151632));
#9493=IFCCARTESIANPOINT((0.,-180.351724,-261.099783));
#9494=IFCCARTESIANPOINT((0.,-179.994755,-261.04697));
#9495=IFCCARTESIANPOINT((0.,-179.639196,-260.993195));
#9496=IFCCARTESIANPOINT((0.,-179.284673,-260.938445));
#9497=IFCCARTESIANPOINT((0.,-178.931155,-260.882722));
#9498=IFCCARTESIANPOINT((0.,-178.578616,-260.826026));
#9499=IFCCARTESIANPOINT((0.,-178.227034,-260.76836));
#9500=IFCCARTESIANPOINT((0.,-177.876384,-260.709724));
#9501=IFCCARTESIANPOINT((0.,-177.526643,-260.65012));
#9502=IFCCARTESIANPOINT((0.,-177.177787,-260.58955));
#9503=IFCCARTESIANPOINT((0.,-176.829792,-260.528015));
#9504=IFCCARTESIANPOINT((0.,-176.482634,-260.465516));
#9505=IFCCARTESIANPOINT((0.,-176.13629,-260.402055));
#9506=IFCCARTESIANPOINT((0.,-175.790734,-260.337645));
#9507=IFCCARTESIANPOINT((0.,-175.445942,-260.272289));
#9508=IFCCARTESIANPOINT((0.,-175.101889,-260.205979));
#9509=IFCCARTESIANPOINT((0.,-174.758555,-260.13871));
#9510=IFCCARTESIANPOINT((0.,-174.415914,-260.070476));
#9511=IFCCARTESIANPOINT((0.,-174.073944,-260.001271));
#9512=IFCCARTESIANPOINT((0.,-173.732622,-259.931088));
#9513=IFCCARTESIANPOINT((0.,-173.391924,-259.859922));
#9514=IFCCARTESIANPOINT((0.,-173.051827,-259.787766));
#9515=IFCCARTESIANPOINT((0.,-172.712309,-259.714614));
#9516=IFCCARTESIANPOINT((0.,-172.373346,-259.640461));
#9517=IFCCARTESIANPOINT((0.,-172.034914,-259.5653));
#9518=IFCCARTESIANPOINT((0.,-171.696991,-259.489124));
#9519=IFCCARTESIANPOINT((0.,-171.359554,-259.411929));
#9520=IFCCARTESIANPOINT((0.,-171.022578,-259.333707));
#9521=IFCCARTESIANPOINT((0.,-170.686042,-259.254453));
#9522=IFCCARTESIANPOINT((0.,-170.349921,-259.174161));
#9523=IFCCARTESIANPOINT((0.,-170.014193,-259.092824));
#9524=IFCCARTESIANPOINT((0.,-169.678835,-259.010437));
#9525=IFCCARTESIANPOINT((0.,-169.343822,-258.926993));
#9526=IFCCARTESIANPOINT((0.,-169.009133,-258.842486));
#9527=IFCCARTESIANPOINT((0.,-168.674744,-258.75691));
#9528=IFCCARTESIANPOINT((0.,-168.340631,-258.670259));
#9529=IFCCARTESIANPOINT((0.,-168.006772,-258.582527));
#9530=IFCCARTESIANPOINT((0.,-167.673143,-258.493708));
#9531=IFCCARTESIANPOINT((0.,-167.339721,-258.403796));
#9532=IFCCARTESIANPOINT((0.,-167.006484,-258.312784));
#9533=IFCCARTESIANPOINT((0.,-166.673407,-258.220666));
#9534=IFCCARTESIANPOINT((0.,-166.340467,-258.127438));
#9535=IFCCARTESIANPOINT((0.,-166.007638,-258.033093));
#9536=IFCCARTESIANPOINT((0.,-165.674894,-257.937622));
#9537=IFCCARTESIANPOINT((0.,-165.342215,-257.841005));
#9538=IFCCARTESIANPOINT((0.,-165.009582,-257.743227));
#9539=IFCCARTESIANPOINT((0.,-164.676975,-257.644268));
#9540=IFCCARTESIANPOINT((0.,-164.344375,-257.544113));
#9541=IFCCARTESIANPOINT((0.,-164.011762,-257.442743));
#9542=IFCCARTESIANPOINT((0.,-163.679117,-257.34014));
#9543=IFCCARTESIANPOINT((0.,-163.34642,-257.236288));
#9544=IFCCARTESIANPOINT((0.,-163.013652,-257.131168));
#9545=IFCCARTESIANPOINT((0.,-162.680792,-257.024764));
#9546=IFCCARTESIANPOINT((0.,-162.347822,-256.917057));
#9547=IFCCARTESIANPOINT((0.,-162.014722,-256.808031));
#9548=IFCCARTESIANPOINT((0.,-161.681472,-256.697667));
#9549=IFCCARTESIANPOINT((0.,-161.348053,-256.585949));
#9550=IFCCARTESIANPOINT((0.,-161.014445,-256.472858));
#9551=IFCCARTESIANPOINT((0.,-160.680629,-256.358377));
#9552=IFCCARTESIANPOINT((0.,-160.346584,-256.242489));
#9553=IFCCARTESIANPOINT((0.,-160.012293,-256.125177));
#9554=IFCCARTESIANPOINT((0.,-159.677734,-256.006422));
#9555=IFCCARTESIANPOINT((0.,-159.342888,-255.886207));
#9556=IFCCARTESIANPOINT((0.,-159.007737,-255.764514));
#9557=IFCCARTESIANPOINT((0.,-158.67226,-255.641327));
#9558=IFCCARTESIANPOINT((0.,-158.336437,-255.516628));
#9559=IFCCARTESIANPOINT((0.,-158.00025,-255.390398));
#9560=IFCCARTESIANPOINT((0.,-157.663678,-255.262622));
#9561=IFCCARTESIANPOINT((0.,-157.326702,-255.13328));
#9562=IFCCARTESIANPOINT((0.,-156.989303,-255.002356));
#9563=IFCCARTESIANPOINT((0.,-156.651461,-254.869832));
#9564=IFCCARTESIANPOINT((0.,-156.313156,-254.73569));
#9565=IFCCARTESIANPOINT((0.,-155.974369,-254.599914));
#9566=IFCCARTESIANPOINT((0.,-155.635083,-254.462479));
#9567=IFCCARTESIANPOINT((0.,-155.295294,-254.323338));
#9568=IFCCARTESIANPOINT((0.,-154.954989,-254.182463));
#9569=IFCCARTESIANPOINT((0.,-154.614155,-254.039827));
#9570=IFCCARTESIANPOINT((0.,-154.272778,-253.895403));
#9571=IFCCARTESIANPOINT((0.,-153.930844,-253.749164));
#9572=IFCCARTESIANPOINT((0.,-153.58834,-253.601084));
#9573=IFCCARTESIANPOINT((0.,-153.245252,-253.451135));
#9574=IFCCARTESIANPOINT((0.,-152.901575,-253.299294));
#9575=IFCCARTESIANPOINT((0.,-152.557613,-253.145637));
#9576=IFCCARTESIANPOINT((0.,-152.213555,-252.990219));
#9577=IFCCARTESIANPOINT((0.,-151.869444,-252.833051));
#9578=IFCCARTESIANPOINT((0.,-151.525324,-252.674146));
#9579=IFCCARTESIANPOINT((0.,-151.181234,-252.513516));
#9580=IFCCARTESIANPOINT((0.,-150.83722,-252.351172));
#9581=IFCCARTESIANPOINT((0.,-150.493321,-252.187126));
#9582=IFCCARTESIANPOINT((0.,-150.149581,-252.02139));
#9583=IFCCARTESIANPOINT((0.,-149.806043,-251.853976));
#9584=IFCCARTESIANPOINT((0.,-149.462747,-251.684896));
#9585=IFCCARTESIANPOINT((0.,-149.119737,-251.514162));
#9586=IFCCARTESIANPOINT((0.,-148.777056,-251.341786));
#9587=IFCCARTESIANPOINT((0.,-148.434744,-251.167779));
#9588=IFCCARTESIANPOINT((0.,-148.092845,-250.992153));
#9589=IFCCARTESIANPOINT((0.,-147.7514,-250.814921));
#9590=IFCCARTESIANPOINT((0.,-147.410453,-250.636094));
#9591=IFCCARTESIANPOINT((0.,-147.070045,-250.455684));
#9592=IFCCARTESIANPOINT((0.,-146.730219,-250.273703));
#9593=IFCCARTESIANPOINT((0.,-146.391017,-250.090163));
#9594=IFCCARTESIANPOINT((0.,-146.052481,-249.905075));
#9595=IFCCARTESIANPOINT((0.,-145.714654,-249.718452));
#9596=IFCCARTESIANPOINT((0.,-145.377577,-249.530305));
#9597=IFCCARTESIANPOINT((0.,-145.041294,-249.340647));
#9598=IFCCARTESIANPOINT((0.,-144.705846,-249.149489));
#9599=IFCCARTESIANPOINT((0.,-144.371276,-248.956843));
#9600=IFCCARTESIANPOINT((0.,-144.037626,-248.762721));
#9601=IFCCARTESIANPOINT((0.,-143.704939,-248.567135));
#9602=IFCCARTESIANPOINT((0.,-143.373256,-248.370097));
#9603=IFCCARTESIANPOINT((0.,-143.04262,-248.171618));
#9604=IFCCARTESIANPOINT((0.,-142.713073,-247.971711));
#9605=IFCCARTESIANPOINT((0.,-142.384658,-247.770387));
#9606=IFCCARTESIANPOINT((0.,-142.057416,-247.567659));
#9607=IFCCARTESIANPOINT((0.,-141.731391,-247.363537));
#9608=IFCCARTESIANPOINT((0.,-141.406452,-247.157963));
#9609=IFCCARTESIANPOINT((0.,-141.082453,-246.950868));
#9610=IFCCARTESIANPOINT((0.,-140.759402,-246.742251));
#9611=IFCCARTESIANPOINT((0.,-140.437308,-246.53211));
#9612=IFCCARTESIANPOINT((0.,-140.116179,-246.320443));
#9613=IFCCARTESIANPOINT((0.,-139.796026,-246.107248));
#9614=IFCCARTESIANPOINT((0.,-139.476856,-245.892523));
#9615=IFCCARTESIANPOINT((0.,-139.158678,-245.676267));
#9616=IFCCARTESIANPOINT((0.,-138.841502,-245.458478));
#9617=IFCCARTESIANPOINT((0.,-138.525337,-245.239153));
#9618=IFCCARTESIANPOINT((0.,-138.210191,-245.018292));
#9619=IFCCARTESIANPOINT((0.,-137.896073,-244.795892));
#9620=IFCCARTESIANPOINT((0.,-137.582992,-244.571951));
#9621=IFCCARTESIANPOINT((0.,-137.270958,-244.346468));
#9622=IFCPOLYLINE((#9623,#9624,#9625,#9626,#9627,#9628,#9629,#9630,#9631,#9632,#9633,#9634,#9635,#9636,#9637,#9638,#9639,#9640,#9641,#9642,#9643,#9644,#9645,#9646,#9647,#9648,#9649,#9650,#9651,#9652,#9653,#9654,#9655,#9656,#9657,#9658,#9659,#9660,#9661,#9662,#9663,#9664,#9665,#9666,#9667,#9668,#9669,#9670,#9671));
#9623=IFCCARTESIANPOINT((0.,-197.441207,-265.452902));
#9624=IFCCARTESIANPOINT((0.,-197.334056,-265.385692));
#9625=IFCCARTESIANPOINT((0.,-197.226904,-265.318481));
#9626=IFCCARTESIANPOINT((0.,-197.119752,-265.251271));
#9627=IFCCARTESIANPOINT((0.,-197.012601,-265.184061));
#9628=IFCCARTESIANPOINT((0.,-196.905449,-265.11685));
#9629=IFCCARTESIANPOINT((0.,-196.798298,-265.04964));
#9630=IFCCARTESIANPOINT((0.,-196.691146,-264.98243));
#9631=IFCCARTESIANPOINT((0.,-196.583995,-264.915219));
#9632=IFCCARTESIANPOINT((0.,-196.476843,-264.848009));
#9633=IFCCARTESIANPOINT((0.,-196.369692,-264.780799));
#9634=IFCCARTESIANPOINT((0.,-196.26254,-264.713588));
#9635=IFCCARTESIANPOINT((0.,-196.155389,-264.646378));
#9636=IFCCARTESIANPOINT((0.,-196.048237,-264.579168));
#9637=IFCCARTESIANPOINT((0.,-195.941086,-264.511957));
#9638=IFCCARTESIANPOINT((0.,-195.833934,-264.444747));
#9639=IFCCARTESIANPOINT((0.,-195.726783,-264.377537));
#9640=IFCCARTESIANPOINT((0.,-195.619631,-264.310326));
#9641=IFCCARTESIANPOINT((0.,-195.51248,-264.243116));
#9642=IFCCARTESIANPOINT((0.,-195.405328,-264.175906));
#9643=IFCCARTESIANPOINT((0.,-195.298177,-264.108695));
#9644=IFCCARTESIANPOINT((0.,-195.191025,-264.041485));
#9645=IFCCARTESIANPOINT((0.,-195.083874,-263.974275));
#9646=IFCCARTESIANPOINT((0.,-194.976722,-263.907064));
#9647=IFCCARTESIANPOINT((0.,-194.869571,-263.839854));
#9648=IFCCARTESIANPOINT((0.,-194.762419,-263.772644));
#9649=IFCCARTESIANPOINT((0.,-194.655268,-263.705434));
#9650=IFCCARTESIANPOINT((0.,-194.548116,-263.638223));
#9651=IFCCARTESIANPOINT((0.,-194.440965,-263.571013));
#9652=IFCCARTESIANPOINT((0.,-194.333813,-263.503803));
#9653=IFCCARTESIANPOINT((0.,-194.226662,-263.436592));
#9654=IFCCARTESIANPOINT((0.,-194.11951,-263.369382));
#9655=IFCCARTESIANPOINT((0.,-194.012359,-263.302172));
#9656=IFCCARTESIANPOINT((0.,-193.905207,-263.234961));
#9657=IFCCARTESIANPOINT((0.,-193.798056,-263.167751));
#9658=IFCCARTESIANPOINT((0.,-193.690904,-263.100541));
#9659=IFCCARTESIANPOINT((0.,-193.583753,-263.03333));
#9660=IFCCARTESIANPOINT((0.,-193.476601,-262.96612));
#9661=IFCCARTESIANPOINT((0.,-193.36945,-262.89891));
#9662=IFCCARTESIANPOINT((0.,-193.262298,-262.831699));
#9663=IFCCARTESIANPOINT((0.,-193.155147,-262.764489));
#9664=IFCCARTESIANPOINT((0.,-193.047995,-262.697279));
#9665=IFCCARTESIANPOINT((0.,-192.940844,-262.630068));
#9666=IFCCARTESIANPOINT((0.,-192.833692,-262.562858));
#9667=IFCCARTESIANPOINT((0.,-192.72654,-262.495648));
#9668=IFCCARTESIANPOINT((0.,-192.619389,-262.428437));
#9669=IFCCARTESIANPOINT((0.,-192.512237,-262.361227));
#9670=IFCCARTESIANPOINT((0.,-192.405086,-262.294017));
#9671=IFCCARTESIANPOINT((0.,-192.297934,-262.226806));
#9672=IFCPOLYLINE((#9673,#9674,#9675,#9676,#9677,#9678,#9679,#9680,#9681,#9682,#9683,#9684,#9685,#9686,#9687,#9688,#9689,#9690,#9691,#9692,#9693,#9694,#9695,#9696,#9697,#9698,#9699,#9700,#9701,#9702,#9703,#9704,#9705,#9706,#9707,#9708,#9709,#9710,#9711,#9712,#9713,#9714,#9715,#9716,#9717,#9718,#9719,#9720,#9721,#9722,#9723,#9724,#9725,#9726,#9727,#9728,#9729,#9730,#9731,#9732,#9733,#9734,#9735,#9736,#9737,#9738,#9739,#9740,#9741,#9742,#9743,#9744,#9745,#9746,#9747,#9748,#9749,#9750,#9751,#9752,#9753,#9754,#9755,#9756,#9757,#9758,#9759,#9760,#9761,#9762,#9763,#9764,#9765,#9766,#9767,#9768,#9769,#9770,#9771,#9772,#9773,#9774,#9775,#9776,#9777,#9778,#9779,#9780,#9781,#9782,#9783,#9784,#9785,#9786,#9787,#9788,#9789,#9790,#9791,#9792,#9793,#9794,#9795,#9796,#9797,#9798,#9799,#9800,#9801));
#9673=IFCCARTESIANPOINT((0.,-199.3572,-253.630043));
#9674=IFCCARTESIANPOINT((0.,-199.308402,-253.778548));
#9675=IFCCARTESIANPOINT((0.,-199.259463,-253.925577));
#9676=IFCCARTESIANPOINT((0.,-199.210383,-254.071133));
#9677=IFCCARTESIANPOINT((0.,-199.161164,-254.215224));
#9678=IFCCARTESIANPOINT((0.,-199.111806,-254.357854));
#9679=IFCCARTESIANPOINT((0.,-199.06231,-254.49903));
#9680=IFCCARTESIANPOINT((0.,-199.012677,-254.638756));
#9681=IFCCARTESIANPOINT((0.,-198.962908,-254.777039));
#9682=IFCCARTESIANPOINT((0.,-198.913005,-254.913883));
#9683=IFCCARTESIANPOINT((0.,-198.862967,-255.049295));
#9684=IFCCARTESIANPOINT((0.,-198.812796,-255.183281));
#9685=IFCCARTESIANPOINT((0.,-198.762494,-255.315845));
#9686=IFCCARTESIANPOINT((0.,-198.71206,-255.446993));
#9687=IFCCARTESIANPOINT((0.,-198.661496,-255.576731));
#9688=IFCCARTESIANPOINT((0.,-198.610802,-255.705065));
#9689=IFCCARTESIANPOINT((0.,-198.55998,-255.831999));
#9690=IFCCARTESIANPOINT((0.,-198.509031,-255.957541));
#9691=IFCCARTESIANPOINT((0.,-198.457955,-256.081694));
#9692=IFCCARTESIANPOINT((0.,-198.406754,-256.204466));
#9693=IFCCARTESIANPOINT((0.,-198.355428,-256.32586));
#9694=IFCCARTESIANPOINT((0.,-198.303979,-256.445884));
#9695=IFCCARTESIANPOINT((0.,-198.252407,-256.564543));
#9696=IFCCARTESIANPOINT((0.,-198.200714,-256.681824));
#9697=IFCCARTESIANPOINT((0.,-198.148901,-256.797709));
#9698=IFCCARTESIANPOINT((0.,-198.096971,-256.912207));
#9699=IFCCARTESIANPOINT((0.,-198.044923,-257.025326));
#9700=IFCCARTESIANPOINT((0.,-197.992758,-257.137075));
#9701=IFCCARTESIANPOINT((0.,-197.940477,-257.247463));
#9702=IFCCARTESIANPOINT((0.,-197.888082,-257.356499));
#9703=IFCCARTESIANPOINT((0.,-197.835572,-257.464193));
#9704=IFCCARTESIANPOINT((0.,-197.782948,-257.570554));
#9705=IFCCARTESIANPOINT((0.,-197.730212,-257.675589));
#9706=IFCCARTESIANPOINT((0.,-197.677364,-257.779309));
#9707=IFCCARTESIANPOINT((0.,-197.624404,-257.881722));
#9708=IFCCARTESIANPOINT((0.,-197.571335,-257.982838));
#9709=IFCCARTESIANPOINT((0.,-197.518156,-258.082652));
#9710=IFCCARTESIANPOINT((0.,-197.464869,-258.181161));
#9711=IFCCARTESIANPOINT((0.,-197.411476,-258.278367));
#9712=IFCCARTESIANPOINT((0.,-197.357977,-258.374273));
#9713=IFCCARTESIANPOINT((0.,-197.304374,-258.46888));
#9714=IFCCARTESIANPOINT((0.,-197.250667,-258.562193));
#9715=IFCCARTESIANPOINT((0.,-197.196858,-258.654214));
#9716=IFCCARTESIANPOINT((0.,-197.142948,-258.744945));
#9717=IFCCARTESIANPOINT((0.,-197.088938,-258.834389));
#9718=IFCCARTESIANPOINT((0.,-197.034829,-258.922548));
#9719=IFCCARTESIANPOINT((0.,-196.980622,-259.009427));
#9720=IFCCARTESIANPOINT((0.,-196.926318,-259.095026));
#9721=IFCCARTESIANPOINT((0.,-196.871919,-259.179351));
#9722=IFCCARTESIANPOINT((0.,-196.817423,-259.262443));
#9723=IFCCARTESIANPOINT((0.,-196.762831,-259.344316));
#9724=IFCCARTESIANPOINT((0.,-196.708144,-259.424966));
#9725=IFCCARTESIANPOINT((0.,-196.653364,-259.504391));
#9726=IFCCARTESIANPOINT((0.,-196.598492,-259.582586));
#9727=IFCCARTESIANPOINT((0.,-196.543529,-259.65955));
#9728=IFCCARTESIANPOINT((0.,-196.488477,-259.73528));
#9729=IFCCARTESIANPOINT((0.,-196.433337,-259.809773));
#9730=IFCCARTESIANPOINT((0.,-196.378111,-259.883025));
#9731=IFCCARTESIANPOINT((0.,-196.3228,-259.955033));
#9732=IFCCARTESIANPOINT((0.,-196.267405,-260.025796));
#9733=IFCCARTESIANPOINT((0.,-196.211928,-260.095309));
#9734=IFCCARTESIANPOINT((0.,-196.156369,-260.163579));
#9735=IFCCARTESIANPOINT((0.,-196.10073,-260.230654));
#9736=IFCCARTESIANPOINT((0.,-196.04501,-260.296546));
#9737=IFCCARTESIANPOINT((0.,-195.989211,-260.361259));
#9738=IFCCARTESIANPOINT((0.,-195.933334,-260.424795));
#9739=IFCCARTESIANPOINT((0.,-195.877379,-260.487156));
#9740=IFCCARTESIANPOINT((0.,-195.821348,-260.548346));
#9741=IFCCARTESIANPOINT((0.,-195.76524,-260.608368));
#9742=IFCCARTESIANPOINT((0.,-195.709059,-260.667224));
#9743=IFCCARTESIANPOINT((0.,-195.652803,-260.724916));
#9744=IFCCARTESIANPOINT((0.,-195.596475,-260.781449));
#9745=IFCCARTESIANPOINT((0.,-195.540074,-260.836824));
#9746=IFCCARTESIANPOINT((0.,-195.483603,-260.891045));
#9747=IFCCARTESIANPOINT((0.,-195.427061,-260.944114));
#9748=IFCCARTESIANPOINT((0.,-195.37045,-260.996034));
#9749=IFCCARTESIANPOINT((0.,-195.313771,-261.046808));
#9750=IFCCARTESIANPOINT((0.,-195.257025,-261.096439));
#9751=IFCCARTESIANPOINT((0.,-195.200212,-261.144929));
#9752=IFCCARTESIANPOINT((0.,-195.143333,-261.192282));
#9753=IFCCARTESIANPOINT((0.,-195.08639,-261.238499));
#9754=IFCCARTESIANPOINT((0.,-195.029383,-261.283585));
#9755=IFCCARTESIANPOINT((0.,-194.972313,-261.327541));
#9756=IFCCARTESIANPOINT((0.,-194.915182,-261.370372));
#9757=IFCCARTESIANPOINT((0.,-194.857992,-261.41209));
#9758=IFCCARTESIANPOINT((0.,-194.800744,-261.452702));
#9759=IFCCARTESIANPOINT((0.,-194.74344,-261.492215));
#9760=IFCCARTESIANPOINT((0.,-194.686079,-261.530634));
#9761=IFCCARTESIANPOINT((0.,-194.628664,-261.567967));
#9762=IFCCARTESIANPOINT((0.,-194.571193,-261.604219));
#9763=IFCCARTESIANPOINT((0.,-194.513669,-261.639396));
#9764=IFCCARTESIANPOINT((0.,-194.456093,-261.673503));
#9765=IFCCARTESIANPOINT((0.,-194.398463,-261.706548));
#9766=IFCCARTESIANPOINT((0.,-194.340782,-261.738536));
#9767=IFCCARTESIANPOINT((0.,-194.283051,-261.769473));
#9768=IFCCARTESIANPOINT((0.,-194.225269,-261.799365));
#9769=IFCCARTESIANPOINT((0.,-194.167438,-261.828217));
#9770=IFCCARTESIANPOINT((0.,-194.10956,-261.856022));
#9771=IFCCARTESIANPOINT((0.,-194.051635,-261.882786));
#9772=IFCCARTESIANPOINT((0.,-193.993664,-261.908513));
#9773=IFCCARTESIANPOINT((0.,-193.935649,-261.933209));
#9774=IFCCARTESIANPOINT((0.,-193.877592,-261.956878));
#9775=IFCCARTESIANPOINT((0.,-193.819492,-261.979526));
#9776=IFCCARTESIANPOINT((0.,-193.76135,-262.001157));
#9777=IFCCARTESIANPOINT((0.,-193.703169,-262.021778));
#9778=IFCCARTESIANPOINT((0.,-193.644949,-262.041392));
#9779=IFCCARTESIANPOINT((0.,-193.586691,-262.060006));
#9780=IFCCARTESIANPOINT((0.,-193.528397,-262.077624));
#9781=IFCCARTESIANPOINT((0.,-193.470066,-262.094252));
#9782=IFCCARTESIANPOINT((0.,-193.411701,-262.109894));
#9783=IFCCARTESIANPOINT((0.,-193.353303,-262.124556));
#9784=IFCCARTESIANPOINT((0.,-193.294872,-262.138243));
#9785=IFCCARTESIANPOINT((0.,-193.23641,-262.15096));
#9786=IFCCARTESIANPOINT((0.,-193.177917,-262.162712));
#9787=IFCCARTESIANPOINT((0.,-193.119395,-262.173505));
#9788=IFCCARTESIANPOINT((0.,-193.060845,-262.183343));
#9789=IFCCARTESIANPOINT((0.,-193.002268,-262.192231));
#9790=IFCCARTESIANPOINT((0.,-192.943665,-262.200175));
#9791=IFCCARTESIANPOINT((0.,-192.885037,-262.20718));
#9792=IFCCARTESIANPOINT((0.,-192.826385,-262.213251));
#9793=IFCCARTESIANPOINT((0.,-192.76771,-262.218394));
#9794=IFCCARTESIANPOINT((0.,-192.709014,-262.222612));
#9795=IFCCARTESIANPOINT((0.,-192.650297,-262.225912));
#9796=IFCCARTESIANPOINT((0.,-192.591561,-262.228299));
#9797=IFCCARTESIANPOINT((0.,-192.532806,-262.229777));
#9798=IFCCARTESIANPOINT((0.,-192.474033,-262.230352));
#9799=IFCCARTESIANPOINT((0.,-192.415245,-262.230029));
#9800=IFCCARTESIANPOINT((0.,-192.356441,-262.228813));
#9801=IFCCARTESIANPOINT((0.,-192.297623,-262.226709));
#9802=IFCPOLYLINE((#9803,#9804,#9805,#9806,#9807,#9808,#9809,#9810,#9811,#9812,#9813,#9814,#9815,#9816,#9817,#9818,#9819,#9820,#9821,#9822,#9823,#9824,#9825,#9826,#9827,#9828,#9829,#9830,#9831,#9832,#9833,#9834,#9835,#9836,#9837,#9838,#9839,#9840,#9841,#9842,#9843,#9844,#9845,#9846,#9847,#9848,#9849,#9850,#9851,#9852,#9853,#9854,#9855,#9856,#9857,#9858,#9859,#9860,#9861,#9862,#9863,#9864,#9865,#9866,#9867,#9868,#9869,#9870,#9871,#9872,#9873,#9874,#9875,#9876,#9877,#9878,#9879,#9880,#9881,#9882,#9883));
#9803=IFCCARTESIANPOINT((0.,-202.267753,-240.082258));
#9804=IFCCARTESIANPOINT((0.,-202.238936,-240.279193));
#9805=IFCCARTESIANPOINT((0.,-202.209942,-240.475554));
#9806=IFCCARTESIANPOINT((0.,-202.18077,-240.671336));
#9807=IFCCARTESIANPOINT((0.,-202.151421,-240.866535));
#9808=IFCCARTESIANPOINT((0.,-202.121893,-241.061145));
#9809=IFCCARTESIANPOINT((0.,-202.092185,-241.255161));
#9810=IFCCARTESIANPOINT((0.,-202.062299,-241.448579));
#9811=IFCCARTESIANPOINT((0.,-202.032231,-241.641394));
#9812=IFCCARTESIANPOINT((0.,-202.001983,-241.833601));
#9813=IFCCARTESIANPOINT((0.,-201.971554,-242.025194));
#9814=IFCCARTESIANPOINT((0.,-201.940942,-242.21617));
#9815=IFCCARTESIANPOINT((0.,-201.910148,-242.406523));
#9816=IFCCARTESIANPOINT((0.,-201.879171,-242.596248));
#9817=IFCCARTESIANPOINT((0.,-201.84801,-242.785341));
#9818=IFCCARTESIANPOINT((0.,-201.816665,-242.973796));
#9819=IFCCARTESIANPOINT((0.,-201.785135,-243.161609));
#9820=IFCCARTESIANPOINT((0.,-201.75342,-243.348774));
#9821=IFCCARTESIANPOINT((0.,-201.721519,-243.535288));
#9822=IFCCARTESIANPOINT((0.,-201.689432,-243.721144));
#9823=IFCCARTESIANPOINT((0.,-201.657157,-243.906338));
#9824=IFCCARTESIANPOINT((0.,-201.624695,-244.090866));
#9825=IFCCARTESIANPOINT((0.,-201.592045,-244.274722));
#9826=IFCCARTESIANPOINT((0.,-201.559206,-244.457901));
#9827=IFCCARTESIANPOINT((0.,-201.526178,-244.640398));
#9828=IFCCARTESIANPOINT((0.,-201.492959,-244.82221));
#9829=IFCCARTESIANPOINT((0.,-201.459551,-245.00333));
#9830=IFCCARTESIANPOINT((0.,-201.425952,-245.183754));
#9831=IFCCARTESIANPOINT((0.,-201.392161,-245.363476));
#9832=IFCCARTESIANPOINT((0.,-201.358177,-245.542493));
#9833=IFCCARTESIANPOINT((0.,-201.324002,-245.720799));
#9834=IFCCARTESIANPOINT((0.,-201.289633,-245.89839));
#9835=IFCCARTESIANPOINT((0.,-201.25507,-246.075259));
#9836=IFCCARTESIANPOINT((0.,-201.220313,-246.251403));
#9837=IFCCARTESIANPOINT((0.,-201.185361,-246.426817));
#9838=IFCCARTESIANPOINT((0.,-201.150214,-246.601495));
#9839=IFCCARTESIANPOINT((0.,-201.114871,-246.775434));
#9840=IFCCARTESIANPOINT((0.,-201.079331,-246.948627));
#9841=IFCCARTESIANPOINT((0.,-201.043594,-247.12107));
#9842=IFCCARTESIANPOINT((0.,-201.007659,-247.292759));
#9843=IFCCARTESIANPOINT((0.,-200.971526,-247.463687));
#9844=IFCCARTESIANPOINT((0.,-200.935194,-247.633851));
#9845=IFCCARTESIANPOINT((0.,-200.898664,-247.803243));
#9846=IFCCARTESIANPOINT((0.,-200.861937,-247.971854));
#9847=IFCCARTESIANPOINT((0.,-200.825012,-248.139682));
#9848=IFCCARTESIANPOINT((0.,-200.787887,-248.306723));
#9849=IFCCARTESIANPOINT((0.,-200.750561,-248.472976));
#9850=IFCCARTESIANPOINT((0.,-200.713032,-248.63844));
#9851=IFCCARTESIANPOINT((0.,-200.675298,-248.803111));
#9852=IFCCARTESIANPOINT((0.,-200.637358,-248.966989));
#9853=IFCCARTESIANPOINT((0.,-200.599211,-249.130073));
#9854=IFCCARTESIANPOINT((0.,-200.560863,-249.292366));
#9855=IFCCARTESIANPOINT((0.,-200.522311,-249.453859));
#9856=IFCCARTESIANPOINT((0.,-200.483555,-249.614543));
#9857=IFCCARTESIANPOINT((0.,-200.444592,-249.774408));
#9858=IFCCARTESIANPOINT((0.,-200.405422,-249.933443));
#9859=IFCCARTESIANPOINT((0.,-200.366044,-250.09164));
#9860=IFCCARTESIANPOINT((0.,-200.326456,-250.248989));
#9861=IFCCARTESIANPOINT((0.,-200.286658,-250.405489));
#9862=IFCCARTESIANPOINT((0.,-200.24665,-250.561155));
#9863=IFCCARTESIANPOINT((0.,-200.206432,-250.715985));
#9864=IFCCARTESIANPOINT((0.,-200.166003,-250.869974));
#9865=IFCCARTESIANPOINT((0.,-200.125363,-251.023117));
#9866=IFCCARTESIANPOINT((0.,-200.084512,-251.17541));
#9867=IFCCARTESIANPOINT((0.,-200.043449,-251.326849));
#9868=IFCCARTESIANPOINT((0.,-200.002174,-251.477429));
#9869=IFCCARTESIANPOINT((0.,-199.960685,-251.627145));
#9870=IFCCARTESIANPOINT((0.,-199.918983,-251.775994));
#9871=IFCCARTESIANPOINT((0.,-199.877067,-251.923971));
#9872=IFCCARTESIANPOINT((0.,-199.834936,-252.071071));
#9873=IFCCARTESIANPOINT((0.,-199.79259,-252.21729));
#9874=IFCCARTESIANPOINT((0.,-199.750029,-252.362624));
#9875=IFCCARTESIANPOINT((0.,-199.707252,-252.507067));
#9876=IFCCARTESIANPOINT((0.,-199.664258,-252.650616));
#9877=IFCCARTESIANPOINT((0.,-199.621048,-252.793267));
#9878=IFCCARTESIANPOINT((0.,-199.57762,-252.935013));
#9879=IFCCARTESIANPOINT((0.,-199.533974,-253.075853));
#9880=IFCCARTESIANPOINT((0.,-199.490109,-253.21578));
#9881=IFCCARTESIANPOINT((0.,-199.446026,-253.35479));
#9882=IFCCARTESIANPOINT((0.,-199.401722,-253.492879));
#9883=IFCCARTESIANPOINT((0.,-199.3572,-253.630043));
#9884=IFCPOLYLINE((#9885,#9886,#9887,#9888,#9889,#9890,#9891,#9892,#9893,#9894,#9895,#9896,#9897,#9898,#9899,#9900,#9901,#9902,#9903,#9904,#9905,#9906,#9907,#9908,#9909,#9910,#9911,#9912,#9913,#9914,#9915,#9916,#9917,#9918,#9919,#9920,#9921,#9922,#9923,#9924,#9925,#9926,#9927,#9928,#9929,#9930,#9931,#9932,#9933));
#9885=IFCCARTESIANPOINT((0.,-209.975983,-218.386364));
#9886=IFCCARTESIANPOINT((0.,-209.980455,-218.266088));
#9887=IFCCARTESIANPOINT((0.,-209.984888,-218.145766));
#9888=IFCCARTESIANPOINT((0.,-209.98928,-218.025402));
#9889=IFCCARTESIANPOINT((0.,-209.993634,-217.904997));
#9890=IFCCARTESIANPOINT((0.,-209.997948,-217.784554));
#9891=IFCCARTESIANPOINT((0.,-210.002224,-217.664075));
#9892=IFCCARTESIANPOINT((0.,-210.006461,-217.543563));
#9893=IFCCARTESIANPOINT((0.,-210.010661,-217.42302));
#9894=IFCCARTESIANPOINT((0.,-210.014823,-217.302448));
#9895=IFCCARTESIANPOINT((0.,-210.018947,-217.18185));
#9896=IFCCARTESIANPOINT((0.,-210.023035,-217.061229));
#9897=IFCCARTESIANPOINT((0.,-210.027085,-216.940586));
#9898=IFCCARTESIANPOINT((0.,-210.0311,-216.819924));
#9899=IFCCARTESIANPOINT((0.,-210.035078,-216.699246));
#9900=IFCCARTESIANPOINT((0.,-210.039021,-216.578553));
#9901=IFCCARTESIANPOINT((0.,-210.042928,-216.457848));
#9902=IFCCARTESIANPOINT((0.,-210.0468,-216.337134));
#9903=IFCCARTESIANPOINT((0.,-210.050638,-216.216413));
#9904=IFCCARTESIANPOINT((0.,-210.054441,-216.095687));
#9905=IFCCARTESIANPOINT((0.,-210.05821,-215.974958));
#9906=IFCCARTESIANPOINT((0.,-210.061945,-215.85423));
#9907=IFCCARTESIANPOINT((0.,-210.065647,-215.733504));
#9908=IFCCARTESIANPOINT((0.,-210.069316,-215.612783));
#9909=IFCCARTESIANPOINT((0.,-210.072952,-215.492069));
#9910=IFCCARTESIANPOINT((0.,-210.076557,-215.371331));
#9911=IFCCARTESIANPOINT((0.,-210.080132,-215.250537));
#9912=IFCCARTESIANPOINT((0.,-210.083678,-215.129692));
#9913=IFCCARTESIANPOINT((0.,-210.087195,-215.008799));
#9914=IFCCARTESIANPOINT((0.,-210.090682,-214.887863));
#9915=IFCCARTESIANPOINT((0.,-210.094142,-214.766887));
#9916=IFCCARTESIANPOINT((0.,-210.097573,-214.645876));
#9917=IFCCARTESIANPOINT((0.,-210.100975,-214.524833));
#9918=IFCCARTESIANPOINT((0.,-210.10435,-214.403763));
#9919=IFCCARTESIANPOINT((0.,-210.107698,-214.282669));
#9920=IFCCARTESIANPOINT((0.,-210.111018,-214.161556));
#9921=IFCCARTESIANPOINT((0.,-210.114312,-214.040427));
#9922=IFCCARTESIANPOINT((0.,-210.117578,-213.919287));
#9923=IFCCARTESIANPOINT((0.,-210.120818,-213.798138));
#9924=IFCCARTESIANPOINT((0.,-210.124032,-213.676987));
#9925=IFCCARTESIANPOINT((0.,-210.12722,-213.555835));
#9926=IFCCARTESIANPOINT((0.,-210.130382,-213.434688));
#9927=IFCCARTESIANPOINT((0.,-210.133519,-213.313549));
#9928=IFCCARTESIANPOINT((0.,-210.136631,-213.192423));
#9929=IFCCARTESIANPOINT((0.,-210.139717,-213.071312));
#9930=IFCCARTESIANPOINT((0.,-210.14278,-212.950222));
#9931=IFCCARTESIANPOINT((0.,-210.145818,-212.829157));
#9932=IFCCARTESIANPOINT((0.,-210.148831,-212.708119));
#9933=IFCCARTESIANPOINT((0.,-210.151821,-212.587114));
#9934=IFCPOLYLINE((#9935,#9936,#9937,#9938,#9939,#9940,#9941,#9942,#9943,#9944,#9945,#9946,#9947,#9948,#9949,#9950,#9951,#9952,#9953,#9954,#9955,#9956,#9957,#9958,#9959,#9960,#9961,#9962,#9963,#9964,#9965,#9966,#9967,#9968,#9969,#9970,#9971,#9972,#9973,#9974,#9975,#9976,#9977,#9978,#9979,#9980,#9981,#9982,#9983,#9984,#9985,#9986,#9987,#9988,#9989,#9990,#9991,#9992,#9993,#9994,#9995,#9996,#9997,#9998,#9999,#10000,#10001,#10002,#10003,#10004,#10005,#10006,#10007,#10008,#10009,#10010,#10011,#10012,#10013,#10014,#10015,#10016,#10017,#10018,#10019,#10020,#10021,#10022,#10023,#10024,#10025,#10026,#10027,#10028,#10029,#10030,#10031,#10032,#10033,#10034,#10035,#10036,#10037,#10038,#10039));
#9935=IFCCARTESIANPOINT((0.,-207.410168,-245.193343));
#9936=IFCCARTESIANPOINT((0.,-207.440909,-245.013555));
#9937=IFCCARTESIANPOINT((0.,-207.471062,-244.835792));
#9938=IFCCARTESIANPOINT((0.,-207.500639,-244.660018));
#9939=IFCCARTESIANPOINT((0.,-207.529654,-244.486203));
#9940=IFCCARTESIANPOINT((0.,-207.558119,-244.314311));
#9941=IFCCARTESIANPOINT((0.,-207.586046,-244.14431));
#9942=IFCCARTESIANPOINT((0.,-207.613449,-243.976166));
#9943=IFCCARTESIANPOINT((0.,-207.64034,-243.809847));
#9944=IFCCARTESIANPOINT((0.,-207.666732,-243.645318));
#9945=IFCCARTESIANPOINT((0.,-207.692637,-243.482547));
#9946=IFCCARTESIANPOINT((0.,-207.718069,-243.321501));
#9947=IFCCARTESIANPOINT((0.,-207.743039,-243.162145));
#9948=IFCCARTESIANPOINT((0.,-207.767561,-243.004447));
#9949=IFCCARTESIANPOINT((0.,-207.791647,-242.848374));
#9950=IFCCARTESIANPOINT((0.,-207.81531,-242.693892));
#9951=IFCCARTESIANPOINT((0.,-207.838563,-242.540969));
#9952=IFCCARTESIANPOINT((0.,-207.861418,-242.38957));
#9953=IFCCARTESIANPOINT((0.,-207.883888,-242.239662));
#9954=IFCCARTESIANPOINT((0.,-207.905985,-242.091212));
#9955=IFCCARTESIANPOINT((0.,-207.927723,-241.944188));
#9956=IFCCARTESIANPOINT((0.,-207.949114,-241.798555));
#9957=IFCCARTESIANPOINT((0.,-207.970171,-241.654281));
#9958=IFCCARTESIANPOINT((0.,-207.990906,-241.511331));
#9959=IFCCARTESIANPOINT((0.,-208.011332,-241.369674));
#9960=IFCCARTESIANPOINT((0.,-208.031461,-241.229275));
#9961=IFCCARTESIANPOINT((0.,-208.051308,-241.090101));
#9962=IFCCARTESIANPOINT((0.,-208.070884,-240.952111));
#9963=IFCCARTESIANPOINT((0.,-208.090199,-240.815252));
#9964=IFCCARTESIANPOINT((0.,-208.10926,-240.679473));
#9965=IFCCARTESIANPOINT((0.,-208.128076,-240.544722));
#9966=IFCCARTESIANPOINT((0.,-208.146655,-240.410946));
#9967=IFCCARTESIANPOINT((0.,-208.165002,-240.278095));
#9968=IFCCARTESIANPOINT((0.,-208.183128,-240.146116));
#9969=IFCCARTESIANPOINT((0.,-208.201038,-240.014958));
#9970=IFCCARTESIANPOINT((0.,-208.218741,-239.884568));
#9971=IFCCARTESIANPOINT((0.,-208.236244,-239.754896));
#9972=IFCCARTESIANPOINT((0.,-208.253555,-239.625889));
#9973=IFCCARTESIANPOINT((0.,-208.270682,-239.497495));
#9974=IFCCARTESIANPOINT((0.,-208.287633,-239.369663));
#9975=IFCCARTESIANPOINT((0.,-208.304414,-239.24234));
#9976=IFCCARTESIANPOINT((0.,-208.321035,-239.115476));
#9977=IFCCARTESIANPOINT((0.,-208.337501,-238.989018));
#9978=IFCCARTESIANPOINT((0.,-208.353822,-238.862915));
#9979=IFCCARTESIANPOINT((0.,-208.370004,-238.737114));
#9980=IFCCARTESIANPOINT((0.,-208.386056,-238.611565));
#9981=IFCCARTESIANPOINT((0.,-208.401985,-238.486214));
#9982=IFCCARTESIANPOINT((0.,-208.417798,-238.361011));
#9983=IFCCARTESIANPOINT((0.,-208.433504,-238.235903));
#9984=IFCCARTESIANPOINT((0.,-208.44911,-238.110839));
#9985=IFCCARTESIANPOINT((0.,-208.464624,-237.985768));
#9986=IFCCARTESIANPOINT((0.,-208.480053,-237.860636));
#9987=IFCCARTESIANPOINT((0.,-208.495405,-237.735393));
#9988=IFCCARTESIANPOINT((0.,-208.510687,-237.609986));
#9989=IFCCARTESIANPOINT((0.,-208.525909,-237.484364));
#9990=IFCCARTESIANPOINT((0.,-208.541076,-237.358476));
#9991=IFCCARTESIANPOINT((0.,-208.556197,-237.232268));
#9992=IFCCARTESIANPOINT((0.,-208.571279,-237.10569));
#9993=IFCCARTESIANPOINT((0.,-208.58633,-236.97869));
#9994=IFCCARTESIANPOINT((0.,-208.601359,-236.851215));
#9995=IFCCARTESIANPOINT((0.,-208.616371,-236.723215));
#9996=IFCCARTESIANPOINT((0.,-208.631376,-236.594637));
#9997=IFCCARTESIANPOINT((0.,-208.64638,-236.46543));
#9998=IFCCARTESIANPOINT((0.,-208.661392,-236.335541));
#9999=IFCCARTESIANPOINT((0.,-208.676418,-236.204911));
#10000=IFCCARTESIANPOINT((0.,-208.691463,-236.073471));
#10001=IFCCARTESIANPOINT((0.,-208.706529,-235.941158));
#10002=IFCCARTESIANPOINT((0.,-208.72162,-235.807913));
#10003=IFCCARTESIANPOINT((0.,-208.736737,-235.673675));
#10004=IFCCARTESIANPOINT((0.,-208.751884,-235.538383));
#10005=IFCCARTESIANPOINT((0.,-208.767063,-235.401977));
#10006=IFCCARTESIANPOINT((0.,-208.782277,-235.264395));
#10007=IFCCARTESIANPOINT((0.,-208.797529,-235.125579));
#10008=IFCCARTESIANPOINT((0.,-208.812821,-234.985466));
#10009=IFCCARTESIANPOINT((0.,-208.828156,-234.843997));
#10010=IFCCARTESIANPOINT((0.,-208.843538,-234.701111));
#10011=IFCCARTESIANPOINT((0.,-208.858968,-234.556746));
#10012=IFCCARTESIANPOINT((0.,-208.874449,-234.410844));
#10013=IFCCARTESIANPOINT((0.,-208.889985,-234.263342));
#10014=IFCCARTESIANPOINT((0.,-208.905577,-234.11418));
#10015=IFCCARTESIANPOINT((0.,-208.921229,-233.963299));
#10016=IFCCARTESIANPOINT((0.,-208.936943,-233.810637));
#10017=IFCCARTESIANPOINT((0.,-208.952722,-233.656133));
#10018=IFCCARTESIANPOINT((0.,-208.968569,-233.499727));
#10019=IFCCARTESIANPOINT((0.,-208.984486,-233.341359));
#10020=IFCCARTESIANPOINT((0.,-209.000477,-233.180967));
#10021=IFCCARTESIANPOINT((0.,-209.016543,-233.018492));
#10022=IFCCARTESIANPOINT((0.,-209.032688,-232.853872));
#10023=IFCCARTESIANPOINT((0.,-209.048915,-232.687047));
#10024=IFCCARTESIANPOINT((0.,-209.065225,-232.517957));
#10025=IFCCARTESIANPOINT((0.,-209.081623,-232.346541));
#10026=IFCCARTESIANPOINT((0.,-209.09811,-232.172738));
#10027=IFCCARTESIANPOINT((0.,-209.114689,-231.996488));
#10028=IFCCARTESIANPOINT((0.,-209.131363,-231.817729));
#10029=IFCCARTESIANPOINT((0.,-209.148135,-231.636402));
#10030=IFCCARTESIANPOINT((0.,-209.165003,-231.452442));
#10031=IFCCARTESIANPOINT((0.,-209.181959,-231.265774));
#10032=IFCCARTESIANPOINT((0.,-209.198997,-231.076336));
#10033=IFCCARTESIANPOINT((0.,-209.216116,-230.884062));
#10034=IFCCARTESIANPOINT((0.,-209.233313,-230.688887));
#10035=IFCCARTESIANPOINT((0.,-209.250584,-230.490749));
#10036=IFCCARTESIANPOINT((0.,-209.267926,-230.289582));
#10037=IFCCARTESIANPOINT((0.,-209.285336,-230.085322));
#10038=IFCCARTESIANPOINT((0.,-209.302811,-229.877905));
#10039=IFCCARTESIANPOINT((0.,-209.320349,-229.667266));
#10040=IFCPOLYLINE((#10041,#10042,#10043,#10044,#10045,#10046,#10047,#10048,#10049,#10050,#10051,#10052,#10053,#10054,#10055,#10056,#10057,#10058,#10059,#10060,#10061,#10062,#10063,#10064,#10065,#10066,#10067,#10068,#10069,#10070,#10071,#10072,#10073,#10074,#10075,#10076,#10077,#10078,#10079,#10080,#10081,#10082,#10083,#10084,#10085,#10086,#10087,#10088,#10089,#10090,#10091,#10092,#10093,#10094,#10095,#10096,#10097));
#10041=IFCCARTESIANPOINT((0.,-209.320349,-229.667266));
#10042=IFCCARTESIANPOINT((0.,-209.33652,-229.47075));
#10043=IFCCARTESIANPOINT((0.,-209.352515,-229.274043));
#10044=IFCCARTESIANPOINT((0.,-209.368336,-229.077144));
#10045=IFCCARTESIANPOINT((0.,-209.383982,-228.880055));
#10046=IFCCARTESIANPOINT((0.,-209.399454,-228.682776));
#10047=IFCCARTESIANPOINT((0.,-209.414754,-228.485309));
#10048=IFCCARTESIANPOINT((0.,-209.429882,-228.287652));
#10049=IFCCARTESIANPOINT((0.,-209.444838,-228.089808));
#10050=IFCCARTESIANPOINT((0.,-209.459623,-227.891776));
#10051=IFCCARTESIANPOINT((0.,-209.474238,-227.693558));
#10052=IFCCARTESIANPOINT((0.,-209.488684,-227.495154));
#10053=IFCCARTESIANPOINT((0.,-209.502961,-227.296565));
#10054=IFCCARTESIANPOINT((0.,-209.51707,-227.09779));
#10055=IFCCARTESIANPOINT((0.,-209.531012,-226.898832));
#10056=IFCCARTESIANPOINT((0.,-209.544787,-226.69969));
#10057=IFCCARTESIANPOINT((0.,-209.558396,-226.500365));
#10058=IFCCARTESIANPOINT((0.,-209.57184,-226.300859));
#10059=IFCCARTESIANPOINT((0.,-209.585119,-226.10117));
#10060=IFCCARTESIANPOINT((0.,-209.598235,-225.901301));
#10061=IFCCARTESIANPOINT((0.,-209.611187,-225.701251));
#10062=IFCCARTESIANPOINT((0.,-209.623977,-225.501022));
#10063=IFCCARTESIANPOINT((0.,-209.636605,-225.300613));
#10064=IFCCARTESIANPOINT((0.,-209.649072,-225.100027));
#10065=IFCCARTESIANPOINT((0.,-209.661379,-224.899262));
#10066=IFCCARTESIANPOINT((0.,-209.673526,-224.69832));
#10067=IFCCARTESIANPOINT((0.,-209.685513,-224.497202));
#10068=IFCCARTESIANPOINT((0.,-209.697343,-224.295908));
#10069=IFCCARTESIANPOINT((0.,-209.709015,-224.094439));
#10070=IFCCARTESIANPOINT((0.,-209.72053,-223.892795));
#10071=IFCCARTESIANPOINT((0.,-209.731889,-223.690977));
#10072=IFCCARTESIANPOINT((0.,-209.743093,-223.488986));
#10073=IFCCARTESIANPOINT((0.,-209.754142,-223.286822));
#10074=IFCCARTESIANPOINT((0.,-209.765036,-223.084486));
#10075=IFCCARTESIANPOINT((0.,-209.775777,-222.881978));
#10076=IFCCARTESIANPOINT((0.,-209.786366,-222.6793));
#10077=IFCCARTESIANPOINT((0.,-209.796802,-222.476451));
#10078=IFCCARTESIANPOINT((0.,-209.807087,-222.273433));
#10079=IFCCARTESIANPOINT((0.,-209.817221,-222.070247));
#10080=IFCCARTESIANPOINT((0.,-209.827206,-221.866891));
#10081=IFCCARTESIANPOINT((0.,-209.837041,-221.663368));
#10082=IFCCARTESIANPOINT((0.,-209.846727,-221.459679));
#10083=IFCCARTESIANPOINT((0.,-209.856266,-221.255823));
#10084=IFCCARTESIANPOINT((0.,-209.865665,-221.051809));
#10085=IFCCARTESIANPOINT((0.,-209.874926,-220.84764));
#10086=IFCCARTESIANPOINT((0.,-209.884051,-220.643318));
#10087=IFCCARTESIANPOINT((0.,-209.893042,-220.438846));
#10088=IFCCARTESIANPOINT((0.,-209.901901,-220.234226));
#10089=IFCCARTESIANPOINT((0.,-209.91063,-220.02946));
#10090=IFCCARTESIANPOINT((0.,-209.91923,-219.824551));
#10091=IFCCARTESIANPOINT((0.,-209.927703,-219.619501));
#10092=IFCCARTESIANPOINT((0.,-209.936052,-219.414311));
#10093=IFCCARTESIANPOINT((0.,-209.944277,-219.208986));
#10094=IFCCARTESIANPOINT((0.,-209.952381,-219.003526));
#10095=IFCCARTESIANPOINT((0.,-209.960366,-218.797934));
#10096=IFCCARTESIANPOINT((0.,-209.968233,-218.592213));
#10097=IFCCARTESIANPOINT((0.,-209.975985,-218.386364));
#10098=IFCPOLYLINE((#10099,#10100,#10101,#10102,#10103,#10104,#10105,#10106,#10107,#10108,#10109,#10110,#10111,#10112,#10113,#10114,#10115,#10116,#10117,#10118,#10119,#10120,#10121,#10122,#10123,#10124,#10125,#10126,#10127,#10128,#10129,#10130,#10131,#10132,#10133,#10134,#10135,#10136,#10137,#10138,#10139,#10140,#10141,#10142,#10143,#10144,#10145,#10146,#10147,#10148,#10149,#10150,#10151,#10152,#10153,#10154,#10155));
#10099=IFCCARTESIANPOINT((0.,-210.379235,-198.849249));
#10100=IFCCARTESIANPOINT((0.,-210.376329,-199.132986));
#10101=IFCCARTESIANPOINT((0.,-210.373386,-199.414685));
#10102=IFCCARTESIANPOINT((0.,-210.370407,-199.694382));
#10103=IFCCARTESIANPOINT((0.,-210.367391,-199.972114));
#10104=IFCCARTESIANPOINT((0.,-210.364339,-200.247917));
#10105=IFCCARTESIANPOINT((0.,-210.361249,-200.521826));
#10106=IFCCARTESIANPOINT((0.,-210.358121,-200.793879));
#10107=IFCCARTESIANPOINT((0.,-210.354956,-201.064112));
#10108=IFCCARTESIANPOINT((0.,-210.351753,-201.33256));
#10109=IFCCARTESIANPOINT((0.,-210.348511,-201.599262));
#10110=IFCCARTESIANPOINT((0.,-210.345231,-201.864252));
#10111=IFCCARTESIANPOINT((0.,-210.341913,-202.127567));
#10112=IFCCARTESIANPOINT((0.,-210.338555,-202.389243));
#10113=IFCCARTESIANPOINT((0.,-210.335158,-202.649317));
#10114=IFCCARTESIANPOINT((0.,-210.331722,-202.907825));
#10115=IFCCARTESIANPOINT((0.,-210.328246,-203.164804));
#10116=IFCCARTESIANPOINT((0.,-210.32473,-203.420289));
#10117=IFCCARTESIANPOINT((0.,-210.321174,-203.674317));
#10118=IFCCARTESIANPOINT((0.,-210.317577,-203.926925));
#10119=IFCCARTESIANPOINT((0.,-210.313939,-204.178148));
#10120=IFCCARTESIANPOINT((0.,-210.310261,-204.428024));
#10121=IFCCARTESIANPOINT((0.,-210.306541,-204.676587));
#10122=IFCCARTESIANPOINT((0.,-210.30278,-204.923876));
#10123=IFCCARTESIANPOINT((0.,-210.298978,-205.169925));
#10124=IFCCARTESIANPOINT((0.,-210.295133,-205.414772));
#10125=IFCCARTESIANPOINT((0.,-210.291246,-205.658452));
#10126=IFCCARTESIANPOINT((0.,-210.287317,-205.901003));
#10127=IFCCARTESIANPOINT((0.,-210.283345,-206.142459));
#10128=IFCCARTESIANPOINT((0.,-210.27933,-206.382859));
#10129=IFCCARTESIANPOINT((0.,-210.275271,-206.622237));
#10130=IFCCARTESIANPOINT((0.,-210.27117,-206.860631));
#10131=IFCCARTESIANPOINT((0.,-210.267024,-207.098076));
#10132=IFCCARTESIANPOINT((0.,-210.262835,-207.334609));
#10133=IFCCARTESIANPOINT((0.,-210.258602,-207.570267));
#10134=IFCCARTESIANPOINT((0.,-210.254324,-207.805085));
#10135=IFCCARTESIANPOINT((0.,-210.250001,-208.0391));
#10136=IFCCARTESIANPOINT((0.,-210.245634,-208.272348));
#10137=IFCCARTESIANPOINT((0.,-210.241221,-208.504866));
#10138=IFCCARTESIANPOINT((0.,-210.236763,-208.73669));
#10139=IFCCARTESIANPOINT((0.,-210.232259,-208.967856));
#10140=IFCCARTESIANPOINT((0.,-210.22771,-209.198401));
#10141=IFCCARTESIANPOINT((0.,-210.223114,-209.428352));
#10142=IFCCARTESIANPOINT((0.,-210.218466,-209.657657));
#10143=IFCCARTESIANPOINT((0.,-210.213764,-209.886316));
#10144=IFCCARTESIANPOINT((0.,-210.209008,-210.114349));
#10145=IFCCARTESIANPOINT((0.,-210.204195,-210.341777));
#10146=IFCCARTESIANPOINT((0.,-210.199324,-210.568618));
#10147=IFCCARTESIANPOINT((0.,-210.194394,-210.794894));
#10148=IFCCARTESIANPOINT((0.,-210.189404,-211.020625));
#10149=IFCCARTESIANPOINT((0.,-210.184353,-211.245831));
#10150=IFCCARTESIANPOINT((0.,-210.179239,-211.470531));
#10151=IFCCARTESIANPOINT((0.,-210.174061,-211.694745));
#10152=IFCCARTESIANPOINT((0.,-210.168817,-211.918495));
#10153=IFCCARTESIANPOINT((0.,-210.163507,-212.1418));
#10154=IFCCARTESIANPOINT((0.,-210.158129,-212.36468));
#10155=IFCCARTESIANPOINT((0.,-210.152681,-212.587155));
#10156=IFCPOLYLINE((#10157,#10158,#10159,#10160,#10161,#10162,#10163,#10164,#10165));
#10157=IFCCARTESIANPOINT((0.,-210.379257,-198.849257));
#10158=IFCCARTESIANPOINT((0.,-209.835019,-198.846601));
#10159=IFCCARTESIANPOINT((0.,-209.290453,-198.844647));
#10160=IFCCARTESIANPOINT((0.,-208.745615,-198.843395));
#10161=IFCCARTESIANPOINT((0.,-208.20056,-198.842847));
#10162=IFCCARTESIANPOINT((0.,-207.655343,-198.843002));
#10163=IFCCARTESIANPOINT((0.,-207.110019,-198.843859));
#10164=IFCCARTESIANPOINT((0.,-206.564645,-198.84542));
#10165=IFCCARTESIANPOINT((0.,-206.019275,-198.847683));
#10166=IFCPOLYLINE((#10167,#10168,#10169,#10170,#10171,#10172,#10173,#10174,#10175,#10176,#10177,#10178,#10179,#10180,#10181,#10182,#10183,#10184,#10185,#10186,#10187,#10188,#10189,#10190,#10191,#10192,#10193,#10194,#10195,#10196,#10197,#10198,#10199,#10200,#10201,#10202,#10203,#10204,#10205,#10206,#10207,#10208,#10209,#10210,#10211,#10212,#10213,#10214,#10215));
#10167=IFCCARTESIANPOINT((0.,-204.713958,-212.321851));
#10168=IFCCARTESIANPOINT((0.,-204.708836,-212.422854));
#10169=IFCCARTESIANPOINT((0.,-204.703695,-212.523866));
#10170=IFCCARTESIANPOINT((0.,-204.698537,-212.624884));
#10171=IFCCARTESIANPOINT((0.,-204.693361,-212.725905));
#10172=IFCCARTESIANPOINT((0.,-204.688168,-212.826927));
#10173=IFCCARTESIANPOINT((0.,-204.682956,-212.927948));
#10174=IFCCARTESIANPOINT((0.,-204.677726,-213.028965));
#10175=IFCCARTESIANPOINT((0.,-204.672479,-213.129976));
#10176=IFCCARTESIANPOINT((0.,-204.667213,-213.230979));
#10177=IFCCARTESIANPOINT((0.,-204.66193,-213.33197));
#10178=IFCCARTESIANPOINT((0.,-204.656629,-213.432948));
#10179=IFCCARTESIANPOINT((0.,-204.65131,-213.533911));
#10180=IFCCARTESIANPOINT((0.,-204.645974,-213.634855));
#10181=IFCCARTESIANPOINT((0.,-204.640619,-213.735779));
#10182=IFCCARTESIANPOINT((0.,-204.635247,-213.836679));
#10183=IFCCARTESIANPOINT((0.,-204.629857,-213.937555));
#10184=IFCCARTESIANPOINT((0.,-204.624449,-214.038402));
#10185=IFCCARTESIANPOINT((0.,-204.619023,-214.139219));
#10186=IFCCARTESIANPOINT((0.,-204.61358,-214.240003));
#10187=IFCCARTESIANPOINT((0.,-204.608118,-214.340753));
#10188=IFCCARTESIANPOINT((0.,-204.602639,-214.441465));
#10189=IFCCARTESIANPOINT((0.,-204.597143,-214.542137));
#10190=IFCCARTESIANPOINT((0.,-204.591628,-214.642766));
#10191=IFCCARTESIANPOINT((0.,-204.586096,-214.743351));
#10192=IFCCARTESIANPOINT((0.,-204.580545,-214.843913));
#10193=IFCCARTESIANPOINT((0.,-204.574974,-214.944471));
#10194=IFCCARTESIANPOINT((0.,-204.569383,-215.045025));
#10195=IFCCARTESIANPOINT((0.,-204.563772,-215.145573));
#10196=IFCCARTESIANPOINT((0.,-204.558142,-215.246114));
#10197=IFCCARTESIANPOINT((0.,-204.552491,-215.346646));
#10198=IFCCARTESIANPOINT((0.,-204.54682,-215.447168));
#10199=IFCCARTESIANPOINT((0.,-204.541129,-215.547677));
#10200=IFCCARTESIANPOINT((0.,-204.535419,-215.648172));
#10201=IFCCARTESIANPOINT((0.,-204.529688,-215.748653));
#10202=IFCCARTESIANPOINT((0.,-204.523938,-215.849116));
#10203=IFCCARTESIANPOINT((0.,-204.518168,-215.949561));
#10204=IFCCARTESIANPOINT((0.,-204.512378,-216.049986));
#10205=IFCCARTESIANPOINT((0.,-204.506569,-216.15039));
#10206=IFCCARTESIANPOINT((0.,-204.500739,-216.25077));
#10207=IFCCARTESIANPOINT((0.,-204.49489,-216.351126));
#10208=IFCCARTESIANPOINT((0.,-204.489021,-216.451455));
#10209=IFCCARTESIANPOINT((0.,-204.483132,-216.551757));
#10210=IFCCARTESIANPOINT((0.,-204.477224,-216.652029));
#10211=IFCCARTESIANPOINT((0.,-204.471296,-216.75227));
#10212=IFCCARTESIANPOINT((0.,-204.465348,-216.852479));
#10213=IFCCARTESIANPOINT((0.,-204.45938,-216.952654));
#10214=IFCCARTESIANPOINT((0.,-204.453393,-217.052793));
#10215=IFCCARTESIANPOINT((0.,-204.447386,-217.152894));
#10216=IFCPOLYLINE((#10217,#10218,#10219,#10220,#10221,#10222,#10223,#10224,#10225,#10226,#10227,#10228,#10229,#10230,#10231,#10232,#10233,#10234,#10235,#10236,#10237,#10238,#10239,#10240,#10241,#10242,#10243,#10244,#10245,#10246,#10247,#10248,#10249,#10250,#10251,#10252,#10253,#10254,#10255,#10256,#10257,#10258,#10259,#10260,#10261,#10262,#10263,#10264,#10265));
#10217=IFCCARTESIANPOINT((0.,-204.447386,-217.152898));
#10218=IFCCARTESIANPOINT((0.,-204.435368,-217.35213));
#10219=IFCCARTESIANPOINT((0.,-204.423265,-217.551321));
#10220=IFCCARTESIANPOINT((0.,-204.411079,-217.750464));
#10221=IFCCARTESIANPOINT((0.,-204.398807,-217.949556));
#10222=IFCCARTESIANPOINT((0.,-204.386452,-218.14859));
#10223=IFCCARTESIANPOINT((0.,-204.374011,-218.347562));
#10224=IFCCARTESIANPOINT((0.,-204.361485,-218.546467));
#10225=IFCCARTESIANPOINT((0.,-204.348874,-218.745299));
#10226=IFCCARTESIANPOINT((0.,-204.336177,-218.944054));
#10227=IFCCARTESIANPOINT((0.,-204.323395,-219.142726));
#10228=IFCCARTESIANPOINT((0.,-204.310526,-219.341311));
#10229=IFCCARTESIANPOINT((0.,-204.297571,-219.539802));
#10230=IFCCARTESIANPOINT((0.,-204.284529,-219.738196));
#10231=IFCCARTESIANPOINT((0.,-204.2714,-219.936487));
#10232=IFCCARTESIANPOINT((0.,-204.258183,-220.134669));
#10233=IFCCARTESIANPOINT((0.,-204.24488,-220.332739));
#10234=IFCCARTESIANPOINT((0.,-204.231489,-220.53069));
#10235=IFCCARTESIANPOINT((0.,-204.218009,-220.728517));
#10236=IFCCARTESIANPOINT((0.,-204.204442,-220.926217));
#10237=IFCCARTESIANPOINT((0.,-204.190786,-221.123782));
#10238=IFCCARTESIANPOINT((0.,-204.177042,-221.321209));
#10239=IFCCARTESIANPOINT((0.,-204.163208,-221.518492));
#10240=IFCCARTESIANPOINT((0.,-204.149285,-221.715626));
#10241=IFCCARTESIANPOINT((0.,-204.135273,-221.912606));
#10242=IFCCARTESIANPOINT((0.,-204.12117,-222.109444));
#10243=IFCCARTESIANPOINT((0.,-204.106975,-222.306154));
#10244=IFCCARTESIANPOINT((0.,-204.092686,-222.502733));
#10245=IFCCARTESIANPOINT((0.,-204.078305,-222.699181));
#10246=IFCCARTESIANPOINT((0.,-204.063829,-222.895495));
#10247=IFCCARTESIANPOINT((0.,-204.049258,-223.091676));
#10248=IFCCARTESIANPOINT((0.,-204.034593,-223.28772));
#10249=IFCCARTESIANPOINT((0.,-204.019832,-223.483627));
#10250=IFCCARTESIANPOINT((0.,-204.004974,-223.679395));
#10251=IFCCARTESIANPOINT((0.,-203.99002,-223.875023));
#10252=IFCCARTESIANPOINT((0.,-203.974968,-224.07051));
#10253=IFCCARTESIANPOINT((0.,-203.959819,-224.265853));
#10254=IFCCARTESIANPOINT((0.,-203.944571,-224.461052));
#10255=IFCCARTESIANPOINT((0.,-203.929224,-224.656105));
#10256=IFCCARTESIANPOINT((0.,-203.913777,-224.85101));
#10257=IFCCARTESIANPOINT((0.,-203.89823,-225.045766));
#10258=IFCCARTESIANPOINT((0.,-203.882583,-225.240372));
#10259=IFCCARTESIANPOINT((0.,-203.866834,-225.434826));
#10260=IFCCARTESIANPOINT((0.,-203.850984,-225.629127));
#10261=IFCCARTESIANPOINT((0.,-203.835031,-225.823273));
#10262=IFCCARTESIANPOINT((0.,-203.818975,-226.017263));
#10263=IFCCARTESIANPOINT((0.,-203.802815,-226.211095));
#10264=IFCCARTESIANPOINT((0.,-203.786552,-226.404768));
#10265=IFCCARTESIANPOINT((0.,-203.770184,-226.598281));
#10266=IFCPOLYLINE((#10267,#10268,#10269,#10270,#10271,#10272,#10273,#10274,#10275,#10276,#10277,#10278,#10279,#10280,#10281,#10282,#10283,#10284,#10285,#10286,#10287,#10288,#10289,#10290,#10291,#10292,#10293,#10294,#10295,#10296,#10297,#10298,#10299,#10300,#10301,#10302,#10303,#10304,#10305,#10306,#10307,#10308,#10309,#10310,#10311,#10312,#10313,#10314,#10315));
#10267=IFCCARTESIANPOINT((0.,-203.770183,-226.598294));
#10268=IFCCARTESIANPOINT((0.,-203.757628,-226.745811));
#10269=IFCCARTESIANPOINT((0.,-203.745012,-226.893226));
#10270=IFCCARTESIANPOINT((0.,-203.732335,-227.04054));
#10271=IFCCARTESIANPOINT((0.,-203.719597,-227.187752));
#10272=IFCCARTESIANPOINT((0.,-203.706798,-227.33486));
#10273=IFCCARTESIANPOINT((0.,-203.693938,-227.481864));
#10274=IFCCARTESIANPOINT((0.,-203.681016,-227.628763));
#10275=IFCCARTESIANPOINT((0.,-203.668032,-227.775556));
#10276=IFCCARTESIANPOINT((0.,-203.654987,-227.922244));
#10277=IFCCARTESIANPOINT((0.,-203.641879,-228.068824));
#10278=IFCCARTESIANPOINT((0.,-203.628709,-228.215297));
#10279=IFCCARTESIANPOINT((0.,-203.615477,-228.361661));
#10280=IFCCARTESIANPOINT((0.,-203.602183,-228.507916));
#10281=IFCCARTESIANPOINT((0.,-203.588825,-228.654061));
#10282=IFCCARTESIANPOINT((0.,-203.575405,-228.800096));
#10283=IFCCARTESIANPOINT((0.,-203.561922,-228.946019));
#10284=IFCCARTESIANPOINT((0.,-203.548376,-229.091829));
#10285=IFCCARTESIANPOINT((0.,-203.534766,-229.237527));
#10286=IFCCARTESIANPOINT((0.,-203.521093,-229.383112));
#10287=IFCCARTESIANPOINT((0.,-203.507356,-229.528582));
#10288=IFCCARTESIANPOINT((0.,-203.493556,-229.673936));
#10289=IFCCARTESIANPOINT((0.,-203.479691,-229.819175));
#10290=IFCCARTESIANPOINT((0.,-203.465763,-229.964298));
#10291=IFCCARTESIANPOINT((0.,-203.45177,-230.109303));
#10292=IFCCARTESIANPOINT((0.,-203.437713,-230.25419));
#10293=IFCCARTESIANPOINT((0.,-203.423591,-230.398959));
#10294=IFCCARTESIANPOINT((0.,-203.409404,-230.543608));
#10295=IFCCARTESIANPOINT((0.,-203.395153,-230.688136));
#10296=IFCCARTESIANPOINT((0.,-203.380837,-230.832541));
#10297=IFCCARTESIANPOINT((0.,-203.366457,-230.976822));
#10298=IFCCARTESIANPOINT((0.,-203.352012,-231.120977));
#10299=IFCCARTESIANPOINT((0.,-203.337503,-231.265006));
#10300=IFCCARTESIANPOINT((0.,-203.322929,-231.408906));
#10301=IFCCARTESIANPOINT((0.,-203.308291,-231.552676));
#10302=IFCCARTESIANPOINT((0.,-203.293588,-231.696315));
#10303=IFCCARTESIANPOINT((0.,-203.278821,-231.839822));
#10304=IFCCARTESIANPOINT((0.,-203.26399,-231.983194));
#10305=IFCCARTESIANPOINT((0.,-203.249095,-232.126431));
#10306=IFCCARTESIANPOINT((0.,-203.234135,-232.269531));
#10307=IFCCARTESIANPOINT((0.,-203.219111,-232.412492));
#10308=IFCCARTESIANPOINT((0.,-203.204022,-232.555314));
#10309=IFCCARTESIANPOINT((0.,-203.18887,-232.697994));
#10310=IFCCARTESIANPOINT((0.,-203.173653,-232.840533));
#10311=IFCCARTESIANPOINT((0.,-203.158372,-232.982927));
#10312=IFCCARTESIANPOINT((0.,-203.143027,-233.125175));
#10313=IFCCARTESIANPOINT((0.,-203.127617,-233.267277));
#10314=IFCCARTESIANPOINT((0.,-203.112144,-233.40923));
#10315=IFCCARTESIANPOINT((0.,-203.096607,-233.551034));
#10316=IFCPOLYLINE((#10317,#10318,#10319,#10320,#10321,#10322,#10323,#10324,#10325,#10326,#10327,#10328,#10329,#10330,#10331,#10332,#10333,#10334,#10335,#10336,#10337,#10338,#10339,#10340,#10341,#10342,#10343,#10344,#10345,#10346,#10347,#10348,#10349,#10350,#10351,#10352,#10353,#10354,#10355,#10356,#10357,#10358,#10359,#10360,#10361,#10362,#10363,#10364,#10365,#10366,#10367,#10368,#10369,#10370,#10371,#10372,#10373));
#10317=IFCCARTESIANPOINT((0.,-137.266331,-244.343107));
#10318=IFCCARTESIANPOINT((0.,-136.955458,-244.116134));
#10319=IFCCARTESIANPOINT((0.,-136.645829,-243.887768));
#10320=IFCCARTESIANPOINT((0.,-136.337446,-243.658003));
#10321=IFCCARTESIANPOINT((0.,-136.030315,-243.426835));
#10322=IFCCARTESIANPOINT((0.,-135.724438,-243.194261));
#10323=IFCCARTESIANPOINT((0.,-135.41982,-242.960276));
#10324=IFCCARTESIANPOINT((0.,-135.116465,-242.724876));
#10325=IFCCARTESIANPOINT((0.,-134.814376,-242.488055));
#10326=IFCCARTESIANPOINT((0.,-134.513559,-242.24981));
#10327=IFCCARTESIANPOINT((0.,-134.214015,-242.010137));
#10328=IFCCARTESIANPOINT((0.,-133.915751,-241.769031));
#10329=IFCCARTESIANPOINT((0.,-133.618769,-241.526488));
#10330=IFCCARTESIANPOINT((0.,-133.323073,-241.282503));
#10331=IFCCARTESIANPOINT((0.,-133.028667,-241.037073));
#10332=IFCCARTESIANPOINT((0.,-132.735556,-240.790192));
#10333=IFCCARTESIANPOINT((0.,-132.443744,-240.541856));
#10334=IFCCARTESIANPOINT((0.,-132.153233,-240.292062));
#10335=IFCCARTESIANPOINT((0.,-131.864029,-240.040804));
#10336=IFCCARTESIANPOINT((0.,-131.576134,-239.788079));
#10337=IFCCARTESIANPOINT((0.,-131.289554,-239.533881));
#10338=IFCCARTESIANPOINT((0.,-131.004292,-239.278207));
#10339=IFCCARTESIANPOINT((0.,-130.720351,-239.021053));
#10340=IFCCARTESIANPOINT((0.,-130.437737,-238.762413));
#10341=IFCCARTESIANPOINT((0.,-130.156452,-238.502284));
#10342=IFCCARTESIANPOINT((0.,-129.876501,-238.240662));
#10343=IFCCARTESIANPOINT((0.,-129.597888,-237.977541));
#10344=IFCCARTESIANPOINT((0.,-129.320616,-237.712918));
#10345=IFCCARTESIANPOINT((0.,-129.04469,-237.446788));
#10346=IFCCARTESIANPOINT((0.,-128.770114,-237.179147));
#10347=IFCCARTESIANPOINT((0.,-128.496891,-236.90999));
#10348=IFCCARTESIANPOINT((0.,-128.225025,-236.639314));
#10349=IFCCARTESIANPOINT((0.,-127.954521,-236.367113));
#10350=IFCCARTESIANPOINT((0.,-127.685382,-236.093384));
#10351=IFCCARTESIANPOINT((0.,-127.417613,-235.818122));
#10352=IFCCARTESIANPOINT((0.,-127.151216,-235.541323));
#10353=IFCCARTESIANPOINT((0.,-126.886197,-235.262982));
#10354=IFCCARTESIANPOINT((0.,-126.622559,-234.983096));
#10355=IFCCARTESIANPOINT((0.,-126.360305,-234.701659));
#10356=IFCCARTESIANPOINT((0.,-126.099441,-234.418667));
#10357=IFCCARTESIANPOINT((0.,-125.83997,-234.134116));
#10358=IFCCARTESIANPOINT((0.,-125.581896,-233.848003));
#10359=IFCCARTESIANPOINT((0.,-125.325222,-233.560321));
#10360=IFCCARTESIANPOINT((0.,-125.069953,-233.271067));
#10361=IFCCARTESIANPOINT((0.,-124.816093,-232.980237));
#10362=IFCCARTESIANPOINT((0.,-124.563645,-232.687827));
#10363=IFCCARTESIANPOINT((0.,-124.312614,-232.393831));
#10364=IFCCARTESIANPOINT((0.,-124.063004,-232.098246));
#10365=IFCCARTESIANPOINT((0.,-123.814818,-231.801067));
#10366=IFCCARTESIANPOINT((0.,-123.56806,-231.50229));
#10367=IFCCARTESIANPOINT((0.,-123.322735,-231.201911));
#10368=IFCCARTESIANPOINT((0.,-123.078856,-230.899911));
#10369=IFCCARTESIANPOINT((0.,-122.836435,-230.596276));
#10370=IFCCARTESIANPOINT((0.,-122.595479,-230.290997));
#10371=IFCCARTESIANPOINT((0.,-122.355994,-229.984067));
#10372=IFCCARTESIANPOINT((0.,-122.117987,-229.675479));
#10373=IFCCARTESIANPOINT((0.,-121.881464,-229.365226));
#10374=IFCPOLYLINE((#10375,#10376,#10377,#10378,#10379,#10380,#10381,#10382,#10383,#10384,#10385,#10386,#10387,#10388,#10389,#10390,#10391,#10392,#10393,#10394,#10395,#10396,#10397,#10398,#10399,#10400,#10401,#10402,#10403,#10404,#10405,#10406,#10407,#10408,#10409,#10410,#10411,#10412,#10413,#10414,#10415,#10416,#10417,#10418,#10419,#10420,#10421,#10422,#10423,#10424,#10425,#10426,#10427,#10428,#10429,#10430,#10431,#10432,#10433,#10434,#10435,#10436,#10437,#10438,#10439,#10440,#10441,#10442,#10443,#10444,#10445,#10446,#10447,#10448,#10449,#10450,#10451,#10452,#10453,#10454,#10455));
#10375=IFCCARTESIANPOINT((0.,-197.441207,-265.452902));
#10376=IFCCARTESIANPOINT((0.,-197.530545,-265.451885));
#10377=IFCCARTESIANPOINT((0.,-197.620017,-265.448821));
#10378=IFCCARTESIANPOINT((0.,-197.709616,-265.443689));
#10379=IFCCARTESIANPOINT((0.,-197.799335,-265.436471));
#10380=IFCCARTESIANPOINT((0.,-197.889163,-265.427145));
#10381=IFCCARTESIANPOINT((0.,-197.979094,-265.415691));
#10382=IFCCARTESIANPOINT((0.,-198.069119,-265.402091));
#10383=IFCCARTESIANPOINT((0.,-198.159229,-265.386323));
#10384=IFCCARTESIANPOINT((0.,-198.249417,-265.368368));
#10385=IFCCARTESIANPOINT((0.,-198.339673,-265.348206));
#10386=IFCCARTESIANPOINT((0.,-198.429991,-265.325816));
#10387=IFCCARTESIANPOINT((0.,-198.52036,-265.301179));
#10388=IFCCARTESIANPOINT((0.,-198.610774,-265.274274));
#10389=IFCCARTESIANPOINT((0.,-198.701224,-265.245082));
#10390=IFCCARTESIANPOINT((0.,-198.791701,-265.213582));
#10391=IFCCARTESIANPOINT((0.,-198.882198,-265.179755));
#10392=IFCCARTESIANPOINT((0.,-198.972705,-265.143581));
#10393=IFCCARTESIANPOINT((0.,-199.063215,-265.105039));
#10394=IFCCARTESIANPOINT((0.,-199.15372,-265.064109));
#10395=IFCCARTESIANPOINT((0.,-199.24421,-265.020772));
#10396=IFCCARTESIANPOINT((0.,-199.334679,-264.975007));
#10397=IFCCARTESIANPOINT((0.,-199.425117,-264.926795));
#10398=IFCCARTESIANPOINT((0.,-199.515516,-264.876115));
#10399=IFCCARTESIANPOINT((0.,-199.605868,-264.822947));
#10400=IFCCARTESIANPOINT((0.,-199.696165,-264.767272));
#10401=IFCCARTESIANPOINT((0.,-199.786399,-264.709069));
#10402=IFCCARTESIANPOINT((0.,-199.87656,-264.648318));
#10403=IFCCARTESIANPOINT((0.,-199.966641,-264.585));
#10404=IFCCARTESIANPOINT((0.,-200.056634,-264.519094));
#10405=IFCCARTESIANPOINT((0.,-200.14653,-264.45058));
#10406=IFCCARTESIANPOINT((0.,-200.23632,-264.379438));
#10407=IFCCARTESIANPOINT((0.,-200.325998,-264.305649));
#10408=IFCCARTESIANPOINT((0.,-200.415554,-264.229191));
#10409=IFCCARTESIANPOINT((0.,-200.504979,-264.150046));
#10410=IFCCARTESIANPOINT((0.,-200.594267,-264.068193));
#10411=IFCCARTESIANPOINT((0.,-200.683409,-263.983619));
#10412=IFCCARTESIANPOINT((0.,-200.772399,-263.89632));
#10413=IFCCARTESIANPOINT((0.,-200.861231,-263.806291));
#10414=IFCCARTESIANPOINT((0.,-200.949899,-263.713527));
#10415=IFCCARTESIANPOINT((0.,-201.038396,-263.618024));
#10416=IFCCARTESIANPOINT((0.,-201.126716,-263.519777));
#10417=IFCCARTESIANPOINT((0.,-201.214854,-263.418782));
#10418=IFCCARTESIANPOINT((0.,-201.302802,-263.315034));
#10419=IFCCARTESIANPOINT((0.,-201.390555,-263.20853));
#10420=IFCCARTESIANPOINT((0.,-201.478107,-263.099263));
#10421=IFCCARTESIANPOINT((0.,-201.565451,-262.98723));
#10422=IFCCARTESIANPOINT((0.,-201.652581,-262.872426));
#10423=IFCCARTESIANPOINT((0.,-201.739491,-262.754846));
#10424=IFCCARTESIANPOINT((0.,-201.826175,-262.634487));
#10425=IFCCARTESIANPOINT((0.,-201.912626,-262.511343));
#10426=IFCCARTESIANPOINT((0.,-201.998839,-262.38541));
#10427=IFCCARTESIANPOINT((0.,-202.084806,-262.256684));
#10428=IFCCARTESIANPOINT((0.,-202.170523,-262.125159));
#10429=IFCCARTESIANPOINT((0.,-202.255983,-261.990832));
#10430=IFCCARTESIANPOINT((0.,-202.341179,-261.853698));
#10431=IFCCARTESIANPOINT((0.,-202.426105,-261.713752));
#10432=IFCCARTESIANPOINT((0.,-202.510756,-261.57099));
#10433=IFCCARTESIANPOINT((0.,-202.595124,-261.425407));
#10434=IFCCARTESIANPOINT((0.,-202.679204,-261.276999));
#10435=IFCCARTESIANPOINT((0.,-202.76299,-261.125761));
#10436=IFCCARTESIANPOINT((0.,-202.846476,-260.971689));
#10437=IFCCARTESIANPOINT((0.,-202.929654,-260.814778));
#10438=IFCCARTESIANPOINT((0.,-203.01252,-260.655023));
#10439=IFCCARTESIANPOINT((0.,-203.095066,-260.49242));
#10440=IFCCARTESIANPOINT((0.,-203.177287,-260.326965));
#10441=IFCCARTESIANPOINT((0.,-203.259176,-260.158653));
#10442=IFCCARTESIANPOINT((0.,-203.340728,-259.98748));
#10443=IFCCARTESIANPOINT((0.,-203.421935,-259.81344));
#10444=IFCCARTESIANPOINT((0.,-203.502793,-259.636531));
#10445=IFCCARTESIANPOINT((0.,-203.583297,-259.456777));
#10446=IFCCARTESIANPOINT((0.,-203.663445,-259.274198));
#10447=IFCCARTESIANPOINT((0.,-203.743233,-259.088799));
#10448=IFCCARTESIANPOINT((0.,-203.822656,-258.900587));
#10449=IFCCARTESIANPOINT((0.,-203.901709,-258.709569));
#10450=IFCCARTESIANPOINT((0.,-203.980388,-258.51575));
#10451=IFCCARTESIANPOINT((0.,-204.058688,-258.319138));
#10452=IFCCARTESIANPOINT((0.,-204.136605,-258.119737));
#10453=IFCCARTESIANPOINT((0.,-204.214135,-257.917556));
#10454=IFCCARTESIANPOINT((0.,-204.291274,-257.7126));
#10455=IFCCARTESIANPOINT((0.,-204.368015,-257.504876));
#10456=IFCPOLYLINE((#10457,#10458,#10459,#10460,#10461,#10462,#10463,#10464,#10465));
#10457=IFCCARTESIANPOINT((0.,-204.368017,-257.504872));
#10458=IFCCARTESIANPOINT((0.,-204.797554,-256.268791));
#10459=IFCCARTESIANPOINT((0.,-205.2133,-254.94515));
#10460=IFCCARTESIANPOINT((0.,-205.615107,-253.534424));
#10461=IFCCARTESIANPOINT((0.,-206.002829,-252.037121));
#10462=IFCCARTESIANPOINT((0.,-206.376328,-250.453777));
#10463=IFCCARTESIANPOINT((0.,-206.735469,-248.784962));
#10464=IFCCARTESIANPOINT((0.,-207.080124,-247.031275));
#10465=IFCCARTESIANPOINT((0.,-207.410168,-245.193346));
#10466=IFCPOLYLINE((#10467,#10468,#10469,#10470,#10471,#10472,#10473,#10474,#10475,#10476,#10477,#10478,#10479,#10480,#10481,#10482,#10483,#10484,#10485,#10486,#10487,#10488,#10489,#10490,#10491,#10492,#10493,#10494,#10495,#10496,#10497,#10498,#10499,#10500,#10501,#10502,#10503,#10504,#10505,#10506,#10507,#10508,#10509,#10510,#10511,#10512,#10513,#10514,#10515,#10516,#10517,#10518,#10519,#10520,#10521,#10522,#10523,#10524,#10525,#10526,#10527,#10528,#10529,#10530,#10531,#10532,#10533,#10534,#10535,#10536,#10537,#10538,#10539,#10540,#10541,#10542,#10543,#10544,#10545,#10546,#10547,#10548,#10549,#10550,#10551,#10552,#10553,#10554,#10555,#10556,#10557,#10558,#10559,#10560,#10561,#10562,#10563,#10564,#10565,#10566,#10567,#10568,#10569,#10570,#10571,#10572,#10573,#10574,#10575,#10576,#10577,#10578,#10579,#10580,#10581,#10582,#10583,#10584,#10585,#10586,#10587,#10588,#10589,#10590,#10591,#10592,#10593,#10594,#10595,#10596,#10597,#10598,#10599,#10600,#10601,#10602,#10603,#10604,#10605,#10606,#10607,#10608,#10609,#10610,#10611,#10612,#10613,#10614,#10615,#10616,#10617,#10618,#10619,#10620,#10621,#10622,#10623,#10624,#10625,#10626,#10627));
#10467=IFCCARTESIANPOINT((0.,-275.325766,-201.637045));
#10468=IFCCARTESIANPOINT((0.,-275.066633,-202.257122));
#10469=IFCCARTESIANPOINT((0.,-274.805779,-202.876091));
#10470=IFCCARTESIANPOINT((0.,-274.543179,-203.493932));
#10471=IFCCARTESIANPOINT((0.,-274.278809,-204.110628));
#10472=IFCCARTESIANPOINT((0.,-274.012641,-204.726161));
#10473=IFCCARTESIANPOINT((0.,-273.744651,-205.340513));
#10474=IFCCARTESIANPOINT((0.,-273.474814,-205.953666));
#10475=IFCCARTESIANPOINT((0.,-273.203104,-206.565602));
#10476=IFCCARTESIANPOINT((0.,-272.929496,-207.176302));
#10477=IFCCARTESIANPOINT((0.,-272.653964,-207.78575));
#10478=IFCCARTESIANPOINT((0.,-272.376484,-208.393927));
#10479=IFCCARTESIANPOINT((0.,-272.097029,-209.000814));
#10480=IFCCARTESIANPOINT((0.,-271.815574,-209.606394));
#10481=IFCCARTESIANPOINT((0.,-271.532094,-210.21065));
#10482=IFCCARTESIANPOINT((0.,-271.246563,-210.813562));
#10483=IFCCARTESIANPOINT((0.,-270.958957,-211.415113));
#10484=IFCCARTESIANPOINT((0.,-270.669249,-212.015285));
#10485=IFCCARTESIANPOINT((0.,-270.377415,-212.61406));
#10486=IFCCARTESIANPOINT((0.,-270.083428,-213.211419));
#10487=IFCCARTESIANPOINT((0.,-269.787264,-213.807346));
#10488=IFCCARTESIANPOINT((0.,-269.488897,-214.401821));
#10489=IFCCARTESIANPOINT((0.,-269.188303,-214.994828));
#10490=IFCCARTESIANPOINT((0.,-268.885454,-215.586347));
#10491=IFCCARTESIANPOINT((0.,-268.580327,-216.176361));
#10492=IFCCARTESIANPOINT((0.,-268.272895,-216.764852));
#10493=IFCCARTESIANPOINT((0.,-267.963133,-217.351801));
#10494=IFCCARTESIANPOINT((0.,-267.651016,-217.937192));
#10495=IFCCARTESIANPOINT((0.,-267.336519,-218.521005));
#10496=IFCCARTESIANPOINT((0.,-267.019616,-219.103223));
#10497=IFCCARTESIANPOINT((0.,-266.700235,-219.683897));
#10498=IFCCARTESIANPOINT((0.,-266.37821,-220.263204));
#10499=IFCCARTESIANPOINT((0.,-266.05347,-220.841179));
#10500=IFCCARTESIANPOINT((0.,-265.725953,-221.417849));
#10501=IFCCARTESIANPOINT((0.,-265.395598,-221.99324));
#10502=IFCCARTESIANPOINT((0.,-265.062343,-222.567382));
#10503=IFCCARTESIANPOINT((0.,-264.726106,-223.140302));
#10504=IFCCARTESIANPOINT((0.,-264.386801,-223.712028));
#10505=IFCCARTESIANPOINT((0.,-264.044346,-224.282586));
#10506=IFCCARTESIANPOINT((0.,-263.698656,-224.852005));
#10507=IFCCARTESIANPOINT((0.,-263.349648,-225.420311));
#10508=IFCCARTESIANPOINT((0.,-262.997238,-225.987532));
#10509=IFCCARTESIANPOINT((0.,-262.641343,-226.553694));
#10510=IFCCARTESIANPOINT((0.,-262.281878,-227.118826));
#10511=IFCCARTESIANPOINT((0.,-261.91876,-227.682954));
#10512=IFCCARTESIANPOINT((0.,-261.551907,-228.246093));
#10513=IFCCARTESIANPOINT((0.,-261.181292,-228.808061));
#10514=IFCCARTESIANPOINT((0.,-260.806933,-229.3687));
#10515=IFCCARTESIANPOINT((0.,-260.42885,-229.92789));
#10516=IFCCARTESIANPOINT((0.,-260.047062,-230.48551));
#10517=IFCCARTESIANPOINT((0.,-259.661589,-231.041443));
#10518=IFCCARTESIANPOINT((0.,-259.272449,-231.595568));
#10519=IFCCARTESIANPOINT((0.,-258.879663,-232.147765));
#10520=IFCCARTESIANPOINT((0.,-258.483249,-232.697916));
#10521=IFCCARTESIANPOINT((0.,-258.083226,-233.245901));
#10522=IFCCARTESIANPOINT((0.,-257.679614,-233.791601));
#10523=IFCCARTESIANPOINT((0.,-257.272432,-234.334896));
#10524=IFCCARTESIANPOINT((0.,-256.8617,-234.875666));
#10525=IFCCARTESIANPOINT((0.,-256.447436,-235.413792));
#10526=IFCCARTESIANPOINT((0.,-256.02966,-235.949155));
#10527=IFCCARTESIANPOINT((0.,-255.608391,-236.481636));
#10528=IFCCARTESIANPOINT((0.,-255.183649,-237.011114));
#10529=IFCCARTESIANPOINT((0.,-254.755452,-237.53747));
#10530=IFCCARTESIANPOINT((0.,-254.323821,-238.060585));
#10531=IFCCARTESIANPOINT((0.,-253.888773,-238.58034));
#10532=IFCCARTESIANPOINT((0.,-253.450329,-239.096614));
#10533=IFCCARTESIANPOINT((0.,-253.008508,-239.609289));
#10534=IFCCARTESIANPOINT((0.,-252.563347,-240.118256));
#10535=IFCCARTESIANPOINT((0.,-252.114913,-240.623473));
#10536=IFCCARTESIANPOINT((0.,-251.663185,-241.124902));
#10537=IFCCARTESIANPOINT((0.,-251.208139,-241.622507));
#10538=IFCCARTESIANPOINT((0.,-250.74975,-242.11625));
#10539=IFCCARTESIANPOINT((0.,-250.287992,-242.606092));
#10540=IFCCARTESIANPOINT((0.,-249.822841,-243.091997));
#10541=IFCCARTESIANPOINT((0.,-249.354271,-243.573926));
#10542=IFCCARTESIANPOINT((0.,-248.882256,-244.051842));
#10543=IFCCARTESIANPOINT((0.,-248.406773,-244.525706));
#10544=IFCCARTESIANPOINT((0.,-247.927794,-244.995482));
#10545=IFCCARTESIANPOINT((0.,-247.445296,-245.461131));
#10546=IFCCARTESIANPOINT((0.,-246.959253,-245.922615));
#10547=IFCCARTESIANPOINT((0.,-246.469641,-246.379897));
#10548=IFCCARTESIANPOINT((0.,-245.976432,-246.83294));
#10549=IFCCARTESIANPOINT((0.,-245.479603,-247.281705));
#10550=IFCCARTESIANPOINT((0.,-244.979129,-247.726154));
#10551=IFCCARTESIANPOINT((0.,-244.474983,-248.16625));
#10552=IFCCARTESIANPOINT((0.,-243.967142,-248.601956));
#10553=IFCCARTESIANPOINT((0.,-243.455579,-249.033232));
#10554=IFCCARTESIANPOINT((0.,-242.94027,-249.460042));
#10555=IFCCARTESIANPOINT((0.,-242.421189,-249.882348));
#10556=IFCCARTESIANPOINT((0.,-241.898311,-250.300112));
#10557=IFCCARTESIANPOINT((0.,-241.371611,-250.713297));
#10558=IFCCARTESIANPOINT((0.,-240.841063,-251.121864));
#10559=IFCCARTESIANPOINT((0.,-240.306643,-251.525775));
#10560=IFCCARTESIANPOINT((0.,-239.768326,-251.924994));
#10561=IFCCARTESIANPOINT((0.,-239.226085,-252.319482));
#10562=IFCCARTESIANPOINT((0.,-238.679896,-252.709201));
#10563=IFCCARTESIANPOINT((0.,-238.129735,-253.094114));
#10564=IFCCARTESIANPOINT((0.,-237.575574,-253.474184));
#10565=IFCCARTESIANPOINT((0.,-237.017377,-253.849375));
#10566=IFCCARTESIANPOINT((0.,-236.455042,-254.219662));
#10567=IFCCARTESIANPOINT((0.,-235.888617,-254.584951));
#10568=IFCCARTESIANPOINT((0.,-235.318189,-254.945136));
#10569=IFCCARTESIANPOINT((0.,-234.743839,-255.300111));
#10570=IFCCARTESIANPOINT((0.,-234.165653,-255.64977));
#10571=IFCCARTESIANPOINT((0.,-233.583715,-255.994007));
#10572=IFCCARTESIANPOINT((0.,-232.99811,-256.332702));
#10573=IFCCARTESIANPOINT((0.,-232.408933,-256.66566));
#10574=IFCCARTESIANPOINT((0.,-231.81627,-256.992813));
#10575=IFCCARTESIANPOINT((0.,-231.220202,-257.314124));
#10576=IFCCARTESIANPOINT((0.,-230.62081,-257.629554));
#10577=IFCCARTESIANPOINT((0.,-230.018177,-257.939067));
#10578=IFCCARTESIANPOINT((0.,-229.412384,-258.242624));
#10579=IFCCARTESIANPOINT((0.,-228.803513,-258.540188));
#10580=IFCCARTESIANPOINT((0.,-228.191646,-258.83172));
#10581=IFCCARTESIANPOINT((0.,-227.576864,-259.117183));
#10582=IFCCARTESIANPOINT((0.,-226.959249,-259.39654));
#10583=IFCCARTESIANPOINT((0.,-226.338883,-259.669752));
#10584=IFCCARTESIANPOINT((0.,-225.715848,-259.936782));
#10585=IFCCARTESIANPOINT((0.,-225.090225,-260.197591));
#10586=IFCCARTESIANPOINT((0.,-224.462096,-260.452143));
#10587=IFCCARTESIANPOINT((0.,-223.831543,-260.700399));
#10588=IFCCARTESIANPOINT((0.,-223.198648,-260.942322));
#10589=IFCCARTESIANPOINT((0.,-222.563491,-261.177873));
#10590=IFCCARTESIANPOINT((0.,-221.926156,-261.407015));
#10591=IFCCARTESIANPOINT((0.,-221.286724,-261.629711));
#10592=IFCCARTESIANPOINT((0.,-220.645276,-261.845922));
#10593=IFCCARTESIANPOINT((0.,-220.001894,-262.05561));
#10594=IFCCARTESIANPOINT((0.,-219.35666,-262.258739));
#10595=IFCCARTESIANPOINT((0.,-218.709661,-262.455273));
#10596=IFCCARTESIANPOINT((0.,-218.06102,-262.645239));
#10597=IFCCARTESIANPOINT((0.,-217.410807,-262.828675));
#10598=IFCCARTESIANPOINT((0.,-216.759075,-263.005611));
#10599=IFCCARTESIANPOINT((0.,-216.10588,-263.17608));
#10600=IFCCARTESIANPOINT((0.,-215.451275,-263.340113));
#10601=IFCCARTESIANPOINT((0.,-214.795315,-263.497742));
#10602=IFCCARTESIANPOINT((0.,-214.138055,-263.648997));
#10603=IFCCARTESIANPOINT((0.,-213.479548,-263.793912));
#10604=IFCCARTESIANPOINT((0.,-212.81985,-263.932517));
#10605=IFCCARTESIANPOINT((0.,-212.159015,-264.064845));
#10606=IFCCARTESIANPOINT((0.,-211.497096,-264.190926));
#10607=IFCCARTESIANPOINT((0.,-210.834149,-264.310792));
#10608=IFCCARTESIANPOINT((0.,-210.170228,-264.424475));
#10609=IFCCARTESIANPOINT((0.,-209.505387,-264.532007));
#10610=IFCCARTESIANPOINT((0.,-208.839681,-264.633418));
#10611=IFCCARTESIANPOINT((0.,-208.173164,-264.728741));
#10612=IFCCARTESIANPOINT((0.,-207.505891,-264.818008));
#10613=IFCCARTESIANPOINT((0.,-206.837915,-264.901249));
#10614=IFCCARTESIANPOINT((0.,-206.169292,-264.978497));
#10615=IFCCARTESIANPOINT((0.,-205.500076,-265.049782));
#10616=IFCCARTESIANPOINT((0.,-204.830321,-265.115138));
#10617=IFCCARTESIANPOINT((0.,-204.160081,-265.174594));
#10618=IFCCARTESIANPOINT((0.,-203.489411,-265.228184));
#10619=IFCCARTESIANPOINT((0.,-202.818366,-265.275938));
#10620=IFCCARTESIANPOINT((0.,-202.146999,-265.317887));
#10621=IFCCARTESIANPOINT((0.,-201.475366,-265.354065));
#10622=IFCCARTESIANPOINT((0.,-200.80352,-265.384501));
#10623=IFCCARTESIANPOINT((0.,-200.131485,-265.409253));
#10624=IFCCARTESIANPOINT((0.,-199.459216,-265.42842));
#10625=IFCCARTESIANPOINT((0.,-198.786732,-265.442052));
#10626=IFCCARTESIANPOINT((0.,-198.114055,-265.450197));
#10627=IFCCARTESIANPOINT((0.,-197.441207,-265.452902));
#10628=IFCPOLYLINE((#10629,#10630,#10631,#10632,#10633,#10634,#10635,#10636,#10637,#10638,#10639,#10640,#10641,#10642,#10643,#10644,#10645,#10646,#10647,#10648,#10649,#10650,#10651,#10652,#10653,#10654,#10655,#10656,#10657,#10658,#10659,#10660,#10661,#10662,#10663,#10664,#10665,#10666,#10667,#10668,#10669,#10670,#10671,#10672,#10673,#10674,#10675,#10676,#10677,#10678,#10679,#10680,#10681,#10682,#10683,#10684,#10685,#10686,#10687,#10688,#10689,#10690,#10691,#10692,#10693,#10694,#10695,#10696,#10697,#10698,#10699,#10700,#10701,#10702,#10703,#10704,#10705,#10706,#10707,#10708,#10709));
#10629=IFCCARTESIANPOINT((0.,-254.391805,-200.172495));
#10630=IFCCARTESIANPOINT((0.,-253.911708,-200.144583));
#10631=IFCCARTESIANPOINT((0.,-253.428451,-200.116846));
#10632=IFCCARTESIANPOINT((0.,-252.942087,-200.089292));
#10633=IFCCARTESIANPOINT((0.,-252.452671,-200.061927));
#10634=IFCCARTESIANPOINT((0.,-251.960257,-200.034758));
#10635=IFCCARTESIANPOINT((0.,-251.464897,-200.007793));
#10636=IFCCARTESIANPOINT((0.,-250.966646,-199.981039));
#10637=IFCCARTESIANPOINT((0.,-250.465558,-199.954502));
#10638=IFCCARTESIANPOINT((0.,-249.961685,-199.928189));
#10639=IFCCARTESIANPOINT((0.,-249.455082,-199.902108));
#10640=IFCCARTESIANPOINT((0.,-248.945803,-199.876266));
#10641=IFCCARTESIANPOINT((0.,-248.4339,-199.850669));
#10642=IFCCARTESIANPOINT((0.,-247.919428,-199.825326));
#10643=IFCCARTESIANPOINT((0.,-247.402441,-199.800242));
#10644=IFCCARTESIANPOINT((0.,-246.882992,-199.775424));
#10645=IFCCARTESIANPOINT((0.,-246.361135,-199.750881));
#10646=IFCCARTESIANPOINT((0.,-245.836923,-199.726618));
#10647=IFCCARTESIANPOINT((0.,-245.310411,-199.702644));
#10648=IFCCARTESIANPOINT((0.,-244.781651,-199.678964));
#10649=IFCCARTESIANPOINT((0.,-244.250698,-199.655587));
#10650=IFCCARTESIANPOINT((0.,-243.717605,-199.632518));
#10651=IFCCARTESIANPOINT((0.,-243.182426,-199.609766));
#10652=IFCCARTESIANPOINT((0.,-242.645215,-199.587336));
#10653=IFCCARTESIANPOINT((0.,-242.106025,-199.565237));
#10654=IFCCARTESIANPOINT((0.,-241.564911,-199.543481));
#10655=IFCCARTESIANPOINT((0.,-241.021924,-199.522072));
#10656=IFCCARTESIANPOINT((0.,-240.477119,-199.501009));
#10657=IFCCARTESIANPOINT((0.,-239.930547,-199.480291));
#10658=IFCCARTESIANPOINT((0.,-239.382261,-199.459917));
#10659=IFCCARTESIANPOINT((0.,-238.832314,-199.439886));
#10660=IFCCARTESIANPOINT((0.,-238.280758,-199.420198));
#10661=IFCCARTESIANPOINT((0.,-237.727647,-199.40085));
#10662=IFCCARTESIANPOINT((0.,-237.173031,-199.381843));
#10663=IFCCARTESIANPOINT((0.,-236.616966,-199.363174));
#10664=IFCCARTESIANPOINT((0.,-236.059502,-199.344844));
#10665=IFCCARTESIANPOINT((0.,-235.500692,-199.32685));
#10666=IFCCARTESIANPOINT((0.,-234.94059,-199.309193));
#10667=IFCCARTESIANPOINT((0.,-234.379247,-199.29187));
#10668=IFCCARTESIANPOINT((0.,-233.816717,-199.274881));
#10669=IFCCARTESIANPOINT((0.,-233.253051,-199.258225));
#10670=IFCCARTESIANPOINT((0.,-232.688304,-199.2419));
#10671=IFCCARTESIANPOINT((0.,-232.122526,-199.225907));
#10672=IFCCARTESIANPOINT((0.,-231.555771,-199.210243));
#10673=IFCCARTESIANPOINT((0.,-230.988092,-199.194907));
#10674=IFCCARTESIANPOINT((0.,-230.419541,-199.1799));
#10675=IFCCARTESIANPOINT((0.,-229.850171,-199.165219));
#10676=IFCCARTESIANPOINT((0.,-229.280033,-199.150863));
#10677=IFCCARTESIANPOINT((0.,-228.709182,-199.136832));
#10678=IFCCARTESIANPOINT((0.,-228.137669,-199.123125));
#10679=IFCCARTESIANPOINT((0.,-227.565548,-199.10974));
#10680=IFCCARTESIANPOINT((0.,-226.99287,-199.096677));
#10681=IFCCARTESIANPOINT((0.,-226.419689,-199.083934));
#10682=IFCCARTESIANPOINT((0.,-225.846057,-199.07151));
#10683=IFCCARTESIANPOINT((0.,-225.272026,-199.059405));
#10684=IFCCARTESIANPOINT((0.,-224.69765,-199.047617));
#10685=IFCCARTESIANPOINT((0.,-224.12298,-199.036146));
#10686=IFCCARTESIANPOINT((0.,-223.548071,-199.02499));
#10687=IFCCARTESIANPOINT((0.,-222.972973,-199.014148));
#10688=IFCCARTESIANPOINT((0.,-222.39774,-199.003619));
#10689=IFCCARTESIANPOINT((0.,-221.822424,-198.993402));
#10690=IFCCARTESIANPOINT((0.,-221.247079,-198.983497));
#10691=IFCCARTESIANPOINT((0.,-220.671756,-198.973901));
#10692=IFCCARTESIANPOINT((0.,-220.096508,-198.964615));
#10693=IFCCARTESIANPOINT((0.,-219.521388,-198.955637));
#10694=IFCCARTESIANPOINT((0.,-218.946449,-198.946966));
#10695=IFCCARTESIANPOINT((0.,-218.371743,-198.938593));
#10696=IFCCARTESIANPOINT((0.,-217.797323,-198.930503));
#10697=IFCCARTESIANPOINT((0.,-217.223239,-198.922691));
#10698=IFCCARTESIANPOINT((0.,-216.649544,-198.915153));
#10699=IFCCARTESIANPOINT((0.,-216.076289,-198.907886));
#10700=IFCCARTESIANPOINT((0.,-215.503526,-198.900885));
#10701=IFCCARTESIANPOINT((0.,-214.931305,-198.894147));
#10702=IFCCARTESIANPOINT((0.,-214.359678,-198.887669));
#10703=IFCCARTESIANPOINT((0.,-213.788697,-198.881445));
#10704=IFCCARTESIANPOINT((0.,-213.218413,-198.875473));
#10705=IFCCARTESIANPOINT((0.,-212.648877,-198.869748));
#10706=IFCCARTESIANPOINT((0.,-212.080141,-198.864267));
#10707=IFCCARTESIANPOINT((0.,-211.512257,-198.859026));
#10708=IFCCARTESIANPOINT((0.,-210.945275,-198.854021));
#10709=IFCCARTESIANPOINT((0.,-210.379248,-198.849249));
#10710=IFCPOLYLINE((#10711,#10712,#10713,#10714,#10715,#10716,#10717,#10718,#10719));
#10711=IFCCARTESIANPOINT((0.,-205.620442,-191.560426));
#10712=IFCCARTESIANPOINT((0.,-206.037962,-191.560434));
#10713=IFCCARTESIANPOINT((0.,-206.456162,-191.56044));
#10714=IFCCARTESIANPOINT((0.,-206.874863,-191.560443));
#10715=IFCCARTESIANPOINT((0.,-207.29389,-191.560444));
#10716=IFCCARTESIANPOINT((0.,-207.713064,-191.560442));
#10717=IFCCARTESIANPOINT((0.,-208.132209,-191.560438));
#10718=IFCCARTESIANPOINT((0.,-208.551145,-191.560432));
#10719=IFCCARTESIANPOINT((0.,-208.969696,-191.560423));
#10720=IFCPOLYLINE((#10721,#10722,#10723,#10724,#10725,#10726,#10727,#10728,#10729));
#10721=IFCCARTESIANPOINT((0.,-205.620442,-191.560426));
#10722=IFCCARTESIANPOINT((0.,-205.532028,-191.624082));
#10723=IFCCARTESIANPOINT((0.,-205.443493,-191.687945));
#10724=IFCCARTESIANPOINT((0.,-205.354849,-191.752004));
#10725=IFCCARTESIANPOINT((0.,-205.266112,-191.81625));
#10726=IFCCARTESIANPOINT((0.,-205.177295,-191.880673));
#10727=IFCCARTESIANPOINT((0.,-205.088411,-191.945262));
#10728=IFCCARTESIANPOINT((0.,-204.999474,-192.010008));
#10729=IFCCARTESIANPOINT((0.,-204.910497,-192.074901));
#10730=IFCPOLYLINE((#10731,#10732,#10733,#10734,#10735,#10736,#10737,#10738,#10739));
#10731=IFCCARTESIANPOINT((0.,-204.868962,-198.849244));
#10732=IFCCARTESIANPOINT((0.,-204.875324,-198.003959));
#10733=IFCCARTESIANPOINT((0.,-204.881352,-197.158213));
#10734=IFCCARTESIANPOINT((0.,-204.887045,-196.312022));
#10735=IFCCARTESIANPOINT((0.,-204.892405,-195.4654));
#10736=IFCCARTESIANPOINT((0.,-204.89743,-194.618361));
#10737=IFCCARTESIANPOINT((0.,-204.90212,-193.770922));
#10738=IFCCARTESIANPOINT((0.,-204.906476,-192.923097));
#10739=IFCCARTESIANPOINT((0.,-204.910497,-192.074901));
#10740=IFCPOLYLINE((#10741,#10742,#10743,#10744,#10745,#10746,#10747,#10748,#10749));
#10741=IFCCARTESIANPOINT((0.,-204.713958,-212.321851));
#10742=IFCCARTESIANPOINT((0.,-204.73896,-210.648442));
#10743=IFCCARTESIANPOINT((0.,-204.762359,-208.971659));
#10744=IFCCARTESIANPOINT((0.,-204.784152,-207.291663));
#10745=IFCCARTESIANPOINT((0.,-204.804337,-205.608619));
#10746=IFCCARTESIANPOINT((0.,-204.822913,-203.922691));
#10747=IFCCARTESIANPOINT((0.,-204.839876,-202.234043));
#10748=IFCCARTESIANPOINT((0.,-204.855227,-200.542839));
#10749=IFCCARTESIANPOINT((0.,-204.868962,-198.849244));
#10750=IFCPOLYLINE((#10751,#10752,#10753,#10754,#10755,#10756,#10757,#10758,#10759,#10760,#10761,#10762,#10763,#10764,#10765,#10766,#10767,#10768,#10769,#10770,#10771,#10772,#10773,#10774,#10775,#10776,#10777,#10778,#10779,#10780,#10781,#10782,#10783,#10784,#10785,#10786,#10787,#10788,#10789,#10790,#10791,#10792,#10793,#10794,#10795,#10796,#10797,#10798,#10799,#10800,#10801,#10802,#10803,#10804,#10805,#10806,#10807,#10808,#10809,#10810,#10811,#10812,#10813,#10814,#10815,#10816,#10817,#10818,#10819,#10820,#10821,#10822,#10823,#10824,#10825,#10826,#10827,#10828,#10829,#10830,#10831,#10832,#10833,#10834,#10835,#10836,#10837,#10838,#10839,#10840,#10841,#10842,#10843,#10844,#10845,#10846,#10847,#10848,#10849,#10850,#10851,#10852,#10853,#10854,#10855,#10856,#10857,#10858,#10859,#10860,#10861,#10862,#10863,#10864,#10865,#10866,#10867,#10868,#10869,#10870,#10871,#10872,#10873,#10874,#10875,#10876,#10877,#10878,#10879,#10880,#10881,#10882,#10883,#10884,#10885,#10886,#10887,#10888,#10889,#10890,#10891,#10892,#10893,#10894,#10895,#10896,#10897,#10898,#10899,#10900,#10901,#10902,#10903,#10904,#10905,#10906,#10907,#10908,#10909,#10910,#10911));
#10751=IFCCARTESIANPOINT((0.,-204.713958,-212.321851));
#10752=IFCCARTESIANPOINT((0.,-204.382532,-212.354959));
#10753=IFCCARTESIANPOINT((0.,-204.050929,-212.386562));
#10754=IFCCARTESIANPOINT((0.,-203.719183,-212.416658));
#10755=IFCCARTESIANPOINT((0.,-203.387334,-212.445247));
#10756=IFCCARTESIANPOINT((0.,-203.055416,-212.472329));
#10757=IFCCARTESIANPOINT((0.,-202.723468,-212.497903));
#10758=IFCCARTESIANPOINT((0.,-202.391525,-212.52197));
#10759=IFCCARTESIANPOINT((0.,-202.059625,-212.544528));
#10760=IFCCARTESIANPOINT((0.,-201.727805,-212.565577));
#10761=IFCCARTESIANPOINT((0.,-201.396102,-212.585116));
#10762=IFCCARTESIANPOINT((0.,-201.064552,-212.603146));
#10763=IFCCARTESIANPOINT((0.,-200.733192,-212.619666));
#10764=IFCCARTESIANPOINT((0.,-200.402059,-212.634675));
#10765=IFCCARTESIANPOINT((0.,-200.071191,-212.648174));
#10766=IFCCARTESIANPOINT((0.,-199.740623,-212.660161));
#10767=IFCCARTESIANPOINT((0.,-199.410393,-212.670636));
#10768=IFCCARTESIANPOINT((0.,-199.080537,-212.679599));
#10769=IFCCARTESIANPOINT((0.,-198.751093,-212.68705));
#10770=IFCCARTESIANPOINT((0.,-198.422097,-212.692987));
#10771=IFCCARTESIANPOINT((0.,-198.093586,-212.697411));
#10772=IFCCARTESIANPOINT((0.,-197.765597,-212.700321));
#10773=IFCCARTESIANPOINT((0.,-197.438168,-212.701717));
#10774=IFCCARTESIANPOINT((0.,-197.111333,-212.701599));
#10775=IFCCARTESIANPOINT((0.,-196.785298,-212.700014));
#10776=IFCCARTESIANPOINT((0.,-196.460312,-212.697044));
#10777=IFCCARTESIANPOINT((0.,-196.136444,-212.692727));
#10778=IFCCARTESIANPOINT((0.,-195.813763,-212.687101));
#10779=IFCCARTESIANPOINT((0.,-195.492338,-212.680202));
#10780=IFCCARTESIANPOINT((0.,-195.172236,-212.672069));
#10781=IFCCARTESIANPOINT((0.,-194.853528,-212.66274));
#10782=IFCCARTESIANPOINT((0.,-194.53628,-212.652251));
#10783=IFCCARTESIANPOINT((0.,-194.220563,-212.64064));
#10784=IFCCARTESIANPOINT((0.,-193.906443,-212.627946));
#10785=IFCCARTESIANPOINT((0.,-193.593991,-212.614205));
#10786=IFCCARTESIANPOINT((0.,-193.283274,-212.599455));
#10787=IFCCARTESIANPOINT((0.,-192.974361,-212.583734));
#10788=IFCCARTESIANPOINT((0.,-192.667321,-212.56708));
#10789=IFCCARTESIANPOINT((0.,-192.362222,-212.549529));
#10790=IFCCARTESIANPOINT((0.,-192.059133,-212.53112));
#10791=IFCCARTESIANPOINT((0.,-191.758122,-212.51189));
#10792=IFCCARTESIANPOINT((0.,-191.459257,-212.491877));
#10793=IFCCARTESIANPOINT((0.,-191.162609,-212.471119));
#10794=IFCCARTESIANPOINT((0.,-190.868244,-212.449652));
#10795=IFCCARTESIANPOINT((0.,-190.576232,-212.427516));
#10796=IFCCARTESIANPOINT((0.,-190.286641,-212.404746));
#10797=IFCCARTESIANPOINT((0.,-189.99954,-212.381381));
#10798=IFCCARTESIANPOINT((0.,-189.714997,-212.357458));
#10799=IFCCARTESIANPOINT((0.,-189.433082,-212.333016));
#10800=IFCCARTESIANPOINT((0.,-189.153861,-212.308091));
#10801=IFCCARTESIANPOINT((0.,-188.877405,-212.282722));
#10802=IFCCARTESIANPOINT((0.,-188.603781,-212.256945));
#10803=IFCCARTESIANPOINT((0.,-188.333058,-212.230798));
#10804=IFCCARTESIANPOINT((0.,-188.065305,-212.20432));
#10805=IFCCARTESIANPOINT((0.,-187.80059,-212.177547));
#10806=IFCCARTESIANPOINT((0.,-187.538982,-212.150518));
#10807=IFCCARTESIANPOINT((0.,-187.28055,-212.123269));
#10808=IFCCARTESIANPOINT((0.,-187.025355,-212.095838));
#10809=IFCCARTESIANPOINT((0.,-186.773293,-212.068239));
#10810=IFCCARTESIANPOINT((0.,-186.524305,-212.040488));
#10811=IFCCARTESIANPOINT((0.,-186.278397,-212.012608));
#10812=IFCCARTESIANPOINT((0.,-186.035577,-211.984621));
#10813=IFCCARTESIANPOINT((0.,-185.79585,-211.95655));
#10814=IFCCARTESIANPOINT((0.,-185.559225,-211.928418));
#10815=IFCCARTESIANPOINT((0.,-185.325826,-211.900321));
#10816=IFCCARTESIANPOINT((0.,-185.095679,-211.872298));
#10817=IFCCARTESIANPOINT((0.,-184.868728,-211.844339));
#10818=IFCCARTESIANPOINT((0.,-184.644917,-211.816435));
#10819=IFCCARTESIANPOINT((0.,-184.424189,-211.788575));
#10820=IFCCARTESIANPOINT((0.,-184.206487,-211.76075));
#10821=IFCCARTESIANPOINT((0.,-183.991756,-211.732951));
#10822=IFCCARTESIANPOINT((0.,-183.779939,-211.705167));
#10823=IFCCARTESIANPOINT((0.,-183.57098,-211.677389));
#10824=IFCCARTESIANPOINT((0.,-183.364822,-211.649608));
#10825=IFCCARTESIANPOINT((0.,-183.161408,-211.621813));
#10826=IFCCARTESIANPOINT((0.,-182.960683,-211.593994));
#10827=IFCCARTESIANPOINT((0.,-182.76259,-211.566143));
#10828=IFCCARTESIANPOINT((0.,-182.567072,-211.538249));
#10829=IFCCARTESIANPOINT((0.,-182.374074,-211.510303));
#10830=IFCCARTESIANPOINT((0.,-182.183538,-211.482294));
#10831=IFCCARTESIANPOINT((0.,-181.995409,-211.454214));
#10832=IFCCARTESIANPOINT((0.,-181.80963,-211.426053));
#10833=IFCCARTESIANPOINT((0.,-181.626145,-211.3978));
#10834=IFCCARTESIANPOINT((0.,-181.444896,-211.369446));
#10835=IFCCARTESIANPOINT((0.,-181.265829,-211.340982));
#10836=IFCCARTESIANPOINT((0.,-181.088886,-211.312397));
#10837=IFCCARTESIANPOINT((0.,-180.914011,-211.283682));
#10838=IFCCARTESIANPOINT((0.,-180.741148,-211.254828));
#10839=IFCCARTESIANPOINT((0.,-180.57024,-211.225824));
#10840=IFCCARTESIANPOINT((0.,-180.401231,-211.196661));
#10841=IFCCARTESIANPOINT((0.,-180.234064,-211.167329));
#10842=IFCCARTESIANPOINT((0.,-180.068654,-211.137813));
#10843=IFCCARTESIANPOINT((0.,-179.904753,-211.108051));
#10844=IFCCARTESIANPOINT((0.,-179.74224,-211.077976));
#10845=IFCCARTESIANPOINT((0.,-179.581019,-211.047523));
#10846=IFCCARTESIANPOINT((0.,-179.420998,-211.01663));
#10847=IFCCARTESIANPOINT((0.,-179.262083,-210.985231));
#10848=IFCCARTESIANPOINT((0.,-179.104178,-210.953263));
#10849=IFCCARTESIANPOINT((0.,-178.947191,-210.920661));
#10850=IFCCARTESIANPOINT((0.,-178.791026,-210.887362));
#10851=IFCCARTESIANPOINT((0.,-178.635592,-210.853301));
#10852=IFCCARTESIANPOINT((0.,-178.480792,-210.818415));
#10853=IFCCARTESIANPOINT((0.,-178.326534,-210.782639));
#10854=IFCCARTESIANPOINT((0.,-178.172723,-210.745909));
#10855=IFCCARTESIANPOINT((0.,-178.019265,-210.708162));
#10856=IFCCARTESIANPOINT((0.,-177.866067,-210.669333));
#10857=IFCCARTESIANPOINT((0.,-177.713034,-210.629358));
#10858=IFCCARTESIANPOINT((0.,-177.560072,-210.588173));
#10859=IFCCARTESIANPOINT((0.,-177.407088,-210.545714));
#10860=IFCCARTESIANPOINT((0.,-177.253987,-210.501918));
#10861=IFCCARTESIANPOINT((0.,-177.100676,-210.456719));
#10862=IFCCARTESIANPOINT((0.,-176.94706,-210.410054));
#10863=IFCCARTESIANPOINT((0.,-176.793045,-210.361859));
#10864=IFCCARTESIANPOINT((0.,-176.638538,-210.31207));
#10865=IFCCARTESIANPOINT((0.,-176.483444,-210.260623));
#10866=IFCCARTESIANPOINT((0.,-176.327669,-210.207453));
#10867=IFCCARTESIANPOINT((0.,-176.17112,-210.152498));
#10868=IFCCARTESIANPOINT((0.,-176.013703,-210.095691));
#10869=IFCCARTESIANPOINT((0.,-175.855323,-210.036971));
#10870=IFCCARTESIANPOINT((0.,-175.695818,-209.976225));
#10871=IFCCARTESIANPOINT((0.,-175.535042,-209.913307));
#10872=IFCCARTESIANPOINT((0.,-175.373014,-209.848144));
#10873=IFCCARTESIANPOINT((0.,-175.209756,-209.780669));
#10874=IFCCARTESIANPOINT((0.,-175.045289,-209.710809));
#10875=IFCCARTESIANPOINT((0.,-174.879633,-209.638496));
#10876=IFCCARTESIANPOINT((0.,-174.712812,-209.56366));
#10877=IFCCARTESIANPOINT((0.,-174.544845,-209.486232));
#10878=IFCCARTESIANPOINT((0.,-174.375755,-209.40614));
#10879=IFCCARTESIANPOINT((0.,-174.205562,-209.323316));
#10880=IFCCARTESIANPOINT((0.,-174.034289,-209.237689));
#10881=IFCCARTESIANPOINT((0.,-173.861956,-209.149191));
#10882=IFCCARTESIANPOINT((0.,-173.688586,-209.05775));
#10883=IFCCARTESIANPOINT((0.,-173.514198,-208.963298));
#10884=IFCCARTESIANPOINT((0.,-173.338816,-208.865763));
#10885=IFCCARTESIANPOINT((0.,-173.16246,-208.765078));
#10886=IFCCARTESIANPOINT((0.,-172.985151,-208.661171));
#10887=IFCCARTESIANPOINT((0.,-172.806911,-208.553974));
#10888=IFCCARTESIANPOINT((0.,-172.627762,-208.443415));
#10889=IFCCARTESIANPOINT((0.,-172.447725,-208.329426));
#10890=IFCCARTESIANPOINT((0.,-172.266821,-208.211936));
#10891=IFCCARTESIANPOINT((0.,-172.085071,-208.090876));
#10892=IFCCARTESIANPOINT((0.,-171.902498,-207.966177));
#10893=IFCCARTESIANPOINT((0.,-171.719129,-207.837748));
#10894=IFCCARTESIANPOINT((0.,-171.53514,-207.705522));
#10895=IFCCARTESIANPOINT((0.,-171.350804,-207.5695));
#10896=IFCCARTESIANPOINT((0.,-171.166396,-207.429683));
#10897=IFCCARTESIANPOINT((0.,-170.982192,-207.286072));
#10898=IFCCARTESIANPOINT((0.,-170.798466,-207.138671));
#10899=IFCCARTESIANPOINT((0.,-170.615493,-206.987481));
#10900=IFCCARTESIANPOINT((0.,-170.433548,-206.832503));
#10901=IFCCARTESIANPOINT((0.,-170.252906,-206.67374));
#10902=IFCCARTESIANPOINT((0.,-170.073843,-206.511193));
#10903=IFCCARTESIANPOINT((0.,-169.896633,-206.344865));
#10904=IFCCARTESIANPOINT((0.,-169.721551,-206.174756));
#10905=IFCCARTESIANPOINT((0.,-169.548872,-206.000869));
#10906=IFCCARTESIANPOINT((0.,-169.378871,-205.823206));
#10907=IFCCARTESIANPOINT((0.,-169.211823,-205.641769));
#10908=IFCCARTESIANPOINT((0.,-169.048003,-205.456559));
#10909=IFCCARTESIANPOINT((0.,-168.887686,-205.267579));
#10910=IFCCARTESIANPOINT((0.,-168.731147,-205.074829));
#10911=IFCCARTESIANPOINT((0.,-168.578661,-204.878313));
#10912=IFCPOLYLINE((#10913,#10914,#10915,#10916,#10917,#10918,#10919,#10920,#10921));
#10913=IFCCARTESIANPOINT((0.,-168.578658,-204.878309));
#10914=IFCCARTESIANPOINT((0.,-168.578694,-203.006718));
#10915=IFCCARTESIANPOINT((0.,-168.5787,-201.133834));
#10916=IFCCARTESIANPOINT((0.,-168.578675,-199.259725));
#10917=IFCCARTESIANPOINT((0.,-168.57862,-197.384462));
#10918=IFCCARTESIANPOINT((0.,-168.578534,-195.508113));
#10919=IFCCARTESIANPOINT((0.,-168.578418,-193.630748));
#10920=IFCCARTESIANPOINT((0.,-168.578272,-191.752437));
#10921=IFCCARTESIANPOINT((0.,-168.578095,-189.873247));
#10922=IFCPOLYLINE((#10923,#10924));
#10923=IFCCARTESIANPOINT((0.,-121.881464,-229.365226));
#10924=IFCCARTESIANPOINT((0.,-94.833432,-193.677535));
#10925=IFCPOLYLINE((#10926,#10927));
#10926=IFCCARTESIANPOINT((0.,-282.670817,-183.987512));
#10927=IFCCARTESIANPOINT((0.,-275.325764,-201.637044));
#10928=IFCPOLYLINE((#10929,#10930,#10931,#10932,#10933,#10934,#10935,#10936,#10937,#10938,#10939,#10940,#10941,#10942,#10943,#10944,#10945,#10946,#10947,#10948,#10949,#10950,#10951,#10952,#10953,#10954,#10955,#10956,#10957,#10958,#10959,#10960,#10961,#10962,#10963,#10964,#10965,#10966,#10967,#10968,#10969,#10970,#10971,#10972,#10973,#10974,#10975,#10976,#10977,#10978,#10979,#10980,#10981,#10982,#10983,#10984,#10985,#10986,#10987,#10988,#10989,#10990,#10991,#10992,#10993,#10994,#10995,#10996,#10997,#10998,#10999,#11000,#11001,#11002));
#10929=IFCCARTESIANPOINT((0.,5.612014,-3.527274));
#10930=IFCCARTESIANPOINT((0.,5.562039,-4.670168));
#10931=IFCCARTESIANPOINT((0.,5.412485,-5.8046));
#10932=IFCCARTESIANPOINT((0.,5.164459,-6.922172));
#10933=IFCCARTESIANPOINT((0.,4.819798,-8.014609));
#10934=IFCCARTESIANPOINT((0.,4.381052,-9.073823));
#10935=IFCCARTESIANPOINT((0.,3.851471,-10.091973));
#10936=IFCCARTESIANPOINT((0.,3.234975,-11.06152));
#10937=IFCCARTESIANPOINT((0.,2.536128,-11.975286));
#10938=IFCCARTESIANPOINT((0.,1.760105,-12.826506));
#10939=IFCCARTESIANPOINT((0.,0.91265,-13.608877));
#10940=IFCCARTESIANPOINT((0.,3.9E-05,-14.316608));
#10941=IFCCARTESIANPOINT((0.,-0.970972,-14.944459));
#10942=IFCCARTESIANPOINT((0.,-1.993194,-15.48778));
#10943=IFCCARTESIANPOINT((0.,-3.05906,-15.942551));
#10944=IFCCARTESIANPOINT((0.,-4.160677,-16.305403));
#10945=IFCCARTESIANPOINT((0.,-5.28989,-16.57365));
#10946=IFCCARTESIANPOINT((0.,-6.438338,-16.745306));
#10947=IFCCARTESIANPOINT((0.,-7.597519,-16.819101));
#10948=IFCCARTESIANPOINT((0.,-8.75885,-16.794487));
#10949=IFCCARTESIANPOINT((0.,-9.913734,-16.671648));
#10950=IFCCARTESIANPOINT((0.,-11.05362,-16.451493));
#10951=IFCCARTESIANPOINT((0.,-12.170068,-16.135651));
#10952=IFCCARTESIANPOINT((0.,-13.254814,-15.726461));
#10953=IFCCARTESIANPOINT((0.,-14.299825,-15.226952));
#10954=IFCCARTESIANPOINT((0.,-15.297366,-14.640823));
#10955=IFCCARTESIANPOINT((0.,-16.24005,-13.972414));
#10956=IFCCARTESIANPOINT((0.,-17.120898,-13.226672));
#10957=IFCCARTESIANPOINT((0.,-17.933389,-12.409119));
#10958=IFCCARTESIANPOINT((0.,-18.671508,-11.525808));
#10959=IFCCARTESIANPOINT((0.,-19.329788,-10.583279));
#10960=IFCCARTESIANPOINT((0.,-19.903358,-9.58851));
#10961=IFCCARTESIANPOINT((0.,-20.38797,-8.548865));
#10962=IFCCARTESIANPOINT((0.,-20.780037,-7.472042));
#10963=IFCCARTESIANPOINT((0.,-21.076656,-6.366014));
#10964=IFCCARTESIANPOINT((0.,-21.27563,-5.238969));
#10965=IFCCARTESIANPOINT((0.,-21.375487,-4.09925));
#10966=IFCCARTESIANPOINT((0.,-21.375487,-2.955297));
#10967=IFCCARTESIANPOINT((0.,-21.27563,-1.815579));
#10968=IFCCARTESIANPOINT((0.,-21.076656,-0.688534));
#10969=IFCCARTESIANPOINT((0.,-20.780037,0.417495));
#10970=IFCCARTESIANPOINT((0.,-20.38797,1.494318));
#10971=IFCCARTESIANPOINT((0.,-19.903358,2.533962));
#10972=IFCCARTESIANPOINT((0.,-19.329788,3.528732));
#10973=IFCCARTESIANPOINT((0.,-18.671508,4.471261));
#10974=IFCCARTESIANPOINT((0.,-17.933389,5.354572));
#10975=IFCCARTESIANPOINT((0.,-17.120898,6.172124));
#10976=IFCCARTESIANPOINT((0.,-16.24005,6.917866));
#10977=IFCCARTESIANPOINT((0.,-15.297366,7.586276));
#10978=IFCCARTESIANPOINT((0.,-14.299825,8.172405));
#10979=IFCCARTESIANPOINT((0.,-13.254814,8.671913));
#10980=IFCCARTESIANPOINT((0.,-12.170068,9.081103));
#10981=IFCCARTESIANPOINT((0.,-11.05362,9.396945));
#10982=IFCCARTESIANPOINT((0.,-9.913734,9.6171));
#10983=IFCCARTESIANPOINT((0.,-8.75885,9.73994));
#10984=IFCCARTESIANPOINT((0.,-7.597519,9.764553));
#10985=IFCCARTESIANPOINT((0.,-6.438338,9.690758));
#10986=IFCCARTESIANPOINT((0.,-5.28989,9.519102));
#10987=IFCCARTESIANPOINT((0.,-4.160677,9.250855));
#10988=IFCCARTESIANPOINT((0.,-3.05906,8.888003));
#10989=IFCCARTESIANPOINT((0.,-1.993194,8.433233));
#10990=IFCCARTESIANPOINT((0.,-0.970972,7.889911));
#10991=IFCCARTESIANPOINT((0.,3.9E-05,7.262061));
#10992=IFCCARTESIANPOINT((0.,0.91265,6.55433));
#10993=IFCCARTESIANPOINT((0.,1.760105,5.771958));
#10994=IFCCARTESIANPOINT((0.,2.536128,4.920738));
#10995=IFCCARTESIANPOINT((0.,3.234975,4.006972));
#10996=IFCCARTESIANPOINT((0.,3.851471,3.037425));
#10997=IFCCARTESIANPOINT((0.,4.381052,2.019275));
#10998=IFCCARTESIANPOINT((0.,4.819798,0.960061));
#10999=IFCCARTESIANPOINT((0.,5.164459,-0.132376));
#11000=IFCCARTESIANPOINT((0.,5.412485,-1.249948));
#11001=IFCCARTESIANPOINT((0.,5.562039,-2.38438));
#11002=IFCCARTESIANPOINT((0.,5.612014,-3.527274));
#11003=IFCPOLYLINE((#11004,#11005,#11006,#11007,#11008,#11009,#11010,#11011,#11012));
#11004=IFCCARTESIANPOINT((0.,-452.990947,-175.201156));
#11005=IFCCARTESIANPOINT((0.,-462.480976,-143.680846));
#11006=IFCCARTESIANPOINT((0.,-471.711028,-112.08343));
#11007=IFCCARTESIANPOINT((0.,-480.680477,-80.411051));
#11008=IFCCARTESIANPOINT((0.,-489.388713,-48.665859));
#11009=IFCCARTESIANPOINT((0.,-497.835147,-16.850009));
#11010=IFCCARTESIANPOINT((0.,-506.019204,15.034342));
#11011=IFCCARTESIANPOINT((0.,-513.94033,46.985028));
#11012=IFCCARTESIANPOINT((0.,-521.597986,78.999882));
#11013=IFCPOLYLINE((#11014,#11015,#11016,#11017,#11018,#11019,#11020,#11021,#11022,#11023,#11024,#11025,#11026,#11027,#11028,#11029,#11030,#11031,#11032,#11033,#11034,#11035,#11036,#11037,#11038,#11039,#11040,#11041,#11042,#11043,#11044,#11045,#11046,#11047,#11048,#11049,#11050,#11051,#11052,#11053,#11054,#11055,#11056,#11057,#11058,#11059,#11060,#11061,#11062,#11063,#11064,#11065,#11066,#11067,#11068,#11069,#11070,#11071,#11072,#11073,#11074,#11075,#11076,#11077,#11078,#11079,#11080,#11081,#11082,#11083,#11084,#11085,#11086,#11087,#11088,#11089,#11090,#11091,#11092,#11093,#11094));
#11014=IFCCARTESIANPOINT((0.,-452.990947,-175.201156));
#11015=IFCCARTESIANPOINT((0.,-452.959553,-175.202775));
#11016=IFCCARTESIANPOINT((0.,-452.866363,-175.207583));
#11017=IFCCARTESIANPOINT((0.,-452.712867,-175.215501));
#11018=IFCCARTESIANPOINT((0.,-452.500554,-175.226454));
#11019=IFCCARTESIANPOINT((0.,-452.230913,-175.240364));
#11020=IFCCARTESIANPOINT((0.,-451.905433,-175.257154));
#11021=IFCCARTESIANPOINT((0.,-451.525604,-175.276749));
#11022=IFCCARTESIANPOINT((0.,-451.092914,-175.29907));
#11023=IFCCARTESIANPOINT((0.,-450.608853,-175.324042));
#11024=IFCCARTESIANPOINT((0.,-450.07491,-175.351586));
#11025=IFCCARTESIANPOINT((0.,-449.492575,-175.381627));
#11026=IFCCARTESIANPOINT((0.,-448.863335,-175.414088));
#11027=IFCCARTESIANPOINT((0.,-448.188682,-175.448892));
#11028=IFCCARTESIANPOINT((0.,-447.470103,-175.485961));
#11029=IFCCARTESIANPOINT((0.,-446.709088,-175.52522));
#11030=IFCCARTESIANPOINT((0.,-445.907127,-175.566591));
#11031=IFCCARTESIANPOINT((0.,-445.065708,-175.609997));
#11032=IFCCARTESIANPOINT((0.,-444.186321,-175.655363));
#11033=IFCCARTESIANPOINT((0.,-443.270398,-175.702613));
#11034=IFCCARTESIANPOINT((0.,-442.314665,-175.751916));
#11035=IFCCARTESIANPOINT((0.,-441.316785,-175.803394));
#11036=IFCCARTESIANPOINT((0.,-440.277144,-175.857027));
#11037=IFCCARTESIANPOINT((0.,-439.196129,-175.912793));
#11038=IFCCARTESIANPOINT((0.,-438.074126,-175.970674));
#11039=IFCCARTESIANPOINT((0.,-436.911523,-176.03065));
#11040=IFCCARTESIANPOINT((0.,-435.708705,-176.0927));
#11041=IFCCARTESIANPOINT((0.,-434.466059,-176.156805));
#11042=IFCCARTESIANPOINT((0.,-433.183972,-176.222944));
#11043=IFCCARTESIANPOINT((0.,-431.86283,-176.291098));
#11044=IFCCARTESIANPOINT((0.,-430.503021,-176.361247));
#11045=IFCCARTESIANPOINT((0.,-429.10493,-176.433371));
#11046=IFCCARTESIANPOINT((0.,-427.668943,-176.50745));
#11047=IFCCARTESIANPOINT((0.,-426.195449,-176.583463));
#11048=IFCCARTESIANPOINT((0.,-424.684833,-176.661392));
#11049=IFCCARTESIANPOINT((0.,-423.137481,-176.741215));
#11050=IFCCARTESIANPOINT((0.,-421.553781,-176.822914));
#11051=IFCCARTESIANPOINT((0.,-419.934119,-176.906468));
#11052=IFCCARTESIANPOINT((0.,-418.278881,-176.991858));
#11053=IFCCARTESIANPOINT((0.,-416.588455,-177.079062));
#11054=IFCCARTESIANPOINT((0.,-414.86526,-177.167957));
#11055=IFCCARTESIANPOINT((0.,-413.111937,-177.258406));
#11056=IFCCARTESIANPOINT((0.,-411.329099,-177.350378));
#11057=IFCCARTESIANPOINT((0.,-409.517359,-177.443841));
#11058=IFCCARTESIANPOINT((0.,-407.677331,-177.538763));
#11059=IFCCARTESIANPOINT((0.,-405.80963,-177.635113));
#11060=IFCCARTESIANPOINT((0.,-403.914868,-177.732858));
#11061=IFCCARTESIANPOINT((0.,-401.993659,-177.831968));
#11062=IFCCARTESIANPOINT((0.,-400.046618,-177.932411));
#11063=IFCCARTESIANPOINT((0.,-398.074358,-178.034154));
#11064=IFCCARTESIANPOINT((0.,-396.077492,-178.137167));
#11065=IFCCARTESIANPOINT((0.,-394.056634,-178.241418));
#11066=IFCCARTESIANPOINT((0.,-392.012398,-178.346874));
#11067=IFCCARTESIANPOINT((0.,-389.945399,-178.453505));
#11068=IFCCARTESIANPOINT((0.,-387.856248,-178.561279));
#11069=IFCCARTESIANPOINT((0.,-385.745561,-178.670164));
#11070=IFCCARTESIANPOINT((0.,-383.613951,-178.780128));
#11071=IFCCARTESIANPOINT((0.,-381.462031,-178.891139));
#11072=IFCCARTESIANPOINT((0.,-379.290416,-179.003167));
#11073=IFCCARTESIANPOINT((0.,-377.099719,-179.116179));
#11074=IFCCARTESIANPOINT((0.,-374.891113,-179.230115));
#11075=IFCCARTESIANPOINT((0.,-372.668779,-179.34476));
#11076=IFCCARTESIANPOINT((0.,-370.433758,-179.460058));
#11077=IFCCARTESIANPOINT((0.,-368.186419,-179.575992));
#11078=IFCCARTESIANPOINT((0.,-365.927133,-179.692543));
#11079=IFCCARTESIANPOINT((0.,-363.656271,-179.809691));
#11080=IFCCARTESIANPOINT((0.,-361.374202,-179.927416));
#11081=IFCCARTESIANPOINT((0.,-359.081297,-180.045701));
#11082=IFCCARTESIANPOINT((0.,-356.777926,-180.164526));
#11083=IFCCARTESIANPOINT((0.,-354.464459,-180.283871));
#11084=IFCCARTESIANPOINT((0.,-352.141268,-180.403719));
#11085=IFCCARTESIANPOINT((0.,-349.808721,-180.524048));
#11086=IFCCARTESIANPOINT((0.,-347.46719,-180.644842));
#11087=IFCCARTESIANPOINT((0.,-345.117044,-180.766079));
#11088=IFCCARTESIANPOINT((0.,-342.758654,-180.887742));
#11089=IFCCARTESIANPOINT((0.,-340.392391,-181.009811));
#11090=IFCCARTESIANPOINT((0.,-338.018623,-181.132268));
#11091=IFCCARTESIANPOINT((0.,-335.637723,-181.255092));
#11092=IFCCARTESIANPOINT((0.,-333.25006,-181.378265));
#11093=IFCCARTESIANPOINT((0.,-330.856004,-181.501768));
#11094=IFCCARTESIANPOINT((0.,-328.455926,-181.625581));
#11095=IFCPOLYLINE((#11096,#11097,#11098,#11099,#11100,#11101,#11102,#11103,#11104,#11105,#11106,#11107,#11108,#11109,#11110,#11111,#11112,#11113,#11114,#11115,#11116,#11117,#11118,#11119,#11120,#11121,#11122,#11123,#11124,#11125,#11126,#11127,#11128));
#11096=IFCCARTESIANPOINT((0.,-21.381732,-2.991086));
#11097=IFCCARTESIANPOINT((0.,-21.382117,-3.003736));
#11098=IFCCARTESIANPOINT((0.,-21.38249,-3.016385));
#11099=IFCCARTESIANPOINT((0.,-21.38285,-3.029034));
#11100=IFCCARTESIANPOINT((0.,-21.383199,-3.041683));
#11101=IFCCARTESIANPOINT((0.,-21.383535,-3.054332));
#11102=IFCCARTESIANPOINT((0.,-21.383858,-3.066981));
#11103=IFCCARTESIANPOINT((0.,-21.38417,-3.07963));
#11104=IFCCARTESIANPOINT((0.,-21.384469,-3.092279));
#11105=IFCCARTESIANPOINT((0.,-21.384756,-3.104927));
#11106=IFCCARTESIANPOINT((0.,-21.385031,-3.117576));
#11107=IFCCARTESIANPOINT((0.,-21.385294,-3.130225));
#11108=IFCCARTESIANPOINT((0.,-21.385544,-3.142873));
#11109=IFCCARTESIANPOINT((0.,-21.385782,-3.155521));
#11110=IFCCARTESIANPOINT((0.,-21.386008,-3.168169));
#11111=IFCCARTESIANPOINT((0.,-21.386222,-3.180817));
#11112=IFCCARTESIANPOINT((0.,-21.386423,-3.193465));
#11113=IFCCARTESIANPOINT((0.,-21.386612,-3.206113));
#11114=IFCCARTESIANPOINT((0.,-21.38679,-3.218761));
#11115=IFCCARTESIANPOINT((0.,-21.386954,-3.231408));
#11116=IFCCARTESIANPOINT((0.,-21.387107,-3.244055));
#11117=IFCCARTESIANPOINT((0.,-21.387247,-3.256702));
#11118=IFCCARTESIANPOINT((0.,-21.387376,-3.269349));
#11119=IFCCARTESIANPOINT((0.,-21.387492,-3.281996));
#11120=IFCCARTESIANPOINT((0.,-21.387595,-3.294642));
#11121=IFCCARTESIANPOINT((0.,-21.387687,-3.307288));
#11122=IFCCARTESIANPOINT((0.,-21.387766,-3.319934));
#11123=IFCCARTESIANPOINT((0.,-21.387833,-3.33258));
#11124=IFCCARTESIANPOINT((0.,-21.387888,-3.345225));
#11125=IFCCARTESIANPOINT((0.,-21.387931,-3.357871));
#11126=IFCCARTESIANPOINT((0.,-21.387962,-3.370516));
#11127=IFCCARTESIANPOINT((0.,-21.38798,-3.38316));
#11128=IFCCARTESIANPOINT((0.,-21.387986,-3.395805));
#11129=IFCPOLYLINE((#11130,#11131,#11132,#11133,#11134,#11135,#11136,#11137,#11138,#11139,#11140,#11141,#11142,#11143,#11144,#11145,#11146,#11147,#11148,#11149,#11150,#11151,#11152,#11153,#11154,#11155,#11156,#11157,#11158,#11159,#11160,#11161,#11162,#11163,#11164,#11165,#11166,#11167,#11168,#11169,#11170,#11171,#11172,#11173,#11174,#11175,#11176,#11177,#11178,#11179,#11180,#11181,#11182,#11183,#11184,#11185,#11186,#11187,#11188,#11189,#11190,#11191,#11192,#11193,#11194,#11195,#11196,#11197,#11198,#11199,#11200,#11201,#11202,#11203,#11204,#11205,#11206,#11207,#11208,#11209,#11210,#11211,#11212,#11213,#11214,#11215,#11216,#11217,#11218,#11219,#11220,#11221,#11222,#11223,#11224,#11225,#11226,#11227,#11228,#11229,#11230,#11231,#11232,#11233,#11234,#11235,#11236,#11237,#11238,#11239,#11240,#11241,#11242,#11243,#11244,#11245,#11246,#11247,#11248,#11249,#11250,#11251,#11252,#11253,#11254,#11255,#11256,#11257,#11258,#11259,#11260,#11261,#11262,#11263,#11264,#11265,#11266,#11267,#11268,#11269,#11270,#11271,#11272,#11273,#11274,#11275,#11276,#11277,#11278,#11279,#11280,#11281,#11282,#11283,#11284,#11285,#11286,#11287,#11288,#11289,#11290));
#11130=IFCCARTESIANPOINT((0.,-21.381732,-2.991086));
#11131=IFCCARTESIANPOINT((0.,-21.371167,-2.732227));
#11132=IFCCARTESIANPOINT((0.,-21.355494,-2.473772));
#11133=IFCCARTESIANPOINT((0.,-21.334726,-2.215793));
#11134=IFCCARTESIANPOINT((0.,-21.308874,-1.958364));
#11135=IFCCARTESIANPOINT((0.,-21.277951,-1.701557));
#11136=IFCCARTESIANPOINT((0.,-21.241969,-1.445444));
#11137=IFCCARTESIANPOINT((0.,-21.20094,-1.190098));
#11138=IFCCARTESIANPOINT((0.,-21.154876,-0.935592));
#11139=IFCCARTESIANPOINT((0.,-21.103791,-0.681998));
#11140=IFCCARTESIANPOINT((0.,-21.047694,-0.429389));
#11141=IFCCARTESIANPOINT((0.,-20.9866,-0.177837));
#11142=IFCCARTESIANPOINT((0.,-20.92052,0.072585));
#11143=IFCCARTESIANPOINT((0.,-20.849466,0.321804));
#11144=IFCCARTESIANPOINT((0.,-20.773455,0.569735));
#11145=IFCCARTESIANPOINT((0.,-20.692576,0.816079));
#11146=IFCCARTESIANPOINT((0.,-20.606885,1.060687));
#11147=IFCCARTESIANPOINT((0.,-20.516413,1.303492));
#11148=IFCCARTESIANPOINT((0.,-20.421191,1.544429));
#11149=IFCCARTESIANPOINT((0.,-20.321251,1.78343));
#11150=IFCCARTESIANPOINT((0.,-20.216623,2.020427));
#11151=IFCCARTESIANPOINT((0.,-20.107338,2.255356));
#11152=IFCCARTESIANPOINT((0.,-19.993429,2.488148));
#11153=IFCCARTESIANPOINT((0.,-19.874925,2.718736));
#11154=IFCCARTESIANPOINT((0.,-19.751859,2.947055));
#11155=IFCCARTESIANPOINT((0.,-19.624261,3.173037));
#11156=IFCCARTESIANPOINT((0.,-19.492162,3.396615));
#11157=IFCCARTESIANPOINT((0.,-19.355594,3.617722));
#11158=IFCCARTESIANPOINT((0.,-19.21463,3.83623));
#11159=IFCCARTESIANPOINT((0.,-19.069481,4.051814));
#11160=IFCCARTESIANPOINT((0.,-18.920218,4.264392));
#11161=IFCCARTESIANPOINT((0.,-18.766892,4.473913));
#11162=IFCCARTESIANPOINT((0.,-18.609554,4.680323));
#11163=IFCCARTESIANPOINT((0.,-18.448256,4.883569));
#11164=IFCCARTESIANPOINT((0.,-18.28305,5.083598));
#11165=IFCCARTESIANPOINT((0.,-18.113986,5.280357));
#11166=IFCCARTESIANPOINT((0.,-17.941116,5.473794));
#11167=IFCCARTESIANPOINT((0.,-17.764492,5.663856));
#11168=IFCCARTESIANPOINT((0.,-17.584165,5.850489));
#11169=IFCCARTESIANPOINT((0.,-17.400186,6.033641));
#11170=IFCCARTESIANPOINT((0.,-17.212608,6.213259));
#11171=IFCCARTESIANPOINT((0.,-17.02148,6.38929));
#11172=IFCCARTESIANPOINT((0.,-16.826856,6.561681));
#11173=IFCCARTESIANPOINT((0.,-16.628785,6.730379));
#11174=IFCCARTESIANPOINT((0.,-16.42732,6.895331));
#11175=IFCCARTESIANPOINT((0.,-16.222513,7.056485));
#11176=IFCCARTESIANPOINT((0.,-16.014413,7.213788));
#11177=IFCCARTESIANPOINT((0.,-15.803074,7.367186));
#11178=IFCCARTESIANPOINT((0.,-15.588546,7.516627));
#11179=IFCCARTESIANPOINT((0.,-15.371103,7.661913));
#11180=IFCCARTESIANPOINT((0.,-15.150982,7.80289));
#11181=IFCCARTESIANPOINT((0.,-14.928253,7.939529));
#11182=IFCCARTESIANPOINT((0.,-14.702982,8.071798));
#11183=IFCCARTESIANPOINT((0.,-14.475237,8.199666));
#11184=IFCCARTESIANPOINT((0.,-14.245085,8.323103));
#11185=IFCCARTESIANPOINT((0.,-14.012594,8.442076));
#11186=IFCCARTESIANPOINT((0.,-13.777832,8.556556));
#11187=IFCCARTESIANPOINT((0.,-13.540865,8.666511));
#11188=IFCCARTESIANPOINT((0.,-13.301763,8.77191));
#11189=IFCCARTESIANPOINT((0.,-13.060591,8.872723));
#11190=IFCCARTESIANPOINT((0.,-12.817418,8.968918));
#11191=IFCCARTESIANPOINT((0.,-12.572311,9.060464));
#11192=IFCCARTESIANPOINT((0.,-12.325338,9.147331));
#11193=IFCCARTESIANPOINT((0.,-12.076566,9.229487));
#11194=IFCCARTESIANPOINT((0.,-11.826063,9.306902));
#11195=IFCCARTESIANPOINT((0.,-11.573896,9.379545));
#11196=IFCCARTESIANPOINT((0.,-11.320171,9.447374));
#11197=IFCCARTESIANPOINT((0.,-11.065255,9.51029));
#11198=IFCCARTESIANPOINT((0.,-10.809284,9.568268));
#11199=IFCCARTESIANPOINT((0.,-10.552332,9.621299));
#11200=IFCCARTESIANPOINT((0.,-10.294472,9.669374));
#11201=IFCCARTESIANPOINT((0.,-10.03578,9.712485));
#11202=IFCCARTESIANPOINT((0.,-9.776329,9.750624));
#11203=IFCCARTESIANPOINT((0.,-9.516193,9.783782));
#11204=IFCCARTESIANPOINT((0.,-9.255447,9.811951));
#11205=IFCCARTESIANPOINT((0.,-8.994164,9.835121));
#11206=IFCCARTESIANPOINT((0.,-8.732419,9.853285));
#11207=IFCCARTESIANPOINT((0.,-8.470286,9.866435));
#11208=IFCCARTESIANPOINT((0.,-8.207838,9.87456));
#11209=IFCCARTESIANPOINT((0.,-7.945151,9.877654));
#11210=IFCCARTESIANPOINT((0.,-7.682297,9.875708));
#11211=IFCCARTESIANPOINT((0.,-7.419361,9.868712));
#11212=IFCCARTESIANPOINT((0.,-7.156672,9.856675));
#11213=IFCCARTESIANPOINT((0.,-6.894419,9.83961));
#11214=IFCCARTESIANPOINT((0.,-6.632676,9.81753));
#11215=IFCCARTESIANPOINT((0.,-6.371516,9.790451));
#11216=IFCCARTESIANPOINT((0.,-6.111014,9.758383));
#11217=IFCCARTESIANPOINT((0.,-5.851241,9.721341));
#11218=IFCCARTESIANPOINT((0.,-5.592273,9.679339));
#11219=IFCCARTESIANPOINT((0.,-5.334181,9.632388));
#11220=IFCCARTESIANPOINT((0.,-5.07704,9.580503));
#11221=IFCCARTESIANPOINT((0.,-4.820923,9.523696));
#11222=IFCCARTESIANPOINT((0.,-4.565904,9.461981));
#11223=IFCCARTESIANPOINT((0.,-4.312055,9.395371));
#11224=IFCCARTESIANPOINT((0.,-4.059451,9.323879));
#11225=IFCCARTESIANPOINT((0.,-3.808164,9.247519));
#11226=IFCCARTESIANPOINT((0.,-3.558269,9.166304));
#11227=IFCCARTESIANPOINT((0.,-3.310014,9.08031));
#11228=IFCCARTESIANPOINT((0.,-3.06368,8.989639));
#11229=IFCCARTESIANPOINT((0.,-2.819332,8.894327));
#11230=IFCCARTESIANPOINT((0.,-2.577036,8.79441));
#11231=IFCCARTESIANPOINT((0.,-2.336858,8.689922));
#11232=IFCCARTESIANPOINT((0.,-2.098862,8.5809));
#11233=IFCCARTESIANPOINT((0.,-1.863114,8.467379));
#11234=IFCCARTESIANPOINT((0.,-1.62968,8.349393));
#11235=IFCCARTESIANPOINT((0.,-1.398625,8.226978));
#11236=IFCCARTESIANPOINT((0.,-1.170014,8.10017));
#11237=IFCCARTESIANPOINT((0.,-0.943913,7.969004));
#11238=IFCCARTESIANPOINT((0.,-0.720387,7.833514));
#11239=IFCCARTESIANPOINT((0.,-0.499502,7.693738));
#11240=IFCCARTESIANPOINT((0.,-0.281322,7.549709));
#11241=IFCCARTESIANPOINT((0.,-0.065914,7.401464));
#11242=IFCCARTESIANPOINT((0.,0.146657,7.249037));
#11243=IFCCARTESIANPOINT((0.,0.356327,7.092464));
#11244=IFCCARTESIANPOINT((0.,0.56302,6.931787));
#11245=IFCCARTESIANPOINT((0.,0.766426,6.767244));
#11246=IFCCARTESIANPOINT((0.,0.966381,6.598981));
#11247=IFCCARTESIANPOINT((0.,1.162836,6.427054));
#11248=IFCCARTESIANPOINT((0.,1.355743,6.25152));
#11249=IFCCARTESIANPOINT((0.,1.545055,6.072434));
#11250=IFCCARTESIANPOINT((0.,1.730724,5.889853));
#11251=IFCCARTESIANPOINT((0.,1.912701,5.703834));
#11252=IFCCARTESIANPOINT((0.,2.090939,5.514431));
#11253=IFCCARTESIANPOINT((0.,2.26539,5.321702));
#11254=IFCCARTESIANPOINT((0.,2.436006,5.125703));
#11255=IFCCARTESIANPOINT((0.,2.60274,4.92649));
#11256=IFCCARTESIANPOINT((0.,2.765542,4.72412));
#11257=IFCCARTESIANPOINT((0.,2.924367,4.518647));
#11258=IFCCARTESIANPOINT((0.,3.079165,4.31013));
#11259=IFCCARTESIANPOINT((0.,3.229888,4.098623));
#11260=IFCCARTESIANPOINT((0.,3.37649,3.884184));
#11261=IFCCARTESIANPOINT((0.,3.518921,3.666868));
#11262=IFCCARTESIANPOINT((0.,3.657135,3.446731));
#11263=IFCCARTESIANPOINT((0.,3.791083,3.223831));
#11264=IFCCARTESIANPOINT((0.,3.920717,2.998222));
#11265=IFCCARTESIANPOINT((0.,4.045945,2.770046));
#11266=IFCCARTESIANPOINT((0.,4.166584,2.539632));
#11267=IFCCARTESIANPOINT((0.,4.282596,2.30707));
#11268=IFCCARTESIANPOINT((0.,4.393955,2.072429));
#11269=IFCCARTESIANPOINT((0.,4.500632,1.835778));
#11270=IFCCARTESIANPOINT((0.,4.602603,1.597185));
#11271=IFCCARTESIANPOINT((0.,4.699839,1.356719));
#11272=IFCCARTESIANPOINT((0.,4.792315,1.114448));
#11273=IFCCARTESIANPOINT((0.,4.880002,0.870443));
#11274=IFCCARTESIANPOINT((0.,4.962875,0.624771));
#11275=IFCCARTESIANPOINT((0.,5.040907,0.377501));
#11276=IFCCARTESIANPOINT((0.,5.11407,0.128703));
#11277=IFCCARTESIANPOINT((0.,5.182338,-0.121556));
#11278=IFCCARTESIANPOINT((0.,5.245684,-0.373206));
#11279=IFCCARTESIANPOINT((0.,5.304041,-0.625998));
#11280=IFCCARTESIANPOINT((0.,5.357364,-0.879712));
#11281=IFCCARTESIANPOINT((0.,5.405644,-1.134276));
#11282=IFCCARTESIANPOINT((0.,5.448875,-1.389616));
#11283=IFCCARTESIANPOINT((0.,5.487048,-1.645658));
#11284=IFCCARTESIANPOINT((0.,5.520157,-1.90233));
#11285=IFCCARTESIANPOINT((0.,5.548192,-2.159557));
#11286=IFCCARTESIANPOINT((0.,5.571148,-2.417268));
#11287=IFCCARTESIANPOINT((0.,5.589015,-2.675389));
#11288=IFCCARTESIANPOINT((0.,5.601787,-2.933845));
#11289=IFCCARTESIANPOINT((0.,5.609456,-3.192565));
#11290=IFCCARTESIANPOINT((0.,5.612014,-3.451475));
#11291=IFCPOLYLINE((#11292,#11293,#11294,#11295,#11296,#11297,#11298,#11299,#11300,#11301,#11302,#11303,#11304,#11305,#11306,#11307,#11308,#11309,#11310,#11311,#11312,#11313,#11314,#11315,#11316,#11317,#11318,#11319,#11320,#11321,#11322,#11323,#11324,#11325,#11326,#11327,#11328,#11329,#11330,#11331,#11332,#11333,#11334,#11335,#11336,#11337,#11338,#11339,#11340));
#11292=IFCCARTESIANPOINT((0.,-328.455925,-181.625581));
#11293=IFCCARTESIANPOINT((0.,-320.63632,-182.028974));
#11294=IFCCARTESIANPOINT((0.,-312.816789,-182.432362));
#11295=IFCCARTESIANPOINT((0.,-304.997304,-182.835748));
#11296=IFCCARTESIANPOINT((0.,-297.177835,-183.239134));
#11297=IFCCARTESIANPOINT((0.,-289.358354,-183.64252));
#11298=IFCCARTESIANPOINT((0.,-281.538832,-184.045908));
#11299=IFCCARTESIANPOINT((0.,-273.719238,-184.449299));
#11300=IFCCARTESIANPOINT((0.,-265.899545,-184.852696));
#11301=IFCCARTESIANPOINT((0.,-258.079723,-185.2561));
#11302=IFCCARTESIANPOINT((0.,-250.259743,-185.659511));
#11303=IFCCARTESIANPOINT((0.,-242.439575,-186.062933));
#11304=IFCCARTESIANPOINT((0.,-234.619191,-186.466365));
#11305=IFCCARTESIANPOINT((0.,-226.798562,-186.869811));
#11306=IFCCARTESIANPOINT((0.,-218.977658,-187.27327));
#11307=IFCCARTESIANPOINT((0.,-211.15645,-187.676745));
#11308=IFCCARTESIANPOINT((0.,-203.334909,-188.080237));
#11309=IFCCARTESIANPOINT((0.,-195.513007,-188.483748));
#11310=IFCCARTESIANPOINT((0.,-187.690713,-188.887279));
#11311=IFCCARTESIANPOINT((0.,-179.867998,-189.290832));
#11312=IFCCARTESIANPOINT((0.,-172.044835,-189.694408));
#11313=IFCCARTESIANPOINT((0.,-164.221193,-190.098008));
#11314=IFCCARTESIANPOINT((0.,-156.397043,-190.501635));
#11315=IFCCARTESIANPOINT((0.,-148.572356,-190.905289));
#11316=IFCCARTESIANPOINT((0.,-140.747103,-191.308973));
#11317=IFCCARTESIANPOINT((0.,-132.921447,-191.712678));
#11318=IFCCARTESIANPOINT((0.,-125.095576,-192.116393));
#11319=IFCCARTESIANPOINT((0.,-117.269498,-192.520119));
#11320=IFCCARTESIANPOINT((0.,-109.443221,-192.923856));
#11321=IFCCARTESIANPOINT((0.,-101.616752,-193.327602));
#11322=IFCCARTESIANPOINT((0.,-93.7901,-193.731358));
#11323=IFCCARTESIANPOINT((0.,-85.963272,-194.135123));
#11324=IFCCARTESIANPOINT((0.,-78.136277,-194.538897));
#11325=IFCCARTESIANPOINT((0.,-70.309122,-194.942678));
#11326=IFCCARTESIANPOINT((0.,-62.481815,-195.346468));
#11327=IFCCARTESIANPOINT((0.,-54.654364,-195.750265));
#11328=IFCCARTESIANPOINT((0.,-46.826776,-196.154069));
#11329=IFCCARTESIANPOINT((0.,-38.999061,-196.55788));
#11330=IFCCARTESIANPOINT((0.,-31.171225,-196.961697));
#11331=IFCCARTESIANPOINT((0.,-23.343277,-197.36552));
#11332=IFCCARTESIANPOINT((0.,-15.515224,-197.769348));
#11333=IFCCARTESIANPOINT((0.,-7.687075,-198.173181));
#11334=IFCCARTESIANPOINT((0.,0.141163,-198.577019));
#11335=IFCCARTESIANPOINT((0.,7.969482,-198.98086));
#11336=IFCCARTESIANPOINT((0.,15.797874,-199.384706));
#11337=IFCCARTESIANPOINT((0.,23.626331,-199.788555));
#11338=IFCCARTESIANPOINT((0.,31.454845,-200.192407));
#11339=IFCCARTESIANPOINT((0.,39.283409,-200.596261));
#11340=IFCCARTESIANPOINT((0.,47.112014,-201.000118));
#11341=IFCPOLYLINE((#11342,#11343,#11344,#11345,#11346,#11347,#11348,#11349,#11350,#11351,#11352,#11353,#11354,#11355,#11356,#11357,#11358,#11359,#11360,#11361,#11362,#11363,#11364,#11365,#11366,#11367,#11368,#11369,#11370,#11371,#11372,#11373,#11374,#11375,#11376,#11377,#11378,#11379,#11380,#11381,#11382,#11383,#11384,#11385,#11386,#11387,#11388,#11389,#11390));
#11342=IFCCARTESIANPOINT((0.,47.112014,78.999882));
#11343=IFCCARTESIANPOINT((0.,47.112014,73.12713));
#11344=IFCCARTESIANPOINT((0.,47.112014,67.256637));
#11345=IFCCARTESIANPOINT((0.,47.112014,61.388331));
#11346=IFCCARTESIANPOINT((0.,47.112014,55.522139));
#11347=IFCCARTESIANPOINT((0.,47.112014,49.657991));
#11348=IFCCARTESIANPOINT((0.,47.112014,43.795814));
#11349=IFCCARTESIANPOINT((0.,47.112014,37.935537));
#11350=IFCCARTESIANPOINT((0.,47.112014,32.077087));
#11351=IFCCARTESIANPOINT((0.,47.112014,26.220392));
#11352=IFCCARTESIANPOINT((0.,47.112014,20.365382));
#11353=IFCCARTESIANPOINT((0.,47.112014,14.511984));
#11354=IFCCARTESIANPOINT((0.,47.112014,8.660126));
#11355=IFCCARTESIANPOINT((0.,47.112014,2.809737));
#11356=IFCCARTESIANPOINT((0.,47.112014,-3.039255));
#11357=IFCCARTESIANPOINT((0.,47.112014,-8.886923));
#11358=IFCCARTESIANPOINT((0.,47.112014,-14.733338));
#11359=IFCCARTESIANPOINT((0.,47.112014,-20.578572));
#11360=IFCCARTESIANPOINT((0.,47.112014,-26.422696));
#11361=IFCCARTESIANPOINT((0.,47.112014,-32.265782));
#11362=IFCCARTESIANPOINT((0.,47.112014,-38.107904));
#11363=IFCCARTESIANPOINT((0.,47.112014,-43.949131));
#11364=IFCCARTESIANPOINT((0.,47.112014,-49.789536));
#11365=IFCCARTESIANPOINT((0.,47.112014,-55.629191));
#11366=IFCCARTESIANPOINT((0.,47.112014,-61.468167));
#11367=IFCCARTESIANPOINT((0.,47.112014,-67.305515));
#11368=IFCCARTESIANPOINT((0.,47.112014,-73.140283));
#11369=IFCCARTESIANPOINT((0.,47.112014,-78.972545));
#11370=IFCCARTESIANPOINT((0.,47.112014,-84.802373));
#11371=IFCCARTESIANPOINT((0.,47.112014,-90.629841));
#11372=IFCCARTESIANPOINT((0.,47.112014,-96.455021));
#11373=IFCCARTESIANPOINT((0.,47.112014,-102.277986));
#11374=IFCCARTESIANPOINT((0.,47.112014,-108.098809));
#11375=IFCCARTESIANPOINT((0.,47.112014,-113.917562));
#11376=IFCCARTESIANPOINT((0.,47.112014,-119.73432));
#11377=IFCCARTESIANPOINT((0.,47.112014,-125.549154));
#11378=IFCCARTESIANPOINT((0.,47.112014,-131.362137));
#11379=IFCCARTESIANPOINT((0.,47.112014,-137.173343));
#11380=IFCCARTESIANPOINT((0.,47.112014,-142.982844));
#11381=IFCCARTESIANPOINT((0.,47.112014,-148.790713));
#11382=IFCCARTESIANPOINT((0.,47.112014,-154.597023));
#11383=IFCCARTESIANPOINT((0.,47.112014,-160.401846));
#11384=IFCCARTESIANPOINT((0.,47.112014,-166.205256));
#11385=IFCCARTESIANPOINT((0.,47.112014,-172.007326));
#11386=IFCCARTESIANPOINT((0.,47.112014,-177.808128));
#11387=IFCCARTESIANPOINT((0.,47.112014,-183.607736));
#11388=IFCCARTESIANPOINT((0.,47.112014,-189.406221));
#11389=IFCCARTESIANPOINT((0.,47.112014,-195.203658));
#11390=IFCCARTESIANPOINT((0.,47.112014,-201.000118));
#11391=IFCPOLYLINE((#11392,#11393,#11394,#11395,#11396,#11397,#11398,#11399,#11400,#11401,#11402,#11403,#11404,#11405,#11406,#11407,#11408,#11409,#11410,#11411,#11412,#11413,#11414,#11415,#11416,#11417,#11418,#11419,#11420,#11421,#11422,#11423,#11424,#11425,#11426,#11427,#11428,#11429,#11430,#11431,#11432,#11433,#11434,#11435,#11436,#11437,#11438,#11439,#11440,#11441,#11442,#11443,#11444,#11445,#11446,#11447,#11448,#11449,#11450,#11451,#11452,#11453,#11454,#11455,#11456,#11457,#11458,#11459,#11460,#11461,#11462,#11463,#11464,#11465,#11466,#11467,#11468,#11469,#11470,#11471,#11472,#11473,#11474,#11475,#11476,#11477,#11478,#11479,#11480,#11481,#11482,#11483,#11484,#11485,#11486,#11487,#11488,#11489,#11490,#11491,#11492,#11493,#11494,#11495,#11496,#11497,#11498,#11499,#11500,#11501,#11502,#11503,#11504,#11505,#11506,#11507,#11508,#11509,#11510,#11511,#11512,#11513,#11514,#11515,#11516,#11517,#11518,#11519,#11520,#11521,#11522,#11523,#11524,#11525,#11526,#11527,#11528,#11529,#11530,#11531,#11532,#11533,#11534,#11535,#11536,#11537,#11538,#11539,#11540,#11541,#11542,#11543,#11544,#11545,#11546,#11547,#11548,#11549,#11550,#11551,#11552));
#11392=IFCCARTESIANPOINT((0.,-336.843266,135.295817));
#11393=IFCCARTESIANPOINT((0.,-334.666988,135.538931));
#11394=IFCCARTESIANPOINT((0.,-332.472707,135.784056));
#11395=IFCCARTESIANPOINT((0.,-330.262434,136.030967));
#11396=IFCCARTESIANPOINT((0.,-328.038179,136.279441));
#11397=IFCCARTESIANPOINT((0.,-325.801952,136.529252));
#11398=IFCCARTESIANPOINT((0.,-323.555764,136.780176));
#11399=IFCCARTESIANPOINT((0.,-321.301625,137.031988));
#11400=IFCCARTESIANPOINT((0.,-319.041544,137.284464));
#11401=IFCCARTESIANPOINT((0.,-316.777533,137.537378));
#11402=IFCCARTESIANPOINT((0.,-314.511601,137.790508));
#11403=IFCCARTESIANPOINT((0.,-312.245758,138.043627));
#11404=IFCCARTESIANPOINT((0.,-309.982015,138.296512));
#11405=IFCCARTESIANPOINT((0.,-307.722382,138.548938));
#11406=IFCCARTESIANPOINT((0.,-305.468869,138.800681));
#11407=IFCCARTESIANPOINT((0.,-303.223486,139.051515));
#11408=IFCCARTESIANPOINT((0.,-300.988244,139.301216));
#11409=IFCCARTESIANPOINT((0.,-298.765152,139.54956));
#11410=IFCCARTESIANPOINT((0.,-296.556221,139.796322));
#11411=IFCCARTESIANPOINT((0.,-294.363462,140.041277));
#11412=IFCCARTESIANPOINT((0.,-292.188884,140.284202));
#11413=IFCCARTESIANPOINT((0.,-290.034497,140.524871));
#11414=IFCCARTESIANPOINT((0.,-287.902312,140.763059));
#11415=IFCCARTESIANPOINT((0.,-285.794339,140.998544));
#11416=IFCCARTESIANPOINT((0.,-283.712588,141.231098));
#11417=IFCCARTESIANPOINT((0.,-281.659069,141.460499));
#11418=IFCCARTESIANPOINT((0.,-279.635793,141.686522));
#11419=IFCCARTESIANPOINT((0.,-277.64477,141.908942));
#11420=IFCCARTESIANPOINT((0.,-275.688009,142.127534));
#11421=IFCCARTESIANPOINT((0.,-273.767522,142.342074));
#11422=IFCCARTESIANPOINT((0.,-271.885318,142.552338));
#11423=IFCCARTESIANPOINT((0.,-270.043408,142.7581));
#11424=IFCCARTESIANPOINT((0.,-268.243801,142.959137));
#11425=IFCCARTESIANPOINT((0.,-266.488509,143.155223));
#11426=IFCCARTESIANPOINT((0.,-264.77954,143.346135));
#11427=IFCCARTESIANPOINT((0.,-263.118906,143.531647));
#11428=IFCCARTESIANPOINT((0.,-261.508617,143.711535));
#11429=IFCCARTESIANPOINT((0.,-259.950682,143.885575));
#11430=IFCCARTESIANPOINT((0.,-258.447112,144.053541));
#11431=IFCCARTESIANPOINT((0.,-256.999918,144.21521));
#11432=IFCCARTESIANPOINT((0.,-255.609513,144.370535));
#11433=IFCCARTESIANPOINT((0.,-254.218113,144.525971));
#11434=IFCCARTESIANPOINT((0.,-252.796653,144.684765));
#11435=IFCCARTESIANPOINT((0.,-251.346168,144.846801));
#11436=IFCCARTESIANPOINT((0.,-249.867691,145.011964));
#11437=IFCCARTESIANPOINT((0.,-248.362257,145.180139));
#11438=IFCCARTESIANPOINT((0.,-246.830898,145.351209));
#11439=IFCCARTESIANPOINT((0.,-245.274649,145.52506));
#11440=IFCCARTESIANPOINT((0.,-243.694543,145.701576));
#11441=IFCCARTESIANPOINT((0.,-242.091614,145.880641));
#11442=IFCCARTESIANPOINT((0.,-240.466896,146.06214));
#11443=IFCCARTESIANPOINT((0.,-238.821422,146.245958));
#11444=IFCCARTESIANPOINT((0.,-237.156226,146.431979));
#11445=IFCCARTESIANPOINT((0.,-235.472342,146.620088));
#11446=IFCCARTESIANPOINT((0.,-233.770804,146.810168));
#11447=IFCCARTESIANPOINT((0.,-232.052644,147.002106));
#11448=IFCCARTESIANPOINT((0.,-230.318898,147.195784));
#11449=IFCCARTESIANPOINT((0.,-228.570598,147.391088));
#11450=IFCCARTESIANPOINT((0.,-226.808778,147.587903));
#11451=IFCCARTESIANPOINT((0.,-225.034472,147.786112));
#11452=IFCCARTESIANPOINT((0.,-223.248714,147.9856));
#11453=IFCCARTESIANPOINT((0.,-221.452538,148.186252));
#11454=IFCCARTESIANPOINT((0.,-219.646976,148.387953));
#11455=IFCCARTESIANPOINT((0.,-217.833064,148.590586));
#11456=IFCCARTESIANPOINT((0.,-216.011834,148.794037));
#11457=IFCCARTESIANPOINT((0.,-214.18432,148.998189));
#11458=IFCCARTESIANPOINT((0.,-212.351556,149.202928));
#11459=IFCCARTESIANPOINT((0.,-210.514575,149.408138));
#11460=IFCCARTESIANPOINT((0.,-208.674412,149.613704));
#11461=IFCCARTESIANPOINT((0.,-206.8321,149.819509));
#11462=IFCCARTESIANPOINT((0.,-204.988673,150.025439));
#11463=IFCCARTESIANPOINT((0.,-203.145164,150.231378));
#11464=IFCCARTESIANPOINT((0.,-201.302607,150.43721));
#11465=IFCCARTESIANPOINT((0.,-199.462036,150.642821));
#11466=IFCCARTESIANPOINT((0.,-197.624485,150.848094));
#11467=IFCCARTESIANPOINT((0.,-195.790987,151.052914));
#11468=IFCCARTESIANPOINT((0.,-193.962576,151.257166));
#11469=IFCCARTESIANPOINT((0.,-192.140286,151.460734));
#11470=IFCCARTESIANPOINT((0.,-190.32515,151.663503));
#11471=IFCCARTESIANPOINT((0.,-188.518202,151.865357));
#11472=IFCCARTESIANPOINT((0.,-186.709047,152.067458));
#11473=IFCCARTESIANPOINT((0.,-184.784574,152.282441));
#11474=IFCCARTESIANPOINT((0.,-182.731472,152.511794));
#11475=IFCCARTESIANPOINT((0.,-180.569755,152.753281));
#11476=IFCCARTESIANPOINT((0.,-178.31944,153.004665));
#11477=IFCCARTESIANPOINT((0.,-176.000537,153.263712));
#11478=IFCCARTESIANPOINT((0.,-173.633058,153.528185));
#11479=IFCCARTESIANPOINT((0.,-171.237015,153.795849));
#11480=IFCCARTESIANPOINT((0.,-168.832419,154.064469));
#11481=IFCCARTESIANPOINT((0.,-166.439281,154.331809));
#11482=IFCCARTESIANPOINT((0.,-164.077614,154.595633));
#11483=IFCCARTESIANPOINT((0.,-161.767428,154.853706));
#11484=IFCCARTESIANPOINT((0.,-159.528735,155.103793));
#11485=IFCCARTESIANPOINT((0.,-157.381546,155.343658));
#11486=IFCCARTESIANPOINT((0.,-155.345874,155.571064));
#11487=IFCCARTESIANPOINT((0.,-153.441729,155.783778));
#11488=IFCCARTESIANPOINT((0.,-151.678936,155.980701));
#11489=IFCCARTESIANPOINT((0.,-149.963601,156.172322));
#11490=IFCCARTESIANPOINT((0.,-148.266797,156.361874));
#11491=IFCCARTESIANPOINT((0.,-146.586772,156.549551));
#11492=IFCCARTESIANPOINT((0.,-144.921775,156.73555));
#11493=IFCCARTESIANPOINT((0.,-143.270054,156.920065));
#11494=IFCCARTESIANPOINT((0.,-141.629858,157.103294));
#11495=IFCCARTESIANPOINT((0.,-139.999435,157.28543));
#11496=IFCCARTESIANPOINT((0.,-138.377034,157.466671));
#11497=IFCCARTESIANPOINT((0.,-136.760902,157.647211));
#11498=IFCCARTESIANPOINT((0.,-135.14929,157.827247));
#11499=IFCCARTESIANPOINT((0.,-133.540444,158.006973));
#11500=IFCCARTESIANPOINT((0.,-131.932614,158.186586));
#11501=IFCCARTESIANPOINT((0.,-130.324048,158.366282));
#11502=IFCCARTESIANPOINT((0.,-128.712995,158.546255));
#11503=IFCCARTESIANPOINT((0.,-127.097702,158.726701));
#11504=IFCCARTESIANPOINT((0.,-125.476419,158.907817));
#11505=IFCCARTESIANPOINT((0.,-123.847395,159.089798));
#11506=IFCCARTESIANPOINT((0.,-122.208876,159.272839));
#11507=IFCCARTESIANPOINT((0.,-120.559113,159.457136));
#11508=IFCCARTESIANPOINT((0.,-118.896353,159.642884));
#11509=IFCCARTESIANPOINT((0.,-117.218845,159.830281));
#11510=IFCCARTESIANPOINT((0.,-115.524838,160.01952));
#11511=IFCCARTESIANPOINT((0.,-113.812579,160.210798));
#11512=IFCCARTESIANPOINT((0.,-112.080318,160.40431));
#11513=IFCCARTESIANPOINT((0.,-110.326303,160.600252));
#11514=IFCCARTESIANPOINT((0.,-108.548782,160.79882));
#11515=IFCCARTESIANPOINT((0.,-106.746004,161.000209));
#11516=IFCCARTESIANPOINT((0.,-104.906523,161.205698));
#11517=IFCCARTESIANPOINT((0.,-103.007358,161.417854));
#11518=IFCCARTESIANPOINT((0.,-101.054332,161.636028));
#11519=IFCCARTESIANPOINT((0.,-99.054764,161.8594));
#11520=IFCCARTESIANPOINT((0.,-97.015973,162.087155));
#11521=IFCCARTESIANPOINT((0.,-94.945279,162.318474));
#11522=IFCCARTESIANPOINT((0.,-92.850002,162.552538));
#11523=IFCCARTESIANPOINT((0.,-90.737461,162.788532));
#11524=IFCCARTESIANPOINT((0.,-88.614976,163.025636));
#11525=IFCCARTESIANPOINT((0.,-86.489867,163.263034));
#11526=IFCCARTESIANPOINT((0.,-84.369452,163.499907));
#11527=IFCCARTESIANPOINT((0.,-82.261052,163.735438));
#11528=IFCCARTESIANPOINT((0.,-80.171985,163.96881));
#11529=IFCCARTESIANPOINT((0.,-78.109573,164.199204));
#11530=IFCCARTESIANPOINT((0.,-76.081134,164.425802));
#11531=IFCCARTESIANPOINT((0.,-74.093987,164.647788));
#11532=IFCCARTESIANPOINT((0.,-72.155453,164.864343));
#11533=IFCCARTESIANPOINT((0.,-70.272851,165.07465));
#11534=IFCCARTESIANPOINT((0.,-68.4535,165.277891));
#11535=IFCCARTESIANPOINT((0.,-66.69694,165.474118));
#11536=IFCCARTESIANPOINT((0.,-64.964034,165.667702));
#11537=IFCCARTESIANPOINT((0.,-63.245189,165.859716));
#11538=IFCCARTESIANPOINT((0.,-61.53673,166.050569));
#11539=IFCCARTESIANPOINT((0.,-59.834982,166.240672));
#11540=IFCCARTESIANPOINT((0.,-58.136268,166.430437));
#11541=IFCCARTESIANPOINT((0.,-56.436915,166.620273));
#11542=IFCCARTESIANPOINT((0.,-54.733246,166.810591));
#11543=IFCCARTESIANPOINT((0.,-53.021586,167.001802));
#11544=IFCCARTESIANPOINT((0.,-51.298261,167.194316));
#11545=IFCCARTESIANPOINT((0.,-49.559594,167.388543));
#11546=IFCCARTESIANPOINT((0.,-47.801911,167.584896));
#11547=IFCCARTESIANPOINT((0.,-46.021537,167.783783));
#11548=IFCCARTESIANPOINT((0.,-44.214795,167.985615));
#11549=IFCCARTESIANPOINT((0.,-42.378012,168.190804));
#11550=IFCCARTESIANPOINT((0.,-40.50751,168.399759));
#11551=IFCCARTESIANPOINT((0.,-38.599617,168.612891));
#11552=IFCCARTESIANPOINT((0.,-36.650655,168.830611));
#11553=IFCPOLYLINE((#11554,#11555,#11556,#11557,#11558,#11559,#11560,#11561,#11562,#11563,#11564,#11565,#11566,#11567,#11568,#11569,#11570,#11571,#11572,#11573,#11574,#11575,#11576,#11577,#11578,#11579,#11580,#11581,#11582,#11583,#11584,#11585,#11586,#11587,#11588,#11589,#11590,#11591,#11592,#11593,#11594,#11595,#11596,#11597,#11598,#11599,#11600,#11601,#11602,#11603,#11604,#11605,#11606,#11607,#11608,#11609,#11610,#11611,#11612,#11613,#11614,#11615,#11616,#11617,#11618,#11619,#11620,#11621,#11622,#11623,#11624,#11625,#11626,#11627,#11628,#11629,#11630,#11631,#11632,#11633,#11634,#11635,#11636,#11637,#11638,#11639,#11640,#11641,#11642,#11643,#11644,#11645,#11646,#11647,#11648,#11649,#11650,#11651,#11652,#11653,#11654,#11655,#11656,#11657,#11658,#11659,#11660,#11661,#11662,#11663,#11664,#11665,#11666,#11667,#11668,#11669,#11670,#11671,#11672,#11673,#11674,#11675,#11676,#11677,#11678,#11679,#11680,#11681,#11682));
#11554=IFCCARTESIANPOINT((0.,-43.941603,81.799689));
#11555=IFCCARTESIANPOINT((0.,-43.698134,81.801336));
#11556=IFCCARTESIANPOINT((0.,-43.454736,81.806274));
#11557=IFCCARTESIANPOINT((0.,-43.211442,81.814504));
#11558=IFCCARTESIANPOINT((0.,-42.968286,81.826023));
#11559=IFCCARTESIANPOINT((0.,-42.7253,81.84083));
#11560=IFCCARTESIANPOINT((0.,-42.482519,81.858923));
#11561=IFCCARTESIANPOINT((0.,-42.239975,81.880301));
#11562=IFCCARTESIANPOINT((0.,-41.997713,81.904961));
#11563=IFCCARTESIANPOINT((0.,-41.755836,81.932892));
#11564=IFCCARTESIANPOINT((0.,-41.514391,81.964089));
#11565=IFCCARTESIANPOINT((0.,-41.273409,81.998544));
#11566=IFCCARTESIANPOINT((0.,-41.032925,82.036255));
#11567=IFCCARTESIANPOINT((0.,-40.79297,82.077214));
#11568=IFCCARTESIANPOINT((0.,-40.553579,82.121417));
#11569=IFCCARTESIANPOINT((0.,-40.314783,82.168859));
#11570=IFCCARTESIANPOINT((0.,-40.076616,82.219533));
#11571=IFCCARTESIANPOINT((0.,-39.839117,82.273434));
#11572=IFCCARTESIANPOINT((0.,-39.60243,82.330528));
#11573=IFCCARTESIANPOINT((0.,-39.366629,82.390794));
#11574=IFCCARTESIANPOINT((0.,-39.131744,82.454221));
#11575=IFCCARTESIANPOINT((0.,-38.897808,82.520796));
#11576=IFCCARTESIANPOINT((0.,-38.664851,82.590509));
#11577=IFCCARTESIANPOINT((0.,-38.432904,82.663347));
#11578=IFCCARTESIANPOINT((0.,-38.201999,82.739298));
#11579=IFCCARTESIANPOINT((0.,-37.972167,82.818352));
#11580=IFCCARTESIANPOINT((0.,-37.743439,82.900496));
#11581=IFCCARTESIANPOINT((0.,-37.515846,82.985718));
#11582=IFCCARTESIANPOINT((0.,-37.28942,83.074007));
#11583=IFCCARTESIANPOINT((0.,-37.064192,83.165351));
#11584=IFCCARTESIANPOINT((0.,-36.840192,83.259739));
#11585=IFCCARTESIANPOINT((0.,-36.617453,83.357158));
#11586=IFCCARTESIANPOINT((0.,-36.396006,83.457597));
#11587=IFCCARTESIANPOINT((0.,-36.17588,83.561045));
#11588=IFCCARTESIANPOINT((0.,-35.957109,83.667489));
#11589=IFCCARTESIANPOINT((0.,-35.739723,83.776919));
#11590=IFCCARTESIANPOINT((0.,-35.523753,83.889321));
#11591=IFCCARTESIANPOINT((0.,-35.30926,84.004669));
#11592=IFCCARTESIANPOINT((0.,-35.096449,84.122851));
#11593=IFCCARTESIANPOINT((0.,-34.885376,84.24383));
#11594=IFCCARTESIANPOINT((0.,-34.676067,84.367585));
#11595=IFCCARTESIANPOINT((0.,-34.468547,84.494095));
#11596=IFCCARTESIANPOINT((0.,-34.262843,84.62334));
#11597=IFCCARTESIANPOINT((0.,-34.05898,84.755298));
#11598=IFCCARTESIANPOINT((0.,-33.856983,84.889948));
#11599=IFCCARTESIANPOINT((0.,-33.65688,85.02727));
#11600=IFCCARTESIANPOINT((0.,-33.458695,85.167242));
#11601=IFCCARTESIANPOINT((0.,-33.262454,85.309843));
#11602=IFCCARTESIANPOINT((0.,-33.068183,85.455053));
#11603=IFCCARTESIANPOINT((0.,-32.875907,85.602851));
#11604=IFCCARTESIANPOINT((0.,-32.685653,85.753215));
#11605=IFCCARTESIANPOINT((0.,-32.497447,85.906125));
#11606=IFCCARTESIANPOINT((0.,-32.311313,86.06156));
#11607=IFCCARTESIANPOINT((0.,-32.127278,86.219498));
#11608=IFCCARTESIANPOINT((0.,-31.945368,86.37992));
#11609=IFCCARTESIANPOINT((0.,-31.765608,86.542803));
#11610=IFCCARTESIANPOINT((0.,-31.588024,86.708127));
#11611=IFCCARTESIANPOINT((0.,-31.412642,86.875871));
#11612=IFCCARTESIANPOINT((0.,-31.239488,87.046014));
#11613=IFCCARTESIANPOINT((0.,-31.068587,87.218536));
#11614=IFCCARTESIANPOINT((0.,-30.899965,87.393414));
#11615=IFCCARTESIANPOINT((0.,-30.733648,87.570629));
#11616=IFCCARTESIANPOINT((0.,-30.569662,87.750159));
#11617=IFCCARTESIANPOINT((0.,-30.408032,87.931983));
#11618=IFCCARTESIANPOINT((0.,-30.248784,88.11608));
#11619=IFCCARTESIANPOINT((0.,-30.09204,88.302315));
#11620=IFCCARTESIANPOINT((0.,-29.937916,88.490544));
#11621=IFCCARTESIANPOINT((0.,-29.78643,88.680737));
#11622=IFCCARTESIANPOINT((0.,-29.637598,88.872867));
#11623=IFCCARTESIANPOINT((0.,-29.491436,89.066904));
#11624=IFCCARTESIANPOINT((0.,-29.347961,89.26282));
#11625=IFCCARTESIANPOINT((0.,-29.207191,89.460586));
#11626=IFCCARTESIANPOINT((0.,-29.06914,89.660173));
#11627=IFCCARTESIANPOINT((0.,-28.933826,89.861552));
#11628=IFCCARTESIANPOINT((0.,-28.801265,90.064695));
#11629=IFCCARTESIANPOINT((0.,-28.671475,90.269574));
#11630=IFCCARTESIANPOINT((0.,-28.544471,90.476158));
#11631=IFCCARTESIANPOINT((0.,-28.42027,90.68442));
#11632=IFCCARTESIANPOINT((0.,-28.298889,90.894331));
#11633=IFCCARTESIANPOINT((0.,-28.180344,91.105862));
#11634=IFCCARTESIANPOINT((0.,-28.064652,91.318984));
#11635=IFCCARTESIANPOINT((0.,-27.95183,91.533669));
#11636=IFCCARTESIANPOINT((0.,-27.841894,91.749888));
#11637=IFCCARTESIANPOINT((0.,-27.73486,91.967612));
#11638=IFCCARTESIANPOINT((0.,-27.630745,92.186813));
#11639=IFCCARTESIANPOINT((0.,-27.529567,92.407461));
#11640=IFCCARTESIANPOINT((0.,-27.43134,92.629528));
#11641=IFCCARTESIANPOINT((0.,-27.336083,92.852985));
#11642=IFCCARTESIANPOINT((0.,-27.243811,93.077804));
#11643=IFCCARTESIANPOINT((0.,-27.154541,93.303955));
#11644=IFCCARTESIANPOINT((0.,-27.06829,93.531411));
#11645=IFCCARTESIANPOINT((0.,-26.985113,93.760032));
#11646=IFCCARTESIANPOINT((0.,-26.905067,93.989661));
#11647=IFCCARTESIANPOINT((0.,-26.828158,94.220263));
#11648=IFCCARTESIANPOINT((0.,-26.754394,94.451807));
#11649=IFCCARTESIANPOINT((0.,-26.683782,94.684261));
#11650=IFCCARTESIANPOINT((0.,-26.616329,94.917591));
#11651=IFCCARTESIANPOINT((0.,-26.552043,95.151766));
#11652=IFCCARTESIANPOINT((0.,-26.49093,95.386753));
#11653=IFCCARTESIANPOINT((0.,-26.432998,95.622519));
#11654=IFCCARTESIANPOINT((0.,-26.378254,95.859033));
#11655=IFCCARTESIANPOINT((0.,-26.326706,96.096262));
#11656=IFCCARTESIANPOINT((0.,-26.278359,96.334173));
#11657=IFCCARTESIANPOINT((0.,-26.233222,96.572734));
#11658=IFCCARTESIANPOINT((0.,-26.191302,96.811912));
#11659=IFCCARTESIANPOINT((0.,-26.152606,97.051676));
#11660=IFCCARTESIANPOINT((0.,-26.117141,97.291992));
#11661=IFCCARTESIANPOINT((0.,-26.084914,97.532828));
#11662=IFCCARTESIANPOINT((0.,-26.055933,97.774153));
#11663=IFCCARTESIANPOINT((0.,-26.030204,98.015932));
#11664=IFCCARTESIANPOINT((0.,-26.007741,98.258067));
#11665=IFCCARTESIANPOINT((0.,-25.988558,98.500388));
#11666=IFCCARTESIANPOINT((0.,-25.972655,98.742857));
#11667=IFCCARTESIANPOINT((0.,-25.960029,98.985442));
#11668=IFCCARTESIANPOINT((0.,-25.950681,99.228109));
#11669=IFCCARTESIANPOINT((0.,-25.944608,99.470824));
#11670=IFCCARTESIANPOINT((0.,-25.941809,99.713556));
#11671=IFCCARTESIANPOINT((0.,-25.942284,99.956271));
#11672=IFCCARTESIANPOINT((0.,-25.946032,100.198935));
#11673=IFCCARTESIANPOINT((0.,-25.95305,100.441515));
#11674=IFCCARTESIANPOINT((0.,-25.963338,100.683979));
#11675=IFCCARTESIANPOINT((0.,-25.976895,100.926293));
#11676=IFCCARTESIANPOINT((0.,-25.993719,101.168424));
#11677=IFCCARTESIANPOINT((0.,-26.013809,101.410339));
#11678=IFCCARTESIANPOINT((0.,-26.037164,101.652004));
#11679=IFCCARTESIANPOINT((0.,-26.063784,101.893387));
#11680=IFCCARTESIANPOINT((0.,-26.093666,102.134454));
#11681=IFCCARTESIANPOINT((0.,-26.126809,102.375173));
#11682=IFCCARTESIANPOINT((0.,-26.163213,102.615509));
#11683=IFCPOLYLINE((#11684,#11685,#11686,#11687,#11688,#11689,#11690,#11691,#11692,#11693,#11694,#11695,#11696,#11697,#11698,#11699,#11700,#11701,#11702,#11703,#11704,#11705,#11706,#11707,#11708,#11709,#11710,#11711,#11712,#11713,#11714,#11715,#11716,#11717,#11718,#11719,#11720,#11721,#11722,#11723,#11724,#11725,#11726,#11727,#11728,#11729,#11730,#11731,#11732));
#11684=IFCCARTESIANPOINT((0.,-336.843266,135.295817));
#11685=IFCCARTESIANPOINT((0.,-337.643991,135.206367));
#11686=IFCCARTESIANPOINT((0.,-338.444693,135.11692));
#11687=IFCCARTESIANPOINT((0.,-339.245364,135.027476));
#11688=IFCCARTESIANPOINT((0.,-340.045999,134.938036));
#11689=IFCCARTESIANPOINT((0.,-340.846591,134.848601));
#11690=IFCCARTESIANPOINT((0.,-341.647134,134.759172));
#11691=IFCCARTESIANPOINT((0.,-342.447622,134.669749));
#11692=IFCCARTESIANPOINT((0.,-343.248048,134.580332));
#11693=IFCCARTESIANPOINT((0.,-344.048406,134.490923));
#11694=IFCCARTESIANPOINT((0.,-344.848691,134.401523));
#11695=IFCCARTESIANPOINT((0.,-345.648894,134.312131));
#11696=IFCCARTESIANPOINT((0.,-346.449011,134.222749));
#11697=IFCCARTESIANPOINT((0.,-347.249035,134.133378));
#11698=IFCCARTESIANPOINT((0.,-348.04896,134.044018));
#11699=IFCCARTESIANPOINT((0.,-348.84878,133.954669));
#11700=IFCCARTESIANPOINT((0.,-349.648487,133.865333));
#11701=IFCCARTESIANPOINT((0.,-350.448077,133.77601));
#11702=IFCCARTESIANPOINT((0.,-351.247542,133.686701));
#11703=IFCCARTESIANPOINT((0.,-352.046877,133.597407));
#11704=IFCCARTESIANPOINT((0.,-352.846075,133.508128));
#11705=IFCCARTESIANPOINT((0.,-353.645129,133.418865));
#11706=IFCCARTESIANPOINT((0.,-354.444035,133.329619));
#11707=IFCCARTESIANPOINT((0.,-355.242784,133.24039));
#11708=IFCCARTESIANPOINT((0.,-356.041372,133.151179));
#11709=IFCCARTESIANPOINT((0.,-356.839817,133.061985));
#11710=IFCCARTESIANPOINT((0.,-357.638138,132.972803));
#11711=IFCCARTESIANPOINT((0.,-358.436332,132.883637));
#11712=IFCCARTESIANPOINT((0.,-359.234392,132.794485));
#11713=IFCCARTESIANPOINT((0.,-360.032314,132.705348));
#11714=IFCCARTESIANPOINT((0.,-360.830093,132.616228));
#11715=IFCCARTESIANPOINT((0.,-361.627725,132.527123));
#11716=IFCCARTESIANPOINT((0.,-362.425205,132.438036));
#11717=IFCCARTESIANPOINT((0.,-363.222527,132.348967));
#11718=IFCCARTESIANPOINT((0.,-364.019687,132.259915));
#11719=IFCCARTESIANPOINT((0.,-364.816679,132.170882));
#11720=IFCCARTESIANPOINT((0.,-365.6135,132.081868));
#11721=IFCCARTESIANPOINT((0.,-366.410144,131.992874));
#11722=IFCCARTESIANPOINT((0.,-367.206607,131.903901));
#11723=IFCCARTESIANPOINT((0.,-368.002882,131.814948));
#11724=IFCCARTESIANPOINT((0.,-368.798967,131.726016));
#11725=IFCCARTESIANPOINT((0.,-369.594855,131.637107));
#11726=IFCCARTESIANPOINT((0.,-370.390543,131.54822));
#11727=IFCCARTESIANPOINT((0.,-371.186024,131.459356));
#11728=IFCCARTESIANPOINT((0.,-371.981294,131.370515));
#11729=IFCCARTESIANPOINT((0.,-372.776349,131.281699));
#11730=IFCCARTESIANPOINT((0.,-373.571183,131.192907));
#11731=IFCCARTESIANPOINT((0.,-374.365792,131.10414));
#11732=IFCCARTESIANPOINT((0.,-375.160171,131.0154));
#11733=IFCPOLYLINE((#11734,#11735,#11736,#11737,#11738,#11739,#11740,#11741,#11742,#11743,#11744,#11745,#11746,#11747,#11748,#11749,#11750,#11751,#11752,#11753,#11754,#11755,#11756,#11757,#11758,#11759,#11760,#11761,#11762,#11763,#11764,#11765,#11766,#11767,#11768,#11769,#11770,#11771,#11772,#11773,#11774,#11775,#11776,#11777,#11778,#11779,#11780,#11781,#11782,#11783,#11784,#11785,#11786,#11787,#11788,#11789,#11790,#11791,#11792,#11793,#11794,#11795,#11796,#11797,#11798,#11799,#11800,#11801,#11802,#11803,#11804,#11805,#11806,#11807,#11808,#11809,#11810,#11811,#11812,#11813,#11814,#11815,#11816,#11817,#11818,#11819,#11820,#11821,#11822,#11823,#11824,#11825,#11826,#11827,#11828,#11829,#11830,#11831,#11832,#11833,#11834,#11835,#11836,#11837,#11838,#11839,#11840,#11841,#11842,#11843,#11844,#11845,#11846,#11847,#11848,#11849,#11850,#11851,#11852,#11853,#11854,#11855,#11856,#11857,#11858,#11859,#11860,#11861,#11862,#11863,#11864,#11865,#11866,#11867,#11868,#11869,#11870,#11871,#11872,#11873,#11874,#11875,#11876,#11877,#11878,#11879,#11880,#11881,#11882,#11883,#11884,#11885,#11886));
#11734=IFCCARTESIANPOINT((0.,-375.160171,131.0154));
#11735=IFCCARTESIANPOINT((0.,-375.953229,130.926806));
#11736=IFCCARTESIANPOINT((0.,-376.746227,130.83822));
#11737=IFCCARTESIANPOINT((0.,-377.539167,130.74964));
#11738=IFCCARTESIANPOINT((0.,-378.332049,130.661066));
#11739=IFCCARTESIANPOINT((0.,-379.124873,130.572499));
#11740=IFCCARTESIANPOINT((0.,-379.917641,130.483938));
#11741=IFCCARTESIANPOINT((0.,-380.710353,130.395384));
#11742=IFCCARTESIANPOINT((0.,-381.503009,130.306835));
#11743=IFCCARTESIANPOINT((0.,-382.295611,130.218293));
#11744=IFCCARTESIANPOINT((0.,-383.088158,130.129756));
#11745=IFCCARTESIANPOINT((0.,-383.880652,130.041226));
#11746=IFCCARTESIANPOINT((0.,-384.673093,129.952702));
#11747=IFCCARTESIANPOINT((0.,-385.465482,129.864183));
#11748=IFCCARTESIANPOINT((0.,-386.257819,129.77567));
#11749=IFCCARTESIANPOINT((0.,-387.050105,129.687163));
#11750=IFCCARTESIANPOINT((0.,-387.842341,129.598662));
#11751=IFCCARTESIANPOINT((0.,-388.634527,129.510166));
#11752=IFCCARTESIANPOINT((0.,-389.426664,129.421675));
#11753=IFCCARTESIANPOINT((0.,-390.218753,129.33319));
#11754=IFCCARTESIANPOINT((0.,-391.010793,129.24471));
#11755=IFCCARTESIANPOINT((0.,-391.802787,129.156236));
#11756=IFCCARTESIANPOINT((0.,-392.594734,129.067767));
#11757=IFCCARTESIANPOINT((0.,-393.386635,128.979303));
#11758=IFCCARTESIANPOINT((0.,-394.178491,128.890844));
#11759=IFCCARTESIANPOINT((0.,-394.970302,128.802389));
#11760=IFCCARTESIANPOINT((0.,-395.76207,128.71394));
#11761=IFCCARTESIANPOINT((0.,-396.553794,128.625496));
#11762=IFCCARTESIANPOINT((0.,-397.345475,128.537056));
#11763=IFCCARTESIANPOINT((0.,-398.137114,128.448622));
#11764=IFCCARTESIANPOINT((0.,-398.928712,128.360191));
#11765=IFCCARTESIANPOINT((0.,-399.720268,128.271766));
#11766=IFCCARTESIANPOINT((0.,-400.511785,128.183345));
#11767=IFCCARTESIANPOINT((0.,-401.303262,128.094928));
#11768=IFCCARTESIANPOINT((0.,-402.0947,128.006516));
#11769=IFCCARTESIANPOINT((0.,-402.8861,127.918108));
#11770=IFCCARTESIANPOINT((0.,-403.677462,127.829704));
#11771=IFCCARTESIANPOINT((0.,-404.468788,127.741304));
#11772=IFCCARTESIANPOINT((0.,-405.260077,127.652908));
#11773=IFCCARTESIANPOINT((0.,-406.05133,127.564517));
#11774=IFCCARTESIANPOINT((0.,-406.842548,127.476129));
#11775=IFCCARTESIANPOINT((0.,-407.633731,127.387745));
#11776=IFCCARTESIANPOINT((0.,-408.424881,127.299365));
#11777=IFCCARTESIANPOINT((0.,-409.215998,127.210989));
#11778=IFCCARTESIANPOINT((0.,-410.007082,127.122616));
#11779=IFCCARTESIANPOINT((0.,-410.798134,127.034247));
#11780=IFCCARTESIANPOINT((0.,-411.589165,126.94588));
#11781=IFCCARTESIANPOINT((0.,-412.380219,126.857511));
#11782=IFCCARTESIANPOINT((0.,-413.171303,126.769138));
#11783=IFCCARTESIANPOINT((0.,-413.962417,126.680762));
#11784=IFCCARTESIANPOINT((0.,-414.753565,126.592382));
#11785=IFCCARTESIANPOINT((0.,-415.544749,126.503999));
#11786=IFCCARTESIANPOINT((0.,-416.335971,126.415611));
#11787=IFCCARTESIANPOINT((0.,-417.127233,126.327218));
#11788=IFCCARTESIANPOINT((0.,-417.918537,126.238821));
#11789=IFCCARTESIANPOINT((0.,-418.709885,126.150419));
#11790=IFCCARTESIANPOINT((0.,-419.50128,126.062011));
#11791=IFCCARTESIANPOINT((0.,-420.292724,125.973598));
#11792=IFCCARTESIANPOINT((0.,-421.084219,125.88518));
#11793=IFCCARTESIANPOINT((0.,-421.875766,125.796755));
#11794=IFCCARTESIANPOINT((0.,-422.66737,125.708325));
#11795=IFCCARTESIANPOINT((0.,-423.45903,125.619888));
#11796=IFCCARTESIANPOINT((0.,-424.250751,125.531444));
#11797=IFCCARTESIANPOINT((0.,-425.042533,125.442993));
#11798=IFCCARTESIANPOINT((0.,-425.834379,125.354536));
#11799=IFCCARTESIANPOINT((0.,-426.626292,125.26607));
#11800=IFCCARTESIANPOINT((0.,-427.418273,125.177598));
#11801=IFCCARTESIANPOINT((0.,-428.210325,125.089117));
#11802=IFCCARTESIANPOINT((0.,-429.002449,125.000628));
#11803=IFCCARTESIANPOINT((0.,-429.794648,124.912131));
#11804=IFCCARTESIANPOINT((0.,-430.586925,124.823625));
#11805=IFCCARTESIANPOINT((0.,-431.379281,124.73511));
#11806=IFCCARTESIANPOINT((0.,-432.171718,124.646586));
#11807=IFCCARTESIANPOINT((0.,-432.964239,124.558053));
#11808=IFCCARTESIANPOINT((0.,-433.756846,124.46951));
#11809=IFCCARTESIANPOINT((0.,-434.549541,124.380958));
#11810=IFCCARTESIANPOINT((0.,-435.342326,124.292395));
#11811=IFCCARTESIANPOINT((0.,-436.135204,124.203822));
#11812=IFCCARTESIANPOINT((0.,-436.928163,124.11524));
#11813=IFCCARTESIANPOINT((0.,-437.721192,124.02665));
#11814=IFCCARTESIANPOINT((0.,-438.514285,123.938053));
#11815=IFCCARTESIANPOINT((0.,-439.307437,123.84945));
#11816=IFCCARTESIANPOINT((0.,-440.10064,123.76084));
#11817=IFCCARTESIANPOINT((0.,-440.89389,123.672226));
#11818=IFCCARTESIANPOINT((0.,-441.687181,123.583607));
#11819=IFCCARTESIANPOINT((0.,-442.480506,123.494984));
#11820=IFCCARTESIANPOINT((0.,-443.273861,123.406358));
#11821=IFCCARTESIANPOINT((0.,-444.067239,123.31773));
#11822=IFCCARTESIANPOINT((0.,-444.860634,123.229099));
#11823=IFCCARTESIANPOINT((0.,-445.653965,123.140476));
#11824=IFCCARTESIANPOINT((0.,-446.446987,123.051887));
#11825=IFCCARTESIANPOINT((0.,-447.239654,122.963338));
#11826=IFCCARTESIANPOINT((0.,-448.031936,122.874832));
#11827=IFCCARTESIANPOINT((0.,-448.823803,122.786373));
#11828=IFCCARTESIANPOINT((0.,-449.615226,122.697963));
#11829=IFCCARTESIANPOINT((0.,-450.406174,122.609606));
#11830=IFCCARTESIANPOINT((0.,-451.196616,122.521306));
#11831=IFCCARTESIANPOINT((0.,-451.986524,122.433065));
#11832=IFCCARTESIANPOINT((0.,-452.775866,122.344888));
#11833=IFCCARTESIANPOINT((0.,-453.564614,122.256777));
#11834=IFCCARTESIANPOINT((0.,-454.352736,122.168736));
#11835=IFCCARTESIANPOINT((0.,-455.140203,122.080768));
#11836=IFCCARTESIANPOINT((0.,-455.926985,121.992877));
#11837=IFCCARTESIANPOINT((0.,-456.713051,121.905066));
#11838=IFCCARTESIANPOINT((0.,-457.498372,121.817338));
#11839=IFCCARTESIANPOINT((0.,-458.282917,121.729697));
#11840=IFCCARTESIANPOINT((0.,-459.066657,121.642146));
#11841=IFCCARTESIANPOINT((0.,-459.849561,121.554688));
#11842=IFCCARTESIANPOINT((0.,-460.6316,121.467326));
#11843=IFCCARTESIANPOINT((0.,-461.412781,121.380061));
#11844=IFCCARTESIANPOINT((0.,-462.193283,121.292871));
#11845=IFCCARTESIANPOINT((0.,-462.973183,121.205749));
#11846=IFCCARTESIANPOINT((0.,-463.752542,121.118687));
#11847=IFCCARTESIANPOINT((0.,-464.531419,121.031678));
#11848=IFCCARTESIANPOINT((0.,-465.309874,120.944717));
#11849=IFCCARTESIANPOINT((0.,-466.087966,120.857796));
#11850=IFCCARTESIANPOINT((0.,-466.865757,120.770909));
#11851=IFCCARTESIANPOINT((0.,-467.643305,120.684049));
#11852=IFCCARTESIANPOINT((0.,-468.420671,120.597209));
#11853=IFCCARTESIANPOINT((0.,-469.197913,120.510382));
#11854=IFCCARTESIANPOINT((0.,-469.975093,120.423563));
#11855=IFCCARTESIANPOINT((0.,-470.75227,120.336744));
#11856=IFCCARTESIANPOINT((0.,-471.529504,120.249918));
#11857=IFCCARTESIANPOINT((0.,-472.306854,120.16308));
#11858=IFCCARTESIANPOINT((0.,-473.08438,120.076222));
#11859=IFCCARTESIANPOINT((0.,-473.862143,119.989337));
#11860=IFCCARTESIANPOINT((0.,-474.640202,119.902419));
#11861=IFCCARTESIANPOINT((0.,-475.418617,119.815461));
#11862=IFCCARTESIANPOINT((0.,-476.197448,119.728457));
#11863=IFCCARTESIANPOINT((0.,-476.976755,119.641399));
#11864=IFCCARTESIANPOINT((0.,-477.756597,119.554282));
#11865=IFCCARTESIANPOINT((0.,-478.537092,119.467092));
#11866=IFCCARTESIANPOINT((0.,-479.318434,119.379806));
#11867=IFCCARTESIANPOINT((0.,-480.100613,119.292428));
#11868=IFCCARTESIANPOINT((0.,-480.883604,119.204958));
#11869=IFCCARTESIANPOINT((0.,-481.667383,119.1174));
#11870=IFCCARTESIANPOINT((0.,-482.451927,119.029757));
#11871=IFCCARTESIANPOINT((0.,-483.237211,118.94203));
#11872=IFCCARTESIANPOINT((0.,-484.023211,118.854224));
#11873=IFCCARTESIANPOINT((0.,-484.809903,118.766341));
#11874=IFCCARTESIANPOINT((0.,-485.597264,118.678382));
#11875=IFCCARTESIANPOINT((0.,-486.385268,118.590352));
#11876=IFCCARTESIANPOINT((0.,-487.173892,118.502253));
#11877=IFCCARTESIANPOINT((0.,-487.963112,118.414087));
#11878=IFCCARTESIANPOINT((0.,-488.752904,118.325857));
#11879=IFCCARTESIANPOINT((0.,-489.543243,118.237566));
#11880=IFCCARTESIANPOINT((0.,-490.334106,118.149217));
#11881=IFCCARTESIANPOINT((0.,-491.125469,118.060812));
#11882=IFCCARTESIANPOINT((0.,-491.917307,117.972354));
#11883=IFCCARTESIANPOINT((0.,-492.709597,117.883846));
#11884=IFCCARTESIANPOINT((0.,-493.502314,117.79529));
#11885=IFCCARTESIANPOINT((0.,-494.295435,117.706689));
#11886=IFCCARTESIANPOINT((0.,-495.088934,117.618047));
#11887=IFCPOLYLINE((#11888,#11889,#11890,#11891,#11892,#11893,#11894,#11895,#11896,#11897,#11898,#11899,#11900,#11901,#11902,#11903,#11904,#11905,#11906,#11907,#11908,#11909,#11910,#11911,#11912,#11913,#11914,#11915,#11916,#11917,#11918,#11919,#11920,#11921,#11922,#11923,#11924,#11925,#11926,#11927,#11928,#11929,#11930,#11931,#11932,#11933,#11934,#11935,#11936,#11937,#11938,#11939,#11940,#11941,#11942,#11943,#11944,#11945,#11946,#11947,#11948,#11949,#11950,#11951,#11952,#11953,#11954,#11955,#11956,#11957,#11958,#11959,#11960,#11961,#11962,#11963,#11964,#11965,#11966,#11967,#11968,#11969,#11970,#11971,#11972,#11973,#11974,#11975,#11976,#11977,#11978,#11979,#11980,#11981,#11982,#11983,#11984,#11985,#11986,#11987,#11988,#11989,#11990,#11991,#11992,#11993,#11994,#11995,#11996,#11997,#11998,#11999,#12000,#12001,#12002,#12003,#12004,#12005,#12006,#12007,#12008,#12009,#12010,#12011,#12012,#12013,#12014,#12015,#12016));
#11888=IFCCARTESIANPOINT((0.,-530.657145,113.644689));
#11889=IFCCARTESIANPOINT((0.,-530.6548,113.644738));
#11890=IFCCARTESIANPOINT((0.,-530.647874,113.645319));
#11891=IFCCARTESIANPOINT((0.,-530.636368,113.64643));
#11892=IFCCARTESIANPOINT((0.,-530.620283,113.648071));
#11893=IFCCARTESIANPOINT((0.,-530.599618,113.650241));
#11894=IFCCARTESIANPOINT((0.,-530.574373,113.65294));
#11895=IFCCARTESIANPOINT((0.,-530.54455,113.656167));
#11896=IFCCARTESIANPOINT((0.,-530.510148,113.65992));
#11897=IFCCARTESIANPOINT((0.,-530.471168,113.664201));
#11898=IFCCARTESIANPOINT((0.,-530.427609,113.669006));
#11899=IFCCARTESIANPOINT((0.,-530.379472,113.674337));
#11900=IFCCARTESIANPOINT((0.,-530.326758,113.680193));
#11901=IFCCARTESIANPOINT((0.,-530.269466,113.686572));
#11902=IFCCARTESIANPOINT((0.,-530.207597,113.693473));
#11903=IFCCARTESIANPOINT((0.,-530.141151,113.700897));
#11904=IFCCARTESIANPOINT((0.,-530.070129,113.708843));
#11905=IFCCARTESIANPOINT((0.,-529.99453,113.71731));
#11906=IFCCARTESIANPOINT((0.,-529.914355,113.726296));
#11907=IFCCARTESIANPOINT((0.,-529.829604,113.735802));
#11908=IFCCARTESIANPOINT((0.,-529.740277,113.745827));
#11909=IFCCARTESIANPOINT((0.,-529.646375,113.75637));
#11910=IFCCARTESIANPOINT((0.,-529.547898,113.76743));
#11911=IFCCARTESIANPOINT((0.,-529.444846,113.779007));
#11912=IFCCARTESIANPOINT((0.,-529.33722,113.7911));
#11913=IFCCARTESIANPOINT((0.,-529.225019,113.803709));
#11914=IFCCARTESIANPOINT((0.,-529.108244,113.816832));
#11915=IFCCARTESIANPOINT((0.,-528.986896,113.830468));
#11916=IFCCARTESIANPOINT((0.,-528.860973,113.844618));
#11917=IFCCARTESIANPOINT((0.,-528.730478,113.859281));
#11918=IFCCARTESIANPOINT((0.,-528.595409,113.874455));
#11919=IFCCARTESIANPOINT((0.,-528.455768,113.89014));
#11920=IFCCARTESIANPOINT((0.,-528.311554,113.906336));
#11921=IFCCARTESIANPOINT((0.,-528.162768,113.923042));
#11922=IFCCARTESIANPOINT((0.,-528.00941,113.940256));
#11923=IFCCARTESIANPOINT((0.,-527.85148,113.957979));
#11924=IFCCARTESIANPOINT((0.,-527.688979,113.976209));
#11925=IFCCARTESIANPOINT((0.,-527.521907,113.994947));
#11926=IFCCARTESIANPOINT((0.,-527.350263,114.01419));
#11927=IFCCARTESIANPOINT((0.,-527.174064,114.03394));
#11928=IFCCARTESIANPOINT((0.,-526.993346,114.054195));
#11929=IFCCARTESIANPOINT((0.,-526.808111,114.074955));
#11930=IFCCARTESIANPOINT((0.,-526.618362,114.096219));
#11931=IFCCARTESIANPOINT((0.,-526.424102,114.117986));
#11932=IFCCARTESIANPOINT((0.,-526.225334,114.140256));
#11933=IFCCARTESIANPOINT((0.,-526.022059,114.163027));
#11934=IFCCARTESIANPOINT((0.,-525.814281,114.186299));
#11935=IFCCARTESIANPOINT((0.,-525.602002,114.210071));
#11936=IFCCARTESIANPOINT((0.,-525.385224,114.234342));
#11937=IFCCARTESIANPOINT((0.,-525.16395,114.259112));
#11938=IFCCARTESIANPOINT((0.,-524.938183,114.284379));
#11939=IFCCARTESIANPOINT((0.,-524.707924,114.310143));
#11940=IFCCARTESIANPOINT((0.,-524.473177,114.336403));
#11941=IFCCARTESIANPOINT((0.,-524.233944,114.363158));
#11942=IFCCARTESIANPOINT((0.,-523.990228,114.390407));
#11943=IFCCARTESIANPOINT((0.,-523.742031,114.41815));
#11944=IFCCARTESIANPOINT((0.,-523.489355,114.446386));
#11945=IFCCARTESIANPOINT((0.,-523.232203,114.475113));
#11946=IFCCARTESIANPOINT((0.,-522.970578,114.504332));
#11947=IFCCARTESIANPOINT((0.,-522.704482,114.53404));
#11948=IFCCARTESIANPOINT((0.,-522.433918,114.564239));
#11949=IFCCARTESIANPOINT((0.,-522.158888,114.594925));
#11950=IFCCARTESIANPOINT((0.,-521.879392,114.6261));
#11951=IFCCARTESIANPOINT((0.,-521.595447,114.657762));
#11952=IFCCARTESIANPOINT((0.,-521.307077,114.68991));
#11953=IFCCARTESIANPOINT((0.,-521.014306,114.722543));
#11954=IFCCARTESIANPOINT((0.,-520.717161,114.755662));
#11955=IFCCARTESIANPOINT((0.,-520.415664,114.789263));
#11956=IFCCARTESIANPOINT((0.,-520.109843,114.823348));
#11957=IFCCARTESIANPOINT((0.,-519.79972,114.857915));
#11958=IFCCARTESIANPOINT((0.,-519.485322,114.892964));
#11959=IFCCARTESIANPOINT((0.,-519.166672,114.928492));
#11960=IFCCARTESIANPOINT((0.,-518.843796,114.964501));
#11961=IFCCARTESIANPOINT((0.,-518.516719,115.000989));
#11962=IFCCARTESIANPOINT((0.,-518.185466,115.037954));
#11963=IFCCARTESIANPOINT((0.,-517.85006,115.075398));
#11964=IFCCARTESIANPOINT((0.,-517.510528,115.113317));
#11965=IFCCARTESIANPOINT((0.,-517.166882,115.151711));
#11966=IFCCARTESIANPOINT((0.,-516.819094,115.190567));
#11967=IFCCARTESIANPOINT((0.,-516.4672,115.229881));
#11968=IFCCARTESIANPOINT((0.,-516.111242,115.269648));
#11969=IFCCARTESIANPOINT((0.,-515.751264,115.309863));
#11970=IFCCARTESIANPOINT((0.,-515.387309,115.35052));
#11971=IFCCARTESIANPOINT((0.,-515.01942,115.391617));
#11972=IFCCARTESIANPOINT((0.,-514.64764,115.433147));
#11973=IFCCARTESIANPOINT((0.,-514.272012,115.475106));
#11974=IFCCARTESIANPOINT((0.,-513.892579,115.517489));
#11975=IFCCARTESIANPOINT((0.,-513.509384,115.560292));
#11976=IFCCARTESIANPOINT((0.,-513.122471,115.60351));
#11977=IFCCARTESIANPOINT((0.,-512.731882,115.647137));
#11978=IFCCARTESIANPOINT((0.,-512.337661,115.69117));
#11979=IFCCARTESIANPOINT((0.,-511.93985,115.735604));
#11980=IFCCARTESIANPOINT((0.,-511.538493,115.780433));
#11981=IFCCARTESIANPOINT((0.,-511.133633,115.825654));
#11982=IFCCARTESIANPOINT((0.,-510.725313,115.871261));
#11983=IFCCARTESIANPOINT((0.,-510.313576,115.917249));
#11984=IFCCARTESIANPOINT((0.,-509.898465,115.963615));
#11985=IFCCARTESIANPOINT((0.,-509.480023,116.010352));
#11986=IFCCARTESIANPOINT((0.,-509.058293,116.057458));
#11987=IFCCARTESIANPOINT((0.,-508.633319,116.104925));
#11988=IFCCARTESIANPOINT((0.,-508.205143,116.152751));
#11989=IFCCARTESIANPOINT((0.,-507.773808,116.20093));
#11990=IFCCARTESIANPOINT((0.,-507.339359,116.249458));
#11991=IFCCARTESIANPOINT((0.,-506.901836,116.298329));
#11992=IFCCARTESIANPOINT((0.,-506.461285,116.347539));
#11993=IFCCARTESIANPOINT((0.,-506.017748,116.397084));
#11994=IFCCARTESIANPOINT((0.,-505.571267,116.446958));
#11995=IFCCARTESIANPOINT((0.,-505.121887,116.497157));
#11996=IFCCARTESIANPOINT((0.,-504.66965,116.547676));
#11997=IFCCARTESIANPOINT((0.,-504.214601,116.59851));
#11998=IFCCARTESIANPOINT((0.,-503.756787,116.649655));
#11999=IFCCARTESIANPOINT((0.,-503.29625,116.701105));
#12000=IFCCARTESIANPOINT((0.,-502.833027,116.752856));
#12001=IFCCARTESIANPOINT((0.,-502.367161,116.804903));
#12002=IFCCARTESIANPOINT((0.,-501.89869,116.857243));
#12003=IFCCARTESIANPOINT((0.,-501.427653,116.909869));
#12004=IFCCARTESIANPOINT((0.,-500.954093,116.962778));
#12005=IFCCARTESIANPOINT((0.,-500.478047,117.015965));
#12006=IFCCARTESIANPOINT((0.,-499.999555,117.069425));
#12007=IFCCARTESIANPOINT((0.,-499.518659,117.123154));
#12008=IFCCARTESIANPOINT((0.,-499.035397,117.177147));
#12009=IFCCARTESIANPOINT((0.,-498.54981,117.2314));
#12010=IFCCARTESIANPOINT((0.,-498.061937,117.285907));
#12011=IFCCARTESIANPOINT((0.,-497.571819,117.340665));
#12012=IFCCARTESIANPOINT((0.,-497.079494,117.395669));
#12013=IFCCARTESIANPOINT((0.,-496.585003,117.450913));
#12014=IFCCARTESIANPOINT((0.,-496.088387,117.506394));
#12015=IFCCARTESIANPOINT((0.,-495.589684,117.562107));
#12016=IFCCARTESIANPOINT((0.,-495.088934,117.618047));
#12017=IFCPOLYLINE((#12018,#12019));
#12018=IFCCARTESIANPOINT((0.,-530.657145,113.644689));
#12019=IFCCARTESIANPOINT((0.,-522.537986,81.799689));
#12020=IFCPOLYLINE((#12021,#12022,#12023,#12024,#12025,#12026,#12027,#12028,#12029,#12030,#12031,#12032,#12033,#12034,#12035,#12036,#12037,#12038,#12039,#12040,#12041,#12042,#12043,#12044,#12045,#12046,#12047,#12048,#12049,#12050,#12051,#12052,#12053,#12054,#12055,#12056,#12057,#12058,#12059,#12060,#12061,#12062,#12063,#12064,#12065,#12066,#12067,#12068,#12069));
#12021=IFCCARTESIANPOINT((0.,-38.226807,178.782043));
#12022=IFCCARTESIANPOINT((0.,-38.226121,178.777716));
#12023=IFCCARTESIANPOINT((0.,-38.224066,178.764737));
#12024=IFCCARTESIANPOINT((0.,-38.22064,178.743107));
#12025=IFCCARTESIANPOINT((0.,-38.215844,178.712827));
#12026=IFCCARTESIANPOINT((0.,-38.209678,178.673896));
#12027=IFCCARTESIANPOINT((0.,-38.202142,178.626318));
#12028=IFCCARTESIANPOINT((0.,-38.193237,178.570091));
#12029=IFCCARTESIANPOINT((0.,-38.182962,178.505218));
#12030=IFCCARTESIANPOINT((0.,-38.171318,178.431699));
#12031=IFCCARTESIANPOINT((0.,-38.158304,178.349535));
#12032=IFCCARTESIANPOINT((0.,-38.143922,178.258727));
#12033=IFCCARTESIANPOINT((0.,-38.12817,178.159276));
#12034=IFCCARTESIANPOINT((0.,-38.11105,178.051183));
#12035=IFCCARTESIANPOINT((0.,-38.092561,177.934448));
#12036=IFCCARTESIANPOINT((0.,-38.072704,177.809074));
#12037=IFCCARTESIANPOINT((0.,-38.051478,177.67506));
#12038=IFCCARTESIANPOINT((0.,-38.028884,177.532408));
#12039=IFCCARTESIANPOINT((0.,-38.004922,177.381118));
#12040=IFCCARTESIANPOINT((0.,-37.979592,177.221192));
#12041=IFCCARTESIANPOINT((0.,-37.952895,177.05263));
#12042=IFCCARTESIANPOINT((0.,-37.924829,176.875433));
#12043=IFCCARTESIANPOINT((0.,-37.895397,176.689603));
#12044=IFCCARTESIANPOINT((0.,-37.864597,176.49514));
#12045=IFCCARTESIANPOINT((0.,-37.83243,176.292045));
#12046=IFCCARTESIANPOINT((0.,-37.798896,176.080319));
#12047=IFCCARTESIANPOINT((0.,-37.763995,175.859963));
#12048=IFCCARTESIANPOINT((0.,-37.727727,175.630978));
#12049=IFCCARTESIANPOINT((0.,-37.690093,175.393364));
#12050=IFCCARTESIANPOINT((0.,-37.651092,175.147124));
#12051=IFCCARTESIANPOINT((0.,-37.610725,174.892257));
#12052=IFCCARTESIANPOINT((0.,-37.568992,174.628765));
#12053=IFCCARTESIANPOINT((0.,-37.525893,174.356648));
#12054=IFCCARTESIANPOINT((0.,-37.481428,174.075908));
#12055=IFCCARTESIANPOINT((0.,-37.435598,173.786545));
#12056=IFCCARTESIANPOINT((0.,-37.388401,173.48856));
#12057=IFCCARTESIANPOINT((0.,-37.33984,173.181955));
#12058=IFCCARTESIANPOINT((0.,-37.289913,172.86673));
#12059=IFCCARTESIANPOINT((0.,-37.238621,172.542886));
#12060=IFCCARTESIANPOINT((0.,-37.185964,172.210424));
#12061=IFCCARTESIANPOINT((0.,-37.131943,171.869345));
#12062=IFCCARTESIANPOINT((0.,-37.076557,171.51965));
#12063=IFCCARTESIANPOINT((0.,-37.019806,171.16134));
#12064=IFCCARTESIANPOINT((0.,-36.961691,170.794415));
#12065=IFCCARTESIANPOINT((0.,-36.902211,170.418877));
#12066=IFCCARTESIANPOINT((0.,-36.841368,170.034727));
#12067=IFCCARTESIANPOINT((0.,-36.779161,169.641965));
#12068=IFCCARTESIANPOINT((0.,-36.715589,169.240593));
#12069=IFCCARTESIANPOINT((0.,-36.650655,168.830611));
#12070=IFCPOLYLINE((#12071,#12072,#12073,#12074,#12075,#12076,#12077,#12078,#12079,#12080,#12081,#12082,#12083,#12084,#12085,#12086,#12087,#12088,#12089,#12090,#12091,#12092,#12093,#12094,#12095,#12096,#12097,#12098,#12099,#12100,#12101,#12102,#12103,#12104,#12105,#12106,#12107,#12108,#12109,#12110,#12111,#12112,#12113,#12114,#12115,#12116,#12117,#12118,#12119));
#12071=IFCCARTESIANPOINT((0.,-26.163213,102.615509));
#12072=IFCCARTESIANPOINT((0.,-26.381689,103.994911));
#12073=IFCCARTESIANPOINT((0.,-26.600168,105.374334));
#12074=IFCCARTESIANPOINT((0.,-26.81865,106.753776));
#12075=IFCCARTESIANPOINT((0.,-27.037135,108.133236));
#12076=IFCCARTESIANPOINT((0.,-27.255622,109.512712));
#12077=IFCCARTESIANPOINT((0.,-27.474112,110.892201));
#12078=IFCCARTESIANPOINT((0.,-27.692604,112.271702));
#12079=IFCCARTESIANPOINT((0.,-27.911097,113.651212));
#12080=IFCCARTESIANPOINT((0.,-28.129591,115.03073));
#12081=IFCCARTESIANPOINT((0.,-28.348086,116.410254));
#12082=IFCCARTESIANPOINT((0.,-28.566582,117.789782));
#12083=IFCCARTESIANPOINT((0.,-28.785078,119.169311));
#12084=IFCCARTESIANPOINT((0.,-29.003574,120.548841));
#12085=IFCCARTESIANPOINT((0.,-29.222069,121.928368));
#12086=IFCCARTESIANPOINT((0.,-29.440564,123.307891));
#12087=IFCCARTESIANPOINT((0.,-29.659058,124.687408));
#12088=IFCCARTESIANPOINT((0.,-29.877551,126.066917));
#12089=IFCCARTESIANPOINT((0.,-30.096042,127.446417));
#12090=IFCCARTESIANPOINT((0.,-30.314532,128.825904));
#12091=IFCCARTESIANPOINT((0.,-30.533019,130.205378));
#12092=IFCCARTESIANPOINT((0.,-30.751503,131.584835));
#12093=IFCCARTESIANPOINT((0.,-30.969985,132.964275));
#12094=IFCCARTESIANPOINT((0.,-31.188464,134.343695));
#12095=IFCCARTESIANPOINT((0.,-31.406939,135.723093));
#12096=IFCCARTESIANPOINT((0.,-31.625414,137.102492));
#12097=IFCCARTESIANPOINT((0.,-31.843893,138.481912));
#12098=IFCCARTESIANPOINT((0.,-32.062375,139.861352));
#12099=IFCCARTESIANPOINT((0.,-32.280859,141.240809));
#12100=IFCCARTESIANPOINT((0.,-32.499347,142.620283));
#12101=IFCCARTESIANPOINT((0.,-32.717836,143.99977));
#12102=IFCCARTESIANPOINT((0.,-32.936327,145.379268));
#12103=IFCCARTESIANPOINT((0.,-33.15482,146.758777));
#12104=IFCCARTESIANPOINT((0.,-33.373314,148.138293));
#12105=IFCCARTESIANPOINT((0.,-33.591808,149.517815));
#12106=IFCCARTESIANPOINT((0.,-33.810304,150.897341));
#12107=IFCCARTESIANPOINT((0.,-34.0288,152.276869));
#12108=IFCCARTESIANPOINT((0.,-34.247295,153.656396));
#12109=IFCCARTESIANPOINT((0.,-34.465791,155.035921));
#12110=IFCCARTESIANPOINT((0.,-34.684285,156.415442));
#12111=IFCCARTESIANPOINT((0.,-34.902779,157.794957));
#12112=IFCCARTESIANPOINT((0.,-35.121271,159.174463));
#12113=IFCCARTESIANPOINT((0.,-35.339762,160.553959));
#12114=IFCCARTESIANPOINT((0.,-35.558251,161.933443));
#12115=IFCCARTESIANPOINT((0.,-35.776737,163.312913));
#12116=IFCCARTESIANPOINT((0.,-35.995221,164.692367));
#12117=IFCCARTESIANPOINT((0.,-36.213702,166.071802));
#12118=IFCCARTESIANPOINT((0.,-36.43218,167.451218));
#12119=IFCCARTESIANPOINT((0.,-36.650655,168.830611));
#12120=IFCPOLYLINE((#12121,#12122,#12123,#12124,#12125,#12126,#12127,#12128,#12129,#12130,#12131,#12132,#12133,#12134,#12135,#12136,#12137,#12138,#12139,#12140,#12141,#12142,#12143,#12144,#12145,#12146,#12147,#12148,#12149,#12150,#12151,#12152,#12153,#12154,#12155,#12156,#12157,#12158,#12159,#12160,#12161,#12162,#12163,#12164,#12165,#12166,#12167,#12168,#12169));
#12121=IFCCARTESIANPOINT((0.,-8.587885,135.851414));
#12122=IFCCARTESIANPOINT((0.,-9.001946,136.335628));
#12123=IFCCARTESIANPOINT((0.,-9.421947,136.814335));
#12124=IFCCARTESIANPOINT((0.,-9.84783,137.287482));
#12125=IFCCARTESIANPOINT((0.,-10.279537,137.755017));
#12126=IFCCARTESIANPOINT((0.,-10.717009,138.216889));
#12127=IFCCARTESIANPOINT((0.,-11.160187,138.673046));
#12128=IFCCARTESIANPOINT((0.,-11.609013,139.123435));
#12129=IFCCARTESIANPOINT((0.,-12.063428,139.568005));
#12130=IFCCARTESIANPOINT((0.,-12.523374,140.006703));
#12131=IFCCARTESIANPOINT((0.,-12.988792,140.439479));
#12132=IFCCARTESIANPOINT((0.,-13.459623,140.866278));
#12133=IFCCARTESIANPOINT((0.,-13.93581,141.287051));
#12134=IFCCARTESIANPOINT((0.,-14.417293,141.701744));
#12135=IFCCARTESIANPOINT((0.,-14.904014,142.110306));
#12136=IFCCARTESIANPOINT((0.,-15.395914,142.512685));
#12137=IFCCARTESIANPOINT((0.,-15.892935,142.908829));
#12138=IFCCARTESIANPOINT((0.,-16.395018,143.298686));
#12139=IFCCARTESIANPOINT((0.,-16.902106,143.682203));
#12140=IFCCARTESIANPOINT((0.,-17.414138,144.05933));
#12141=IFCCARTESIANPOINT((0.,-17.931057,144.430013));
#12142=IFCCARTESIANPOINT((0.,-18.452804,144.794201));
#12143=IFCCARTESIANPOINT((0.,-18.979321,145.151843));
#12144=IFCCARTESIANPOINT((0.,-19.510549,145.502885));
#12145=IFCCARTESIANPOINT((0.,-20.046429,145.847276));
#12146=IFCCARTESIANPOINT((0.,-20.586643,146.184805));
#12147=IFCCARTESIANPOINT((0.,-21.130867,146.51527));
#12148=IFCCARTESIANPOINT((0.,-21.679028,146.838641));
#12149=IFCCARTESIANPOINT((0.,-22.231057,147.154884));
#12150=IFCCARTESIANPOINT((0.,-22.786882,147.463965));
#12151=IFCCARTESIANPOINT((0.,-23.346431,147.765853));
#12152=IFCCARTESIANPOINT((0.,-23.909634,148.060513));
#12153=IFCCARTESIANPOINT((0.,-24.476419,148.347913));
#12154=IFCCARTESIANPOINT((0.,-25.046716,148.62802));
#12155=IFCCARTESIANPOINT((0.,-25.620453,148.900801));
#12156=IFCCARTESIANPOINT((0.,-26.197559,149.166222));
#12157=IFCCARTESIANPOINT((0.,-26.777964,149.424252));
#12158=IFCCARTESIANPOINT((0.,-27.361595,149.674856));
#12159=IFCCARTESIANPOINT((0.,-27.948382,149.918002));
#12160=IFCCARTESIANPOINT((0.,-28.538254,150.153657));
#12161=IFCCARTESIANPOINT((0.,-29.131139,150.381788));
#12162=IFCCARTESIANPOINT((0.,-29.726967,150.602362));
#12163=IFCCARTESIANPOINT((0.,-30.325666,150.815345));
#12164=IFCCARTESIANPOINT((0.,-30.927166,151.020705));
#12165=IFCCARTESIANPOINT((0.,-31.531394,151.21841));
#12166=IFCCARTESIANPOINT((0.,-32.138281,151.408425));
#12167=IFCCARTESIANPOINT((0.,-32.747755,151.590717));
#12168=IFCCARTESIANPOINT((0.,-33.359744,151.765255));
#12169=IFCCARTESIANPOINT((0.,-33.974178,151.932005));
#12170=IFCPOLYLINE((#12171,#12172,#12173,#12174,#12175,#12176,#12177,#12178,#12179,#12180,#12181,#12182,#12183,#12184,#12185,#12186,#12187,#12188,#12189,#12190,#12191,#12192,#12193,#12194,#12195,#12196,#12197,#12198,#12199,#12200,#12201,#12202,#12203,#12204,#12205,#12206,#12207,#12208,#12209,#12210,#12211,#12212,#12213,#12214,#12215,#12216,#12217,#12218,#12219));
#12171=IFCCARTESIANPOINT((0.,-2.928886,123.454281));
#12172=IFCCARTESIANPOINT((0.,-2.975488,123.738169));
#12173=IFCCARTESIANPOINT((0.,-3.025264,124.021429));
#12174=IFCCARTESIANPOINT((0.,-3.07821,124.304032));
#12175=IFCCARTESIANPOINT((0.,-3.134316,124.585952));
#12176=IFCCARTESIANPOINT((0.,-3.193578,124.867162));
#12177=IFCCARTESIANPOINT((0.,-3.255987,125.147634));
#12178=IFCCARTESIANPOINT((0.,-3.321538,125.427342));
#12179=IFCCARTESIANPOINT((0.,-3.390223,125.706259));
#12180=IFCCARTESIANPOINT((0.,-3.462036,125.984358));
#12181=IFCCARTESIANPOINT((0.,-3.53697,126.26161));
#12182=IFCCARTESIANPOINT((0.,-3.615018,126.537991));
#12183=IFCCARTESIANPOINT((0.,-3.696173,126.813471));
#12184=IFCCARTESIANPOINT((0.,-3.780429,127.088025));
#12185=IFCCARTESIANPOINT((0.,-3.867779,127.361626));
#12186=IFCCARTESIANPOINT((0.,-3.958216,127.634245));
#12187=IFCCARTESIANPOINT((0.,-4.051733,127.905857));
#12188=IFCCARTESIANPOINT((0.,-4.148324,128.176434));
#12189=IFCCARTESIANPOINT((0.,-4.247981,128.445949));
#12190=IFCCARTESIANPOINT((0.,-4.350698,128.714375));
#12191=IFCCARTESIANPOINT((0.,-4.456469,128.981685));
#12192=IFCCARTESIANPOINT((0.,-4.565285,129.247851));
#12193=IFCCARTESIANPOINT((0.,-4.677142,129.512848));
#12194=IFCCARTESIANPOINT((0.,-4.792031,129.776647));
#12195=IFCCARTESIANPOINT((0.,-4.909947,130.039223));
#12196=IFCCARTESIANPOINT((0.,-5.030834,130.300446));
#12197=IFCCARTESIANPOINT((0.,-5.154636,130.560193));
#12198=IFCCARTESIANPOINT((0.,-5.281339,130.818438));
#12199=IFCCARTESIANPOINT((0.,-5.410929,131.075158));
#12200=IFCCARTESIANPOINT((0.,-5.543392,131.330328));
#12201=IFCCARTESIANPOINT((0.,-5.678715,131.583924));
#12202=IFCCARTESIANPOINT((0.,-5.816883,131.83592));
#12203=IFCCARTESIANPOINT((0.,-5.957883,132.086292));
#12204=IFCCARTESIANPOINT((0.,-6.101702,132.335016));
#12205=IFCCARTESIANPOINT((0.,-6.248326,132.582068));
#12206=IFCCARTESIANPOINT((0.,-6.397741,132.827422));
#12207=IFCCARTESIANPOINT((0.,-6.549933,133.071054));
#12208=IFCCARTESIANPOINT((0.,-6.704888,133.31294));
#12209=IFCCARTESIANPOINT((0.,-6.862593,133.553055));
#12210=IFCCARTESIANPOINT((0.,-7.023035,133.791374));
#12211=IFCCARTESIANPOINT((0.,-7.186199,134.027874));
#12212=IFCCARTESIANPOINT((0.,-7.352072,134.262529));
#12213=IFCCARTESIANPOINT((0.,-7.520639,134.495315));
#12214=IFCCARTESIANPOINT((0.,-7.691888,134.726208));
#12215=IFCCARTESIANPOINT((0.,-7.865805,134.955182));
#12216=IFCCARTESIANPOINT((0.,-8.042375,135.182214));
#12217=IFCCARTESIANPOINT((0.,-8.221586,135.407279));
#12218=IFCCARTESIANPOINT((0.,-8.403423,135.630353));
#12219=IFCCARTESIANPOINT((0.,-8.587873,135.85141));
#12220=IFCPOLYLINE((#12221,#12222,#12223,#12224,#12225,#12226,#12227,#12228,#12229,#12230,#12231,#12232,#12233,#12234,#12235,#12236,#12237,#12238,#12239,#12240,#12241,#12242,#12243,#12244,#12245,#12246,#12247,#12248,#12249,#12250,#12251,#12252,#12253,#12254,#12255,#12256,#12257,#12258,#12259,#12260,#12261,#12262,#12263,#12264,#12265,#12266,#12267,#12268,#12269,#12270,#12271,#12272,#12273,#12274,#12275,#12276,#12277,#12278,#12279,#12280,#12281,#12282,#12283,#12284,#12285,#12286,#12287,#12288,#12289,#12290,#12291,#12292,#12293,#12294,#12295,#12296,#12297,#12298,#12299,#12300,#12301,#12302,#12303,#12304,#12305,#12306,#12307,#12308,#12309,#12310,#12311,#12312,#12313,#12314,#12315,#12316,#12317,#12318,#12319,#12320,#12321,#12322,#12323,#12324,#12325,#12326,#12327,#12328,#12329,#12330,#12331,#12332,#12333,#12334,#12335,#12336,#12337,#12338,#12339,#12340,#12341,#12342,#12343,#12344,#12345,#12346,#12347,#12348,#12349));
#12221=IFCCARTESIANPOINT((0.,-2.928886,123.454281));
#12222=IFCCARTESIANPOINT((0.,-2.949578,123.584932));
#12223=IFCCARTESIANPOINT((0.,-2.970095,123.714482));
#12224=IFCCARTESIANPOINT((0.,-2.990438,123.842933));
#12225=IFCCARTESIANPOINT((0.,-3.010608,123.970284));
#12226=IFCCARTESIANPOINT((0.,-3.030603,124.096538));
#12227=IFCCARTESIANPOINT((0.,-3.050426,124.221696));
#12228=IFCCARTESIANPOINT((0.,-3.070074,124.345759));
#12229=IFCCARTESIANPOINT((0.,-3.08955,124.468729));
#12230=IFCCARTESIANPOINT((0.,-3.108853,124.590607));
#12231=IFCCARTESIANPOINT((0.,-3.127983,124.711395));
#12232=IFCCARTESIANPOINT((0.,-3.146941,124.831093));
#12233=IFCCARTESIANPOINT((0.,-3.165726,124.949703));
#12234=IFCCARTESIANPOINT((0.,-3.18434,125.067226));
#12235=IFCCARTESIANPOINT((0.,-3.202781,125.183664));
#12236=IFCCARTESIANPOINT((0.,-3.221051,125.299018));
#12237=IFCCARTESIANPOINT((0.,-3.23915,125.413289));
#12238=IFCCARTESIANPOINT((0.,-3.257077,125.526479));
#12239=IFCCARTESIANPOINT((0.,-3.274833,125.638589));
#12240=IFCCARTESIANPOINT((0.,-3.292419,125.74962));
#12241=IFCCARTESIANPOINT((0.,-3.309834,125.859574));
#12242=IFCCARTESIANPOINT((0.,-3.327078,125.968452));
#12243=IFCCARTESIANPOINT((0.,-3.344152,126.076256));
#12244=IFCCARTESIANPOINT((0.,-3.361057,126.182986));
#12245=IFCCARTESIANPOINT((0.,-3.377791,126.288644));
#12246=IFCCARTESIANPOINT((0.,-3.394356,126.393231));
#12247=IFCCARTESIANPOINT((0.,-3.410752,126.496749));
#12248=IFCCARTESIANPOINT((0.,-3.426979,126.599199));
#12249=IFCCARTESIANPOINT((0.,-3.443036,126.700583));
#12250=IFCCARTESIANPOINT((0.,-3.458925,126.800901));
#12251=IFCCARTESIANPOINT((0.,-3.474646,126.900155));
#12252=IFCCARTESIANPOINT((0.,-3.490198,126.998347));
#12253=IFCCARTESIANPOINT((0.,-3.505582,127.095477));
#12254=IFCCARTESIANPOINT((0.,-3.520798,127.191547));
#12255=IFCCARTESIANPOINT((0.,-3.535847,127.286559));
#12256=IFCCARTESIANPOINT((0.,-3.550728,127.380514));
#12257=IFCCARTESIANPOINT((0.,-3.565441,127.473413));
#12258=IFCCARTESIANPOINT((0.,-3.579988,127.565259));
#12259=IFCCARTESIANPOINT((0.,-3.594369,127.656052));
#12260=IFCCARTESIANPOINT((0.,-3.608583,127.745795));
#12261=IFCCARTESIANPOINT((0.,-3.62263,127.834488));
#12262=IFCCARTESIANPOINT((0.,-3.636512,127.922132));
#12263=IFCCARTESIANPOINT((0.,-3.650227,128.008729));
#12264=IFCCARTESIANPOINT((0.,-3.663777,128.094279));
#12265=IFCCARTESIANPOINT((0.,-3.677161,128.178785));
#12266=IFCCARTESIANPOINT((0.,-3.69038,128.262246));
#12267=IFCCARTESIANPOINT((0.,-3.703434,128.344666));
#12268=IFCCARTESIANPOINT((0.,-3.716323,128.426043));
#12269=IFCCARTESIANPOINT((0.,-3.729047,128.506381));
#12270=IFCCARTESIANPOINT((0.,-3.741607,128.58568));
#12271=IFCCARTESIANPOINT((0.,-3.754002,128.66394));
#12272=IFCCARTESIANPOINT((0.,-3.766233,128.741165));
#12273=IFCCARTESIANPOINT((0.,-3.7783,128.817354));
#12274=IFCCARTESIANPOINT((0.,-3.790203,128.892508));
#12275=IFCCARTESIANPOINT((0.,-3.801943,128.96663));
#12276=IFCCARTESIANPOINT((0.,-3.813519,129.03972));
#12277=IFCCARTESIANPOINT((0.,-3.824932,129.11178));
#12278=IFCCARTESIANPOINT((0.,-3.836182,129.18281));
#12279=IFCCARTESIANPOINT((0.,-3.847269,129.252812));
#12280=IFCCARTESIANPOINT((0.,-3.858194,129.321787));
#12281=IFCCARTESIANPOINT((0.,-3.868956,129.389737));
#12282=IFCCARTESIANPOINT((0.,-3.879555,129.456662));
#12283=IFCCARTESIANPOINT((0.,-3.889993,129.522564));
#12284=IFCCARTESIANPOINT((0.,-3.900269,129.587443));
#12285=IFCCARTESIANPOINT((0.,-3.910383,129.651302));
#12286=IFCCARTESIANPOINT((0.,-3.920336,129.714141));
#12287=IFCCARTESIANPOINT((0.,-3.930127,129.775961));
#12288=IFCCARTESIANPOINT((0.,-3.939757,129.836765));
#12289=IFCCARTESIANPOINT((0.,-3.949227,129.896552));
#12290=IFCCARTESIANPOINT((0.,-3.958535,129.955324));
#12291=IFCCARTESIANPOINT((0.,-3.967683,130.013083));
#12292=IFCCARTESIANPOINT((0.,-3.976671,130.069829));
#12293=IFCCARTESIANPOINT((0.,-3.985498,130.125564));
#12294=IFCCARTESIANPOINT((0.,-3.994166,130.180289));
#12295=IFCCARTESIANPOINT((0.,-4.002674,130.234006));
#12296=IFCCARTESIANPOINT((0.,-4.011022,130.286714));
#12297=IFCCARTESIANPOINT((0.,-4.019211,130.338416));
#12298=IFCCARTESIANPOINT((0.,-4.02724,130.389113));
#12299=IFCCARTESIANPOINT((0.,-4.035111,130.438805));
#12300=IFCCARTESIANPOINT((0.,-4.042822,130.487494));
#12301=IFCCARTESIANPOINT((0.,-4.050375,130.53518));
#12302=IFCCARTESIANPOINT((0.,-4.05777,130.581865));
#12303=IFCCARTESIANPOINT((0.,-4.065005,130.62755));
#12304=IFCCARTESIANPOINT((0.,-4.072083,130.672236));
#12305=IFCCARTESIANPOINT((0.,-4.079002,130.715924));
#12306=IFCCARTESIANPOINT((0.,-4.085764,130.758616));
#12307=IFCCARTESIANPOINT((0.,-4.092368,130.800311));
#12308=IFCCARTESIANPOINT((0.,-4.098814,130.841011));
#12309=IFCCARTESIANPOINT((0.,-4.105103,130.880718));
#12310=IFCCARTESIANPOINT((0.,-4.111236,130.919442));
#12311=IFCCARTESIANPOINT((0.,-4.117215,130.957189));
#12312=IFCCARTESIANPOINT((0.,-4.123039,130.993961));
#12313=IFCCARTESIANPOINT((0.,-4.128708,131.029757));
#12314=IFCCARTESIANPOINT((0.,-4.134223,131.064578));
#12315=IFCCARTESIANPOINT((0.,-4.139584,131.098424));
#12316=IFCCARTESIANPOINT((0.,-4.14479,131.131295));
#12317=IFCCARTESIANPOINT((0.,-4.149842,131.16319));
#12318=IFCCARTESIANPOINT((0.,-4.154739,131.194108));
#12319=IFCCARTESIANPOINT((0.,-4.159481,131.224051));
#12320=IFCCARTESIANPOINT((0.,-4.164069,131.253016));
#12321=IFCCARTESIANPOINT((0.,-4.168502,131.281005));
#12322=IFCCARTESIANPOINT((0.,-4.17278,131.308016));
#12323=IFCCARTESIANPOINT((0.,-4.176903,131.33405));
#12324=IFCCARTESIANPOINT((0.,-4.180872,131.359105));
#12325=IFCCARTESIANPOINT((0.,-4.184685,131.383182));
#12326=IFCCARTESIANPOINT((0.,-4.188344,131.40628));
#12327=IFCCARTESIANPOINT((0.,-4.191847,131.428399));
#12328=IFCCARTESIANPOINT((0.,-4.195195,131.449539));
#12329=IFCCARTESIANPOINT((0.,-4.198388,131.469699));
#12330=IFCCARTESIANPOINT((0.,-4.201426,131.488879));
#12331=IFCCARTESIANPOINT((0.,-4.204308,131.507078));
#12332=IFCCARTESIANPOINT((0.,-4.207036,131.524296));
#12333=IFCCARTESIANPOINT((0.,-4.209607,131.540534));
#12334=IFCCARTESIANPOINT((0.,-4.212024,131.55579));
#12335=IFCCARTESIANPOINT((0.,-4.214285,131.570064));
#12336=IFCCARTESIANPOINT((0.,-4.21639,131.583357));
#12337=IFCCARTESIANPOINT((0.,-4.218339,131.595666));
#12338=IFCCARTESIANPOINT((0.,-4.220134,131.606993));
#12339=IFCCARTESIANPOINT((0.,-4.221772,131.617337));
#12340=IFCCARTESIANPOINT((0.,-4.223254,131.626698));
#12341=IFCCARTESIANPOINT((0.,-4.224581,131.635074));
#12342=IFCCARTESIANPOINT((0.,-4.225752,131.642467));
#12343=IFCCARTESIANPOINT((0.,-4.226767,131.648875));
#12344=IFCCARTESIANPOINT((0.,-4.227626,131.654298));
#12345=IFCCARTESIANPOINT((0.,-4.228329,131.658737));
#12346=IFCCARTESIANPOINT((0.,-4.228876,131.66219));
#12347=IFCCARTESIANPOINT((0.,-4.229267,131.664657));
#12348=IFCCARTESIANPOINT((0.,-4.229501,131.666138));
#12349=IFCCARTESIANPOINT((0.,-4.22958,131.666632));
#12350=IFCPOLYLINE((#12351,#12352));
#12351=IFCCARTESIANPOINT((0.,2.844954,86.999786));
#12352=IFCCARTESIANPOINT((0.,-2.928871,123.454283));
#12353=IFCPOLYLINE((#12354,#12355));
#12354=IFCCARTESIANPOINT((0.,-31.28617,86.999689));
#12355=IFCCARTESIANPOINT((0.,2.844969,86.999689));
#12356=IFCPOLYLINE((#12357,#12358,#12359,#12360,#12361,#12362,#12363,#12364,#12365));
#12357=IFCCARTESIANPOINT((0.,7.724262,86.999882));
#12358=IFCCARTESIANPOINT((0.,7.718619,85.999876));
#12359=IFCCARTESIANPOINT((0.,7.712975,84.999871));
#12360=IFCCARTESIANPOINT((0.,7.707328,83.999869));
#12361=IFCCARTESIANPOINT((0.,7.701679,82.999868));
#12362=IFCCARTESIANPOINT((0.,7.696028,81.999869));
#12363=IFCCARTESIANPOINT((0.,7.690374,80.999871));
#12364=IFCCARTESIANPOINT((0.,7.684719,79.999876));
#12365=IFCCARTESIANPOINT((0.,7.679061,78.999882));
#12366=IFCPOLYLINE((#12367,#12368,#12369,#12370,#12371,#12372,#12373,#12374,#12375,#12376,#12377,#12378,#12379,#12380,#12381,#12382,#12383,#12384,#12385,#12386,#12387,#12388,#12389,#12390,#12391,#12392,#12393,#12394,#12395,#12396,#12397,#12398,#12399,#12400,#12401,#12402,#12403,#12404,#12405,#12406,#12407,#12408,#12409,#12410,#12411,#12412,#12413,#12414,#12415,#12416,#12417,#12418,#12419,#12420,#12421,#12422,#12423,#12424,#12425,#12426,#12427,#12428,#12429,#12430,#12431,#12432,#12433,#12434,#12435,#12436,#12437,#12438,#12439,#12440,#12441,#12442,#12443,#12444,#12445,#12446,#12447));
#12367=IFCCARTESIANPOINT((0.,-521.597986,78.999882));
#12368=IFCCARTESIANPOINT((0.,-521.584302,78.999882));
#12369=IFCCARTESIANPOINT((0.,-521.541245,78.999882));
#12370=IFCCARTESIANPOINT((0.,-521.465813,78.999882));
#12371=IFCCARTESIANPOINT((0.,-521.355,78.999882));
#12372=IFCCARTESIANPOINT((0.,-521.205802,78.999882));
#12373=IFCCARTESIANPOINT((0.,-521.015214,78.999882));
#12374=IFCCARTESIANPOINT((0.,-520.780234,78.999882));
#12375=IFCCARTESIANPOINT((0.,-520.497855,78.999882));
#12376=IFCCARTESIANPOINT((0.,-520.165074,78.999882));
#12377=IFCCARTESIANPOINT((0.,-519.778886,78.999882));
#12378=IFCCARTESIANPOINT((0.,-519.336288,78.999882));
#12379=IFCCARTESIANPOINT((0.,-518.834274,78.999882));
#12380=IFCCARTESIANPOINT((0.,-518.269841,78.999882));
#12381=IFCCARTESIANPOINT((0.,-517.639984,78.999882));
#12382=IFCCARTESIANPOINT((0.,-516.941698,78.999882));
#12383=IFCCARTESIANPOINT((0.,-516.17198,78.999882));
#12384=IFCCARTESIANPOINT((0.,-515.327825,78.999882));
#12385=IFCCARTESIANPOINT((0.,-514.406228,78.999882));
#12386=IFCCARTESIANPOINT((0.,-513.404186,78.999882));
#12387=IFCCARTESIANPOINT((0.,-512.318694,78.999882));
#12388=IFCCARTESIANPOINT((0.,-511.146747,78.999882));
#12389=IFCCARTESIANPOINT((0.,-509.886383,78.999882));
#12390=IFCCARTESIANPOINT((0.,-508.551632,78.999882));
#12391=IFCCARTESIANPOINT((0.,-507.148355,78.999882));
#12392=IFCCARTESIANPOINT((0.,-505.677283,78.999882));
#12393=IFCCARTESIANPOINT((0.,-504.13915,78.999882));
#12394=IFCCARTESIANPOINT((0.,-502.534688,78.999882));
#12395=IFCCARTESIANPOINT((0.,-500.86463,78.999882));
#12396=IFCCARTESIANPOINT((0.,-499.129709,78.999882));
#12397=IFCCARTESIANPOINT((0.,-497.330657,78.999882));
#12398=IFCCARTESIANPOINT((0.,-495.468208,78.999882));
#12399=IFCCARTESIANPOINT((0.,-493.543093,78.999882));
#12400=IFCCARTESIANPOINT((0.,-491.556046,78.999882));
#12401=IFCCARTESIANPOINT((0.,-489.507799,78.999882));
#12402=IFCCARTESIANPOINT((0.,-487.399085,78.999882));
#12403=IFCCARTESIANPOINT((0.,-485.230637,78.999882));
#12404=IFCCARTESIANPOINT((0.,-483.003187,78.999882));
#12405=IFCCARTESIANPOINT((0.,-480.717468,78.999882));
#12406=IFCCARTESIANPOINT((0.,-478.374213,78.999882));
#12407=IFCCARTESIANPOINT((0.,-475.974659,78.999882));
#12408=IFCCARTESIANPOINT((0.,-473.524523,78.999882));
#12409=IFCCARTESIANPOINT((0.,-471.025605,78.999882));
#12410=IFCCARTESIANPOINT((0.,-468.478379,78.999882));
#12411=IFCCARTESIANPOINT((0.,-465.883321,78.999882));
#12412=IFCCARTESIANPOINT((0.,-463.240905,78.999882));
#12413=IFCCARTESIANPOINT((0.,-460.551607,78.999882));
#12414=IFCCARTESIANPOINT((0.,-457.815901,78.999882));
#12415=IFCCARTESIANPOINT((0.,-455.034263,78.999882));
#12416=IFCCARTESIANPOINT((0.,-452.207167,78.999882));
#12417=IFCCARTESIANPOINT((0.,-449.335088,78.999882));
#12418=IFCCARTESIANPOINT((0.,-446.418502,78.999882));
#12419=IFCCARTESIANPOINT((0.,-443.457884,78.999882));
#12420=IFCCARTESIANPOINT((0.,-440.453708,78.999882));
#12421=IFCCARTESIANPOINT((0.,-437.406449,78.999882));
#12422=IFCCARTESIANPOINT((0.,-434.316582,78.999882));
#12423=IFCCARTESIANPOINT((0.,-431.184583,78.999882));
#12424=IFCCARTESIANPOINT((0.,-428.010926,78.999882));
#12425=IFCCARTESIANPOINT((0.,-424.796086,78.999882));
#12426=IFCCARTESIANPOINT((0.,-421.540553,78.999882));
#12427=IFCCARTESIANPOINT((0.,-418.246017,78.999882));
#12428=IFCCARTESIANPOINT((0.,-414.914911,78.999882));
#12429=IFCCARTESIANPOINT((0.,-411.549385,78.999882));
#12430=IFCCARTESIANPOINT((0.,-408.151588,78.999882));
#12431=IFCCARTESIANPOINT((0.,-404.723671,78.999882));
#12432=IFCCARTESIANPOINT((0.,-401.267782,78.999882));
#12433=IFCCARTESIANPOINT((0.,-397.786073,78.999882));
#12434=IFCCARTESIANPOINT((0.,-394.280692,78.999882));
#12435=IFCCARTESIANPOINT((0.,-390.753789,78.999882));
#12436=IFCCARTESIANPOINT((0.,-387.207514,78.999882));
#12437=IFCCARTESIANPOINT((0.,-383.644018,78.999882));
#12438=IFCCARTESIANPOINT((0.,-380.065449,78.999882));
#12439=IFCCARTESIANPOINT((0.,-376.473957,78.999882));
#12440=IFCCARTESIANPOINT((0.,-372.871693,78.999882));
#12441=IFCCARTESIANPOINT((0.,-369.260806,78.999882));
#12442=IFCCARTESIANPOINT((0.,-365.643445,78.999882));
#12443=IFCCARTESIANPOINT((0.,-362.021761,78.999882));
#12444=IFCCARTESIANPOINT((0.,-358.397903,78.999882));
#12445=IFCCARTESIANPOINT((0.,-354.774021,78.999882));
#12446=IFCCARTESIANPOINT((0.,-351.152266,78.999882));
#12447=IFCCARTESIANPOINT((0.,-347.534785,78.999882));
#12448=IFCPOLYLINE((#12449,#12450,#12451,#12452,#12453,#12454,#12455,#12456,#12457,#12458,#12459,#12460,#12461,#12462,#12463,#12464,#12465,#12466,#12467,#12468,#12469,#12470,#12471,#12472,#12473,#12474,#12475,#12476,#12477,#12478,#12479,#12480,#12481,#12482,#12483,#12484,#12485,#12486,#12487,#12488,#12489,#12490,#12491,#12492,#12493,#12494,#12495,#12496,#12497));
#12449=IFCCARTESIANPOINT((0.,-347.534785,78.999882));
#12450=IFCCARTESIANPOINT((0.,-339.318501,78.999882));
#12451=IFCCARTESIANPOINT((0.,-331.102255,78.999882));
#12452=IFCCARTESIANPOINT((0.,-322.886019,78.999882));
#12453=IFCCARTESIANPOINT((0.,-314.669763,78.999882));
#12454=IFCCARTESIANPOINT((0.,-306.453457,78.999882));
#12455=IFCCARTESIANPOINT((0.,-298.237073,78.999882));
#12456=IFCCARTESIANPOINT((0.,-290.020581,78.999882));
#12457=IFCCARTESIANPOINT((0.,-281.803952,78.999882));
#12458=IFCCARTESIANPOINT((0.,-273.587156,78.999882));
#12459=IFCCARTESIANPOINT((0.,-265.370165,78.999882));
#12460=IFCCARTESIANPOINT((0.,-257.152948,78.999882));
#12461=IFCCARTESIANPOINT((0.,-248.935477,78.999882));
#12462=IFCCARTESIANPOINT((0.,-240.717723,78.999882));
#12463=IFCCARTESIANPOINT((0.,-232.499656,78.999882));
#12464=IFCCARTESIANPOINT((0.,-224.281246,78.999882));
#12465=IFCCARTESIANPOINT((0.,-216.062465,78.999882));
#12466=IFCCARTESIANPOINT((0.,-207.843283,78.999882));
#12467=IFCCARTESIANPOINT((0.,-199.623671,78.999882));
#12468=IFCCARTESIANPOINT((0.,-191.403599,78.999882));
#12469=IFCCARTESIANPOINT((0.,-183.183039,78.999882));
#12470=IFCCARTESIANPOINT((0.,-174.961961,78.999882));
#12471=IFCCARTESIANPOINT((0.,-166.740336,78.999882));
#12472=IFCCARTESIANPOINT((0.,-158.518134,78.999882));
#12473=IFCCARTESIANPOINT((0.,-150.295326,78.999882));
#12474=IFCCARTESIANPOINT((0.,-142.072089,78.999882));
#12475=IFCCARTESIANPOINT((0.,-133.848622,78.999882));
#12476=IFCCARTESIANPOINT((0.,-125.624934,78.999882));
#12477=IFCCARTESIANPOINT((0.,-117.40103,78.999882));
#12478=IFCCARTESIANPOINT((0.,-109.176918,78.999882));
#12479=IFCCARTESIANPOINT((0.,-100.952603,78.999882));
#12480=IFCCARTESIANPOINT((0.,-92.728093,78.999882));
#12481=IFCCARTESIANPOINT((0.,-84.503394,78.999882));
#12482=IFCCARTESIANPOINT((0.,-76.278513,78.999882));
#12483=IFCCARTESIANPOINT((0.,-68.053457,78.999882));
#12484=IFCCARTESIANPOINT((0.,-59.828232,78.999882));
#12485=IFCCARTESIANPOINT((0.,-51.602845,78.999882));
#12486=IFCCARTESIANPOINT((0.,-43.377303,78.999882));
#12487=IFCCARTESIANPOINT((0.,-35.151611,78.999882));
#12488=IFCCARTESIANPOINT((0.,-26.925778,78.999882));
#12489=IFCCARTESIANPOINT((0.,-18.699809,78.999882));
#12490=IFCCARTESIANPOINT((0.,-10.473712,78.999882));
#12491=IFCCARTESIANPOINT((0.,-2.247492,78.999882));
#12492=IFCCARTESIANPOINT((0.,5.978842,78.999882));
#12493=IFCCARTESIANPOINT((0.,14.205286,78.999882));
#12494=IFCCARTESIANPOINT((0.,22.431832,78.999882));
#12495=IFCCARTESIANPOINT((0.,30.658473,78.999882));
#12496=IFCCARTESIANPOINT((0.,38.885202,78.999882));
#12497=IFCCARTESIANPOINT((0.,47.112014,78.999882));
#12498=IFCPOLYLINE((#12499,#12500));
#12499=IFCCARTESIANPOINT((0.,-88.887986,81.799689));
#12500=IFCCARTESIANPOINT((0.,-88.887986,78.999882));
#12501=IFCPOLYLINE((#12502,#12503));
#12502=IFCCARTESIANPOINT((0.,-43.941603,81.799689));
#12503=IFCCARTESIANPOINT((0.,-336.027986,81.799689));
#12504=IFCPOLYLINE((#12505,#12506));
#12505=IFCCARTESIANPOINT((0.,-374.181253,81.799689));
#12506=IFCCARTESIANPOINT((0.,-336.027986,81.799689));
#12507=IFCPOLYLINE((#12508,#12509,#12510,#12511,#12512,#12513,#12514,#12515,#12516,#12517,#12518,#12519,#12520,#12521,#12522,#12523,#12524,#12525,#12526,#12527,#12528,#12529,#12530,#12531,#12532,#12533,#12534,#12535,#12536,#12537,#12538,#12539,#12540,#12541,#12542,#12543,#12544,#12545,#12546,#12547,#12548,#12549,#12550,#12551,#12552,#12553,#12554,#12555,#12556));
#12508=IFCCARTESIANPOINT((0.,-374.181253,81.799689));
#12509=IFCCARTESIANPOINT((0.,-376.970233,81.799689));
#12510=IFCCARTESIANPOINT((0.,-379.74924,81.799689));
#12511=IFCCARTESIANPOINT((0.,-382.517813,81.799689));
#12512=IFCCARTESIANPOINT((0.,-385.27549,81.799689));
#12513=IFCCARTESIANPOINT((0.,-388.02181,81.799689));
#12514=IFCCARTESIANPOINT((0.,-390.756311,81.799689));
#12515=IFCCARTESIANPOINT((0.,-393.478533,81.799689));
#12516=IFCCARTESIANPOINT((0.,-396.188014,81.799689));
#12517=IFCCARTESIANPOINT((0.,-398.884293,81.799689));
#12518=IFCCARTESIANPOINT((0.,-401.566908,81.799689));
#12519=IFCCARTESIANPOINT((0.,-404.235398,81.799689));
#12520=IFCCARTESIANPOINT((0.,-406.889302,81.799689));
#12521=IFCCARTESIANPOINT((0.,-409.528159,81.799689));
#12522=IFCCARTESIANPOINT((0.,-412.151507,81.799689));
#12523=IFCCARTESIANPOINT((0.,-414.758886,81.799689));
#12524=IFCCARTESIANPOINT((0.,-417.349833,81.799689));
#12525=IFCCARTESIANPOINT((0.,-419.923887,81.799689));
#12526=IFCCARTESIANPOINT((0.,-422.480588,81.799689));
#12527=IFCCARTESIANPOINT((0.,-425.019474,81.799689));
#12528=IFCCARTESIANPOINT((0.,-427.540083,81.799689));
#12529=IFCCARTESIANPOINT((0.,-430.041955,81.799689));
#12530=IFCCARTESIANPOINT((0.,-432.524627,81.799689));
#12531=IFCCARTESIANPOINT((0.,-434.98764,81.799689));
#12532=IFCCARTESIANPOINT((0.,-437.430356,81.799689));
#12533=IFCCARTESIANPOINT((0.,-439.848216,81.799689));
#12534=IFCCARTESIANPOINT((0.,-442.239116,81.799689));
#12535=IFCCARTESIANPOINT((0.,-444.602706,81.799689));
#12536=IFCCARTESIANPOINT((0.,-446.938635,81.799689));
#12537=IFCCARTESIANPOINT((0.,-449.246555,81.799689));
#12538=IFCCARTESIANPOINT((0.,-451.526116,81.799689));
#12539=IFCCARTESIANPOINT((0.,-453.776968,81.799689));
#12540=IFCCARTESIANPOINT((0.,-455.998762,81.799689));
#12541=IFCCARTESIANPOINT((0.,-458.191147,81.799689));
#12542=IFCCARTESIANPOINT((0.,-460.353775,81.799689));
#12543=IFCCARTESIANPOINT((0.,-462.486295,81.799689));
#12544=IFCCARTESIANPOINT((0.,-464.588358,81.799689));
#12545=IFCCARTESIANPOINT((0.,-466.659614,81.799689));
#12546=IFCCARTESIANPOINT((0.,-468.699714,81.799689));
#12547=IFCCARTESIANPOINT((0.,-470.708308,81.799689));
#12548=IFCCARTESIANPOINT((0.,-472.685047,81.799689));
#12549=IFCCARTESIANPOINT((0.,-474.62958,81.799689));
#12550=IFCCARTESIANPOINT((0.,-476.541559,81.799689));
#12551=IFCCARTESIANPOINT((0.,-478.420632,81.799689));
#12552=IFCCARTESIANPOINT((0.,-480.266452,81.799689));
#12553=IFCCARTESIANPOINT((0.,-482.078668,81.799689));
#12554=IFCCARTESIANPOINT((0.,-483.85693,81.799689));
#12555=IFCCARTESIANPOINT((0.,-485.60089,81.799689));
#12556=IFCCARTESIANPOINT((0.,-487.310197,81.799689));
#12557=IFCPOLYLINE((#12558,#12559,#12560,#12561,#12562,#12563,#12564,#12565,#12566,#12567,#12568,#12569,#12570,#12571,#12572,#12573,#12574,#12575,#12576,#12577,#12578,#12579,#12580,#12581,#12582,#12583,#12584,#12585,#12586,#12587,#12588,#12589,#12590,#12591,#12592,#12593,#12594,#12595,#12596,#12597,#12598,#12599,#12600,#12601,#12602,#12603,#12604,#12605,#12606));
#12558=IFCCARTESIANPOINT((0.,-487.310197,81.799689));
#12559=IFCCARTESIANPOINT((0.,-488.766499,81.799689));
#12560=IFCCARTESIANPOINT((0.,-490.192569,81.799689));
#12561=IFCCARTESIANPOINT((0.,-491.588373,81.799689));
#12562=IFCCARTESIANPOINT((0.,-492.953878,81.799689));
#12563=IFCCARTESIANPOINT((0.,-494.289048,81.799689));
#12564=IFCCARTESIANPOINT((0.,-495.59385,81.799689));
#12565=IFCCARTESIANPOINT((0.,-496.868249,81.799689));
#12566=IFCCARTESIANPOINT((0.,-498.112212,81.799689));
#12567=IFCCARTESIANPOINT((0.,-499.325703,81.799689));
#12568=IFCCARTESIANPOINT((0.,-500.50869,81.799689));
#12569=IFCCARTESIANPOINT((0.,-501.661137,81.799689));
#12570=IFCCARTESIANPOINT((0.,-502.78301,81.799689));
#12571=IFCCARTESIANPOINT((0.,-503.874276,81.799689));
#12572=IFCCARTESIANPOINT((0.,-504.9349,81.799689));
#12573=IFCCARTESIANPOINT((0.,-505.964848,81.799689));
#12574=IFCCARTESIANPOINT((0.,-506.964086,81.799689));
#12575=IFCCARTESIANPOINT((0.,-507.93258,81.799689));
#12576=IFCCARTESIANPOINT((0.,-508.870295,81.799689));
#12577=IFCCARTESIANPOINT((0.,-509.777197,81.799689));
#12578=IFCCARTESIANPOINT((0.,-510.653252,81.799689));
#12579=IFCCARTESIANPOINT((0.,-511.498427,81.799689));
#12580=IFCCARTESIANPOINT((0.,-512.312686,81.799689));
#12581=IFCCARTESIANPOINT((0.,-513.095995,81.799689));
#12582=IFCCARTESIANPOINT((0.,-513.84832,81.799689));
#12583=IFCCARTESIANPOINT((0.,-514.568982,81.799689));
#12584=IFCCARTESIANPOINT((0.,-515.257497,81.799689));
#12585=IFCCARTESIANPOINT((0.,-515.913995,81.799689));
#12586=IFCCARTESIANPOINT((0.,-516.538609,81.799689));
#12587=IFCCARTESIANPOINT((0.,-517.131471,81.799689));
#12588=IFCCARTESIANPOINT((0.,-517.692712,81.799689));
#12589=IFCCARTESIANPOINT((0.,-518.222464,81.799689));
#12590=IFCCARTESIANPOINT((0.,-518.720858,81.799689));
#12591=IFCCARTESIANPOINT((0.,-519.188026,81.799689));
#12592=IFCCARTESIANPOINT((0.,-519.6241,81.799689));
#12593=IFCCARTESIANPOINT((0.,-520.029211,81.799689));
#12594=IFCCARTESIANPOINT((0.,-520.403492,81.799689));
#12595=IFCCARTESIANPOINT((0.,-520.747074,81.799689));
#12596=IFCCARTESIANPOINT((0.,-521.060088,81.799689));
#12597=IFCCARTESIANPOINT((0.,-521.342666,81.799689));
#12598=IFCCARTESIANPOINT((0.,-521.59494,81.799689));
#12599=IFCCARTESIANPOINT((0.,-521.817042,81.799689));
#12600=IFCCARTESIANPOINT((0.,-522.009103,81.799689));
#12601=IFCCARTESIANPOINT((0.,-522.171255,81.799689));
#12602=IFCCARTESIANPOINT((0.,-522.303629,81.799689));
#12603=IFCCARTESIANPOINT((0.,-522.406358,81.799689));
#12604=IFCCARTESIANPOINT((0.,-522.479572,81.799689));
#12605=IFCCARTESIANPOINT((0.,-522.523405,81.799689));
#12606=IFCCARTESIANPOINT((0.,-522.537986,81.799689));
#12607=IFCPOLYLINE((#12608,#12609));
#12608=IFCCARTESIANPOINT((0.,2.844969,86.999882));
#12609=IFCCARTESIANPOINT((0.,7.724262,86.999882));
#12610=IFCPOLYLINE((#12611,#12612));
#12611=IFCCARTESIANPOINT((0.,7.724262,86.999882));
#12612=IFCCARTESIANPOINT((0.,14.916013,86.999882));
#12613=IFCBUILDINGSTOREY('3jyN1JyPj6HQ6W9w_nBgb4',#12614,'WC',$,$,#2820,$,$,$,$);
#12614=IFCOWNERHISTORY(#24,#27,.READWRITE.,.MODIFIED.,1762415604,#24,#27,1762415604);
#12615=IFCGROUP('02_9kM3BXAaO0HwwLZjlTB',#12616,'BBIM_Linked_Aggregate',$,$);
#12616=IFCOWNERHISTORY(#24,#27,.READWRITE.,.ADDED.,1762415884,#24,#27,1762415884);
#12617=IFCRELASSOCIATESDOCUMENT('1QSzzzB_TCZAYei1osZ58b',#12618,$,$,(#1),#12619);
#12618=IFCOWNERHISTORY(#24,#42,.READWRITE.,.ADDED.,1786466816,#24,#42,1786466816);
#12619=IFCDOCUMENTINFORMATION('X','EL-03-08-R04-NY',$,$,$,$,'DRAWING',$,$,$,$,$,$,$,$,$,$);
#12620=IFCRELASSOCIATESDOCUMENT('1ZT46kCRHFzBrLt6aiKaI5',#12621,$,$,(#1),#12622);
#12621=IFCOWNERHISTORY(#24,#42,.READWRITE.,.ADDED.,1786466860,#24,#42,1786466860);
#12622=IFCDOCUMENTINFORMATION('X','EL-03-09-R04-NX',$,$,$,$,'DRAWING',$,$,$,$,$,$,$,$,$,$);
#12623=IFCRELASSOCIATESDOCUMENT('2y$fIXlNbD4e4xlmpRMpwf',#12624,$,$,(#1),#12625);
#12624=IFCOWNERHISTORY(#24,#42,.READWRITE.,.ADDED.,1786467815,#24,#42,1786467815);
#12625=IFCDOCUMENTINFORMATION('X','EL-08-32-R17-NX',$,$,$,$,'DRAWING',$,$,$,$,$,$,$,$,$,$);
#12626=IFCRELASSOCIATESDOCUMENT('1Dek2PGErDERDCpDBzK7xY',#12627,$,$,(#1),#12628);
#12627=IFCOWNERHISTORY(#24,#42,.READWRITE.,.ADDED.,1786467142,#24,#42,1786467142);
#12628=IFCDOCUMENTINFORMATION('X','EL-04-10-R07-PY',$,$,$,$,'DRAWING',$,$,$,$,$,$,$,$,$,$);
#12629=IFCRELASSOCIATESDOCUMENT('3jDka_a4v5sxqgfkeiwtTJ',#12630,$,$,(#1),#12631);
#12630=IFCOWNERHISTORY(#24,#42,.READWRITE.,.ADDED.,1786467822,#24,#42,1786467822);
#12631=IFCDOCUMENTINFORMATION('X','EL-09-33-R22-PY',$,$,$,$,'DRAWING',$,$,$,$,$,$,$,$,$,$);
#12632=IFCRELASSOCIATESDOCUMENT('1P$oNuoqP0ygdIlnu6pdgu',#12633,$,$,(#1),#12634);
#12633=IFCOWNERHISTORY(#24,#42,.READWRITE.,.ADDED.,1786467808,#24,#42,1786467808);
#12634=IFCDOCUMENTINFORMATION('X','EL-08-31-R17-NY',$,$,$,$,'DRAWING',$,$,$,$,$,$,$,$,$,$);
#12635=IFCRELASSOCIATESDOCUMENT('0rHrAesFzCxBfa2FvDZjZf',#12636,$,$,(#1),#12637);
#12636=IFCOWNERHISTORY(#24,#42,.READWRITE.,.ADDED.,1786467631,#24,#42,1786467631);
#12637=IFCDOCUMENTINFORMATION('X','EL-06-22-R12-NX',$,$,$,$,'DRAWING',$,$,$,$,$,$,$,$,$,$);
#12638=IFCRELASSOCIATESDOCUMENT('3giH9RUoT1E9D5Uq3geeVH',#12639,$,$,(#1),#12640);
#12639=IFCOWNERHISTORY(#24,#42,.READWRITE.,.ADDED.,1770189208,#24,#42,1770189208);
#12640=IFCDOCUMENTINFORMATION('X','Wall Plan',$,$,$,$,'DRAWING',$,$,$,$,$,$,$,$,$,$);
#12641=IFCRELASSOCIATESDOCUMENT('09OMG_T5PD7upYZsfXLDNJ',#12642,$,$,(#1),#12643);
#12642=IFCOWNERHISTORY(#24,#42,.READWRITE.,.ADDED.,1786467243,#24,#42,1786467243);
#12643=IFCDOCUMENTINFORMATION('X','EL-04-12-R07-NY',$,$,$,$,'DRAWING',$,$,$,$,$,$,$,$,$,$);
#12644=IFCRELASSOCIATESDOCUMENT('3$Q9GN2cD82Oryt$5kHsOz',#12645,$,$,(#1),#12646);
#12645=IFCOWNERHISTORY(#24,#42,.READWRITE.,.ADDED.,1786467750,#24,#42,1786467750);
#12646=IFCDOCUMENTINFORMATION('X','EL-08-29-R17-PX',$,$,$,$,'DRAWING',$,$,$,$,$,$,$,$,$,$);
#12647=IFCRELASSOCIATESDOCUMENT('2sHislgG95QAgiD1C7jrVO',#12648,$,$,(#1),#12649);
#12648=IFCOWNERHISTORY(#24,#42,.READWRITE.,.ADDED.,1786467756,#24,#42,1786467756);
#12649=IFCDOCUMENTINFORMATION('X','EL-08-30-R16-NY',$,$,$,$,'DRAWING',$,$,$,$,$,$,$,$,$,$);
#12650=IFCRELASSOCIATESDOCUMENT('0jqo_RDlTBSRT352IetPxW',#12651,$,$,(#1),#12652);
#12651=IFCOWNERHISTORY(#24,#42,.READWRITE.,.ADDED.,1785423587,#24,#42,1785423587);
#12652=IFCDOCUMENTINFORMATION('X','FFL PLAN',$,$,$,$,'DRAWING',$,$,$,$,$,$,$,$,$,$);
#12653=IFCRELASSOCIATESDOCUMENT('2QlY8QPK58GghvkRQPHV7I',#12654,$,$,(#1),#12655);
#12654=IFCOWNERHISTORY(#24,#42,.READWRITE.,.ADDED.,1786467680,#24,#42,1786467680);
#12655=IFCDOCUMENTINFORMATION('X','EL-07-23-R15-PY',$,$,$,$,'DRAWING',$,$,$,$,$,$,$,$,$,$);
#12656=IFCRELASSOCIATESDOCUMENT('2qFzpsHRX1k9Qkpqcz4k3G',#12657,$,$,(#1),#12658);
#12657=IFCOWNERHISTORY(#24,#42,.READWRITE.,.ADDED.,1786467616,#24,#42,1786467616);
#12658=IFCDOCUMENTINFORMATION('X','EL-06-20-R12-NY',$,$,$,$,'DRAWING',$,$,$,$,$,$,$,$,$,$);
#12659=IFCRELASSOCIATESDOCUMENT('35o6EXmxL3PgozJzeDmoq$',#12660,$,$,(#1),#12661);
#12660=IFCOWNERHISTORY(#24,#42,.READWRITE.,.ADDED.,1770280538,#24,#42,1770280538);
#12661=IFCDOCUMENTINFORMATION('X','Wall Finish Plan',$,$,$,$,'DRAWING',$,$,$,$,$,$,$,$,$,$);
#12662=IFCRELASSOCIATESDOCUMENT('3JAVbaJIX1lA5ifz2dNCKz',#12663,$,$,(#1),#12664);
#12663=IFCOWNERHISTORY(#24,#42,.READWRITE.,.ADDED.,1786466382,#24,#42,1786466382);
#12664=IFCDOCUMENTINFORMATION('X','EL-02-04-R20-NY',$,$,$,$,'DRAWING',$,$,$,$,$,$,$,$,$,$);
#12665=IFCRELASSOCIATESDOCUMENT('1bLtaiJYn4Kv8a7$BiY7mf',#12666,$,$,(#1),#12667);
#12666=IFCOWNERHISTORY(#24,#42,.READWRITE.,.ADDED.,1786467229,#24,#42,1786467229);
#12667=IFCDOCUMENTINFORMATION('X','EL-04-11-R07-PX',$,$,$,$,'DRAWING',$,$,$,$,$,$,$,$,$,$);
#12668=IFCRELASSOCIATESDOCUMENT('0emDbQ26z8deCI2RhgXBW0',#12669,$,$,(#1),#12670);
#12669=IFCOWNERHISTORY(#24,#42,.READWRITE.,.ADDED.,1786467252,#24,#42,1786467252);
#12670=IFCDOCUMENTINFORMATION('X','EL-04-13-R07-NX',$,$,$,$,'DRAWING',$,$,$,$,$,$,$,$,$,$);
#12671=IFCRELASSOCIATESDOCUMENT('13JFuPSG11B8CXdWMXY9D2',#12672,$,$,(#1),#12673);
#12672=IFCOWNERHISTORY(#24,#42,.READWRITE.,.ADDED.,1786467622,#24,#42,1786467622);
#12673=IFCDOCUMENTINFORMATION('X','EL-06-21-R12-PX',$,$,$,$,'DRAWING',$,$,$,$,$,$,$,$,$,$);
#12674=IFCRELAGGREGATES('0OOJ_sFpP6rAKuHzrpuKFE',$,$,$,#1,(#16));
#12675=IFCRELASSOCIATESDOCUMENT('2Vs2T$3JzAhuGgCwuQdMwP',#12676,$,$,(#1),#12677);
#12676=IFCOWNERHISTORY(#24,#42,.READWRITE.,.ADDED.,1786467264,#24,#42,1786467264);
#12677=IFCDOCUMENTINFORMATION('X','EL-05-14-R09-PY',$,$,$,$,'DRAWING',$,$,$,$,$,$,$,$,$,$);
#12678=IFCRELASSOCIATESDOCUMENT('3AGhNLFO50NfYJKkt51kwn',#12679,$,$,(#1),#12680);
#12679=IFCOWNERHISTORY(#24,#42,.READWRITE.,.ADDED.,1768975613,#24,#42,1768975613);
#12680=IFCDOCUMENTINFORMATION('X','BBIM_Cost_Documents','Bonsai internal document containing references to cost CSV files',$,$,$,$,$,$,$,$,$,$,$,$,$,$);
#12681=IFCRELASSOCIATESDOCUMENT('2TQy4svKnE2gtijQ6v1Tos',#12682,$,$,(#1),#12683);
#12682=IFCOWNERHISTORY(#24,#42,.READWRITE.,.ADDED.,1786467831,#24,#42,1786467831);
#12683=IFCDOCUMENTINFORMATION('X','EL-09-34-R22-PX',$,$,$,$,'DRAWING',$,$,$,$,$,$,$,$,$,$);
#12684=IFCRELASSOCIATESDOCUMENT('2svXnx48bCPwoXiPysf$NL',#12685,$,$,(#1),#12686);
#12685=IFCOWNERHISTORY(#24,#42,.READWRITE.,.ADDED.,1786467893,#24,#42,1786467893);
#12686=IFCDOCUMENTINFORMATION('X','EL-09-35-R22-NY',$,$,$,$,'DRAWING',$,$,$,$,$,$,$,$,$,$);
#12687=IFCRELASSOCIATESDOCUMENT('0QD6vus5f5BggqStsJa1Us',#12688,$,$,(#1),#12689);
#12688=IFCOWNERHISTORY(#24,#42,.READWRITE.,.ADDED.,1786516863,#24,#42,1786516863);
#12689=IFCDOCUMENTINFORMATION('X','EL-P01-01-LIVING-WEST-NX',$,$,$,$,'DRAWING',$,$,$,$,$,$,$,$,$,$);
#12690=IFCRELASSOCIATESDOCUMENT('0zE89mnf54JfwmvLIMaDl6',#12691,$,$,(#1),#12692);
#12691=IFCOWNERHISTORY(#24,#42,.READWRITE.,.ADDED.,1786467903,#24,#42,1786467903);
#12692=IFCDOCUMENTINFORMATION('X','EL-09-36-R22-NX',$,$,$,$,'DRAWING',$,$,$,$,$,$,$,$,$,$);
#12693=IFCRELASSOCIATESDOCUMENT('0SLRuQgaL4MgSuVxwrWsY1',#12694,$,$,(#1),#12695);
#12694=IFCOWNERHISTORY(#24,#42,.READWRITE.,.ADDED.,1786466377,#24,#42,1786466377);
#12695=IFCDOCUMENTINFORMATION('X','EL-01-02-R20-PY',$,$,$,$,'DRAWING',$,$,$,$,$,$,$,$,$,$);
#12696=IFCRELASSOCIATESDOCUMENT('0nUegiyGXCEBvFUHiYg_8w',#12697,$,$,(#1),#12698);
#12697=IFCOWNERHISTORY(#24,#42,.READWRITE.,.ADDED.,1786467684,#24,#42,1786467684);
#12698=IFCDOCUMENTINFORMATION('X','EL-07-24-R15-PX',$,$,$,$,'DRAWING',$,$,$,$,$,$,$,$,$,$);
#12699=IFCRELASSOCIATESDOCUMENT('0TrCATNUnDywFM5tdyqrcN',#12700,$,$,(#1),#12701);
#12700=IFCOWNERHISTORY(#24,#42,.READWRITE.,.ADDED.,1786467740,#24,#42,1786467740);
#12701=IFCDOCUMENTINFORMATION('X','EL-08-27-R18-PY',$,$,$,$,'DRAWING',$,$,$,$,$,$,$,$,$,$);
#12702=IFCRELASSOCIATESDOCUMENT('2HK9Nz2jb9kRV7woST6jTn',#12703,$,$,(#1),#12704);
#12703=IFCOWNERHISTORY(#24,#42,.READWRITE.,.ADDED.,1786467688,#24,#42,1786467688);
#12704=IFCDOCUMENTINFORMATION('X','EL-07-25-R15-NY',$,$,$,$,'DRAWING',$,$,$,$,$,$,$,$,$,$);
#12705=IFCRELASSOCIATESDOCUMENT('1OxvnkTRf23AJUE_VjJ_uL',#12706,$,$,(#1),#12707);
#12706=IFCOWNERHISTORY(#24,#42,.READWRITE.,.ADDED.,1786467552,#24,#42,1786467552);
#12707=IFCDOCUMENTINFORMATION('X','EL-05-16-R09-NY',$,$,$,$,'DRAWING',$,$,$,$,$,$,$,$,$,$);
#12708=IFCRELASSOCIATESDOCUMENT('326QAmjnP89eeN0qf2j_ET',#12709,$,$,(#1),#12710);
#12709=IFCOWNERHISTORY(#24,#42,.READWRITE.,.ADDED.,1786467692,#24,#42,1786467692);
#12710=IFCDOCUMENTINFORMATION('X','EL-07-26-R15-NX',$,$,$,$,'DRAWING',$,$,$,$,$,$,$,$,$,$);
#12711=IFCRELASSOCIATESDOCUMENT('1vgNfNNTP2XuPn82GBoPEx',#12712,$,$,(#1),#12713);
#12712=IFCOWNERHISTORY(#24,#42,.READWRITE.,.ADDED.,1786467557,#24,#42,1786467557);
#12713=IFCDOCUMENTINFORMATION('X','EL-05-17-R09-NX',$,$,$,$,'DRAWING',$,$,$,$,$,$,$,$,$,$);
#12714=IFCRELASSOCIATESDOCUMENT('0qG5EvF4PBy80FnHeEpRjZ',#12715,$,$,(#1),#12716);
#12715=IFCOWNERHISTORY(#24,#42,.READWRITE.,.ADDED.,1786466590,#24,#42,1786466590);
#12716=IFCDOCUMENTINFORMATION('X','EL-02-05-R20-NX',$,$,$,$,'DRAWING',$,$,$,$,$,$,$,$,$,$);
#12717=IFCRELASSOCIATESDOCUMENT('3msXiumGv5IgGTLw$2ZH7A',#12718,$,$,(#1),#12719);
#12718=IFCOWNERHISTORY(#24,#42,.READWRITE.,.ADDED.,1786467548,#24,#42,1786467548);
#12719=IFCDOCUMENTINFORMATION('X','EL-05-15-R09-PX',$,$,$,$,'DRAWING',$,$,$,$,$,$,$,$,$,$);
#12720=IFCRELASSOCIATESDOCUMENT('2fo8k85oH5HBeSOn_56OjM',#12721,$,$,(#1),#12722);
#12721=IFCOWNERHISTORY(#24,#42,.READWRITE.,.ADDED.,1786466724,#24,#42,1786466724);
#12722=IFCDOCUMENTINFORMATION('X','EL-03-06-R04-PY',$,$,$,$,'DRAWING',$,$,$,$,$,$,$,$,$,$);
#12723=IFCRELASSOCIATESDOCUMENT('1DlFjmUPz2TOwoKRagjnpu',#12724,$,$,(#1),#12725);
#12724=IFCOWNERHISTORY(#24,#42,.READWRITE.,.ADDED.,1786516877,#24,#42,1786516877);
#12725=IFCDOCUMENTINFORMATION('X','EL-P01-03-DINING-NORTH-PY',$,$,$,$,'DRAWING',$,$,$,$,$,$,$,$,$,$);
#12726=IFCRELASSOCIATESDOCUMENT('3PnJSPR7963wgSzJfIu2GK',#12727,$,$,(#1),#12728);
#12727=IFCOWNERHISTORY(#24,#42,.READWRITE.,.ADDED.,1786516866,#24,#42,1786516866);
#12728=IFCDOCUMENTINFORMATION('X','EL-P01-02-LIVING-SOUTH-NY',$,$,$,$,'DRAWING',$,$,$,$,$,$,$,$,$,$);
#12729=IFCRELASSOCIATESDOCUMENT('1ZHdh7I9n16w4lvnO2E9dC',#12730,$,$,(#1),#12731);
#12730=IFCOWNERHISTORY(#24,#42,.READWRITE.,.ADDED.,1786467561,#24,#42,1786467561);
#12731=IFCDOCUMENTINFORMATION('X','EL-06-18-R13-PY',$,$,$,$,'DRAWING',$,$,$,$,$,$,$,$,$,$);
#12732=IFCRELASSOCIATESDOCUMENT('25H1U$xdD42fP4Ox2bsnML',#12733,$,$,(#1),#12734);
#12733=IFCOWNERHISTORY(#24,#42,.READWRITE.,.ADDED.,1786466286,#24,#42,1786466286);
#12734=IFCDOCUMENTINFORMATION('X','EL-01-01-R14-PY',$,$,$,$,'DRAWING',$,$,$,$,$,$,$,$,$,$);
#12735=IFCRELASSOCIATESDOCUMENT('0Wncn9Rp53ofGHDRsBYlaI',#12736,$,$,(#1),#12737);
#12736=IFCOWNERHISTORY(#24,#42,.READWRITE.,.ADDED.,1786516896,#24,#42,1786516896);
#12737=IFCDOCUMENTINFORMATION('X','EL-P01-06-MIDDLE-KITCHEN-WEST-NX',$,$,$,$,'DRAWING',$,$,$,$,$,$,$,$,$,$);
#12738=IFCRELASSOCIATESDOCUMENT('1S7ovJfULDDR$unHGmF_fD',#12739,$,$,(#1),#12740);
#12739=IFCOWNERHISTORY(#24,#42,.READWRITE.,.ADDED.,1770362686,#24,#42,1770362686);
#12740=IFCDOCUMENTINFORMATION('X','Sanitary Plan',$,$,$,$,'DRAWING',$,$,$,$,$,$,$,$,$,$);
#12741=IFCRELASSOCIATESDOCUMENT('3sLq3LAdj87PDTP5kjgkI7',#12742,$,$,(#1),#12743);
#12742=IFCOWNERHISTORY(#24,#42,.READWRITE.,.ADDED.,1786467744,#24,#42,1786467744);
#12743=IFCDOCUMENTINFORMATION('X','EL-08-28-R17-PY',$,$,$,$,'DRAWING',$,$,$,$,$,$,$,$,$,$);
#12744=IFCRELASSOCIATESDOCUMENT('1vtgaHodzAe9E_Cg6ztKa1',#12745,$,$,(#1),#12746);
#12745=IFCOWNERHISTORY(#24,#42,.READWRITE.,.ADDED.,1786516889,#24,#42,1786516889);
#12746=IFCDOCUMENTINFORMATION('X','EL-P01-05-WEST-KITCHEN-WEST-NX',$,$,$,$,'DRAWING',$,$,$,$,$,$,$,$,$,$);
#12747=IFCRELASSOCIATESDOCUMENT('15i$5L$B95UOoApdVZYoKM',#12748,$,$,(#1),#12749);
#12748=IFCOWNERHISTORY(#24,#42,.READWRITE.,.ADDED.,1786466220,#24,#42,1786466220);
#12749=IFCDOCUMENTINFORMATION('X','EL-01-03-R20-PX',$,$,$,$,'DRAWING',$,$,$,$,$,$,$,$,$,$);
#12750=IFCRELASSOCIATESDOCUMENT('0aPsGJGFDB3eGmdFs_AfV2',#12751,$,$,(#1),#12752);
#12751=IFCOWNERHISTORY(#24,#42,.READWRITE.,.ADDED.,1770474701,#24,#42,1770474701);
#12752=IFCDOCUMENTINFORMATION('X','Furniture Plan',$,$,$,$,'DRAWING',$,$,$,$,$,$,$,$,$,$);
#12753=IFCRELASSOCIATESDOCUMENT('0B$phm3w5Bfx4AccWBkNsf',#12754,$,$,(#1),#12755);
#12754=IFCOWNERHISTORY(#24,#42,.READWRITE.,.ADDED.,1786516900,#24,#42,1786516900);
#12755=IFCDOCUMENTINFORMATION('X','EL-P02-A-PUBLIC-NX',$,$,$,$,'DRAWING',$,$,$,$,$,$,$,$,$,$);
#12756=IFCRELASSOCIATESDOCUMENT('1hEeUNpgH769A_AJV8AGL7',#12757,$,$,(#1),#12758);
#12757=IFCOWNERHISTORY(#24,#42,.READWRITE.,.ADDED.,1786516884,#24,#42,1786516884);
#12758=IFCDOCUMENTINFORMATION('X','EL-P01-04-DINING-EAST-PX',$,$,$,$,'DRAWING',$,$,$,$,$,$,$,$,$,$);
#12759=IFCRELASSOCIATESDOCUMENT('3Gp6QRlZn9GO5i1aV$OPNL',#12760,$,$,(#1),#12761);
#12760=IFCOWNERHISTORY(#24,#42,.READWRITE.,.ADDED.,1786516919,#24,#42,1786516919);
#12761=IFCDOCUMENTINFORMATION('X','EL-P02-B-PUBLIC-PX',$,$,$,$,'DRAWING',$,$,$,$,$,$,$,$,$,$);
#12762=IFCRELASSOCIATESDOCUMENT('033yDu$evBSg13LyHpmu1x',#12763,$,$,(#1),#12764);
#12763=IFCOWNERHISTORY(#24,#42,.READWRITE.,.ADDED.,1786467612,#24,#42,1786467612);
#12764=IFCDOCUMENTINFORMATION('X','EL-06-19-R12-PY',$,$,$,$,'DRAWING',$,$,$,$,$,$,$,$,$,$);
#12765=IFCRELASSOCIATESDOCUMENT('171Q0s0$v0ruqiw31FMCaJ',#12766,$,$,(#1),#12767);
#12766=IFCOWNERHISTORY(#24,#42,.READWRITE.,.ADDED.,1786466775,#24,#42,1786466775);
#12767=IFCDOCUMENTINFORMATION('X','EL-03-07-R04-PX',$,$,$,$,'DRAWING',$,$,$,$,$,$,$,$,$,$);
#12768=IFCRELAGGREGATES('1lQDpO8o1BexUkJXGGEYsR',$,$,$,#16,(#22));
#12769=IFCRELAGGREGATES('3Zmam45Nb6lQyVxwxSi5RE',#12770,$,$,#22,(#33));
#12770=IFCOWNERHISTORY(#24,#27,.READWRITE.,.MODIFIED.,1765977108,#24,#42,1759986538);
#12771=IFCRELDEFINESBYTYPE('28QtJzU59CbflMg7JszHl4',#12772,$,$,(#2816),#40);
#12772=IFCOWNERHISTORY(#24,#27,.READWRITE.,.MODIFIED.,1762415837,#24,#27,1762356339);
#12773=IFCRELAGGREGATES('1Bxkz1G7P4ufjHQUqdsU67',#12774,$,$,#33,(#12613));
#12774=IFCOWNERHISTORY(#24,#27,.READWRITE.,.MODIFIED.,1768115645,#24,#42,1762412096);
#12775=IFCRELDEFINESBYPROPERTIES('1D6mDDP2T6o841YXBh_koS',#12776,$,$,(#2816),#12777);
#12776=IFCOWNERHISTORY(#24,#27,.READWRITE.,.ADDED.,1762411382,#24,#27,1762411382);
#12777=IFCPROPERTYSET('2invjfcPb17uIpLibT3Nyd',#12778,'BBIM_Linked_Aggregate',$,(#12779));
#12778=IFCOWNERHISTORY(#24,#27,.READWRITE.,.ADDED.,1762411382,#24,#27,1762411382);
#12779=IFCPROPERTYSINGLEVALUE('Index',$,IFCINTEGER(2),$);
#12780=IFCSTYLEDITEM(#53,(#12781),$);
#12781=IFCSURFACESTYLE('Geberit Nuna V Seat Ceramics',.BOTH.,(#12782));
#12782=IFCSURFACESTYLERENDERING(#12783,0.,#12784,$,$,$,IFCNORMALISEDRATIOMEASURE(0.),IFCSPECULARROUGHNESS(1.),.NOTDEFINED.);
#12783=IFCCOLOURRGB($,0.800000011920929,0.800000011920929,0.800000011920929);
#12784=IFCCOLOURRGB($,0.800000011920929,0.800000011920929,0.800000011920929);
#12785=IFCSHAPEASPECT((#2841),'Plan','{"review_library_body_view": 1, "camera_normal_local": [0.0, 0.0, 1.0], "source": "official_native_dwg_paths_mm", "review_category": "partial"}',.T.,#2833);
#12786=IFCSHAPEASPECT((#4794),'Front','{"review_library_body_view": 1, "camera_normal_local": [0.0, -1.0, 0.0], "source": "official_native_dwg_paths_mm", "review_category": "partial"}',.T.,#2833);
#12787=IFCSHAPEASPECT((#9018),'Side','{"review_library_body_view": 1, "camera_normal_local": [-1.0, 0.0, 0.0], "source": "official_native_dwg_paths_mm", "review_category": "partial"}',.T.,#2833);
#12788=IFCSTYLEDITEM(#12789,(#12781),'Geberit Nuna V Seat Ceramics');
#12789=IFCPOLYGONALFACESET(#12790,$,(#12791,#12792,#12793,#12794,#12795,#12796,#12797,#12798,#12799,#12800,#12801,#12802,#12803,#12804,#12805,#12806,#12807,#12808,#12809,#12810,#12811,#12812,#12813,#12814,#12815,#12816,#12817,#12818,#12819,#12820,#12821,#12822,#12823,#12824,#12825,#12826,#12827,#12828,#12829,#12830,#12831,#12832,#12833,#12834,#12835,#12836,#12837,#12838,#12839,#12840,#12841,#12842,#12843,#12844,#12845,#12846,#12847,#12848,#12849,#12850,#12851,#12852,#12853,#12854,#12855,#12856,#12857,#12858,#12859,#12860,#12861,#12862,#12863,#12864,#12865,#12866,#12867,#12868,#12869,#12870,#12871,#12872,#12873,#12874,#12875,#12876,#12877,#12878,#12879,#12880,#12881,#12882,#12883,#12884,#12885,#12886,#12887,#12888,#12889,#12890,#12891,#12892,#12893,#12894,#12895,#12896,#12897,#12898,#12899,#12900,#12901,#12902,#12903,#12904,#12905,#12906,#12907,#12908,#12909,#12910,#12911,#12912,#12913,#12914,#12915,#12916,#12917,#12918,#12919,#12920,#12921,#12922,#12923,#12924,#12925,#12926,#12927,#12928,#12929,#12930,#12931,#12932,#12933,#12934,#12935,#12936,#12937,#12938,#12939,#12940,#12941,#12942,#12943,#12944,#12945,#12946,#12947,#12948,#12949,#12950,#12951,#12952,#12953,#12954,#12955,#12956,#12957,#12958,#12959,#12960,#12961,#12962,#12963,#12964,#12965,#12966,#12967,#12968,#12969,#12970,#12971,#12972,#12973,#12974,#12975,#12976,#12977,#12978,#12979,#12980,#12981,#12982,#12983,#12984,#12985,#12986,#12987,#12988,#12989,#12990,#12991,#12992,#12993,#12994,#12995,#12996,#12997,#12998,#12999,#13000,#13001,#13002,#13003,#13004,#13005,#13006,#13007,#13008,#13009,#13010,#13011,#13012,#13013,#13014,#13015,#13016,#13017,#13018,#13019,#13020,#13021,#13022,#13023,#13024,#13025,#13026,#13027,#13028,#13029,#13030,#13031,#13032,#13033,#13034,#13035,#13036,#13037,#13038,#13039,#13040,#13041,#13042,#13043,#13044,#13045,#13046,#13047,#13048,#13049,#13050,#13051,#13052,#13053,#13054,#13055,#13056,#13057,#13058,#13059,#13060,#13061,#13062,#13063,#13064,#13065,#13066,#13067,#13068,#13069,#13070,#13071,#13072,#13073,#13074,#13075,#13076,#13077,#13078,#13079,#13080,#13081,#13082,#13083,#13084,#13085,#13086,#13087,#13088,#13089,#13090,#13091,#13092,#13093,#13094,#13095,#13096,#13097,#13098,#13099,#13100,#13101,#13102,#13103,#13104,#13105,#13106,#13107,#13108,#13109,#13110,#13111,#13112,#13113,#13114,#13115,#13116,#13117,#13118,#13119,#13120,#13121,#13122,#13123,#13124,#13125,#13126),$);
#12790=IFCCARTESIANPOINTLIST3D(((7.14854896068573,-552.289962768555,100.),(0.,-552.290856838226,100.),(7.14854896068573,-552.289962768555,0.),(0.,-552.290856838226,0.),(149.639472365379,-25.0436998903751,100.),(151.247426867485,-19.2698817700148,0.),(149.639472365379,-25.0436998903751,0.),(-176.74957215786,-397.275000810623,100.),(-174.212664365768,-412.333577871323,0.),(169.932618737221,-429.479032754898,100.),(174.,-413.320779800415,0.),(169.932618737221,-429.479032754898,0.),(-192.243218421936,-48.0874627828598,100.),(-192.129984498024,-48.0781570076942,0.),(-179.785221815109,-59.2154115438461,100.),(-179.776325821877,-58.5907287895679,100.),(-179.740771651268,-56.0919940471649,0.),(-128.21938097477,-502.215564250946,100.),(-135.021328926086,-494.810402393341,0.),(149.52839910984,-48.8927401602268,100.),(149.363040924072,-42.1611927449703,0.),(149.52839910984,-48.8927401602268,0.),(3.87939787469804,-552.70904302597,100.),(6.49471860378981,-552.373766899109,100.),(3.87939787469804,-552.70904302597,0.),(164.490908384323,-445.36879658699,100.),(164.490908384323,-445.36879658699,0.),(-135.021328926086,-494.810402393341,100.),(-141.,-487.42464184761,0.),(111.217305064201,-517.203807830811,100.),(111.217305064201,-517.203807830811,0.),(-178.815752267838,-378.156185150146,100.),(-176.74957215786,-397.275000810623,0.),(103.628374636173,-522.626340389252,100.),(103.628374636173,-522.626340389252,0.),(-192.621827125549,-50.1794554293156,100.),(-192.449986934662,-48.7311631441116,0.),(32.5211472809315,-550.208032131195,100.),(32.5211472809315,-550.208032131195,0.),(-179.908066987991,-358.958065509796,100.),(-178.815752267838,-378.156185150146,0.),(-188.344970345497,5.20369177684188,100.),(-188.513934612274,25.,100.),(-188.513934612274,25.,0.),(178.494513034821,-58.9033141732216,100.),(187.8652125597,-58.7654747068882,100.),(187.8652125597,-58.7654747068882,0.),(25.8989259600639,-551.162779331207,100.),(25.8989259600639,-551.162779331207,0.),(-74.9810039997101,-56.715901941061,100.),(-0.0219274970731931,-56.9275207817554,0.),(-74.9810039997101,-56.715901941061,0.),(-141.012579202652,-59.4546608626842,100.),(-94.0681248903275,-59.9472559988499,0.),(-15.7014448195696,-552.18493938446,100.),(-15.7014448195696,-552.18493938446,0.),(187.668263912201,-73.9701688289642,100.),(187.837198376656,-54.1766956448555,100.),(188.513025641441,25.,0.),(-152.883097529411,-52.,100.),(-153.037026524544,-53.4010156989098,0.),(37.498977035284,-56.8744204938412,100.),(74.9475657939911,-56.7160472273827,0.),(37.498977035284,-56.8744204938412,0.),(95.2313095331192,-527.919054031372,100.),(95.2313095331192,-527.919054031372,0.),(-180.538222193718,-15.3664303943515,100.),(-180.561035871506,-14.3905784934759,100.),(-180.561035871506,-14.3905784934759,0.),(-99.7255370020866,-9.46264900267124,100.),(-90.6719416379929,-9.01019480079412,100.),(-90.6719416379929,-9.01019480079412,0.),(-151.950195431709,-48.2780560851097,100.),(-152.047857642174,-48.071913421154,0.),(-151.950195431709,-48.2780560851097,0.),(183.65341424942,-377.467304468155,100.),(183.65341424942,-377.467304468155,0.),(179.739847779274,-56.0919530689716,100.),(179.647654294968,-53.4010119736195,0.),(179.739847779274,-56.0919530689716,0.),(-19.5895936340094,-551.855027675629,100.),(-19.5895936340094,-551.855027675629,0.),(182.434275746346,-26.3426173478365,100.),(181.125789880753,-14.4357308745384,100.),(181.125789880753,-14.4357308745384,0.),(-100.080266594887,-524.947881698608,100.),(-100.080266594887,-524.947881698608,0.),(151.949301362038,-48.2779890298843,100.),(152.046918869019,-48.0718985199928,0.),(151.949301362038,-48.2779890298843,0.),(192.011043429375,-48.2780337333679,100.),(192.129135131836,-48.0781197547913,0.),(192.011043429375,-48.2780337333679,0.),(149.363040924072,-42.1611927449703,100.),(149.281784892082,-36.0505916178226,0.),(-176.675215363503,-412.871092557907,100.),(-180.720001459122,-396.29602432251,0.),(-176.675215363503,-412.871092557907,0.),(178.814962506294,-378.156125545502,100.),(179.907232522964,-358.958035707474,0.),(178.814962506294,-378.156125545502,0.),(-87.8658220171928,-532.013177871704,100.),(-87.8658220171928,-532.013177871704,0.),(176.748737692833,-397.274971008301,100.),(176.748737692833,-397.274971008301,0.),(-149.287283420563,-30.7027250528336,100.),(-149.326220154762,-28.6647658795118,0.),(-149.287283420563,-30.7027250528336,0.),(163.034856319427,-13.3506273850799,100.),(-170.546978712082,-427.374929189682,100.),(-165.626168251038,-442.407548427582,0.),(192.850068211555,-60.3168345987797,100.),(192.856669425964,-58.5107952356339,100.),(192.850068211555,-60.3168345987797,0.),(-159.247577190399,-457.457095384598,100.),(125.118717551231,-505.289494991302,100.),(125.118717551231,-505.289494991302,0.),(-1.38866412453353,-552.754044532776,100.),(-2.92942789383233,-552.736401557922,0.),(137.485221028328,-491.870611906052,100.),(137.485221028328,-491.870611906052,0.),(-152.727916836739,-50.7811903953552,100.),(-152.883097529411,-52.,0.),(8.34559835493565,-552.470207214355,100.),(10.4320924729109,-552.515149116516,0.),(21.1510621011257,-551.705002784729,100.),(21.1510621011257,-551.705002784729,0.),(52.8284497559071,-545.792698860168,100.),(52.8284497559071,-545.792698860168,0.),(-90.3881564736366,-9.,0.),(-18.1347541511059,-7.56109273061156,100.),(-135.514795780182,-11.2469894811511,0.),(-6.39338605105877,-552.465200424194,100.),(-5.35751460120082,-552.652418613434,100.),(-5.35751460120082,-552.652418613434,0.),(-135.939925909042,-11.2724686041474,100.),(-135.939925909042,-11.2724686041474,0.),(90.6710848212242,-9.01021063327789,100.),(90.387225151062,-9.,0.),(-152.427181601524,-48.9533096551895,100.),(-152.574792504311,-49.7528836131096,0.),(-11.7964567616582,-552.441656589508,100.),(-10.229904204607,-552.522301673889,100.),(-11.7964567616582,-552.441656589508,0.),(-9.83826629817486,-552.542448043823,0.),(-23.4588906168938,-551.452100276947,100.),(-23.4588906168938,-551.452100276947,0.),(-192.752361297607,-66.0564377903938,100.),(-192.798063158989,-64.1125962138176,0.),(2.44043674319983,-552.736401557922,100.),(1.3878361787647,-552.754044532776,0.),(179.647654294968,-53.4010119736195,100.),(153.036132454872,-53.4010156989098,0.),(94.0672233700752,-59.947282075882,100.),(141.011640429497,-59.4546496868134,0.),(94.0672233700752,-59.947282075882,0.),(-192.129984498024,-48.0781570076942,100.),(-184.113577008247,-48.0769090354443,100.),(-111.218094825745,-517.203867435455,100.),(-111.218094825745,-517.203867435455,0.),(192.449048161507,-48.7311780452728,100.),(192.621022462845,-50.1794815063477,0.),(-192.011967301369,-48.2780635356903,100.),(-192.011967301369,-48.2780635356903,0.),(-60.7204958796501,-543.421804904938,100.),(-60.7204958796501,-543.421804904938,0.),(-149.774968624115,-56.0890436172485,100.),(-149.52926337719,-48.8928072154522,0.),(180.286377668381,-26.0961037129164,100.),(180.446058511734,-19.2698761820793,100.),(180.446058511734,-19.2698761820793,0.),(-174.212664365768,-412.333577871323,100.),(-170.546978712082,-427.374929189682,0.),(153.036132454872,-53.4010156989098,100.),(152.678370475769,-46.5747900307178,100.),(-96.1290597915649,25.,100.),(-78.9792314171791,25.,100.),(-78.9792314171791,25.,0.),(179.907232522964,-358.958035707474,100.),(184.498071670532,-208.838284015656,0.),(-144.524052739143,-11.8757067248225,100.),(-135.514795780182,-11.2469894811511,100.),(-187.470242381096,-76.4086917042732,100.),(-184.499278664589,-208.823904395103,100.),(-184.499278664589,-208.823904395103,0.),(-187.866106629372,-58.7655231356621,0.),(179.777011275291,-62.6028999686241,100.),(179.719984531403,-66.0564228892326,100.),(179.777011275291,-62.6028999686241,0.),(179.719984531403,-66.0564228892326,0.),(-74.6857523918152,-538.226008415222,100.),(-74.6857523918152,-538.226008415222,0.),(-135.952100157738,25.,100.),(-115.685246884823,25.,0.),(-135.952100157738,25.,0.),(152.882218360901,-52.,100.),(152.727037668228,-50.781175494194,0.),(152.882218360901,-52.,0.),(0.,-60.3416189551353,100.),(47.0553413033485,-60.2429732680321,0.),(0.,-60.3416189551353,0.),(180.468872189522,-18.2940121740103,100.),(180.560126900673,-14.3905514851213,100.),(171.27488553524,-429.,0.),(-113.84455114603,25.,100.),(-98.,25.,100.),(-98.,25.,0.),(152.046918869019,-48.0718985199928,100.),(160.063371062279,-48.0731427669525,100.),(-151.138499379158,-472.521007061005,100.),(-141.,-487.42464184761,100.),(-151.138499379158,-472.521007061005,0.),(0.,-7.19881802797318,100.),(0.,-7.19881802797318,0.),(-99.4134843349457,-9.44849289953709,100.),(-90.3881564736366,-9.,100.),(147.478714585304,-478.318423032761,100.),(147.478714585304,-478.318423032761,0.),(-159.247577190399,-457.457095384598,0.),(-149.399131536484,-27.0247738808393,100.),(-149.504542350769,-25.8110444992781,0.),(-149.399131536484,-27.0247738808393,0.),(149.281784892082,-36.0505916178226,100.),(149.286314845085,-30.7026505470276,0.),(179.748728871346,-56.7166395485401,100.),(179.784283041954,-59.215385466814,0.),(72.3096877336502,-8.63887183368206,100.),(90.387225151062,-9.,100.),(-165.626168251038,-442.407548427582,100.),(-171.275794506073,-429.,0.),(-115.685246884823,25.,100.),(-150.959834456444,25.,0.),(152.160152792931,-48.1091700494289,100.),(152.160152792931,-48.1091700494289,0.),(152.5739133358,-49.7528538107872,100.),(152.727037668228,-50.781175494194,100.),(152.5739133358,-49.7528538107872,0.),(-179.908066987991,-358.958065509796,0.),(-149.774968624115,-56.0890436172485,0.),(162.525549530983,-13.3122187107801,100.),(180.560126900673,-14.3905514851213,0.),(152.426302433014,-48.9532724022865,100.),(152.287378907204,-48.4023317694664,0.),(152.426302433014,-48.9532724022865,0.),(-177.246451377869,25.,100.),(-101.01917386055,25.,100.),(-177.246451377869,25.,0.),(-150.959834456444,25.,100.),(-152.161091566086,-48.1092408299446,100.),(-152.288317680359,-48.4023317694664,0.),(149.325266480446,-28.6647528409958,100.),(149.398177862167,-27.0247459411621,0.),(149.325266480446,-28.6647528409958,0.),(149.286314845085,-30.7026505470276,100.),(152.287378907204,-48.4023317694664,100.),(-179.6485632658,-53.4010231494904,100.),(-179.6485632658,-53.4010231494904,0.),(192.751467227936,-66.0564228892326,100.),(192.751467227936,-66.0564228892326,0.),(-171.014964580536,25.,100.),(72.5367739796638,-8.64793173968792,100.),(90.6710848212242,-9.01021063327789,0.),(66.4810389280319,-541.440486907959,100.),(66.4810389280319,-541.440486907959,0.),(-164.728313684464,25.,100.),(-150.099724531174,25.,100.),(-91.5854051709175,25.,0.),(149.503633379936,-25.8109718561172,100.),(149.503633379936,-25.8109718561172,0.),(188.513025641441,25.,100.),(192.830175161362,-62.1914714574814,0.),(-187.669143080711,-73.9701390266418,100.),(-186.360657215118,-62.0632581412792,100.),(-181.126698851585,-14.4357588142157,0.),(188.866034150124,-212.099596858025,100.),(188.866034150124,-212.099596858025,0.),(-149.36389029026,-42.1612747013569,100.),(-149.282678961754,-36.050658673048,0.),(-149.36389029026,-42.1612747013569,0.),(-47.0562465488911,-60.2429993450642,100.),(-47.0562465488911,-60.2429993450642,0.),(-184.981361031532,-358.142793178558,100.),(-188.86686861515,-212.099626660347,0.),(-184.981361031532,-358.142793178558,0.),(-149.640396237373,-25.043772533536,100.),(-151.248306035995,-19.2698799073696,0.),(-149.640396237373,-25.043772533536,0.),(-179.777964949608,-62.6028850674629,100.),(-179.720908403397,-66.0564377903938,0.),(192.749783396721,-52.3635596036911,100.),(192.829549312592,-55.1830306649208,0.),(-188.86686861515,-212.099626660347,100.),(-192.752361297607,-66.0564377903938,0.),(-183.654204010963,-377.4673640728,100.),(-183.654204010963,-377.4673640728,0.),(-192.798063158989,-64.1125962138176,100.),(-192.831099033356,-62.1914565563202,0.),(192.621022462845,-50.1794815063477,100.),(192.749783396721,-52.3635596036911,0.),(-153.332397341728,25.,100.),(-151.606068015099,-26.0961074382067,100.),(-151.248306035995,-19.2698799073696,100.),(3.81217920221388,25.,0.),(176.67430639267,-412.871122360229,100.),(176.67430639267,-412.871122360229,0.),(180.719166994095,-396.29602432251,100.),(180.719166994095,-396.29602432251,0.),(-171.275794506073,-429.,100.),(-192.831099033356,-62.1914565563202,100.),(-192.851021885872,-60.3168196976185,0.),(-116.390906274319,25.,100.),(-107.748672366142,25.,100.),(192.129135131836,-48.0781197547913,100.),(192.242324352264,-48.087477684021,0.),(-164.728313684464,25.,0.),(180.844634771347,-24.7598681598902,100.),(-149.326220154762,-28.6647658795118,100.),(156.974285840988,-462.047159671783,100.),(156.974285840988,-462.047159671783,0.),(192.242324352264,-48.087477684021,100.),(192.449048161507,-48.7311780452728,0.),(87.2481465339661,-532.338738441467,100.),(87.2481465339661,-532.338738441467,0.),(-192.857578396797,-58.510810136795,100.),(-192.830413579941,-55.1830567419529,0.),(-192.830413579941,-55.1830567419529,100.),(-192.750707268715,-52.3635894060135,0.),(-149.282678961754,-36.050658673048,100.),(14.5531641319394,-552.272021770477,100.),(14.5531641319394,-552.272021770477,0.),(149.398177862167,-27.0247459411621,100.),(-180.287256836891,-26.0960813611746,100.),(-180.446952581406,-19.2698445171118,100.),(-180.446952581406,-19.2698445171118,0.),(77.8560042381287,-536.857843399048,100.),(77.8560042381287,-536.857843399048,0.),(149.77402985096,-56.0889653861523,100.),(149.77402985096,-56.0889653861523,0.),(192.797139286995,-64.1125664114952,100.),(192.797139286995,-64.1125664114952,0.),(-192.750707268715,-52.3635894060135,100.),(-192.621827125549,-50.1794554293156,0.),(-0.0219274970731931,-56.9275207817554,100.),(-31.1329327523708,-550.426244735718,100.),(-31.1329327523708,-550.426244735718,0.),(-7.87661597132683,-552.624881267548,100.),(-7.87661597132683,-552.624881267548,0.),(-152.574792504311,-49.7528836131096,100.),(-152.727916836739,-50.7811903953552,0.),(-152.288317680359,-48.4023317694664,100.),(-152.427181601524,-48.9533096551895,0.),(192.830175161362,-62.1914714574814,100.),(47.0553413033485,-60.2429732680321,100.),(-178.495392203331,-58.9033477008343,100.),(192.829549312592,-55.1830306649208,100.),(192.856669425964,-58.5107952356339,0.),(184.980526566505,-358.142793178558,100.),(184.980526566505,-358.142793178558,0.),(-149.52926337719,-48.8928072154522,100.),(-120.388112962246,-509.683310985565,100.),(-120.388112962246,-509.683310985565,0.),(-38.7075208127499,-549.10808801651,100.),(-38.7075208127499,-549.10808801651,0.),(-152.047857642174,-48.071913421154,100.),(-152.161091566086,-48.1092408299446,0.),(-180.720001459122,-396.29602432251,100.),(-180.,-55.7322986423969,100.),(-181.126698851585,-14.4357588142157,100.),(44.0490692853928,-547.988533973694,100.),(44.0490692853928,-547.988533973694,0.),(-192.449986934662,-48.7311631441116,100.),(-192.243218421936,-48.0874627828598,0.),(-187.866106629372,-58.7655231356621,100.),(-192.851021885872,-60.3168196976185,100.),(-192.857578396797,-58.510810136795,0.),(-172.089323401451,-13.803101144731,100.),(187.191784381866,-88.7800455093384,100.),(-46.1681857705116,-547.500133514404,100.),(-46.1681857705116,-547.500133514404,0.),(-179.777964949608,-62.6028850674629,0.),(-149.504542350769,-25.8110444992781,100.),(174.,-413.320779800415,100.),(74.9475657939911,-56.7160472273827,100.),(-94.0681248903275,-59.9472559988499,100.),(-187.669143080711,-73.9701390266418,0.),(-187.8901720047,-48.0774939060211,0.),(-101.01917386055,25.,0.),(-96.1290597915649,25.,0.),(-107.801087200642,25.,0.),(-116.390906274319,25.,0.),(-171.014964580536,25.,0.),(-150.099724531174,25.,0.),(-153.332397341728,25.,0.),(187.668263912201,-73.9701688289642,0.),(-10.5368718504906,-551.716685295105,0.),(-6.39338605105877,-552.465200424194,0.),(2.44043674319983,-552.736401557922,0.),(151.247426867485,-19.2698817700148,100.),(-179.740771651268,-56.0919940471649,100.),(-179.785221815109,-59.2154115438461,0.),(-128.21938097477,-502.215564250946,0.),(141.011640429497,-59.4546496868134,100.),(-141.012579202652,-59.4546608626842,0.),(-153.037026524544,-53.4010156989098,100.),(-2.92942789383233,-552.736401557922,100.),(-1.38866412453353,-552.754044532776,0.),(10.4320924729109,-552.515149116516,100.),(-10.5368718504906,-551.716685295105,100.),(-9.83826629817486,-552.542448043823,100.),(1.3878361787647,-552.754044532776,100.),(184.498071670532,-208.838284015656,100.),(-91.5854051709175,25.,100.),(171.27488553524,-429.,100.),(179.784283041954,-59.215385466814,100.),(3.81217920221388,25.,100.),(-179.720908403397,-66.0564377903938,100.),(-178.495392203331,-58.9033477008343,0.),(187.889263033867,-48.0774603784084,0.),(-188.344970345497,5.20369177684188,0.),(-10.229904204607,-552.522301673889,0.),(8.34559835493565,-552.470207214355,0.),(6.11608661711216,-552.422285079956,0.)));
#12791=IFCINDEXEDPOLYGONALFACE((4,2,1,3));
#12792=IFCINDEXEDPOLYGONALFACE((7,5,398,6));
#12793=IFCINDEXEDPOLYGONALFACE((19,401,18,28));
#12794=IFCINDEXEDPOLYGONALFACE((37,342,36,371));
#12795=IFCINDEXEDPOLYGONALFACE((12,10,382,11));
#12796=IFCINDEXEDPOLYGONALFACE((17,399,16));
#12797=IFCINDEXEDPOLYGONALFACE((22,20,94,21));
#12798=IFCINDEXEDPOLYGONALFACE((24,25,3));
#12799=IFCINDEXEDPOLYGONALFACE((150,397,25,23));
#12800=IFCINDEXEDPOLYGONALFACE((29,19,28,211));
#12801=IFCINDEXEDPOLYGONALFACE((34,35,31,30));
#12802=IFCINDEXEDPOLYGONALFACE((33,41,32,8));
#12803=IFCINDEXEDPOLYGONALFACE((65,66,35,34));
#12804=IFCINDEXEDPOLYGONALFACE((54,403,53,384));
#12805=IFCINDEXEDPOLYGONALFACE((41,238,40,32));
#12806=IFCINDEXEDPOLYGONALFACE((48,49,39,38));
#12807=IFCINDEXEDPOLYGONALFACE((61,123,60,404));
#12808=IFCINDEXEDPOLYGONALFACE((44,42,43));
#12809=IFCINDEXEDPOLYGONALFACE((47,45,46));
#12810=IFCINDEXEDPOLYGONALFACE((126,127,49,48));
#12811=IFCINDEXEDPOLYGONALFACE((52,50,343,51));
#12812=IFCINDEXEDPOLYGONALFACE((111,219,115,229));
#12813=IFCINDEXEDPOLYGONALFACE((81,82,56,55));
#12814=IFCINDEXEDPOLYGONALFACE((59,270,58));
#12815=IFCINDEXEDPOLYGONALFACE((64,62,383,63));
#12816=IFCINDEXEDPOLYGONALFACE((322,323,66,65));
#12817=IFCINDEXEDPOLYGONALFACE((69,67,68));
#12818=IFCINDEXEDPOLYGONALFACE((72,70,71));
#12819=IFCINDEXEDPOLYGONALFACE((75,73,364,74));
#12820=IFCINDEXEDPOLYGONALFACE((306,307,77,76));
#12821=IFCINDEXEDPOLYGONALFACE((80,78,152,79));
#12822=IFCINDEXEDPOLYGONALFACE((146,147,82,81));
#12823=IFCINDEXEDPOLYGONALFACE((85,83,84));
#12824=IFCINDEXEDPOLYGONALFACE((159,160,87,86));
#12825=IFCINDEXEDPOLYGONALFACE((21,94,223,95));
#12826=IFCINDEXEDPOLYGONALFACE((90,88,208,89));
#12827=IFCINDEXEDPOLYGONALFACE((114,356,113,112));
#12828=IFCINDEXEDPOLYGONALFACE((93,91,313,92));
#12829=IFCINDEXEDPOLYGONALFACE((111,173,110,229));
#12830=IFCINDEXEDPOLYGONALFACE((98,96,366,97));
#12831=IFCINDEXEDPOLYGONALFACE((101,99,179,100));
#12832=IFCINDEXEDPOLYGONALFACE((86,87,103,102));
#12833=IFCINDEXEDPOLYGONALFACE((105,104,99,101));
#12834=IFCINDEXEDPOLYGONALFACE((108,106,317,107));
#12835=IFCINDEXEDPOLYGONALFACE((85,109,84));
#12836=IFCINDEXEDPOLYGONALFACE((123,349,122,60));
#12837=IFCINDEXEDPOLYGONALFACE((139,262,138,228));
#12838=IFCINDEXEDPOLYGONALFACE((72,71,216,130));
#12839=IFCINDEXEDPOLYGONALFACE((30,31,117,116));
#12840=IFCINDEXEDPOLYGONALFACE((119,406,118,405));
#12841=IFCINDEXEDPOLYGONALFACE((153,79,152,174));
#12842=IFCINDEXEDPOLYGONALFACE((116,117,121,120));
#12843=IFCINDEXEDPOLYGONALFACE((132,72,71,182));
#12844=IFCINDEXEDPOLYGONALFACE((124,4,125));
#12845=IFCINDEXEDPOLYGONALFACE((329,330,127,126));
#12846=IFCINDEXEDPOLYGONALFACE((369,370,129,128));
#12847=IFCINDEXEDPOLYGONALFACE((141,351,140,348));
#12848=IFCINDEXEDPOLYGONALFACE((214,131,213));
#12849=IFCINDEXEDPOLYGONALFACE((151,397,150,410));
#12850=IFCINDEXEDPOLYGONALFACE((135,133,134));
#12851=IFCINDEXEDPOLYGONALFACE((137,136,182,132));
#12852=IFCINDEXEDPOLYGONALFACE((149,293,148,296));
#12853=IFCINDEXEDPOLYGONALFACE((143,144,145));
#12854=IFCINDEXEDPOLYGONALFACE((344,345,147,146));
#12855=IFCINDEXEDPOLYGONALFACE((162,321,161,298));
#12856=IFCINDEXEDPOLYGONALFACE((168,239,167,359));
#12857=IFCINDEXEDPOLYGONALFACE((177,412,267,178));
#12858=IFCINDEXEDPOLYGONALFACE((156,154,402,155));
#12859=IFCINDEXEDPOLYGONALFACE((74,364,158));
#12860=IFCINDEXEDPOLYGONALFACE((360,361,160,159));
#12861=IFCINDEXEDPOLYGONALFACE((173,9,172,110));
#12862=IFCINDEXEDPOLYGONALFACE((164,163,157,14));
#12863=IFCINDEXEDPOLYGONALFACE((191,192,166,165));
#12864=IFCINDEXEDPOLYGONALFACE((100,179,411,180));
#12865=IFCINDEXEDPOLYGONALFACE((26,27,204,413));
#12866=IFCINDEXEDPOLYGONALFACE((171,169,170));
#12867=IFCINDEXEDPOLYGONALFACE((6,398,175));
#12868=IFCINDEXEDPOLYGONALFACE((178,176,177));
#12869=IFCINDEXEDPOLYGONALFACE((55,56,144,142));
#12870=IFCINDEXEDPOLYGONALFACE((198,153,174,196));
#12871=IFCINDEXEDPOLYGONALFACE((132,181,182));
#12872=IFCINDEXEDPOLYGONALFACE((183,185,186));
#12873=IFCINDEXEDPOLYGONALFACE((190,188,187,189));
#12874=IFCINDEXEDPOLYGONALFACE((189,187,414,226));
#12875=IFCINDEXEDPOLYGONALFACE((102,103,192,191));
#12876=IFCINDEXEDPOLYGONALFACE((247,387,246,245));
#12877=IFCINDEXEDPOLYGONALFACE((195,193,231,194));
#12878=IFCINDEXEDPOLYGONALFACE((198,196,236,197));
#12879=IFCINDEXEDPOLYGONALFACE((201,199,353,200));
#12880=IFCINDEXEDPOLYGONALFACE((118,406,4,2));
#12881=IFCINDEXEDPOLYGONALFACE((202,171,170));
#12882=IFCINDEXEDPOLYGONALFACE((207,205,206));
#12883=IFCINDEXEDPOLYGONALFACE((92,313,209));
#12884=IFCINDEXEDPOLYGONALFACE((212,29,211,210));
#12885=IFCINDEXEDPOLYGONALFACE((219,212,210,115));
#12886=IFCINDEXEDPOLYGONALFACE((130,215,216));
#12887=IFCINDEXEDPOLYGONALFACE((120,121,218,217));
#12888=IFCINDEXEDPOLYGONALFACE((95,223,254,224));
#12889=IFCINDEXEDPOLYGONALFACE((222,220,381,221));
#12890=IFCINDEXEDPOLYGONALFACE((232,194,231,248));
#12891=IFCINDEXEDPOLYGONALFACE((80,225,78));
#12892=IFCINDEXEDPOLYGONALFACE((111,229,308,230));
#12893=IFCINDEXEDPOLYGONALFACE((139,227,228));
#12894=IFCINDEXEDPOLYGONALFACE((197,236,235,237));
#12895=IFCINDEXEDPOLYGONALFACE((208,89,234,233));
#12896=IFCINDEXEDPOLYGONALFACE((238,185,184,40));
#12897=IFCINDEXEDPOLYGONALFACE((224,254,251,253));
#12898=IFCINDEXEDPOLYGONALFACE((239,167,73,75));
#12899=IFCINDEXEDPOLYGONALFACE((241,240,203));
#12900=IFCINDEXEDPOLYGONALFACE((244,242,255,243));
#12901=IFCINDEXEDPOLYGONALFACE((234,243,255,233));
#12902=IFCINDEXEDPOLYGONALFACE((195,232,248,193));
#12903=IFCINDEXEDPOLYGONALFACE((250,365,249,350));
#12904=IFCINDEXEDPOLYGONALFACE((52,239,167,50));
#12905=IFCINDEXEDPOLYGONALFACE((253,251,331,252));
#12906=IFCINDEXEDPOLYGONALFACE((241,85,84,203));
#12907=IFCINDEXEDPOLYGONALFACE((257,256,404,61));
#12908=IFCINDEXEDPOLYGONALFACE((275,276,259,258));
#12909=IFCINDEXEDPOLYGONALFACE((260,44,43));
#12910=IFCINDEXEDPOLYGONALFACE((262,261,138));
#12911=IFCINDEXEDPOLYGONALFACE((415,303,59,270));
#12912=IFCINDEXEDPOLYGONALFACE((128,129,264,263));
#12913=IFCINDEXEDPOLYGONALFACE((44,247,245,43));
#12914=IFCINDEXEDPOLYGONALFACE((267,412,266));
#12915=IFCINDEXEDPOLYGONALFACE((269,268,5,7));
#12916=IFCINDEXEDPOLYGONALFACE((271,114,112,352));
#12917=IFCINDEXEDPOLYGONALFACE((289,380,288,416));
#12918=IFCINDEXEDPOLYGONALFACE((291,299,290,355));
#12919=IFCINDEXEDPOLYGONALFACE((274,368,273));
#12920=IFCINDEXEDPOLYGONALFACE((357,358,276,275));
#12921=IFCINDEXEDPOLYGONALFACE((279,277,328,278));
#12922=IFCINDEXEDPOLYGONALFACE((281,280,199,201));
#12923=IFCINDEXEDPOLYGONALFACE((284,282,292,283));
#12924=IFCINDEXEDPOLYGONALFACE((293,283,292,148));
#12925=IFCINDEXEDPOLYGONALFACE((287,285,302,286));
#12926=IFCINDEXEDPOLYGONALFACE((297,149,296,309));
#12927=IFCINDEXEDPOLYGONALFACE((299,162,298,290));
#12928=IFCINDEXEDPOLYGONALFACE((92,313,320,314));
#12929=IFCINDEXEDPOLYGONALFACE((295,294,282,284));
#12930=IFCINDEXEDPOLYGONALFACE((318,319,27,26));
#12931=IFCINDEXEDPOLYGONALFACE((310,297,309,374));
#12932=IFCINDEXEDPOLYGONALFACE((389,312,300));
#12933=IFCINDEXEDPOLYGONALFACE((286,301,302));
#12934=IFCINDEXEDPOLYGONALFACE((303,415,266));
#12935=IFCINDEXEDPOLYGONALFACE((413,204,305,304));
#12936=IFCINDEXEDPOLYGONALFACE((325,375,324,326));
#12937=IFCINDEXEDPOLYGONALFACE((304,305,307,306));
#12938=IFCINDEXEDPOLYGONALFACE((230,308,96,98));
#12939=IFCINDEXEDPOLYGONALFACE((315,207,206,265));
#12940=IFCINDEXEDPOLYGONALFACE((389,311,312));
#12941=IFCINDEXEDPOLYGONALFACE((107,317,220,222));
#12942=IFCINDEXEDPOLYGONALFACE((316,190,85));
#12943=IFCINDEXEDPOLYGONALFACE((286,302,398,6));
#12944=IFCINDEXEDPOLYGONALFACE((399,17,257,256));
#12945=IFCINDEXEDPOLYGONALFACE((217,218,319,318));
#12946=IFCINDEXEDPOLYGONALFACE((321,314,320,161));
#12947=IFCINDEXEDPOLYGONALFACE((335,336,323,322));
#12948=IFCINDEXEDPOLYGONALFACE((237,235,242,244));
#12949=IFCINDEXEDPOLYGONALFACE((315,232,248,265));
#12950=IFCINDEXEDPOLYGONALFACE((252,331,268,269));
#12951=IFCINDEXEDPOLYGONALFACE((327,325,326,341));
#12952=IFCINDEXEDPOLYGONALFACE((342,327,341,36));
#12953=IFCINDEXEDPOLYGONALFACE((47,46,91,93));
#12954=IFCINDEXEDPOLYGONALFACE((278,328,106,108));
#12955=IFCINDEXEDPOLYGONALFACE((407,125,330,329));
#12956=IFCINDEXEDPOLYGONALFACE((340,271,352,339));
#12957=IFCINDEXEDPOLYGONALFACE((245,247,315,265));
#12958=IFCINDEXEDPOLYGONALFACE((349,141,348,122));
#12959=IFCINDEXEDPOLYGONALFACE((334,332,333));
#12960=IFCINDEXEDPOLYGONALFACE((263,264,336,335));
#12961=IFCINDEXEDPOLYGONALFACE((338,337,20,22));
#12962=IFCINDEXEDPOLYGONALFACE((258,259,340,339));
#12963=IFCINDEXEDPOLYGONALFACE((51,343,62,64));
#12964=IFCINDEXEDPOLYGONALFACE((338,337,88,90));
#12965=IFCINDEXEDPOLYGONALFACE((362,363,345,344));
#12966=IFCINDEXEDPOLYGONALFACE((409,145,347,346));
#12967=IFCINDEXEDPOLYGONALFACE((351,250,350,140));
#12968=IFCINDEXEDPOLYGONALFACE((356,291,355,113));
#12969=IFCINDEXEDPOLYGONALFACE((262,138,203,241));
#12970=IFCINDEXEDPOLYGONALFACE((168,359,277,279));
#12971=IFCINDEXEDPOLYGONALFACE((365,74,364,249));
#12972=IFCINDEXEDPOLYGONALFACE((69,137,136,68));
#12973=IFCINDEXEDPOLYGONALFACE((200,353,154,156));
#12974=IFCINDEXEDPOLYGONALFACE((354,186,373));
#12975=IFCINDEXEDPOLYGONALFACE((97,366,294,295));
#12976=IFCINDEXEDPOLYGONALFACE((76,77,358,357));
#12977=IFCINDEXEDPOLYGONALFACE((18,401,361,360));
#12978=IFCINDEXEDPOLYGONALFACE((375,310,374,324));
#12979=IFCINDEXEDPOLYGONALFACE((372,37,371,13));
#12980=IFCINDEXEDPOLYGONALFACE((378,379,363,362));
#12981=IFCINDEXEDPOLYGONALFACE((44,43,270,59));
#12982=IFCINDEXEDPOLYGONALFACE((367,289,416));
#12983=IFCINDEXEDPOLYGONALFACE((38,39,370,369));
#12984=IFCINDEXEDPOLYGONALFACE((186,373,163,164));
#12985=IFCINDEXEDPOLYGONALFACE((274,368,68,69));
#12986=IFCINDEXEDPOLYGONALFACE((380,400,15,288));
#12987=IFCINDEXEDPOLYGONALFACE((137,136,376));
#12988=IFCINDEXEDPOLYGONALFACE((47,377,46));
#12989=IFCINDEXEDPOLYGONALFACE((165,166,379,378));
#12990=IFCINDEXEDPOLYGONALFACE((54,384,280,281));
#12991=IFCINDEXEDPOLYGONALFACE((221,381,285,287));
#12992=IFCINDEXEDPOLYGONALFACE((11,382,104,105));
#12993=IFCINDEXEDPOLYGONALFACE((63,383,337,338));
#12994=IFCINDEXEDPOLYGONALFACE((232,195,194));
#12995=IFCINDEXEDPOLYGONALFACE((44,59,303,392,391,387,247));
#12996=IFCINDEXEDPOLYGONALFACE((399,15,16));
#12997=IFCINDEXEDPOLYGONALFACE((400,17,16));
#12998=IFCINDEXEDPOLYGONALFACE((15,400,16));
#12999=IFCINDEXEDPOLYGONALFACE((1,23,24));
#13000=IFCINDEXEDPOLYGONALFACE((23,25,24));
#13001=IFCINDEXEDPOLYGONALFACE((1,24,3));
#13002=IFCINDEXEDPOLYGONALFACE((272,43,42));
#13003=IFCINDEXEDPOLYGONALFACE((385,42,44));
#13004=IFCINDEXEDPOLYGONALFACE((272,42,385));
#13005=IFCINDEXEDPOLYGONALFACE((402,46,45));
#13006=IFCINDEXEDPOLYGONALFACE((155,45,47));
#13007=IFCINDEXEDPOLYGONALFACE((402,45,155));
#13008=IFCINDEXEDPOLYGONALFACE((270,57,58));
#13009=IFCINDEXEDPOLYGONALFACE((394,59,58));
#13010=IFCINDEXEDPOLYGONALFACE((57,394,58));
#13011=IFCINDEXEDPOLYGONALFACE((333,68,67));
#13012=IFCINDEXEDPOLYGONALFACE((334,67,69));
#13013=IFCINDEXEDPOLYGONALFACE((333,67,334));
#13014=IFCINDEXEDPOLYGONALFACE((136,71,70));
#13015=IFCINDEXEDPOLYGONALFACE((137,70,72));
#13016=IFCINDEXEDPOLYGONALFACE((136,70,137));
#13017=IFCINDEXEDPOLYGONALFACE((57,84,83));
#13018=IFCINDEXEDPOLYGONALFACE((394,83,85));
#13019=IFCINDEXEDPOLYGONALFACE((57,83,394));
#13020=IFCINDEXEDPOLYGONALFACE((138,84,109));
#13021=IFCINDEXEDPOLYGONALFACE((262,109,85));
#13022=IFCINDEXEDPOLYGONALFACE((138,109,262));
#13023=IFCINDEXEDPOLYGONALFACE((407,2,124));
#13024=IFCINDEXEDPOLYGONALFACE((2,4,124));
#13025=IFCINDEXEDPOLYGONALFACE((407,124,125));
#13026=IFCINDEXEDPOLYGONALFACE((71,213,131));
#13027=IFCINDEXEDPOLYGONALFACE((72,131,214));
#13028=IFCINDEXEDPOLYGONALFACE((71,131,72));
#13029=IFCINDEXEDPOLYGONALFACE((408,134,133));
#13030=IFCINDEXEDPOLYGONALFACE((395,133,135));
#13031=IFCINDEXEDPOLYGONALFACE((408,133,395));
#13032=IFCINDEXEDPOLYGONALFACE((409,142,143));
#13033=IFCINDEXEDPOLYGONALFACE((142,144,143));
#13034=IFCINDEXEDPOLYGONALFACE((409,143,145));
#13035=IFCINDEXEDPOLYGONALFACE((364,157,158));
#13036=IFCINDEXEDPOLYGONALFACE((14,74,158));
#13037=IFCINDEXEDPOLYGONALFACE((157,14,158));
#13038=IFCINDEXEDPOLYGONALFACE((152,170,169));
#13039=IFCINDEXEDPOLYGONALFACE((79,169,171));
#13040=IFCINDEXEDPOLYGONALFACE((152,169,79));
#13041=IFCINDEXEDPOLYGONALFACE((398,174,175));
#13042=IFCINDEXEDPOLYGONALFACE((153,6,175));
#13043=IFCINDEXEDPOLYGONALFACE((174,153,175));
#13044=IFCINDEXEDPOLYGONALFACE((265,177,176));
#13045=IFCINDEXEDPOLYGONALFACE((315,176,178));
#13046=IFCINDEXEDPOLYGONALFACE((265,176,315));
#13047=IFCINDEXEDPOLYGONALFACE((68,182,181));
#13048=IFCINDEXEDPOLYGONALFACE((69,181,132));
#13049=IFCINDEXEDPOLYGONALFACE((68,181,69));
#13050=IFCINDEXEDPOLYGONALFACE((373,184,183));
#13051=IFCINDEXEDPOLYGONALFACE((184,185,183));
#13052=IFCINDEXEDPOLYGONALFACE((373,183,186));
#13053=IFCINDEXEDPOLYGONALFACE((170,203,202));
#13054=IFCINDEXEDPOLYGONALFACE((241,171,202));
#13055=IFCINDEXEDPOLYGONALFACE((203,241,202));
#13056=IFCINDEXEDPOLYGONALFACE((245,206,205));
#13057=IFCINDEXEDPOLYGONALFACE((247,205,207));
#13058=IFCINDEXEDPOLYGONALFACE((245,205,247));
#13059=IFCINDEXEDPOLYGONALFACE((313,208,209));
#13060=IFCINDEXEDPOLYGONALFACE((89,92,209));
#13061=IFCINDEXEDPOLYGONALFACE((208,89,209));
#13062=IFCINDEXEDPOLYGONALFACE((216,213,131));
#13063=IFCINDEXEDPOLYGONALFACE((130,131,214));
#13064=IFCINDEXEDPOLYGONALFACE((216,131,130));
#13065=IFCINDEXEDPOLYGONALFACE((182,216,215));
#13066=IFCINDEXEDPOLYGONALFACE((132,215,130));
#13067=IFCINDEXEDPOLYGONALFACE((182,215,132));
#13068=IFCINDEXEDPOLYGONALFACE((414,78,225));
#13069=IFCINDEXEDPOLYGONALFACE((226,225,80));
#13070=IFCINDEXEDPOLYGONALFACE((414,225,226));
#13071=IFCINDEXEDPOLYGONALFACE((213,228,227));
#13072=IFCINDEXEDPOLYGONALFACE((214,227,139));
#13073=IFCINDEXEDPOLYGONALFACE((213,227,214));
#13074=IFCINDEXEDPOLYGONALFACE((228,203,240));
#13075=IFCINDEXEDPOLYGONALFACE((139,240,241));
#13076=IFCINDEXEDPOLYGONALFACE((228,240,139));
#13077=IFCINDEXEDPOLYGONALFACE((43,246,260));
#13078=IFCINDEXEDPOLYGONALFACE((387,44,260));
#13079=IFCINDEXEDPOLYGONALFACE((246,387,260));
#13080=IFCINDEXEDPOLYGONALFACE((213,138,261));
#13081=IFCINDEXEDPOLYGONALFACE((214,261,262));
#13082=IFCINDEXEDPOLYGONALFACE((213,261,214));
#13083=IFCINDEXEDPOLYGONALFACE((412,265,266));
#13084=IFCINDEXEDPOLYGONALFACE((315,267,266));
#13085=IFCINDEXEDPOLYGONALFACE((265,315,266));
#13086=IFCINDEXEDPOLYGONALFACE((368,272,273));
#13087=IFCINDEXEDPOLYGONALFACE((385,274,273));
#13088=IFCINDEXEDPOLYGONALFACE((272,385,273));
#13089=IFCINDEXEDPOLYGONALFACE((312,265,300));
#13090=IFCINDEXEDPOLYGONALFACE((315,389,300));
#13091=IFCINDEXEDPOLYGONALFACE((265,315,300));
#13092=IFCINDEXEDPOLYGONALFACE((404,302,301));
#13093=IFCINDEXEDPOLYGONALFACE((61,301,286));
#13094=IFCINDEXEDPOLYGONALFACE((404,301,61));
#13095=IFCINDEXEDPOLYGONALFACE((415,43,266));
#13096=IFCINDEXEDPOLYGONALFACE((44,303,266));
#13097=IFCINDEXEDPOLYGONALFACE((43,44,266));
#13098=IFCINDEXEDPOLYGONALFACE((248,312,311));
#13099=IFCINDEXEDPOLYGONALFACE((232,311,389));
#13100=IFCINDEXEDPOLYGONALFACE((248,311,232));
#13101=IFCINDEXEDPOLYGONALFACE((84,188,316));
#13102=IFCINDEXEDPOLYGONALFACE((188,190,316));
#13103=IFCINDEXEDPOLYGONALFACE((84,316,85));
#13104=IFCINDEXEDPOLYGONALFACE((256,333,332));
#13105=IFCINDEXEDPOLYGONALFACE((257,332,334));
#13106=IFCINDEXEDPOLYGONALFACE((256,332,257));
#13107=IFCINDEXEDPOLYGONALFACE((373,53,354));
#13108=IFCINDEXEDPOLYGONALFACE((403,186,354));
#13109=IFCINDEXEDPOLYGONALFACE((53,403,354));
#13110=IFCINDEXEDPOLYGONALFACE((416,368,367));
#13111=IFCINDEXEDPOLYGONALFACE((274,289,367));
#13112=IFCINDEXEDPOLYGONALFACE((368,274,367));
#13113=IFCINDEXEDPOLYGONALFACE((136,368,376));
#13114=IFCINDEXEDPOLYGONALFACE((274,137,376));
#13115=IFCINDEXEDPOLYGONALFACE((368,274,376));
#13116=IFCINDEXEDPOLYGONALFACE((411,46,377));
#13117=IFCINDEXEDPOLYGONALFACE((180,377,47));
#13118=IFCINDEXEDPOLYGONALFACE((411,377,180));
#13119=IFCINDEXEDPOLYGONALFACE((27,26,10,12));
#13120=IFCINDEXEDPOLYGONALFACE((44,59,418,92,314,321,162,299,291,356,114,271,340,259,276,358,77,307,305,204,27,12,11,105,101,100,180,156,200,201,281,54,403,417,257,61,123,349,141,351,250,365,74,75,239,52,51,64,63,338,22,21,95,224,253,252,269,7,6,286,72,132,137));
#13121=IFCINDEXEDPOLYGONALFACE((21,95,224,253,252,269,7,6,286,287,221,222,107,108,278,279,168,239,52,51,64,63,338,22));
#13122=IFCINDEXEDPOLYGONALFACE((327,342,37,372,14,386,419,44,137,132,72,286,287,221,222,107,108,278,279,168,239,75,74,365,250,351,141,349,123,61,257,417,403,54,281,201,200,156,180,100,101,105,11,12,27,319,218,121,117,31,35,66,323,336,264,129,370,39,49,127,330,125,421,422,25,397,151,4,406,119,135,396,347,145,420,144,56,82,147,345,363,379,166,192,103,87,160,361,401,19,29,212,219,111,230,98,97,295,284,283,293,149,297,310,375,325));
#13123=IFCINDEXEDPOLYGONALFACE((393,389,390,194,232,315,392));
#13124=IFCINDEXEDPOLYGONALFACE((9,33,8,172));
#13125=IFCINDEXEDPOLYGONALFACE((14,372,13,157));
#13126=IFCINDEXEDPOLYGONALFACE((387,388,389,207,315,247));
ENDSEC;
END-ISO-10303-21;
