ISO-10303-21;
HEADER;
FILE_DESCRIPTION(('ViewDefinition [CoordinationView]'),'2;1');
FILE_NAME('','2026-09-09T18:14:41',(''),(''),'IfcOpenShell 0.8.4-e8eb5e4','IfcOpenShell 0.8.4-e8eb5e4','');
FILE_SCHEMA(('IFC4'));
ENDSEC;
DATA;
#1=IFCPROJECT('3hFmn2ED14Ofwsj$DzZ0HC',$,'My Project',$,$,$,$,(#2,#7),#10);
#2=IFCGEOMETRICREPRESENTATIONCONTEXT($,'Model',3,1.E-05,#3,$);
#3=IFCAXIS2PLACEMENT3D(#4,#5,#6);
#4=IFCCARTESIANPOINT((0.,0.,0.));
#5=IFCDIRECTION((0.,0.,1.));
#6=IFCDIRECTION((1.,0.,0.));
#7=IFCGEOMETRICREPRESENTATIONCONTEXT($,'Plan',2,1.E-05,#8,$);
#8=IFCAXIS2PLACEMENT2D(#9,$);
#9=IFCCARTESIANPOINT((0.,0.));
#10=IFCUNITASSIGNMENT((#11,#12,#13,#17));
#11=IFCSIUNIT(*,.VOLUMEUNIT.,$,.CUBIC_METRE.);
#12=IFCSIUNIT(*,.LENGTHUNIT.,.MILLI.,.METRE.);
#13=IFCCONVERSIONBASEDUNIT(#14,.PLANEANGLEUNIT.,'degree',#15);
#14=IFCDIMENSIONALEXPONENTS(0,0,0,0,0,0,0);
#15=IFCMEASUREWITHUNIT(IFCREAL(0.0174532925199433),#16);
#16=IFCSIUNIT(*,.PLANEANGLEUNIT.,$,.RADIAN.);
#17=IFCSIUNIT(*,.AREAUNIT.,$,.SQUARE_METRE.);
#18=IFCFURNITURE('2eX84IyLr8_e34nuOoRPLQ',#19,'Furniture',$,$,#32,#37,$,$);
#19=IFCOWNERHISTORY(#20,#23,.READWRITE.,.MODIFIED.,1787470318,#25,#28,1762240761);
#20=IFCPERSONANDORGANIZATION(#21,#22,$);
#21=IFCPERSON($,'','ryan@openingdesign.com',$,$,$,$,$);
#22=IFCORGANIZATION($,'','',$,$);
#23=IFCAPPLICATION(#24,'0.8.3','Bonsai','Bonsai-0.8.3');
#24=IFCORGANIZATION($,'Unspecified (developer missing in source IFC)',$,$,$);
#25=IFCPERSONANDORGANIZATION(#26,#27,$);
#26=IFCPERSON($,'','ryan@openingdesign.com',$,$,$,$,$);
#27=IFCORGANIZATION($,'','',$,$);
#28=IFCAPPLICATION(#29,'0.8.4','Bonsai','Bonsai-0.8.4');
#29=IFCORGANIZATION('IfcOpenShell','IfcOpenShell','IfcOpenShell is an open source software library that helps users and software developers to work with IFC data.',(#30),(#31));
#30=IFCACTORROLE(.USERDEFINED.,'CONTRIBUTOR',$);
#31=IFCTELECOMADDRESS(.USERDEFINED.,$,'WEBPAGE',$,$,$,$,'https://ifcopenshell.org',$);
#32=IFCLOCALPLACEMENT($,#33);
#33=IFCAXIS2PLACEMENT3D(#34,#35,#36);
#34=IFCCARTESIANPOINT((1675.83239078522,4119.98653411865,10.));
#35=IFCDIRECTION((0.,0.,1.));
#36=IFCDIRECTION((1.,0.,0.));
#37=IFCPRODUCTDEFINITIONSHAPE($,$,(#38,#1918,#1987,#2021));
#38=IFCSHAPEREPRESENTATION(#39,'Body','MappedRepresentation',(#40));
#39=IFCGEOMETRICREPRESENTATIONSUBCONTEXT('Body','Model',*,*,*,*,#2,$,.MODEL_VIEW.,$);
#40=IFCMAPPEDITEM(#41,#1913);
#41=IFCREPRESENTATIONMAP(#42,#46);
#42=IFCAXIS2PLACEMENT3D(#43,#44,#45);
#43=IFCCARTESIANPOINT((0.,0.,0.));
#44=IFCDIRECTION((0.,0.,1.));
#45=IFCDIRECTION((1.,0.,0.));
#46=IFCSHAPEREPRESENTATION(#39,'Body','Tessellation',(#47,#765,#1531));
#47=IFCPOLYGONALFACESET(#48,$,(#49,#50,#51,#52,#53,#54,#55,#56,#57,#58,#59,#60,#61,#62,#63,#64,#65,#66,#67,#68,#69,#70,#71,#72,#73,#74,#75,#76,#77,#78,#79,#80,#81,#82,#83,#84,#85,#86,#87,#88,#89,#90,#91,#92,#93,#94,#95,#96,#97,#98,#99,#100,#101,#102,#103,#104,#105,#106,#107,#108,#109,#110,#111,#112,#113,#114,#115,#116,#117,#118,#119,#120,#121,#122,#123,#124,#125,#126,#127,#128,#129,#130,#131,#132,#133,#134,#135,#136,#137,#138,#139,#140,#141,#142,#143,#144,#145,#146,#147,#148,#149,#150,#151,#152,#153,#154,#155,#156,#157,#158,#159,#160,#161,#162,#163,#164,#165,#166,#167,#168,#169,#170,#171,#172,#173,#174,#175,#176,#177,#178,#179,#180,#181,#182,#183,#184,#185,#186,#187,#188,#189,#190,#191,#192,#193,#194,#195,#196,#197,#198,#199,#200,#201,#202,#203,#204,#205,#206,#207,#208,#209,#210,#211,#212,#213,#214,#215,#216,#217,#218,#219,#220,#221,#222,#223,#224,#225,#226,#227,#228,#229,#230,#231,#232,#233,#234,#235,#236,#237,#238,#239,#240,#241,#242,#243,#244,#245,#246,#247,#248,#249,#250,#251,#252,#253,#254,#255,#256,#257,#258,#259,#260,#261,#262,#263,#264,#265,#266,#267,#268,#269,#270,#271,#272,#273,#274,#275,#276,#277,#278,#279,#280,#281,#282,#283,#284,#285,#286,#287,#288,#289,#290,#291,#292,#293,#294,#295,#296,#297,#298,#299,#300,#301,#302,#303,#304,#305,#306,#307,#308,#309,#310,#311,#312,#313,#314,#315,#316,#317,#318,#319,#320,#321,#322,#323,#324,#325,#326,#327,#328,#329,#330,#331,#332,#333,#334,#335,#336,#337,#338,#339,#340,#341,#342,#343,#344,#345,#346,#347,#348,#349,#350,#351,#352,#353,#354,#355,#356,#357,#358,#359,#360,#361,#362,#363,#364,#365,#366,#367,#368,#369,#370,#371,#372,#373,#374,#375,#376,#377,#378,#379,#380,#381,#382,#383,#384,#385,#386,#387,#388,#389,#390,#391,#392,#393,#394,#395,#396,#397,#398,#399,#400,#401,#402,#403,#404,#405,#406,#407,#408,#409,#410,#411,#412,#413,#414,#415,#416,#417,#418,#419,#420,#421,#422,#423,#424,#425,#426,#427,#428,#429,#430,#431,#432,#433,#434,#435,#436,#437,#438,#439,#440,#441,#442,#443,#444,#445,#446,#447,#448,#449,#450,#451,#452,#453,#454,#455,#456,#457,#458,#459,#460,#461,#462,#463,#464,#465,#466,#467,#468,#469,#470,#471,#472,#473,#474,#475,#476,#477,#478,#479,#480,#481,#482,#483,#484,#485,#486,#487,#488,#489,#490,#491,#492,#493,#494,#495,#496,#497,#498,#499,#500,#501,#502,#503,#504,#505,#506,#507,#508,#509,#510,#511,#512,#513,#514,#515,#516,#517,#518,#519,#520,#521,#522,#523,#524,#525,#526,#527,#528,#529,#530,#531,#532,#533,#534,#535,#536,#537,#538,#539,#540,#541,#542,#543,#544,#545,#546,#547,#548,#549,#550,#551,#552,#553,#554,#555,#556,#557,#558,#559,#560,#561,#562,#563,#564,#565,#566,#567,#568,#569,#570,#571,#572,#573,#574,#575,#576,#577,#578,#579,#580,#581,#582,#583,#584,#585,#586,#587,#588,#589,#590,#591,#592,#593,#594,#595,#596,#597,#598,#599,#600,#601,#602,#603,#604,#605,#606,#607,#608,#609,#610,#611,#612,#613,#614,#615,#616,#617,#618,#619,#620,#621,#622,#623,#624,#625,#626,#627,#628,#629,#630,#631,#632,#633,#634,#635,#636,#637,#638,#639,#640,#641,#642,#643,#644,#645,#646,#647,#648,#649,#650,#651,#652,#653,#654,#655,#656,#657,#658,#659,#660,#661,#662,#663,#664,#665,#666,#667,#668,#669,#670,#671,#672,#673,#674,#675,#676,#677,#678,#679,#680,#681,#682,#683,#684,#685,#686,#687,#688,#689,#690,#691,#692,#693,#694,#695,#696,#697,#698,#699,#700,#701,#702,#703,#704,#705,#706,#707,#708,#709,#710,#711,#712,#713,#714,#715,#716,#717,#718,#719,#720,#721,#722,#723,#724,#725,#726,#727,#728,#729,#730,#731,#732,#733,#734,#735,#736,#737,#738,#739,#740,#741,#742,#743,#744,#745,#746,#747,#748,#749,#750,#751,#752,#753,#754,#755,#756,#757,#758,#759,#760,#761,#762,#763,#764),$);
#48=IFCCARTESIANPOINTLIST3D(((148.,-7.55302320687434E-10,40.),(150.,-7.65511820599585E-10,38.),(147.638259887695,-10.3303337097168,40.),(149.634613037109,-10.4698476791382,38.),(146.558441162109,-20.6103382110596,40.),(148.54020690918,-20.8886890411377,38.),(144.764587402344,-30.789924621582,40.),(146.722122192383,-31.2057609558105,38.),(142.26545715332,-40.8194999694824,40.),(144.189239501953,-41.3708038330078,38.),(139.073226928711,-50.6501998901367,40.),(140.953887939453,-51.3342895507812,38.),(135.203430175781,-60.2341194152832,40.),(137.031814575195,-61.0476760864258,38.),(130.674926757812,-69.5245742797852,40.),(132.442123413086,-70.4636459350586,38.),(125.509788513184,-78.476318359375,40.),(127.207214355469,-79.5363464355469,38.),(119.733177185059,-87.0457077026367,40.),(121.352531433105,-88.2215118408203,38.),(113.373252868652,-95.1909942626953,40.),(114.90665435791,-96.4768981933594,38.),(106.460983276367,-102.872528076172,40.),(107.900955200195,-104.262252807617,38.),(99.0300674438477,-110.052856445312,40.),(100.369590759277,-111.539649963379,38.),(91.1166839599609,-116.69702911377,40.),(92.3492279052734,-118.273643493652,38.),(82.7593994140625,-122.772644042969,40.),(83.8789291381836,-124.431411743164,38.),(74.,-128.250122070312,40.),(75.,-129.982971191406,38.),(64.8779602050781,-133.102798461914,40.),(65.7556686401367,-134.901275634766,38.),(55.4409217834473,-137.306991577148,40.),(56.1909790039062,-139.162338256836,38.),(45.7337913513184,-140.842269897461,40.),(46.3525466918945,-142.745422363281,38.),(35.8038711547852,-143.691345214844,40.),(36.2882843017578,-145.633056640625,38.),(25.6995124816895,-145.840393066406,40.),(26.0472240447998,-147.811187744141,38.),(15.4699563980103,-147.278945922852,40.),(15.6792688369751,-149.269180297852,38.),(5.16503763198853,-148.,40.),(5.23492431640625,-150.,38.),(-5.16503763198853,-148.,40.),(-5.23492431640625,-150.,38.),(-15.4699563980103,-147.278945922852,40.),(-15.6792688369751,-149.269180297852,38.),(-25.6995124816895,-145.840393066406,40.),(-26.0472240447998,-147.811187744141,38.),(-35.8038711547852,-143.691345214844,40.),(-36.2882843017578,-145.633056640625,38.),(-45.7337913513184,-140.842269897461,40.),(-46.3525466918945,-142.745422363281,38.),(-55.4409217834473,-137.306991577148,40.),(-56.1909790039062,-139.162338256836,38.),(-64.8779602050781,-133.102798461914,40.),(-65.7556686401367,-134.901275634766,38.),(-74.,-128.250122070312,40.),(-75.,-129.982971191406,38.),(-82.7593994140625,-122.772644042969,40.),(-83.8789291381836,-124.431411743164,38.),(-91.1166839599609,-116.69702911377,40.),(-92.3492279052734,-118.273643493652,38.),(-99.0300674438477,-110.052856445312,40.),(-100.369590759277,-111.539649963379,38.),(-106.460983276367,-102.872528076172,40.),(-107.900955200195,-104.262252807617,38.),(-113.373252868652,-95.1909942626953,40.),(-114.90665435791,-96.4768981933594,38.),(-119.733177185059,-87.0457077026367,40.),(-121.352531433105,-88.2215118408203,38.),(-125.509788513184,-78.476318359375,40.),(-127.207214355469,-79.5363464355469,38.),(-130.674926757812,-69.5245742797852,40.),(-132.442123413086,-70.4636459350586,38.),(-135.203430175781,-60.2341194152832,40.),(-137.031814575195,-61.0476760864258,38.),(-139.073226928711,-50.6501998901367,40.),(-140.953887939453,-51.3342895507812,38.),(-142.26545715332,-40.8194999694824,40.),(-144.189239501953,-41.3708038330078,38.),(-144.764587402344,-30.789924621582,40.),(-146.722122192383,-31.2057609558105,38.),(-146.558441162109,-20.6103382110596,40.),(-148.54020690918,-20.8886890411377,38.),(-147.638259887695,-10.3303337097168,40.),(-149.634613037109,-10.4698476791382,38.),(-148.,7.55302320687434E-10,40.),(-150.,7.65511820599585E-10,38.),(-147.638259887695,10.3303337097168,40.),(-149.634613037109,10.4698476791382,38.),(-146.558441162109,20.6103382110596,40.),(-148.54020690918,20.8886890411377,38.),(-144.764587402344,30.789924621582,40.),(-146.722122192383,31.2057609558105,38.),(-142.26545715332,40.8194999694824,40.),(-144.189239501953,41.3708038330078,38.),(-139.073226928711,50.6501998901367,40.),(-140.953887939453,51.3342895507812,38.),(-135.203430175781,60.2341194152832,40.),(-137.031814575195,61.0476760864258,38.),(-130.674926757812,69.5245742797852,40.),(-132.442123413086,70.4636459350586,38.),(-125.509788513184,78.476318359375,40.),(-127.207214355469,79.5363464355469,38.),(-119.733177185059,87.0457077026367,40.),(-121.352531433105,88.2215118408203,38.),(-113.373252868652,95.1909942626953,40.),(-114.90665435791,96.4768981933594,38.),(-106.460983276367,102.872528076172,40.),(-107.900955200195,104.262252807617,38.),(-99.0300674438477,110.052856445312,40.),(-100.369590759277,111.539649963379,38.),(-91.1166839599609,116.69702911377,40.),(-92.3492279052734,118.273643493652,38.),(-82.7593994140625,122.772644042969,40.),(-83.8789291381836,124.431411743164,38.),(-74.,128.250122070312,40.),(-75.,129.982971191406,38.),(-64.8779602050781,133.102798461914,40.),(-65.7556686401367,134.901275634766,38.),(-55.4409217834473,137.306991577148,40.),(-56.1909790039062,139.162338256836,38.),(-45.7337913513184,140.842269897461,40.),(-46.3525466918945,142.745422363281,38.),(-35.8038711547852,143.691345214844,40.),(-36.2882843017578,145.633056640625,38.),(-25.6995124816895,145.840393066406,40.),(-26.0472240447998,147.811187744141,38.),(-15.4699563980103,147.278945922852,40.),(-15.6792688369751,149.269180297852,38.),(-5.16503763198853,148.,40.),(-5.23492431640625,150.,38.),(5.16503763198853,148.,40.),(5.23492431640625,150.,38.),(15.4699563980103,147.278945922852,40.),(15.6792688369751,149.269180297852,38.),(25.6995124816895,145.840393066406,40.),(26.0472240447998,147.811187744141,38.),(35.8038711547852,143.691345214844,40.),(36.2882843017578,145.633056640625,38.),(45.7337913513184,140.842269897461,40.),(46.3525466918945,142.745422363281,38.),(55.4409217834473,137.306991577148,40.),(56.1909790039062,139.162338256836,38.),(64.8779602050781,133.102798461914,40.),(65.7556686401367,134.901275634766,38.),(74.,128.250122070312,40.),(75.,129.982971191406,38.),(82.7593994140625,122.772644042969,40.),(83.8789291381836,124.431411743164,38.),(91.1166839599609,116.69702911377,40.),(92.3492279052734,118.273643493652,38.),(99.0300674438477,110.052856445312,40.),(100.369590759277,111.539649963379,38.),(106.460983276367,102.872528076172,40.),(107.900955200195,104.262252807617,38.),(113.373252868652,95.1909942626953,40.),(114.90665435791,96.4768981933594,38.),(119.733177185059,87.0457077026367,40.),(121.352531433105,88.2215118408203,38.),(125.509788513184,78.476318359375,40.),(127.207214355469,79.5363464355469,38.),(130.674926757812,69.5245742797852,40.),(132.442123413086,70.4636459350586,38.),(135.203430175781,60.2341194152832,40.),(137.031814575195,61.0476760864258,38.),(139.073226928711,50.6501998901367,40.),(140.953887939453,51.3342895507812,38.),(142.26545715332,40.8194999694824,40.),(144.189239501953,41.3708038330078,38.),(144.764587402344,30.789924621582,40.),(146.722122192383,31.2057609558105,38.),(146.558441162109,20.6103382110596,40.),(148.54020690918,20.8886890411377,38.),(147.638259887695,10.3303337097168,40.),(149.634613037109,10.4698476791382,38.),(148.,-7.55295326282379E-10,-9.03557193744703E-38),(150.,-7.65511820599585E-10,2.),(147.638259887695,10.3303337097168,-2.69051626637967E-22),(149.634613037109,10.4698476791382,2.),(146.558441162109,20.6103382110596,-5.36792456752269E-22),(148.54020690918,20.8886890411377,2.),(144.764587402344,30.789924621582,-8.0191787848874E-22),(146.722122192383,31.2057609558105,2.),(142.26545715332,40.8194999694824,-1.06313630566448E-21),(144.189239501953,41.3708038330078,2.),(139.073226928711,50.6501998901367,-1.31917505951476E-21),(140.953887939453,51.3342895507812,2.),(135.203430175781,60.2341194152832,-1.56878640190125E-21),(137.031814575195,61.0476760864258,2.),(130.674926757812,69.5245742797852,-1.81075470447987E-21),(132.442123413086,70.4636459350586,2.),(125.509788513184,78.476318359375,-2.04390129546227E-21),(127.207214355469,79.5363464355469,2.),(119.733177185059,87.0457077026367,-2.26708920540296E-21),(121.352531433105,88.2215118408203,2.),(113.373252868652,95.1909942626953,-2.47923175000601E-21),(114.90665435791,96.4768981933594,2.),(106.460983276367,102.872528076172,-2.67929576129929E-21),(107.900955200195,104.262252807617,2.),(99.0300674438477,110.052856445312,-2.86630623244751E-21),(100.369590759277,111.539649963379,2.),(91.1166839599609,116.69702911377,-3.03935257815232E-21),(92.3492279052734,118.273643493652,2.),(82.7593994140625,122.772644042969,-3.19759045218786E-21),(83.8789291381836,124.431411743164,2.),(74.,128.250122070312,-3.34025063313003E-21),(75.,129.982971191406,2.),(64.8779602050781,133.102798461914,-3.46663761071766E-21),(65.7556686401367,134.901275634766,2.),(55.4409217834473,137.306991577148,-3.5761348365108E-21),(56.1909790039062,139.162338256836,2.),(45.7337913513184,140.842269897461,-3.66821037844561E-21),(46.3525466918945,142.745422363281,2.),(35.8038711547852,143.691345214844,-3.7424142955053E-21),(36.2882843017578,145.633056640625,2.),(25.6995124816895,145.840393066406,-3.79838590786223E-21),(26.0472240447998,147.811187744141,2.),(15.4699563980103,147.278945922852,-3.83585258518755E-21),(15.6792688369751,149.269180297852,2.),(5.16503763198853,148.,-3.85463217003192E-21),(5.23492431640625,150.,2.),(-5.16503763198853,148.,-3.85463217003192E-21),(-5.23492431640625,150.,2.),(-15.4699563980103,147.278945922852,-3.83585258518755E-21),(-15.6792688369751,149.269180297852,2.),(-25.6995124816895,145.840393066406,-3.79838590786223E-21),(-26.0472240447998,147.811187744141,2.),(-35.8038711547852,143.691345214844,-3.7424142955053E-21),(-36.2882843017578,145.633056640625,2.),(-45.7337913513184,140.842269897461,-3.66821037844561E-21),(-46.3525466918945,142.745422363281,2.),(-55.4409217834473,137.306991577148,-3.5761348365108E-21),(-56.1909790039062,139.162338256836,2.),(-64.8779602050781,133.102798461914,-3.46663761071766E-21),(-65.7556686401367,134.901275634766,2.),(-74.,128.250122070312,-3.34025063313003E-21),(-75.,129.982971191406,2.),(-82.7593994140625,122.772644042969,-3.19759045218786E-21),(-83.8789291381836,124.431411743164,2.),(-91.1166839599609,116.69702911377,-3.03935257815232E-21),(-92.3492279052734,118.273643493652,2.),(-99.0300674438477,110.052856445312,-2.86630623244751E-21),(-100.369590759277,111.539649963379,2.),(-106.460983276367,102.872528076172,-2.67929576129929E-21),(-107.900955200195,104.262252807617,2.),(-113.373252868652,95.1909942626953,-2.47923175000601E-21),(-114.90665435791,96.4768981933594,2.),(-119.733177185059,87.0457077026367,-2.26708920540296E-21),(-121.352531433105,88.2215118408203,2.),(-125.509788513184,78.476318359375,-2.04390129546227E-21),(-127.207214355469,79.5363464355469,2.),(-130.674926757812,69.5245742797852,-1.81075470447987E-21),(-132.442123413086,70.4636459350586,2.),(-135.203430175781,60.2341194152832,-1.56878640190125E-21),(-137.031814575195,61.0476760864258,2.),(-139.073226928711,50.6501998901367,-1.31917505951476E-21),(-140.953887939453,51.3342895507812,2.),(-142.26545715332,40.8194999694824,-1.06313630566448E-21),(-144.189239501953,41.3708038330078,2.),(-144.764587402344,30.789924621582,-8.0191787848874E-22),(-146.722122192383,31.2057609558105,2.),(-146.558441162109,20.6103382110596,-5.36792456752269E-22),(-148.54020690918,20.8886890411377,2.),(-147.638259887695,10.3303337097168,-2.69051626637967E-22),(-149.634613037109,10.4698476791382,2.),(-148.,7.55295326282379E-10,9.03557193744703E-38),(-150.,7.65511820599585E-10,2.),(-147.638259887695,-10.3303337097168,2.69051626637967E-22),(-149.634613037109,-10.4698476791382,2.),(-146.558441162109,-20.6103382110596,5.36792456752269E-22),(-148.54020690918,-20.8886890411377,2.),(-144.764587402344,-30.789924621582,8.0191787848874E-22),(-146.722122192383,-31.2057609558105,2.),(-142.26545715332,-40.8194999694824,1.06313630566448E-21),(-144.189239501953,-41.3708038330078,2.),(-139.073226928711,-50.6501998901367,1.31917505951476E-21),(-140.953887939453,-51.3342895507812,2.),(-135.203430175781,-60.2341194152832,1.56878640190125E-21),(-137.031814575195,-61.0476760864258,2.),(-130.674926757812,-69.5245742797852,1.81075470447987E-21),(-132.442123413086,-70.4636459350586,2.),(-125.509788513184,-78.476318359375,2.04390129546227E-21),(-127.207214355469,-79.5363464355469,2.),(-119.733177185059,-87.0457077026367,2.26708920540296E-21),(-121.352531433105,-88.2215118408203,2.),(-113.373252868652,-95.1909942626953,2.47923175000601E-21),(-114.90665435791,-96.4768981933594,2.),(-106.460983276367,-102.872528076172,2.67929576129929E-21),(-107.900955200195,-104.262252807617,2.),(-99.0300674438477,-110.052856445312,2.86630623244751E-21),(-100.369590759277,-111.539649963379,2.),(-91.1166839599609,-116.69702911377,3.03935257815232E-21),(-92.3492279052734,-118.273643493652,2.),(-82.7593994140625,-122.772644042969,3.19759045218786E-21),(-83.8789291381836,-124.431411743164,2.),(-74.,-128.250122070312,3.34025063313003E-21),(-75.,-129.982971191406,2.),(-64.8779602050781,-133.102798461914,3.46663761071766E-21),(-65.7556686401367,-134.901275634766,2.),(-55.4409217834473,-137.306991577148,3.5761348365108E-21),(-56.1909790039062,-139.162338256836,2.),(-45.7337913513184,-140.842269897461,3.66821037844561E-21),(-46.3525466918945,-142.745422363281,2.),(-35.8038711547852,-143.691345214844,3.7424142955053E-21),(-36.2882843017578,-145.633056640625,2.),(-25.6995124816895,-145.840393066406,3.79838590786223E-21),(-26.0472240447998,-147.811187744141,2.),(-15.4699563980103,-147.278945922852,3.83585258518755E-21),(-15.6792688369751,-149.269180297852,2.),(-5.16503763198853,-148.,3.85463217003192E-21),(-5.23492431640625,-150.,2.),(5.16503763198853,-148.,3.85463217003192E-21),(5.23492431640625,-150.,2.),(15.4699563980103,-147.278945922852,3.83585258518755E-21),(15.6792688369751,-149.269180297852,2.),(25.6995124816895,-145.840393066406,3.79838590786223E-21),(26.0472240447998,-147.811187744141,2.),(35.8038711547852,-143.691345214844,3.7424142955053E-21),(36.2882843017578,-145.633056640625,2.),(45.7337913513184,-140.842269897461,3.66821037844561E-21),(46.3525466918945,-142.745422363281,2.),(55.4409217834473,-137.306991577148,3.5761348365108E-21),(56.1909790039062,-139.162338256836,2.),(64.8779602050781,-133.102798461914,3.46663761071766E-21),(65.7556686401367,-134.901275634766,2.),(74.,-128.250122070312,3.34025063313003E-21),(75.,-129.982971191406,2.),(82.7593994140625,-122.772644042969,3.19759045218786E-21),(83.8789291381836,-124.431411743164,2.),(91.1166839599609,-116.69702911377,3.03935257815232E-21),(92.3492279052734,-118.273643493652,2.),(99.0300674438477,-110.052856445312,2.86630623244751E-21),(100.369590759277,-111.539649963379,2.),(106.460983276367,-102.872528076172,2.67929576129929E-21),(107.900955200195,-104.262252807617,2.),(113.373252868652,-95.1909942626953,2.47923175000601E-21),(114.90665435791,-96.4768981933594,2.),(119.733177185059,-87.0457077026367,2.26708920540296E-21),(121.352531433105,-88.2215118408203,2.),(125.509788513184,-78.476318359375,2.04390129546227E-21),(127.207214355469,-79.5363464355469,2.),(130.674926757812,-69.5245742797852,1.81075470447987E-21),(132.442123413086,-70.4636459350586,2.),(135.203430175781,-60.2341194152832,1.56878640190125E-21),(137.031814575195,-61.0476760864258,2.),(139.073226928711,-50.6501998901367,1.31917505951476E-21),(140.953887939453,-51.3342895507812,2.),(142.26545715332,-40.8194999694824,1.06313630566448E-21),(144.189239501953,-41.3708038330078,2.),(144.764587402344,-30.789924621582,8.0191787848874E-22),(146.722122192383,-31.2057609558105,2.),(146.558441162109,-20.6103382110596,5.36792456752269E-22),(148.54020690918,-20.8886890411377,2.),(147.638259887695,-10.3303337097168,2.69051626637967E-22),(149.634613037109,-10.4698476791382,2.)));
#49=IFCINDEXEDPOLYGONALFACE((43,47,45));
#50=IFCINDEXEDPOLYGONALFACE((43,49,47));
#51=IFCINDEXEDPOLYGONALFACE((41,49,43));
#52=IFCINDEXEDPOLYGONALFACE((41,51,49));
#53=IFCINDEXEDPOLYGONALFACE((39,51,41));
#54=IFCINDEXEDPOLYGONALFACE((39,53,51));
#55=IFCINDEXEDPOLYGONALFACE((37,53,39));
#56=IFCINDEXEDPOLYGONALFACE((37,35,53));
#57=IFCINDEXEDPOLYGONALFACE((35,55,53));
#58=IFCINDEXEDPOLYGONALFACE((35,57,55));
#59=IFCINDEXEDPOLYGONALFACE((33,57,35));
#60=IFCINDEXEDPOLYGONALFACE((33,59,57));
#61=IFCINDEXEDPOLYGONALFACE((31,59,33));
#62=IFCINDEXEDPOLYGONALFACE((31,61,59));
#63=IFCINDEXEDPOLYGONALFACE((29,61,31));
#64=IFCINDEXEDPOLYGONALFACE((29,63,61));
#65=IFCINDEXEDPOLYGONALFACE((27,63,29));
#66=IFCINDEXEDPOLYGONALFACE((27,25,63));
#67=IFCINDEXEDPOLYGONALFACE((25,65,63));
#68=IFCINDEXEDPOLYGONALFACE((25,67,65));
#69=IFCINDEXEDPOLYGONALFACE((23,67,25));
#70=IFCINDEXEDPOLYGONALFACE((23,69,67));
#71=IFCINDEXEDPOLYGONALFACE((21,69,23));
#72=IFCINDEXEDPOLYGONALFACE((21,71,69));
#73=IFCINDEXEDPOLYGONALFACE((19,71,21));
#74=IFCINDEXEDPOLYGONALFACE((19,73,71));
#75=IFCINDEXEDPOLYGONALFACE((17,73,19));
#76=IFCINDEXEDPOLYGONALFACE((17,15,73));
#77=IFCINDEXEDPOLYGONALFACE((15,75,73));
#78=IFCINDEXEDPOLYGONALFACE((15,77,75));
#79=IFCINDEXEDPOLYGONALFACE((13,77,15));
#80=IFCINDEXEDPOLYGONALFACE((13,79,77));
#81=IFCINDEXEDPOLYGONALFACE((11,79,13));
#82=IFCINDEXEDPOLYGONALFACE((11,81,79));
#83=IFCINDEXEDPOLYGONALFACE((83,81,11));
#84=IFCINDEXEDPOLYGONALFACE((9,83,11));
#85=IFCINDEXEDPOLYGONALFACE((7,83,9));
#86=IFCINDEXEDPOLYGONALFACE((7,85,83));
#87=IFCINDEXEDPOLYGONALFACE((5,85,7));
#88=IFCINDEXEDPOLYGONALFACE((5,87,85));
#89=IFCINDEXEDPOLYGONALFACE((3,87,5));
#90=IFCINDEXEDPOLYGONALFACE((3,89,87));
#91=IFCINDEXEDPOLYGONALFACE((91,89,3));
#92=IFCINDEXEDPOLYGONALFACE((1,91,3));
#93=IFCINDEXEDPOLYGONALFACE((1,179,91));
#94=IFCINDEXEDPOLYGONALFACE((179,93,91));
#95=IFCINDEXEDPOLYGONALFACE((95,93,179));
#96=IFCINDEXEDPOLYGONALFACE((177,95,179));
#97=IFCINDEXEDPOLYGONALFACE((97,95,177));
#98=IFCINDEXEDPOLYGONALFACE((175,97,177));
#99=IFCINDEXEDPOLYGONALFACE((99,97,175));
#100=IFCINDEXEDPOLYGONALFACE((173,99,175));
#101=IFCINDEXEDPOLYGONALFACE((101,99,173));
#102=IFCINDEXEDPOLYGONALFACE((171,101,173));
#103=IFCINDEXEDPOLYGONALFACE((103,101,171));
#104=IFCINDEXEDPOLYGONALFACE((169,103,171));
#105=IFCINDEXEDPOLYGONALFACE((105,103,169));
#106=IFCINDEXEDPOLYGONALFACE((167,105,169));
#107=IFCINDEXEDPOLYGONALFACE((107,105,167));
#108=IFCINDEXEDPOLYGONALFACE((165,107,167));
#109=IFCINDEXEDPOLYGONALFACE((109,107,165));
#110=IFCINDEXEDPOLYGONALFACE((163,109,165));
#111=IFCINDEXEDPOLYGONALFACE((111,109,163));
#112=IFCINDEXEDPOLYGONALFACE((161,111,163));
#113=IFCINDEXEDPOLYGONALFACE((113,111,161));
#114=IFCINDEXEDPOLYGONALFACE((159,113,161));
#115=IFCINDEXEDPOLYGONALFACE((115,113,159));
#116=IFCINDEXEDPOLYGONALFACE((157,115,159));
#117=IFCINDEXEDPOLYGONALFACE((117,115,157));
#118=IFCINDEXEDPOLYGONALFACE((155,117,157));
#119=IFCINDEXEDPOLYGONALFACE((119,117,155));
#120=IFCINDEXEDPOLYGONALFACE((153,119,155));
#121=IFCINDEXEDPOLYGONALFACE((121,119,153));
#122=IFCINDEXEDPOLYGONALFACE((151,121,153));
#123=IFCINDEXEDPOLYGONALFACE((123,121,151));
#124=IFCINDEXEDPOLYGONALFACE((149,123,151));
#125=IFCINDEXEDPOLYGONALFACE((125,123,149));
#126=IFCINDEXEDPOLYGONALFACE((147,125,149));
#127=IFCINDEXEDPOLYGONALFACE((127,125,147));
#128=IFCINDEXEDPOLYGONALFACE((145,127,147));
#129=IFCINDEXEDPOLYGONALFACE((129,127,145));
#130=IFCINDEXEDPOLYGONALFACE((143,129,145));
#131=IFCINDEXEDPOLYGONALFACE((131,129,143));
#132=IFCINDEXEDPOLYGONALFACE((141,131,143));
#133=IFCINDEXEDPOLYGONALFACE((133,131,141));
#134=IFCINDEXEDPOLYGONALFACE((139,133,141));
#135=IFCINDEXEDPOLYGONALFACE((135,133,139));
#136=IFCINDEXEDPOLYGONALFACE((137,135,139));
#137=IFCINDEXEDPOLYGONALFACE((2,1,4));
#138=IFCINDEXEDPOLYGONALFACE((1,3,4));
#139=IFCINDEXEDPOLYGONALFACE((3,5,4));
#140=IFCINDEXEDPOLYGONALFACE((4,5,6));
#141=IFCINDEXEDPOLYGONALFACE((5,7,6));
#142=IFCINDEXEDPOLYGONALFACE((6,7,8));
#143=IFCINDEXEDPOLYGONALFACE((8,7,10));
#144=IFCINDEXEDPOLYGONALFACE((7,9,10));
#145=IFCINDEXEDPOLYGONALFACE((9,11,10));
#146=IFCINDEXEDPOLYGONALFACE((10,11,12));
#147=IFCINDEXEDPOLYGONALFACE((12,11,14));
#148=IFCINDEXEDPOLYGONALFACE((11,13,14));
#149=IFCINDEXEDPOLYGONALFACE((13,15,14));
#150=IFCINDEXEDPOLYGONALFACE((14,15,16));
#151=IFCINDEXEDPOLYGONALFACE((16,15,18));
#152=IFCINDEXEDPOLYGONALFACE((15,17,18));
#153=IFCINDEXEDPOLYGONALFACE((18,17,20));
#154=IFCINDEXEDPOLYGONALFACE((17,19,20));
#155=IFCINDEXEDPOLYGONALFACE((19,21,20));
#156=IFCINDEXEDPOLYGONALFACE((20,21,22));
#157=IFCINDEXEDPOLYGONALFACE((22,21,24));
#158=IFCINDEXEDPOLYGONALFACE((21,23,24));
#159=IFCINDEXEDPOLYGONALFACE((23,25,24));
#160=IFCINDEXEDPOLYGONALFACE((24,25,26));
#161=IFCINDEXEDPOLYGONALFACE((25,27,26));
#162=IFCINDEXEDPOLYGONALFACE((26,27,28));
#163=IFCINDEXEDPOLYGONALFACE((27,29,28));
#164=IFCINDEXEDPOLYGONALFACE((28,29,30));
#165=IFCINDEXEDPOLYGONALFACE((29,31,30));
#166=IFCINDEXEDPOLYGONALFACE((30,31,32));
#167=IFCINDEXEDPOLYGONALFACE((32,31,34));
#168=IFCINDEXEDPOLYGONALFACE((31,33,34));
#169=IFCINDEXEDPOLYGONALFACE((33,35,34));
#170=IFCINDEXEDPOLYGONALFACE((34,35,36));
#171=IFCINDEXEDPOLYGONALFACE((35,37,36));
#172=IFCINDEXEDPOLYGONALFACE((36,37,38));
#173=IFCINDEXEDPOLYGONALFACE((38,37,40));
#174=IFCINDEXEDPOLYGONALFACE((37,39,40));
#175=IFCINDEXEDPOLYGONALFACE((39,41,40));
#176=IFCINDEXEDPOLYGONALFACE((40,41,42));
#177=IFCINDEXEDPOLYGONALFACE((41,43,42));
#178=IFCINDEXEDPOLYGONALFACE((42,43,44));
#179=IFCINDEXEDPOLYGONALFACE((44,43,46));
#180=IFCINDEXEDPOLYGONALFACE((43,45,46));
#181=IFCINDEXEDPOLYGONALFACE((45,47,46));
#182=IFCINDEXEDPOLYGONALFACE((47,48,46));
#183=IFCINDEXEDPOLYGONALFACE((47,49,48));
#184=IFCINDEXEDPOLYGONALFACE((49,50,48));
#185=IFCINDEXEDPOLYGONALFACE((49,52,50));
#186=IFCINDEXEDPOLYGONALFACE((49,51,52));
#187=IFCINDEXEDPOLYGONALFACE((51,54,52));
#188=IFCINDEXEDPOLYGONALFACE((51,53,54));
#189=IFCINDEXEDPOLYGONALFACE((53,55,54));
#190=IFCINDEXEDPOLYGONALFACE((55,56,54));
#191=IFCINDEXEDPOLYGONALFACE((55,58,56));
#192=IFCINDEXEDPOLYGONALFACE((55,57,58));
#193=IFCINDEXEDPOLYGONALFACE((57,60,58));
#194=IFCINDEXEDPOLYGONALFACE((57,59,60));
#195=IFCINDEXEDPOLYGONALFACE((59,61,60));
#196=IFCINDEXEDPOLYGONALFACE((61,62,60));
#197=IFCINDEXEDPOLYGONALFACE((61,64,62));
#198=IFCINDEXEDPOLYGONALFACE((61,63,64));
#199=IFCINDEXEDPOLYGONALFACE((63,66,64));
#200=IFCINDEXEDPOLYGONALFACE((63,65,66));
#201=IFCINDEXEDPOLYGONALFACE((65,68,66));
#202=IFCINDEXEDPOLYGONALFACE((65,67,68));
#203=IFCINDEXEDPOLYGONALFACE((67,70,68));
#204=IFCINDEXEDPOLYGONALFACE((67,69,70));
#205=IFCINDEXEDPOLYGONALFACE((69,71,70));
#206=IFCINDEXEDPOLYGONALFACE((71,72,70));
#207=IFCINDEXEDPOLYGONALFACE((71,74,72));
#208=IFCINDEXEDPOLYGONALFACE((71,73,74));
#209=IFCINDEXEDPOLYGONALFACE((73,75,74));
#210=IFCINDEXEDPOLYGONALFACE((75,76,74));
#211=IFCINDEXEDPOLYGONALFACE((75,77,76));
#212=IFCINDEXEDPOLYGONALFACE((77,78,76));
#213=IFCINDEXEDPOLYGONALFACE((77,80,78));
#214=IFCINDEXEDPOLYGONALFACE((77,79,80));
#215=IFCINDEXEDPOLYGONALFACE((79,81,80));
#216=IFCINDEXEDPOLYGONALFACE((81,82,80));
#217=IFCINDEXEDPOLYGONALFACE((81,84,82));
#218=IFCINDEXEDPOLYGONALFACE((81,83,84));
#219=IFCINDEXEDPOLYGONALFACE((83,85,84));
#220=IFCINDEXEDPOLYGONALFACE((85,86,84));
#221=IFCINDEXEDPOLYGONALFACE((85,88,86));
#222=IFCINDEXEDPOLYGONALFACE((85,87,88));
#223=IFCINDEXEDPOLYGONALFACE((87,90,88));
#224=IFCINDEXEDPOLYGONALFACE((87,89,90));
#225=IFCINDEXEDPOLYGONALFACE((89,91,90));
#226=IFCINDEXEDPOLYGONALFACE((91,92,90));
#227=IFCINDEXEDPOLYGONALFACE((91,94,92));
#228=IFCINDEXEDPOLYGONALFACE((91,93,94));
#229=IFCINDEXEDPOLYGONALFACE((93,95,94));
#230=IFCINDEXEDPOLYGONALFACE((95,96,94));
#231=IFCINDEXEDPOLYGONALFACE((95,97,96));
#232=IFCINDEXEDPOLYGONALFACE((97,98,96));
#233=IFCINDEXEDPOLYGONALFACE((97,100,98));
#234=IFCINDEXEDPOLYGONALFACE((97,99,100));
#235=IFCINDEXEDPOLYGONALFACE((99,101,100));
#236=IFCINDEXEDPOLYGONALFACE((101,102,100));
#237=IFCINDEXEDPOLYGONALFACE((101,104,102));
#238=IFCINDEXEDPOLYGONALFACE((101,103,104));
#239=IFCINDEXEDPOLYGONALFACE((103,105,104));
#240=IFCINDEXEDPOLYGONALFACE((105,106,104));
#241=IFCINDEXEDPOLYGONALFACE((105,108,106));
#242=IFCINDEXEDPOLYGONALFACE((105,107,108));
#243=IFCINDEXEDPOLYGONALFACE((107,110,108));
#244=IFCINDEXEDPOLYGONALFACE((107,109,110));
#245=IFCINDEXEDPOLYGONALFACE((109,111,110));
#246=IFCINDEXEDPOLYGONALFACE((111,112,110));
#247=IFCINDEXEDPOLYGONALFACE((111,114,112));
#248=IFCINDEXEDPOLYGONALFACE((111,113,114));
#249=IFCINDEXEDPOLYGONALFACE((113,115,114));
#250=IFCINDEXEDPOLYGONALFACE((115,116,114));
#251=IFCINDEXEDPOLYGONALFACE((115,117,116));
#252=IFCINDEXEDPOLYGONALFACE((117,118,116));
#253=IFCINDEXEDPOLYGONALFACE((117,119,118));
#254=IFCINDEXEDPOLYGONALFACE((119,120,118));
#255=IFCINDEXEDPOLYGONALFACE((119,121,120));
#256=IFCINDEXEDPOLYGONALFACE((121,122,120));
#257=IFCINDEXEDPOLYGONALFACE((121,124,122));
#258=IFCINDEXEDPOLYGONALFACE((121,123,124));
#259=IFCINDEXEDPOLYGONALFACE((123,125,124));
#260=IFCINDEXEDPOLYGONALFACE((125,126,124));
#261=IFCINDEXEDPOLYGONALFACE((125,127,126));
#262=IFCINDEXEDPOLYGONALFACE((127,128,126));
#263=IFCINDEXEDPOLYGONALFACE((127,130,128));
#264=IFCINDEXEDPOLYGONALFACE((127,129,130));
#265=IFCINDEXEDPOLYGONALFACE((129,131,130));
#266=IFCINDEXEDPOLYGONALFACE((131,132,130));
#267=IFCINDEXEDPOLYGONALFACE((131,133,132));
#268=IFCINDEXEDPOLYGONALFACE((133,134,132));
#269=IFCINDEXEDPOLYGONALFACE((133,136,134));
#270=IFCINDEXEDPOLYGONALFACE((133,135,136));
#271=IFCINDEXEDPOLYGONALFACE((135,137,136));
#272=IFCINDEXEDPOLYGONALFACE((137,138,136));
#273=IFCINDEXEDPOLYGONALFACE((137,139,138));
#274=IFCINDEXEDPOLYGONALFACE((138,139,140));
#275=IFCINDEXEDPOLYGONALFACE((140,139,142));
#276=IFCINDEXEDPOLYGONALFACE((139,141,142));
#277=IFCINDEXEDPOLYGONALFACE((142,141,144));
#278=IFCINDEXEDPOLYGONALFACE((141,143,144));
#279=IFCINDEXEDPOLYGONALFACE((143,145,144));
#280=IFCINDEXEDPOLYGONALFACE((144,145,146));
#281=IFCINDEXEDPOLYGONALFACE((146,145,148));
#282=IFCINDEXEDPOLYGONALFACE((145,147,148));
#283=IFCINDEXEDPOLYGONALFACE((148,147,150));
#284=IFCINDEXEDPOLYGONALFACE((147,149,150));
#285=IFCINDEXEDPOLYGONALFACE((149,151,150));
#286=IFCINDEXEDPOLYGONALFACE((150,151,152));
#287=IFCINDEXEDPOLYGONALFACE((152,151,154));
#288=IFCINDEXEDPOLYGONALFACE((151,153,154));
#289=IFCINDEXEDPOLYGONALFACE((154,153,156));
#290=IFCINDEXEDPOLYGONALFACE((153,155,156));
#291=IFCINDEXEDPOLYGONALFACE((156,155,158));
#292=IFCINDEXEDPOLYGONALFACE((155,157,158));
#293=IFCINDEXEDPOLYGONALFACE((158,157,160));
#294=IFCINDEXEDPOLYGONALFACE((157,159,160));
#295=IFCINDEXEDPOLYGONALFACE((159,161,160));
#296=IFCINDEXEDPOLYGONALFACE((160,161,162));
#297=IFCINDEXEDPOLYGONALFACE((162,161,164));
#298=IFCINDEXEDPOLYGONALFACE((161,163,164));
#299=IFCINDEXEDPOLYGONALFACE((163,165,164));
#300=IFCINDEXEDPOLYGONALFACE((164,165,166));
#301=IFCINDEXEDPOLYGONALFACE((165,167,166));
#302=IFCINDEXEDPOLYGONALFACE((166,167,168));
#303=IFCINDEXEDPOLYGONALFACE((168,167,170));
#304=IFCINDEXEDPOLYGONALFACE((167,169,170));
#305=IFCINDEXEDPOLYGONALFACE((169,171,170));
#306=IFCINDEXEDPOLYGONALFACE((170,171,172));
#307=IFCINDEXEDPOLYGONALFACE((172,171,174));
#308=IFCINDEXEDPOLYGONALFACE((171,173,174));
#309=IFCINDEXEDPOLYGONALFACE((173,175,174));
#310=IFCINDEXEDPOLYGONALFACE((174,175,176));
#311=IFCINDEXEDPOLYGONALFACE((176,175,178));
#312=IFCINDEXEDPOLYGONALFACE((175,177,178));
#313=IFCINDEXEDPOLYGONALFACE((178,177,180));
#314=IFCINDEXEDPOLYGONALFACE((177,179,180));
#315=IFCINDEXEDPOLYGONALFACE((179,1,180));
#316=IFCINDEXEDPOLYGONALFACE((180,1,2));
#317=IFCINDEXEDPOLYGONALFACE((227,225,223));
#318=IFCINDEXEDPOLYGONALFACE((229,227,223));
#319=IFCINDEXEDPOLYGONALFACE((229,223,221));
#320=IFCINDEXEDPOLYGONALFACE((231,229,221));
#321=IFCINDEXEDPOLYGONALFACE((231,221,219));
#322=IFCINDEXEDPOLYGONALFACE((233,231,219));
#323=IFCINDEXEDPOLYGONALFACE((233,219,217));
#324=IFCINDEXEDPOLYGONALFACE((233,217,215));
#325=IFCINDEXEDPOLYGONALFACE((235,233,215));
#326=IFCINDEXEDPOLYGONALFACE((237,235,215));
#327=IFCINDEXEDPOLYGONALFACE((237,215,213));
#328=IFCINDEXEDPOLYGONALFACE((239,237,213));
#329=IFCINDEXEDPOLYGONALFACE((239,213,211));
#330=IFCINDEXEDPOLYGONALFACE((241,239,211));
#331=IFCINDEXEDPOLYGONALFACE((241,211,209));
#332=IFCINDEXEDPOLYGONALFACE((243,241,209));
#333=IFCINDEXEDPOLYGONALFACE((243,209,207));
#334=IFCINDEXEDPOLYGONALFACE((243,207,205));
#335=IFCINDEXEDPOLYGONALFACE((245,243,205));
#336=IFCINDEXEDPOLYGONALFACE((247,245,205));
#337=IFCINDEXEDPOLYGONALFACE((247,205,203));
#338=IFCINDEXEDPOLYGONALFACE((249,247,203));
#339=IFCINDEXEDPOLYGONALFACE((249,203,201));
#340=IFCINDEXEDPOLYGONALFACE((251,249,201));
#341=IFCINDEXEDPOLYGONALFACE((251,201,199));
#342=IFCINDEXEDPOLYGONALFACE((253,251,199));
#343=IFCINDEXEDPOLYGONALFACE((253,199,197));
#344=IFCINDEXEDPOLYGONALFACE((253,197,195));
#345=IFCINDEXEDPOLYGONALFACE((255,253,195));
#346=IFCINDEXEDPOLYGONALFACE((257,255,195));
#347=IFCINDEXEDPOLYGONALFACE((257,195,193));
#348=IFCINDEXEDPOLYGONALFACE((259,257,193));
#349=IFCINDEXEDPOLYGONALFACE((259,193,191));
#350=IFCINDEXEDPOLYGONALFACE((261,259,191));
#351=IFCINDEXEDPOLYGONALFACE((261,191,263));
#352=IFCINDEXEDPOLYGONALFACE((263,191,189));
#353=IFCINDEXEDPOLYGONALFACE((263,189,187));
#354=IFCINDEXEDPOLYGONALFACE((265,263,187));
#355=IFCINDEXEDPOLYGONALFACE((265,187,185));
#356=IFCINDEXEDPOLYGONALFACE((267,265,185));
#357=IFCINDEXEDPOLYGONALFACE((267,185,183));
#358=IFCINDEXEDPOLYGONALFACE((269,267,183));
#359=IFCINDEXEDPOLYGONALFACE((269,183,271));
#360=IFCINDEXEDPOLYGONALFACE((183,181,271));
#361=IFCINDEXEDPOLYGONALFACE((271,181,359));
#362=IFCINDEXEDPOLYGONALFACE((273,271,359));
#363=IFCINDEXEDPOLYGONALFACE((273,359,275));
#364=IFCINDEXEDPOLYGONALFACE((275,359,357));
#365=IFCINDEXEDPOLYGONALFACE((275,357,277));
#366=IFCINDEXEDPOLYGONALFACE((277,357,355));
#367=IFCINDEXEDPOLYGONALFACE((277,355,279));
#368=IFCINDEXEDPOLYGONALFACE((279,355,353));
#369=IFCINDEXEDPOLYGONALFACE((279,353,281));
#370=IFCINDEXEDPOLYGONALFACE((281,353,351));
#371=IFCINDEXEDPOLYGONALFACE((281,351,283));
#372=IFCINDEXEDPOLYGONALFACE((283,351,349));
#373=IFCINDEXEDPOLYGONALFACE((283,349,285));
#374=IFCINDEXEDPOLYGONALFACE((285,349,347));
#375=IFCINDEXEDPOLYGONALFACE((285,347,287));
#376=IFCINDEXEDPOLYGONALFACE((287,347,345));
#377=IFCINDEXEDPOLYGONALFACE((287,345,289));
#378=IFCINDEXEDPOLYGONALFACE((289,345,343));
#379=IFCINDEXEDPOLYGONALFACE((289,343,291));
#380=IFCINDEXEDPOLYGONALFACE((291,343,341));
#381=IFCINDEXEDPOLYGONALFACE((291,341,293));
#382=IFCINDEXEDPOLYGONALFACE((293,341,339));
#383=IFCINDEXEDPOLYGONALFACE((293,339,295));
#384=IFCINDEXEDPOLYGONALFACE((295,339,337));
#385=IFCINDEXEDPOLYGONALFACE((295,337,297));
#386=IFCINDEXEDPOLYGONALFACE((297,337,335));
#387=IFCINDEXEDPOLYGONALFACE((297,335,299));
#388=IFCINDEXEDPOLYGONALFACE((299,335,333));
#389=IFCINDEXEDPOLYGONALFACE((299,333,301));
#390=IFCINDEXEDPOLYGONALFACE((301,333,331));
#391=IFCINDEXEDPOLYGONALFACE((301,331,303));
#392=IFCINDEXEDPOLYGONALFACE((303,331,329));
#393=IFCINDEXEDPOLYGONALFACE((303,329,305));
#394=IFCINDEXEDPOLYGONALFACE((305,329,327));
#395=IFCINDEXEDPOLYGONALFACE((305,327,307));
#396=IFCINDEXEDPOLYGONALFACE((307,327,325));
#397=IFCINDEXEDPOLYGONALFACE((307,325,309));
#398=IFCINDEXEDPOLYGONALFACE((309,325,323));
#399=IFCINDEXEDPOLYGONALFACE((309,323,311));
#400=IFCINDEXEDPOLYGONALFACE((311,323,321));
#401=IFCINDEXEDPOLYGONALFACE((311,321,313));
#402=IFCINDEXEDPOLYGONALFACE((313,321,319));
#403=IFCINDEXEDPOLYGONALFACE((313,319,315));
#404=IFCINDEXEDPOLYGONALFACE((319,317,315));
#405=IFCINDEXEDPOLYGONALFACE((184,2,182));
#406=IFCINDEXEDPOLYGONALFACE((180,2,184));
#407=IFCINDEXEDPOLYGONALFACE((182,4,360));
#408=IFCINDEXEDPOLYGONALFACE((2,4,182));
#409=IFCINDEXEDPOLYGONALFACE((360,6,358));
#410=IFCINDEXEDPOLYGONALFACE((4,6,360));
#411=IFCINDEXEDPOLYGONALFACE((358,8,356));
#412=IFCINDEXEDPOLYGONALFACE((6,8,358));
#413=IFCINDEXEDPOLYGONALFACE((356,10,354));
#414=IFCINDEXEDPOLYGONALFACE((8,10,356));
#415=IFCINDEXEDPOLYGONALFACE((354,12,352));
#416=IFCINDEXEDPOLYGONALFACE((10,12,354));
#417=IFCINDEXEDPOLYGONALFACE((352,14,350));
#418=IFCINDEXEDPOLYGONALFACE((12,14,352));
#419=IFCINDEXEDPOLYGONALFACE((350,16,348));
#420=IFCINDEXEDPOLYGONALFACE((14,16,350));
#421=IFCINDEXEDPOLYGONALFACE((348,18,346));
#422=IFCINDEXEDPOLYGONALFACE((16,18,348));
#423=IFCINDEXEDPOLYGONALFACE((346,20,344));
#424=IFCINDEXEDPOLYGONALFACE((18,20,346));
#425=IFCINDEXEDPOLYGONALFACE((344,22,342));
#426=IFCINDEXEDPOLYGONALFACE((20,22,344));
#427=IFCINDEXEDPOLYGONALFACE((342,24,340));
#428=IFCINDEXEDPOLYGONALFACE((22,24,342));
#429=IFCINDEXEDPOLYGONALFACE((340,26,338));
#430=IFCINDEXEDPOLYGONALFACE((24,26,340));
#431=IFCINDEXEDPOLYGONALFACE((338,28,336));
#432=IFCINDEXEDPOLYGONALFACE((26,28,338));
#433=IFCINDEXEDPOLYGONALFACE((336,30,334));
#434=IFCINDEXEDPOLYGONALFACE((28,30,336));
#435=IFCINDEXEDPOLYGONALFACE((334,32,332));
#436=IFCINDEXEDPOLYGONALFACE((30,32,334));
#437=IFCINDEXEDPOLYGONALFACE((332,34,330));
#438=IFCINDEXEDPOLYGONALFACE((32,34,332));
#439=IFCINDEXEDPOLYGONALFACE((330,36,328));
#440=IFCINDEXEDPOLYGONALFACE((34,36,330));
#441=IFCINDEXEDPOLYGONALFACE((328,38,326));
#442=IFCINDEXEDPOLYGONALFACE((36,38,328));
#443=IFCINDEXEDPOLYGONALFACE((326,40,324));
#444=IFCINDEXEDPOLYGONALFACE((38,40,326));
#445=IFCINDEXEDPOLYGONALFACE((324,42,322));
#446=IFCINDEXEDPOLYGONALFACE((40,42,324));
#447=IFCINDEXEDPOLYGONALFACE((322,44,320));
#448=IFCINDEXEDPOLYGONALFACE((42,44,322));
#449=IFCINDEXEDPOLYGONALFACE((320,46,318));
#450=IFCINDEXEDPOLYGONALFACE((44,46,320));
#451=IFCINDEXEDPOLYGONALFACE((46,316,318));
#452=IFCINDEXEDPOLYGONALFACE((46,48,316));
#453=IFCINDEXEDPOLYGONALFACE((48,314,316));
#454=IFCINDEXEDPOLYGONALFACE((48,50,314));
#455=IFCINDEXEDPOLYGONALFACE((50,312,314));
#456=IFCINDEXEDPOLYGONALFACE((50,52,312));
#457=IFCINDEXEDPOLYGONALFACE((52,310,312));
#458=IFCINDEXEDPOLYGONALFACE((52,54,310));
#459=IFCINDEXEDPOLYGONALFACE((54,308,310));
#460=IFCINDEXEDPOLYGONALFACE((54,56,308));
#461=IFCINDEXEDPOLYGONALFACE((56,306,308));
#462=IFCINDEXEDPOLYGONALFACE((56,58,306));
#463=IFCINDEXEDPOLYGONALFACE((58,304,306));
#464=IFCINDEXEDPOLYGONALFACE((58,60,304));
#465=IFCINDEXEDPOLYGONALFACE((60,302,304));
#466=IFCINDEXEDPOLYGONALFACE((60,62,302));
#467=IFCINDEXEDPOLYGONALFACE((62,300,302));
#468=IFCINDEXEDPOLYGONALFACE((62,64,300));
#469=IFCINDEXEDPOLYGONALFACE((64,298,300));
#470=IFCINDEXEDPOLYGONALFACE((64,66,298));
#471=IFCINDEXEDPOLYGONALFACE((66,296,298));
#472=IFCINDEXEDPOLYGONALFACE((66,68,296));
#473=IFCINDEXEDPOLYGONALFACE((68,294,296));
#474=IFCINDEXEDPOLYGONALFACE((68,70,294));
#475=IFCINDEXEDPOLYGONALFACE((70,292,294));
#476=IFCINDEXEDPOLYGONALFACE((70,72,292));
#477=IFCINDEXEDPOLYGONALFACE((72,290,292));
#478=IFCINDEXEDPOLYGONALFACE((72,74,290));
#479=IFCINDEXEDPOLYGONALFACE((74,288,290));
#480=IFCINDEXEDPOLYGONALFACE((74,76,288));
#481=IFCINDEXEDPOLYGONALFACE((76,286,288));
#482=IFCINDEXEDPOLYGONALFACE((76,78,286));
#483=IFCINDEXEDPOLYGONALFACE((78,284,286));
#484=IFCINDEXEDPOLYGONALFACE((78,80,284));
#485=IFCINDEXEDPOLYGONALFACE((80,282,284));
#486=IFCINDEXEDPOLYGONALFACE((80,82,282));
#487=IFCINDEXEDPOLYGONALFACE((82,280,282));
#488=IFCINDEXEDPOLYGONALFACE((82,84,280));
#489=IFCINDEXEDPOLYGONALFACE((84,278,280));
#490=IFCINDEXEDPOLYGONALFACE((84,86,278));
#491=IFCINDEXEDPOLYGONALFACE((86,276,278));
#492=IFCINDEXEDPOLYGONALFACE((86,88,276));
#493=IFCINDEXEDPOLYGONALFACE((88,274,276));
#494=IFCINDEXEDPOLYGONALFACE((88,90,274));
#495=IFCINDEXEDPOLYGONALFACE((90,272,274));
#496=IFCINDEXEDPOLYGONALFACE((90,92,272));
#497=IFCINDEXEDPOLYGONALFACE((92,270,272));
#498=IFCINDEXEDPOLYGONALFACE((92,94,270));
#499=IFCINDEXEDPOLYGONALFACE((94,268,270));
#500=IFCINDEXEDPOLYGONALFACE((94,96,268));
#501=IFCINDEXEDPOLYGONALFACE((96,266,268));
#502=IFCINDEXEDPOLYGONALFACE((96,98,266));
#503=IFCINDEXEDPOLYGONALFACE((98,264,266));
#504=IFCINDEXEDPOLYGONALFACE((98,100,264));
#505=IFCINDEXEDPOLYGONALFACE((100,262,264));
#506=IFCINDEXEDPOLYGONALFACE((100,102,262));
#507=IFCINDEXEDPOLYGONALFACE((102,260,262));
#508=IFCINDEXEDPOLYGONALFACE((102,104,260));
#509=IFCINDEXEDPOLYGONALFACE((104,258,260));
#510=IFCINDEXEDPOLYGONALFACE((104,106,258));
#511=IFCINDEXEDPOLYGONALFACE((106,256,258));
#512=IFCINDEXEDPOLYGONALFACE((106,108,256));
#513=IFCINDEXEDPOLYGONALFACE((108,254,256));
#514=IFCINDEXEDPOLYGONALFACE((108,110,254));
#515=IFCINDEXEDPOLYGONALFACE((110,252,254));
#516=IFCINDEXEDPOLYGONALFACE((110,112,252));
#517=IFCINDEXEDPOLYGONALFACE((112,250,252));
#518=IFCINDEXEDPOLYGONALFACE((112,114,250));
#519=IFCINDEXEDPOLYGONALFACE((114,248,250));
#520=IFCINDEXEDPOLYGONALFACE((114,116,248));
#521=IFCINDEXEDPOLYGONALFACE((116,246,248));
#522=IFCINDEXEDPOLYGONALFACE((116,118,246));
#523=IFCINDEXEDPOLYGONALFACE((118,244,246));
#524=IFCINDEXEDPOLYGONALFACE((118,120,244));
#525=IFCINDEXEDPOLYGONALFACE((120,242,244));
#526=IFCINDEXEDPOLYGONALFACE((120,122,242));
#527=IFCINDEXEDPOLYGONALFACE((122,240,242));
#528=IFCINDEXEDPOLYGONALFACE((122,124,240));
#529=IFCINDEXEDPOLYGONALFACE((124,238,240));
#530=IFCINDEXEDPOLYGONALFACE((124,126,238));
#531=IFCINDEXEDPOLYGONALFACE((126,236,238));
#532=IFCINDEXEDPOLYGONALFACE((126,128,236));
#533=IFCINDEXEDPOLYGONALFACE((128,234,236));
#534=IFCINDEXEDPOLYGONALFACE((128,130,234));
#535=IFCINDEXEDPOLYGONALFACE((130,232,234));
#536=IFCINDEXEDPOLYGONALFACE((130,132,232));
#537=IFCINDEXEDPOLYGONALFACE((132,230,232));
#538=IFCINDEXEDPOLYGONALFACE((132,134,230));
#539=IFCINDEXEDPOLYGONALFACE((134,228,230));
#540=IFCINDEXEDPOLYGONALFACE((134,136,228));
#541=IFCINDEXEDPOLYGONALFACE((136,226,228));
#542=IFCINDEXEDPOLYGONALFACE((136,138,226));
#543=IFCINDEXEDPOLYGONALFACE((226,140,224));
#544=IFCINDEXEDPOLYGONALFACE((138,140,226));
#545=IFCINDEXEDPOLYGONALFACE((224,142,222));
#546=IFCINDEXEDPOLYGONALFACE((140,142,224));
#547=IFCINDEXEDPOLYGONALFACE((222,144,220));
#548=IFCINDEXEDPOLYGONALFACE((142,144,222));
#549=IFCINDEXEDPOLYGONALFACE((220,146,218));
#550=IFCINDEXEDPOLYGONALFACE((144,146,220));
#551=IFCINDEXEDPOLYGONALFACE((218,148,216));
#552=IFCINDEXEDPOLYGONALFACE((146,148,218));
#553=IFCINDEXEDPOLYGONALFACE((216,150,214));
#554=IFCINDEXEDPOLYGONALFACE((148,150,216));
#555=IFCINDEXEDPOLYGONALFACE((214,152,212));
#556=IFCINDEXEDPOLYGONALFACE((150,152,214));
#557=IFCINDEXEDPOLYGONALFACE((212,154,210));
#558=IFCINDEXEDPOLYGONALFACE((152,154,212));
#559=IFCINDEXEDPOLYGONALFACE((210,156,208));
#560=IFCINDEXEDPOLYGONALFACE((154,156,210));
#561=IFCINDEXEDPOLYGONALFACE((208,158,206));
#562=IFCINDEXEDPOLYGONALFACE((156,158,208));
#563=IFCINDEXEDPOLYGONALFACE((206,160,204));
#564=IFCINDEXEDPOLYGONALFACE((158,160,206));
#565=IFCINDEXEDPOLYGONALFACE((204,162,202));
#566=IFCINDEXEDPOLYGONALFACE((160,162,204));
#567=IFCINDEXEDPOLYGONALFACE((202,164,200));
#568=IFCINDEXEDPOLYGONALFACE((162,164,202));
#569=IFCINDEXEDPOLYGONALFACE((200,166,198));
#570=IFCINDEXEDPOLYGONALFACE((164,166,200));
#571=IFCINDEXEDPOLYGONALFACE((198,168,196));
#572=IFCINDEXEDPOLYGONALFACE((166,168,198));
#573=IFCINDEXEDPOLYGONALFACE((196,170,194));
#574=IFCINDEXEDPOLYGONALFACE((168,170,196));
#575=IFCINDEXEDPOLYGONALFACE((194,172,192));
#576=IFCINDEXEDPOLYGONALFACE((170,172,194));
#577=IFCINDEXEDPOLYGONALFACE((192,174,190));
#578=IFCINDEXEDPOLYGONALFACE((172,174,192));
#579=IFCINDEXEDPOLYGONALFACE((190,176,188));
#580=IFCINDEXEDPOLYGONALFACE((174,176,190));
#581=IFCINDEXEDPOLYGONALFACE((188,178,186));
#582=IFCINDEXEDPOLYGONALFACE((176,178,188));
#583=IFCINDEXEDPOLYGONALFACE((186,180,184));
#584=IFCINDEXEDPOLYGONALFACE((178,180,186));
#585=IFCINDEXEDPOLYGONALFACE((184,182,181));
#586=IFCINDEXEDPOLYGONALFACE((183,184,181));
#587=IFCINDEXEDPOLYGONALFACE((185,184,183));
#588=IFCINDEXEDPOLYGONALFACE((186,184,185));
#589=IFCINDEXEDPOLYGONALFACE((187,186,185));
#590=IFCINDEXEDPOLYGONALFACE((188,186,187));
#591=IFCINDEXEDPOLYGONALFACE((190,188,187));
#592=IFCINDEXEDPOLYGONALFACE((189,190,187));
#593=IFCINDEXEDPOLYGONALFACE((191,190,189));
#594=IFCINDEXEDPOLYGONALFACE((192,190,191));
#595=IFCINDEXEDPOLYGONALFACE((194,192,191));
#596=IFCINDEXEDPOLYGONALFACE((193,194,191));
#597=IFCINDEXEDPOLYGONALFACE((195,194,193));
#598=IFCINDEXEDPOLYGONALFACE((196,194,195));
#599=IFCINDEXEDPOLYGONALFACE((198,196,195));
#600=IFCINDEXEDPOLYGONALFACE((197,198,195));
#601=IFCINDEXEDPOLYGONALFACE((200,198,197));
#602=IFCINDEXEDPOLYGONALFACE((199,200,197));
#603=IFCINDEXEDPOLYGONALFACE((201,200,199));
#604=IFCINDEXEDPOLYGONALFACE((202,200,201));
#605=IFCINDEXEDPOLYGONALFACE((204,202,201));
#606=IFCINDEXEDPOLYGONALFACE((203,204,201));
#607=IFCINDEXEDPOLYGONALFACE((205,204,203));
#608=IFCINDEXEDPOLYGONALFACE((206,204,205));
#609=IFCINDEXEDPOLYGONALFACE((207,206,205));
#610=IFCINDEXEDPOLYGONALFACE((208,206,207));
#611=IFCINDEXEDPOLYGONALFACE((209,208,207));
#612=IFCINDEXEDPOLYGONALFACE((210,208,209));
#613=IFCINDEXEDPOLYGONALFACE((211,210,209));
#614=IFCINDEXEDPOLYGONALFACE((212,210,211));
#615=IFCINDEXEDPOLYGONALFACE((214,212,211));
#616=IFCINDEXEDPOLYGONALFACE((213,214,211));
#617=IFCINDEXEDPOLYGONALFACE((215,214,213));
#618=IFCINDEXEDPOLYGONALFACE((216,214,215));
#619=IFCINDEXEDPOLYGONALFACE((217,216,215));
#620=IFCINDEXEDPOLYGONALFACE((218,216,217));
#621=IFCINDEXEDPOLYGONALFACE((220,218,217));
#622=IFCINDEXEDPOLYGONALFACE((219,220,217));
#623=IFCINDEXEDPOLYGONALFACE((221,220,219));
#624=IFCINDEXEDPOLYGONALFACE((222,220,221));
#625=IFCINDEXEDPOLYGONALFACE((223,222,221));
#626=IFCINDEXEDPOLYGONALFACE((224,222,223));
#627=IFCINDEXEDPOLYGONALFACE((226,224,223));
#628=IFCINDEXEDPOLYGONALFACE((225,226,223));
#629=IFCINDEXEDPOLYGONALFACE((226,225,227));
#630=IFCINDEXEDPOLYGONALFACE((228,226,227));
#631=IFCINDEXEDPOLYGONALFACE((228,227,229));
#632=IFCINDEXEDPOLYGONALFACE((230,228,229));
#633=IFCINDEXEDPOLYGONALFACE((232,230,229));
#634=IFCINDEXEDPOLYGONALFACE((232,229,231));
#635=IFCINDEXEDPOLYGONALFACE((234,232,231));
#636=IFCINDEXEDPOLYGONALFACE((234,231,233));
#637=IFCINDEXEDPOLYGONALFACE((234,233,235));
#638=IFCINDEXEDPOLYGONALFACE((236,234,235));
#639=IFCINDEXEDPOLYGONALFACE((238,236,235));
#640=IFCINDEXEDPOLYGONALFACE((238,235,237));
#641=IFCINDEXEDPOLYGONALFACE((240,238,237));
#642=IFCINDEXEDPOLYGONALFACE((240,237,239));
#643=IFCINDEXEDPOLYGONALFACE((240,239,241));
#644=IFCINDEXEDPOLYGONALFACE((242,240,241));
#645=IFCINDEXEDPOLYGONALFACE((244,242,241));
#646=IFCINDEXEDPOLYGONALFACE((244,241,243));
#647=IFCINDEXEDPOLYGONALFACE((246,244,243));
#648=IFCINDEXEDPOLYGONALFACE((246,243,245));
#649=IFCINDEXEDPOLYGONALFACE((248,246,245));
#650=IFCINDEXEDPOLYGONALFACE((248,245,247));
#651=IFCINDEXEDPOLYGONALFACE((250,248,247));
#652=IFCINDEXEDPOLYGONALFACE((250,247,249));
#653=IFCINDEXEDPOLYGONALFACE((250,249,251));
#654=IFCINDEXEDPOLYGONALFACE((252,250,251));
#655=IFCINDEXEDPOLYGONALFACE((254,252,251));
#656=IFCINDEXEDPOLYGONALFACE((254,251,253));
#657=IFCINDEXEDPOLYGONALFACE((254,253,255));
#658=IFCINDEXEDPOLYGONALFACE((256,254,255));
#659=IFCINDEXEDPOLYGONALFACE((256,255,257));
#660=IFCINDEXEDPOLYGONALFACE((258,256,257));
#661=IFCINDEXEDPOLYGONALFACE((260,258,257));
#662=IFCINDEXEDPOLYGONALFACE((260,257,259));
#663=IFCINDEXEDPOLYGONALFACE((260,259,261));
#664=IFCINDEXEDPOLYGONALFACE((262,260,261));
#665=IFCINDEXEDPOLYGONALFACE((264,262,261));
#666=IFCINDEXEDPOLYGONALFACE((264,261,263));
#667=IFCINDEXEDPOLYGONALFACE((264,263,265));
#668=IFCINDEXEDPOLYGONALFACE((266,264,265));
#669=IFCINDEXEDPOLYGONALFACE((268,266,265));
#670=IFCINDEXEDPOLYGONALFACE((268,265,267));
#671=IFCINDEXEDPOLYGONALFACE((270,268,267));
#672=IFCINDEXEDPOLYGONALFACE((270,267,269));
#673=IFCINDEXEDPOLYGONALFACE((270,269,271));
#674=IFCINDEXEDPOLYGONALFACE((272,270,271));
#675=IFCINDEXEDPOLYGONALFACE((274,272,271));
#676=IFCINDEXEDPOLYGONALFACE((274,271,273));
#677=IFCINDEXEDPOLYGONALFACE((274,273,275));
#678=IFCINDEXEDPOLYGONALFACE((276,274,275));
#679=IFCINDEXEDPOLYGONALFACE((276,275,277));
#680=IFCINDEXEDPOLYGONALFACE((278,276,277));
#681=IFCINDEXEDPOLYGONALFACE((280,278,277));
#682=IFCINDEXEDPOLYGONALFACE((280,277,279));
#683=IFCINDEXEDPOLYGONALFACE((280,279,281));
#684=IFCINDEXEDPOLYGONALFACE((282,280,281));
#685=IFCINDEXEDPOLYGONALFACE((284,282,281));
#686=IFCINDEXEDPOLYGONALFACE((284,281,283));
#687=IFCINDEXEDPOLYGONALFACE((284,283,285));
#688=IFCINDEXEDPOLYGONALFACE((286,284,285));
#689=IFCINDEXEDPOLYGONALFACE((288,286,285));
#690=IFCINDEXEDPOLYGONALFACE((288,285,287));
#691=IFCINDEXEDPOLYGONALFACE((290,288,287));
#692=IFCINDEXEDPOLYGONALFACE((290,287,289));
#693=IFCINDEXEDPOLYGONALFACE((290,289,291));
#694=IFCINDEXEDPOLYGONALFACE((292,290,291));
#695=IFCINDEXEDPOLYGONALFACE((294,292,291));
#696=IFCINDEXEDPOLYGONALFACE((294,291,293));
#697=IFCINDEXEDPOLYGONALFACE((294,293,295));
#698=IFCINDEXEDPOLYGONALFACE((296,294,295));
#699=IFCINDEXEDPOLYGONALFACE((296,295,297));
#700=IFCINDEXEDPOLYGONALFACE((298,296,297));
#701=IFCINDEXEDPOLYGONALFACE((298,297,299));
#702=IFCINDEXEDPOLYGONALFACE((300,298,299));
#703=IFCINDEXEDPOLYGONALFACE((300,299,301));
#704=IFCINDEXEDPOLYGONALFACE((302,300,301));
#705=IFCINDEXEDPOLYGONALFACE((304,302,301));
#706=IFCINDEXEDPOLYGONALFACE((304,301,303));
#707=IFCINDEXEDPOLYGONALFACE((304,303,305));
#708=IFCINDEXEDPOLYGONALFACE((306,304,305));
#709=IFCINDEXEDPOLYGONALFACE((306,305,307));
#710=IFCINDEXEDPOLYGONALFACE((308,306,307));
#711=IFCINDEXEDPOLYGONALFACE((310,308,307));
#712=IFCINDEXEDPOLYGONALFACE((310,307,309));
#713=IFCINDEXEDPOLYGONALFACE((310,309,311));
#714=IFCINDEXEDPOLYGONALFACE((312,310,311));
#715=IFCINDEXEDPOLYGONALFACE((312,311,313));
#716=IFCINDEXEDPOLYGONALFACE((314,312,313));
#717=IFCINDEXEDPOLYGONALFACE((316,314,313));
#718=IFCINDEXEDPOLYGONALFACE((316,313,315));
#719=IFCINDEXEDPOLYGONALFACE((316,315,317));
#720=IFCINDEXEDPOLYGONALFACE((318,316,317));
#721=IFCINDEXEDPOLYGONALFACE((319,318,317));
#722=IFCINDEXEDPOLYGONALFACE((320,318,319));
#723=IFCINDEXEDPOLYGONALFACE((322,320,319));
#724=IFCINDEXEDPOLYGONALFACE((321,322,319));
#725=IFCINDEXEDPOLYGONALFACE((324,322,321));
#726=IFCINDEXEDPOLYGONALFACE((323,324,321));
#727=IFCINDEXEDPOLYGONALFACE((325,324,323));
#728=IFCINDEXEDPOLYGONALFACE((326,324,325));
#729=IFCINDEXEDPOLYGONALFACE((328,326,325));
#730=IFCINDEXEDPOLYGONALFACE((327,328,325));
#731=IFCINDEXEDPOLYGONALFACE((330,328,327));
#732=IFCINDEXEDPOLYGONALFACE((329,330,327));
#733=IFCINDEXEDPOLYGONALFACE((331,330,329));
#734=IFCINDEXEDPOLYGONALFACE((332,330,331));
#735=IFCINDEXEDPOLYGONALFACE((334,332,331));
#736=IFCINDEXEDPOLYGONALFACE((333,334,331));
#737=IFCINDEXEDPOLYGONALFACE((336,334,333));
#738=IFCINDEXEDPOLYGONALFACE((335,336,333));
#739=IFCINDEXEDPOLYGONALFACE((338,336,335));
#740=IFCINDEXEDPOLYGONALFACE((337,338,335));
#741=IFCINDEXEDPOLYGONALFACE((340,338,337));
#742=IFCINDEXEDPOLYGONALFACE((339,340,337));
#743=IFCINDEXEDPOLYGONALFACE((341,340,339));
#744=IFCINDEXEDPOLYGONALFACE((342,340,341));
#745=IFCINDEXEDPOLYGONALFACE((344,342,341));
#746=IFCINDEXEDPOLYGONALFACE((343,344,341));
#747=IFCINDEXEDPOLYGONALFACE((345,344,343));
#748=IFCINDEXEDPOLYGONALFACE((346,344,345));
#749=IFCINDEXEDPOLYGONALFACE((347,346,345));
#750=IFCINDEXEDPOLYGONALFACE((348,346,347));
#751=IFCINDEXEDPOLYGONALFACE((350,348,347));
#752=IFCINDEXEDPOLYGONALFACE((349,350,347));
#753=IFCINDEXEDPOLYGONALFACE((351,350,349));
#754=IFCINDEXEDPOLYGONALFACE((352,350,351));
#755=IFCINDEXEDPOLYGONALFACE((354,352,351));
#756=IFCINDEXEDPOLYGONALFACE((353,354,351));
#757=IFCINDEXEDPOLYGONALFACE((355,354,353));
#758=IFCINDEXEDPOLYGONALFACE((356,354,355));
#759=IFCINDEXEDPOLYGONALFACE((358,356,355));
#760=IFCINDEXEDPOLYGONALFACE((357,358,355));
#761=IFCINDEXEDPOLYGONALFACE((360,358,357));
#762=IFCINDEXEDPOLYGONALFACE((359,360,357));
#763=IFCINDEXEDPOLYGONALFACE((181,360,359));
#764=IFCINDEXEDPOLYGONALFACE((182,360,181));
#765=IFCPOLYGONALFACESET(#766,$,(#767,#768,#769,#770,#771,#772,#773,#774,#775,#776,#777,#778,#779,#780,#781,#782,#783,#784,#785,#786,#787,#788,#789,#790,#791,#792,#793,#794,#795,#796,#797,#798,#799,#800,#801,#802,#803,#804,#805,#806,#807,#808,#809,#810,#811,#812,#813,#814,#815,#816,#817,#818,#819,#820,#821,#822,#823,#824,#825,#826,#827,#828,#829,#830,#831,#832,#833,#834,#835,#836,#837,#838,#839,#840,#841,#842,#843,#844,#845,#846,#847,#848,#849,#850,#851,#852,#853,#854,#855,#856,#857,#858,#859,#860,#861,#862,#863,#864,#865,#866,#867,#868,#869,#870,#871,#872,#873,#874,#875,#876,#877,#878,#879,#880,#881,#882,#883,#884,#885,#886,#887,#888,#889,#890,#891,#892,#893,#894,#895,#896,#897,#898,#899,#900,#901,#902,#903,#904,#905,#906,#907,#908,#909,#910,#911,#912,#913,#914,#915,#916,#917,#918,#919,#920,#921,#922,#923,#924,#925,#926,#927,#928,#929,#930,#931,#932,#933,#934,#935,#936,#937,#938,#939,#940,#941,#942,#943,#944,#945,#946,#947,#948,#949,#950,#951,#952,#953,#954,#955,#956,#957,#958,#959,#960,#961,#962,#963,#964,#965,#966,#967,#968,#969,#970,#971,#972,#973,#974,#975,#976,#977,#978,#979,#980,#981,#982,#983,#984,#985,#986,#987,#988,#989,#990,#991,#992,#993,#994,#995,#996,#997,#998,#999,#1000,#1001,#1002,#1003,#1004,#1005,#1006,#1007,#1008,#1009,#1010,#1011,#1012,#1013,#1014,#1015,#1016,#1017,#1018,#1019,#1020,#1021,#1022,#1023,#1024,#1025,#1026,#1027,#1028,#1029,#1030,#1031,#1032,#1033,#1034,#1035,#1036,#1037,#1038,#1039,#1040,#1041,#1042,#1043,#1044,#1045,#1046,#1047,#1048,#1049,#1050,#1051,#1052,#1053,#1054,#1055,#1056,#1057,#1058,#1059,#1060,#1061,#1062,#1063,#1064,#1065,#1066,#1067,#1068,#1069,#1070,#1071,#1072,#1073,#1074,#1075,#1076,#1077,#1078,#1079,#1080,#1081,#1082,#1083,#1084,#1085,#1086,#1087,#1088,#1089,#1090,#1091,#1092,#1093,#1094,#1095,#1096,#1097,#1098,#1099,#1100,#1101,#1102,#1103,#1104,#1105,#1106,#1107,#1108,#1109,#1110,#1111,#1112,#1113,#1114,#1115,#1116,#1117,#1118,#1119,#1120,#1121,#1122,#1123,#1124,#1125,#1126,#1127,#1128,#1129,#1130,#1131,#1132,#1133,#1134,#1135,#1136,#1137,#1138,#1139,#1140,#1141,#1142,#1143,#1144,#1145,#1146,#1147,#1148,#1149,#1150,#1151,#1152,#1153,#1154,#1155,#1156,#1157,#1158,#1159,#1160,#1161,#1162,#1163,#1164,#1165,#1166,#1167,#1168,#1169,#1170,#1171,#1172,#1173,#1174,#1175,#1176,#1177,#1178,#1179,#1180,#1181,#1182,#1183,#1184,#1185,#1186,#1187,#1188,#1189,#1190,#1191,#1192,#1193,#1194,#1195,#1196,#1197,#1198,#1199,#1200,#1201,#1202,#1203,#1204,#1205,#1206,#1207,#1208,#1209,#1210,#1211,#1212,#1213,#1214,#1215,#1216,#1217,#1218,#1219,#1220,#1221,#1222,#1223,#1224,#1225,#1226,#1227,#1228,#1229,#1230,#1231,#1232,#1233,#1234,#1235,#1236,#1237,#1238,#1239,#1240,#1241,#1242,#1243,#1244,#1245,#1246,#1247,#1248,#1249,#1250,#1251,#1252,#1253,#1254,#1255,#1256,#1257,#1258,#1259,#1260,#1261,#1262,#1263,#1264,#1265,#1266,#1267,#1268,#1269,#1270,#1271,#1272,#1273,#1274,#1275,#1276,#1277,#1278,#1279,#1280,#1281,#1282,#1283,#1284,#1285,#1286,#1287,#1288,#1289,#1290,#1291,#1292,#1293,#1294,#1295,#1296,#1297,#1298,#1299,#1300,#1301,#1302,#1303,#1304,#1305,#1306,#1307,#1308,#1309,#1310,#1311,#1312,#1313,#1314,#1315,#1316,#1317,#1318,#1319,#1320,#1321,#1322,#1323,#1324,#1325,#1326,#1327,#1328,#1329,#1330,#1331,#1332,#1333,#1334,#1335,#1336,#1337,#1338,#1339,#1340,#1341,#1342,#1343,#1344,#1345,#1346,#1347,#1348,#1349,#1350,#1351,#1352,#1353,#1354,#1355,#1356,#1357,#1358,#1359,#1360,#1361,#1362,#1363,#1364,#1365,#1366,#1367,#1368,#1369,#1370,#1371,#1372,#1373,#1374,#1375,#1376,#1377,#1378,#1379,#1380,#1381,#1382,#1383,#1384,#1385,#1386,#1387,#1388,#1389,#1390,#1391,#1392,#1393,#1394,#1395,#1396,#1397,#1398,#1399,#1400,#1401,#1402,#1403,#1404,#1405,#1406,#1407,#1408,#1409,#1410,#1411,#1412,#1413,#1414,#1415,#1416,#1417,#1418,#1419,#1420,#1421,#1422,#1423,#1424,#1425,#1426,#1427,#1428,#1429,#1430,#1431,#1432,#1433,#1434,#1435,#1436,#1437,#1438,#1439,#1440,#1441,#1442,#1443,#1444,#1445,#1446,#1447,#1448,#1449,#1450,#1451,#1452,#1453,#1454,#1455,#1456,#1457,#1458,#1459,#1460,#1461,#1462,#1463,#1464,#1465,#1466,#1467,#1468,#1469,#1470,#1471,#1472,#1473,#1474,#1475,#1476,#1477,#1478,#1479,#1480,#1481,#1482,#1483,#1484,#1485,#1486,#1487,#1488,#1489,#1490,#1491,#1492,#1493,#1494,#1495,#1496,#1497,#1498,#1499,#1500,#1501,#1502,#1503,#1504,#1505,#1506,#1507,#1508,#1509,#1510,#1511,#1512,#1513,#1514,#1515,#1516,#1517,#1518,#1519,#1520,#1521,#1522,#1523,#1524,#1525,#1526,#1527,#1528,#1529,#1530),$);
#766=IFCCARTESIANPOINTLIST3D(((200.,249.699661254883,670.),(205.195007324219,249.427017211914,670.),(243.041076660156,224.849472045898,670.),(-200.,249.699661254883,670.),(200.,249.911834716797,669.910888671875),(-200.,249.911834716797,669.910888671875),(-205.195007324219,249.427017211914,670.),(-205.217208862305,249.638275146484,669.910888671875),(-200.,250.,669.69873046875),(200.,250.,669.69873046875),(-205.226409912109,249.725784301758,669.69873046875),(-200.,250.,667.298706054688),(200.,250.,667.298706054688),(205.226409912109,249.725784301758,667.298706054688),(-200.,249.911834716797,667.086547851562),(200.,249.911834716797,667.086547851562),(205.217208862305,249.638275146484,667.086547851562),(205.226409912109,249.725784301758,669.69873046875),(205.217208862305,249.638275146484,669.910888671875),(210.395584106445,248.907073974609,669.69873046875),(210.37727355957,248.821029663086,669.910888671875),(215.42366027832,247.468841552734,669.910888671875),(210.333129882812,248.613220214844,670.),(215.358001708984,247.266799926758,670.),(220.214630126953,245.402526855469,670.),(224.84977722168,243.040786743164,670.),(229.212661743164,240.207473754883,670.),(233.255493164062,236.933685302734,670.),(236.933975219727,233.255187988281,670.),(240.207778930664,229.212356567383,670.),(237.091842651367,233.397354125977,669.910888671875),(240.379653930664,229.33723449707,669.910888671875),(243.225067138672,224.955688476562,669.910888671875),(245.596878051758,220.300720214844,669.910888671875),(243.301254272461,225.,669.69873046875),(245.40283203125,220.214340209961,670.),(245.67724609375,220.336532592773,669.69873046875),(247.552810668945,215.450546264648,669.69873046875),(243.301254272461,225.,667.298706054688),(245.67724609375,220.336532592773,667.298706054688),(247.552810668945,215.450546264648,667.298706054688),(243.225067138672,224.955688476562,667.086547851562),(245.596878051758,220.300720214844,667.086547851562),(245.40283203125,220.214340209961,667.),(247.469146728516,215.423355102539,667.086547851562),(247.26708984375,215.357711791992,667.),(248.821334838867,210.376983642578,667.086547851562),(248.613525390625,210.332824707031,667.),(248.907379150391,210.395278930664,667.298706054688),(248.907379150391,210.395278930664,669.69873046875),(249.726089477539,205.226104736328,667.298706054688),(249.726089477539,205.226104736328,669.69873046875),(248.821334838867,210.376983642578,669.910888671875),(249.638565063477,205.216918945312,669.910888671875),(250.,200.,669.69873046875),(249.912124633789,200.,669.910888671875),(250.,-200.,669.69873046875),(249.912124633789,-200.,669.910888671875),(250.,200.,667.298706054688),(250.,-200.,667.298706054688),(249.638565063477,205.216918945312,667.086547851562),(249.912124633789,200.,667.086547851562),(249.912124633789,-200.,667.086547851562),(249.699966430664,200.,667.),(249.427322387695,205.194717407227,667.),(224.84977722168,243.040786743164,667.),(249.699966430664,-200.,667.),(200.,249.699661254883,667.),(229.212661743164,240.207473754883,667.),(215.358001708984,247.266799926758,667.),(220.214630126953,245.402526855469,667.),(210.333129882812,248.613220214844,667.),(205.195007324219,249.427017211914,667.),(224.955993652344,243.22477722168,667.086547851562),(220.336822509766,245.676956176758,667.298706054688),(229.337524414062,240.379348754883,667.086547851562),(220.301025390625,245.596588134766,667.086547851562),(225.,243.300964355469,667.298706054688),(225.,243.300964355469,669.69873046875),(229.389236450195,240.45051574707,667.298706054688),(229.389236450195,240.45051574707,669.69873046875),(229.337524414062,240.379348754883,669.910888671875),(233.456512451172,237.15690612793,669.69873046875),(233.397644042969,237.091537475586,669.910888671875),(237.157211303711,233.456207275391,669.69873046875),(233.456512451172,237.15690612793,667.298706054688),(237.157211303711,233.456207275391,667.298706054688),(233.397644042969,237.091537475586,667.086547851562),(237.091842651367,233.397354125977,667.086547851562),(236.933975219727,233.255187988281,667.),(233.255493164062,236.933685302734,667.),(240.207778930664,229.212356567383,667.),(240.379653930664,229.33723449707,667.086547851562),(240.450820922852,229.388931274414,667.298706054688),(240.450820922852,229.388931274414,669.69873046875),(243.041076660156,224.849472045898,667.),(224.955993652344,243.22477722168,669.910888671875),(220.336822509766,245.676956176758,669.69873046875),(220.301025390625,245.596588134766,669.910888671875),(215.450836181641,247.552520751953,669.69873046875),(210.395584106445,248.907073974609,667.298706054688),(215.450836181641,247.552520751953,667.298706054688),(215.42366027832,247.468841552734,667.086547851562),(210.37727355957,248.821029663086,667.086547851562),(-200.,249.699661254883,667.),(-243.041076660156,224.849472045898,667.),(-249.699966430664,200.,667.),(-249.699966430664,-200.,667.),(-224.84977722168,-243.041381835938,667.),(-200.,-249.700256347656,667.),(200.,-249.700256347656,667.),(243.041076660156,-224.850067138672,667.),(215.358001708984,-247.267395019531,667.),(240.207778930664,-229.212951660156,667.),(205.195007324219,-249.427612304688,667.),(210.333129882812,-248.613815307617,667.),(247.26708984375,-215.358306884766,667.),(245.40283203125,-220.214935302734,667.),(248.613525390625,-210.333419799805,667.),(249.427322387695,-205.1953125,667.),(243.225067138672,-224.956283569336,667.086547851562),(245.67724609375,-220.337127685547,667.298706054688),(240.379653930664,-229.337829589844,667.086547851562),(245.596878051758,-220.301315307617,667.086547851562),(243.301254272461,-225.,667.298706054688),(243.301254272461,-225.,669.69873046875),(240.450820922852,-229.389541625977,667.298706054688),(240.450820922852,-229.389541625977,669.69873046875),(240.379653930664,-229.337829589844,669.910888671875),(237.157211303711,-233.456802368164,669.69873046875),(237.091842651367,-233.39794921875,669.910888671875),(233.255493164062,-236.934280395508,670.),(233.456512451172,-237.157516479492,669.69873046875),(240.207778930664,-229.212951660156,670.),(236.933975219727,-233.255783081055,670.),(233.397644042969,-237.092132568359,669.910888671875),(229.337524414062,-240.379943847656,669.910888671875),(229.212661743164,-240.208068847656,670.),(229.389236450195,-240.451110839844,669.69873046875),(225.,-243.301559448242,669.69873046875),(233.456512451172,-237.157516479492,667.298706054688),(229.389236450195,-240.451110839844,667.298706054688),(225.,-243.301559448242,667.298706054688),(233.397644042969,-237.092132568359,667.086547851562),(229.337524414062,-240.379943847656,667.086547851562),(229.212661743164,-240.208068847656,667.),(224.955993652344,-243.225372314453,667.086547851562),(220.214630126953,-245.403121948242,667.),(220.336822509766,-245.677551269531,667.298706054688),(224.84977722168,-243.041381835938,667.),(220.301025390625,-245.597183227539,667.086547851562),(215.450836181641,-247.553115844727,667.298706054688),(215.42366027832,-247.469436645508,667.086547851562),(210.37727355957,-248.821624755859,667.086547851562),(210.395584106445,-248.907669067383,667.298706054688),(210.395584106445,-248.907669067383,669.69873046875),(205.226409912109,-249.726379394531,667.298706054688),(205.226409912109,-249.726379394531,669.69873046875),(210.37727355957,-248.821624755859,669.910888671875),(205.217208862305,-249.638870239258,669.910888671875),(200.,-250.,669.69873046875),(200.,-249.91242980957,669.910888671875),(-200.,-249.91242980957,669.910888671875),(-200.,-250.,669.69873046875),(200.,-250.,667.298706054688),(-200.,-250.,667.298706054688),(200.,-249.91242980957,667.086547851562),(-200.,-249.91242980957,667.086547851562),(-205.217208862305,-249.638870239258,667.086547851562),(-205.226409912109,-249.726379394531,667.298706054688),(-205.226409912109,-249.726379394531,669.69873046875),(-210.395584106445,-248.907669067383,667.298706054688),(-210.37727355957,-248.821624755859,667.086547851562),(-210.333129882812,-248.613815307617,667.),(-215.42366027832,-247.469436645508,667.086547851562),(-205.195007324219,-249.427612304688,667.),(-220.214630126953,-245.403121948242,667.),(-215.358001708984,-247.267395019531,667.),(-215.450836181641,-247.553115844727,667.298706054688),(-220.301025390625,-245.597183227539,667.086547851562),(-220.336822509766,-245.677551269531,667.298706054688),(-224.955993652344,-243.225372314453,667.086547851562),(-229.337524414062,-240.379943847656,667.086547851562),(-229.212661743164,-240.208068847656,667.),(-225.,-243.301559448242,667.298706054688),(-220.336822509766,-245.677551269531,669.69873046875),(-225.,-243.301559448242,669.69873046875),(-229.389236450195,-240.451110839844,667.298706054688),(-233.456512451172,-237.157516479492,667.298706054688),(-229.389236450195,-240.451110839844,669.69873046875),(-233.397644042969,-237.092132568359,667.086547851562),(-237.091842651367,-233.39794921875,667.086547851562),(-233.255493164062,-236.934280395508,667.),(-236.933975219727,-233.255783081055,667.),(-247.26708984375,-215.358306884766,667.),(-245.40283203125,-220.214935302734,667.),(-243.041076660156,-224.850067138672,667.),(-240.207778930664,-229.212951660156,667.),(-247.469146728516,-215.423965454102,667.086547851562),(-248.613525390625,-210.333419799805,667.),(-249.427322387695,-205.1953125,667.),(-248.821334838867,-210.377578735352,667.086547851562),(-249.638565063477,-205.217514038086,667.086547851562),(-249.726089477539,-205.226699829102,667.298706054688),(-248.907379150391,-210.395874023438,667.298706054688),(-247.552810668945,-215.451141357422,669.69873046875),(-248.907379150391,-210.395874023438,669.69873046875),(-247.552810668945,-215.451141357422,667.298706054688),(-245.67724609375,-220.337127685547,667.298706054688),(-245.596878051758,-220.301315307617,667.086547851562),(-245.67724609375,-220.337127685547,669.69873046875),(-243.301254272461,-225.,669.69873046875),(-243.225067138672,-224.956283569336,669.910888671875),(-245.596878051758,-220.301315307617,669.910888671875),(-247.469146728516,-215.423965454102,669.910888671875),(-245.40283203125,-220.214935302734,670.),(-243.041076660156,-224.850067138672,670.),(-247.26708984375,-215.358306884766,670.),(-248.613525390625,-210.333419799805,670.),(-249.427322387695,-205.1953125,670.),(-248.821334838867,-210.377578735352,669.910888671875),(-249.638565063477,-205.217514038086,669.910888671875),(-249.726089477539,-205.226699829102,669.69873046875),(-250.,-200.,669.69873046875),(-250.,-200.,667.298706054688),(-250.,200.,667.298706054688),(-249.912124633789,-200.,667.086547851562),(-249.912124633789,200.,667.086547851562),(-249.427322387695,205.194717407227,667.),(-249.638565063477,205.216918945312,667.086547851562),(-248.821334838867,210.376983642578,667.086547851562),(-249.726089477539,205.226104736328,667.298706054688),(-250.,200.,669.69873046875),(-249.726089477539,205.226104736328,669.69873046875),(-248.907379150391,210.395278930664,667.298706054688),(-247.552810668945,215.450546264648,667.298706054688),(-248.907379150391,210.395278930664,669.69873046875),(-247.469146728516,215.423355102539,667.086547851562),(-245.40283203125,220.214340209961,667.),(-247.26708984375,215.357711791992,667.),(-245.596878051758,220.300720214844,667.086547851562),(-248.613525390625,210.332824707031,667.),(-245.67724609375,220.336532592773,667.298706054688),(-243.225067138672,224.955688476562,667.086547851562),(-240.379653930664,229.33723449707,667.086547851562),(-240.207778930664,229.212356567383,667.),(-243.301254272461,225.,667.298706054688),(-245.67724609375,220.336532592773,669.69873046875),(-243.301254272461,225.,669.69873046875),(-240.450820922852,229.388931274414,667.298706054688),(-237.157211303711,233.456207275391,667.298706054688),(-240.450820922852,229.388931274414,669.69873046875),(-237.091842651367,233.397354125977,667.086547851562),(-233.397644042969,237.091537475586,667.086547851562),(-233.456512451172,237.15690612793,667.298706054688),(-236.933975219727,233.255187988281,667.),(-233.255493164062,236.933685302734,667.),(-215.358001708984,247.266799926758,667.),(-220.214630126953,245.402526855469,667.),(-224.84977722168,243.040786743164,667.),(-229.212661743164,240.207473754883,667.),(-215.42366027832,247.468841552734,667.086547851562),(-210.333129882812,248.613220214844,667.),(-205.195007324219,249.427017211914,667.),(-210.37727355957,248.821029663086,667.086547851562),(-205.217208862305,249.638275146484,667.086547851562),(-205.226409912109,249.725784301758,667.298706054688),(-210.395584106445,248.907073974609,667.298706054688),(-215.450836181641,247.552520751953,669.69873046875),(-210.395584106445,248.907073974609,669.69873046875),(-215.450836181641,247.552520751953,667.298706054688),(-220.336822509766,245.676956176758,667.298706054688),(-220.301025390625,245.596588134766,667.086547851562),(-220.336822509766,245.676956176758,669.69873046875),(-225.,243.300964355469,669.69873046875),(-224.955993652344,243.22477722168,669.910888671875),(-220.301025390625,245.596588134766,669.910888671875),(-215.42366027832,247.468841552734,669.910888671875),(-220.214630126953,245.402526855469,670.),(-224.84977722168,243.040786743164,670.),(-215.358001708984,247.266799926758,670.),(-210.333129882812,248.613220214844,670.),(-210.37727355957,248.821029663086,669.910888671875),(-249.699966430664,200.,670.),(-229.212661743164,240.207473754883,670.),(-249.427322387695,205.194717407227,670.),(-248.613525390625,210.332824707031,670.),(-247.26708984375,215.357711791992,670.),(-249.699966430664,-200.,670.),(-249.912124633789,-200.,669.910888671875),(-249.912124633789,200.,669.910888671875),(-249.638565063477,205.216918945312,669.910888671875),(-248.821334838867,210.376983642578,669.910888671875),(-247.469146728516,215.423355102539,669.910888671875),(-245.40283203125,220.214340209961,670.),(-245.596878051758,220.300720214844,669.910888671875),(-247.552810668945,215.450546264648,669.69873046875),(-243.225067138672,224.955688476562,669.910888671875),(-243.041076660156,224.849472045898,670.),(-240.207778930664,229.212356567383,670.),(-240.379653930664,229.33723449707,669.910888671875),(-237.091842651367,233.397354125977,669.910888671875),(-233.255493164062,236.933685302734,670.),(-233.456512451172,237.15690612793,669.69873046875),(-236.933975219727,233.255187988281,670.),(-233.397644042969,237.091537475586,669.910888671875),(-237.157211303711,233.456207275391,669.69873046875),(-229.337524414062,240.379348754883,669.910888671875),(-229.389236450195,240.45051574707,669.69873046875),(-229.389236450195,240.45051574707,667.298706054688),(-225.,243.300964355469,667.298706054688),(-229.337524414062,240.379348754883,667.086547851562),(-224.955993652344,243.22477722168,667.086547851562),(-200.,-249.700256347656,670.),(-240.207778930664,-229.212951660156,670.),(-205.195007324219,-249.427612304688,670.),(-210.333129882812,-248.613815307617,670.),(-215.358001708984,-247.267395019531,670.),(-224.84977722168,-243.041381835938,670.),(-220.214630126953,-245.403121948242,670.),(-229.212661743164,-240.208068847656,670.),(-233.255493164062,-236.934280395508,670.),(-236.933975219727,-233.255783081055,670.),(-215.42366027832,-247.469436645508,669.910888671875),(-210.37727355957,-248.821624755859,669.910888671875),(-220.301025390625,-245.597183227539,669.910888671875),(-210.395584106445,-248.907669067383,669.69873046875),(-215.450836181641,-247.553115844727,669.69873046875),(-224.955993652344,-243.225372314453,669.910888671875),(-229.337524414062,-240.379943847656,669.910888671875),(-233.397644042969,-237.092132568359,669.910888671875),(-237.091842651367,-233.39794921875,669.910888671875),(-233.456512451172,-237.157516479492,669.69873046875),(-237.157211303711,-233.456802368164,669.69873046875),(-237.157211303711,-233.456802368164,667.298706054688),(-240.450820922852,-229.389541625977,667.298706054688),(-240.450820922852,-229.389541625977,669.69873046875),(-243.301254272461,-225.,667.298706054688),(-240.379653930664,-229.337829589844,667.086547851562),(-243.225067138672,-224.956283569336,667.086547851562),(-240.379653930664,-229.337829589844,669.910888671875),(-205.217208862305,-249.638870239258,669.910888671875),(200.,-249.700256347656,670.),(205.195007324219,-249.427612304688,670.),(224.84977722168,-243.041381835938,670.),(249.699966430664,-200.,670.),(249.427322387695,-205.1953125,670.),(248.613525390625,-210.333419799805,670.),(220.214630126953,-245.403121948242,670.),(215.358001708984,-247.267395019531,670.),(210.333129882812,-248.613815307617,670.),(224.955993652344,-243.225372314453,669.910888671875),(247.26708984375,-215.358306884766,670.),(245.40283203125,-220.214935302734,670.),(243.041076660156,-224.850067138672,670.),(247.469146728516,-215.423965454102,669.910888671875),(248.821334838867,-210.377578735352,669.910888671875),(245.596878051758,-220.301315307617,669.910888671875),(248.907379150391,-210.395874023438,669.69873046875),(247.552810668945,-215.451141357422,669.69873046875),(245.67724609375,-220.337127685547,669.69873046875),(248.907379150391,-210.395874023438,667.298706054688),(247.552810668945,-215.451141357422,667.298706054688),(247.469146728516,-215.423965454102,667.086547851562),(248.821334838867,-210.377578735352,667.086547851562),(249.638565063477,-205.217514038086,667.086547851562),(249.726089477539,-205.226699829102,667.298706054688),(249.726089477539,-205.226699829102,669.69873046875),(249.638565063477,-205.217514038086,669.910888671875),(243.225067138672,-224.956283569336,669.910888671875),(220.301025390625,-245.597183227539,669.910888671875),(220.336822509766,-245.677551269531,669.69873046875),(215.450836181641,-247.553115844727,669.69873046875),(215.42366027832,-247.469436645508,669.910888671875),(249.699966430664,200.,670.),(249.427322387695,205.194717407227,670.),(248.613525390625,210.332824707031,670.),(247.26708984375,215.357711791992,670.),(247.469146728516,215.423355102539,669.910888671875),(205.217208862305,-249.638870239258,667.086547851562),(233.255493164062,-236.934280395508,667.),(236.933975219727,-233.255783081055,667.),(237.091842651367,-233.39794921875,667.086547851562),(237.157211303711,-233.456802368164,667.298706054688)));
#767=IFCINDEXEDPOLYGONALFACE((1,2,5));
#768=IFCINDEXEDPOLYGONALFACE((2,1,3));
#769=IFCINDEXEDPOLYGONALFACE((1,4,3));
#770=IFCINDEXEDPOLYGONALFACE((4,1,6));
#771=IFCINDEXEDPOLYGONALFACE((1,5,6));
#772=IFCINDEXEDPOLYGONALFACE((6,5,9));
#773=IFCINDEXEDPOLYGONALFACE((7,4,6));
#774=IFCINDEXEDPOLYGONALFACE((7,6,8));
#775=IFCINDEXEDPOLYGONALFACE((8,6,9));
#776=IFCINDEXEDPOLYGONALFACE((9,10,13));
#777=IFCINDEXEDPOLYGONALFACE((5,10,9));
#778=IFCINDEXEDPOLYGONALFACE((11,9,12));
#779=IFCINDEXEDPOLYGONALFACE((8,9,11));
#780=IFCINDEXEDPOLYGONALFACE((9,13,12));
#781=IFCINDEXEDPOLYGONALFACE((12,13,15));
#782=IFCINDEXEDPOLYGONALFACE((10,18,13));
#783=IFCINDEXEDPOLYGONALFACE((13,14,17));
#784=IFCINDEXEDPOLYGONALFACE((13,18,14));
#785=IFCINDEXEDPOLYGONALFACE((13,16,15));
#786=IFCINDEXEDPOLYGONALFACE((16,13,17));
#787=IFCINDEXEDPOLYGONALFACE((10,19,18));
#788=IFCINDEXEDPOLYGONALFACE((19,21,18));
#789=IFCINDEXEDPOLYGONALFACE((18,20,14));
#790=IFCINDEXEDPOLYGONALFACE((18,21,20));
#791=IFCINDEXEDPOLYGONALFACE((19,2,21));
#792=IFCINDEXEDPOLYGONALFACE((2,23,21));
#793=IFCINDEXEDPOLYGONALFACE((21,22,20));
#794=IFCINDEXEDPOLYGONALFACE((21,23,22));
#795=IFCINDEXEDPOLYGONALFACE((23,2,3));
#796=IFCINDEXEDPOLYGONALFACE((23,24,22));
#797=IFCINDEXEDPOLYGONALFACE((24,23,3));
#798=IFCINDEXEDPOLYGONALFACE((24,25,22));
#799=IFCINDEXEDPOLYGONALFACE((25,24,26));
#800=IFCINDEXEDPOLYGONALFACE((26,24,27));
#801=IFCINDEXEDPOLYGONALFACE((27,24,28));
#802=IFCINDEXEDPOLYGONALFACE((28,24,29));
#803=IFCINDEXEDPOLYGONALFACE((29,24,30));
#804=IFCINDEXEDPOLYGONALFACE((30,24,3));
#805=IFCINDEXEDPOLYGONALFACE((29,30,31));
#806=IFCINDEXEDPOLYGONALFACE((30,3,33));
#807=IFCINDEXEDPOLYGONALFACE((31,30,32));
#808=IFCINDEXEDPOLYGONALFACE((32,30,33));
#809=IFCINDEXEDPOLYGONALFACE((32,33,35));
#810=IFCINDEXEDPOLYGONALFACE((33,34,37));
#811=IFCINDEXEDPOLYGONALFACE((33,36,34));
#812=IFCINDEXEDPOLYGONALFACE((3,36,33));
#813=IFCINDEXEDPOLYGONALFACE((35,33,37));
#814=IFCINDEXEDPOLYGONALFACE((35,37,39));
#815=IFCINDEXEDPOLYGONALFACE((37,34,38));
#816=IFCINDEXEDPOLYGONALFACE((37,38,40));
#817=IFCINDEXEDPOLYGONALFACE((39,37,40));
#818=IFCINDEXEDPOLYGONALFACE((40,41,43));
#819=IFCINDEXEDPOLYGONALFACE((40,38,41));
#820=IFCINDEXEDPOLYGONALFACE((39,40,42));
#821=IFCINDEXEDPOLYGONALFACE((42,40,43));
#822=IFCINDEXEDPOLYGONALFACE((43,41,45));
#823=IFCINDEXEDPOLYGONALFACE((42,43,44));
#824=IFCINDEXEDPOLYGONALFACE((43,45,44));
#825=IFCINDEXEDPOLYGONALFACE((44,45,46));
#826=IFCINDEXEDPOLYGONALFACE((46,45,48));
#827=IFCINDEXEDPOLYGONALFACE((41,49,45));
#828=IFCINDEXEDPOLYGONALFACE((45,49,47));
#829=IFCINDEXEDPOLYGONALFACE((45,47,48));
#830=IFCINDEXEDPOLYGONALFACE((50,52,49));
#831=IFCINDEXEDPOLYGONALFACE((41,50,49));
#832=IFCINDEXEDPOLYGONALFACE((49,51,47));
#833=IFCINDEXEDPOLYGONALFACE((49,52,51));
#834=IFCINDEXEDPOLYGONALFACE((50,53,52));
#835=IFCINDEXEDPOLYGONALFACE((53,54,52));
#836=IFCINDEXEDPOLYGONALFACE((52,54,55));
#837=IFCINDEXEDPOLYGONALFACE((52,55,51));
#838=IFCINDEXEDPOLYGONALFACE((54,56,55));
#839=IFCINDEXEDPOLYGONALFACE((56,58,55));
#840=IFCINDEXEDPOLYGONALFACE((55,57,59));
#841=IFCINDEXEDPOLYGONALFACE((55,58,57));
#842=IFCINDEXEDPOLYGONALFACE((51,55,59));
#843=IFCINDEXEDPOLYGONALFACE((59,60,62));
#844=IFCINDEXEDPOLYGONALFACE((59,57,60));
#845=IFCINDEXEDPOLYGONALFACE((51,59,61));
#846=IFCINDEXEDPOLYGONALFACE((61,59,62));
#847=IFCINDEXEDPOLYGONALFACE((62,60,63));
#848=IFCINDEXEDPOLYGONALFACE((62,63,64));
#849=IFCINDEXEDPOLYGONALFACE((61,62,65));
#850=IFCINDEXEDPOLYGONALFACE((65,62,64));
#851=IFCINDEXEDPOLYGONALFACE((66,65,64));
#852=IFCINDEXEDPOLYGONALFACE((66,48,65));
#853=IFCINDEXEDPOLYGONALFACE((48,47,65));
#854=IFCINDEXEDPOLYGONALFACE((47,61,65));
#855=IFCINDEXEDPOLYGONALFACE((66,46,48));
#856=IFCINDEXEDPOLYGONALFACE((66,69,46));
#857=IFCINDEXEDPOLYGONALFACE((68,66,67));
#858=IFCINDEXEDPOLYGONALFACE((66,64,67));
#859=IFCINDEXEDPOLYGONALFACE((68,73,66));
#860=IFCINDEXEDPOLYGONALFACE((66,74,69));
#861=IFCINDEXEDPOLYGONALFACE((72,70,66));
#862=IFCINDEXEDPOLYGONALFACE((70,71,66));
#863=IFCINDEXEDPOLYGONALFACE((71,74,66));
#864=IFCINDEXEDPOLYGONALFACE((73,72,66));
#865=IFCINDEXEDPOLYGONALFACE((77,74,71));
#866=IFCINDEXEDPOLYGONALFACE((75,78,74));
#867=IFCINDEXEDPOLYGONALFACE((77,75,74));
#868=IFCINDEXEDPOLYGONALFACE((74,78,76));
#869=IFCINDEXEDPOLYGONALFACE((74,76,69));
#870=IFCINDEXEDPOLYGONALFACE((79,81,78));
#871=IFCINDEXEDPOLYGONALFACE((75,79,78));
#872=IFCINDEXEDPOLYGONALFACE((78,80,76));
#873=IFCINDEXEDPOLYGONALFACE((78,81,80));
#874=IFCINDEXEDPOLYGONALFACE((79,82,81));
#875=IFCINDEXEDPOLYGONALFACE((82,84,81));
#876=IFCINDEXEDPOLYGONALFACE((81,83,80));
#877=IFCINDEXEDPOLYGONALFACE((81,84,83));
#878=IFCINDEXEDPOLYGONALFACE((84,29,31));
#879=IFCINDEXEDPOLYGONALFACE((28,29,84));
#880=IFCINDEXEDPOLYGONALFACE((27,28,84));
#881=IFCINDEXEDPOLYGONALFACE((82,27,84));
#882=IFCINDEXEDPOLYGONALFACE((84,31,83));
#883=IFCINDEXEDPOLYGONALFACE((83,85,86));
#884=IFCINDEXEDPOLYGONALFACE((83,31,85));
#885=IFCINDEXEDPOLYGONALFACE((80,83,86));
#886=IFCINDEXEDPOLYGONALFACE((86,87,89));
#887=IFCINDEXEDPOLYGONALFACE((86,85,87));
#888=IFCINDEXEDPOLYGONALFACE((80,86,88));
#889=IFCINDEXEDPOLYGONALFACE((88,86,89));
#890=IFCINDEXEDPOLYGONALFACE((91,89,90));
#891=IFCINDEXEDPOLYGONALFACE((90,89,92));
#892=IFCINDEXEDPOLYGONALFACE((88,89,91));
#893=IFCINDEXEDPOLYGONALFACE((87,94,89));
#894=IFCINDEXEDPOLYGONALFACE((89,93,92));
#895=IFCINDEXEDPOLYGONALFACE((89,94,93));
#896=IFCINDEXEDPOLYGONALFACE((95,35,94));
#897=IFCINDEXEDPOLYGONALFACE((87,95,94));
#898=IFCINDEXEDPOLYGONALFACE((94,39,93));
#899=IFCINDEXEDPOLYGONALFACE((94,35,39));
#900=IFCINDEXEDPOLYGONALFACE((85,95,87));
#901=IFCINDEXEDPOLYGONALFACE((85,31,95));
#902=IFCINDEXEDPOLYGONALFACE((31,32,95));
#903=IFCINDEXEDPOLYGONALFACE((95,32,35));
#904=IFCINDEXEDPOLYGONALFACE((93,39,42));
#905=IFCINDEXEDPOLYGONALFACE((93,42,92));
#906=IFCINDEXEDPOLYGONALFACE((90,92,46));
#907=IFCINDEXEDPOLYGONALFACE((92,96,46));
#908=IFCINDEXEDPOLYGONALFACE((92,42,96));
#909=IFCINDEXEDPOLYGONALFACE((96,44,46));
#910=IFCINDEXEDPOLYGONALFACE((96,42,44));
#911=IFCINDEXEDPOLYGONALFACE((69,91,46));
#912=IFCINDEXEDPOLYGONALFACE((91,90,46));
#913=IFCINDEXEDPOLYGONALFACE((69,88,91));
#914=IFCINDEXEDPOLYGONALFACE((76,80,88));
#915=IFCINDEXEDPOLYGONALFACE((76,88,69));
#916=IFCINDEXEDPOLYGONALFACE((97,82,79));
#917=IFCINDEXEDPOLYGONALFACE((97,27,82));
#918=IFCINDEXEDPOLYGONALFACE((25,26,97));
#919=IFCINDEXEDPOLYGONALFACE((99,25,97));
#920=IFCINDEXEDPOLYGONALFACE((99,97,98));
#921=IFCINDEXEDPOLYGONALFACE((98,97,79));
#922=IFCINDEXEDPOLYGONALFACE((26,27,97));
#923=IFCINDEXEDPOLYGONALFACE((22,25,99));
#924=IFCINDEXEDPOLYGONALFACE((100,99,98));
#925=IFCINDEXEDPOLYGONALFACE((22,99,100));
#926=IFCINDEXEDPOLYGONALFACE((20,100,101));
#927=IFCINDEXEDPOLYGONALFACE((20,22,100));
#928=IFCINDEXEDPOLYGONALFACE((100,98,102));
#929=IFCINDEXEDPOLYGONALFACE((101,100,102));
#930=IFCINDEXEDPOLYGONALFACE((102,75,77));
#931=IFCINDEXEDPOLYGONALFACE((102,98,75));
#932=IFCINDEXEDPOLYGONALFACE((101,102,103));
#933=IFCINDEXEDPOLYGONALFACE((103,102,77));
#934=IFCINDEXEDPOLYGONALFACE((70,103,71));
#935=IFCINDEXEDPOLYGONALFACE((103,77,71));
#936=IFCINDEXEDPOLYGONALFACE((72,103,70));
#937=IFCINDEXEDPOLYGONALFACE((104,103,72));
#938=IFCINDEXEDPOLYGONALFACE((104,101,103));
#939=IFCINDEXEDPOLYGONALFACE((73,104,72));
#940=IFCINDEXEDPOLYGONALFACE((14,101,104));
#941=IFCINDEXEDPOLYGONALFACE((17,104,73));
#942=IFCINDEXEDPOLYGONALFACE((17,14,104));
#943=IFCINDEXEDPOLYGONALFACE((14,20,101));
#944=IFCINDEXEDPOLYGONALFACE((98,79,75));
#945=IFCINDEXEDPOLYGONALFACE((68,16,73));
#946=IFCINDEXEDPOLYGONALFACE((16,17,73));
#947=IFCINDEXEDPOLYGONALFACE((16,68,105));
#948=IFCINDEXEDPOLYGONALFACE((105,68,106));
#949=IFCINDEXEDPOLYGONALFACE((106,68,107));
#950=IFCINDEXEDPOLYGONALFACE((107,68,108));
#951=IFCINDEXEDPOLYGONALFACE((108,68,109));
#952=IFCINDEXEDPOLYGONALFACE((109,68,110));
#953=IFCINDEXEDPOLYGONALFACE((68,111,110));
#954=IFCINDEXEDPOLYGONALFACE((68,112,111));
#955=IFCINDEXEDPOLYGONALFACE((68,67,112));
#956=IFCINDEXEDPOLYGONALFACE((112,113,116));
#957=IFCINDEXEDPOLYGONALFACE((112,114,113));
#958=IFCINDEXEDPOLYGONALFACE((112,115,111));
#959=IFCINDEXEDPOLYGONALFACE((112,121,114));
#960=IFCINDEXEDPOLYGONALFACE((112,116,115));
#961=IFCINDEXEDPOLYGONALFACE((119,117,112));
#962=IFCINDEXEDPOLYGONALFACE((117,118,112));
#963=IFCINDEXEDPOLYGONALFACE((118,121,112));
#964=IFCINDEXEDPOLYGONALFACE((120,119,112));
#965=IFCINDEXEDPOLYGONALFACE((67,120,112));
#966=IFCINDEXEDPOLYGONALFACE((124,121,118));
#967=IFCINDEXEDPOLYGONALFACE((122,125,121));
#968=IFCINDEXEDPOLYGONALFACE((124,122,121));
#969=IFCINDEXEDPOLYGONALFACE((121,125,123));
#970=IFCINDEXEDPOLYGONALFACE((121,123,114));
#971=IFCINDEXEDPOLYGONALFACE((126,128,125));
#972=IFCINDEXEDPOLYGONALFACE((122,126,125));
#973=IFCINDEXEDPOLYGONALFACE((125,127,123));
#974=IFCINDEXEDPOLYGONALFACE((125,128,127));
#975=IFCINDEXEDPOLYGONALFACE((126,129,128));
#976=IFCINDEXEDPOLYGONALFACE((129,131,128));
#977=IFCINDEXEDPOLYGONALFACE((128,130,127));
#978=IFCINDEXEDPOLYGONALFACE((128,131,130));
#979=IFCINDEXEDPOLYGONALFACE((131,132,136));
#980=IFCINDEXEDPOLYGONALFACE((135,132,131));
#981=IFCINDEXEDPOLYGONALFACE((130,131,133));
#982=IFCINDEXEDPOLYGONALFACE((131,136,133));
#983=IFCINDEXEDPOLYGONALFACE((134,135,131));
#984=IFCINDEXEDPOLYGONALFACE((129,134,131));
#985=IFCINDEXEDPOLYGONALFACE((132,138,136));
#986=IFCINDEXEDPOLYGONALFACE((136,137,139));
#987=IFCINDEXEDPOLYGONALFACE((136,138,137));
#988=IFCINDEXEDPOLYGONALFACE((133,136,139));
#989=IFCINDEXEDPOLYGONALFACE((133,139,141));
#990=IFCINDEXEDPOLYGONALFACE((139,137,140));
#991=IFCINDEXEDPOLYGONALFACE((139,140,142));
#992=IFCINDEXEDPOLYGONALFACE((141,139,142));
#993=IFCINDEXEDPOLYGONALFACE((142,143,145));
#994=IFCINDEXEDPOLYGONALFACE((142,140,143));
#995=IFCINDEXEDPOLYGONALFACE((141,142,144));
#996=IFCINDEXEDPOLYGONALFACE((144,142,145));
#997=IFCINDEXEDPOLYGONALFACE((145,143,147));
#998=IFCINDEXEDPOLYGONALFACE((144,145,146));
#999=IFCINDEXEDPOLYGONALFACE((145,147,146));
#1000=IFCINDEXEDPOLYGONALFACE((150,147,148));
#1001=IFCINDEXEDPOLYGONALFACE((147,151,148));
#1002=IFCINDEXEDPOLYGONALFACE((147,149,151));
#1003=IFCINDEXEDPOLYGONALFACE((143,149,147));
#1004=IFCINDEXEDPOLYGONALFACE((146,147,150));
#1005=IFCINDEXEDPOLYGONALFACE((151,152,153));
#1006=IFCINDEXEDPOLYGONALFACE((149,152,151));
#1007=IFCINDEXEDPOLYGONALFACE((151,153,148));
#1008=IFCINDEXEDPOLYGONALFACE((148,153,113));
#1009=IFCINDEXEDPOLYGONALFACE((113,153,116));
#1010=IFCINDEXEDPOLYGONALFACE((152,155,153));
#1011=IFCINDEXEDPOLYGONALFACE((153,155,154));
#1012=IFCINDEXEDPOLYGONALFACE((153,154,116));
#1013=IFCINDEXEDPOLYGONALFACE((156,158,155));
#1014=IFCINDEXEDPOLYGONALFACE((152,156,155));
#1015=IFCINDEXEDPOLYGONALFACE((155,157,154));
#1016=IFCINDEXEDPOLYGONALFACE((155,158,157));
#1017=IFCINDEXEDPOLYGONALFACE((156,159,158));
#1018=IFCINDEXEDPOLYGONALFACE((159,160,158));
#1019=IFCINDEXEDPOLYGONALFACE((158,160,161));
#1020=IFCINDEXEDPOLYGONALFACE((158,161,157));
#1021=IFCINDEXEDPOLYGONALFACE((160,162,161));
#1022=IFCINDEXEDPOLYGONALFACE((162,163,161));
#1023=IFCINDEXEDPOLYGONALFACE((163,164,161));
#1024=IFCINDEXEDPOLYGONALFACE((161,164,166));
#1025=IFCINDEXEDPOLYGONALFACE((157,161,165));
#1026=IFCINDEXEDPOLYGONALFACE((161,166,165));
#1027=IFCINDEXEDPOLYGONALFACE((165,166,167));
#1028=IFCINDEXEDPOLYGONALFACE((164,170,166));
#1029=IFCINDEXEDPOLYGONALFACE((166,168,167));
#1030=IFCINDEXEDPOLYGONALFACE((166,169,168));
#1031=IFCINDEXEDPOLYGONALFACE((166,170,169));
#1032=IFCINDEXEDPOLYGONALFACE((164,171,170));
#1033=IFCINDEXEDPOLYGONALFACE((171,172,170));
#1034=IFCINDEXEDPOLYGONALFACE((170,172,173));
#1035=IFCINDEXEDPOLYGONALFACE((170,173,169));
#1036=IFCINDEXEDPOLYGONALFACE((173,174,176));
#1037=IFCINDEXEDPOLYGONALFACE((173,175,174));
#1038=IFCINDEXEDPOLYGONALFACE((172,175,173));
#1039=IFCINDEXEDPOLYGONALFACE((169,173,176));
#1040=IFCINDEXEDPOLYGONALFACE((174,109,176));
#1041=IFCINDEXEDPOLYGONALFACE((176,109,110));
#1042=IFCINDEXEDPOLYGONALFACE((168,176,110));
#1043=IFCINDEXEDPOLYGONALFACE((168,169,176));
#1044=IFCINDEXEDPOLYGONALFACE((175,177,178));
#1045=IFCINDEXEDPOLYGONALFACE((175,180,177));
#1046=IFCINDEXEDPOLYGONALFACE((175,178,174));
#1047=IFCINDEXEDPOLYGONALFACE((179,180,175));
#1048=IFCINDEXEDPOLYGONALFACE((172,179,175));
#1049=IFCINDEXEDPOLYGONALFACE((180,182,177));
#1050=IFCINDEXEDPOLYGONALFACE((181,182,180));
#1051=IFCINDEXEDPOLYGONALFACE((179,181,180));
#1052=IFCINDEXEDPOLYGONALFACE((182,109,177));
#1053=IFCINDEXEDPOLYGONALFACE((181,185,182));
#1054=IFCINDEXEDPOLYGONALFACE((185,183,182));
#1055=IFCINDEXEDPOLYGONALFACE((182,183,184));
#1056=IFCINDEXEDPOLYGONALFACE((182,184,109));
#1057=IFCINDEXEDPOLYGONALFACE((186,187,185));
#1058=IFCINDEXEDPOLYGONALFACE((186,185,181));
#1059=IFCINDEXEDPOLYGONALFACE((187,188,185));
#1060=IFCINDEXEDPOLYGONALFACE((185,188,183));
#1061=IFCINDEXEDPOLYGONALFACE((187,190,188));
#1062=IFCINDEXEDPOLYGONALFACE((188,189,191));
#1063=IFCINDEXEDPOLYGONALFACE((190,189,188));
#1064=IFCINDEXEDPOLYGONALFACE((188,191,183));
#1065=IFCINDEXEDPOLYGONALFACE((189,192,191));
#1066=IFCINDEXEDPOLYGONALFACE((191,192,193));
#1067=IFCINDEXEDPOLYGONALFACE((183,191,184));
#1068=IFCINDEXEDPOLYGONALFACE((191,193,184));
#1069=IFCINDEXEDPOLYGONALFACE((192,194,193));
#1070=IFCINDEXEDPOLYGONALFACE((194,195,193));
#1071=IFCINDEXEDPOLYGONALFACE((193,195,184));
#1072=IFCINDEXEDPOLYGONALFACE((199,195,196));
#1073=IFCINDEXEDPOLYGONALFACE((196,195,197));
#1074=IFCINDEXEDPOLYGONALFACE((197,195,198));
#1075=IFCINDEXEDPOLYGONALFACE((198,195,194));
#1076=IFCINDEXEDPOLYGONALFACE((184,195,109));
#1077=IFCINDEXEDPOLYGONALFACE((195,200,109));
#1078=IFCINDEXEDPOLYGONALFACE((199,200,195));
#1079=IFCINDEXEDPOLYGONALFACE((202,201,200));
#1080=IFCINDEXEDPOLYGONALFACE((200,201,109));
#1081=IFCINDEXEDPOLYGONALFACE((199,202,200));
#1082=IFCINDEXEDPOLYGONALFACE((204,203,202));
#1083=IFCINDEXEDPOLYGONALFACE((202,203,201));
#1084=IFCINDEXEDPOLYGONALFACE((205,202,199));
#1085=IFCINDEXEDPOLYGONALFACE((205,204,202));
#1086=IFCINDEXEDPOLYGONALFACE((206,207,205));
#1087=IFCINDEXEDPOLYGONALFACE((206,205,208));
#1088=IFCINDEXEDPOLYGONALFACE((207,204,205));
#1089=IFCINDEXEDPOLYGONALFACE((208,205,199));
#1090=IFCINDEXEDPOLYGONALFACE((209,208,210));
#1091=IFCINDEXEDPOLYGONALFACE((211,208,209));
#1092=IFCINDEXEDPOLYGONALFACE((211,206,208));
#1093=IFCINDEXEDPOLYGONALFACE((208,199,210));
#1094=IFCINDEXEDPOLYGONALFACE((212,211,209));
#1095=IFCINDEXEDPOLYGONALFACE((213,211,212));
#1096=IFCINDEXEDPOLYGONALFACE((213,214,211));
#1097=IFCINDEXEDPOLYGONALFACE((214,206,211));
#1098=IFCINDEXEDPOLYGONALFACE((214,215,206));
#1099=IFCINDEXEDPOLYGONALFACE((216,214,213));
#1100=IFCINDEXEDPOLYGONALFACE((216,215,214));
#1101=IFCINDEXEDPOLYGONALFACE((217,216,213));
#1102=IFCINDEXEDPOLYGONALFACE((218,216,217));
#1103=IFCINDEXEDPOLYGONALFACE((216,218,215));
#1104=IFCINDEXEDPOLYGONALFACE((218,219,215));
#1105=IFCINDEXEDPOLYGONALFACE((219,218,217));
#1106=IFCINDEXEDPOLYGONALFACE((219,220,221));
#1107=IFCINDEXEDPOLYGONALFACE((220,219,217));
#1108=IFCINDEXEDPOLYGONALFACE((219,221,215));
#1109=IFCINDEXEDPOLYGONALFACE((221,223,207));
#1110=IFCINDEXEDPOLYGONALFACE((215,221,207));
#1111=IFCINDEXEDPOLYGONALFACE((220,222,221));
#1112=IFCINDEXEDPOLYGONALFACE((221,222,223));
#1113=IFCINDEXEDPOLYGONALFACE((207,223,204));
#1114=IFCINDEXEDPOLYGONALFACE((222,224,223));
#1115=IFCINDEXEDPOLYGONALFACE((223,224,225));
#1116=IFCINDEXEDPOLYGONALFACE((223,225,204));
#1117=IFCINDEXEDPOLYGONALFACE((225,226,227));
#1118=IFCINDEXEDPOLYGONALFACE((224,226,225));
#1119=IFCINDEXEDPOLYGONALFACE((204,225,203));
#1120=IFCINDEXEDPOLYGONALFACE((225,227,203));
#1121=IFCINDEXEDPOLYGONALFACE((226,228,227));
#1122=IFCINDEXEDPOLYGONALFACE((227,228,108));
#1123=IFCINDEXEDPOLYGONALFACE((203,227,201));
#1124=IFCINDEXEDPOLYGONALFACE((227,108,201));
#1125=IFCINDEXEDPOLYGONALFACE((228,107,108));
#1126=IFCINDEXEDPOLYGONALFACE((228,229,107));
#1127=IFCINDEXEDPOLYGONALFACE((226,230,228));
#1128=IFCINDEXEDPOLYGONALFACE((228,230,229));
#1129=IFCINDEXEDPOLYGONALFACE((226,232,230));
#1130=IFCINDEXEDPOLYGONALFACE((230,231,229));
#1131=IFCINDEXEDPOLYGONALFACE((232,231,230));
#1132=IFCINDEXEDPOLYGONALFACE((233,234,232));
#1133=IFCINDEXEDPOLYGONALFACE((233,232,226));
#1134=IFCINDEXEDPOLYGONALFACE((234,235,232));
#1135=IFCINDEXEDPOLYGONALFACE((232,235,231));
#1136=IFCINDEXEDPOLYGONALFACE((234,237,235));
#1137=IFCINDEXEDPOLYGONALFACE((235,236,238));
#1138=IFCINDEXEDPOLYGONALFACE((237,236,235));
#1139=IFCINDEXEDPOLYGONALFACE((235,238,231));
#1140=IFCINDEXEDPOLYGONALFACE((238,239,240));
#1141=IFCINDEXEDPOLYGONALFACE((238,241,239));
#1142=IFCINDEXEDPOLYGONALFACE((238,240,242));
#1143=IFCINDEXEDPOLYGONALFACE((236,241,238));
#1144=IFCINDEXEDPOLYGONALFACE((231,238,242));
#1145=IFCINDEXEDPOLYGONALFACE((240,106,242));
#1146=IFCINDEXEDPOLYGONALFACE((231,242,229));
#1147=IFCINDEXEDPOLYGONALFACE((242,106,229));
#1148=IFCINDEXEDPOLYGONALFACE((241,244,239));
#1149=IFCINDEXEDPOLYGONALFACE((243,244,241));
#1150=IFCINDEXEDPOLYGONALFACE((236,243,241));
#1151=IFCINDEXEDPOLYGONALFACE((244,106,239));
#1152=IFCINDEXEDPOLYGONALFACE((243,247,244));
#1153=IFCINDEXEDPOLYGONALFACE((247,245,244));
#1154=IFCINDEXEDPOLYGONALFACE((244,245,246));
#1155=IFCINDEXEDPOLYGONALFACE((244,246,106));
#1156=IFCINDEXEDPOLYGONALFACE((248,249,247));
#1157=IFCINDEXEDPOLYGONALFACE((248,247,243));
#1158=IFCINDEXEDPOLYGONALFACE((249,250,247));
#1159=IFCINDEXEDPOLYGONALFACE((247,250,245));
#1160=IFCINDEXEDPOLYGONALFACE((249,252,250));
#1161=IFCINDEXEDPOLYGONALFACE((250,251,253));
#1162=IFCINDEXEDPOLYGONALFACE((252,251,250));
#1163=IFCINDEXEDPOLYGONALFACE((250,253,245));
#1164=IFCINDEXEDPOLYGONALFACE((255,254,253));
#1165=IFCINDEXEDPOLYGONALFACE((253,254,256));
#1166=IFCINDEXEDPOLYGONALFACE((245,253,246));
#1167=IFCINDEXEDPOLYGONALFACE((251,255,253));
#1168=IFCINDEXEDPOLYGONALFACE((253,256,246));
#1169=IFCINDEXEDPOLYGONALFACE((254,257,256));
#1170=IFCINDEXEDPOLYGONALFACE((257,258,256));
#1171=IFCINDEXEDPOLYGONALFACE((256,258,246));
#1172=IFCINDEXEDPOLYGONALFACE((262,258,259));
#1173=IFCINDEXEDPOLYGONALFACE((259,258,260));
#1174=IFCINDEXEDPOLYGONALFACE((260,258,261));
#1175=IFCINDEXEDPOLYGONALFACE((261,258,257));
#1176=IFCINDEXEDPOLYGONALFACE((246,258,106));
#1177=IFCINDEXEDPOLYGONALFACE((258,263,106));
#1178=IFCINDEXEDPOLYGONALFACE((262,263,258));
#1179=IFCINDEXEDPOLYGONALFACE((265,264,263));
#1180=IFCINDEXEDPOLYGONALFACE((263,264,106));
#1181=IFCINDEXEDPOLYGONALFACE((262,265,263));
#1182=IFCINDEXEDPOLYGONALFACE((267,266,265));
#1183=IFCINDEXEDPOLYGONALFACE((265,266,264));
#1184=IFCINDEXEDPOLYGONALFACE((268,265,262));
#1185=IFCINDEXEDPOLYGONALFACE((268,267,265));
#1186=IFCINDEXEDPOLYGONALFACE((269,270,268));
#1187=IFCINDEXEDPOLYGONALFACE((269,268,271));
#1188=IFCINDEXEDPOLYGONALFACE((270,267,268));
#1189=IFCINDEXEDPOLYGONALFACE((271,268,262));
#1190=IFCINDEXEDPOLYGONALFACE((272,271,273));
#1191=IFCINDEXEDPOLYGONALFACE((274,271,272));
#1192=IFCINDEXEDPOLYGONALFACE((274,269,271));
#1193=IFCINDEXEDPOLYGONALFACE((271,262,273));
#1194=IFCINDEXEDPOLYGONALFACE((275,274,272));
#1195=IFCINDEXEDPOLYGONALFACE((276,274,275));
#1196=IFCINDEXEDPOLYGONALFACE((276,277,274));
#1197=IFCINDEXEDPOLYGONALFACE((277,269,274));
#1198=IFCINDEXEDPOLYGONALFACE((277,278,269));
#1199=IFCINDEXEDPOLYGONALFACE((279,277,276));
#1200=IFCINDEXEDPOLYGONALFACE((279,278,277));
#1201=IFCINDEXEDPOLYGONALFACE((280,279,276));
#1202=IFCINDEXEDPOLYGONALFACE((281,279,280));
#1203=IFCINDEXEDPOLYGONALFACE((279,281,278));
#1204=IFCINDEXEDPOLYGONALFACE((281,282,278));
#1205=IFCINDEXEDPOLYGONALFACE((282,281,280));
#1206=IFCINDEXEDPOLYGONALFACE((282,7,283));
#1207=IFCINDEXEDPOLYGONALFACE((7,282,280));
#1208=IFCINDEXEDPOLYGONALFACE((282,283,278));
#1209=IFCINDEXEDPOLYGONALFACE((283,11,270));
#1210=IFCINDEXEDPOLYGONALFACE((278,283,270));
#1211=IFCINDEXEDPOLYGONALFACE((7,8,283));
#1212=IFCINDEXEDPOLYGONALFACE((283,8,11));
#1213=IFCINDEXEDPOLYGONALFACE((280,284,289));
#1214=IFCINDEXEDPOLYGONALFACE((280,286,284));
#1215=IFCINDEXEDPOLYGONALFACE((285,280,276));
#1216=IFCINDEXEDPOLYGONALFACE((280,285,288));
#1217=IFCINDEXEDPOLYGONALFACE((280,287,286));
#1218=IFCINDEXEDPOLYGONALFACE((280,288,287));
#1219=IFCINDEXEDPOLYGONALFACE((4,7,280));
#1220=IFCINDEXEDPOLYGONALFACE((4,280,289));
#1221=IFCINDEXEDPOLYGONALFACE((4,289,217));
#1222=IFCINDEXEDPOLYGONALFACE((289,220,217));
#1223=IFCINDEXEDPOLYGONALFACE((220,289,290));
#1224=IFCINDEXEDPOLYGONALFACE((289,284,290));
#1225=IFCINDEXEDPOLYGONALFACE((284,291,290));
#1226=IFCINDEXEDPOLYGONALFACE((220,290,222));
#1227=IFCINDEXEDPOLYGONALFACE((222,290,224));
#1228=IFCINDEXEDPOLYGONALFACE((290,291,224));
#1229=IFCINDEXEDPOLYGONALFACE((284,286,291));
#1230=IFCINDEXEDPOLYGONALFACE((291,292,233));
#1231=IFCINDEXEDPOLYGONALFACE((286,292,291));
#1232=IFCINDEXEDPOLYGONALFACE((291,233,224));
#1233=IFCINDEXEDPOLYGONALFACE((292,293,234));
#1234=IFCINDEXEDPOLYGONALFACE((286,293,292));
#1235=IFCINDEXEDPOLYGONALFACE((292,234,233));
#1236=IFCINDEXEDPOLYGONALFACE((286,287,293));
#1237=IFCINDEXEDPOLYGONALFACE((293,294,237));
#1238=IFCINDEXEDPOLYGONALFACE((287,294,293));
#1239=IFCINDEXEDPOLYGONALFACE((293,237,234));
#1240=IFCINDEXEDPOLYGONALFACE((295,296,294));
#1241=IFCINDEXEDPOLYGONALFACE((288,295,294));
#1242=IFCINDEXEDPOLYGONALFACE((294,296,297));
#1243=IFCINDEXEDPOLYGONALFACE((287,288,294));
#1244=IFCINDEXEDPOLYGONALFACE((294,297,237));
#1245=IFCINDEXEDPOLYGONALFACE((237,297,236));
#1246=IFCINDEXEDPOLYGONALFACE((296,248,297));
#1247=IFCINDEXEDPOLYGONALFACE((297,248,243));
#1248=IFCINDEXEDPOLYGONALFACE((297,243,236));
#1249=IFCINDEXEDPOLYGONALFACE((295,298,296));
#1250=IFCINDEXEDPOLYGONALFACE((296,298,248));
#1251=IFCINDEXEDPOLYGONALFACE((295,299,298));
#1252=IFCINDEXEDPOLYGONALFACE((298,249,248));
#1253=IFCINDEXEDPOLYGONALFACE((299,300,298));
#1254=IFCINDEXEDPOLYGONALFACE((298,301,249));
#1255=IFCINDEXEDPOLYGONALFACE((300,301,298));
#1256=IFCINDEXEDPOLYGONALFACE((301,252,249));
#1257=IFCINDEXEDPOLYGONALFACE((300,302,301));
#1258=IFCINDEXEDPOLYGONALFACE((301,302,252));
#1259=IFCINDEXEDPOLYGONALFACE((303,306,302));
#1260=IFCINDEXEDPOLYGONALFACE((305,303,302));
#1261=IFCINDEXEDPOLYGONALFACE((302,304,307));
#1262=IFCINDEXEDPOLYGONALFACE((302,306,304));
#1263=IFCINDEXEDPOLYGONALFACE((300,305,302));
#1264=IFCINDEXEDPOLYGONALFACE((302,307,252));
#1265=IFCINDEXEDPOLYGONALFACE((252,307,251));
#1266=IFCINDEXEDPOLYGONALFACE((307,304,255));
#1267=IFCINDEXEDPOLYGONALFACE((307,255,251));
#1268=IFCINDEXEDPOLYGONALFACE((303,285,306));
#1269=IFCINDEXEDPOLYGONALFACE((306,308,309));
#1270=IFCINDEXEDPOLYGONALFACE((285,308,306));
#1271=IFCINDEXEDPOLYGONALFACE((306,309,304));
#1272=IFCINDEXEDPOLYGONALFACE((304,309,310));
#1273=IFCINDEXEDPOLYGONALFACE((308,275,309));
#1274=IFCINDEXEDPOLYGONALFACE((309,275,311));
#1275=IFCINDEXEDPOLYGONALFACE((309,311,310));
#1276=IFCINDEXEDPOLYGONALFACE((311,272,313));
#1277=IFCINDEXEDPOLYGONALFACE((275,272,311));
#1278=IFCINDEXEDPOLYGONALFACE((310,311,312));
#1279=IFCINDEXEDPOLYGONALFACE((311,313,312));
#1280=IFCINDEXEDPOLYGONALFACE((313,259,260));
#1281=IFCINDEXEDPOLYGONALFACE((313,273,259));
#1282=IFCINDEXEDPOLYGONALFACE((272,273,313));
#1283=IFCINDEXEDPOLYGONALFACE((313,260,261));
#1284=IFCINDEXEDPOLYGONALFACE((312,313,261));
#1285=IFCINDEXEDPOLYGONALFACE((254,312,261));
#1286=IFCINDEXEDPOLYGONALFACE((310,312,254));
#1287=IFCINDEXEDPOLYGONALFACE((304,310,255));
#1288=IFCINDEXEDPOLYGONALFACE((255,310,254));
#1289=IFCINDEXEDPOLYGONALFACE((308,276,275));
#1290=IFCINDEXEDPOLYGONALFACE((285,276,308));
#1291=IFCINDEXEDPOLYGONALFACE((305,300,288));
#1292=IFCINDEXEDPOLYGONALFACE((303,305,288));
#1293=IFCINDEXEDPOLYGONALFACE((285,303,288));
#1294=IFCINDEXEDPOLYGONALFACE((300,299,288));
#1295=IFCINDEXEDPOLYGONALFACE((299,295,288));
#1296=IFCINDEXEDPOLYGONALFACE((278,270,269));
#1297=IFCINDEXEDPOLYGONALFACE((273,262,259));
#1298=IFCINDEXEDPOLYGONALFACE((270,11,267));
#1299=IFCINDEXEDPOLYGONALFACE((267,12,266));
#1300=IFCINDEXEDPOLYGONALFACE((11,12,267));
#1301=IFCINDEXEDPOLYGONALFACE((12,15,266));
#1302=IFCINDEXEDPOLYGONALFACE((266,15,264));
#1303=IFCINDEXEDPOLYGONALFACE((15,105,264));
#1304=IFCINDEXEDPOLYGONALFACE((264,105,106));
#1305=IFCINDEXEDPOLYGONALFACE((254,261,257));
#1306=IFCINDEXEDPOLYGONALFACE((239,106,240));
#1307=IFCINDEXEDPOLYGONALFACE((224,233,226));
#1308=IFCINDEXEDPOLYGONALFACE((229,106,107));
#1309=IFCINDEXEDPOLYGONALFACE((4,217,314));
#1310=IFCINDEXEDPOLYGONALFACE((217,316,314));
#1311=IFCINDEXEDPOLYGONALFACE((315,217,213));
#1312=IFCINDEXEDPOLYGONALFACE((217,315,318));
#1313=IFCINDEXEDPOLYGONALFACE((217,317,316));
#1314=IFCINDEXEDPOLYGONALFACE((217,318,317));
#1315=IFCINDEXEDPOLYGONALFACE((317,318,324));
#1316=IFCINDEXEDPOLYGONALFACE((321,319,318));
#1317=IFCINDEXEDPOLYGONALFACE((319,320,318));
#1318=IFCINDEXEDPOLYGONALFACE((318,320,324));
#1319=IFCINDEXEDPOLYGONALFACE((322,321,318));
#1320=IFCINDEXEDPOLYGONALFACE((323,322,318));
#1321=IFCINDEXEDPOLYGONALFACE((315,323,318));
#1322=IFCINDEXEDPOLYGONALFACE((320,326,324));
#1323=IFCINDEXEDPOLYGONALFACE((325,324,327));
#1324=IFCINDEXEDPOLYGONALFACE((317,324,325));
#1325=IFCINDEXEDPOLYGONALFACE((324,326,328));
#1326=IFCINDEXEDPOLYGONALFACE((324,328,327));
#1327=IFCINDEXEDPOLYGONALFACE((327,328,179));
#1328=IFCINDEXEDPOLYGONALFACE((326,186,328));
#1329=IFCINDEXEDPOLYGONALFACE((328,186,181));
#1330=IFCINDEXEDPOLYGONALFACE((328,181,179));
#1331=IFCINDEXEDPOLYGONALFACE((171,327,172));
#1332=IFCINDEXEDPOLYGONALFACE((325,327,171));
#1333=IFCINDEXEDPOLYGONALFACE((327,179,172));
#1334=IFCINDEXEDPOLYGONALFACE((320,329,326));
#1335=IFCINDEXEDPOLYGONALFACE((326,329,186));
#1336=IFCINDEXEDPOLYGONALFACE((320,319,329));
#1337=IFCINDEXEDPOLYGONALFACE((329,187,186));
#1338=IFCINDEXEDPOLYGONALFACE((319,321,329));
#1339=IFCINDEXEDPOLYGONALFACE((329,330,187));
#1340=IFCINDEXEDPOLYGONALFACE((321,330,329));
#1341=IFCINDEXEDPOLYGONALFACE((330,190,187));
#1342=IFCINDEXEDPOLYGONALFACE((321,331,330));
#1343=IFCINDEXEDPOLYGONALFACE((330,331,190));
#1344=IFCINDEXEDPOLYGONALFACE((323,332,331));
#1345=IFCINDEXEDPOLYGONALFACE((322,323,331));
#1346=IFCINDEXEDPOLYGONALFACE((321,322,331));
#1347=IFCINDEXEDPOLYGONALFACE((331,333,190));
#1348=IFCINDEXEDPOLYGONALFACE((331,332,333));
#1349=IFCINDEXEDPOLYGONALFACE((190,333,189));
#1350=IFCINDEXEDPOLYGONALFACE((332,334,333));
#1351=IFCINDEXEDPOLYGONALFACE((333,334,335));
#1352=IFCINDEXEDPOLYGONALFACE((333,335,189));
#1353=IFCINDEXEDPOLYGONALFACE((189,335,192));
#1354=IFCINDEXEDPOLYGONALFACE((334,336,335));
#1355=IFCINDEXEDPOLYGONALFACE((335,336,192));
#1356=IFCINDEXEDPOLYGONALFACE((334,337,336));
#1357=IFCINDEXEDPOLYGONALFACE((337,338,336));
#1358=IFCINDEXEDPOLYGONALFACE((336,338,339));
#1359=IFCINDEXEDPOLYGONALFACE((336,339,192));
#1360=IFCINDEXEDPOLYGONALFACE((338,340,339));
#1361=IFCINDEXEDPOLYGONALFACE((192,339,198));
#1362=IFCINDEXEDPOLYGONALFACE((339,340,198));
#1363=IFCINDEXEDPOLYGONALFACE((340,196,197));
#1364=IFCINDEXEDPOLYGONALFACE((340,210,196));
#1365=IFCINDEXEDPOLYGONALFACE((209,210,340));
#1366=IFCINDEXEDPOLYGONALFACE((338,209,340));
#1367=IFCINDEXEDPOLYGONALFACE((340,197,198));
#1368=IFCINDEXEDPOLYGONALFACE((337,212,338));
#1369=IFCINDEXEDPOLYGONALFACE((212,209,338));
#1370=IFCINDEXEDPOLYGONALFACE((332,337,334));
#1371=IFCINDEXEDPOLYGONALFACE((332,341,337));
#1372=IFCINDEXEDPOLYGONALFACE((341,212,337));
#1373=IFCINDEXEDPOLYGONALFACE((315,341,332));
#1374=IFCINDEXEDPOLYGONALFACE((341,213,212));
#1375=IFCINDEXEDPOLYGONALFACE((315,213,341));
#1376=IFCINDEXEDPOLYGONALFACE((323,315,332));
#1377=IFCINDEXEDPOLYGONALFACE((342,325,171));
#1378=IFCINDEXEDPOLYGONALFACE((316,325,342));
#1379=IFCINDEXEDPOLYGONALFACE((316,317,325));
#1380=IFCINDEXEDPOLYGONALFACE((163,342,164));
#1381=IFCINDEXEDPOLYGONALFACE((316,342,163));
#1382=IFCINDEXEDPOLYGONALFACE((342,171,164));
#1383=IFCINDEXEDPOLYGONALFACE((314,316,163));
#1384=IFCINDEXEDPOLYGONALFACE((4,314,343));
#1385=IFCINDEXEDPOLYGONALFACE((314,163,162));
#1386=IFCINDEXEDPOLYGONALFACE((343,314,162));
#1387=IFCINDEXEDPOLYGONALFACE((344,343,162));
#1388=IFCINDEXEDPOLYGONALFACE((344,345,343));
#1389=IFCINDEXEDPOLYGONALFACE((345,4,343));
#1390=IFCINDEXEDPOLYGONALFACE((346,4,345));
#1391=IFCINDEXEDPOLYGONALFACE((347,346,345));
#1392=IFCINDEXEDPOLYGONALFACE((138,345,352));
#1393=IFCINDEXEDPOLYGONALFACE((138,353,345));
#1394=IFCINDEXEDPOLYGONALFACE((348,347,345));
#1395=IFCINDEXEDPOLYGONALFACE((353,348,345));
#1396=IFCINDEXEDPOLYGONALFACE((345,349,352));
#1397=IFCINDEXEDPOLYGONALFACE((349,345,350));
#1398=IFCINDEXEDPOLYGONALFACE((350,345,351));
#1399=IFCINDEXEDPOLYGONALFACE((351,345,344));
#1400=IFCINDEXEDPOLYGONALFACE((348,353,356));
#1401=IFCINDEXEDPOLYGONALFACE((353,354,356));
#1402=IFCINDEXEDPOLYGONALFACE((354,353,355));
#1403=IFCINDEXEDPOLYGONALFACE((355,353,134));
#1404=IFCINDEXEDPOLYGONALFACE((134,353,135));
#1405=IFCINDEXEDPOLYGONALFACE((135,353,132));
#1406=IFCINDEXEDPOLYGONALFACE((132,353,138));
#1407=IFCINDEXEDPOLYGONALFACE((356,354,358));
#1408=IFCINDEXEDPOLYGONALFACE((357,356,359));
#1409=IFCINDEXEDPOLYGONALFACE((357,348,356));
#1410=IFCINDEXEDPOLYGONALFACE((356,358,360));
#1411=IFCINDEXEDPOLYGONALFACE((359,356,360));
#1412=IFCINDEXEDPOLYGONALFACE((359,360,362));
#1413=IFCINDEXEDPOLYGONALFACE((360,361,363));
#1414=IFCINDEXEDPOLYGONALFACE((360,358,361));
#1415=IFCINDEXEDPOLYGONALFACE((362,360,363));
#1416=IFCINDEXEDPOLYGONALFACE((363,122,124));
#1417=IFCINDEXEDPOLYGONALFACE((363,361,122));
#1418=IFCINDEXEDPOLYGONALFACE((362,363,364));
#1419=IFCINDEXEDPOLYGONALFACE((364,363,124));
#1420=IFCINDEXEDPOLYGONALFACE((117,364,118));
#1421=IFCINDEXEDPOLYGONALFACE((364,124,118));
#1422=IFCINDEXEDPOLYGONALFACE((119,364,117));
#1423=IFCINDEXEDPOLYGONALFACE((365,364,119));
#1424=IFCINDEXEDPOLYGONALFACE((365,362,364));
#1425=IFCINDEXEDPOLYGONALFACE((120,365,119));
#1426=IFCINDEXEDPOLYGONALFACE((367,362,365));
#1427=IFCINDEXEDPOLYGONALFACE((366,365,120));
#1428=IFCINDEXEDPOLYGONALFACE((366,367,365));
#1429=IFCINDEXEDPOLYGONALFACE((368,359,367));
#1430=IFCINDEXEDPOLYGONALFACE((60,368,367));
#1431=IFCINDEXEDPOLYGONALFACE((367,359,362));
#1432=IFCINDEXEDPOLYGONALFACE((60,367,366));
#1433=IFCINDEXEDPOLYGONALFACE((57,368,60));
#1434=IFCINDEXEDPOLYGONALFACE((57,369,368));
#1435=IFCINDEXEDPOLYGONALFACE((369,357,368));
#1436=IFCINDEXEDPOLYGONALFACE((368,357,359));
#1437=IFCINDEXEDPOLYGONALFACE((58,369,57));
#1438=IFCINDEXEDPOLYGONALFACE((58,347,369));
#1439=IFCINDEXEDPOLYGONALFACE((369,347,357));
#1440=IFCINDEXEDPOLYGONALFACE((63,60,366));
#1441=IFCINDEXEDPOLYGONALFACE((63,366,120));
#1442=IFCINDEXEDPOLYGONALFACE((358,370,361));
#1443=IFCINDEXEDPOLYGONALFACE((361,126,122));
#1444=IFCINDEXEDPOLYGONALFACE((361,370,126));
#1445=IFCINDEXEDPOLYGONALFACE((354,355,370));
#1446=IFCINDEXEDPOLYGONALFACE((358,354,370));
#1447=IFCINDEXEDPOLYGONALFACE((355,134,370));
#1448=IFCINDEXEDPOLYGONALFACE((370,129,126));
#1449=IFCINDEXEDPOLYGONALFACE((370,134,129));
#1450=IFCINDEXEDPOLYGONALFACE((347,348,357));
#1451=IFCINDEXEDPOLYGONALFACE((137,352,140));
#1452=IFCINDEXEDPOLYGONALFACE((137,138,352));
#1453=IFCINDEXEDPOLYGONALFACE((352,371,372));
#1454=IFCINDEXEDPOLYGONALFACE((352,349,371));
#1455=IFCINDEXEDPOLYGONALFACE((140,352,372));
#1456=IFCINDEXEDPOLYGONALFACE((140,372,143));
#1457=IFCINDEXEDPOLYGONALFACE((372,371,373));
#1458=IFCINDEXEDPOLYGONALFACE((372,373,149));
#1459=IFCINDEXEDPOLYGONALFACE((143,372,149));
#1460=IFCINDEXEDPOLYGONALFACE((371,374,373));
#1461=IFCINDEXEDPOLYGONALFACE((373,374,156));
#1462=IFCINDEXEDPOLYGONALFACE((373,156,152));
#1463=IFCINDEXEDPOLYGONALFACE((149,373,152));
#1464=IFCINDEXEDPOLYGONALFACE((350,351,374));
#1465=IFCINDEXEDPOLYGONALFACE((349,350,374));
#1466=IFCINDEXEDPOLYGONALFACE((374,351,159));
#1467=IFCINDEXEDPOLYGONALFACE((371,349,374));
#1468=IFCINDEXEDPOLYGONALFACE((374,159,156));
#1469=IFCINDEXEDPOLYGONALFACE((351,344,159));
#1470=IFCINDEXEDPOLYGONALFACE((346,347,58));
#1471=IFCINDEXEDPOLYGONALFACE((375,4,346));
#1472=IFCINDEXEDPOLYGONALFACE((56,346,58));
#1473=IFCINDEXEDPOLYGONALFACE((375,346,56));
#1474=IFCINDEXEDPOLYGONALFACE((376,375,56));
#1475=IFCINDEXEDPOLYGONALFACE((376,3,375));
#1476=IFCINDEXEDPOLYGONALFACE((3,4,375));
#1477=IFCINDEXEDPOLYGONALFACE((377,376,53));
#1478=IFCINDEXEDPOLYGONALFACE((377,3,376));
#1479=IFCINDEXEDPOLYGONALFACE((53,376,54));
#1480=IFCINDEXEDPOLYGONALFACE((54,376,56));
#1481=IFCINDEXEDPOLYGONALFACE((378,377,379));
#1482=IFCINDEXEDPOLYGONALFACE((378,3,377));
#1483=IFCINDEXEDPOLYGONALFACE((379,377,53));
#1484=IFCINDEXEDPOLYGONALFACE((36,378,379));
#1485=IFCINDEXEDPOLYGONALFACE((38,379,50));
#1486=IFCINDEXEDPOLYGONALFACE((34,379,38));
#1487=IFCINDEXEDPOLYGONALFACE((34,36,379));
#1488=IFCINDEXEDPOLYGONALFACE((379,53,50));
#1489=IFCINDEXEDPOLYGONALFACE((36,3,378));
#1490=IFCINDEXEDPOLYGONALFACE((159,344,160));
#1491=IFCINDEXEDPOLYGONALFACE((160,344,162));
#1492=IFCINDEXEDPOLYGONALFACE((215,207,206));
#1493=IFCINDEXEDPOLYGONALFACE((210,199,196));
#1494=IFCINDEXEDPOLYGONALFACE((201,108,109));
#1495=IFCINDEXEDPOLYGONALFACE((192,198,194));
#1496=IFCINDEXEDPOLYGONALFACE((177,109,178));
#1497=IFCINDEXEDPOLYGONALFACE((178,109,174));
#1498=IFCINDEXEDPOLYGONALFACE((168,110,111));
#1499=IFCINDEXEDPOLYGONALFACE((167,168,111));
#1500=IFCINDEXEDPOLYGONALFACE((380,165,167));
#1501=IFCINDEXEDPOLYGONALFACE((380,167,115));
#1502=IFCINDEXEDPOLYGONALFACE((115,167,111));
#1503=IFCINDEXEDPOLYGONALFACE((154,157,380));
#1504=IFCINDEXEDPOLYGONALFACE((154,380,115));
#1505=IFCINDEXEDPOLYGONALFACE((157,165,380));
#1506=IFCINDEXEDPOLYGONALFACE((116,154,115));
#1507=IFCINDEXEDPOLYGONALFACE((146,150,113));
#1508=IFCINDEXEDPOLYGONALFACE((150,148,113));
#1509=IFCINDEXEDPOLYGONALFACE((381,146,113));
#1510=IFCINDEXEDPOLYGONALFACE((381,144,146));
#1511=IFCINDEXEDPOLYGONALFACE((382,381,113));
#1512=IFCINDEXEDPOLYGONALFACE((382,144,381));
#1513=IFCINDEXEDPOLYGONALFACE((114,382,113));
#1514=IFCINDEXEDPOLYGONALFACE((114,383,382));
#1515=IFCINDEXEDPOLYGONALFACE((383,144,382));
#1516=IFCINDEXEDPOLYGONALFACE((383,141,144));
#1517=IFCINDEXEDPOLYGONALFACE((123,127,383));
#1518=IFCINDEXEDPOLYGONALFACE((123,383,114));
#1519=IFCINDEXEDPOLYGONALFACE((384,141,383));
#1520=IFCINDEXEDPOLYGONALFACE((127,384,383));
#1521=IFCINDEXEDPOLYGONALFACE((384,133,141));
#1522=IFCINDEXEDPOLYGONALFACE((130,133,384));
#1523=IFCINDEXEDPOLYGONALFACE((127,130,384));
#1524=IFCINDEXEDPOLYGONALFACE((67,63,120));
#1525=IFCINDEXEDPOLYGONALFACE((15,16,105));
#1526=IFCINDEXEDPOLYGONALFACE((64,63,67));
#1527=IFCINDEXEDPOLYGONALFACE((47,51,61));
#1528=IFCINDEXEDPOLYGONALFACE((38,50,41));
#1529=IFCINDEXEDPOLYGONALFACE((5,19,10));
#1530=IFCINDEXEDPOLYGONALFACE((5,2,19));
#1531=IFCPOLYGONALFACESET(#1532,$,(#1533,#1534,#1535,#1536,#1537,#1538,#1539,#1540,#1541,#1542,#1543,#1544,#1545,#1546,#1547,#1548,#1549,#1550,#1551,#1552,#1553,#1554,#1555,#1556,#1557,#1558,#1559,#1560,#1561,#1562,#1563,#1564,#1565,#1566,#1567,#1568,#1569,#1570,#1571,#1572,#1573,#1574,#1575,#1576,#1577,#1578,#1579,#1580,#1581,#1582,#1583,#1584,#1585,#1586,#1587,#1588,#1589,#1590,#1591,#1592,#1593,#1594,#1595,#1596,#1597,#1598,#1599,#1600,#1601,#1602,#1603,#1604,#1605,#1606,#1607,#1608,#1609,#1610,#1611,#1612,#1613,#1614,#1615,#1616,#1617,#1618,#1619,#1620,#1621,#1622,#1623,#1624,#1625,#1626,#1627,#1628,#1629,#1630,#1631,#1632,#1633,#1634,#1635,#1636,#1637,#1638,#1639,#1640,#1641,#1642,#1643,#1644,#1645,#1646,#1647,#1648,#1649,#1650,#1651,#1652,#1653,#1654,#1655,#1656,#1657,#1658,#1659,#1660,#1661,#1662,#1663,#1664,#1665,#1666,#1667,#1668,#1669,#1670,#1671,#1672,#1673,#1674,#1675,#1676,#1677,#1678,#1679,#1680,#1681,#1682,#1683,#1684,#1685,#1686,#1687,#1688,#1689,#1690,#1691,#1692,#1693,#1694,#1695,#1696,#1697,#1698,#1699,#1700,#1701,#1702,#1703,#1704,#1705,#1706,#1707,#1708,#1709,#1710,#1711,#1712,#1713,#1714,#1715,#1716,#1717,#1718,#1719,#1720,#1721,#1722,#1723,#1724,#1725,#1726,#1727,#1728,#1729,#1730,#1731,#1732,#1733,#1734,#1735,#1736,#1737,#1738,#1739,#1740,#1741,#1742,#1743,#1744,#1745,#1746,#1747,#1748,#1749,#1750,#1751,#1752,#1753,#1754,#1755,#1756,#1757,#1758,#1759,#1760,#1761,#1762,#1763,#1764,#1765,#1766,#1767,#1768,#1769,#1770,#1771,#1772,#1773,#1774,#1775,#1776,#1777,#1778,#1779,#1780,#1781,#1782,#1783,#1784,#1785,#1786,#1787,#1788,#1789,#1790,#1791,#1792,#1793,#1794,#1795,#1796,#1797,#1798,#1799,#1800,#1801,#1802,#1803,#1804,#1805,#1806,#1807,#1808,#1809,#1810,#1811,#1812,#1813,#1814,#1815,#1816,#1817,#1818,#1819,#1820,#1821,#1822,#1823,#1824,#1825,#1826,#1827,#1828,#1829,#1830,#1831,#1832,#1833,#1834,#1835,#1836,#1837,#1838,#1839,#1840,#1841,#1842,#1843,#1844,#1845,#1846,#1847,#1848,#1849,#1850,#1851,#1852,#1853,#1854,#1855,#1856,#1857,#1858,#1859,#1860,#1861,#1862,#1863,#1864,#1865,#1866,#1867,#1868,#1869,#1870,#1871,#1872,#1873,#1874,#1875,#1876,#1877,#1878,#1879,#1880,#1881,#1882,#1883,#1884,#1885,#1886,#1887,#1888,#1889,#1890,#1891,#1892,#1893,#1894,#1895,#1896,#1897,#1898,#1899,#1900,#1901,#1902,#1903,#1904,#1905,#1906,#1907,#1908,#1909,#1910,#1911,#1912),$);
#1532=IFCCARTESIANPOINTLIST3D(((24.6985473632812,0.,40.),(17.4645080566406,17.4642105102539,40.),(24.223970413208,4.81814956665039,40.),(24.223970413208,-4.81874561309814,40.),(24.9117107391357,0.,40.0811424255371),(24.4330387115479,4.85973596572876,40.0811424255371),(24.4330387115479,-4.86033201217651,40.0811424255371),(25.,0.,40.2932777404785),(24.5196323394775,4.87695980072021,40.2932777404785),(24.5196323394775,-4.87755584716797,40.2932777404785),(25.,0.,666.69873046875),(24.5196323394775,-4.87755584716797,666.69873046875),(23.0969867706299,-9.5673828125,666.69873046875),(24.4330387115479,-4.86033201217651,666.910888671875),(23.0154190063477,-9.53359699249268,666.910888671875),(20.7133293151855,-13.8405027389526,666.910888671875),(22.8184814453125,-9.45202255249023,667.),(24.223970413208,-4.81874561309814,667.),(20.5360908508301,-13.7220764160156,667.),(17.4645080566406,-17.4648056030273,667.),(17.6152381896973,-17.6155376434326,666.910888671875),(17.6776676177979,-17.6779651641846,666.69873046875),(13.7217779159546,-20.5363883972168,667.),(13.8892555236816,-20.787036895752,666.69873046875),(13.8402051925659,-20.7136287689209,666.910888671875),(20.7867393493652,-13.8895530700684,666.69873046875),(20.7867393493652,-13.8895530700684,40.2932777404785),(23.0969867706299,-9.5673828125,40.2932777404785),(23.0154190063477,-9.53359699249268,40.0811424255371),(20.7133293151855,-13.8405027389526,40.0811424255371),(20.5360908508301,-13.7220764160156,40.),(17.6152381896973,-17.6155376434326,40.0811424255371),(22.8184814453125,-9.45202255249023,40.),(17.4645080566406,-17.4648056030273,40.),(17.6776676177979,-17.6779651641846,40.2932777404785),(13.8402051925659,-20.7136287689209,40.0811424255371),(13.7217779159546,-20.5363883972168,40.),(13.8892555236816,-20.787036895752,40.2932777404785),(9.56708526611328,-23.0972843170166,40.2932777404785),(9.56708526611328,-23.0972843170166,666.69873046875),(4.87725782394409,-24.5199298858643,666.69873046875),(9.53329849243164,-23.0157165527344,666.910888671875),(9.45172500610352,-22.8187808990479,667.),(4.86003398895264,-24.4333381652832,666.910888671875),(-1.27585289555476E-10,-25.,666.69873046875),(4.81844758987427,-24.2242679595947,667.),(-1.27134733296508E-10,-24.9120101928711,666.910888671875),(-1.26046867388041E-10,-24.698844909668,667.),(-4.86003398895264,-24.4333381652832,666.910888671875),(-4.81844758987427,-24.2242679595947,667.),(17.4645080566406,17.4642105102539,667.),(-9.45172500610352,-22.8187808990479,667.),(-13.7217779159546,-20.5363883972168,667.),(-9.53329849243164,-23.0157165527344,666.910888671875),(-13.8402051925659,-20.7136287689209,666.910888671875),(-17.6152381896973,-17.6155376434326,666.910888671875),(-9.56708526611328,-23.0972843170166,666.69873046875),(-13.8892555236816,-20.787036895752,666.69873046875),(-17.6776676177979,-17.6779651641846,40.2932777404785),(-13.8892555236816,-20.787036895752,40.2932777404785),(-17.6776676177979,-17.6779651641846,666.69873046875),(-20.7867393493652,-13.8895530700684,666.69873046875),(-20.7867393493652,-13.8895530700684,40.2932777404785),(-23.0969867706299,-9.5673828125,40.2932777404785),(-17.6152381896973,-17.6155376434326,40.0811424255371),(-20.7133293151855,-13.8405027389526,40.0811424255371),(-23.0154190063477,-9.53359699249268,40.0811424255371),(-22.8184814453125,-9.45202255249023,40.),(-20.5360908508301,-13.7220764160156,40.),(-9.45172500610352,-22.8187808990479,40.),(-17.4645080566406,-17.4648056030273,40.),(-13.7217779159546,-20.5363883972168,40.),(-13.8402051925659,-20.7136287689209,40.0811424255371),(-9.53329849243164,-23.0157165527344,40.0811424255371),(-9.56708526611328,-23.0972843170166,40.2932777404785),(-4.87725782394409,-24.5199298858643,40.2932777404785),(-4.87725782394409,-24.5199298858643,666.69873046875),(-1.27585289555476E-10,-25.,40.2932777404785),(-4.86003398895264,-24.4333381652832,40.0811424255371),(-4.81844758987427,-24.2242679595947,40.),(-1.27134733296508E-10,-24.9120101928711,40.0811424255371),(-1.26046867388041E-10,-24.698844909668,40.),(4.86003398895264,-24.4333381652832,40.0811424255371),(4.81844758987427,-24.2242679595947,40.),(9.45172500610352,-22.8187808990479,40.),(9.53329849243164,-23.0157165527344,40.0811424255371),(4.87725782394409,-24.5199298858643,40.2932777404785),(-24.223970413208,-4.81874561309814,40.),(-24.4330387115479,-4.86033201217651,40.0811424255371),(-24.9117107391357,0.,40.0811424255371),(-25.,0.,40.2932777404785),(-24.5196323394775,-4.87755584716797,40.2932777404785),(-23.0969867706299,-9.5673828125,666.69873046875),(-24.5196323394775,-4.87755584716797,666.69873046875),(-25.,0.,666.69873046875),(-23.0154190063477,-9.53359699249268,666.910888671875),(-24.4330387115479,-4.86033201217651,666.910888671875),(-22.8184814453125,-9.45202255249023,667.),(-24.223970413208,-4.81874561309814,667.),(-24.9117107391357,0.,666.910888671875),(-24.6985473632812,0.,667.),(-24.4330387115479,4.85973596572876,666.910888671875),(-24.223970413208,4.81814956665039,667.),(-22.8184814453125,9.45142650604248,667.),(13.7217779159546,20.5357913970947,667.),(9.45172500610352,22.8181838989258,667.),(4.81844758987427,24.2236728668213,667.),(1.26046867388041E-10,24.6982479095459,667.),(-4.81844758987427,24.2236728668213,667.),(-9.45172500610352,22.8181838989258,667.),(-20.5360908508301,13.7214803695679,667.),(-23.0154190063477,9.53300094604492,666.910888671875),(-20.7133293151855,13.8399066925049,666.910888671875),(-17.6152381896973,17.6149406433105,666.910888671875),(-23.0969867706299,9.56678676605225,666.69873046875),(-20.7867393493652,13.8889570236206,666.69873046875),(-17.6776676177979,17.6773700714111,40.2932777404785),(-20.7867393493652,13.8889570236206,40.2932777404785),(-17.6776676177979,17.6773700714111,666.69873046875),(-13.8892555236816,20.7864398956299,666.69873046875),(-13.8892555236816,20.7864398956299,40.2932777404785),(-9.56708526611328,23.0966892242432,40.2932777404785),(-17.6152381896973,17.6149406433105,40.0811424255371),(-13.8402051925659,20.7130317687988,40.0811424255371),(-9.53329849243164,23.0151214599609,40.0811424255371),(-9.45172500610352,22.8181838989258,40.),(-13.7217779159546,20.5357913970947,40.),(-17.4645080566406,17.4642105102539,40.),(-20.5360908508301,13.7214803695679,40.),(-22.8184814453125,9.45142650604248,40.),(-20.7133293151855,13.8399066925049,40.0811424255371),(-23.0154190063477,9.53300094604492,40.0811424255371),(-23.0969867706299,9.56678676605225,40.2932777404785),(-24.5196323394775,4.87695980072021,40.2932777404785),(-24.5196323394775,4.87695980072021,666.69873046875),(-24.4330387115479,4.85973596572876,40.0811424255371),(-24.223970413208,4.81814956665039,40.),(-24.6985473632812,0.,40.),(-4.81844758987427,24.2236728668213,40.),(-4.86003398895264,24.4327411651611,40.0811424255371),(1.27134733296508E-10,24.911413192749,40.0811424255371),(1.27585289555476E-10,25.,40.2932777404785),(-4.87725782394409,24.5193347930908,40.2932777404785),(-9.56708526611328,23.0966892242432,666.69873046875),(-4.87725782394409,24.5193347930908,666.69873046875),(1.27585289555476E-10,25.,666.69873046875),(-9.53329849243164,23.0151214599609,666.910888671875),(-4.86003398895264,24.4327411651611,666.910888671875),(1.27134733296508E-10,24.911413192749,666.910888671875),(4.86003398895264,24.4327411651611,666.910888671875),(9.53329849243164,23.0151214599609,666.910888671875),(4.87725782394409,24.5193347930908,666.69873046875),(9.56708526611328,23.0966892242432,666.69873046875),(4.87725782394409,24.5193347930908,40.2932777404785),(9.56708526611328,23.0966892242432,40.2932777404785),(4.86003398895264,24.4327411651611,40.0811424255371),(9.53329849243164,23.0151214599609,40.0811424255371),(9.45172500610352,22.8181838989258,40.),(13.8402051925659,20.7130317687988,40.0811424255371),(13.7217779159546,20.5357913970947,40.),(13.8892555236816,20.7864398956299,40.2932777404785),(17.6152381896973,17.6149406433105,40.0811424255371),(17.6776676177979,17.6773700714111,40.2932777404785),(20.7133293151855,13.8399066925049,40.0811424255371),(20.5360908508301,13.7214803695679,40.),(20.7867393493652,13.8889570236206,40.2932777404785),(23.0969867706299,9.56678676605225,40.2932777404785),(20.7867393493652,13.8889570236206,666.69873046875),(23.0969867706299,9.56678676605225,666.69873046875),(24.5196323394775,4.87695980072021,666.69873046875),(20.7133293151855,13.8399066925049,666.910888671875),(23.0154190063477,9.53300094604492,666.910888671875),(22.8184814453125,9.45142650604248,667.),(24.4330387115479,4.85973596572876,666.910888671875),(24.9117107391357,0.,666.910888671875),(24.223970413208,4.81814956665039,667.),(24.6985473632812,0.,667.),(20.5360908508301,13.7214803695679,667.),(17.6152381896973,17.6149406433105,666.910888671875),(17.6776676177979,17.6773700714111,666.69873046875),(13.8402051925659,20.7130317687988,666.910888671875),(13.8892555236816,20.7864398956299,666.69873046875),(23.0154190063477,9.53300094604492,40.0811424255371),(22.8184814453125,9.45142650604248,40.),(4.81844758987427,24.2236728668213,40.),(1.26046867388041E-10,24.6982479095459,40.),(-13.8402051925659,20.7130317687988,666.910888671875),(-13.7217779159546,20.5357913970947,667.),(-17.4645080566406,17.4642105102539,667.),(-20.5360908508301,-13.7220764160156,667.),(-20.7133293151855,-13.8405027389526,666.910888671875),(-17.4645080566406,-17.4648056030273,667.)));
#1533=IFCINDEXEDPOLYGONALFACE((2,1,4));
#1534=IFCINDEXEDPOLYGONALFACE((2,3,1));
#1535=IFCINDEXEDPOLYGONALFACE((3,5,1));
#1536=IFCINDEXEDPOLYGONALFACE((1,5,4));
#1537=IFCINDEXEDPOLYGONALFACE((6,8,5));
#1538=IFCINDEXEDPOLYGONALFACE((6,5,3));
#1539=IFCINDEXEDPOLYGONALFACE((5,8,7));
#1540=IFCINDEXEDPOLYGONALFACE((5,7,4));
#1541=IFCINDEXEDPOLYGONALFACE((9,11,8));
#1542=IFCINDEXEDPOLYGONALFACE((9,8,6));
#1543=IFCINDEXEDPOLYGONALFACE((8,10,7));
#1544=IFCINDEXEDPOLYGONALFACE((8,12,10));
#1545=IFCINDEXEDPOLYGONALFACE((11,12,8));
#1546=IFCINDEXEDPOLYGONALFACE((11,14,12));
#1547=IFCINDEXEDPOLYGONALFACE((12,15,13));
#1548=IFCINDEXEDPOLYGONALFACE((12,13,10));
#1549=IFCINDEXEDPOLYGONALFACE((14,15,12));
#1550=IFCINDEXEDPOLYGONALFACE((14,17,15));
#1551=IFCINDEXEDPOLYGONALFACE((15,16,13));
#1552=IFCINDEXEDPOLYGONALFACE((15,17,16));
#1553=IFCINDEXEDPOLYGONALFACE((18,17,14));
#1554=IFCINDEXEDPOLYGONALFACE((17,18,19));
#1555=IFCINDEXEDPOLYGONALFACE((17,19,16));
#1556=IFCINDEXEDPOLYGONALFACE((19,18,20));
#1557=IFCINDEXEDPOLYGONALFACE((19,20,21));
#1558=IFCINDEXEDPOLYGONALFACE((16,19,21));
#1559=IFCINDEXEDPOLYGONALFACE((20,23,21));
#1560=IFCINDEXEDPOLYGONALFACE((22,21,24));
#1561=IFCINDEXEDPOLYGONALFACE((26,21,22));
#1562=IFCINDEXEDPOLYGONALFACE((21,23,25));
#1563=IFCINDEXEDPOLYGONALFACE((16,21,26));
#1564=IFCINDEXEDPOLYGONALFACE((21,25,24));
#1565=IFCINDEXEDPOLYGONALFACE((26,22,27));
#1566=IFCINDEXEDPOLYGONALFACE((28,26,27));
#1567=IFCINDEXEDPOLYGONALFACE((13,26,28));
#1568=IFCINDEXEDPOLYGONALFACE((13,16,26));
#1569=IFCINDEXEDPOLYGONALFACE((28,27,30));
#1570=IFCINDEXEDPOLYGONALFACE((10,13,28));
#1571=IFCINDEXEDPOLYGONALFACE((10,28,29));
#1572=IFCINDEXEDPOLYGONALFACE((29,28,30));
#1573=IFCINDEXEDPOLYGONALFACE((33,30,31));
#1574=IFCINDEXEDPOLYGONALFACE((30,32,31));
#1575=IFCINDEXEDPOLYGONALFACE((30,27,32));
#1576=IFCINDEXEDPOLYGONALFACE((29,30,33));
#1577=IFCINDEXEDPOLYGONALFACE((2,33,31));
#1578=IFCINDEXEDPOLYGONALFACE((2,4,33));
#1579=IFCINDEXEDPOLYGONALFACE((4,7,33));
#1580=IFCINDEXEDPOLYGONALFACE((7,29,33));
#1581=IFCINDEXEDPOLYGONALFACE((31,32,34));
#1582=IFCINDEXEDPOLYGONALFACE((34,32,37));
#1583=IFCINDEXEDPOLYGONALFACE((35,38,32));
#1584=IFCINDEXEDPOLYGONALFACE((27,35,32));
#1585=IFCINDEXEDPOLYGONALFACE((32,38,36));
#1586=IFCINDEXEDPOLYGONALFACE((32,36,37));
#1587=IFCINDEXEDPOLYGONALFACE((38,40,39));
#1588=IFCINDEXEDPOLYGONALFACE((38,39,36));
#1589=IFCINDEXEDPOLYGONALFACE((35,24,38));
#1590=IFCINDEXEDPOLYGONALFACE((24,40,38));
#1591=IFCINDEXEDPOLYGONALFACE((24,25,40));
#1592=IFCINDEXEDPOLYGONALFACE((40,41,39));
#1593=IFCINDEXEDPOLYGONALFACE((40,42,41));
#1594=IFCINDEXEDPOLYGONALFACE((25,42,40));
#1595=IFCINDEXEDPOLYGONALFACE((42,43,44));
#1596=IFCINDEXEDPOLYGONALFACE((25,43,42));
#1597=IFCINDEXEDPOLYGONALFACE((42,44,41));
#1598=IFCINDEXEDPOLYGONALFACE((41,44,45));
#1599=IFCINDEXEDPOLYGONALFACE((44,47,45));
#1600=IFCINDEXEDPOLYGONALFACE((43,46,44));
#1601=IFCINDEXEDPOLYGONALFACE((44,46,47));
#1602=IFCINDEXEDPOLYGONALFACE((48,50,47));
#1603=IFCINDEXEDPOLYGONALFACE((46,48,47));
#1604=IFCINDEXEDPOLYGONALFACE((47,49,45));
#1605=IFCINDEXEDPOLYGONALFACE((50,49,47));
#1606=IFCINDEXEDPOLYGONALFACE((51,50,48));
#1607=IFCINDEXEDPOLYGONALFACE((51,52,50));
#1608=IFCINDEXEDPOLYGONALFACE((50,52,49));
#1609=IFCINDEXEDPOLYGONALFACE((51,53,52));
#1610=IFCINDEXEDPOLYGONALFACE((52,53,55));
#1611=IFCINDEXEDPOLYGONALFACE((52,54,49));
#1612=IFCINDEXEDPOLYGONALFACE((52,55,54));
#1613=IFCINDEXEDPOLYGONALFACE((54,55,57));
#1614=IFCINDEXEDPOLYGONALFACE((55,56,58));
#1615=IFCINDEXEDPOLYGONALFACE((53,56,55));
#1616=IFCINDEXEDPOLYGONALFACE((55,58,57));
#1617=IFCINDEXEDPOLYGONALFACE((58,61,59));
#1618=IFCINDEXEDPOLYGONALFACE((58,59,60));
#1619=IFCINDEXEDPOLYGONALFACE((57,58,60));
#1620=IFCINDEXEDPOLYGONALFACE((56,61,58));
#1621=IFCINDEXEDPOLYGONALFACE((61,63,59));
#1622=IFCINDEXEDPOLYGONALFACE((56,62,61));
#1623=IFCINDEXEDPOLYGONALFACE((61,62,63));
#1624=IFCINDEXEDPOLYGONALFACE((62,64,63));
#1625=IFCINDEXEDPOLYGONALFACE((63,64,66));
#1626=IFCINDEXEDPOLYGONALFACE((59,63,65));
#1627=IFCINDEXEDPOLYGONALFACE((63,66,65));
#1628=IFCINDEXEDPOLYGONALFACE((64,67,66));
#1629=IFCINDEXEDPOLYGONALFACE((66,67,68));
#1630=IFCINDEXEDPOLYGONALFACE((65,66,69));
#1631=IFCINDEXEDPOLYGONALFACE((66,68,69));
#1632=IFCINDEXEDPOLYGONALFACE((69,68,70));
#1633=IFCINDEXEDPOLYGONALFACE((71,69,70));
#1634=IFCINDEXEDPOLYGONALFACE((65,69,71));
#1635=IFCINDEXEDPOLYGONALFACE((72,71,70));
#1636=IFCINDEXEDPOLYGONALFACE((65,71,72));
#1637=IFCINDEXEDPOLYGONALFACE((73,72,70));
#1638=IFCINDEXEDPOLYGONALFACE((73,65,72));
#1639=IFCINDEXEDPOLYGONALFACE((60,65,73));
#1640=IFCINDEXEDPOLYGONALFACE((75,60,73));
#1641=IFCINDEXEDPOLYGONALFACE((74,73,70));
#1642=IFCINDEXEDPOLYGONALFACE((75,73,74));
#1643=IFCINDEXEDPOLYGONALFACE((57,60,75));
#1644=IFCINDEXEDPOLYGONALFACE((77,75,76));
#1645=IFCINDEXEDPOLYGONALFACE((76,75,74));
#1646=IFCINDEXEDPOLYGONALFACE((77,57,75));
#1647=IFCINDEXEDPOLYGONALFACE((49,77,45));
#1648=IFCINDEXEDPOLYGONALFACE((45,77,76));
#1649=IFCINDEXEDPOLYGONALFACE((54,57,77));
#1650=IFCINDEXEDPOLYGONALFACE((49,54,77));
#1651=IFCINDEXEDPOLYGONALFACE((45,76,78));
#1652=IFCINDEXEDPOLYGONALFACE((78,76,79));
#1653=IFCINDEXEDPOLYGONALFACE((76,74,79));
#1654=IFCINDEXEDPOLYGONALFACE((78,79,81));
#1655=IFCINDEXEDPOLYGONALFACE((79,70,80));
#1656=IFCINDEXEDPOLYGONALFACE((79,74,70));
#1657=IFCINDEXEDPOLYGONALFACE((81,79,80));
#1658=IFCINDEXEDPOLYGONALFACE((84,81,82));
#1659=IFCINDEXEDPOLYGONALFACE((81,80,82));
#1660=IFCINDEXEDPOLYGONALFACE((83,78,81));
#1661=IFCINDEXEDPOLYGONALFACE((83,81,84));
#1662=IFCINDEXEDPOLYGONALFACE((68,84,82));
#1663=IFCINDEXEDPOLYGONALFACE((85,83,84));
#1664=IFCINDEXEDPOLYGONALFACE((68,85,84));
#1665=IFCINDEXEDPOLYGONALFACE((68,37,85));
#1666=IFCINDEXEDPOLYGONALFACE((37,36,85));
#1667=IFCINDEXEDPOLYGONALFACE((86,83,85));
#1668=IFCINDEXEDPOLYGONALFACE((36,86,85));
#1669=IFCINDEXEDPOLYGONALFACE((86,87,83));
#1670=IFCINDEXEDPOLYGONALFACE((36,39,86));
#1671=IFCINDEXEDPOLYGONALFACE((39,87,86));
#1672=IFCINDEXEDPOLYGONALFACE((87,45,78));
#1673=IFCINDEXEDPOLYGONALFACE((87,78,83));
#1674=IFCINDEXEDPOLYGONALFACE((39,41,87));
#1675=IFCINDEXEDPOLYGONALFACE((41,45,87));
#1676=IFCINDEXEDPOLYGONALFACE((80,68,82));
#1677=IFCINDEXEDPOLYGONALFACE((70,68,80));
#1678=IFCINDEXEDPOLYGONALFACE((89,88,68));
#1679=IFCINDEXEDPOLYGONALFACE((68,88,34));
#1680=IFCINDEXEDPOLYGONALFACE((68,34,37));
#1681=IFCINDEXEDPOLYGONALFACE((67,89,68));
#1682=IFCINDEXEDPOLYGONALFACE((91,90,89));
#1683=IFCINDEXEDPOLYGONALFACE((89,90,88));
#1684=IFCINDEXEDPOLYGONALFACE((92,89,67));
#1685=IFCINDEXEDPOLYGONALFACE((92,91,89));
#1686=IFCINDEXEDPOLYGONALFACE((94,91,92));
#1687=IFCINDEXEDPOLYGONALFACE((93,92,64));
#1688=IFCINDEXEDPOLYGONALFACE((64,92,67));
#1689=IFCINDEXEDPOLYGONALFACE((93,94,92));
#1690=IFCINDEXEDPOLYGONALFACE((94,95,91));
#1691=IFCINDEXEDPOLYGONALFACE((96,94,93));
#1692=IFCINDEXEDPOLYGONALFACE((97,95,94));
#1693=IFCINDEXEDPOLYGONALFACE((96,97,94));
#1694=IFCINDEXEDPOLYGONALFACE((97,100,95));
#1695=IFCINDEXEDPOLYGONALFACE((98,99,97));
#1696=IFCINDEXEDPOLYGONALFACE((98,97,96));
#1697=IFCINDEXEDPOLYGONALFACE((99,100,97));
#1698=IFCINDEXEDPOLYGONALFACE((101,103,100));
#1699=IFCINDEXEDPOLYGONALFACE((99,101,100));
#1700=IFCINDEXEDPOLYGONALFACE((100,102,95));
#1701=IFCINDEXEDPOLYGONALFACE((103,102,100));
#1702=IFCINDEXEDPOLYGONALFACE((51,103,101));
#1703=IFCINDEXEDPOLYGONALFACE((51,104,103));
#1704=IFCINDEXEDPOLYGONALFACE((103,104,102));
#1705=IFCINDEXEDPOLYGONALFACE((51,105,104));
#1706=IFCINDEXEDPOLYGONALFACE((105,106,104));
#1707=IFCINDEXEDPOLYGONALFACE((106,107,104));
#1708=IFCINDEXEDPOLYGONALFACE((107,108,104));
#1709=IFCINDEXEDPOLYGONALFACE((108,109,104));
#1710=IFCINDEXEDPOLYGONALFACE((109,110,104));
#1711=IFCINDEXEDPOLYGONALFACE((110,111,104));
#1712=IFCINDEXEDPOLYGONALFACE((104,111,113));
#1713=IFCINDEXEDPOLYGONALFACE((104,112,102));
#1714=IFCINDEXEDPOLYGONALFACE((104,113,112));
#1715=IFCINDEXEDPOLYGONALFACE((112,113,115));
#1716=IFCINDEXEDPOLYGONALFACE((113,114,116));
#1717=IFCINDEXEDPOLYGONALFACE((111,114,113));
#1718=IFCINDEXEDPOLYGONALFACE((113,116,115));
#1719=IFCINDEXEDPOLYGONALFACE((116,119,117));
#1720=IFCINDEXEDPOLYGONALFACE((116,117,118));
#1721=IFCINDEXEDPOLYGONALFACE((115,116,118));
#1722=IFCINDEXEDPOLYGONALFACE((114,119,116));
#1723=IFCINDEXEDPOLYGONALFACE((119,121,117));
#1724=IFCINDEXEDPOLYGONALFACE((114,120,119));
#1725=IFCINDEXEDPOLYGONALFACE((119,120,121));
#1726=IFCINDEXEDPOLYGONALFACE((120,122,121));
#1727=IFCINDEXEDPOLYGONALFACE((121,122,124));
#1728=IFCINDEXEDPOLYGONALFACE((117,121,123));
#1729=IFCINDEXEDPOLYGONALFACE((121,124,123));
#1730=IFCINDEXEDPOLYGONALFACE((122,125,124));
#1731=IFCINDEXEDPOLYGONALFACE((124,125,126));
#1732=IFCINDEXEDPOLYGONALFACE((123,124,127));
#1733=IFCINDEXEDPOLYGONALFACE((124,126,127));
#1734=IFCINDEXEDPOLYGONALFACE((127,126,34));
#1735=IFCINDEXEDPOLYGONALFACE((128,127,34));
#1736=IFCINDEXEDPOLYGONALFACE((123,127,128));
#1737=IFCINDEXEDPOLYGONALFACE((129,128,34));
#1738=IFCINDEXEDPOLYGONALFACE((123,128,129));
#1739=IFCINDEXEDPOLYGONALFACE((130,129,34));
#1740=IFCINDEXEDPOLYGONALFACE((131,129,130));
#1741=IFCINDEXEDPOLYGONALFACE((131,123,129));
#1742=IFCINDEXEDPOLYGONALFACE((118,123,131));
#1743=IFCINDEXEDPOLYGONALFACE((133,118,131));
#1744=IFCINDEXEDPOLYGONALFACE((132,131,130));
#1745=IFCINDEXEDPOLYGONALFACE((133,131,132));
#1746=IFCINDEXEDPOLYGONALFACE((115,118,133));
#1747=IFCINDEXEDPOLYGONALFACE((135,133,134));
#1748=IFCINDEXEDPOLYGONALFACE((134,133,132));
#1749=IFCINDEXEDPOLYGONALFACE((135,115,133));
#1750=IFCINDEXEDPOLYGONALFACE((102,135,95));
#1751=IFCINDEXEDPOLYGONALFACE((95,135,134));
#1752=IFCINDEXEDPOLYGONALFACE((112,115,135));
#1753=IFCINDEXEDPOLYGONALFACE((102,112,135));
#1754=IFCINDEXEDPOLYGONALFACE((95,134,91));
#1755=IFCINDEXEDPOLYGONALFACE((91,134,136));
#1756=IFCINDEXEDPOLYGONALFACE((134,132,136));
#1757=IFCINDEXEDPOLYGONALFACE((91,136,90));
#1758=IFCINDEXEDPOLYGONALFACE((136,130,137));
#1759=IFCINDEXEDPOLYGONALFACE((136,132,130));
#1760=IFCINDEXEDPOLYGONALFACE((90,136,137));
#1761=IFCINDEXEDPOLYGONALFACE((137,130,34));
#1762=IFCINDEXEDPOLYGONALFACE((138,137,34));
#1763=IFCINDEXEDPOLYGONALFACE((90,137,138));
#1764=IFCINDEXEDPOLYGONALFACE((88,138,34));
#1765=IFCINDEXEDPOLYGONALFACE((90,138,88));
#1766=IFCINDEXEDPOLYGONALFACE((140,139,126));
#1767=IFCINDEXEDPOLYGONALFACE((126,139,34));
#1768=IFCINDEXEDPOLYGONALFACE((125,140,126));
#1769=IFCINDEXEDPOLYGONALFACE((142,141,140));
#1770=IFCINDEXEDPOLYGONALFACE((140,141,139));
#1771=IFCINDEXEDPOLYGONALFACE((143,140,125));
#1772=IFCINDEXEDPOLYGONALFACE((143,142,140));
#1773=IFCINDEXEDPOLYGONALFACE((145,142,143));
#1774=IFCINDEXEDPOLYGONALFACE((144,143,122));
#1775=IFCINDEXEDPOLYGONALFACE((122,143,125));
#1776=IFCINDEXEDPOLYGONALFACE((144,145,143));
#1777=IFCINDEXEDPOLYGONALFACE((145,146,142));
#1778=IFCINDEXEDPOLYGONALFACE((147,145,144));
#1779=IFCINDEXEDPOLYGONALFACE((148,146,145));
#1780=IFCINDEXEDPOLYGONALFACE((147,148,145));
#1781=IFCINDEXEDPOLYGONALFACE((148,149,146));
#1782=IFCINDEXEDPOLYGONALFACE((110,109,148));
#1783=IFCINDEXEDPOLYGONALFACE((110,148,147));
#1784=IFCINDEXEDPOLYGONALFACE((109,149,148));
#1785=IFCINDEXEDPOLYGONALFACE((108,107,149));
#1786=IFCINDEXEDPOLYGONALFACE((109,108,149));
#1787=IFCINDEXEDPOLYGONALFACE((149,150,146));
#1788=IFCINDEXEDPOLYGONALFACE((149,107,150));
#1789=IFCINDEXEDPOLYGONALFACE((150,151,152));
#1790=IFCINDEXEDPOLYGONALFACE((150,106,151));
#1791=IFCINDEXEDPOLYGONALFACE((146,150,152));
#1792=IFCINDEXEDPOLYGONALFACE((107,106,150));
#1793=IFCINDEXEDPOLYGONALFACE((146,152,142));
#1794=IFCINDEXEDPOLYGONALFACE((142,152,154));
#1795=IFCINDEXEDPOLYGONALFACE((152,151,153));
#1796=IFCINDEXEDPOLYGONALFACE((152,153,154));
#1797=IFCINDEXEDPOLYGONALFACE((154,153,155));
#1798=IFCINDEXEDPOLYGONALFACE((154,155,157));
#1799=IFCINDEXEDPOLYGONALFACE((142,154,156));
#1800=IFCINDEXEDPOLYGONALFACE((156,154,157));
#1801=IFCINDEXEDPOLYGONALFACE((156,157,158));
#1802=IFCINDEXEDPOLYGONALFACE((157,159,158));
#1803=IFCINDEXEDPOLYGONALFACE((157,155,159));
#1804=IFCINDEXEDPOLYGONALFACE((158,159,160));
#1805=IFCINDEXEDPOLYGONALFACE((159,162,160));
#1806=IFCINDEXEDPOLYGONALFACE((159,161,162));
#1807=IFCINDEXEDPOLYGONALFACE((155,161,159));
#1808=IFCINDEXEDPOLYGONALFACE((160,162,2));
#1809=IFCINDEXEDPOLYGONALFACE((2,162,165));
#1810=IFCINDEXEDPOLYGONALFACE((163,166,162));
#1811=IFCINDEXEDPOLYGONALFACE((161,163,162));
#1812=IFCINDEXEDPOLYGONALFACE((162,166,164));
#1813=IFCINDEXEDPOLYGONALFACE((162,164,165));
#1814=IFCINDEXEDPOLYGONALFACE((166,169,167));
#1815=IFCINDEXEDPOLYGONALFACE((166,167,164));
#1816=IFCINDEXEDPOLYGONALFACE((163,168,166));
#1817=IFCINDEXEDPOLYGONALFACE((168,169,166));
#1818=IFCINDEXEDPOLYGONALFACE((168,171,169));
#1819=IFCINDEXEDPOLYGONALFACE((169,170,167));
#1820=IFCINDEXEDPOLYGONALFACE((169,172,170));
#1821=IFCINDEXEDPOLYGONALFACE((171,172,169));
#1822=IFCINDEXEDPOLYGONALFACE((172,173,174));
#1823=IFCINDEXEDPOLYGONALFACE((171,173,172));
#1824=IFCINDEXEDPOLYGONALFACE((172,174,170));
#1825=IFCINDEXEDPOLYGONALFACE((174,175,11));
#1826=IFCINDEXEDPOLYGONALFACE((174,176,175));
#1827=IFCINDEXEDPOLYGONALFACE((170,174,11));
#1828=IFCINDEXEDPOLYGONALFACE((173,176,174));
#1829=IFCINDEXEDPOLYGONALFACE((176,177,175));
#1830=IFCINDEXEDPOLYGONALFACE((177,176,20));
#1831=IFCINDEXEDPOLYGONALFACE((176,173,20));
#1832=IFCINDEXEDPOLYGONALFACE((177,18,175));
#1833=IFCINDEXEDPOLYGONALFACE((18,177,20));
#1834=IFCINDEXEDPOLYGONALFACE((175,14,11));
#1835=IFCINDEXEDPOLYGONALFACE((175,18,14));
#1836=IFCINDEXEDPOLYGONALFACE((173,178,20));
#1837=IFCINDEXEDPOLYGONALFACE((178,173,171));
#1838=IFCINDEXEDPOLYGONALFACE((178,51,20));
#1839=IFCINDEXEDPOLYGONALFACE((51,178,179));
#1840=IFCINDEXEDPOLYGONALFACE((179,178,171));
#1841=IFCINDEXEDPOLYGONALFACE((105,51,179));
#1842=IFCINDEXEDPOLYGONALFACE((180,179,168));
#1843=IFCINDEXEDPOLYGONALFACE((182,179,180));
#1844=IFCINDEXEDPOLYGONALFACE((181,179,182));
#1845=IFCINDEXEDPOLYGONALFACE((181,105,179));
#1846=IFCINDEXEDPOLYGONALFACE((179,171,168));
#1847=IFCINDEXEDPOLYGONALFACE((182,180,161));
#1848=IFCINDEXEDPOLYGONALFACE((155,182,161));
#1849=IFCINDEXEDPOLYGONALFACE((153,182,155));
#1850=IFCINDEXEDPOLYGONALFACE((153,181,182));
#1851=IFCINDEXEDPOLYGONALFACE((151,181,153));
#1852=IFCINDEXEDPOLYGONALFACE((151,106,181));
#1853=IFCINDEXEDPOLYGONALFACE((106,105,181));
#1854=IFCINDEXEDPOLYGONALFACE((180,168,163));
#1855=IFCINDEXEDPOLYGONALFACE((161,180,163));
#1856=IFCINDEXEDPOLYGONALFACE((170,11,9));
#1857=IFCINDEXEDPOLYGONALFACE((167,170,9));
#1858=IFCINDEXEDPOLYGONALFACE((167,9,183));
#1859=IFCINDEXEDPOLYGONALFACE((164,167,183));
#1860=IFCINDEXEDPOLYGONALFACE((183,9,6));
#1861=IFCINDEXEDPOLYGONALFACE((183,6,184));
#1862=IFCINDEXEDPOLYGONALFACE((164,183,184));
#1863=IFCINDEXEDPOLYGONALFACE((184,6,3));
#1864=IFCINDEXEDPOLYGONALFACE((165,184,3));
#1865=IFCINDEXEDPOLYGONALFACE((165,164,184));
#1866=IFCINDEXEDPOLYGONALFACE((2,165,3));
#1867=IFCINDEXEDPOLYGONALFACE((160,2,34));
#1868=IFCINDEXEDPOLYGONALFACE((158,160,34));
#1869=IFCINDEXEDPOLYGONALFACE((185,158,34));
#1870=IFCINDEXEDPOLYGONALFACE((185,156,158));
#1871=IFCINDEXEDPOLYGONALFACE((186,185,34));
#1872=IFCINDEXEDPOLYGONALFACE((186,141,185));
#1873=IFCINDEXEDPOLYGONALFACE((141,156,185));
#1874=IFCINDEXEDPOLYGONALFACE((139,186,34));
#1875=IFCINDEXEDPOLYGONALFACE((141,186,139));
#1876=IFCINDEXEDPOLYGONALFACE((141,142,156));
#1877=IFCINDEXEDPOLYGONALFACE((110,147,187));
#1878=IFCINDEXEDPOLYGONALFACE((187,147,144));
#1879=IFCINDEXEDPOLYGONALFACE((188,110,187));
#1880=IFCINDEXEDPOLYGONALFACE((188,187,114));
#1881=IFCINDEXEDPOLYGONALFACE((187,144,120));
#1882=IFCINDEXEDPOLYGONALFACE((114,187,120));
#1883=IFCINDEXEDPOLYGONALFACE((189,188,114));
#1884=IFCINDEXEDPOLYGONALFACE((110,188,189));
#1885=IFCINDEXEDPOLYGONALFACE((110,189,111));
#1886=IFCINDEXEDPOLYGONALFACE((111,189,114));
#1887=IFCINDEXEDPOLYGONALFACE((120,144,122));
#1888=IFCINDEXEDPOLYGONALFACE((118,117,123));
#1889=IFCINDEXEDPOLYGONALFACE((51,101,99));
#1890=IFCINDEXEDPOLYGONALFACE((51,99,98));
#1891=IFCINDEXEDPOLYGONALFACE((190,98,191));
#1892=IFCINDEXEDPOLYGONALFACE((51,98,190));
#1893=IFCINDEXEDPOLYGONALFACE((98,96,191));
#1894=IFCINDEXEDPOLYGONALFACE((190,191,56));
#1895=IFCINDEXEDPOLYGONALFACE((191,93,62));
#1896=IFCINDEXEDPOLYGONALFACE((56,191,62));
#1897=IFCINDEXEDPOLYGONALFACE((191,96,93));
#1898=IFCINDEXEDPOLYGONALFACE((192,190,56));
#1899=IFCINDEXEDPOLYGONALFACE((51,190,192));
#1900=IFCINDEXEDPOLYGONALFACE((51,192,53));
#1901=IFCINDEXEDPOLYGONALFACE((53,192,56));
#1902=IFCINDEXEDPOLYGONALFACE((62,93,64));
#1903=IFCINDEXEDPOLYGONALFACE((60,59,65));
#1904=IFCINDEXEDPOLYGONALFACE((20,51,23));
#1905=IFCINDEXEDPOLYGONALFACE((46,51,48));
#1906=IFCINDEXEDPOLYGONALFACE((23,51,43));
#1907=IFCINDEXEDPOLYGONALFACE((43,51,46));
#1908=IFCINDEXEDPOLYGONALFACE((23,43,25));
#1909=IFCINDEXEDPOLYGONALFACE((27,22,35));
#1910=IFCINDEXEDPOLYGONALFACE((22,24,35));
#1911=IFCINDEXEDPOLYGONALFACE((2,31,34));
#1912=IFCINDEXEDPOLYGONALFACE((7,10,29));
#1913=IFCCARTESIANTRANSFORMATIONOPERATOR3D(#1914,#1915,#1916,1.,#1917);
#1914=IFCDIRECTION((1.,0.,0.));
#1915=IFCDIRECTION((0.,1.,0.));
#1916=IFCCARTESIANPOINT((0.,0.,0.));
#1917=IFCDIRECTION((0.,0.,1.));
#1918=IFCSHAPEREPRESENTATION(#1919,'Body','GeometricCurveSet',(#1920));
#1919=IFCGEOMETRICREPRESENTATIONSUBCONTEXT('Body','Model',*,*,*,*,#2,$,.PLAN_VIEW.,$);
#1920=IFCGEOMETRICCURVESET((#1921));
#1921=IFCPOLYLINE((#1922,#1923,#1924,#1925,#1926,#1927,#1928,#1929,#1930,#1931,#1932,#1933,#1934,#1935,#1936,#1937,#1938,#1939,#1940,#1941,#1942,#1943,#1944,#1945,#1946,#1947,#1948,#1949,#1950,#1951,#1952,#1953,#1954,#1955,#1956,#1957,#1958,#1959,#1960,#1961,#1962,#1963,#1964,#1965,#1966,#1967,#1968,#1969,#1970,#1971,#1972,#1973,#1974,#1975,#1976,#1977,#1978,#1979,#1980,#1981,#1982,#1983,#1984,#1985,#1986));
#1922=IFCCARTESIANPOINT((-250.,-200.,0.));
#1923=IFCCARTESIANPOINT((-250.,200.,0.));
#1924=IFCCARTESIANPOINT((-249.726089,205.226105,0.));
#1925=IFCCARTESIANPOINT((-248.907379,210.395279,0.));
#1926=IFCCARTESIANPOINT((-247.552811,215.450546,0.));
#1927=IFCCARTESIANPOINT((-245.677246,220.336533,0.));
#1928=IFCCARTESIANPOINT((-243.301254,225.,0.));
#1929=IFCCARTESIANPOINT((-240.450821,229.388931,0.));
#1930=IFCCARTESIANPOINT((-237.157211,233.456207,0.));
#1931=IFCCARTESIANPOINT((-233.456512,237.156906,0.));
#1932=IFCCARTESIANPOINT((-229.389236,240.450516,0.));
#1933=IFCCARTESIANPOINT((-225.,243.300964,0.));
#1934=IFCCARTESIANPOINT((-220.336823,245.676956,0.));
#1935=IFCCARTESIANPOINT((-215.450836,247.552521,0.));
#1936=IFCCARTESIANPOINT((-210.395584,248.907074,0.));
#1937=IFCCARTESIANPOINT((-205.22641,249.725784,0.));
#1938=IFCCARTESIANPOINT((-200.,250.,0.));
#1939=IFCCARTESIANPOINT((200.,250.,0.));
#1940=IFCCARTESIANPOINT((205.22641,249.725784,0.));
#1941=IFCCARTESIANPOINT((210.395584,248.907074,0.));
#1942=IFCCARTESIANPOINT((215.450836,247.552521,0.));
#1943=IFCCARTESIANPOINT((220.336823,245.676956,0.));
#1944=IFCCARTESIANPOINT((225.,243.300964,0.));
#1945=IFCCARTESIANPOINT((229.389236,240.450516,0.));
#1946=IFCCARTESIANPOINT((233.456512,237.156906,0.));
#1947=IFCCARTESIANPOINT((237.157211,233.456207,0.));
#1948=IFCCARTESIANPOINT((240.450821,229.388931,0.));
#1949=IFCCARTESIANPOINT((243.301254,225.,0.));
#1950=IFCCARTESIANPOINT((245.677246,220.336533,0.));
#1951=IFCCARTESIANPOINT((247.552811,215.450546,0.));
#1952=IFCCARTESIANPOINT((248.907379,210.395279,0.));
#1953=IFCCARTESIANPOINT((249.726089,205.226105,0.));
#1954=IFCCARTESIANPOINT((250.,200.,0.));
#1955=IFCCARTESIANPOINT((250.,-200.,0.));
#1956=IFCCARTESIANPOINT((249.726089,-205.2267,0.));
#1957=IFCCARTESIANPOINT((248.907379,-210.395874,0.));
#1958=IFCCARTESIANPOINT((247.552811,-215.451141,0.));
#1959=IFCCARTESIANPOINT((245.677246,-220.337128,0.));
#1960=IFCCARTESIANPOINT((243.301254,-225.,0.));
#1961=IFCCARTESIANPOINT((240.450821,-229.389542,0.));
#1962=IFCCARTESIANPOINT((237.157211,-233.456802,0.));
#1963=IFCCARTESIANPOINT((233.456512,-237.157516,0.));
#1964=IFCCARTESIANPOINT((229.389236,-240.451111,0.));
#1965=IFCCARTESIANPOINT((225.,-243.301559,0.));
#1966=IFCCARTESIANPOINT((220.336823,-245.677551,0.));
#1967=IFCCARTESIANPOINT((215.450836,-247.553116,0.));
#1968=IFCCARTESIANPOINT((210.395584,-248.907669,0.));
#1969=IFCCARTESIANPOINT((205.22641,-249.726379,0.));
#1970=IFCCARTESIANPOINT((200.,-250.,0.));
#1971=IFCCARTESIANPOINT((-200.,-250.,0.));
#1972=IFCCARTESIANPOINT((-205.22641,-249.726379,0.));
#1973=IFCCARTESIANPOINT((-210.395584,-248.907669,0.));
#1974=IFCCARTESIANPOINT((-215.450836,-247.553116,0.));
#1975=IFCCARTESIANPOINT((-220.336823,-245.677551,0.));
#1976=IFCCARTESIANPOINT((-225.,-243.301559,0.));
#1977=IFCCARTESIANPOINT((-229.389236,-240.451111,0.));
#1978=IFCCARTESIANPOINT((-233.456512,-237.157516,0.));
#1979=IFCCARTESIANPOINT((-237.157211,-233.456802,0.));
#1980=IFCCARTESIANPOINT((-240.450821,-229.389542,0.));
#1981=IFCCARTESIANPOINT((-243.301254,-225.,0.));
#1982=IFCCARTESIANPOINT((-245.677246,-220.337128,0.));
#1983=IFCCARTESIANPOINT((-247.552811,-215.451141,0.));
#1984=IFCCARTESIANPOINT((-248.907379,-210.395874,0.));
#1985=IFCCARTESIANPOINT((-249.726089,-205.2267,0.));
#1986=IFCCARTESIANPOINT((-250.,-200.,0.));
#1987=IFCSHAPEREPRESENTATION(#1988,'Body','GeometricCurveSet',(#1989));
#1988=IFCGEOMETRICREPRESENTATIONSUBCONTEXT('Body','Model',*,*,*,*,#2,$,.ELEVATION_VIEW.,$);
#1989=IFCGEOMETRICCURVESET((#1990,#2001,#2015,#2018));
#1990=IFCPOLYLINE((#1991,#1992,#1993,#1994,#1995,#1996,#1997,#1998,#1999,#2000));
#1991=IFCCARTESIANPOINT((-146.558441,0.,-0.));
#1992=IFCCARTESIANPOINT((-148.,0.,0.));
#1993=IFCCARTESIANPOINT((-150.,0.,2.));
#1994=IFCCARTESIANPOINT((-150.,0.,38.));
#1995=IFCCARTESIANPOINT((-148.,0.,40.));
#1996=IFCCARTESIANPOINT((148.,0.,40.));
#1997=IFCCARTESIANPOINT((150.,0.,38.));
#1998=IFCCARTESIANPOINT((150.,0.,2.));
#1999=IFCCARTESIANPOINT((148.,0.,-0.));
#2000=IFCCARTESIANPOINT((-146.558441,0.,-0.));
#2001=IFCPOLYLINE((#2002,#2003,#2004,#2005,#2006,#2007,#2008,#2009,#2010,#2011,#2012,#2013,#2014));
#2002=IFCCARTESIANPOINT((-249.912125,0.,667.086548));
#2003=IFCCARTESIANPOINT((-250.,0.,667.298706));
#2004=IFCCARTESIANPOINT((-250.,0.,669.69873));
#2005=IFCCARTESIANPOINT((-249.912125,0.,669.910889));
#2006=IFCCARTESIANPOINT((-249.699966,0.,670.));
#2007=IFCCARTESIANPOINT((249.699966,0.,670.));
#2008=IFCCARTESIANPOINT((249.912125,0.,669.910889));
#2009=IFCCARTESIANPOINT((250.,0.,669.69873));
#2010=IFCCARTESIANPOINT((250.,0.,667.298706));
#2011=IFCCARTESIANPOINT((249.912125,0.,667.086548));
#2012=IFCCARTESIANPOINT((249.699966,0.,667.));
#2013=IFCCARTESIANPOINT((-249.699966,0.,667.));
#2014=IFCCARTESIANPOINT((-249.912125,0.,667.086548));
#2015=IFCPOLYLINE((#2016,#2017));
#2016=IFCCARTESIANPOINT((-25.,0.,40.));
#2017=IFCCARTESIANPOINT((-25.,0.,667.));
#2018=IFCPOLYLINE((#2019,#2020));
#2019=IFCCARTESIANPOINT((25.,0.,40.));
#2020=IFCCARTESIANPOINT((25.,0.,667.));
#2021=IFCSHAPEREPRESENTATION(#2022,'Body','GeometricCurveSet',(#2023));
#2022=IFCGEOMETRICREPRESENTATIONSUBCONTEXT('Body','Model',*,*,*,*,#2,$,.ELEVATION_VIEW.,$);
#2023=IFCGEOMETRICCURVESET((#2024,#2034,#2048,#2051));
#2024=IFCPOLYLINE((#2025,#2026,#2027,#2028,#2029,#2030,#2031,#2032,#2033));
#2025=IFCCARTESIANPOINT((0.,-148.,40.));
#2026=IFCCARTESIANPOINT((0.,148.,40.));
#2027=IFCCARTESIANPOINT((0.,150.,38.));
#2028=IFCCARTESIANPOINT((0.,150.,2.));
#2029=IFCCARTESIANPOINT((0.,148.,-0.));
#2030=IFCCARTESIANPOINT((0.,-148.,0.));
#2031=IFCCARTESIANPOINT((0.,-150.,2.));
#2032=IFCCARTESIANPOINT((0.,-150.,38.));
#2033=IFCCARTESIANPOINT((0.,-148.,40.));
#2034=IFCPOLYLINE((#2035,#2036,#2037,#2038,#2039,#2040,#2041,#2042,#2043,#2044,#2045,#2046,#2047));
#2035=IFCCARTESIANPOINT((0.,-249.700256,670.));
#2036=IFCCARTESIANPOINT((0.,249.699661,670.));
#2037=IFCCARTESIANPOINT((0.,249.911835,669.910889));
#2038=IFCCARTESIANPOINT((0.,250.,669.69873));
#2039=IFCCARTESIANPOINT((0.,250.,667.298706));
#2040=IFCCARTESIANPOINT((0.,249.911835,667.086548));
#2041=IFCCARTESIANPOINT((0.,249.699661,667.));
#2042=IFCCARTESIANPOINT((0.,-249.700256,667.));
#2043=IFCCARTESIANPOINT((0.,-249.91243,667.086548));
#2044=IFCCARTESIANPOINT((0.,-250.,667.298706));
#2045=IFCCARTESIANPOINT((0.,-250.,669.69873));
#2046=IFCCARTESIANPOINT((0.,-249.91243,669.910889));
#2047=IFCCARTESIANPOINT((0.,-249.700256,670.));
#2048=IFCPOLYLINE((#2049,#2050));
#2049=IFCCARTESIANPOINT((0.,-25.,40.));
#2050=IFCCARTESIANPOINT((0.,-25.,667.));
#2051=IFCPOLYLINE((#2052,#2053));
#2052=IFCCARTESIANPOINT((0.,25.,40.));
#2053=IFCCARTESIANPOINT((0.,25.,667.));
#2054=IFCFURNITURETYPE('07$ZVT0GfEAOX0ntYYymTr',#2055,'TAB02','Bernardo 367',$,$,(#41),$,$,.NOTDEFINED.,.TABLE.);
#2055=IFCOWNERHISTORY(#20,#23,.READWRITE.,.MODIFIED.,1770477655,#20,#28,1762240740);
#2056=IFCBUILDINGSTOREY('3GpGnsvVn2$9qYNIdbFTIO',#2057,'LIVING',$,$,#2058,$,$,$,$);
#2057=IFCOWNERHISTORY(#20,#23,.READWRITE.,.MODIFIED.,1787470318,#25,#28,1762415450);
#2058=IFCLOCALPLACEMENT($,#2059);
#2059=IFCAXIS2PLACEMENT3D(#2060,#2061,#2062);
#2060=IFCCARTESIANPOINT((0.,0.,0.));
#2061=IFCDIRECTION((0.,0.,1.));
#2062=IFCDIRECTION((1.,0.,0.));
#2063=IFCBUILDINGSTOREY('1VjEk5I8XFmfiAYaLk_F_7',#2064,'FUR',$,$,#2065,$,$,$,$);
#2064=IFCOWNERHISTORY(#20,#23,.READWRITE.,.MODIFIED.,1787470318,#25,#28,1761750327);
#2065=IFCLOCALPLACEMENT($,#2066);
#2066=IFCAXIS2PLACEMENT3D(#2067,#2068,#2069);
#2067=IFCCARTESIANPOINT((0.,0.,0.));
#2068=IFCDIRECTION((0.,0.,1.));
#2069=IFCDIRECTION((1.,0.,0.));
#2070=IFCBUILDING('0aVVbcf_9A9x07_Nod0gAP',#2071,'My Building',$,$,#2072,$,$,$,$,$,$);
#2071=IFCOWNERHISTORY(#20,#23,.READWRITE.,.MODIFIED.,1787470318,#25,#28,1759986564);
#2072=IFCLOCALPLACEMENT($,#2073);
#2073=IFCAXIS2PLACEMENT3D(#2074,#2075,#2076);
#2074=IFCCARTESIANPOINT((0.,0.,0.));
#2075=IFCDIRECTION((0.,0.,1.));
#2076=IFCDIRECTION((1.,0.,0.));
#2077=IFCSITE('3iWnpcHW54tQCcUMk_yOsj',#2078,'My Site',$,$,#2079,$,$,$,$,$,$,$,$);
#2078=IFCOWNERHISTORY(#25,#28,.READWRITE.,.ADDED.,1787470318,#25,#28,1787470318);
#2079=IFCLOCALPLACEMENT($,#2080);
#2080=IFCAXIS2PLACEMENT3D(#2081,#2082,#2083);
#2081=IFCCARTESIANPOINT((0.,0.,0.));
#2082=IFCDIRECTION((0.,0.,1.));
#2083=IFCDIRECTION((1.,0.,0.));
#2084=IFCRELAGGREGATES('0OOJ_sFpP6rAKuHzrpuKFE',#2085,$,$,#1,(#2077));
#2085=IFCOWNERHISTORY(#25,#23,.READWRITE.,.MODIFIED.,1786125332,#25,#23,1759683330);
#2086=IFCRELDEFINESBYPROPERTIES('3Cqo0yDNfE8PACbmkWvF0g',#2087,$,$,(#18),#2088);
#2087=IFCOWNERHISTORY(#25,#23,.READWRITE.,.ADDED.,1788841924,#25,#23,1788841924);
#2088=IFCPROPERTYSET('0dqRqpWWf0hB9U97s1X8Z9',#2089,'Pset_Tab02ApprovedSource',$,(#2090,#2091,#2092,#2093,#2094,#2095,#2096,#2097));
#2089=IFCOWNERHISTORY(#25,#23,.READWRITE.,.ADDED.,1788841924,#25,#23,1788841924);
#2090=IFCPROPERTYSINGLEVALUE('SourceKind',$,IFCLABEL('geometry_derived_simplified_proxy'),$);
#2091=IFCPROPERTYSINGLEVALUE('SourceLabelZh',$,IFCLABEL('\X2\57FA4E8E539F59CB9AD86A2151E04F55751F621076847B80531656FE7EB888688FBE\X0\'),$);
#2092=IFCPROPERTYSINGLEVALUE('OfficialCadStatus',$,IFCLABEL('reserved_area_authentication_required_not_acquired'),$);
#2093=IFCPROPERTYSINGLEVALUE('OfficialReferenceUse',$,IFCLABEL('manufacturer identity and catalogue dimensions only'),$);
#2094=IFCPROPERTYSINGLEVALUE('OfficialCadUsed',$,IFCBOOLEAN(.F.),$);
#2095=IFCPROPERTYSINGLEVALUE('SingleProductApprovalStatus',$,IFCLABEL('approved'),$);
#2096=IFCPROPERTYSINGLEVALUE('SceneApprovalStatus',$,IFCLABEL('pending'),$);
#2097=IFCPROPERTYSINGLEVALUE('FormalIfcWriteAllowed',$,IFCBOOLEAN(.F.),$);
#2098=IFCRELCONTAINEDINSPATIALSTRUCTURE('3moGEsWEP1Q9lUPzXHUSyN',#2085,$,$,(#18),#2056);
#2099=IFCRELDEFINESBYTYPE('2YgXXcU956uffNQbT_ZiDe',#2100,$,$,(#18),#2054);
#2100=IFCOWNERHISTORY(#25,#23,.READWRITE.,.ADDED.,1787470318,#25,#23,1787470318);
#2101=IFCRELAGGREGATES('1Bxkz1G7P4ufjHQUqdsU67',#2085,$,$,#2063,(#2056));
#2102=IFCRELAGGREGATES('3Zmam45Nb6lQyVxwxSi5RE',#2085,$,$,#2070,(#2063));
#2103=IFCRELAGGREGATES('1lQDpO8o1BexUkJXGGEYsR',#2085,$,$,#2077,(#2070));
#2104=IFCSHAPEASPECT((#1918),'Plan','{"review_library_body_view": 1, "camera_normal_local": [0.0, 0.0, 1.0], "source": "existing_approved_ifc_linework", "review_category": "partial"}',.T.,#37);
#2105=IFCSHAPEASPECT((#1987),'Front','{"review_library_body_view": 1, "camera_normal_local": [0.0, -1.0, 0.0], "source": "existing_approved_ifc_linework", "review_category": "partial"}',.T.,#37);
#2106=IFCSHAPEASPECT((#2021),'Side','{"review_library_body_view": 1, "camera_normal_local": [-1.0, 0.0, 0.0], "source": "existing_approved_ifc_linework", "review_category": "partial"}',.T.,#37);
#2107=IFCSTYLEDITEM(#47,(#2108),$);
#2108=IFCSURFACESTYLE('Bernardo_serizzo',.BOTH.,(#2109));
#2109=IFCSURFACESTYLERENDERING(#2110,0.,#2111,$,$,$,IFCNORMALISEDRATIOMEASURE(0.),IFCSPECULARROUGHNESS(0.6),.NOTDEFINED.);
#2110=IFCCOLOURRGB($,0.501960813999176,0.501960813999176,0.501960813999176);
#2111=IFCCOLOURRGB($,0.501960813999176,0.501960813999176,0.501960813999176);
#2112=IFCSTYLEDITEM(#765,(#2113),$);
#2113=IFCSURFACESTYLE('Bernardo Metal milk',.BOTH.,(#2114,#2117));
#2114=IFCSURFACESTYLERENDERING(#2115,0.,#2116,$,$,$,IFCNORMALISEDRATIOMEASURE(0.),IFCSPECULARROUGHNESS(0.6),.NOTDEFINED.);
#2115=IFCCOLOURRGB($,0.823529422283173,0.807843148708344,0.74117648601532);
#2116=IFCCOLOURRGB($,0.823529422283173,0.807843148708344,0.74117648601532);
#2117=IFCEXTERNALLYDEFINEDSURFACESTYLE('Materials.blend','materials/FabricCotton001_1K','FabricCotton001_1K');
#2118=IFCSTYLEDITEM(#1531,(#2113),$);
#2119=IFCSTYLEDITEM(#1920,(#2120),$);
#2120=IFCCURVESTYLE('TAB02 approved folded black',$,IFCPOSITIVELENGTHMEASURE(0.35),#2121,.T.);
#2121=IFCCOLOURRGB($,0.0666666666666667,0.0941176470588235,0.125490196078431);
#2122=IFCSTYLEDITEM(#1989,(#2123),$);
#2123=IFCCURVESTYLE('TAB02 approved folded black',$,IFCPOSITIVELENGTHMEASURE(0.35),#2124,.T.);
#2124=IFCCOLOURRGB($,0.0666666666666667,0.0941176470588235,0.125490196078431);
#2125=IFCSTYLEDITEM(#2023,(#2126),$);
#2126=IFCCURVESTYLE('TAB02 approved folded black',$,IFCPOSITIVELENGTHMEASURE(0.35),#2127,.T.);
#2127=IFCCOLOURRGB($,0.0666666666666667,0.0941176470588235,0.125490196078431);
ENDSEC;
END-ISO-10303-21;
