ISO-10303-21;
HEADER;
FILE_DESCRIPTION(('ViewDefinition [CoordinationView]'),'2;1');
FILE_NAME('','2026-09-09T18:14:40',(''),(''),'IfcOpenShell 0.8.4-e8eb5e4','IfcOpenShell 0.8.4-e8eb5e4','');
FILE_SCHEMA(('IFC4'));
ENDSEC;
DATA;
#1=IFCPROJECT('3hFmn2ED14Ofwsj$DzZ0HC',$,'My Project',$,$,$,$,(#2,#7),#10);
#2=IFCGEOMETRICREPRESENTATIONCONTEXT($,'Model',3,1.E-05,#3,$);
#3=IFCAXIS2PLACEMENT3D(#4,#5,#6);
#4=IFCCARTESIANPOINT((0.,0.,0.));
#5=IFCDIRECTION((0.,0.,1.));
#6=IFCDIRECTION((1.,0.,0.));
#7=IFCGEOMETRICREPRESENTATIONCONTEXT($,'Plan',2,1.E-05,#8,$);
#8=IFCAXIS2PLACEMENT2D(#9,$);
#9=IFCCARTESIANPOINT((0.,0.));
#10=IFCUNITASSIGNMENT((#11,#12,#13,#17));
#11=IFCSIUNIT(*,.VOLUMEUNIT.,$,.CUBIC_METRE.);
#12=IFCSIUNIT(*,.LENGTHUNIT.,.MILLI.,.METRE.);
#13=IFCCONVERSIONBASEDUNIT(#14,.PLANEANGLEUNIT.,'degree',#15);
#14=IFCDIMENSIONALEXPONENTS(0,0,0,0,0,0,0);
#15=IFCMEASUREWITHUNIT(IFCREAL(0.0174532925199433),#16);
#16=IFCSIUNIT(*,.PLANEANGLEUNIT.,$,.RADIAN.);
#17=IFCSIUNIT(*,.AREAUNIT.,$,.SQUARE_METRE.);
#18=IFCSITE('3iWnpcHW54tQCcUMk_yOsj',$,'My Site',$,$,#19,$,$,$,$,$,$,$,$);
#19=IFCLOCALPLACEMENT($,#20);
#20=IFCAXIS2PLACEMENT3D(#21,#22,#23);
#21=IFCCARTESIANPOINT((0.,0.,0.));
#22=IFCDIRECTION((0.,0.,1.));
#23=IFCDIRECTION((1.,0.,0.));
#24=IFCBUILDING('0aVVbcf_9A9x07_Nod0gAP',#25,'My Building',$,$,#31,$,$,$,$,$,$);
#25=IFCOWNERHISTORY(#26,#29,.READWRITE.,.ADDED.,1759986564,#26,#29,1759986564);
#26=IFCPERSONANDORGANIZATION(#27,#28,$);
#27=IFCPERSON($,'','ryan@openingdesign.com',$,$,$,$,$);
#28=IFCORGANIZATION($,'','',$,$);
#29=IFCAPPLICATION(#30,'0.8.3','Bonsai','Bonsai-0.8.3');
#30=IFCORGANIZATION($,'Unspecified (developer missing in source IFC)',$,$,$);
#31=IFCLOCALPLACEMENT(#19,#32);
#32=IFCAXIS2PLACEMENT3D(#33,#34,#35);
#33=IFCCARTESIANPOINT((0.,0.,0.));
#34=IFCDIRECTION((0.,0.,1.));
#35=IFCDIRECTION((1.,0.,0.));
#36=IFCBUILDINGSTOREY('1VjEk5I8XFmfiAYaLk_F_7',#37,'FUR',$,$,#38,$,$,$,$);
#37=IFCOWNERHISTORY(#26,#29,.READWRITE.,.MODIFIED.,1761750327,#26,#29,1761750327);
#38=IFCLOCALPLACEMENT(#31,#39);
#39=IFCAXIS2PLACEMENT3D(#40,#41,#42);
#40=IFCCARTESIANPOINT((0.,0.,0.));
#41=IFCDIRECTION((0.,0.,1.));
#42=IFCDIRECTION((1.,0.,0.));
#43=IFCFURNITURETYPE('3Xia__Mm57iv5rlzD9v6Yn',#44,'WD02','Poliform Glass Wardrobe',$,$,(#49),$,'WARDROBE',.NOTDEFINED.,.USERDEFINED.);
#44=IFCOWNERHISTORY(#26,#29,.READWRITE.,.MODIFIED.,1770477909,#26,#45,1762245743);
#45=IFCAPPLICATION(#46,'0.8.4','Bonsai','Bonsai-0.8.4');
#46=IFCORGANIZATION('IfcOpenShell','IfcOpenShell','IfcOpenShell is an open source software library that helps users and software developers to work with IFC data.',(#47),(#48));
#47=IFCACTORROLE(.USERDEFINED.,'CONTRIBUTOR',$);
#48=IFCTELECOMADDRESS(.USERDEFINED.,$,'WEBPAGE',$,$,$,$,'https://ifcopenshell.org',$);
#49=IFCREPRESENTATIONMAP(#50,#54);
#50=IFCAXIS2PLACEMENT3D(#51,#52,#53);
#51=IFCCARTESIANPOINT((0.,0.,0.));
#52=IFCDIRECTION((0.,0.,1.));
#53=IFCDIRECTION((1.,0.,0.));
#54=IFCSHAPEREPRESENTATION(#55,'Body','Tessellation',(#56,#88,#120,#192,#264,#272,#288,#304,#578,#690,#802,#852,#898,#906,#1080,#1160,#1206,#1214,#1388,#1468,#1476,#1556,#1636,#1716,#1796,#1876,#1956,#1976,#2003,#2028,#2036,#2055,#2074,#2096,#2118));
#55=IFCGEOMETRICREPRESENTATIONSUBCONTEXT('Body','Model',*,*,*,*,#2,$,.MODEL_VIEW.,$);
#56=IFCPOLYGONALFACESET(#57,$,(#58,#59,#60,#61,#62,#63,#64,#65,#66,#67,#68,#69,#70,#71,#72,#73,#74,#75,#76,#77,#78,#79,#80,#81,#82,#83,#84,#85,#86,#87),$);
#57=IFCCARTESIANPOINTLIST3D(((274.,-1.,0.),(274.,-582.127014160156,0.),(-274.,-582.126770019531,0.),(-274.,-1.,0.),(274.,-1.,25.),(-274.,-1.,25.),(-274.,-582.126770019531,25.),(274.,-582.127014160156,25.),(274.,-583.127014160156,24.),(-274.,-583.126770019531,24.),(-274.,-583.126770019531,1.),(274.,-583.127014160156,1.),(275.,-581.126831054688,1.),(275.,-581.127014160156,24.),(275.,-582.127014160156,23.),(275.,-582.126892089844,2.),(-274.,0.,24.),(274.,0.,24.),(274.,0.,1.),(-274.,0.,1.),(-275.,-2.,1.),(-275.,-2.,24.),(-275.,-1.,23.),(-275.,-1.,2.),(-275.,-581.126708984375,1.),(275.,-2.,1.),(275.,-2.,24.),(-275.,-581.126708984375,24.),(-275.,-582.126770019531,23.),(-275.,-582.126770019531,2.),(275.,-1.,2.),(275.,-1.,23.)));
#58=IFCINDEXEDPOLYGONALFACE((1,2,3,4));
#59=IFCINDEXEDPOLYGONALFACE((5,6,7,8));
#60=IFCINDEXEDPOLYGONALFACE((9,10,11,12));
#61=IFCINDEXEDPOLYGONALFACE((13,14,15,16));
#62=IFCINDEXEDPOLYGONALFACE((17,18,19,20));
#63=IFCINDEXEDPOLYGONALFACE((21,22,23,24));
#64=IFCINDEXEDPOLYGONALFACE((3,25,21,4));
#65=IFCINDEXEDPOLYGONALFACE((1,26,13,2));
#66=IFCINDEXEDPOLYGONALFACE((8,14,27,5));
#67=IFCINDEXEDPOLYGONALFACE((6,22,28,7));
#68=IFCINDEXEDPOLYGONALFACE((12,16,15,9));
#69=IFCINDEXEDPOLYGONALFACE((10,29,30,11));
#70=IFCINDEXEDPOLYGONALFACE((31,19,18,32));
#71=IFCINDEXEDPOLYGONALFACE((20,24,23,17));
#72=IFCINDEXEDPOLYGONALFACE((4,20,19,1));
#73=IFCINDEXEDPOLYGONALFACE((2,12,11,3));
#74=IFCINDEXEDPOLYGONALFACE((7,10,9,8));
#75=IFCINDEXEDPOLYGONALFACE((5,18,17,6));
#76=IFCINDEXEDPOLYGONALFACE((30,25,3,11));
#77=IFCINDEXEDPOLYGONALFACE((20,4,21,24));
#78=IFCINDEXEDPOLYGONALFACE((31,26,1,19));
#79=IFCINDEXEDPOLYGONALFACE((13,16,12,2));
#80=IFCINDEXEDPOLYGONALFACE((28,29,10,7));
#81=IFCINDEXEDPOLYGONALFACE((8,9,15,14));
#82=IFCINDEXEDPOLYGONALFACE((27,32,18,5));
#83=IFCINDEXEDPOLYGONALFACE((6,17,23,22));
#84=IFCINDEXEDPOLYGONALFACE((30,29,28,25));
#85=IFCINDEXEDPOLYGONALFACE((21,25,28,22));
#86=IFCINDEXEDPOLYGONALFACE((26,27,14,13));
#87=IFCINDEXEDPOLYGONALFACE((26,31,32,27));
#88=IFCPOLYGONALFACESET(#89,$,(#90,#91,#92,#93,#94,#95,#96,#97,#98,#99,#100,#101,#102,#103,#104,#105,#106,#107,#108,#109,#110,#111,#112,#113,#114,#115,#116,#117,#118,#119),$);
#89=IFCCARTESIANPOINTLIST3D(((274.,-19.,25.),(-274.,-19.,25.),(274.,-582.126892089844,25.),(275.,-20.,26.),(274.,-18.,26.),(274.,-18.,49.),(-274.,-18.,26.),(275.,-19.,27.),(275.,-19.,48.),(275.,-20.,49.),(274.,-19.,50.),(275.,-581.126831054688,49.),(275.,-581.126831054688,26.),(275.,-582.126892089844,48.),(274.,-582.126892089844,50.),(-274.,-582.126647949219,50.),(274.,-583.126892089844,49.),(274.,-583.126892089844,26.),(-274.,-583.126647949219,49.),(-274.,-583.126647949219,26.),(-275.,-582.126647949219,48.),(-275.,-582.126647949219,27.),(-275.,-581.126586914062,49.),(-275.,-20.,49.),(-275.,-581.126586914062,26.),(-275.,-20.,26.),(-274.,-582.126647949219,25.),(-275.,-19.,27.),(-275.,-19.,48.),(-274.,-18.,49.),(-274.,-19.,50.),(275.,-582.126892089844,27.)));
#90=IFCINDEXEDPOLYGONALFACE((2,7,5,1));
#91=IFCINDEXEDPOLYGONALFACE((1,3,27,2));
#92=IFCINDEXEDPOLYGONALFACE((1,4,13,3));
#93=IFCINDEXEDPOLYGONALFACE((8,4,1,5));
#94=IFCINDEXEDPOLYGONALFACE((8,5,6,9));
#95=IFCINDEXEDPOLYGONALFACE((30,6,5,7));
#96=IFCINDEXEDPOLYGONALFACE((4,8,9,10));
#97=IFCINDEXEDPOLYGONALFACE((10,9,6,11));
#98=IFCINDEXEDPOLYGONALFACE((15,12,10,11));
#99=IFCINDEXEDPOLYGONALFACE((4,10,12,13));
#100=IFCINDEXEDPOLYGONALFACE((13,12,14,32));
#101=IFCINDEXEDPOLYGONALFACE((15,17,14,12));
#102=IFCINDEXEDPOLYGONALFACE((11,31,16,15));
#103=IFCINDEXEDPOLYGONALFACE((16,19,17,15));
#104=IFCINDEXEDPOLYGONALFACE((18,32,14,17));
#105=IFCINDEXEDPOLYGONALFACE((17,19,20,18));
#106=IFCINDEXEDPOLYGONALFACE((23,21,19,16));
#107=IFCINDEXEDPOLYGONALFACE((19,21,22,20));
#108=IFCINDEXEDPOLYGONALFACE((22,21,23,25));
#109=IFCINDEXEDPOLYGONALFACE((26,25,23,24));
#110=IFCINDEXEDPOLYGONALFACE((31,24,23,16));
#111=IFCINDEXEDPOLYGONALFACE((27,25,26,2));
#112=IFCINDEXEDPOLYGONALFACE((22,25,27,20));
#113=IFCINDEXEDPOLYGONALFACE((3,18,20,27));
#114=IFCINDEXEDPOLYGONALFACE((7,2,26,28));
#115=IFCINDEXEDPOLYGONALFACE((26,24,29,28));
#116=IFCINDEXEDPOLYGONALFACE((7,28,29,30));
#117=IFCINDEXEDPOLYGONALFACE((31,30,29,24));
#118=IFCINDEXEDPOLYGONALFACE((11,6,30,31));
#119=IFCINDEXEDPOLYGONALFACE((13,32,18,3));
#120=IFCPOLYGONALFACESET(#121,$,(#122,#123,#124,#125,#126,#127,#128,#129,#130,#131,#132,#133,#134,#135,#136,#137,#138,#139,#140,#141,#142,#143,#144,#145,#146,#147,#148,#149,#150,#151,#152,#153,#154,#155,#156,#157,#158,#159,#160,#161,#162,#163,#164,#165,#166,#167,#168,#169,#170,#171,#172,#173,#174,#175,#176,#177,#178,#179,#180,#181,#182,#183,#184,#185,#186,#187,#188,#189,#190,#191),$);
#121=IFCCARTESIANPOINTLIST3D(((262.046661376953,-423.913391113281,2367.81323242188),(-262.047302246094,-423.9130859375,2367.81127929688),(262.046264648438,-444.267791748047,2367.81323242188),(262.046936035156,-19.,2367.81323242188),(274.,-423.913391113281,2367.81323242188),(274.,-444.267700195312,2367.81323242188),(275.,-423.935791015625,2368.81323242188),(274.,-19.,2367.81323242188),(275.,-20.,2368.81323242188),(274.,-18.,2368.81323242188),(275.,-19.,2369.81323242188),(274.,-18.,2391.75268554688),(262.046936035156,-18.,2368.81323242188),(-262.047332763672,-18.,2368.81127929688),(262.046936035156,-18.,2391.75268554688),(-262.047454833984,-18.,2391.75073242188),(262.046661376953,-19.,2392.75268554688),(262.046661376953,-423.913391113281,2392.75268554688),(-262.047332763672,-19.,2392.75048828125),(274.,-19.,2392.75268554688),(275.,-20.,2391.75268554688),(274.,-423.913391113281,2392.75268554688),(275.,-423.935791015625,2391.75268554688),(274.,-444.267700195312,2392.75268554688),(262.046447753906,-444.267791748047,2392.75268554688),(275.,-444.245300292969,2391.75268554688),(274.,-564.126953125,2392.75268554688),(275.,-563.126953125,2391.75268554688),(262.046936035156,-564.126953125,2392.75268554688),(274.,-565.126892089844,2391.75268554688),(275.,-564.126953125,2390.75268554688),(274.,-565.126892089844,2368.81323242188),(262.046661376953,-565.126892089844,2391.75268554688),(262.046936035156,-565.126892089844,2368.81323242188),(-262.047180175781,-565.126586914062,2391.75073242188),(-262.047180175781,-565.126586914062,2368.81127929688),(-262.047180175781,-564.126586914062,2392.75048828125),(-274.,-565.126586914062,2391.75073242188),(-274.,-565.126586914062,2368.81127929688),(-275.,-564.126586914062,2390.75073242188),(-274.,-564.126586914062,2392.75048828125),(-274.,-444.267395019531,2392.75048828125),(-275.,-563.126525878906,2391.75073242188),(-275.,-563.126525878906,2368.81127929688),(-275.,-444.245086669922,2391.75073242188),(-275.,-423.935485839844,2391.75073242188),(-275.,-444.245086669922,2368.81127929688),(-275.,-423.935485839844,2368.81127929688),(-274.,-444.267486572266,2367.81127929688),(-274.,-423.9130859375,2367.81127929688),(-274.,-564.126586914062,2367.81127929688),(-262.047302246094,-444.267486572266,2367.81127929688),(-262.047180175781,-564.126586914062,2367.81127929688),(262.046936035156,-564.126953125,2367.81323242188),(274.,-564.126953125,2367.81323242188),(275.,-563.126953125,2368.81323242188),(275.,-564.126953125,2369.81323242188),(275.,-444.245300292969,2368.81323242188),(-274.,-19.,2367.81127929688),(-275.,-20.,2368.81127929688),(-262.047332763672,-19.,2367.81127929688),(-274.,-18.,2368.81127929688),(-275.,-19.,2369.81103515625),(-274.,-18.,2391.75073242188),(-275.,-19.,2390.75073242188),(-274.,-19.,2392.75048828125),(-275.,-20.,2391.75073242188),(-274.,-423.9130859375,2392.75048828125),(-262.047424316406,-423.9130859375,2392.75048828125),(-262.047180175781,-444.267486572266,2392.75048828125),(-275.,-564.126586914062,2369.81103515625),(275.,-19.,2390.75268554688)));
#122=IFCINDEXEDPOLYGONALFACE((4,1,2,61));
#123=IFCINDEXEDPOLYGONALFACE((1,3,52,2));
#124=IFCINDEXEDPOLYGONALFACE((5,6,3,1));
#125=IFCINDEXEDPOLYGONALFACE((8,5,1,4));
#126=IFCINDEXEDPOLYGONALFACE((58,6,5,7));
#127=IFCINDEXEDPOLYGONALFACE((8,9,7,5));
#128=IFCINDEXEDPOLYGONALFACE((10,8,4,13));
#129=IFCINDEXEDPOLYGONALFACE((11,9,8,10));
#130=IFCINDEXEDPOLYGONALFACE((11,10,12,72));
#131=IFCINDEXEDPOLYGONALFACE((12,10,13,15));
#132=IFCINDEXEDPOLYGONALFACE((13,4,61,14));
#133=IFCINDEXEDPOLYGONALFACE((14,16,15,13));
#134=IFCINDEXEDPOLYGONALFACE((16,19,17,15));
#135=IFCINDEXEDPOLYGONALFACE((20,12,15,17));
#136=IFCINDEXEDPOLYGONALFACE((22,20,17,18));
#137=IFCINDEXEDPOLYGONALFACE((19,69,18,17));
#138=IFCINDEXEDPOLYGONALFACE((21,20,22,23));
#139=IFCINDEXEDPOLYGONALFACE((21,72,12,20));
#140=IFCINDEXEDPOLYGONALFACE((24,22,18,25));
#141=IFCINDEXEDPOLYGONALFACE((23,22,24,26));
#142=IFCINDEXEDPOLYGONALFACE((27,24,25,29));
#143=IFCINDEXEDPOLYGONALFACE((27,28,26,24));
#144=IFCINDEXEDPOLYGONALFACE((27,30,31,28));
#145=IFCINDEXEDPOLYGONALFACE((30,27,29,33));
#146=IFCINDEXEDPOLYGONALFACE((32,57,31,30));
#147=IFCINDEXEDPOLYGONALFACE((32,30,33,34));
#148=IFCINDEXEDPOLYGONALFACE((34,33,35,36));
#149=IFCINDEXEDPOLYGONALFACE((33,29,37,35));
#150=IFCINDEXEDPOLYGONALFACE((38,39,36,35));
#151=IFCINDEXEDPOLYGONALFACE((41,38,35,37));
#152=IFCINDEXEDPOLYGONALFACE((38,40,71,39));
#153=IFCINDEXEDPOLYGONALFACE((43,40,38,41));
#154=IFCINDEXEDPOLYGONALFACE((42,41,37,70));
#155=IFCINDEXEDPOLYGONALFACE((43,41,42,45));
#156=IFCINDEXEDPOLYGONALFACE((44,43,45,47));
#157=IFCINDEXEDPOLYGONALFACE((71,40,43,44));
#158=IFCINDEXEDPOLYGONALFACE((47,45,46,48));
#159=IFCINDEXEDPOLYGONALFACE((45,42,68,46));
#160=IFCINDEXEDPOLYGONALFACE((48,50,49,47));
#161=IFCINDEXEDPOLYGONALFACE((51,44,47,49));
#162=IFCINDEXEDPOLYGONALFACE((49,50,2,52));
#163=IFCINDEXEDPOLYGONALFACE((51,49,52,53));
#164=IFCINDEXEDPOLYGONALFACE((53,52,3,54));
#165=IFCINDEXEDPOLYGONALFACE((36,53,54,34));
#166=IFCINDEXEDPOLYGONALFACE((39,51,53,36));
#167=IFCINDEXEDPOLYGONALFACE((6,55,54,3));
#168=IFCINDEXEDPOLYGONALFACE((55,32,34,54));
#169=IFCINDEXEDPOLYGONALFACE((56,55,6,58));
#170=IFCINDEXEDPOLYGONALFACE((56,57,32,55));
#171=IFCINDEXEDPOLYGONALFACE((56,28,31,57));
#172=IFCINDEXEDPOLYGONALFACE((28,56,58,26));
#173=IFCINDEXEDPOLYGONALFACE((7,23,26,58));
#174=IFCINDEXEDPOLYGONALFACE((71,44,51,39));
#175=IFCINDEXEDPOLYGONALFACE((60,59,50,48));
#176=IFCINDEXEDPOLYGONALFACE((50,59,61,2));
#177=IFCINDEXEDPOLYGONALFACE((62,59,60,63));
#178=IFCINDEXEDPOLYGONALFACE((59,62,14,61));
#179=IFCINDEXEDPOLYGONALFACE((62,63,65,64));
#180=IFCINDEXEDPOLYGONALFACE((62,64,16,14));
#181=IFCINDEXEDPOLYGONALFACE((66,64,65,67));
#182=IFCINDEXEDPOLYGONALFACE((64,66,19,16));
#183=IFCINDEXEDPOLYGONALFACE((66,67,46,68));
#184=IFCINDEXEDPOLYGONALFACE((66,68,69,19));
#185=IFCINDEXEDPOLYGONALFACE((68,42,70,69));
#186=IFCINDEXEDPOLYGONALFACE((69,70,25,18));
#187=IFCINDEXEDPOLYGONALFACE((29,25,70,37));
#188=IFCINDEXEDPOLYGONALFACE((67,60,48,46));
#189=IFCINDEXEDPOLYGONALFACE((60,67,65,63));
#190=IFCINDEXEDPOLYGONALFACE((9,21,23,7));
#191=IFCINDEXEDPOLYGONALFACE((9,11,72,21));
#192=IFCPOLYGONALFACESET(#193,$,(#194,#195,#196,#197,#198,#199,#200,#201,#202,#203,#204,#205,#206,#207,#208,#209,#210,#211,#212,#213,#214,#215,#216,#217,#218,#219,#220,#221,#222,#223,#224,#225,#226,#227,#228,#229,#230,#231,#232,#233,#234,#235,#236,#237,#238,#239,#240,#241,#242,#243,#244,#245,#246,#247,#248,#249,#250,#251,#252,#253,#254,#255,#256,#257,#258,#259,#260,#261,#262,#263),$);
#193=IFCCARTESIANPOINTLIST3D(((262.047027587891,-423.913391113281,1982.),(-262.047180175781,-423.913055419922,1982.),(262.046539306641,-444.267791748047,1982.),(262.046630859375,-19.,1982.),(274.,-423.913391113281,1982.),(274.,-444.267700195312,1982.),(275.,-423.935791015625,1983.),(274.,-19.,1982.),(275.,-20.,1983.),(274.,-18.,1983.),(275.,-19.,1984.),(274.,-18.,2005.94177246094),(262.046630859375,-18.,1983.),(-262.047210693359,-18.,1983.),(262.046630859375,-18.,2005.94177246094),(-262.047332763672,-18.,2005.94006347656),(262.046447753906,-19.,2006.94165039062),(262.047027587891,-423.913391113281,2006.94165039062),(-262.047210693359,-19.,2006.94018554688),(274.,-19.,2006.94165039062),(275.,-20.,2005.94177246094),(274.,-423.913391113281,2006.94165039062),(275.,-423.935791015625,2005.94177246094),(274.,-444.267700195312,2006.94213867188),(262.046813964844,-444.267791748047,2006.94213867188),(275.,-444.245300292969,2005.94226074219),(274.,-564.126892089844,2006.94213867188),(275.,-563.126892089844,2005.94226074219),(262.046661376953,-564.126892089844,2006.94213867188),(274.,-565.126831054688,2005.94226074219),(275.,-564.126892089844,2004.94201660156),(274.,-565.126831054688,1983.),(262.046447753906,-565.126831054688,2005.94226074219),(262.046661376953,-565.126831054688,1983.),(-262.047180175781,-565.126586914062,2005.94006347656),(-262.047058105469,-565.126586914062,1983.),(-262.047180175781,-564.126586914062,2006.94018554688),(-274.,-565.126586914062,2005.94006347656),(-274.,-565.126586914062,1983.),(-275.,-564.126586914062,2004.94018554688),(-274.,-564.126586914062,2006.94018554688),(-274.,-444.267364501953,2006.94018554688),(-275.,-563.126525878906,2005.94006347656),(-275.,-563.126525878906,1983.),(-275.,-444.245056152344,2005.94006347656),(-275.,-423.935455322266,2005.94006347656),(-275.,-444.245056152344,1983.),(-275.,-423.935455322266,1983.),(-274.,-444.267456054688,1982.),(-274.,-423.913055419922,1982.),(-274.,-564.126586914062,1982.),(-262.047180175781,-444.267456054688,1982.),(-262.047058105469,-564.126586914062,1982.),(262.046661376953,-564.126892089844,1982.),(274.,-564.126892089844,1982.),(275.,-563.126892089844,1983.),(275.,-564.126892089844,1984.),(275.,-444.245300292969,1983.),(-274.,-19.,1982.),(-275.,-20.,1983.),(-262.047210693359,-19.,1982.),(-274.,-18.,1983.),(-275.,-19.,1984.),(-274.,-18.,2005.94006347656),(-275.,-19.,2004.94018554688),(-274.,-19.,2006.94018554688),(-275.,-20.,2005.94006347656),(-274.,-423.913055419922,2006.94018554688),(-262.047302246094,-423.913055419922,2006.94018554688),(-262.047180175781,-444.267456054688,2006.94018554688),(-275.,-564.126586914062,1984.),(275.,-19.,2004.94152832031)));
#194=IFCINDEXEDPOLYGONALFACE((4,1,2,61));
#195=IFCINDEXEDPOLYGONALFACE((1,3,52,2));
#196=IFCINDEXEDPOLYGONALFACE((5,6,3,1));
#197=IFCINDEXEDPOLYGONALFACE((8,5,1,4));
#198=IFCINDEXEDPOLYGONALFACE((58,6,5,7));
#199=IFCINDEXEDPOLYGONALFACE((8,9,7,5));
#200=IFCINDEXEDPOLYGONALFACE((10,8,4,13));
#201=IFCINDEXEDPOLYGONALFACE((11,9,8,10));
#202=IFCINDEXEDPOLYGONALFACE((11,10,12,72));
#203=IFCINDEXEDPOLYGONALFACE((12,10,13,15));
#204=IFCINDEXEDPOLYGONALFACE((13,4,61,14));
#205=IFCINDEXEDPOLYGONALFACE((14,16,15,13));
#206=IFCINDEXEDPOLYGONALFACE((16,19,17,15));
#207=IFCINDEXEDPOLYGONALFACE((20,12,15,17));
#208=IFCINDEXEDPOLYGONALFACE((22,20,17,18));
#209=IFCINDEXEDPOLYGONALFACE((19,69,18,17));
#210=IFCINDEXEDPOLYGONALFACE((21,20,22,23));
#211=IFCINDEXEDPOLYGONALFACE((21,72,12,20));
#212=IFCINDEXEDPOLYGONALFACE((24,22,18,25));
#213=IFCINDEXEDPOLYGONALFACE((23,22,24,26));
#214=IFCINDEXEDPOLYGONALFACE((27,24,25,29));
#215=IFCINDEXEDPOLYGONALFACE((27,28,26,24));
#216=IFCINDEXEDPOLYGONALFACE((27,30,31,28));
#217=IFCINDEXEDPOLYGONALFACE((30,27,29,33));
#218=IFCINDEXEDPOLYGONALFACE((32,57,31,30));
#219=IFCINDEXEDPOLYGONALFACE((32,30,33,34));
#220=IFCINDEXEDPOLYGONALFACE((34,33,35,36));
#221=IFCINDEXEDPOLYGONALFACE((33,29,37,35));
#222=IFCINDEXEDPOLYGONALFACE((38,39,36,35));
#223=IFCINDEXEDPOLYGONALFACE((41,38,35,37));
#224=IFCINDEXEDPOLYGONALFACE((38,40,71,39));
#225=IFCINDEXEDPOLYGONALFACE((43,40,38,41));
#226=IFCINDEXEDPOLYGONALFACE((42,41,37,70));
#227=IFCINDEXEDPOLYGONALFACE((43,41,42,45));
#228=IFCINDEXEDPOLYGONALFACE((44,43,45,47));
#229=IFCINDEXEDPOLYGONALFACE((71,40,43,44));
#230=IFCINDEXEDPOLYGONALFACE((47,45,46,48));
#231=IFCINDEXEDPOLYGONALFACE((45,42,68,46));
#232=IFCINDEXEDPOLYGONALFACE((48,50,49,47));
#233=IFCINDEXEDPOLYGONALFACE((51,44,47,49));
#234=IFCINDEXEDPOLYGONALFACE((49,50,2,52));
#235=IFCINDEXEDPOLYGONALFACE((51,49,52,53));
#236=IFCINDEXEDPOLYGONALFACE((53,52,3,54));
#237=IFCINDEXEDPOLYGONALFACE((36,53,54,34));
#238=IFCINDEXEDPOLYGONALFACE((39,51,53,36));
#239=IFCINDEXEDPOLYGONALFACE((6,55,54,3));
#240=IFCINDEXEDPOLYGONALFACE((55,32,34,54));
#241=IFCINDEXEDPOLYGONALFACE((56,55,6,58));
#242=IFCINDEXEDPOLYGONALFACE((56,57,32,55));
#243=IFCINDEXEDPOLYGONALFACE((56,28,31,57));
#244=IFCINDEXEDPOLYGONALFACE((28,56,58,26));
#245=IFCINDEXEDPOLYGONALFACE((7,23,26,58));
#246=IFCINDEXEDPOLYGONALFACE((71,44,51,39));
#247=IFCINDEXEDPOLYGONALFACE((60,59,50,48));
#248=IFCINDEXEDPOLYGONALFACE((50,59,61,2));
#249=IFCINDEXEDPOLYGONALFACE((62,59,60,63));
#250=IFCINDEXEDPOLYGONALFACE((59,62,14,61));
#251=IFCINDEXEDPOLYGONALFACE((62,63,65,64));
#252=IFCINDEXEDPOLYGONALFACE((62,64,16,14));
#253=IFCINDEXEDPOLYGONALFACE((66,64,65,67));
#254=IFCINDEXEDPOLYGONALFACE((64,66,19,16));
#255=IFCINDEXEDPOLYGONALFACE((66,67,46,68));
#256=IFCINDEXEDPOLYGONALFACE((66,68,69,19));
#257=IFCINDEXEDPOLYGONALFACE((68,42,70,69));
#258=IFCINDEXEDPOLYGONALFACE((69,70,25,18));
#259=IFCINDEXEDPOLYGONALFACE((29,25,70,37));
#260=IFCINDEXEDPOLYGONALFACE((67,60,48,46));
#261=IFCINDEXEDPOLYGONALFACE((60,67,65,63));
#262=IFCINDEXEDPOLYGONALFACE((9,21,23,7));
#263=IFCINDEXEDPOLYGONALFACE((9,11,72,21));
#264=IFCPOLYGONALFACESET(#265,$,(#266,#267,#268,#269,#270,#271),$);
#265=IFCCARTESIANPOINTLIST3D(((-275.,-18.,2390.06713867188),(275.,-18.,2390.06909179688),(-275.,-18.,25.),(-275.,0.,2390.06713867188),(-275.,0.,25.),(275.,0.,2390.06909179688),(275.,0.,25.),(275.,-18.,25.)));
#266=IFCINDEXEDPOLYGONALFACE((1,2,6,4));
#267=IFCINDEXEDPOLYGONALFACE((1,3,8,2));
#268=IFCINDEXEDPOLYGONALFACE((3,1,4,5));
#269=IFCINDEXEDPOLYGONALFACE((4,6,7,5));
#270=IFCINDEXEDPOLYGONALFACE((2,8,7,6));
#271=IFCINDEXEDPOLYGONALFACE((8,3,5,7));
#272=IFCPOLYGONALFACESET(#273,$,(#274,#275,#276,#277,#278,#279,#280,#281,#282,#283,#284,#285,#286,#287),$);
#273=IFCCARTESIANPOINTLIST3D(((-275.,-582.126342773438,2389.06713867188),(-275.,-1.,2389.06713867188),(-275.,-582.126342773438,1.),(-276.,-583.12646484375,2390.06713867188),(-299.,-583.126403808594,2390.06713867188),(-276.,0.,2390.06713867188),(-276.,-583.126403808594,0.),(-276.,0.,0.),(-299.,-583.126403808594,0.),(-299.,0.,0.),(-300.,-582.126342773438,1.),(-300.,-582.126342773438,2389.06713867188),(-300.,-1.,1.),(-300.,-1.,2389.06713867188),(-299.,0.,2390.06713867188),(-275.,-1.,1.)));
#274=IFCINDEXEDPOLYGONALFACE((2,6,4,1));
#275=IFCINDEXEDPOLYGONALFACE((1,3,16,2));
#276=IFCINDEXEDPOLYGONALFACE((1,4,7,3));
#277=IFCINDEXEDPOLYGONALFACE((7,4,5,9));
#278=IFCINDEXEDPOLYGONALFACE((4,6,15,5));
#279=IFCINDEXEDPOLYGONALFACE((3,7,8,16));
#280=IFCINDEXEDPOLYGONALFACE((8,7,9,10));
#281=IFCINDEXEDPOLYGONALFACE((13,10,9,11));
#282=IFCINDEXEDPOLYGONALFACE((11,9,5,12));
#283=IFCINDEXEDPOLYGONALFACE((12,14,13,11));
#284=IFCINDEXEDPOLYGONALFACE((14,15,10,13));
#285=IFCINDEXEDPOLYGONALFACE((12,5,15,14));
#286=IFCINDEXEDPOLYGONALFACE((6,8,10,15));
#287=IFCINDEXEDPOLYGONALFACE((16,8,6,2));
#288=IFCPOLYGONALFACESET(#289,$,(#290,#291,#292,#293,#294,#295,#296,#297,#298,#299,#300,#301,#302,#303),$);
#289=IFCCARTESIANPOINTLIST3D(((300.,-582.126403808594,2389.06787109375),(300.,-1.,2389.06787109375),(300.,-582.126342773438,1.),(299.,-583.126525878906,2390.06811523438),(276.,-583.12646484375,2390.06811523438),(299.,0.,2390.06811523438),(299.,-583.126403808594,0.),(299.,0.,0.),(276.,-583.126342773438,0.),(276.,0.,0.),(275.,-582.126342773438,1.),(275.,-582.126403808594,2389.06787109375),(275.,-1.,1.),(275.,-1.,2389.06787109375),(276.,0.,2390.06811523438),(300.,-1.,1.)));
#290=IFCINDEXEDPOLYGONALFACE((2,6,4,1));
#291=IFCINDEXEDPOLYGONALFACE((1,3,16,2));
#292=IFCINDEXEDPOLYGONALFACE((1,4,7,3));
#293=IFCINDEXEDPOLYGONALFACE((7,4,5,9));
#294=IFCINDEXEDPOLYGONALFACE((4,6,15,5));
#295=IFCINDEXEDPOLYGONALFACE((3,7,8,16));
#296=IFCINDEXEDPOLYGONALFACE((8,7,9,10));
#297=IFCINDEXEDPOLYGONALFACE((13,10,9,11));
#298=IFCINDEXEDPOLYGONALFACE((11,9,5,12));
#299=IFCINDEXEDPOLYGONALFACE((12,14,13,11));
#300=IFCINDEXEDPOLYGONALFACE((14,15,10,13));
#301=IFCINDEXEDPOLYGONALFACE((12,5,15,14));
#302=IFCINDEXEDPOLYGONALFACE((6,8,10,15));
#303=IFCINDEXEDPOLYGONALFACE((16,8,6,2));
#304=IFCPOLYGONALFACESET(#305,$,(#306,#307,#308,#309,#310,#311,#312,#313,#314,#315,#316,#317,#318,#319,#320,#321,#322,#323,#324,#325,#326,#327,#328,#329,#330,#331,#332,#333,#334,#335,#336,#337,#338,#339,#340,#341,#342,#343,#344,#345,#346,#347,#348,#349,#350,#351,#352,#353,#354,#355,#356,#357,#358,#359,#360,#361,#362,#363,#364,#365,#366,#367,#368,#369,#370,#371,#372,#373,#374,#375,#376,#377,#378,#379,#380,#381,#382,#383,#384,#385,#386,#387,#388,#389,#390,#391,#392,#393,#394,#395,#396,#397,#398,#399,#400,#401,#402,#403,#404,#405,#406,#407,#408,#409,#410,#411,#412,#413,#414,#415,#416,#417,#418,#419,#420,#421,#422,#423,#424,#425,#426,#427,#428,#429,#430,#431,#432,#433,#434,#435,#436,#437,#438,#439,#440,#441,#442,#443,#444,#445,#446,#447,#448,#449,#450,#451,#452,#453,#454,#455,#456,#457,#458,#459,#460,#461,#462,#463,#464,#465,#466,#467,#468,#469,#470,#471,#472,#473,#474,#475,#476,#477,#478,#479,#480,#481,#482,#483,#484,#485,#486,#487,#488,#489,#490,#491,#492,#493,#494,#495,#496,#497,#498,#499,#500,#501,#502,#503,#504,#505,#506,#507,#508,#509,#510,#511,#512,#513,#514,#515,#516,#517,#518,#519,#520,#521,#522,#523,#524,#525,#526,#527,#528,#529,#530,#531,#532,#533,#534,#535,#536,#537,#538,#539,#540,#541,#542,#543,#544,#545,#546,#547,#548,#549,#550,#551,#552,#553,#554,#555,#556,#557,#558,#559,#560,#561,#562,#563,#564,#565,#566,#567,#568,#569,#570,#571,#572,#573,#574,#575,#576,#577),$);
#305=IFCCARTESIANPOINTLIST3D(((-258.500152587891,-305.491455078125,1919.31811523438),(257.113555908203,-305.49169921875,1919.31860351562),(-258.499969482422,-306.442962646484,1914.53491210938),(-258.500152587891,-302.781768798828,1923.37365722656),(-258.959442138672,-305.491455078125,1919.31811523438),(-258.959442138672,-306.442962646484,1914.53491210938),(-258.959442138672,-302.781768798828,1923.37365722656),(-258.959442138672,-304.567565917969,1918.93579101562),(-258.959442138672,-305.442962646484,1914.53491210938),(-258.959442138672,-302.074645996094,1922.66662597656),(-259.450134277344,-304.567565917969,1918.93579101562),(-259.450134277344,-305.442962646484,1914.53491210938),(-259.450134277344,-302.074645996094,1922.66662597656),(-259.450134277344,-305.491455078125,1919.31811523438),(-259.450134277344,-306.442962646484,1914.53491210938),(-259.450134277344,-302.781768798828,1923.37365722656),(-261.950134277344,-305.491455078125,1919.31811523438),(-261.950134277344,-306.442962646484,1914.53491210938),(-261.950134277344,-302.781768798828,1923.37365722656),(-262.450134277344,-305.029449462891,1919.12658691406),(-262.450134277344,-305.942962646484,1914.53491210938),(-262.450134277344,-302.428253173828,1923.02026367188),(-262.450134277344,-304.594360351562,1918.94702148438),(-262.450134277344,-305.471954345703,1914.53491210938),(-262.450134277344,-293.942962646484,1914.53491210938),(-262.450134277344,-302.095245361328,1922.68725585938),(-262.450134277344,-298.354949951172,1925.18627929688),(-262.450134277344,-293.942962646484,1926.06359863281),(-262.450134277344,-298.53515625,1925.62121582031),(-261.950134277344,-298.726470947266,1926.08325195312),(-262.450134277344,-293.942962646484,1926.53491210938),(-262.450134277344,-289.350738525391,1925.62121582031),(-261.950134277344,-293.942962646484,1927.03491210938),(-261.950134277344,-289.159454345703,1926.08325195312),(-259.450134277344,-293.942962646484,1927.03491210938),(-259.450134277344,-289.159454345703,1926.08325195312),(-259.450134277344,-298.726470947266,1926.08325195312),(-259.450134277344,-293.942962646484,1926.03491210938),(-259.450134277344,-298.343841552734,1925.15942382812),(-258.959442138672,-293.942962646484,1926.03491210938),(-259.450134277344,-289.542053222656,1925.15942382812),(-258.959442138672,-289.542053222656,1925.15942382812),(-259.450134277344,-285.811248779297,1922.66662597656),(-258.959442138672,-285.811248779297,1922.66662597656),(-259.450134277344,-283.318359375,1918.93579101562),(-259.450134277344,-285.104156494141,1923.37365722656),(-259.450134277344,-282.394439697266,1919.31811523438),(-261.950134277344,-285.104156494141,1923.37365722656),(-261.950134277344,-282.394439697266,1919.31811523438),(-262.450134277344,-285.457641601562,1923.02026367188),(-262.450134277344,-282.856353759766,1919.12658691406),(-262.450134277344,-285.790649414062,1922.68725585938),(-262.450134277344,-289.530944824219,1925.18627929688),(-262.450134277344,-283.291442871094,1918.94702148438),(-262.450134277344,-282.413848876953,1914.53491210938),(-262.450134277344,-283.291442871094,1910.12280273438),(-262.450134277344,-281.942962646484,1914.53491210938),(-262.450134277344,-282.856353759766,1909.94262695312),(-261.950134277344,-281.442962646484,1914.53491210938),(-261.950134277344,-282.394439697266,1909.75122070312),(-259.450134277344,-281.442962646484,1914.53491210938),(-259.450134277344,-282.442962646484,1914.53491210938),(-259.450134277344,-282.394439697266,1909.75122070312),(-259.450134277344,-283.318359375,1910.13391113281),(-259.450134277344,-285.104156494141,1905.69604492188),(-259.450134277344,-289.159454345703,1902.98608398438),(-261.950134277344,-285.104156494141,1905.69604492188),(-259.450134277344,-285.811248779297,1906.40307617188),(-258.959442138672,-285.811248779297,1906.40307617188),(-259.450134277344,-289.542144775391,1903.90991210938),(-258.959442138672,-289.542144775391,1903.90991210938),(-259.450134277344,-293.942962646484,1903.03491210938),(-258.959442138672,-293.942962646484,1903.03491210938),(-259.450134277344,-298.34375,1903.90991210938),(-259.450134277344,-293.942962646484,1902.03491210938),(-259.450134277344,-298.726470947266,1902.98608398438),(-261.950134277344,-293.942962646484,1902.03491210938),(-261.950134277344,-298.726470947266,1902.98608398438),(-261.950134277344,-289.159454345703,1902.98608398438),(-262.450134277344,-293.942962646484,1902.53479003906),(-262.450134277344,-298.53515625,1903.44799804688),(-262.450134277344,-293.942962646484,1903.),(-262.450134277344,-289.350738525391,1903.44799804688),(-262.450134277344,-289.530944824219,1903.88354492188),(-262.450134277344,-285.457641601562,1906.04943847656),(-262.450134277344,-285.790649414062,1906.38256835938),(-262.450134277344,-298.354949951172,1903.88354492188),(-262.450134277344,-302.095245361328,1906.38256835938),(-262.450134277344,-304.594360351562,1910.12280273438),(-262.450134277344,-302.428253173828,1906.04943847656),(-261.950134277344,-302.781768798828,1905.69604492188),(-262.450134277344,-305.029541015625,1909.94262695312),(-261.950134277344,-305.491455078125,1909.75122070312),(-259.450134277344,-305.491455078125,1909.75122070312),(-259.450134277344,-302.781768798828,1905.69604492188),(-259.450134277344,-304.567565917969,1910.13391113281),(-258.959442138672,-304.567565917969,1910.13391113281),(-259.450134277344,-302.074645996094,1906.40307617188),(-258.959442138672,-302.074645996094,1906.40307617188),(-258.959442138672,-302.781768798828,1905.69604492188),(-258.959442138672,-298.34375,1903.90991210938),(-258.959442138672,-298.726470947266,1902.98608398438),(-258.500152587891,-298.726470947266,1902.98608398438),(-258.959442138672,-293.942962646484,1902.03491210938),(-258.959442138672,-289.159454345703,1902.98608398438),(-258.500152587891,-293.942962646484,1902.03491210938),(-258.500152587891,-289.159454345703,1902.98608398438),(257.113555908203,-293.943176269531,1902.03491210938),(257.113555908203,-289.159576416016,1902.98657226562),(257.113555908203,-298.726684570312,1902.98657226562),(257.843841552734,-293.943176269531,1902.03491210938),(257.843841552734,-289.159576416016,1902.98657226562),(257.843841552734,-298.726684570312,1902.98657226562),(257.843841552734,-293.943176269531,1903.03491210938),(258.334564208984,-293.943176269531,1903.03491210938),(257.843841552734,-298.343994140625,1903.91040039062),(257.843841552734,-289.542388916016,1903.91040039062),(257.843841552734,-285.811492919922,1906.40307617188),(258.334564208984,-289.542388916016,1903.91040039062),(258.334564208984,-285.811492919922,1906.40307617188),(258.334564208984,-289.159576416016,1902.98657226562),(258.334564208984,-285.104370117188,1905.69604492188),(258.334564208984,-293.943176269531,1902.03491210938),(260.834564208984,-289.159576416016,1902.98657226562),(260.834564208984,-285.104370117188,1905.69604492188),(260.834564208984,-293.943176269531,1902.03491210938),(261.334594726562,-289.351013183594,1903.44848632812),(261.334594726562,-285.457885742188,1906.04943847656),(261.334594726562,-289.531188964844,1903.88354492188),(261.334594726562,-293.943176269531,1902.53479003906),(261.334594726562,-298.535400390625,1903.44848632812),(261.334594726562,-293.943176269531,1903.),(261.334594726562,-293.943176269531,1914.53491210938),(261.334594726562,-298.355194091797,1903.88354492188),(261.334564208984,-302.095489501953,1906.38256835938),(261.334564208984,-304.594573974609,1910.12280273438),(261.334564208984,-302.428497314453,1906.04943847656),(260.834564208984,-302.781982421875,1905.69604492188),(261.334564208984,-305.029693603516,1909.94311523438),(261.334564208984,-305.943176269531,1914.53491210938),(260.834564208984,-305.49169921875,1909.75170898438),(258.334564208984,-305.49169921875,1909.75170898438),(260.834564208984,-306.443176269531,1914.53491210938),(260.834564208984,-305.49169921875,1919.31860351562),(258.334564208984,-306.443176269531,1914.53491210938),(258.334564208984,-305.443176269531,1914.53491210938),(258.334564208984,-305.49169921875,1919.31860351562),(258.334564208984,-304.567810058594,1918.93579101562),(258.334564208984,-302.781982421875,1923.37365722656),(258.334564208984,-302.074890136719,1922.66662597656),(258.334564208984,-298.726684570312,1926.08374023438),(260.834564208984,-302.781982421875,1923.37365722656),(260.834564208984,-298.726684570312,1926.08374023438),(261.334564208984,-302.428497314453,1923.02026367188),(261.334564208984,-305.029693603516,1919.12719726562),(261.334594726562,-298.535400390625,1925.62170410156),(261.334564208984,-302.095489501953,1922.68725585938),(261.334594726562,-298.355194091797,1925.18627929688),(261.334564208984,-304.594573974609,1918.94702148438),(261.334564208984,-305.472198486328,1914.53491210938),(261.334594726562,-293.943176269531,1926.06408691406),(261.334594726562,-289.531188964844,1925.18627929688),(261.334594726562,-293.943176269531,1926.53491210938),(261.334594726562,-289.351013183594,1925.62170410156),(260.834564208984,-293.943176269531,1927.03491210938),(258.334564208984,-293.943176269531,1927.03491210938),(260.834564208984,-289.159698486328,1926.08374023438),(258.334564208984,-289.159576416016,1926.08374023438),(260.834564208984,-285.104370117188,1923.37365722656),(258.334564208984,-285.104370117188,1923.37365722656),(260.834564208984,-282.394683837891,1919.31860351562),(261.334594726562,-285.457885742188,1923.02026367188),(261.334594726562,-285.790893554688,1922.68725585938),(261.334594726562,-282.856597900391,1919.12719726562),(261.334594726562,-283.291687011719,1918.94702148438),(261.334594726562,-281.943176269531,1914.53491210938),(261.334594726562,-282.856597900391,1909.94311523438),(261.334594726562,-282.414093017578,1914.53491210938),(260.834564208984,-281.443176269531,1914.53491210938),(258.334564208984,-281.443176269531,1914.53491210938),(260.834564208984,-282.394683837891,1909.75170898438),(258.334564208984,-282.394683837891,1909.75170898438),(258.334564208984,-283.318572998047,1910.13391113281),(258.334564208984,-282.443176269531,1914.53491210938),(257.843841552734,-283.318572998047,1910.13391113281),(257.843841552734,-282.443176269531,1914.53491210938),(257.843841552734,-282.394683837891,1909.75170898438),(257.113555908203,-282.394683837891,1909.75170898438),(257.843841552734,-285.104370117188,1905.69604492188),(257.843841552734,-281.443176269531,1914.53491210938),(257.843841552734,-282.394683837891,1919.31860351562),(257.113555908203,-281.443176269531,1914.53491210938),(257.113555908203,-282.394683837891,1919.31860351562),(-258.500152587891,-281.442962646484,1914.53491210938),(-258.500152587891,-282.394439697266,1919.31811523438),(-258.500152587891,-282.394439697266,1909.75122070312),(-258.959442138672,-281.442962646484,1914.53491210938),(-258.959442138672,-282.394439697266,1919.31811523438),(-258.959442138672,-282.394439697266,1909.75122070312),(-258.959442138672,-282.442962646484,1914.53491210938),(-258.959442138672,-283.318359375,1918.93579101562),(-258.959442138672,-283.318359375,1910.13391113281),(-258.959442138672,-285.104156494141,1905.69604492188),(-258.500152587891,-285.104156494141,1905.69604492188),(257.113555908203,-285.104370117188,1905.69604492188),(-258.959442138672,-285.104156494141,1923.37365722656),(-258.959442138672,-289.159454345703,1926.08325195312),(-258.500152587891,-285.104156494141,1923.37365722656),(-258.500152587891,-289.159454345703,1926.08325195312),(257.113555908203,-285.104370117188,1923.37365722656),(257.113555908203,-289.159576416016,1926.08374023438),(257.843841552734,-285.104370117188,1923.37365722656),(257.843841552734,-289.159576416016,1926.08374023438),(257.843841552734,-285.811492919922,1922.66662597656),(258.334564208984,-285.811492919922,1922.66662597656),(257.843841552734,-283.318572998047,1918.93579101562),(257.843841552734,-289.542297363281,1925.15991210938),(257.843841552734,-293.943176269531,1926.03491210938),(258.334564208984,-289.542297363281,1925.15991210938),(258.334564208984,-293.943176269531,1926.03491210938),(258.334564208984,-298.343994140625,1925.15991210938),(257.843841552734,-298.343994140625,1925.15991210938),(257.843841552734,-302.074890136719,1922.66662597656),(257.843841552734,-298.726684570312,1926.08374023438),(257.843841552734,-302.781982421875,1923.37365722656),(257.113555908203,-298.726684570312,1926.08374023438),(257.843841552734,-293.943176269531,1927.03491210938),(257.113555908203,-293.943176269531,1927.03491210938),(-258.500152587891,-293.942962646484,1927.03491210938),(-258.500152587891,-298.726470947266,1926.08325195312),(-258.959442138672,-293.942962646484,1927.03491210938),(-258.959442138672,-298.726470947266,1926.08325195312),(-258.959442138672,-298.343841552734,1925.15942382812),(257.113555908203,-302.781982421875,1923.37365722656),(257.843841552734,-305.49169921875,1919.31860351562),(257.843841552734,-306.443176269531,1914.53491210938),(257.843841552734,-304.567810058594,1918.93579101562),(257.843841552734,-305.443176269531,1914.53491210938),(257.843841552734,-304.567810058594,1910.13391113281),(257.843841552734,-302.074890136719,1906.40307617188),(258.334564208984,-304.567810058594,1910.13391113281),(257.843841552734,-305.49169921875,1909.75170898438),(257.843841552734,-302.781982421875,1905.69604492188),(257.113555908203,-305.49169921875,1909.75170898438),(257.113647460938,-306.443176269531,1914.53491210938),(257.113555908203,-302.781982421875,1905.69604492188),(-258.500152587891,-305.491455078125,1909.75122070312),(-258.500152587891,-302.781768798828,1905.69604492188),(-258.959442138672,-305.491455078125,1909.75122070312),(258.334564208984,-302.074890136719,1906.40307617188),(258.334564208984,-302.781982421875,1905.69604492188),(258.334564208984,-298.343994140625,1903.91040039062),(258.334564208984,-298.726684570312,1902.98657226562),(260.834564208984,-298.726684570312,1902.98657226562),(258.334564208984,-283.318572998047,1918.93579101562),(258.334564208984,-282.394683837891,1919.31860351562),(261.334594726562,-283.291687011719,1910.12280273438),(261.334594726562,-285.790893554688,1906.38256835938)));
#306=IFCINDEXEDPOLYGONALFACE((4,1,2,234));
#307=IFCINDEXEDPOLYGONALFACE((1,3,245,2));
#308=IFCINDEXEDPOLYGONALFACE((5,6,3,1));
#309=IFCINDEXEDPOLYGONALFACE((7,5,1,4));
#310=IFCINDEXEDPOLYGONALFACE((6,5,8,9));
#311=IFCINDEXEDPOLYGONALFACE((5,7,10,8));
#312=IFCINDEXEDPOLYGONALFACE((11,12,9,8));
#313=IFCINDEXEDPOLYGONALFACE((13,11,8,10));
#314=IFCINDEXEDPOLYGONALFACE((12,11,14,15));
#315=IFCINDEXEDPOLYGONALFACE((11,13,16,14));
#316=IFCINDEXEDPOLYGONALFACE((18,15,14,17));
#317=IFCINDEXEDPOLYGONALFACE((17,14,16,19));
#318=IFCINDEXEDPOLYGONALFACE((21,18,17,20));
#319=IFCINDEXEDPOLYGONALFACE((20,17,19,22));
#320=IFCINDEXEDPOLYGONALFACE((21,20,23,24));
#321=IFCINDEXEDPOLYGONALFACE((20,22,26,23));
#322=IFCINDEXEDPOLYGONALFACE((24,23,25));
#323=IFCINDEXEDPOLYGONALFACE((23,26,25));
#324=IFCINDEXEDPOLYGONALFACE((26,27,25));
#325=IFCINDEXEDPOLYGONALFACE((22,29,27,26));
#326=IFCINDEXEDPOLYGONALFACE((27,28,25));
#327=IFCINDEXEDPOLYGONALFACE((29,31,28,27));
#328=IFCINDEXEDPOLYGONALFACE((22,19,30,29));
#329=IFCINDEXEDPOLYGONALFACE((29,30,33,31));
#330=IFCINDEXEDPOLYGONALFACE((31,32,53,28));
#331=IFCINDEXEDPOLYGONALFACE((31,33,34,32));
#332=IFCINDEXEDPOLYGONALFACE((33,35,36,34));
#333=IFCINDEXEDPOLYGONALFACE((30,37,35,33));
#334=IFCINDEXEDPOLYGONALFACE((38,41,36,35));
#335=IFCINDEXEDPOLYGONALFACE((39,38,35,37));
#336=IFCINDEXEDPOLYGONALFACE((38,39,233,40));
#337=IFCINDEXEDPOLYGONALFACE((41,38,40,42));
#338=IFCINDEXEDPOLYGONALFACE((43,41,42,44));
#339=IFCINDEXEDPOLYGONALFACE((41,43,46,36));
#340=IFCINDEXEDPOLYGONALFACE((45,43,44,201));
#341=IFCINDEXEDPOLYGONALFACE((43,45,47,46));
#342=IFCINDEXEDPOLYGONALFACE((48,46,47,49));
#343=IFCINDEXEDPOLYGONALFACE((34,36,46,48));
#344=IFCINDEXEDPOLYGONALFACE((50,48,49,51));
#345=IFCINDEXEDPOLYGONALFACE((32,34,48,50));
#346=IFCINDEXEDPOLYGONALFACE((32,50,52,53));
#347=IFCINDEXEDPOLYGONALFACE((50,51,54,52));
#348=IFCINDEXEDPOLYGONALFACE((52,54,25));
#349=IFCINDEXEDPOLYGONALFACE((53,52,25));
#350=IFCINDEXEDPOLYGONALFACE((54,55,25));
#351=IFCINDEXEDPOLYGONALFACE((51,57,55,54));
#352=IFCINDEXEDPOLYGONALFACE((55,56,25));
#353=IFCINDEXEDPOLYGONALFACE((57,58,56,55));
#354=IFCINDEXEDPOLYGONALFACE((57,59,60,58));
#355=IFCINDEXEDPOLYGONALFACE((51,49,59,57));
#356=IFCINDEXEDPOLYGONALFACE((59,61,63,60));
#357=IFCINDEXEDPOLYGONALFACE((49,47,61,59));
#358=IFCINDEXEDPOLYGONALFACE((45,62,61,47));
#359=IFCINDEXEDPOLYGONALFACE((62,64,63,61));
#360=IFCINDEXEDPOLYGONALFACE((64,68,65,63));
#361=IFCINDEXEDPOLYGONALFACE((60,63,65,67));
#362=IFCINDEXEDPOLYGONALFACE((67,65,66,79));
#363=IFCINDEXEDPOLYGONALFACE((68,70,66,65));
#364=IFCINDEXEDPOLYGONALFACE((68,64,202,69));
#365=IFCINDEXEDPOLYGONALFACE((70,68,69,71));
#366=IFCINDEXEDPOLYGONALFACE((72,70,71,73));
#367=IFCINDEXEDPOLYGONALFACE((70,72,75,66));
#368=IFCINDEXEDPOLYGONALFACE((74,72,73,101));
#369=IFCINDEXEDPOLYGONALFACE((72,74,76,75));
#370=IFCINDEXEDPOLYGONALFACE((77,75,76,78));
#371=IFCINDEXEDPOLYGONALFACE((79,66,75,77));
#372=IFCINDEXEDPOLYGONALFACE((80,77,78,81));
#373=IFCINDEXEDPOLYGONALFACE((83,79,77,80));
#374=IFCINDEXEDPOLYGONALFACE((80,81,87,82));
#375=IFCINDEXEDPOLYGONALFACE((83,80,82,84));
#376=IFCINDEXEDPOLYGONALFACE((85,83,84,86));
#377=IFCINDEXEDPOLYGONALFACE((85,67,79,83));
#378=IFCINDEXEDPOLYGONALFACE((58,85,86,56));
#379=IFCINDEXEDPOLYGONALFACE((58,60,67,85));
#380=IFCINDEXEDPOLYGONALFACE((56,86,25));
#381=IFCINDEXEDPOLYGONALFACE((86,84,25));
#382=IFCINDEXEDPOLYGONALFACE((84,82,25));
#383=IFCINDEXEDPOLYGONALFACE((82,87,25));
#384=IFCINDEXEDPOLYGONALFACE((87,88,25));
#385=IFCINDEXEDPOLYGONALFACE((81,90,88,87));
#386=IFCINDEXEDPOLYGONALFACE((88,89,25));
#387=IFCINDEXEDPOLYGONALFACE((90,92,89,88));
#388=IFCINDEXEDPOLYGONALFACE((90,91,93,92));
#389=IFCINDEXEDPOLYGONALFACE((81,78,91,90));
#390=IFCINDEXEDPOLYGONALFACE((92,93,18,21));
#391=IFCINDEXEDPOLYGONALFACE((92,21,24,89));
#392=IFCINDEXEDPOLYGONALFACE((91,95,94,93));
#393=IFCINDEXEDPOLYGONALFACE((93,94,15,18));
#394=IFCINDEXEDPOLYGONALFACE((98,96,94,95));
#395=IFCINDEXEDPOLYGONALFACE((96,12,15,94));
#396=IFCINDEXEDPOLYGONALFACE((12,96,97,9));
#397=IFCINDEXEDPOLYGONALFACE((96,98,99,97));
#398=IFCINDEXEDPOLYGONALFACE((74,98,95,76));
#399=IFCINDEXEDPOLYGONALFACE((98,74,101,99));
#400=IFCINDEXEDPOLYGONALFACE((100,249,97,99));
#401=IFCINDEXEDPOLYGONALFACE((102,100,99,101));
#402=IFCINDEXEDPOLYGONALFACE((104,102,101,73));
#403=IFCINDEXEDPOLYGONALFACE((100,102,103,248));
#404=IFCINDEXEDPOLYGONALFACE((102,104,106,103));
#405=IFCINDEXEDPOLYGONALFACE((105,104,73,71));
#406=IFCINDEXEDPOLYGONALFACE((104,105,107,106));
#407=IFCINDEXEDPOLYGONALFACE((106,107,109,108));
#408=IFCINDEXEDPOLYGONALFACE((103,106,108,110));
#409=IFCINDEXEDPOLYGONALFACE((112,111,108,109));
#410=IFCINDEXEDPOLYGONALFACE((111,113,110,108));
#411=IFCINDEXEDPOLYGONALFACE((111,112,117,114));
#412=IFCINDEXEDPOLYGONALFACE((113,111,114,116));
#413=IFCINDEXEDPOLYGONALFACE((115,252,116,114));
#414=IFCINDEXEDPOLYGONALFACE((119,115,114,117));
#415=IFCINDEXEDPOLYGONALFACE((112,189,118,117));
#416=IFCINDEXEDPOLYGONALFACE((120,119,117,118));
#417=IFCINDEXEDPOLYGONALFACE((119,120,122,121));
#418=IFCINDEXEDPOLYGONALFACE((115,119,121,123));
#419=IFCINDEXEDPOLYGONALFACE((124,121,122,125));
#420=IFCINDEXEDPOLYGONALFACE((126,123,121,124));
#421=IFCINDEXEDPOLYGONALFACE((127,124,125,128));
#422=IFCINDEXEDPOLYGONALFACE((130,126,124,127));
#423=IFCINDEXEDPOLYGONALFACE((127,128,258,129));
#424=IFCINDEXEDPOLYGONALFACE((130,127,129,132));
#425=IFCINDEXEDPOLYGONALFACE((131,130,132,134));
#426=IFCINDEXEDPOLYGONALFACE((131,254,126,130));
#427=IFCINDEXEDPOLYGONALFACE((132,129,133));
#428=IFCINDEXEDPOLYGONALFACE((134,132,133));
#429=IFCINDEXEDPOLYGONALFACE((135,134,133));
#430=IFCINDEXEDPOLYGONALFACE((137,131,134,135));
#431=IFCINDEXEDPOLYGONALFACE((136,135,133));
#432=IFCINDEXEDPOLYGONALFACE((139,137,135,136));
#433=IFCINDEXEDPOLYGONALFACE((137,138,254,131));
#434=IFCINDEXEDPOLYGONALFACE((139,141,138,137));
#435=IFCINDEXEDPOLYGONALFACE((140,139,136,160));
#436=IFCINDEXEDPOLYGONALFACE((140,143,141,139));
#437=IFCINDEXEDPOLYGONALFACE((141,142,251,138));
#438=IFCINDEXEDPOLYGONALFACE((143,145,142,141));
#439=IFCINDEXEDPOLYGONALFACE((155,144,143,140));
#440=IFCINDEXEDPOLYGONALFACE((144,147,145,143));
#441=IFCINDEXEDPOLYGONALFACE((146,241,142,145));
#442=IFCINDEXEDPOLYGONALFACE((148,146,145,147));
#443=IFCINDEXEDPOLYGONALFACE((150,148,147,149));
#444=IFCINDEXEDPOLYGONALFACE((152,149,147,144));
#445=IFCINDEXEDPOLYGONALFACE((221,150,149,151));
#446=IFCINDEXEDPOLYGONALFACE((153,151,149,152));
#447=IFCINDEXEDPOLYGONALFACE((156,153,152,154));
#448=IFCINDEXEDPOLYGONALFACE((154,152,144,155));
#449=IFCINDEXEDPOLYGONALFACE((154,155,159,157));
#450=IFCINDEXEDPOLYGONALFACE((156,154,157,158));
#451=IFCINDEXEDPOLYGONALFACE((157,159,133));
#452=IFCINDEXEDPOLYGONALFACE((158,157,133));
#453=IFCINDEXEDPOLYGONALFACE((159,160,133));
#454=IFCINDEXEDPOLYGONALFACE((155,140,160,159));
#455=IFCINDEXEDPOLYGONALFACE((160,136,133));
#456=IFCINDEXEDPOLYGONALFACE((161,158,133));
#457=IFCINDEXEDPOLYGONALFACE((163,156,158,161));
#458=IFCINDEXEDPOLYGONALFACE((162,161,133));
#459=IFCINDEXEDPOLYGONALFACE((164,163,161,162));
#460=IFCINDEXEDPOLYGONALFACE((164,167,165,163));
#461=IFCINDEXEDPOLYGONALFACE((163,165,153,156));
#462=IFCINDEXEDPOLYGONALFACE((165,166,151,153));
#463=IFCINDEXEDPOLYGONALFACE((167,168,166,165));
#464=IFCINDEXEDPOLYGONALFACE((169,170,168,167));
#465=IFCINDEXEDPOLYGONALFACE((172,169,167,164));
#466=IFCINDEXEDPOLYGONALFACE((171,256,170,169));
#467=IFCINDEXEDPOLYGONALFACE((174,171,169,172));
#468=IFCINDEXEDPOLYGONALFACE((172,164,162,173));
#469=IFCINDEXEDPOLYGONALFACE((174,172,173,175));
#470=IFCINDEXEDPOLYGONALFACE((176,174,175,178));
#471=IFCINDEXEDPOLYGONALFACE((176,179,171,174));
#472=IFCINDEXEDPOLYGONALFACE((177,176,178,257));
#473=IFCINDEXEDPOLYGONALFACE((177,181,179,176));
#474=IFCINDEXEDPOLYGONALFACE((179,180,256,171));
#475=IFCINDEXEDPOLYGONALFACE((181,182,180,179));
#476=IFCINDEXEDPOLYGONALFACE((125,122,182,181));
#477=IFCINDEXEDPOLYGONALFACE((128,125,181,177));
#478=IFCINDEXEDPOLYGONALFACE((120,183,182,122));
#479=IFCINDEXEDPOLYGONALFACE((183,184,180,182));
#480=IFCINDEXEDPOLYGONALFACE((184,183,185,186));
#481=IFCINDEXEDPOLYGONALFACE((183,120,118,185));
#482=IFCINDEXEDPOLYGONALFACE((187,190,186,185));
#483=IFCINDEXEDPOLYGONALFACE((189,187,185,118));
#484=IFCINDEXEDPOLYGONALFACE((187,189,205,188));
#485=IFCINDEXEDPOLYGONALFACE((190,187,188,192));
#486=IFCINDEXEDPOLYGONALFACE((190,191,216,186));
#487=IFCINDEXEDPOLYGONALFACE((191,190,192,193));
#488=IFCINDEXEDPOLYGONALFACE((194,195,193,192));
#489=IFCINDEXEDPOLYGONALFACE((196,194,192,188));
#490=IFCINDEXEDPOLYGONALFACE((197,198,195,194));
#491=IFCINDEXEDPOLYGONALFACE((199,197,194,196));
#492=IFCINDEXEDPOLYGONALFACE((198,197,200,201));
#493=IFCINDEXEDPOLYGONALFACE((197,199,202,200));
#494=IFCINDEXEDPOLYGONALFACE((62,45,201,200));
#495=IFCINDEXEDPOLYGONALFACE((64,62,200,202));
#496=IFCINDEXEDPOLYGONALFACE((199,203,69,202));
#497=IFCINDEXEDPOLYGONALFACE((206,198,201,44));
#498=IFCINDEXEDPOLYGONALFACE((203,199,196,204));
#499=IFCINDEXEDPOLYGONALFACE((105,203,204,107));
#500=IFCINDEXEDPOLYGONALFACE((203,105,71,69));
#501=IFCINDEXEDPOLYGONALFACE((204,196,188,205));
#502=IFCINDEXEDPOLYGONALFACE((107,204,205,109));
#503=IFCINDEXEDPOLYGONALFACE((189,112,109,205));
#504=IFCINDEXEDPOLYGONALFACE((198,206,208,195));
#505=IFCINDEXEDPOLYGONALFACE((207,206,44,42));
#506=IFCINDEXEDPOLYGONALFACE((206,207,209,208));
#507=IFCINDEXEDPOLYGONALFACE((208,209,211,210));
#508=IFCINDEXEDPOLYGONALFACE((195,208,210,193));
#509=IFCINDEXEDPOLYGONALFACE((213,212,210,211));
#510=IFCINDEXEDPOLYGONALFACE((212,191,193,210));
#511=IFCINDEXEDPOLYGONALFACE((212,213,217,214));
#512=IFCINDEXEDPOLYGONALFACE((191,212,214,216));
#513=IFCINDEXEDPOLYGONALFACE((215,255,216,214));
#514=IFCINDEXEDPOLYGONALFACE((219,215,214,217));
#515=IFCINDEXEDPOLYGONALFACE((213,227,218,217));
#516=IFCINDEXEDPOLYGONALFACE((220,219,217,218));
#517=IFCINDEXEDPOLYGONALFACE((219,220,166,168));
#518=IFCINDEXEDPOLYGONALFACE((215,219,168,170));
#519=IFCINDEXEDPOLYGONALFACE((221,220,218,222));
#520=IFCINDEXEDPOLYGONALFACE((220,221,151,166));
#521=IFCINDEXEDPOLYGONALFACE((150,221,222,223));
#522=IFCINDEXEDPOLYGONALFACE((224,225,223,222));
#523=IFCINDEXEDPOLYGONALFACE((227,224,222,218));
#524=IFCINDEXEDPOLYGONALFACE((225,224,226,234));
#525=IFCINDEXEDPOLYGONALFACE((224,227,228,226));
#526=IFCINDEXEDPOLYGONALFACE((227,213,211,228));
#527=IFCINDEXEDPOLYGONALFACE((229,230,226,228));
#528=IFCINDEXEDPOLYGONALFACE((209,229,228,211));
#529=IFCINDEXEDPOLYGONALFACE((231,232,230,229));
#530=IFCINDEXEDPOLYGONALFACE((207,231,229,209));
#531=IFCINDEXEDPOLYGONALFACE((232,231,40,233));
#532=IFCINDEXEDPOLYGONALFACE((231,207,42,40));
#533=IFCINDEXEDPOLYGONALFACE((7,232,233,10));
#534=IFCINDEXEDPOLYGONALFACE((232,7,4,230));
#535=IFCINDEXEDPOLYGONALFACE((39,13,10,233));
#536=IFCINDEXEDPOLYGONALFACE((230,4,234,226));
#537=IFCINDEXEDPOLYGONALFACE((235,225,234,2));
#538=IFCINDEXEDPOLYGONALFACE((225,235,237,223));
#539=IFCINDEXEDPOLYGONALFACE((235,236,238,237));
#540=IFCINDEXEDPOLYGONALFACE((236,235,2,245));
#541=IFCINDEXEDPOLYGONALFACE((148,150,223,237));
#542=IFCINDEXEDPOLYGONALFACE((146,148,237,238));
#543=IFCINDEXEDPOLYGONALFACE((236,242,239,238));
#544=IFCINDEXEDPOLYGONALFACE((241,146,238,239));
#545=IFCINDEXEDPOLYGONALFACE((242,243,240,239));
#546=IFCINDEXEDPOLYGONALFACE((250,241,239,240));
#547=IFCINDEXEDPOLYGONALFACE((242,236,245,244));
#548=IFCINDEXEDPOLYGONALFACE((243,242,244,246));
#549=IFCINDEXEDPOLYGONALFACE((3,247,244,245));
#550=IFCINDEXEDPOLYGONALFACE((247,248,246,244));
#551=IFCINDEXEDPOLYGONALFACE((249,100,248,247));
#552=IFCINDEXEDPOLYGONALFACE((6,249,247,3));
#553=IFCINDEXEDPOLYGONALFACE((249,6,9,97));
#554=IFCINDEXEDPOLYGONALFACE((248,103,110,246));
#555=IFCINDEXEDPOLYGONALFACE((113,243,246,110));
#556=IFCINDEXEDPOLYGONALFACE((243,113,116,240));
#557=IFCINDEXEDPOLYGONALFACE((241,250,251,142));
#558=IFCINDEXEDPOLYGONALFACE((252,250,240,116));
#559=IFCINDEXEDPOLYGONALFACE((250,252,253,251));
#560=IFCINDEXEDPOLYGONALFACE((252,115,123,253));
#561=IFCINDEXEDPOLYGONALFACE((254,253,123,126));
#562=IFCINDEXEDPOLYGONALFACE((138,251,253,254));
#563=IFCINDEXEDPOLYGONALFACE((255,184,186,216));
#564=IFCINDEXEDPOLYGONALFACE((255,215,170,256));
#565=IFCINDEXEDPOLYGONALFACE((184,255,256,180));
#566=IFCINDEXEDPOLYGONALFACE((257,178,133));
#567=IFCINDEXEDPOLYGONALFACE((178,175,133));
#568=IFCINDEXEDPOLYGONALFACE((128,177,257,258));
#569=IFCINDEXEDPOLYGONALFACE((258,257,133));
#570=IFCINDEXEDPOLYGONALFACE((129,258,133));
#571=IFCINDEXEDPOLYGONALFACE((175,173,133));
#572=IFCINDEXEDPOLYGONALFACE((173,162,133));
#573=IFCINDEXEDPOLYGONALFACE((78,76,95,91));
#574=IFCINDEXEDPOLYGONALFACE((89,24,25));
#575=IFCINDEXEDPOLYGONALFACE((28,53,25));
#576=IFCINDEXEDPOLYGONALFACE((13,39,37,16));
#577=IFCINDEXEDPOLYGONALFACE((19,16,37,30));
#578=IFCPOLYGONALFACESET(#579,$,(#580,#581,#582,#583,#584,#585,#586,#587,#588,#589,#590,#591,#592,#593,#594,#595,#596,#597,#598,#599,#600,#601,#602,#603,#604,#605,#606,#607,#608,#609,#610,#611,#612,#613,#614,#615,#616,#617,#618,#619,#620,#621,#622,#623,#624,#625,#626,#627,#628,#629,#630,#631,#632,#633,#634,#635,#636,#637,#638,#639,#640,#641,#642,#643,#644,#645,#646,#647,#648,#649,#650,#651,#652,#653,#654,#655,#656,#657,#658,#659,#660,#661,#662,#663,#664,#665,#666,#667,#668,#669,#670,#671,#672,#673,#674,#675,#676,#677,#678,#679,#680,#681,#682,#683,#684,#685,#686,#687,#688,#689),$);
#579=IFCCARTESIANPOINTLIST3D(((-229.785537719727,-297.831268310547,1982.04467773438),(-230.890243530273,-298.2265625,1982.04467773438),(-229.390228271484,-296.645446777344,1982.04467773438),(-229.390228271484,-298.2265625,1982.04467773438),(-229.390228271484,-298.226654052734,1981.48608398438),(-230.890243530273,-298.7265625,1982.04467773438),(-228.890274047852,-296.7265625,1982.04467773438),(-228.890274047852,-293.942962646484,1982.04467773438),(-228.890274047852,-296.726959228516,1981.48889160156),(-228.890274047852,-293.942962646484,1981.49487304688),(-228.890274047852,-296.728057861328,1979.92248535156),(-228.890274047852,-296.763549804688,1928.59008789062),(-229.390228271484,-298.226959228516,1979.91174316406),(-228.890274047852,-293.942962646484,1979.94409179688),(-228.890274047852,-291.157958984375,1979.92248535156),(-228.890274047852,-293.942962646484,1929.12963867188),(-228.890274047852,-291.122467041016,1928.59008789062),(-228.890274047852,-293.942962646484,1927.57934570312),(-228.890274047852,-293.942962646484,1927.03491210938),(-228.890274047852,-296.7646484375,1927.02368164062),(-228.890274047852,-291.121368408203,1927.02368164062),(-228.890274047852,-291.121063232422,1926.47338867188),(-229.390228271484,-289.649963378906,1926.73413085938),(-230.890243530273,-289.159454345703,1926.63745117188),(-229.390228271484,-289.649841308594,1926.18078613281),(-229.390228271484,-289.650268554688,1928.30834960938),(-230.890243530273,-289.159454345703,1928.21459960938),(-229.390228271484,-289.659057617188,1979.91174316406),(-230.890243530273,-289.159454345703,1979.90795898438),(-229.390228271484,-289.659362792969,1981.48608398438),(-229.390228271484,-289.659454345703,1982.04467773438),(-230.890243530273,-289.159454345703,1981.48510742188),(-228.890274047852,-291.159057617188,1981.48889160156),(-228.890274047852,-291.159454345703,1982.04467773438),(-229.390228271484,-291.240570068359,1982.04467773438),(-229.390228271484,-293.942962646484,1982.04467773438),(-230.890243530273,-291.159454345703,1982.04467773438),(-229.785537719727,-290.054748535156,1982.04467773438),(-230.971420288086,-289.659454345703,1982.04467773438),(-256.809051513672,-289.659454345703,1982.04467773438),(-230.890243530273,-289.159454345703,1982.04467773438),(-256.890289306641,-289.159454345703,1982.04467773438),(-256.890289306641,-289.159454345703,1981.48510742188),(-258.390289306641,-289.659454345703,1982.04467773438),(-258.390289306641,-289.659362792969,1981.48608398438),(-258.890258789062,-291.159454345703,1982.04467773438),(-258.,-290.054748535156,1982.04467773438),(-258.390289306641,-291.240570068359,1982.04467773438),(-256.890289306641,-291.159454345703,1982.04467773438),(-258.390289306641,-293.942962646484,1982.04467773438),(-256.890289306641,-293.942962646484,1982.04467773438),(-258.390289306641,-296.645446777344,1982.04467773438),(-258.890258789062,-293.942962646484,1982.04467773438),(-258.890258789062,-293.942962646484,1981.49487304688),(-258.890258789062,-296.7265625,1982.04467773438),(-258.890258789062,-296.726959228516,1981.48889160156),(-258.390289306641,-298.2265625,1982.04467773438),(-256.890289306641,-298.7265625,1982.04467773438),(-258.390289306641,-298.226654052734,1981.48608398438),(-258.,-297.831268310547,1982.04467773438),(-256.809051513672,-298.2265625,1982.04467773438),(-256.890289306641,-296.7265625,1982.04467773438),(-230.890243530273,-296.7265625,1982.04467773438),(-230.890243530273,-293.942962646484,1982.04467773438),(-256.890289306641,-298.7265625,1981.48510742188),(-258.390289306641,-298.226959228516,1979.91174316406),(-258.390289306641,-298.235748291016,1928.30834960938),(-256.890289306641,-298.7265625,1979.90795898438),(-258.890258789062,-296.728057861328,1979.92248535156),(-258.890258789062,-296.763549804688,1928.59008789062),(-258.890258789062,-293.942962646484,1979.94409179688),(-258.890258789062,-293.942962646484,1929.12963867188),(-258.890258789062,-291.157958984375,1979.92248535156),(-258.890258789062,-291.122467041016,1928.59008789062),(-258.390289306641,-289.659057617188,1979.91174316406),(-258.890258789062,-291.159057617188,1981.48889160156),(-256.890289306641,-289.159454345703,1979.90795898438),(-258.390289306641,-289.650146484375,1928.30834960938),(-256.890289306641,-289.159454345703,1928.21459960938),(-258.390289306641,-289.649963378906,1926.73413085938),(-258.890258789062,-291.121368408203,1927.02368164062),(-258.390289306641,-289.649841308594,1926.18078613281),(-256.890289306641,-289.159454345703,1926.63745117188),(-256.890289306641,-289.159454345703,1926.08325195312),(-230.890243530273,-289.159454345703,1926.08325195312),(-256.810516357422,-289.659454345703,1926.08325195312),(-230.969940185547,-289.659454345703,1926.08325195312),(-258.,-290.04736328125,1926.18078613281),(-258.390289306641,-291.203674316406,1926.47338867188),(-258.890258789062,-291.120941162109,1926.47338867188),(-258.390289306641,-293.942962646484,1927.03491210938),(-258.890258789062,-293.942962646484,1927.03491210938),(-258.390289306641,-296.682342529297,1926.47338867188),(-258.,-297.838562011719,1926.18078613281),(-258.890258789062,-296.764953613281,1926.47338867188),(-258.890258789062,-296.764556884766,1927.02368164062),(-258.390289306641,-298.236145019531,1926.18078613281),(-256.890289306641,-298.7265625,1926.08325195312),(-258.390289306641,-298.236053466797,1926.73413085938),(-256.890289306641,-298.7265625,1926.63745117188),(-230.890243530273,-298.7265625,1926.63745117188),(-256.890289306641,-298.7265625,1928.21459960938),(-230.890243530273,-298.7265625,1928.21459960938),(-230.890243530273,-298.7265625,1979.90795898438),(-229.390228271484,-298.235748291016,1928.30834960938),(-229.390228271484,-298.236053466797,1926.73413085938),(-229.390228271484,-298.236145019531,1926.18078613281),(-229.783264160156,-297.838562011719,1926.18078613281),(-230.890243530273,-298.7265625,1926.08325195312),(-228.890274047852,-296.764953613281,1926.47338867188),(-229.390228271484,-296.682342529297,1926.47338867188),(-229.390228271484,-293.942962646484,1927.03491210938),(-229.390228271484,-291.203674316406,1926.47338867188),(-229.783264160156,-290.047454833984,1926.18078613281),(-230.969940185547,-298.2265625,1926.08325195312),(-256.810516357422,-298.2265625,1926.08325195312),(-230.890243530273,-298.7265625,1981.48510742188),(-258.890258789062,-293.942962646484,1927.57934570312)));
#580=IFCINDEXEDPOLYGONALFACE((6,4,1,2));
#581=IFCINDEXEDPOLYGONALFACE((1,3,63,2));
#582=IFCINDEXEDPOLYGONALFACE((4,7,3,1));
#583=IFCINDEXEDPOLYGONALFACE((7,4,5,9));
#584=IFCINDEXEDPOLYGONALFACE((4,6,117,5));
#585=IFCINDEXEDPOLYGONALFACE((7,8,36,3));
#586=IFCINDEXEDPOLYGONALFACE((8,7,9,10));
#587=IFCINDEXEDPOLYGONALFACE((10,9,11,14));
#588=IFCINDEXEDPOLYGONALFACE((9,5,13,11));
#589=IFCINDEXEDPOLYGONALFACE((12,11,13,105));
#590=IFCINDEXEDPOLYGONALFACE((16,14,11,12));
#591=IFCINDEXEDPOLYGONALFACE((33,10,14,15));
#592=IFCINDEXEDPOLYGONALFACE((15,14,16,17));
#593=IFCINDEXEDPOLYGONALFACE((18,21,17,16));
#594=IFCINDEXEDPOLYGONALFACE((12,20,18,16));
#595=IFCINDEXEDPOLYGONALFACE((19,22,21,18));
#596=IFCINDEXEDPOLYGONALFACE((19,18,20,110));
#597=IFCINDEXEDPOLYGONALFACE((22,25,23,21));
#598=IFCINDEXEDPOLYGONALFACE((21,23,26,17));
#599=IFCINDEXEDPOLYGONALFACE((23,24,27,26));
#600=IFCINDEXEDPOLYGONALFACE((25,85,24,23));
#601=IFCINDEXEDPOLYGONALFACE((26,27,29,28));
#602=IFCINDEXEDPOLYGONALFACE((17,26,28,15));
#603=IFCINDEXEDPOLYGONALFACE((32,30,28,29));
#604=IFCINDEXEDPOLYGONALFACE((30,33,15,28));
#605=IFCINDEXEDPOLYGONALFACE((34,33,30,31));
#606=IFCINDEXEDPOLYGONALFACE((31,30,32,41));
#607=IFCINDEXEDPOLYGONALFACE((34,8,10,33));
#608=IFCINDEXEDPOLYGONALFACE((8,34,35,36));
#609=IFCINDEXEDPOLYGONALFACE((34,31,38,35));
#610=IFCINDEXEDPOLYGONALFACE((35,37,64,36));
#611=IFCINDEXEDPOLYGONALFACE((38,39,37,35));
#612=IFCINDEXEDPOLYGONALFACE((31,41,39,38));
#613=IFCINDEXEDPOLYGONALFACE((40,49,37,39));
#614=IFCINDEXEDPOLYGONALFACE((41,42,40,39));
#615=IFCINDEXEDPOLYGONALFACE((32,43,42,41));
#616=IFCINDEXEDPOLYGONALFACE((44,42,43,45));
#617=IFCINDEXEDPOLYGONALFACE((42,44,47,40));
#618=IFCINDEXEDPOLYGONALFACE((46,44,45,76));
#619=IFCINDEXEDPOLYGONALFACE((44,46,48,47));
#620=IFCINDEXEDPOLYGONALFACE((47,48,49,40));
#621=IFCINDEXEDPOLYGONALFACE((48,50,51,49));
#622=IFCINDEXEDPOLYGONALFACE((46,53,50,48));
#623=IFCINDEXEDPOLYGONALFACE((50,52,62,51));
#624=IFCINDEXEDPOLYGONALFACE((53,55,52,50));
#625=IFCINDEXEDPOLYGONALFACE((55,53,54,56));
#626=IFCINDEXEDPOLYGONALFACE((53,46,76,54));
#627=IFCINDEXEDPOLYGONALFACE((55,56,59,57));
#628=IFCINDEXEDPOLYGONALFACE((55,57,60,52));
#629=IFCINDEXEDPOLYGONALFACE((57,58,61,60));
#630=IFCINDEXEDPOLYGONALFACE((57,59,65,58));
#631=IFCINDEXEDPOLYGONALFACE((62,52,60,61));
#632=IFCINDEXEDPOLYGONALFACE((58,6,2,61));
#633=IFCINDEXEDPOLYGONALFACE((62,61,2,63));
#634=IFCINDEXEDPOLYGONALFACE((51,62,63,64));
#635=IFCINDEXEDPOLYGONALFACE((36,64,63,3));
#636=IFCINDEXEDPOLYGONALFACE((49,51,64,37));
#637=IFCINDEXEDPOLYGONALFACE((65,59,66,68));
#638=IFCINDEXEDPOLYGONALFACE((59,56,69,66));
#639=IFCINDEXEDPOLYGONALFACE((70,67,66,69));
#640=IFCINDEXEDPOLYGONALFACE((67,102,68,66));
#641=IFCINDEXEDPOLYGONALFACE((69,71,72,70));
#642=IFCINDEXEDPOLYGONALFACE((56,54,71,69));
#643=IFCINDEXEDPOLYGONALFACE((72,71,73,74));
#644=IFCINDEXEDPOLYGONALFACE((54,76,73,71));
#645=IFCINDEXEDPOLYGONALFACE((74,73,75,78));
#646=IFCINDEXEDPOLYGONALFACE((76,45,75,73));
#647=IFCINDEXEDPOLYGONALFACE((45,43,77,75));
#648=IFCINDEXEDPOLYGONALFACE((75,77,79,78));
#649=IFCINDEXEDPOLYGONALFACE((79,83,80,78));
#650=IFCINDEXEDPOLYGONALFACE((78,80,81,74));
#651=IFCINDEXEDPOLYGONALFACE((90,81,80,82));
#652=IFCINDEXEDPOLYGONALFACE((82,80,83,84));
#653=IFCINDEXEDPOLYGONALFACE((85,84,83,24));
#654=IFCINDEXEDPOLYGONALFACE((24,83,79,27));
#655=IFCINDEXEDPOLYGONALFACE((84,85,87,86));
#656=IFCINDEXEDPOLYGONALFACE((82,84,86,88));
#657=IFCINDEXEDPOLYGONALFACE((90,82,88,89));
#658=IFCINDEXEDPOLYGONALFACE((92,90,89,91));
#659=IFCINDEXEDPOLYGONALFACE((95,92,91,93));
#660=IFCINDEXEDPOLYGONALFACE((97,95,93,94));
#661=IFCINDEXEDPOLYGONALFACE((92,95,96,118));
#662=IFCINDEXEDPOLYGONALFACE((95,97,99,96));
#663=IFCINDEXEDPOLYGONALFACE((98,97,94,116));
#664=IFCINDEXEDPOLYGONALFACE((97,98,100,99));
#665=IFCINDEXEDPOLYGONALFACE((99,100,102,67));
#666=IFCINDEXEDPOLYGONALFACE((96,99,67,70));
#667=IFCINDEXEDPOLYGONALFACE((100,101,103,102));
#668=IFCINDEXEDPOLYGONALFACE((101,100,98,109));
#669=IFCINDEXEDPOLYGONALFACE((104,68,102,103));
#670=IFCINDEXEDPOLYGONALFACE((103,101,106,105));
#671=IFCINDEXEDPOLYGONALFACE((13,104,103,105));
#672=IFCINDEXEDPOLYGONALFACE((105,106,20,12));
#673=IFCINDEXEDPOLYGONALFACE((107,106,101,109));
#674=IFCINDEXEDPOLYGONALFACE((110,20,106,107));
#675=IFCINDEXEDPOLYGONALFACE((107,109,115,108));
#676=IFCINDEXEDPOLYGONALFACE((110,107,108,111));
#677=IFCINDEXEDPOLYGONALFACE((19,110,111,112));
#678=IFCINDEXEDPOLYGONALFACE((22,19,112,113));
#679=IFCINDEXEDPOLYGONALFACE((25,22,113,114));
#680=IFCINDEXEDPOLYGONALFACE((85,25,114,87));
#681=IFCINDEXEDPOLYGONALFACE((109,98,116,115));
#682=IFCINDEXEDPOLYGONALFACE((5,117,104,13));
#683=IFCINDEXEDPOLYGONALFACE((117,65,68,104));
#684=IFCINDEXEDPOLYGONALFACE((117,6,58,65));
#685=IFCINDEXEDPOLYGONALFACE((118,96,70,72));
#686=IFCINDEXEDPOLYGONALFACE((92,118,81,90));
#687=IFCINDEXEDPOLYGONALFACE((74,81,118,72));
#688=IFCINDEXEDPOLYGONALFACE((27,79,77,29));
#689=IFCINDEXEDPOLYGONALFACE((43,32,29,77));
#690=IFCPOLYGONALFACESET(#691,$,(#692,#693,#694,#695,#696,#697,#698,#699,#700,#701,#702,#703,#704,#705,#706,#707,#708,#709,#710,#711,#712,#713,#714,#715,#716,#717,#718,#719,#720,#721,#722,#723,#724,#725,#726,#727,#728,#729,#730,#731,#732,#733,#734,#735,#736,#737,#738,#739,#740,#741,#742,#743,#744,#745,#746,#747,#748,#749,#750,#751,#752,#753,#754,#755,#756,#757,#758,#759,#760,#761,#762,#763,#764,#765,#766,#767,#768,#769,#770,#771,#772,#773,#774,#775,#776,#777,#778,#779,#780,#781,#782,#783,#784,#785,#786,#787,#788,#789,#790,#791,#792,#793,#794,#795,#796,#797,#798,#799,#800,#801),$);
#691=IFCCARTESIANPOINTLIST3D(((256.773712158203,-297.831573486328,1982.04467773438),(255.669006347656,-298.226898193359,1982.04467773438),(257.169036865234,-296.645690917969,1982.04467773438),(257.169036865234,-298.226898193359,1982.04467773438),(257.169036865234,-298.226989746094,1981.48608398438),(255.669006347656,-298.726898193359,1982.04467773438),(257.669006347656,-296.726898193359,1982.04467773438),(257.669006347656,-293.943298339844,1982.04467773438),(257.669006347656,-296.727294921875,1981.48889160156),(257.669006347656,-293.943298339844,1981.49487304688),(257.669006347656,-296.728393554688,1979.92248535156),(257.669006347656,-293.943298339844,1979.94409179688),(257.669006347656,-296.763885498047,1928.59008789062),(257.169036865234,-298.227294921875,1979.91174316406),(255.669006347656,-298.726898193359,1979.90795898438),(257.169036865234,-298.236083984375,1928.30834960938),(257.169036865234,-298.236389160156,1926.73413085938),(255.669006347656,-298.726898193359,1928.21459960938),(229.669021606445,-298.726898193359,1928.21459960938),(255.669006347656,-298.726898193359,1926.63745117188),(255.669006347656,-298.726898193359,1926.08325195312),(229.669021606445,-298.726898193359,1926.63745117188),(229.669021606445,-298.726898193359,1926.08325195312),(228.169021606445,-298.236389160156,1926.73413085938),(227.669036865234,-296.764892578125,1927.02368164062),(228.169021606445,-298.236083984375,1928.30834960938),(228.169021606445,-298.236480712891,1926.18078613281),(227.669036865234,-296.765289306641,1926.47338867188),(228.561935424805,-297.838897705078,1926.18078613281),(229.748733520508,-298.226898193359,1926.08325195312),(228.169021606445,-296.682678222656,1926.47338867188),(228.169021606445,-293.943298339844,1927.03491210938),(228.169021606445,-291.203979492188,1926.47338867188),(227.669036865234,-293.943298339844,1927.03491210938),(227.669036865234,-291.121276855469,1926.47338867188),(227.669036865234,-293.943298339844,1927.57934570312),(227.669036865234,-291.121673583984,1927.02368164062),(227.669036865234,-293.943298339844,1929.12963867188),(227.669036865234,-291.122772216797,1928.59008789062),(227.669036865234,-293.943298339844,1979.94409179688),(227.669036865234,-296.763793945312,1928.59008789062),(227.669036865234,-296.728271484375,1979.92248535156),(227.669036865234,-296.727294921875,1981.48889160156),(228.169021606445,-298.227172851562,1979.91174316406),(228.169021606445,-298.226989746094,1981.48608398438),(229.669021606445,-298.726898193359,1979.90795898438),(229.669021606445,-298.726898193359,1981.48510742188),(229.669021606445,-298.726898193359,1982.04467773438),(255.669006347656,-298.726898193359,1981.48510742188),(228.169021606445,-298.226898193359,1982.04467773438),(229.750228881836,-298.226898193359,1982.04467773438),(229.669021606445,-296.726898193359,1982.04467773438),(228.564239501953,-297.831573486328,1982.04467773438),(228.169021606445,-296.645690917969,1982.04467773438),(228.169021606445,-293.943298339844,1982.04467773438),(227.669036865234,-296.726898193359,1982.04467773438),(227.669036865234,-293.943298339844,1982.04467773438),(227.669036865234,-293.943298339844,1981.49487304688),(227.669036865234,-291.159790039062,1982.04467773438),(227.669036865234,-291.159393310547,1981.48889160156),(228.169021606445,-289.659790039062,1982.04467773438),(228.169021606445,-291.240875244141,1982.04467773438),(228.564239501953,-290.055084228516,1982.04467773438),(229.669021606445,-291.159790039062,1982.04467773438),(255.669006347656,-291.159790039062,1982.04467773438),(229.750228881836,-289.659790039062,1982.04467773438),(229.669021606445,-293.943298339844,1982.04467773438),(255.669006347656,-293.943298339844,1982.04467773438),(255.669006347656,-296.726898193359,1982.04467773438),(257.169036865234,-293.943298339844,1982.04467773438),(257.169036865234,-291.240875244141,1982.04467773438),(256.773712158203,-290.055084228516,1982.04467773438),(257.669006347656,-291.159790039062,1982.04467773438),(257.169036865234,-289.659790039062,1982.04467773438),(257.669006347656,-291.159393310547,1981.48889160156),(257.169036865234,-289.659698486328,1981.48608398438),(257.669006347656,-291.158294677734,1979.92248535156),(257.169036865234,-289.659393310547,1979.91174316406),(257.669006347656,-291.122772216797,1928.59008789062),(257.169036865234,-289.650482177734,1928.30834960938),(257.669006347656,-293.943298339844,1929.12963867188),(257.669006347656,-291.121673583984,1927.02368164062),(257.669006347656,-293.943298339844,1927.57934570312),(257.669006347656,-291.121276855469,1926.47338867188),(257.169036865234,-289.650299072266,1926.73413085938),(255.669006347656,-289.159790039062,1926.63745117188),(257.169036865234,-289.650177001953,1926.18078613281),(255.669006347656,-289.159790039062,1926.08325195312),(256.776031494141,-290.047698974609,1926.18078613281),(257.169036865234,-291.203979492188,1926.47338867188),(255.589324951172,-289.659790039062,1926.08325195312),(229.748733520508,-289.659790039062,1926.08325195312),(229.669021606445,-289.159790039062,1926.08325195312),(228.561935424805,-290.047698974609,1926.18078613281),(228.169021606445,-289.650177001953,1926.18078613281),(228.169021606445,-289.650299072266,1926.73413085938),(229.669021606445,-289.159790039062,1926.63745117188),(228.169021606445,-289.650482177734,1928.30834960938),(228.169021606445,-289.659393310547,1979.91174316406),(229.669021606445,-289.159790039062,1928.21459960938),(255.669006347656,-289.159790039062,1928.21459960938),(229.669021606445,-289.159790039062,1979.90795898438),(255.669006347656,-289.159790039062,1979.90795898438),(229.669021606445,-289.159790039062,1981.48510742188),(255.669006347656,-289.159790039062,1981.48510742188),(229.669021606445,-289.159790039062,1982.04467773438),(228.169021606445,-289.659698486328,1981.48608398438),(255.669006347656,-289.159790039062,1982.04467773438),(255.587829589844,-289.659790039062,1982.04467773438),(227.669036865234,-291.158294677734,1979.92248535156),(257.169036865234,-293.943298339844,1927.03491210938),(257.669006347656,-293.943298339844,1927.03491210938),(257.169036865234,-296.682678222656,1926.47338867188),(256.776031494141,-297.838897705078,1926.18078613281),(257.669006347656,-296.765289306641,1926.47338867188),(257.669006347656,-296.764892578125,1927.02368164062),(257.169036865234,-298.236480712891,1926.18078613281),(255.589324951172,-298.226898193359,1926.08325195312)));
#692=IFCINDEXEDPOLYGONALFACE((6,4,1,2));
#693=IFCINDEXEDPOLYGONALFACE((1,3,69,2));
#694=IFCINDEXEDPOLYGONALFACE((4,7,3,1));
#695=IFCINDEXEDPOLYGONALFACE((7,4,5,9));
#696=IFCINDEXEDPOLYGONALFACE((4,6,49,5));
#697=IFCINDEXEDPOLYGONALFACE((7,8,70,3));
#698=IFCINDEXEDPOLYGONALFACE((8,7,9,10));
#699=IFCINDEXEDPOLYGONALFACE((10,9,11,12));
#700=IFCINDEXEDPOLYGONALFACE((9,5,14,11));
#701=IFCINDEXEDPOLYGONALFACE((81,12,11,13));
#702=IFCINDEXEDPOLYGONALFACE((13,11,14,16));
#703=IFCINDEXEDPOLYGONALFACE((5,49,15,14));
#704=IFCINDEXEDPOLYGONALFACE((14,15,18,16));
#705=IFCINDEXEDPOLYGONALFACE((16,17,116,13));
#706=IFCINDEXEDPOLYGONALFACE((18,20,17,16));
#707=IFCINDEXEDPOLYGONALFACE((15,46,19,18));
#708=IFCINDEXEDPOLYGONALFACE((22,20,18,19));
#709=IFCINDEXEDPOLYGONALFACE((117,17,20,21));
#710=IFCINDEXEDPOLYGONALFACE((20,22,23,21));
#711=IFCINDEXEDPOLYGONALFACE((27,23,22,24));
#712=IFCINDEXEDPOLYGONALFACE((24,22,19,26));
#713=IFCINDEXEDPOLYGONALFACE((25,24,26,41));
#714=IFCINDEXEDPOLYGONALFACE((28,27,24,25));
#715=IFCINDEXEDPOLYGONALFACE((23,27,29,30));
#716=IFCINDEXEDPOLYGONALFACE((27,28,31,29));
#717=IFCINDEXEDPOLYGONALFACE((28,34,32,31));
#718=IFCINDEXEDPOLYGONALFACE((34,35,33,32));
#719=IFCINDEXEDPOLYGONALFACE((34,36,37,35));
#720=IFCINDEXEDPOLYGONALFACE((34,28,25,36));
#721=IFCINDEXEDPOLYGONALFACE((39,37,36,38));
#722=IFCINDEXEDPOLYGONALFACE((36,25,41,38));
#723=IFCINDEXEDPOLYGONALFACE((38,40,110,39));
#724=IFCINDEXEDPOLYGONALFACE((42,40,38,41));
#725=IFCINDEXEDPOLYGONALFACE((41,26,44,42));
#726=IFCINDEXEDPOLYGONALFACE((43,58,40,42));
#727=IFCINDEXEDPOLYGONALFACE((45,43,42,44));
#728=IFCINDEXEDPOLYGONALFACE((26,19,46,44));
#729=IFCINDEXEDPOLYGONALFACE((47,45,44,46));
#730=IFCINDEXEDPOLYGONALFACE((49,47,46,15));
#731=IFCINDEXEDPOLYGONALFACE((50,45,47,48));
#732=IFCINDEXEDPOLYGONALFACE((49,6,48,47));
#733=IFCINDEXEDPOLYGONALFACE((50,48,51,53));
#734=IFCINDEXEDPOLYGONALFACE((48,6,2,51));
#735=IFCINDEXEDPOLYGONALFACE((52,51,2,69));
#736=IFCINDEXEDPOLYGONALFACE((52,54,53,51));
#737=IFCINDEXEDPOLYGONALFACE((56,50,53,54));
#738=IFCINDEXEDPOLYGONALFACE((57,56,54,55));
#739=IFCINDEXEDPOLYGONALFACE((55,54,52,67));
#740=IFCINDEXEDPOLYGONALFACE((56,57,58,43));
#741=IFCINDEXEDPOLYGONALFACE((56,43,45,50));
#742=IFCINDEXEDPOLYGONALFACE((57,59,60,58));
#743=IFCINDEXEDPOLYGONALFACE((59,57,55,62));
#744=IFCINDEXEDPOLYGONALFACE((59,61,107,60));
#745=IFCINDEXEDPOLYGONALFACE((61,59,62,63));
#746=IFCINDEXEDPOLYGONALFACE((63,62,64,66));
#747=IFCINDEXEDPOLYGONALFACE((62,55,67,64));
#748=IFCINDEXEDPOLYGONALFACE((64,67,68,65));
#749=IFCINDEXEDPOLYGONALFACE((66,64,65,109));
#750=IFCINDEXEDPOLYGONALFACE((67,52,69,68));
#751=IFCINDEXEDPOLYGONALFACE((70,68,69,3));
#752=IFCINDEXEDPOLYGONALFACE((71,65,68,70));
#753=IFCINDEXEDPOLYGONALFACE((8,73,71,70));
#754=IFCINDEXEDPOLYGONALFACE((72,109,65,71));
#755=IFCINDEXEDPOLYGONALFACE((73,74,72,71));
#756=IFCINDEXEDPOLYGONALFACE((73,75,76,74));
#757=IFCINDEXEDPOLYGONALFACE((73,8,10,75));
#758=IFCINDEXEDPOLYGONALFACE((76,75,77,78));
#759=IFCINDEXEDPOLYGONALFACE((75,10,12,77));
#760=IFCINDEXEDPOLYGONALFACE((79,80,78,77));
#761=IFCINDEXEDPOLYGONALFACE((77,12,81,79));
#762=IFCINDEXEDPOLYGONALFACE((82,85,80,79));
#763=IFCINDEXEDPOLYGONALFACE((83,82,79,81));
#764=IFCINDEXEDPOLYGONALFACE((112,84,82,83));
#765=IFCINDEXEDPOLYGONALFACE((84,87,85,82));
#766=IFCINDEXEDPOLYGONALFACE((85,86,101,80));
#767=IFCINDEXEDPOLYGONALFACE((87,88,86,85));
#768=IFCINDEXEDPOLYGONALFACE((88,87,89,91));
#769=IFCINDEXEDPOLYGONALFACE((87,84,90,89));
#770=IFCINDEXEDPOLYGONALFACE((93,88,91,92));
#771=IFCINDEXEDPOLYGONALFACE((95,93,92,94));
#772=IFCINDEXEDPOLYGONALFACE((35,95,94,33));
#773=IFCINDEXEDPOLYGONALFACE((35,37,96,95));
#774=IFCINDEXEDPOLYGONALFACE((95,96,97,93));
#775=IFCINDEXEDPOLYGONALFACE((98,96,37,39));
#776=IFCINDEXEDPOLYGONALFACE((100,97,96,98));
#777=IFCINDEXEDPOLYGONALFACE((39,110,99,98));
#778=IFCINDEXEDPOLYGONALFACE((99,102,100,98));
#779=IFCINDEXEDPOLYGONALFACE((86,97,100,101));
#780=IFCINDEXEDPOLYGONALFACE((101,100,102,103));
#781=IFCINDEXEDPOLYGONALFACE((104,105,103,102));
#782=IFCINDEXEDPOLYGONALFACE((107,104,102,99));
#783=IFCINDEXEDPOLYGONALFACE((105,104,106,108));
#784=IFCINDEXEDPOLYGONALFACE((61,106,104,107));
#785=IFCINDEXEDPOLYGONALFACE((60,107,99,110));
#786=IFCINDEXEDPOLYGONALFACE((108,106,66,109));
#787=IFCINDEXEDPOLYGONALFACE((106,61,63,66));
#788=IFCINDEXEDPOLYGONALFACE((74,76,105,108));
#789=IFCINDEXEDPOLYGONALFACE((74,108,109,72));
#790=IFCINDEXEDPOLYGONALFACE((105,76,78,103));
#791=IFCINDEXEDPOLYGONALFACE((80,101,103,78));
#792=IFCINDEXEDPOLYGONALFACE((58,60,110,40));
#793=IFCINDEXEDPOLYGONALFACE((88,93,97,86));
#794=IFCINDEXEDPOLYGONALFACE((84,112,111,90));
#795=IFCINDEXEDPOLYGONALFACE((112,115,113,111));
#796=IFCINDEXEDPOLYGONALFACE((115,117,114,113));
#797=IFCINDEXEDPOLYGONALFACE((112,83,116,115));
#798=IFCINDEXEDPOLYGONALFACE((115,116,17,117));
#799=IFCINDEXEDPOLYGONALFACE((117,21,118,114));
#800=IFCINDEXEDPOLYGONALFACE((13,116,83,81));
#801=IFCINDEXEDPOLYGONALFACE((21,23,30,118));
#802=IFCPOLYGONALFACESET(#803,$,(#804,#805,#806,#807,#808,#809,#810,#811,#812,#813,#814,#815,#816,#817,#818,#819,#820,#821,#822,#823,#824,#825,#826,#827,#828,#829,#830,#831,#832,#833,#834,#835,#836,#837,#838,#839,#840,#841,#842,#843,#844,#845,#846,#847,#848,#849,#850,#851),$);
#803=IFCCARTESIANPOINTLIST3D(((275.,-18.142333984375,804.866943359375),(-274.285064697266,-18.1418132781982,804.866943359375),(274.288238525391,-18.8595275878906,804.866943359375),(275.,-519.92822265625,804.866455078125),(275.146942138672,-18.,805.066650390625),(275.146942138672,-18.,823.866943359375),(-274.426574707031,-18.,805.066650390625),(275.146789550781,-520.069702148438,805.066650390625),(275.146789550781,-520.069702148438,823.866455078125),(-274.426696777344,-520.069152832031,805.066650390625),(-274.285278320312,-519.927734375,804.866455078125),(-274.426696777344,-520.069213867188,823.866455078125),(-273.719635009766,-519.361938476562,824.866394042969),(-274.426574707031,-18.,823.866943359375),(-273.719421386719,-18.707426071167,824.866943359375),(274.439758300781,-18.7080402374268,824.866943359375),(-255.274993896484,-37.1519165039062,824.866943359375),(256.,-37.1524314880371,824.866943359375),(-255.275146484375,-500.917633056641,824.866394042969),(-254.426467895508,-38.,824.666748046875),(255.146957397461,-38.,824.666748046875),(-254.426467895508,-38.,824.066650390625),(-254.426605224609,-500.069122314453,824.666748046875),(255.146789550781,-500.069519042969,824.666748046875),(-254.426605224609,-500.069122314453,824.066650390625),(-255.275146484375,-500.917633056641,823.866455078125),(255.146789550781,-500.069519042969,824.066650390625),(255.146957397461,-38.,824.066650390625),(256.,-500.917999267578,823.866455078125),(272.939575195312,-517.862609863281,823.866455078125),(256.,-37.1524314880371,823.866943359375),(272.939788818359,-20.2080383300781,823.866943359375),(-255.274993896484,-37.1519165039062,823.866943359375),(-272.219390869141,-20.20751953125,823.866943359375),(-272.219665527344,-517.861999511719,823.866455078125),(-273.426574707031,-19.,823.366943359375),(274.146942138672,-19.,823.366943359375),(-273.426574707031,-19.,805.066650390625),(-273.426727294922,-519.069152832031,823.366455078125),(-273.426727294922,-519.069091796875,805.066650390625),(274.146789550781,-519.069702148438,823.366455078125),(274.146789550781,-519.069702148438,805.066650390625),(274.146942138672,-19.,805.066650390625),(274.2880859375,-519.210998535156,804.866455078125),(-273.568176269531,-519.210632324219,804.866455078125),(-273.567962646484,-18.8589134216309,804.866943359375),(256.,-500.917999267578,824.866394042969),(274.439544677734,-519.362609863281,824.866394042969)));
#804=IFCINDEXEDPOLYGONALFACE((2,7,5,1));
#805=IFCINDEXEDPOLYGONALFACE((1,3,46,2));
#806=IFCINDEXEDPOLYGONALFACE((1,4,44,3));
#807=IFCINDEXEDPOLYGONALFACE((1,5,8,4));
#808=IFCINDEXEDPOLYGONALFACE((6,9,8,5));
#809=IFCINDEXEDPOLYGONALFACE((6,5,7,14));
#810=IFCINDEXEDPOLYGONALFACE((11,4,8,10));
#811=IFCINDEXEDPOLYGONALFACE((9,12,10,8));
#812=IFCINDEXEDPOLYGONALFACE((7,2,11,10));
#813=IFCINDEXEDPOLYGONALFACE((14,7,10,12));
#814=IFCINDEXEDPOLYGONALFACE((12,13,15,14));
#815=IFCINDEXEDPOLYGONALFACE((9,48,13,12));
#816=IFCINDEXEDPOLYGONALFACE((14,15,16,6));
#817=IFCINDEXEDPOLYGONALFACE((18,16,15,17));
#818=IFCINDEXEDPOLYGONALFACE((15,13,19,17));
#819=IFCINDEXEDPOLYGONALFACE((17,20,21,18));
#820=IFCINDEXEDPOLYGONALFACE((19,23,20,17));
#821=IFCINDEXEDPOLYGONALFACE((28,21,20,22));
#822=IFCINDEXEDPOLYGONALFACE((20,23,25,22));
#823=IFCINDEXEDPOLYGONALFACE((47,24,23,19));
#824=IFCINDEXEDPOLYGONALFACE((27,25,23,24));
#825=IFCINDEXEDPOLYGONALFACE((25,26,33,22));
#826=IFCINDEXEDPOLYGONALFACE((27,29,26,25));
#827=IFCINDEXEDPOLYGONALFACE((28,31,29,27));
#828=IFCINDEXEDPOLYGONALFACE((21,28,27,24));
#829=IFCINDEXEDPOLYGONALFACE((30,35,26,29));
#830=IFCINDEXEDPOLYGONALFACE((32,30,29,31));
#831=IFCINDEXEDPOLYGONALFACE((22,33,31,28));
#832=IFCINDEXEDPOLYGONALFACE((32,31,33,34));
#833=IFCINDEXEDPOLYGONALFACE((34,33,26,35));
#834=IFCINDEXEDPOLYGONALFACE((34,36,37,32));
#835=IFCINDEXEDPOLYGONALFACE((35,39,36,34));
#836=IFCINDEXEDPOLYGONALFACE((43,37,36,38));
#837=IFCINDEXEDPOLYGONALFACE((38,36,39,40));
#838=IFCINDEXEDPOLYGONALFACE((42,40,39,41));
#839=IFCINDEXEDPOLYGONALFACE((30,41,39,35));
#840=IFCINDEXEDPOLYGONALFACE((32,37,41,30));
#841=IFCINDEXEDPOLYGONALFACE((43,42,41,37));
#842=IFCINDEXEDPOLYGONALFACE((43,3,44,42));
#843=IFCINDEXEDPOLYGONALFACE((44,45,40,42));
#844=IFCINDEXEDPOLYGONALFACE((4,11,45,44));
#845=IFCINDEXEDPOLYGONALFACE((46,45,11,2));
#846=IFCINDEXEDPOLYGONALFACE((46,38,40,45));
#847=IFCINDEXEDPOLYGONALFACE((3,43,38,46));
#848=IFCINDEXEDPOLYGONALFACE((18,21,24,47));
#849=IFCINDEXEDPOLYGONALFACE((16,18,47,48));
#850=IFCINDEXEDPOLYGONALFACE((47,19,13,48));
#851=IFCINDEXEDPOLYGONALFACE((6,16,48,9));
#852=IFCPOLYGONALFACESET(#853,$,(#854,#855,#856,#857,#858,#859,#860,#861,#862,#863,#864,#865,#866,#867,#868,#869,#870,#871,#872,#873,#874,#875,#876,#877,#878,#879,#880,#881,#882,#883,#884,#885,#886,#887,#888,#889,#890,#891,#892,#893,#894,#895,#896,#897),$);
#853=IFCCARTESIANPOINTLIST3D(((255.207763671875,-545.631469726562,525.264892578125),(-258.613006591797,-545.631042480469,525.264892578125),(252.490676879883,-545.631469726562,527.982177734375),(255.208053588867,-545.63134765625,675.119384765625),(255.349258422852,-545.431457519531,525.123291015625),(255.349349975586,-522.018676757812,525.123291015625),(-258.754577636719,-545.430969238281,525.123291015625),(255.349349975586,-545.431396484375,675.260498046875),(255.349472045898,-522.018676757812,675.260498046875),(-258.754455566406,-545.430847167969,675.260498046875),(-258.754333496094,-522.018249511719,675.260498046875),(-258.612945556641,-545.630920410156,675.119384765625),(-255.895874023438,-545.630920410156,672.402099609375),(-255.895874023438,-545.631042480469,527.982177734375),(-255.754425048828,-545.430847167969,672.260498046875),(252.490768432617,-545.63134765625,672.402099609375),(252.349365234375,-545.431396484375,672.260498046875),(252.349365234375,-540.403198242188,672.260498046875),(252.349273681641,-545.431457519531,528.123291015625),(252.349273681641,-540.403198242188,528.123291015625),(-255.754547119141,-545.430969238281,528.123291015625),(-255.754547119141,-540.402648925781,528.123291015625),(-237.593719482422,-540.402160644531,544.275146484375),(-255.754302978516,-540.402648925781,672.260498046875),(-237.593612670898,-540.402160644531,656.109130859375),(234.197875976562,-540.402587890625,656.109130859375),(-236.745132446289,-540.202087402344,655.260498046875),(-236.745132446289,-521.218139648438,655.260498046875),(233.349349975586,-540.202575683594,655.260498046875),(-236.745193481445,-540.202087402344,545.123779296875),(233.349258422852,-540.202575683594,545.123291015625),(-236.745132446289,-521.21826171875,545.123779296875),(-237.593719482422,-521.018310546875,544.275146484375),(233.349349975586,-521.21875,545.123291015625),(234.197875976562,-521.018737792969,544.275146484375),(233.349487304688,-521.21875,655.260498046875),(234.197982788086,-521.018737792969,656.109130859375),(252.64225769043,-521.018737792969,672.553466796875),(-237.593612670898,-521.018249511719,656.109130859375),(-256.047210693359,-521.018249511719,672.553466796875),(-256.047332763672,-521.018310546875,527.830322265625),(252.64225769043,-521.018737792969,527.830322265625),(-258.754455566406,-522.018310546875,525.123291015625),(234.197784423828,-540.402587890625,544.275146484375)));
#854=IFCINDEXEDPOLYGONALFACE((2,7,5,1));
#855=IFCINDEXEDPOLYGONALFACE((1,3,14,2));
#856=IFCINDEXEDPOLYGONALFACE((1,4,16,3));
#857=IFCINDEXEDPOLYGONALFACE((1,5,8,4));
#858=IFCINDEXEDPOLYGONALFACE((6,9,8,5));
#859=IFCINDEXEDPOLYGONALFACE((6,5,7,43));
#860=IFCINDEXEDPOLYGONALFACE((9,11,10,8));
#861=IFCINDEXEDPOLYGONALFACE((12,4,8,10));
#862=IFCINDEXEDPOLYGONALFACE((43,7,10,11));
#863=IFCINDEXEDPOLYGONALFACE((7,2,12,10));
#864=IFCINDEXEDPOLYGONALFACE((14,13,12,2));
#865=IFCINDEXEDPOLYGONALFACE((4,12,13,16));
#866=IFCINDEXEDPOLYGONALFACE((14,21,15,13));
#867=IFCINDEXEDPOLYGONALFACE((16,13,15,17));
#868=IFCINDEXEDPOLYGONALFACE((19,3,16,17));
#869=IFCINDEXEDPOLYGONALFACE((17,15,24,18));
#870=IFCINDEXEDPOLYGONALFACE((19,17,18,20));
#871=IFCINDEXEDPOLYGONALFACE((3,19,21,14));
#872=IFCINDEXEDPOLYGONALFACE((19,20,22,21));
#873=IFCINDEXEDPOLYGONALFACE((21,22,24,15));
#874=IFCINDEXEDPOLYGONALFACE((25,24,22,23));
#875=IFCINDEXEDPOLYGONALFACE((23,22,20,44));
#876=IFCINDEXEDPOLYGONALFACE((25,26,18,24));
#877=IFCINDEXEDPOLYGONALFACE((27,25,23,30));
#878=IFCINDEXEDPOLYGONALFACE((29,26,25,27));
#879=IFCINDEXEDPOLYGONALFACE((32,28,27,30));
#880=IFCINDEXEDPOLYGONALFACE((29,27,28,36));
#881=IFCINDEXEDPOLYGONALFACE((30,23,44,31));
#882=IFCINDEXEDPOLYGONALFACE((31,34,32,30));
#883=IFCINDEXEDPOLYGONALFACE((39,28,32,33));
#884=IFCINDEXEDPOLYGONALFACE((33,32,34,35));
#885=IFCINDEXEDPOLYGONALFACE((35,34,36,37));
#886=IFCINDEXEDPOLYGONALFACE((34,31,29,36));
#887=IFCINDEXEDPOLYGONALFACE((37,36,28,39));
#888=IFCINDEXEDPOLYGONALFACE((42,35,37,38));
#889=IFCINDEXEDPOLYGONALFACE((37,39,40,38));
#890=IFCINDEXEDPOLYGONALFACE((41,40,39,33));
#891=IFCINDEXEDPOLYGONALFACE((11,40,41,43));
#892=IFCINDEXEDPOLYGONALFACE((9,38,40,11));
#893=IFCINDEXEDPOLYGONALFACE((43,41,42,6));
#894=IFCINDEXEDPOLYGONALFACE((35,42,41,33));
#895=IFCINDEXEDPOLYGONALFACE((6,42,38,9));
#896=IFCINDEXEDPOLYGONALFACE((31,44,26,29));
#897=IFCINDEXEDPOLYGONALFACE((20,18,26,44));
#898=IFCPOLYGONALFACESET(#899,$,(#900,#901,#902,#903,#904,#905),$);
#899=IFCCARTESIANPOINTLIST3D(((-257.754333496094,-540.431457519531,526.123291015625),(254.349182128906,-540.431457519531,526.123291015625),(-257.754333496094,-540.431457519531,674.260986328125),(-257.754333496094,-545.431457519531,526.123291015625),(-257.754333496094,-545.431457519531,674.260986328125),(254.349182128906,-545.431457519531,526.123291015625),(254.349182128906,-545.431457519531,674.260986328125),(254.349182128906,-540.431457519531,674.260986328125)));
#900=IFCINDEXEDPOLYGONALFACE((1,2,6,4));
#901=IFCINDEXEDPOLYGONALFACE((1,3,8,2));
#902=IFCINDEXEDPOLYGONALFACE((3,1,4,5));
#903=IFCINDEXEDPOLYGONALFACE((4,6,7,5));
#904=IFCINDEXEDPOLYGONALFACE((2,8,7,6));
#905=IFCINDEXEDPOLYGONALFACE((8,3,5,7));
#906=IFCPOLYGONALFACESET(#907,$,(#908,#909,#910,#911,#912,#913,#914,#915,#916,#917,#918,#919,#920,#921,#922,#923,#924,#925,#926,#927,#928,#929,#930,#931,#932,#933,#934,#935,#936,#937,#938,#939,#940,#941,#942,#943,#944,#945,#946,#947,#948,#949,#950,#951,#952,#953,#954,#955,#956,#957,#958,#959,#960,#961,#962,#963,#964,#965,#966,#967,#968,#969,#970,#971,#972,#973,#974,#975,#976,#977,#978,#979,#980,#981,#982,#983,#984,#985,#986,#987,#988,#989,#990,#991,#992,#993,#994,#995,#996,#997,#998,#999,#1000,#1001,#1002,#1003,#1004,#1005,#1006,#1007,#1008,#1009,#1010,#1011,#1012,#1013,#1014,#1015,#1016,#1017,#1018,#1019,#1020,#1021,#1022,#1023,#1024,#1025,#1026,#1027,#1028,#1029,#1030,#1031,#1032,#1033,#1034,#1035,#1036,#1037,#1038,#1039,#1040,#1041,#1042,#1043,#1044,#1045,#1046,#1047,#1048,#1049,#1050,#1051,#1052,#1053,#1054,#1055,#1056,#1057,#1058,#1059,#1060,#1061,#1062,#1063,#1064,#1065,#1066,#1067,#1068,#1069,#1070,#1071,#1072,#1073,#1074,#1075,#1076,#1077,#1078,#1079),$);
#907=IFCCARTESIANPOINTLIST3D(((254.189086914062,-520.96826171875,675.768310546875),(-257.754455566406,-520.968383789062,675.768310546875),(254.189086914062,-520.96826171875,675.268310546875),(255.189071655273,-520.96826171875,675.768310546875),(254.189086914062,-521.09326171875,676.143310546875),(-257.754455566406,-521.093383789062,676.143310546875),(254.189086914062,-521.468322753906,676.268310546875),(255.064086914062,-521.09326171875,676.143310546875),(255.064086914062,-521.94775390625,676.143310546875),(254.689086914062,-521.468322753906,676.268310546875),(254.689086914062,-521.94775390625,676.268310546875),(254.189086914062,-521.94775390625,676.268310546875),(254.689086914062,-544.800354003906,676.268310546875),(254.689086914062,-545.676025390625,676.268310546875),(254.189086914062,-544.800354003906,676.268310546875),(255.064086914062,-544.800354003906,676.143310546875),(255.064086914062,-545.676025390625,676.143310546875),(255.189071655273,-544.800354003906,675.768310546875),(255.189071655273,-545.676025390625,675.768310546875),(255.189071655273,-544.800354003906,675.268310546875),(255.189071655273,-521.94775390625,675.768310546875),(255.189071655273,-521.94775390625,675.268310546875),(255.189071655273,-520.96826171875,675.268310546875),(254.189086914062,-521.94775390625,675.268310546875),(-257.754333496094,-521.94775390625,675.268310546875),(254.189086914062,-544.800354003906,675.268310546875),(254.189086914062,-545.676025390625,675.268310546875),(-257.754333496094,-544.800537109375,675.268310546875),(-258.754333496094,-544.800537109375,675.268310546875),(-257.754333496094,-545.676330566406,675.268310546875),(-258.754333496094,-545.676330566406,675.268310546875),(-257.754333496094,-545.676330566406,674.216064453125),(254.189086914062,-545.676025390625,674.216064453125),(-258.754333496094,-545.676452636719,674.216064453125),(-257.754333496094,-545.801330566406,673.841064453125),(-258.629333496094,-545.801452636719,673.841064453125),(-257.754333496094,-546.14306640625,673.669677734375),(254.189086914062,-545.801025390625,673.841064453125),(255.064086914062,-545.801025390625,673.841064453125),(254.189086914062,-546.142761230469,673.669677734375),(254.689086914062,-546.142761230469,673.669677734375),(254.189086914062,-546.672912597656,673.503662109375),(254.189086914062,-561.719604492188,669.688720703125),(254.689086914062,-546.672912597656,673.503662109375),(-257.754333496094,-546.673217773438,673.503662109375),(-257.754455566406,-561.719848632812,669.688720703125),(-258.254302978516,-546.673217773438,673.503662109375),(-258.629333496094,-546.673217773438,673.628662109375),(-258.254425048828,-561.719848632812,669.688720703125),(-258.254302978516,-546.14306640625,673.669677734375),(-258.254425048828,-562.2451171875,669.688720703125),(-258.629455566406,-561.719848632812,669.813720703125),(-258.629455566406,-562.2451171875,669.813720703125),(-258.754455566406,-561.719848632812,670.188720703125),(-258.754455566406,-561.719787597656,675.268310546875),(-258.754455566406,-562.2451171875,670.188720703125),(-258.754333496094,-546.673217773438,674.),(-258.754333496094,-546.673156738281,675.268310546875),(-258.754333496094,-546.673156738281,675.768310546875),(-258.754333496094,-545.676330566406,675.768310546875),(-258.629333496094,-546.673156738281,676.143310546875),(-258.754455566406,-561.719787597656,675.768310546875),(-258.629455566406,-561.719787597656,676.143310546875),(-258.754455566406,-562.245056152344,675.768310546875),(-258.691925048828,-562.682556152344,675.768310546875),(-258.754455566406,-562.245056152344,675.268310546875),(-258.629455566406,-562.245056152344,676.143310546875),(-258.254425048828,-562.245056152344,676.268310546875),(-258.606018066406,-562.652038574219,676.143310546875),(-258.348419189453,-562.560546875,676.268310546875),(-258.416076660156,-562.906616210938,676.143310546875),(-258.161437988281,-563.096618652344,676.143310546875),(-258.504455566406,-563.,675.768310546875),(-258.15087890625,-562.641418457031,676.268310546875),(-257.754455566406,-562.245056152344,676.268310546875),(-258.070068359375,-562.839050292969,676.268310546875),(-257.754455566406,-562.744995117188,676.268310546875),(254.189086914062,-562.744750976562,676.268310546875),(-257.754455566406,-563.120056152344,676.143310546875),(-257.754455566406,-563.244995117188,675.768310546875),(254.189086914062,-563.119812011719,676.143310546875),(254.189086914062,-563.244812011719,675.768310546875),(254.596069335938,-563.096496582031,676.143310546875),(254.85075378418,-562.906433105469,676.143310546875),(254.504669189453,-562.8388671875,676.268310546875),(254.626586914062,-563.182250976562,675.768310546875),(254.626586914062,-563.182250976562,675.268310546875),(254.939056396484,-563.,675.768310546875),(254.939056396484,-563.,675.268310546875),(255.126586914062,-562.682312011719,675.768310546875),(255.189071655273,-562.244812011719,675.768310546875),(255.040756225586,-562.651916503906,676.143310546875),(255.126586914062,-562.682312011719,675.268310546875),(255.126586914062,-562.682312011719,670.188720703125),(255.189071655273,-562.244812011719,675.268310546875),(255.189071655273,-562.244812011719,670.188720703125),(255.189071655273,-561.719604492188,675.268310546875),(255.189071655273,-561.719604492188,675.768310546875),(255.189071655273,-561.719604492188,670.188720703125),(255.189071655273,-546.672912597656,675.268310546875),(255.189071655273,-546.672912597656,675.768310546875),(255.189071655273,-545.676025390625,675.268310546875),(255.189071655273,-546.672912597656,674.),(255.189071655273,-545.676025390625,674.216064453125),(255.064086914062,-546.672912597656,673.628662109375),(255.064086914062,-561.719604492188,669.813720703125),(255.064086914062,-562.244812011719,669.813720703125),(254.689086914062,-561.719604492188,669.688720703125),(254.689086914062,-562.244812011719,669.688720703125),(254.189086914062,-562.244812011719,669.688720703125),(254.783264160156,-562.560424804688,669.688720703125),(254.585556030273,-562.641296386719,669.688720703125),(255.040756225586,-562.651916503906,669.813720703125),(254.85075378418,-562.906433105469,669.813720703125),(254.939056396484,-563.,670.188720703125),(254.596069335938,-563.096496582031,669.813720703125),(254.626586914062,-563.182250976562,670.188720703125),(254.504669189453,-562.8388671875,669.688720703125),(254.189086914062,-563.119812011719,669.813720703125),(254.189086914062,-562.744750976562,669.688720703125),(254.189086914062,-563.244812011719,670.188720703125),(-257.754455566406,-563.1201171875,669.813720703125),(-257.754455566406,-563.245056152344,670.188720703125),(-258.161437988281,-563.096740722656,669.813720703125),(-257.754455566406,-562.745056152344,669.688720703125),(-257.754455566406,-562.2451171875,669.688720703125),(-258.070068359375,-562.839050292969,669.688720703125),(-258.15087890625,-562.641540527344,669.688720703125),(-258.348419189453,-562.560607910156,669.688720703125),(-258.416076660156,-562.906616210938,669.813720703125),(-258.504455566406,-563.,670.188720703125),(-258.606018066406,-562.652038574219,669.813720703125),(-258.691925048828,-562.6826171875,670.188720703125),(-258.691925048828,-562.682556152344,675.268310546875),(-258.504455566406,-563.,675.268310546875),(-258.191955566406,-563.182495117188,675.268310546875),(-258.191955566406,-563.182495117188,675.768310546875),(-257.754455566406,-563.244995117188,675.268310546875),(-258.191955566406,-563.182556152344,670.188720703125),(254.189086914062,-563.244812011719,675.268310546875),(255.064086914062,-546.672912597656,676.143310546875),(254.689086914062,-546.672912597656,676.268310546875),(255.064086914062,-561.719604492188,676.143310546875),(254.689086914062,-561.719604492188,676.268310546875),(255.064086914062,-562.244812011719,676.143310546875),(254.689086914062,-562.244812011719,676.268310546875),(254.783264160156,-562.560424804688,676.268310546875),(254.189086914062,-562.244812011719,676.268310546875),(254.189086914062,-561.719604492188,676.268310546875),(254.585556030273,-562.641296386719,676.268310546875),(-257.754455566406,-561.719787597656,676.268310546875),(254.189086914062,-546.672912597656,676.268310546875),(254.189086914062,-545.676025390625,676.268310546875),(-257.754333496094,-546.673156738281,676.268310546875),(-258.254302978516,-546.673156738281,676.268310546875),(-257.754333496094,-545.676330566406,676.268310546875),(-258.254302978516,-545.676330566406,676.268310546875),(-257.754333496094,-544.800537109375,676.268310546875),(-257.754333496094,-521.94775390625,676.268310546875),(-258.254302978516,-544.800537109375,676.268310546875),(-258.254302978516,-521.94775390625,676.268310546875),(-258.629333496094,-544.800537109375,676.143310546875),(-258.629333496094,-521.94775390625,676.143310546875),(-258.629333496094,-545.676330566406,676.143310546875),(-258.754333496094,-544.800537109375,675.768310546875),(-258.754333496094,-521.94775390625,675.768310546875),(-258.754455566406,-520.968383789062,675.768310546875),(-258.754333496094,-521.94775390625,675.268310546875),(-258.754455566406,-520.968383789062,675.268310546875),(-257.754455566406,-520.968383789062,675.268310546875),(-258.629455566406,-521.093383789062,676.143310546875),(-258.254302978516,-521.468444824219,676.268310546875),(-257.754333496094,-521.468444824219,676.268310546875),(-258.254425048828,-561.719787597656,676.268310546875)));
#908=IFCINDEXEDPOLYGONALFACE((5,1,2,6));
#909=IFCINDEXEDPOLYGONALFACE((1,3,170,2));
#910=IFCINDEXEDPOLYGONALFACE((4,23,3,1));
#911=IFCINDEXEDPOLYGONALFACE((8,4,1,5));
#912=IFCINDEXEDPOLYGONALFACE((7,5,6,173));
#913=IFCINDEXEDPOLYGONALFACE((10,8,5,7));
#914=IFCINDEXEDPOLYGONALFACE((8,9,21,4));
#915=IFCINDEXEDPOLYGONALFACE((10,11,9,8));
#916=IFCINDEXEDPOLYGONALFACE((10,7,12,11));
#917=IFCINDEXEDPOLYGONALFACE((11,13,16,9));
#918=IFCINDEXEDPOLYGONALFACE((11,12,15,13));
#919=IFCINDEXEDPOLYGONALFACE((13,14,17,16));
#920=IFCINDEXEDPOLYGONALFACE((14,13,15,153));
#921=IFCINDEXEDPOLYGONALFACE((9,16,18,21));
#922=IFCINDEXEDPOLYGONALFACE((16,17,19,18));
#923=IFCINDEXEDPOLYGONALFACE((19,102,20,18));
#924=IFCINDEXEDPOLYGONALFACE((18,20,22,21));
#925=IFCINDEXEDPOLYGONALFACE((4,21,22,23));
#926=IFCINDEXEDPOLYGONALFACE((23,22,24,3));
#927=IFCINDEXEDPOLYGONALFACE((20,26,24,22));
#928=IFCINDEXEDPOLYGONALFACE((26,28,25,24));
#929=IFCINDEXEDPOLYGONALFACE((3,24,25,170));
#930=IFCINDEXEDPOLYGONALFACE((102,27,26,20));
#931=IFCINDEXEDPOLYGONALFACE((27,30,28,26));
#932=IFCINDEXEDPOLYGONALFACE((168,25,28,29));
#933=IFCINDEXEDPOLYGONALFACE((31,29,28,30));
#934=IFCINDEXEDPOLYGONALFACE((27,33,32,30));
#935=IFCINDEXEDPOLYGONALFACE((34,31,30,32));
#936=IFCINDEXEDPOLYGONALFACE((33,38,35,32));
#937=IFCINDEXEDPOLYGONALFACE((32,35,36,34));
#938=IFCINDEXEDPOLYGONALFACE((35,37,50,36));
#939=IFCINDEXEDPOLYGONALFACE((38,40,37,35));
#940=IFCINDEXEDPOLYGONALFACE((104,39,38,33));
#941=IFCINDEXEDPOLYGONALFACE((39,41,40,38));
#942=IFCINDEXEDPOLYGONALFACE((41,44,42,40));
#943=IFCINDEXEDPOLYGONALFACE((37,40,42,45));
#944=IFCINDEXEDPOLYGONALFACE((45,42,43,46));
#945=IFCINDEXEDPOLYGONALFACE((108,43,42,44));
#946=IFCINDEXEDPOLYGONALFACE((50,37,45,47));
#947=IFCINDEXEDPOLYGONALFACE((47,45,46,49));
#948=IFCINDEXEDPOLYGONALFACE((48,47,49,52));
#949=IFCINDEXEDPOLYGONALFACE((48,36,50,47));
#950=IFCINDEXEDPOLYGONALFACE((53,52,49,51));
#951=IFCINDEXEDPOLYGONALFACE((51,49,46,126));
#952=IFCINDEXEDPOLYGONALFACE((56,54,52,53));
#953=IFCINDEXEDPOLYGONALFACE((57,48,52,54));
#954=IFCINDEXEDPOLYGONALFACE((58,57,54,55));
#955=IFCINDEXEDPOLYGONALFACE((55,54,56,66));
#956=IFCINDEXEDPOLYGONALFACE((57,34,36,48));
#957=IFCINDEXEDPOLYGONALFACE((31,34,57,58));
#958=IFCINDEXEDPOLYGONALFACE((58,59,60,31));
#959=IFCINDEXEDPOLYGONALFACE((55,62,59,58));
#960=IFCINDEXEDPOLYGONALFACE((60,59,61,164));
#961=IFCINDEXEDPOLYGONALFACE((62,63,61,59));
#962=IFCINDEXEDPOLYGONALFACE((64,67,63,62));
#963=IFCINDEXEDPOLYGONALFACE((66,64,62,55));
#964=IFCINDEXEDPOLYGONALFACE((67,64,65,69));
#965=IFCINDEXEDPOLYGONALFACE((66,134,65,64));
#966=IFCINDEXEDPOLYGONALFACE((67,68,174,63));
#967=IFCINDEXEDPOLYGONALFACE((68,67,69,70));
#968=IFCINDEXEDPOLYGONALFACE((70,69,71,74));
#969=IFCINDEXEDPOLYGONALFACE((69,65,73,71));
#970=IFCINDEXEDPOLYGONALFACE((74,71,72,76));
#971=IFCINDEXEDPOLYGONALFACE((71,73,137,72));
#972=IFCINDEXEDPOLYGONALFACE((68,70,74,75));
#973=IFCINDEXEDPOLYGONALFACE((74,76,77,75));
#974=IFCINDEXEDPOLYGONALFACE((76,72,79,77));
#975=IFCINDEXEDPOLYGONALFACE((77,79,81,78));
#976=IFCINDEXEDPOLYGONALFACE((78,148,75,77));
#977=IFCINDEXEDPOLYGONALFACE((72,137,80,79));
#978=IFCINDEXEDPOLYGONALFACE((79,80,82,81));
#979=IFCINDEXEDPOLYGONALFACE((81,82,86,83));
#980=IFCINDEXEDPOLYGONALFACE((78,81,83,85));
#981=IFCINDEXEDPOLYGONALFACE((85,83,84,150));
#982=IFCINDEXEDPOLYGONALFACE((83,86,88,84));
#983=IFCINDEXEDPOLYGONALFACE((86,82,140,87));
#984=IFCINDEXEDPOLYGONALFACE((88,86,87,89));
#985=IFCINDEXEDPOLYGONALFACE((90,88,89,93));
#986=IFCINDEXEDPOLYGONALFACE((84,88,90,92));
#987=IFCINDEXEDPOLYGONALFACE((92,90,91,145));
#988=IFCINDEXEDPOLYGONALFACE((91,90,93,95));
#989=IFCINDEXEDPOLYGONALFACE((115,94,93,89));
#990=IFCINDEXEDPOLYGONALFACE((94,96,95,93));
#991=IFCINDEXEDPOLYGONALFACE((95,96,99,97));
#992=IFCINDEXEDPOLYGONALFACE((91,95,97,98));
#993=IFCINDEXEDPOLYGONALFACE((98,97,100,101));
#994=IFCINDEXEDPOLYGONALFACE((97,99,103,100));
#995=IFCINDEXEDPOLYGONALFACE((101,100,102,19));
#996=IFCINDEXEDPOLYGONALFACE((100,103,104,102));
#997=IFCINDEXEDPOLYGONALFACE((39,104,103,105));
#998=IFCINDEXEDPOLYGONALFACE((99,106,105,103));
#999=IFCINDEXEDPOLYGONALFACE((106,108,44,105));
#1000=IFCINDEXEDPOLYGONALFACE((41,39,105,44));
#1001=IFCINDEXEDPOLYGONALFACE((96,107,106,99));
#1002=IFCINDEXEDPOLYGONALFACE((107,109,108,106));
#1003=IFCINDEXEDPOLYGONALFACE((109,110,43,108));
#1004=IFCINDEXEDPOLYGONALFACE((109,111,112,110));
#1005=IFCINDEXEDPOLYGONALFACE((109,107,113,111));
#1006=IFCINDEXEDPOLYGONALFACE((111,113,114,112));
#1007=IFCINDEXEDPOLYGONALFACE((107,96,94,113));
#1008=IFCINDEXEDPOLYGONALFACE((113,94,115,114));
#1009=IFCINDEXEDPOLYGONALFACE((114,115,117,116));
#1010=IFCINDEXEDPOLYGONALFACE((112,114,116,118));
#1011=IFCINDEXEDPOLYGONALFACE((116,117,121,119));
#1012=IFCINDEXEDPOLYGONALFACE((118,116,119,120));
#1013=IFCINDEXEDPOLYGONALFACE((122,125,120,119));
#1014=IFCINDEXEDPOLYGONALFACE((123,122,119,121));
#1015=IFCINDEXEDPOLYGONALFACE((122,123,139,124));
#1016=IFCINDEXEDPOLYGONALFACE((125,122,124,127));
#1017=IFCINDEXEDPOLYGONALFACE((125,127,128,126));
#1018=IFCINDEXEDPOLYGONALFACE((125,126,110,120));
#1019=IFCINDEXEDPOLYGONALFACE((127,124,130,128));
#1020=IFCINDEXEDPOLYGONALFACE((128,129,51,126));
#1021=IFCINDEXEDPOLYGONALFACE((128,130,132,129));
#1022=IFCINDEXEDPOLYGONALFACE((130,131,133,132));
#1023=IFCINDEXEDPOLYGONALFACE((124,139,131,130));
#1024=IFCINDEXEDPOLYGONALFACE((129,132,53,51));
#1025=IFCINDEXEDPOLYGONALFACE((132,133,56,53));
#1026=IFCINDEXEDPOLYGONALFACE((133,131,135,134));
#1027=IFCINDEXEDPOLYGONALFACE((56,133,134,66));
#1028=IFCINDEXEDPOLYGONALFACE((134,135,73,65));
#1029=IFCINDEXEDPOLYGONALFACE((131,139,136,135));
#1030=IFCINDEXEDPOLYGONALFACE((135,136,137,73));
#1031=IFCINDEXEDPOLYGONALFACE((136,138,80,137));
#1032=IFCINDEXEDPOLYGONALFACE((139,123,138,136));
#1033=IFCINDEXEDPOLYGONALFACE((138,140,82,80));
#1034=IFCINDEXEDPOLYGONALFACE((140,138,123,121));
#1035=IFCINDEXEDPOLYGONALFACE((121,117,87,140));
#1036=IFCINDEXEDPOLYGONALFACE((126,46,43,110));
#1037=IFCINDEXEDPOLYGONALFACE((112,118,120,110));
#1038=IFCINDEXEDPOLYGONALFACE((117,115,89,87));
#1039=IFCINDEXEDPOLYGONALFACE((102,104,33,27));
#1040=IFCINDEXEDPOLYGONALFACE((17,141,101,19));
#1041=IFCINDEXEDPOLYGONALFACE((143,98,101,141));
#1042=IFCINDEXEDPOLYGONALFACE((14,142,141,17));
#1043=IFCINDEXEDPOLYGONALFACE((144,143,141,142));
#1044=IFCINDEXEDPOLYGONALFACE((146,145,143,144));
#1045=IFCINDEXEDPOLYGONALFACE((145,91,98,143));
#1046=IFCINDEXEDPOLYGONALFACE((147,92,145,146));
#1047=IFCINDEXEDPOLYGONALFACE((146,144,149,148));
#1048=IFCINDEXEDPOLYGONALFACE((150,147,146,148));
#1049=IFCINDEXEDPOLYGONALFACE((148,149,151,75));
#1050=IFCINDEXEDPOLYGONALFACE((78,85,150,148));
#1051=IFCINDEXEDPOLYGONALFACE((150,84,92,147));
#1052=IFCINDEXEDPOLYGONALFACE((152,154,151,149));
#1053=IFCINDEXEDPOLYGONALFACE((142,152,149,144));
#1054=IFCINDEXEDPOLYGONALFACE((14,153,152,142));
#1055=IFCINDEXEDPOLYGONALFACE((153,156,154,152));
#1056=IFCINDEXEDPOLYGONALFACE((174,151,154,155));
#1057=IFCINDEXEDPOLYGONALFACE((157,155,154,156));
#1058=IFCINDEXEDPOLYGONALFACE((156,153,15,158));
#1059=IFCINDEXEDPOLYGONALFACE((157,156,158,160));
#1060=IFCINDEXEDPOLYGONALFACE((158,15,12,159));
#1061=IFCINDEXEDPOLYGONALFACE((160,158,159,161));
#1062=IFCINDEXEDPOLYGONALFACE((164,157,160,162));
#1063=IFCINDEXEDPOLYGONALFACE((162,160,161,163));
#1064=IFCINDEXEDPOLYGONALFACE((165,162,163,166));
#1065=IFCINDEXEDPOLYGONALFACE((60,164,162,165));
#1066=IFCINDEXEDPOLYGONALFACE((31,60,165,29));
#1067=IFCINDEXEDPOLYGONALFACE((29,165,166,168));
#1068=IFCINDEXEDPOLYGONALFACE((171,167,166,163));
#1069=IFCINDEXEDPOLYGONALFACE((169,168,166,167));
#1070=IFCINDEXEDPOLYGONALFACE((169,170,25,168));
#1071=IFCINDEXEDPOLYGONALFACE((169,167,2,170));
#1072=IFCINDEXEDPOLYGONALFACE((6,2,167,171));
#1073=IFCINDEXEDPOLYGONALFACE((173,6,171,172));
#1074=IFCINDEXEDPOLYGONALFACE((172,171,163,161));
#1075=IFCINDEXEDPOLYGONALFACE((172,161,159,173));
#1076=IFCINDEXEDPOLYGONALFACE((173,159,12,7));
#1077=IFCINDEXEDPOLYGONALFACE((164,61,155,157));
#1078=IFCINDEXEDPOLYGONALFACE((63,174,155,61));
#1079=IFCINDEXEDPOLYGONALFACE((68,75,151,174));
#1080=IFCPOLYGONALFACESET(#1081,$,(#1082,#1083,#1084,#1085,#1086,#1087,#1088,#1089,#1090,#1091,#1092,#1093,#1094,#1095,#1096,#1097,#1098,#1099,#1100,#1101,#1102,#1103,#1104,#1105,#1106,#1107,#1108,#1109,#1110,#1111,#1112,#1113,#1114,#1115,#1116,#1117,#1118,#1119,#1120,#1121,#1122,#1123,#1124,#1125,#1126,#1127,#1128,#1129,#1130,#1131,#1132,#1133,#1134,#1135,#1136,#1137,#1138,#1139,#1140,#1141,#1142,#1143,#1144,#1145,#1146,#1147,#1148,#1149,#1150,#1151,#1152,#1153,#1154,#1155,#1156,#1157,#1158,#1159),$);
#1081=IFCCARTESIANPOINTLIST3D(((-242.,-521.018127441406,529.144775390625),(-242.,-521.018127441406,543.144775390625),(243.077880859375,-521.018737792969,529.144775390625),(-241.500396728516,-520.51806640625,527.644775390625),(-243.865982055664,-520.881408691406,529.144775390625),(-243.865982055664,-520.881408691406,543.144775390625),(-243.366012573242,-520.38134765625,527.644775390625),(-244.,-519.01806640625,529.144775390625),(-244.,-68.4863128662109,529.144775390625),(-244.,-519.01806640625,543.144775390625),(-243.500427246094,-518.518127441406,527.644775390625),(-243.500747680664,-68.9863128662109,527.644775390625),(-243.,-518.01806640625,527.144775390625),(-243.,-69.4863052368164,527.144775390625),(-242.865997314453,-519.881408691406,527.144775390625),(-241.,-518.01806640625,527.144775390625),(-241.,-69.4863052368164,527.144775390625),(-241.,-520.01806640625,527.144775390625),(242.077865600586,-518.018676757812,527.144775390625),(242.078048706055,-69.4867172241211,527.144775390625),(242.077865600586,-520.018737792969,527.144775390625),(244.077880859375,-518.018676757812,527.144775390625),(244.078033447266,-69.4867172241211,527.144775390625),(244.577865600586,-518.518737792969,527.644775390625),(243.9501953125,-519.912780761719,527.144775390625),(244.450180053711,-520.412841796875,527.644775390625),(242.577865600586,-520.518676757812,527.644775390625),(244.9501953125,-520.912780761719,529.144775390625),(245.077880859375,-519.018737792969,529.144775390625),(244.9501953125,-520.912780761719,543.144775390625),(245.077880859375,-519.018737792969,543.144775390625),(243.077880859375,-521.018737792969,543.144775390625),(244.450180053711,-520.412841796875,544.644775390625),(244.577865600586,-518.518737792969,544.644775390625),(243.9501953125,-519.912780761719,545.144775390625),(242.577865600586,-520.518676757812,544.644775390625),(-241.500396728516,-520.518188476562,544.644775390625),(242.077865600586,-520.018737792969,545.144775390625),(-241.,-520.018249511719,545.144775390625),(242.077865600586,-518.018676757812,545.144775390625),(-241.,-518.018188476562,545.144775390625),(244.077880859375,-518.018676757812,545.144775390625),(242.078048706055,-69.4867172241211,545.144775390625),(242.078048706055,-67.4867172241211,545.144775390625),(-241.,-69.4863052368164,545.144775390625),(244.078033447266,-69.4867172241211,545.144775390625),(244.578048706055,-68.9867172241211,544.644775390625),(243.866653442383,-67.7577133178711,545.144775390625),(244.366638183594,-67.2577133178711,544.644775390625),(244.866653442383,-66.7577133178711,543.144775390625),(242.578048706055,-66.9867095947266,544.644775390625),(243.078033447266,-66.4867095947266,543.144775390625),(-241.500717163086,-66.9863128662109,544.644775390625),(-242.,-66.4863128662109,543.144775390625),(-241.,-67.4863128662109,545.144775390625),(-243.334213256836,-67.1532135009766,544.644775390625),(-242.834259033203,-67.6532135009766,545.144775390625),(-243.834243774414,-66.6532135009766,543.144775390625),(-243.500747680664,-68.9863128662109,544.644775390625),(-243.,-69.4863052368164,545.144775390625),(-243.500427246094,-518.518127441406,544.644775390625),(-244.,-68.4863128662109,543.144775390625),(-243.,-518.01806640625,545.144775390625),(-243.366012573242,-520.38134765625,544.644775390625),(-242.865997314453,-519.881408691406,545.144775390625),(-243.834243774414,-66.6532135009766,529.144775390625),(-243.334213256836,-67.1532135009766,527.644775390625),(-242.,-66.4863128662109,529.144775390625),(243.078033447266,-66.4867095947266,529.144775390625),(-241.500717163086,-66.9863128662109,527.644775390625),(242.578048706055,-66.9867095947266,527.644775390625),(-241.,-67.4863128662109,527.144775390625),(-242.834259033203,-67.6532135009766,527.144775390625),(242.078048706055,-67.4867172241211,527.144775390625),(243.866653442383,-67.7576141357422,527.144775390625),(244.366638183594,-67.2576217651367,527.644775390625),(244.578048706055,-68.9867172241211,527.644775390625),(244.866653442383,-66.7576217651367,529.144775390625),(245.078048706055,-68.4867172241211,529.144775390625),(245.078048706055,-68.4867172241211,543.144775390625)));
#1082=IFCINDEXEDPOLYGONALFACE((5,1,2,6));
#1083=IFCINDEXEDPOLYGONALFACE((1,3,32,2));
#1084=IFCINDEXEDPOLYGONALFACE((27,3,1,4));
#1085=IFCINDEXEDPOLYGONALFACE((1,5,7,4));
#1086=IFCINDEXEDPOLYGONALFACE((8,5,6,10));
#1087=IFCINDEXEDPOLYGONALFACE((5,8,11,7));
#1088=IFCINDEXEDPOLYGONALFACE((11,8,9,12));
#1089=IFCINDEXEDPOLYGONALFACE((8,10,62,9));
#1090=IFCINDEXEDPOLYGONALFACE((13,11,12,14));
#1091=IFCINDEXEDPOLYGONALFACE((7,11,13,15));
#1092=IFCINDEXEDPOLYGONALFACE((14,17,16,13));
#1093=IFCINDEXEDPOLYGONALFACE((16,18,15,13));
#1094=IFCINDEXEDPOLYGONALFACE((19,16,17,20));
#1095=IFCINDEXEDPOLYGONALFACE((21,18,16,19));
#1096=IFCINDEXEDPOLYGONALFACE((19,20,23,22));
#1097=IFCINDEXEDPOLYGONALFACE((25,21,19,22));
#1098=IFCINDEXEDPOLYGONALFACE((23,77,24,22));
#1099=IFCINDEXEDPOLYGONALFACE((25,22,24,26));
#1100=IFCINDEXEDPOLYGONALFACE((21,25,26,27));
#1101=IFCINDEXEDPOLYGONALFACE((27,26,28,3));
#1102=IFCINDEXEDPOLYGONALFACE((26,24,29,28));
#1103=IFCINDEXEDPOLYGONALFACE((30,32,3,28));
#1104=IFCINDEXEDPOLYGONALFACE((31,30,28,29));
#1105=IFCINDEXEDPOLYGONALFACE((30,31,34,33));
#1106=IFCINDEXEDPOLYGONALFACE((32,30,33,36));
#1107=IFCINDEXEDPOLYGONALFACE((33,34,42,35));
#1108=IFCINDEXEDPOLYGONALFACE((36,33,35,38));
#1109=IFCINDEXEDPOLYGONALFACE((39,37,36,38));
#1110=IFCINDEXEDPOLYGONALFACE((37,2,32,36));
#1111=IFCINDEXEDPOLYGONALFACE((39,38,40,41));
#1112=IFCINDEXEDPOLYGONALFACE((40,38,35,42));
#1113=IFCINDEXEDPOLYGONALFACE((41,40,43,45));
#1114=IFCINDEXEDPOLYGONALFACE((40,42,46,43));
#1115=IFCINDEXEDPOLYGONALFACE((44,55,45,43));
#1116=IFCINDEXEDPOLYGONALFACE((48,44,43,46));
#1117=IFCINDEXEDPOLYGONALFACE((47,49,48,46));
#1118=IFCINDEXEDPOLYGONALFACE((47,46,42,34));
#1119=IFCINDEXEDPOLYGONALFACE((49,51,44,48));
#1120=IFCINDEXEDPOLYGONALFACE((80,50,49,47));
#1121=IFCINDEXEDPOLYGONALFACE((50,52,51,49));
#1122=IFCINDEXEDPOLYGONALFACE((51,52,54,53));
#1123=IFCINDEXEDPOLYGONALFACE((44,51,53,55));
#1124=IFCINDEXEDPOLYGONALFACE((56,53,54,58));
#1125=IFCINDEXEDPOLYGONALFACE((57,55,53,56));
#1126=IFCINDEXEDPOLYGONALFACE((60,57,56,59));
#1127=IFCINDEXEDPOLYGONALFACE((59,56,58,62));
#1128=IFCINDEXEDPOLYGONALFACE((60,59,61,63));
#1129=IFCINDEXEDPOLYGONALFACE((59,62,10,61));
#1130=IFCINDEXEDPOLYGONALFACE((62,58,66,9));
#1131=IFCINDEXEDPOLYGONALFACE((10,6,64,61));
#1132=IFCINDEXEDPOLYGONALFACE((61,64,65,63));
#1133=IFCINDEXEDPOLYGONALFACE((64,37,39,65));
#1134=IFCINDEXEDPOLYGONALFACE((6,2,37,64));
#1135=IFCINDEXEDPOLYGONALFACE((63,65,39,41));
#1136=IFCINDEXEDPOLYGONALFACE((63,41,45,60));
#1137=IFCINDEXEDPOLYGONALFACE((45,55,57,60));
#1138=IFCINDEXEDPOLYGONALFACE((58,54,68,66));
#1139=IFCINDEXEDPOLYGONALFACE((9,66,67,12));
#1140=IFCINDEXEDPOLYGONALFACE((66,68,70,67));
#1141=IFCINDEXEDPOLYGONALFACE((70,68,69,71));
#1142=IFCINDEXEDPOLYGONALFACE((68,54,52,69));
#1143=IFCINDEXEDPOLYGONALFACE((72,70,71,74));
#1144=IFCINDEXEDPOLYGONALFACE((67,70,72,73));
#1145=IFCINDEXEDPOLYGONALFACE((14,73,72,17));
#1146=IFCINDEXEDPOLYGONALFACE((72,74,20,17));
#1147=IFCINDEXEDPOLYGONALFACE((74,75,23,20));
#1148=IFCINDEXEDPOLYGONALFACE((75,74,71,76));
#1149=IFCINDEXEDPOLYGONALFACE((23,75,76,77));
#1150=IFCINDEXEDPOLYGONALFACE((76,71,69,78));
#1151=IFCINDEXEDPOLYGONALFACE((77,76,78,79));
#1152=IFCINDEXEDPOLYGONALFACE((78,69,52,50));
#1153=IFCINDEXEDPOLYGONALFACE((79,78,50,80));
#1154=IFCINDEXEDPOLYGONALFACE((77,79,29,24));
#1155=IFCINDEXEDPOLYGONALFACE((31,29,79,80));
#1156=IFCINDEXEDPOLYGONALFACE((80,47,34,31));
#1157=IFCINDEXEDPOLYGONALFACE((12,67,73,14));
#1158=IFCINDEXEDPOLYGONALFACE((21,27,4,18));
#1159=IFCINDEXEDPOLYGONALFACE((4,7,15,18));
#1160=IFCPOLYGONALFACESET(#1161,$,(#1162,#1163,#1164,#1165,#1166,#1167,#1168,#1169,#1170,#1171,#1172,#1173,#1174,#1175,#1176,#1177,#1178,#1179,#1180,#1181,#1182,#1183,#1184,#1185,#1186,#1187,#1188,#1189,#1190,#1191,#1192,#1193,#1194,#1195,#1196,#1197,#1198,#1199,#1200,#1201,#1202,#1203,#1204,#1205),$);
#1161=IFCCARTESIANPOINTLIST3D(((255.207763671875,-545.631469726562,372.119842529297),(-258.613006591797,-545.631042480469,372.119354248047),(252.490676879883,-545.631469726562,374.836639404297),(255.208053588867,-545.63134765625,521.973876953125),(255.349258422852,-545.431457519531,371.978240966797),(255.349349975586,-522.018676757812,371.978240966797),(-258.754577636719,-545.430969238281,371.978240966797),(255.349349975586,-545.431396484375,522.115478515625),(255.349472045898,-522.018676757812,522.115478515625),(-258.754455566406,-545.430847167969,522.115478515625),(-258.612945556641,-545.630920410156,521.974365234375),(-258.754333496094,-522.018249511719,522.115478515625),(-258.754455566406,-522.018310546875,371.978240966797),(-256.047210693359,-521.018249511719,519.408447265625),(-237.593612670898,-521.018249511719,502.964111328125),(252.64225769043,-521.018737792969,519.408447265625),(-256.047332763672,-521.018310546875,374.685272216797),(252.64225769043,-521.018737792969,374.685272216797),(-237.593719482422,-521.018310546875,391.129608154297),(234.197875976562,-521.018737792969,391.129608154297),(-236.745132446289,-521.21826171875,391.978240966797),(-236.745193481445,-540.202087402344,391.978240966797),(-236.745132446289,-521.218139648438,502.115447998047),(233.349349975586,-521.21875,391.978240966797),(233.349258422852,-540.202575683594,391.978240966797),(233.349487304688,-521.21875,502.115447998047),(233.349349975586,-540.202575683594,502.115447998047),(234.197982788086,-521.018737792969,502.964111328125),(234.197875976562,-540.402587890625,502.964111328125),(-236.745132446289,-540.202087402344,502.115447998047),(-237.593612670898,-540.402160644531,502.964111328125),(-237.593719482422,-540.402160644531,391.129608154297),(-255.754302978516,-540.402648925781,519.115478515625),(-255.754547119141,-540.402648925781,374.978240966797),(-255.754425048828,-545.430847167969,519.115478515625),(252.349365234375,-540.403198242188,519.115478515625),(252.349273681641,-540.403198242188,374.978240966797),(252.349365234375,-545.431396484375,519.115478515625),(252.490768432617,-545.63134765625,519.257080078125),(252.349273681641,-545.431457519531,374.978240966797),(-255.754547119141,-545.430969238281,374.978240966797),(-255.895874023438,-545.631042480469,374.836639404297),(-255.895874023438,-545.630920410156,519.257080078125),(234.197784423828,-540.402587890625,391.129608154297)));
#1162=IFCINDEXEDPOLYGONALFACE((2,7,5,1));
#1163=IFCINDEXEDPOLYGONALFACE((1,3,42,2));
#1164=IFCINDEXEDPOLYGONALFACE((1,4,39,3));
#1165=IFCINDEXEDPOLYGONALFACE((1,5,8,4));
#1166=IFCINDEXEDPOLYGONALFACE((6,9,8,5));
#1167=IFCINDEXEDPOLYGONALFACE((6,5,7,13));
#1168=IFCINDEXEDPOLYGONALFACE((11,4,8,10));
#1169=IFCINDEXEDPOLYGONALFACE((9,12,10,8));
#1170=IFCINDEXEDPOLYGONALFACE((7,2,11,10));
#1171=IFCINDEXEDPOLYGONALFACE((13,7,10,12));
#1172=IFCINDEXEDPOLYGONALFACE((12,14,17,13));
#1173=IFCINDEXEDPOLYGONALFACE((9,16,14,12));
#1174=IFCINDEXEDPOLYGONALFACE((17,14,15,19));
#1175=IFCINDEXEDPOLYGONALFACE((28,15,14,16));
#1176=IFCINDEXEDPOLYGONALFACE((13,17,18,6));
#1177=IFCINDEXEDPOLYGONALFACE((20,18,17,19));
#1178=IFCINDEXEDPOLYGONALFACE((19,21,24,20));
#1179=IFCINDEXEDPOLYGONALFACE((15,23,21,19));
#1180=IFCINDEXEDPOLYGONALFACE((21,23,30,22));
#1181=IFCINDEXEDPOLYGONALFACE((25,24,21,22));
#1182=IFCINDEXEDPOLYGONALFACE((20,24,26,28));
#1183=IFCINDEXEDPOLYGONALFACE((24,25,27,26));
#1184=IFCINDEXEDPOLYGONALFACE((28,26,23,15));
#1185=IFCINDEXEDPOLYGONALFACE((27,30,23,26));
#1186=IFCINDEXEDPOLYGONALFACE((18,20,28,16));
#1187=IFCINDEXEDPOLYGONALFACE((27,29,31,30));
#1188=IFCINDEXEDPOLYGONALFACE((25,44,29,27));
#1189=IFCINDEXEDPOLYGONALFACE((30,31,32,22));
#1190=IFCINDEXEDPOLYGONALFACE((31,33,34,32));
#1191=IFCINDEXEDPOLYGONALFACE((31,29,36,33));
#1192=IFCINDEXEDPOLYGONALFACE((41,34,33,35));
#1193=IFCINDEXEDPOLYGONALFACE((38,35,33,36));
#1194=IFCINDEXEDPOLYGONALFACE((40,38,36,37));
#1195=IFCINDEXEDPOLYGONALFACE((37,36,29,44));
#1196=IFCINDEXEDPOLYGONALFACE((39,43,35,38));
#1197=IFCINDEXEDPOLYGONALFACE((40,3,39,38));
#1198=IFCINDEXEDPOLYGONALFACE((3,40,41,42));
#1199=IFCINDEXEDPOLYGONALFACE((40,37,34,41));
#1200=IFCINDEXEDPOLYGONALFACE((42,41,35,43));
#1201=IFCINDEXEDPOLYGONALFACE((42,43,11,2));
#1202=IFCINDEXEDPOLYGONALFACE((4,11,43,39));
#1203=IFCINDEXEDPOLYGONALFACE((32,34,37,44));
#1204=IFCINDEXEDPOLYGONALFACE((22,32,44,25));
#1205=IFCINDEXEDPOLYGONALFACE((6,18,16,9));
#1206=IFCPOLYGONALFACESET(#1207,$,(#1208,#1209,#1210,#1211,#1212,#1213),$);
#1207=IFCCARTESIANPOINTLIST3D(((-257.754333496094,-540.431457519531,372.978240966797),(254.349182128906,-540.431457519531,372.978240966797),(-257.754333496094,-540.431457519531,521.115478515625),(-257.754333496094,-545.431457519531,372.978240966797),(-257.754333496094,-545.431457519531,521.115478515625),(254.349182128906,-545.431457519531,372.978240966797),(254.349182128906,-545.431457519531,521.115478515625),(254.349182128906,-540.431457519531,521.115478515625)));
#1208=IFCINDEXEDPOLYGONALFACE((1,2,6,4));
#1209=IFCINDEXEDPOLYGONALFACE((1,3,8,2));
#1210=IFCINDEXEDPOLYGONALFACE((3,1,4,5));
#1211=IFCINDEXEDPOLYGONALFACE((4,6,7,5));
#1212=IFCINDEXEDPOLYGONALFACE((2,8,7,6));
#1213=IFCINDEXEDPOLYGONALFACE((8,3,5,7));
#1214=IFCPOLYGONALFACESET(#1215,$,(#1216,#1217,#1218,#1219,#1220,#1221,#1222,#1223,#1224,#1225,#1226,#1227,#1228,#1229,#1230,#1231,#1232,#1233,#1234,#1235,#1236,#1237,#1238,#1239,#1240,#1241,#1242,#1243,#1244,#1245,#1246,#1247,#1248,#1249,#1250,#1251,#1252,#1253,#1254,#1255,#1256,#1257,#1258,#1259,#1260,#1261,#1262,#1263,#1264,#1265,#1266,#1267,#1268,#1269,#1270,#1271,#1272,#1273,#1274,#1275,#1276,#1277,#1278,#1279,#1280,#1281,#1282,#1283,#1284,#1285,#1286,#1287,#1288,#1289,#1290,#1291,#1292,#1293,#1294,#1295,#1296,#1297,#1298,#1299,#1300,#1301,#1302,#1303,#1304,#1305,#1306,#1307,#1308,#1309,#1310,#1311,#1312,#1313,#1314,#1315,#1316,#1317,#1318,#1319,#1320,#1321,#1322,#1323,#1324,#1325,#1326,#1327,#1328,#1329,#1330,#1331,#1332,#1333,#1334,#1335,#1336,#1337,#1338,#1339,#1340,#1341,#1342,#1343,#1344,#1345,#1346,#1347,#1348,#1349,#1350,#1351,#1352,#1353,#1354,#1355,#1356,#1357,#1358,#1359,#1360,#1361,#1362,#1363,#1364,#1365,#1366,#1367,#1368,#1369,#1370,#1371,#1372,#1373,#1374,#1375,#1376,#1377,#1378,#1379,#1380,#1381,#1382,#1383,#1384,#1385,#1386,#1387),$);
#1215=IFCCARTESIANPOINTLIST3D(((254.189086914062,-520.96826171875,522.623291015625),(-257.754455566406,-520.968383789062,522.623291015625),(254.189086914062,-520.96826171875,522.123291015625),(255.189071655273,-520.96826171875,522.623291015625),(254.189086914062,-521.09326171875,523.),(255.064086914062,-521.09326171875,523.),(-257.754455566406,-521.093383789062,523.),(254.189086914062,-521.468322753906,523.123291015625),(-257.754333496094,-521.468444824219,523.123291015625),(254.189086914062,-521.94775390625,523.123291015625),(254.689086914062,-521.468322753906,523.123291015625),(254.689086914062,-521.94775390625,523.123291015625),(254.689086914062,-544.800354003906,523.123291015625),(255.064086914062,-521.94775390625,523.),(255.189071655273,-521.94775390625,522.623291015625),(255.064086914062,-544.800354003906,523.),(255.064086914062,-545.676025390625,523.),(255.189071655273,-544.800354003906,522.623291015625),(255.189071655273,-545.676025390625,522.623291015625),(255.189071655273,-544.800354003906,522.123291015625),(255.189071655273,-545.676025390625,522.123291015625),(255.189071655273,-521.94775390625,522.123291015625),(254.189086914062,-544.800354003906,522.123291015625),(254.189086914062,-545.676025390625,522.123291015625),(-257.754333496094,-544.800537109375,522.123291015625),(254.189086914062,-521.94775390625,522.123291015625),(-257.754333496094,-521.94775390625,522.123291015625),(-257.754455566406,-520.968383789062,522.123291015625),(-258.754333496094,-521.94775390625,522.123291015625),(-258.754455566406,-520.968383789062,522.123291015625),(-258.754333496094,-521.94775390625,522.623291015625),(-258.754333496094,-544.800537109375,522.123291015625),(-258.754333496094,-545.676330566406,522.123291015625),(-258.754333496094,-544.800537109375,522.623291015625),(-258.629333496094,-544.800537109375,523.),(-258.754333496094,-545.676330566406,522.623291015625),(-258.754333496094,-546.673156738281,522.623291015625),(-258.629333496094,-545.676330566406,523.),(-258.254302978516,-545.676330566406,523.123291015625),(-258.629333496094,-546.673156738281,523.),(-258.254302978516,-546.673156738281,523.123291015625),(-258.629455566406,-561.719787597656,523.),(-258.754455566406,-561.719787597656,522.623291015625),(-258.254425048828,-561.719787597656,523.123291015625),(-258.629455566406,-562.245056152344,523.),(-258.754455566406,-562.245056152344,522.623291015625),(-258.254425048828,-562.245056152344,523.123291015625),(-258.606018066406,-562.652038574219,523.),(-258.691925048828,-562.682556152344,522.623291015625),(-258.416076660156,-562.906616210938,523.),(-258.348419189453,-562.560546875,523.123291015625),(-258.15087890625,-562.641418457031,523.123291015625),(-258.070068359375,-562.839050292969,523.123291015625),(-257.754455566406,-562.245056152344,523.123291015625),(254.189086914062,-562.244812011719,523.123291015625),(-257.754455566406,-561.719787597656,523.123291015625),(-257.754455566406,-562.744995117188,523.123291015625),(-257.754455566406,-563.120056152344,523.),(254.189086914062,-562.744750976562,523.123291015625),(254.504669189453,-562.8388671875,523.123291015625),(254.189086914062,-563.119812011719,523.),(254.596069335938,-563.096496582031,523.),(254.189086914062,-563.244812011719,522.623291015625),(254.189086914062,-563.244812011719,522.123291015625),(-257.754455566406,-563.244995117188,522.623291015625),(254.626586914062,-563.182250976562,522.623291015625),(254.626586914062,-563.182250976562,522.123291015625),(254.939056396484,-563.,522.623291015625),(254.939056396484,-563.,522.123291015625),(255.126586914062,-562.682312011719,522.623291015625),(254.85075378418,-562.906433105469,523.),(255.040756225586,-562.651916503906,523.),(254.585556030273,-562.641296386719,523.123291015625),(254.783264160156,-562.560424804688,523.123291015625),(254.689086914062,-562.244812011719,523.123291015625),(254.689086914062,-561.719604492188,523.123291015625),(255.064086914062,-562.244812011719,523.),(255.189071655273,-562.244812011719,522.623291015625),(255.064086914062,-561.719604492188,523.),(255.064086914062,-546.672912597656,523.),(255.189071655273,-561.719604492188,522.623291015625),(255.189071655273,-546.672912597656,522.623291015625),(255.189071655273,-561.719604492188,522.123291015625),(255.189071655273,-561.719604492188,517.043212890625),(255.189071655273,-546.672912597656,522.123291015625),(255.189071655273,-562.244812011719,522.123291015625),(255.189071655273,-562.244812011719,517.043212890625),(255.126586914062,-562.682312011719,522.123291015625),(255.126586914062,-562.682312011719,517.043212890625),(254.939056396484,-563.,517.043212890625),(255.040756225586,-562.651916503906,516.668212890625),(254.783264160156,-562.560424804688,516.543212890625),(255.064086914062,-562.244812011719,516.668212890625),(254.85075378418,-562.906433105469,516.668212890625),(254.585556030273,-562.641296386719,516.543212890625),(254.596069335938,-563.096496582031,516.668212890625),(254.189086914062,-563.119812011719,516.668212890625),(254.626586914062,-563.182250976562,517.043212890625),(254.504669189453,-562.8388671875,516.543212890625),(254.189086914062,-562.744750976562,516.543212890625),(-257.754455566406,-562.745056152344,516.543212890625),(254.189086914062,-562.244812011719,516.543212890625),(-257.754455566406,-562.2451171875,516.543212890625),(254.189086914062,-561.719604492188,516.543212890625),(254.689086914062,-562.244812011719,516.543212890625),(254.689086914062,-561.719604492188,516.543212890625),(255.064086914062,-561.719604492188,516.668212890625),(254.689086914062,-546.672912597656,520.358642578125),(254.689086914062,-546.142761230469,520.524658203125),(254.189086914062,-546.672912597656,520.358642578125),(255.064086914062,-546.672912597656,520.483642578125),(255.064086914062,-545.801025390625,520.696044921875),(255.189071655273,-546.672912597656,520.858642578125),(255.189071655273,-545.676025390625,521.071044921875),(254.189086914062,-545.676025390625,521.071044921875),(-257.754333496094,-545.676330566406,521.071044921875),(254.189086914062,-545.801025390625,520.696044921875),(254.189086914062,-546.142761230469,520.524658203125),(-257.754333496094,-545.801330566406,520.696044921875),(-258.629333496094,-545.801452636719,520.696044921875),(-257.754333496094,-546.14306640625,520.524658203125),(-258.254302978516,-546.14306640625,520.524658203125),(-257.754333496094,-546.673217773438,520.358642578125),(-257.754455566406,-561.719848632812,516.543212890625),(-258.254302978516,-546.673217773438,520.358642578125),(-258.629333496094,-546.673217773438,520.483642578125),(-258.254425048828,-561.719848632812,516.543212890625),(-258.254425048828,-562.2451171875,516.543212890625),(-258.629455566406,-561.719848632812,516.668212890625),(-258.629455566406,-562.2451171875,516.668212890625),(-258.754455566406,-561.719848632812,517.043212890625),(-258.754455566406,-561.719787597656,522.123291015625),(-258.754455566406,-562.2451171875,517.043212890625),(-258.754333496094,-546.673217773438,520.858642578125),(-258.754333496094,-545.676452636719,521.071044921875),(-258.754333496094,-546.673156738281,522.123291015625),(-258.754455566406,-562.245056152344,522.123291015625),(-258.691925048828,-562.6826171875,517.043212890625),(-258.504455566406,-563.,517.043212890625),(-258.606018066406,-562.652038574219,516.668212890625),(-258.691925048828,-562.682556152344,522.123291015625),(-258.504455566406,-563.,522.123291015625),(-258.191955566406,-563.182495117188,522.123291015625),(-258.504455566406,-563.,522.623291015625),(-258.191955566406,-563.182495117188,522.623291015625),(-258.161437988281,-563.096618652344,523.),(-257.754455566406,-563.244995117188,522.123291015625),(-258.191955566406,-563.182556152344,517.043212890625),(-258.161437988281,-563.096740722656,516.668212890625),(-257.754455566406,-563.245056152344,517.043212890625),(254.189086914062,-563.244812011719,517.043212890625),(-257.754455566406,-563.1201171875,516.668212890625),(-258.070068359375,-562.839050292969,516.543212890625),(-258.416076660156,-562.906616210938,516.668212890625),(-258.15087890625,-562.641540527344,516.543212890625),(-258.348419189453,-562.560607910156,516.543212890625),(-257.754333496094,-545.676330566406,522.123291015625),(254.689086914062,-546.672912597656,523.123291015625),(254.689086914062,-545.676025390625,523.123291015625),(254.189086914062,-546.672912597656,523.123291015625),(254.189086914062,-545.676025390625,523.123291015625),(254.189086914062,-561.719604492188,523.123291015625),(-257.754333496094,-546.673156738281,523.123291015625),(-257.754333496094,-545.676330566406,523.123291015625),(-257.754333496094,-544.800537109375,523.123291015625),(254.189086914062,-544.800354003906,523.123291015625),(-257.754333496094,-521.94775390625,523.123291015625),(-258.254302978516,-544.800537109375,523.123291015625),(-258.254302978516,-521.94775390625,523.123291015625),(-258.254302978516,-521.468444824219,523.123291015625),(-258.629333496094,-521.94775390625,523.),(-258.629455566406,-521.093383789062,523.),(-258.754455566406,-520.968383789062,522.623291015625),(255.189071655273,-520.96826171875,522.123291015625)));
#1216=IFCINDEXEDPOLYGONALFACE((5,1,2,7));
#1217=IFCINDEXEDPOLYGONALFACE((1,3,28,2));
#1218=IFCINDEXEDPOLYGONALFACE((4,174,3,1));
#1219=IFCINDEXEDPOLYGONALFACE((6,4,1,5));
#1220=IFCINDEXEDPOLYGONALFACE((11,6,5,8));
#1221=IFCINDEXEDPOLYGONALFACE((8,5,7,9));
#1222=IFCINDEXEDPOLYGONALFACE((9,167,10,8));
#1223=IFCINDEXEDPOLYGONALFACE((11,8,10,12));
#1224=IFCINDEXEDPOLYGONALFACE((11,12,14,6));
#1225=IFCINDEXEDPOLYGONALFACE((12,13,16,14));
#1226=IFCINDEXEDPOLYGONALFACE((12,10,166,13));
#1227=IFCINDEXEDPOLYGONALFACE((6,14,15,4));
#1228=IFCINDEXEDPOLYGONALFACE((14,16,18,15));
#1229=IFCINDEXEDPOLYGONALFACE((13,159,17,16));
#1230=IFCINDEXEDPOLYGONALFACE((16,17,19,18));
#1231=IFCINDEXEDPOLYGONALFACE((18,20,22,15));
#1232=IFCINDEXEDPOLYGONALFACE((19,21,20,18));
#1233=IFCINDEXEDPOLYGONALFACE((21,24,23,20));
#1234=IFCINDEXEDPOLYGONALFACE((20,23,26,22));
#1235=IFCINDEXEDPOLYGONALFACE((24,157,25,23));
#1236=IFCINDEXEDPOLYGONALFACE((23,25,27,26));
#1237=IFCINDEXEDPOLYGONALFACE((3,26,27,28));
#1238=IFCINDEXEDPOLYGONALFACE((174,22,26,3));
#1239=IFCINDEXEDPOLYGONALFACE((30,28,27,29));
#1240=IFCINDEXEDPOLYGONALFACE((29,27,25,32));
#1241=IFCINDEXEDPOLYGONALFACE((30,29,31,173));
#1242=IFCINDEXEDPOLYGONALFACE((32,34,31,29));
#1243=IFCINDEXEDPOLYGONALFACE((33,36,34,32));
#1244=IFCINDEXEDPOLYGONALFACE((33,32,25,157));
#1245=IFCINDEXEDPOLYGONALFACE((34,35,171,31));
#1246=IFCINDEXEDPOLYGONALFACE((36,38,35,34));
#1247=IFCINDEXEDPOLYGONALFACE((36,37,40,38));
#1248=IFCINDEXEDPOLYGONALFACE((136,37,36,33));
#1249=IFCINDEXEDPOLYGONALFACE((38,39,168,35));
#1250=IFCINDEXEDPOLYGONALFACE((38,40,41,39));
#1251=IFCINDEXEDPOLYGONALFACE((43,42,40,37));
#1252=IFCINDEXEDPOLYGONALFACE((42,44,41,40));
#1253=IFCINDEXEDPOLYGONALFACE((46,45,42,43));
#1254=IFCINDEXEDPOLYGONALFACE((45,47,44,42));
#1255=IFCINDEXEDPOLYGONALFACE((45,46,49,48));
#1256=IFCINDEXEDPOLYGONALFACE((47,45,48,51));
#1257=IFCINDEXEDPOLYGONALFACE((48,49,144,50));
#1258=IFCINDEXEDPOLYGONALFACE((51,48,50,52));
#1259=IFCINDEXEDPOLYGONALFACE((47,51,52,54));
#1260=IFCINDEXEDPOLYGONALFACE((52,50,146,53));
#1261=IFCINDEXEDPOLYGONALFACE((52,53,57,54));
#1262=IFCINDEXEDPOLYGONALFACE((59,55,54,57));
#1263=IFCINDEXEDPOLYGONALFACE((55,162,56,54));
#1264=IFCINDEXEDPOLYGONALFACE((47,54,56,44));
#1265=IFCINDEXEDPOLYGONALFACE((53,146,58,57));
#1266=IFCINDEXEDPOLYGONALFACE((57,58,61,59));
#1267=IFCINDEXEDPOLYGONALFACE((59,60,73,55));
#1268=IFCINDEXEDPOLYGONALFACE((59,61,62,60));
#1269=IFCINDEXEDPOLYGONALFACE((61,63,66,62));
#1270=IFCINDEXEDPOLYGONALFACE((58,65,63,61));
#1271=IFCINDEXEDPOLYGONALFACE((66,63,64,67));
#1272=IFCINDEXEDPOLYGONALFACE((147,64,63,65));
#1273=IFCINDEXEDPOLYGONALFACE((68,66,67,69));
#1274=IFCINDEXEDPOLYGONALFACE((62,66,68,71));
#1275=IFCINDEXEDPOLYGONALFACE((70,68,69,88));
#1276=IFCINDEXEDPOLYGONALFACE((71,68,70,72));
#1277=IFCINDEXEDPOLYGONALFACE((60,62,71,73));
#1278=IFCINDEXEDPOLYGONALFACE((73,71,72,74));
#1279=IFCINDEXEDPOLYGONALFACE((73,74,75,55));
#1280=IFCINDEXEDPOLYGONALFACE((74,72,77,75));
#1281=IFCINDEXEDPOLYGONALFACE((75,77,79,76));
#1282=IFCINDEXEDPOLYGONALFACE((75,76,162,55));
#1283=IFCINDEXEDPOLYGONALFACE((72,70,78,77));
#1284=IFCINDEXEDPOLYGONALFACE((77,78,81,79));
#1285=IFCINDEXEDPOLYGONALFACE((76,79,80,158));
#1286=IFCINDEXEDPOLYGONALFACE((79,81,82,80));
#1287=IFCINDEXEDPOLYGONALFACE((81,83,85,82));
#1288=IFCINDEXEDPOLYGONALFACE((78,86,83,81));
#1289=IFCINDEXEDPOLYGONALFACE((86,87,84,83));
#1290=IFCINDEXEDPOLYGONALFACE((83,84,113,85));
#1291=IFCINDEXEDPOLYGONALFACE((89,87,86,88));
#1292=IFCINDEXEDPOLYGONALFACE((78,70,88,86));
#1293=IFCINDEXEDPOLYGONALFACE((90,89,88,69));
#1294=IFCINDEXEDPOLYGONALFACE((93,87,89,91));
#1295=IFCINDEXEDPOLYGONALFACE((91,89,90,94));
#1296=IFCINDEXEDPOLYGONALFACE((92,91,94,95));
#1297=IFCINDEXEDPOLYGONALFACE((105,93,91,92));
#1298=IFCINDEXEDPOLYGONALFACE((94,90,98,96));
#1299=IFCINDEXEDPOLYGONALFACE((95,94,96,99));
#1300=IFCINDEXEDPOLYGONALFACE((99,96,97,100));
#1301=IFCINDEXEDPOLYGONALFACE((96,98,151,97));
#1302=IFCINDEXEDPOLYGONALFACE((95,99,100,102));
#1303=IFCINDEXEDPOLYGONALFACE((152,101,100,97));
#1304=IFCINDEXEDPOLYGONALFACE((101,103,102,100));
#1305=IFCINDEXEDPOLYGONALFACE((103,124,104,102));
#1306=IFCINDEXEDPOLYGONALFACE((105,102,104,106));
#1307=IFCINDEXEDPOLYGONALFACE((105,92,95,102));
#1308=IFCINDEXEDPOLYGONALFACE((93,105,106,107));
#1309=IFCINDEXEDPOLYGONALFACE((106,104,110,108));
#1310=IFCINDEXEDPOLYGONALFACE((107,106,108,111));
#1311=IFCINDEXEDPOLYGONALFACE((109,112,111,108));
#1312=IFCINDEXEDPOLYGONALFACE((109,108,110,118));
#1313=IFCINDEXEDPOLYGONALFACE((112,114,113,111));
#1314=IFCINDEXEDPOLYGONALFACE((84,107,111,113));
#1315=IFCINDEXEDPOLYGONALFACE((85,113,114,21));
#1316=IFCINDEXEDPOLYGONALFACE((21,114,115,24));
#1317=IFCINDEXEDPOLYGONALFACE((114,112,117,115));
#1318=IFCINDEXEDPOLYGONALFACE((24,115,116,157));
#1319=IFCINDEXEDPOLYGONALFACE((115,117,119,116));
#1320=IFCINDEXEDPOLYGONALFACE((112,109,118,117));
#1321=IFCINDEXEDPOLYGONALFACE((117,118,121,119));
#1322=IFCINDEXEDPOLYGONALFACE((116,119,120,135));
#1323=IFCINDEXEDPOLYGONALFACE((119,121,122,120));
#1324=IFCINDEXEDPOLYGONALFACE((121,118,110,123));
#1325=IFCINDEXEDPOLYGONALFACE((122,121,123,125));
#1326=IFCINDEXEDPOLYGONALFACE((123,110,104,124));
#1327=IFCINDEXEDPOLYGONALFACE((125,123,124,127));
#1328=IFCINDEXEDPOLYGONALFACE((126,125,127,129));
#1329=IFCINDEXEDPOLYGONALFACE((126,120,122,125));
#1330=IFCINDEXEDPOLYGONALFACE((130,129,127,128));
#1331=IFCINDEXEDPOLYGONALFACE((128,127,124,103));
#1332=IFCINDEXEDPOLYGONALFACE((133,131,129,130));
#1333=IFCINDEXEDPOLYGONALFACE((134,126,129,131));
#1334=IFCINDEXEDPOLYGONALFACE((136,134,131,132));
#1335=IFCINDEXEDPOLYGONALFACE((132,131,133,137));
#1336=IFCINDEXEDPOLYGONALFACE((134,135,120,126));
#1337=IFCINDEXEDPOLYGONALFACE((33,135,134,136));
#1338=IFCINDEXEDPOLYGONALFACE((132,43,37,136));
#1339=IFCINDEXEDPOLYGONALFACE((135,33,157,116));
#1340=IFCINDEXEDPOLYGONALFACE((133,138,141,137));
#1341=IFCINDEXEDPOLYGONALFACE((140,138,133,130));
#1342=IFCINDEXEDPOLYGONALFACE((154,139,138,140));
#1343=IFCINDEXEDPOLYGONALFACE((138,139,142,141));
#1344=IFCINDEXEDPOLYGONALFACE((137,141,49,46));
#1345=IFCINDEXEDPOLYGONALFACE((141,142,144,49));
#1346=IFCINDEXEDPOLYGONALFACE((139,148,143,142));
#1347=IFCINDEXEDPOLYGONALFACE((142,143,145,144));
#1348=IFCINDEXEDPOLYGONALFACE((50,144,145,146));
#1349=IFCINDEXEDPOLYGONALFACE((143,147,65,145));
#1350=IFCINDEXEDPOLYGONALFACE((146,145,65,58));
#1351=IFCINDEXEDPOLYGONALFACE((148,150,147,143));
#1352=IFCINDEXEDPOLYGONALFACE((149,148,139,154));
#1353=IFCINDEXEDPOLYGONALFACE((152,150,148,149));
#1354=IFCINDEXEDPOLYGONALFACE((64,147,150,151));
#1355=IFCINDEXEDPOLYGONALFACE((150,152,97,151));
#1356=IFCINDEXEDPOLYGONALFACE((101,152,149,153));
#1357=IFCINDEXEDPOLYGONALFACE((151,98,67,64));
#1358=IFCINDEXEDPOLYGONALFACE((153,149,154,155));
#1359=IFCINDEXEDPOLYGONALFACE((155,154,140,156));
#1360=IFCINDEXEDPOLYGONALFACE((101,153,155,103));
#1361=IFCINDEXEDPOLYGONALFACE((155,156,128,103));
#1362=IFCINDEXEDPOLYGONALFACE((156,140,130,128));
#1363=IFCINDEXEDPOLYGONALFACE((137,46,43,132));
#1364=IFCINDEXEDPOLYGONALFACE((87,93,107,84));
#1365=IFCINDEXEDPOLYGONALFACE((98,90,69,67));
#1366=IFCINDEXEDPOLYGONALFACE((82,85,21,19));
#1367=IFCINDEXEDPOLYGONALFACE((17,80,82,19));
#1368=IFCINDEXEDPOLYGONALFACE((159,158,80,17));
#1369=IFCINDEXEDPOLYGONALFACE((159,161,160,158));
#1370=IFCINDEXEDPOLYGONALFACE((158,160,162,76));
#1371=IFCINDEXEDPOLYGONALFACE((161,164,163,160));
#1372=IFCINDEXEDPOLYGONALFACE((160,163,56,162));
#1373=IFCINDEXEDPOLYGONALFACE((44,56,163,41));
#1374=IFCINDEXEDPOLYGONALFACE((39,41,163,164));
#1375=IFCINDEXEDPOLYGONALFACE((164,161,166,165));
#1376=IFCINDEXEDPOLYGONALFACE((39,164,165,168));
#1377=IFCINDEXEDPOLYGONALFACE((165,166,10,167));
#1378=IFCINDEXEDPOLYGONALFACE((168,165,167,169));
#1379=IFCINDEXEDPOLYGONALFACE((35,168,169,171));
#1380=IFCINDEXEDPOLYGONALFACE((170,169,167,9));
#1381=IFCINDEXEDPOLYGONALFACE((170,172,171,169));
#1382=IFCINDEXEDPOLYGONALFACE((172,173,31,171));
#1383=IFCINDEXEDPOLYGONALFACE((7,2,173,172));
#1384=IFCINDEXEDPOLYGONALFACE((9,7,172,170));
#1385=IFCINDEXEDPOLYGONALFACE((30,173,2,28));
#1386=IFCINDEXEDPOLYGONALFACE((159,13,166,161));
#1387=IFCINDEXEDPOLYGONALFACE((4,15,22,174));
#1388=IFCPOLYGONALFACESET(#1389,$,(#1390,#1391,#1392,#1393,#1394,#1395,#1396,#1397,#1398,#1399,#1400,#1401,#1402,#1403,#1404,#1405,#1406,#1407,#1408,#1409,#1410,#1411,#1412,#1413,#1414,#1415,#1416,#1417,#1418,#1419,#1420,#1421,#1422,#1423,#1424,#1425,#1426,#1427,#1428,#1429,#1430,#1431,#1432,#1433,#1434,#1435,#1436,#1437,#1438,#1439,#1440,#1441,#1442,#1443,#1444,#1445,#1446,#1447,#1448,#1449,#1450,#1451,#1452,#1453,#1454,#1455,#1456,#1457,#1458,#1459,#1460,#1461,#1462,#1463,#1464,#1465,#1466,#1467),$);
#1389=IFCCARTESIANPOINTLIST3D(((-242.,-521.018127441406,376.),(-242.,-521.018127441406,390.),(243.077880859375,-521.018737792969,376.),(-241.500396728516,-520.51806640625,374.499725341797),(-243.865982055664,-520.881408691406,376.),(-243.865982055664,-520.881408691406,390.),(-243.366012573242,-520.38134765625,374.499725341797),(-244.,-519.01806640625,376.),(-244.,-68.4863052368164,376.),(-244.,-519.01806640625,390.),(-243.500427246094,-518.518127441406,374.499725341797),(-243.500747680664,-68.9863052368164,374.499755859375),(-243.,-518.01806640625,374.),(-243.,-69.4862976074219,374.),(-242.865997314453,-519.881408691406,374.),(-241.,-518.01806640625,374.),(-241.,-69.4862976074219,374.),(-241.,-520.01806640625,374.),(242.077865600586,-518.018676757812,374.),(242.078048706055,-69.4867095947266,374.),(242.077865600586,-520.018737792969,374.),(244.077880859375,-518.018676757812,374.),(244.078033447266,-69.4867095947266,374.),(244.577865600586,-518.518737792969,374.499725341797),(243.9501953125,-519.912780761719,374.),(244.450180053711,-520.412841796875,374.499725341797),(244.9501953125,-520.912780761719,376.),(242.577865600586,-520.518676757812,374.499725341797),(244.9501953125,-520.912780761719,390.),(245.077880859375,-519.018737792969,376.),(245.077880859375,-519.018737792969,390.),(245.078048706055,-68.4867095947266,376.),(245.078048706055,-68.4867095947266,390.),(244.578048706055,-68.9867095947266,374.499755859375),(244.866653442383,-66.7576141357422,376.),(243.078033447266,-66.486701965332,376.),(244.866653442383,-66.7577056884766,390.),(244.366638183594,-67.2576141357422,374.499755859375),(243.866653442383,-67.7576065063477,374.),(242.578048706055,-66.986701965332,374.499755859375),(242.078048706055,-67.4867095947266,374.),(-241.500717163086,-66.9863052368164,374.499755859375),(-242.,-66.4863052368164,376.),(-241.,-67.4863052368164,374.),(-243.334213256836,-67.153205871582,374.499755859375),(-243.834243774414,-66.653205871582,376.),(-242.834259033203,-67.653205871582,374.),(-243.834243774414,-66.653205871582,390.),(-242.,-66.4863052368164,390.),(-243.334213256836,-67.153205871582,391.499755859375),(-244.,-68.4863052368164,390.),(-243.500747680664,-68.9863052368164,391.499755859375),(-243.,-69.4862976074219,392.),(-243.500427246094,-518.518127441406,391.499725341797),(-243.,-518.01806640625,392.),(-243.366012573242,-520.38134765625,391.499725341797),(-242.865997314453,-519.881408691406,392.),(-241.500396728516,-520.518188476562,391.499725341797),(242.577865600586,-520.518676757812,391.499725341797),(-241.,-520.018249511719,392.),(242.077865600586,-520.018737792969,392.),(-241.,-518.018188476562,392.),(-241.,-69.4862976074219,392.),(242.077865600586,-518.018676757812,392.),(242.078048706055,-69.4867095947266,392.),(244.077880859375,-518.018676757812,392.),(244.078033447266,-69.4867095947266,392.),(244.577865600586,-518.518737792969,391.499725341797),(243.9501953125,-519.912780761719,392.),(244.450180053711,-520.412841796875,391.499725341797),(244.578048706055,-68.9867095947266,391.499755859375),(244.366638183594,-67.2577056884766,391.499755859375),(242.578048706055,-66.986701965332,391.499755859375),(243.866653442383,-67.7577056884766,392.),(242.078048706055,-67.4867095947266,392.),(-241.,-67.4863052368164,392.),(-242.834259033203,-67.653205871582,392.),(-241.500717163086,-66.9863052368164,391.499755859375),(243.078033447266,-66.486701965332,390.),(243.077880859375,-521.018737792969,390.)));
#1390=IFCINDEXEDPOLYGONALFACE((5,1,2,6));
#1391=IFCINDEXEDPOLYGONALFACE((1,3,80,2));
#1392=IFCINDEXEDPOLYGONALFACE((28,3,1,4));
#1393=IFCINDEXEDPOLYGONALFACE((1,5,7,4));
#1394=IFCINDEXEDPOLYGONALFACE((8,5,6,10));
#1395=IFCINDEXEDPOLYGONALFACE((5,8,11,7));
#1396=IFCINDEXEDPOLYGONALFACE((11,8,9,12));
#1397=IFCINDEXEDPOLYGONALFACE((8,10,51,9));
#1398=IFCINDEXEDPOLYGONALFACE((13,11,12,14));
#1399=IFCINDEXEDPOLYGONALFACE((7,11,13,15));
#1400=IFCINDEXEDPOLYGONALFACE((14,17,16,13));
#1401=IFCINDEXEDPOLYGONALFACE((16,18,15,13));
#1402=IFCINDEXEDPOLYGONALFACE((19,16,17,20));
#1403=IFCINDEXEDPOLYGONALFACE((21,18,16,19));
#1404=IFCINDEXEDPOLYGONALFACE((19,20,23,22));
#1405=IFCINDEXEDPOLYGONALFACE((25,21,19,22));
#1406=IFCINDEXEDPOLYGONALFACE((23,34,24,22));
#1407=IFCINDEXEDPOLYGONALFACE((25,22,24,26));
#1408=IFCINDEXEDPOLYGONALFACE((21,25,26,28));
#1409=IFCINDEXEDPOLYGONALFACE((28,26,27,3));
#1410=IFCINDEXEDPOLYGONALFACE((26,24,30,27));
#1411=IFCINDEXEDPOLYGONALFACE((21,28,4,18));
#1412=IFCINDEXEDPOLYGONALFACE((31,29,27,30));
#1413=IFCINDEXEDPOLYGONALFACE((29,80,3,27));
#1414=IFCINDEXEDPOLYGONALFACE((31,30,32,33));
#1415=IFCINDEXEDPOLYGONALFACE((34,32,30,24));
#1416=IFCINDEXEDPOLYGONALFACE((32,35,37,33));
#1417=IFCINDEXEDPOLYGONALFACE((34,38,35,32));
#1418=IFCINDEXEDPOLYGONALFACE((38,40,36,35));
#1419=IFCINDEXEDPOLYGONALFACE((35,36,79,37));
#1420=IFCINDEXEDPOLYGONALFACE((23,39,38,34));
#1421=IFCINDEXEDPOLYGONALFACE((39,41,40,38));
#1422=IFCINDEXEDPOLYGONALFACE((44,42,40,41));
#1423=IFCINDEXEDPOLYGONALFACE((42,43,36,40));
#1424=IFCINDEXEDPOLYGONALFACE((46,43,42,45));
#1425=IFCINDEXEDPOLYGONALFACE((45,42,44,47));
#1426=IFCINDEXEDPOLYGONALFACE((9,46,45,12));
#1427=IFCINDEXEDPOLYGONALFACE((12,45,47,14));
#1428=IFCINDEXEDPOLYGONALFACE((14,47,44,17));
#1429=IFCINDEXEDPOLYGONALFACE((48,49,43,46));
#1430=IFCINDEXEDPOLYGONALFACE((51,48,46,9));
#1431=IFCINDEXEDPOLYGONALFACE((50,78,49,48));
#1432=IFCINDEXEDPOLYGONALFACE((52,50,48,51));
#1433=IFCINDEXEDPOLYGONALFACE((52,51,10,54));
#1434=IFCINDEXEDPOLYGONALFACE((53,77,50,52));
#1435=IFCINDEXEDPOLYGONALFACE((53,52,54,55));
#1436=IFCINDEXEDPOLYGONALFACE((10,6,56,54));
#1437=IFCINDEXEDPOLYGONALFACE((54,56,57,55));
#1438=IFCINDEXEDPOLYGONALFACE((56,58,60,57));
#1439=IFCINDEXEDPOLYGONALFACE((6,2,58,56));
#1440=IFCINDEXEDPOLYGONALFACE((60,58,59,61));
#1441=IFCINDEXEDPOLYGONALFACE((58,2,80,59));
#1442=IFCINDEXEDPOLYGONALFACE((60,61,64,62));
#1443=IFCINDEXEDPOLYGONALFACE((55,57,60,62));
#1444=IFCINDEXEDPOLYGONALFACE((62,64,65,63));
#1445=IFCINDEXEDPOLYGONALFACE((55,62,63,53));
#1446=IFCINDEXEDPOLYGONALFACE((64,66,67,65));
#1447=IFCINDEXEDPOLYGONALFACE((64,61,69,66));
#1448=IFCINDEXEDPOLYGONALFACE((71,67,66,68));
#1449=IFCINDEXEDPOLYGONALFACE((70,68,66,69));
#1450=IFCINDEXEDPOLYGONALFACE((59,70,69,61));
#1451=IFCINDEXEDPOLYGONALFACE((80,29,70,59));
#1452=IFCINDEXEDPOLYGONALFACE((29,31,68,70));
#1453=IFCINDEXEDPOLYGONALFACE((33,71,68,31));
#1454=IFCINDEXEDPOLYGONALFACE((71,72,74,67));
#1455=IFCINDEXEDPOLYGONALFACE((33,37,72,71));
#1456=IFCINDEXEDPOLYGONALFACE((37,79,73,72));
#1457=IFCINDEXEDPOLYGONALFACE((72,73,75,74));
#1458=IFCINDEXEDPOLYGONALFACE((74,75,65,67));
#1459=IFCINDEXEDPOLYGONALFACE((75,73,78,76));
#1460=IFCINDEXEDPOLYGONALFACE((75,76,63,65));
#1461=IFCINDEXEDPOLYGONALFACE((63,76,77,53));
#1462=IFCINDEXEDPOLYGONALFACE((77,76,78,50));
#1463=IFCINDEXEDPOLYGONALFACE((73,79,49,78));
#1464=IFCINDEXEDPOLYGONALFACE((43,49,79,36));
#1465=IFCINDEXEDPOLYGONALFACE((44,41,20,17));
#1466=IFCINDEXEDPOLYGONALFACE((41,39,23,20));
#1467=IFCINDEXEDPOLYGONALFACE((4,7,15,18));
#1468=IFCPOLYGONALFACESET(#1469,$,(#1470,#1471,#1472,#1473,#1474,#1475),$);
#1469=IFCCARTESIANPOINTLIST3D(((273.646881103516,-519.089050292969,823.778015136719),(-273.426544189453,-519.088562011719,823.778015136719),(273.647186279297,-19.,823.778015136719),(273.646881103516,-519.089050292969,818.778076171875),(273.647186279297,-19.,818.778076171875),(-273.426544189453,-519.088562011719,818.778076171875),(-273.42626953125,-19.,818.778076171875),(-273.42626953125,-19.,823.778015136719)));
#1470=IFCINDEXEDPOLYGONALFACE((1,2,6,4));
#1471=IFCINDEXEDPOLYGONALFACE((1,3,8,2));
#1472=IFCINDEXEDPOLYGONALFACE((3,1,4,5));
#1473=IFCINDEXEDPOLYGONALFACE((4,6,7,5));
#1474=IFCINDEXEDPOLYGONALFACE((2,8,7,6));
#1475=IFCINDEXEDPOLYGONALFACE((8,3,5,7));
#1476=IFCPOLYGONALFACESET(#1477,$,(#1478,#1479,#1480,#1481,#1482,#1483,#1484,#1485,#1486,#1487,#1488,#1489,#1490,#1491,#1492,#1493,#1494,#1495,#1496,#1497,#1498,#1499,#1500,#1501,#1502,#1503,#1504,#1505,#1506,#1507,#1508,#1509,#1510,#1511,#1512,#1513,#1514,#1515,#1516,#1517,#1518,#1519,#1520,#1521,#1522,#1523,#1524,#1525,#1526,#1527,#1528,#1529,#1530,#1531,#1532,#1533,#1534,#1535,#1536,#1537,#1538,#1539,#1540,#1541,#1542,#1543,#1544,#1545,#1546,#1547,#1548,#1549,#1550,#1551,#1552,#1553,#1554,#1555),$);
#1477=IFCCARTESIANPOINTLIST3D(((249.077651977539,-499.794738769531,814.113037109375),(273.07763671875,-499.794738769531,814.113037109375),(249.077651977539,-499.794799804688,376.),(247.57763671875,-499.294738769531,813.613037109375),(249.077651977539,-499.658020019531,815.978759765625),(273.07763671875,-499.657928466797,815.978759765625),(247.57763671875,-499.158020019531,815.478759765625),(249.077651977539,-497.794738769531,816.112976074219),(249.078353881836,-20.6889324188232,816.113525390625),(273.07763671875,-497.794616699219,816.112976074219),(247.57763671875,-497.294738769531,815.613037109375),(247.578353881836,-21.1889343261719,815.613525390625),(247.07763671875,-496.794738769531,815.113037109375),(247.078353881836,-21.6889324188232,815.113464355469),(247.07763671875,-498.658020019531,814.978698730469),(247.07763671875,-496.794616699219,813.113525390625),(247.078353881836,-21.6889324188232,813.113525390625),(247.07763671875,-498.794616699219,813.113037109375),(247.07763671875,-496.794799804688,377.),(247.07795715332,-21.6889152526855,377.),(247.07763671875,-498.794799804688,377.),(247.07763671875,-496.794799804688,375.),(247.07795715332,-21.6889152526855,375.),(247.57763671875,-497.294799804688,374.499725341797),(247.07763671875,-498.688812255859,375.127655029297),(247.57763671875,-499.188812255859,374.627655029297),(249.077651977539,-499.688812255859,374.127655029297),(247.57763671875,-499.294799804688,376.499725341797),(273.07763671875,-499.688842773438,374.127655029297),(249.077651977539,-497.794799804688,374.),(273.07763671875,-497.794830322266,374.),(249.07795715332,-20.6889152526855,374.),(273.077941894531,-20.6889152526855,374.),(247.57795715332,-21.1889152526855,374.499755859375),(249.07795715332,-18.9599094390869,374.211669921875),(249.07795715332,-18.6889133453369,376.),(273.077941894531,-18.9599094390869,374.211669921875),(247.57795715332,-19.4599113464355,374.711669921875),(247.07795715332,-19.9599113464355,375.211669921875),(247.57795715332,-19.1889152526855,376.499755859375),(247.07795715332,-19.6889133453369,377.),(247.578353881836,-19.1889343261719,813.613525390625),(249.078353881836,-18.6889324188232,814.113525390625),(247.078353881836,-19.6889324188232,813.113525390625),(247.578353881836,-19.3558349609375,815.447021484375),(249.078353881836,-18.8558330535889,815.947021484375),(247.078353881836,-19.8558330535889,814.947021484375),(273.078155517578,-18.8559284210205,815.947021484375),(273.078155517578,-18.6889324188232,814.113525390625),(274.578155517578,-19.3559265136719,815.447021484375),(273.078155517578,-20.6890258789062,816.113525390625),(274.578155517578,-21.1889362335205,815.613525390625),(275.078155517578,-21.6889343261719,815.113464355469),(274.577667236328,-497.294616699219,815.613037109375),(275.077667236328,-496.794616699219,815.113037109375),(274.577667236328,-499.157928466797,815.478759765625),(275.077667236328,-498.657928466797,814.978698730469),(274.577667236328,-499.294616699219,813.613037109375),(274.577667236328,-499.294830322266,376.499725341797),(275.077667236328,-498.794616699219,813.113037109375),(275.077667236328,-498.794830322266,377.),(275.077667236328,-496.794616699219,813.113037109375),(275.078155517578,-21.6889324188232,813.113525390625),(275.077667236328,-496.794830322266,377.),(275.077941894531,-21.6889152526855,377.),(275.077667236328,-496.794830322266,375.),(275.077941894531,-21.6889152526855,375.),(274.577667236328,-497.294830322266,374.499725341797),(275.077667236328,-498.688842773438,375.127655029297),(274.577667236328,-499.188842773438,374.627655029297),(274.577972412109,-21.1889152526855,374.499755859375),(274.577972412109,-19.4599113464355,374.711669921875),(274.577972412109,-19.1889152526855,376.499755859375),(275.077941894531,-19.9599113464355,375.211669921875),(275.077941894531,-19.6889133453369,377.),(275.078155517578,-19.6889324188232,813.113525390625),(275.078155517578,-19.8559284210205,814.947021484375),(274.578155517578,-19.1889343261719,813.613525390625),(273.077941894531,-18.6889133453369,376.),(273.07763671875,-499.794830322266,376.)));
#1478=IFCINDEXEDPOLYGONALFACE((5,1,2,6));
#1479=IFCINDEXEDPOLYGONALFACE((1,3,80,2));
#1480=IFCINDEXEDPOLYGONALFACE((28,3,1,4));
#1481=IFCINDEXEDPOLYGONALFACE((1,5,7,4));
#1482=IFCINDEXEDPOLYGONALFACE((8,5,6,10));
#1483=IFCINDEXEDPOLYGONALFACE((5,8,11,7));
#1484=IFCINDEXEDPOLYGONALFACE((11,8,9,12));
#1485=IFCINDEXEDPOLYGONALFACE((8,10,51,9));
#1486=IFCINDEXEDPOLYGONALFACE((13,11,12,14));
#1487=IFCINDEXEDPOLYGONALFACE((7,11,13,15));
#1488=IFCINDEXEDPOLYGONALFACE((14,17,16,13));
#1489=IFCINDEXEDPOLYGONALFACE((16,18,15,13));
#1490=IFCINDEXEDPOLYGONALFACE((19,16,17,20));
#1491=IFCINDEXEDPOLYGONALFACE((21,18,16,19));
#1492=IFCINDEXEDPOLYGONALFACE((19,20,23,22));
#1493=IFCINDEXEDPOLYGONALFACE((25,21,19,22));
#1494=IFCINDEXEDPOLYGONALFACE((23,34,24,22));
#1495=IFCINDEXEDPOLYGONALFACE((25,22,24,26));
#1496=IFCINDEXEDPOLYGONALFACE((21,25,26,28));
#1497=IFCINDEXEDPOLYGONALFACE((28,26,27,3));
#1498=IFCINDEXEDPOLYGONALFACE((26,24,30,27));
#1499=IFCINDEXEDPOLYGONALFACE((21,28,4,18));
#1500=IFCINDEXEDPOLYGONALFACE((31,29,27,30));
#1501=IFCINDEXEDPOLYGONALFACE((29,80,3,27));
#1502=IFCINDEXEDPOLYGONALFACE((31,30,32,33));
#1503=IFCINDEXEDPOLYGONALFACE((34,32,30,24));
#1504=IFCINDEXEDPOLYGONALFACE((32,35,37,33));
#1505=IFCINDEXEDPOLYGONALFACE((34,38,35,32));
#1506=IFCINDEXEDPOLYGONALFACE((38,40,36,35));
#1507=IFCINDEXEDPOLYGONALFACE((35,36,79,37));
#1508=IFCINDEXEDPOLYGONALFACE((23,39,38,34));
#1509=IFCINDEXEDPOLYGONALFACE((39,41,40,38));
#1510=IFCINDEXEDPOLYGONALFACE((44,42,40,41));
#1511=IFCINDEXEDPOLYGONALFACE((42,43,36,40));
#1512=IFCINDEXEDPOLYGONALFACE((46,43,42,45));
#1513=IFCINDEXEDPOLYGONALFACE((45,42,44,47));
#1514=IFCINDEXEDPOLYGONALFACE((9,46,45,12));
#1515=IFCINDEXEDPOLYGONALFACE((12,45,47,14));
#1516=IFCINDEXEDPOLYGONALFACE((14,47,44,17));
#1517=IFCINDEXEDPOLYGONALFACE((48,49,43,46));
#1518=IFCINDEXEDPOLYGONALFACE((51,48,46,9));
#1519=IFCINDEXEDPOLYGONALFACE((50,78,49,48));
#1520=IFCINDEXEDPOLYGONALFACE((52,50,48,51));
#1521=IFCINDEXEDPOLYGONALFACE((52,51,10,54));
#1522=IFCINDEXEDPOLYGONALFACE((53,77,50,52));
#1523=IFCINDEXEDPOLYGONALFACE((53,52,54,55));
#1524=IFCINDEXEDPOLYGONALFACE((10,6,56,54));
#1525=IFCINDEXEDPOLYGONALFACE((54,56,57,55));
#1526=IFCINDEXEDPOLYGONALFACE((56,58,60,57));
#1527=IFCINDEXEDPOLYGONALFACE((6,2,58,56));
#1528=IFCINDEXEDPOLYGONALFACE((60,58,59,61));
#1529=IFCINDEXEDPOLYGONALFACE((58,2,80,59));
#1530=IFCINDEXEDPOLYGONALFACE((60,61,64,62));
#1531=IFCINDEXEDPOLYGONALFACE((55,57,60,62));
#1532=IFCINDEXEDPOLYGONALFACE((62,64,65,63));
#1533=IFCINDEXEDPOLYGONALFACE((55,62,63,53));
#1534=IFCINDEXEDPOLYGONALFACE((64,66,67,65));
#1535=IFCINDEXEDPOLYGONALFACE((64,61,69,66));
#1536=IFCINDEXEDPOLYGONALFACE((71,67,66,68));
#1537=IFCINDEXEDPOLYGONALFACE((70,68,66,69));
#1538=IFCINDEXEDPOLYGONALFACE((59,70,69,61));
#1539=IFCINDEXEDPOLYGONALFACE((80,29,70,59));
#1540=IFCINDEXEDPOLYGONALFACE((29,31,68,70));
#1541=IFCINDEXEDPOLYGONALFACE((33,71,68,31));
#1542=IFCINDEXEDPOLYGONALFACE((71,72,74,67));
#1543=IFCINDEXEDPOLYGONALFACE((33,37,72,71));
#1544=IFCINDEXEDPOLYGONALFACE((37,79,73,72));
#1545=IFCINDEXEDPOLYGONALFACE((72,73,75,74));
#1546=IFCINDEXEDPOLYGONALFACE((74,75,65,67));
#1547=IFCINDEXEDPOLYGONALFACE((75,73,78,76));
#1548=IFCINDEXEDPOLYGONALFACE((75,76,63,65));
#1549=IFCINDEXEDPOLYGONALFACE((63,76,77,53));
#1550=IFCINDEXEDPOLYGONALFACE((77,76,78,50));
#1551=IFCINDEXEDPOLYGONALFACE((73,79,49,78));
#1552=IFCINDEXEDPOLYGONALFACE((43,49,79,36));
#1553=IFCINDEXEDPOLYGONALFACE((44,41,20,17));
#1554=IFCINDEXEDPOLYGONALFACE((41,39,23,20));
#1555=IFCINDEXEDPOLYGONALFACE((4,7,15,18));
#1556=IFCPOLYGONALFACESET(#1557,$,(#1558,#1559,#1560,#1561,#1562,#1563,#1564,#1565,#1566,#1567,#1568,#1569,#1570,#1571,#1572,#1573,#1574,#1575,#1576,#1577,#1578,#1579,#1580,#1581,#1582,#1583,#1584,#1585,#1586,#1587,#1588,#1589,#1590,#1591,#1592,#1593,#1594,#1595,#1596,#1597,#1598,#1599,#1600,#1601,#1602,#1603,#1604,#1605,#1606,#1607,#1608,#1609,#1610,#1611,#1612,#1613,#1614,#1615,#1616,#1617,#1618,#1619,#1620,#1621,#1622,#1623,#1624,#1625,#1626,#1627,#1628,#1629,#1630,#1631,#1632,#1633,#1634,#1635),$);
#1557=IFCCARTESIANPOINTLIST3D(((-272.437408447266,-499.794403076172,814.113525390625),(-248.437438964844,-499.794616699219,814.113525390625),(-272.437347412109,-499.794219970703,377.259979248047),(-273.937408447266,-499.294403076172,813.613525390625),(-272.437408447266,-499.657684326172,815.979248046875),(-248.437438964844,-499.657897949219,815.979248046875),(-273.937408447266,-499.157684326172,815.479248046875),(-272.437408447266,-497.794403076172,816.113525390625),(-272.437377929688,-20.688627243042,816.114013671875),(-248.437438964844,-497.794586181641,816.113525390625),(-273.937408447266,-497.294403076172,815.613525390625),(-273.937377929688,-21.1886291503906,815.614013671875),(-274.437438964844,-496.794403076172,815.113464355469),(-274.437408447266,-21.688627243042,815.114013671875),(-274.437438964844,-498.657684326172,814.979248046875),(-274.437438964844,-496.794403076172,813.114013671875),(-274.437408447266,-21.688627243042,813.114013671875),(-274.437438964844,-498.794403076172,813.113525390625),(-274.437377929688,-496.794281005859,378.259979248047),(-274.437286376953,-21.688606262207,378.260009765625),(-274.437377929688,-498.794281005859,378.259979248047),(-274.437377929688,-496.794281005859,376.259979248047),(-274.437286376953,-21.688606262207,376.260009765625),(-273.937347412109,-497.294281005859,375.759979248047),(-274.437377929688,-498.688385009766,376.387420654297),(-273.937347412109,-499.188507080078,375.887420654297),(-272.437347412109,-499.688385009766,375.387420654297),(-273.937347412109,-499.294403076172,377.759979248047),(-248.437377929688,-499.688507080078,375.387420654297),(-272.437347412109,-497.794281005859,375.259979248047),(-248.437377929688,-497.794403076172,375.259979248047),(-272.437255859375,-20.688606262207,375.260009765625),(-248.437393188477,-20.6886081695557,375.260009765625),(-273.937255859375,-21.1886081695557,375.760009765625),(-272.437255859375,-18.959602355957,375.471435546875),(-272.437255859375,-18.6886081695557,377.260009765625),(-248.437393188477,-18.9595127105713,375.471435546875),(-273.937255859375,-19.4596042633057,375.971435546875),(-274.437286376953,-19.959602355957,376.471435546875),(-273.937255859375,-19.1886081695557,377.760009765625),(-274.437286376953,-19.688606262207,378.260009765625),(-273.937377929688,-19.1886291503906,813.614013671875),(-272.437377929688,-18.6886291503906,814.114013671875),(-274.437408447266,-19.688627243042,813.114013671875),(-273.937377929688,-19.3555278778076,815.447509765625),(-272.437377929688,-18.8555297851562,815.947509765625),(-274.437408447266,-19.8555297851562,814.947509765625),(-248.437393188477,-18.8555297851562,815.947509765625),(-248.437393188477,-18.6886291503906,814.114013671875),(-246.937377929688,-19.3555278778076,815.447509765625),(-248.437393188477,-20.688627243042,816.114013671875),(-246.937377929688,-21.1886291503906,815.614013671875),(-246.437408447266,-21.688627243042,815.114013671875),(-246.937423706055,-497.294586181641,815.613525390625),(-246.437454223633,-496.794586181641,815.113464355469),(-246.937423706055,-499.157897949219,815.479248046875),(-246.437454223633,-498.657897949219,814.979248046875),(-246.937423706055,-499.294586181641,813.613525390625),(-246.937362670898,-499.294403076172,377.759979248047),(-246.437454223633,-498.794586181641,813.113525390625),(-246.437393188477,-498.794403076172,378.259979248047),(-246.437454223633,-496.794586181641,813.113525390625),(-246.437408447266,-21.688627243042,813.114013671875),(-246.437393188477,-496.794403076172,378.259490966797),(-246.437408447266,-21.6886081695557,378.260009765625),(-246.437393188477,-496.794403076172,376.259490966797),(-246.437408447266,-21.6887016296387,376.260009765625),(-246.937362670898,-497.294403076172,375.759979248047),(-246.437393188477,-498.688507080078,376.387420654297),(-246.937362670898,-499.188507080078,375.887420654297),(-246.937377929688,-21.1887016296387,375.760009765625),(-246.937377929688,-19.4596061706543,375.971435546875),(-246.937377929688,-19.1886100769043,377.760009765625),(-246.437408447266,-19.9596042633057,376.471435546875),(-246.437408447266,-19.6886081695557,378.260009765625),(-246.437408447266,-19.688627243042,813.114013671875),(-246.437408447266,-19.8555297851562,814.947509765625),(-246.937377929688,-19.1886291503906,813.614013671875),(-248.437393188477,-18.6886100769043,377.260009765625),(-248.437377929688,-499.794403076172,377.259979248047)));
#1558=IFCINDEXEDPOLYGONALFACE((5,1,2,6));
#1559=IFCINDEXEDPOLYGONALFACE((1,3,80,2));
#1560=IFCINDEXEDPOLYGONALFACE((28,3,1,4));
#1561=IFCINDEXEDPOLYGONALFACE((1,5,7,4));
#1562=IFCINDEXEDPOLYGONALFACE((8,5,6,10));
#1563=IFCINDEXEDPOLYGONALFACE((5,8,11,7));
#1564=IFCINDEXEDPOLYGONALFACE((11,8,9,12));
#1565=IFCINDEXEDPOLYGONALFACE((8,10,51,9));
#1566=IFCINDEXEDPOLYGONALFACE((13,11,12,14));
#1567=IFCINDEXEDPOLYGONALFACE((7,11,13,15));
#1568=IFCINDEXEDPOLYGONALFACE((14,17,16,13));
#1569=IFCINDEXEDPOLYGONALFACE((16,18,15,13));
#1570=IFCINDEXEDPOLYGONALFACE((19,16,17,20));
#1571=IFCINDEXEDPOLYGONALFACE((21,18,16,19));
#1572=IFCINDEXEDPOLYGONALFACE((19,20,23,22));
#1573=IFCINDEXEDPOLYGONALFACE((25,21,19,22));
#1574=IFCINDEXEDPOLYGONALFACE((23,34,24,22));
#1575=IFCINDEXEDPOLYGONALFACE((25,22,24,26));
#1576=IFCINDEXEDPOLYGONALFACE((21,25,26,28));
#1577=IFCINDEXEDPOLYGONALFACE((28,26,27,3));
#1578=IFCINDEXEDPOLYGONALFACE((26,24,30,27));
#1579=IFCINDEXEDPOLYGONALFACE((21,28,4,18));
#1580=IFCINDEXEDPOLYGONALFACE((31,29,27,30));
#1581=IFCINDEXEDPOLYGONALFACE((29,80,3,27));
#1582=IFCINDEXEDPOLYGONALFACE((31,30,32,33));
#1583=IFCINDEXEDPOLYGONALFACE((34,32,30,24));
#1584=IFCINDEXEDPOLYGONALFACE((32,35,37,33));
#1585=IFCINDEXEDPOLYGONALFACE((34,38,35,32));
#1586=IFCINDEXEDPOLYGONALFACE((38,40,36,35));
#1587=IFCINDEXEDPOLYGONALFACE((35,36,79,37));
#1588=IFCINDEXEDPOLYGONALFACE((23,39,38,34));
#1589=IFCINDEXEDPOLYGONALFACE((39,41,40,38));
#1590=IFCINDEXEDPOLYGONALFACE((44,42,40,41));
#1591=IFCINDEXEDPOLYGONALFACE((42,43,36,40));
#1592=IFCINDEXEDPOLYGONALFACE((46,43,42,45));
#1593=IFCINDEXEDPOLYGONALFACE((45,42,44,47));
#1594=IFCINDEXEDPOLYGONALFACE((9,46,45,12));
#1595=IFCINDEXEDPOLYGONALFACE((12,45,47,14));
#1596=IFCINDEXEDPOLYGONALFACE((14,47,44,17));
#1597=IFCINDEXEDPOLYGONALFACE((48,49,43,46));
#1598=IFCINDEXEDPOLYGONALFACE((51,48,46,9));
#1599=IFCINDEXEDPOLYGONALFACE((50,78,49,48));
#1600=IFCINDEXEDPOLYGONALFACE((52,50,48,51));
#1601=IFCINDEXEDPOLYGONALFACE((52,51,10,54));
#1602=IFCINDEXEDPOLYGONALFACE((53,77,50,52));
#1603=IFCINDEXEDPOLYGONALFACE((53,52,54,55));
#1604=IFCINDEXEDPOLYGONALFACE((10,6,56,54));
#1605=IFCINDEXEDPOLYGONALFACE((54,56,57,55));
#1606=IFCINDEXEDPOLYGONALFACE((56,58,60,57));
#1607=IFCINDEXEDPOLYGONALFACE((6,2,58,56));
#1608=IFCINDEXEDPOLYGONALFACE((60,58,59,61));
#1609=IFCINDEXEDPOLYGONALFACE((58,2,80,59));
#1610=IFCINDEXEDPOLYGONALFACE((60,61,64,62));
#1611=IFCINDEXEDPOLYGONALFACE((55,57,60,62));
#1612=IFCINDEXEDPOLYGONALFACE((62,64,65,63));
#1613=IFCINDEXEDPOLYGONALFACE((55,62,63,53));
#1614=IFCINDEXEDPOLYGONALFACE((64,66,67,65));
#1615=IFCINDEXEDPOLYGONALFACE((64,61,69,66));
#1616=IFCINDEXEDPOLYGONALFACE((71,67,66,68));
#1617=IFCINDEXEDPOLYGONALFACE((70,68,66,69));
#1618=IFCINDEXEDPOLYGONALFACE((59,70,69,61));
#1619=IFCINDEXEDPOLYGONALFACE((80,29,70,59));
#1620=IFCINDEXEDPOLYGONALFACE((29,31,68,70));
#1621=IFCINDEXEDPOLYGONALFACE((33,71,68,31));
#1622=IFCINDEXEDPOLYGONALFACE((71,72,74,67));
#1623=IFCINDEXEDPOLYGONALFACE((33,37,72,71));
#1624=IFCINDEXEDPOLYGONALFACE((37,79,73,72));
#1625=IFCINDEXEDPOLYGONALFACE((72,73,75,74));
#1626=IFCINDEXEDPOLYGONALFACE((74,75,65,67));
#1627=IFCINDEXEDPOLYGONALFACE((75,73,78,76));
#1628=IFCINDEXEDPOLYGONALFACE((75,76,63,65));
#1629=IFCINDEXEDPOLYGONALFACE((63,76,77,53));
#1630=IFCINDEXEDPOLYGONALFACE((77,76,78,50));
#1631=IFCINDEXEDPOLYGONALFACE((73,79,49,78));
#1632=IFCINDEXEDPOLYGONALFACE((43,49,79,36));
#1633=IFCINDEXEDPOLYGONALFACE((44,41,20,17));
#1634=IFCINDEXEDPOLYGONALFACE((41,39,23,20));
#1635=IFCINDEXEDPOLYGONALFACE((4,7,15,18));
#1636=IFCPOLYGONALFACESET(#1637,$,(#1638,#1639,#1640,#1641,#1642,#1643,#1644,#1645,#1646,#1647,#1648,#1649,#1650,#1651,#1652,#1653,#1654,#1655,#1656,#1657,#1658,#1659,#1660,#1661,#1662,#1663,#1664,#1665,#1666,#1667,#1668,#1669,#1670,#1671,#1672,#1673,#1674,#1675,#1676,#1677,#1678,#1679,#1680,#1681,#1682,#1683,#1684,#1685,#1686,#1687,#1688,#1689,#1690,#1691,#1692,#1693,#1694,#1695,#1696,#1697,#1698,#1699,#1700,#1701,#1702,#1703,#1704,#1705,#1706,#1707,#1708,#1709,#1710,#1711,#1712,#1713,#1714,#1715),$);
#1637=IFCCARTESIANPOINTLIST3D(((-244.437088012695,-20.6883964538574,375.260009765625),(-244.437088012695,-34.6883964538574,375.260009765625),(245.07795715332,-20.6889152526855,375.260009765625),(-243.937057495117,-19.1883945465088,375.760009765625),(-246.302703857422,-20.6883964538574,375.396728515625),(-246.302703857422,-34.6883964538574,375.396728515625),(-245.802688598633,-19.1883945465088,375.896728515625),(-246.437057495117,-20.6883964538574,377.260009765625),(-246.437408447266,-20.6885356903076,813.979248046875),(-246.437057495117,-34.6883964538574,377.260009765625),(-245.937088012695,-19.1883945465088,377.760009765625),(-245.937393188477,-19.1885375976562,813.479248046875),(-245.437072753906,-18.6883964538574,378.260009765625),(-245.437362670898,-18.6885356903076,812.979248046875),(-245.302658081055,-18.6883964538574,376.396728515625),(-243.437393188477,-18.6883964538574,378.260009765625),(-243.437393188477,-18.6885356903076,812.979248046875),(-243.437103271484,-18.6883964538574,376.260009765625),(244.077972412109,-18.6888236999512,378.260009765625),(244.078353881836,-18.6889324188232,812.978759765625),(244.077972412109,-18.6889133453369,376.260009765625),(246.07795715332,-18.6888236999512,378.260009765625),(246.078353881836,-18.6889324188232,812.978759765625),(246.57795715332,-19.1888236999512,377.760009765625),(245.950271606445,-18.6888236999512,376.365478515625),(246.450271606445,-19.1888236999512,375.865478515625),(246.950271606445,-20.6888236999512,375.365478515625),(244.57795715332,-19.1889152526855,375.760009765625),(246.950271606445,-34.6888236999512,375.365478515625),(247.07795715332,-20.6888236999512,377.260009765625),(247.07795715332,-34.6888236999512,377.260009765625),(247.078353881836,-20.6889324188232,813.978759765625),(247.07795715332,-34.6889343261719,813.978759765625),(246.578353881836,-19.1889343261719,813.478759765625),(246.86686706543,-20.6889324188232,815.707763671875),(245.078353881836,-20.6889324188232,815.978759765625),(246.866561889648,-34.6889343261719,815.707763671875),(246.36686706543,-19.1889343261719,815.207702636719),(245.86686706543,-18.6889324188232,814.707763671875),(244.578353881836,-19.1889343261719,815.478759765625),(244.078353881836,-18.6889324188232,814.978698730469),(-243.937362670898,-19.1884136199951,815.479248046875),(-244.437377929688,-20.6885356903076,815.979248046875),(-243.437393188477,-18.6884155273438,814.979248046875),(-245.770858764648,-19.1885375976562,815.312255859375),(-246.270874023438,-20.6885356903076,815.812255859375),(-245.270889282227,-18.6885356903076,814.812255859375),(-246.270874023438,-34.6885375976562,815.812255859375),(-244.437377929688,-34.6885375976562,815.979248046875),(-245.771087646484,-36.1885375976562,815.312255859375),(-246.437408447266,-34.6885375976562,813.979248046875),(-245.937576293945,-36.1885375976562,813.479248046875),(-245.437545776367,-36.6885375976562,812.979248046875),(-245.937271118164,-36.1883964538574,377.760009765625),(-245.437255859375,-36.6883964538574,378.260009765625),(-245.802871704102,-36.1883964538574,375.896728515625),(-245.302841186523,-36.6883964538574,376.396728515625),(-243.937240600586,-36.1883964538574,375.760009765625),(244.57795715332,-36.1889114379883,375.760009765625),(-243.437271118164,-36.6883964538574,376.260009765625),(244.077972412109,-36.6889152526855,376.260009765625),(-243.437271118164,-36.688304901123,378.260009765625),(-243.437576293945,-36.6885375976562,812.979248046875),(244.077972412109,-36.6888236999512,378.260009765625),(244.077972412109,-36.6889343261719,812.978759765625),(246.07795715332,-36.6888236999512,378.260009765625),(246.07795715332,-36.6889343261719,812.978759765625),(246.57795715332,-36.1888236999512,377.760009765625),(245.950271606445,-36.6888236999512,376.365478515625),(246.450271606445,-36.1888236999512,375.865478515625),(246.57795715332,-36.1889305114746,813.478759765625),(246.366561889648,-36.1889305114746,815.207702636719),(244.57795715332,-36.1889305114746,815.478759765625),(245.866561889648,-36.6889343261719,814.707763671875),(244.077972412109,-36.6889343261719,814.978698730469),(-243.437576293945,-36.6885375976562,814.979248046875),(-245.271072387695,-36.6885375976562,814.812255859375),(-243.937591552734,-36.1885375976562,815.479248046875),(245.07795715332,-34.6889343261719,815.978759765625),(245.07795715332,-34.6889152526855,375.260009765625)));
#1638=IFCINDEXEDPOLYGONALFACE((5,1,2,6));
#1639=IFCINDEXEDPOLYGONALFACE((1,3,80,2));
#1640=IFCINDEXEDPOLYGONALFACE((28,3,1,4));
#1641=IFCINDEXEDPOLYGONALFACE((1,5,7,4));
#1642=IFCINDEXEDPOLYGONALFACE((8,5,6,10));
#1643=IFCINDEXEDPOLYGONALFACE((5,8,11,7));
#1644=IFCINDEXEDPOLYGONALFACE((11,8,9,12));
#1645=IFCINDEXEDPOLYGONALFACE((8,10,51,9));
#1646=IFCINDEXEDPOLYGONALFACE((13,11,12,14));
#1647=IFCINDEXEDPOLYGONALFACE((7,11,13,15));
#1648=IFCINDEXEDPOLYGONALFACE((14,17,16,13));
#1649=IFCINDEXEDPOLYGONALFACE((16,18,15,13));
#1650=IFCINDEXEDPOLYGONALFACE((19,16,17,20));
#1651=IFCINDEXEDPOLYGONALFACE((21,18,16,19));
#1652=IFCINDEXEDPOLYGONALFACE((19,20,23,22));
#1653=IFCINDEXEDPOLYGONALFACE((25,21,19,22));
#1654=IFCINDEXEDPOLYGONALFACE((23,34,24,22));
#1655=IFCINDEXEDPOLYGONALFACE((25,22,24,26));
#1656=IFCINDEXEDPOLYGONALFACE((21,25,26,28));
#1657=IFCINDEXEDPOLYGONALFACE((28,26,27,3));
#1658=IFCINDEXEDPOLYGONALFACE((26,24,30,27));
#1659=IFCINDEXEDPOLYGONALFACE((21,28,4,18));
#1660=IFCINDEXEDPOLYGONALFACE((31,29,27,30));
#1661=IFCINDEXEDPOLYGONALFACE((29,80,3,27));
#1662=IFCINDEXEDPOLYGONALFACE((31,30,32,33));
#1663=IFCINDEXEDPOLYGONALFACE((34,32,30,24));
#1664=IFCINDEXEDPOLYGONALFACE((32,35,37,33));
#1665=IFCINDEXEDPOLYGONALFACE((34,38,35,32));
#1666=IFCINDEXEDPOLYGONALFACE((38,40,36,35));
#1667=IFCINDEXEDPOLYGONALFACE((35,36,79,37));
#1668=IFCINDEXEDPOLYGONALFACE((23,39,38,34));
#1669=IFCINDEXEDPOLYGONALFACE((39,41,40,38));
#1670=IFCINDEXEDPOLYGONALFACE((44,42,40,41));
#1671=IFCINDEXEDPOLYGONALFACE((42,43,36,40));
#1672=IFCINDEXEDPOLYGONALFACE((46,43,42,45));
#1673=IFCINDEXEDPOLYGONALFACE((45,42,44,47));
#1674=IFCINDEXEDPOLYGONALFACE((9,46,45,12));
#1675=IFCINDEXEDPOLYGONALFACE((12,45,47,14));
#1676=IFCINDEXEDPOLYGONALFACE((14,47,44,17));
#1677=IFCINDEXEDPOLYGONALFACE((48,49,43,46));
#1678=IFCINDEXEDPOLYGONALFACE((51,48,46,9));
#1679=IFCINDEXEDPOLYGONALFACE((50,78,49,48));
#1680=IFCINDEXEDPOLYGONALFACE((52,50,48,51));
#1681=IFCINDEXEDPOLYGONALFACE((52,51,10,54));
#1682=IFCINDEXEDPOLYGONALFACE((53,77,50,52));
#1683=IFCINDEXEDPOLYGONALFACE((53,52,54,55));
#1684=IFCINDEXEDPOLYGONALFACE((10,6,56,54));
#1685=IFCINDEXEDPOLYGONALFACE((54,56,57,55));
#1686=IFCINDEXEDPOLYGONALFACE((56,58,60,57));
#1687=IFCINDEXEDPOLYGONALFACE((6,2,58,56));
#1688=IFCINDEXEDPOLYGONALFACE((60,58,59,61));
#1689=IFCINDEXEDPOLYGONALFACE((58,2,80,59));
#1690=IFCINDEXEDPOLYGONALFACE((60,61,64,62));
#1691=IFCINDEXEDPOLYGONALFACE((55,57,60,62));
#1692=IFCINDEXEDPOLYGONALFACE((62,64,65,63));
#1693=IFCINDEXEDPOLYGONALFACE((55,62,63,53));
#1694=IFCINDEXEDPOLYGONALFACE((64,66,67,65));
#1695=IFCINDEXEDPOLYGONALFACE((64,61,69,66));
#1696=IFCINDEXEDPOLYGONALFACE((71,67,66,68));
#1697=IFCINDEXEDPOLYGONALFACE((70,68,66,69));
#1698=IFCINDEXEDPOLYGONALFACE((59,70,69,61));
#1699=IFCINDEXEDPOLYGONALFACE((80,29,70,59));
#1700=IFCINDEXEDPOLYGONALFACE((29,31,68,70));
#1701=IFCINDEXEDPOLYGONALFACE((33,71,68,31));
#1702=IFCINDEXEDPOLYGONALFACE((71,72,74,67));
#1703=IFCINDEXEDPOLYGONALFACE((33,37,72,71));
#1704=IFCINDEXEDPOLYGONALFACE((37,79,73,72));
#1705=IFCINDEXEDPOLYGONALFACE((72,73,75,74));
#1706=IFCINDEXEDPOLYGONALFACE((74,75,65,67));
#1707=IFCINDEXEDPOLYGONALFACE((75,73,78,76));
#1708=IFCINDEXEDPOLYGONALFACE((75,76,63,65));
#1709=IFCINDEXEDPOLYGONALFACE((63,76,77,53));
#1710=IFCINDEXEDPOLYGONALFACE((77,76,78,50));
#1711=IFCINDEXEDPOLYGONALFACE((73,79,49,78));
#1712=IFCINDEXEDPOLYGONALFACE((43,49,79,36));
#1713=IFCINDEXEDPOLYGONALFACE((44,41,20,17));
#1714=IFCINDEXEDPOLYGONALFACE((41,39,23,20));
#1715=IFCINDEXEDPOLYGONALFACE((4,7,15,18));
#1716=IFCPOLYGONALFACESET(#1717,$,(#1718,#1719,#1720,#1721,#1722,#1723,#1724,#1725,#1726,#1727,#1728,#1729,#1730,#1731,#1732,#1733,#1734,#1735,#1736,#1737,#1738,#1739,#1740,#1741,#1742,#1743,#1744,#1745,#1746,#1747,#1748,#1749,#1750,#1751,#1752,#1753,#1754,#1755,#1756,#1757,#1758,#1759,#1760,#1761,#1762,#1763,#1764,#1765,#1766,#1767,#1768,#1769,#1770,#1771,#1772,#1773,#1774,#1775,#1776,#1777,#1778,#1779,#1780,#1781,#1782,#1783,#1784,#1785,#1786,#1787,#1788,#1789,#1790,#1791,#1792,#1793,#1794,#1795),$);
#1717=IFCCARTESIANPOINTLIST3D(((249.077667236328,-519.931518554688,803.),(273.07763671875,-519.931457519531,803.),(249.077667236328,-519.931640625,376.),(247.577651977539,-519.431579589844,802.500732421875),(249.077667236328,-519.794799804688,804.866455078125),(273.07763671875,-519.794799804688,804.866455078125),(247.577651977539,-519.294738769531,804.366394042969),(249.077667236328,-517.931518554688,805.),(249.077941894531,-502.071899414062,805.),(273.07763671875,-517.931518554688,805.),(247.577651977539,-517.431518554688,804.501159667969),(247.57795715332,-502.571838378906,804.501159667969),(247.077651977539,-516.931579589844,804.),(247.077941894531,-503.071868896484,804.),(247.077651977539,-518.794738769531,803.866455078125),(247.077651977539,-516.931579589844,802.),(247.077941894531,-503.071868896484,802.),(247.077651977539,-518.931518554688,802.),(247.077651977539,-516.931701660156,377.),(247.07763671875,-503.071868896484,377.),(247.077651977539,-518.931640625,377.),(247.077651977539,-516.931701660156,375.),(247.07763671875,-503.071868896484,375.),(247.577651977539,-517.431640625,374.499725341797),(247.077651977539,-518.825744628906,375.127166748047),(247.577651977539,-519.32568359375,374.627166748047),(249.077667236328,-519.825744628906,374.127166748047),(247.577651977539,-519.431701660156,376.499725341797),(273.07763671875,-519.825744628906,374.127655029297),(249.077667236328,-517.931640625,374.),(273.07763671875,-517.931640625,374.),(249.077651977539,-502.071899414062,374.),(273.07763671875,-502.071899414062,374.),(247.57763671875,-502.571899414062,374.499725341797),(249.077651977539,-500.342803955078,374.211151123047),(249.077651977539,-500.071899414062,376.),(273.07763671875,-500.342803955078,374.211151123047),(247.57763671875,-500.8427734375,374.711151123047),(247.07763671875,-501.342803955078,375.211151123047),(247.57763671875,-500.571929931641,376.499725341797),(247.07763671875,-501.071899414062,377.),(247.57795715332,-500.571807861328,802.501220703125),(249.077941894531,-500.071838378906,803.),(247.077941894531,-501.071838378906,802.),(247.57795715332,-500.738830566406,804.334716796875),(249.077941894531,-500.238861083984,804.834716796875),(247.077941894531,-501.238861083984,803.834716796875),(273.077850341797,-500.238861083984,804.834716796875),(273.077850341797,-500.071960449219,803.),(274.577880859375,-500.738830566406,804.334716796875),(273.077850341797,-502.071960449219,805.),(274.577880859375,-502.571960449219,804.501159667969),(275.077850341797,-503.071929931641,804.),(274.577667236328,-517.431335449219,804.500732421875),(275.077667236328,-516.931396484375,804.),(274.577667236328,-519.294677734375,804.366394042969),(275.077667236328,-518.794738769531,803.866455078125),(274.577667236328,-519.431396484375,802.500732421875),(274.577667236328,-519.431701660156,376.499725341797),(275.077667236328,-518.931457519531,802.),(275.077667236328,-518.931762695312,377.),(275.077667236328,-516.931518554688,802.),(275.077850341797,-503.071929931641,802.),(275.077667236328,-516.931823730469,377.),(275.077667236328,-503.071990966797,377.),(275.077667236328,-516.931701660156,375.),(275.077667236328,-503.071868896484,375.),(274.577667236328,-517.431640625,374.499725341797),(275.077667236328,-518.825744628906,375.127655029297),(274.577667236328,-519.32568359375,374.627655029297),(274.577667236328,-502.571899414062,374.499725341797),(274.577667236328,-500.842834472656,374.711151123047),(274.577667236328,-500.571929931641,376.499725341797),(275.077667236328,-501.342803955078,375.211151123047),(275.077667236328,-501.072021484375,377.),(275.077850341797,-501.071960449219,802.),(275.077850341797,-501.238861083984,803.834716796875),(274.577880859375,-500.571929931641,802.501220703125),(273.07763671875,-500.071960449219,376.),(273.07763671875,-519.931640625,376.)));
#1718=IFCINDEXEDPOLYGONALFACE((5,1,2,6));
#1719=IFCINDEXEDPOLYGONALFACE((1,3,80,2));
#1720=IFCINDEXEDPOLYGONALFACE((28,3,1,4));
#1721=IFCINDEXEDPOLYGONALFACE((1,5,7,4));
#1722=IFCINDEXEDPOLYGONALFACE((8,5,6,10));
#1723=IFCINDEXEDPOLYGONALFACE((5,8,11,7));
#1724=IFCINDEXEDPOLYGONALFACE((11,8,9,12));
#1725=IFCINDEXEDPOLYGONALFACE((8,10,51,9));
#1726=IFCINDEXEDPOLYGONALFACE((13,11,12,14));
#1727=IFCINDEXEDPOLYGONALFACE((7,11,13,15));
#1728=IFCINDEXEDPOLYGONALFACE((14,17,16,13));
#1729=IFCINDEXEDPOLYGONALFACE((16,18,15,13));
#1730=IFCINDEXEDPOLYGONALFACE((19,16,17,20));
#1731=IFCINDEXEDPOLYGONALFACE((21,18,16,19));
#1732=IFCINDEXEDPOLYGONALFACE((19,20,23,22));
#1733=IFCINDEXEDPOLYGONALFACE((25,21,19,22));
#1734=IFCINDEXEDPOLYGONALFACE((23,34,24,22));
#1735=IFCINDEXEDPOLYGONALFACE((25,22,24,26));
#1736=IFCINDEXEDPOLYGONALFACE((21,25,26,28));
#1737=IFCINDEXEDPOLYGONALFACE((28,26,27,3));
#1738=IFCINDEXEDPOLYGONALFACE((26,24,30,27));
#1739=IFCINDEXEDPOLYGONALFACE((21,28,4,18));
#1740=IFCINDEXEDPOLYGONALFACE((31,29,27,30));
#1741=IFCINDEXEDPOLYGONALFACE((29,80,3,27));
#1742=IFCINDEXEDPOLYGONALFACE((31,30,32,33));
#1743=IFCINDEXEDPOLYGONALFACE((34,32,30,24));
#1744=IFCINDEXEDPOLYGONALFACE((32,35,37,33));
#1745=IFCINDEXEDPOLYGONALFACE((34,38,35,32));
#1746=IFCINDEXEDPOLYGONALFACE((38,40,36,35));
#1747=IFCINDEXEDPOLYGONALFACE((35,36,79,37));
#1748=IFCINDEXEDPOLYGONALFACE((23,39,38,34));
#1749=IFCINDEXEDPOLYGONALFACE((39,41,40,38));
#1750=IFCINDEXEDPOLYGONALFACE((44,42,40,41));
#1751=IFCINDEXEDPOLYGONALFACE((42,43,36,40));
#1752=IFCINDEXEDPOLYGONALFACE((46,43,42,45));
#1753=IFCINDEXEDPOLYGONALFACE((45,42,44,47));
#1754=IFCINDEXEDPOLYGONALFACE((9,46,45,12));
#1755=IFCINDEXEDPOLYGONALFACE((12,45,47,14));
#1756=IFCINDEXEDPOLYGONALFACE((14,47,44,17));
#1757=IFCINDEXEDPOLYGONALFACE((48,49,43,46));
#1758=IFCINDEXEDPOLYGONALFACE((51,48,46,9));
#1759=IFCINDEXEDPOLYGONALFACE((50,78,49,48));
#1760=IFCINDEXEDPOLYGONALFACE((52,50,48,51));
#1761=IFCINDEXEDPOLYGONALFACE((52,51,10,54));
#1762=IFCINDEXEDPOLYGONALFACE((53,77,50,52));
#1763=IFCINDEXEDPOLYGONALFACE((53,52,54,55));
#1764=IFCINDEXEDPOLYGONALFACE((10,6,56,54));
#1765=IFCINDEXEDPOLYGONALFACE((54,56,57,55));
#1766=IFCINDEXEDPOLYGONALFACE((56,58,60,57));
#1767=IFCINDEXEDPOLYGONALFACE((6,2,58,56));
#1768=IFCINDEXEDPOLYGONALFACE((60,58,59,61));
#1769=IFCINDEXEDPOLYGONALFACE((58,2,80,59));
#1770=IFCINDEXEDPOLYGONALFACE((60,61,64,62));
#1771=IFCINDEXEDPOLYGONALFACE((55,57,60,62));
#1772=IFCINDEXEDPOLYGONALFACE((62,64,65,63));
#1773=IFCINDEXEDPOLYGONALFACE((55,62,63,53));
#1774=IFCINDEXEDPOLYGONALFACE((64,66,67,65));
#1775=IFCINDEXEDPOLYGONALFACE((64,61,69,66));
#1776=IFCINDEXEDPOLYGONALFACE((71,67,66,68));
#1777=IFCINDEXEDPOLYGONALFACE((70,68,66,69));
#1778=IFCINDEXEDPOLYGONALFACE((59,70,69,61));
#1779=IFCINDEXEDPOLYGONALFACE((80,29,70,59));
#1780=IFCINDEXEDPOLYGONALFACE((29,31,68,70));
#1781=IFCINDEXEDPOLYGONALFACE((33,71,68,31));
#1782=IFCINDEXEDPOLYGONALFACE((71,72,74,67));
#1783=IFCINDEXEDPOLYGONALFACE((33,37,72,71));
#1784=IFCINDEXEDPOLYGONALFACE((37,79,73,72));
#1785=IFCINDEXEDPOLYGONALFACE((72,73,75,74));
#1786=IFCINDEXEDPOLYGONALFACE((74,75,65,67));
#1787=IFCINDEXEDPOLYGONALFACE((75,73,78,76));
#1788=IFCINDEXEDPOLYGONALFACE((75,76,63,65));
#1789=IFCINDEXEDPOLYGONALFACE((63,76,77,53));
#1790=IFCINDEXEDPOLYGONALFACE((77,76,78,50));
#1791=IFCINDEXEDPOLYGONALFACE((73,79,49,78));
#1792=IFCINDEXEDPOLYGONALFACE((43,49,79,36));
#1793=IFCINDEXEDPOLYGONALFACE((44,41,20,17));
#1794=IFCINDEXEDPOLYGONALFACE((41,39,23,20));
#1795=IFCINDEXEDPOLYGONALFACE((4,7,15,18));
#1796=IFCPOLYGONALFACESET(#1797,$,(#1798,#1799,#1800,#1801,#1802,#1803,#1804,#1805,#1806,#1807,#1808,#1809,#1810,#1811,#1812,#1813,#1814,#1815,#1816,#1817,#1818,#1819,#1820,#1821,#1822,#1823,#1824,#1825,#1826,#1827,#1828,#1829,#1830,#1831,#1832,#1833,#1834,#1835,#1836,#1837,#1838,#1839,#1840,#1841,#1842,#1843,#1844,#1845,#1846,#1847,#1848,#1849,#1850,#1851,#1852,#1853,#1854,#1855,#1856,#1857,#1858,#1859,#1860,#1861,#1862,#1863,#1864,#1865,#1866,#1867,#1868,#1869,#1870,#1871,#1872,#1873,#1874,#1875),$);
#1797=IFCCARTESIANPOINTLIST3D(((-272.437591552734,-519.93115234375,803.),(-248.437591552734,-519.931457519531,803.),(-272.437347412109,-519.930969238281,377.259490966797),(-273.937591552734,-519.431213378906,802.501220703125),(-272.437591552734,-519.794494628906,804.866943359375),(-248.437591552734,-519.794860839844,804.866943359375),(-273.937591552734,-519.294494628906,804.366943359375),(-272.437591552734,-517.931213378906,805.),(-272.437530517578,-502.071533203125,805.),(-248.437591552734,-517.931518554688,805.),(-273.937591552734,-517.43115234375,804.501159667969),(-273.937530517578,-502.571502685547,804.501159667969),(-274.437622070312,-516.931213378906,804.),(-274.437561035156,-503.071502685547,804.),(-274.437622070312,-518.79443359375,803.866943359375),(-274.437622070312,-516.931213378906,802.),(-274.437561035156,-503.071502685547,802.),(-274.437622070312,-518.93115234375,802.),(-274.437377929688,-516.931213378906,378.259490966797),(-274.437377929688,-503.071502685547,378.259490966797),(-274.437377929688,-518.93115234375,378.259490966797),(-274.437377929688,-516.931213378906,376.259490966797),(-274.437377929688,-503.071502685547,376.259490966797),(-273.937347412109,-517.43115234375,375.759490966797),(-274.437377929688,-518.8251953125,376.387420654297),(-273.937347412109,-519.325256347656,375.887420654297),(-272.437347412109,-519.825317382812,375.387420654297),(-273.937347412109,-519.431335449219,377.759490966797),(-248.437423706055,-519.825317382812,375.387420654297),(-272.437347412109,-517.931213378906,375.259490966797),(-248.437423706055,-517.931335449219,375.259490966797),(-272.437347412109,-502.071533203125,375.259490966797),(-248.437377929688,-502.071533203125,375.259490966797),(-273.937347412109,-502.571502685547,375.759490966797),(-272.437347412109,-500.342468261719,375.470916748047),(-272.437347412109,-500.071502685547,377.259490966797),(-248.437377929688,-500.342346191406,375.470916748047),(-273.937347412109,-500.842529296875,375.970916748047),(-274.437377929688,-501.342498779297,376.470916748047),(-273.937347412109,-500.571533203125,377.759490966797),(-274.437377929688,-501.071472167969,378.259490966797),(-273.937530517578,-500.571533203125,802.501220703125),(-272.437530517578,-500.071502685547,803.),(-274.437561035156,-501.071472167969,802.),(-273.937530517578,-500.738464355469,804.334716796875),(-272.437530517578,-500.238494873047,804.834716796875),(-274.437561035156,-501.238494873047,803.834716796875),(-248.437606811523,-500.238677978516,804.834716796875),(-248.437606811523,-500.071685791016,803.),(-246.937606811523,-500.738708496094,804.334716796875),(-248.437606811523,-502.071716308594,805.),(-246.937606811523,-502.571685791016,804.501159667969),(-246.437637329102,-503.071685791016,804.),(-246.937591552734,-517.431457519531,804.501159667969),(-246.437622070312,-516.931518554688,804.),(-246.937591552734,-519.294799804688,804.366943359375),(-246.437622070312,-518.794799804688,803.866943359375),(-246.937591552734,-519.431518554688,802.501220703125),(-246.937408447266,-519.431213378906,377.759490966797),(-246.437622070312,-518.931579589844,802.),(-246.437438964844,-518.93115234375,378.259490966797),(-246.437622070312,-516.931640625,802.),(-246.437637329102,-503.071685791016,802.),(-246.437438964844,-516.931213378906,378.259490966797),(-246.437393188477,-503.071502685547,378.259490966797),(-246.437438964844,-516.931213378906,376.259490966797),(-246.437393188477,-503.071502685547,376.259490966797),(-246.937408447266,-517.431274414062,375.759490966797),(-246.437438964844,-518.825256347656,376.387420654297),(-246.937408447266,-519.325256347656,375.887420654297),(-246.937362670898,-502.571502685547,375.759490966797),(-246.937362670898,-500.842529296875,375.970916748047),(-246.937362670898,-500.571533203125,377.759490966797),(-246.437393188477,-501.342498779297,376.470916748047),(-246.437393188477,-501.071472167969,378.259490966797),(-246.437637329102,-501.071655273438,802.),(-246.437637329102,-501.238677978516,803.834716796875),(-246.937606811523,-500.571685791016,802.501220703125),(-248.437377929688,-500.071502685547,377.259490966797),(-248.437423706055,-519.931274414062,377.259490966797)));
#1798=IFCINDEXEDPOLYGONALFACE((5,1,2,6));
#1799=IFCINDEXEDPOLYGONALFACE((1,3,80,2));
#1800=IFCINDEXEDPOLYGONALFACE((28,3,1,4));
#1801=IFCINDEXEDPOLYGONALFACE((1,5,7,4));
#1802=IFCINDEXEDPOLYGONALFACE((8,5,6,10));
#1803=IFCINDEXEDPOLYGONALFACE((5,8,11,7));
#1804=IFCINDEXEDPOLYGONALFACE((11,8,9,12));
#1805=IFCINDEXEDPOLYGONALFACE((8,10,51,9));
#1806=IFCINDEXEDPOLYGONALFACE((13,11,12,14));
#1807=IFCINDEXEDPOLYGONALFACE((7,11,13,15));
#1808=IFCINDEXEDPOLYGONALFACE((14,17,16,13));
#1809=IFCINDEXEDPOLYGONALFACE((16,18,15,13));
#1810=IFCINDEXEDPOLYGONALFACE((19,16,17,20));
#1811=IFCINDEXEDPOLYGONALFACE((21,18,16,19));
#1812=IFCINDEXEDPOLYGONALFACE((19,20,23,22));
#1813=IFCINDEXEDPOLYGONALFACE((25,21,19,22));
#1814=IFCINDEXEDPOLYGONALFACE((23,34,24,22));
#1815=IFCINDEXEDPOLYGONALFACE((25,22,24,26));
#1816=IFCINDEXEDPOLYGONALFACE((21,25,26,28));
#1817=IFCINDEXEDPOLYGONALFACE((28,26,27,3));
#1818=IFCINDEXEDPOLYGONALFACE((26,24,30,27));
#1819=IFCINDEXEDPOLYGONALFACE((21,28,4,18));
#1820=IFCINDEXEDPOLYGONALFACE((31,29,27,30));
#1821=IFCINDEXEDPOLYGONALFACE((29,80,3,27));
#1822=IFCINDEXEDPOLYGONALFACE((31,30,32,33));
#1823=IFCINDEXEDPOLYGONALFACE((34,32,30,24));
#1824=IFCINDEXEDPOLYGONALFACE((32,35,37,33));
#1825=IFCINDEXEDPOLYGONALFACE((34,38,35,32));
#1826=IFCINDEXEDPOLYGONALFACE((38,40,36,35));
#1827=IFCINDEXEDPOLYGONALFACE((35,36,79,37));
#1828=IFCINDEXEDPOLYGONALFACE((23,39,38,34));
#1829=IFCINDEXEDPOLYGONALFACE((39,41,40,38));
#1830=IFCINDEXEDPOLYGONALFACE((44,42,40,41));
#1831=IFCINDEXEDPOLYGONALFACE((42,43,36,40));
#1832=IFCINDEXEDPOLYGONALFACE((46,43,42,45));
#1833=IFCINDEXEDPOLYGONALFACE((45,42,44,47));
#1834=IFCINDEXEDPOLYGONALFACE((9,46,45,12));
#1835=IFCINDEXEDPOLYGONALFACE((12,45,47,14));
#1836=IFCINDEXEDPOLYGONALFACE((14,47,44,17));
#1837=IFCINDEXEDPOLYGONALFACE((48,49,43,46));
#1838=IFCINDEXEDPOLYGONALFACE((51,48,46,9));
#1839=IFCINDEXEDPOLYGONALFACE((50,78,49,48));
#1840=IFCINDEXEDPOLYGONALFACE((52,50,48,51));
#1841=IFCINDEXEDPOLYGONALFACE((52,51,10,54));
#1842=IFCINDEXEDPOLYGONALFACE((53,77,50,52));
#1843=IFCINDEXEDPOLYGONALFACE((53,52,54,55));
#1844=IFCINDEXEDPOLYGONALFACE((10,6,56,54));
#1845=IFCINDEXEDPOLYGONALFACE((54,56,57,55));
#1846=IFCINDEXEDPOLYGONALFACE((56,58,60,57));
#1847=IFCINDEXEDPOLYGONALFACE((6,2,58,56));
#1848=IFCINDEXEDPOLYGONALFACE((60,58,59,61));
#1849=IFCINDEXEDPOLYGONALFACE((58,2,80,59));
#1850=IFCINDEXEDPOLYGONALFACE((60,61,64,62));
#1851=IFCINDEXEDPOLYGONALFACE((55,57,60,62));
#1852=IFCINDEXEDPOLYGONALFACE((62,64,65,63));
#1853=IFCINDEXEDPOLYGONALFACE((55,62,63,53));
#1854=IFCINDEXEDPOLYGONALFACE((64,66,67,65));
#1855=IFCINDEXEDPOLYGONALFACE((64,61,69,66));
#1856=IFCINDEXEDPOLYGONALFACE((71,67,66,68));
#1857=IFCINDEXEDPOLYGONALFACE((70,68,66,69));
#1858=IFCINDEXEDPOLYGONALFACE((59,70,69,61));
#1859=IFCINDEXEDPOLYGONALFACE((80,29,70,59));
#1860=IFCINDEXEDPOLYGONALFACE((29,31,68,70));
#1861=IFCINDEXEDPOLYGONALFACE((33,71,68,31));
#1862=IFCINDEXEDPOLYGONALFACE((71,72,74,67));
#1863=IFCINDEXEDPOLYGONALFACE((33,37,72,71));
#1864=IFCINDEXEDPOLYGONALFACE((37,79,73,72));
#1865=IFCINDEXEDPOLYGONALFACE((72,73,75,74));
#1866=IFCINDEXEDPOLYGONALFACE((74,75,65,67));
#1867=IFCINDEXEDPOLYGONALFACE((75,73,78,76));
#1868=IFCINDEXEDPOLYGONALFACE((75,76,63,65));
#1869=IFCINDEXEDPOLYGONALFACE((63,76,77,53));
#1870=IFCINDEXEDPOLYGONALFACE((77,76,78,50));
#1871=IFCINDEXEDPOLYGONALFACE((73,79,49,78));
#1872=IFCINDEXEDPOLYGONALFACE((43,49,79,36));
#1873=IFCINDEXEDPOLYGONALFACE((44,41,20,17));
#1874=IFCINDEXEDPOLYGONALFACE((41,39,23,20));
#1875=IFCINDEXEDPOLYGONALFACE((4,7,15,18));
#1876=IFCPOLYGONALFACESET(#1877,$,(#1878,#1879,#1880,#1881,#1882,#1883,#1884,#1885,#1886,#1887,#1888,#1889,#1890,#1891,#1892,#1893,#1894,#1895,#1896,#1897,#1898,#1899,#1900,#1901,#1902,#1903,#1904,#1905,#1906,#1907,#1908,#1909,#1910,#1911,#1912,#1913,#1914,#1915,#1916,#1917,#1918,#1919,#1920,#1921,#1922,#1923,#1924,#1925,#1926,#1927,#1928,#1929,#1930,#1931,#1932,#1933,#1934,#1935,#1936,#1937,#1938,#1939,#1940,#1941,#1942,#1943,#1944,#1945,#1946,#1947,#1948,#1949,#1950,#1951,#1952,#1953,#1954,#1955),$);
#1877=IFCCARTESIANPOINTLIST3D(((-242.,-521.018127441406,680.268310546875),(-242.,-521.018127441406,694.268310546875),(243.078048706055,-521.018737792969,680.268310546875),(-241.500396728516,-520.51806640625,678.768310546875),(-243.865982055664,-520.881408691406,680.268310546875),(-243.865982055664,-520.881408691406,694.268310546875),(-243.366012573242,-520.38134765625,678.768310546875),(-244.,-519.01806640625,680.268310546875),(-244.,-68.4863204956055,680.268310546875),(-244.,-519.01806640625,694.268310546875),(-243.500427246094,-518.518127441406,678.768310546875),(-243.500747680664,-68.9863204956055,678.768310546875),(-243.,-518.01806640625,678.268310546875),(-243.,-69.4863128662109,678.268310546875),(-242.865997314453,-519.881408691406,678.268310546875),(-241.,-518.01806640625,678.268310546875),(-241.,-69.4863128662109,678.268310546875),(-241.,-520.01806640625,678.268310546875),(242.078048706055,-518.018676757812,678.268310546875),(242.078353881836,-69.4867248535156,678.268310546875),(242.078048706055,-520.018737792969,678.268310546875),(244.078048706055,-518.018676757812,678.268310546875),(244.078353881836,-69.4867248535156,678.268310546875),(244.578048706055,-518.518737792969,678.768310546875),(243.95036315918,-519.912780761719,678.268310546875),(244.450378417969,-520.412841796875,678.768310546875),(244.95036315918,-520.912780761719,680.268310546875),(242.578063964844,-520.518676757812,678.768310546875),(244.95036315918,-520.912780761719,694.268310546875),(245.078063964844,-519.018737792969,680.268310546875),(245.078063964844,-519.018737792969,694.268310546875),(245.078353881836,-68.4867248535156,680.268310546875),(245.078353881836,-68.4867248535156,694.268310546875),(244.578353881836,-68.9867248535156,678.768310546875),(244.86686706543,-66.7577209472656,680.268310546875),(243.078353881836,-66.4867172241211,680.268310546875),(244.86686706543,-66.7577209472656,694.268310546875),(244.36686706543,-67.2577209472656,678.768310546875),(243.86686706543,-67.7577209472656,678.268310546875),(242.578338623047,-66.9867172241211,678.768310546875),(242.078353881836,-67.4867248535156,678.268310546875),(-241.500717163086,-66.9863204956055,678.768310546875),(-242.,-66.4863204956055,680.268310546875),(-241.,-67.4863204956055,678.268310546875),(-243.334213256836,-67.1532211303711,678.768310546875),(-243.834243774414,-66.6532211303711,680.268310546875),(-242.834259033203,-67.6532211303711,678.268310546875),(-243.834243774414,-66.6532211303711,694.268310546875),(-242.,-66.4863204956055,694.268310546875),(-243.334213256836,-67.1532211303711,695.768310546875),(-244.,-68.4863204956055,694.268310546875),(-243.500747680664,-68.9863204956055,695.768310546875),(-243.,-69.4863128662109,696.268249511719),(-243.500427246094,-518.518127441406,695.768310546875),(-243.,-518.01806640625,696.268249511719),(-243.366012573242,-520.38134765625,695.768310546875),(-242.865997314453,-519.881408691406,696.268249511719),(-241.500396728516,-520.51806640625,695.768310546875),(242.578063964844,-520.518676757812,695.768310546875),(-241.,-520.01806640625,696.268249511719),(242.078048706055,-520.018737792969,696.268249511719),(-241.,-518.01806640625,696.268249511719),(-241.,-69.4863128662109,696.268249511719),(242.078048706055,-518.018676757812,696.268249511719),(242.078353881836,-69.4867248535156,696.268249511719),(244.078048706055,-518.018676757812,696.268249511719),(244.078353881836,-69.4867248535156,696.268249511719),(244.578048706055,-518.518737792969,695.768310546875),(243.95036315918,-519.912780761719,696.268249511719),(244.450378417969,-520.412841796875,695.768310546875),(244.578353881836,-68.9867248535156,695.768310546875),(244.36686706543,-67.2577209472656,695.768310546875),(242.578338623047,-66.9867172241211,695.768310546875),(243.86686706543,-67.7577209472656,696.268249511719),(242.078353881836,-67.4867248535156,696.268249511719),(-241.,-67.4863204956055,696.268249511719),(-242.834259033203,-67.6532211303711,696.268249511719),(-241.500717163086,-66.9863204956055,695.768310546875),(243.078353881836,-66.4867172241211,694.268310546875),(243.078048706055,-521.018737792969,694.268310546875)));
#1878=IFCINDEXEDPOLYGONALFACE((5,1,2,6));
#1879=IFCINDEXEDPOLYGONALFACE((1,3,80,2));
#1880=IFCINDEXEDPOLYGONALFACE((28,3,1,4));
#1881=IFCINDEXEDPOLYGONALFACE((1,5,7,4));
#1882=IFCINDEXEDPOLYGONALFACE((8,5,6,10));
#1883=IFCINDEXEDPOLYGONALFACE((5,8,11,7));
#1884=IFCINDEXEDPOLYGONALFACE((11,8,9,12));
#1885=IFCINDEXEDPOLYGONALFACE((8,10,51,9));
#1886=IFCINDEXEDPOLYGONALFACE((13,11,12,14));
#1887=IFCINDEXEDPOLYGONALFACE((7,11,13,15));
#1888=IFCINDEXEDPOLYGONALFACE((14,17,16,13));
#1889=IFCINDEXEDPOLYGONALFACE((16,18,15,13));
#1890=IFCINDEXEDPOLYGONALFACE((19,16,17,20));
#1891=IFCINDEXEDPOLYGONALFACE((21,18,16,19));
#1892=IFCINDEXEDPOLYGONALFACE((19,20,23,22));
#1893=IFCINDEXEDPOLYGONALFACE((25,21,19,22));
#1894=IFCINDEXEDPOLYGONALFACE((23,34,24,22));
#1895=IFCINDEXEDPOLYGONALFACE((25,22,24,26));
#1896=IFCINDEXEDPOLYGONALFACE((21,25,26,28));
#1897=IFCINDEXEDPOLYGONALFACE((28,26,27,3));
#1898=IFCINDEXEDPOLYGONALFACE((26,24,30,27));
#1899=IFCINDEXEDPOLYGONALFACE((21,28,4,18));
#1900=IFCINDEXEDPOLYGONALFACE((31,29,27,30));
#1901=IFCINDEXEDPOLYGONALFACE((29,80,3,27));
#1902=IFCINDEXEDPOLYGONALFACE((31,30,32,33));
#1903=IFCINDEXEDPOLYGONALFACE((34,32,30,24));
#1904=IFCINDEXEDPOLYGONALFACE((32,35,37,33));
#1905=IFCINDEXEDPOLYGONALFACE((34,38,35,32));
#1906=IFCINDEXEDPOLYGONALFACE((38,40,36,35));
#1907=IFCINDEXEDPOLYGONALFACE((35,36,79,37));
#1908=IFCINDEXEDPOLYGONALFACE((23,39,38,34));
#1909=IFCINDEXEDPOLYGONALFACE((39,41,40,38));
#1910=IFCINDEXEDPOLYGONALFACE((44,42,40,41));
#1911=IFCINDEXEDPOLYGONALFACE((42,43,36,40));
#1912=IFCINDEXEDPOLYGONALFACE((46,43,42,45));
#1913=IFCINDEXEDPOLYGONALFACE((45,42,44,47));
#1914=IFCINDEXEDPOLYGONALFACE((9,46,45,12));
#1915=IFCINDEXEDPOLYGONALFACE((12,45,47,14));
#1916=IFCINDEXEDPOLYGONALFACE((14,47,44,17));
#1917=IFCINDEXEDPOLYGONALFACE((48,49,43,46));
#1918=IFCINDEXEDPOLYGONALFACE((51,48,46,9));
#1919=IFCINDEXEDPOLYGONALFACE((50,78,49,48));
#1920=IFCINDEXEDPOLYGONALFACE((52,50,48,51));
#1921=IFCINDEXEDPOLYGONALFACE((52,51,10,54));
#1922=IFCINDEXEDPOLYGONALFACE((53,77,50,52));
#1923=IFCINDEXEDPOLYGONALFACE((53,52,54,55));
#1924=IFCINDEXEDPOLYGONALFACE((10,6,56,54));
#1925=IFCINDEXEDPOLYGONALFACE((54,56,57,55));
#1926=IFCINDEXEDPOLYGONALFACE((56,58,60,57));
#1927=IFCINDEXEDPOLYGONALFACE((6,2,58,56));
#1928=IFCINDEXEDPOLYGONALFACE((60,58,59,61));
#1929=IFCINDEXEDPOLYGONALFACE((58,2,80,59));
#1930=IFCINDEXEDPOLYGONALFACE((60,61,64,62));
#1931=IFCINDEXEDPOLYGONALFACE((55,57,60,62));
#1932=IFCINDEXEDPOLYGONALFACE((62,64,65,63));
#1933=IFCINDEXEDPOLYGONALFACE((55,62,63,53));
#1934=IFCINDEXEDPOLYGONALFACE((64,66,67,65));
#1935=IFCINDEXEDPOLYGONALFACE((64,61,69,66));
#1936=IFCINDEXEDPOLYGONALFACE((71,67,66,68));
#1937=IFCINDEXEDPOLYGONALFACE((70,68,66,69));
#1938=IFCINDEXEDPOLYGONALFACE((59,70,69,61));
#1939=IFCINDEXEDPOLYGONALFACE((80,29,70,59));
#1940=IFCINDEXEDPOLYGONALFACE((29,31,68,70));
#1941=IFCINDEXEDPOLYGONALFACE((33,71,68,31));
#1942=IFCINDEXEDPOLYGONALFACE((71,72,74,67));
#1943=IFCINDEXEDPOLYGONALFACE((33,37,72,71));
#1944=IFCINDEXEDPOLYGONALFACE((37,79,73,72));
#1945=IFCINDEXEDPOLYGONALFACE((72,73,75,74));
#1946=IFCINDEXEDPOLYGONALFACE((74,75,65,67));
#1947=IFCINDEXEDPOLYGONALFACE((75,73,78,76));
#1948=IFCINDEXEDPOLYGONALFACE((75,76,63,65));
#1949=IFCINDEXEDPOLYGONALFACE((63,76,77,53));
#1950=IFCINDEXEDPOLYGONALFACE((77,76,78,50));
#1951=IFCINDEXEDPOLYGONALFACE((73,79,49,78));
#1952=IFCINDEXEDPOLYGONALFACE((43,49,79,36));
#1953=IFCINDEXEDPOLYGONALFACE((44,41,20,17));
#1954=IFCINDEXEDPOLYGONALFACE((41,39,23,20));
#1955=IFCINDEXEDPOLYGONALFACE((4,7,15,18));
#1956=IFCPOLYGONALFACESET(#1957,$,(#1958,#1959,#1960,#1961,#1962,#1963,#1964,#1965,#1966,#1967,#1968,#1969,#1970,#1971,#1972,#1973,#1974,#1975),$);
#1957=IFCCARTESIANPOINTLIST3D(((-258.054046630859,-521.017944335938,678.968505859375),(254.649765014648,-521.018737792969,678.968505859375),(-258.053802490234,-521.018249511719,823.118408203125),(-258.753967285156,-521.718017578125,678.268310546875),(255.349655151367,-521.718566894531,678.268310546875),(-258.754272460938,-537.931884765625,678.268310546875),(-258.753723144531,-521.71826171875,823.818603515625),(255.349655151367,-521.718444824219,823.818603515625),(-258.754028320312,-537.932189941406,839.949951171875),(255.349655151367,-537.932495117188,839.949951171875),(-258.754272460938,-544.931457519531,839.949951171875),(-258.05419921875,-545.63134765625,839.249755859375),(-258.754333496094,-544.931213378906,678.268310546875),(255.349655151367,-544.931579589844,839.949951171875),(254.649765014648,-545.631530761719,839.249755859375),(255.349655151367,-544.931823730469,678.268310546875),(254.649765014648,-545.631652832031,678.968505859375),(255.349655151367,-537.932556152344,678.268310546875),(-258.054443359375,-545.631164550781,678.968505859375),(254.649765014648,-521.0185546875,823.118408203125)));
#1958=IFCINDEXEDPOLYGONALFACE((2,5,4,1));
#1959=IFCINDEXEDPOLYGONALFACE((1,3,20,2));
#1960=IFCINDEXEDPOLYGONALFACE((1,4,7,3));
#1961=IFCINDEXEDPOLYGONALFACE((5,18,6,4));
#1962=IFCINDEXEDPOLYGONALFACE((4,6,9,7));
#1963=IFCINDEXEDPOLYGONALFACE((3,7,8,20));
#1964=IFCINDEXEDPOLYGONALFACE((7,9,10,8));
#1965=IFCINDEXEDPOLYGONALFACE((11,14,10,9));
#1966=IFCINDEXEDPOLYGONALFACE((13,11,9,6));
#1967=IFCINDEXEDPOLYGONALFACE((12,11,13,19));
#1968=IFCINDEXEDPOLYGONALFACE((15,14,11,12));
#1969=IFCINDEXEDPOLYGONALFACE((14,16,18,10));
#1970=IFCINDEXEDPOLYGONALFACE((17,16,14,15));
#1971=IFCINDEXEDPOLYGONALFACE((19,13,16,17));
#1972=IFCINDEXEDPOLYGONALFACE((16,13,6,18));
#1973=IFCINDEXEDPOLYGONALFACE((8,10,18,5));
#1974=IFCINDEXEDPOLYGONALFACE((19,17,15,12));
#1975=IFCINDEXEDPOLYGONALFACE((20,8,5,2));
#1976=IFCPOLYGONALFACESET(#1977,$,(#1978,#1979,#1980,#1981,#1982,#1983,#1984,#1985,#1986,#1987,#1988,#1989,#1990,#1991,#1992,#1993,#1994,#1995,#1996,#1997,#1998,#1999,#2000,#2001,#2002),$);
#1977=IFCCARTESIANPOINTLIST3D(((274.397735595703,-595.778869628906,51.9086608886719),(274.397735595703,-594.364624023438,58.8466567993164),(273.397735595703,-595.778869628906,52.9084167480469),(279.397644042969,-603.8525390625,52.9084167480469),(278.397644042969,-602.8525390625,52.9084167480469),(278.397644042969,-602.8525390625,58.8464088439941),(-279.668640136719,-602.852355957031,52.9086647033691),(-279.668640136719,-602.852294921875,58.8466567993164),(-274.668640136719,-595.778503417969,52.9086647033691),(-280.668518066406,-603.852172851562,52.9086647033691),(-275.668518066406,-595.778503417969,51.9086608886719),(-275.668518066406,-594.364440917969,58.8466567993164),(-274.668640136719,-594.778503417969,59.8466491699219),(-274.668640136719,-584.931396484375,58.8464088439941),(-274.668762207031,-584.931396484375,26.1735591888428),(273.397735595703,-584.931701660156,58.8464088439941),(273.397735595703,-594.778869628906,59.8464126586914),(273.397735595703,-584.931701660156,26.1733150482178),(273.397735595703,-585.931701660156,25.1733150482178),(278.397644042969,-612.295166015625,25.1733150482178),(279.397644042969,-612.295288085938,58.4323463439941),(278.397644042969,-613.295227050781,26.1733150482178),(-279.668762207031,-612.294860839844,25.1733150482178),(-274.668762207031,-585.931457519531,25.1735591888428),(-279.668762207031,-613.294860839844,26.1733150482178),(-280.668640136719,-611.880676269531,58.8466567993164),(-279.668762207031,-612.294860839844,59.8464126586914),(-279.668640136719,-603.852355957031,59.8466491699219),(-279.668762207031,-613.294860839844,58.8464088439941),(-278.532531738281,-613.294860839844,58.8464088439941),(277.261627197266,-613.295227050781,58.8464088439941),(-278.532531738281,-613.294860839844,52.9084167480469),(277.261627197266,-613.295227050781,52.9084167480469),(278.397644042969,-613.295227050781,58.8464088439941),(278.397644042969,-603.852600097656,59.8464126586914),(279.397644042969,-604.266723632812,58.8466567993164),(-278.532531738281,-613.294860839844,26.1733150482178),(-278.532623291016,-613.294860839844,51.9086608886719),(277.261627197266,-613.295227050781,26.1733150482178),(277.261627197266,-613.295227050781,51.9086608886719),(273.397735595703,-595.778869628906,58.8464088439941),(-274.668640136719,-595.778503417969,58.8466567993164)));
#1978=IFCINDEXEDPOLYGONALFACE((36,21,20,19,18,16,2,1,4,5,6,35));
#1979=IFCINDEXEDPOLYGONALFACE((1,2,17,41,3));
#1980=IFCINDEXEDPOLYGONALFACE((5,4,1,3));
#1981=IFCINDEXEDPOLYGONALFACE((8,6,5,7));
#1982=IFCINDEXEDPOLYGONALFACE((3,9,7,5));
#1983=IFCINDEXEDPOLYGONALFACE((23,26,8,7,10,11,12,14,15,24));
#1984=IFCINDEXEDPOLYGONALFACE((9,11,10,7));
#1985=IFCINDEXEDPOLYGONALFACE((13,12,11,9,42));
#1986=IFCINDEXEDPOLYGONALFACE((14,12,13));
#1987=IFCINDEXEDPOLYGONALFACE((17,16,14,13));
#1988=IFCINDEXEDPOLYGONALFACE((16,18,15,14));
#1989=IFCINDEXEDPOLYGONALFACE((2,16,17));
#1990=IFCINDEXEDPOLYGONALFACE((18,19,20,23,24,15));
#1991=IFCINDEXEDPOLYGONALFACE((34,22,20,21));
#1992=IFCINDEXEDPOLYGONALFACE((22,39,37,25,23,20));
#1993=IFCINDEXEDPOLYGONALFACE((25,29,27,26,23));
#1994=IFCINDEXEDPOLYGONALFACE((28,8,26,27));
#1995=IFCINDEXEDPOLYGONALFACE((29,30,31,34,35,28,27));
#1996=IFCINDEXEDPOLYGONALFACE((29,25,37,38,40,39,22,34,31,33,32,30));
#1997=IFCINDEXEDPOLYGONALFACE((31,30,32,33));
#1998=IFCINDEXEDPOLYGONALFACE((35,34,21,36));
#1999=IFCINDEXEDPOLYGONALFACE((6,8,28,35));
#2000=IFCINDEXEDPOLYGONALFACE((40,38,37,39));
#2001=IFCINDEXEDPOLYGONALFACE((41,17,13,42));
#2002=IFCINDEXEDPOLYGONALFACE((42,9,3,41));
#2003=IFCPOLYGONALFACESET(#2004,$,(#2005,#2006,#2007,#2008,#2009,#2010,#2011,#2012,#2013,#2014,#2015,#2016,#2017,#2018,#2019,#2020,#2021,#2022,#2023,#2024,#2025,#2026,#2027),$);
#2004=IFCCARTESIANPOINTLIST3D(((274.397827148438,-595.778991699219,2362.79565429688),(273.397827148438,-595.778991699219,2361.79541015625),(279.397735595703,-603.852661132812,2361.79541015625),(274.397827148438,-594.779052734375,2356.27124023438),(273.397827148438,-595.778991699219,2355.85717773438),(273.397827148438,-585.931823730469,2354.85717773438),(273.397827148438,-594.778991699219,2354.85717773438),(273.397827148438,-584.931823730469,2355.85717773438),(-274.66845703125,-584.931457519531,2355.85717773438),(273.397827148438,-584.931823730469,2388.53002929688),(-274.66845703125,-584.931457519531,2388.53002929688),(273.397827148438,-585.931823730469,2389.53002929688),(278.397735595703,-612.295288085938,2389.53002929688),(279.397735595703,-612.29541015625,2356.27124023438),(278.397735595703,-613.295349121094,2388.53002929688),(-279.668640136719,-612.294921875,2389.53002929688),(-274.66845703125,-585.931518554688,2389.53002929688),(-280.66845703125,-611.880737304688,2355.85717773438),(-279.668640136719,-613.294921875,2388.53002929688),(-279.668518066406,-613.294921875,2355.85717773438),(-278.532531738281,-613.294921875,2388.53002929688),(277.26171875,-613.295349121094,2388.53002929688),(-278.532531738281,-613.294921875,2362.79467773438),(277.26171875,-613.295349121094,2362.79467773438),(-279.668518066406,-612.294921875,2354.85717773438),(-278.532531738281,-613.294921875,2355.85717773438),(277.26171875,-613.295349121094,2355.85717773438),(-278.532531738281,-613.294921875,2361.79541015625),(277.26171875,-613.295349121094,2361.79541015625),(278.397735595703,-613.295349121094,2355.85717773438),(278.397735595703,-603.852722167969,2354.85717773438),(279.397735595703,-604.266845703125,2355.85717773438),(-279.668518066406,-603.852416992188,2354.85717773438),(278.397735595703,-602.852661132812,2361.79541015625),(-279.668518066406,-602.852416992188,2361.79541015625),(-279.668518066406,-602.852355957031,2355.85717773438),(-274.66845703125,-595.778564453125,2361.79541015625),(-280.66845703125,-603.852416992188,2361.79541015625),(-275.66845703125,-595.778564453125,2362.79467773438),(-275.66845703125,-594.77880859375,2356.27124023438),(-274.66845703125,-595.778686523438,2355.85717773438),(-274.66845703125,-585.931518554688,2354.85717773438),(-274.66845703125,-594.778686523438,2354.85717773438)));
#2005=IFCINDEXEDPOLYGONALFACE((2,5,4,1));
#2006=IFCINDEXEDPOLYGONALFACE((3,34,2,1));
#2007=IFCINDEXEDPOLYGONALFACE((13,14,32,31,34,3,1,4,6,8,10,12));
#2008=IFCINDEXEDPOLYGONALFACE((5,7,6,4));
#2009=IFCINDEXEDPOLYGONALFACE((9,8,6,7,43,42));
#2010=IFCINDEXEDPOLYGONALFACE((11,10,8,9));
#2011=IFCINDEXEDPOLYGONALFACE((17,16,13,12,10,11));
#2012=IFCINDEXEDPOLYGONALFACE((15,30,14,13));
#2013=IFCINDEXEDPOLYGONALFACE((15,13,16,19,21,22));
#2014=IFCINDEXEDPOLYGONALFACE((11,9,42,40,39,38,35,36,18,16,17));
#2015=IFCINDEXEDPOLYGONALFACE((16,18,25,20,19));
#2016=IFCINDEXEDPOLYGONALFACE((30,15,22,24,23,21,19,20,26,28,29,27));
#2017=IFCINDEXEDPOLYGONALFACE((24,22,21,23));
#2018=IFCINDEXEDPOLYGONALFACE((20,25,33,31,30,27,26));
#2019=IFCINDEXEDPOLYGONALFACE((27,29,28,26));
#2020=IFCINDEXEDPOLYGONALFACE((32,14,30,31));
#2021=IFCINDEXEDPOLYGONALFACE((34,31,33,36,35));
#2022=IFCINDEXEDPOLYGONALFACE((2,34,35,37));
#2023=IFCINDEXEDPOLYGONALFACE((37,35,38,39));
#2024=IFCINDEXEDPOLYGONALFACE((41,37,39,40));
#2025=IFCINDEXEDPOLYGONALFACE((43,41,40,42));
#2026=IFCINDEXEDPOLYGONALFACE((41,43,7,5,2,37));
#2027=IFCINDEXEDPOLYGONALFACE((36,33,25,18));
#2028=IFCPOLYGONALFACESET(#2029,$,(#2030,#2031,#2032,#2033,#2034,#2035),$);
#2029=IFCCARTESIANPOINTLIST3D(((-285.365417480469,-595.838745117188,52.8720436096191),(284.,-595.838745117188,52.8720436096191),(-285.365417480469,-595.839294433594,2361.51831054688),(-285.365417480469,-602.838806152344,52.8720436096191),(-285.365417480469,-602.839233398438,2361.51831054688),(284.,-602.838806152344,52.8720436096191),(284.,-602.839294433594,2361.51831054688),(284.,-595.83935546875,2361.51831054688)));
#2030=IFCINDEXEDPOLYGONALFACE((1,2,6,4));
#2031=IFCINDEXEDPOLYGONALFACE((1,3,8,2));
#2032=IFCINDEXEDPOLYGONALFACE((3,1,4,5));
#2033=IFCINDEXEDPOLYGONALFACE((4,6,7,5));
#2034=IFCINDEXEDPOLYGONALFACE((2,8,7,6));
#2035=IFCINDEXEDPOLYGONALFACE((8,3,5,7));
#2036=IFCPOLYGONALFACESET(#2037,$,(#2038,#2039,#2040,#2041,#2042,#2043,#2044,#2045,#2046,#2047,#2048,#2049,#2050,#2051,#2052,#2053,#2054),$);
#2037=IFCCARTESIANPOINTLIST3D(((274.203735351562,-622.,26.0114459991455),(274.564727783203,-622.,25.5321979522705),(275.453125,-625.842041015625,26.0114459991455),(275.453125,-625.842041015625,55.0981216430664),(278.687042236328,-628.219055175781,26.0114459991455),(278.726837158203,-627.861877441406,25.5321979522705),(296.710021972656,-628.031066894531,25.5321979522705),(297.038238525391,-628.406005859375,26.0114459991455),(298.033630371094,-586.109130859375,26.0500221252441),(297.038238525391,-628.406005859375,55.0990982055664),(298.033630371094,-586.056640625,65.7675552368164),(296.149841308594,-627.425231933594,56.0788345336914),(297.018463134766,-626.533935546875,56.0790710449219),(296.947631835938,-587.113708496094,66.4501647949219),(295.194946289062,-586.168823242188,66.7970962524414),(295.194946289062,-585.890625,66.7951431274414),(295.194946289062,-586.574768066406,66.3783950805664),(295.1943359375,-586.772277832031,65.0751724243164),(296.557342529297,-587.517578125,66.0322036743164),(296.377716064453,-587.699951171875,64.7033386230469),(296.753143310547,-625.790100097656,55.8293190002441),(296.565734863281,-625.683288574219,55.4557838439941),(295.474029541016,-627.159912109375,55.8288269042969),(285.593536376953,-626.514221191406,55.8290748596191),(295.348937988281,-626.873840332031,54.0922546386719),(285.812255859375,-626.265319824219,54.0925025939941),(296.378234863281,-625.941284179688,54.0925025939941),(296.440643310547,-626.,55.4557838439941),(284.509124755859,-618.667114257812,54.1620826721191),(284.508850097656,-616.171936035156,50.7941665649414),(284.231536865234,-616.281311035156,55.1427955627441),(284.508758544922,-615.340270996094,40.5497741699219),(283.618438720703,-615.340270996094,40.5524635314941),(284.471038818359,-615.84228515625,25.5126686096191),(275.739135742188,-618.3740234375,25.5321998596191),(295.194946289062,-615.85546875,25.0321998596191),(295.194946289062,-585.959838867188,25.1571998596191),(295.194946289062,-585.106201171875,26.0514888763428),(295.194946289062,-585.106201171875,66.1134948730469),(297.038238525391,-585.2236328125,66.0707778930664),(275.453033447266,-618.153259277344,55.0973815917969),(283.339935302734,-616.44970703125,56.0788345336914),(283.587219238281,-615.465270996094,55.0983581542969),(283.899139404297,-624.71826171875,56.0788345336914),(284.258636474609,-624.577026367188,55.8290748596191)));
#2038=IFCINDEXEDPOLYGONALFACE((1,3,4,41,35,2));
#2039=IFCINDEXEDPOLYGONALFACE((6,5,3,1,2));
#2040=IFCINDEXEDPOLYGONALFACE((10,4,3,5,6,7,8));
#2041=IFCINDEXEDPOLYGONALFACE((9,8,7,6,2,35,34,36,37,38));
#2042=IFCINDEXEDPOLYGONALFACE((11,10,8,9));
#2043=IFCINDEXEDPOLYGONALFACE((10,12,13,14,15,17,19,21,23,24,45,44,42,41,4));
#2044=IFCINDEXEDPOLYGONALFACE((13,12,10,11,40,16,15,14));
#2045=IFCINDEXEDPOLYGONALFACE((18,20,19,17));
#2046=IFCINDEXEDPOLYGONALFACE((19,20,27,28,22,21));
#2047=IFCINDEXEDPOLYGONALFACE((23,21,22,28,27,25));
#2048=IFCINDEXEDPOLYGONALFACE((24,23,25,26));
#2049=IFCINDEXEDPOLYGONALFACE((24,26,29,30,31,43,42,44,45));
#2050=IFCINDEXEDPOLYGONALFACE((33,43,31,30,32));
#2051=IFCINDEXEDPOLYGONALFACE((41,43,33,32,34,35));
#2052=IFCINDEXEDPOLYGONALFACE((11,9,38,39,40));
#2053=IFCINDEXEDPOLYGONALFACE((16,40,39));
#2054=IFCINDEXEDPOLYGONALFACE((43,41,42));
#2055=IFCPOLYGONALFACESET(#2056,$,(#2057,#2058,#2059,#2060,#2061,#2062,#2063,#2064,#2065,#2066,#2067,#2068,#2069,#2070,#2071,#2072,#2073),$);
#2056=IFCCARTESIANPOINTLIST3D(((274.203735351562,-622.,2389.08837890625),(274.564727783203,-622.,2389.56811523438),(275.453125,-625.84228515625,2389.08837890625),(275.453125,-625.84228515625,2360.),(278.68701171875,-628.219177246094,2389.08837890625),(278.726837158203,-627.861999511719,2389.56811523438),(296.710021972656,-628.031188964844,2389.56811523438),(297.038208007812,-628.406188964844,2389.08837890625),(297.038208007812,-628.406188964844,2360.),(298.033630371094,-586.109252929688,2389.05053710938),(298.033630371094,-586.056762695312,2349.33276367188),(295.194946289062,-585.106323242188,2389.04858398438),(295.194946289062,-585.9599609375,2389.94287109375),(295.194946289062,-585.106323242188,2348.98608398438),(297.038238525391,-585.223754882812,2349.02880859375),(295.194946289062,-585.890747070312,2348.30444335938),(295.194946289062,-586.1689453125,2348.30249023438),(295.194946289062,-586.574890136719,2348.72143554688),(296.947601318359,-587.113830566406,2348.65014648438),(297.018432617188,-626.534057617188,2359.02124023438),(296.149841308594,-627.425354003906,2359.02124023438),(295.437438964844,-586.574768066406,2348.72143554688),(295.1943359375,-586.7724609375,2350.02514648438),(296.377716064453,-587.700073242188,2350.39624023438),(296.422821044922,-587.663146972656,2349.41967773438),(296.378234863281,-625.94140625,2361.),(296.440612792969,-626.,2359.64428710938),(295.348937988281,-626.873901367188,2361.),(295.474029541016,-627.160034179688,2359.27124023438),(285.812225341797,-626.265441894531,2361.),(284.509124755859,-618.667236328125,2360.93823242188),(285.593536376953,-626.514343261719,2359.27124023438),(284.258605957031,-624.5771484375,2359.27124023438),(283.899108886719,-624.718383789062,2359.02124023438),(283.339935302734,-616.449829101562,2359.02124023438),(283.587219238281,-615.465393066406,2360.),(275.453002929688,-618.153381347656,2360.),(275.739105224609,-618.374206542969,2389.56811523438),(284.471008300781,-615.842407226562,2389.58764648438),(295.194946289062,-615.855590820312,2390.06811523438),(284.508728027344,-615.340393066406,2374.55053710938),(283.618438720703,-615.340393066406,2374.54760742188),(284.508850097656,-616.172180175781,2364.30639648438),(284.231536865234,-616.281433105469,2359.95776367188),(296.753112792969,-625.790222167969,2359.27124023438),(296.565734863281,-625.683410644531,2359.64428710938),(296.557312011719,-587.517700195312,2349.06811523438),(295.371032714844,-586.723083496094,2349.06909179688)));
#2057=IFCINDEXEDPOLYGONALFACE((6,2,1,3,5));
#2058=IFCINDEXEDPOLYGONALFACE((37,4,3,1,2,38));
#2059=IFCINDEXEDPOLYGONALFACE((3,4,9,8,7,6,5));
#2060=IFCINDEXEDPOLYGONALFACE((8,10,12,13,40,39,38,2,6,7));
#2061=IFCINDEXEDPOLYGONALFACE((8,9,11,10));
#2062=IFCINDEXEDPOLYGONALFACE((12,10,11,15,14));
#2063=IFCINDEXEDPOLYGONALFACE((15,16,14));
#2064=IFCINDEXEDPOLYGONALFACE((20,19,17,16,15,11,9,21));
#2065=IFCINDEXEDPOLYGONALFACE((9,4,37,35,34,33,32,29,45,47,25,48,22,18,17,19,20,21));
#2066=IFCINDEXEDPOLYGONALFACE((23,18,22,48,25,24));
#2067=IFCINDEXEDPOLYGONALFACE((25,47,45,46,27,26,24));
#2068=IFCINDEXEDPOLYGONALFACE((29,28,26,27,46,45));
#2069=IFCINDEXEDPOLYGONALFACE((32,30,28,29));
#2070=IFCINDEXEDPOLYGONALFACE((30,32,33,34,35,36,44,43,31));
#2071=IFCINDEXEDPOLYGONALFACE((35,37,36));
#2072=IFCINDEXEDPOLYGONALFACE((37,38,39,41,42,36));
#2073=IFCINDEXEDPOLYGONALFACE((44,36,42,41,43));
#2074=IFCPOLYGONALFACESET(#2075,$,(#2076,#2077,#2078,#2079,#2080,#2081,#2082,#2083,#2084,#2085,#2086,#2087,#2088,#2089,#2090,#2091,#2092,#2093,#2094,#2095),$);
#2075=IFCCARTESIANPOINTLIST3D(((295.489410400391,-626.901977539062,2387.39428710938),(295.489440917969,-626.901672363281,27.3092994689941),(285.339324951172,-626.901977539062,2387.39428710938),(295.489410400391,-626.901977539062,2388.53002929688),(296.489440917969,-625.902038574219,2388.53002929688),(284.339324951172,-625.902038574219,2388.53002929688),(295.075225830078,-585.931762695312,2389.53002929688),(274.397827148438,-585.931823730469,2388.53002929688),(295.489410400391,-584.931823730469,2388.53002929688),(275.397827148438,-584.931823730469,2388.53002929688),(295.489440917969,-584.931396484375,26.1733150482178),(296.489440917969,-585.931457519531,26.1733150482178),(275.397857666016,-584.931396484375,26.1733150482178),(274.397827148438,-594.778503417969,26.1733150482178),(295.489532470703,-586.345642089844,25.1735591888428),(295.489440917969,-626.901672363281,26.1733131408691),(285.339324951172,-626.901672363281,26.1733131408691),(296.489440917969,-625.901672363281,26.1733131408691),(283.339324951172,-613.294555664062,26.1733150482178),(280.397735595703,-613.294555664062,26.1733150482178),(283.339324951172,-613.294982910156,2388.53002929688),(280.397735595703,-613.294982910156,2388.53002929688),(279.397735595703,-603.852478027344,2388.53002929688),(279.397735595703,-603.85205078125,26.1733150482178),(284.3359375,-602.852416992188,2388.53002929688),(284.822021484375,-603.726135253906,2389.53002929688),(284.3359375,-595.778991699219,2388.53002929688),(284.3359375,-602.851928710938,26.1733150482178),(284.3359375,-595.778503417969,26.1733150482178),(284.822021484375,-603.725830078125,25.1735591888428),(275.397857666016,-595.778503417969,26.1733150482178),(275.397827148438,-595.778991699219,2388.53002929688),(274.397827148438,-594.778991699219,2388.53002929688),(285.339324951172,-626.901672363281,27.3092994689941)));
#2076=IFCINDEXEDPOLYGONALFACE((1,3,34,2));
#2077=IFCINDEXEDPOLYGONALFACE((16,18,5,4,1,2));
#2078=IFCINDEXEDPOLYGONALFACE((6,21,19,17,16,2,34,3,1,4));
#2079=IFCINDEXEDPOLYGONALFACE((7,4,5,9));
#2080=IFCINDEXEDPOLYGONALFACE((21,6,4,7,8,33,32,27,25,26,23,22));
#2081=IFCINDEXEDPOLYGONALFACE((7,9,10,8));
#2082=IFCINDEXEDPOLYGONALFACE((11,13,10,9));
#2083=IFCINDEXEDPOLYGONALFACE((18,12,11,9,5));
#2084=IFCINDEXEDPOLYGONALFACE((15,13,11,12));
#2085=IFCINDEXEDPOLYGONALFACE((20,24,30,28,29,31,14,13,15,16,17,19));
#2086=IFCINDEXEDPOLYGONALFACE((13,14,33,8,10));
#2087=IFCINDEXEDPOLYGONALFACE((16,15,12,18));
#2088=IFCINDEXEDPOLYGONALFACE((21,22,20,19));
#2089=IFCINDEXEDPOLYGONALFACE((24,20,22,23));
#2090=IFCINDEXEDPOLYGONALFACE((25,28,24,23));
#2091=IFCINDEXEDPOLYGONALFACE((23,26,25));
#2092=IFCINDEXEDPOLYGONALFACE((25,27,29,28));
#2093=IFCINDEXEDPOLYGONALFACE((24,28,30));
#2094=IFCINDEXEDPOLYGONALFACE((31,29,27,32));
#2095=IFCINDEXEDPOLYGONALFACE((14,31,32,33));
#2096=IFCPOLYGONALFACESET(#2097,$,(#2098,#2099,#2100,#2101,#2102,#2103,#2104,#2105,#2106,#2107,#2108,#2109,#2110,#2111,#2112,#2113,#2114,#2115,#2116,#2117),$);
#2097=IFCCARTESIANPOINTLIST3D(((-284.610107421875,-613.294921875,2387.39428710938),(-281.668426513672,-613.294921875,2387.39428710938),(-284.610107421875,-613.294555664062,27.3093013763428),(-281.668426513672,-613.294555664062,27.3093013763428),(-284.610107421875,-613.294555664062,26.1733150482178),(-286.610076904297,-626.901672363281,26.1733131408691),(-281.668426513672,-613.294555664062,26.1733150482178),(-280.66845703125,-603.85205078125,26.1733150482178),(-286.092712402344,-603.725830078125,25.1735591888428),(-285.6064453125,-602.851928710938,26.1733150482178),(-280.66845703125,-603.852416992188,2388.53002929688),(-280.66845703125,-612.294921875,2388.53002929688),(-286.092712402344,-603.72607421875,2389.53002929688),(-285.6064453125,-602.852355957031,2388.53002929688),(-285.6064453125,-595.778930664062,2388.53002929688),(-276.668487548828,-595.778930664062,2388.53002929688),(-285.6064453125,-595.778503417969,26.1733150482178),(-276.668487548828,-595.778503417969,26.1733150482178),(-275.668518066406,-594.778503417969,26.1733150482178),(-275.668518066406,-585.931457519531,26.1733150482178),(-275.668518066406,-594.778930664062,2388.53002929688),(-275.668518066406,-585.931762695312,2388.53002929688),(-276.668487548828,-584.931762695312,2388.53002929688),(-296.345794677734,-585.931701660156,2389.53002929688),(-297.759948730469,-625.901977539062,2388.53002929688),(-296.759979248047,-584.931762695312,2388.53002929688),(-297.759948730469,-585.931762695312,2388.53002929688),(-297.759948730469,-585.931457519531,26.1733150482178),(-297.759948730469,-625.901672363281,26.1733131408691),(-296.759979248047,-584.931396484375,26.1733150482178),(-296.345794677734,-585.931335449219,25.1735591888428),(-276.668487548828,-584.931396484375,26.1733150482178),(-296.759979248047,-626.901672363281,26.1733131408691),(-296.759979248047,-626.901916503906,2388.53002929688),(-286.610076904297,-626.901916503906,2388.53002929688),(-286.610076904297,-626.901916503906,2387.39428710938),(-285.610076904297,-614.294982910156,2388.53002929688),(-296.759979248047,-626.901916503906,2387.39428710938),(-286.610076904297,-626.901672363281,27.3092994689941),(-296.759979248047,-626.901672363281,27.3092994689941)));
#2098=IFCINDEXEDPOLYGONALFACE((5,3,1,2,4,7,8,11,12,37,35,36,39,6));
#2099=IFCINDEXEDPOLYGONALFACE((1,3,4,2));
#2100=IFCINDEXEDPOLYGONALFACE((7,4,3,5));
#2101=IFCINDEXEDPOLYGONALFACE((5,6,33,29,31,20,19,18,17,10,9,8,7));
#2102=IFCINDEXEDPOLYGONALFACE((10,8,9));
#2103=IFCINDEXEDPOLYGONALFACE((10,14,11,8));
#2104=IFCINDEXEDPOLYGONALFACE((37,12,11,13,14,15,16,21,22,24,25,34,35));
#2105=IFCINDEXEDPOLYGONALFACE((11,14,13));
#2106=IFCINDEXEDPOLYGONALFACE((14,10,17,15));
#2107=IFCINDEXEDPOLYGONALFACE((15,17,18,16));
#2108=IFCINDEXEDPOLYGONALFACE((16,18,19,21));
#2109=IFCINDEXEDPOLYGONALFACE((21,19,20,32,23,22));
#2110=IFCINDEXEDPOLYGONALFACE((24,22,23,26));
#2111=IFCINDEXEDPOLYGONALFACE((27,25,24,26));
#2112=IFCINDEXEDPOLYGONALFACE((23,32,30,28,27,26));
#2113=IFCINDEXEDPOLYGONALFACE((27,28,29,25));
#2114=IFCINDEXEDPOLYGONALFACE((29,28,30,31));
#2115=IFCINDEXEDPOLYGONALFACE((30,32,20,31));
#2116=IFCINDEXEDPOLYGONALFACE((40,38,36,35,34,25,29,33,6,39));
#2117=IFCINDEXEDPOLYGONALFACE((38,40,39,36));
#2118=IFCPOLYGONALFACESET(#2119,$,(#2120,#2121,#2122,#2123,#2124,#2125),$);
#2119=IFCCARTESIANPOINTLIST3D(((-284.971893310547,-621.240173339844,1094.22729492188),(-285.159423828125,-621.240173339844,1213.53979492188),(-274.503173828125,-621.052673339844,1094.41479492188),(-284.971893310547,-625.51953125,1094.22729492188),(-285.159423828125,-625.51953125,1213.53979492188),(-274.315734863281,-625.51953125,1094.41479492188),(-274.503173828125,-625.51953125,1213.72729492188),(-274.503173828125,-621.052673339844,1213.53979492188)));
#2120=IFCINDEXEDPOLYGONALFACE((1,4,5,2));
#2121=IFCINDEXEDPOLYGONALFACE((2,8,3,1));
#2122=IFCINDEXEDPOLYGONALFACE((6,4,1,3));
#2123=IFCINDEXEDPOLYGONALFACE((6,7,5,4));
#2124=IFCINDEXEDPOLYGONALFACE((6,3,8,7));
#2125=IFCINDEXEDPOLYGONALFACE((5,7,8,2));
#2126=IFCBUILDINGSTOREY('3GpGnsvVn2$9qYNIdbFTIO',#2127,'LIVING',$,$,#2128,$,$,$,$);
#2127=IFCOWNERHISTORY(#26,#29,.READWRITE.,.MODIFIED.,1762415450,#26,#29,1762415450);
#2128=IFCLOCALPLACEMENT(#38,#2129);
#2129=IFCAXIS2PLACEMENT3D(#2130,#2131,#2132);
#2130=IFCCARTESIANPOINT((0.,0.,0.));
#2131=IFCDIRECTION((0.,0.,1.));
#2132=IFCDIRECTION((1.,0.,0.));
#2133=IFCFURNITURE('3yuXF4PtnBHgIXDlmXFJ$7',#2134,'Furniture',$,$,#2135,#2140,$,$);
#2134=IFCOWNERHISTORY(#26,#29,.READWRITE.,.MODIFIED.,1786009517,#26,#29,1762245854);
#2135=IFCLOCALPLACEMENT(#2128,#2136);
#2136=IFCAXIS2PLACEMENT3D(#2137,#2138,#2139);
#2137=IFCCARTESIANPOINT((5897.,896.,48.));
#2138=IFCDIRECTION((0.,0.,1.));
#2139=IFCDIRECTION((0.,-1.,0.));
#2140=IFCPRODUCTDEFINITIONSHAPE($,$,(#2141,#2148,#2295,#2734));
#2141=IFCSHAPEREPRESENTATION(#55,'Body','MappedRepresentation',(#2142));
#2142=IFCMAPPEDITEM(#49,#2143);
#2143=IFCCARTESIANTRANSFORMATIONOPERATOR3D(#2144,#2145,#2146,1.,#2147);
#2144=IFCDIRECTION((1.,0.,0.));
#2145=IFCDIRECTION((0.,1.,0.));
#2146=IFCCARTESIANPOINT((274.000000147522,583.12664820239,-37.500000308929));
#2147=IFCDIRECTION((0.,0.,1.));
#2148=IFCSHAPEREPRESENTATION(#2149,'Body','GeometricCurveSet',(#2150));
#2149=IFCGEOMETRICREPRESENTATIONSUBCONTEXT('Body','Model',*,*,*,*,#2,$,.PLAN_VIEW.,$);
#2150=IFCGEOMETRICCURVESET((#2151,#2162,#2168,#2179,#2192,#2197,#2207,#2219,#2235,#2241,#2246,#2264,#2272,#2279,#2285));
#2151=IFCPOLYLINE((#2152,#2153,#2154,#2155,#2156,#2157,#2158,#2159,#2160,#2161));
#2152=IFCCARTESIANPOINT((-1.,20.000122,0.));
#2153=IFCCARTESIANPOINT((-1.,564.126648,0.));
#2154=IFCCARTESIANPOINT((0.,565.126648,0.));
#2155=IFCCARTESIANPOINT((548.,565.126648,0.));
#2156=IFCCARTESIANPOINT((549.,564.126648,0.));
#2157=IFCCARTESIANPOINT((549.,18.999695,0.));
#2158=IFCCARTESIANPOINT((548.,17.999756,0.));
#2159=IFCCARTESIANPOINT((0.,18.000061,0.));
#2160=IFCCARTESIANPOINT((-1.,19.000061,0.));
#2161=IFCCARTESIANPOINT((-1.,20.000122,0.));
#2162=IFCPOLYLINE((#2163,#2164,#2165,#2166,#2167));
#2163=IFCCARTESIANPOINT((-1.,583.126648,0.));
#2164=IFCCARTESIANPOINT((549.,583.126648,0.));
#2165=IFCCARTESIANPOINT((549.,565.126648,0.));
#2166=IFCCARTESIANPOINT((-1.,565.126648,0.));
#2167=IFCCARTESIANPOINT((-1.,583.126648,0.));
#2168=IFCPOLYLINE((#2169,#2170,#2171,#2172,#2173,#2174,#2175,#2176,#2177,#2178));
#2169=IFCCARTESIANPOINT((549.,18.999695,0.));
#2170=IFCCARTESIANPOINT((549.,582.126648,0.));
#2171=IFCCARTESIANPOINT((550.,583.126648,0.));
#2172=IFCCARTESIANPOINT((573.,583.126648,0.));
#2173=IFCCARTESIANPOINT((574.,582.126648,0.));
#2174=IFCCARTESIANPOINT((574.,1.000244,0.));
#2175=IFCCARTESIANPOINT((573.,0.000122,0.));
#2176=IFCCARTESIANPOINT((550.,0.000183,0.));
#2177=IFCCARTESIANPOINT((549.,1.000244,0.));
#2178=IFCCARTESIANPOINT((549.,18.999695,0.));
#2179=IFCPOLYLINE((#2180,#2181,#2182,#2183,#2184,#2185,#2186,#2187,#2188,#2189,#2190,#2191));
#2180=IFCCARTESIANPOINT((558.508728,-32.213745,0.));
#2181=IFCCARTESIANPOINT((558.508802,-32.715805,0.));
#2182=IFCCARTESIANPOINT((569.194946,-32.728943,0.));
#2183=IFCCARTESIANPOINT((569.194946,-1.979675,0.));
#2184=IFCCARTESIANPOINT((571.038239,-2.097107,0.));
#2185=IFCCARTESIANPOINT((572.033631,-2.982605,0.));
#2186=IFCCARTESIANPOINT((571.038208,-45.279541,0.));
#2187=IFCCARTESIANPOINT((552.687012,-45.092529,0.));
#2188=IFCCARTESIANPOINT((549.453125,-42.715637,0.));
#2189=IFCCARTESIANPOINT((548.203735,-38.873352,0.));
#2190=IFCCARTESIANPOINT((549.453003,-35.026733,0.));
#2191=IFCCARTESIANPOINT((558.508728,-32.213745,0.));
#2192=IFCPOLYLINE((#2193,#2194,#2195,#2196));
#2193=IFCCARTESIANPOINT((570.378207,-40.785659,0.));
#2194=IFCCARTESIANPOINT((570.378207,-40.785659,0.));
#2195=IFCCARTESIANPOINT((569.194946,-32.728943,0.));
#2196=IFCCARTESIANPOINT((570.378207,-40.785659,0.));
#2197=IFCPOLYLINE((#2198,#2199,#2200,#2201,#2202,#2203,#2204,#2205,#2206));
#2198=IFCCARTESIANPOINT((-26.,582.126648,0.));
#2199=IFCCARTESIANPOINT((-25.,583.126648,0.));
#2200=IFCCARTESIANPOINT((-2.,583.126648,0.));
#2201=IFCCARTESIANPOINT((-1.,582.126648,0.));
#2202=IFCCARTESIANPOINT((-1.,1.000305,0.));
#2203=IFCCARTESIANPOINT((-2.,0.000183,0.));
#2204=IFCCARTESIANPOINT((-25.,0.000244,0.));
#2205=IFCCARTESIANPOINT((-26.,1.000305,0.));
#2206=IFCCARTESIANPOINT((-26.,582.126648,0.));
#2207=IFCPOLYLINE((#2208,#2209,#2210,#2211,#2212,#2213,#2214,#2215,#2216,#2217,#2218));
#2208=IFCCARTESIANPOINT((-0.668457,-1.804809,0.));
#2209=IFCCARTESIANPOINT((547.397827,-1.805176,0.));
#2210=IFCCARTESIANPOINT((549.648332,-14.671612,0.));
#2211=IFCCARTESIANPOINT((553.397736,-20.726013,0.));
#2212=IFCCARTESIANPOINT((553.397736,-29.168762,0.));
#2213=IFCCARTESIANPOINT((552.397736,-30.168701,0.));
#2214=IFCCARTESIANPOINT((-5.66864,-30.168274,0.));
#2215=IFCCARTESIANPOINT((-6.668457,-28.754089,0.));
#2216=IFCCARTESIANPOINT((-6.668457,-20.725769,0.));
#2217=IFCCARTESIANPOINT((-2.919116,-14.671444,0.));
#2218=IFCCARTESIANPOINT((-0.668457,-1.804809,0.));
#2219=IFCPOLYLINE((#2220,#2221,#2222,#2223,#2224,#2225,#2226,#2227,#2228,#2229,#2230,#2231,#2232,#2233,#2234));
#2220=IFCCARTESIANPOINT((558.335938,-19.725281,0.));
#2221=IFCCARTESIANPOINT((558.335938,-12.652343,0.));
#2222=IFCCARTESIANPOINT((549.234372,-12.488888,0.));
#2223=IFCCARTESIANPOINT((548.397827,-8.077965,0.));
#2224=IFCCARTESIANPOINT((548.397827,-2.805176,0.));
#2225=IFCCARTESIANPOINT((549.397858,-1.804748,0.));
#2226=IFCCARTESIANPOINT((569.489441,-1.804748,0.));
#2227=IFCCARTESIANPOINT((569.194946,-32.728943,0.));
#2228=IFCCARTESIANPOINT((558.508802,-32.715805,0.));
#2229=IFCCARTESIANPOINT((558.508728,-32.213745,0.));
#2230=IFCCARTESIANPOINT((557.504677,-32.252936,0.));
#2231=IFCCARTESIANPOINT((557.339325,-30.168335,0.));
#2232=IFCCARTESIANPOINT((554.397736,-30.168335,0.));
#2233=IFCCARTESIANPOINT((553.397736,-20.725403,0.));
#2234=IFCCARTESIANPOINT((558.335938,-19.725281,0.));
#2235=IFCPOLYLINE((#2236,#2237,#2238,#2239,#2240));
#2236=IFCCARTESIANPOINT((558.821985,-20.599421,0.));
#2237=IFCCARTESIANPOINT((558.821985,-20.599421,0.));
#2238=IFCCARTESIANPOINT((558.821985,-20.599421,0.));
#2239=IFCCARTESIANPOINT((558.821985,-20.599421,0.));
#2240=IFCCARTESIANPOINT((558.821985,-20.599421,0.));
#2241=IFCPOLYLINE((#2242,#2243,#2244,#2245));
#2242=IFCCARTESIANPOINT((558.342791,-12.646059,0.));
#2243=IFCCARTESIANPOINT((558.342791,-12.646059,0.));
#2244=IFCCARTESIANPOINT((558.342791,-12.646059,0.));
#2245=IFCCARTESIANPOINT((558.342791,-12.646059,0.));
#2246=IFCPOLYLINE((#2247,#2248,#2249,#2250,#2251,#2252,#2253,#2254,#2255,#2256,#2257,#2258,#2259,#2260,#2261,#2262,#2263));
#2247=IFCCARTESIANPOINT((-23.759949,-2.804809,0.));
#2248=IFCCARTESIANPOINT((-22.759979,-1.804748,0.));
#2249=IFCCARTESIANPOINT((-2.668487,-1.804748,0.));
#2250=IFCCARTESIANPOINT((-1.668518,-2.804809,0.));
#2251=IFCCARTESIANPOINT((-1.668518,-8.077679,0.));
#2252=IFCCARTESIANPOINT((-2.668487,-12.652282,0.));
#2253=IFCCARTESIANPOINT((-11.606445,-12.652282,0.));
#2254=IFCCARTESIANPOINT((-11.606445,-19.725281,0.));
#2255=IFCCARTESIANPOINT((-6.668457,-20.725403,0.));
#2256=IFCCARTESIANPOINT((-6.668457,-29.168274,0.));
#2257=IFCCARTESIANPOINT((-7.668426,-30.168274,0.));
#2258=IFCCARTESIANPOINT((-9.139192,-30.168274,0.));
#2259=IFCCARTESIANPOINT((-10.703145,-30.801265,0.));
#2260=IFCCARTESIANPOINT((-12.610077,-43.775268,0.));
#2261=IFCCARTESIANPOINT((-22.759979,-43.775268,0.));
#2262=IFCCARTESIANPOINT((-23.759949,-42.775329,0.));
#2263=IFCCARTESIANPOINT((-23.759949,-2.804809,0.));
#2264=IFCPOLYLINE((#2265,#2266,#2267,#2268,#2269,#2270,#2271));
#2265=IFCCARTESIANPOINT((-11.365417,-12.712646,0.));
#2266=IFCCARTESIANPOINT((-11.365417,-12.712097,0.));
#2267=IFCCARTESIANPOINT((-2.547499,-12.712097,0.));
#2268=IFCCARTESIANPOINT((-2.919116,-14.671444,0.));
#2269=IFCCARTESIANPOINT((-6.04101,-19.712586,0.));
#2270=IFCCARTESIANPOINT((-11.365417,-19.712585,0.));
#2271=IFCCARTESIANPOINT((-11.365417,-12.712646,0.));
#2272=IFCPOLYLINE((#2273,#2274,#2275,#2276,#2277,#2278));
#2273=IFCCARTESIANPOINT((558.,-12.712097,0.));
#2274=IFCCARTESIANPOINT((558.,-19.712646,0.));
#2275=IFCCARTESIANPOINT((552.770172,-19.712645,0.));
#2276=IFCCARTESIANPOINT((549.648332,-14.671612,0.));
#2277=IFCCARTESIANPOINT((549.276704,-12.712097,0.));
#2278=IFCCARTESIANPOINT((558.,-12.712097,0.));
#2279=IFCPOLYLINE((#2280,#2281,#2282,#2283,#2284));
#2280=IFCCARTESIANPOINT((-0.315735,-42.392883,0.));
#2281=IFCCARTESIANPOINT((-11.159424,-42.392883,0.));
#2282=IFCCARTESIANPOINT((-11.159424,-38.113525,0.));
#2283=IFCCARTESIANPOINT((-0.503174,-37.926025,0.));
#2284=IFCCARTESIANPOINT((-0.315735,-42.392883,0.));
#2285=IFCPOLYLINE((#2286,#2287,#2288,#2289,#2290,#2291,#2292,#2293,#2294));
#2286=IFCCARTESIANPOINT((-1.,1.000305,0.));
#2287=IFCCARTESIANPOINT((-1.,19.000061,0.));
#2288=IFCCARTESIANPOINT((0.,18.000061,0.));
#2289=IFCCARTESIANPOINT((548.,17.999756,0.));
#2290=IFCCARTESIANPOINT((549.,18.999695,0.));
#2291=IFCCARTESIANPOINT((549.,0.999756,0.));
#2292=IFCCARTESIANPOINT((548.,-0.000244,0.));
#2293=IFCCARTESIANPOINT((0.,0.,0.));
#2294=IFCCARTESIANPOINT((-1.,1.000305,0.));
#2295=IFCSHAPEREPRESENTATION(#2296,'Body','GeometricCurveSet',(#2297));
#2296=IFCGEOMETRICREPRESENTATIONSUBCONTEXT('Body','Model',*,*,*,*,#2,$,.ELEVATION_VIEW.,$);
#2297=IFCGEOMETRICCURVESET((#2298,#2310,#2321,#2335,#2340,#2352,#2358,#2367,#2379,#2389,#2400,#2406,#2424,#2429,#2450,#2456,#2462,#2471,#2481,#2486,#2496,#2506,#2512,#2518,#2529,#2535,#2545,#2551,#2557,#2563,#2569,#2577,#2594,#2613,#2640,#2647,#2654,#2660,#2666,#2720,#2728));
#2298=IFCPOLYLINE((#2299,#2300,#2301,#2302,#2303,#2304,#2305,#2306,#2307,#2308,#2309));
#2299=IFCCARTESIANPOINT((548.203735,0.,2351.588379));
#2300=IFCCARTESIANPOINT((548.564728,0.,2352.068115));
#2301=IFCCARTESIANPOINT((569.194946,0.,2352.568115));
#2302=IFCCARTESIANPOINT((572.033631,0.,2351.550537));
#2303=IFCCARTESIANPOINT((572.033631,0.,2311.832763));
#2304=IFCCARTESIANPOINT((570.947601,0.,2311.150146));
#2305=IFCCARTESIANPOINT((569.194946,0.,2310.80249));
#2306=IFCCARTESIANPOINT((569.194946,0.,2321.77124));
#2307=IFCCARTESIANPOINT((557.339935,0.,2321.52124));
#2308=IFCCARTESIANPOINT((549.453003,0.,2322.5));
#2309=IFCCARTESIANPOINT((548.203735,0.,2351.588379));
#2310=IFCPOLYLINE((#2311,#2312,#2313,#2314,#2315,#2316,#2317,#2318,#2319,#2320));
#2311=IFCCARTESIANPOINT((549.540649,0.,17.608284));
#2312=IFCCARTESIANPOINT((557.339935,0.,18.578834));
#2313=IFCCARTESIANPOINT((569.194946,0.,18.328834));
#2314=IFCCARTESIANPOINT((569.194946,0.,29.297096));
#2315=IFCCARTESIANPOINT((572.033631,0.,28.267555));
#2316=IFCCARTESIANPOINT((572.033631,0.,-11.449978));
#2317=IFCCARTESIANPOINT((569.194946,0.,-12.4678));
#2318=IFCCARTESIANPOINT((548.564728,0.,-11.967802));
#2319=IFCCARTESIANPOINT((548.203735,0.,-11.488554));
#2320=IFCCARTESIANPOINT((549.540649,0.,17.608284));
#2321=IFCPOLYLINE((#2322,#2323,#2324,#2325,#2326,#2327,#2328,#2329,#2330,#2331,#2332,#2333,#2334));
#2322=IFCCARTESIANPOINT((548.397827,0.,2347.069075));
#2323=IFCCARTESIANPOINT((549.453003,0.,2322.5));
#2324=IFCCARTESIANPOINT((557.339935,0.,2321.52124));
#2325=IFCCARTESIANPOINT((569.194946,0.,2321.77124));
#2326=IFCCARTESIANPOINT((569.194946,0.,2310.80249));
#2327=IFCCARTESIANPOINT((570.489441,0.,2311.059266));
#2328=IFCCARTESIANPOINT((570.489441,0.,29.04086));
#2329=IFCCARTESIANPOINT((569.194946,0.,29.297096));
#2330=IFCCARTESIANPOINT((569.194946,0.,18.328834));
#2331=IFCCARTESIANPOINT((557.339935,0.,18.578834));
#2332=IFCCARTESIANPOINT((549.453125,0.,17.598121));
#2333=IFCCARTESIANPOINT((548.397827,0.,-6.969742));
#2334=IFCCARTESIANPOINT((548.397827,0.,2347.069075));
#2335=IFCPOLYLINE((#2336,#2337,#2338,#2339));
#2336=IFCCARTESIANPOINT((558.822022,0.,-12.326441));
#2337=IFCCARTESIANPOINT((556.963857,0.,-11.983961));
#2338=IFCCARTESIANPOINT((566.039854,0.,-12.326441));
#2339=IFCCARTESIANPOINT((558.822022,0.,-12.326441));
#2340=IFCPOLYLINE((#2341,#2342,#2343,#2344,#2345,#2346,#2347,#2348,#2349,#2350,#2351));
#2341=IFCCARTESIANPOINT((-22.345795,0.,2352.030029));
#2342=IFCCARTESIANPOINT((-12.092712,0.,2352.030029));
#2343=IFCCARTESIANPOINT((-8.446527,0.,2351.357829));
#2344=IFCCARTESIANPOINT((-1.668518,0.,2351.030029));
#2345=IFCCARTESIANPOINT((-1.668518,0.,-11.326685));
#2346=IFCCARTESIANPOINT((-8.446527,0.,-11.654405));
#2347=IFCCARTESIANPOINT((-12.092712,0.,-12.326441));
#2348=IFCCARTESIANPOINT((-22.345795,0.,-12.326441));
#2349=IFCCARTESIANPOINT((-23.759949,0.,-11.326687));
#2350=IFCCARTESIANPOINT((-23.759949,0.,2351.030029));
#2351=IFCCARTESIANPOINT((-22.345795,0.,2352.030029));
#2352=IFCPOLYLINE((#2353,#2354,#2355,#2356,#2357));
#2353=IFCCARTESIANPOINT((-0.503174,0.,1176.227295));
#2354=IFCCARTESIANPOINT((-0.315735,0.,1056.914795));
#2355=IFCCARTESIANPOINT((-1.668518,0.,1056.890992));
#2356=IFCCARTESIANPOINT((-1.668518,0.,1176.20679));
#2357=IFCCARTESIANPOINT((-0.503174,0.,1176.227295));
#2358=IFCPOLYLINE((#2359,#2360,#2361,#2362,#2363,#2364,#2365,#2366));
#2359=IFCCARTESIANPOINT((-5.66864,0.,2352.030029));
#2360=IFCCARTESIANPOINT((548.536069,0.,2352.030029));
#2361=IFCCARTESIANPOINT((548.203735,0.,2351.588379));
#2362=IFCCARTESIANPOINT((548.397827,0.,2317.357177));
#2363=IFCCARTESIANPOINT((-1.668518,0.,2317.357177));
#2364=IFCCARTESIANPOINT((-1.668518,0.,2351.030029));
#2365=IFCCARTESIANPOINT((-5.697665,0.,2351.224888));
#2366=IFCCARTESIANPOINT((-5.66864,0.,2352.030029));
#2367=IFCPOLYLINE((#2368,#2369,#2370,#2371,#2372,#2373,#2374,#2375,#2376,#2377,#2378));
#2368=IFCCARTESIANPOINT((-0.668642,0.,22.346647));
#2369=IFCCARTESIANPOINT((548.397827,0.,22.346414));
#2370=IFCCARTESIANPOINT((548.203735,0.,-11.488554));
#2371=IFCCARTESIANPOINT((548.564728,0.,-11.967802));
#2372=IFCCARTESIANPOINT((552.410368,0.,-11.973775));
#2373=IFCCARTESIANPOINT((552.397644,0.,-12.326685));
#2374=IFCCARTESIANPOINT((-5.668762,0.,-12.326685));
#2375=IFCCARTESIANPOINT((-5.697786,0.,-11.521502));
#2376=IFCCARTESIANPOINT((-1.668518,0.,-11.326685));
#2377=IFCCARTESIANPOINT((-1.668518,0.,22.346647));
#2378=IFCCARTESIANPOINT((-0.668642,0.,22.346647));
#2379=IFCPOLYLINE((#2380,#2381,#2382,#2383,#2384,#2385,#2386,#2387,#2388));
#2380=IFCCARTESIANPOINT((-1.668518,0.,22.346647));
#2381=IFCCARTESIANPOINT((-1.668518,0.,1056.890992));
#2382=IFCCARTESIANPOINT((-0.315735,0.,1056.914795));
#2383=IFCCARTESIANPOINT((-0.503174,0.,1176.227295));
#2384=IFCCARTESIANPOINT((-1.668518,0.,1176.20679));
#2385=IFCCARTESIANPOINT((-1.668518,0.,2317.357177));
#2386=IFCCARTESIANPOINT((548.397827,0.,2317.357177));
#2387=IFCCARTESIANPOINT((548.397827,0.,22.346414));
#2388=IFCCARTESIANPOINT((-1.668518,0.,22.346647));
#2389=IFCPOLYLINE((#2390,#2391,#2392,#2393,#2394,#2395,#2396,#2397,#2398,#2399));
#2390=IFCCARTESIANPOINT((-1.,0.,-35.5));
#2391=IFCCARTESIANPOINT((-1.,0.,-13.5));
#2392=IFCCARTESIANPOINT((0.,0.,-12.5));
#2393=IFCCARTESIANPOINT((548.,0.,-12.5));
#2394=IFCCARTESIANPOINT((549.,0.,-13.5));
#2395=IFCCARTESIANPOINT((549.,0.,-36.5));
#2396=IFCCARTESIANPOINT((548.,0.,-37.5));
#2397=IFCCARTESIANPOINT((0.,0.,-37.5));
#2398=IFCCARTESIANPOINT((-1.,0.,-36.5));
#2399=IFCCARTESIANPOINT((-1.,0.,-35.5));
#2400=IFCPOLYLINE((#2401,#2402,#2403,#2404,#2405));
#2401=IFCCARTESIANPOINT((548.,0.,-12.5));
#2402=IFCCARTESIANPOINT((0.,0.,-12.5));
#2403=IFCCARTESIANPOINT((-0.173315,0.,-12.326685));
#2404=IFCCARTESIANPOINT((548.173315,0.,-12.326685));
#2405=IFCCARTESIANPOINT((548.,0.,-12.5));
#2406=IFCPOLYLINE((#2407,#2408,#2409,#2410,#2411,#2412,#2413,#2414,#2415,#2416,#2417,#2418,#2419,#2420,#2421,#2422,#2423));
#2407=IFCCARTESIANPOINT((574.,0.,2351.567871));
#2408=IFCCARTESIANPOINT((574.,0.,-36.5));
#2409=IFCCARTESIANPOINT((573.,0.,-37.5));
#2410=IFCCARTESIANPOINT((550.,0.,-37.5));
#2411=IFCCARTESIANPOINT((549.,0.,-36.5));
#2412=IFCCARTESIANPOINT((549.,0.,-12.326685));
#2413=IFCCARTESIANPOINT((556.963857,0.,-11.983961));
#2414=IFCCARTESIANPOINT((569.194946,0.,-12.4678));
#2415=IFCCARTESIANPOINT((572.033631,0.,-11.449978));
#2416=IFCCARTESIANPOINT((572.033631,0.,28.267555));
#2417=IFCCARTESIANPOINT((570.489441,0.,29.04086));
#2418=IFCCARTESIANPOINT((570.489441,0.,2311.059266));
#2419=IFCCARTESIANPOINT((572.033631,0.,2311.832763));
#2420=IFCCARTESIANPOINT((572.033631,0.,2351.550537));
#2421=IFCCARTESIANPOINT((569.194946,0.,2352.568115));
#2422=IFCCARTESIANPOINT((573.,0.,2352.568115));
#2423=IFCCARTESIANPOINT((574.,0.,2351.567871));
#2424=IFCPOLYLINE((#2425,#2426,#2427,#2428));
#2425=IFCCARTESIANPOINT((550.,0.,2352.568115));
#2426=IFCCARTESIANPOINT((569.194946,0.,2352.568115));
#2427=IFCCARTESIANPOINT((549.500122,0.,2352.068115));
#2428=IFCCARTESIANPOINT((550.,0.,2352.568115));
#2429=IFCPOLYLINE((#2430,#2431,#2432,#2433,#2434,#2435,#2436,#2437,#2438,#2439,#2440,#2441,#2442,#2443,#2444,#2445,#2446,#2447,#2448,#2449));
#2430=IFCCARTESIANPOINT((-2.,0.,2352.567138));
#2431=IFCCARTESIANPOINT((-1.462891,0.,2352.030029));
#2432=IFCCARTESIANPOINT((-5.66864,0.,2352.030029));
#2433=IFCCARTESIANPOINT((-5.697665,0.,2351.224888));
#2434=IFCCARTESIANPOINT((-12.092712,0.,2352.030029));
#2435=IFCCARTESIANPOINT((-22.345795,0.,2352.030029));
#2436=IFCCARTESIANPOINT((-23.759949,0.,2351.030029));
#2437=IFCCARTESIANPOINT((-23.759949,0.,-11.326687));
#2438=IFCCARTESIANPOINT((-22.345795,0.,-12.326441));
#2439=IFCCARTESIANPOINT((-12.092712,0.,-12.326441));
#2440=IFCCARTESIANPOINT((-5.697786,0.,-11.521502));
#2441=IFCCARTESIANPOINT((-5.668762,0.,-12.326685));
#2442=IFCCARTESIANPOINT((-1.,0.,-12.326685));
#2443=IFCCARTESIANPOINT((-1.,0.,-36.5));
#2444=IFCCARTESIANPOINT((-2.,0.,-37.5));
#2445=IFCCARTESIANPOINT((-25.,0.,-37.5));
#2446=IFCCARTESIANPOINT((-26.,0.,-36.5));
#2447=IFCCARTESIANPOINT((-26.,0.,2351.567138));
#2448=IFCCARTESIANPOINT((-25.,0.,2352.567138));
#2449=IFCCARTESIANPOINT((-2.,0.,2352.567138));
#2450=IFCPOLYLINE((#2451,#2452,#2453,#2454,#2455));
#2451=IFCCARTESIANPOINT((-1.,0.,1176.218553));
#2452=IFCCARTESIANPOINT((-1.668518,0.,1176.20679));
#2453=IFCCARTESIANPOINT((-1.668518,0.,2317.357177));
#2454=IFCCARTESIANPOINT((-1.,0.,2317.357177));
#2455=IFCCARTESIANPOINT((-1.,0.,1176.218553));
#2456=IFCPOLYLINE((#2457,#2458,#2459,#2460,#2461));
#2457=IFCCARTESIANPOINT((-1.,0.,22.346647));
#2458=IFCCARTESIANPOINT((-1.668518,0.,22.346647));
#2459=IFCCARTESIANPOINT((-1.668518,0.,1056.890992));
#2460=IFCCARTESIANPOINT((-1.,0.,1056.902755));
#2461=IFCCARTESIANPOINT((-1.,0.,22.346647));
#2462=IFCPOLYLINE((#2463,#2464,#2465,#2466,#2467,#2468,#2469,#2470));
#2463=IFCCARTESIANPOINT((-1.,0.,2353.250732));
#2464=IFCCARTESIANPOINT((-1.,0.,2354.250732));
#2465=IFCCARTESIANPOINT((0.,0.,2355.250488));
#2466=IFCCARTESIANPOINT((548.,0.,2355.252685));
#2467=IFCCARTESIANPOINT((549.,0.,2354.252685));
#2468=IFCCARTESIANPOINT((549.,0.,2352.068115));
#2469=IFCCARTESIANPOINT((-1.,0.,2352.030029));
#2470=IFCCARTESIANPOINT((-1.,0.,2353.250732));
#2471=IFCPOLYLINE((#2472,#2473,#2474,#2475,#2476,#2477,#2478,#2479,#2480));
#2472=IFCCARTESIANPOINT((-1.,0.,1945.5));
#2473=IFCCARTESIANPOINT((-1.,0.,1968.440063));
#2474=IFCCARTESIANPOINT((0.,0.,1969.440185));
#2475=IFCCARTESIANPOINT((548.,0.,1969.442138));
#2476=IFCCARTESIANPOINT((548.397827,0.,1969.04436));
#2477=IFCCARTESIANPOINT((548.397827,0.,1944.897827));
#2478=IFCCARTESIANPOINT((548.,0.,1944.5));
#2479=IFCCARTESIANPOINT((0.,0.,1944.5));
#2480=IFCCARTESIANPOINT((-1.,0.,1945.5));
#2481=IFCPOLYLINE((#2482,#2483,#2484,#2485));
#2482=IFCCARTESIANPOINT((11.952996,0.,1969.440185));
#2483=IFCCARTESIANPOINT((11.953186,0.,1969.440185));
#2484=IFCCARTESIANPOINT((11.952913,0.,1969.440185));
#2485=IFCCARTESIANPOINT((11.952996,0.,1969.440185));
#2486=IFCPOLYLINE((#2487,#2488,#2489,#2490,#2491,#2492,#2493,#2494,#2495));
#2487=IFCCARTESIANPOINT((15.245545,0.,638.26831));
#2488=IFCCARTESIANPOINT((15.651581,0.,638.76831));
#2489=IFCCARTESIANPOINT((528.783264,0.,638.76831));
#2490=IFCCARTESIANPOINT((529.189072,0.,638.26831));
#2491=IFCCARTESIANPOINT((529.189072,0.,632.68872));
#2492=IFCCARTESIANPOINT((528.783264,0.,632.18872));
#2493=IFCCARTESIANPOINT((15.651581,0.,632.18872));
#2494=IFCCARTESIANPOINT((15.245545,0.,632.68872));
#2495=IFCCARTESIANPOINT((15.245545,0.,638.26831));
#2496=IFCPOLYLINE((#2497,#2498,#2499,#2500,#2501,#2502,#2503,#2504,#2505));
#2497=IFCCARTESIANPOINT((15.245545,0.,484.623291));
#2498=IFCCARTESIANPOINT((15.651581,0.,485.623291));
#2499=IFCCARTESIANPOINT((528.783264,0.,485.623291));
#2500=IFCCARTESIANPOINT((529.189072,0.,485.123291));
#2501=IFCCARTESIANPOINT((529.189072,0.,479.543213));
#2502=IFCCARTESIANPOINT((528.783264,0.,479.043213));
#2503=IFCCARTESIANPOINT((15.651581,0.,479.043213));
#2504=IFCCARTESIANPOINT((15.245545,0.,479.543213));
#2505=IFCCARTESIANPOINT((15.245545,0.,484.623291));
#2506=IFCPOLYLINE((#2507,#2508,#2509,#2510,#2511));
#2507=IFCCARTESIANPOINT((15.245667,0.,640.76831));
#2508=IFCCARTESIANPOINT((15.245728,0.,802.449951));
#2509=IFCCARTESIANPOINT((529.349655,0.,802.449951));
#2510=IFCCARTESIANPOINT((529.349655,0.,640.76831));
#2511=IFCCARTESIANPOINT((15.245667,0.,640.76831));
#2512=IFCPOLYLINE((#2513,#2514,#2515,#2516,#2517));
#2513=IFCCARTESIANPOINT((65.525967,0.,786.25003));
#2514=IFCCARTESIANPOINT((65.525967,0.,786.25003));
#2515=IFCCARTESIANPOINT((65.525967,0.,786.25003));
#2516=IFCCARTESIANPOINT((65.525967,0.,786.25003));
#2517=IFCCARTESIANPOINT((65.525967,0.,786.25003));
#2518=IFCPOLYLINE((#2519,#2520,#2521,#2522,#2523,#2524,#2525,#2526,#2527,#2528));
#2519=IFCCARTESIANPOINT((15.245545,0.,487.623291));
#2520=IFCCARTESIANPOINT((15.245423,0.,487.623291));
#2521=IFCCARTESIANPOINT((15.245545,0.,637.760498));
#2522=IFCCARTESIANPOINT((15.245545,0.,632.68872));
#2523=IFCCARTESIANPOINT((15.651581,0.,632.18872));
#2524=IFCCARTESIANPOINT((528.783264,0.,632.18872));
#2525=IFCCARTESIANPOINT((529.189072,0.,632.68872));
#2526=IFCCARTESIANPOINT((529.349472,0.,637.760498));
#2527=IFCCARTESIANPOINT((529.34935,0.,487.623291));
#2528=IFCCARTESIANPOINT((15.245545,0.,487.623291));
#2529=IFCPOLYLINE((#2530,#2531,#2532,#2533,#2534));
#2530=IFCCARTESIANPOINT((507.349259,0.,507.623291));
#2531=IFCCARTESIANPOINT((507.34935,0.,617.760498));
#2532=IFCCARTESIANPOINT((37.254868,0.,617.760498));
#2533=IFCCARTESIANPOINT((37.254868,0.,507.623779));
#2534=IFCCARTESIANPOINT((507.349259,0.,507.623291));
#2535=IFCPOLYLINE((#2536,#2537,#2538,#2539,#2540,#2541,#2542,#2543,#2544));
#2536=IFCCARTESIANPOINT((529.34935,0.,484.615478));
#2537=IFCCARTESIANPOINT((529.34935,0.,334.478241));
#2538=IFCCARTESIANPOINT((15.245423,0.,334.478241));
#2539=IFCCARTESIANPOINT((15.245545,0.,484.615478));
#2540=IFCCARTESIANPOINT((15.245545,0.,479.543213));
#2541=IFCCARTESIANPOINT((15.651581,0.,479.043213));
#2542=IFCCARTESIANPOINT((528.783264,0.,479.043213));
#2543=IFCCARTESIANPOINT((529.189072,0.,479.543213));
#2544=IFCCARTESIANPOINT((529.34935,0.,484.615478));
#2545=IFCPOLYLINE((#2546,#2547,#2548,#2549,#2550));
#2546=IFCCARTESIANPOINT((507.349259,0.,354.478241));
#2547=IFCCARTESIANPOINT((507.34935,0.,464.615448));
#2548=IFCCARTESIANPOINT((37.254868,0.,464.615448));
#2549=IFCCARTESIANPOINT((37.254868,0.,354.478241));
#2550=IFCCARTESIANPOINT((507.349259,0.,354.478241));
#2551=IFCPOLYLINE((#2552,#2553,#2554,#2555,#2556));
#2552=IFCCARTESIANPOINT((37.254868,0.,617.760498));
#2553=IFCCARTESIANPOINT((507.34935,0.,617.760498));
#2554=IFCCARTESIANPOINT((507.349259,0.,507.623291));
#2555=IFCCARTESIANPOINT((37.254868,0.,507.623779));
#2556=IFCCARTESIANPOINT((37.254868,0.,617.760498));
#2557=IFCPOLYLINE((#2558,#2559,#2560,#2561,#2562));
#2558=IFCCARTESIANPOINT((37.254868,0.,464.615448));
#2559=IFCCARTESIANPOINT((507.34935,0.,464.615448));
#2560=IFCCARTESIANPOINT((507.349259,0.,354.478241));
#2561=IFCCARTESIANPOINT((37.254868,0.,354.478241));
#2562=IFCCARTESIANPOINT((37.254868,0.,464.615448));
#2563=IFCPOLYLINE((#2564,#2565,#2566,#2567,#2568));
#2564=IFCCARTESIANPOINT((548.288086,0.,767.366455));
#2565=IFCCARTESIANPOINT((529.349655,0.,767.366455));
#2566=IFCCARTESIANPOINT((529.349655,0.,787.366943));
#2567=IFCCARTESIANPOINT((548.397827,0.,787.366943));
#2568=IFCCARTESIANPOINT((548.288086,0.,767.366455));
#2569=IFCPOLYLINE((#2570,#2571,#2572,#2573,#2574,#2575,#2576));
#2570=IFCCARTESIANPOINT((0.431824,0.,767.366455));
#2571=IFCCARTESIANPOINT((-0.426697,0.,767.56665));
#2572=IFCCARTESIANPOINT((-0.426697,0.,786.366455));
#2573=IFCCARTESIANPOINT((0.280579,0.,787.366943));
#2574=IFCCARTESIANPOINT((15.245722,0.,787.366943));
#2575=IFCCARTESIANPOINT((15.245715,0.,767.366455));
#2576=IFCCARTESIANPOINT((0.431824,0.,767.366455));
#2577=IFCPOLYLINE((#2578,#2579,#2580,#2581,#2582,#2583,#2584,#2585,#2586,#2587,#2588,#2589,#2590,#2591,#2592,#2593));
#2578=IFCCARTESIANPOINT((548.397827,0.,767.061037));
#2579=IFCCARTESIANPOINT((548.397827,0.,336.939813));
#2580=IFCCARTESIANPOINT((547.077637,0.,336.5));
#2581=IFCCARTESIANPOINT((529.349352,0.,336.5));
#2582=IFCCARTESIANPOINT((529.349472,0.,484.615478));
#2583=IFCCARTESIANPOINT((528.783264,0.,485.623291));
#2584=IFCCARTESIANPOINT((521.077642,0.,485.623291));
#2585=IFCCARTESIANPOINT((521.077642,0.,487.623291));
#2586=IFCCARTESIANPOINT((529.34935,0.,487.623291));
#2587=IFCCARTESIANPOINT((529.349472,0.,637.760498));
#2588=IFCCARTESIANPOINT((528.783264,0.,638.76831));
#2589=IFCCARTESIANPOINT((521.077648,0.,638.76831));
#2590=IFCCARTESIANPOINT((521.077648,0.,640.76831));
#2591=IFCCARTESIANPOINT((529.349655,0.,640.76831));
#2592=IFCCARTESIANPOINT((529.349655,0.,767.366455));
#2593=IFCCARTESIANPOINT((548.397827,0.,767.061037));
#2594=IFCPOLYLINE((#2595,#2596,#2597,#2598,#2599,#2600,#2601,#2602,#2603,#2604,#2605,#2606,#2607,#2608,#2609,#2610,#2611,#2612));
#2595=IFCCARTESIANPOINT((-0.437622,0.,764.5));
#2596=IFCCARTESIANPOINT((-0.437622,0.,766.5));
#2597=IFCCARTESIANPOINT((1.160843,0.,767.366455));
#2598=IFCCARTESIANPOINT((15.245715,0.,767.366455));
#2599=IFCCARTESIANPOINT((15.245667,0.,640.76831));
#2600=IFCCARTESIANPOINT((27.562434,0.,640.76831));
#2601=IFCCARTESIANPOINT((27.562435,0.,638.76831));
#2602=IFCCARTESIANPOINT((15.651581,0.,638.76831));
#2603=IFCCARTESIANPOINT((15.245545,0.,638.26831));
#2604=IFCCARTESIANPOINT((15.245423,0.,487.623291));
#2605=IFCCARTESIANPOINT((27.562522,0.,487.623291));
#2606=IFCCARTESIANPOINT((27.562524,0.,485.623291));
#2607=IFCCARTESIANPOINT((15.651581,0.,485.623291));
#2608=IFCCARTESIANPOINT((15.245545,0.,485.123291));
#2609=IFCCARTESIANPOINT((15.245426,0.,337.759491));
#2610=IFCCARTESIANPOINT((1.562653,0.,337.759491));
#2611=IFCCARTESIANPOINT((-0.437378,0.,338.759491));
#2612=IFCCARTESIANPOINT((-0.437622,0.,764.5));
#2613=IFCPOLYLINE((#2614,#2615,#2616,#2617,#2618,#2619,#2620,#2621,#2622,#2623,#2624,#2625,#2626,#2627,#2628,#2629,#2630,#2631,#2632,#2633,#2634,#2635,#2636,#2637,#2638,#2639));
#2614=IFCCARTESIANPOINT((11.549866,0.,1885.520263));
#2615=IFCCARTESIANPOINT((11.549866,0.,1889.034912));
#2616=IFCCARTESIANPOINT((12.049866,0.,1889.534912));
#2617=IFCCARTESIANPOINT((14.549866,0.,1889.534912));
#2618=IFCCARTESIANPOINT((14.549866,0.,1888.534912));
#2619=IFCCARTESIANPOINT((15.040558,0.,1888.534912));
#2620=IFCCARTESIANPOINT((15.040558,0.,1889.534912));
#2621=IFCCARTESIANPOINT((531.843842,0.,1889.534912));
#2622=IFCCARTESIANPOINT((531.843842,0.,1888.534912));
#2623=IFCCARTESIANPOINT((532.334564,0.,1888.534912));
#2624=IFCCARTESIANPOINT((532.334564,0.,1889.534912));
#2625=IFCCARTESIANPOINT((534.834564,0.,1889.534912));
#2626=IFCCARTESIANPOINT((535.334595,0.,1889.034912));
#2627=IFCCARTESIANPOINT((535.334595,0.,1865.03479));
#2628=IFCCARTESIANPOINT((534.834564,0.,1864.534912));
#2629=IFCCARTESIANPOINT((532.334564,0.,1864.534912));
#2630=IFCCARTESIANPOINT((532.334564,0.,1865.534912));
#2631=IFCCARTESIANPOINT((531.843842,0.,1865.534912));
#2632=IFCCARTESIANPOINT((531.843842,0.,1864.534912));
#2633=IFCCARTESIANPOINT((15.040558,0.,1864.534912));
#2634=IFCCARTESIANPOINT((15.040558,0.,1865.534912));
#2635=IFCCARTESIANPOINT((14.549866,0.,1865.534912));
#2636=IFCCARTESIANPOINT((14.549866,0.,1864.534912));
#2637=IFCCARTESIANPOINT((12.049866,0.,1864.534912));
#2638=IFCCARTESIANPOINT((11.549866,0.,1865.03479));
#2639=IFCCARTESIANPOINT((11.549866,0.,1885.520263));
#2640=IFCPOLYLINE((#2641,#2642,#2643,#2644,#2645,#2646));
#2641=IFCCARTESIANPOINT((501.669037,0.,1891.090088));
#2642=IFCCARTESIANPOINT((501.669037,0.,1944.5));
#2643=IFCCARTESIANPOINT((531.669006,0.,1944.5));
#2644=IFCCARTESIANPOINT((531.669006,0.,1889.534912));
#2645=IFCCARTESIANPOINT((501.669037,0.,1889.534912));
#2646=IFCCARTESIANPOINT((501.669037,0.,1891.090088));
#2647=IFCPOLYLINE((#2648,#2649,#2650,#2651,#2652,#2653));
#2648=IFCCARTESIANPOINT((15.109741,0.,1891.090088));
#2649=IFCCARTESIANPOINT((15.109741,0.,1944.5));
#2650=IFCCARTESIANPOINT((45.109726,0.,1944.5));
#2651=IFCCARTESIANPOINT((45.109726,0.,1889.534912));
#2652=IFCCARTESIANPOINT((15.109741,0.,1889.534912));
#2653=IFCCARTESIANPOINT((15.109741,0.,1891.090088));
#2654=IFCPOLYLINE((#2655,#2656,#2657,#2658,#2659));
#2655=IFCCARTESIANPOINT((27.562824,0.,487.623291));
#2656=IFCCARTESIANPOINT((521.077637,0.,487.623291));
#2657=IFCCARTESIANPOINT((521.077637,0.,485.623291));
#2658=IFCCARTESIANPOINT((27.562826,0.,485.623291));
#2659=IFCCARTESIANPOINT((27.562824,0.,487.623291));
#2660=IFCPOLYLINE((#2661,#2662,#2663,#2664,#2665));
#2661=IFCCARTESIANPOINT((27.562701,0.,640.76831));
#2662=IFCCARTESIANPOINT((521.077637,0.,640.76831));
#2663=IFCCARTESIANPOINT((521.077637,0.,638.76831));
#2664=IFCCARTESIANPOINT((27.562703,0.,638.76831));
#2665=IFCCARTESIANPOINT((27.562701,0.,640.76831));
#2666=IFCPOLYLINE((#2667,#2668,#2669,#2670,#2671,#2672,#2673,#2674,#2675,#2676,#2677,#2678,#2679,#2680,#2681,#2682,#2683,#2684,#2685,#2686,#2687,#2688,#2689,#2690,#2691,#2692,#2693,#2694,#2695,#2696,#2697,#2698,#2699,#2700,#2701,#2702,#2703,#2704,#2705,#2706,#2707,#2708,#2709,#2710,#2711,#2712,#2713,#2714,#2715,#2716,#2717,#2718,#2719));
#2667=IFCCARTESIANPOINT((-1.,0.,1056.902755));
#2668=IFCCARTESIANPOINT((-0.315735,0.,1056.914795));
#2669=IFCCARTESIANPOINT((-0.503174,0.,1176.227295));
#2670=IFCCARTESIANPOINT((-1.,0.,1176.218553));
#2671=IFCCARTESIANPOINT((-1.,0.,1945.5));
#2672=IFCCARTESIANPOINT((0.,0.,1944.5));
#2673=IFCCARTESIANPOINT((15.109741,0.,1944.5));
#2674=IFCCARTESIANPOINT((15.109741,0.,1889.534912));
#2675=IFCCARTESIANPOINT((15.040558,0.,1888.534912));
#2676=IFCCARTESIANPOINT((14.549866,0.,1888.534912));
#2677=IFCCARTESIANPOINT((14.549866,0.,1889.534912));
#2678=IFCCARTESIANPOINT((12.049866,0.,1889.534912));
#2679=IFCCARTESIANPOINT((11.549866,0.,1889.034912));
#2680=IFCCARTESIANPOINT((11.549866,0.,1865.03479));
#2681=IFCCARTESIANPOINT((12.049866,0.,1864.534912));
#2682=IFCCARTESIANPOINT((14.549866,0.,1864.534912));
#2683=IFCCARTESIANPOINT((14.549866,0.,1865.534912));
#2684=IFCCARTESIANPOINT((15.040558,0.,1865.534912));
#2685=IFCCARTESIANPOINT((15.040558,0.,1864.534912));
#2686=IFCCARTESIANPOINT((531.843842,0.,1864.534912));
#2687=IFCCARTESIANPOINT((531.843842,0.,1865.534912));
#2688=IFCCARTESIANPOINT((532.334564,0.,1865.534912));
#2689=IFCCARTESIANPOINT((532.334564,0.,1864.534912));
#2690=IFCCARTESIANPOINT((534.834564,0.,1864.534912));
#2691=IFCCARTESIANPOINT((535.334595,0.,1865.03479));
#2692=IFCCARTESIANPOINT((535.334595,0.,1889.034912));
#2693=IFCCARTESIANPOINT((534.834564,0.,1889.534912));
#2694=IFCCARTESIANPOINT((532.334564,0.,1889.534912));
#2695=IFCCARTESIANPOINT((532.334564,0.,1888.534912));
#2696=IFCCARTESIANPOINT((531.843842,0.,1888.534912));
#2697=IFCCARTESIANPOINT((531.669006,0.,1889.534912));
#2698=IFCCARTESIANPOINT((531.669006,0.,1944.5));
#2699=IFCCARTESIANPOINT((548.,0.,1944.5));
#2700=IFCCARTESIANPOINT((548.397827,0.,1944.897827));
#2701=IFCCARTESIANPOINT((548.397827,0.,787.366943));
#2702=IFCCARTESIANPOINT((529.349655,0.,787.366943));
#2703=IFCCARTESIANPOINT((529.349655,0.,802.449951));
#2704=IFCCARTESIANPOINT((15.245728,0.,802.449951));
#2705=IFCCARTESIANPOINT((15.245722,0.,787.366943));
#2706=IFCCARTESIANPOINT((0.280579,0.,787.366943));
#2707=IFCCARTESIANPOINT((-0.426575,0.,786.366943));
#2708=IFCCARTESIANPOINT((-0.437622,0.,766.5));
#2709=IFCCARTESIANPOINT((-0.437378,0.,338.759491));
#2710=IFCCARTESIANPOINT((1.562653,0.,337.759491));
#2711=IFCCARTESIANPOINT((15.245426,0.,337.759491));
#2712=IFCCARTESIANPOINT((15.245423,0.,334.478241));
#2713=IFCCARTESIANPOINT((529.34935,0.,334.478241));
#2714=IFCCARTESIANPOINT((529.349352,0.,336.5));
#2715=IFCCARTESIANPOINT((547.077942,0.,336.5));
#2716=IFCCARTESIANPOINT((548.397827,0.,336.939738));
#2717=IFCCARTESIANPOINT((548.397827,0.,22.346414));
#2718=IFCCARTESIANPOINT((-1.,0.,22.346647));
#2719=IFCCARTESIANPOINT((-1.,0.,1056.902755));
#2720=IFCPOLYLINE((#2721,#2722,#2723,#2724,#2725,#2726,#2727));
#2721=IFCCARTESIANPOINT((-1.,0.,2317.357177));
#2722=IFCCARTESIANPOINT((548.397827,0.,2317.357177));
#2723=IFCCARTESIANPOINT((548.397827,0.,1969.04436));
#2724=IFCCARTESIANPOINT((548.,0.,1969.442138));
#2725=IFCCARTESIANPOINT((0.,0.,1969.440185));
#2726=IFCCARTESIANPOINT((-1.,0.,1968.440063));
#2727=IFCCARTESIANPOINT((-1.,0.,2317.357177));
#2728=IFCPOLYLINE((#2729,#2730,#2731,#2732,#2733));
#2729=IFCCARTESIANPOINT((501.669037,0.,1889.534912));
#2730=IFCCARTESIANPOINT((45.109726,0.,1889.534912));
#2731=IFCCARTESIANPOINT((45.109726,0.,1944.5));
#2732=IFCCARTESIANPOINT((501.669037,0.,1944.5));
#2733=IFCCARTESIANPOINT((501.669037,0.,1889.534912));
#2734=IFCSHAPEREPRESENTATION(#2735,'Body','GeometricCurveSet',(#2736));
#2735=IFCGEOMETRICREPRESENTATIONSUBCONTEXT('Body','Model',*,*,*,*,#2,$,.ELEVATION_VIEW.,$);
#2736=IFCGEOMETRICCURVESET((#2737,#2743,#2753,#2759,#2765,#2774,#2786));
#2737=IFCPOLYLINE((#2738,#2739,#2740,#2741,#2742));
#2738=IFCCARTESIANPOINT((0.,0.000244,2352.567138));
#2739=IFCCARTESIANPOINT((0.,583.126648,2352.567138));
#2740=IFCCARTESIANPOINT((0.,583.126648,-37.5));
#2741=IFCCARTESIANPOINT((0.,0.000244,-37.5));
#2742=IFCCARTESIANPOINT((0.,0.000244,2352.567138));
#2743=IFCPOLYLINE((#2744,#2745,#2746,#2747,#2748,#2749,#2750,#2751,#2752));
#2744=IFCCARTESIANPOINT((0.,-43.775268,2351.030029));
#2745=IFCCARTESIANPOINT((0.,-20.599426,2352.030029));
#2746=IFCCARTESIANPOINT((0.,-2.805053,2352.030029));
#2747=IFCCARTESIANPOINT((0.,-1.805114,2351.030029));
#2748=IFCCARTESIANPOINT((0.,-1.804748,-11.326685));
#2749=IFCCARTESIANPOINT((0.,-2.804687,-12.326441));
#2750=IFCCARTESIANPOINT((0.,-20.599182,-12.326441));
#2751=IFCCARTESIANPOINT((0.,-43.775024,-11.326687));
#2752=IFCCARTESIANPOINT((0.,-43.775268,2351.030029));
#2753=IFCPOLYLINE((#2754,#2755,#2756,#2757,#2758));
#2754=IFCCARTESIANPOINT((0.,-2.805053,-12.326685));
#2755=IFCCARTESIANPOINT((0.,-29.168518,-12.326685));
#2756=IFCCARTESIANPOINT((0.,-29.57337,-11.921857));
#2757=IFCCARTESIANPOINT((0.,-20.599182,-12.326441));
#2758=IFCCARTESIANPOINT((0.,-2.805053,-12.326685));
#2759=IFCPOLYLINE((#2760,#2761,#2762,#2763,#2764));
#2760=IFCCARTESIANPOINT((0.,-29.16864,2352.030029));
#2761=IFCCARTESIANPOINT((0.,-29.168274,2352.030029));
#2762=IFCCARTESIANPOINT((0.,-20.599426,2352.030029));
#2763=IFCCARTESIANPOINT((0.,-29.573334,2351.62536));
#2764=IFCCARTESIANPOINT((0.,-29.16864,2352.030029));
#2765=IFCPOLYLINE((#2766,#2767,#2768,#2769,#2770,#2771,#2772,#2773));
#2766=IFCCARTESIANPOINT((0.,138.858856,2355.252685));
#2767=IFCCARTESIANPOINT((0.,564.126648,2355.252685));
#2768=IFCCARTESIANPOINT((0.,565.126648,2354.252685));
#2769=IFCCARTESIANPOINT((0.,565.126648,2352.567138));
#2770=IFCCARTESIANPOINT((0.,17.999756,2352.567138));
#2771=IFCCARTESIANPOINT((0.,17.999756,2354.252685));
#2772=IFCCARTESIANPOINT((0.,18.999695,2355.252685));
#2773=IFCCARTESIANPOINT((0.,138.858856,2355.252685));
#2774=IFCPOLYLINE((#2775,#2776,#2777,#2778,#2779,#2780,#2781,#2782,#2783,#2784,#2785));
#2775=IFCCARTESIANPOINT((0.,-44.298584,18.578834));
#2776=IFCCARTESIANPOINT((0.,-43.775027,18.578973));
#2777=IFCCARTESIANPOINT((0.,-43.775024,-11.326687));
#2778=IFCCARTESIANPOINT((0.,-29.57337,-11.921857));
#2779=IFCCARTESIANPOINT((0.,-29.168518,-12.326685));
#2780=IFCCARTESIANPOINT((0.,-2.817809,-12.326685));
#2781=IFCCARTESIANPOINT((0.,-32.728821,-12.4678));
#2782=IFCCARTESIANPOINT((0.,-44.904419,-11.967802));
#2783=IFCCARTESIANPOINT((0.,-45.279358,-11.488554));
#2784=IFCCARTESIANPOINT((0.,-45.279358,17.599098));
#2785=IFCCARTESIANPOINT((0.,-44.298584,18.578834));
#2786=IFCPOLYLINE((#2787,#2788,#2789,#2790,#2791,#2792,#2793,#2794,#2795,#2796,#2797,#2798,#2799));
#2787=IFCCARTESIANPOINT((0.,-45.279541,2351.588379));
#2788=IFCCARTESIANPOINT((0.,-44.904541,2352.068115));
#2789=IFCCARTESIANPOINT((0.,-32.728943,2352.568115));
#2790=IFCCARTESIANPOINT((0.,-2.833313,2352.442871));
#2791=IFCCARTESIANPOINT((0.,-1.979675,2351.204884));
#2792=IFCCARTESIANPOINT((0.,-2.80487,2352.030029));
#2793=IFCCARTESIANPOINT((0.,-29.16864,2352.030029));
#2794=IFCCARTESIANPOINT((0.,-29.573334,2351.62536));
#2795=IFCCARTESIANPOINT((0.,-43.775268,2351.030029));
#2796=IFCCARTESIANPOINT((0.,-43.775265,2321.52124));
#2797=IFCCARTESIANPOINT((0.,-44.298706,2321.52124));
#2798=IFCCARTESIANPOINT((0.,-45.279541,2322.5));
#2799=IFCCARTESIANPOINT((0.,-45.279541,2351.588379));
#2800=IFCRELASSOCIATESDOCUMENT('0TrCATNUnDywFM5tdyqrcN',#2801,$,$,(#1),#2802);
#2801=IFCOWNERHISTORY(#26,#45,.READWRITE.,.ADDED.,1786467740,#26,#45,1786467740);
#2802=IFCDOCUMENTINFORMATION('X','EL-08-27-R18-PY',$,$,$,$,'DRAWING',$,$,$,$,$,$,$,$,$,$);
#2803=IFCRELASSOCIATESDOCUMENT('3msXiumGv5IgGTLw$2ZH7A',#2804,$,$,(#1),#2805);
#2804=IFCOWNERHISTORY(#26,#45,.READWRITE.,.ADDED.,1786467548,#26,#45,1786467548);
#2805=IFCDOCUMENTINFORMATION('X','EL-05-15-R09-PX',$,$,$,$,'DRAWING',$,$,$,$,$,$,$,$,$,$);
#2806=IFCRELASSOCIATESDOCUMENT('1OxvnkTRf23AJUE_VjJ_uL',#2807,$,$,(#1),#2808);
#2807=IFCOWNERHISTORY(#26,#45,.READWRITE.,.ADDED.,1786467552,#26,#45,1786467552);
#2808=IFCDOCUMENTINFORMATION('X','EL-05-16-R09-NY',$,$,$,$,'DRAWING',$,$,$,$,$,$,$,$,$,$);
#2809=IFCRELASSOCIATESDOCUMENT('1vgNfNNTP2XuPn82GBoPEx',#2810,$,$,(#1),#2811);
#2810=IFCOWNERHISTORY(#26,#45,.READWRITE.,.ADDED.,1786467557,#26,#45,1786467557);
#2811=IFCDOCUMENTINFORMATION('X','EL-05-17-R09-NX',$,$,$,$,'DRAWING',$,$,$,$,$,$,$,$,$,$);
#2812=IFCRELASSOCIATESDOCUMENT('0qG5EvF4PBy80FnHeEpRjZ',#2813,$,$,(#1),#2814);
#2813=IFCOWNERHISTORY(#26,#45,.READWRITE.,.ADDED.,1786466590,#26,#45,1786466590);
#2814=IFCDOCUMENTINFORMATION('X','EL-02-05-R20-NX',$,$,$,$,'DRAWING',$,$,$,$,$,$,$,$,$,$);
#2815=IFCRELASSOCIATESDOCUMENT('2fo8k85oH5HBeSOn_56OjM',#2816,$,$,(#1),#2817);
#2816=IFCOWNERHISTORY(#26,#45,.READWRITE.,.ADDED.,1786466724,#26,#45,1786466724);
#2817=IFCDOCUMENTINFORMATION('X','EL-03-06-R04-PY',$,$,$,$,'DRAWING',$,$,$,$,$,$,$,$,$,$);
#2818=IFCRELASSOCIATESDOCUMENT('3PnJSPR7963wgSzJfIu2GK',#2819,$,$,(#1),#2820);
#2819=IFCOWNERHISTORY(#26,#45,.READWRITE.,.ADDED.,1786516866,#26,#45,1786516866);
#2820=IFCDOCUMENTINFORMATION('X','EL-P01-02-LIVING-SOUTH-NY',$,$,$,$,'DRAWING',$,$,$,$,$,$,$,$,$,$);
#2821=IFCRELASSOCIATESDOCUMENT('1DlFjmUPz2TOwoKRagjnpu',#2822,$,$,(#1),#2823);
#2822=IFCOWNERHISTORY(#26,#45,.READWRITE.,.ADDED.,1786516877,#26,#45,1786516877);
#2823=IFCDOCUMENTINFORMATION('X','EL-P01-03-DINING-NORTH-PY',$,$,$,$,'DRAWING',$,$,$,$,$,$,$,$,$,$);
#2824=IFCRELASSOCIATESDOCUMENT('1ZHdh7I9n16w4lvnO2E9dC',#2825,$,$,(#1),#2826);
#2825=IFCOWNERHISTORY(#26,#45,.READWRITE.,.ADDED.,1786467561,#26,#45,1786467561);
#2826=IFCDOCUMENTINFORMATION('X','EL-06-18-R13-PY',$,$,$,$,'DRAWING',$,$,$,$,$,$,$,$,$,$);
#2827=IFCRELASSOCIATESDOCUMENT('1S7ovJfULDDR$unHGmF_fD',#2828,$,$,(#1),#2829);
#2828=IFCOWNERHISTORY(#26,#45,.READWRITE.,.ADDED.,1770362686,#26,#45,1770362686);
#2829=IFCDOCUMENTINFORMATION('X','Sanitary Plan',$,$,$,$,'DRAWING',$,$,$,$,$,$,$,$,$,$);
#2830=IFCRELASSOCIATESDOCUMENT('1vtgaHodzAe9E_Cg6ztKa1',#2831,$,$,(#1),#2832);
#2831=IFCOWNERHISTORY(#26,#45,.READWRITE.,.ADDED.,1786516889,#26,#45,1786516889);
#2832=IFCDOCUMENTINFORMATION('X','EL-P01-05-WEST-KITCHEN-WEST-NX',$,$,$,$,'DRAWING',$,$,$,$,$,$,$,$,$,$);
#2833=IFCRELASSOCIATESDOCUMENT('25H1U$xdD42fP4Ox2bsnML',#2834,$,$,(#1),#2835);
#2834=IFCOWNERHISTORY(#26,#45,.READWRITE.,.ADDED.,1786466286,#26,#45,1786466286);
#2835=IFCDOCUMENTINFORMATION('X','EL-01-01-R14-PY',$,$,$,$,'DRAWING',$,$,$,$,$,$,$,$,$,$);
#2836=IFCRELASSOCIATESDOCUMENT('0Wncn9Rp53ofGHDRsBYlaI',#2837,$,$,(#1),#2838);
#2837=IFCOWNERHISTORY(#26,#45,.READWRITE.,.ADDED.,1786516896,#26,#45,1786516896);
#2838=IFCDOCUMENTINFORMATION('X','EL-P01-06-MIDDLE-KITCHEN-WEST-NX',$,$,$,$,'DRAWING',$,$,$,$,$,$,$,$,$,$);
#2839=IFCRELASSOCIATESDOCUMENT('3sLq3LAdj87PDTP5kjgkI7',#2840,$,$,(#1),#2841);
#2840=IFCOWNERHISTORY(#26,#45,.READWRITE.,.ADDED.,1786467744,#26,#45,1786467744);
#2841=IFCDOCUMENTINFORMATION('X','EL-08-28-R17-PY',$,$,$,$,'DRAWING',$,$,$,$,$,$,$,$,$,$);
#2842=IFCRELASSOCIATESDOCUMENT('15i$5L$B95UOoApdVZYoKM',#2843,$,$,(#1),#2844);
#2843=IFCOWNERHISTORY(#26,#45,.READWRITE.,.ADDED.,1786466220,#26,#45,1786466220);
#2844=IFCDOCUMENTINFORMATION('X','EL-01-03-R20-PX',$,$,$,$,'DRAWING',$,$,$,$,$,$,$,$,$,$);
#2845=IFCRELASSOCIATESDOCUMENT('0aPsGJGFDB3eGmdFs_AfV2',#2846,$,$,(#1),#2847);
#2846=IFCOWNERHISTORY(#26,#45,.READWRITE.,.ADDED.,1770474701,#26,#45,1770474701);
#2847=IFCDOCUMENTINFORMATION('X','Furniture Plan',$,$,$,$,'DRAWING',$,$,$,$,$,$,$,$,$,$);
#2848=IFCRELASSOCIATESDOCUMENT('2czFcZcgPBBhlzyott_yEU',#2849,$,$,(#1),#2850);
#2849=IFCOWNERHISTORY(#26,#45,.READWRITE.,.ADDED.,1788630512,#26,#45,1788630512);
#2850=IFCDOCUMENTINFORMATION('X','WD02-WARDROBE-PLAN',$,$,$,$,'DRAWING',$,$,$,$,$,$,$,$,$,$);
#2851=IFCRELASSOCIATESDOCUMENT('0B$phm3w5Bfx4AccWBkNsf',#2852,$,$,(#1),#2853);
#2852=IFCOWNERHISTORY(#26,#45,.READWRITE.,.ADDED.,1786516900,#26,#45,1786516900);
#2853=IFCDOCUMENTINFORMATION('X','EL-P02-A-PUBLIC-NX',$,$,$,$,'DRAWING',$,$,$,$,$,$,$,$,$,$);
#2854=IFCRELASSOCIATESDOCUMENT('1hEeUNpgH769A_AJV8AGL7',#2855,$,$,(#1),#2856);
#2855=IFCOWNERHISTORY(#26,#45,.READWRITE.,.ADDED.,1786516884,#26,#45,1786516884);
#2856=IFCDOCUMENTINFORMATION('X','EL-P01-04-DINING-EAST-PX',$,$,$,$,'DRAWING',$,$,$,$,$,$,$,$,$,$);
#2857=IFCRELASSOCIATESDOCUMENT('3Gp6QRlZn9GO5i1aV$OPNL',#2858,$,$,(#1),#2859);
#2858=IFCOWNERHISTORY(#26,#45,.READWRITE.,.ADDED.,1786516919,#26,#45,1786516919);
#2859=IFCDOCUMENTINFORMATION('X','EL-P02-B-PUBLIC-PX',$,$,$,$,'DRAWING',$,$,$,$,$,$,$,$,$,$);
#2860=IFCRELASSOCIATESDOCUMENT('033yDu$evBSg13LyHpmu1x',#2861,$,$,(#1),#2862);
#2861=IFCOWNERHISTORY(#26,#45,.READWRITE.,.ADDED.,1786467612,#26,#45,1786467612);
#2862=IFCDOCUMENTINFORMATION('X','EL-06-19-R12-PY',$,$,$,$,'DRAWING',$,$,$,$,$,$,$,$,$,$);
#2863=IFCRELASSOCIATESDOCUMENT('1ZT46kCRHFzBrLt6aiKaI5',#2864,$,$,(#1),#2865);
#2864=IFCOWNERHISTORY(#26,#45,.READWRITE.,.ADDED.,1786466860,#26,#45,1786466860);
#2865=IFCDOCUMENTINFORMATION('X','EL-03-09-R04-NX',$,$,$,$,'DRAWING',$,$,$,$,$,$,$,$,$,$);
#2866=IFCRELASSOCIATESDOCUMENT('1Dek2PGErDERDCpDBzK7xY',#2867,$,$,(#1),#2868);
#2867=IFCOWNERHISTORY(#26,#45,.READWRITE.,.ADDED.,1786467142,#26,#45,1786467142);
#2868=IFCDOCUMENTINFORMATION('X','EL-04-10-R07-PY',$,$,$,$,'DRAWING',$,$,$,$,$,$,$,$,$,$);
#2869=IFCRELASSOCIATESDOCUMENT('0SLRuQgaL4MgSuVxwrWsY1',#2870,$,$,(#1),#2871);
#2870=IFCOWNERHISTORY(#26,#45,.READWRITE.,.ADDED.,1786466377,#26,#45,1786466377);
#2871=IFCDOCUMENTINFORMATION('X','EL-01-02-R20-PY',$,$,$,$,'DRAWING',$,$,$,$,$,$,$,$,$,$);
#2872=IFCRELASSOCIATESDOCUMENT('171Q0s0$v0ruqiw31FMCaJ',#2873,$,$,(#1),#2874);
#2873=IFCOWNERHISTORY(#26,#45,.READWRITE.,.ADDED.,1786466775,#26,#45,1786466775);
#2874=IFCDOCUMENTINFORMATION('X','EL-03-07-R04-PX',$,$,$,$,'DRAWING',$,$,$,$,$,$,$,$,$,$);
#2875=IFCRELASSOCIATESDOCUMENT('1QSzzzB_TCZAYei1osZ58b',#2876,$,$,(#1),#2877);
#2876=IFCOWNERHISTORY(#26,#45,.READWRITE.,.ADDED.,1786466816,#26,#45,1786466816);
#2877=IFCDOCUMENTINFORMATION('X','EL-03-08-R04-NY',$,$,$,$,'DRAWING',$,$,$,$,$,$,$,$,$,$);
#2878=IFCRELASSOCIATESDOCUMENT('1P$oNuoqP0ygdIlnu6pdgu',#2879,$,$,(#1),#2880);
#2879=IFCOWNERHISTORY(#26,#45,.READWRITE.,.ADDED.,1786467808,#26,#45,1786467808);
#2880=IFCDOCUMENTINFORMATION('X','EL-08-31-R17-NY',$,$,$,$,'DRAWING',$,$,$,$,$,$,$,$,$,$);
#2881=IFCRELASSOCIATESDOCUMENT('2y$fIXlNbD4e4xlmpRMpwf',#2882,$,$,(#1),#2883);
#2882=IFCOWNERHISTORY(#26,#45,.READWRITE.,.ADDED.,1786467815,#26,#45,1786467815);
#2883=IFCDOCUMENTINFORMATION('X','EL-08-32-R17-NX',$,$,$,$,'DRAWING',$,$,$,$,$,$,$,$,$,$);
#2884=IFCRELASSOCIATESDOCUMENT('3jDka_a4v5sxqgfkeiwtTJ',#2885,$,$,(#1),#2886);
#2885=IFCOWNERHISTORY(#26,#45,.READWRITE.,.ADDED.,1786467822,#26,#45,1786467822);
#2886=IFCDOCUMENTINFORMATION('X','EL-09-33-R22-PY',$,$,$,$,'DRAWING',$,$,$,$,$,$,$,$,$,$);
#2887=IFCRELASSOCIATESDOCUMENT('3giH9RUoT1E9D5Uq3geeVH',#2888,$,$,(#1),#2889);
#2888=IFCOWNERHISTORY(#26,#45,.READWRITE.,.ADDED.,1770189208,#26,#45,1770189208);
#2889=IFCDOCUMENTINFORMATION('X','Wall Plan',$,$,$,$,'DRAWING',$,$,$,$,$,$,$,$,$,$);
#2890=IFCRELASSOCIATESDOCUMENT('09OMG_T5PD7upYZsfXLDNJ',#2891,$,$,(#1),#2892);
#2891=IFCOWNERHISTORY(#26,#45,.READWRITE.,.ADDED.,1786467243,#26,#45,1786467243);
#2892=IFCDOCUMENTINFORMATION('X','EL-04-12-R07-NY',$,$,$,$,'DRAWING',$,$,$,$,$,$,$,$,$,$);
#2893=IFCRELASSOCIATESDOCUMENT('0rHrAesFzCxBfa2FvDZjZf',#2894,$,$,(#1),#2895);
#2894=IFCOWNERHISTORY(#26,#45,.READWRITE.,.ADDED.,1786467631,#26,#45,1786467631);
#2895=IFCDOCUMENTINFORMATION('X','EL-06-22-R12-NX',$,$,$,$,'DRAWING',$,$,$,$,$,$,$,$,$,$);
#2896=IFCRELASSOCIATESDOCUMENT('2TQy4svKnE2gtijQ6v1Tos',#2897,$,$,(#1),#2898);
#2897=IFCOWNERHISTORY(#26,#45,.READWRITE.,.ADDED.,1786467831,#26,#45,1786467831);
#2898=IFCDOCUMENTINFORMATION('X','EL-09-34-R22-PX',$,$,$,$,'DRAWING',$,$,$,$,$,$,$,$,$,$);
#2899=IFCRELASSOCIATESDOCUMENT('2sHislgG95QAgiD1C7jrVO',#2900,$,$,(#1),#2901);
#2900=IFCOWNERHISTORY(#26,#45,.READWRITE.,.ADDED.,1786467756,#26,#45,1786467756);
#2901=IFCDOCUMENTINFORMATION('X','EL-08-30-R16-NY',$,$,$,$,'DRAWING',$,$,$,$,$,$,$,$,$,$);
#2902=IFCRELASSOCIATESDOCUMENT('3$Q9GN2cD82Oryt$5kHsOz',#2903,$,$,(#1),#2904);
#2903=IFCOWNERHISTORY(#26,#45,.READWRITE.,.ADDED.,1786467750,#26,#45,1786467750);
#2904=IFCDOCUMENTINFORMATION('X','EL-08-29-R17-PX',$,$,$,$,'DRAWING',$,$,$,$,$,$,$,$,$,$);
#2905=IFCRELASSOCIATESDOCUMENT('2qFzpsHRX1k9Qkpqcz4k3G',#2906,$,$,(#1),#2907);
#2906=IFCOWNERHISTORY(#26,#45,.READWRITE.,.ADDED.,1786467616,#26,#45,1786467616);
#2907=IFCDOCUMENTINFORMATION('X','EL-06-20-R12-NY',$,$,$,$,'DRAWING',$,$,$,$,$,$,$,$,$,$);
#2908=IFCRELASSOCIATESDOCUMENT('35o6EXmxL3PgozJzeDmoq$',#2909,$,$,(#1),#2910);
#2909=IFCOWNERHISTORY(#26,#45,.READWRITE.,.ADDED.,1770280538,#26,#45,1770280538);
#2910=IFCDOCUMENTINFORMATION('X','Wall Finish Plan',$,$,$,$,'DRAWING',$,$,$,$,$,$,$,$,$,$);
#2911=IFCRELASSOCIATESDOCUMENT('3JAVbaJIX1lA5ifz2dNCKz',#2912,$,$,(#1),#2913);
#2912=IFCOWNERHISTORY(#26,#45,.READWRITE.,.ADDED.,1786466382,#26,#45,1786466382);
#2913=IFCDOCUMENTINFORMATION('X','EL-02-04-R20-NY',$,$,$,$,'DRAWING',$,$,$,$,$,$,$,$,$,$);
#2914=IFCRELASSOCIATESDOCUMENT('0jqo_RDlTBSRT352IetPxW',#2915,$,$,(#1),#2916);
#2915=IFCOWNERHISTORY(#26,#45,.READWRITE.,.ADDED.,1785423587,#26,#45,1785423587);
#2916=IFCDOCUMENTINFORMATION('X','FFL PLAN',$,$,$,$,'DRAWING',$,$,$,$,$,$,$,$,$,$);
#2917=IFCRELASSOCIATESDOCUMENT('0emDbQ26z8deCI2RhgXBW0',#2918,$,$,(#1),#2919);
#2918=IFCOWNERHISTORY(#26,#45,.READWRITE.,.ADDED.,1786467252,#26,#45,1786467252);
#2919=IFCDOCUMENTINFORMATION('X','EL-04-13-R07-NX',$,$,$,$,'DRAWING',$,$,$,$,$,$,$,$,$,$);
#2920=IFCRELASSOCIATESDOCUMENT('13JFuPSG11B8CXdWMXY9D2',#2921,$,$,(#1),#2922);
#2921=IFCOWNERHISTORY(#26,#45,.READWRITE.,.ADDED.,1786467622,#26,#45,1786467622);
#2922=IFCDOCUMENTINFORMATION('X','EL-06-21-R12-PX',$,$,$,$,'DRAWING',$,$,$,$,$,$,$,$,$,$);
#2923=IFCRELAGGREGATES('0OOJ_sFpP6rAKuHzrpuKFE',$,$,$,#1,(#18));
#2924=IFCRELASSOCIATESDOCUMENT('2Vs2T$3JzAhuGgCwuQdMwP',#2925,$,$,(#1),#2926);
#2925=IFCOWNERHISTORY(#26,#45,.READWRITE.,.ADDED.,1786467264,#26,#45,1786467264);
#2926=IFCDOCUMENTINFORMATION('X','EL-05-14-R09-PY',$,$,$,$,'DRAWING',$,$,$,$,$,$,$,$,$,$);
#2927=IFCRELASSOCIATESDOCUMENT('1bLtaiJYn4Kv8a7$BiY7mf',#2928,$,$,(#1),#2929);
#2928=IFCOWNERHISTORY(#26,#45,.READWRITE.,.ADDED.,1786467229,#26,#45,1786467229);
#2929=IFCDOCUMENTINFORMATION('X','EL-04-11-R07-PX',$,$,$,$,'DRAWING',$,$,$,$,$,$,$,$,$,$);
#2930=IFCRELASSOCIATESDOCUMENT('2QlY8QPK58GghvkRQPHV7I',#2931,$,$,(#1),#2932);
#2931=IFCOWNERHISTORY(#26,#45,.READWRITE.,.ADDED.,1786467680,#26,#45,1786467680);
#2932=IFCDOCUMENTINFORMATION('X','EL-07-23-R15-PY',$,$,$,$,'DRAWING',$,$,$,$,$,$,$,$,$,$);
#2933=IFCRELASSOCIATESDOCUMENT('20cgNCEWrFDRkhahvhFeBZ',#2934,$,$,(#1),#2935);
#2934=IFCOWNERHISTORY(#26,#45,.READWRITE.,.ADDED.,1788630521,#26,#45,1788630521);
#2935=IFCDOCUMENTINFORMATION('X','WD02-WARDROBE-SIDE',$,$,$,$,'DRAWING',$,$,$,$,$,$,$,$,$,$);
#2936=IFCRELASSOCIATESDOCUMENT('0iY7pG8nv5yOtlAXQhFA13',#2937,$,$,(#1),#2938);
#2937=IFCOWNERHISTORY(#26,#45,.READWRITE.,.ADDED.,1788630515,#26,#45,1788630515);
#2938=IFCDOCUMENTINFORMATION('X','WD02-WARDROBE-FRONT',$,$,$,$,'DRAWING',$,$,$,$,$,$,$,$,$,$);
#2939=IFCRELASSOCIATESDOCUMENT('3AGhNLFO50NfYJKkt51kwn',#2940,$,$,(#1),#2941);
#2940=IFCOWNERHISTORY(#26,#45,.READWRITE.,.ADDED.,1768975613,#26,#45,1768975613);
#2941=IFCDOCUMENTINFORMATION('X','BBIM_Cost_Documents','Bonsai internal document containing references to cost CSV files',$,$,$,$,$,$,$,$,$,$,$,$,$,$);
#2942=IFCRELASSOCIATESDOCUMENT('2svXnx48bCPwoXiPysf$NL',#2943,$,$,(#1),#2944);
#2943=IFCOWNERHISTORY(#26,#45,.READWRITE.,.ADDED.,1786467893,#26,#45,1786467893);
#2944=IFCDOCUMENTINFORMATION('X','EL-09-35-R22-NY',$,$,$,$,'DRAWING',$,$,$,$,$,$,$,$,$,$);
#2945=IFCRELASSOCIATESDOCUMENT('0zE89mnf54JfwmvLIMaDl6',#2946,$,$,(#1),#2947);
#2946=IFCOWNERHISTORY(#26,#45,.READWRITE.,.ADDED.,1786467903,#26,#45,1786467903);
#2947=IFCDOCUMENTINFORMATION('X','EL-09-36-R22-NX',$,$,$,$,'DRAWING',$,$,$,$,$,$,$,$,$,$);
#2948=IFCRELASSOCIATESDOCUMENT('0nUegiyGXCEBvFUHiYg_8w',#2949,$,$,(#1),#2950);
#2949=IFCOWNERHISTORY(#26,#45,.READWRITE.,.ADDED.,1786467684,#26,#45,1786467684);
#2950=IFCDOCUMENTINFORMATION('X','EL-07-24-R15-PX',$,$,$,$,'DRAWING',$,$,$,$,$,$,$,$,$,$);
#2951=IFCRELASSOCIATESDOCUMENT('0QD6vus5f5BggqStsJa1Us',#2952,$,$,(#1),#2953);
#2952=IFCOWNERHISTORY(#26,#45,.READWRITE.,.ADDED.,1786516863,#26,#45,1786516863);
#2953=IFCDOCUMENTINFORMATION('X','EL-P01-01-LIVING-WEST-NX',$,$,$,$,'DRAWING',$,$,$,$,$,$,$,$,$,$);
#2954=IFCRELASSOCIATESDOCUMENT('2HK9Nz2jb9kRV7woST6jTn',#2955,$,$,(#1),#2956);
#2955=IFCOWNERHISTORY(#26,#45,.READWRITE.,.ADDED.,1786467688,#26,#45,1786467688);
#2956=IFCDOCUMENTINFORMATION('X','EL-07-25-R15-NY',$,$,$,$,'DRAWING',$,$,$,$,$,$,$,$,$,$);
#2957=IFCRELASSOCIATESDOCUMENT('326QAmjnP89eeN0qf2j_ET',#2958,$,$,(#1),#2959);
#2958=IFCOWNERHISTORY(#26,#45,.READWRITE.,.ADDED.,1786467692,#26,#45,1786467692);
#2959=IFCDOCUMENTINFORMATION('X','EL-07-26-R15-NX',$,$,$,$,'DRAWING',$,$,$,$,$,$,$,$,$,$);
#2960=IFCRELAGGREGATES('1lQDpO8o1BexUkJXGGEYsR',$,$,$,#18,(#24));
#2961=IFCRELAGGREGATES('3Zmam45Nb6lQyVxwxSi5RE',#2962,$,$,#24,(#36));
#2962=IFCOWNERHISTORY(#26,#29,.READWRITE.,.MODIFIED.,1765977108,#26,#45,1759986538);
#2963=IFCRELDEFINESBYTYPE('0uzu6pQ_56ROU0XDdCiVeR',#2964,$,$,(#2133),#43);
#2964=IFCOWNERHISTORY(#26,#29,.READWRITE.,.MODIFIED.,1765979289,#26,#45,1762245854);
#2965=IFCRELCONTAINEDINSPATIALSTRUCTURE('3moGEsWEP1Q9lUPzXHUSyN',#2966,$,$,(#2133),#2126);
#2966=IFCOWNERHISTORY(#26,#29,.READWRITE.,.MODIFIED.,1786200773,#26,#45,1762415465);
#2967=IFCRELDEFINESBYPROPERTIES('1CSbLFgSLDP99291hNYC6Q',#2968,$,$,(#2133),#2969);
#2968=IFCOWNERHISTORY(#26,#45,.READWRITE.,.ADDED.,1788630524,#26,#45,1788630524);
#2969=IFCPROPERTYSET('3EOpu4R_D46RhcPU8SJ0aD',#2970,'Pset_Wd02DrawingSource',$,(#2971,#2972,#2973,#2974,#2975,#2976));
#2970=IFCOWNERHISTORY(#26,#45,.READWRITE.,.ADDED.,1788630524,#26,#45,1788630524);
#2971=IFCPROPERTYSINGLEVALUE('SourceKind',$,IFCLABEL('geometry_derived_simplified_proxy'),$);
#2972=IFCPROPERTYSINGLEVALUE('SourceLabelZh',$,IFCLABEL('\X2\57FA4E8E539F59CB9AD86A2151E04F55751F621076847B80531656FE7EB888688FBE\X0\'),$);
#2973=IFCPROPERTYSINGLEVALUE('OfficialCadUsed',$,IFCBOOLEAN(.F.),$);
#2974=IFCPROPERTYSINGLEVALUE('ApprovalEvidence',$,IFCLABEL('\X2\535554C1\X0\SVG\X2\53EF4EE59A8C6536FF0C53EA5DEE7ED962114E004E2A573A666F\X0\SVG'),$);
#2975=IFCPROPERTYSINGLEVALUE('CandidateSha256',$,IFCLABEL('b143d12be063a667e3c3749c5b350a73ecde8c2f5691667bac8e093af4579b3e'),$);
#2976=IFCPROPERTYSINGLEVALUE('ReviewStatus',$,IFCLABEL('APPROVED_SINGLE_PRODUCT_SCENE_PENDING'),$);
#2977=IFCRELAGGREGATES('1Bxkz1G7P4ufjHQUqdsU67',#2978,$,$,#36,(#2126));
#2978=IFCOWNERHISTORY(#26,#29,.READWRITE.,.MODIFIED.,1768115645,#26,#45,1762412096);
#2979=IFCSTYLEDITEM(#272,(#2980),$);
#2980=IFCSURFACESTYLE('Poliform_Pivot_Door #2143571465',.BOTH.,(#2981));
#2981=IFCSURFACESTYLERENDERING(#2982,0.,#2983,$,$,$,IFCNORMALISEDRATIOMEASURE(0.),IFCSPECULARROUGHNESS(0.14),.NOTDEFINED.);
#2982=IFCCOLOURRGB($,0.5,0.5,0.5);
#2983=IFCCOLOURRGB($,0.5,0.5,0.5);
#2984=IFCSTYLEDITEM(#288,(#2980),$);
#2985=IFCSTYLEDITEM(#304,(#2986),$);
#2986=IFCSURFACESTYLE('wire_184228153.001',.BOTH.,(#2987));
#2987=IFCSURFACESTYLERENDERING(#2988,0.,#2989,$,$,$,IFCNORMALISEDRATIOMEASURE(0.),IFCSPECULARROUGHNESS(0.821),.NOTDEFINED.);
#2988=IFCCOLOURRGB($,0.721599996089935,0.89410001039505,0.600000023841858);
#2989=IFCCOLOURRGB($,0.721599996089935,0.89410001039505,0.600000023841858);
#2990=IFCSTYLEDITEM(#578,(#2986),$);
#2991=IFCSTYLEDITEM(#690,(#2986),$);
#2992=IFCSTYLEDITEM(#802,(#2993),$);
#2993=IFCSURFACESTYLE('wire_177148027.001',.BOTH.,(#2994));
#2994=IFCSURFACESTYLERENDERING(#2995,0.,#2996,$,$,$,IFCNORMALISEDRATIOMEASURE(0.),IFCSPECULARROUGHNESS(0.821),.NOTDEFINED.);
#2995=IFCCOLOURRGB($,0.694100022315979,0.580399990081787,0.105899997055531);
#2996=IFCCOLOURRGB($,0.694100022315979,0.580399990081787,0.105899997055531);
#2997=IFCSTYLEDITEM(#852,(#2993),$);
#2998=IFCSTYLEDITEM(#898,(#2993),$);
#2999=IFCSTYLEDITEM(#906,(#2993),$);
#3000=IFCSTYLEDITEM(#1080,(#2993),$);
#3001=IFCSTYLEDITEM(#1160,(#2993),$);
#3002=IFCSTYLEDITEM(#1206,(#2993),$);
#3003=IFCSTYLEDITEM(#1214,(#2993),$);
#3004=IFCSTYLEDITEM(#1388,(#2993),$);
#3005=IFCSTYLEDITEM(#1468,(#3006),$);
#3006=IFCSURFACESTYLE('Glass Dark Poliform Senzafine',.BOTH.,(#3007));
#3007=IFCSURFACESTYLERENDERING(#3008,0.399999976158142,#3009,$,$,$,IFCNORMALISEDRATIOMEASURE(0.),IFCSPECULARROUGHNESS(0.5),.NOTDEFINED.);
#3008=IFCCOLOURRGB($,0.204178288578987,0.204178288578987,0.204178288578987);
#3009=IFCCOLOURRGB($,0.119682185351849,0.119682185351849,0.119682185351849);
#3010=IFCSTYLEDITEM(#1476,(#3011),$);
#3011=IFCSURFACESTYLE('wire_028028177.001',.BOTH.,(#3012));
#3012=IFCSURFACESTYLERENDERING(#3013,0.,#3014,$,$,$,IFCNORMALISEDRATIOMEASURE(0.),IFCSPECULARROUGHNESS(0.821),.NOTDEFINED.);
#3013=IFCCOLOURRGB($,0.10980000346899,0.10980000346899,0.694100022315979);
#3014=IFCCOLOURRGB($,0.10980000346899,0.10980000346899,0.694100022315979);
#3015=IFCSTYLEDITEM(#1556,(#3011),$);
#3016=IFCSTYLEDITEM(#1636,(#3011),$);
#3017=IFCSTYLEDITEM(#1716,(#3011),$);
#3018=IFCSTYLEDITEM(#1796,(#3011),$);
#3019=IFCSTYLEDITEM(#1876,(#3011),$);
#3020=IFCSTYLEDITEM(#1956,(#3011),$);
#3021=IFCSTYLEDITEM(#1976,(#3006),$);
#3022=IFCSTYLEDITEM(#2003,(#3006),$);
#3023=IFCSTYLEDITEM(#2028,(#3006),$);
#3024=IFCSTYLEDITEM(#2036,(#3006),$);
#3025=IFCSTYLEDITEM(#2055,(#3006),$);
#3026=IFCSTYLEDITEM(#2074,(#3006),$);
#3027=IFCSTYLEDITEM(#2096,(#3006),$);
#3028=IFCSTYLEDITEM(#2118,(#3006),$);
#3029=IFCSHAPEASPECT((#2295),'Front','{"review_library_body_view": 1, "camera_normal_local": [-4.371139894487829e-08, -0.9999999999999858, -1.6292068494294397e-07], "source": "existing_approved_ifc_linework", "review_category": "approved"}',.T.,#2140);
#3030=IFCSHAPEASPECT((#2734),'Side','{"review_library_body_view": 1, "camera_normal_local": [-0.9999999999999858, -1.5099580252808397e-07, 7.549790126404218e-08], "source": "existing_approved_ifc_linework", "review_category": "approved"}',.T.,#2140);
#3031=IFCSHAPEASPECT((#2148),'Plan','{"review_library_body_view": 1, "camera_normal_local": [-0.0, 0.0, 1.0], "source": "existing_approved_ifc_linework", "review_category": "approved"}',.T.,#2140);
#3032=IFCSTYLEDITEM(#2150,(#3033),'Black semantic LINEWORK');
#3033=IFCCURVESTYLE('WD03 approved geometry-derived semantic linework',$,IFCPOSITIVELENGTHMEASURE(0.35),#3034,.T.);
#3034=IFCCOLOURRGB('WD03 approved semantic black',0.0823529411764706,0.101960784313725,0.125490196078431);
#3035=IFCSTYLEDITEM(#2297,(#3036),'Black semantic LINEWORK');
#3036=IFCCURVESTYLE('WD03 approved geometry-derived semantic linework',$,IFCPOSITIVELENGTHMEASURE(0.35),#3037,.T.);
#3037=IFCCOLOURRGB('WD03 approved semantic black',0.0823529411764706,0.101960784313725,0.125490196078431);
#3038=IFCSTYLEDITEM(#2736,(#3039),'Black semantic LINEWORK');
#3039=IFCCURVESTYLE('WD03 approved geometry-derived semantic linework',$,IFCPOSITIVELENGTHMEASURE(0.35),#3040,.T.);
#3040=IFCCOLOURRGB('WD03 approved semantic black',0.0823529411764706,0.101960784313725,0.125490196078431);
#3041=IFCSTYLEDITEM(#3042,(#2980),$);
#3042=IFCPOLYGONALFACESET(#3043,$,(#3044,#3045,#3046,#3047,#3048,#3049,#3050,#3051,#3052,#3053,#3054,#3055,#3056,#3057,#3058,#3059,#3060,#3061,#3062,#3063),$);
#3043=IFCCARTESIANPOINTLIST3D(((888.686706542969,-248.173568725586,2359.87939453125),(72.184700012207,-248.174652099609,2359.87890625),(888.686950683594,-248.173385620117,979.735900878906),(72.0306777954102,-248.174407958984,979.77490234375),(888.686950683594,-248.173385620117,786.086059570312),(72.0306549072266,-248.174346923828,786.018432617188),(888.687072753906,-248.173065185547,10.52272605896),(72.1839828491211,-248.174118041992,10.5226039886475),(889.12451171875,-248.298110961914,10.1477308273315),(889.437072753906,-248.485595703125,10.3352289199829),(889.12451171875,-248.798126220703,9.64773750305176),(-4.59973049163818,-248.931564331055,9.58511638641357),(889.124572753906,-267.547760009766,9.64773750305176),(-4.51159143447876,-267.779083251953,9.58511638641357),(889.43701171875,-267.3603515625,9.83523559570312),(889.437133789062,-267.860412597656,10.3352289199829),(889.62451171875,-267.547912597656,10.6477251052856),(889.624328613281,-267.548400878906,2359.75439453125),(889.436828613281,-267.860778808594,2360.06689453125),(889.436706542969,-267.360870361328,2360.56689453125),(889.124206542969,-267.54833984375,2360.75439453125),(-4.51190423965454,-267.780029296875,2360.81640625),(889.124206542969,-248.798645019531,2360.75439453125),(-4.60005855560303,-248.932647705078,2360.81640625),(889.124267578125,-248.298614501953,2360.25439453125),(-3.70449900627136,-248.207977294922,2360.31640625),(889.436706542969,-248.486099243164,2360.06689453125),(-3.7068235874176,-248.174774169922,2359.87890625),(-4.22268676757812,-248.275360107422,2360.31640625),(-4.19526863098145,-248.353500366211,2360.62890625),(-4.52956104278564,-248.552688598633,2360.62890625),(-4.53172159194946,-248.549530029297,979.5498046875),(-4.72883415222168,-248.886688232422,2360.62890625),(-4.75669956207275,-248.924545288086,979.5498046875),(-4.53170680999756,-249.149520874023,979.1748046875),(-4.60670518875122,-263.705108642578,979.099792480469),(-3.9316668510437,-248.549499511719,979.1748046875),(-3.55664968490601,-248.924545288086,978.94970703125),(69.8894577026367,-248.391845703125,978.874877929688),(-4.60670518875122,-264.305053710938,978.499816894531),(-4.60666084289551,-263.704925537109,786.693420410156),(-3.70671987533569,-264.,978.199768066406),(-3.70669007301331,-264.080078125,977.6748046875),(-3.70669007301331,-264.079956054688,788.118408203125),(21.545560836792,-264.079956054688,977.674926757812),(21.5455913543701,-264.079925537109,788.118408203125),(-3.70674967765808,-264.,787.593444824219),(23.8855648040771,-263.705108642578,788.118408203125),(70.,-248.549087524414,788.118408203125),(23.8855800628662,-263.705169677734,977.674926757812),(70.,-248.54914855957,977.674926757812),(69.3644790649414,-248.396774291992,786.843505859375),(68.7908706665039,-248.570007324219,786.91845703125),(-3.55670928955078,-248.924514770508,786.843383789062),(-3.93169665336609,-248.549468994141,786.618408203125),(-4.53170680999756,-249.149490356445,786.618408203125),(-4.75669956207275,-248.924545288086,786.243408203125),(-4.53175163269043,-248.549499511719,786.243408203125),(-4.52924823760986,-248.55158996582,9.77261352539062),(-4.7285361289978,-248.885940551758,9.77261352539062),(69.3157653808594,-248.560836791992,787.),(-3.70668935775757,-248.174499511719,980.07470703125),(22.7455081939697,-248.174743652344,2359.87890625),(22.7456855773926,-248.174499511719,980.074829101562),(71.1306533813477,-248.174407958984,980.074829101562),(71.6556777954102,-248.174377441406,980.),(22.7458209991455,-248.174209594727,10.5226039886475),(22.745641708374,-248.174468994141,785.718383789062),(-3.70652556419373,-248.174240112305,10.5226039886475),(-3.70671916007996,-248.174468994141,785.718383789062),(71.1306381225586,-248.174377441406,785.718383789062),(71.655647277832,-248.174346923828,785.793518066406),(72.255615234375,-248.174377441406,786.393493652344),(72.3306274414062,-248.174346923828,786.91845703125),(72.3306732177734,-248.174407958984,978.874877929688),(72.2556610107422,-248.174407958984,979.399841308594)));
#3044=IFCINDEXEDPOLYGONALFACE((5,3,1,2,63,28,26,25,27,10,9,7));
#3045=IFCINDEXEDPOLYGONALFACE((2,1,3,4));
#3046=IFCINDEXEDPOLYGONALFACE((5,6,73,74,75,76,4,3));
#3047=IFCINDEXEDPOLYGONALFACE((5,7,8,6));
#3048=IFCINDEXEDPOLYGONALFACE((52,49,51,50,48,47,44,46,45,43,42,40,36,39,38,37,35,34,32,31,30,29,26,28,62,64,65,66,4,76,75,74,73,6,72,71,68,70,69,67,8,7,9,11,12,60,59,58,57,56,55,54));
#3049=IFCINDEXEDPOLYGONALFACE((16,15,13,11,9,10,27,25,23,21,20,19,18,17));
#3050=IFCINDEXEDPOLYGONALFACE((13,14,12,11));
#3051=IFCINDEXEDPOLYGONALFACE((21,22,14,13,15,16,17,18,19,20));
#3052=IFCINDEXEDPOLYGONALFACE((22,21,23,24));
#3053=IFCINDEXEDPOLYGONALFACE((25,26,29,30,31,33,24,23));
#3054=IFCINDEXEDPOLYGONALFACE((34,35,36,40,41,56,57,58,59,60,12,14,22,24,33,31,32));
#3055=IFCINDEXEDPOLYGONALFACE((35,37,38,39,36));
#3056=IFCINDEXEDPOLYGONALFACE((47,48,49,52,53,61,41,40,42,43,44));
#3057=IFCINDEXEDPOLYGONALFACE((46,44,43,45));
#3058=IFCINDEXEDPOLYGONALFACE((51,49,48,50));
#3059=IFCINDEXEDPOLYGONALFACE((55,56,41,61,53,52,54));
#3060=IFCINDEXEDPOLYGONALFACE((64,62,28,63));
#3061=IFCINDEXEDPOLYGONALFACE((2,4,66,65,64,63));
#3062=IFCINDEXEDPOLYGONALFACE((67,68,71,72,6,8));
#3063=IFCINDEXEDPOLYGONALFACE((70,68,67,69));
#3064=IFCSTYLEDITEM(#3065,(#2980),$);
#3065=IFCPOLYGONALFACESET(#3066,$,(#3067,#3068,#3069,#3070,#3071,#3072,#3073,#3074,#3075,#3076,#3077,#3078),$);
#3066=IFCCARTESIANPOINTLIST3D(((918.771667480469,308.968353271484,0.126219063997269),(918.771606445312,-278.08935546875,0.624991893768311),(899.896911621094,308.968353271484,0.126219063997269),(918.771667480469,309.468353271484,0.626212596893311),(899.896667480469,309.468353271484,0.626212596893311),(919.084167480469,309.280853271484,0.813710153102875),(919.084106445312,-277.901885986328,0.81248950958252),(919.095031738281,309.342712402344,2389.71728515625),(899.584411621094,309.280853271484,0.813710153102875),(898.948852539062,309.342712402344,2370.57104492188),(899.584350585938,-277.901885986328,0.81248950958252),(898.94873046875,-277.965026855469,2370.57055664062),(899.896850585938,-278.089385986328,0.624991893768311),(899.896850585938,-277.589385986328,0.12499838322401),(-15.2555255889893,-277.964080810547,2370.57055664062),(919.094970703125,-277.964996337891,2389.716796875),(918.594970703125,-277.964996337891,2390.216796875),(918.595092773438,309.342681884766,2390.21704101562),(-35.4017524719238,-277.962646484375,2389.716796875),(-35.3912544250488,-277.900939941406,0.812733590602875),(-35.401538848877,309.343627929688,2389.7177734375),(-35.391040802002,309.281768798828,0.813832223415375),(-15.2553176879883,309.343627929688,2370.57153320312),(-15.8912954330444,309.281768798828,0.813832223415375),(-16.2037925720215,309.469268798828,0.626334667205811),(-15.8915042877197,-277.900939941406,0.812733590602875),(-16.2040004730225,-278.088439941406,0.625236034393311),(-16.2037925720215,308.969268798828,0.12634114921093),(-35.0787582397461,-278.088439941406,0.625236034393311),(-35.0785446166992,308.969299316406,0.12634114921093),(-35.0785446166992,309.469299316406,0.626334667205811)));
#3067=IFCINDEXEDPOLYGONALFACE((7,6,8,16));
#3068=IFCINDEXEDPOLYGONALFACE((8,6,9,10));
#3069=IFCINDEXEDPOLYGONALFACE((9,11,12,10));
#3070=IFCINDEXEDPOLYGONALFACE((7,16,12,11));
#3071=IFCINDEXEDPOLYGONALFACE((12,17,19,15));
#3072=IFCINDEXEDPOLYGONALFACE((23,10,12,15));
#3073=IFCINDEXEDPOLYGONALFACE((17,18,21,19));
#3074=IFCINDEXEDPOLYGONALFACE((19,20,26,15));
#3075=IFCINDEXEDPOLYGONALFACE((20,19,21,22));
#3076=IFCINDEXEDPOLYGONALFACE((22,21,23,24));
#3077=IFCINDEXEDPOLYGONALFACE((10,23,21,18));
#3078=IFCINDEXEDPOLYGONALFACE((15,26,24,23));
#3079=IFCSTYLEDITEM(#3080,(#2980),$);
#3080=IFCPOLYGONALFACESET(#3081,$,(#3082,#3083,#3084,#3085,#3086,#3087,#3088,#3089,#3090,#3091,#3092,#3093,#3094,#3095,#3096,#3097,#3098,#3099,#3100,#3101,#3102,#3103),$);
#3081=IFCCARTESIANPOINTLIST3D(((888.686096191406,-298.185302734375,2359.87939453125),(72.1840667724609,-298.186706542969,2359.87890625),(888.686828613281,-298.184814453125,979.736145019531),(888.686096191406,-298.122833251953,2360.31689453125),(889.123596191406,-298.060302734375,2360.25439453125),(-4.53002548217773,-297.809875488281,2360.62890625),(-4.5316047668457,-297.811431884766,979.549682617188),(-4.72935819625854,-297.475982666016,2360.62890625),(-4.60055255889893,-297.430023193359,2360.81640625),(-4.51244115829468,-278.582611083984,2360.81640625),(889.123596191406,-297.560333251953,2360.75439453125),(889.123596191406,-278.810577392578,2360.75439453125),(889.436096191406,-279.,2360.56689453125),(889.436096191406,-278.498046875,2360.06689453125),(889.623657226562,-278.810638427734,2359.75439453125),(889.624877929688,-278.810028076172,10.6478462219238),(889.124938964844,-278.31005859375,10.147852897644),(889.124938964844,-278.810089111328,9.64785957336426),(-4.51114463806152,-278.581420898438,9.58487224578857),(889.124938964844,-297.559875488281,9.64785957336426),(-4.59928607940674,-297.429077148438,9.58487224578857),(889.124938964844,-298.059967041016,10.147852897644),(-3.70378589630127,-298.153167724609,10.0848655700684),(889.437438964844,-297.872497558594,10.3353509902954),(889.436096191406,-297.872833251953,2360.06689453125),(-3.70608067512512,-298.186401367188,10.5223598480225),(-4.22195863723755,-298.085601806641,10.0848655700684),(-4.19451093673706,-298.,9.77237033843994),(-4.52877378463745,-297.808929443359,9.77237033843994),(-4.53154516220093,-297.811645507812,786.243286132812),(-4.72806167602539,-297.474731445312,9.77237033843994),(-4.75650787353516,-297.436584472656,786.243286132812),(-4.53153038024902,-297.211547851562,786.618286132812),(-3.93147563934326,-297.811614990234,786.618286132812),(-4.60651254653931,-282.656066894531,786.693298339844),(69.8896331787109,-297.969024658203,786.918334960938),(-4.60667610168457,-282.055877685547,978.499694824219),(-4.23167324066162,-282.280975341797,978.274780273438),(-4.60667657852173,-282.655975341797,979.099670410156),(-4.23164415359497,-282.880950927734,978.874755859375),(-4.53162002563477,-297.211456298828,979.174682617188),(-4.7566123008728,-297.436431884766,979.549682617188),(-3.93159484863281,-297.811431884766,979.174682617188),(-3.55659222602844,-297.436431884766,978.94970703125),(69.8895568847656,-297.968963623047,978.874755859375),(21.5390472412109,-282.616485595703,978.799743652344),(70.4895401000977,-297.974700927734,978.274780273438),(-3.70667600631714,-282.281005859375,977.6748046875),(21.5455455780029,-282.280975341797,977.6748046875),(-3.7065269947052,-282.281036376953,788.118286132812),(21.5457534790039,-282.281127929688,788.118286132812),(23.3031673431396,-282.52783203125,787.593322753906),(23.8856678009033,-282.65576171875,788.118286132812),(23.8856086730957,-282.655700683594,977.6748046875),(70.,-297.811737060547,788.118408203125),(70.,-297.811553955078,977.6748046875),(69.915885925293,-297.810363769531,787.593322753906),(70.4895935058594,-297.974914550781,787.518310546875),(21.5426540374756,-282.430023193359,978.574829101562),(-4.23168897628784,-282.505981445312,978.649658203125),(-3.55650281906128,-297.436584472656,786.84326171875),(-3.70654249191284,-298.186645507812,785.71826171875),(22.7462501525879,-298.186340332031,10.5223598480225),(22.7458477020264,-298.186584472656,785.71826171875),(72.184455871582,-298.186248779297,10.522481918335),(72.0308380126953,-298.186492919922,786.018310546875),(888.687438964844,-298.184875488281,10.5228481292725),(888.68701171875,-298.184997558594,786.086242675781),(71.6558380126953,-298.186462402344,785.793395996094),(72.2558288574219,-298.186462402344,786.393371582031),(72.3308410644531,-298.186462402344,786.918334960938),(72.3307266235352,-298.186279296875,978.874755859375),(72.2557144165039,-298.186279296875,979.399719238281),(72.0307312011719,-298.186248779297,979.774780273438),(71.6557006835938,-298.186279296875,980.),(71.1307067871094,-298.186279296875,980.07470703125),(22.745698928833,-298.186340332031,980.07470703125),(-3.70663189888,-298.186401367188,980.07470703125),(22.7449684143066,-298.186798095703,2359.87890625),(-3.70740675926208,-298.186889648438,2359.87890625),(71.1308364868164,-298.186462402344,785.718383789062)));
#3082=IFCINDEXEDPOLYGONALFACE((36,61,34,33,32,30,29,28,27,23,26,62,64,81,69,66,70,71,72,73,74,75,76,77,78,80,79,2,1,4,6,7,42,41,43,44,45,47,48,49,51,50,52,53,54,56,55,57,58));
#3083=IFCINDEXEDPOLYGONALFACE((2,74,3,1));
#3084=IFCINDEXEDPOLYGONALFACE((5,4,1,3,68,67,65,63,26,23,22,24,25));
#3085=IFCINDEXEDPOLYGONALFACE((11,9,8,6,4,5));
#3086=IFCINDEXEDPOLYGONALFACE((37,39,41,42,7,6,8,9,10,19,21,31,29,30,32,33,35));
#3087=IFCINDEXEDPOLYGONALFACE((10,9,11,12));
#3088=IFCINDEXEDPOLYGONALFACE((20,18,17,16,15,14,13,12,11,5,25,24,22));
#3089=IFCINDEXEDPOLYGONALFACE((18,19,10,12,13,14,15,16,17));
#3090=IFCINDEXEDPOLYGONALFACE((18,20,21,19));
#3091=IFCINDEXEDPOLYGONALFACE((22,23,27,28,29,31,21,20));
#3092=IFCINDEXEDPOLYGONALFACE((35,33,34,61,36));
#3093=IFCINDEXEDPOLYGONALFACE((52,50,48,47,45,46,59,60,38,37,35,36,58,57,55,53));
#3094=IFCINDEXEDPOLYGONALFACE((60,40,39,37,38));
#3095=IFCINDEXEDPOLYGONALFACE((44,43,41,39,40,60,59,46,45));
#3096=IFCINDEXEDPOLYGONALFACE((51,49,48,50));
#3097=IFCINDEXEDPOLYGONALFACE((56,54,53,55));
#3098=IFCINDEXEDPOLYGONALFACE((62,26,63,64));
#3099=IFCINDEXEDPOLYGONALFACE((63,65,66,69,81,64));
#3100=IFCINDEXEDPOLYGONALFACE((68,66,65,67));
#3101=IFCINDEXEDPOLYGONALFACE((68,3,74,73,72,71,70,66));
#3102=IFCINDEXEDPOLYGONALFACE((2,79,77,76,75,74));
#3103=IFCINDEXEDPOLYGONALFACE((77,79,80,78));
#3104=IFCSTYLEDITEM(#3105,(#2980),'Poliform_Pivot_Door_System_01_Material #2143571465.002');
#3105=IFCPOLYGONALFACESET(#3106,.F.,(#3107,#3108,#3109,#3110,#3111,#3112,#3113,#3114,#3115,#3116,#3117,#3118,#3119,#3120,#3121,#3122,#3123,#3124,#3125,#3126,#3127,#3128,#3129,#3130,#3131,#3132,#3133,#3134,#3135,#3136,#3137,#3138,#3139,#3140,#3141,#3142,#3143,#3144,#3145,#3146,#3147,#3148,#3149,#3150,#3151,#3152,#3153,#3154,#3155,#3156,#3157,#3158,#3159,#3160,#3161,#3162,#3163,#3164,#3165,#3166,#3167,#3168),$);
#3106=IFCCARTESIANPOINTLIST3D(((-601.260192871094,-587.06298828125,2370.20947265625),(-601.260559082031,0.29947492480278,2369.91015625),(-601.2607421875,0.,0.),(-581.935607910156,0.299478113651276,2369.91015625),(-581.935241699219,-587.06298828125,2370.20947265625),(-601.260375976562,-587.062377929688,0.),(-581.935791015625,-587.062377929688,0.),(-581.936218261719,0.,0.),(-18.5642719268799,-587.284851074219,0.129810974001884),(-580.569580078125,-587.28564453125,0.129888266324997),(-580.3701171875,-0.104909315705299,-0.0699978694319725),(-18.7641944885254,0.296065032482147,0.129873484373093),(-18.5642719268799,-587.284851074219,11.651876449585),(-580.294982910156,0.220114797353745,0.),(-580.569580078125,-587.285583496094,11.6518955230713),(-18.7638854980469,-587.484741210938,11.651876449585),(-18.7641944885254,0.296065032482147,11.6519412994385),(-580.570007324219,0.0951238125562668,0.13001175224781),(-580.495056152344,0.0201113950461149,0.),(-580.570007324219,0.0952430218458176,11.6520185470581),(-580.3701171875,0.295127242803574,0.13001175224781),(-601.467224121094,-587.064208984375,2389.95288085938),(1.41162693500519,-587.061645507812,2389.95263671875),(1.11162662506104,0.30062809586525,2389.95288085938),(-601.167541503906,0.298193454742432,2370.62768554688),(-601.167541503906,0.298193454742432,2389.95288085938),(1.41162693500519,-587.061645507812,2370.62744140625),(1.11162662506104,0.30062809586525,2370.62744140625),(-600.866455078125,-587.064208984375,2370.32836914062),(-601.466552734375,-587.064208984375,2370.62768554688),(-601.166809082031,-587.3642578125,2370.62768554688),(1.26166164875031,-587.062866210938,2370.20947265625),(1.26112520694733,-587.062255859375,0.),(1.26081693172455,0.,0.),(-18.0638999938965,0.,0.),(-18.0636615753174,0.29964143037796,2369.91015625),(1.26135337352753,0.299644619226456,2369.91015625),(-18.0633544921875,-587.062866210938,2370.20947265625),(-18.0635929107666,-587.062255859375,0.),(0.221445441246033,-619.285766601562,11.6518592834473),(0.221445441246033,-619.285766601562,0.129840075969696),(0.421176850795746,-587.822631835938,0.129851534962654),(0.421176850795746,-587.822631835938,11.6518697738647),(-600.354553222656,-587.623596191406,0.130005553364754),(-600.554626464844,-619.086791992188,0.129995509982109),(-600.554626464844,-619.086791992188,11.6520004272461),(-600.354553222656,-587.623596191406,11.6520099639893),(-3.06095147132874,-638.650939941406,977.543640136719),(-3.02948021888733,-638.432189941406,979.481201171875),(-3.06095147132874,-638.650939941406,979.481201171875),(-3.15489196777344,-619.626098632812,979.637390136719),(-3.02948379516602,-619.751037597656,979.481201171875),(-3.06095504760742,-619.532287597656,979.481201171875),(-3.4047544002533,-619.376159667969,979.637390136719),(-3.06095504760742,-619.532287597656,977.543640136719),(-3.31081771850586,-619.282470703125,977.543640136719),(-3.31081771850586,-619.282470703125,979.481201171875),(-3.15489196777344,-619.626098632812,977.387390136719),(-3.4047544002533,-619.376159667969,977.387390136719),(-3.02948021888733,-638.432189941406,977.543640136719),(-3.15488839149475,-638.55712890625,977.387390136719),(-3.31081414222717,-638.400756835938,977.293762207031),(-3.56115674972534,-619.532287597656,977.293762207031),(-597.666748046875,-619.282287597656,977.54345703125),(-597.666748046875,-638.400634765625,977.293518066406),(-597.4169921875,-619.5322265625,977.293518066406),(-3.40475106239319,-638.807006835938,977.387390136719),(-3.31081414222717,-638.900756835938,977.543640136719),(-3.31081414222717,-638.900756835938,979.481201171875),(-3.15488839149475,-638.55712890625,979.637390136719),(-597.666748046875,-638.900756835938,979.481018066406),(-3.56115365028381,-638.650939941406,979.731140136719),(-597.4169921875,-638.650817871094,979.730895996094),(-3.31081771850586,-619.782287597656,979.731140136719),(-597.666748046875,-619.782104492188,979.730895996094),(-597.823303222656,-638.557006835938,979.63720703125),(-597.823303222656,-619.626037597656,979.63720703125),(-597.573303222656,-619.3759765625,979.63720703125),(-597.666748046875,-619.282287597656,979.481018066406),(-597.917236328125,-619.5322265625,979.481018066406),(-597.573303222656,-619.3759765625,977.38720703125),(-597.823303222656,-619.626037597656,977.38720703125),(-597.917236328125,-619.5322265625,977.54345703125),(-597.917236328125,-638.650756835938,977.54345703125),(-597.823303222656,-638.557006835938,977.38720703125),(-597.917236328125,-638.650817871094,979.481018066406),(-597.573303222656,-638.806823730469,977.38720703125),(-597.666748046875,-638.900756835938,977.54345703125),(-597.573303222656,-638.806823730469,979.63720703125),(-3.02948379516602,-619.751037597656,977.543640136719),(-3.40475106239319,-638.807006835938,979.637390136719),(-3.02948379516602,-619.751098632812,784.703369140625),(-3.02948379516602,-619.751098632812,786.640930175781),(-3.02948021888733,-638.432250976562,786.640930175781),(-3.15489196777344,-619.626220703125,786.797058105469),(-3.06095504760742,-619.532348632812,786.640930175781),(-3.31081771850586,-619.282470703125,786.640930175781),(-3.4047544002533,-619.376281738281,786.797058105469),(-3.06095504760742,-619.532348632812,784.703369140625),(-3.31081771850586,-619.282470703125,784.703369140625),(-3.15489196777344,-619.626220703125,784.547241210938),(-3.4047544002533,-619.376281738281,784.547241210938),(-3.02948021888733,-638.432250976562,784.703369140625),(-3.15488839149475,-638.557189941406,784.547241210938),(-3.31081414222717,-638.40087890625,784.453491210938),(-597.666748046875,-619.282348632812,784.703247070312),(-597.666748046875,-619.7822265625,784.453308105469),(-3.56115674972534,-619.532348632812,784.453491210938),(-3.40475106239319,-638.80712890625,784.547241210938),(-3.06095147132874,-638.651000976562,784.703369140625),(-3.31081414222717,-638.900817871094,784.703369140625),(-3.06095147132874,-638.651000976562,786.640930175781),(-3.15488839149475,-638.557189941406,786.797058105469),(-3.40475106239319,-638.80712890625,786.797058105469),(-3.31081414222717,-638.900817871094,786.640930175781),(-597.573303222656,-638.806945800781,786.796936035156),(-597.666748046875,-638.900756835938,786.640808105469),(-597.666748046875,-638.400695800781,786.890686035156),(-3.56115365028381,-638.651000976562,786.890808105469),(-3.31081771850586,-619.782348632812,786.890808105469),(-597.823303222656,-619.626098632812,786.796875),(-597.4169921875,-619.532287597656,786.890625),(-597.917236328125,-638.650817871094,786.640808105469),(-597.917236328125,-638.650817871094,784.703247070312),(-597.666748046875,-638.900756835938,784.703247070312),(-597.917236328125,-619.532287597656,786.640747070312),(-597.573303222656,-619.376098632812,786.796875),(-597.666748046875,-619.282348632812,786.640747070312),(-597.917236328125,-619.532287597656,784.703247070312),(-597.823303222656,-619.626098632812,784.546936035156),(-597.573303222656,-619.376098632812,784.546936035156),(-597.823303222656,-638.55712890625,784.546997070312),(-597.573303222656,-638.806945800781,784.546997070312),(-597.4169921875,-638.650817871094,784.453369140625),(-597.823303222656,-638.55712890625,786.796936035156),(-28.8783416748047,-649.23876953125,790.552612304688),(-28.6370620727539,-649.4794921875,790.277770996094),(-28.9808616638184,-649.548278808594,790.449584960938),(-28.6370620727539,-652.673217773438,790.277770996094),(-28.8783416748047,-652.913757324219,790.552612304688),(-28.9808616638184,-652.6044921875,790.449584960938),(-3.69562172889709,-639.250122070312,790.277770996094),(-8.91793918609619,-648.096252441406,790.208984375),(-7.48456954956055,-639.250122070312,790.277770996094),(-9.30608463287354,-647.696350097656,790.758850097656),(-8.61705493927002,-646.760803222656,790.758850097656),(-7.82836866378784,-639.302612304688,790.449584960938),(-7.72537231445312,-639.066162109375,790.552673339844),(-4.48621606826782,-651.8828125,790.208984375),(-3.18016076087952,-639.250122070312,790.79345703125),(-4.09187173843384,-652.277099609375,790.758850097656),(-28.6370620727539,-653.188720703125,790.79345703125),(-28.5688743591309,-653.017028808594,790.449584960938),(-4.09187173843384,-652.277099609375,973.51904296875),(-28.6370620727539,-653.188720703125,973.484680175781),(-3.18016076087952,-639.250122070312,973.484680175781),(-3.45481896400452,-639.066162109375,973.725341796875),(-3.35182213783264,-639.302612304688,973.828491210938),(-4.48621606826782,-651.8828125,974.069152832031),(-7.72537231445312,-639.066162109375,973.725341796875),(-7.82836866378784,-639.302612304688,973.828491210938),(-7.48456954956055,-639.250122070312,974.),(-8.91793918609619,-648.096252441406,974.069152832031),(-3.69562172889709,-639.250122070312,974.),(-28.5688743591309,-653.017028808594,973.828430175781),(-28.6370620727539,-652.673217773438,974.),(-28.8783416748047,-652.913757324219,973.725341796875),(-28.8783416748047,-649.23876953125,973.725341796875),(-28.9808616638184,-649.548278808594,973.828430175781),(-28.6370620727539,-649.4794921875,974.),(-8.61705493927002,-646.760803222656,973.51904296875),(-9.30608463287354,-647.696350097656,973.51904296875),(-28.9808616638184,-649.135803222656,973.415954589844),(-8.,-639.250122070312,790.79345703125),(-3.45481896400452,-639.066162109375,790.552673339844),(-28.9808616638184,-649.135803222656,790.862182617188),(-29.1529998779297,-649.4794921875,790.79345703125),(-29.1529998779297,-649.4794921875,973.484680175781),(-29.1529998779297,-652.673217773438,790.79345703125),(-29.1529998779297,-652.673217773438,973.484680175781),(-3.35182213783264,-639.302612304688,790.449584960938),(-28.9808616638184,-652.6044921875,973.828430175781),(-8.,-639.250122070312,973.484680175781),(-0.0957870855927467,20.3351764678955,2370.09716796875),(-0.0962043181061745,20.3351764678955,12.0690784454346),(-600.093017578125,20.3341464996338,12.0683469772339),(-0.0962019562721252,0.635486841201782,12.0690784454346),(-600.092956542969,0.634333968162537,12.0683469772339),(-600.392150878906,0.634214699268341,2369.7978515625),(-600.392272949219,20.3339080810547,2369.7978515625),(-0.0955463051795959,0.635486841201782,2370.09716796875),(-597.355102539062,-589.535827636719,2367.4921875),(-597.355102539062,-608.910461425781,2367.4921875),(-3.71613049507141,-609.04443359375,2367.55419921875),(-597.355163574219,-608.911437988281,14.6990509033203),(-3.71648812294006,-609.045349121094,14.636549949646),(-3.2606348991394,-589.854675292969,14.4489307403564),(-3.2606348991394,-589.853820800781,2367.7421875),(-597.355163574219,-589.536560058594,14.6989288330078),(-597.355163574219,-619.524353027344,2367.49194335938),(-597.355163574219,-638.898986816406,2367.49194335938),(-3.71624493598938,-639.033020019531,2367.55395507812),(-597.355163574219,-638.899963378906,980.076110839844),(-3.71648335456848,-639.033752441406,980.013549804688),(-3.26074981689453,-619.843078613281,979.826049804688),(-597.355163574219,-638.58740234375,979.888549804688),(-597.355163574219,-619.525024414062,980.076110839844),(-3.26074981689453,-619.842468261719,2367.74194335938),(-3.71660256385803,-639.033935546875,14.6320333480835),(-3.71648335456848,-639.033264160156,784.171447753906),(-597.355163574219,-638.899230957031,784.108825683594),(-597.355163574219,-619.837097167969,784.296325683594),(-3.26074981689453,-619.84326171875,14.4445371627808),(-597.355285644531,-619.525146484375,14.6945323944092),(-597.355285644531,-638.900085449219,14.6946544647217),(-3.26074981689453,-619.842590332031,784.359008789062),(-597.355163574219,-619.524597167969,784.108825683594),(-3.71648335456848,-639.033264160156,977.039916992188),(-3.71648335456848,-639.033874511719,787.1748046875),(-3.26074981689453,-619.843200683594,786.987243652344),(-597.355163574219,-638.899963378906,787.237243652344),(-597.355163574219,-619.837097167969,977.164916992188),(-597.355163574219,-638.899230957031,976.977478027344),(-597.355163574219,-619.525085449219,787.237243652344),(-3.26074981689453,-619.842590332031,977.2275390625),(-597.355163574219,-619.524597167969,976.977478027344),(-2.76686573028564,-618.969909667969,14.3615312576294),(-597.759643554688,-619.17041015625,14.3615312576294),(-597.95947265625,-609.437133789062,14.1615810394287),(-2.76686692237854,-609.436706542969,14.3615312576294),(-2.96642327308655,-609.435546875,2368.04541015625),(-2.96642208099365,-618.968566894531,2368.04541015625),(-597.959655761719,-618.969177246094,2368.04541015625),(-597.959655761719,-609.435974121094,2368.04541015625),(-597.618225097656,-619.282287597656,12.1723480224609),(-3.33274865150452,-639.156555175781,12.1724700927734),(-597.868225097656,-638.906860351562,12.1723480224609),(-597.868225097656,-638.906860351562,14.1098232269287),(-597.899597167969,-638.688110351562,12.1723480224609),(-3.08277034759521,-619.531860351562,12.1724700927734),(-597.618225097656,-619.282287597656,14.1098232269287),(-3.08277034759521,-619.531860351562,14.1099452972412),(-3.33274865150452,-639.156555175781,14.1099452972412),(-597.899597167969,-619.7509765625,12.1723480224609),(-597.868225097656,-619.5322265625,12.1723480224609),(-597.774597167969,-619.3759765625,12.1723480224609),(-597.899597167969,-638.688110351562,14.1098232269287),(-597.899597167969,-619.7509765625,14.1098232269287),(-597.868225097656,-619.5322265625,14.1098232269287),(-597.774597167969,-619.3759765625,14.1098232269287),(-3.08252835273743,-638.904907226562,2368.10327148438),(-3.05129551887512,-638.686157226562,2370.04125976562),(-3.08252835273743,-638.904907226562,2370.04125976562),(-3.08253192901611,-619.530029296875,2370.04125976562),(-597.8681640625,-619.530456542969,2370.04125976562),(-597.6181640625,-639.155212402344,2370.04125976562),(-3.08253192901611,-619.530029296875,2368.10327148438),(-597.6181640625,-639.1552734375,2368.10327148438),(-597.8681640625,-619.530456542969,2368.10327148438),(-3.05129551887512,-638.686157226562,2368.10327148438),(-3.05129909515381,-619.748779296875,2368.10327148438),(-3.05129909515381,-619.748779296875,2370.04125976562),(-597.6181640625,-609.130859375,2368.10375976562),(-597.774536132812,-609.037048339844,2368.10375976562),(-597.8681640625,-608.880920410156,2368.10375976562),(-597.8681640625,-608.880920410156,2370.04174804688),(-597.8681640625,-589.506042480469,2370.04174804688),(-597.6181640625,-609.130859375,2370.04174804688),(-597.774536132812,-609.037048339844,2370.04174804688),(-3.332515001297,-609.130126953125,2370.04174804688),(-3.08253622055054,-589.50537109375,2370.04174804688),(-3.332515001297,-609.130126953125,2368.10375976562),(-3.08253622055054,-589.50537109375,2368.10375976562),(-597.8681640625,-589.506042480469,2368.10375976562),(-598.219055175781,-609.133056640625,12.2421712875366),(-598.219055175781,-608.883056640625,12.),(-598.219055175781,-608.664306640625,11.9609270095825),(-600.156494140625,-608.664306640625,11.9609270095825),(-600.156494140625,-589.726928710938,11.9609270095825),(-600.156494140625,-609.133056640625,12.2421712875366),(-598.21923828125,-608.880920410156,2370.25317382812),(-598.21923828125,-589.256103515625,2370.),(-600.15673828125,-589.256103515625,2370.),(-600.15673828125,-608.880920410156,2370.25317382812),(-598.219055175781,-589.508178710938,12.),(-600.156494140625,-589.508178710938,12.),(-600.156494140625,-608.883056640625,12.),(-600.156494140625,-609.039245605469,12.0859231948853),(-598.219055175781,-609.039245605469,12.0859231948853),(-598.219055175781,-589.726928710938,11.9609270095825),(-598.21923828125,-619.374389648438,2370.15893554688),(-600.15673828125,-619.374389648438,2370.15893554688),(-600.15673828125,-619.280517578125,2370.),(-600.156494140625,-638.906860351562,12.),(-600.156494140625,-638.688110351562,11.9606809616089),(-600.156494140625,-619.5322265625,12.),(-598.21923828125,-619.280517578125,2370.),(-600.156494140625,-619.282287597656,12.2419271469116),(-598.219055175781,-619.282287597656,12.2419271469116),(-598.21923828125,-619.530517578125,2370.25268554688),(-600.156494140625,-619.3759765625,12.0856790542603),(-598.219055175781,-619.5322265625,12.),(-598.219055175781,-619.3759765625,12.0856790542603),(-598.219055175781,-638.906860351562,12.),(-600.15673828125,-638.905395507812,2370.25268554688),(-600.15673828125,-619.530517578125,2370.25268554688),(-598.21923828125,-619.749206542969,2370.28393554688),(-600.15673828125,-619.749206542969,2370.28393554688),(-598.21923828125,-638.686584472656,2370.28393554688),(-600.15673828125,-638.686645507812,2370.28393554688),(-598.21923828125,-638.905334472656,2370.25268554688),(-598.219055175781,-638.688110351562,11.9606809616089),(-0.780716598033905,-638.904907226562,2370.25268554688),(-2.71822476387024,-638.686157226562,2370.28393554688),(-2.71822476387024,-638.904907226562,2370.25268554688),(-2.71810555458069,-638.905822753906,11.9483518600464),(-2.71822834014893,-619.280151367188,2370.),(-2.71810913085938,-619.531188964844,11.9483518600464),(-0.780719816684723,-619.280151367188,2370.),(-0.780600547790527,-619.531188964844,11.9483518600464),(-0.780597329139709,-639.155822753906,12.1983509063721),(-2.71810555458069,-639.155822753906,12.1983509063721),(-2.71810555458069,-639.062255859375,12.0421009063721),(-0.780597329139709,-639.062255859375,12.0421009063721),(-0.780597388744354,-638.905822753906,11.9483518600464),(-0.780716598033905,-638.686157226562,2370.28393554688),(-0.780719757080078,-619.748779296875,2370.28393554688),(-2.71822834014893,-619.748779296875,2370.28393554688),(-2.71822834014893,-619.530029296875,2370.25268554688),(-0.780719757080078,-619.530029296875,2370.25268554688),(-2.71822834014893,-619.373962402344,2370.15893554688),(-0.780719816684723,-619.373962402344,2370.15893554688),(-0.780721485614777,-608.880004882812,2370.25317382812),(-0.780724704265594,-589.256530761719,12.1985950469971),(-0.780721485614777,-608.881408691406,11.9485960006714),(-2.71823263168335,-589.72412109375,2370.28442382812),(-0.780724704265594,-589.50537109375,2370.25317382812),(-0.780721485614777,-608.661254882812,2370.28442382812),(-0.780724704265594,-589.255432128906,2370.),(-2.71823263168335,-589.256591796875,12.1985950469971),(-2.71822953224182,-608.880004882812,2370.25317382812),(-2.71822953224182,-608.881408691406,11.9485960006714),(-0.780724704265594,-589.34912109375,2370.15942382812),(-2.71823263168335,-589.50537109375,2370.25317382812),(-2.71823263168335,-589.34912109375,2370.15942382812),(-2.71823263168335,-589.255432128906,2370.),(-597.868225097656,-589.508178710938,12.1725921630859),(-597.618225097656,-589.258239746094,14.1100692749023),(-597.618225097656,-589.25830078125,12.1725921630859),(-3.3327534198761,-609.132263183594,12.1727142333984),(-597.868225097656,-608.883056640625,12.1725921630859),(-3.3327534198761,-609.132263183594,14.1101903915405),(-597.868225097656,-608.883056640625,14.1100692749023),(-3.17647004127502,-609.03857421875,14.1101903915405),(-3.08277153968811,-608.882141113281,14.1101903915405),(-3.17647004127502,-609.03857421875,12.1727142333984),(-3.08277153968811,-608.882141113281,12.1727142333984),(-3.08277463912964,-589.507568359375,14.1101903915405),(-3.08277463912964,-589.507568359375,12.1727142333984)));
#3107=IFCINDEXEDPOLYGONALFACE((1,2,3));
#3108=IFCINDEXEDPOLYGONALFACE((3,2,4));
#3109=IFCINDEXEDPOLYGONALFACE((2,1,5));
#3110=IFCINDEXEDPOLYGONALFACE((1,6,7));
#3111=IFCINDEXEDPOLYGONALFACE((6,3,8));
#3112=IFCINDEXEDPOLYGONALFACE((5,7,8));
#3113=IFCINDEXEDPOLYGONALFACE((3,6,1));
#3114=IFCINDEXEDPOLYGONALFACE((4,8,3));
#3115=IFCINDEXEDPOLYGONALFACE((5,4,2));
#3116=IFCINDEXEDPOLYGONALFACE((7,5,1));
#3117=IFCINDEXEDPOLYGONALFACE((8,7,6));
#3118=IFCINDEXEDPOLYGONALFACE((8,4,5));
#3119=IFCINDEXEDPOLYGONALFACE((9,10,11));
#3120=IFCINDEXEDPOLYGONALFACE((12,13,9));
#3121=IFCINDEXEDPOLYGONALFACE((14,12,11));
#3122=IFCINDEXEDPOLYGONALFACE((15,16,17));
#3123=IFCINDEXEDPOLYGONALFACE((18,19,11));
#3124=IFCINDEXEDPOLYGONALFACE((16,9,13));
#3125=IFCINDEXEDPOLYGONALFACE((11,12,9));
#3126=IFCINDEXEDPOLYGONALFACE((17,13,12));
#3127=IFCINDEXEDPOLYGONALFACE((16,13,17));
#3128=IFCINDEXEDPOLYGONALFACE((17,12,14));
#3129=IFCINDEXEDPOLYGONALFACE((20,17,14));
#3130=IFCINDEXEDPOLYGONALFACE((21,20,14));
#3131=IFCINDEXEDPOLYGONALFACE((18,20,21));
#3132=IFCINDEXEDPOLYGONALFACE((19,14,11));
#3133=IFCINDEXEDPOLYGONALFACE((17,20,15));
#3134=IFCINDEXEDPOLYGONALFACE((14,19,18));
#3135=IFCINDEXEDPOLYGONALFACE((21,14,18));
#3136=IFCINDEXEDPOLYGONALFACE((20,18,11));
#3137=IFCINDEXEDPOLYGONALFACE((15,20,11));
#3138=IFCINDEXEDPOLYGONALFACE((10,15,11));
#3139=IFCINDEXEDPOLYGONALFACE((10,9,16));
#3140=IFCINDEXEDPOLYGONALFACE((15,10,16));
#3141=IFCINDEXEDPOLYGONALFACE((22,23,24));
#3142=IFCINDEXEDPOLYGONALFACE((25,26,24));
#3143=IFCINDEXEDPOLYGONALFACE((27,28,24));
#3144=IFCINDEXEDPOLYGONALFACE((28,27,29));
#3145=IFCINDEXEDPOLYGONALFACE((30,26,25));
#3146=IFCINDEXEDPOLYGONALFACE((31,22,30));
#3147=IFCINDEXEDPOLYGONALFACE((24,26,22));
#3148=IFCINDEXEDPOLYGONALFACE((24,28,25));
#3149=IFCINDEXEDPOLYGONALFACE((24,23,27));
#3150=IFCINDEXEDPOLYGONALFACE((29,25,28));
#3151=IFCINDEXEDPOLYGONALFACE((22,26,30));
#3152=IFCINDEXEDPOLYGONALFACE((29,30,25));
#3153=IFCINDEXEDPOLYGONALFACE((31,30,29));
#3154=IFCINDEXEDPOLYGONALFACE((29,22,31));
#3155=IFCINDEXEDPOLYGONALFACE((23,22,29));
#3156=IFCINDEXEDPOLYGONALFACE((27,23,29));
#3157=IFCINDEXEDPOLYGONALFACE((32,33,34));
#3158=IFCINDEXEDPOLYGONALFACE((35,34,33));
#3159=IFCINDEXEDPOLYGONALFACE((35,36,37));
#3160=IFCINDEXEDPOLYGONALFACE((38,36,35));
#3161=IFCINDEXEDPOLYGONALFACE((38,39,33));
#3162=IFCINDEXEDPOLYGONALFACE((36,38,32));
#3163=IFCINDEXEDPOLYGONALFACE((34,37,32));
#3164=IFCINDEXEDPOLYGONALFACE((33,39,35));
#3165=IFCINDEXEDPOLYGONALFACE((37,34,35));
#3166=IFCINDEXEDPOLYGONALFACE((35,39,38));
#3167=IFCINDEXEDPOLYGONALFACE((33,32,38));
#3168=IFCINDEXEDPOLYGONALFACE((32,37,36));
#3169=IFCSTYLEDITEM($,(#2980),'Poliform_Pivot_Door #2143571465');
#3170=IFCSTYLEDITEM(#3171,(#2980),'Poliform_Pivot_Door_System_01_Material #2143571465.001');
#3171=IFCPOLYGONALFACESET(#3172,.F.,(#3173,#3174,#3175,#3176,#3177,#3178,#3179,#3180,#3181,#3182,#3183,#3184,#3185,#3186,#3187,#3188,#3189,#3190,#3191,#3192,#3193,#3194,#3195,#3196,#3197,#3198,#3199,#3200,#3201,#3202,#3203,#3204,#3205,#3206,#3207,#3208,#3209,#3210,#3211,#3212,#3213,#3214,#3215,#3216,#3217,#3218,#3219,#3220,#3221,#3222,#3223,#3224,#3225,#3226,#3227,#3228,#3229,#3230,#3231,#3232,#3233,#3234),$);
#3172=IFCCARTESIANPOINTLIST3D(((-601.260314941406,-587.062927246094,2370.20971679688),(-601.260620117188,0.299546658992767,2369.91015625),(-601.260803222656,0.,0.),(-581.935668945312,0.299547493457794,2369.91015625),(-581.935363769531,-587.062927246094,2370.20971679688),(-601.260498046875,-587.062377929688,0.),(-581.935913085938,-587.062377929688,0.),(-581.936218261719,0.,0.),(3.15406703948975,-638.432434082031,786.641052246094),(3.15406608581543,-619.751342773438,784.703552246094),(3.15406703948975,-638.432434082031,784.703552246094),(3.68526339530945,-638.651123046875,786.890991210938),(3.43540000915527,-619.782592773438,786.890991210938),(3.18553733825684,-619.532592773438,786.641052246094),(3.27899742126465,-619.626342773438,786.797302246094),(3.52933692932129,-619.376403808594,786.797302246094),(3.43540000915527,-619.28271484375,786.641052246094),(3.43540000915527,-619.28271484375,784.703552246094),(3.18553733825684,-619.532592773438,784.703552246094),(3.52933692932129,-619.376403808594,784.54736328125),(3.27899742126465,-619.626342773438,784.54736328125),(3.43540000915527,-619.782592773438,784.453552246094),(597.54150390625,-619.531921386719,784.453491210938),(3.68526339530945,-638.651123046875,784.453552246094),(597.697875976562,-638.806640625,784.547241210938),(597.791320800781,-638.900390625,784.703430175781),(3.43540096282959,-638.901123046875,784.703552246094),(597.947814941406,-619.625732421875,784.547241210938),(598.07275390625,-619.750671386719,784.703430175781),(598.07275390625,-638.431701660156,784.703430175781),(597.947814941406,-638.556701660156,784.547241210938),(598.041748046875,-638.650451660156,784.703430175781),(597.791320800781,-638.900390625,786.640930175781),(598.07275390625,-619.750671386719,786.640930175781),(598.07275390625,-638.431701660156,786.640930175781),(598.041748046875,-619.531921386719,784.703430175781),(597.697875976562,-619.375671386719,784.547241210938),(597.791320800781,-619.281982421875,784.703430175781),(597.791320800781,-619.281982421875,786.640930175781),(598.041748046875,-619.531921386719,786.640930175781),(597.697875976562,-619.375671386719,786.797119140625),(597.947814941406,-619.625732421875,786.797119140625),(597.791320800781,-619.781860351562,786.890869140625),(597.54150390625,-638.650451660156,786.890869140625),(3.43540096282959,-638.901123046875,786.641052246094),(3.52933788299561,-638.807312011719,786.797302246094),(3.27899837493896,-638.557373046875,786.797302246094),(3.18553829193115,-638.651123046875,786.641052246094),(3.18553829193115,-638.651123046875,784.703552246094),(3.52933788299561,-638.807312011719,784.54736328125),(597.697875976562,-638.806640625,786.797119140625),(598.041748046875,-638.650451660156,786.640930175781),(3.15406608581543,-619.751342773438,786.641052246094),(3.27899837493896,-638.557373046875,784.54736328125),(597.791320800781,-638.400329589844,784.453491210938),(597.947814941406,-638.556701660156,786.797119140625),(3.15406703948975,-638.432434082031,979.481323242188),(3.15406608581543,-619.751342773438,977.543823242188),(3.15406703948975,-638.432434082031,977.543823242188),(3.27899742126465,-619.626342773438,979.637573242188),(3.43540096282959,-638.401184082031,979.731323242188),(3.68526268005371,-619.532592773438,979.731323242188),(3.18553733825684,-619.532592773438,979.481323242188),(3.52933692932129,-619.376403808594,979.637573242188),(3.18553733825684,-619.532592773438,977.543823242188),(3.43540000915527,-619.28271484375,979.481323242188),(3.52933692932129,-619.376403808594,977.387573242188),(3.27899742126465,-619.626342773438,977.387573242188),(597.791320800781,-619.281982421875,977.543701171875),(3.43540000915527,-619.28271484375,977.543823242188),(3.43540000915527,-619.782592773438,977.293884277344),(597.54150390625,-619.531921386719,977.293762207031),(597.791320800781,-638.400390625,977.293762207031),(597.697875976562,-638.806640625,977.387451171875),(3.52933788299561,-638.807312011719,977.387573242188),(3.68526339530945,-638.651123046875,977.293884277344),(598.07275390625,-638.431762695312,977.543701171875),(597.947814941406,-638.556701660156,977.387451171875),(598.041748046875,-638.650512695312,977.543701171875),(597.791320800781,-638.900451660156,977.543701171875),(598.041748046875,-638.650512695312,979.481201171875),(597.791320800781,-638.900451660156,979.481201171875),(598.07275390625,-619.750671386719,979.481201171875),(598.07275390625,-619.750671386719,977.543701171875),(598.041748046875,-619.531921386719,977.543701171875),(597.947814941406,-619.625732421875,977.387451171875),(597.697875976562,-619.375671386719,977.387451171875),(598.041748046875,-619.531921386719,979.481201171875),(597.697875976562,-619.375671386719,979.637451171875),(597.947814941406,-619.625732421875,979.637451171875),(597.791320800781,-619.281982421875,979.481201171875),(597.54150390625,-619.531921386719,979.731201171875),(597.791320800781,-638.400390625,979.731201171875),(3.43540096282959,-638.901123046875,979.481323242188),(597.697875976562,-638.806640625,979.637451171875),(3.18553829193115,-638.651123046875,979.481323242188),(3.18553829193115,-638.651123046875,977.543823242188),(3.43540096282959,-638.901123046875,977.543823242188),(3.52933788299561,-638.807312011719,979.637573242188),(3.27899837493896,-638.557373046875,979.637573242188),(3.15406608581543,-619.751342773438,979.481323242188),(3.27899837493896,-638.557373046875,977.387573242188),(598.07275390625,-638.431762695312,979.481201171875),(597.947814941406,-638.556701660156,979.637451171875),(28.7621269226074,-649.479919433594,790.277954101562),(9.43067455291748,-647.696716308594,790.75927734375),(29.1059265136719,-649.136169433594,790.862426757812),(29.,-649.239196777344,790.552978515625),(29.2780647277832,-649.479919433594,790.793640136719),(9.04205226898193,-648.096618652344,790.209228515625),(28.7621269226074,-652.673645019531,790.277954101562),(4.61032772064209,-651.883178710938,790.209228515625),(8.74164485931396,-646.761169433594,790.75927734375),(7.60915613174438,-639.250610351562,790.278076171875),(7.952956199646,-639.303100585938,790.450012207031),(3.57940554618835,-639.066711425781,790.553039550781),(3.82020831108093,-639.250610351562,790.278076171875),(3.47640895843506,-639.303100585938,790.450012207031),(28.7621269226074,-653.189208984375,790.793640136719),(4.21598339080811,-652.277465820312,790.75927734375),(28.7621269226074,-653.189208984375,973.485046386719),(4.21598339080811,-652.277526855469,973.519409179688),(3.30474758148193,-639.250732421875,973.485046386719),(3.30474758148193,-639.250610351562,790.793701171875),(4.61032772064209,-651.88330078125,974.069396972656),(3.82020831108093,-639.250732421875,974.),(3.57940554618835,-639.066711425781,973.725646972656),(3.47640895843506,-639.303161621094,973.828796386719),(9.04205226898193,-648.0966796875,974.069396972656),(28.7621269226074,-652.673706054688,974.),(28.7621269226074,-649.479919433594,974.),(29.1059265136719,-649.548706054688,973.828796386719),(29.1059265136719,-649.13623046875,973.416259765625),(9.43067455291748,-647.69677734375,973.519409179688),(8.74164485931396,-646.76123046875,973.519409179688),(7.952956199646,-639.303161621094,973.828796386719),(7.60915613174438,-639.250732421875,974.),(8.12509441375732,-639.250732421875,973.485046386719),(7.84995937347412,-639.066711425781,973.725646972656),(8.12509441375732,-639.250610351562,790.793701171875),(7.84995937347412,-639.066711425781,790.553039550781),(29.2780647277832,-649.479919433594,973.485046386719),(29.2780647277832,-652.673706054688,973.485046386719),(29.2780647277832,-652.673645019531,790.793640136719),(29.1059265136719,-652.60498046875,973.828796386719),(29.,-652.914245605469,973.725646972656),(29.1059265136719,-649.548645019531,790.449951171875),(29.1059265136719,-652.604919433594,790.449951171875),(29.,-652.914184570312,790.552978515625),(28.692985534668,-653.017333984375,790.449951171875),(28.692985534668,-653.017395019531,973.828796386719),(29.,-649.239318847656,973.725646972656),(599.904235839844,20.3351306915283,2370.09716796875),(599.90380859375,20.3351306915283,12.0690793991089),(-600.093078613281,20.3342170715332,12.0683469772339),(599.90380859375,0.635441541671753,12.0690793991089),(-600.093017578125,0.634405493736267,12.0683469772339),(-600.392150878906,0.634286284446716,2369.7978515625),(-600.392272949219,20.3339786529541,2369.7978515625),(599.904418945312,0.635441541671753,2370.09716796875),(581.435668945312,-587.284912109375,0.129810988903046),(-580.569702148438,-587.28564453125,0.129888266324997),(-580.3701171875,-0.104840129613876,-0.0699978694319725),(581.235778808594,0.296022027730942,0.129873484373093),(581.435668945312,-587.284912109375,11.6518774032593),(-580.295043945312,0.220183968544006,0.),(-580.569702148438,-587.285583496094,11.6518955230713),(581.236022949219,-587.48486328125,11.6518774032593),(581.235778808594,0.296022027730942,11.6519412994385),(-580.570068359375,0.0951930284500122,0.13001175224781),(-580.495056152344,0.0201805960386992,0.),(-580.570068359375,0.095312237739563,11.6520185470581),(-580.3701171875,0.295196413993835,0.13001175224781),(-601.46728515625,-587.064208984375,2389.95288085938),(601.411560058594,-587.061767578125,2389.95263671875),(601.111633300781,0.300582647323608,2389.95288085938),(-601.167541503906,0.298265159130096,2370.6279296875),(-601.167541503906,0.298265159130096,2389.95288085938),(601.411560058594,-587.061767578125,2370.62768554688),(601.111633300781,0.300582647323608,2370.62768554688),(-600.866577148438,-587.064208984375,2370.32836914062),(-601.466674804688,-587.064208984375,2370.6279296875),(-601.166931152344,-587.3642578125,2370.6279296875),(600.221374511719,-619.285888671875,11.6518592834473),(600.221374511719,-619.285888671875,0.129840075969696),(600.421081542969,-587.82275390625,0.129851534962654),(600.421081542969,-587.82275390625,11.6518697738647),(-600.354553222656,-587.62353515625,0.130005553364754),(-600.5546875,-619.086730957031,0.12999552488327),(-600.5546875,-619.086730957031,11.6520013809204),(-600.354553222656,-587.62353515625,11.6520109176636),(-3.06102776527405,-638.650939941406,977.543701171875),(-3.02955651283264,-638.432189941406,979.481201171875),(-3.06102776527405,-638.650939941406,979.481201171875),(-3.15496563911438,-619.626098632812,979.637451171875),(-3.02955746650696,-619.751098632812,979.481201171875),(-3.06102871894836,-619.532348632812,979.481201171875),(-3.40482831001282,-619.376159667969,979.637451171875),(-3.06102871894836,-619.532348632812,977.543701171875),(-3.3108913898468,-619.282470703125,977.543701171875),(-3.3108913898468,-619.282470703125,979.481201171875),(-3.15496563911438,-619.626098632812,977.387451171875),(-3.40482831001282,-619.376159667969,977.387451171875),(-3.02955651283264,-638.432189941406,977.543701171875),(-3.15496468544006,-638.55712890625,977.387451171875),(-3.31089043617249,-638.400817871094,977.293762207031),(-3.56123089790344,-619.532348632812,977.293762207031),(-597.666870117188,-619.2822265625,977.543518066406),(-597.666870117188,-638.400634765625,977.293579101562),(-597.417053222656,-619.532165527344,977.293579101562),(-3.4048273563385,-638.807067871094,977.387451171875),(-3.31089043617249,-638.900817871094,977.543701171875),(-3.31089043617249,-638.900817871094,979.481201171875),(-3.15496468544006,-638.55712890625,979.637451171875),(-597.666870117188,-638.900695800781,979.481018066406),(-3.56122994422913,-638.650939941406,979.731201171875),(-597.417053222656,-638.650756835938,979.73095703125),(-3.3108913898468,-619.782348632812,979.731201171875),(-597.666870117188,-619.782104492188,979.73095703125),(-597.823364257812,-638.556945800781,979.637268066406),(-597.823364257812,-619.6259765625,979.637268066406),(-597.573425292969,-619.375915527344,979.637268066406),(-597.666870117188,-619.2822265625,979.481018066406),(-597.917297363281,-619.532165527344,979.481018066406),(-597.573425292969,-619.375915527344,977.387268066406),(-597.823364257812,-619.6259765625,977.387268066406),(-597.917297363281,-619.532165527344,977.543518066406),(-597.917297363281,-638.650695800781,977.543518066406),(-597.823364257812,-638.556945800781,977.387268066406),(-597.917297363281,-638.650756835938,979.481018066406),(-597.573425292969,-638.806823730469,977.387268066406),(-597.666870117188,-638.900695800781,977.543518066406),(-597.573425292969,-638.806823730469,979.637268066406),(-3.02955746650696,-619.751098632812,977.543701171875),(-3.4048273563385,-638.807067871094,979.637451171875),(-3.02955746650696,-619.751159667969,784.703430175781),(-3.02955746650696,-619.751159667969,786.640930175781),(-3.02955651283264,-638.432250976562,786.640930175781),(-3.15496563911438,-619.626220703125,786.797119140625),(-3.06102871894836,-619.532409667969,786.640930175781),(-3.3108913898468,-619.282470703125,786.640930175781),(-3.40482831001282,-619.376281738281,786.797119140625),(-3.06102871894836,-619.532409667969,784.703430175781),(-3.3108913898468,-619.282470703125,784.703430175781),(-3.15496563911438,-619.626220703125,784.547241210938),(-3.40482831001282,-619.376281738281,784.547241210938),(-3.02955651283264,-638.432250976562,784.703430175781),(-3.15496468544006,-638.557189941406,784.547241210938),(-3.31089043617249,-638.400939941406,784.453491210938),(-597.666870117188,-619.282287597656,784.703247070312),(-597.666870117188,-619.7822265625,784.453308105469),(-3.56123089790344,-619.532409667969,784.453491210938),(-3.4048273563385,-638.807189941406,784.547241210938),(-3.06102776527405,-638.651000976562,784.703430175781),(-3.31089043617249,-638.90087890625,784.703430175781),(-3.06102776527405,-638.651000976562,786.640930175781),(-3.15496468544006,-638.557189941406,786.797119140625),(-3.4048273563385,-638.807189941406,786.797119140625),(-3.31089043617249,-638.90087890625,786.640930175781),(-597.573425292969,-638.806945800781,786.796997070312),(-597.666870117188,-638.900695800781,786.640808105469),(-597.666870117188,-638.400695800781,786.890747070312),(-3.56122994422913,-638.651000976562,786.890869140625),(-3.3108913898468,-619.782409667969,786.890869140625),(-597.823364257812,-619.626037597656,786.796936035156),(-597.417053222656,-619.5322265625,786.890686035156),(-597.917297363281,-638.650756835938,786.640808105469),(-597.917297363281,-638.650756835938,784.703308105469),(-597.666870117188,-638.900695800781,784.703308105469),(-597.917297363281,-619.5322265625,786.640747070312),(-597.573425292969,-619.376037597656,786.796936035156),(-597.666870117188,-619.282287597656,786.640747070312),(-597.917297363281,-619.5322265625,784.703247070312),(-597.823364257812,-619.626037597656,784.546997070312),(-597.573425292969,-619.376037597656,784.546997070312),(-597.823364257812,-638.557067871094,784.547058105469),(-597.573425292969,-638.806945800781,784.547058105469),(-597.417053222656,-638.650756835938,784.453369140625),(-597.823364257812,-638.557067871094,786.796997070312),(-28.8784198760986,-649.238830566406,790.552673339844),(-28.6371402740479,-649.4794921875,790.277770996094),(-28.9809398651123,-649.548278808594,790.449645996094),(-28.6371402740479,-652.673217773438,790.277770996094),(-28.8784198760986,-652.913818359375,790.552673339844),(-28.9809398651123,-652.6044921875,790.449645996094),(-3.69569802284241,-639.250183105469,790.277770996094),(-8.91801738739014,-648.096252441406,790.208984375),(-7.48464584350586,-639.250183105469,790.277770996094),(-9.30616283416748,-647.696350097656,790.758911132812),(-8.61713314056396,-646.760803222656,790.758911132812),(-7.82844495773315,-639.302673339844,790.449645996094),(-7.72544860839844,-639.066223144531,790.552734375),(-4.48629379272461,-651.8828125,790.208984375),(-3.18023705482483,-639.250183105469,790.79345703125),(-4.09194946289062,-652.277099609375,790.758911132812),(-28.6371402740479,-653.188781738281,790.79345703125),(-28.5689525604248,-653.017028808594,790.449645996094),(-4.09194946289062,-652.277099609375,973.519104003906),(-28.6371402740479,-653.188781738281,973.484741210938),(-3.18023705482483,-639.250183105469,973.484741210938),(-3.45489525794983,-639.066223144531,973.725402832031),(-3.35189843177795,-639.302673339844,973.828552246094),(-4.48629379272461,-651.8828125,974.069152832031),(-7.72544860839844,-639.066223144531,973.725402832031),(-7.82844495773315,-639.302673339844,973.828552246094),(-7.48464584350586,-639.250183105469,974.),(-8.91801738739014,-648.096252441406,974.069152832031),(-3.69569802284241,-639.250183105469,974.),(-28.5689525604248,-653.017028808594,973.828491210938),(-28.6371402740479,-652.673217773438,974.),(-28.8784198760986,-652.913818359375,973.725402832031),(-28.8784198760986,-649.238830566406,973.725402832031),(-28.9809398651123,-649.548278808594,973.828491210938),(-28.6371402740479,-649.4794921875,974.),(-8.61713314056396,-646.760803222656,973.519104003906),(-9.30616283416748,-647.696350097656,973.519104003906),(-28.9809398651123,-649.135803222656,973.416015625),(-8.,-639.250183105469,790.79345703125),(-3.45489525794983,-639.066223144531,790.552734375),(-28.9809398651123,-649.135803222656,790.862182617188),(-29.1530780792236,-649.4794921875,790.79345703125),(-29.1530780792236,-649.4794921875,973.484741210938),(-29.1530780792236,-652.673217773438,790.79345703125),(-29.1530780792236,-652.673217773438,973.484741210938),(-3.35189843177795,-639.302673339844,790.449645996094),(-28.9809398651123,-652.6044921875,973.828491210938),(-8.,-639.250183105469,973.484741210938),(601.261596679688,-587.062927246094,2370.20971679688),(601.261047363281,-587.062377929688,0.),(601.260803222656,0.,0.),(581.936096191406,0.,0.),(581.936340332031,0.299598336219788,2369.91015625),(601.261352539062,0.299599170684814,2369.91015625),(581.936584472656,-587.062927246094,2370.20971679688),(581.936340332031,-587.062377929688,0.),(-597.355163574219,-589.535766601562,2367.4921875),(-597.355163574219,-608.910461425781,2367.4921875),(-3.71620345115662,-609.044494628906,2367.55444335938),(-597.355224609375,-608.911376953125,14.6990509033203),(-3.71656107902527,-609.04541015625,14.6365509033203),(-3.26070547103882,-589.854736328125,14.4489316940308),(-3.26070547103882,-589.853820800781,2367.7421875),(-597.355224609375,-589.536560058594,14.6989288330078),(-597.355224609375,-619.524291992188,2367.49194335938),(-597.355224609375,-638.898986816406,2367.49194335938),(-3.71632122993469,-639.033081054688,2367.55419921875),(-597.355224609375,-638.89990234375,980.076110839844),(-3.71655964851379,-639.033813476562,980.013610839844),(-3.26082348823547,-619.843139648438,979.826110839844),(-597.355224609375,-638.587341308594,979.888610839844),(-597.355224609375,-619.525024414062,980.076110839844),(-3.26082348823547,-619.842468261719,2367.74194335938),(-3.71667885780334,-639.033996582031,14.6320343017578),(-3.71655964851379,-639.033325195312,784.171447753906),(-597.355224609375,-638.899230957031,784.10888671875),(-597.355224609375,-619.837036132812,784.29638671875),(-3.26082348823547,-619.843322753906,14.4445371627808),(-597.355346679688,-619.525146484375,14.6945333480835),(-597.355346679688,-638.900024414062,14.694655418396),(-3.26082348823547,-619.842651367188,784.359008789062),(-597.355224609375,-619.524536132812,784.10888671875),(-3.71655964851379,-639.033325195312,977.039978027344),(-3.71655964851379,-639.033935546875,787.1748046875),(-3.26082348823547,-619.84326171875,786.9873046875),(-597.355224609375,-638.89990234375,787.2373046875),(-597.355224609375,-619.837036132812,977.164978027344),(-597.355224609375,-638.899230957031,976.9775390625),(-597.355224609375,-619.525085449219,787.2373046875),(-3.26082348823547,-619.842651367188,977.2275390625),(-597.355224609375,-619.524536132812,976.9775390625),(597.479248046875,-589.535034179688,2367.4921875),(3.38497352600098,-589.853942871094,2367.7421875),(3.84059190750122,-609.044555664062,2367.55444335938),(597.47900390625,-608.910339355469,14.6989288330078),(597.479248046875,-608.909729003906,2367.4921875),(3.38461589813232,-589.8544921875,14.4489316940308),(597.47900390625,-589.53564453125,14.6989288330078),(3.84059190750122,-609.045166015625,14.6365509033203),(597.47900390625,-619.523620605469,2367.49194335938),(3.38485527038574,-619.842529296875,2367.74194335938),(3.84047389030457,-639.033142089844,2367.55419921875),(597.478759765625,-638.898864746094,980.076110839844),(597.47900390625,-638.898254394531,2367.49194335938),(3.38461685180664,-619.843017578125,979.826110839844),(597.478759765625,-619.524230957031,980.076110839844),(3.84047389030457,-639.03369140625,980.013610839844),(597.478759765625,-619.523620605469,784.108825683594),(3.38461685180664,-619.842529296875,784.359008789062),(3.84047389030457,-639.033203125,784.171447753906),(597.478759765625,-638.898315429688,784.108825683594),(3.84047389030457,-639.033813476562,14.6320343017578),(3.38461685180664,-619.843139648438,14.4445371627808),(597.478759765625,-619.524230957031,14.6945333480835),(597.478759765625,-619.836730957031,14.5070371627808),(597.478759765625,-638.89892578125,14.6945333480835),(597.478759765625,-638.89892578125,787.237243652344),(597.478759765625,-638.585815429688,977.164978027344),(597.478759765625,-638.898315429688,976.9775390625),(597.478759765625,-619.523620605469,976.9775390625),(3.38461685180664,-619.842529296875,977.2275390625),(3.84047389030457,-639.033203125,977.039978027344),(3.38461685180664,-619.843078613281,786.9873046875),(597.478759765625,-619.524230957031,787.237243652344),(3.84047389030457,-639.033752441406,787.1748046875),(-2.76693940162659,-618.969909667969,14.3615312576294),(-597.759704589844,-619.170349121094,14.3615312576294),(-597.959594726562,-609.437133789062,14.161581993103),(-2.76693987846375,-609.436767578125,14.3615312576294),(-2.96649622917175,-609.435546875,2368.04565429688),(-2.96649575233459,-618.968627929688,2368.04565429688),(-597.959777832031,-618.969116210938,2368.04565429688),(-597.959777832031,-609.435913085938,2368.04565429688),(-597.618347167969,-619.2822265625,12.1723489761353),(-3.33282494544983,-639.156555175781,12.1724710464478),(-597.868347167969,-638.906860351562,12.1723489761353),(-597.868347167969,-638.906860351562,14.109824180603),(-597.899658203125,-638.688110351562,12.1723489761353),(-3.08284401893616,-619.531860351562,12.1724710464478),(-597.618347167969,-619.2822265625,14.109824180603),(-3.08284401893616,-619.531860351562,14.1099462509155),(-3.33282494544983,-639.156555175781,14.1099462509155),(-597.899658203125,-619.750915527344,12.1723489761353),(-597.868347167969,-619.532165527344,12.1723489761353),(-597.774658203125,-619.375915527344,12.1723489761353),(-597.899658203125,-638.688110351562,14.109824180603),(-597.899658203125,-619.750915527344,14.109824180603),(-597.868347167969,-619.532165527344,14.109824180603),(-597.774658203125,-619.375915527344,14.109824180603),(-3.08260464668274,-638.904907226562,2368.103515625),(-3.05137181282043,-638.686157226562,2370.04125976562),(-3.08260464668274,-638.904907226562,2370.04125976562),(-3.08260560035706,-619.530090332031,2370.04125976562),(-597.868286132812,-619.530456542969,2370.04125976562),(-597.618286132812,-639.155212402344,2370.04125976562),(-3.08260560035706,-619.530090332031,2368.103515625),(-597.618286132812,-639.1552734375,2368.103515625),(-597.868286132812,-619.530456542969,2368.103515625),(-3.05137181282043,-638.686157226562,2368.103515625),(-3.05137276649475,-619.748840332031,2368.103515625),(-3.05137276649475,-619.748840332031,2370.04125976562),(-597.618286132812,-609.130798339844,2368.10400390625),(-597.774597167969,-609.037048339844,2368.10400390625),(-597.868286132812,-608.880859375,2368.10400390625),(-597.868286132812,-608.880859375,2370.04174804688),(-597.868286132812,-589.506042480469,2370.04174804688),(-597.618286132812,-609.130798339844,2370.04174804688),(-597.774597167969,-609.037048339844,2370.04174804688),(-3.3325879573822,-609.130126953125,2370.04174804688),(-3.08260679244995,-589.50537109375,2370.04174804688),(-3.3325879573822,-609.130126953125,2368.10400390625),(-3.08260679244995,-589.50537109375,2368.10400390625),(-597.868286132812,-589.506042480469,2368.10400390625),(-598.219177246094,-609.132995605469,12.2421722412109),(-598.219177246094,-608.882995605469,12.),(-598.219177246094,-608.664245605469,11.9609270095825),(-600.156616210938,-608.664245605469,11.9609270095825),(-600.156616210938,-589.726928710938,11.9609270095825),(-600.156616210938,-609.132995605469,12.2421722412109),(-598.219360351562,-608.880859375,2370.25341796875),(-598.219360351562,-589.256042480469,2370.),(-600.156860351562,-589.256042480469,2370.),(-600.156860351562,-608.880859375,2370.25341796875),(-598.219177246094,-589.508178710938,12.),(-600.156616210938,-589.508178710938,12.),(-600.156616210938,-608.882995605469,12.),(-600.156616210938,-609.039184570312,12.0859241485596),(-598.219177246094,-609.039184570312,12.0859241485596),(-598.219177246094,-589.726928710938,11.9609270095825),(-598.219360351562,-619.374328613281,2370.1591796875),(-600.156860351562,-619.374328613281,2370.1591796875),(-600.156860351562,-619.280517578125,2370.),(-600.156616210938,-638.906860351562,12.),(-600.156616210938,-638.688110351562,11.9606819152832),(-600.156616210938,-619.532165527344,12.),(-598.219360351562,-619.280517578125,2370.),(-600.156616210938,-619.2822265625,12.2419281005859),(-598.219177246094,-619.2822265625,12.2419281005859),(-598.219360351562,-619.530517578125,2370.2529296875),(-600.156616210938,-619.375915527344,12.0856800079346),(-598.219177246094,-619.532165527344,12.),(-598.219177246094,-619.375915527344,12.0856800079346),(-598.219177246094,-638.906860351562,12.),(-600.156860351562,-638.905334472656,2370.2529296875),(-600.156860351562,-619.530517578125,2370.2529296875),(-598.219360351562,-619.749206542969,2370.2841796875),(-600.156860351562,-619.749206542969,2370.2841796875),(-598.219360351562,-638.6865234375,2370.2841796875),(-600.156860351562,-638.686584472656,2370.2841796875),(-598.219360351562,-638.9052734375,2370.2529296875),(-598.219177246094,-638.688110351562,11.9606819152832),(-0.780792832374573,-638.904907226562,2370.2529296875),(-2.71830105781555,-638.686157226562,2370.2841796875),(-2.71830105781555,-638.904907226562,2370.2529296875),(-2.718181848526,-638.905883789062,11.9483528137207),(-2.71830201148987,-619.280151367188,2370.),(-2.71818280220032,-619.531188964844,11.9483528137207),(-0.7807936668396,-619.280151367188,2370.),(-0.780674457550049,-619.531188964844,11.9483528137207),(-0.780673623085022,-639.155883789062,12.1983509063721),(-2.718181848526,-639.155883789062,12.1983509063721),(-2.718181848526,-639.062255859375,12.0421018600464),(-0.780673623085022,-639.062255859375,12.0421018600464),(-0.780673623085022,-638.905883789062,11.9483528137207),(-0.780792832374573,-638.686157226562,2370.2841796875),(-0.7807936668396,-619.748840332031,2370.2841796875),(-2.71830201148987,-619.748840332031,2370.2841796875),(-2.71830201148987,-619.530090332031,2370.2529296875),(-0.7807936668396,-619.530090332031,2370.2529296875),(-2.71830201148987,-619.373962402344,2370.1591796875),(-0.7807936668396,-619.373962402344,2370.1591796875),(-0.780794143676758,-608.880065917969,2370.25341796875),(-0.780795037746429,-589.256591796875,12.1985950469971),(-0.780794143676758,-608.881408691406,11.9485969543457),(-2.71830320358276,-589.72412109375,2370.28466796875),(-0.780795037746429,-589.50537109375,2370.25341796875),(-0.780794143676758,-608.661315917969,2370.28466796875),(-0.780795037746429,-589.255432128906,2370.),(-2.71830320358276,-589.256652832031,12.1985950469971),(-2.71830248832703,-608.880065917969,2370.25341796875),(-2.71830248832703,-608.881408691406,11.9485969543457),(-0.780795037746429,-589.34912109375,2370.15966796875),(-2.71830320358276,-589.50537109375,2370.25341796875),(-2.71830320358276,-589.34912109375,2370.15966796875),(-2.71830320358276,-589.255432128906,2370.),(-597.868347167969,-589.508178710938,12.1725931167603),(-597.618347167969,-589.258178710938,14.1100692749023),(-597.618347167969,-589.258239746094,12.1725931167603),(-3.3328263759613,-609.132263183594,12.1727151870728),(-597.868347167969,-608.882995605469,12.1725931167603),(-3.3328263759613,-609.132263183594,14.1101903915405),(-597.868347167969,-608.882995605469,14.1100692749023),(-3.17654299736023,-609.03857421875,14.1101903915405),(-3.08284449577332,-608.882202148438,14.1101903915405),(-3.17654299736023,-609.03857421875,12.1727151870728),(-3.08284449577332,-608.882202148438,12.1727151870728),(-3.08284521102905,-589.507568359375,14.1101903915405),(-3.08284521102905,-589.507568359375,12.1727151870728),(598.540954589844,-618.969909667969,14.3615312576294),(3.54841041564941,-619.170349121094,14.3615312576294),(3.34837675094604,-609.437133789062,14.161581993103),(598.540954589844,-609.436767578125,14.3615312576294),(598.341674804688,-609.435546875,2368.04565429688),(598.341674804688,-618.968627929688,2368.04565429688),(3.34825801849365,-618.969116210938,2368.04565429688),(3.34825754165649,-609.435913085938,2368.04565429688),(3.68967342376709,-619.2822265625,12.1723489761353),(597.975158691406,-639.156555175781,12.1724710464478),(3.43969249725342,-638.906860351562,12.1723489761353),(3.43969249725342,-638.906860351562,14.109824180603),(3.40845966339111,-638.688110351562,12.1723489761353),(598.225341796875,-619.531860351562,12.1724710464478),(3.68967342376709,-619.2822265625,14.109824180603),(598.225341796875,-619.531860351562,14.1099462509155),(597.975158691406,-639.156555175781,14.1099462509155),(3.4084587097168,-619.750915527344,12.1723489761353),(3.4396915435791,-619.532165527344,12.1723489761353),(3.53339004516602,-619.375915527344,12.1723489761353),(3.40845966339111,-638.688110351562,14.109824180603),(3.4084587097168,-619.750915527344,14.109824180603),(3.4396915435791,-619.532165527344,14.109824180603),(3.53339004516602,-619.375915527344,14.109824180603),(598.225341796875,-638.904907226562,2368.103515625),(598.256713867188,-638.686157226562,2370.04125976562),(598.225341796875,-638.904907226562,2370.04125976562),(598.225341796875,-619.530090332031,2370.04125976562),(3.4396915435791,-619.530456542969,2370.04125976562),(3.68979334831238,-639.155212402344,2370.04125976562),(598.225341796875,-619.530090332031,2368.103515625),(3.68979334831238,-639.1552734375,2368.103515625),(3.4396915435791,-619.530456542969,2368.103515625),(598.256713867188,-638.686157226562,2368.103515625),(598.256713867188,-619.748840332031,2370.04125976562),(598.256713867188,-619.748840332031,2368.103515625),(3.68979215621948,-609.130798339844,2368.10400390625),(3.53350877761841,-609.037048339844,2368.10400390625),(3.43969106674194,-608.880859375,2368.10400390625),(3.43969106674194,-608.880859375,2370.04174804688),(3.43969058990479,-589.506042480469,2370.04174804688),(3.68979215621948,-609.130798339844,2370.04174804688),(3.53350877761841,-609.037048339844,2370.04174804688),(597.975463867188,-609.130126953125,2370.04174804688),(598.225341796875,-589.50537109375,2370.04174804688),(597.975463867188,-609.130126953125,2368.10400390625),(598.225341796875,-589.50537109375,2368.10400390625),(3.43969058990479,-589.506042480469,2368.10400390625),(3.08885836601257,-609.132995605469,12.2421722412109),(3.08885836601257,-608.882995605469,12.),(3.08885836601257,-608.664245605469,11.9609270095825),(3.08885765075684,-589.726928710938,11.9609270095825),(1.15134978294373,-608.664245605469,11.9609270095825),(1.15134882926941,-589.726928710938,11.9609270095825),(1.15134978294373,-609.132995605469,12.2421722412109),(3.08873915672302,-608.880859375,2370.25341796875),(3.08873844146729,-589.256042480469,2370.),(1.15111041069031,-589.256042480469,2370.),(1.15111136436462,-608.880859375,2370.25341796875),(3.08885765075684,-589.508178710938,12.),(1.15134882926941,-589.508178710938,12.),(1.15134978294373,-608.882995605469,12.),(1.15134978294373,-609.039184570312,12.0859241485596),(3.08885836601257,-609.039184570312,12.0859241485596),(3.0887393951416,-619.374328613281,2370.1591796875),(1.15111184120178,-619.374328613281,2370.1591796875),(1.15111184120178,-619.280517578125,2370.),(1.1513512134552,-638.906860351562,12.),(1.1513512134552,-638.688110351562,11.9606819152832),(1.15135025978088,-619.532165527344,12.),(3.0887393951416,-619.280517578125,2370.),(1.15135025978088,-619.2822265625,12.2419281005859),(3.08885860443115,-619.2822265625,12.2419281005859),(3.0887393951416,-619.530517578125,2370.2529296875),(1.15135025978088,-619.375915527344,12.0856800079346),(3.08885860443115,-619.532165527344,12.),(3.08885860443115,-619.375915527344,12.0856800079346),(3.08885955810547,-638.906860351562,12.),(1.1511127948761,-638.905334472656,2370.2529296875),(1.15111184120178,-619.530517578125,2370.2529296875),(3.0887393951416,-619.749206542969,2370.2841796875),(1.15111184120178,-619.749206542969,2370.2841796875),(3.08874034881592,-638.6865234375,2370.2841796875),(1.1511127948761,-638.686584472656,2370.2841796875),(3.08874034881592,-638.9052734375,2370.2529296875),(3.08885955810547,-638.688110351562,11.9606819152832),(600.527221679688,-638.904907226562,2370.2529296875),(598.589599609375,-638.686157226562,2370.2841796875),(598.589599609375,-638.904907226562,2370.2529296875),(598.589782714844,-638.905883789062,11.9483528137207),(598.589599609375,-619.280151367188,2370.),(598.589782714844,-619.531188964844,11.9483528137207),(600.527221679688,-619.280151367188,2370.),(600.527465820312,-619.531188964844,11.9483528137207),(600.527465820312,-639.155883789062,12.1983509063721),(598.589782714844,-639.155883789062,12.1983509063721),(598.589782714844,-639.062255859375,12.0421018600464),(600.527465820312,-639.062255859375,12.0421018600464),(600.527465820312,-638.905883789062,11.9483528137207),(600.527221679688,-638.686157226562,2370.2841796875),(598.589599609375,-619.748840332031,2370.2841796875),(600.527221679688,-619.748840332031,2370.2841796875),(598.589599609375,-619.530090332031,2370.2529296875),(600.527221679688,-619.530090332031,2370.2529296875),(598.589599609375,-619.373962402344,2370.1591796875),(600.527221679688,-619.373962402344,2370.1591796875),(600.527221679688,-608.880065917969,2370.25341796875),(600.527221679688,-589.256591796875,12.1985950469971),(600.527221679688,-608.881408691406,11.9485969543457),(598.589599609375,-589.72412109375,2370.28466796875),(600.527221679688,-589.50537109375,2370.25341796875),(600.527221679688,-608.661315917969,2370.28466796875),(600.527221679688,-589.255432128906,2370.),(598.589599609375,-589.256652832031,12.1985950469971),(598.589599609375,-608.880065917969,2370.25341796875),(598.589599609375,-608.881408691406,11.9485969543457),(600.527221679688,-589.34912109375,2370.15966796875),(598.589599609375,-589.50537109375,2370.25341796875),(598.589599609375,-589.34912109375,2370.15966796875),(598.589599609375,-589.255432128906,2370.),(3.43969058990479,-589.508178710938,12.1725931167603),(3.68967223167419,-589.258178710938,14.1100692749023),(3.68967223167419,-589.258239746094,12.1725931167603),(597.975158691406,-609.132263183594,12.1727151870728),(3.43969106674194,-608.882995605469,12.1725931167603),(597.975158691406,-609.132263183594,14.1101903915405),(3.43969106674194,-608.882995605469,14.1100692749023),(598.131408691406,-609.03857421875,14.1101903915405),(598.225341796875,-608.882202148438,14.1101903915405),(598.131408691406,-609.03857421875,12.1727151870728),(598.225341796875,-608.882202148438,12.1727151870728),(598.225341796875,-589.507568359375,14.1101903915405),(598.225341796875,-589.507568359375,12.1727151870728)));
#3173=IFCINDEXEDPOLYGONALFACE((1,2,3));
#3174=IFCINDEXEDPOLYGONALFACE((3,2,4));
#3175=IFCINDEXEDPOLYGONALFACE((2,1,5));
#3176=IFCINDEXEDPOLYGONALFACE((1,6,7));
#3177=IFCINDEXEDPOLYGONALFACE((6,3,8));
#3178=IFCINDEXEDPOLYGONALFACE((5,7,8));
#3179=IFCINDEXEDPOLYGONALFACE((3,6,1));
#3180=IFCINDEXEDPOLYGONALFACE((4,8,3));
#3181=IFCINDEXEDPOLYGONALFACE((5,4,2));
#3182=IFCINDEXEDPOLYGONALFACE((7,5,1));
#3183=IFCINDEXEDPOLYGONALFACE((8,7,6));
#3184=IFCINDEXEDPOLYGONALFACE((8,4,5));
#3185=IFCINDEXEDPOLYGONALFACE((161,162,163));
#3186=IFCINDEXEDPOLYGONALFACE((164,165,161));
#3187=IFCINDEXEDPOLYGONALFACE((166,164,163));
#3188=IFCINDEXEDPOLYGONALFACE((167,168,169));
#3189=IFCINDEXEDPOLYGONALFACE((170,171,163));
#3190=IFCINDEXEDPOLYGONALFACE((168,161,165));
#3191=IFCINDEXEDPOLYGONALFACE((163,164,161));
#3192=IFCINDEXEDPOLYGONALFACE((169,165,164));
#3193=IFCINDEXEDPOLYGONALFACE((168,165,169));
#3194=IFCINDEXEDPOLYGONALFACE((169,164,166));
#3195=IFCINDEXEDPOLYGONALFACE((172,169,166));
#3196=IFCINDEXEDPOLYGONALFACE((173,172,166));
#3197=IFCINDEXEDPOLYGONALFACE((170,172,173));
#3198=IFCINDEXEDPOLYGONALFACE((171,166,163));
#3199=IFCINDEXEDPOLYGONALFACE((169,172,167));
#3200=IFCINDEXEDPOLYGONALFACE((166,171,170));
#3201=IFCINDEXEDPOLYGONALFACE((173,166,170));
#3202=IFCINDEXEDPOLYGONALFACE((172,170,163));
#3203=IFCINDEXEDPOLYGONALFACE((167,172,163));
#3204=IFCINDEXEDPOLYGONALFACE((162,167,163));
#3205=IFCINDEXEDPOLYGONALFACE((162,161,168));
#3206=IFCINDEXEDPOLYGONALFACE((167,162,168));
#3207=IFCINDEXEDPOLYGONALFACE((174,175,176));
#3208=IFCINDEXEDPOLYGONALFACE((177,178,176));
#3209=IFCINDEXEDPOLYGONALFACE((179,180,176));
#3210=IFCINDEXEDPOLYGONALFACE((180,179,181));
#3211=IFCINDEXEDPOLYGONALFACE((182,178,177));
#3212=IFCINDEXEDPOLYGONALFACE((183,174,182));
#3213=IFCINDEXEDPOLYGONALFACE((176,178,174));
#3214=IFCINDEXEDPOLYGONALFACE((176,180,177));
#3215=IFCINDEXEDPOLYGONALFACE((176,175,179));
#3216=IFCINDEXEDPOLYGONALFACE((181,177,180));
#3217=IFCINDEXEDPOLYGONALFACE((174,178,182));
#3218=IFCINDEXEDPOLYGONALFACE((181,182,177));
#3219=IFCINDEXEDPOLYGONALFACE((183,182,181));
#3220=IFCINDEXEDPOLYGONALFACE((181,174,183));
#3221=IFCINDEXEDPOLYGONALFACE((175,174,181));
#3222=IFCINDEXEDPOLYGONALFACE((179,175,181));
#3223=IFCINDEXEDPOLYGONALFACE((328,329,330));
#3224=IFCINDEXEDPOLYGONALFACE((331,330,329));
#3225=IFCINDEXEDPOLYGONALFACE((331,332,333));
#3226=IFCINDEXEDPOLYGONALFACE((334,332,331));
#3227=IFCINDEXEDPOLYGONALFACE((334,335,329));
#3228=IFCINDEXEDPOLYGONALFACE((332,334,328));
#3229=IFCINDEXEDPOLYGONALFACE((330,333,328));
#3230=IFCINDEXEDPOLYGONALFACE((329,335,331));
#3231=IFCINDEXEDPOLYGONALFACE((333,330,331));
#3232=IFCINDEXEDPOLYGONALFACE((331,335,334));
#3233=IFCINDEXEDPOLYGONALFACE((329,328,334));
#3234=IFCINDEXEDPOLYGONALFACE((328,333,332));
ENDSEC;
END-ISO-10303-21;
