ISO-10303-21;
HEADER;
FILE_DESCRIPTION(('ViewDefinition [CoordinationView]'),'2;1');
FILE_NAME('','2026-08-23T14:42:34',(''),(''),'IfcOpenShell 0.8.4-e8eb5e4','IfcOpenShell 0.8.4-e8eb5e4','');
FILE_SCHEMA(('IFC4'));
ENDSEC;
DATA;
#1=IFCPERSON($,'','ryan@openingdesign.com',$,$,$,$,$);
#2=IFCORGANIZATION($,'','',$,$);
#3=IFCPERSONANDORGANIZATION(#1,#2,$);
#4=IFCAPPLICATION($,'0.8.3','Bonsai','Bonsai-0.8.3');
#5=IFCOWNERHISTORY(#3,#4,.READWRITE.,.MODIFIED.,1786125332,#3,#4,1759683330);
#6=IFCCARTESIANPOINT((0.,0.,0.));
#7=IFCDIRECTION((0.,0.,1.));
#8=IFCDIRECTION((1.,0.,0.));
#9=IFCAXIS2PLACEMENT3D(#6,#7,#8);
#10=IFCGEOMETRICREPRESENTATIONCONTEXT($,'Model',3,1.E-05,#9,$);
#11=IFCGEOMETRICREPRESENTATIONCONTEXT($,'Plan',2,1.E-05,$,$);
#12=IFCSIUNIT(*,.VOLUMEUNIT.,$,.CUBIC_METRE.);
#13=IFCSIUNIT(*,.LENGTHUNIT.,.MILLI.,.METRE.);
#14=IFCDIMENSIONALEXPONENTS(0,0,0,0,0,0,0);
#15=IFCSIUNIT(*,.PLANEANGLEUNIT.,$,.RADIAN.);
#16=IFCMEASUREWITHUNIT(IFCREAL(0.0174532925199433),#15);
#17=IFCCONVERSIONBASEDUNIT(#14,.PLANEANGLEUNIT.,'degree',#16);
#18=IFCSIUNIT(*,.AREAUNIT.,$,.SQUARE_METRE.);
#19=IFCUNITASSIGNMENT((#12,#13,#17,#18));
#20=IFCPROJECT('3hFmn2ED14Ofwsj$DzZ0HC',$,'My Project',$,$,$,$,(#10,#11),#19);
#21=IFCPERSON($,'','ryan@openingdesign.com',$,$,$,$,$);
#22=IFCORGANIZATION($,'','',$,$);
#23=IFCPERSONANDORGANIZATION(#21,#22,$);
#24=IFCOWNERHISTORY(#23,#4,.READWRITE.,.MODIFIED.,1787467354,#3,#2245,1762245854);
#56=IFCCARTESIANPOINT((0.,0.,0.));
#57=IFCDIRECTION((0.,0.,1.));
#58=IFCDIRECTION((1.,0.,0.));
#59=IFCAXIS2PLACEMENT3D(#56,#57,#58);
#60=IFCCARTESIANPOINTLIST3D(((274.,-1.,0.),(274.,-582.127014160156,0.),(-274.,-582.126770019531,0.),(-274.,-1.,0.),(274.,-1.,25.),(-274.,-1.,25.),(-274.,-582.126770019531,25.),(274.,-582.127014160156,25.),(274.,-583.127014160156,24.),(-274.,-583.126770019531,24.),(-274.,-583.126770019531,1.),(274.,-583.127014160156,1.),(275.,-581.126831054688,1.),(275.,-581.127014160156,24.),(275.,-582.127014160156,23.),(275.,-582.126892089844,2.),(-274.,0.,24.),(274.,0.,24.),(274.,0.,1.),(-274.,0.,1.),(-275.,-2.,1.),(-275.,-2.,24.),(-275.,-1.,23.),(-275.,-1.,2.),(-275.,-581.126708984375,1.),(275.,-2.,1.),(275.,-2.,24.),(-275.,-581.126708984375,24.),(-275.,-582.126770019531,23.),(-275.,-582.126770019531,2.),(275.,-1.,2.),(275.,-1.,23.)));
#61=IFCINDEXEDPOLYGONALFACE((1,2,3,4));
#62=IFCINDEXEDPOLYGONALFACE((5,6,7,8));
#63=IFCINDEXEDPOLYGONALFACE((9,10,11,12));
#64=IFCINDEXEDPOLYGONALFACE((13,14,15,16));
#65=IFCINDEXEDPOLYGONALFACE((17,18,19,20));
#66=IFCINDEXEDPOLYGONALFACE((21,22,23,24));
#67=IFCINDEXEDPOLYGONALFACE((3,25,21,4));
#68=IFCINDEXEDPOLYGONALFACE((1,26,13,2));
#69=IFCINDEXEDPOLYGONALFACE((8,14,27,5));
#70=IFCINDEXEDPOLYGONALFACE((6,22,28,7));
#71=IFCINDEXEDPOLYGONALFACE((12,16,15,9));
#72=IFCINDEXEDPOLYGONALFACE((10,29,30,11));
#73=IFCINDEXEDPOLYGONALFACE((31,19,18,32));
#74=IFCINDEXEDPOLYGONALFACE((20,24,23,17));
#75=IFCINDEXEDPOLYGONALFACE((4,20,19,1));
#76=IFCINDEXEDPOLYGONALFACE((2,12,11,3));
#77=IFCINDEXEDPOLYGONALFACE((7,10,9,8));
#78=IFCINDEXEDPOLYGONALFACE((5,18,17,6));
#79=IFCINDEXEDPOLYGONALFACE((30,25,3,11));
#80=IFCINDEXEDPOLYGONALFACE((20,4,21,24));
#81=IFCINDEXEDPOLYGONALFACE((31,26,1,19));
#82=IFCINDEXEDPOLYGONALFACE((13,16,12,2));
#83=IFCINDEXEDPOLYGONALFACE((28,29,10,7));
#84=IFCINDEXEDPOLYGONALFACE((8,9,15,14));
#85=IFCINDEXEDPOLYGONALFACE((27,32,18,5));
#86=IFCINDEXEDPOLYGONALFACE((6,17,23,22));
#87=IFCINDEXEDPOLYGONALFACE((30,29,28,25));
#88=IFCINDEXEDPOLYGONALFACE((21,25,28,22));
#89=IFCINDEXEDPOLYGONALFACE((26,27,14,13));
#90=IFCINDEXEDPOLYGONALFACE((26,31,32,27));
#91=IFCPOLYGONALFACESET(#60,$,(#61,#62,#63,#64,#65,#66,#67,#68,#69,#70,#71,#72,#73,#74,#75,#76,#77,#78,#79,#80,#81,#82,#83,#84,#85,#86,#87,#88,#89,#90),$);
#92=IFCCARTESIANPOINTLIST3D(((274.,-19.,25.),(-274.,-19.,25.),(274.,-582.126892089844,25.),(275.,-20.,26.),(274.,-18.,26.),(274.,-18.,49.),(-274.,-18.,26.),(275.,-19.,27.),(275.,-19.,48.),(275.,-20.,49.),(274.,-19.,50.),(275.,-581.126831054688,49.),(275.,-581.126831054688,26.),(275.,-582.126892089844,48.),(274.,-582.126892089844,50.),(-274.,-582.126647949219,50.),(274.,-583.126892089844,49.),(274.,-583.126892089844,26.),(-274.,-583.126647949219,49.),(-274.,-583.126647949219,26.),(-275.,-582.126647949219,48.),(-275.,-582.126647949219,27.),(-275.,-581.126586914062,49.),(-275.,-20.,49.),(-275.,-581.126586914062,26.),(-275.,-20.,26.),(-274.,-582.126647949219,25.),(-275.,-19.,27.),(-275.,-19.,48.),(-274.,-18.,49.),(-274.,-19.,50.),(275.,-582.126892089844,27.)));
#93=IFCINDEXEDPOLYGONALFACE((2,7,5,1));
#94=IFCINDEXEDPOLYGONALFACE((1,3,27,2));
#95=IFCINDEXEDPOLYGONALFACE((1,4,13,3));
#96=IFCINDEXEDPOLYGONALFACE((8,4,1,5));
#97=IFCINDEXEDPOLYGONALFACE((8,5,6,9));
#98=IFCINDEXEDPOLYGONALFACE((30,6,5,7));
#99=IFCINDEXEDPOLYGONALFACE((4,8,9,10));
#100=IFCINDEXEDPOLYGONALFACE((10,9,6,11));
#101=IFCINDEXEDPOLYGONALFACE((15,12,10,11));
#102=IFCINDEXEDPOLYGONALFACE((4,10,12,13));
#103=IFCINDEXEDPOLYGONALFACE((13,12,14,32));
#104=IFCINDEXEDPOLYGONALFACE((15,17,14,12));
#105=IFCINDEXEDPOLYGONALFACE((11,31,16,15));
#106=IFCINDEXEDPOLYGONALFACE((16,19,17,15));
#107=IFCINDEXEDPOLYGONALFACE((18,32,14,17));
#108=IFCINDEXEDPOLYGONALFACE((17,19,20,18));
#109=IFCINDEXEDPOLYGONALFACE((23,21,19,16));
#110=IFCINDEXEDPOLYGONALFACE((19,21,22,20));
#111=IFCINDEXEDPOLYGONALFACE((22,21,23,25));
#112=IFCINDEXEDPOLYGONALFACE((26,25,23,24));
#113=IFCINDEXEDPOLYGONALFACE((31,24,23,16));
#114=IFCINDEXEDPOLYGONALFACE((27,25,26,2));
#115=IFCINDEXEDPOLYGONALFACE((22,25,27,20));
#116=IFCINDEXEDPOLYGONALFACE((3,18,20,27));
#117=IFCINDEXEDPOLYGONALFACE((7,2,26,28));
#118=IFCINDEXEDPOLYGONALFACE((26,24,29,28));
#119=IFCINDEXEDPOLYGONALFACE((7,28,29,30));
#120=IFCINDEXEDPOLYGONALFACE((31,30,29,24));
#121=IFCINDEXEDPOLYGONALFACE((11,6,30,31));
#122=IFCINDEXEDPOLYGONALFACE((13,32,18,3));
#123=IFCPOLYGONALFACESET(#92,$,(#93,#94,#95,#96,#97,#98,#99,#100,#101,#102,#103,#104,#105,#106,#107,#108,#109,#110,#111,#112,#113,#114,#115,#116,#117,#118,#119,#120,#121,#122),$);
#124=IFCCARTESIANPOINTLIST3D(((262.046661376953,-423.913391113281,2367.81323242188),(-262.047302246094,-423.9130859375,2367.81127929688),(262.046264648438,-444.267791748047,2367.81323242188),(262.046936035156,-19.,2367.81323242188),(274.,-423.913391113281,2367.81323242188),(274.,-444.267700195312,2367.81323242188),(275.,-423.935791015625,2368.81323242188),(274.,-19.,2367.81323242188),(275.,-20.,2368.81323242188),(274.,-18.,2368.81323242188),(275.,-19.,2369.81323242188),(274.,-18.,2391.75268554688),(262.046936035156,-18.,2368.81323242188),(-262.047332763672,-18.,2368.81127929688),(262.046936035156,-18.,2391.75268554688),(-262.047454833984,-18.,2391.75073242188),(262.046661376953,-19.,2392.75268554688),(262.046661376953,-423.913391113281,2392.75268554688),(-262.047332763672,-19.,2392.75048828125),(274.,-19.,2392.75268554688),(275.,-20.,2391.75268554688),(274.,-423.913391113281,2392.75268554688),(275.,-423.935791015625,2391.75268554688),(274.,-444.267700195312,2392.75268554688),(262.046447753906,-444.267791748047,2392.75268554688),(275.,-444.245300292969,2391.75268554688),(274.,-564.126953125,2392.75268554688),(275.,-563.126953125,2391.75268554688),(262.046936035156,-564.126953125,2392.75268554688),(274.,-565.126892089844,2391.75268554688),(275.,-564.126953125,2390.75268554688),(274.,-565.126892089844,2368.81323242188),(262.046661376953,-565.126892089844,2391.75268554688),(262.046936035156,-565.126892089844,2368.81323242188),(-262.047180175781,-565.126586914062,2391.75073242188),(-262.047180175781,-565.126586914062,2368.81127929688),(-262.047180175781,-564.126586914062,2392.75048828125),(-274.,-565.126586914062,2391.75073242188),(-274.,-565.126586914062,2368.81127929688),(-275.,-564.126586914062,2390.75073242188),(-274.,-564.126586914062,2392.75048828125),(-274.,-444.267395019531,2392.75048828125),(-275.,-563.126525878906,2391.75073242188),(-275.,-563.126525878906,2368.81127929688),(-275.,-444.245086669922,2391.75073242188),(-275.,-423.935485839844,2391.75073242188),(-275.,-444.245086669922,2368.81127929688),(-275.,-423.935485839844,2368.81127929688),(-274.,-444.267486572266,2367.81127929688),(-274.,-423.9130859375,2367.81127929688),(-274.,-564.126586914062,2367.81127929688),(-262.047302246094,-444.267486572266,2367.81127929688),(-262.047180175781,-564.126586914062,2367.81127929688),(262.046936035156,-564.126953125,2367.81323242188),(274.,-564.126953125,2367.81323242188),(275.,-563.126953125,2368.81323242188),(275.,-564.126953125,2369.81323242188),(275.,-444.245300292969,2368.81323242188),(-274.,-19.,2367.81127929688),(-275.,-20.,2368.81127929688),(-262.047332763672,-19.,2367.81127929688),(-274.,-18.,2368.81127929688),(-275.,-19.,2369.81103515625),(-274.,-18.,2391.75073242188),(-275.,-19.,2390.75073242188),(-274.,-19.,2392.75048828125),(-275.,-20.,2391.75073242188),(-274.,-423.9130859375,2392.75048828125),(-262.047424316406,-423.9130859375,2392.75048828125),(-262.047180175781,-444.267486572266,2392.75048828125),(-275.,-564.126586914062,2369.81103515625),(275.,-19.,2390.75268554688)));
#125=IFCINDEXEDPOLYGONALFACE((4,1,2,61));
#126=IFCINDEXEDPOLYGONALFACE((1,3,52,2));
#127=IFCINDEXEDPOLYGONALFACE((5,6,3,1));
#128=IFCINDEXEDPOLYGONALFACE((8,5,1,4));
#129=IFCINDEXEDPOLYGONALFACE((58,6,5,7));
#130=IFCINDEXEDPOLYGONALFACE((8,9,7,5));
#131=IFCINDEXEDPOLYGONALFACE((10,8,4,13));
#132=IFCINDEXEDPOLYGONALFACE((11,9,8,10));
#133=IFCINDEXEDPOLYGONALFACE((11,10,12,72));
#134=IFCINDEXEDPOLYGONALFACE((12,10,13,15));
#135=IFCINDEXEDPOLYGONALFACE((13,4,61,14));
#136=IFCINDEXEDPOLYGONALFACE((14,16,15,13));
#137=IFCINDEXEDPOLYGONALFACE((16,19,17,15));
#138=IFCINDEXEDPOLYGONALFACE((20,12,15,17));
#139=IFCINDEXEDPOLYGONALFACE((22,20,17,18));
#140=IFCINDEXEDPOLYGONALFACE((19,69,18,17));
#141=IFCINDEXEDPOLYGONALFACE((21,20,22,23));
#142=IFCINDEXEDPOLYGONALFACE((21,72,12,20));
#143=IFCINDEXEDPOLYGONALFACE((24,22,18,25));
#144=IFCINDEXEDPOLYGONALFACE((23,22,24,26));
#145=IFCINDEXEDPOLYGONALFACE((27,24,25,29));
#146=IFCINDEXEDPOLYGONALFACE((27,28,26,24));
#147=IFCINDEXEDPOLYGONALFACE((27,30,31,28));
#148=IFCINDEXEDPOLYGONALFACE((30,27,29,33));
#149=IFCINDEXEDPOLYGONALFACE((32,57,31,30));
#150=IFCINDEXEDPOLYGONALFACE((32,30,33,34));
#151=IFCINDEXEDPOLYGONALFACE((34,33,35,36));
#152=IFCINDEXEDPOLYGONALFACE((33,29,37,35));
#153=IFCINDEXEDPOLYGONALFACE((38,39,36,35));
#154=IFCINDEXEDPOLYGONALFACE((41,38,35,37));
#155=IFCINDEXEDPOLYGONALFACE((38,40,71,39));
#156=IFCINDEXEDPOLYGONALFACE((43,40,38,41));
#157=IFCINDEXEDPOLYGONALFACE((42,41,37,70));
#158=IFCINDEXEDPOLYGONALFACE((43,41,42,45));
#159=IFCINDEXEDPOLYGONALFACE((44,43,45,47));
#160=IFCINDEXEDPOLYGONALFACE((71,40,43,44));
#161=IFCINDEXEDPOLYGONALFACE((47,45,46,48));
#162=IFCINDEXEDPOLYGONALFACE((45,42,68,46));
#163=IFCINDEXEDPOLYGONALFACE((48,50,49,47));
#164=IFCINDEXEDPOLYGONALFACE((51,44,47,49));
#165=IFCINDEXEDPOLYGONALFACE((49,50,2,52));
#166=IFCINDEXEDPOLYGONALFACE((51,49,52,53));
#167=IFCINDEXEDPOLYGONALFACE((53,52,3,54));
#168=IFCINDEXEDPOLYGONALFACE((36,53,54,34));
#169=IFCINDEXEDPOLYGONALFACE((39,51,53,36));
#170=IFCINDEXEDPOLYGONALFACE((6,55,54,3));
#171=IFCINDEXEDPOLYGONALFACE((55,32,34,54));
#172=IFCINDEXEDPOLYGONALFACE((56,55,6,58));
#173=IFCINDEXEDPOLYGONALFACE((56,57,32,55));
#174=IFCINDEXEDPOLYGONALFACE((56,28,31,57));
#175=IFCINDEXEDPOLYGONALFACE((28,56,58,26));
#176=IFCINDEXEDPOLYGONALFACE((7,23,26,58));
#177=IFCINDEXEDPOLYGONALFACE((71,44,51,39));
#178=IFCINDEXEDPOLYGONALFACE((60,59,50,48));
#179=IFCINDEXEDPOLYGONALFACE((50,59,61,2));
#180=IFCINDEXEDPOLYGONALFACE((62,59,60,63));
#181=IFCINDEXEDPOLYGONALFACE((59,62,14,61));
#182=IFCINDEXEDPOLYGONALFACE((62,63,65,64));
#183=IFCINDEXEDPOLYGONALFACE((62,64,16,14));
#184=IFCINDEXEDPOLYGONALFACE((66,64,65,67));
#185=IFCINDEXEDPOLYGONALFACE((64,66,19,16));
#186=IFCINDEXEDPOLYGONALFACE((66,67,46,68));
#187=IFCINDEXEDPOLYGONALFACE((66,68,69,19));
#188=IFCINDEXEDPOLYGONALFACE((68,42,70,69));
#189=IFCINDEXEDPOLYGONALFACE((69,70,25,18));
#190=IFCINDEXEDPOLYGONALFACE((29,25,70,37));
#191=IFCINDEXEDPOLYGONALFACE((67,60,48,46));
#192=IFCINDEXEDPOLYGONALFACE((60,67,65,63));
#193=IFCINDEXEDPOLYGONALFACE((9,21,23,7));
#194=IFCINDEXEDPOLYGONALFACE((9,11,72,21));
#195=IFCPOLYGONALFACESET(#124,$,(#125,#126,#127,#128,#129,#130,#131,#132,#133,#134,#135,#136,#137,#138,#139,#140,#141,#142,#143,#144,#145,#146,#147,#148,#149,#150,#151,#152,#153,#154,#155,#156,#157,#158,#159,#160,#161,#162,#163,#164,#165,#166,#167,#168,#169,#170,#171,#172,#173,#174,#175,#176,#177,#178,#179,#180,#181,#182,#183,#184,#185,#186,#187,#188,#189,#190,#191,#192,#193,#194),$);
#196=IFCCARTESIANPOINTLIST3D(((262.047027587891,-423.913391113281,1982.),(-262.047180175781,-423.913055419922,1982.),(262.046539306641,-444.267791748047,1982.),(262.046630859375,-19.,1982.),(274.,-423.913391113281,1982.),(274.,-444.267700195312,1982.),(275.,-423.935791015625,1983.),(274.,-19.,1982.),(275.,-20.,1983.),(274.,-18.,1983.),(275.,-19.,1984.),(274.,-18.,2005.94177246094),(262.046630859375,-18.,1983.),(-262.047210693359,-18.,1983.),(262.046630859375,-18.,2005.94177246094),(-262.047332763672,-18.,2005.94006347656),(262.046447753906,-19.,2006.94165039062),(262.047027587891,-423.913391113281,2006.94165039062),(-262.047210693359,-19.,2006.94018554688),(274.,-19.,2006.94165039062),(275.,-20.,2005.94177246094),(274.,-423.913391113281,2006.94165039062),(275.,-423.935791015625,2005.94177246094),(274.,-444.267700195312,2006.94213867188),(262.046813964844,-444.267791748047,2006.94213867188),(275.,-444.245300292969,2005.94226074219),(274.,-564.126892089844,2006.94213867188),(275.,-563.126892089844,2005.94226074219),(262.046661376953,-564.126892089844,2006.94213867188),(274.,-565.126831054688,2005.94226074219),(275.,-564.126892089844,2004.94201660156),(274.,-565.126831054688,1983.),(262.046447753906,-565.126831054688,2005.94226074219),(262.046661376953,-565.126831054688,1983.),(-262.047180175781,-565.126586914062,2005.94006347656),(-262.047058105469,-565.126586914062,1983.),(-262.047180175781,-564.126586914062,2006.94018554688),(-274.,-565.126586914062,2005.94006347656),(-274.,-565.126586914062,1983.),(-275.,-564.126586914062,2004.94018554688),(-274.,-564.126586914062,2006.94018554688),(-274.,-444.267364501953,2006.94018554688),(-275.,-563.126525878906,2005.94006347656),(-275.,-563.126525878906,1983.),(-275.,-444.245056152344,2005.94006347656),(-275.,-423.935455322266,2005.94006347656),(-275.,-444.245056152344,1983.),(-275.,-423.935455322266,1983.),(-274.,-444.267456054688,1982.),(-274.,-423.913055419922,1982.),(-274.,-564.126586914062,1982.),(-262.047180175781,-444.267456054688,1982.),(-262.047058105469,-564.126586914062,1982.),(262.046661376953,-564.126892089844,1982.),(274.,-564.126892089844,1982.),(275.,-563.126892089844,1983.),(275.,-564.126892089844,1984.),(275.,-444.245300292969,1983.),(-274.,-19.,1982.),(-275.,-20.,1983.),(-262.047210693359,-19.,1982.),(-274.,-18.,1983.),(-275.,-19.,1984.),(-274.,-18.,2005.94006347656),(-275.,-19.,2004.94018554688),(-274.,-19.,2006.94018554688),(-275.,-20.,2005.94006347656),(-274.,-423.913055419922,2006.94018554688),(-262.047302246094,-423.913055419922,2006.94018554688),(-262.047180175781,-444.267456054688,2006.94018554688),(-275.,-564.126586914062,1984.),(275.,-19.,2004.94152832031)));
#197=IFCINDEXEDPOLYGONALFACE((4,1,2,61));
#198=IFCINDEXEDPOLYGONALFACE((1,3,52,2));
#199=IFCINDEXEDPOLYGONALFACE((5,6,3,1));
#200=IFCINDEXEDPOLYGONALFACE((8,5,1,4));
#201=IFCINDEXEDPOLYGONALFACE((58,6,5,7));
#202=IFCINDEXEDPOLYGONALFACE((8,9,7,5));
#203=IFCINDEXEDPOLYGONALFACE((10,8,4,13));
#204=IFCINDEXEDPOLYGONALFACE((11,9,8,10));
#205=IFCINDEXEDPOLYGONALFACE((11,10,12,72));
#206=IFCINDEXEDPOLYGONALFACE((12,10,13,15));
#207=IFCINDEXEDPOLYGONALFACE((13,4,61,14));
#208=IFCINDEXEDPOLYGONALFACE((14,16,15,13));
#209=IFCINDEXEDPOLYGONALFACE((16,19,17,15));
#210=IFCINDEXEDPOLYGONALFACE((20,12,15,17));
#211=IFCINDEXEDPOLYGONALFACE((22,20,17,18));
#212=IFCINDEXEDPOLYGONALFACE((19,69,18,17));
#213=IFCINDEXEDPOLYGONALFACE((21,20,22,23));
#214=IFCINDEXEDPOLYGONALFACE((21,72,12,20));
#215=IFCINDEXEDPOLYGONALFACE((24,22,18,25));
#216=IFCINDEXEDPOLYGONALFACE((23,22,24,26));
#217=IFCINDEXEDPOLYGONALFACE((27,24,25,29));
#218=IFCINDEXEDPOLYGONALFACE((27,28,26,24));
#219=IFCINDEXEDPOLYGONALFACE((27,30,31,28));
#220=IFCINDEXEDPOLYGONALFACE((30,27,29,33));
#221=IFCINDEXEDPOLYGONALFACE((32,57,31,30));
#222=IFCINDEXEDPOLYGONALFACE((32,30,33,34));
#223=IFCINDEXEDPOLYGONALFACE((34,33,35,36));
#224=IFCINDEXEDPOLYGONALFACE((33,29,37,35));
#225=IFCINDEXEDPOLYGONALFACE((38,39,36,35));
#226=IFCINDEXEDPOLYGONALFACE((41,38,35,37));
#227=IFCINDEXEDPOLYGONALFACE((38,40,71,39));
#228=IFCINDEXEDPOLYGONALFACE((43,40,38,41));
#229=IFCINDEXEDPOLYGONALFACE((42,41,37,70));
#230=IFCINDEXEDPOLYGONALFACE((43,41,42,45));
#231=IFCINDEXEDPOLYGONALFACE((44,43,45,47));
#232=IFCINDEXEDPOLYGONALFACE((71,40,43,44));
#233=IFCINDEXEDPOLYGONALFACE((47,45,46,48));
#234=IFCINDEXEDPOLYGONALFACE((45,42,68,46));
#235=IFCINDEXEDPOLYGONALFACE((48,50,49,47));
#236=IFCINDEXEDPOLYGONALFACE((51,44,47,49));
#237=IFCINDEXEDPOLYGONALFACE((49,50,2,52));
#238=IFCINDEXEDPOLYGONALFACE((51,49,52,53));
#239=IFCINDEXEDPOLYGONALFACE((53,52,3,54));
#240=IFCINDEXEDPOLYGONALFACE((36,53,54,34));
#241=IFCINDEXEDPOLYGONALFACE((39,51,53,36));
#242=IFCINDEXEDPOLYGONALFACE((6,55,54,3));
#243=IFCINDEXEDPOLYGONALFACE((55,32,34,54));
#244=IFCINDEXEDPOLYGONALFACE((56,55,6,58));
#245=IFCINDEXEDPOLYGONALFACE((56,57,32,55));
#246=IFCINDEXEDPOLYGONALFACE((56,28,31,57));
#247=IFCINDEXEDPOLYGONALFACE((28,56,58,26));
#248=IFCINDEXEDPOLYGONALFACE((7,23,26,58));
#249=IFCINDEXEDPOLYGONALFACE((71,44,51,39));
#250=IFCINDEXEDPOLYGONALFACE((60,59,50,48));
#251=IFCINDEXEDPOLYGONALFACE((50,59,61,2));
#252=IFCINDEXEDPOLYGONALFACE((62,59,60,63));
#253=IFCINDEXEDPOLYGONALFACE((59,62,14,61));
#254=IFCINDEXEDPOLYGONALFACE((62,63,65,64));
#255=IFCINDEXEDPOLYGONALFACE((62,64,16,14));
#256=IFCINDEXEDPOLYGONALFACE((66,64,65,67));
#257=IFCINDEXEDPOLYGONALFACE((64,66,19,16));
#258=IFCINDEXEDPOLYGONALFACE((66,67,46,68));
#259=IFCINDEXEDPOLYGONALFACE((66,68,69,19));
#260=IFCINDEXEDPOLYGONALFACE((68,42,70,69));
#261=IFCINDEXEDPOLYGONALFACE((69,70,25,18));
#262=IFCINDEXEDPOLYGONALFACE((29,25,70,37));
#263=IFCINDEXEDPOLYGONALFACE((67,60,48,46));
#264=IFCINDEXEDPOLYGONALFACE((60,67,65,63));
#265=IFCINDEXEDPOLYGONALFACE((9,21,23,7));
#266=IFCINDEXEDPOLYGONALFACE((9,11,72,21));
#267=IFCPOLYGONALFACESET(#196,$,(#197,#198,#199,#200,#201,#202,#203,#204,#205,#206,#207,#208,#209,#210,#211,#212,#213,#214,#215,#216,#217,#218,#219,#220,#221,#222,#223,#224,#225,#226,#227,#228,#229,#230,#231,#232,#233,#234,#235,#236,#237,#238,#239,#240,#241,#242,#243,#244,#245,#246,#247,#248,#249,#250,#251,#252,#253,#254,#255,#256,#257,#258,#259,#260,#261,#262,#263,#264,#265,#266),$);
#268=IFCCARTESIANPOINTLIST3D(((-275.,-18.,2390.06713867188),(275.,-18.,2390.06909179688),(-275.,-18.,25.),(-275.,0.,2390.06713867188),(-275.,0.,25.),(275.,0.,2390.06909179688),(275.,0.,25.),(275.,-18.,25.)));
#269=IFCINDEXEDPOLYGONALFACE((1,2,6,4));
#270=IFCINDEXEDPOLYGONALFACE((1,3,8,2));
#271=IFCINDEXEDPOLYGONALFACE((3,1,4,5));
#272=IFCINDEXEDPOLYGONALFACE((4,6,7,5));
#273=IFCINDEXEDPOLYGONALFACE((2,8,7,6));
#274=IFCINDEXEDPOLYGONALFACE((8,3,5,7));
#275=IFCPOLYGONALFACESET(#268,$,(#269,#270,#271,#272,#273,#274),$);
#276=IFCCARTESIANPOINTLIST3D(((-275.,-582.126342773438,2389.06713867188),(-275.,-1.,2389.06713867188),(-275.,-582.126342773438,1.),(-276.,-583.12646484375,2390.06713867188),(-299.,-583.126403808594,2390.06713867188),(-276.,0.,2390.06713867188),(-276.,-583.126403808594,0.),(-276.,0.,0.),(-299.,-583.126403808594,0.),(-299.,0.,0.),(-300.,-582.126342773438,1.),(-300.,-582.126342773438,2389.06713867188),(-300.,-1.,1.),(-300.,-1.,2389.06713867188),(-299.,0.,2390.06713867188),(-275.,-1.,1.)));
#277=IFCINDEXEDPOLYGONALFACE((2,6,4,1));
#278=IFCINDEXEDPOLYGONALFACE((1,3,16,2));
#279=IFCINDEXEDPOLYGONALFACE((1,4,7,3));
#280=IFCINDEXEDPOLYGONALFACE((7,4,5,9));
#281=IFCINDEXEDPOLYGONALFACE((4,6,15,5));
#282=IFCINDEXEDPOLYGONALFACE((3,7,8,16));
#283=IFCINDEXEDPOLYGONALFACE((8,7,9,10));
#284=IFCINDEXEDPOLYGONALFACE((13,10,9,11));
#285=IFCINDEXEDPOLYGONALFACE((11,9,5,12));
#286=IFCINDEXEDPOLYGONALFACE((12,14,13,11));
#287=IFCINDEXEDPOLYGONALFACE((14,15,10,13));
#288=IFCINDEXEDPOLYGONALFACE((12,5,15,14));
#289=IFCINDEXEDPOLYGONALFACE((6,8,10,15));
#290=IFCINDEXEDPOLYGONALFACE((16,8,6,2));
#291=IFCPOLYGONALFACESET(#276,$,(#277,#278,#279,#280,#281,#282,#283,#284,#285,#286,#287,#288,#289,#290),$);
#292=IFCCARTESIANPOINTLIST3D(((300.,-582.126403808594,2389.06787109375),(300.,-1.,2389.06787109375),(300.,-582.126342773438,1.),(299.,-583.126525878906,2390.06811523438),(276.,-583.12646484375,2390.06811523438),(299.,0.,2390.06811523438),(299.,-583.126403808594,0.),(299.,0.,0.),(276.,-583.126342773438,0.),(276.,0.,0.),(275.,-582.126342773438,1.),(275.,-582.126403808594,2389.06787109375),(275.,-1.,1.),(275.,-1.,2389.06787109375),(276.,0.,2390.06811523438),(300.,-1.,1.)));
#293=IFCINDEXEDPOLYGONALFACE((2,6,4,1));
#294=IFCINDEXEDPOLYGONALFACE((1,3,16,2));
#295=IFCINDEXEDPOLYGONALFACE((1,4,7,3));
#296=IFCINDEXEDPOLYGONALFACE((7,4,5,9));
#297=IFCINDEXEDPOLYGONALFACE((4,6,15,5));
#298=IFCINDEXEDPOLYGONALFACE((3,7,8,16));
#299=IFCINDEXEDPOLYGONALFACE((8,7,9,10));
#300=IFCINDEXEDPOLYGONALFACE((13,10,9,11));
#301=IFCINDEXEDPOLYGONALFACE((11,9,5,12));
#302=IFCINDEXEDPOLYGONALFACE((12,14,13,11));
#303=IFCINDEXEDPOLYGONALFACE((14,15,10,13));
#304=IFCINDEXEDPOLYGONALFACE((12,5,15,14));
#305=IFCINDEXEDPOLYGONALFACE((6,8,10,15));
#306=IFCINDEXEDPOLYGONALFACE((16,8,6,2));
#307=IFCPOLYGONALFACESET(#292,$,(#293,#294,#295,#296,#297,#298,#299,#300,#301,#302,#303,#304,#305,#306),$);
#308=IFCCARTESIANPOINTLIST3D(((-258.500152587891,-305.491455078125,1919.31811523438),(257.113555908203,-305.49169921875,1919.31860351562),(-258.499969482422,-306.442962646484,1914.53491210938),(-258.500152587891,-302.781768798828,1923.37365722656),(-258.959442138672,-305.491455078125,1919.31811523438),(-258.959442138672,-306.442962646484,1914.53491210938),(-258.959442138672,-302.781768798828,1923.37365722656),(-258.959442138672,-304.567565917969,1918.93579101562),(-258.959442138672,-305.442962646484,1914.53491210938),(-258.959442138672,-302.074645996094,1922.66662597656),(-259.450134277344,-304.567565917969,1918.93579101562),(-259.450134277344,-305.442962646484,1914.53491210938),(-259.450134277344,-302.074645996094,1922.66662597656),(-259.450134277344,-305.491455078125,1919.31811523438),(-259.450134277344,-306.442962646484,1914.53491210938),(-259.450134277344,-302.781768798828,1923.37365722656),(-261.950134277344,-305.491455078125,1919.31811523438),(-261.950134277344,-306.442962646484,1914.53491210938),(-261.950134277344,-302.781768798828,1923.37365722656),(-262.450134277344,-305.029449462891,1919.12658691406),(-262.450134277344,-305.942962646484,1914.53491210938),(-262.450134277344,-302.428253173828,1923.02026367188),(-262.450134277344,-304.594360351562,1918.94702148438),(-262.450134277344,-305.471954345703,1914.53491210938),(-262.450134277344,-293.942962646484,1914.53491210938),(-262.450134277344,-302.095245361328,1922.68725585938),(-262.450134277344,-298.354949951172,1925.18627929688),(-262.450134277344,-293.942962646484,1926.06359863281),(-262.450134277344,-298.53515625,1925.62121582031),(-261.950134277344,-298.726470947266,1926.08325195312),(-262.450134277344,-293.942962646484,1926.53491210938),(-262.450134277344,-289.350738525391,1925.62121582031),(-261.950134277344,-293.942962646484,1927.03491210938),(-261.950134277344,-289.159454345703,1926.08325195312),(-259.450134277344,-293.942962646484,1927.03491210938),(-259.450134277344,-289.159454345703,1926.08325195312),(-259.450134277344,-298.726470947266,1926.08325195312),(-259.450134277344,-293.942962646484,1926.03491210938),(-259.450134277344,-298.343841552734,1925.15942382812),(-258.959442138672,-293.942962646484,1926.03491210938),(-259.450134277344,-289.542053222656,1925.15942382812),(-258.959442138672,-289.542053222656,1925.15942382812),(-259.450134277344,-285.811248779297,1922.66662597656),(-258.959442138672,-285.811248779297,1922.66662597656),(-259.450134277344,-283.318359375,1918.93579101562),(-259.450134277344,-285.104156494141,1923.37365722656),(-259.450134277344,-282.394439697266,1919.31811523438),(-261.950134277344,-285.104156494141,1923.37365722656),(-261.950134277344,-282.394439697266,1919.31811523438),(-262.450134277344,-285.457641601562,1923.02026367188),(-262.450134277344,-282.856353759766,1919.12658691406),(-262.450134277344,-285.790649414062,1922.68725585938),(-262.450134277344,-289.530944824219,1925.18627929688),(-262.450134277344,-283.291442871094,1918.94702148438),(-262.450134277344,-282.413848876953,1914.53491210938),(-262.450134277344,-283.291442871094,1910.12280273438),(-262.450134277344,-281.942962646484,1914.53491210938),(-262.450134277344,-282.856353759766,1909.94262695312),(-261.950134277344,-281.442962646484,1914.53491210938),(-261.950134277344,-282.394439697266,1909.75122070312),(-259.450134277344,-281.442962646484,1914.53491210938),(-259.450134277344,-282.442962646484,1914.53491210938),(-259.450134277344,-282.394439697266,1909.75122070312),(-259.450134277344,-283.318359375,1910.13391113281),(-259.450134277344,-285.104156494141,1905.69604492188),(-259.450134277344,-289.159454345703,1902.98608398438),(-261.950134277344,-285.104156494141,1905.69604492188),(-259.450134277344,-285.811248779297,1906.40307617188),(-258.959442138672,-285.811248779297,1906.40307617188),(-259.450134277344,-289.542144775391,1903.90991210938),(-258.959442138672,-289.542144775391,1903.90991210938),(-259.450134277344,-293.942962646484,1903.03491210938),(-258.959442138672,-293.942962646484,1903.03491210938),(-259.450134277344,-298.34375,1903.90991210938),(-259.450134277344,-293.942962646484,1902.03491210938),(-259.450134277344,-298.726470947266,1902.98608398438),(-261.950134277344,-293.942962646484,1902.03491210938),(-261.950134277344,-298.726470947266,1902.98608398438),(-261.950134277344,-289.159454345703,1902.98608398438),(-262.450134277344,-293.942962646484,1902.53479003906),(-262.450134277344,-298.53515625,1903.44799804688),(-262.450134277344,-293.942962646484,1903.),(-262.450134277344,-289.350738525391,1903.44799804688),(-262.450134277344,-289.530944824219,1903.88354492188),(-262.450134277344,-285.457641601562,1906.04943847656),(-262.450134277344,-285.790649414062,1906.38256835938),(-262.450134277344,-298.354949951172,1903.88354492188),(-262.450134277344,-302.095245361328,1906.38256835938),(-262.450134277344,-304.594360351562,1910.12280273438),(-262.450134277344,-302.428253173828,1906.04943847656),(-261.950134277344,-302.781768798828,1905.69604492188),(-262.450134277344,-305.029541015625,1909.94262695312),(-261.950134277344,-305.491455078125,1909.75122070312),(-259.450134277344,-305.491455078125,1909.75122070312),(-259.450134277344,-302.781768798828,1905.69604492188),(-259.450134277344,-304.567565917969,1910.13391113281),(-258.959442138672,-304.567565917969,1910.13391113281),(-259.450134277344,-302.074645996094,1906.40307617188),(-258.959442138672,-302.074645996094,1906.40307617188),(-258.959442138672,-302.781768798828,1905.69604492188),(-258.959442138672,-298.34375,1903.90991210938),(-258.959442138672,-298.726470947266,1902.98608398438),(-258.500152587891,-298.726470947266,1902.98608398438),(-258.959442138672,-293.942962646484,1902.03491210938),(-258.959442138672,-289.159454345703,1902.98608398438),(-258.500152587891,-293.942962646484,1902.03491210938),(-258.500152587891,-289.159454345703,1902.98608398438),(257.113555908203,-293.943176269531,1902.03491210938),(257.113555908203,-289.159576416016,1902.98657226562),(257.113555908203,-298.726684570312,1902.98657226562),(257.843841552734,-293.943176269531,1902.03491210938),(257.843841552734,-289.159576416016,1902.98657226562),(257.843841552734,-298.726684570312,1902.98657226562),(257.843841552734,-293.943176269531,1903.03491210938),(258.334564208984,-293.943176269531,1903.03491210938),(257.843841552734,-298.343994140625,1903.91040039062),(257.843841552734,-289.542388916016,1903.91040039062),(257.843841552734,-285.811492919922,1906.40307617188),(258.334564208984,-289.542388916016,1903.91040039062),(258.334564208984,-285.811492919922,1906.40307617188),(258.334564208984,-289.159576416016,1902.98657226562),(258.334564208984,-285.104370117188,1905.69604492188),(258.334564208984,-293.943176269531,1902.03491210938),(260.834564208984,-289.159576416016,1902.98657226562),(260.834564208984,-285.104370117188,1905.69604492188),(260.834564208984,-293.943176269531,1902.03491210938),(261.334594726562,-289.351013183594,1903.44848632812),(261.334594726562,-285.457885742188,1906.04943847656),(261.334594726562,-289.531188964844,1903.88354492188),(261.334594726562,-293.943176269531,1902.53479003906),(261.334594726562,-298.535400390625,1903.44848632812),(261.334594726562,-293.943176269531,1903.),(261.334594726562,-293.943176269531,1914.53491210938),(261.334594726562,-298.355194091797,1903.88354492188),(261.334564208984,-302.095489501953,1906.38256835938),(261.334564208984,-304.594573974609,1910.12280273438),(261.334564208984,-302.428497314453,1906.04943847656),(260.834564208984,-302.781982421875,1905.69604492188),(261.334564208984,-305.029693603516,1909.94311523438),(261.334564208984,-305.943176269531,1914.53491210938),(260.834564208984,-305.49169921875,1909.75170898438),(258.334564208984,-305.49169921875,1909.75170898438),(260.834564208984,-306.443176269531,1914.53491210938),(260.834564208984,-305.49169921875,1919.31860351562),(258.334564208984,-306.443176269531,1914.53491210938),(258.334564208984,-305.443176269531,1914.53491210938),(258.334564208984,-305.49169921875,1919.31860351562),(258.334564208984,-304.567810058594,1918.93579101562),(258.334564208984,-302.781982421875,1923.37365722656),(258.334564208984,-302.074890136719,1922.66662597656),(258.334564208984,-298.726684570312,1926.08374023438),(260.834564208984,-302.781982421875,1923.37365722656),(260.834564208984,-298.726684570312,1926.08374023438),(261.334564208984,-302.428497314453,1923.02026367188),(261.334564208984,-305.029693603516,1919.12719726562),(261.334594726562,-298.535400390625,1925.62170410156),(261.334564208984,-302.095489501953,1922.68725585938),(261.334594726562,-298.355194091797,1925.18627929688),(261.334564208984,-304.594573974609,1918.94702148438),(261.334564208984,-305.472198486328,1914.53491210938),(261.334594726562,-293.943176269531,1926.06408691406),(261.334594726562,-289.531188964844,1925.18627929688),(261.334594726562,-293.943176269531,1926.53491210938),(261.334594726562,-289.351013183594,1925.62170410156),(260.834564208984,-293.943176269531,1927.03491210938),(258.334564208984,-293.943176269531,1927.03491210938),(260.834564208984,-289.159698486328,1926.08374023438),(258.334564208984,-289.159576416016,1926.08374023438),(260.834564208984,-285.104370117188,1923.37365722656),(258.334564208984,-285.104370117188,1923.37365722656),(260.834564208984,-282.394683837891,1919.31860351562),(261.334594726562,-285.457885742188,1923.02026367188),(261.334594726562,-285.790893554688,1922.68725585938),(261.334594726562,-282.856597900391,1919.12719726562),(261.334594726562,-283.291687011719,1918.94702148438),(261.334594726562,-281.943176269531,1914.53491210938),(261.334594726562,-282.856597900391,1909.94311523438),(261.334594726562,-282.414093017578,1914.53491210938),(260.834564208984,-281.443176269531,1914.53491210938),(258.334564208984,-281.443176269531,1914.53491210938),(260.834564208984,-282.394683837891,1909.75170898438),(258.334564208984,-282.394683837891,1909.75170898438),(258.334564208984,-283.318572998047,1910.13391113281),(258.334564208984,-282.443176269531,1914.53491210938),(257.843841552734,-283.318572998047,1910.13391113281),(257.843841552734,-282.443176269531,1914.53491210938),(257.843841552734,-282.394683837891,1909.75170898438),(257.113555908203,-282.394683837891,1909.75170898438),(257.843841552734,-285.104370117188,1905.69604492188),(257.843841552734,-281.443176269531,1914.53491210938),(257.843841552734,-282.394683837891,1919.31860351562),(257.113555908203,-281.443176269531,1914.53491210938),(257.113555908203,-282.394683837891,1919.31860351562),(-258.500152587891,-281.442962646484,1914.53491210938),(-258.500152587891,-282.394439697266,1919.31811523438),(-258.500152587891,-282.394439697266,1909.75122070312),(-258.959442138672,-281.442962646484,1914.53491210938),(-258.959442138672,-282.394439697266,1919.31811523438),(-258.959442138672,-282.394439697266,1909.75122070312),(-258.959442138672,-282.442962646484,1914.53491210938),(-258.959442138672,-283.318359375,1918.93579101562),(-258.959442138672,-283.318359375,1910.13391113281),(-258.959442138672,-285.104156494141,1905.69604492188),(-258.500152587891,-285.104156494141,1905.69604492188),(257.113555908203,-285.104370117188,1905.69604492188),(-258.959442138672,-285.104156494141,1923.37365722656),(-258.959442138672,-289.159454345703,1926.08325195312),(-258.500152587891,-285.104156494141,1923.37365722656),(-258.500152587891,-289.159454345703,1926.08325195312),(257.113555908203,-285.104370117188,1923.37365722656),(257.113555908203,-289.159576416016,1926.08374023438),(257.843841552734,-285.104370117188,1923.37365722656),(257.843841552734,-289.159576416016,1926.08374023438),(257.843841552734,-285.811492919922,1922.66662597656),(258.334564208984,-285.811492919922,1922.66662597656),(257.843841552734,-283.318572998047,1918.93579101562),(257.843841552734,-289.542297363281,1925.15991210938),(257.843841552734,-293.943176269531,1926.03491210938),(258.334564208984,-289.542297363281,1925.15991210938),(258.334564208984,-293.943176269531,1926.03491210938),(258.334564208984,-298.343994140625,1925.15991210938),(257.843841552734,-298.343994140625,1925.15991210938),(257.843841552734,-302.074890136719,1922.66662597656),(257.843841552734,-298.726684570312,1926.08374023438),(257.843841552734,-302.781982421875,1923.37365722656),(257.113555908203,-298.726684570312,1926.08374023438),(257.843841552734,-293.943176269531,1927.03491210938),(257.113555908203,-293.943176269531,1927.03491210938),(-258.500152587891,-293.942962646484,1927.03491210938),(-258.500152587891,-298.726470947266,1926.08325195312),(-258.959442138672,-293.942962646484,1927.03491210938),(-258.959442138672,-298.726470947266,1926.08325195312),(-258.959442138672,-298.343841552734,1925.15942382812),(257.113555908203,-302.781982421875,1923.37365722656),(257.843841552734,-305.49169921875,1919.31860351562),(257.843841552734,-306.443176269531,1914.53491210938),(257.843841552734,-304.567810058594,1918.93579101562),(257.843841552734,-305.443176269531,1914.53491210938),(257.843841552734,-304.567810058594,1910.13391113281),(257.843841552734,-302.074890136719,1906.40307617188),(258.334564208984,-304.567810058594,1910.13391113281),(257.843841552734,-305.49169921875,1909.75170898438),(257.843841552734,-302.781982421875,1905.69604492188),(257.113555908203,-305.49169921875,1909.75170898438),(257.113647460938,-306.443176269531,1914.53491210938),(257.113555908203,-302.781982421875,1905.69604492188),(-258.500152587891,-305.491455078125,1909.75122070312),(-258.500152587891,-302.781768798828,1905.69604492188),(-258.959442138672,-305.491455078125,1909.75122070312),(258.334564208984,-302.074890136719,1906.40307617188),(258.334564208984,-302.781982421875,1905.69604492188),(258.334564208984,-298.343994140625,1903.91040039062),(258.334564208984,-298.726684570312,1902.98657226562),(260.834564208984,-298.726684570312,1902.98657226562),(258.334564208984,-283.318572998047,1918.93579101562),(258.334564208984,-282.394683837891,1919.31860351562),(261.334594726562,-283.291687011719,1910.12280273438),(261.334594726562,-285.790893554688,1906.38256835938)));
#309=IFCINDEXEDPOLYGONALFACE((4,1,2,234));
#310=IFCINDEXEDPOLYGONALFACE((1,3,245,2));
#311=IFCINDEXEDPOLYGONALFACE((5,6,3,1));
#312=IFCINDEXEDPOLYGONALFACE((7,5,1,4));
#313=IFCINDEXEDPOLYGONALFACE((6,5,8,9));
#314=IFCINDEXEDPOLYGONALFACE((5,7,10,8));
#315=IFCINDEXEDPOLYGONALFACE((11,12,9,8));
#316=IFCINDEXEDPOLYGONALFACE((13,11,8,10));
#317=IFCINDEXEDPOLYGONALFACE((12,11,14,15));
#318=IFCINDEXEDPOLYGONALFACE((11,13,16,14));
#319=IFCINDEXEDPOLYGONALFACE((18,15,14,17));
#320=IFCINDEXEDPOLYGONALFACE((17,14,16,19));
#321=IFCINDEXEDPOLYGONALFACE((21,18,17,20));
#322=IFCINDEXEDPOLYGONALFACE((20,17,19,22));
#323=IFCINDEXEDPOLYGONALFACE((21,20,23,24));
#324=IFCINDEXEDPOLYGONALFACE((20,22,26,23));
#325=IFCINDEXEDPOLYGONALFACE((24,23,25));
#326=IFCINDEXEDPOLYGONALFACE((23,26,25));
#327=IFCINDEXEDPOLYGONALFACE((26,27,25));
#328=IFCINDEXEDPOLYGONALFACE((22,29,27,26));
#329=IFCINDEXEDPOLYGONALFACE((27,28,25));
#330=IFCINDEXEDPOLYGONALFACE((29,31,28,27));
#331=IFCINDEXEDPOLYGONALFACE((22,19,30,29));
#332=IFCINDEXEDPOLYGONALFACE((29,30,33,31));
#333=IFCINDEXEDPOLYGONALFACE((31,32,53,28));
#334=IFCINDEXEDPOLYGONALFACE((31,33,34,32));
#335=IFCINDEXEDPOLYGONALFACE((33,35,36,34));
#336=IFCINDEXEDPOLYGONALFACE((30,37,35,33));
#337=IFCINDEXEDPOLYGONALFACE((38,41,36,35));
#338=IFCINDEXEDPOLYGONALFACE((39,38,35,37));
#339=IFCINDEXEDPOLYGONALFACE((38,39,233,40));
#340=IFCINDEXEDPOLYGONALFACE((41,38,40,42));
#341=IFCINDEXEDPOLYGONALFACE((43,41,42,44));
#342=IFCINDEXEDPOLYGONALFACE((41,43,46,36));
#343=IFCINDEXEDPOLYGONALFACE((45,43,44,201));
#344=IFCINDEXEDPOLYGONALFACE((43,45,47,46));
#345=IFCINDEXEDPOLYGONALFACE((48,46,47,49));
#346=IFCINDEXEDPOLYGONALFACE((34,36,46,48));
#347=IFCINDEXEDPOLYGONALFACE((50,48,49,51));
#348=IFCINDEXEDPOLYGONALFACE((32,34,48,50));
#349=IFCINDEXEDPOLYGONALFACE((32,50,52,53));
#350=IFCINDEXEDPOLYGONALFACE((50,51,54,52));
#351=IFCINDEXEDPOLYGONALFACE((52,54,25));
#352=IFCINDEXEDPOLYGONALFACE((53,52,25));
#353=IFCINDEXEDPOLYGONALFACE((54,55,25));
#354=IFCINDEXEDPOLYGONALFACE((51,57,55,54));
#355=IFCINDEXEDPOLYGONALFACE((55,56,25));
#356=IFCINDEXEDPOLYGONALFACE((57,58,56,55));
#357=IFCINDEXEDPOLYGONALFACE((57,59,60,58));
#358=IFCINDEXEDPOLYGONALFACE((51,49,59,57));
#359=IFCINDEXEDPOLYGONALFACE((59,61,63,60));
#360=IFCINDEXEDPOLYGONALFACE((49,47,61,59));
#361=IFCINDEXEDPOLYGONALFACE((45,62,61,47));
#362=IFCINDEXEDPOLYGONALFACE((62,64,63,61));
#363=IFCINDEXEDPOLYGONALFACE((64,68,65,63));
#364=IFCINDEXEDPOLYGONALFACE((60,63,65,67));
#365=IFCINDEXEDPOLYGONALFACE((67,65,66,79));
#366=IFCINDEXEDPOLYGONALFACE((68,70,66,65));
#367=IFCINDEXEDPOLYGONALFACE((68,64,202,69));
#368=IFCINDEXEDPOLYGONALFACE((70,68,69,71));
#369=IFCINDEXEDPOLYGONALFACE((72,70,71,73));
#370=IFCINDEXEDPOLYGONALFACE((70,72,75,66));
#371=IFCINDEXEDPOLYGONALFACE((74,72,73,101));
#372=IFCINDEXEDPOLYGONALFACE((72,74,76,75));
#373=IFCINDEXEDPOLYGONALFACE((77,75,76,78));
#374=IFCINDEXEDPOLYGONALFACE((79,66,75,77));
#375=IFCINDEXEDPOLYGONALFACE((80,77,78,81));
#376=IFCINDEXEDPOLYGONALFACE((83,79,77,80));
#377=IFCINDEXEDPOLYGONALFACE((80,81,87,82));
#378=IFCINDEXEDPOLYGONALFACE((83,80,82,84));
#379=IFCINDEXEDPOLYGONALFACE((85,83,84,86));
#380=IFCINDEXEDPOLYGONALFACE((85,67,79,83));
#381=IFCINDEXEDPOLYGONALFACE((58,85,86,56));
#382=IFCINDEXEDPOLYGONALFACE((58,60,67,85));
#383=IFCINDEXEDPOLYGONALFACE((56,86,25));
#384=IFCINDEXEDPOLYGONALFACE((86,84,25));
#385=IFCINDEXEDPOLYGONALFACE((84,82,25));
#386=IFCINDEXEDPOLYGONALFACE((82,87,25));
#387=IFCINDEXEDPOLYGONALFACE((87,88,25));
#388=IFCINDEXEDPOLYGONALFACE((81,90,88,87));
#389=IFCINDEXEDPOLYGONALFACE((88,89,25));
#390=IFCINDEXEDPOLYGONALFACE((90,92,89,88));
#391=IFCINDEXEDPOLYGONALFACE((90,91,93,92));
#392=IFCINDEXEDPOLYGONALFACE((81,78,91,90));
#393=IFCINDEXEDPOLYGONALFACE((92,93,18,21));
#394=IFCINDEXEDPOLYGONALFACE((92,21,24,89));
#395=IFCINDEXEDPOLYGONALFACE((91,95,94,93));
#396=IFCINDEXEDPOLYGONALFACE((93,94,15,18));
#397=IFCINDEXEDPOLYGONALFACE((98,96,94,95));
#398=IFCINDEXEDPOLYGONALFACE((96,12,15,94));
#399=IFCINDEXEDPOLYGONALFACE((12,96,97,9));
#400=IFCINDEXEDPOLYGONALFACE((96,98,99,97));
#401=IFCINDEXEDPOLYGONALFACE((74,98,95,76));
#402=IFCINDEXEDPOLYGONALFACE((98,74,101,99));
#403=IFCINDEXEDPOLYGONALFACE((100,249,97,99));
#404=IFCINDEXEDPOLYGONALFACE((102,100,99,101));
#405=IFCINDEXEDPOLYGONALFACE((104,102,101,73));
#406=IFCINDEXEDPOLYGONALFACE((100,102,103,248));
#407=IFCINDEXEDPOLYGONALFACE((102,104,106,103));
#408=IFCINDEXEDPOLYGONALFACE((105,104,73,71));
#409=IFCINDEXEDPOLYGONALFACE((104,105,107,106));
#410=IFCINDEXEDPOLYGONALFACE((106,107,109,108));
#411=IFCINDEXEDPOLYGONALFACE((103,106,108,110));
#412=IFCINDEXEDPOLYGONALFACE((112,111,108,109));
#413=IFCINDEXEDPOLYGONALFACE((111,113,110,108));
#414=IFCINDEXEDPOLYGONALFACE((111,112,117,114));
#415=IFCINDEXEDPOLYGONALFACE((113,111,114,116));
#416=IFCINDEXEDPOLYGONALFACE((115,252,116,114));
#417=IFCINDEXEDPOLYGONALFACE((119,115,114,117));
#418=IFCINDEXEDPOLYGONALFACE((112,189,118,117));
#419=IFCINDEXEDPOLYGONALFACE((120,119,117,118));
#420=IFCINDEXEDPOLYGONALFACE((119,120,122,121));
#421=IFCINDEXEDPOLYGONALFACE((115,119,121,123));
#422=IFCINDEXEDPOLYGONALFACE((124,121,122,125));
#423=IFCINDEXEDPOLYGONALFACE((126,123,121,124));
#424=IFCINDEXEDPOLYGONALFACE((127,124,125,128));
#425=IFCINDEXEDPOLYGONALFACE((130,126,124,127));
#426=IFCINDEXEDPOLYGONALFACE((127,128,258,129));
#427=IFCINDEXEDPOLYGONALFACE((130,127,129,132));
#428=IFCINDEXEDPOLYGONALFACE((131,130,132,134));
#429=IFCINDEXEDPOLYGONALFACE((131,254,126,130));
#430=IFCINDEXEDPOLYGONALFACE((132,129,133));
#431=IFCINDEXEDPOLYGONALFACE((134,132,133));
#432=IFCINDEXEDPOLYGONALFACE((135,134,133));
#433=IFCINDEXEDPOLYGONALFACE((137,131,134,135));
#434=IFCINDEXEDPOLYGONALFACE((136,135,133));
#435=IFCINDEXEDPOLYGONALFACE((139,137,135,136));
#436=IFCINDEXEDPOLYGONALFACE((137,138,254,131));
#437=IFCINDEXEDPOLYGONALFACE((139,141,138,137));
#438=IFCINDEXEDPOLYGONALFACE((140,139,136,160));
#439=IFCINDEXEDPOLYGONALFACE((140,143,141,139));
#440=IFCINDEXEDPOLYGONALFACE((141,142,251,138));
#441=IFCINDEXEDPOLYGONALFACE((143,145,142,141));
#442=IFCINDEXEDPOLYGONALFACE((155,144,143,140));
#443=IFCINDEXEDPOLYGONALFACE((144,147,145,143));
#444=IFCINDEXEDPOLYGONALFACE((146,241,142,145));
#445=IFCINDEXEDPOLYGONALFACE((148,146,145,147));
#446=IFCINDEXEDPOLYGONALFACE((150,148,147,149));
#447=IFCINDEXEDPOLYGONALFACE((152,149,147,144));
#448=IFCINDEXEDPOLYGONALFACE((221,150,149,151));
#449=IFCINDEXEDPOLYGONALFACE((153,151,149,152));
#450=IFCINDEXEDPOLYGONALFACE((156,153,152,154));
#451=IFCINDEXEDPOLYGONALFACE((154,152,144,155));
#452=IFCINDEXEDPOLYGONALFACE((154,155,159,157));
#453=IFCINDEXEDPOLYGONALFACE((156,154,157,158));
#454=IFCINDEXEDPOLYGONALFACE((157,159,133));
#455=IFCINDEXEDPOLYGONALFACE((158,157,133));
#456=IFCINDEXEDPOLYGONALFACE((159,160,133));
#457=IFCINDEXEDPOLYGONALFACE((155,140,160,159));
#458=IFCINDEXEDPOLYGONALFACE((160,136,133));
#459=IFCINDEXEDPOLYGONALFACE((161,158,133));
#460=IFCINDEXEDPOLYGONALFACE((163,156,158,161));
#461=IFCINDEXEDPOLYGONALFACE((162,161,133));
#462=IFCINDEXEDPOLYGONALFACE((164,163,161,162));
#463=IFCINDEXEDPOLYGONALFACE((164,167,165,163));
#464=IFCINDEXEDPOLYGONALFACE((163,165,153,156));
#465=IFCINDEXEDPOLYGONALFACE((165,166,151,153));
#466=IFCINDEXEDPOLYGONALFACE((167,168,166,165));
#467=IFCINDEXEDPOLYGONALFACE((169,170,168,167));
#468=IFCINDEXEDPOLYGONALFACE((172,169,167,164));
#469=IFCINDEXEDPOLYGONALFACE((171,256,170,169));
#470=IFCINDEXEDPOLYGONALFACE((174,171,169,172));
#471=IFCINDEXEDPOLYGONALFACE((172,164,162,173));
#472=IFCINDEXEDPOLYGONALFACE((174,172,173,175));
#473=IFCINDEXEDPOLYGONALFACE((176,174,175,178));
#474=IFCINDEXEDPOLYGONALFACE((176,179,171,174));
#475=IFCINDEXEDPOLYGONALFACE((177,176,178,257));
#476=IFCINDEXEDPOLYGONALFACE((177,181,179,176));
#477=IFCINDEXEDPOLYGONALFACE((179,180,256,171));
#478=IFCINDEXEDPOLYGONALFACE((181,182,180,179));
#479=IFCINDEXEDPOLYGONALFACE((125,122,182,181));
#480=IFCINDEXEDPOLYGONALFACE((128,125,181,177));
#481=IFCINDEXEDPOLYGONALFACE((120,183,182,122));
#482=IFCINDEXEDPOLYGONALFACE((183,184,180,182));
#483=IFCINDEXEDPOLYGONALFACE((184,183,185,186));
#484=IFCINDEXEDPOLYGONALFACE((183,120,118,185));
#485=IFCINDEXEDPOLYGONALFACE((187,190,186,185));
#486=IFCINDEXEDPOLYGONALFACE((189,187,185,118));
#487=IFCINDEXEDPOLYGONALFACE((187,189,205,188));
#488=IFCINDEXEDPOLYGONALFACE((190,187,188,192));
#489=IFCINDEXEDPOLYGONALFACE((190,191,216,186));
#490=IFCINDEXEDPOLYGONALFACE((191,190,192,193));
#491=IFCINDEXEDPOLYGONALFACE((194,195,193,192));
#492=IFCINDEXEDPOLYGONALFACE((196,194,192,188));
#493=IFCINDEXEDPOLYGONALFACE((197,198,195,194));
#494=IFCINDEXEDPOLYGONALFACE((199,197,194,196));
#495=IFCINDEXEDPOLYGONALFACE((198,197,200,201));
#496=IFCINDEXEDPOLYGONALFACE((197,199,202,200));
#497=IFCINDEXEDPOLYGONALFACE((62,45,201,200));
#498=IFCINDEXEDPOLYGONALFACE((64,62,200,202));
#499=IFCINDEXEDPOLYGONALFACE((199,203,69,202));
#500=IFCINDEXEDPOLYGONALFACE((206,198,201,44));
#501=IFCINDEXEDPOLYGONALFACE((203,199,196,204));
#502=IFCINDEXEDPOLYGONALFACE((105,203,204,107));
#503=IFCINDEXEDPOLYGONALFACE((203,105,71,69));
#504=IFCINDEXEDPOLYGONALFACE((204,196,188,205));
#505=IFCINDEXEDPOLYGONALFACE((107,204,205,109));
#506=IFCINDEXEDPOLYGONALFACE((189,112,109,205));
#507=IFCINDEXEDPOLYGONALFACE((198,206,208,195));
#508=IFCINDEXEDPOLYGONALFACE((207,206,44,42));
#509=IFCINDEXEDPOLYGONALFACE((206,207,209,208));
#510=IFCINDEXEDPOLYGONALFACE((208,209,211,210));
#511=IFCINDEXEDPOLYGONALFACE((195,208,210,193));
#512=IFCINDEXEDPOLYGONALFACE((213,212,210,211));
#513=IFCINDEXEDPOLYGONALFACE((212,191,193,210));
#514=IFCINDEXEDPOLYGONALFACE((212,213,217,214));
#515=IFCINDEXEDPOLYGONALFACE((191,212,214,216));
#516=IFCINDEXEDPOLYGONALFACE((215,255,216,214));
#517=IFCINDEXEDPOLYGONALFACE((219,215,214,217));
#518=IFCINDEXEDPOLYGONALFACE((213,227,218,217));
#519=IFCINDEXEDPOLYGONALFACE((220,219,217,218));
#520=IFCINDEXEDPOLYGONALFACE((219,220,166,168));
#521=IFCINDEXEDPOLYGONALFACE((215,219,168,170));
#522=IFCINDEXEDPOLYGONALFACE((221,220,218,222));
#523=IFCINDEXEDPOLYGONALFACE((220,221,151,166));
#524=IFCINDEXEDPOLYGONALFACE((150,221,222,223));
#525=IFCINDEXEDPOLYGONALFACE((224,225,223,222));
#526=IFCINDEXEDPOLYGONALFACE((227,224,222,218));
#527=IFCINDEXEDPOLYGONALFACE((225,224,226,234));
#528=IFCINDEXEDPOLYGONALFACE((224,227,228,226));
#529=IFCINDEXEDPOLYGONALFACE((227,213,211,228));
#530=IFCINDEXEDPOLYGONALFACE((229,230,226,228));
#531=IFCINDEXEDPOLYGONALFACE((209,229,228,211));
#532=IFCINDEXEDPOLYGONALFACE((231,232,230,229));
#533=IFCINDEXEDPOLYGONALFACE((207,231,229,209));
#534=IFCINDEXEDPOLYGONALFACE((232,231,40,233));
#535=IFCINDEXEDPOLYGONALFACE((231,207,42,40));
#536=IFCINDEXEDPOLYGONALFACE((7,232,233,10));
#537=IFCINDEXEDPOLYGONALFACE((232,7,4,230));
#538=IFCINDEXEDPOLYGONALFACE((39,13,10,233));
#539=IFCINDEXEDPOLYGONALFACE((230,4,234,226));
#540=IFCINDEXEDPOLYGONALFACE((235,225,234,2));
#541=IFCINDEXEDPOLYGONALFACE((225,235,237,223));
#542=IFCINDEXEDPOLYGONALFACE((235,236,238,237));
#543=IFCINDEXEDPOLYGONALFACE((236,235,2,245));
#544=IFCINDEXEDPOLYGONALFACE((148,150,223,237));
#545=IFCINDEXEDPOLYGONALFACE((146,148,237,238));
#546=IFCINDEXEDPOLYGONALFACE((236,242,239,238));
#547=IFCINDEXEDPOLYGONALFACE((241,146,238,239));
#548=IFCINDEXEDPOLYGONALFACE((242,243,240,239));
#549=IFCINDEXEDPOLYGONALFACE((250,241,239,240));
#550=IFCINDEXEDPOLYGONALFACE((242,236,245,244));
#551=IFCINDEXEDPOLYGONALFACE((243,242,244,246));
#552=IFCINDEXEDPOLYGONALFACE((3,247,244,245));
#553=IFCINDEXEDPOLYGONALFACE((247,248,246,244));
#554=IFCINDEXEDPOLYGONALFACE((249,100,248,247));
#555=IFCINDEXEDPOLYGONALFACE((6,249,247,3));
#556=IFCINDEXEDPOLYGONALFACE((249,6,9,97));
#557=IFCINDEXEDPOLYGONALFACE((248,103,110,246));
#558=IFCINDEXEDPOLYGONALFACE((113,243,246,110));
#559=IFCINDEXEDPOLYGONALFACE((243,113,116,240));
#560=IFCINDEXEDPOLYGONALFACE((241,250,251,142));
#561=IFCINDEXEDPOLYGONALFACE((252,250,240,116));
#562=IFCINDEXEDPOLYGONALFACE((250,252,253,251));
#563=IFCINDEXEDPOLYGONALFACE((252,115,123,253));
#564=IFCINDEXEDPOLYGONALFACE((254,253,123,126));
#565=IFCINDEXEDPOLYGONALFACE((138,251,253,254));
#566=IFCINDEXEDPOLYGONALFACE((255,184,186,216));
#567=IFCINDEXEDPOLYGONALFACE((255,215,170,256));
#568=IFCINDEXEDPOLYGONALFACE((184,255,256,180));
#569=IFCINDEXEDPOLYGONALFACE((257,178,133));
#570=IFCINDEXEDPOLYGONALFACE((178,175,133));
#571=IFCINDEXEDPOLYGONALFACE((128,177,257,258));
#572=IFCINDEXEDPOLYGONALFACE((258,257,133));
#573=IFCINDEXEDPOLYGONALFACE((129,258,133));
#574=IFCINDEXEDPOLYGONALFACE((175,173,133));
#575=IFCINDEXEDPOLYGONALFACE((173,162,133));
#576=IFCINDEXEDPOLYGONALFACE((78,76,95,91));
#577=IFCINDEXEDPOLYGONALFACE((89,24,25));
#578=IFCINDEXEDPOLYGONALFACE((28,53,25));
#579=IFCINDEXEDPOLYGONALFACE((13,39,37,16));
#580=IFCINDEXEDPOLYGONALFACE((19,16,37,30));
#581=IFCPOLYGONALFACESET(#308,$,(#309,#310,#311,#312,#313,#314,#315,#316,#317,#318,#319,#320,#321,#322,#323,#324,#325,#326,#327,#328,#329,#330,#331,#332,#333,#334,#335,#336,#337,#338,#339,#340,#341,#342,#343,#344,#345,#346,#347,#348,#349,#350,#351,#352,#353,#354,#355,#356,#357,#358,#359,#360,#361,#362,#363,#364,#365,#366,#367,#368,#369,#370,#371,#372,#373,#374,#375,#376,#377,#378,#379,#380,#381,#382,#383,#384,#385,#386,#387,#388,#389,#390,#391,#392,#393,#394,#395,#396,#397,#398,#399,#400,#401,#402,#403,#404,#405,#406,#407,#408,#409,#410,#411,#412,#413,#414,#415,#416,#417,#418,#419,#420,#421,#422,#423,#424,#425,#426,#427,#428,#429,#430,#431,#432,#433,#434,#435,#436,#437,#438,#439,#440,#441,#442,#443,#444,#445,#446,#447,#448,#449,#450,#451,#452,#453,#454,#455,#456,#457,#458,#459,#460,#461,#462,#463,#464,#465,#466,#467,#468,#469,#470,#471,#472,#473,#474,#475,#476,#477,#478,#479,#480,#481,#482,#483,#484,#485,#486,#487,#488,#489,#490,#491,#492,#493,#494,#495,#496,#497,#498,#499,#500,#501,#502,#503,#504,#505,#506,#507,#508,#509,#510,#511,#512,#513,#514,#515,#516,#517,#518,#519,#520,#521,#522,#523,#524,#525,#526,#527,#528,#529,#530,#531,#532,#533,#534,#535,#536,#537,#538,#539,#540,#541,#542,#543,#544,#545,#546,#547,#548,#549,#550,#551,#552,#553,#554,#555,#556,#557,#558,#559,#560,#561,#562,#563,#564,#565,#566,#567,#568,#569,#570,#571,#572,#573,#574,#575,#576,#577,#578,#579,#580),$);
#582=IFCCARTESIANPOINTLIST3D(((-229.785537719727,-297.831268310547,1982.04467773438),(-230.890243530273,-298.2265625,1982.04467773438),(-229.390228271484,-296.645446777344,1982.04467773438),(-229.390228271484,-298.2265625,1982.04467773438),(-229.390228271484,-298.226654052734,1981.48608398438),(-230.890243530273,-298.7265625,1982.04467773438),(-228.890274047852,-296.7265625,1982.04467773438),(-228.890274047852,-293.942962646484,1982.04467773438),(-228.890274047852,-296.726959228516,1981.48889160156),(-228.890274047852,-293.942962646484,1981.49487304688),(-228.890274047852,-296.728057861328,1979.92248535156),(-228.890274047852,-296.763549804688,1928.59008789062),(-229.390228271484,-298.226959228516,1979.91174316406),(-228.890274047852,-293.942962646484,1979.94409179688),(-228.890274047852,-291.157958984375,1979.92248535156),(-228.890274047852,-293.942962646484,1929.12963867188),(-228.890274047852,-291.122467041016,1928.59008789062),(-228.890274047852,-293.942962646484,1927.57934570312),(-228.890274047852,-293.942962646484,1927.03491210938),(-228.890274047852,-296.7646484375,1927.02368164062),(-228.890274047852,-291.121368408203,1927.02368164062),(-228.890274047852,-291.121063232422,1926.47338867188),(-229.390228271484,-289.649963378906,1926.73413085938),(-230.890243530273,-289.159454345703,1926.63745117188),(-229.390228271484,-289.649841308594,1926.18078613281),(-229.390228271484,-289.650268554688,1928.30834960938),(-230.890243530273,-289.159454345703,1928.21459960938),(-229.390228271484,-289.659057617188,1979.91174316406),(-230.890243530273,-289.159454345703,1979.90795898438),(-229.390228271484,-289.659362792969,1981.48608398438),(-229.390228271484,-289.659454345703,1982.04467773438),(-230.890243530273,-289.159454345703,1981.48510742188),(-228.890274047852,-291.159057617188,1981.48889160156),(-228.890274047852,-291.159454345703,1982.04467773438),(-229.390228271484,-291.240570068359,1982.04467773438),(-229.390228271484,-293.942962646484,1982.04467773438),(-230.890243530273,-291.159454345703,1982.04467773438),(-229.785537719727,-290.054748535156,1982.04467773438),(-230.971420288086,-289.659454345703,1982.04467773438),(-256.809051513672,-289.659454345703,1982.04467773438),(-230.890243530273,-289.159454345703,1982.04467773438),(-256.890289306641,-289.159454345703,1982.04467773438),(-256.890289306641,-289.159454345703,1981.48510742188),(-258.390289306641,-289.659454345703,1982.04467773438),(-258.390289306641,-289.659362792969,1981.48608398438),(-258.890258789062,-291.159454345703,1982.04467773438),(-258.,-290.054748535156,1982.04467773438),(-258.390289306641,-291.240570068359,1982.04467773438),(-256.890289306641,-291.159454345703,1982.04467773438),(-258.390289306641,-293.942962646484,1982.04467773438),(-256.890289306641,-293.942962646484,1982.04467773438),(-258.390289306641,-296.645446777344,1982.04467773438),(-258.890258789062,-293.942962646484,1982.04467773438),(-258.890258789062,-293.942962646484,1981.49487304688),(-258.890258789062,-296.7265625,1982.04467773438),(-258.890258789062,-296.726959228516,1981.48889160156),(-258.390289306641,-298.2265625,1982.04467773438),(-256.890289306641,-298.7265625,1982.04467773438),(-258.390289306641,-298.226654052734,1981.48608398438),(-258.,-297.831268310547,1982.04467773438),(-256.809051513672,-298.2265625,1982.04467773438),(-256.890289306641,-296.7265625,1982.04467773438),(-230.890243530273,-296.7265625,1982.04467773438),(-230.890243530273,-293.942962646484,1982.04467773438),(-256.890289306641,-298.7265625,1981.48510742188),(-258.390289306641,-298.226959228516,1979.91174316406),(-258.390289306641,-298.235748291016,1928.30834960938),(-256.890289306641,-298.7265625,1979.90795898438),(-258.890258789062,-296.728057861328,1979.92248535156),(-258.890258789062,-296.763549804688,1928.59008789062),(-258.890258789062,-293.942962646484,1979.94409179688),(-258.890258789062,-293.942962646484,1929.12963867188),(-258.890258789062,-291.157958984375,1979.92248535156),(-258.890258789062,-291.122467041016,1928.59008789062),(-258.390289306641,-289.659057617188,1979.91174316406),(-258.890258789062,-291.159057617188,1981.48889160156),(-256.890289306641,-289.159454345703,1979.90795898438),(-258.390289306641,-289.650146484375,1928.30834960938),(-256.890289306641,-289.159454345703,1928.21459960938),(-258.390289306641,-289.649963378906,1926.73413085938),(-258.890258789062,-291.121368408203,1927.02368164062),(-258.390289306641,-289.649841308594,1926.18078613281),(-256.890289306641,-289.159454345703,1926.63745117188),(-256.890289306641,-289.159454345703,1926.08325195312),(-230.890243530273,-289.159454345703,1926.08325195312),(-256.810516357422,-289.659454345703,1926.08325195312),(-230.969940185547,-289.659454345703,1926.08325195312),(-258.,-290.04736328125,1926.18078613281),(-258.390289306641,-291.203674316406,1926.47338867188),(-258.890258789062,-291.120941162109,1926.47338867188),(-258.390289306641,-293.942962646484,1927.03491210938),(-258.890258789062,-293.942962646484,1927.03491210938),(-258.390289306641,-296.682342529297,1926.47338867188),(-258.,-297.838562011719,1926.18078613281),(-258.890258789062,-296.764953613281,1926.47338867188),(-258.890258789062,-296.764556884766,1927.02368164062),(-258.390289306641,-298.236145019531,1926.18078613281),(-256.890289306641,-298.7265625,1926.08325195312),(-258.390289306641,-298.236053466797,1926.73413085938),(-256.890289306641,-298.7265625,1926.63745117188),(-230.890243530273,-298.7265625,1926.63745117188),(-256.890289306641,-298.7265625,1928.21459960938),(-230.890243530273,-298.7265625,1928.21459960938),(-230.890243530273,-298.7265625,1979.90795898438),(-229.390228271484,-298.235748291016,1928.30834960938),(-229.390228271484,-298.236053466797,1926.73413085938),(-229.390228271484,-298.236145019531,1926.18078613281),(-229.783264160156,-297.838562011719,1926.18078613281),(-230.890243530273,-298.7265625,1926.08325195312),(-228.890274047852,-296.764953613281,1926.47338867188),(-229.390228271484,-296.682342529297,1926.47338867188),(-229.390228271484,-293.942962646484,1927.03491210938),(-229.390228271484,-291.203674316406,1926.47338867188),(-229.783264160156,-290.047454833984,1926.18078613281),(-230.969940185547,-298.2265625,1926.08325195312),(-256.810516357422,-298.2265625,1926.08325195312),(-230.890243530273,-298.7265625,1981.48510742188),(-258.890258789062,-293.942962646484,1927.57934570312)));
#583=IFCINDEXEDPOLYGONALFACE((6,4,1,2));
#584=IFCINDEXEDPOLYGONALFACE((1,3,63,2));
#585=IFCINDEXEDPOLYGONALFACE((4,7,3,1));
#586=IFCINDEXEDPOLYGONALFACE((7,4,5,9));
#587=IFCINDEXEDPOLYGONALFACE((4,6,117,5));
#588=IFCINDEXEDPOLYGONALFACE((7,8,36,3));
#589=IFCINDEXEDPOLYGONALFACE((8,7,9,10));
#590=IFCINDEXEDPOLYGONALFACE((10,9,11,14));
#591=IFCINDEXEDPOLYGONALFACE((9,5,13,11));
#592=IFCINDEXEDPOLYGONALFACE((12,11,13,105));
#593=IFCINDEXEDPOLYGONALFACE((16,14,11,12));
#594=IFCINDEXEDPOLYGONALFACE((33,10,14,15));
#595=IFCINDEXEDPOLYGONALFACE((15,14,16,17));
#596=IFCINDEXEDPOLYGONALFACE((18,21,17,16));
#597=IFCINDEXEDPOLYGONALFACE((12,20,18,16));
#598=IFCINDEXEDPOLYGONALFACE((19,22,21,18));
#599=IFCINDEXEDPOLYGONALFACE((19,18,20,110));
#600=IFCINDEXEDPOLYGONALFACE((22,25,23,21));
#601=IFCINDEXEDPOLYGONALFACE((21,23,26,17));
#602=IFCINDEXEDPOLYGONALFACE((23,24,27,26));
#603=IFCINDEXEDPOLYGONALFACE((25,85,24,23));
#604=IFCINDEXEDPOLYGONALFACE((26,27,29,28));
#605=IFCINDEXEDPOLYGONALFACE((17,26,28,15));
#606=IFCINDEXEDPOLYGONALFACE((32,30,28,29));
#607=IFCINDEXEDPOLYGONALFACE((30,33,15,28));
#608=IFCINDEXEDPOLYGONALFACE((34,33,30,31));
#609=IFCINDEXEDPOLYGONALFACE((31,30,32,41));
#610=IFCINDEXEDPOLYGONALFACE((34,8,10,33));
#611=IFCINDEXEDPOLYGONALFACE((8,34,35,36));
#612=IFCINDEXEDPOLYGONALFACE((34,31,38,35));
#613=IFCINDEXEDPOLYGONALFACE((35,37,64,36));
#614=IFCINDEXEDPOLYGONALFACE((38,39,37,35));
#615=IFCINDEXEDPOLYGONALFACE((31,41,39,38));
#616=IFCINDEXEDPOLYGONALFACE((40,49,37,39));
#617=IFCINDEXEDPOLYGONALFACE((41,42,40,39));
#618=IFCINDEXEDPOLYGONALFACE((32,43,42,41));
#619=IFCINDEXEDPOLYGONALFACE((44,42,43,45));
#620=IFCINDEXEDPOLYGONALFACE((42,44,47,40));
#621=IFCINDEXEDPOLYGONALFACE((46,44,45,76));
#622=IFCINDEXEDPOLYGONALFACE((44,46,48,47));
#623=IFCINDEXEDPOLYGONALFACE((47,48,49,40));
#624=IFCINDEXEDPOLYGONALFACE((48,50,51,49));
#625=IFCINDEXEDPOLYGONALFACE((46,53,50,48));
#626=IFCINDEXEDPOLYGONALFACE((50,52,62,51));
#627=IFCINDEXEDPOLYGONALFACE((53,55,52,50));
#628=IFCINDEXEDPOLYGONALFACE((55,53,54,56));
#629=IFCINDEXEDPOLYGONALFACE((53,46,76,54));
#630=IFCINDEXEDPOLYGONALFACE((55,56,59,57));
#631=IFCINDEXEDPOLYGONALFACE((55,57,60,52));
#632=IFCINDEXEDPOLYGONALFACE((57,58,61,60));
#633=IFCINDEXEDPOLYGONALFACE((57,59,65,58));
#634=IFCINDEXEDPOLYGONALFACE((62,52,60,61));
#635=IFCINDEXEDPOLYGONALFACE((58,6,2,61));
#636=IFCINDEXEDPOLYGONALFACE((62,61,2,63));
#637=IFCINDEXEDPOLYGONALFACE((51,62,63,64));
#638=IFCINDEXEDPOLYGONALFACE((36,64,63,3));
#639=IFCINDEXEDPOLYGONALFACE((49,51,64,37));
#640=IFCINDEXEDPOLYGONALFACE((65,59,66,68));
#641=IFCINDEXEDPOLYGONALFACE((59,56,69,66));
#642=IFCINDEXEDPOLYGONALFACE((70,67,66,69));
#643=IFCINDEXEDPOLYGONALFACE((67,102,68,66));
#644=IFCINDEXEDPOLYGONALFACE((69,71,72,70));
#645=IFCINDEXEDPOLYGONALFACE((56,54,71,69));
#646=IFCINDEXEDPOLYGONALFACE((72,71,73,74));
#647=IFCINDEXEDPOLYGONALFACE((54,76,73,71));
#648=IFCINDEXEDPOLYGONALFACE((74,73,75,78));
#649=IFCINDEXEDPOLYGONALFACE((76,45,75,73));
#650=IFCINDEXEDPOLYGONALFACE((45,43,77,75));
#651=IFCINDEXEDPOLYGONALFACE((75,77,79,78));
#652=IFCINDEXEDPOLYGONALFACE((79,83,80,78));
#653=IFCINDEXEDPOLYGONALFACE((78,80,81,74));
#654=IFCINDEXEDPOLYGONALFACE((90,81,80,82));
#655=IFCINDEXEDPOLYGONALFACE((82,80,83,84));
#656=IFCINDEXEDPOLYGONALFACE((85,84,83,24));
#657=IFCINDEXEDPOLYGONALFACE((24,83,79,27));
#658=IFCINDEXEDPOLYGONALFACE((84,85,87,86));
#659=IFCINDEXEDPOLYGONALFACE((82,84,86,88));
#660=IFCINDEXEDPOLYGONALFACE((90,82,88,89));
#661=IFCINDEXEDPOLYGONALFACE((92,90,89,91));
#662=IFCINDEXEDPOLYGONALFACE((95,92,91,93));
#663=IFCINDEXEDPOLYGONALFACE((97,95,93,94));
#664=IFCINDEXEDPOLYGONALFACE((92,95,96,118));
#665=IFCINDEXEDPOLYGONALFACE((95,97,99,96));
#666=IFCINDEXEDPOLYGONALFACE((98,97,94,116));
#667=IFCINDEXEDPOLYGONALFACE((97,98,100,99));
#668=IFCINDEXEDPOLYGONALFACE((99,100,102,67));
#669=IFCINDEXEDPOLYGONALFACE((96,99,67,70));
#670=IFCINDEXEDPOLYGONALFACE((100,101,103,102));
#671=IFCINDEXEDPOLYGONALFACE((101,100,98,109));
#672=IFCINDEXEDPOLYGONALFACE((104,68,102,103));
#673=IFCINDEXEDPOLYGONALFACE((103,101,106,105));
#674=IFCINDEXEDPOLYGONALFACE((13,104,103,105));
#675=IFCINDEXEDPOLYGONALFACE((105,106,20,12));
#676=IFCINDEXEDPOLYGONALFACE((107,106,101,109));
#677=IFCINDEXEDPOLYGONALFACE((110,20,106,107));
#678=IFCINDEXEDPOLYGONALFACE((107,109,115,108));
#679=IFCINDEXEDPOLYGONALFACE((110,107,108,111));
#680=IFCINDEXEDPOLYGONALFACE((19,110,111,112));
#681=IFCINDEXEDPOLYGONALFACE((22,19,112,113));
#682=IFCINDEXEDPOLYGONALFACE((25,22,113,114));
#683=IFCINDEXEDPOLYGONALFACE((85,25,114,87));
#684=IFCINDEXEDPOLYGONALFACE((109,98,116,115));
#685=IFCINDEXEDPOLYGONALFACE((5,117,104,13));
#686=IFCINDEXEDPOLYGONALFACE((117,65,68,104));
#687=IFCINDEXEDPOLYGONALFACE((117,6,58,65));
#688=IFCINDEXEDPOLYGONALFACE((118,96,70,72));
#689=IFCINDEXEDPOLYGONALFACE((92,118,81,90));
#690=IFCINDEXEDPOLYGONALFACE((74,81,118,72));
#691=IFCINDEXEDPOLYGONALFACE((27,79,77,29));
#692=IFCINDEXEDPOLYGONALFACE((43,32,29,77));
#693=IFCPOLYGONALFACESET(#582,$,(#583,#584,#585,#586,#587,#588,#589,#590,#591,#592,#593,#594,#595,#596,#597,#598,#599,#600,#601,#602,#603,#604,#605,#606,#607,#608,#609,#610,#611,#612,#613,#614,#615,#616,#617,#618,#619,#620,#621,#622,#623,#624,#625,#626,#627,#628,#629,#630,#631,#632,#633,#634,#635,#636,#637,#638,#639,#640,#641,#642,#643,#644,#645,#646,#647,#648,#649,#650,#651,#652,#653,#654,#655,#656,#657,#658,#659,#660,#661,#662,#663,#664,#665,#666,#667,#668,#669,#670,#671,#672,#673,#674,#675,#676,#677,#678,#679,#680,#681,#682,#683,#684,#685,#686,#687,#688,#689,#690,#691,#692),$);
#694=IFCCARTESIANPOINTLIST3D(((256.773712158203,-297.831573486328,1982.04467773438),(255.669006347656,-298.226898193359,1982.04467773438),(257.169036865234,-296.645690917969,1982.04467773438),(257.169036865234,-298.226898193359,1982.04467773438),(257.169036865234,-298.226989746094,1981.48608398438),(255.669006347656,-298.726898193359,1982.04467773438),(257.669006347656,-296.726898193359,1982.04467773438),(257.669006347656,-293.943298339844,1982.04467773438),(257.669006347656,-296.727294921875,1981.48889160156),(257.669006347656,-293.943298339844,1981.49487304688),(257.669006347656,-296.728393554688,1979.92248535156),(257.669006347656,-293.943298339844,1979.94409179688),(257.669006347656,-296.763885498047,1928.59008789062),(257.169036865234,-298.227294921875,1979.91174316406),(255.669006347656,-298.726898193359,1979.90795898438),(257.169036865234,-298.236083984375,1928.30834960938),(257.169036865234,-298.236389160156,1926.73413085938),(255.669006347656,-298.726898193359,1928.21459960938),(229.669021606445,-298.726898193359,1928.21459960938),(255.669006347656,-298.726898193359,1926.63745117188),(255.669006347656,-298.726898193359,1926.08325195312),(229.669021606445,-298.726898193359,1926.63745117188),(229.669021606445,-298.726898193359,1926.08325195312),(228.169021606445,-298.236389160156,1926.73413085938),(227.669036865234,-296.764892578125,1927.02368164062),(228.169021606445,-298.236083984375,1928.30834960938),(228.169021606445,-298.236480712891,1926.18078613281),(227.669036865234,-296.765289306641,1926.47338867188),(228.561935424805,-297.838897705078,1926.18078613281),(229.748733520508,-298.226898193359,1926.08325195312),(228.169021606445,-296.682678222656,1926.47338867188),(228.169021606445,-293.943298339844,1927.03491210938),(228.169021606445,-291.203979492188,1926.47338867188),(227.669036865234,-293.943298339844,1927.03491210938),(227.669036865234,-291.121276855469,1926.47338867188),(227.669036865234,-293.943298339844,1927.57934570312),(227.669036865234,-291.121673583984,1927.02368164062),(227.669036865234,-293.943298339844,1929.12963867188),(227.669036865234,-291.122772216797,1928.59008789062),(227.669036865234,-293.943298339844,1979.94409179688),(227.669036865234,-296.763793945312,1928.59008789062),(227.669036865234,-296.728271484375,1979.92248535156),(227.669036865234,-296.727294921875,1981.48889160156),(228.169021606445,-298.227172851562,1979.91174316406),(228.169021606445,-298.226989746094,1981.48608398438),(229.669021606445,-298.726898193359,1979.90795898438),(229.669021606445,-298.726898193359,1981.48510742188),(229.669021606445,-298.726898193359,1982.04467773438),(255.669006347656,-298.726898193359,1981.48510742188),(228.169021606445,-298.226898193359,1982.04467773438),(229.750228881836,-298.226898193359,1982.04467773438),(229.669021606445,-296.726898193359,1982.04467773438),(228.564239501953,-297.831573486328,1982.04467773438),(228.169021606445,-296.645690917969,1982.04467773438),(228.169021606445,-293.943298339844,1982.04467773438),(227.669036865234,-296.726898193359,1982.04467773438),(227.669036865234,-293.943298339844,1982.04467773438),(227.669036865234,-293.943298339844,1981.49487304688),(227.669036865234,-291.159790039062,1982.04467773438),(227.669036865234,-291.159393310547,1981.48889160156),(228.169021606445,-289.659790039062,1982.04467773438),(228.169021606445,-291.240875244141,1982.04467773438),(228.564239501953,-290.055084228516,1982.04467773438),(229.669021606445,-291.159790039062,1982.04467773438),(255.669006347656,-291.159790039062,1982.04467773438),(229.750228881836,-289.659790039062,1982.04467773438),(229.669021606445,-293.943298339844,1982.04467773438),(255.669006347656,-293.943298339844,1982.04467773438),(255.669006347656,-296.726898193359,1982.04467773438),(257.169036865234,-293.943298339844,1982.04467773438),(257.169036865234,-291.240875244141,1982.04467773438),(256.773712158203,-290.055084228516,1982.04467773438),(257.669006347656,-291.159790039062,1982.04467773438),(257.169036865234,-289.659790039062,1982.04467773438),(257.669006347656,-291.159393310547,1981.48889160156),(257.169036865234,-289.659698486328,1981.48608398438),(257.669006347656,-291.158294677734,1979.92248535156),(257.169036865234,-289.659393310547,1979.91174316406),(257.669006347656,-291.122772216797,1928.59008789062),(257.169036865234,-289.650482177734,1928.30834960938),(257.669006347656,-293.943298339844,1929.12963867188),(257.669006347656,-291.121673583984,1927.02368164062),(257.669006347656,-293.943298339844,1927.57934570312),(257.669006347656,-291.121276855469,1926.47338867188),(257.169036865234,-289.650299072266,1926.73413085938),(255.669006347656,-289.159790039062,1926.63745117188),(257.169036865234,-289.650177001953,1926.18078613281),(255.669006347656,-289.159790039062,1926.08325195312),(256.776031494141,-290.047698974609,1926.18078613281),(257.169036865234,-291.203979492188,1926.47338867188),(255.589324951172,-289.659790039062,1926.08325195312),(229.748733520508,-289.659790039062,1926.08325195312),(229.669021606445,-289.159790039062,1926.08325195312),(228.561935424805,-290.047698974609,1926.18078613281),(228.169021606445,-289.650177001953,1926.18078613281),(228.169021606445,-289.650299072266,1926.73413085938),(229.669021606445,-289.159790039062,1926.63745117188),(228.169021606445,-289.650482177734,1928.30834960938),(228.169021606445,-289.659393310547,1979.91174316406),(229.669021606445,-289.159790039062,1928.21459960938),(255.669006347656,-289.159790039062,1928.21459960938),(229.669021606445,-289.159790039062,1979.90795898438),(255.669006347656,-289.159790039062,1979.90795898438),(229.669021606445,-289.159790039062,1981.48510742188),(255.669006347656,-289.159790039062,1981.48510742188),(229.669021606445,-289.159790039062,1982.04467773438),(228.169021606445,-289.659698486328,1981.48608398438),(255.669006347656,-289.159790039062,1982.04467773438),(255.587829589844,-289.659790039062,1982.04467773438),(227.669036865234,-291.158294677734,1979.92248535156),(257.169036865234,-293.943298339844,1927.03491210938),(257.669006347656,-293.943298339844,1927.03491210938),(257.169036865234,-296.682678222656,1926.47338867188),(256.776031494141,-297.838897705078,1926.18078613281),(257.669006347656,-296.765289306641,1926.47338867188),(257.669006347656,-296.764892578125,1927.02368164062),(257.169036865234,-298.236480712891,1926.18078613281),(255.589324951172,-298.226898193359,1926.08325195312)));
#695=IFCINDEXEDPOLYGONALFACE((6,4,1,2));
#696=IFCINDEXEDPOLYGONALFACE((1,3,69,2));
#697=IFCINDEXEDPOLYGONALFACE((4,7,3,1));
#698=IFCINDEXEDPOLYGONALFACE((7,4,5,9));
#699=IFCINDEXEDPOLYGONALFACE((4,6,49,5));
#700=IFCINDEXEDPOLYGONALFACE((7,8,70,3));
#701=IFCINDEXEDPOLYGONALFACE((8,7,9,10));
#702=IFCINDEXEDPOLYGONALFACE((10,9,11,12));
#703=IFCINDEXEDPOLYGONALFACE((9,5,14,11));
#704=IFCINDEXEDPOLYGONALFACE((81,12,11,13));
#705=IFCINDEXEDPOLYGONALFACE((13,11,14,16));
#706=IFCINDEXEDPOLYGONALFACE((5,49,15,14));
#707=IFCINDEXEDPOLYGONALFACE((14,15,18,16));
#708=IFCINDEXEDPOLYGONALFACE((16,17,116,13));
#709=IFCINDEXEDPOLYGONALFACE((18,20,17,16));
#710=IFCINDEXEDPOLYGONALFACE((15,46,19,18));
#711=IFCINDEXEDPOLYGONALFACE((22,20,18,19));
#712=IFCINDEXEDPOLYGONALFACE((117,17,20,21));
#713=IFCINDEXEDPOLYGONALFACE((20,22,23,21));
#714=IFCINDEXEDPOLYGONALFACE((27,23,22,24));
#715=IFCINDEXEDPOLYGONALFACE((24,22,19,26));
#716=IFCINDEXEDPOLYGONALFACE((25,24,26,41));
#717=IFCINDEXEDPOLYGONALFACE((28,27,24,25));
#718=IFCINDEXEDPOLYGONALFACE((23,27,29,30));
#719=IFCINDEXEDPOLYGONALFACE((27,28,31,29));
#720=IFCINDEXEDPOLYGONALFACE((28,34,32,31));
#721=IFCINDEXEDPOLYGONALFACE((34,35,33,32));
#722=IFCINDEXEDPOLYGONALFACE((34,36,37,35));
#723=IFCINDEXEDPOLYGONALFACE((34,28,25,36));
#724=IFCINDEXEDPOLYGONALFACE((39,37,36,38));
#725=IFCINDEXEDPOLYGONALFACE((36,25,41,38));
#726=IFCINDEXEDPOLYGONALFACE((38,40,110,39));
#727=IFCINDEXEDPOLYGONALFACE((42,40,38,41));
#728=IFCINDEXEDPOLYGONALFACE((41,26,44,42));
#729=IFCINDEXEDPOLYGONALFACE((43,58,40,42));
#730=IFCINDEXEDPOLYGONALFACE((45,43,42,44));
#731=IFCINDEXEDPOLYGONALFACE((26,19,46,44));
#732=IFCINDEXEDPOLYGONALFACE((47,45,44,46));
#733=IFCINDEXEDPOLYGONALFACE((49,47,46,15));
#734=IFCINDEXEDPOLYGONALFACE((50,45,47,48));
#735=IFCINDEXEDPOLYGONALFACE((49,6,48,47));
#736=IFCINDEXEDPOLYGONALFACE((50,48,51,53));
#737=IFCINDEXEDPOLYGONALFACE((48,6,2,51));
#738=IFCINDEXEDPOLYGONALFACE((52,51,2,69));
#739=IFCINDEXEDPOLYGONALFACE((52,54,53,51));
#740=IFCINDEXEDPOLYGONALFACE((56,50,53,54));
#741=IFCINDEXEDPOLYGONALFACE((57,56,54,55));
#742=IFCINDEXEDPOLYGONALFACE((55,54,52,67));
#743=IFCINDEXEDPOLYGONALFACE((56,57,58,43));
#744=IFCINDEXEDPOLYGONALFACE((56,43,45,50));
#745=IFCINDEXEDPOLYGONALFACE((57,59,60,58));
#746=IFCINDEXEDPOLYGONALFACE((59,57,55,62));
#747=IFCINDEXEDPOLYGONALFACE((59,61,107,60));
#748=IFCINDEXEDPOLYGONALFACE((61,59,62,63));
#749=IFCINDEXEDPOLYGONALFACE((63,62,64,66));
#750=IFCINDEXEDPOLYGONALFACE((62,55,67,64));
#751=IFCINDEXEDPOLYGONALFACE((64,67,68,65));
#752=IFCINDEXEDPOLYGONALFACE((66,64,65,109));
#753=IFCINDEXEDPOLYGONALFACE((67,52,69,68));
#754=IFCINDEXEDPOLYGONALFACE((70,68,69,3));
#755=IFCINDEXEDPOLYGONALFACE((71,65,68,70));
#756=IFCINDEXEDPOLYGONALFACE((8,73,71,70));
#757=IFCINDEXEDPOLYGONALFACE((72,109,65,71));
#758=IFCINDEXEDPOLYGONALFACE((73,74,72,71));
#759=IFCINDEXEDPOLYGONALFACE((73,75,76,74));
#760=IFCINDEXEDPOLYGONALFACE((73,8,10,75));
#761=IFCINDEXEDPOLYGONALFACE((76,75,77,78));
#762=IFCINDEXEDPOLYGONALFACE((75,10,12,77));
#763=IFCINDEXEDPOLYGONALFACE((79,80,78,77));
#764=IFCINDEXEDPOLYGONALFACE((77,12,81,79));
#765=IFCINDEXEDPOLYGONALFACE((82,85,80,79));
#766=IFCINDEXEDPOLYGONALFACE((83,82,79,81));
#767=IFCINDEXEDPOLYGONALFACE((112,84,82,83));
#768=IFCINDEXEDPOLYGONALFACE((84,87,85,82));
#769=IFCINDEXEDPOLYGONALFACE((85,86,101,80));
#770=IFCINDEXEDPOLYGONALFACE((87,88,86,85));
#771=IFCINDEXEDPOLYGONALFACE((88,87,89,91));
#772=IFCINDEXEDPOLYGONALFACE((87,84,90,89));
#773=IFCINDEXEDPOLYGONALFACE((93,88,91,92));
#774=IFCINDEXEDPOLYGONALFACE((95,93,92,94));
#775=IFCINDEXEDPOLYGONALFACE((35,95,94,33));
#776=IFCINDEXEDPOLYGONALFACE((35,37,96,95));
#777=IFCINDEXEDPOLYGONALFACE((95,96,97,93));
#778=IFCINDEXEDPOLYGONALFACE((98,96,37,39));
#779=IFCINDEXEDPOLYGONALFACE((100,97,96,98));
#780=IFCINDEXEDPOLYGONALFACE((39,110,99,98));
#781=IFCINDEXEDPOLYGONALFACE((99,102,100,98));
#782=IFCINDEXEDPOLYGONALFACE((86,97,100,101));
#783=IFCINDEXEDPOLYGONALFACE((101,100,102,103));
#784=IFCINDEXEDPOLYGONALFACE((104,105,103,102));
#785=IFCINDEXEDPOLYGONALFACE((107,104,102,99));
#786=IFCINDEXEDPOLYGONALFACE((105,104,106,108));
#787=IFCINDEXEDPOLYGONALFACE((61,106,104,107));
#788=IFCINDEXEDPOLYGONALFACE((60,107,99,110));
#789=IFCINDEXEDPOLYGONALFACE((108,106,66,109));
#790=IFCINDEXEDPOLYGONALFACE((106,61,63,66));
#791=IFCINDEXEDPOLYGONALFACE((74,76,105,108));
#792=IFCINDEXEDPOLYGONALFACE((74,108,109,72));
#793=IFCINDEXEDPOLYGONALFACE((105,76,78,103));
#794=IFCINDEXEDPOLYGONALFACE((80,101,103,78));
#795=IFCINDEXEDPOLYGONALFACE((58,60,110,40));
#796=IFCINDEXEDPOLYGONALFACE((88,93,97,86));
#797=IFCINDEXEDPOLYGONALFACE((84,112,111,90));
#798=IFCINDEXEDPOLYGONALFACE((112,115,113,111));
#799=IFCINDEXEDPOLYGONALFACE((115,117,114,113));
#800=IFCINDEXEDPOLYGONALFACE((112,83,116,115));
#801=IFCINDEXEDPOLYGONALFACE((115,116,17,117));
#802=IFCINDEXEDPOLYGONALFACE((117,21,118,114));
#803=IFCINDEXEDPOLYGONALFACE((13,116,83,81));
#804=IFCINDEXEDPOLYGONALFACE((21,23,30,118));
#805=IFCPOLYGONALFACESET(#694,$,(#695,#696,#697,#698,#699,#700,#701,#702,#703,#704,#705,#706,#707,#708,#709,#710,#711,#712,#713,#714,#715,#716,#717,#718,#719,#720,#721,#722,#723,#724,#725,#726,#727,#728,#729,#730,#731,#732,#733,#734,#735,#736,#737,#738,#739,#740,#741,#742,#743,#744,#745,#746,#747,#748,#749,#750,#751,#752,#753,#754,#755,#756,#757,#758,#759,#760,#761,#762,#763,#764,#765,#766,#767,#768,#769,#770,#771,#772,#773,#774,#775,#776,#777,#778,#779,#780,#781,#782,#783,#784,#785,#786,#787,#788,#789,#790,#791,#792,#793,#794,#795,#796,#797,#798,#799,#800,#801,#802,#803,#804),$);
#806=IFCCARTESIANPOINTLIST3D(((275.,-18.142333984375,804.866943359375),(-274.285064697266,-18.1418132781982,804.866943359375),(274.288238525391,-18.8595275878906,804.866943359375),(275.,-519.92822265625,804.866455078125),(275.146942138672,-18.,805.066650390625),(275.146942138672,-18.,823.866943359375),(-274.426574707031,-18.,805.066650390625),(275.146789550781,-520.069702148438,805.066650390625),(275.146789550781,-520.069702148438,823.866455078125),(-274.426696777344,-520.069152832031,805.066650390625),(-274.285278320312,-519.927734375,804.866455078125),(-274.426696777344,-520.069213867188,823.866455078125),(-273.719635009766,-519.361938476562,824.866394042969),(-274.426574707031,-18.,823.866943359375),(-273.719421386719,-18.707426071167,824.866943359375),(274.439758300781,-18.7080402374268,824.866943359375),(-255.274993896484,-37.1519165039062,824.866943359375),(256.,-37.1524314880371,824.866943359375),(-255.275146484375,-500.917633056641,824.866394042969),(-254.426467895508,-38.,824.666748046875),(255.146957397461,-38.,824.666748046875),(-254.426467895508,-38.,824.066650390625),(-254.426605224609,-500.069122314453,824.666748046875),(255.146789550781,-500.069519042969,824.666748046875),(-254.426605224609,-500.069122314453,824.066650390625),(-255.275146484375,-500.917633056641,823.866455078125),(255.146789550781,-500.069519042969,824.066650390625),(255.146957397461,-38.,824.066650390625),(256.,-500.917999267578,823.866455078125),(272.939575195312,-517.862609863281,823.866455078125),(256.,-37.1524314880371,823.866943359375),(272.939788818359,-20.2080383300781,823.866943359375),(-255.274993896484,-37.1519165039062,823.866943359375),(-272.219390869141,-20.20751953125,823.866943359375),(-272.219665527344,-517.861999511719,823.866455078125),(-273.426574707031,-19.,823.366943359375),(274.146942138672,-19.,823.366943359375),(-273.426574707031,-19.,805.066650390625),(-273.426727294922,-519.069152832031,823.366455078125),(-273.426727294922,-519.069091796875,805.066650390625),(274.146789550781,-519.069702148438,823.366455078125),(274.146789550781,-519.069702148438,805.066650390625),(274.146942138672,-19.,805.066650390625),(274.2880859375,-519.210998535156,804.866455078125),(-273.568176269531,-519.210632324219,804.866455078125),(-273.567962646484,-18.8589134216309,804.866943359375),(256.,-500.917999267578,824.866394042969),(274.439544677734,-519.362609863281,824.866394042969)));
#807=IFCINDEXEDPOLYGONALFACE((2,7,5,1));
#808=IFCINDEXEDPOLYGONALFACE((1,3,46,2));
#809=IFCINDEXEDPOLYGONALFACE((1,4,44,3));
#810=IFCINDEXEDPOLYGONALFACE((1,5,8,4));
#811=IFCINDEXEDPOLYGONALFACE((6,9,8,5));
#812=IFCINDEXEDPOLYGONALFACE((6,5,7,14));
#813=IFCINDEXEDPOLYGONALFACE((11,4,8,10));
#814=IFCINDEXEDPOLYGONALFACE((9,12,10,8));
#815=IFCINDEXEDPOLYGONALFACE((7,2,11,10));
#816=IFCINDEXEDPOLYGONALFACE((14,7,10,12));
#817=IFCINDEXEDPOLYGONALFACE((12,13,15,14));
#818=IFCINDEXEDPOLYGONALFACE((9,48,13,12));
#819=IFCINDEXEDPOLYGONALFACE((14,15,16,6));
#820=IFCINDEXEDPOLYGONALFACE((18,16,15,17));
#821=IFCINDEXEDPOLYGONALFACE((15,13,19,17));
#822=IFCINDEXEDPOLYGONALFACE((17,20,21,18));
#823=IFCINDEXEDPOLYGONALFACE((19,23,20,17));
#824=IFCINDEXEDPOLYGONALFACE((28,21,20,22));
#825=IFCINDEXEDPOLYGONALFACE((20,23,25,22));
#826=IFCINDEXEDPOLYGONALFACE((47,24,23,19));
#827=IFCINDEXEDPOLYGONALFACE((27,25,23,24));
#828=IFCINDEXEDPOLYGONALFACE((25,26,33,22));
#829=IFCINDEXEDPOLYGONALFACE((27,29,26,25));
#830=IFCINDEXEDPOLYGONALFACE((28,31,29,27));
#831=IFCINDEXEDPOLYGONALFACE((21,28,27,24));
#832=IFCINDEXEDPOLYGONALFACE((30,35,26,29));
#833=IFCINDEXEDPOLYGONALFACE((32,30,29,31));
#834=IFCINDEXEDPOLYGONALFACE((22,33,31,28));
#835=IFCINDEXEDPOLYGONALFACE((32,31,33,34));
#836=IFCINDEXEDPOLYGONALFACE((34,33,26,35));
#837=IFCINDEXEDPOLYGONALFACE((34,36,37,32));
#838=IFCINDEXEDPOLYGONALFACE((35,39,36,34));
#839=IFCINDEXEDPOLYGONALFACE((43,37,36,38));
#840=IFCINDEXEDPOLYGONALFACE((38,36,39,40));
#841=IFCINDEXEDPOLYGONALFACE((42,40,39,41));
#842=IFCINDEXEDPOLYGONALFACE((30,41,39,35));
#843=IFCINDEXEDPOLYGONALFACE((32,37,41,30));
#844=IFCINDEXEDPOLYGONALFACE((43,42,41,37));
#845=IFCINDEXEDPOLYGONALFACE((43,3,44,42));
#846=IFCINDEXEDPOLYGONALFACE((44,45,40,42));
#847=IFCINDEXEDPOLYGONALFACE((4,11,45,44));
#848=IFCINDEXEDPOLYGONALFACE((46,45,11,2));
#849=IFCINDEXEDPOLYGONALFACE((46,38,40,45));
#850=IFCINDEXEDPOLYGONALFACE((3,43,38,46));
#851=IFCINDEXEDPOLYGONALFACE((18,21,24,47));
#852=IFCINDEXEDPOLYGONALFACE((16,18,47,48));
#853=IFCINDEXEDPOLYGONALFACE((47,19,13,48));
#854=IFCINDEXEDPOLYGONALFACE((6,16,48,9));
#855=IFCPOLYGONALFACESET(#806,$,(#807,#808,#809,#810,#811,#812,#813,#814,#815,#816,#817,#818,#819,#820,#821,#822,#823,#824,#825,#826,#827,#828,#829,#830,#831,#832,#833,#834,#835,#836,#837,#838,#839,#840,#841,#842,#843,#844,#845,#846,#847,#848,#849,#850,#851,#852,#853,#854),$);
#856=IFCCARTESIANPOINTLIST3D(((255.207763671875,-545.631469726562,525.264892578125),(-258.613006591797,-545.631042480469,525.264892578125),(252.490676879883,-545.631469726562,527.982177734375),(255.208053588867,-545.63134765625,675.119384765625),(255.349258422852,-545.431457519531,525.123291015625),(255.349349975586,-522.018676757812,525.123291015625),(-258.754577636719,-545.430969238281,525.123291015625),(255.349349975586,-545.431396484375,675.260498046875),(255.349472045898,-522.018676757812,675.260498046875),(-258.754455566406,-545.430847167969,675.260498046875),(-258.754333496094,-522.018249511719,675.260498046875),(-258.612945556641,-545.630920410156,675.119384765625),(-255.895874023438,-545.630920410156,672.402099609375),(-255.895874023438,-545.631042480469,527.982177734375),(-255.754425048828,-545.430847167969,672.260498046875),(252.490768432617,-545.63134765625,672.402099609375),(252.349365234375,-545.431396484375,672.260498046875),(252.349365234375,-540.403198242188,672.260498046875),(252.349273681641,-545.431457519531,528.123291015625),(252.349273681641,-540.403198242188,528.123291015625),(-255.754547119141,-545.430969238281,528.123291015625),(-255.754547119141,-540.402648925781,528.123291015625),(-237.593719482422,-540.402160644531,544.275146484375),(-255.754302978516,-540.402648925781,672.260498046875),(-237.593612670898,-540.402160644531,656.109130859375),(234.197875976562,-540.402587890625,656.109130859375),(-236.745132446289,-540.202087402344,655.260498046875),(-236.745132446289,-521.218139648438,655.260498046875),(233.349349975586,-540.202575683594,655.260498046875),(-236.745193481445,-540.202087402344,545.123779296875),(233.349258422852,-540.202575683594,545.123291015625),(-236.745132446289,-521.21826171875,545.123779296875),(-237.593719482422,-521.018310546875,544.275146484375),(233.349349975586,-521.21875,545.123291015625),(234.197875976562,-521.018737792969,544.275146484375),(233.349487304688,-521.21875,655.260498046875),(234.197982788086,-521.018737792969,656.109130859375),(252.64225769043,-521.018737792969,672.553466796875),(-237.593612670898,-521.018249511719,656.109130859375),(-256.047210693359,-521.018249511719,672.553466796875),(-256.047332763672,-521.018310546875,527.830322265625),(252.64225769043,-521.018737792969,527.830322265625),(-258.754455566406,-522.018310546875,525.123291015625),(234.197784423828,-540.402587890625,544.275146484375)));
#857=IFCINDEXEDPOLYGONALFACE((2,7,5,1));
#858=IFCINDEXEDPOLYGONALFACE((1,3,14,2));
#859=IFCINDEXEDPOLYGONALFACE((1,4,16,3));
#860=IFCINDEXEDPOLYGONALFACE((1,5,8,4));
#861=IFCINDEXEDPOLYGONALFACE((6,9,8,5));
#862=IFCINDEXEDPOLYGONALFACE((6,5,7,43));
#863=IFCINDEXEDPOLYGONALFACE((9,11,10,8));
#864=IFCINDEXEDPOLYGONALFACE((12,4,8,10));
#865=IFCINDEXEDPOLYGONALFACE((43,7,10,11));
#866=IFCINDEXEDPOLYGONALFACE((7,2,12,10));
#867=IFCINDEXEDPOLYGONALFACE((14,13,12,2));
#868=IFCINDEXEDPOLYGONALFACE((4,12,13,16));
#869=IFCINDEXEDPOLYGONALFACE((14,21,15,13));
#870=IFCINDEXEDPOLYGONALFACE((16,13,15,17));
#871=IFCINDEXEDPOLYGONALFACE((19,3,16,17));
#872=IFCINDEXEDPOLYGONALFACE((17,15,24,18));
#873=IFCINDEXEDPOLYGONALFACE((19,17,18,20));
#874=IFCINDEXEDPOLYGONALFACE((3,19,21,14));
#875=IFCINDEXEDPOLYGONALFACE((19,20,22,21));
#876=IFCINDEXEDPOLYGONALFACE((21,22,24,15));
#877=IFCINDEXEDPOLYGONALFACE((25,24,22,23));
#878=IFCINDEXEDPOLYGONALFACE((23,22,20,44));
#879=IFCINDEXEDPOLYGONALFACE((25,26,18,24));
#880=IFCINDEXEDPOLYGONALFACE((27,25,23,30));
#881=IFCINDEXEDPOLYGONALFACE((29,26,25,27));
#882=IFCINDEXEDPOLYGONALFACE((32,28,27,30));
#883=IFCINDEXEDPOLYGONALFACE((29,27,28,36));
#884=IFCINDEXEDPOLYGONALFACE((30,23,44,31));
#885=IFCINDEXEDPOLYGONALFACE((31,34,32,30));
#886=IFCINDEXEDPOLYGONALFACE((39,28,32,33));
#887=IFCINDEXEDPOLYGONALFACE((33,32,34,35));
#888=IFCINDEXEDPOLYGONALFACE((35,34,36,37));
#889=IFCINDEXEDPOLYGONALFACE((34,31,29,36));
#890=IFCINDEXEDPOLYGONALFACE((37,36,28,39));
#891=IFCINDEXEDPOLYGONALFACE((42,35,37,38));
#892=IFCINDEXEDPOLYGONALFACE((37,39,40,38));
#893=IFCINDEXEDPOLYGONALFACE((41,40,39,33));
#894=IFCINDEXEDPOLYGONALFACE((11,40,41,43));
#895=IFCINDEXEDPOLYGONALFACE((9,38,40,11));
#896=IFCINDEXEDPOLYGONALFACE((43,41,42,6));
#897=IFCINDEXEDPOLYGONALFACE((35,42,41,33));
#898=IFCINDEXEDPOLYGONALFACE((6,42,38,9));
#899=IFCINDEXEDPOLYGONALFACE((31,44,26,29));
#900=IFCINDEXEDPOLYGONALFACE((20,18,26,44));
#901=IFCPOLYGONALFACESET(#856,$,(#857,#858,#859,#860,#861,#862,#863,#864,#865,#866,#867,#868,#869,#870,#871,#872,#873,#874,#875,#876,#877,#878,#879,#880,#881,#882,#883,#884,#885,#886,#887,#888,#889,#890,#891,#892,#893,#894,#895,#896,#897,#898,#899,#900),$);
#902=IFCCARTESIANPOINTLIST3D(((-257.754333496094,-540.431457519531,526.123291015625),(254.349182128906,-540.431457519531,526.123291015625),(-257.754333496094,-540.431457519531,674.260986328125),(-257.754333496094,-545.431457519531,526.123291015625),(-257.754333496094,-545.431457519531,674.260986328125),(254.349182128906,-545.431457519531,526.123291015625),(254.349182128906,-545.431457519531,674.260986328125),(254.349182128906,-540.431457519531,674.260986328125)));
#903=IFCINDEXEDPOLYGONALFACE((1,2,6,4));
#904=IFCINDEXEDPOLYGONALFACE((1,3,8,2));
#905=IFCINDEXEDPOLYGONALFACE((3,1,4,5));
#906=IFCINDEXEDPOLYGONALFACE((4,6,7,5));
#907=IFCINDEXEDPOLYGONALFACE((2,8,7,6));
#908=IFCINDEXEDPOLYGONALFACE((8,3,5,7));
#909=IFCPOLYGONALFACESET(#902,$,(#903,#904,#905,#906,#907,#908),$);
#910=IFCCARTESIANPOINTLIST3D(((254.189086914062,-520.96826171875,675.768310546875),(-257.754455566406,-520.968383789062,675.768310546875),(254.189086914062,-520.96826171875,675.268310546875),(255.189071655273,-520.96826171875,675.768310546875),(254.189086914062,-521.09326171875,676.143310546875),(-257.754455566406,-521.093383789062,676.143310546875),(254.189086914062,-521.468322753906,676.268310546875),(255.064086914062,-521.09326171875,676.143310546875),(255.064086914062,-521.94775390625,676.143310546875),(254.689086914062,-521.468322753906,676.268310546875),(254.689086914062,-521.94775390625,676.268310546875),(254.189086914062,-521.94775390625,676.268310546875),(254.689086914062,-544.800354003906,676.268310546875),(254.689086914062,-545.676025390625,676.268310546875),(254.189086914062,-544.800354003906,676.268310546875),(255.064086914062,-544.800354003906,676.143310546875),(255.064086914062,-545.676025390625,676.143310546875),(255.189071655273,-544.800354003906,675.768310546875),(255.189071655273,-545.676025390625,675.768310546875),(255.189071655273,-544.800354003906,675.268310546875),(255.189071655273,-521.94775390625,675.768310546875),(255.189071655273,-521.94775390625,675.268310546875),(255.189071655273,-520.96826171875,675.268310546875),(254.189086914062,-521.94775390625,675.268310546875),(-257.754333496094,-521.94775390625,675.268310546875),(254.189086914062,-544.800354003906,675.268310546875),(254.189086914062,-545.676025390625,675.268310546875),(-257.754333496094,-544.800537109375,675.268310546875),(-258.754333496094,-544.800537109375,675.268310546875),(-257.754333496094,-545.676330566406,675.268310546875),(-258.754333496094,-545.676330566406,675.268310546875),(-257.754333496094,-545.676330566406,674.216064453125),(254.189086914062,-545.676025390625,674.216064453125),(-258.754333496094,-545.676452636719,674.216064453125),(-257.754333496094,-545.801330566406,673.841064453125),(-258.629333496094,-545.801452636719,673.841064453125),(-257.754333496094,-546.14306640625,673.669677734375),(254.189086914062,-545.801025390625,673.841064453125),(255.064086914062,-545.801025390625,673.841064453125),(254.189086914062,-546.142761230469,673.669677734375),(254.689086914062,-546.142761230469,673.669677734375),(254.189086914062,-546.672912597656,673.503662109375),(254.189086914062,-561.719604492188,669.688720703125),(254.689086914062,-546.672912597656,673.503662109375),(-257.754333496094,-546.673217773438,673.503662109375),(-257.754455566406,-561.719848632812,669.688720703125),(-258.254302978516,-546.673217773438,673.503662109375),(-258.629333496094,-546.673217773438,673.628662109375),(-258.254425048828,-561.719848632812,669.688720703125),(-258.254302978516,-546.14306640625,673.669677734375),(-258.254425048828,-562.2451171875,669.688720703125),(-258.629455566406,-561.719848632812,669.813720703125),(-258.629455566406,-562.2451171875,669.813720703125),(-258.754455566406,-561.719848632812,670.188720703125),(-258.754455566406,-561.719787597656,675.268310546875),(-258.754455566406,-562.2451171875,670.188720703125),(-258.754333496094,-546.673217773438,674.),(-258.754333496094,-546.673156738281,675.268310546875),(-258.754333496094,-546.673156738281,675.768310546875),(-258.754333496094,-545.676330566406,675.768310546875),(-258.629333496094,-546.673156738281,676.143310546875),(-258.754455566406,-561.719787597656,675.768310546875),(-258.629455566406,-561.719787597656,676.143310546875),(-258.754455566406,-562.245056152344,675.768310546875),(-258.691925048828,-562.682556152344,675.768310546875),(-258.754455566406,-562.245056152344,675.268310546875),(-258.629455566406,-562.245056152344,676.143310546875),(-258.254425048828,-562.245056152344,676.268310546875),(-258.606018066406,-562.652038574219,676.143310546875),(-258.348419189453,-562.560546875,676.268310546875),(-258.416076660156,-562.906616210938,676.143310546875),(-258.161437988281,-563.096618652344,676.143310546875),(-258.504455566406,-563.,675.768310546875),(-258.15087890625,-562.641418457031,676.268310546875),(-257.754455566406,-562.245056152344,676.268310546875),(-258.070068359375,-562.839050292969,676.268310546875),(-257.754455566406,-562.744995117188,676.268310546875),(254.189086914062,-562.744750976562,676.268310546875),(-257.754455566406,-563.120056152344,676.143310546875),(-257.754455566406,-563.244995117188,675.768310546875),(254.189086914062,-563.119812011719,676.143310546875),(254.189086914062,-563.244812011719,675.768310546875),(254.596069335938,-563.096496582031,676.143310546875),(254.85075378418,-562.906433105469,676.143310546875),(254.504669189453,-562.8388671875,676.268310546875),(254.626586914062,-563.182250976562,675.768310546875),(254.626586914062,-563.182250976562,675.268310546875),(254.939056396484,-563.,675.768310546875),(254.939056396484,-563.,675.268310546875),(255.126586914062,-562.682312011719,675.768310546875),(255.189071655273,-562.244812011719,675.768310546875),(255.040756225586,-562.651916503906,676.143310546875),(255.126586914062,-562.682312011719,675.268310546875),(255.126586914062,-562.682312011719,670.188720703125),(255.189071655273,-562.244812011719,675.268310546875),(255.189071655273,-562.244812011719,670.188720703125),(255.189071655273,-561.719604492188,675.268310546875),(255.189071655273,-561.719604492188,675.768310546875),(255.189071655273,-561.719604492188,670.188720703125),(255.189071655273,-546.672912597656,675.268310546875),(255.189071655273,-546.672912597656,675.768310546875),(255.189071655273,-545.676025390625,675.268310546875),(255.189071655273,-546.672912597656,674.),(255.189071655273,-545.676025390625,674.216064453125),(255.064086914062,-546.672912597656,673.628662109375),(255.064086914062,-561.719604492188,669.813720703125),(255.064086914062,-562.244812011719,669.813720703125),(254.689086914062,-561.719604492188,669.688720703125),(254.689086914062,-562.244812011719,669.688720703125),(254.189086914062,-562.244812011719,669.688720703125),(254.783264160156,-562.560424804688,669.688720703125),(254.585556030273,-562.641296386719,669.688720703125),(255.040756225586,-562.651916503906,669.813720703125),(254.85075378418,-562.906433105469,669.813720703125),(254.939056396484,-563.,670.188720703125),(254.596069335938,-563.096496582031,669.813720703125),(254.626586914062,-563.182250976562,670.188720703125),(254.504669189453,-562.8388671875,669.688720703125),(254.189086914062,-563.119812011719,669.813720703125),(254.189086914062,-562.744750976562,669.688720703125),(254.189086914062,-563.244812011719,670.188720703125),(-257.754455566406,-563.1201171875,669.813720703125),(-257.754455566406,-563.245056152344,670.188720703125),(-258.161437988281,-563.096740722656,669.813720703125),(-257.754455566406,-562.745056152344,669.688720703125),(-257.754455566406,-562.2451171875,669.688720703125),(-258.070068359375,-562.839050292969,669.688720703125),(-258.15087890625,-562.641540527344,669.688720703125),(-258.348419189453,-562.560607910156,669.688720703125),(-258.416076660156,-562.906616210938,669.813720703125),(-258.504455566406,-563.,670.188720703125),(-258.606018066406,-562.652038574219,669.813720703125),(-258.691925048828,-562.6826171875,670.188720703125),(-258.691925048828,-562.682556152344,675.268310546875),(-258.504455566406,-563.,675.268310546875),(-258.191955566406,-563.182495117188,675.268310546875),(-258.191955566406,-563.182495117188,675.768310546875),(-257.754455566406,-563.244995117188,675.268310546875),(-258.191955566406,-563.182556152344,670.188720703125),(254.189086914062,-563.244812011719,675.268310546875),(255.064086914062,-546.672912597656,676.143310546875),(254.689086914062,-546.672912597656,676.268310546875),(255.064086914062,-561.719604492188,676.143310546875),(254.689086914062,-561.719604492188,676.268310546875),(255.064086914062,-562.244812011719,676.143310546875),(254.689086914062,-562.244812011719,676.268310546875),(254.783264160156,-562.560424804688,676.268310546875),(254.189086914062,-562.244812011719,676.268310546875),(254.189086914062,-561.719604492188,676.268310546875),(254.585556030273,-562.641296386719,676.268310546875),(-257.754455566406,-561.719787597656,676.268310546875),(254.189086914062,-546.672912597656,676.268310546875),(254.189086914062,-545.676025390625,676.268310546875),(-257.754333496094,-546.673156738281,676.268310546875),(-258.254302978516,-546.673156738281,676.268310546875),(-257.754333496094,-545.676330566406,676.268310546875),(-258.254302978516,-545.676330566406,676.268310546875),(-257.754333496094,-544.800537109375,676.268310546875),(-257.754333496094,-521.94775390625,676.268310546875),(-258.254302978516,-544.800537109375,676.268310546875),(-258.254302978516,-521.94775390625,676.268310546875),(-258.629333496094,-544.800537109375,676.143310546875),(-258.629333496094,-521.94775390625,676.143310546875),(-258.629333496094,-545.676330566406,676.143310546875),(-258.754333496094,-544.800537109375,675.768310546875),(-258.754333496094,-521.94775390625,675.768310546875),(-258.754455566406,-520.968383789062,675.768310546875),(-258.754333496094,-521.94775390625,675.268310546875),(-258.754455566406,-520.968383789062,675.268310546875),(-257.754455566406,-520.968383789062,675.268310546875),(-258.629455566406,-521.093383789062,676.143310546875),(-258.254302978516,-521.468444824219,676.268310546875),(-257.754333496094,-521.468444824219,676.268310546875),(-258.254425048828,-561.719787597656,676.268310546875)));
#911=IFCINDEXEDPOLYGONALFACE((5,1,2,6));
#912=IFCINDEXEDPOLYGONALFACE((1,3,170,2));
#913=IFCINDEXEDPOLYGONALFACE((4,23,3,1));
#914=IFCINDEXEDPOLYGONALFACE((8,4,1,5));
#915=IFCINDEXEDPOLYGONALFACE((7,5,6,173));
#916=IFCINDEXEDPOLYGONALFACE((10,8,5,7));
#917=IFCINDEXEDPOLYGONALFACE((8,9,21,4));
#918=IFCINDEXEDPOLYGONALFACE((10,11,9,8));
#919=IFCINDEXEDPOLYGONALFACE((10,7,12,11));
#920=IFCINDEXEDPOLYGONALFACE((11,13,16,9));
#921=IFCINDEXEDPOLYGONALFACE((11,12,15,13));
#922=IFCINDEXEDPOLYGONALFACE((13,14,17,16));
#923=IFCINDEXEDPOLYGONALFACE((14,13,15,153));
#924=IFCINDEXEDPOLYGONALFACE((9,16,18,21));
#925=IFCINDEXEDPOLYGONALFACE((16,17,19,18));
#926=IFCINDEXEDPOLYGONALFACE((19,102,20,18));
#927=IFCINDEXEDPOLYGONALFACE((18,20,22,21));
#928=IFCINDEXEDPOLYGONALFACE((4,21,22,23));
#929=IFCINDEXEDPOLYGONALFACE((23,22,24,3));
#930=IFCINDEXEDPOLYGONALFACE((20,26,24,22));
#931=IFCINDEXEDPOLYGONALFACE((26,28,25,24));
#932=IFCINDEXEDPOLYGONALFACE((3,24,25,170));
#933=IFCINDEXEDPOLYGONALFACE((102,27,26,20));
#934=IFCINDEXEDPOLYGONALFACE((27,30,28,26));
#935=IFCINDEXEDPOLYGONALFACE((168,25,28,29));
#936=IFCINDEXEDPOLYGONALFACE((31,29,28,30));
#937=IFCINDEXEDPOLYGONALFACE((27,33,32,30));
#938=IFCINDEXEDPOLYGONALFACE((34,31,30,32));
#939=IFCINDEXEDPOLYGONALFACE((33,38,35,32));
#940=IFCINDEXEDPOLYGONALFACE((32,35,36,34));
#941=IFCINDEXEDPOLYGONALFACE((35,37,50,36));
#942=IFCINDEXEDPOLYGONALFACE((38,40,37,35));
#943=IFCINDEXEDPOLYGONALFACE((104,39,38,33));
#944=IFCINDEXEDPOLYGONALFACE((39,41,40,38));
#945=IFCINDEXEDPOLYGONALFACE((41,44,42,40));
#946=IFCINDEXEDPOLYGONALFACE((37,40,42,45));
#947=IFCINDEXEDPOLYGONALFACE((45,42,43,46));
#948=IFCINDEXEDPOLYGONALFACE((108,43,42,44));
#949=IFCINDEXEDPOLYGONALFACE((50,37,45,47));
#950=IFCINDEXEDPOLYGONALFACE((47,45,46,49));
#951=IFCINDEXEDPOLYGONALFACE((48,47,49,52));
#952=IFCINDEXEDPOLYGONALFACE((48,36,50,47));
#953=IFCINDEXEDPOLYGONALFACE((53,52,49,51));
#954=IFCINDEXEDPOLYGONALFACE((51,49,46,126));
#955=IFCINDEXEDPOLYGONALFACE((56,54,52,53));
#956=IFCINDEXEDPOLYGONALFACE((57,48,52,54));
#957=IFCINDEXEDPOLYGONALFACE((58,57,54,55));
#958=IFCINDEXEDPOLYGONALFACE((55,54,56,66));
#959=IFCINDEXEDPOLYGONALFACE((57,34,36,48));
#960=IFCINDEXEDPOLYGONALFACE((31,34,57,58));
#961=IFCINDEXEDPOLYGONALFACE((58,59,60,31));
#962=IFCINDEXEDPOLYGONALFACE((55,62,59,58));
#963=IFCINDEXEDPOLYGONALFACE((60,59,61,164));
#964=IFCINDEXEDPOLYGONALFACE((62,63,61,59));
#965=IFCINDEXEDPOLYGONALFACE((64,67,63,62));
#966=IFCINDEXEDPOLYGONALFACE((66,64,62,55));
#967=IFCINDEXEDPOLYGONALFACE((67,64,65,69));
#968=IFCINDEXEDPOLYGONALFACE((66,134,65,64));
#969=IFCINDEXEDPOLYGONALFACE((67,68,174,63));
#970=IFCINDEXEDPOLYGONALFACE((68,67,69,70));
#971=IFCINDEXEDPOLYGONALFACE((70,69,71,74));
#972=IFCINDEXEDPOLYGONALFACE((69,65,73,71));
#973=IFCINDEXEDPOLYGONALFACE((74,71,72,76));
#974=IFCINDEXEDPOLYGONALFACE((71,73,137,72));
#975=IFCINDEXEDPOLYGONALFACE((68,70,74,75));
#976=IFCINDEXEDPOLYGONALFACE((74,76,77,75));
#977=IFCINDEXEDPOLYGONALFACE((76,72,79,77));
#978=IFCINDEXEDPOLYGONALFACE((77,79,81,78));
#979=IFCINDEXEDPOLYGONALFACE((78,148,75,77));
#980=IFCINDEXEDPOLYGONALFACE((72,137,80,79));
#981=IFCINDEXEDPOLYGONALFACE((79,80,82,81));
#982=IFCINDEXEDPOLYGONALFACE((81,82,86,83));
#983=IFCINDEXEDPOLYGONALFACE((78,81,83,85));
#984=IFCINDEXEDPOLYGONALFACE((85,83,84,150));
#985=IFCINDEXEDPOLYGONALFACE((83,86,88,84));
#986=IFCINDEXEDPOLYGONALFACE((86,82,140,87));
#987=IFCINDEXEDPOLYGONALFACE((88,86,87,89));
#988=IFCINDEXEDPOLYGONALFACE((90,88,89,93));
#989=IFCINDEXEDPOLYGONALFACE((84,88,90,92));
#990=IFCINDEXEDPOLYGONALFACE((92,90,91,145));
#991=IFCINDEXEDPOLYGONALFACE((91,90,93,95));
#992=IFCINDEXEDPOLYGONALFACE((115,94,93,89));
#993=IFCINDEXEDPOLYGONALFACE((94,96,95,93));
#994=IFCINDEXEDPOLYGONALFACE((95,96,99,97));
#995=IFCINDEXEDPOLYGONALFACE((91,95,97,98));
#996=IFCINDEXEDPOLYGONALFACE((98,97,100,101));
#997=IFCINDEXEDPOLYGONALFACE((97,99,103,100));
#998=IFCINDEXEDPOLYGONALFACE((101,100,102,19));
#999=IFCINDEXEDPOLYGONALFACE((100,103,104,102));
#1000=IFCINDEXEDPOLYGONALFACE((39,104,103,105));
#1001=IFCINDEXEDPOLYGONALFACE((99,106,105,103));
#1002=IFCINDEXEDPOLYGONALFACE((106,108,44,105));
#1003=IFCINDEXEDPOLYGONALFACE((41,39,105,44));
#1004=IFCINDEXEDPOLYGONALFACE((96,107,106,99));
#1005=IFCINDEXEDPOLYGONALFACE((107,109,108,106));
#1006=IFCINDEXEDPOLYGONALFACE((109,110,43,108));
#1007=IFCINDEXEDPOLYGONALFACE((109,111,112,110));
#1008=IFCINDEXEDPOLYGONALFACE((109,107,113,111));
#1009=IFCINDEXEDPOLYGONALFACE((111,113,114,112));
#1010=IFCINDEXEDPOLYGONALFACE((107,96,94,113));
#1011=IFCINDEXEDPOLYGONALFACE((113,94,115,114));
#1012=IFCINDEXEDPOLYGONALFACE((114,115,117,116));
#1013=IFCINDEXEDPOLYGONALFACE((112,114,116,118));
#1014=IFCINDEXEDPOLYGONALFACE((116,117,121,119));
#1015=IFCINDEXEDPOLYGONALFACE((118,116,119,120));
#1016=IFCINDEXEDPOLYGONALFACE((122,125,120,119));
#1017=IFCINDEXEDPOLYGONALFACE((123,122,119,121));
#1018=IFCINDEXEDPOLYGONALFACE((122,123,139,124));
#1019=IFCINDEXEDPOLYGONALFACE((125,122,124,127));
#1020=IFCINDEXEDPOLYGONALFACE((125,127,128,126));
#1021=IFCINDEXEDPOLYGONALFACE((125,126,110,120));
#1022=IFCINDEXEDPOLYGONALFACE((127,124,130,128));
#1023=IFCINDEXEDPOLYGONALFACE((128,129,51,126));
#1024=IFCINDEXEDPOLYGONALFACE((128,130,132,129));
#1025=IFCINDEXEDPOLYGONALFACE((130,131,133,132));
#1026=IFCINDEXEDPOLYGONALFACE((124,139,131,130));
#1027=IFCINDEXEDPOLYGONALFACE((129,132,53,51));
#1028=IFCINDEXEDPOLYGONALFACE((132,133,56,53));
#1029=IFCINDEXEDPOLYGONALFACE((133,131,135,134));
#1030=IFCINDEXEDPOLYGONALFACE((56,133,134,66));
#1031=IFCINDEXEDPOLYGONALFACE((134,135,73,65));
#1032=IFCINDEXEDPOLYGONALFACE((131,139,136,135));
#1033=IFCINDEXEDPOLYGONALFACE((135,136,137,73));
#1034=IFCINDEXEDPOLYGONALFACE((136,138,80,137));
#1035=IFCINDEXEDPOLYGONALFACE((139,123,138,136));
#1036=IFCINDEXEDPOLYGONALFACE((138,140,82,80));
#1037=IFCINDEXEDPOLYGONALFACE((140,138,123,121));
#1038=IFCINDEXEDPOLYGONALFACE((121,117,87,140));
#1039=IFCINDEXEDPOLYGONALFACE((126,46,43,110));
#1040=IFCINDEXEDPOLYGONALFACE((112,118,120,110));
#1041=IFCINDEXEDPOLYGONALFACE((117,115,89,87));
#1042=IFCINDEXEDPOLYGONALFACE((102,104,33,27));
#1043=IFCINDEXEDPOLYGONALFACE((17,141,101,19));
#1044=IFCINDEXEDPOLYGONALFACE((143,98,101,141));
#1045=IFCINDEXEDPOLYGONALFACE((14,142,141,17));
#1046=IFCINDEXEDPOLYGONALFACE((144,143,141,142));
#1047=IFCINDEXEDPOLYGONALFACE((146,145,143,144));
#1048=IFCINDEXEDPOLYGONALFACE((145,91,98,143));
#1049=IFCINDEXEDPOLYGONALFACE((147,92,145,146));
#1050=IFCINDEXEDPOLYGONALFACE((146,144,149,148));
#1051=IFCINDEXEDPOLYGONALFACE((150,147,146,148));
#1052=IFCINDEXEDPOLYGONALFACE((148,149,151,75));
#1053=IFCINDEXEDPOLYGONALFACE((78,85,150,148));
#1054=IFCINDEXEDPOLYGONALFACE((150,84,92,147));
#1055=IFCINDEXEDPOLYGONALFACE((152,154,151,149));
#1056=IFCINDEXEDPOLYGONALFACE((142,152,149,144));
#1057=IFCINDEXEDPOLYGONALFACE((14,153,152,142));
#1058=IFCINDEXEDPOLYGONALFACE((153,156,154,152));
#1059=IFCINDEXEDPOLYGONALFACE((174,151,154,155));
#1060=IFCINDEXEDPOLYGONALFACE((157,155,154,156));
#1061=IFCINDEXEDPOLYGONALFACE((156,153,15,158));
#1062=IFCINDEXEDPOLYGONALFACE((157,156,158,160));
#1063=IFCINDEXEDPOLYGONALFACE((158,15,12,159));
#1064=IFCINDEXEDPOLYGONALFACE((160,158,159,161));
#1065=IFCINDEXEDPOLYGONALFACE((164,157,160,162));
#1066=IFCINDEXEDPOLYGONALFACE((162,160,161,163));
#1067=IFCINDEXEDPOLYGONALFACE((165,162,163,166));
#1068=IFCINDEXEDPOLYGONALFACE((60,164,162,165));
#1069=IFCINDEXEDPOLYGONALFACE((31,60,165,29));
#1070=IFCINDEXEDPOLYGONALFACE((29,165,166,168));
#1071=IFCINDEXEDPOLYGONALFACE((171,167,166,163));
#1072=IFCINDEXEDPOLYGONALFACE((169,168,166,167));
#1073=IFCINDEXEDPOLYGONALFACE((169,170,25,168));
#1074=IFCINDEXEDPOLYGONALFACE((169,167,2,170));
#1075=IFCINDEXEDPOLYGONALFACE((6,2,167,171));
#1076=IFCINDEXEDPOLYGONALFACE((173,6,171,172));
#1077=IFCINDEXEDPOLYGONALFACE((172,171,163,161));
#1078=IFCINDEXEDPOLYGONALFACE((172,161,159,173));
#1079=IFCINDEXEDPOLYGONALFACE((173,159,12,7));
#1080=IFCINDEXEDPOLYGONALFACE((164,61,155,157));
#1081=IFCINDEXEDPOLYGONALFACE((63,174,155,61));
#1082=IFCINDEXEDPOLYGONALFACE((68,75,151,174));
#1083=IFCPOLYGONALFACESET(#910,$,(#911,#912,#913,#914,#915,#916,#917,#918,#919,#920,#921,#922,#923,#924,#925,#926,#927,#928,#929,#930,#931,#932,#933,#934,#935,#936,#937,#938,#939,#940,#941,#942,#943,#944,#945,#946,#947,#948,#949,#950,#951,#952,#953,#954,#955,#956,#957,#958,#959,#960,#961,#962,#963,#964,#965,#966,#967,#968,#969,#970,#971,#972,#973,#974,#975,#976,#977,#978,#979,#980,#981,#982,#983,#984,#985,#986,#987,#988,#989,#990,#991,#992,#993,#994,#995,#996,#997,#998,#999,#1000,#1001,#1002,#1003,#1004,#1005,#1006,#1007,#1008,#1009,#1010,#1011,#1012,#1013,#1014,#1015,#1016,#1017,#1018,#1019,#1020,#1021,#1022,#1023,#1024,#1025,#1026,#1027,#1028,#1029,#1030,#1031,#1032,#1033,#1034,#1035,#1036,#1037,#1038,#1039,#1040,#1041,#1042,#1043,#1044,#1045,#1046,#1047,#1048,#1049,#1050,#1051,#1052,#1053,#1054,#1055,#1056,#1057,#1058,#1059,#1060,#1061,#1062,#1063,#1064,#1065,#1066,#1067,#1068,#1069,#1070,#1071,#1072,#1073,#1074,#1075,#1076,#1077,#1078,#1079,#1080,#1081,#1082),$);
#1084=IFCCARTESIANPOINTLIST3D(((-242.,-521.018127441406,529.144775390625),(-242.,-521.018127441406,543.144775390625),(243.077880859375,-521.018737792969,529.144775390625),(-241.500396728516,-520.51806640625,527.644775390625),(-243.865982055664,-520.881408691406,529.144775390625),(-243.865982055664,-520.881408691406,543.144775390625),(-243.366012573242,-520.38134765625,527.644775390625),(-244.,-519.01806640625,529.144775390625),(-244.,-68.4863128662109,529.144775390625),(-244.,-519.01806640625,543.144775390625),(-243.500427246094,-518.518127441406,527.644775390625),(-243.500747680664,-68.9863128662109,527.644775390625),(-243.,-518.01806640625,527.144775390625),(-243.,-69.4863052368164,527.144775390625),(-242.865997314453,-519.881408691406,527.144775390625),(-241.,-518.01806640625,527.144775390625),(-241.,-69.4863052368164,527.144775390625),(-241.,-520.01806640625,527.144775390625),(242.077865600586,-518.018676757812,527.144775390625),(242.078048706055,-69.4867172241211,527.144775390625),(242.077865600586,-520.018737792969,527.144775390625),(244.077880859375,-518.018676757812,527.144775390625),(244.078033447266,-69.4867172241211,527.144775390625),(244.577865600586,-518.518737792969,527.644775390625),(243.9501953125,-519.912780761719,527.144775390625),(244.450180053711,-520.412841796875,527.644775390625),(242.577865600586,-520.518676757812,527.644775390625),(244.9501953125,-520.912780761719,529.144775390625),(245.077880859375,-519.018737792969,529.144775390625),(244.9501953125,-520.912780761719,543.144775390625),(245.077880859375,-519.018737792969,543.144775390625),(243.077880859375,-521.018737792969,543.144775390625),(244.450180053711,-520.412841796875,544.644775390625),(244.577865600586,-518.518737792969,544.644775390625),(243.9501953125,-519.912780761719,545.144775390625),(242.577865600586,-520.518676757812,544.644775390625),(-241.500396728516,-520.518188476562,544.644775390625),(242.077865600586,-520.018737792969,545.144775390625),(-241.,-520.018249511719,545.144775390625),(242.077865600586,-518.018676757812,545.144775390625),(-241.,-518.018188476562,545.144775390625),(244.077880859375,-518.018676757812,545.144775390625),(242.078048706055,-69.4867172241211,545.144775390625),(242.078048706055,-67.4867172241211,545.144775390625),(-241.,-69.4863052368164,545.144775390625),(244.078033447266,-69.4867172241211,545.144775390625),(244.578048706055,-68.9867172241211,544.644775390625),(243.866653442383,-67.7577133178711,545.144775390625),(244.366638183594,-67.2577133178711,544.644775390625),(244.866653442383,-66.7577133178711,543.144775390625),(242.578048706055,-66.9867095947266,544.644775390625),(243.078033447266,-66.4867095947266,543.144775390625),(-241.500717163086,-66.9863128662109,544.644775390625),(-242.,-66.4863128662109,543.144775390625),(-241.,-67.4863128662109,545.144775390625),(-243.334213256836,-67.1532135009766,544.644775390625),(-242.834259033203,-67.6532135009766,545.144775390625),(-243.834243774414,-66.6532135009766,543.144775390625),(-243.500747680664,-68.9863128662109,544.644775390625),(-243.,-69.4863052368164,545.144775390625),(-243.500427246094,-518.518127441406,544.644775390625),(-244.,-68.4863128662109,543.144775390625),(-243.,-518.01806640625,545.144775390625),(-243.366012573242,-520.38134765625,544.644775390625),(-242.865997314453,-519.881408691406,545.144775390625),(-243.834243774414,-66.6532135009766,529.144775390625),(-243.334213256836,-67.1532135009766,527.644775390625),(-242.,-66.4863128662109,529.144775390625),(243.078033447266,-66.4867095947266,529.144775390625),(-241.500717163086,-66.9863128662109,527.644775390625),(242.578048706055,-66.9867095947266,527.644775390625),(-241.,-67.4863128662109,527.144775390625),(-242.834259033203,-67.6532135009766,527.144775390625),(242.078048706055,-67.4867172241211,527.144775390625),(243.866653442383,-67.7576141357422,527.144775390625),(244.366638183594,-67.2576217651367,527.644775390625),(244.578048706055,-68.9867172241211,527.644775390625),(244.866653442383,-66.7576217651367,529.144775390625),(245.078048706055,-68.4867172241211,529.144775390625),(245.078048706055,-68.4867172241211,543.144775390625)));
#1085=IFCINDEXEDPOLYGONALFACE((5,1,2,6));
#1086=IFCINDEXEDPOLYGONALFACE((1,3,32,2));
#1087=IFCINDEXEDPOLYGONALFACE((27,3,1,4));
#1088=IFCINDEXEDPOLYGONALFACE((1,5,7,4));
#1089=IFCINDEXEDPOLYGONALFACE((8,5,6,10));
#1090=IFCINDEXEDPOLYGONALFACE((5,8,11,7));
#1091=IFCINDEXEDPOLYGONALFACE((11,8,9,12));
#1092=IFCINDEXEDPOLYGONALFACE((8,10,62,9));
#1093=IFCINDEXEDPOLYGONALFACE((13,11,12,14));
#1094=IFCINDEXEDPOLYGONALFACE((7,11,13,15));
#1095=IFCINDEXEDPOLYGONALFACE((14,17,16,13));
#1096=IFCINDEXEDPOLYGONALFACE((16,18,15,13));
#1097=IFCINDEXEDPOLYGONALFACE((19,16,17,20));
#1098=IFCINDEXEDPOLYGONALFACE((21,18,16,19));
#1099=IFCINDEXEDPOLYGONALFACE((19,20,23,22));
#1100=IFCINDEXEDPOLYGONALFACE((25,21,19,22));
#1101=IFCINDEXEDPOLYGONALFACE((23,77,24,22));
#1102=IFCINDEXEDPOLYGONALFACE((25,22,24,26));
#1103=IFCINDEXEDPOLYGONALFACE((21,25,26,27));
#1104=IFCINDEXEDPOLYGONALFACE((27,26,28,3));
#1105=IFCINDEXEDPOLYGONALFACE((26,24,29,28));
#1106=IFCINDEXEDPOLYGONALFACE((30,32,3,28));
#1107=IFCINDEXEDPOLYGONALFACE((31,30,28,29));
#1108=IFCINDEXEDPOLYGONALFACE((30,31,34,33));
#1109=IFCINDEXEDPOLYGONALFACE((32,30,33,36));
#1110=IFCINDEXEDPOLYGONALFACE((33,34,42,35));
#1111=IFCINDEXEDPOLYGONALFACE((36,33,35,38));
#1112=IFCINDEXEDPOLYGONALFACE((39,37,36,38));
#1113=IFCINDEXEDPOLYGONALFACE((37,2,32,36));
#1114=IFCINDEXEDPOLYGONALFACE((39,38,40,41));
#1115=IFCINDEXEDPOLYGONALFACE((40,38,35,42));
#1116=IFCINDEXEDPOLYGONALFACE((41,40,43,45));
#1117=IFCINDEXEDPOLYGONALFACE((40,42,46,43));
#1118=IFCINDEXEDPOLYGONALFACE((44,55,45,43));
#1119=IFCINDEXEDPOLYGONALFACE((48,44,43,46));
#1120=IFCINDEXEDPOLYGONALFACE((47,49,48,46));
#1121=IFCINDEXEDPOLYGONALFACE((47,46,42,34));
#1122=IFCINDEXEDPOLYGONALFACE((49,51,44,48));
#1123=IFCINDEXEDPOLYGONALFACE((80,50,49,47));
#1124=IFCINDEXEDPOLYGONALFACE((50,52,51,49));
#1125=IFCINDEXEDPOLYGONALFACE((51,52,54,53));
#1126=IFCINDEXEDPOLYGONALFACE((44,51,53,55));
#1127=IFCINDEXEDPOLYGONALFACE((56,53,54,58));
#1128=IFCINDEXEDPOLYGONALFACE((57,55,53,56));
#1129=IFCINDEXEDPOLYGONALFACE((60,57,56,59));
#1130=IFCINDEXEDPOLYGONALFACE((59,56,58,62));
#1131=IFCINDEXEDPOLYGONALFACE((60,59,61,63));
#1132=IFCINDEXEDPOLYGONALFACE((59,62,10,61));
#1133=IFCINDEXEDPOLYGONALFACE((62,58,66,9));
#1134=IFCINDEXEDPOLYGONALFACE((10,6,64,61));
#1135=IFCINDEXEDPOLYGONALFACE((61,64,65,63));
#1136=IFCINDEXEDPOLYGONALFACE((64,37,39,65));
#1137=IFCINDEXEDPOLYGONALFACE((6,2,37,64));
#1138=IFCINDEXEDPOLYGONALFACE((63,65,39,41));
#1139=IFCINDEXEDPOLYGONALFACE((63,41,45,60));
#1140=IFCINDEXEDPOLYGONALFACE((45,55,57,60));
#1141=IFCINDEXEDPOLYGONALFACE((58,54,68,66));
#1142=IFCINDEXEDPOLYGONALFACE((9,66,67,12));
#1143=IFCINDEXEDPOLYGONALFACE((66,68,70,67));
#1144=IFCINDEXEDPOLYGONALFACE((70,68,69,71));
#1145=IFCINDEXEDPOLYGONALFACE((68,54,52,69));
#1146=IFCINDEXEDPOLYGONALFACE((72,70,71,74));
#1147=IFCINDEXEDPOLYGONALFACE((67,70,72,73));
#1148=IFCINDEXEDPOLYGONALFACE((14,73,72,17));
#1149=IFCINDEXEDPOLYGONALFACE((72,74,20,17));
#1150=IFCINDEXEDPOLYGONALFACE((74,75,23,20));
#1151=IFCINDEXEDPOLYGONALFACE((75,74,71,76));
#1152=IFCINDEXEDPOLYGONALFACE((23,75,76,77));
#1153=IFCINDEXEDPOLYGONALFACE((76,71,69,78));
#1154=IFCINDEXEDPOLYGONALFACE((77,76,78,79));
#1155=IFCINDEXEDPOLYGONALFACE((78,69,52,50));
#1156=IFCINDEXEDPOLYGONALFACE((79,78,50,80));
#1157=IFCINDEXEDPOLYGONALFACE((77,79,29,24));
#1158=IFCINDEXEDPOLYGONALFACE((31,29,79,80));
#1159=IFCINDEXEDPOLYGONALFACE((80,47,34,31));
#1160=IFCINDEXEDPOLYGONALFACE((12,67,73,14));
#1161=IFCINDEXEDPOLYGONALFACE((21,27,4,18));
#1162=IFCINDEXEDPOLYGONALFACE((4,7,15,18));
#1163=IFCPOLYGONALFACESET(#1084,$,(#1085,#1086,#1087,#1088,#1089,#1090,#1091,#1092,#1093,#1094,#1095,#1096,#1097,#1098,#1099,#1100,#1101,#1102,#1103,#1104,#1105,#1106,#1107,#1108,#1109,#1110,#1111,#1112,#1113,#1114,#1115,#1116,#1117,#1118,#1119,#1120,#1121,#1122,#1123,#1124,#1125,#1126,#1127,#1128,#1129,#1130,#1131,#1132,#1133,#1134,#1135,#1136,#1137,#1138,#1139,#1140,#1141,#1142,#1143,#1144,#1145,#1146,#1147,#1148,#1149,#1150,#1151,#1152,#1153,#1154,#1155,#1156,#1157,#1158,#1159,#1160,#1161,#1162),$);
#1164=IFCCARTESIANPOINTLIST3D(((255.207763671875,-545.631469726562,372.119842529297),(-258.613006591797,-545.631042480469,372.119354248047),(252.490676879883,-545.631469726562,374.836639404297),(255.208053588867,-545.63134765625,521.973876953125),(255.349258422852,-545.431457519531,371.978240966797),(255.349349975586,-522.018676757812,371.978240966797),(-258.754577636719,-545.430969238281,371.978240966797),(255.349349975586,-545.431396484375,522.115478515625),(255.349472045898,-522.018676757812,522.115478515625),(-258.754455566406,-545.430847167969,522.115478515625),(-258.612945556641,-545.630920410156,521.974365234375),(-258.754333496094,-522.018249511719,522.115478515625),(-258.754455566406,-522.018310546875,371.978240966797),(-256.047210693359,-521.018249511719,519.408447265625),(-237.593612670898,-521.018249511719,502.964111328125),(252.64225769043,-521.018737792969,519.408447265625),(-256.047332763672,-521.018310546875,374.685272216797),(252.64225769043,-521.018737792969,374.685272216797),(-237.593719482422,-521.018310546875,391.129608154297),(234.197875976562,-521.018737792969,391.129608154297),(-236.745132446289,-521.21826171875,391.978240966797),(-236.745193481445,-540.202087402344,391.978240966797),(-236.745132446289,-521.218139648438,502.115447998047),(233.349349975586,-521.21875,391.978240966797),(233.349258422852,-540.202575683594,391.978240966797),(233.349487304688,-521.21875,502.115447998047),(233.349349975586,-540.202575683594,502.115447998047),(234.197982788086,-521.018737792969,502.964111328125),(234.197875976562,-540.402587890625,502.964111328125),(-236.745132446289,-540.202087402344,502.115447998047),(-237.593612670898,-540.402160644531,502.964111328125),(-237.593719482422,-540.402160644531,391.129608154297),(-255.754302978516,-540.402648925781,519.115478515625),(-255.754547119141,-540.402648925781,374.978240966797),(-255.754425048828,-545.430847167969,519.115478515625),(252.349365234375,-540.403198242188,519.115478515625),(252.349273681641,-540.403198242188,374.978240966797),(252.349365234375,-545.431396484375,519.115478515625),(252.490768432617,-545.63134765625,519.257080078125),(252.349273681641,-545.431457519531,374.978240966797),(-255.754547119141,-545.430969238281,374.978240966797),(-255.895874023438,-545.631042480469,374.836639404297),(-255.895874023438,-545.630920410156,519.257080078125),(234.197784423828,-540.402587890625,391.129608154297)));
#1165=IFCINDEXEDPOLYGONALFACE((2,7,5,1));
#1166=IFCINDEXEDPOLYGONALFACE((1,3,42,2));
#1167=IFCINDEXEDPOLYGONALFACE((1,4,39,3));
#1168=IFCINDEXEDPOLYGONALFACE((1,5,8,4));
#1169=IFCINDEXEDPOLYGONALFACE((6,9,8,5));
#1170=IFCINDEXEDPOLYGONALFACE((6,5,7,13));
#1171=IFCINDEXEDPOLYGONALFACE((11,4,8,10));
#1172=IFCINDEXEDPOLYGONALFACE((9,12,10,8));
#1173=IFCINDEXEDPOLYGONALFACE((7,2,11,10));
#1174=IFCINDEXEDPOLYGONALFACE((13,7,10,12));
#1175=IFCINDEXEDPOLYGONALFACE((12,14,17,13));
#1176=IFCINDEXEDPOLYGONALFACE((9,16,14,12));
#1177=IFCINDEXEDPOLYGONALFACE((17,14,15,19));
#1178=IFCINDEXEDPOLYGONALFACE((28,15,14,16));
#1179=IFCINDEXEDPOLYGONALFACE((13,17,18,6));
#1180=IFCINDEXEDPOLYGONALFACE((20,18,17,19));
#1181=IFCINDEXEDPOLYGONALFACE((19,21,24,20));
#1182=IFCINDEXEDPOLYGONALFACE((15,23,21,19));
#1183=IFCINDEXEDPOLYGONALFACE((21,23,30,22));
#1184=IFCINDEXEDPOLYGONALFACE((25,24,21,22));
#1185=IFCINDEXEDPOLYGONALFACE((20,24,26,28));
#1186=IFCINDEXEDPOLYGONALFACE((24,25,27,26));
#1187=IFCINDEXEDPOLYGONALFACE((28,26,23,15));
#1188=IFCINDEXEDPOLYGONALFACE((27,30,23,26));
#1189=IFCINDEXEDPOLYGONALFACE((18,20,28,16));
#1190=IFCINDEXEDPOLYGONALFACE((27,29,31,30));
#1191=IFCINDEXEDPOLYGONALFACE((25,44,29,27));
#1192=IFCINDEXEDPOLYGONALFACE((30,31,32,22));
#1193=IFCINDEXEDPOLYGONALFACE((31,33,34,32));
#1194=IFCINDEXEDPOLYGONALFACE((31,29,36,33));
#1195=IFCINDEXEDPOLYGONALFACE((41,34,33,35));
#1196=IFCINDEXEDPOLYGONALFACE((38,35,33,36));
#1197=IFCINDEXEDPOLYGONALFACE((40,38,36,37));
#1198=IFCINDEXEDPOLYGONALFACE((37,36,29,44));
#1199=IFCINDEXEDPOLYGONALFACE((39,43,35,38));
#1200=IFCINDEXEDPOLYGONALFACE((40,3,39,38));
#1201=IFCINDEXEDPOLYGONALFACE((3,40,41,42));
#1202=IFCINDEXEDPOLYGONALFACE((40,37,34,41));
#1203=IFCINDEXEDPOLYGONALFACE((42,41,35,43));
#1204=IFCINDEXEDPOLYGONALFACE((42,43,11,2));
#1205=IFCINDEXEDPOLYGONALFACE((4,11,43,39));
#1206=IFCINDEXEDPOLYGONALFACE((32,34,37,44));
#1207=IFCINDEXEDPOLYGONALFACE((22,32,44,25));
#1208=IFCINDEXEDPOLYGONALFACE((6,18,16,9));
#1209=IFCPOLYGONALFACESET(#1164,$,(#1165,#1166,#1167,#1168,#1169,#1170,#1171,#1172,#1173,#1174,#1175,#1176,#1177,#1178,#1179,#1180,#1181,#1182,#1183,#1184,#1185,#1186,#1187,#1188,#1189,#1190,#1191,#1192,#1193,#1194,#1195,#1196,#1197,#1198,#1199,#1200,#1201,#1202,#1203,#1204,#1205,#1206,#1207,#1208),$);
#1210=IFCCARTESIANPOINTLIST3D(((-257.754333496094,-540.431457519531,372.978240966797),(254.349182128906,-540.431457519531,372.978240966797),(-257.754333496094,-540.431457519531,521.115478515625),(-257.754333496094,-545.431457519531,372.978240966797),(-257.754333496094,-545.431457519531,521.115478515625),(254.349182128906,-545.431457519531,372.978240966797),(254.349182128906,-545.431457519531,521.115478515625),(254.349182128906,-540.431457519531,521.115478515625)));
#1211=IFCINDEXEDPOLYGONALFACE((1,2,6,4));
#1212=IFCINDEXEDPOLYGONALFACE((1,3,8,2));
#1213=IFCINDEXEDPOLYGONALFACE((3,1,4,5));
#1214=IFCINDEXEDPOLYGONALFACE((4,6,7,5));
#1215=IFCINDEXEDPOLYGONALFACE((2,8,7,6));
#1216=IFCINDEXEDPOLYGONALFACE((8,3,5,7));
#1217=IFCPOLYGONALFACESET(#1210,$,(#1211,#1212,#1213,#1214,#1215,#1216),$);
#1218=IFCCARTESIANPOINTLIST3D(((254.189086914062,-520.96826171875,522.623291015625),(-257.754455566406,-520.968383789062,522.623291015625),(254.189086914062,-520.96826171875,522.123291015625),(255.189071655273,-520.96826171875,522.623291015625),(254.189086914062,-521.09326171875,523.),(255.064086914062,-521.09326171875,523.),(-257.754455566406,-521.093383789062,523.),(254.189086914062,-521.468322753906,523.123291015625),(-257.754333496094,-521.468444824219,523.123291015625),(254.189086914062,-521.94775390625,523.123291015625),(254.689086914062,-521.468322753906,523.123291015625),(254.689086914062,-521.94775390625,523.123291015625),(254.689086914062,-544.800354003906,523.123291015625),(255.064086914062,-521.94775390625,523.),(255.189071655273,-521.94775390625,522.623291015625),(255.064086914062,-544.800354003906,523.),(255.064086914062,-545.676025390625,523.),(255.189071655273,-544.800354003906,522.623291015625),(255.189071655273,-545.676025390625,522.623291015625),(255.189071655273,-544.800354003906,522.123291015625),(255.189071655273,-545.676025390625,522.123291015625),(255.189071655273,-521.94775390625,522.123291015625),(254.189086914062,-544.800354003906,522.123291015625),(254.189086914062,-545.676025390625,522.123291015625),(-257.754333496094,-544.800537109375,522.123291015625),(254.189086914062,-521.94775390625,522.123291015625),(-257.754333496094,-521.94775390625,522.123291015625),(-257.754455566406,-520.968383789062,522.123291015625),(-258.754333496094,-521.94775390625,522.123291015625),(-258.754455566406,-520.968383789062,522.123291015625),(-258.754333496094,-521.94775390625,522.623291015625),(-258.754333496094,-544.800537109375,522.123291015625),(-258.754333496094,-545.676330566406,522.123291015625),(-258.754333496094,-544.800537109375,522.623291015625),(-258.629333496094,-544.800537109375,523.),(-258.754333496094,-545.676330566406,522.623291015625),(-258.754333496094,-546.673156738281,522.623291015625),(-258.629333496094,-545.676330566406,523.),(-258.254302978516,-545.676330566406,523.123291015625),(-258.629333496094,-546.673156738281,523.),(-258.254302978516,-546.673156738281,523.123291015625),(-258.629455566406,-561.719787597656,523.),(-258.754455566406,-561.719787597656,522.623291015625),(-258.254425048828,-561.719787597656,523.123291015625),(-258.629455566406,-562.245056152344,523.),(-258.754455566406,-562.245056152344,522.623291015625),(-258.254425048828,-562.245056152344,523.123291015625),(-258.606018066406,-562.652038574219,523.),(-258.691925048828,-562.682556152344,522.623291015625),(-258.416076660156,-562.906616210938,523.),(-258.348419189453,-562.560546875,523.123291015625),(-258.15087890625,-562.641418457031,523.123291015625),(-258.070068359375,-562.839050292969,523.123291015625),(-257.754455566406,-562.245056152344,523.123291015625),(254.189086914062,-562.244812011719,523.123291015625),(-257.754455566406,-561.719787597656,523.123291015625),(-257.754455566406,-562.744995117188,523.123291015625),(-257.754455566406,-563.120056152344,523.),(254.189086914062,-562.744750976562,523.123291015625),(254.504669189453,-562.8388671875,523.123291015625),(254.189086914062,-563.119812011719,523.),(254.596069335938,-563.096496582031,523.),(254.189086914062,-563.244812011719,522.623291015625),(254.189086914062,-563.244812011719,522.123291015625),(-257.754455566406,-563.244995117188,522.623291015625),(254.626586914062,-563.182250976562,522.623291015625),(254.626586914062,-563.182250976562,522.123291015625),(254.939056396484,-563.,522.623291015625),(254.939056396484,-563.,522.123291015625),(255.126586914062,-562.682312011719,522.623291015625),(254.85075378418,-562.906433105469,523.),(255.040756225586,-562.651916503906,523.),(254.585556030273,-562.641296386719,523.123291015625),(254.783264160156,-562.560424804688,523.123291015625),(254.689086914062,-562.244812011719,523.123291015625),(254.689086914062,-561.719604492188,523.123291015625),(255.064086914062,-562.244812011719,523.),(255.189071655273,-562.244812011719,522.623291015625),(255.064086914062,-561.719604492188,523.),(255.064086914062,-546.672912597656,523.),(255.189071655273,-561.719604492188,522.623291015625),(255.189071655273,-546.672912597656,522.623291015625),(255.189071655273,-561.719604492188,522.123291015625),(255.189071655273,-561.719604492188,517.043212890625),(255.189071655273,-546.672912597656,522.123291015625),(255.189071655273,-562.244812011719,522.123291015625),(255.189071655273,-562.244812011719,517.043212890625),(255.126586914062,-562.682312011719,522.123291015625),(255.126586914062,-562.682312011719,517.043212890625),(254.939056396484,-563.,517.043212890625),(255.040756225586,-562.651916503906,516.668212890625),(254.783264160156,-562.560424804688,516.543212890625),(255.064086914062,-562.244812011719,516.668212890625),(254.85075378418,-562.906433105469,516.668212890625),(254.585556030273,-562.641296386719,516.543212890625),(254.596069335938,-563.096496582031,516.668212890625),(254.189086914062,-563.119812011719,516.668212890625),(254.626586914062,-563.182250976562,517.043212890625),(254.504669189453,-562.8388671875,516.543212890625),(254.189086914062,-562.744750976562,516.543212890625),(-257.754455566406,-562.745056152344,516.543212890625),(254.189086914062,-562.244812011719,516.543212890625),(-257.754455566406,-562.2451171875,516.543212890625),(254.189086914062,-561.719604492188,516.543212890625),(254.689086914062,-562.244812011719,516.543212890625),(254.689086914062,-561.719604492188,516.543212890625),(255.064086914062,-561.719604492188,516.668212890625),(254.689086914062,-546.672912597656,520.358642578125),(254.689086914062,-546.142761230469,520.524658203125),(254.189086914062,-546.672912597656,520.358642578125),(255.064086914062,-546.672912597656,520.483642578125),(255.064086914062,-545.801025390625,520.696044921875),(255.189071655273,-546.672912597656,520.858642578125),(255.189071655273,-545.676025390625,521.071044921875),(254.189086914062,-545.676025390625,521.071044921875),(-257.754333496094,-545.676330566406,521.071044921875),(254.189086914062,-545.801025390625,520.696044921875),(254.189086914062,-546.142761230469,520.524658203125),(-257.754333496094,-545.801330566406,520.696044921875),(-258.629333496094,-545.801452636719,520.696044921875),(-257.754333496094,-546.14306640625,520.524658203125),(-258.254302978516,-546.14306640625,520.524658203125),(-257.754333496094,-546.673217773438,520.358642578125),(-257.754455566406,-561.719848632812,516.543212890625),(-258.254302978516,-546.673217773438,520.358642578125),(-258.629333496094,-546.673217773438,520.483642578125),(-258.254425048828,-561.719848632812,516.543212890625),(-258.254425048828,-562.2451171875,516.543212890625),(-258.629455566406,-561.719848632812,516.668212890625),(-258.629455566406,-562.2451171875,516.668212890625),(-258.754455566406,-561.719848632812,517.043212890625),(-258.754455566406,-561.719787597656,522.123291015625),(-258.754455566406,-562.2451171875,517.043212890625),(-258.754333496094,-546.673217773438,520.858642578125),(-258.754333496094,-545.676452636719,521.071044921875),(-258.754333496094,-546.673156738281,522.123291015625),(-258.754455566406,-562.245056152344,522.123291015625),(-258.691925048828,-562.6826171875,517.043212890625),(-258.504455566406,-563.,517.043212890625),(-258.606018066406,-562.652038574219,516.668212890625),(-258.691925048828,-562.682556152344,522.123291015625),(-258.504455566406,-563.,522.123291015625),(-258.191955566406,-563.182495117188,522.123291015625),(-258.504455566406,-563.,522.623291015625),(-258.191955566406,-563.182495117188,522.623291015625),(-258.161437988281,-563.096618652344,523.),(-257.754455566406,-563.244995117188,522.123291015625),(-258.191955566406,-563.182556152344,517.043212890625),(-258.161437988281,-563.096740722656,516.668212890625),(-257.754455566406,-563.245056152344,517.043212890625),(254.189086914062,-563.244812011719,517.043212890625),(-257.754455566406,-563.1201171875,516.668212890625),(-258.070068359375,-562.839050292969,516.543212890625),(-258.416076660156,-562.906616210938,516.668212890625),(-258.15087890625,-562.641540527344,516.543212890625),(-258.348419189453,-562.560607910156,516.543212890625),(-257.754333496094,-545.676330566406,522.123291015625),(254.689086914062,-546.672912597656,523.123291015625),(254.689086914062,-545.676025390625,523.123291015625),(254.189086914062,-546.672912597656,523.123291015625),(254.189086914062,-545.676025390625,523.123291015625),(254.189086914062,-561.719604492188,523.123291015625),(-257.754333496094,-546.673156738281,523.123291015625),(-257.754333496094,-545.676330566406,523.123291015625),(-257.754333496094,-544.800537109375,523.123291015625),(254.189086914062,-544.800354003906,523.123291015625),(-257.754333496094,-521.94775390625,523.123291015625),(-258.254302978516,-544.800537109375,523.123291015625),(-258.254302978516,-521.94775390625,523.123291015625),(-258.254302978516,-521.468444824219,523.123291015625),(-258.629333496094,-521.94775390625,523.),(-258.629455566406,-521.093383789062,523.),(-258.754455566406,-520.968383789062,522.623291015625),(255.189071655273,-520.96826171875,522.123291015625)));
#1219=IFCINDEXEDPOLYGONALFACE((5,1,2,7));
#1220=IFCINDEXEDPOLYGONALFACE((1,3,28,2));
#1221=IFCINDEXEDPOLYGONALFACE((4,174,3,1));
#1222=IFCINDEXEDPOLYGONALFACE((6,4,1,5));
#1223=IFCINDEXEDPOLYGONALFACE((11,6,5,8));
#1224=IFCINDEXEDPOLYGONALFACE((8,5,7,9));
#1225=IFCINDEXEDPOLYGONALFACE((9,167,10,8));
#1226=IFCINDEXEDPOLYGONALFACE((11,8,10,12));
#1227=IFCINDEXEDPOLYGONALFACE((11,12,14,6));
#1228=IFCINDEXEDPOLYGONALFACE((12,13,16,14));
#1229=IFCINDEXEDPOLYGONALFACE((12,10,166,13));
#1230=IFCINDEXEDPOLYGONALFACE((6,14,15,4));
#1231=IFCINDEXEDPOLYGONALFACE((14,16,18,15));
#1232=IFCINDEXEDPOLYGONALFACE((13,159,17,16));
#1233=IFCINDEXEDPOLYGONALFACE((16,17,19,18));
#1234=IFCINDEXEDPOLYGONALFACE((18,20,22,15));
#1235=IFCINDEXEDPOLYGONALFACE((19,21,20,18));
#1236=IFCINDEXEDPOLYGONALFACE((21,24,23,20));
#1237=IFCINDEXEDPOLYGONALFACE((20,23,26,22));
#1238=IFCINDEXEDPOLYGONALFACE((24,157,25,23));
#1239=IFCINDEXEDPOLYGONALFACE((23,25,27,26));
#1240=IFCINDEXEDPOLYGONALFACE((3,26,27,28));
#1241=IFCINDEXEDPOLYGONALFACE((174,22,26,3));
#1242=IFCINDEXEDPOLYGONALFACE((30,28,27,29));
#1243=IFCINDEXEDPOLYGONALFACE((29,27,25,32));
#1244=IFCINDEXEDPOLYGONALFACE((30,29,31,173));
#1245=IFCINDEXEDPOLYGONALFACE((32,34,31,29));
#1246=IFCINDEXEDPOLYGONALFACE((33,36,34,32));
#1247=IFCINDEXEDPOLYGONALFACE((33,32,25,157));
#1248=IFCINDEXEDPOLYGONALFACE((34,35,171,31));
#1249=IFCINDEXEDPOLYGONALFACE((36,38,35,34));
#1250=IFCINDEXEDPOLYGONALFACE((36,37,40,38));
#1251=IFCINDEXEDPOLYGONALFACE((136,37,36,33));
#1252=IFCINDEXEDPOLYGONALFACE((38,39,168,35));
#1253=IFCINDEXEDPOLYGONALFACE((38,40,41,39));
#1254=IFCINDEXEDPOLYGONALFACE((43,42,40,37));
#1255=IFCINDEXEDPOLYGONALFACE((42,44,41,40));
#1256=IFCINDEXEDPOLYGONALFACE((46,45,42,43));
#1257=IFCINDEXEDPOLYGONALFACE((45,47,44,42));
#1258=IFCINDEXEDPOLYGONALFACE((45,46,49,48));
#1259=IFCINDEXEDPOLYGONALFACE((47,45,48,51));
#1260=IFCINDEXEDPOLYGONALFACE((48,49,144,50));
#1261=IFCINDEXEDPOLYGONALFACE((51,48,50,52));
#1262=IFCINDEXEDPOLYGONALFACE((47,51,52,54));
#1263=IFCINDEXEDPOLYGONALFACE((52,50,146,53));
#1264=IFCINDEXEDPOLYGONALFACE((52,53,57,54));
#1265=IFCINDEXEDPOLYGONALFACE((59,55,54,57));
#1266=IFCINDEXEDPOLYGONALFACE((55,162,56,54));
#1267=IFCINDEXEDPOLYGONALFACE((47,54,56,44));
#1268=IFCINDEXEDPOLYGONALFACE((53,146,58,57));
#1269=IFCINDEXEDPOLYGONALFACE((57,58,61,59));
#1270=IFCINDEXEDPOLYGONALFACE((59,60,73,55));
#1271=IFCINDEXEDPOLYGONALFACE((59,61,62,60));
#1272=IFCINDEXEDPOLYGONALFACE((61,63,66,62));
#1273=IFCINDEXEDPOLYGONALFACE((58,65,63,61));
#1274=IFCINDEXEDPOLYGONALFACE((66,63,64,67));
#1275=IFCINDEXEDPOLYGONALFACE((147,64,63,65));
#1276=IFCINDEXEDPOLYGONALFACE((68,66,67,69));
#1277=IFCINDEXEDPOLYGONALFACE((62,66,68,71));
#1278=IFCINDEXEDPOLYGONALFACE((70,68,69,88));
#1279=IFCINDEXEDPOLYGONALFACE((71,68,70,72));
#1280=IFCINDEXEDPOLYGONALFACE((60,62,71,73));
#1281=IFCINDEXEDPOLYGONALFACE((73,71,72,74));
#1282=IFCINDEXEDPOLYGONALFACE((73,74,75,55));
#1283=IFCINDEXEDPOLYGONALFACE((74,72,77,75));
#1284=IFCINDEXEDPOLYGONALFACE((75,77,79,76));
#1285=IFCINDEXEDPOLYGONALFACE((75,76,162,55));
#1286=IFCINDEXEDPOLYGONALFACE((72,70,78,77));
#1287=IFCINDEXEDPOLYGONALFACE((77,78,81,79));
#1288=IFCINDEXEDPOLYGONALFACE((76,79,80,158));
#1289=IFCINDEXEDPOLYGONALFACE((79,81,82,80));
#1290=IFCINDEXEDPOLYGONALFACE((81,83,85,82));
#1291=IFCINDEXEDPOLYGONALFACE((78,86,83,81));
#1292=IFCINDEXEDPOLYGONALFACE((86,87,84,83));
#1293=IFCINDEXEDPOLYGONALFACE((83,84,113,85));
#1294=IFCINDEXEDPOLYGONALFACE((89,87,86,88));
#1295=IFCINDEXEDPOLYGONALFACE((78,70,88,86));
#1296=IFCINDEXEDPOLYGONALFACE((90,89,88,69));
#1297=IFCINDEXEDPOLYGONALFACE((93,87,89,91));
#1298=IFCINDEXEDPOLYGONALFACE((91,89,90,94));
#1299=IFCINDEXEDPOLYGONALFACE((92,91,94,95));
#1300=IFCINDEXEDPOLYGONALFACE((105,93,91,92));
#1301=IFCINDEXEDPOLYGONALFACE((94,90,98,96));
#1302=IFCINDEXEDPOLYGONALFACE((95,94,96,99));
#1303=IFCINDEXEDPOLYGONALFACE((99,96,97,100));
#1304=IFCINDEXEDPOLYGONALFACE((96,98,151,97));
#1305=IFCINDEXEDPOLYGONALFACE((95,99,100,102));
#1306=IFCINDEXEDPOLYGONALFACE((152,101,100,97));
#1307=IFCINDEXEDPOLYGONALFACE((101,103,102,100));
#1308=IFCINDEXEDPOLYGONALFACE((103,124,104,102));
#1309=IFCINDEXEDPOLYGONALFACE((105,102,104,106));
#1310=IFCINDEXEDPOLYGONALFACE((105,92,95,102));
#1311=IFCINDEXEDPOLYGONALFACE((93,105,106,107));
#1312=IFCINDEXEDPOLYGONALFACE((106,104,110,108));
#1313=IFCINDEXEDPOLYGONALFACE((107,106,108,111));
#1314=IFCINDEXEDPOLYGONALFACE((109,112,111,108));
#1315=IFCINDEXEDPOLYGONALFACE((109,108,110,118));
#1316=IFCINDEXEDPOLYGONALFACE((112,114,113,111));
#1317=IFCINDEXEDPOLYGONALFACE((84,107,111,113));
#1318=IFCINDEXEDPOLYGONALFACE((85,113,114,21));
#1319=IFCINDEXEDPOLYGONALFACE((21,114,115,24));
#1320=IFCINDEXEDPOLYGONALFACE((114,112,117,115));
#1321=IFCINDEXEDPOLYGONALFACE((24,115,116,157));
#1322=IFCINDEXEDPOLYGONALFACE((115,117,119,116));
#1323=IFCINDEXEDPOLYGONALFACE((112,109,118,117));
#1324=IFCINDEXEDPOLYGONALFACE((117,118,121,119));
#1325=IFCINDEXEDPOLYGONALFACE((116,119,120,135));
#1326=IFCINDEXEDPOLYGONALFACE((119,121,122,120));
#1327=IFCINDEXEDPOLYGONALFACE((121,118,110,123));
#1328=IFCINDEXEDPOLYGONALFACE((122,121,123,125));
#1329=IFCINDEXEDPOLYGONALFACE((123,110,104,124));
#1330=IFCINDEXEDPOLYGONALFACE((125,123,124,127));
#1331=IFCINDEXEDPOLYGONALFACE((126,125,127,129));
#1332=IFCINDEXEDPOLYGONALFACE((126,120,122,125));
#1333=IFCINDEXEDPOLYGONALFACE((130,129,127,128));
#1334=IFCINDEXEDPOLYGONALFACE((128,127,124,103));
#1335=IFCINDEXEDPOLYGONALFACE((133,131,129,130));
#1336=IFCINDEXEDPOLYGONALFACE((134,126,129,131));
#1337=IFCINDEXEDPOLYGONALFACE((136,134,131,132));
#1338=IFCINDEXEDPOLYGONALFACE((132,131,133,137));
#1339=IFCINDEXEDPOLYGONALFACE((134,135,120,126));
#1340=IFCINDEXEDPOLYGONALFACE((33,135,134,136));
#1341=IFCINDEXEDPOLYGONALFACE((132,43,37,136));
#1342=IFCINDEXEDPOLYGONALFACE((135,33,157,116));
#1343=IFCINDEXEDPOLYGONALFACE((133,138,141,137));
#1344=IFCINDEXEDPOLYGONALFACE((140,138,133,130));
#1345=IFCINDEXEDPOLYGONALFACE((154,139,138,140));
#1346=IFCINDEXEDPOLYGONALFACE((138,139,142,141));
#1347=IFCINDEXEDPOLYGONALFACE((137,141,49,46));
#1348=IFCINDEXEDPOLYGONALFACE((141,142,144,49));
#1349=IFCINDEXEDPOLYGONALFACE((139,148,143,142));
#1350=IFCINDEXEDPOLYGONALFACE((142,143,145,144));
#1351=IFCINDEXEDPOLYGONALFACE((50,144,145,146));
#1352=IFCINDEXEDPOLYGONALFACE((143,147,65,145));
#1353=IFCINDEXEDPOLYGONALFACE((146,145,65,58));
#1354=IFCINDEXEDPOLYGONALFACE((148,150,147,143));
#1355=IFCINDEXEDPOLYGONALFACE((149,148,139,154));
#1356=IFCINDEXEDPOLYGONALFACE((152,150,148,149));
#1357=IFCINDEXEDPOLYGONALFACE((64,147,150,151));
#1358=IFCINDEXEDPOLYGONALFACE((150,152,97,151));
#1359=IFCINDEXEDPOLYGONALFACE((101,152,149,153));
#1360=IFCINDEXEDPOLYGONALFACE((151,98,67,64));
#1361=IFCINDEXEDPOLYGONALFACE((153,149,154,155));
#1362=IFCINDEXEDPOLYGONALFACE((155,154,140,156));
#1363=IFCINDEXEDPOLYGONALFACE((101,153,155,103));
#1364=IFCINDEXEDPOLYGONALFACE((155,156,128,103));
#1365=IFCINDEXEDPOLYGONALFACE((156,140,130,128));
#1366=IFCINDEXEDPOLYGONALFACE((137,46,43,132));
#1367=IFCINDEXEDPOLYGONALFACE((87,93,107,84));
#1368=IFCINDEXEDPOLYGONALFACE((98,90,69,67));
#1369=IFCINDEXEDPOLYGONALFACE((82,85,21,19));
#1370=IFCINDEXEDPOLYGONALFACE((17,80,82,19));
#1371=IFCINDEXEDPOLYGONALFACE((159,158,80,17));
#1372=IFCINDEXEDPOLYGONALFACE((159,161,160,158));
#1373=IFCINDEXEDPOLYGONALFACE((158,160,162,76));
#1374=IFCINDEXEDPOLYGONALFACE((161,164,163,160));
#1375=IFCINDEXEDPOLYGONALFACE((160,163,56,162));
#1376=IFCINDEXEDPOLYGONALFACE((44,56,163,41));
#1377=IFCINDEXEDPOLYGONALFACE((39,41,163,164));
#1378=IFCINDEXEDPOLYGONALFACE((164,161,166,165));
#1379=IFCINDEXEDPOLYGONALFACE((39,164,165,168));
#1380=IFCINDEXEDPOLYGONALFACE((165,166,10,167));
#1381=IFCINDEXEDPOLYGONALFACE((168,165,167,169));
#1382=IFCINDEXEDPOLYGONALFACE((35,168,169,171));
#1383=IFCINDEXEDPOLYGONALFACE((170,169,167,9));
#1384=IFCINDEXEDPOLYGONALFACE((170,172,171,169));
#1385=IFCINDEXEDPOLYGONALFACE((172,173,31,171));
#1386=IFCINDEXEDPOLYGONALFACE((7,2,173,172));
#1387=IFCINDEXEDPOLYGONALFACE((9,7,172,170));
#1388=IFCINDEXEDPOLYGONALFACE((30,173,2,28));
#1389=IFCINDEXEDPOLYGONALFACE((159,13,166,161));
#1390=IFCINDEXEDPOLYGONALFACE((4,15,22,174));
#1391=IFCPOLYGONALFACESET(#1218,$,(#1219,#1220,#1221,#1222,#1223,#1224,#1225,#1226,#1227,#1228,#1229,#1230,#1231,#1232,#1233,#1234,#1235,#1236,#1237,#1238,#1239,#1240,#1241,#1242,#1243,#1244,#1245,#1246,#1247,#1248,#1249,#1250,#1251,#1252,#1253,#1254,#1255,#1256,#1257,#1258,#1259,#1260,#1261,#1262,#1263,#1264,#1265,#1266,#1267,#1268,#1269,#1270,#1271,#1272,#1273,#1274,#1275,#1276,#1277,#1278,#1279,#1280,#1281,#1282,#1283,#1284,#1285,#1286,#1287,#1288,#1289,#1290,#1291,#1292,#1293,#1294,#1295,#1296,#1297,#1298,#1299,#1300,#1301,#1302,#1303,#1304,#1305,#1306,#1307,#1308,#1309,#1310,#1311,#1312,#1313,#1314,#1315,#1316,#1317,#1318,#1319,#1320,#1321,#1322,#1323,#1324,#1325,#1326,#1327,#1328,#1329,#1330,#1331,#1332,#1333,#1334,#1335,#1336,#1337,#1338,#1339,#1340,#1341,#1342,#1343,#1344,#1345,#1346,#1347,#1348,#1349,#1350,#1351,#1352,#1353,#1354,#1355,#1356,#1357,#1358,#1359,#1360,#1361,#1362,#1363,#1364,#1365,#1366,#1367,#1368,#1369,#1370,#1371,#1372,#1373,#1374,#1375,#1376,#1377,#1378,#1379,#1380,#1381,#1382,#1383,#1384,#1385,#1386,#1387,#1388,#1389,#1390),$);
#1392=IFCCARTESIANPOINTLIST3D(((-242.,-521.018127441406,376.),(-242.,-521.018127441406,390.),(243.077880859375,-521.018737792969,376.),(-241.500396728516,-520.51806640625,374.499725341797),(-243.865982055664,-520.881408691406,376.),(-243.865982055664,-520.881408691406,390.),(-243.366012573242,-520.38134765625,374.499725341797),(-244.,-519.01806640625,376.),(-244.,-68.4863052368164,376.),(-244.,-519.01806640625,390.),(-243.500427246094,-518.518127441406,374.499725341797),(-243.500747680664,-68.9863052368164,374.499755859375),(-243.,-518.01806640625,374.),(-243.,-69.4862976074219,374.),(-242.865997314453,-519.881408691406,374.),(-241.,-518.01806640625,374.),(-241.,-69.4862976074219,374.),(-241.,-520.01806640625,374.),(242.077865600586,-518.018676757812,374.),(242.078048706055,-69.4867095947266,374.),(242.077865600586,-520.018737792969,374.),(244.077880859375,-518.018676757812,374.),(244.078033447266,-69.4867095947266,374.),(244.577865600586,-518.518737792969,374.499725341797),(243.9501953125,-519.912780761719,374.),(244.450180053711,-520.412841796875,374.499725341797),(244.9501953125,-520.912780761719,376.),(242.577865600586,-520.518676757812,374.499725341797),(244.9501953125,-520.912780761719,390.),(245.077880859375,-519.018737792969,376.),(245.077880859375,-519.018737792969,390.),(245.078048706055,-68.4867095947266,376.),(245.078048706055,-68.4867095947266,390.),(244.578048706055,-68.9867095947266,374.499755859375),(244.866653442383,-66.7576141357422,376.),(243.078033447266,-66.486701965332,376.),(244.866653442383,-66.7577056884766,390.),(244.366638183594,-67.2576141357422,374.499755859375),(243.866653442383,-67.7576065063477,374.),(242.578048706055,-66.986701965332,374.499755859375),(242.078048706055,-67.4867095947266,374.),(-241.500717163086,-66.9863052368164,374.499755859375),(-242.,-66.4863052368164,376.),(-241.,-67.4863052368164,374.),(-243.334213256836,-67.153205871582,374.499755859375),(-243.834243774414,-66.653205871582,376.),(-242.834259033203,-67.653205871582,374.),(-243.834243774414,-66.653205871582,390.),(-242.,-66.4863052368164,390.),(-243.334213256836,-67.153205871582,391.499755859375),(-244.,-68.4863052368164,390.),(-243.500747680664,-68.9863052368164,391.499755859375),(-243.,-69.4862976074219,392.),(-243.500427246094,-518.518127441406,391.499725341797),(-243.,-518.01806640625,392.),(-243.366012573242,-520.38134765625,391.499725341797),(-242.865997314453,-519.881408691406,392.),(-241.500396728516,-520.518188476562,391.499725341797),(242.577865600586,-520.518676757812,391.499725341797),(-241.,-520.018249511719,392.),(242.077865600586,-520.018737792969,392.),(-241.,-518.018188476562,392.),(-241.,-69.4862976074219,392.),(242.077865600586,-518.018676757812,392.),(242.078048706055,-69.4867095947266,392.),(244.077880859375,-518.018676757812,392.),(244.078033447266,-69.4867095947266,392.),(244.577865600586,-518.518737792969,391.499725341797),(243.9501953125,-519.912780761719,392.),(244.450180053711,-520.412841796875,391.499725341797),(244.578048706055,-68.9867095947266,391.499755859375),(244.366638183594,-67.2577056884766,391.499755859375),(242.578048706055,-66.986701965332,391.499755859375),(243.866653442383,-67.7577056884766,392.),(242.078048706055,-67.4867095947266,392.),(-241.,-67.4863052368164,392.),(-242.834259033203,-67.653205871582,392.),(-241.500717163086,-66.9863052368164,391.499755859375),(243.078033447266,-66.486701965332,390.),(243.077880859375,-521.018737792969,390.)));
#1393=IFCINDEXEDPOLYGONALFACE((5,1,2,6));
#1394=IFCINDEXEDPOLYGONALFACE((1,3,80,2));
#1395=IFCINDEXEDPOLYGONALFACE((28,3,1,4));
#1396=IFCINDEXEDPOLYGONALFACE((1,5,7,4));
#1397=IFCINDEXEDPOLYGONALFACE((8,5,6,10));
#1398=IFCINDEXEDPOLYGONALFACE((5,8,11,7));
#1399=IFCINDEXEDPOLYGONALFACE((11,8,9,12));
#1400=IFCINDEXEDPOLYGONALFACE((8,10,51,9));
#1401=IFCINDEXEDPOLYGONALFACE((13,11,12,14));
#1402=IFCINDEXEDPOLYGONALFACE((7,11,13,15));
#1403=IFCINDEXEDPOLYGONALFACE((14,17,16,13));
#1404=IFCINDEXEDPOLYGONALFACE((16,18,15,13));
#1405=IFCINDEXEDPOLYGONALFACE((19,16,17,20));
#1406=IFCINDEXEDPOLYGONALFACE((21,18,16,19));
#1407=IFCINDEXEDPOLYGONALFACE((19,20,23,22));
#1408=IFCINDEXEDPOLYGONALFACE((25,21,19,22));
#1409=IFCINDEXEDPOLYGONALFACE((23,34,24,22));
#1410=IFCINDEXEDPOLYGONALFACE((25,22,24,26));
#1411=IFCINDEXEDPOLYGONALFACE((21,25,26,28));
#1412=IFCINDEXEDPOLYGONALFACE((28,26,27,3));
#1413=IFCINDEXEDPOLYGONALFACE((26,24,30,27));
#1414=IFCINDEXEDPOLYGONALFACE((21,28,4,18));
#1415=IFCINDEXEDPOLYGONALFACE((31,29,27,30));
#1416=IFCINDEXEDPOLYGONALFACE((29,80,3,27));
#1417=IFCINDEXEDPOLYGONALFACE((31,30,32,33));
#1418=IFCINDEXEDPOLYGONALFACE((34,32,30,24));
#1419=IFCINDEXEDPOLYGONALFACE((32,35,37,33));
#1420=IFCINDEXEDPOLYGONALFACE((34,38,35,32));
#1421=IFCINDEXEDPOLYGONALFACE((38,40,36,35));
#1422=IFCINDEXEDPOLYGONALFACE((35,36,79,37));
#1423=IFCINDEXEDPOLYGONALFACE((23,39,38,34));
#1424=IFCINDEXEDPOLYGONALFACE((39,41,40,38));
#1425=IFCINDEXEDPOLYGONALFACE((44,42,40,41));
#1426=IFCINDEXEDPOLYGONALFACE((42,43,36,40));
#1427=IFCINDEXEDPOLYGONALFACE((46,43,42,45));
#1428=IFCINDEXEDPOLYGONALFACE((45,42,44,47));
#1429=IFCINDEXEDPOLYGONALFACE((9,46,45,12));
#1430=IFCINDEXEDPOLYGONALFACE((12,45,47,14));
#1431=IFCINDEXEDPOLYGONALFACE((14,47,44,17));
#1432=IFCINDEXEDPOLYGONALFACE((48,49,43,46));
#1433=IFCINDEXEDPOLYGONALFACE((51,48,46,9));
#1434=IFCINDEXEDPOLYGONALFACE((50,78,49,48));
#1435=IFCINDEXEDPOLYGONALFACE((52,50,48,51));
#1436=IFCINDEXEDPOLYGONALFACE((52,51,10,54));
#1437=IFCINDEXEDPOLYGONALFACE((53,77,50,52));
#1438=IFCINDEXEDPOLYGONALFACE((53,52,54,55));
#1439=IFCINDEXEDPOLYGONALFACE((10,6,56,54));
#1440=IFCINDEXEDPOLYGONALFACE((54,56,57,55));
#1441=IFCINDEXEDPOLYGONALFACE((56,58,60,57));
#1442=IFCINDEXEDPOLYGONALFACE((6,2,58,56));
#1443=IFCINDEXEDPOLYGONALFACE((60,58,59,61));
#1444=IFCINDEXEDPOLYGONALFACE((58,2,80,59));
#1445=IFCINDEXEDPOLYGONALFACE((60,61,64,62));
#1446=IFCINDEXEDPOLYGONALFACE((55,57,60,62));
#1447=IFCINDEXEDPOLYGONALFACE((62,64,65,63));
#1448=IFCINDEXEDPOLYGONALFACE((55,62,63,53));
#1449=IFCINDEXEDPOLYGONALFACE((64,66,67,65));
#1450=IFCINDEXEDPOLYGONALFACE((64,61,69,66));
#1451=IFCINDEXEDPOLYGONALFACE((71,67,66,68));
#1452=IFCINDEXEDPOLYGONALFACE((70,68,66,69));
#1453=IFCINDEXEDPOLYGONALFACE((59,70,69,61));
#1454=IFCINDEXEDPOLYGONALFACE((80,29,70,59));
#1455=IFCINDEXEDPOLYGONALFACE((29,31,68,70));
#1456=IFCINDEXEDPOLYGONALFACE((33,71,68,31));
#1457=IFCINDEXEDPOLYGONALFACE((71,72,74,67));
#1458=IFCINDEXEDPOLYGONALFACE((33,37,72,71));
#1459=IFCINDEXEDPOLYGONALFACE((37,79,73,72));
#1460=IFCINDEXEDPOLYGONALFACE((72,73,75,74));
#1461=IFCINDEXEDPOLYGONALFACE((74,75,65,67));
#1462=IFCINDEXEDPOLYGONALFACE((75,73,78,76));
#1463=IFCINDEXEDPOLYGONALFACE((75,76,63,65));
#1464=IFCINDEXEDPOLYGONALFACE((63,76,77,53));
#1465=IFCINDEXEDPOLYGONALFACE((77,76,78,50));
#1466=IFCINDEXEDPOLYGONALFACE((73,79,49,78));
#1467=IFCINDEXEDPOLYGONALFACE((43,49,79,36));
#1468=IFCINDEXEDPOLYGONALFACE((44,41,20,17));
#1469=IFCINDEXEDPOLYGONALFACE((41,39,23,20));
#1470=IFCINDEXEDPOLYGONALFACE((4,7,15,18));
#1471=IFCPOLYGONALFACESET(#1392,$,(#1393,#1394,#1395,#1396,#1397,#1398,#1399,#1400,#1401,#1402,#1403,#1404,#1405,#1406,#1407,#1408,#1409,#1410,#1411,#1412,#1413,#1414,#1415,#1416,#1417,#1418,#1419,#1420,#1421,#1422,#1423,#1424,#1425,#1426,#1427,#1428,#1429,#1430,#1431,#1432,#1433,#1434,#1435,#1436,#1437,#1438,#1439,#1440,#1441,#1442,#1443,#1444,#1445,#1446,#1447,#1448,#1449,#1450,#1451,#1452,#1453,#1454,#1455,#1456,#1457,#1458,#1459,#1460,#1461,#1462,#1463,#1464,#1465,#1466,#1467,#1468,#1469,#1470),$);
#1472=IFCCARTESIANPOINTLIST3D(((273.646881103516,-519.089050292969,823.778015136719),(-273.426544189453,-519.088562011719,823.778015136719),(273.647186279297,-19.,823.778015136719),(273.646881103516,-519.089050292969,818.778076171875),(273.647186279297,-19.,818.778076171875),(-273.426544189453,-519.088562011719,818.778076171875),(-273.42626953125,-19.,818.778076171875),(-273.42626953125,-19.,823.778015136719)));
#1473=IFCINDEXEDPOLYGONALFACE((1,2,6,4));
#1474=IFCINDEXEDPOLYGONALFACE((1,3,8,2));
#1475=IFCINDEXEDPOLYGONALFACE((3,1,4,5));
#1476=IFCINDEXEDPOLYGONALFACE((4,6,7,5));
#1477=IFCINDEXEDPOLYGONALFACE((2,8,7,6));
#1478=IFCINDEXEDPOLYGONALFACE((8,3,5,7));
#1479=IFCPOLYGONALFACESET(#1472,$,(#1473,#1474,#1475,#1476,#1477,#1478),$);
#1480=IFCCARTESIANPOINTLIST3D(((249.077651977539,-499.794738769531,814.113037109375),(273.07763671875,-499.794738769531,814.113037109375),(249.077651977539,-499.794799804688,376.),(247.57763671875,-499.294738769531,813.613037109375),(249.077651977539,-499.658020019531,815.978759765625),(273.07763671875,-499.657928466797,815.978759765625),(247.57763671875,-499.158020019531,815.478759765625),(249.077651977539,-497.794738769531,816.112976074219),(249.078353881836,-20.6889324188232,816.113525390625),(273.07763671875,-497.794616699219,816.112976074219),(247.57763671875,-497.294738769531,815.613037109375),(247.578353881836,-21.1889343261719,815.613525390625),(247.07763671875,-496.794738769531,815.113037109375),(247.078353881836,-21.6889324188232,815.113464355469),(247.07763671875,-498.658020019531,814.978698730469),(247.07763671875,-496.794616699219,813.113525390625),(247.078353881836,-21.6889324188232,813.113525390625),(247.07763671875,-498.794616699219,813.113037109375),(247.07763671875,-496.794799804688,377.),(247.07795715332,-21.6889152526855,377.),(247.07763671875,-498.794799804688,377.),(247.07763671875,-496.794799804688,375.),(247.07795715332,-21.6889152526855,375.),(247.57763671875,-497.294799804688,374.499725341797),(247.07763671875,-498.688812255859,375.127655029297),(247.57763671875,-499.188812255859,374.627655029297),(249.077651977539,-499.688812255859,374.127655029297),(247.57763671875,-499.294799804688,376.499725341797),(273.07763671875,-499.688842773438,374.127655029297),(249.077651977539,-497.794799804688,374.),(273.07763671875,-497.794830322266,374.),(249.07795715332,-20.6889152526855,374.),(273.077941894531,-20.6889152526855,374.),(247.57795715332,-21.1889152526855,374.499755859375),(249.07795715332,-18.9599094390869,374.211669921875),(249.07795715332,-18.6889133453369,376.),(273.077941894531,-18.9599094390869,374.211669921875),(247.57795715332,-19.4599113464355,374.711669921875),(247.07795715332,-19.9599113464355,375.211669921875),(247.57795715332,-19.1889152526855,376.499755859375),(247.07795715332,-19.6889133453369,377.),(247.578353881836,-19.1889343261719,813.613525390625),(249.078353881836,-18.6889324188232,814.113525390625),(247.078353881836,-19.6889324188232,813.113525390625),(247.578353881836,-19.3558349609375,815.447021484375),(249.078353881836,-18.8558330535889,815.947021484375),(247.078353881836,-19.8558330535889,814.947021484375),(273.078155517578,-18.8559284210205,815.947021484375),(273.078155517578,-18.6889324188232,814.113525390625),(274.578155517578,-19.3559265136719,815.447021484375),(273.078155517578,-20.6890258789062,816.113525390625),(274.578155517578,-21.1889362335205,815.613525390625),(275.078155517578,-21.6889343261719,815.113464355469),(274.577667236328,-497.294616699219,815.613037109375),(275.077667236328,-496.794616699219,815.113037109375),(274.577667236328,-499.157928466797,815.478759765625),(275.077667236328,-498.657928466797,814.978698730469),(274.577667236328,-499.294616699219,813.613037109375),(274.577667236328,-499.294830322266,376.499725341797),(275.077667236328,-498.794616699219,813.113037109375),(275.077667236328,-498.794830322266,377.),(275.077667236328,-496.794616699219,813.113037109375),(275.078155517578,-21.6889324188232,813.113525390625),(275.077667236328,-496.794830322266,377.),(275.077941894531,-21.6889152526855,377.),(275.077667236328,-496.794830322266,375.),(275.077941894531,-21.6889152526855,375.),(274.577667236328,-497.294830322266,374.499725341797),(275.077667236328,-498.688842773438,375.127655029297),(274.577667236328,-499.188842773438,374.627655029297),(274.577972412109,-21.1889152526855,374.499755859375),(274.577972412109,-19.4599113464355,374.711669921875),(274.577972412109,-19.1889152526855,376.499755859375),(275.077941894531,-19.9599113464355,375.211669921875),(275.077941894531,-19.6889133453369,377.),(275.078155517578,-19.6889324188232,813.113525390625),(275.078155517578,-19.8559284210205,814.947021484375),(274.578155517578,-19.1889343261719,813.613525390625),(273.077941894531,-18.6889133453369,376.),(273.07763671875,-499.794830322266,376.)));
#1481=IFCINDEXEDPOLYGONALFACE((5,1,2,6));
#1482=IFCINDEXEDPOLYGONALFACE((1,3,80,2));
#1483=IFCINDEXEDPOLYGONALFACE((28,3,1,4));
#1484=IFCINDEXEDPOLYGONALFACE((1,5,7,4));
#1485=IFCINDEXEDPOLYGONALFACE((8,5,6,10));
#1486=IFCINDEXEDPOLYGONALFACE((5,8,11,7));
#1487=IFCINDEXEDPOLYGONALFACE((11,8,9,12));
#1488=IFCINDEXEDPOLYGONALFACE((8,10,51,9));
#1489=IFCINDEXEDPOLYGONALFACE((13,11,12,14));
#1490=IFCINDEXEDPOLYGONALFACE((7,11,13,15));
#1491=IFCINDEXEDPOLYGONALFACE((14,17,16,13));
#1492=IFCINDEXEDPOLYGONALFACE((16,18,15,13));
#1493=IFCINDEXEDPOLYGONALFACE((19,16,17,20));
#1494=IFCINDEXEDPOLYGONALFACE((21,18,16,19));
#1495=IFCINDEXEDPOLYGONALFACE((19,20,23,22));
#1496=IFCINDEXEDPOLYGONALFACE((25,21,19,22));
#1497=IFCINDEXEDPOLYGONALFACE((23,34,24,22));
#1498=IFCINDEXEDPOLYGONALFACE((25,22,24,26));
#1499=IFCINDEXEDPOLYGONALFACE((21,25,26,28));
#1500=IFCINDEXEDPOLYGONALFACE((28,26,27,3));
#1501=IFCINDEXEDPOLYGONALFACE((26,24,30,27));
#1502=IFCINDEXEDPOLYGONALFACE((21,28,4,18));
#1503=IFCINDEXEDPOLYGONALFACE((31,29,27,30));
#1504=IFCINDEXEDPOLYGONALFACE((29,80,3,27));
#1505=IFCINDEXEDPOLYGONALFACE((31,30,32,33));
#1506=IFCINDEXEDPOLYGONALFACE((34,32,30,24));
#1507=IFCINDEXEDPOLYGONALFACE((32,35,37,33));
#1508=IFCINDEXEDPOLYGONALFACE((34,38,35,32));
#1509=IFCINDEXEDPOLYGONALFACE((38,40,36,35));
#1510=IFCINDEXEDPOLYGONALFACE((35,36,79,37));
#1511=IFCINDEXEDPOLYGONALFACE((23,39,38,34));
#1512=IFCINDEXEDPOLYGONALFACE((39,41,40,38));
#1513=IFCINDEXEDPOLYGONALFACE((44,42,40,41));
#1514=IFCINDEXEDPOLYGONALFACE((42,43,36,40));
#1515=IFCINDEXEDPOLYGONALFACE((46,43,42,45));
#1516=IFCINDEXEDPOLYGONALFACE((45,42,44,47));
#1517=IFCINDEXEDPOLYGONALFACE((9,46,45,12));
#1518=IFCINDEXEDPOLYGONALFACE((12,45,47,14));
#1519=IFCINDEXEDPOLYGONALFACE((14,47,44,17));
#1520=IFCINDEXEDPOLYGONALFACE((48,49,43,46));
#1521=IFCINDEXEDPOLYGONALFACE((51,48,46,9));
#1522=IFCINDEXEDPOLYGONALFACE((50,78,49,48));
#1523=IFCINDEXEDPOLYGONALFACE((52,50,48,51));
#1524=IFCINDEXEDPOLYGONALFACE((52,51,10,54));
#1525=IFCINDEXEDPOLYGONALFACE((53,77,50,52));
#1526=IFCINDEXEDPOLYGONALFACE((53,52,54,55));
#1527=IFCINDEXEDPOLYGONALFACE((10,6,56,54));
#1528=IFCINDEXEDPOLYGONALFACE((54,56,57,55));
#1529=IFCINDEXEDPOLYGONALFACE((56,58,60,57));
#1530=IFCINDEXEDPOLYGONALFACE((6,2,58,56));
#1531=IFCINDEXEDPOLYGONALFACE((60,58,59,61));
#1532=IFCINDEXEDPOLYGONALFACE((58,2,80,59));
#1533=IFCINDEXEDPOLYGONALFACE((60,61,64,62));
#1534=IFCINDEXEDPOLYGONALFACE((55,57,60,62));
#1535=IFCINDEXEDPOLYGONALFACE((62,64,65,63));
#1536=IFCINDEXEDPOLYGONALFACE((55,62,63,53));
#1537=IFCINDEXEDPOLYGONALFACE((64,66,67,65));
#1538=IFCINDEXEDPOLYGONALFACE((64,61,69,66));
#1539=IFCINDEXEDPOLYGONALFACE((71,67,66,68));
#1540=IFCINDEXEDPOLYGONALFACE((70,68,66,69));
#1541=IFCINDEXEDPOLYGONALFACE((59,70,69,61));
#1542=IFCINDEXEDPOLYGONALFACE((80,29,70,59));
#1543=IFCINDEXEDPOLYGONALFACE((29,31,68,70));
#1544=IFCINDEXEDPOLYGONALFACE((33,71,68,31));
#1545=IFCINDEXEDPOLYGONALFACE((71,72,74,67));
#1546=IFCINDEXEDPOLYGONALFACE((33,37,72,71));
#1547=IFCINDEXEDPOLYGONALFACE((37,79,73,72));
#1548=IFCINDEXEDPOLYGONALFACE((72,73,75,74));
#1549=IFCINDEXEDPOLYGONALFACE((74,75,65,67));
#1550=IFCINDEXEDPOLYGONALFACE((75,73,78,76));
#1551=IFCINDEXEDPOLYGONALFACE((75,76,63,65));
#1552=IFCINDEXEDPOLYGONALFACE((63,76,77,53));
#1553=IFCINDEXEDPOLYGONALFACE((77,76,78,50));
#1554=IFCINDEXEDPOLYGONALFACE((73,79,49,78));
#1555=IFCINDEXEDPOLYGONALFACE((43,49,79,36));
#1556=IFCINDEXEDPOLYGONALFACE((44,41,20,17));
#1557=IFCINDEXEDPOLYGONALFACE((41,39,23,20));
#1558=IFCINDEXEDPOLYGONALFACE((4,7,15,18));
#1559=IFCPOLYGONALFACESET(#1480,$,(#1481,#1482,#1483,#1484,#1485,#1486,#1487,#1488,#1489,#1490,#1491,#1492,#1493,#1494,#1495,#1496,#1497,#1498,#1499,#1500,#1501,#1502,#1503,#1504,#1505,#1506,#1507,#1508,#1509,#1510,#1511,#1512,#1513,#1514,#1515,#1516,#1517,#1518,#1519,#1520,#1521,#1522,#1523,#1524,#1525,#1526,#1527,#1528,#1529,#1530,#1531,#1532,#1533,#1534,#1535,#1536,#1537,#1538,#1539,#1540,#1541,#1542,#1543,#1544,#1545,#1546,#1547,#1548,#1549,#1550,#1551,#1552,#1553,#1554,#1555,#1556,#1557,#1558),$);
#1560=IFCCARTESIANPOINTLIST3D(((-272.437408447266,-499.794403076172,814.113525390625),(-248.437438964844,-499.794616699219,814.113525390625),(-272.437347412109,-499.794219970703,377.259979248047),(-273.937408447266,-499.294403076172,813.613525390625),(-272.437408447266,-499.657684326172,815.979248046875),(-248.437438964844,-499.657897949219,815.979248046875),(-273.937408447266,-499.157684326172,815.479248046875),(-272.437408447266,-497.794403076172,816.113525390625),(-272.437377929688,-20.688627243042,816.114013671875),(-248.437438964844,-497.794586181641,816.113525390625),(-273.937408447266,-497.294403076172,815.613525390625),(-273.937377929688,-21.1886291503906,815.614013671875),(-274.437438964844,-496.794403076172,815.113464355469),(-274.437408447266,-21.688627243042,815.114013671875),(-274.437438964844,-498.657684326172,814.979248046875),(-274.437438964844,-496.794403076172,813.114013671875),(-274.437408447266,-21.688627243042,813.114013671875),(-274.437438964844,-498.794403076172,813.113525390625),(-274.437377929688,-496.794281005859,378.259979248047),(-274.437286376953,-21.688606262207,378.260009765625),(-274.437377929688,-498.794281005859,378.259979248047),(-274.437377929688,-496.794281005859,376.259979248047),(-274.437286376953,-21.688606262207,376.260009765625),(-273.937347412109,-497.294281005859,375.759979248047),(-274.437377929688,-498.688385009766,376.387420654297),(-273.937347412109,-499.188507080078,375.887420654297),(-272.437347412109,-499.688385009766,375.387420654297),(-273.937347412109,-499.294403076172,377.759979248047),(-248.437377929688,-499.688507080078,375.387420654297),(-272.437347412109,-497.794281005859,375.259979248047),(-248.437377929688,-497.794403076172,375.259979248047),(-272.437255859375,-20.688606262207,375.260009765625),(-248.437393188477,-20.6886081695557,375.260009765625),(-273.937255859375,-21.1886081695557,375.760009765625),(-272.437255859375,-18.959602355957,375.471435546875),(-272.437255859375,-18.6886081695557,377.260009765625),(-248.437393188477,-18.9595127105713,375.471435546875),(-273.937255859375,-19.4596042633057,375.971435546875),(-274.437286376953,-19.959602355957,376.471435546875),(-273.937255859375,-19.1886081695557,377.760009765625),(-274.437286376953,-19.688606262207,378.260009765625),(-273.937377929688,-19.1886291503906,813.614013671875),(-272.437377929688,-18.6886291503906,814.114013671875),(-274.437408447266,-19.688627243042,813.114013671875),(-273.937377929688,-19.3555278778076,815.447509765625),(-272.437377929688,-18.8555297851562,815.947509765625),(-274.437408447266,-19.8555297851562,814.947509765625),(-248.437393188477,-18.8555297851562,815.947509765625),(-248.437393188477,-18.6886291503906,814.114013671875),(-246.937377929688,-19.3555278778076,815.447509765625),(-248.437393188477,-20.688627243042,816.114013671875),(-246.937377929688,-21.1886291503906,815.614013671875),(-246.437408447266,-21.688627243042,815.114013671875),(-246.937423706055,-497.294586181641,815.613525390625),(-246.437454223633,-496.794586181641,815.113464355469),(-246.937423706055,-499.157897949219,815.479248046875),(-246.437454223633,-498.657897949219,814.979248046875),(-246.937423706055,-499.294586181641,813.613525390625),(-246.937362670898,-499.294403076172,377.759979248047),(-246.437454223633,-498.794586181641,813.113525390625),(-246.437393188477,-498.794403076172,378.259979248047),(-246.437454223633,-496.794586181641,813.113525390625),(-246.437408447266,-21.688627243042,813.114013671875),(-246.437393188477,-496.794403076172,378.259490966797),(-246.437408447266,-21.6886081695557,378.260009765625),(-246.437393188477,-496.794403076172,376.259490966797),(-246.437408447266,-21.6887016296387,376.260009765625),(-246.937362670898,-497.294403076172,375.759979248047),(-246.437393188477,-498.688507080078,376.387420654297),(-246.937362670898,-499.188507080078,375.887420654297),(-246.937377929688,-21.1887016296387,375.760009765625),(-246.937377929688,-19.4596061706543,375.971435546875),(-246.937377929688,-19.1886100769043,377.760009765625),(-246.437408447266,-19.9596042633057,376.471435546875),(-246.437408447266,-19.6886081695557,378.260009765625),(-246.437408447266,-19.688627243042,813.114013671875),(-246.437408447266,-19.8555297851562,814.947509765625),(-246.937377929688,-19.1886291503906,813.614013671875),(-248.437393188477,-18.6886100769043,377.260009765625),(-248.437377929688,-499.794403076172,377.259979248047)));
#1561=IFCINDEXEDPOLYGONALFACE((5,1,2,6));
#1562=IFCINDEXEDPOLYGONALFACE((1,3,80,2));
#1563=IFCINDEXEDPOLYGONALFACE((28,3,1,4));
#1564=IFCINDEXEDPOLYGONALFACE((1,5,7,4));
#1565=IFCINDEXEDPOLYGONALFACE((8,5,6,10));
#1566=IFCINDEXEDPOLYGONALFACE((5,8,11,7));
#1567=IFCINDEXEDPOLYGONALFACE((11,8,9,12));
#1568=IFCINDEXEDPOLYGONALFACE((8,10,51,9));
#1569=IFCINDEXEDPOLYGONALFACE((13,11,12,14));
#1570=IFCINDEXEDPOLYGONALFACE((7,11,13,15));
#1571=IFCINDEXEDPOLYGONALFACE((14,17,16,13));
#1572=IFCINDEXEDPOLYGONALFACE((16,18,15,13));
#1573=IFCINDEXEDPOLYGONALFACE((19,16,17,20));
#1574=IFCINDEXEDPOLYGONALFACE((21,18,16,19));
#1575=IFCINDEXEDPOLYGONALFACE((19,20,23,22));
#1576=IFCINDEXEDPOLYGONALFACE((25,21,19,22));
#1577=IFCINDEXEDPOLYGONALFACE((23,34,24,22));
#1578=IFCINDEXEDPOLYGONALFACE((25,22,24,26));
#1579=IFCINDEXEDPOLYGONALFACE((21,25,26,28));
#1580=IFCINDEXEDPOLYGONALFACE((28,26,27,3));
#1581=IFCINDEXEDPOLYGONALFACE((26,24,30,27));
#1582=IFCINDEXEDPOLYGONALFACE((21,28,4,18));
#1583=IFCINDEXEDPOLYGONALFACE((31,29,27,30));
#1584=IFCINDEXEDPOLYGONALFACE((29,80,3,27));
#1585=IFCINDEXEDPOLYGONALFACE((31,30,32,33));
#1586=IFCINDEXEDPOLYGONALFACE((34,32,30,24));
#1587=IFCINDEXEDPOLYGONALFACE((32,35,37,33));
#1588=IFCINDEXEDPOLYGONALFACE((34,38,35,32));
#1589=IFCINDEXEDPOLYGONALFACE((38,40,36,35));
#1590=IFCINDEXEDPOLYGONALFACE((35,36,79,37));
#1591=IFCINDEXEDPOLYGONALFACE((23,39,38,34));
#1592=IFCINDEXEDPOLYGONALFACE((39,41,40,38));
#1593=IFCINDEXEDPOLYGONALFACE((44,42,40,41));
#1594=IFCINDEXEDPOLYGONALFACE((42,43,36,40));
#1595=IFCINDEXEDPOLYGONALFACE((46,43,42,45));
#1596=IFCINDEXEDPOLYGONALFACE((45,42,44,47));
#1597=IFCINDEXEDPOLYGONALFACE((9,46,45,12));
#1598=IFCINDEXEDPOLYGONALFACE((12,45,47,14));
#1599=IFCINDEXEDPOLYGONALFACE((14,47,44,17));
#1600=IFCINDEXEDPOLYGONALFACE((48,49,43,46));
#1601=IFCINDEXEDPOLYGONALFACE((51,48,46,9));
#1602=IFCINDEXEDPOLYGONALFACE((50,78,49,48));
#1603=IFCINDEXEDPOLYGONALFACE((52,50,48,51));
#1604=IFCINDEXEDPOLYGONALFACE((52,51,10,54));
#1605=IFCINDEXEDPOLYGONALFACE((53,77,50,52));
#1606=IFCINDEXEDPOLYGONALFACE((53,52,54,55));
#1607=IFCINDEXEDPOLYGONALFACE((10,6,56,54));
#1608=IFCINDEXEDPOLYGONALFACE((54,56,57,55));
#1609=IFCINDEXEDPOLYGONALFACE((56,58,60,57));
#1610=IFCINDEXEDPOLYGONALFACE((6,2,58,56));
#1611=IFCINDEXEDPOLYGONALFACE((60,58,59,61));
#1612=IFCINDEXEDPOLYGONALFACE((58,2,80,59));
#1613=IFCINDEXEDPOLYGONALFACE((60,61,64,62));
#1614=IFCINDEXEDPOLYGONALFACE((55,57,60,62));
#1615=IFCINDEXEDPOLYGONALFACE((62,64,65,63));
#1616=IFCINDEXEDPOLYGONALFACE((55,62,63,53));
#1617=IFCINDEXEDPOLYGONALFACE((64,66,67,65));
#1618=IFCINDEXEDPOLYGONALFACE((64,61,69,66));
#1619=IFCINDEXEDPOLYGONALFACE((71,67,66,68));
#1620=IFCINDEXEDPOLYGONALFACE((70,68,66,69));
#1621=IFCINDEXEDPOLYGONALFACE((59,70,69,61));
#1622=IFCINDEXEDPOLYGONALFACE((80,29,70,59));
#1623=IFCINDEXEDPOLYGONALFACE((29,31,68,70));
#1624=IFCINDEXEDPOLYGONALFACE((33,71,68,31));
#1625=IFCINDEXEDPOLYGONALFACE((71,72,74,67));
#1626=IFCINDEXEDPOLYGONALFACE((33,37,72,71));
#1627=IFCINDEXEDPOLYGONALFACE((37,79,73,72));
#1628=IFCINDEXEDPOLYGONALFACE((72,73,75,74));
#1629=IFCINDEXEDPOLYGONALFACE((74,75,65,67));
#1630=IFCINDEXEDPOLYGONALFACE((75,73,78,76));
#1631=IFCINDEXEDPOLYGONALFACE((75,76,63,65));
#1632=IFCINDEXEDPOLYGONALFACE((63,76,77,53));
#1633=IFCINDEXEDPOLYGONALFACE((77,76,78,50));
#1634=IFCINDEXEDPOLYGONALFACE((73,79,49,78));
#1635=IFCINDEXEDPOLYGONALFACE((43,49,79,36));
#1636=IFCINDEXEDPOLYGONALFACE((44,41,20,17));
#1637=IFCINDEXEDPOLYGONALFACE((41,39,23,20));
#1638=IFCINDEXEDPOLYGONALFACE((4,7,15,18));
#1639=IFCPOLYGONALFACESET(#1560,$,(#1561,#1562,#1563,#1564,#1565,#1566,#1567,#1568,#1569,#1570,#1571,#1572,#1573,#1574,#1575,#1576,#1577,#1578,#1579,#1580,#1581,#1582,#1583,#1584,#1585,#1586,#1587,#1588,#1589,#1590,#1591,#1592,#1593,#1594,#1595,#1596,#1597,#1598,#1599,#1600,#1601,#1602,#1603,#1604,#1605,#1606,#1607,#1608,#1609,#1610,#1611,#1612,#1613,#1614,#1615,#1616,#1617,#1618,#1619,#1620,#1621,#1622,#1623,#1624,#1625,#1626,#1627,#1628,#1629,#1630,#1631,#1632,#1633,#1634,#1635,#1636,#1637,#1638),$);
#1640=IFCCARTESIANPOINTLIST3D(((-244.437088012695,-20.6883964538574,375.260009765625),(-244.437088012695,-34.6883964538574,375.260009765625),(245.07795715332,-20.6889152526855,375.260009765625),(-243.937057495117,-19.1883945465088,375.760009765625),(-246.302703857422,-20.6883964538574,375.396728515625),(-246.302703857422,-34.6883964538574,375.396728515625),(-245.802688598633,-19.1883945465088,375.896728515625),(-246.437057495117,-20.6883964538574,377.260009765625),(-246.437408447266,-20.6885356903076,813.979248046875),(-246.437057495117,-34.6883964538574,377.260009765625),(-245.937088012695,-19.1883945465088,377.760009765625),(-245.937393188477,-19.1885375976562,813.479248046875),(-245.437072753906,-18.6883964538574,378.260009765625),(-245.437362670898,-18.6885356903076,812.979248046875),(-245.302658081055,-18.6883964538574,376.396728515625),(-243.437393188477,-18.6883964538574,378.260009765625),(-243.437393188477,-18.6885356903076,812.979248046875),(-243.437103271484,-18.6883964538574,376.260009765625),(244.077972412109,-18.6888236999512,378.260009765625),(244.078353881836,-18.6889324188232,812.978759765625),(244.077972412109,-18.6889133453369,376.260009765625),(246.07795715332,-18.6888236999512,378.260009765625),(246.078353881836,-18.6889324188232,812.978759765625),(246.57795715332,-19.1888236999512,377.760009765625),(245.950271606445,-18.6888236999512,376.365478515625),(246.450271606445,-19.1888236999512,375.865478515625),(246.950271606445,-20.6888236999512,375.365478515625),(244.57795715332,-19.1889152526855,375.760009765625),(246.950271606445,-34.6888236999512,375.365478515625),(247.07795715332,-20.6888236999512,377.260009765625),(247.07795715332,-34.6888236999512,377.260009765625),(247.078353881836,-20.6889324188232,813.978759765625),(247.07795715332,-34.6889343261719,813.978759765625),(246.578353881836,-19.1889343261719,813.478759765625),(246.86686706543,-20.6889324188232,815.707763671875),(245.078353881836,-20.6889324188232,815.978759765625),(246.866561889648,-34.6889343261719,815.707763671875),(246.36686706543,-19.1889343261719,815.207702636719),(245.86686706543,-18.6889324188232,814.707763671875),(244.578353881836,-19.1889343261719,815.478759765625),(244.078353881836,-18.6889324188232,814.978698730469),(-243.937362670898,-19.1884136199951,815.479248046875),(-244.437377929688,-20.6885356903076,815.979248046875),(-243.437393188477,-18.6884155273438,814.979248046875),(-245.770858764648,-19.1885375976562,815.312255859375),(-246.270874023438,-20.6885356903076,815.812255859375),(-245.270889282227,-18.6885356903076,814.812255859375),(-246.270874023438,-34.6885375976562,815.812255859375),(-244.437377929688,-34.6885375976562,815.979248046875),(-245.771087646484,-36.1885375976562,815.312255859375),(-246.437408447266,-34.6885375976562,813.979248046875),(-245.937576293945,-36.1885375976562,813.479248046875),(-245.437545776367,-36.6885375976562,812.979248046875),(-245.937271118164,-36.1883964538574,377.760009765625),(-245.437255859375,-36.6883964538574,378.260009765625),(-245.802871704102,-36.1883964538574,375.896728515625),(-245.302841186523,-36.6883964538574,376.396728515625),(-243.937240600586,-36.1883964538574,375.760009765625),(244.57795715332,-36.1889114379883,375.760009765625),(-243.437271118164,-36.6883964538574,376.260009765625),(244.077972412109,-36.6889152526855,376.260009765625),(-243.437271118164,-36.688304901123,378.260009765625),(-243.437576293945,-36.6885375976562,812.979248046875),(244.077972412109,-36.6888236999512,378.260009765625),(244.077972412109,-36.6889343261719,812.978759765625),(246.07795715332,-36.6888236999512,378.260009765625),(246.07795715332,-36.6889343261719,812.978759765625),(246.57795715332,-36.1888236999512,377.760009765625),(245.950271606445,-36.6888236999512,376.365478515625),(246.450271606445,-36.1888236999512,375.865478515625),(246.57795715332,-36.1889305114746,813.478759765625),(246.366561889648,-36.1889305114746,815.207702636719),(244.57795715332,-36.1889305114746,815.478759765625),(245.866561889648,-36.6889343261719,814.707763671875),(244.077972412109,-36.6889343261719,814.978698730469),(-243.437576293945,-36.6885375976562,814.979248046875),(-245.271072387695,-36.6885375976562,814.812255859375),(-243.937591552734,-36.1885375976562,815.479248046875),(245.07795715332,-34.6889343261719,815.978759765625),(245.07795715332,-34.6889152526855,375.260009765625)));
#1641=IFCINDEXEDPOLYGONALFACE((5,1,2,6));
#1642=IFCINDEXEDPOLYGONALFACE((1,3,80,2));
#1643=IFCINDEXEDPOLYGONALFACE((28,3,1,4));
#1644=IFCINDEXEDPOLYGONALFACE((1,5,7,4));
#1645=IFCINDEXEDPOLYGONALFACE((8,5,6,10));
#1646=IFCINDEXEDPOLYGONALFACE((5,8,11,7));
#1647=IFCINDEXEDPOLYGONALFACE((11,8,9,12));
#1648=IFCINDEXEDPOLYGONALFACE((8,10,51,9));
#1649=IFCINDEXEDPOLYGONALFACE((13,11,12,14));
#1650=IFCINDEXEDPOLYGONALFACE((7,11,13,15));
#1651=IFCINDEXEDPOLYGONALFACE((14,17,16,13));
#1652=IFCINDEXEDPOLYGONALFACE((16,18,15,13));
#1653=IFCINDEXEDPOLYGONALFACE((19,16,17,20));
#1654=IFCINDEXEDPOLYGONALFACE((21,18,16,19));
#1655=IFCINDEXEDPOLYGONALFACE((19,20,23,22));
#1656=IFCINDEXEDPOLYGONALFACE((25,21,19,22));
#1657=IFCINDEXEDPOLYGONALFACE((23,34,24,22));
#1658=IFCINDEXEDPOLYGONALFACE((25,22,24,26));
#1659=IFCINDEXEDPOLYGONALFACE((21,25,26,28));
#1660=IFCINDEXEDPOLYGONALFACE((28,26,27,3));
#1661=IFCINDEXEDPOLYGONALFACE((26,24,30,27));
#1662=IFCINDEXEDPOLYGONALFACE((21,28,4,18));
#1663=IFCINDEXEDPOLYGONALFACE((31,29,27,30));
#1664=IFCINDEXEDPOLYGONALFACE((29,80,3,27));
#1665=IFCINDEXEDPOLYGONALFACE((31,30,32,33));
#1666=IFCINDEXEDPOLYGONALFACE((34,32,30,24));
#1667=IFCINDEXEDPOLYGONALFACE((32,35,37,33));
#1668=IFCINDEXEDPOLYGONALFACE((34,38,35,32));
#1669=IFCINDEXEDPOLYGONALFACE((38,40,36,35));
#1670=IFCINDEXEDPOLYGONALFACE((35,36,79,37));
#1671=IFCINDEXEDPOLYGONALFACE((23,39,38,34));
#1672=IFCINDEXEDPOLYGONALFACE((39,41,40,38));
#1673=IFCINDEXEDPOLYGONALFACE((44,42,40,41));
#1674=IFCINDEXEDPOLYGONALFACE((42,43,36,40));
#1675=IFCINDEXEDPOLYGONALFACE((46,43,42,45));
#1676=IFCINDEXEDPOLYGONALFACE((45,42,44,47));
#1677=IFCINDEXEDPOLYGONALFACE((9,46,45,12));
#1678=IFCINDEXEDPOLYGONALFACE((12,45,47,14));
#1679=IFCINDEXEDPOLYGONALFACE((14,47,44,17));
#1680=IFCINDEXEDPOLYGONALFACE((48,49,43,46));
#1681=IFCINDEXEDPOLYGONALFACE((51,48,46,9));
#1682=IFCINDEXEDPOLYGONALFACE((50,78,49,48));
#1683=IFCINDEXEDPOLYGONALFACE((52,50,48,51));
#1684=IFCINDEXEDPOLYGONALFACE((52,51,10,54));
#1685=IFCINDEXEDPOLYGONALFACE((53,77,50,52));
#1686=IFCINDEXEDPOLYGONALFACE((53,52,54,55));
#1687=IFCINDEXEDPOLYGONALFACE((10,6,56,54));
#1688=IFCINDEXEDPOLYGONALFACE((54,56,57,55));
#1689=IFCINDEXEDPOLYGONALFACE((56,58,60,57));
#1690=IFCINDEXEDPOLYGONALFACE((6,2,58,56));
#1691=IFCINDEXEDPOLYGONALFACE((60,58,59,61));
#1692=IFCINDEXEDPOLYGONALFACE((58,2,80,59));
#1693=IFCINDEXEDPOLYGONALFACE((60,61,64,62));
#1694=IFCINDEXEDPOLYGONALFACE((55,57,60,62));
#1695=IFCINDEXEDPOLYGONALFACE((62,64,65,63));
#1696=IFCINDEXEDPOLYGONALFACE((55,62,63,53));
#1697=IFCINDEXEDPOLYGONALFACE((64,66,67,65));
#1698=IFCINDEXEDPOLYGONALFACE((64,61,69,66));
#1699=IFCINDEXEDPOLYGONALFACE((71,67,66,68));
#1700=IFCINDEXEDPOLYGONALFACE((70,68,66,69));
#1701=IFCINDEXEDPOLYGONALFACE((59,70,69,61));
#1702=IFCINDEXEDPOLYGONALFACE((80,29,70,59));
#1703=IFCINDEXEDPOLYGONALFACE((29,31,68,70));
#1704=IFCINDEXEDPOLYGONALFACE((33,71,68,31));
#1705=IFCINDEXEDPOLYGONALFACE((71,72,74,67));
#1706=IFCINDEXEDPOLYGONALFACE((33,37,72,71));
#1707=IFCINDEXEDPOLYGONALFACE((37,79,73,72));
#1708=IFCINDEXEDPOLYGONALFACE((72,73,75,74));
#1709=IFCINDEXEDPOLYGONALFACE((74,75,65,67));
#1710=IFCINDEXEDPOLYGONALFACE((75,73,78,76));
#1711=IFCINDEXEDPOLYGONALFACE((75,76,63,65));
#1712=IFCINDEXEDPOLYGONALFACE((63,76,77,53));
#1713=IFCINDEXEDPOLYGONALFACE((77,76,78,50));
#1714=IFCINDEXEDPOLYGONALFACE((73,79,49,78));
#1715=IFCINDEXEDPOLYGONALFACE((43,49,79,36));
#1716=IFCINDEXEDPOLYGONALFACE((44,41,20,17));
#1717=IFCINDEXEDPOLYGONALFACE((41,39,23,20));
#1718=IFCINDEXEDPOLYGONALFACE((4,7,15,18));
#1719=IFCPOLYGONALFACESET(#1640,$,(#1641,#1642,#1643,#1644,#1645,#1646,#1647,#1648,#1649,#1650,#1651,#1652,#1653,#1654,#1655,#1656,#1657,#1658,#1659,#1660,#1661,#1662,#1663,#1664,#1665,#1666,#1667,#1668,#1669,#1670,#1671,#1672,#1673,#1674,#1675,#1676,#1677,#1678,#1679,#1680,#1681,#1682,#1683,#1684,#1685,#1686,#1687,#1688,#1689,#1690,#1691,#1692,#1693,#1694,#1695,#1696,#1697,#1698,#1699,#1700,#1701,#1702,#1703,#1704,#1705,#1706,#1707,#1708,#1709,#1710,#1711,#1712,#1713,#1714,#1715,#1716,#1717,#1718),$);
#1720=IFCCARTESIANPOINTLIST3D(((249.077667236328,-519.931518554688,803.),(273.07763671875,-519.931457519531,803.),(249.077667236328,-519.931640625,376.),(247.577651977539,-519.431579589844,802.500732421875),(249.077667236328,-519.794799804688,804.866455078125),(273.07763671875,-519.794799804688,804.866455078125),(247.577651977539,-519.294738769531,804.366394042969),(249.077667236328,-517.931518554688,805.),(249.077941894531,-502.071899414062,805.),(273.07763671875,-517.931518554688,805.),(247.577651977539,-517.431518554688,804.501159667969),(247.57795715332,-502.571838378906,804.501159667969),(247.077651977539,-516.931579589844,804.),(247.077941894531,-503.071868896484,804.),(247.077651977539,-518.794738769531,803.866455078125),(247.077651977539,-516.931579589844,802.),(247.077941894531,-503.071868896484,802.),(247.077651977539,-518.931518554688,802.),(247.077651977539,-516.931701660156,377.),(247.07763671875,-503.071868896484,377.),(247.077651977539,-518.931640625,377.),(247.077651977539,-516.931701660156,375.),(247.07763671875,-503.071868896484,375.),(247.577651977539,-517.431640625,374.499725341797),(247.077651977539,-518.825744628906,375.127166748047),(247.577651977539,-519.32568359375,374.627166748047),(249.077667236328,-519.825744628906,374.127166748047),(247.577651977539,-519.431701660156,376.499725341797),(273.07763671875,-519.825744628906,374.127655029297),(249.077667236328,-517.931640625,374.),(273.07763671875,-517.931640625,374.),(249.077651977539,-502.071899414062,374.),(273.07763671875,-502.071899414062,374.),(247.57763671875,-502.571899414062,374.499725341797),(249.077651977539,-500.342803955078,374.211151123047),(249.077651977539,-500.071899414062,376.),(273.07763671875,-500.342803955078,374.211151123047),(247.57763671875,-500.8427734375,374.711151123047),(247.07763671875,-501.342803955078,375.211151123047),(247.57763671875,-500.571929931641,376.499725341797),(247.07763671875,-501.071899414062,377.),(247.57795715332,-500.571807861328,802.501220703125),(249.077941894531,-500.071838378906,803.),(247.077941894531,-501.071838378906,802.),(247.57795715332,-500.738830566406,804.334716796875),(249.077941894531,-500.238861083984,804.834716796875),(247.077941894531,-501.238861083984,803.834716796875),(273.077850341797,-500.238861083984,804.834716796875),(273.077850341797,-500.071960449219,803.),(274.577880859375,-500.738830566406,804.334716796875),(273.077850341797,-502.071960449219,805.),(274.577880859375,-502.571960449219,804.501159667969),(275.077850341797,-503.071929931641,804.),(274.577667236328,-517.431335449219,804.500732421875),(275.077667236328,-516.931396484375,804.),(274.577667236328,-519.294677734375,804.366394042969),(275.077667236328,-518.794738769531,803.866455078125),(274.577667236328,-519.431396484375,802.500732421875),(274.577667236328,-519.431701660156,376.499725341797),(275.077667236328,-518.931457519531,802.),(275.077667236328,-518.931762695312,377.),(275.077667236328,-516.931518554688,802.),(275.077850341797,-503.071929931641,802.),(275.077667236328,-516.931823730469,377.),(275.077667236328,-503.071990966797,377.),(275.077667236328,-516.931701660156,375.),(275.077667236328,-503.071868896484,375.),(274.577667236328,-517.431640625,374.499725341797),(275.077667236328,-518.825744628906,375.127655029297),(274.577667236328,-519.32568359375,374.627655029297),(274.577667236328,-502.571899414062,374.499725341797),(274.577667236328,-500.842834472656,374.711151123047),(274.577667236328,-500.571929931641,376.499725341797),(275.077667236328,-501.342803955078,375.211151123047),(275.077667236328,-501.072021484375,377.),(275.077850341797,-501.071960449219,802.),(275.077850341797,-501.238861083984,803.834716796875),(274.577880859375,-500.571929931641,802.501220703125),(273.07763671875,-500.071960449219,376.),(273.07763671875,-519.931640625,376.)));
#1721=IFCINDEXEDPOLYGONALFACE((5,1,2,6));
#1722=IFCINDEXEDPOLYGONALFACE((1,3,80,2));
#1723=IFCINDEXEDPOLYGONALFACE((28,3,1,4));
#1724=IFCINDEXEDPOLYGONALFACE((1,5,7,4));
#1725=IFCINDEXEDPOLYGONALFACE((8,5,6,10));
#1726=IFCINDEXEDPOLYGONALFACE((5,8,11,7));
#1727=IFCINDEXEDPOLYGONALFACE((11,8,9,12));
#1728=IFCINDEXEDPOLYGONALFACE((8,10,51,9));
#1729=IFCINDEXEDPOLYGONALFACE((13,11,12,14));
#1730=IFCINDEXEDPOLYGONALFACE((7,11,13,15));
#1731=IFCINDEXEDPOLYGONALFACE((14,17,16,13));
#1732=IFCINDEXEDPOLYGONALFACE((16,18,15,13));
#1733=IFCINDEXEDPOLYGONALFACE((19,16,17,20));
#1734=IFCINDEXEDPOLYGONALFACE((21,18,16,19));
#1735=IFCINDEXEDPOLYGONALFACE((19,20,23,22));
#1736=IFCINDEXEDPOLYGONALFACE((25,21,19,22));
#1737=IFCINDEXEDPOLYGONALFACE((23,34,24,22));
#1738=IFCINDEXEDPOLYGONALFACE((25,22,24,26));
#1739=IFCINDEXEDPOLYGONALFACE((21,25,26,28));
#1740=IFCINDEXEDPOLYGONALFACE((28,26,27,3));
#1741=IFCINDEXEDPOLYGONALFACE((26,24,30,27));
#1742=IFCINDEXEDPOLYGONALFACE((21,28,4,18));
#1743=IFCINDEXEDPOLYGONALFACE((31,29,27,30));
#1744=IFCINDEXEDPOLYGONALFACE((29,80,3,27));
#1745=IFCINDEXEDPOLYGONALFACE((31,30,32,33));
#1746=IFCINDEXEDPOLYGONALFACE((34,32,30,24));
#1747=IFCINDEXEDPOLYGONALFACE((32,35,37,33));
#1748=IFCINDEXEDPOLYGONALFACE((34,38,35,32));
#1749=IFCINDEXEDPOLYGONALFACE((38,40,36,35));
#1750=IFCINDEXEDPOLYGONALFACE((35,36,79,37));
#1751=IFCINDEXEDPOLYGONALFACE((23,39,38,34));
#1752=IFCINDEXEDPOLYGONALFACE((39,41,40,38));
#1753=IFCINDEXEDPOLYGONALFACE((44,42,40,41));
#1754=IFCINDEXEDPOLYGONALFACE((42,43,36,40));
#1755=IFCINDEXEDPOLYGONALFACE((46,43,42,45));
#1756=IFCINDEXEDPOLYGONALFACE((45,42,44,47));
#1757=IFCINDEXEDPOLYGONALFACE((9,46,45,12));
#1758=IFCINDEXEDPOLYGONALFACE((12,45,47,14));
#1759=IFCINDEXEDPOLYGONALFACE((14,47,44,17));
#1760=IFCINDEXEDPOLYGONALFACE((48,49,43,46));
#1761=IFCINDEXEDPOLYGONALFACE((51,48,46,9));
#1762=IFCINDEXEDPOLYGONALFACE((50,78,49,48));
#1763=IFCINDEXEDPOLYGONALFACE((52,50,48,51));
#1764=IFCINDEXEDPOLYGONALFACE((52,51,10,54));
#1765=IFCINDEXEDPOLYGONALFACE((53,77,50,52));
#1766=IFCINDEXEDPOLYGONALFACE((53,52,54,55));
#1767=IFCINDEXEDPOLYGONALFACE((10,6,56,54));
#1768=IFCINDEXEDPOLYGONALFACE((54,56,57,55));
#1769=IFCINDEXEDPOLYGONALFACE((56,58,60,57));
#1770=IFCINDEXEDPOLYGONALFACE((6,2,58,56));
#1771=IFCINDEXEDPOLYGONALFACE((60,58,59,61));
#1772=IFCINDEXEDPOLYGONALFACE((58,2,80,59));
#1773=IFCINDEXEDPOLYGONALFACE((60,61,64,62));
#1774=IFCINDEXEDPOLYGONALFACE((55,57,60,62));
#1775=IFCINDEXEDPOLYGONALFACE((62,64,65,63));
#1776=IFCINDEXEDPOLYGONALFACE((55,62,63,53));
#1777=IFCINDEXEDPOLYGONALFACE((64,66,67,65));
#1778=IFCINDEXEDPOLYGONALFACE((64,61,69,66));
#1779=IFCINDEXEDPOLYGONALFACE((71,67,66,68));
#1780=IFCINDEXEDPOLYGONALFACE((70,68,66,69));
#1781=IFCINDEXEDPOLYGONALFACE((59,70,69,61));
#1782=IFCINDEXEDPOLYGONALFACE((80,29,70,59));
#1783=IFCINDEXEDPOLYGONALFACE((29,31,68,70));
#1784=IFCINDEXEDPOLYGONALFACE((33,71,68,31));
#1785=IFCINDEXEDPOLYGONALFACE((71,72,74,67));
#1786=IFCINDEXEDPOLYGONALFACE((33,37,72,71));
#1787=IFCINDEXEDPOLYGONALFACE((37,79,73,72));
#1788=IFCINDEXEDPOLYGONALFACE((72,73,75,74));
#1789=IFCINDEXEDPOLYGONALFACE((74,75,65,67));
#1790=IFCINDEXEDPOLYGONALFACE((75,73,78,76));
#1791=IFCINDEXEDPOLYGONALFACE((75,76,63,65));
#1792=IFCINDEXEDPOLYGONALFACE((63,76,77,53));
#1793=IFCINDEXEDPOLYGONALFACE((77,76,78,50));
#1794=IFCINDEXEDPOLYGONALFACE((73,79,49,78));
#1795=IFCINDEXEDPOLYGONALFACE((43,49,79,36));
#1796=IFCINDEXEDPOLYGONALFACE((44,41,20,17));
#1797=IFCINDEXEDPOLYGONALFACE((41,39,23,20));
#1798=IFCINDEXEDPOLYGONALFACE((4,7,15,18));
#1799=IFCPOLYGONALFACESET(#1720,$,(#1721,#1722,#1723,#1724,#1725,#1726,#1727,#1728,#1729,#1730,#1731,#1732,#1733,#1734,#1735,#1736,#1737,#1738,#1739,#1740,#1741,#1742,#1743,#1744,#1745,#1746,#1747,#1748,#1749,#1750,#1751,#1752,#1753,#1754,#1755,#1756,#1757,#1758,#1759,#1760,#1761,#1762,#1763,#1764,#1765,#1766,#1767,#1768,#1769,#1770,#1771,#1772,#1773,#1774,#1775,#1776,#1777,#1778,#1779,#1780,#1781,#1782,#1783,#1784,#1785,#1786,#1787,#1788,#1789,#1790,#1791,#1792,#1793,#1794,#1795,#1796,#1797,#1798),$);
#1800=IFCCARTESIANPOINTLIST3D(((-272.437591552734,-519.93115234375,803.),(-248.437591552734,-519.931457519531,803.),(-272.437347412109,-519.930969238281,377.259490966797),(-273.937591552734,-519.431213378906,802.501220703125),(-272.437591552734,-519.794494628906,804.866943359375),(-248.437591552734,-519.794860839844,804.866943359375),(-273.937591552734,-519.294494628906,804.366943359375),(-272.437591552734,-517.931213378906,805.),(-272.437530517578,-502.071533203125,805.),(-248.437591552734,-517.931518554688,805.),(-273.937591552734,-517.43115234375,804.501159667969),(-273.937530517578,-502.571502685547,804.501159667969),(-274.437622070312,-516.931213378906,804.),(-274.437561035156,-503.071502685547,804.),(-274.437622070312,-518.79443359375,803.866943359375),(-274.437622070312,-516.931213378906,802.),(-274.437561035156,-503.071502685547,802.),(-274.437622070312,-518.93115234375,802.),(-274.437377929688,-516.931213378906,378.259490966797),(-274.437377929688,-503.071502685547,378.259490966797),(-274.437377929688,-518.93115234375,378.259490966797),(-274.437377929688,-516.931213378906,376.259490966797),(-274.437377929688,-503.071502685547,376.259490966797),(-273.937347412109,-517.43115234375,375.759490966797),(-274.437377929688,-518.8251953125,376.387420654297),(-273.937347412109,-519.325256347656,375.887420654297),(-272.437347412109,-519.825317382812,375.387420654297),(-273.937347412109,-519.431335449219,377.759490966797),(-248.437423706055,-519.825317382812,375.387420654297),(-272.437347412109,-517.931213378906,375.259490966797),(-248.437423706055,-517.931335449219,375.259490966797),(-272.437347412109,-502.071533203125,375.259490966797),(-248.437377929688,-502.071533203125,375.259490966797),(-273.937347412109,-502.571502685547,375.759490966797),(-272.437347412109,-500.342468261719,375.470916748047),(-272.437347412109,-500.071502685547,377.259490966797),(-248.437377929688,-500.342346191406,375.470916748047),(-273.937347412109,-500.842529296875,375.970916748047),(-274.437377929688,-501.342498779297,376.470916748047),(-273.937347412109,-500.571533203125,377.759490966797),(-274.437377929688,-501.071472167969,378.259490966797),(-273.937530517578,-500.571533203125,802.501220703125),(-272.437530517578,-500.071502685547,803.),(-274.437561035156,-501.071472167969,802.),(-273.937530517578,-500.738464355469,804.334716796875),(-272.437530517578,-500.238494873047,804.834716796875),(-274.437561035156,-501.238494873047,803.834716796875),(-248.437606811523,-500.238677978516,804.834716796875),(-248.437606811523,-500.071685791016,803.),(-246.937606811523,-500.738708496094,804.334716796875),(-248.437606811523,-502.071716308594,805.),(-246.937606811523,-502.571685791016,804.501159667969),(-246.437637329102,-503.071685791016,804.),(-246.937591552734,-517.431457519531,804.501159667969),(-246.437622070312,-516.931518554688,804.),(-246.937591552734,-519.294799804688,804.366943359375),(-246.437622070312,-518.794799804688,803.866943359375),(-246.937591552734,-519.431518554688,802.501220703125),(-246.937408447266,-519.431213378906,377.759490966797),(-246.437622070312,-518.931579589844,802.),(-246.437438964844,-518.93115234375,378.259490966797),(-246.437622070312,-516.931640625,802.),(-246.437637329102,-503.071685791016,802.),(-246.437438964844,-516.931213378906,378.259490966797),(-246.437393188477,-503.071502685547,378.259490966797),(-246.437438964844,-516.931213378906,376.259490966797),(-246.437393188477,-503.071502685547,376.259490966797),(-246.937408447266,-517.431274414062,375.759490966797),(-246.437438964844,-518.825256347656,376.387420654297),(-246.937408447266,-519.325256347656,375.887420654297),(-246.937362670898,-502.571502685547,375.759490966797),(-246.937362670898,-500.842529296875,375.970916748047),(-246.937362670898,-500.571533203125,377.759490966797),(-246.437393188477,-501.342498779297,376.470916748047),(-246.437393188477,-501.071472167969,378.259490966797),(-246.437637329102,-501.071655273438,802.),(-246.437637329102,-501.238677978516,803.834716796875),(-246.937606811523,-500.571685791016,802.501220703125),(-248.437377929688,-500.071502685547,377.259490966797),(-248.437423706055,-519.931274414062,377.259490966797)));
#1801=IFCINDEXEDPOLYGONALFACE((5,1,2,6));
#1802=IFCINDEXEDPOLYGONALFACE((1,3,80,2));
#1803=IFCINDEXEDPOLYGONALFACE((28,3,1,4));
#1804=IFCINDEXEDPOLYGONALFACE((1,5,7,4));
#1805=IFCINDEXEDPOLYGONALFACE((8,5,6,10));
#1806=IFCINDEXEDPOLYGONALFACE((5,8,11,7));
#1807=IFCINDEXEDPOLYGONALFACE((11,8,9,12));
#1808=IFCINDEXEDPOLYGONALFACE((8,10,51,9));
#1809=IFCINDEXEDPOLYGONALFACE((13,11,12,14));
#1810=IFCINDEXEDPOLYGONALFACE((7,11,13,15));
#1811=IFCINDEXEDPOLYGONALFACE((14,17,16,13));
#1812=IFCINDEXEDPOLYGONALFACE((16,18,15,13));
#1813=IFCINDEXEDPOLYGONALFACE((19,16,17,20));
#1814=IFCINDEXEDPOLYGONALFACE((21,18,16,19));
#1815=IFCINDEXEDPOLYGONALFACE((19,20,23,22));
#1816=IFCINDEXEDPOLYGONALFACE((25,21,19,22));
#1817=IFCINDEXEDPOLYGONALFACE((23,34,24,22));
#1818=IFCINDEXEDPOLYGONALFACE((25,22,24,26));
#1819=IFCINDEXEDPOLYGONALFACE((21,25,26,28));
#1820=IFCINDEXEDPOLYGONALFACE((28,26,27,3));
#1821=IFCINDEXEDPOLYGONALFACE((26,24,30,27));
#1822=IFCINDEXEDPOLYGONALFACE((21,28,4,18));
#1823=IFCINDEXEDPOLYGONALFACE((31,29,27,30));
#1824=IFCINDEXEDPOLYGONALFACE((29,80,3,27));
#1825=IFCINDEXEDPOLYGONALFACE((31,30,32,33));
#1826=IFCINDEXEDPOLYGONALFACE((34,32,30,24));
#1827=IFCINDEXEDPOLYGONALFACE((32,35,37,33));
#1828=IFCINDEXEDPOLYGONALFACE((34,38,35,32));
#1829=IFCINDEXEDPOLYGONALFACE((38,40,36,35));
#1830=IFCINDEXEDPOLYGONALFACE((35,36,79,37));
#1831=IFCINDEXEDPOLYGONALFACE((23,39,38,34));
#1832=IFCINDEXEDPOLYGONALFACE((39,41,40,38));
#1833=IFCINDEXEDPOLYGONALFACE((44,42,40,41));
#1834=IFCINDEXEDPOLYGONALFACE((42,43,36,40));
#1835=IFCINDEXEDPOLYGONALFACE((46,43,42,45));
#1836=IFCINDEXEDPOLYGONALFACE((45,42,44,47));
#1837=IFCINDEXEDPOLYGONALFACE((9,46,45,12));
#1838=IFCINDEXEDPOLYGONALFACE((12,45,47,14));
#1839=IFCINDEXEDPOLYGONALFACE((14,47,44,17));
#1840=IFCINDEXEDPOLYGONALFACE((48,49,43,46));
#1841=IFCINDEXEDPOLYGONALFACE((51,48,46,9));
#1842=IFCINDEXEDPOLYGONALFACE((50,78,49,48));
#1843=IFCINDEXEDPOLYGONALFACE((52,50,48,51));
#1844=IFCINDEXEDPOLYGONALFACE((52,51,10,54));
#1845=IFCINDEXEDPOLYGONALFACE((53,77,50,52));
#1846=IFCINDEXEDPOLYGONALFACE((53,52,54,55));
#1847=IFCINDEXEDPOLYGONALFACE((10,6,56,54));
#1848=IFCINDEXEDPOLYGONALFACE((54,56,57,55));
#1849=IFCINDEXEDPOLYGONALFACE((56,58,60,57));
#1850=IFCINDEXEDPOLYGONALFACE((6,2,58,56));
#1851=IFCINDEXEDPOLYGONALFACE((60,58,59,61));
#1852=IFCINDEXEDPOLYGONALFACE((58,2,80,59));
#1853=IFCINDEXEDPOLYGONALFACE((60,61,64,62));
#1854=IFCINDEXEDPOLYGONALFACE((55,57,60,62));
#1855=IFCINDEXEDPOLYGONALFACE((62,64,65,63));
#1856=IFCINDEXEDPOLYGONALFACE((55,62,63,53));
#1857=IFCINDEXEDPOLYGONALFACE((64,66,67,65));
#1858=IFCINDEXEDPOLYGONALFACE((64,61,69,66));
#1859=IFCINDEXEDPOLYGONALFACE((71,67,66,68));
#1860=IFCINDEXEDPOLYGONALFACE((70,68,66,69));
#1861=IFCINDEXEDPOLYGONALFACE((59,70,69,61));
#1862=IFCINDEXEDPOLYGONALFACE((80,29,70,59));
#1863=IFCINDEXEDPOLYGONALFACE((29,31,68,70));
#1864=IFCINDEXEDPOLYGONALFACE((33,71,68,31));
#1865=IFCINDEXEDPOLYGONALFACE((71,72,74,67));
#1866=IFCINDEXEDPOLYGONALFACE((33,37,72,71));
#1867=IFCINDEXEDPOLYGONALFACE((37,79,73,72));
#1868=IFCINDEXEDPOLYGONALFACE((72,73,75,74));
#1869=IFCINDEXEDPOLYGONALFACE((74,75,65,67));
#1870=IFCINDEXEDPOLYGONALFACE((75,73,78,76));
#1871=IFCINDEXEDPOLYGONALFACE((75,76,63,65));
#1872=IFCINDEXEDPOLYGONALFACE((63,76,77,53));
#1873=IFCINDEXEDPOLYGONALFACE((77,76,78,50));
#1874=IFCINDEXEDPOLYGONALFACE((73,79,49,78));
#1875=IFCINDEXEDPOLYGONALFACE((43,49,79,36));
#1876=IFCINDEXEDPOLYGONALFACE((44,41,20,17));
#1877=IFCINDEXEDPOLYGONALFACE((41,39,23,20));
#1878=IFCINDEXEDPOLYGONALFACE((4,7,15,18));
#1879=IFCPOLYGONALFACESET(#1800,$,(#1801,#1802,#1803,#1804,#1805,#1806,#1807,#1808,#1809,#1810,#1811,#1812,#1813,#1814,#1815,#1816,#1817,#1818,#1819,#1820,#1821,#1822,#1823,#1824,#1825,#1826,#1827,#1828,#1829,#1830,#1831,#1832,#1833,#1834,#1835,#1836,#1837,#1838,#1839,#1840,#1841,#1842,#1843,#1844,#1845,#1846,#1847,#1848,#1849,#1850,#1851,#1852,#1853,#1854,#1855,#1856,#1857,#1858,#1859,#1860,#1861,#1862,#1863,#1864,#1865,#1866,#1867,#1868,#1869,#1870,#1871,#1872,#1873,#1874,#1875,#1876,#1877,#1878),$);
#1880=IFCCARTESIANPOINTLIST3D(((-242.,-521.018127441406,680.268310546875),(-242.,-521.018127441406,694.268310546875),(243.078048706055,-521.018737792969,680.268310546875),(-241.500396728516,-520.51806640625,678.768310546875),(-243.865982055664,-520.881408691406,680.268310546875),(-243.865982055664,-520.881408691406,694.268310546875),(-243.366012573242,-520.38134765625,678.768310546875),(-244.,-519.01806640625,680.268310546875),(-244.,-68.4863204956055,680.268310546875),(-244.,-519.01806640625,694.268310546875),(-243.500427246094,-518.518127441406,678.768310546875),(-243.500747680664,-68.9863204956055,678.768310546875),(-243.,-518.01806640625,678.268310546875),(-243.,-69.4863128662109,678.268310546875),(-242.865997314453,-519.881408691406,678.268310546875),(-241.,-518.01806640625,678.268310546875),(-241.,-69.4863128662109,678.268310546875),(-241.,-520.01806640625,678.268310546875),(242.078048706055,-518.018676757812,678.268310546875),(242.078353881836,-69.4867248535156,678.268310546875),(242.078048706055,-520.018737792969,678.268310546875),(244.078048706055,-518.018676757812,678.268310546875),(244.078353881836,-69.4867248535156,678.268310546875),(244.578048706055,-518.518737792969,678.768310546875),(243.95036315918,-519.912780761719,678.268310546875),(244.450378417969,-520.412841796875,678.768310546875),(244.95036315918,-520.912780761719,680.268310546875),(242.578063964844,-520.518676757812,678.768310546875),(244.95036315918,-520.912780761719,694.268310546875),(245.078063964844,-519.018737792969,680.268310546875),(245.078063964844,-519.018737792969,694.268310546875),(245.078353881836,-68.4867248535156,680.268310546875),(245.078353881836,-68.4867248535156,694.268310546875),(244.578353881836,-68.9867248535156,678.768310546875),(244.86686706543,-66.7577209472656,680.268310546875),(243.078353881836,-66.4867172241211,680.268310546875),(244.86686706543,-66.7577209472656,694.268310546875),(244.36686706543,-67.2577209472656,678.768310546875),(243.86686706543,-67.7577209472656,678.268310546875),(242.578338623047,-66.9867172241211,678.768310546875),(242.078353881836,-67.4867248535156,678.268310546875),(-241.500717163086,-66.9863204956055,678.768310546875),(-242.,-66.4863204956055,680.268310546875),(-241.,-67.4863204956055,678.268310546875),(-243.334213256836,-67.1532211303711,678.768310546875),(-243.834243774414,-66.6532211303711,680.268310546875),(-242.834259033203,-67.6532211303711,678.268310546875),(-243.834243774414,-66.6532211303711,694.268310546875),(-242.,-66.4863204956055,694.268310546875),(-243.334213256836,-67.1532211303711,695.768310546875),(-244.,-68.4863204956055,694.268310546875),(-243.500747680664,-68.9863204956055,695.768310546875),(-243.,-69.4863128662109,696.268249511719),(-243.500427246094,-518.518127441406,695.768310546875),(-243.,-518.01806640625,696.268249511719),(-243.366012573242,-520.38134765625,695.768310546875),(-242.865997314453,-519.881408691406,696.268249511719),(-241.500396728516,-520.51806640625,695.768310546875),(242.578063964844,-520.518676757812,695.768310546875),(-241.,-520.01806640625,696.268249511719),(242.078048706055,-520.018737792969,696.268249511719),(-241.,-518.01806640625,696.268249511719),(-241.,-69.4863128662109,696.268249511719),(242.078048706055,-518.018676757812,696.268249511719),(242.078353881836,-69.4867248535156,696.268249511719),(244.078048706055,-518.018676757812,696.268249511719),(244.078353881836,-69.4867248535156,696.268249511719),(244.578048706055,-518.518737792969,695.768310546875),(243.95036315918,-519.912780761719,696.268249511719),(244.450378417969,-520.412841796875,695.768310546875),(244.578353881836,-68.9867248535156,695.768310546875),(244.36686706543,-67.2577209472656,695.768310546875),(242.578338623047,-66.9867172241211,695.768310546875),(243.86686706543,-67.7577209472656,696.268249511719),(242.078353881836,-67.4867248535156,696.268249511719),(-241.,-67.4863204956055,696.268249511719),(-242.834259033203,-67.6532211303711,696.268249511719),(-241.500717163086,-66.9863204956055,695.768310546875),(243.078353881836,-66.4867172241211,694.268310546875),(243.078048706055,-521.018737792969,694.268310546875)));
#1881=IFCINDEXEDPOLYGONALFACE((5,1,2,6));
#1882=IFCINDEXEDPOLYGONALFACE((1,3,80,2));
#1883=IFCINDEXEDPOLYGONALFACE((28,3,1,4));
#1884=IFCINDEXEDPOLYGONALFACE((1,5,7,4));
#1885=IFCINDEXEDPOLYGONALFACE((8,5,6,10));
#1886=IFCINDEXEDPOLYGONALFACE((5,8,11,7));
#1887=IFCINDEXEDPOLYGONALFACE((11,8,9,12));
#1888=IFCINDEXEDPOLYGONALFACE((8,10,51,9));
#1889=IFCINDEXEDPOLYGONALFACE((13,11,12,14));
#1890=IFCINDEXEDPOLYGONALFACE((7,11,13,15));
#1891=IFCINDEXEDPOLYGONALFACE((14,17,16,13));
#1892=IFCINDEXEDPOLYGONALFACE((16,18,15,13));
#1893=IFCINDEXEDPOLYGONALFACE((19,16,17,20));
#1894=IFCINDEXEDPOLYGONALFACE((21,18,16,19));
#1895=IFCINDEXEDPOLYGONALFACE((19,20,23,22));
#1896=IFCINDEXEDPOLYGONALFACE((25,21,19,22));
#1897=IFCINDEXEDPOLYGONALFACE((23,34,24,22));
#1898=IFCINDEXEDPOLYGONALFACE((25,22,24,26));
#1899=IFCINDEXEDPOLYGONALFACE((21,25,26,28));
#1900=IFCINDEXEDPOLYGONALFACE((28,26,27,3));
#1901=IFCINDEXEDPOLYGONALFACE((26,24,30,27));
#1902=IFCINDEXEDPOLYGONALFACE((21,28,4,18));
#1903=IFCINDEXEDPOLYGONALFACE((31,29,27,30));
#1904=IFCINDEXEDPOLYGONALFACE((29,80,3,27));
#1905=IFCINDEXEDPOLYGONALFACE((31,30,32,33));
#1906=IFCINDEXEDPOLYGONALFACE((34,32,30,24));
#1907=IFCINDEXEDPOLYGONALFACE((32,35,37,33));
#1908=IFCINDEXEDPOLYGONALFACE((34,38,35,32));
#1909=IFCINDEXEDPOLYGONALFACE((38,40,36,35));
#1910=IFCINDEXEDPOLYGONALFACE((35,36,79,37));
#1911=IFCINDEXEDPOLYGONALFACE((23,39,38,34));
#1912=IFCINDEXEDPOLYGONALFACE((39,41,40,38));
#1913=IFCINDEXEDPOLYGONALFACE((44,42,40,41));
#1914=IFCINDEXEDPOLYGONALFACE((42,43,36,40));
#1915=IFCINDEXEDPOLYGONALFACE((46,43,42,45));
#1916=IFCINDEXEDPOLYGONALFACE((45,42,44,47));
#1917=IFCINDEXEDPOLYGONALFACE((9,46,45,12));
#1918=IFCINDEXEDPOLYGONALFACE((12,45,47,14));
#1919=IFCINDEXEDPOLYGONALFACE((14,47,44,17));
#1920=IFCINDEXEDPOLYGONALFACE((48,49,43,46));
#1921=IFCINDEXEDPOLYGONALFACE((51,48,46,9));
#1922=IFCINDEXEDPOLYGONALFACE((50,78,49,48));
#1923=IFCINDEXEDPOLYGONALFACE((52,50,48,51));
#1924=IFCINDEXEDPOLYGONALFACE((52,51,10,54));
#1925=IFCINDEXEDPOLYGONALFACE((53,77,50,52));
#1926=IFCINDEXEDPOLYGONALFACE((53,52,54,55));
#1927=IFCINDEXEDPOLYGONALFACE((10,6,56,54));
#1928=IFCINDEXEDPOLYGONALFACE((54,56,57,55));
#1929=IFCINDEXEDPOLYGONALFACE((56,58,60,57));
#1930=IFCINDEXEDPOLYGONALFACE((6,2,58,56));
#1931=IFCINDEXEDPOLYGONALFACE((60,58,59,61));
#1932=IFCINDEXEDPOLYGONALFACE((58,2,80,59));
#1933=IFCINDEXEDPOLYGONALFACE((60,61,64,62));
#1934=IFCINDEXEDPOLYGONALFACE((55,57,60,62));
#1935=IFCINDEXEDPOLYGONALFACE((62,64,65,63));
#1936=IFCINDEXEDPOLYGONALFACE((55,62,63,53));
#1937=IFCINDEXEDPOLYGONALFACE((64,66,67,65));
#1938=IFCINDEXEDPOLYGONALFACE((64,61,69,66));
#1939=IFCINDEXEDPOLYGONALFACE((71,67,66,68));
#1940=IFCINDEXEDPOLYGONALFACE((70,68,66,69));
#1941=IFCINDEXEDPOLYGONALFACE((59,70,69,61));
#1942=IFCINDEXEDPOLYGONALFACE((80,29,70,59));
#1943=IFCINDEXEDPOLYGONALFACE((29,31,68,70));
#1944=IFCINDEXEDPOLYGONALFACE((33,71,68,31));
#1945=IFCINDEXEDPOLYGONALFACE((71,72,74,67));
#1946=IFCINDEXEDPOLYGONALFACE((33,37,72,71));
#1947=IFCINDEXEDPOLYGONALFACE((37,79,73,72));
#1948=IFCINDEXEDPOLYGONALFACE((72,73,75,74));
#1949=IFCINDEXEDPOLYGONALFACE((74,75,65,67));
#1950=IFCINDEXEDPOLYGONALFACE((75,73,78,76));
#1951=IFCINDEXEDPOLYGONALFACE((75,76,63,65));
#1952=IFCINDEXEDPOLYGONALFACE((63,76,77,53));
#1953=IFCINDEXEDPOLYGONALFACE((77,76,78,50));
#1954=IFCINDEXEDPOLYGONALFACE((73,79,49,78));
#1955=IFCINDEXEDPOLYGONALFACE((43,49,79,36));
#1956=IFCINDEXEDPOLYGONALFACE((44,41,20,17));
#1957=IFCINDEXEDPOLYGONALFACE((41,39,23,20));
#1958=IFCINDEXEDPOLYGONALFACE((4,7,15,18));
#1959=IFCPOLYGONALFACESET(#1880,$,(#1881,#1882,#1883,#1884,#1885,#1886,#1887,#1888,#1889,#1890,#1891,#1892,#1893,#1894,#1895,#1896,#1897,#1898,#1899,#1900,#1901,#1902,#1903,#1904,#1905,#1906,#1907,#1908,#1909,#1910,#1911,#1912,#1913,#1914,#1915,#1916,#1917,#1918,#1919,#1920,#1921,#1922,#1923,#1924,#1925,#1926,#1927,#1928,#1929,#1930,#1931,#1932,#1933,#1934,#1935,#1936,#1937,#1938,#1939,#1940,#1941,#1942,#1943,#1944,#1945,#1946,#1947,#1948,#1949,#1950,#1951,#1952,#1953,#1954,#1955,#1956,#1957,#1958),$);
#1960=IFCCARTESIANPOINTLIST3D(((-258.054046630859,-521.017944335938,678.968505859375),(254.649765014648,-521.018737792969,678.968505859375),(-258.053802490234,-521.018249511719,823.118408203125),(-258.753967285156,-521.718017578125,678.268310546875),(255.349655151367,-521.718566894531,678.268310546875),(-258.754272460938,-537.931884765625,678.268310546875),(-258.753723144531,-521.71826171875,823.818603515625),(255.349655151367,-521.718444824219,823.818603515625),(-258.754028320312,-537.932189941406,839.949951171875),(255.349655151367,-537.932495117188,839.949951171875),(-258.754272460938,-544.931457519531,839.949951171875),(-258.05419921875,-545.63134765625,839.249755859375),(-258.754333496094,-544.931213378906,678.268310546875),(255.349655151367,-544.931579589844,839.949951171875),(254.649765014648,-545.631530761719,839.249755859375),(255.349655151367,-544.931823730469,678.268310546875),(254.649765014648,-545.631652832031,678.968505859375),(255.349655151367,-537.932556152344,678.268310546875),(-258.054443359375,-545.631164550781,678.968505859375),(254.649765014648,-521.0185546875,823.118408203125)));
#1961=IFCINDEXEDPOLYGONALFACE((2,5,4,1));
#1962=IFCINDEXEDPOLYGONALFACE((1,3,20,2));
#1963=IFCINDEXEDPOLYGONALFACE((1,4,7,3));
#1964=IFCINDEXEDPOLYGONALFACE((5,18,6,4));
#1965=IFCINDEXEDPOLYGONALFACE((4,6,9,7));
#1966=IFCINDEXEDPOLYGONALFACE((3,7,8,20));
#1967=IFCINDEXEDPOLYGONALFACE((7,9,10,8));
#1968=IFCINDEXEDPOLYGONALFACE((11,14,10,9));
#1969=IFCINDEXEDPOLYGONALFACE((13,11,9,6));
#1970=IFCINDEXEDPOLYGONALFACE((12,11,13,19));
#1971=IFCINDEXEDPOLYGONALFACE((15,14,11,12));
#1972=IFCINDEXEDPOLYGONALFACE((14,16,18,10));
#1973=IFCINDEXEDPOLYGONALFACE((17,16,14,15));
#1974=IFCINDEXEDPOLYGONALFACE((19,13,16,17));
#1975=IFCINDEXEDPOLYGONALFACE((16,13,6,18));
#1976=IFCINDEXEDPOLYGONALFACE((8,10,18,5));
#1977=IFCINDEXEDPOLYGONALFACE((19,17,15,12));
#1978=IFCINDEXEDPOLYGONALFACE((20,8,5,2));
#1979=IFCPOLYGONALFACESET(#1960,$,(#1961,#1962,#1963,#1964,#1965,#1966,#1967,#1968,#1969,#1970,#1971,#1972,#1973,#1974,#1975,#1976,#1977,#1978),$);
#1980=IFCCARTESIANPOINTLIST3D(((274.397735595703,-595.778869628906,51.9086608886719),(274.397735595703,-594.364624023438,58.8466567993164),(273.397735595703,-595.778869628906,52.9084167480469),(279.397644042969,-603.8525390625,52.9084167480469),(278.397644042969,-602.8525390625,52.9084167480469),(278.397644042969,-602.8525390625,58.8464088439941),(-279.668640136719,-602.852355957031,52.9086647033691),(-279.668640136719,-602.852294921875,58.8466567993164),(-274.668640136719,-595.778503417969,52.9086647033691),(-280.668518066406,-603.852172851562,52.9086647033691),(-275.668518066406,-595.778503417969,51.9086608886719),(-275.668518066406,-594.364440917969,58.8466567993164),(-274.668640136719,-594.778503417969,59.8466491699219),(-274.668640136719,-584.931396484375,58.8464088439941),(-274.668762207031,-584.931396484375,26.1735591888428),(273.397735595703,-584.931701660156,58.8464088439941),(273.397735595703,-594.778869628906,59.8464126586914),(273.397735595703,-584.931701660156,26.1733150482178),(273.397735595703,-585.931701660156,25.1733150482178),(278.397644042969,-612.295166015625,25.1733150482178),(279.397644042969,-612.295288085938,58.4323463439941),(278.397644042969,-613.295227050781,26.1733150482178),(-279.668762207031,-612.294860839844,25.1733150482178),(-274.668762207031,-585.931457519531,25.1735591888428),(-279.668762207031,-613.294860839844,26.1733150482178),(-280.668640136719,-611.880676269531,58.8466567993164),(-279.668762207031,-612.294860839844,59.8464126586914),(-279.668640136719,-603.852355957031,59.8466491699219),(-279.668762207031,-613.294860839844,58.8464088439941),(-278.532531738281,-613.294860839844,58.8464088439941),(277.261627197266,-613.295227050781,58.8464088439941),(-278.532531738281,-613.294860839844,52.9084167480469),(277.261627197266,-613.295227050781,52.9084167480469),(278.397644042969,-613.295227050781,58.8464088439941),(278.397644042969,-603.852600097656,59.8464126586914),(279.397644042969,-604.266723632812,58.8466567993164),(-278.532531738281,-613.294860839844,26.1733150482178),(-278.532623291016,-613.294860839844,51.9086608886719),(277.261627197266,-613.295227050781,26.1733150482178),(277.261627197266,-613.295227050781,51.9086608886719),(273.397735595703,-595.778869628906,58.8464088439941),(-274.668640136719,-595.778503417969,58.8466567993164)));
#1981=IFCINDEXEDPOLYGONALFACE((36,21,20,19,18,16,2,1,4,5,6,35));
#1982=IFCINDEXEDPOLYGONALFACE((1,2,17,41,3));
#1983=IFCINDEXEDPOLYGONALFACE((5,4,1,3));
#1984=IFCINDEXEDPOLYGONALFACE((8,6,5,7));
#1985=IFCINDEXEDPOLYGONALFACE((3,9,7,5));
#1986=IFCINDEXEDPOLYGONALFACE((23,26,8,7,10,11,12,14,15,24));
#1987=IFCINDEXEDPOLYGONALFACE((9,11,10,7));
#1988=IFCINDEXEDPOLYGONALFACE((13,12,11,9,42));
#1989=IFCINDEXEDPOLYGONALFACE((14,12,13));
#1990=IFCINDEXEDPOLYGONALFACE((17,16,14,13));
#1991=IFCINDEXEDPOLYGONALFACE((16,18,15,14));
#1992=IFCINDEXEDPOLYGONALFACE((2,16,17));
#1993=IFCINDEXEDPOLYGONALFACE((18,19,20,23,24,15));
#1994=IFCINDEXEDPOLYGONALFACE((34,22,20,21));
#1995=IFCINDEXEDPOLYGONALFACE((22,39,37,25,23,20));
#1996=IFCINDEXEDPOLYGONALFACE((25,29,27,26,23));
#1997=IFCINDEXEDPOLYGONALFACE((28,8,26,27));
#1998=IFCINDEXEDPOLYGONALFACE((29,30,31,34,35,28,27));
#1999=IFCINDEXEDPOLYGONALFACE((29,25,37,38,40,39,22,34,31,33,32,30));
#2000=IFCINDEXEDPOLYGONALFACE((31,30,32,33));
#2001=IFCINDEXEDPOLYGONALFACE((35,34,21,36));
#2002=IFCINDEXEDPOLYGONALFACE((6,8,28,35));
#2003=IFCINDEXEDPOLYGONALFACE((40,38,37,39));
#2004=IFCINDEXEDPOLYGONALFACE((41,17,13,42));
#2005=IFCINDEXEDPOLYGONALFACE((42,9,3,41));
#2006=IFCPOLYGONALFACESET(#1980,$,(#1981,#1982,#1983,#1984,#1985,#1986,#1987,#1988,#1989,#1990,#1991,#1992,#1993,#1994,#1995,#1996,#1997,#1998,#1999,#2000,#2001,#2002,#2003,#2004,#2005),$);
#2007=IFCCARTESIANPOINTLIST3D(((274.397827148438,-595.778991699219,2362.79565429688),(273.397827148438,-595.778991699219,2361.79541015625),(279.397735595703,-603.852661132812,2361.79541015625),(274.397827148438,-594.779052734375,2356.27124023438),(273.397827148438,-595.778991699219,2355.85717773438),(273.397827148438,-585.931823730469,2354.85717773438),(273.397827148438,-594.778991699219,2354.85717773438),(273.397827148438,-584.931823730469,2355.85717773438),(-274.66845703125,-584.931457519531,2355.85717773438),(273.397827148438,-584.931823730469,2388.53002929688),(-274.66845703125,-584.931457519531,2388.53002929688),(273.397827148438,-585.931823730469,2389.53002929688),(278.397735595703,-612.295288085938,2389.53002929688),(279.397735595703,-612.29541015625,2356.27124023438),(278.397735595703,-613.295349121094,2388.53002929688),(-279.668640136719,-612.294921875,2389.53002929688),(-274.66845703125,-585.931518554688,2389.53002929688),(-280.66845703125,-611.880737304688,2355.85717773438),(-279.668640136719,-613.294921875,2388.53002929688),(-279.668518066406,-613.294921875,2355.85717773438),(-278.532531738281,-613.294921875,2388.53002929688),(277.26171875,-613.295349121094,2388.53002929688),(-278.532531738281,-613.294921875,2362.79467773438),(277.26171875,-613.295349121094,2362.79467773438),(-279.668518066406,-612.294921875,2354.85717773438),(-278.532531738281,-613.294921875,2355.85717773438),(277.26171875,-613.295349121094,2355.85717773438),(-278.532531738281,-613.294921875,2361.79541015625),(277.26171875,-613.295349121094,2361.79541015625),(278.397735595703,-613.295349121094,2355.85717773438),(278.397735595703,-603.852722167969,2354.85717773438),(279.397735595703,-604.266845703125,2355.85717773438),(-279.668518066406,-603.852416992188,2354.85717773438),(278.397735595703,-602.852661132812,2361.79541015625),(-279.668518066406,-602.852416992188,2361.79541015625),(-279.668518066406,-602.852355957031,2355.85717773438),(-274.66845703125,-595.778564453125,2361.79541015625),(-280.66845703125,-603.852416992188,2361.79541015625),(-275.66845703125,-595.778564453125,2362.79467773438),(-275.66845703125,-594.77880859375,2356.27124023438),(-274.66845703125,-595.778686523438,2355.85717773438),(-274.66845703125,-585.931518554688,2354.85717773438),(-274.66845703125,-594.778686523438,2354.85717773438)));
#2008=IFCINDEXEDPOLYGONALFACE((2,5,4,1));
#2009=IFCINDEXEDPOLYGONALFACE((3,34,2,1));
#2010=IFCINDEXEDPOLYGONALFACE((13,14,32,31,34,3,1,4,6,8,10,12));
#2011=IFCINDEXEDPOLYGONALFACE((5,7,6,4));
#2012=IFCINDEXEDPOLYGONALFACE((9,8,6,7,43,42));
#2013=IFCINDEXEDPOLYGONALFACE((11,10,8,9));
#2014=IFCINDEXEDPOLYGONALFACE((17,16,13,12,10,11));
#2015=IFCINDEXEDPOLYGONALFACE((15,30,14,13));
#2016=IFCINDEXEDPOLYGONALFACE((15,13,16,19,21,22));
#2017=IFCINDEXEDPOLYGONALFACE((11,9,42,40,39,38,35,36,18,16,17));
#2018=IFCINDEXEDPOLYGONALFACE((16,18,25,20,19));
#2019=IFCINDEXEDPOLYGONALFACE((30,15,22,24,23,21,19,20,26,28,29,27));
#2020=IFCINDEXEDPOLYGONALFACE((24,22,21,23));
#2021=IFCINDEXEDPOLYGONALFACE((20,25,33,31,30,27,26));
#2022=IFCINDEXEDPOLYGONALFACE((27,29,28,26));
#2023=IFCINDEXEDPOLYGONALFACE((32,14,30,31));
#2024=IFCINDEXEDPOLYGONALFACE((34,31,33,36,35));
#2025=IFCINDEXEDPOLYGONALFACE((2,34,35,37));
#2026=IFCINDEXEDPOLYGONALFACE((37,35,38,39));
#2027=IFCINDEXEDPOLYGONALFACE((41,37,39,40));
#2028=IFCINDEXEDPOLYGONALFACE((43,41,40,42));
#2029=IFCINDEXEDPOLYGONALFACE((41,43,7,5,2,37));
#2030=IFCINDEXEDPOLYGONALFACE((36,33,25,18));
#2031=IFCPOLYGONALFACESET(#2007,$,(#2008,#2009,#2010,#2011,#2012,#2013,#2014,#2015,#2016,#2017,#2018,#2019,#2020,#2021,#2022,#2023,#2024,#2025,#2026,#2027,#2028,#2029,#2030),$);
#2032=IFCCARTESIANPOINTLIST3D(((-285.365417480469,-595.838745117188,52.8720436096191),(284.,-595.838745117188,52.8720436096191),(-285.365417480469,-595.839294433594,2361.51831054688),(-285.365417480469,-602.838806152344,52.8720436096191),(-285.365417480469,-602.839233398438,2361.51831054688),(284.,-602.838806152344,52.8720436096191),(284.,-602.839294433594,2361.51831054688),(284.,-595.83935546875,2361.51831054688)));
#2033=IFCINDEXEDPOLYGONALFACE((1,2,6,4));
#2034=IFCINDEXEDPOLYGONALFACE((1,3,8,2));
#2035=IFCINDEXEDPOLYGONALFACE((3,1,4,5));
#2036=IFCINDEXEDPOLYGONALFACE((4,6,7,5));
#2037=IFCINDEXEDPOLYGONALFACE((2,8,7,6));
#2038=IFCINDEXEDPOLYGONALFACE((8,3,5,7));
#2039=IFCPOLYGONALFACESET(#2032,$,(#2033,#2034,#2035,#2036,#2037,#2038),$);
#2040=IFCCARTESIANPOINTLIST3D(((274.203735351562,-622.,26.0114459991455),(274.564727783203,-622.,25.5321979522705),(275.453125,-625.842041015625,26.0114459991455),(275.453125,-625.842041015625,55.0981216430664),(278.687042236328,-628.219055175781,26.0114459991455),(278.726837158203,-627.861877441406,25.5321979522705),(296.710021972656,-628.031066894531,25.5321979522705),(297.038238525391,-628.406005859375,26.0114459991455),(298.033630371094,-586.109130859375,26.0500221252441),(297.038238525391,-628.406005859375,55.0990982055664),(298.033630371094,-586.056640625,65.7675552368164),(296.149841308594,-627.425231933594,56.0788345336914),(297.018463134766,-626.533935546875,56.0790710449219),(296.947631835938,-587.113708496094,66.4501647949219),(295.194946289062,-586.168823242188,66.7970962524414),(295.194946289062,-585.890625,66.7951431274414),(295.194946289062,-586.574768066406,66.3783950805664),(295.1943359375,-586.772277832031,65.0751724243164),(296.557342529297,-587.517578125,66.0322036743164),(296.377716064453,-587.699951171875,64.7033386230469),(296.753143310547,-625.790100097656,55.8293190002441),(296.565734863281,-625.683288574219,55.4557838439941),(295.474029541016,-627.159912109375,55.8288269042969),(285.593536376953,-626.514221191406,55.8290748596191),(295.348937988281,-626.873840332031,54.0922546386719),(285.812255859375,-626.265319824219,54.0925025939941),(296.378234863281,-625.941284179688,54.0925025939941),(296.440643310547,-626.,55.4557838439941),(284.509124755859,-618.667114257812,54.1620826721191),(284.508850097656,-616.171936035156,50.7941665649414),(284.231536865234,-616.281311035156,55.1427955627441),(284.508758544922,-615.340270996094,40.5497741699219),(283.618438720703,-615.340270996094,40.5524635314941),(284.471038818359,-615.84228515625,25.5126686096191),(275.739135742188,-618.3740234375,25.5321998596191),(295.194946289062,-615.85546875,25.0321998596191),(295.194946289062,-585.959838867188,25.1571998596191),(295.194946289062,-585.106201171875,26.0514888763428),(295.194946289062,-585.106201171875,66.1134948730469),(297.038238525391,-585.2236328125,66.0707778930664),(275.453033447266,-618.153259277344,55.0973815917969),(283.339935302734,-616.44970703125,56.0788345336914),(283.587219238281,-615.465270996094,55.0983581542969),(283.899139404297,-624.71826171875,56.0788345336914),(284.258636474609,-624.577026367188,55.8290748596191)));
#2041=IFCINDEXEDPOLYGONALFACE((1,3,4,41,35,2));
#2042=IFCINDEXEDPOLYGONALFACE((6,5,3,1,2));
#2043=IFCINDEXEDPOLYGONALFACE((10,4,3,5,6,7,8));
#2044=IFCINDEXEDPOLYGONALFACE((9,8,7,6,2,35,34,36,37,38));
#2045=IFCINDEXEDPOLYGONALFACE((11,10,8,9));
#2046=IFCINDEXEDPOLYGONALFACE((10,12,13,14,15,17,19,21,23,24,45,44,42,41,4));
#2047=IFCINDEXEDPOLYGONALFACE((13,12,10,11,40,16,15,14));
#2048=IFCINDEXEDPOLYGONALFACE((18,20,19,17));
#2049=IFCINDEXEDPOLYGONALFACE((19,20,27,28,22,21));
#2050=IFCINDEXEDPOLYGONALFACE((23,21,22,28,27,25));
#2051=IFCINDEXEDPOLYGONALFACE((24,23,25,26));
#2052=IFCINDEXEDPOLYGONALFACE((24,26,29,30,31,43,42,44,45));
#2053=IFCINDEXEDPOLYGONALFACE((33,43,31,30,32));
#2054=IFCINDEXEDPOLYGONALFACE((41,43,33,32,34,35));
#2055=IFCINDEXEDPOLYGONALFACE((11,9,38,39,40));
#2056=IFCINDEXEDPOLYGONALFACE((16,40,39));
#2057=IFCINDEXEDPOLYGONALFACE((43,41,42));
#2058=IFCPOLYGONALFACESET(#2040,$,(#2041,#2042,#2043,#2044,#2045,#2046,#2047,#2048,#2049,#2050,#2051,#2052,#2053,#2054,#2055,#2056,#2057),$);
#2059=IFCCARTESIANPOINTLIST3D(((274.203735351562,-622.,2389.08837890625),(274.564727783203,-622.,2389.56811523438),(275.453125,-625.84228515625,2389.08837890625),(275.453125,-625.84228515625,2360.),(278.68701171875,-628.219177246094,2389.08837890625),(278.726837158203,-627.861999511719,2389.56811523438),(296.710021972656,-628.031188964844,2389.56811523438),(297.038208007812,-628.406188964844,2389.08837890625),(297.038208007812,-628.406188964844,2360.),(298.033630371094,-586.109252929688,2389.05053710938),(298.033630371094,-586.056762695312,2349.33276367188),(295.194946289062,-585.106323242188,2389.04858398438),(295.194946289062,-585.9599609375,2389.94287109375),(295.194946289062,-585.106323242188,2348.98608398438),(297.038238525391,-585.223754882812,2349.02880859375),(295.194946289062,-585.890747070312,2348.30444335938),(295.194946289062,-586.1689453125,2348.30249023438),(295.194946289062,-586.574890136719,2348.72143554688),(296.947601318359,-587.113830566406,2348.65014648438),(297.018432617188,-626.534057617188,2359.02124023438),(296.149841308594,-627.425354003906,2359.02124023438),(295.437438964844,-586.574768066406,2348.72143554688),(295.1943359375,-586.7724609375,2350.02514648438),(296.377716064453,-587.700073242188,2350.39624023438),(296.422821044922,-587.663146972656,2349.41967773438),(296.378234863281,-625.94140625,2361.),(296.440612792969,-626.,2359.64428710938),(295.348937988281,-626.873901367188,2361.),(295.474029541016,-627.160034179688,2359.27124023438),(285.812225341797,-626.265441894531,2361.),(284.509124755859,-618.667236328125,2360.93823242188),(285.593536376953,-626.514343261719,2359.27124023438),(284.258605957031,-624.5771484375,2359.27124023438),(283.899108886719,-624.718383789062,2359.02124023438),(283.339935302734,-616.449829101562,2359.02124023438),(283.587219238281,-615.465393066406,2360.),(275.453002929688,-618.153381347656,2360.),(275.739105224609,-618.374206542969,2389.56811523438),(284.471008300781,-615.842407226562,2389.58764648438),(295.194946289062,-615.855590820312,2390.06811523438),(284.508728027344,-615.340393066406,2374.55053710938),(283.618438720703,-615.340393066406,2374.54760742188),(284.508850097656,-616.172180175781,2364.30639648438),(284.231536865234,-616.281433105469,2359.95776367188),(296.753112792969,-625.790222167969,2359.27124023438),(296.565734863281,-625.683410644531,2359.64428710938),(296.557312011719,-587.517700195312,2349.06811523438),(295.371032714844,-586.723083496094,2349.06909179688)));
#2060=IFCINDEXEDPOLYGONALFACE((6,2,1,3,5));
#2061=IFCINDEXEDPOLYGONALFACE((37,4,3,1,2,38));
#2062=IFCINDEXEDPOLYGONALFACE((3,4,9,8,7,6,5));
#2063=IFCINDEXEDPOLYGONALFACE((8,10,12,13,40,39,38,2,6,7));
#2064=IFCINDEXEDPOLYGONALFACE((8,9,11,10));
#2065=IFCINDEXEDPOLYGONALFACE((12,10,11,15,14));
#2066=IFCINDEXEDPOLYGONALFACE((15,16,14));
#2067=IFCINDEXEDPOLYGONALFACE((20,19,17,16,15,11,9,21));
#2068=IFCINDEXEDPOLYGONALFACE((9,4,37,35,34,33,32,29,45,47,25,48,22,18,17,19,20,21));
#2069=IFCINDEXEDPOLYGONALFACE((23,18,22,48,25,24));
#2070=IFCINDEXEDPOLYGONALFACE((25,47,45,46,27,26,24));
#2071=IFCINDEXEDPOLYGONALFACE((29,28,26,27,46,45));
#2072=IFCINDEXEDPOLYGONALFACE((32,30,28,29));
#2073=IFCINDEXEDPOLYGONALFACE((30,32,33,34,35,36,44,43,31));
#2074=IFCINDEXEDPOLYGONALFACE((35,37,36));
#2075=IFCINDEXEDPOLYGONALFACE((37,38,39,41,42,36));
#2076=IFCINDEXEDPOLYGONALFACE((44,36,42,41,43));
#2077=IFCPOLYGONALFACESET(#2059,$,(#2060,#2061,#2062,#2063,#2064,#2065,#2066,#2067,#2068,#2069,#2070,#2071,#2072,#2073,#2074,#2075,#2076),$);
#2078=IFCCARTESIANPOINTLIST3D(((295.489410400391,-626.901977539062,2387.39428710938),(295.489440917969,-626.901672363281,27.3092994689941),(285.339324951172,-626.901977539062,2387.39428710938),(295.489410400391,-626.901977539062,2388.53002929688),(296.489440917969,-625.902038574219,2388.53002929688),(284.339324951172,-625.902038574219,2388.53002929688),(295.075225830078,-585.931762695312,2389.53002929688),(274.397827148438,-585.931823730469,2388.53002929688),(295.489410400391,-584.931823730469,2388.53002929688),(275.397827148438,-584.931823730469,2388.53002929688),(295.489440917969,-584.931396484375,26.1733150482178),(296.489440917969,-585.931457519531,26.1733150482178),(275.397857666016,-584.931396484375,26.1733150482178),(274.397827148438,-594.778503417969,26.1733150482178),(295.489532470703,-586.345642089844,25.1735591888428),(295.489440917969,-626.901672363281,26.1733131408691),(285.339324951172,-626.901672363281,26.1733131408691),(296.489440917969,-625.901672363281,26.1733131408691),(283.339324951172,-613.294555664062,26.1733150482178),(280.397735595703,-613.294555664062,26.1733150482178),(283.339324951172,-613.294982910156,2388.53002929688),(280.397735595703,-613.294982910156,2388.53002929688),(279.397735595703,-603.852478027344,2388.53002929688),(279.397735595703,-603.85205078125,26.1733150482178),(284.3359375,-602.852416992188,2388.53002929688),(284.822021484375,-603.726135253906,2389.53002929688),(284.3359375,-595.778991699219,2388.53002929688),(284.3359375,-602.851928710938,26.1733150482178),(284.3359375,-595.778503417969,26.1733150482178),(284.822021484375,-603.725830078125,25.1735591888428),(275.397857666016,-595.778503417969,26.1733150482178),(275.397827148438,-595.778991699219,2388.53002929688),(274.397827148438,-594.778991699219,2388.53002929688),(285.339324951172,-626.901672363281,27.3092994689941)));
#2079=IFCINDEXEDPOLYGONALFACE((1,3,34,2));
#2080=IFCINDEXEDPOLYGONALFACE((16,18,5,4,1,2));
#2081=IFCINDEXEDPOLYGONALFACE((6,21,19,17,16,2,34,3,1,4));
#2082=IFCINDEXEDPOLYGONALFACE((7,4,5,9));
#2083=IFCINDEXEDPOLYGONALFACE((21,6,4,7,8,33,32,27,25,26,23,22));
#2084=IFCINDEXEDPOLYGONALFACE((7,9,10,8));
#2085=IFCINDEXEDPOLYGONALFACE((11,13,10,9));
#2086=IFCINDEXEDPOLYGONALFACE((18,12,11,9,5));
#2087=IFCINDEXEDPOLYGONALFACE((15,13,11,12));
#2088=IFCINDEXEDPOLYGONALFACE((20,24,30,28,29,31,14,13,15,16,17,19));
#2089=IFCINDEXEDPOLYGONALFACE((13,14,33,8,10));
#2090=IFCINDEXEDPOLYGONALFACE((16,15,12,18));
#2091=IFCINDEXEDPOLYGONALFACE((21,22,20,19));
#2092=IFCINDEXEDPOLYGONALFACE((24,20,22,23));
#2093=IFCINDEXEDPOLYGONALFACE((25,28,24,23));
#2094=IFCINDEXEDPOLYGONALFACE((23,26,25));
#2095=IFCINDEXEDPOLYGONALFACE((25,27,29,28));
#2096=IFCINDEXEDPOLYGONALFACE((24,28,30));
#2097=IFCINDEXEDPOLYGONALFACE((31,29,27,32));
#2098=IFCINDEXEDPOLYGONALFACE((14,31,32,33));
#2099=IFCPOLYGONALFACESET(#2078,$,(#2079,#2080,#2081,#2082,#2083,#2084,#2085,#2086,#2087,#2088,#2089,#2090,#2091,#2092,#2093,#2094,#2095,#2096,#2097,#2098),$);
#2100=IFCCARTESIANPOINTLIST3D(((-284.610107421875,-613.294921875,2387.39428710938),(-281.668426513672,-613.294921875,2387.39428710938),(-284.610107421875,-613.294555664062,27.3093013763428),(-281.668426513672,-613.294555664062,27.3093013763428),(-284.610107421875,-613.294555664062,26.1733150482178),(-286.610076904297,-626.901672363281,26.1733131408691),(-281.668426513672,-613.294555664062,26.1733150482178),(-280.66845703125,-603.85205078125,26.1733150482178),(-286.092712402344,-603.725830078125,25.1735591888428),(-285.6064453125,-602.851928710938,26.1733150482178),(-280.66845703125,-603.852416992188,2388.53002929688),(-280.66845703125,-612.294921875,2388.53002929688),(-286.092712402344,-603.72607421875,2389.53002929688),(-285.6064453125,-602.852355957031,2388.53002929688),(-285.6064453125,-595.778930664062,2388.53002929688),(-276.668487548828,-595.778930664062,2388.53002929688),(-285.6064453125,-595.778503417969,26.1733150482178),(-276.668487548828,-595.778503417969,26.1733150482178),(-275.668518066406,-594.778503417969,26.1733150482178),(-275.668518066406,-585.931457519531,26.1733150482178),(-275.668518066406,-594.778930664062,2388.53002929688),(-275.668518066406,-585.931762695312,2388.53002929688),(-276.668487548828,-584.931762695312,2388.53002929688),(-296.345794677734,-585.931701660156,2389.53002929688),(-297.759948730469,-625.901977539062,2388.53002929688),(-296.759979248047,-584.931762695312,2388.53002929688),(-297.759948730469,-585.931762695312,2388.53002929688),(-297.759948730469,-585.931457519531,26.1733150482178),(-297.759948730469,-625.901672363281,26.1733131408691),(-296.759979248047,-584.931396484375,26.1733150482178),(-296.345794677734,-585.931335449219,25.1735591888428),(-276.668487548828,-584.931396484375,26.1733150482178),(-296.759979248047,-626.901672363281,26.1733131408691),(-296.759979248047,-626.901916503906,2388.53002929688),(-286.610076904297,-626.901916503906,2388.53002929688),(-286.610076904297,-626.901916503906,2387.39428710938),(-285.610076904297,-614.294982910156,2388.53002929688),(-296.759979248047,-626.901916503906,2387.39428710938),(-286.610076904297,-626.901672363281,27.3092994689941),(-296.759979248047,-626.901672363281,27.3092994689941)));
#2101=IFCINDEXEDPOLYGONALFACE((5,3,1,2,4,7,8,11,12,37,35,36,39,6));
#2102=IFCINDEXEDPOLYGONALFACE((1,3,4,2));
#2103=IFCINDEXEDPOLYGONALFACE((7,4,3,5));
#2104=IFCINDEXEDPOLYGONALFACE((5,6,33,29,31,20,19,18,17,10,9,8,7));
#2105=IFCINDEXEDPOLYGONALFACE((10,8,9));
#2106=IFCINDEXEDPOLYGONALFACE((10,14,11,8));
#2107=IFCINDEXEDPOLYGONALFACE((37,12,11,13,14,15,16,21,22,24,25,34,35));
#2108=IFCINDEXEDPOLYGONALFACE((11,14,13));
#2109=IFCINDEXEDPOLYGONALFACE((14,10,17,15));
#2110=IFCINDEXEDPOLYGONALFACE((15,17,18,16));
#2111=IFCINDEXEDPOLYGONALFACE((16,18,19,21));
#2112=IFCINDEXEDPOLYGONALFACE((21,19,20,32,23,22));
#2113=IFCINDEXEDPOLYGONALFACE((24,22,23,26));
#2114=IFCINDEXEDPOLYGONALFACE((27,25,24,26));
#2115=IFCINDEXEDPOLYGONALFACE((23,32,30,28,27,26));
#2116=IFCINDEXEDPOLYGONALFACE((27,28,29,25));
#2117=IFCINDEXEDPOLYGONALFACE((29,28,30,31));
#2118=IFCINDEXEDPOLYGONALFACE((30,32,20,31));
#2119=IFCINDEXEDPOLYGONALFACE((40,38,36,35,34,25,29,33,6,39));
#2120=IFCINDEXEDPOLYGONALFACE((38,40,39,36));
#2121=IFCPOLYGONALFACESET(#2100,$,(#2101,#2102,#2103,#2104,#2105,#2106,#2107,#2108,#2109,#2110,#2111,#2112,#2113,#2114,#2115,#2116,#2117,#2118,#2119,#2120),$);
#2122=IFCCARTESIANPOINTLIST3D(((-284.971893310547,-621.240173339844,1094.22729492188),(-285.159423828125,-621.240173339844,1213.53979492188),(-274.503173828125,-621.052673339844,1094.41479492188),(-284.971893310547,-625.51953125,1094.22729492188),(-285.159423828125,-625.51953125,1213.53979492188),(-274.315734863281,-625.51953125,1094.41479492188),(-274.503173828125,-625.51953125,1213.72729492188),(-274.503173828125,-621.052673339844,1213.53979492188)));
#2123=IFCINDEXEDPOLYGONALFACE((1,4,5,2));
#2124=IFCINDEXEDPOLYGONALFACE((2,8,3,1));
#2125=IFCINDEXEDPOLYGONALFACE((6,4,1,3));
#2126=IFCINDEXEDPOLYGONALFACE((6,7,5,4));
#2127=IFCINDEXEDPOLYGONALFACE((6,3,8,7));
#2128=IFCINDEXEDPOLYGONALFACE((5,7,8,2));
#2129=IFCPOLYGONALFACESET(#2122,$,(#2123,#2124,#2125,#2126,#2127,#2128),$);
#2130=IFCSHAPEREPRESENTATION(#2236,'Body','Tessellation',(#91,#123,#195,#267,#275,#291,#307,#581,#693,#805,#855,#901,#909,#1083,#1163,#1209,#1217,#1391,#1471,#1479,#1559,#1639,#1719,#1799,#1879,#1959,#1979,#2006,#2031,#2039,#2058,#2077,#2099,#2121,#2129));
#2131=IFCREPRESENTATIONMAP(#59,#2130);
#2132=IFCDIRECTION((1.,0.,0.));
#2133=IFCDIRECTION((0.,1.,0.));
#2134=IFCCARTESIANPOINT((274.000000147522,583.12664820239,-37.500000308929));
#2135=IFCDIRECTION((0.,0.,1.));
#2136=IFCCARTESIANTRANSFORMATIONOPERATOR3D(#2132,#2133,#2134,1.,#2135);
#2137=IFCMAPPEDITEM(#2131,#2136);
#2138=IFCSHAPEREPRESENTATION(#2236,'Body','MappedRepresentation',(#2137));
#2140=IFCCARTESIANPOINT((0.,0.,0.));
#2141=IFCDIRECTION((0.,0.,1.));
#2142=IFCDIRECTION((1.,0.,0.));
#2143=IFCAXIS2PLACEMENT3D(#2140,#2141,#2142);
#2144=IFCCARTESIANPOINTLIST3D(((275.,-563.126953125,0.),(275.,-564.126953125,0.),(274.,-565.126892089844,0.),(262.046661376953,-565.126892089844,0.),(-262.047180175781,-565.126586914062,0.),(-274.,-565.126586914062,0.),(-275.,-564.126586914062,0.),(-275.,-563.126525878906,0.),(-275.,-444.245086669922,0.),(-275.,-423.935485839844,0.),(-275.,-20.,0.),(-275.,-19.,0.),(-274.,-18.,0.),(-262.047454833984,-18.,0.),(262.046936035156,-18.,0.),(274.,-18.,0.),(275.,-19.,0.),(275.,-20.,0.),(275.,-423.935791015625,0.),(275.,-444.245300292969,0.)));
#2145=IFCINDEXEDPOLYCURVE(#2144,(IFCLINEINDEX((1,2,3,4,5,6,7,8,9,10,11,12,13,14,15,16,17,18,19,20,1))),$);
#2146=IFCCARTESIANPOINTLIST3D(((295.075225830078,-585.931762695312,0.),(295.489410400391,-626.901977539062,0.),(283.339324951172,-613.294982910156,0.),(280.397735595703,-613.294982910156,0.),(279.397735595703,-603.852661132812,0.),(284.3359375,-602.851928710938,0.),(284.3359375,-595.778991699219,0.),(275.397827148438,-595.778991699219,0.),(274.397827148438,-594.778991699219,0.),(274.397827148438,-585.931823730469,0.),(275.397857666016,-584.931396484375,0.),(295.489410400391,-584.931823730469,0.)));
#2147=IFCINDEXEDPOLYCURVE(#2146,(IFCLINEINDEX((1,2,3,4,5,6,7,8,9,10,11,12,1))),$);
#2148=IFCCARTESIANPOINTLIST3D(((-275.,-582.126342773438,0.),(-275.,-581.126586914062,0.),(-274.,-582.126647949219,0.),(274.,-582.126892089844,0.),(275.,-581.126831054688,0.),(275.,-582.126403808594,0.),(276.,-583.12646484375,0.),(299.,-583.126525878906,0.),(300.,-582.126342773438,0.),(300.,-1.,0.),(299.,0.,0.),(276.,0.,0.),(275.,-1.,0.),(275.,-582.126403808594,0.),(274.,-583.127014160156,0.),(-274.,-583.126647949219,0.),(-275.,-582.126342773438,0.),(-275.,-1.,0.),(-276.,0.,0.),(-299.,0.,0.),(-300.,-1.,0.),(-300.,-582.126342773438,0.),(-299.,-583.126403808594,0.),(-276.,-583.12646484375,0.)));
#2149=IFCINDEXEDPOLYCURVE(#2148,(IFCLINEINDEX((1,2,3,4,5,6,7,8,9,10,11,12,13,14,15,16,17,18,19,20,21,22,23,24,1))),$);
#2150=IFCCARTESIANPOINTLIST3D(((275.,0.,0.),(-275.,0.,0.),(-275.,-18.,0.),(275.,-18.,0.)));
#2151=IFCINDEXEDPOLYCURVE(#2150,(IFCLINEINDEX((1,2,3,4,1))),$);
#2152=IFCCARTESIANPOINTLIST3D(((275.739105224609,-618.374206542969,0.),(284.471008300781,-615.842407226562,0.),(295.194946289062,-615.855590820312,0.),(295.194946289062,-585.9599609375,0.),(295.194946289062,-585.106323242188,0.),(298.033630371094,-586.109252929688,0.),(297.038238525391,-585.223754882812,0.),(295.194946289062,-585.106323242188,0.)));
#2153=IFCINDEXEDPOLYCURVE(#2152,$,$);
#2154=IFCCARTESIANPOINTLIST3D(((-279.668640136719,-612.294921875,0.),(-279.668518066406,-613.294921875,0.),(-280.668640136719,-611.880676269531,0.),(-280.66845703125,-603.852416992188,0.),(-275.66845703125,-595.778564453125,0.),(-279.668640136719,-612.294921875,0.),(-274.66845703125,-585.931518554688,0.),(-274.66845703125,-584.931457519531,0.),(273.397827148438,-584.931823730469,0.),(273.397827148438,-585.931823730469,0.),(278.397735595703,-612.295288085938,0.),(278.397735595703,-613.295349121094,0.),(277.261627197266,-613.295227050781,0.),(-278.532531738281,-613.294860839844,0.),(-279.668518066406,-613.294921875,0.)));
#2155=IFCINDEXEDPOLYCURVE(#2154,$,$);
#2156=IFCCARTESIANPOINTLIST3D(((-297.759948730469,-625.901977539062,0.),(-297.759948730469,-585.931762695312,0.),(-296.759979248047,-584.931762695312,0.),(-276.668487548828,-584.931762695312,0.),(-275.668518066406,-585.931762695312,0.),(-275.668518066406,-594.778930664062,0.),(-276.668487548828,-595.778930664062,0.),(-285.6064453125,-595.778930664062,0.),(-285.6064453125,-602.852355957031,0.),(-280.66845703125,-603.852416992188,0.),(-280.66845703125,-612.294921875,0.),(-281.668426513672,-613.294921875,0.),(-284.610107421875,-613.294921875,0.),(-280.66845703125,-612.294921875,0.),(-285.610076904297,-614.294982910156,0.),(-284.610107421875,-613.294921875,0.),(-286.610076904297,-626.901916503906,0.),(-296.759979248047,-626.901916503906,0.),(-297.759948730469,-625.901977539062,0.),(-296.345794677734,-585.931701660156,0.),(-296.759979248047,-584.931762695312,0.)));
#2157=IFCINDEXEDPOLYCURVE(#2156,(IFCLINEINDEX((1,2,3,4,5,6,7,8,9,10,11,12,13,14,15,16,17,18,19,20,21,1))),$);
#2158=IFCCARTESIANPOINTLIST3D(((278.397735595703,-612.295288085938,0.),(274.397827148438,-595.778991699219,0.),(279.397735595703,-603.852661132812,0.),(279.397735595703,-612.29541015625,0.),(278.397735595703,-613.295349121094,0.)));
#2159=IFCINDEXEDPOLYCURVE(#2158,$,$);
#2160=IFCCARTESIANPOINTLIST3D(((296.710021972656,-628.031188964844,0.),(297.038208007812,-628.406188964844,0.),(278.68701171875,-628.219177246094,0.),(275.453125,-625.84228515625,0.),(274.203735351562,-622.,0.),(275.453002929688,-618.153381347656,0.),(283.618438720703,-615.340393066406,0.),(284.471008300781,-615.842407226562,0.)));
#2161=IFCINDEXEDPOLYCURVE(#2160,$,$);
#2162=IFCCARTESIANPOINTLIST3D(((-274.503173828125,-625.51953125,0.),(-285.159423828125,-625.51953125,0.),(-284.971893310547,-625.51953125,0.),(-274.315734863281,-625.51953125,0.),(-274.503173828125,-625.51953125,0.),(-274.503173828125,-621.052673339844,0.),(-285.159423828125,-621.240173339844,0.),(-285.159423828125,-625.51953125,0.)));
#2163=IFCINDEXEDPOLYCURVE(#2162,$,$);
#2164=IFCCARTESIANPOINTLIST3D(((-286.610076904297,-626.901916503906,0.),(-285.610076904297,-614.294982910156,0.)));
#2165=IFCINDEXEDPOLYCURVE(#2164,$,$);
#2166=IFCCARTESIANPOINTLIST3D(((284.,-602.838806152344,0.),(284.,-595.83935546875,0.)));
#2167=IFCINDEXEDPOLYCURVE(#2166,$,$);
#2168=IFCCARTESIANPOINTLIST3D(((-274.,0.,0.),(274.,0.,0.)));
#2169=IFCINDEXEDPOLYCURVE(#2168,$,$);
#2170=IFCCARTESIANPOINTLIST3D(((-274.315734863281,-625.51953125,0.),(-274.503173828125,-621.052673339844,0.)));
#2171=IFCINDEXEDPOLYCURVE(#2170,$,$);
#2172=IFCCARTESIANPOINTLIST3D(((298.033630371094,-586.109252929688,0.),(297.038208007812,-628.406188964844,0.)));
#2173=IFCINDEXEDPOLYCURVE(#2172,$,$);
#2174=IFCSHAPEREPRESENTATION(#2235,'Body','Curve3D',(#2145,#2147,#2149,#2151,#2153,#2155,#2157,#2159,#2161,#2163,#2165,#2167,#2169,#2171,#2173));
#2175=IFCREPRESENTATIONMAP(#2143,#2174);
#2176=IFCDIRECTION((1.,0.,0.));
#2177=IFCDIRECTION((0.,1.,0.));
#2178=IFCCARTESIANPOINT((274.000000147522,583.12664820239,-37.500000308929));
#2179=IFCDIRECTION((0.,0.,1.));
#2180=IFCCARTESIANTRANSFORMATIONOPERATOR3D(#2176,#2177,#2178,1.,#2179);
#2181=IFCMAPPEDITEM(#2175,#2180);
#2182=IFCSHAPEREPRESENTATION(#2235,'Body','MappedRepresentation',(#2181));
#2183=IFCPRODUCTDEFINITIONSHAPE($,$,(#2138,#2182));
#2184=IFCFURNITURE('3yuXF4PtnBHgIXDlmXFJ$7',#24,'Furniture',$,$,#2241,#2183,$,$);
#2185=IFCSTYLEDITEM(#291,(#2189),$);
#2186=IFCCOLOURRGB($,0.5,0.5,0.5);
#2187=IFCCOLOURRGB($,0.5,0.5,0.5);
#2188=IFCSURFACESTYLERENDERING(#2186,0.,#2187,$,$,$,IFCNORMALISEDRATIOMEASURE(0.),IFCSPECULARROUGHNESS(0.14),.NOTDEFINED.);
#2189=IFCSURFACESTYLE('Poliform_Pivot_Door #2143571465',.BOTH.,(#2188));
#2190=IFCSTYLEDITEM(#307,(#2189),$);
#2191=IFCSTYLEDITEM(#581,(#2195),$);
#2192=IFCCOLOURRGB($,0.721599996089935,0.89410001039505,0.600000023841858);
#2193=IFCCOLOURRGB($,0.721599996089935,0.89410001039505,0.600000023841858);
#2194=IFCSURFACESTYLERENDERING(#2192,0.,#2193,$,$,$,IFCNORMALISEDRATIOMEASURE(0.),IFCSPECULARROUGHNESS(0.821),.NOTDEFINED.);
#2195=IFCSURFACESTYLE('wire_184228153.001',.BOTH.,(#2194));
#2196=IFCSTYLEDITEM(#693,(#2195),$);
#2197=IFCSTYLEDITEM(#805,(#2195),$);
#2198=IFCSTYLEDITEM(#855,(#2202),$);
#2199=IFCCOLOURRGB($,0.694100022315979,0.580399990081787,0.105899997055531);
#2200=IFCCOLOURRGB($,0.694100022315979,0.580399990081787,0.105899997055531);
#2201=IFCSURFACESTYLERENDERING(#2199,0.,#2200,$,$,$,IFCNORMALISEDRATIOMEASURE(0.),IFCSPECULARROUGHNESS(0.821),.NOTDEFINED.);
#2202=IFCSURFACESTYLE('wire_177148027.001',.BOTH.,(#2201));
#2203=IFCSTYLEDITEM(#901,(#2202),$);
#2204=IFCSTYLEDITEM(#909,(#2202),$);
#2205=IFCSTYLEDITEM(#1083,(#2202),$);
#2206=IFCSTYLEDITEM(#1163,(#2202),$);
#2207=IFCSTYLEDITEM(#1209,(#2202),$);
#2208=IFCSTYLEDITEM(#1217,(#2202),$);
#2209=IFCSTYLEDITEM(#1391,(#2202),$);
#2210=IFCSTYLEDITEM(#1471,(#2202),$);
#2211=IFCSTYLEDITEM(#1479,(#2215),$);
#2212=IFCCOLOURRGB($,0.204178288578987,0.204178288578987,0.204178288578987);
#2213=IFCCOLOURRGB($,0.119682185351849,0.119682185351849,0.119682185351849);
#2214=IFCSURFACESTYLERENDERING(#2212,0.399999976158142,#2213,$,$,$,IFCNORMALISEDRATIOMEASURE(0.),IFCSPECULARROUGHNESS(0.5),.NOTDEFINED.);
#2215=IFCSURFACESTYLE('Glass Dark Poliform Senzafine',.BOTH.,(#2214));
#2216=IFCSTYLEDITEM(#1559,(#2220),$);
#2217=IFCCOLOURRGB($,0.10980000346899,0.10980000346899,0.694100022315979);
#2218=IFCCOLOURRGB($,0.10980000346899,0.10980000346899,0.694100022315979);
#2219=IFCSURFACESTYLERENDERING(#2217,0.,#2218,$,$,$,IFCNORMALISEDRATIOMEASURE(0.),IFCSPECULARROUGHNESS(0.821),.NOTDEFINED.);
#2220=IFCSURFACESTYLE('wire_028028177.001',.BOTH.,(#2219));
#2221=IFCSTYLEDITEM(#1639,(#2220),$);
#2222=IFCSTYLEDITEM(#1719,(#2220),$);
#2223=IFCSTYLEDITEM(#1799,(#2220),$);
#2224=IFCSTYLEDITEM(#1879,(#2220),$);
#2225=IFCSTYLEDITEM(#1959,(#2220),$);
#2226=IFCSTYLEDITEM(#1979,(#2220),$);
#2227=IFCSTYLEDITEM(#2006,(#2215),$);
#2228=IFCSTYLEDITEM(#2031,(#2215),$);
#2229=IFCSTYLEDITEM(#2039,(#2215),$);
#2230=IFCSTYLEDITEM(#2058,(#2215),$);
#2231=IFCSTYLEDITEM(#2077,(#2215),$);
#2232=IFCSTYLEDITEM(#2099,(#2215),$);
#2233=IFCSTYLEDITEM(#2121,(#2215),$);
#2234=IFCSTYLEDITEM(#2129,(#2215),$);
#2235=IFCGEOMETRICREPRESENTATIONSUBCONTEXT('Body','Model',*,*,*,*,#10,$,.PLAN_VIEW.,$);
#2236=IFCGEOMETRICREPRESENTATIONSUBCONTEXT('Body','Model',*,*,*,*,#10,$,.MODEL_VIEW.,$);
#2237=IFCCARTESIANPOINT((5897.,896.,48.));
#2238=IFCDIRECTION((0.,0.,1.));
#2239=IFCDIRECTION((0.,-1.,0.));
#2240=IFCAXIS2PLACEMENT3D(#2237,#2238,#2239);
#2241=IFCLOCALPLACEMENT($,#2240);
#2242=IFCACTORROLE(.USERDEFINED.,'CONTRIBUTOR',$);
#2243=IFCORGANIZATION('IfcOpenShell','IfcOpenShell','IfcOpenShell is an open source software library that helps users and software developers to work with IFC data.',(#2242),(#2244));
#2244=IFCTELECOMADDRESS(.USERDEFINED.,$,'WEBPAGE',$,$,$,$,'https://ifcopenshell.org',$);
#2245=IFCAPPLICATION(#2243,'0.8.4','Bonsai','Bonsai-0.8.4');
#2246=IFCOWNERHISTORY(#23,#4,.READWRITE.,.MODIFIED.,1770477909,#23,#2245,1762245743);
#2247=IFCFURNITURETYPE('3Xia__Mm57iv5rlzD9v6Yn',#2246,'WD02','Poliform Glass Wardrobe',$,$,(#2131,#2175),$,'WARDROBE',.NOTDEFINED.,.USERDEFINED.);
#2255=IFCOWNERHISTORY(#3,#4,.READWRITE.,.ADDED.,1787467354,#3,#4,1787467354);
#2256=IFCRELDEFINESBYTYPE('1PDKo7G8vB9h2VQPjWRovA',#2255,$,$,(#2184),#2247);
#2257=IFCOWNERHISTORY(#23,#4,.READWRITE.,.MODIFIED.,1787467354,#3,#2245,1762415450);
#2258=IFCBUILDINGSTOREY('3GpGnsvVn2$9qYNIdbFTIO',#2257,'LIVING',$,$,#2263,$,$,$,$);
#2259=IFCCARTESIANPOINT((0.,0.,0.));
#2260=IFCDIRECTION((0.,0.,1.));
#2261=IFCDIRECTION((1.,0.,0.));
#2262=IFCAXIS2PLACEMENT3D(#2259,#2260,#2261);
#2263=IFCLOCALPLACEMENT($,#2262);
#2264=IFCOWNERHISTORY(#23,#4,.READWRITE.,.MODIFIED.,1787467354,#3,#2245,1761750327);
#2265=IFCBUILDINGSTOREY('1VjEk5I8XFmfiAYaLk_F_7',#2264,'FUR',$,$,#2270,$,$,$,$);
#2266=IFCCARTESIANPOINT((0.,0.,0.));
#2267=IFCDIRECTION((0.,0.,1.));
#2268=IFCDIRECTION((1.,0.,0.));
#2269=IFCAXIS2PLACEMENT3D(#2266,#2267,#2268);
#2270=IFCLOCALPLACEMENT($,#2269);
#2271=IFCOWNERHISTORY(#23,#4,.READWRITE.,.MODIFIED.,1787467354,#3,#2245,1759986564);
#2272=IFCBUILDING('0aVVbcf_9A9x07_Nod0gAP',#2271,'My Building',$,$,#2277,$,$,$,$,$,$);
#2273=IFCCARTESIANPOINT((0.,0.,0.));
#2274=IFCDIRECTION((0.,0.,1.));
#2275=IFCDIRECTION((1.,0.,0.));
#2276=IFCAXIS2PLACEMENT3D(#2273,#2274,#2275);
#2277=IFCLOCALPLACEMENT($,#2276);
#2278=IFCSITE('3iWnpcHW54tQCcUMk_yOsj',#2284,'My Site',$,$,#2283,$,$,$,$,$,$,$,$);
#2279=IFCCARTESIANPOINT((0.,0.,0.));
#2280=IFCDIRECTION((0.,0.,1.));
#2281=IFCDIRECTION((1.,0.,0.));
#2282=IFCAXIS2PLACEMENT3D(#2279,#2280,#2281);
#2283=IFCLOCALPLACEMENT($,#2282);
#2284=IFCOWNERHISTORY(#3,#2245,.READWRITE.,.ADDED.,1787467354,#3,#2245,1787467354);
#2285=IFCRELCONTAINEDINSPATIALSTRUCTURE('03FQy7XE527RLYW9VJ5NiT',#5,$,$,(#2184),#2258);
#2286=IFCRELAGGREGATES('0hqD1SrE90NOCA6AaixZB_',#5,$,$,#2265,(#2258));
#2287=IFCRELAGGREGATES('0$sBd8a_58nR81XfMK7nwi',#5,$,$,#2272,(#2265));
#2288=IFCRELAGGREGATES('2PcdJDuXL8HhpS2AhSkJIt',#5,$,$,#2278,(#2272));
#2289=IFCRELAGGREGATES('1Y9mYBCR9B0u1N5gRdiWS6',#5,$,$,#20,(#2278));
ENDSEC;
END-ISO-10303-21;
