ISO-10303-21;
HEADER;
FILE_DESCRIPTION(('ViewDefinition [CoordinationView]'),'2;1');
FILE_NAME('','2026-08-23T18:54:07',(''),(''),'IfcOpenShell 0.8.4-e8eb5e4','IfcOpenShell 0.8.4-e8eb5e4','');
FILE_SCHEMA(('IFC4'));
ENDSEC;
DATA;
#1=IFCPERSON($,'','ryan@openingdesign.com',$,$,$,$,$);
#2=IFCORGANIZATION($,'','',$,$);
#3=IFCPERSONANDORGANIZATION(#1,#2,$);
#4=IFCAPPLICATION($,'0.8.3','Bonsai','Bonsai-0.8.3');
#5=IFCOWNERHISTORY(#3,#4,.READWRITE.,.MODIFIED.,1786125332,#3,#4,1759683330);
#6=IFCCARTESIANPOINT((0.,0.,0.));
#7=IFCDIRECTION((0.,0.,1.));
#8=IFCDIRECTION((1.,0.,0.));
#9=IFCAXIS2PLACEMENT3D(#6,#7,#8);
#10=IFCGEOMETRICREPRESENTATIONCONTEXT($,'Model',3,1.E-05,#9,$);
#11=IFCGEOMETRICREPRESENTATIONCONTEXT($,'Plan',2,1.E-05,$,$);
#12=IFCSIUNIT(*,.VOLUMEUNIT.,$,.CUBIC_METRE.);
#13=IFCSIUNIT(*,.LENGTHUNIT.,.MILLI.,.METRE.);
#14=IFCDIMENSIONALEXPONENTS(0,0,0,0,0,0,0);
#15=IFCSIUNIT(*,.PLANEANGLEUNIT.,$,.RADIAN.);
#16=IFCMEASUREWITHUNIT(IFCREAL(0.0174532925199433),#15);
#17=IFCCONVERSIONBASEDUNIT(#14,.PLANEANGLEUNIT.,'degree',#16);
#18=IFCSIUNIT(*,.AREAUNIT.,$,.SQUARE_METRE.);
#19=IFCUNITASSIGNMENT((#12,#13,#17,#18));
#20=IFCPROJECT('3hFmn2ED14Ofwsj$DzZ0HC',$,'My Project',$,$,$,$,(#10,#11),#19);
#21=IFCPERSON($,'','ryan@openingdesign.com',$,$,$,$,$);
#22=IFCORGANIZATION($,'','',$,$);
#23=IFCPERSONANDORGANIZATION(#21,#22,$);
#24=IFCACTORROLE(.USERDEFINED.,'CONTRIBUTOR',$);
#25=IFCTELECOMADDRESS(.USERDEFINED.,$,'WEBPAGE',$,$,$,$,'https://ifcopenshell.org',$);
#26=IFCORGANIZATION('IfcOpenShell','IfcOpenShell','IfcOpenShell is an open source software library that helps users and software developers to work with IFC data.',(#24),(#25));
#27=IFCAPPLICATION(#26,'0.8.4','Bonsai','Bonsai-0.8.4');
#28=IFCOWNERHISTORY(#23,#4,.READWRITE.,.MODIFIED.,1787482448,#3,#27,1762356132);
#60=IFCCARTESIANPOINT((0.,0.,0.));
#61=IFCDIRECTION((0.,0.,1.));
#62=IFCDIRECTION((1.,0.,0.));
#63=IFCAXIS2PLACEMENT3D(#60,#61,#62);
#64=IFCCARTESIANPOINTLIST3D(((-94.5759887695312,-93.8899307250977,194.203002929688),(-95.2675170898438,-93.8899307250977,193.519454956055),(-94.8567504882812,-96.831428527832,193.346542358398),(-94.4078979492188,-96.831428527832,193.790267944336),(-95.2732467651367,-93.8899307250977,192.547348022461),(-94.8605346679688,-96.831428527832,192.715454101562),(-94.5897827148438,-93.8899307250977,191.855895996094),(-94.4169311523438,-96.831428527832,192.2666015625),(-93.6176147460938,-93.8899307250977,191.850158691406),(-93.7857055664062,-96.831428527832,192.262878417969),(-92.9260864257812,-93.8899307250977,192.53369140625),(-93.3367309570312,-96.831428527832,192.706604003906),(-92.9204711914062,-93.8899307250977,193.505798339844),(-93.3330688476562,-96.831428527832,193.337707519531),(-93.6039428710938,-93.8899307250977,194.197265625),(-93.7767944335938,-96.831428527832,193.786560058594)));
#65=IFCINDEXEDPOLYGONALFACE((1,2,3,4));
#66=IFCINDEXEDPOLYGONALFACE((2,5,6,3));
#67=IFCINDEXEDPOLYGONALFACE((5,7,8,6));
#68=IFCINDEXEDPOLYGONALFACE((7,9,10,8));
#69=IFCINDEXEDPOLYGONALFACE((9,11,12,10));
#70=IFCINDEXEDPOLYGONALFACE((11,13,14,12));
#71=IFCINDEXEDPOLYGONALFACE((13,15,16,14));
#72=IFCINDEXEDPOLYGONALFACE((15,1,4,16));
#73=IFCINDEXEDPOLYGONALFACE((16,4,3,6,8,10,12,14));
#74=IFCPOLYGONALFACESET(#64,$,(#65,#66,#67,#68,#69,#70,#71,#72,#73),$);
#75=IFCCARTESIANPOINTLIST3D(((-97.7276000976562,-94.5211181640625,194.203002929688),(-97.5593872070312,-97.462532043457,193.790267944336),(-98.4191207885742,-94.5211181640625,193.519592285156),(-96.7554321289062,-94.5211181640625,194.197265625),(-96.0720825195312,-94.5211181640625,193.505798339844),(-96.9282836914062,-97.462532043457,193.786560058594),(-96.4846801757812,-97.462532043457,193.337707519531),(-96.4883422851562,-97.462532043457,192.706604003906),(-96.0776977539062,-94.5211181640625,192.53369140625),(-96.9373168945312,-97.462532043457,192.262878417969),(-97.5685424804688,-97.462532043457,192.2666015625),(-96.7692260742188,-94.5210189819336,191.850158691406),(-97.7412719726562,-94.5211181640625,191.855895996094),(-98.4246215820312,-94.5211181640625,192.547348022461),(-98.0120239257812,-97.462532043457,192.715454101562),(-98.,-97.462532043457,193.346542358398)));
#76=IFCINDEXEDPOLYGONALFACE((4,1,2,6));
#77=IFCINDEXEDPOLYGONALFACE((1,3,16,2));
#78=IFCINDEXEDPOLYGONALFACE((5,4,6,7));
#79=IFCINDEXEDPOLYGONALFACE((6,2,16,15,11,10,8,7));
#80=IFCINDEXEDPOLYGONALFACE((9,5,7,8));
#81=IFCINDEXEDPOLYGONALFACE((12,9,8,10));
#82=IFCINDEXEDPOLYGONALFACE((13,12,10,11));
#83=IFCINDEXEDPOLYGONALFACE((14,13,11,15));
#84=IFCINDEXEDPOLYGONALFACE((3,14,15,16));
#85=IFCPOLYGONALFACESET(#75,$,(#76,#77,#78,#79,#80,#81,#82,#83,#84),$);
#86=IFCCARTESIANPOINTLIST3D(((-101.045959472656,-94.5211181640625,194.203002929688),(-100.877983093262,-97.462532043457,193.790267944336),(-101.737365722656,-94.5211181640625,193.519454956055),(-100.073791503906,-94.5211181640625,194.197265625),(-99.3904418945312,-94.5211181640625,193.505798339844),(-100.246643066406,-97.462532043457,193.786560058594),(-99.8030395507812,-97.462532043457,193.337707519531),(-99.8068237304688,-97.462532043457,192.706604003906),(-99.3960571289062,-94.5211181640625,192.53369140625),(-100.255676269531,-97.462532043457,192.262878417969),(-100.886779785156,-97.462532043457,192.2666015625),(-100.087463378906,-94.5211181640625,191.850158691406),(-101.059631347656,-94.5211181640625,191.855895996094),(-101.743225097656,-94.5211181640625,192.547348022461),(-101.330375671387,-97.462532043457,192.715454101562),(-101.326721191406,-97.462532043457,193.346542358398)));
#87=IFCINDEXEDPOLYGONALFACE((4,1,2,6));
#88=IFCINDEXEDPOLYGONALFACE((1,3,16,2));
#89=IFCINDEXEDPOLYGONALFACE((5,4,6,7));
#90=IFCINDEXEDPOLYGONALFACE((6,2,16,15,11,10,8,7));
#91=IFCINDEXEDPOLYGONALFACE((9,5,7,8));
#92=IFCINDEXEDPOLYGONALFACE((12,9,8,10));
#93=IFCINDEXEDPOLYGONALFACE((13,12,10,11));
#94=IFCINDEXEDPOLYGONALFACE((14,13,11,15));
#95=IFCINDEXEDPOLYGONALFACE((3,14,15,16));
#96=IFCPOLYGONALFACESET(#86,$,(#87,#88,#89,#90,#91,#92,#93,#94,#95),$);
#97=IFCCARTESIANPOINTLIST3D(((-104.370178222656,-93.8899307250977,194.203002929688),(-104.202087402344,-96.831428527832,193.790267944336),(-105.061584472656,-93.8899307250977,193.519454956055),(-103.398132324219,-93.8899307250977,194.197265625),(-102.714660644531,-93.8899307250977,193.505798339844),(-103.570854187012,-96.831428527832,193.786560058594),(-103.127258300781,-96.831428527832,193.337707519531),(-103.131042480469,-96.831428527832,192.706604003906),(-102.720275878906,-93.8899307250977,192.53369140625),(-103.579895019531,-96.831428527832,192.262878417969),(-104.210998535156,-96.831428527832,192.2666015625),(-103.411682128906,-93.8899307250977,191.850158691406),(-104.383850097656,-93.8899307250977,191.855895996094),(-105.067321777344,-93.8899307250977,192.547348022461),(-104.654724121094,-96.831428527832,192.715454101562),(-104.650939941406,-96.831428527832,193.346542358398)));
#98=IFCINDEXEDPOLYGONALFACE((4,1,2,6));
#99=IFCINDEXEDPOLYGONALFACE((1,3,16,2));
#100=IFCINDEXEDPOLYGONALFACE((5,4,6,7));
#101=IFCINDEXEDPOLYGONALFACE((6,2,16,15,11,10,8,7));
#102=IFCINDEXEDPOLYGONALFACE((9,5,7,8));
#103=IFCINDEXEDPOLYGONALFACE((12,9,8,10));
#104=IFCINDEXEDPOLYGONALFACE((13,12,10,11));
#105=IFCINDEXEDPOLYGONALFACE((14,13,11,15));
#106=IFCINDEXEDPOLYGONALFACE((3,14,15,16));
#107=IFCPOLYGONALFACESET(#97,$,(#98,#99,#100,#101,#102,#103,#104,#105,#106),$);
#108=IFCCARTESIANPOINTLIST3D(((-94.5759887695312,-93.8899307250977,189.043151855469),(-94.4078979492188,-96.831428527832,188.630554199219),(-95.2675170898438,-93.8899307250977,188.359802246094),(-93.6039428710938,-93.8899307250977,189.03759765625),(-92.9204711914062,-93.8899307250977,188.346054077148),(-93.7767944335938,-96.831428527832,188.626892089844),(-93.3330688476562,-96.831428527832,188.177978515625),(-93.3367309570312,-96.831428527832,187.546752929688),(-92.9260864257812,-93.8899307250977,187.373901367188),(-93.7857055664062,-96.831428527832,187.103134155273),(-94.4169311523438,-96.831428527832,187.106872558594),(-93.6176147460938,-93.8899307250977,186.690475463867),(-94.5897827148438,-93.8899307250977,186.696166992188),(-95.2732467651367,-93.8899307250977,187.3876953125),(-94.8605346679688,-96.831428527832,187.5556640625),(-94.8567504882812,-96.831428527832,188.186889648438)));
#109=IFCINDEXEDPOLYGONALFACE((4,1,2,6));
#110=IFCINDEXEDPOLYGONALFACE((1,3,16,2));
#111=IFCINDEXEDPOLYGONALFACE((5,4,6,7));
#112=IFCINDEXEDPOLYGONALFACE((6,2,16,15,11,10,8,7));
#113=IFCINDEXEDPOLYGONALFACE((9,5,7,8));
#114=IFCINDEXEDPOLYGONALFACE((12,9,8,10));
#115=IFCINDEXEDPOLYGONALFACE((13,12,10,11));
#116=IFCINDEXEDPOLYGONALFACE((14,13,11,15));
#117=IFCINDEXEDPOLYGONALFACE((3,14,15,16));
#118=IFCPOLYGONALFACESET(#108,$,(#109,#110,#111,#112,#113,#114,#115,#116,#117),$);
#119=IFCCARTESIANPOINTLIST3D(((-97.7276000976562,-94.5211181640625,189.043151855469),(-97.5593872070312,-97.462532043457,188.630554199219),(-98.4191207885742,-94.5211181640625,188.359802246094),(-96.7554321289062,-94.5211181640625,189.03759765625),(-96.0720825195312,-94.5211181640625,188.34619140625),(-96.9282836914062,-97.462532043457,188.626892089844),(-96.4846801757812,-97.462532043457,188.177978515625),(-96.4883422851562,-97.462532043457,187.546752929688),(-96.0776977539062,-94.5211181640625,187.373947143555),(-96.9373168945312,-97.462532043457,187.103134155273),(-97.5685424804688,-97.462532043457,187.106872558594),(-96.7692260742188,-94.5211181640625,186.690475463867),(-97.7412719726562,-94.5211181640625,186.696166992188),(-98.4248580932617,-94.5211181640625,187.3876953125),(-98.0120239257812,-97.462532043457,187.555770874023),(-98.,-97.462532043457,188.186889648438)));
#120=IFCINDEXEDPOLYGONALFACE((4,1,2,6));
#121=IFCINDEXEDPOLYGONALFACE((1,3,16,2));
#122=IFCINDEXEDPOLYGONALFACE((5,4,6,7));
#123=IFCINDEXEDPOLYGONALFACE((6,2,16,15,11,10,8,7));
#124=IFCINDEXEDPOLYGONALFACE((9,5,7,8));
#125=IFCINDEXEDPOLYGONALFACE((12,9,8,10));
#126=IFCINDEXEDPOLYGONALFACE((13,12,10,11));
#127=IFCINDEXEDPOLYGONALFACE((14,13,11,15));
#128=IFCINDEXEDPOLYGONALFACE((3,14,15,16));
#129=IFCPOLYGONALFACESET(#119,$,(#120,#121,#122,#123,#124,#125,#126,#127,#128),$);
#130=IFCCARTESIANPOINTLIST3D(((-101.045959472656,-94.5211181640625,189.043151855469),(-100.877983093262,-97.462532043457,188.630554199219),(-101.737365722656,-94.5211181640625,188.359802246094),(-100.073791503906,-94.5211181640625,189.03759765625),(-99.3904418945312,-94.5211181640625,188.34619140625),(-100.246643066406,-97.462532043457,188.626892089844),(-99.8030395507812,-97.462532043457,188.177978515625),(-99.8068237304688,-97.462532043457,187.546752929688),(-99.3960571289062,-94.5211181640625,187.373901367188),(-100.255676269531,-97.462532043457,187.103134155273),(-100.886779785156,-97.462532043457,187.106872558594),(-100.087463378906,-94.5211181640625,186.690475463867),(-101.059631347656,-94.5211181640625,186.696166992188),(-101.743225097656,-94.5211181640625,187.3876953125),(-101.330505371094,-97.462532043457,187.555770874023),(-101.326721191406,-97.462532043457,188.186889648438)));
#131=IFCINDEXEDPOLYGONALFACE((4,1,2,6));
#132=IFCINDEXEDPOLYGONALFACE((1,3,16,2));
#133=IFCINDEXEDPOLYGONALFACE((5,4,6,7));
#134=IFCINDEXEDPOLYGONALFACE((6,2,16,15,11,10,8,7));
#135=IFCINDEXEDPOLYGONALFACE((9,5,7,8));
#136=IFCINDEXEDPOLYGONALFACE((12,9,8,10));
#137=IFCINDEXEDPOLYGONALFACE((13,12,10,11));
#138=IFCINDEXEDPOLYGONALFACE((14,13,11,15));
#139=IFCINDEXEDPOLYGONALFACE((3,14,15,16));
#140=IFCPOLYGONALFACESET(#130,$,(#131,#132,#133,#134,#135,#136,#137,#138,#139),$);
#141=IFCCARTESIANPOINTLIST3D(((-104.370178222656,-93.8899307250977,189.043151855469),(-104.202087402344,-96.831428527832,188.630554199219),(-105.061584472656,-93.8899307250977,188.359802246094),(-103.398132324219,-93.8899307250977,189.03759765625),(-102.714660644531,-93.8899307250977,188.34619140625),(-103.570854187012,-96.831428527832,188.626892089844),(-103.127258300781,-96.831428527832,188.178100585938),(-103.131042480469,-96.831428527832,187.546752929688),(-102.720275878906,-93.8899307250977,187.373901367188),(-103.579895019531,-96.831428527832,187.103134155273),(-104.210998535156,-96.831428527832,187.106872558594),(-103.411682128906,-93.8899307250977,186.690475463867),(-104.383850097656,-93.8899307250977,186.696166992188),(-105.067321777344,-93.8899307250977,187.3876953125),(-104.654724121094,-96.831428527832,187.555770874023),(-104.650939941406,-96.831428527832,188.186889648438)));
#142=IFCINDEXEDPOLYGONALFACE((4,1,2,6));
#143=IFCINDEXEDPOLYGONALFACE((1,3,16,2));
#144=IFCINDEXEDPOLYGONALFACE((5,4,6,7));
#145=IFCINDEXEDPOLYGONALFACE((6,2,16,15,11,10,8,7));
#146=IFCINDEXEDPOLYGONALFACE((9,5,7,8));
#147=IFCINDEXEDPOLYGONALFACE((12,9,8,10));
#148=IFCINDEXEDPOLYGONALFACE((13,12,10,11));
#149=IFCINDEXEDPOLYGONALFACE((14,13,11,15));
#150=IFCINDEXEDPOLYGONALFACE((3,14,15,16));
#151=IFCPOLYGONALFACESET(#141,$,(#142,#143,#144,#145,#146,#147,#148,#149,#150),$);
#152=IFCCARTESIANPOINTLIST3D(((-94.5759887695312,-93.8899307250977,183.528991699219),(-94.4078979492188,-96.831428527832,183.116271972656),(-95.2675170898438,-93.8899307250977,182.845458984375),(-93.6039428710938,-93.8899307250977,183.523254394531),(-92.9204711914062,-93.8899307250977,182.831787109375),(-93.7767944335938,-96.831428527832,183.112548828125),(-93.3330688476562,-96.831428527832,182.663696289062),(-93.3367309570312,-96.831428527832,182.032592773438),(-92.9260864257812,-93.8899307250977,181.859558105469),(-93.7857055664062,-96.831428527832,181.5888671875),(-94.4169311523438,-96.831428527832,181.592590332031),(-93.6174926757812,-93.8899307250977,181.176208496094),(-94.5897827148438,-93.8899307250977,181.182006835938),(-95.2732467651367,-93.8899307250977,181.873352050781),(-94.8605346679688,-96.831428527832,182.04150390625),(-94.8567504882812,-96.831428527832,182.672607421875)));
#153=IFCINDEXEDPOLYGONALFACE((4,1,2,6));
#154=IFCINDEXEDPOLYGONALFACE((1,3,16,2));
#155=IFCINDEXEDPOLYGONALFACE((5,4,6,7));
#156=IFCINDEXEDPOLYGONALFACE((6,2,16,15,11,10,8,7));
#157=IFCINDEXEDPOLYGONALFACE((9,5,7,8));
#158=IFCINDEXEDPOLYGONALFACE((12,9,8,10));
#159=IFCINDEXEDPOLYGONALFACE((13,12,10,11));
#160=IFCINDEXEDPOLYGONALFACE((14,13,11,15));
#161=IFCINDEXEDPOLYGONALFACE((3,14,15,16));
#162=IFCPOLYGONALFACESET(#152,$,(#153,#154,#155,#156,#157,#158,#159,#160,#161),$);
#163=IFCCARTESIANPOINTLIST3D(((-97.7276000976562,-94.5211181640625,183.528991699219),(-97.5593872070312,-97.462532043457,183.116271972656),(-98.4191207885742,-94.5211181640625,182.845458984375),(-96.7554321289062,-94.5211181640625,183.523254394531),(-96.0720825195312,-94.5211181640625,182.831787109375),(-96.9282836914062,-97.462532043457,183.112548828125),(-96.4846801757812,-97.462532043457,182.663696289062),(-96.4883422851562,-97.462532043457,182.032592773438),(-96.0776977539062,-94.5211181640625,181.859558105469),(-96.9371948242188,-97.462532043457,181.5888671875),(-97.5685424804688,-97.462532043457,181.592590332031),(-96.7692260742188,-94.5211181640625,181.176208496094),(-97.7412719726562,-94.5211181640625,181.182006835938),(-98.4248580932617,-94.5211181640625,181.873352050781),(-98.0120239257812,-97.462532043457,182.04150390625),(-98.,-97.462532043457,182.672607421875)));
#164=IFCINDEXEDPOLYGONALFACE((4,1,2,6));
#165=IFCINDEXEDPOLYGONALFACE((1,3,16,2));
#166=IFCINDEXEDPOLYGONALFACE((5,4,6,7));
#167=IFCINDEXEDPOLYGONALFACE((6,2,16,15,11,10,8,7));
#168=IFCINDEXEDPOLYGONALFACE((9,5,7,8));
#169=IFCINDEXEDPOLYGONALFACE((12,9,8,10));
#170=IFCINDEXEDPOLYGONALFACE((13,12,10,11));
#171=IFCINDEXEDPOLYGONALFACE((14,13,11,15));
#172=IFCINDEXEDPOLYGONALFACE((3,14,15,16));
#173=IFCPOLYGONALFACESET(#163,$,(#164,#165,#166,#167,#168,#169,#170,#171,#172),$);
#174=IFCCARTESIANPOINTLIST3D(((-101.045959472656,-94.5211181640625,183.528991699219),(-100.877983093262,-97.462532043457,183.116271972656),(-101.737365722656,-94.5211181640625,182.845458984375),(-100.073791503906,-94.5211181640625,183.523254394531),(-99.3904418945312,-94.5211181640625,182.831787109375),(-100.246643066406,-97.462532043457,183.112548828125),(-99.8030395507812,-97.462532043457,182.663696289062),(-99.8068237304688,-97.462532043457,182.032592773438),(-99.3960571289062,-94.5211181640625,181.859558105469),(-100.255676269531,-97.462532043457,181.5888671875),(-100.886779785156,-97.462532043457,181.592590332031),(-100.087463378906,-94.5211181640625,181.176208496094),(-101.059631347656,-94.5211181640625,181.182006835938),(-101.743103027344,-94.5211181640625,181.873352050781),(-101.330375671387,-97.462532043457,182.04150390625),(-101.326721191406,-97.462532043457,182.672607421875)));
#175=IFCINDEXEDPOLYGONALFACE((4,1,2,6));
#176=IFCINDEXEDPOLYGONALFACE((1,3,16,2));
#177=IFCINDEXEDPOLYGONALFACE((5,4,6,7));
#178=IFCINDEXEDPOLYGONALFACE((6,2,16,15,11,10,8,7));
#179=IFCINDEXEDPOLYGONALFACE((9,5,7,8));
#180=IFCINDEXEDPOLYGONALFACE((12,9,8,10));
#181=IFCINDEXEDPOLYGONALFACE((13,12,10,11));
#182=IFCINDEXEDPOLYGONALFACE((14,13,11,15));
#183=IFCINDEXEDPOLYGONALFACE((3,14,15,16));
#184=IFCPOLYGONALFACESET(#174,$,(#175,#176,#177,#178,#179,#180,#181,#182,#183),$);
#185=IFCCARTESIANPOINTLIST3D(((-104.370178222656,-93.8899307250977,183.528991699219),(-104.202087402344,-96.831428527832,183.116271972656),(-105.061584472656,-93.8899307250977,182.845458984375),(-103.398132324219,-93.8899307250977,183.523254394531),(-102.714660644531,-93.8899307250977,182.831787109375),(-103.570854187012,-96.831428527832,183.112548828125),(-103.127258300781,-96.831428527832,182.663696289062),(-103.131042480469,-96.831428527832,182.032592773438),(-102.720275878906,-93.8899307250977,181.859558105469),(-103.579895019531,-96.831428527832,181.5888671875),(-104.210998535156,-96.831428527832,181.592590332031),(-103.411682128906,-93.8899307250977,181.176208496094),(-104.383850097656,-93.8899307250977,181.182006835938),(-105.067321777344,-93.8899307250977,181.873352050781),(-104.654724121094,-96.831428527832,182.04150390625),(-104.650939941406,-96.831428527832,182.672607421875)));
#186=IFCINDEXEDPOLYGONALFACE((4,1,2,6));
#187=IFCINDEXEDPOLYGONALFACE((1,3,16,2));
#188=IFCINDEXEDPOLYGONALFACE((5,4,6,7));
#189=IFCINDEXEDPOLYGONALFACE((6,2,16,15,11,10,8,7));
#190=IFCINDEXEDPOLYGONALFACE((9,5,7,8));
#191=IFCINDEXEDPOLYGONALFACE((12,9,8,10));
#192=IFCINDEXEDPOLYGONALFACE((13,12,10,11));
#193=IFCINDEXEDPOLYGONALFACE((14,13,11,15));
#194=IFCINDEXEDPOLYGONALFACE((3,14,15,16));
#195=IFCPOLYGONALFACESET(#185,$,(#186,#187,#188,#189,#190,#191,#192,#193,#194),$);
#196=IFCCARTESIANPOINTLIST3D(((-94.5759887695312,-93.8899307250977,178.369201660156),(-94.4078979492188,-96.831428527832,177.956604003906),(-95.2675170898438,-93.8899307250977,177.685791015625),(-93.6039428710938,-93.8899307250977,178.363586425781),(-92.9204711914062,-93.8899307250977,177.672058105469),(-93.7767944335938,-96.831428527832,177.952880859375),(-93.3330688476562,-96.831428527832,177.503967285156),(-93.3367309570312,-96.831428527832,176.872863769531),(-92.9260864257812,-93.8899307250977,176.699951171875),(-93.7858276367188,-96.831428527832,176.42919921875),(-94.4169311523438,-96.831428527832,176.432846069336),(-93.6176147460938,-93.8899307250977,176.0166015625),(-94.5897827148438,-93.8899307250977,176.02214050293),(-95.2732467651367,-93.8899307250977,176.713684082031),(-94.8605346679688,-96.831428527832,176.881774902344),(-94.8567504882812,-96.831428527832,177.512985229492)));
#197=IFCINDEXEDPOLYGONALFACE((4,1,2,6));
#198=IFCINDEXEDPOLYGONALFACE((1,3,16,2));
#199=IFCINDEXEDPOLYGONALFACE((5,4,6,7));
#200=IFCINDEXEDPOLYGONALFACE((6,2,16,15,11,10,8,7));
#201=IFCINDEXEDPOLYGONALFACE((9,5,7,8));
#202=IFCINDEXEDPOLYGONALFACE((12,9,8,10));
#203=IFCINDEXEDPOLYGONALFACE((13,12,10,11));
#204=IFCINDEXEDPOLYGONALFACE((14,13,11,15));
#205=IFCINDEXEDPOLYGONALFACE((3,14,15,16));
#206=IFCPOLYGONALFACESET(#196,$,(#197,#198,#199,#200,#201,#202,#203,#204,#205),$);
#207=IFCCARTESIANPOINTLIST3D(((-97.7276000976562,-94.5211181640625,178.369201660156),(-97.5593872070312,-97.462532043457,177.956604003906),(-98.4191207885742,-94.5211181640625,177.685852050781),(-96.7554321289062,-94.5211181640625,178.363586425781),(-96.0720825195312,-94.5210189819336,177.672058105469),(-96.9282836914062,-97.462532043457,177.952987670898),(-96.4846801757812,-97.462532043457,177.503967285156),(-96.4883422851562,-97.462532043457,176.872863769531),(-96.0776977539062,-94.5211181640625,176.699951171875),(-96.9373168945312,-97.462532043457,176.42919921875),(-97.5685424804688,-97.462532043457,176.432846069336),(-96.7692260742188,-94.5211181640625,176.0166015625),(-97.7412719726562,-94.5211181640625,176.02214050293),(-98.4248580932617,-94.5211181640625,176.713684082031),(-98.0120239257812,-97.462532043457,176.881774902344),(-98.,-97.462532043457,177.512985229492)));
#208=IFCINDEXEDPOLYGONALFACE((4,1,2,6));
#209=IFCINDEXEDPOLYGONALFACE((1,3,16,2));
#210=IFCINDEXEDPOLYGONALFACE((5,4,6,7));
#211=IFCINDEXEDPOLYGONALFACE((6,2,16,15,11,10,8,7));
#212=IFCINDEXEDPOLYGONALFACE((9,5,7,8));
#213=IFCINDEXEDPOLYGONALFACE((12,9,8,10));
#214=IFCINDEXEDPOLYGONALFACE((13,12,10,11));
#215=IFCINDEXEDPOLYGONALFACE((14,13,11,15));
#216=IFCINDEXEDPOLYGONALFACE((3,14,15,16));
#217=IFCPOLYGONALFACESET(#207,$,(#208,#209,#210,#211,#212,#213,#214,#215,#216),$);
#218=IFCCARTESIANPOINTLIST3D(((-101.045959472656,-94.5211181640625,178.369201660156),(-100.877983093262,-97.462532043457,177.956604003906),(-101.737365722656,-94.5211181640625,177.685791015625),(-100.073791503906,-94.5211181640625,178.363586425781),(-99.3904418945312,-94.5211181640625,177.672058105469),(-100.246887207031,-97.462532043457,177.952880859375),(-99.8030395507812,-97.462532043457,177.503967285156),(-99.8068237304688,-97.462532043457,176.872863769531),(-99.3960571289062,-94.5211181640625,176.699951171875),(-100.255676269531,-97.462532043457,176.42919921875),(-100.886779785156,-97.462532043457,176.432846069336),(-100.087463378906,-94.5211181640625,176.0166015625),(-101.059631347656,-94.5211181640625,176.02214050293),(-101.743225097656,-94.5211181640625,176.713684082031),(-101.330375671387,-97.462532043457,176.881774902344),(-101.326721191406,-97.462532043457,177.512985229492)));
#219=IFCINDEXEDPOLYGONALFACE((4,1,2,6));
#220=IFCINDEXEDPOLYGONALFACE((1,3,16,2));
#221=IFCINDEXEDPOLYGONALFACE((5,4,6,7));
#222=IFCINDEXEDPOLYGONALFACE((6,2,16,15,11,10,8,7));
#223=IFCINDEXEDPOLYGONALFACE((9,5,7,8));
#224=IFCINDEXEDPOLYGONALFACE((12,9,8,10));
#225=IFCINDEXEDPOLYGONALFACE((13,12,10,11));
#226=IFCINDEXEDPOLYGONALFACE((14,13,11,15));
#227=IFCINDEXEDPOLYGONALFACE((3,14,15,16));
#228=IFCPOLYGONALFACESET(#218,$,(#219,#220,#221,#222,#223,#224,#225,#226,#227),$);
#229=IFCCARTESIANPOINTLIST3D(((-104.370178222656,-93.8899307250977,178.369201660156),(-104.201965332031,-96.831428527832,177.956604003906),(-105.061584472656,-93.8899307250977,177.685852050781),(-103.398010253906,-93.8899307250977,178.363586425781),(-102.714660644531,-93.8899307250977,177.672058105469),(-103.570854187012,-96.831428527832,177.952987670898),(-103.127258300781,-96.831428527832,177.503967285156),(-103.130912780762,-96.831428527832,176.872863769531),(-102.720275878906,-93.8899307250977,176.699951171875),(-103.579895019531,-96.831428527832,176.42919921875),(-104.210998535156,-96.831428527832,176.432846069336),(-103.411682128906,-93.8899307250977,176.0166015625),(-104.383850097656,-93.8899307250977,176.02214050293),(-105.067321777344,-93.8899307250977,176.713684082031),(-104.654724121094,-96.831428527832,176.881774902344),(-104.650939941406,-96.831428527832,177.512985229492)));
#230=IFCINDEXEDPOLYGONALFACE((4,1,2,6));
#231=IFCINDEXEDPOLYGONALFACE((1,3,16,2));
#232=IFCINDEXEDPOLYGONALFACE((5,4,6,7));
#233=IFCINDEXEDPOLYGONALFACE((6,2,16,15,11,10,8,7));
#234=IFCINDEXEDPOLYGONALFACE((9,5,7,8));
#235=IFCINDEXEDPOLYGONALFACE((12,9,8,10));
#236=IFCINDEXEDPOLYGONALFACE((13,12,10,11));
#237=IFCINDEXEDPOLYGONALFACE((14,13,11,15));
#238=IFCINDEXEDPOLYGONALFACE((3,14,15,16));
#239=IFCPOLYGONALFACESET(#229,$,(#230,#231,#232,#233,#234,#235,#236,#237,#238),$);
#240=IFCCARTESIANPOINTLIST3D(((-94.5759887695312,-93.8899307250977,172.885177612305),(-94.4078979492188,-96.831428527832,172.472473144531),(-95.2675170898438,-93.8899307250977,172.20166015625),(-93.6039428710938,-93.8899307250977,172.879440307617),(-92.9204711914062,-93.8899307250977,172.18798828125),(-93.7767944335938,-96.831428527832,172.468734741211),(-93.3330688476562,-96.831428527832,172.019882202148),(-93.3367309570312,-96.831428527832,171.388793945312),(-92.9260864257812,-93.8899307250977,171.215759277344),(-93.7857055664062,-96.831428527832,170.945068359375),(-94.4169311523438,-96.831428527832,170.948791503906),(-93.6174926757812,-93.8899307250977,170.532348632812),(-94.5897827148438,-93.8899307250977,170.538208007812),(-95.2732467651367,-93.8899307250977,171.229553222656),(-94.8605346679688,-96.831428527832,171.397705078125),(-94.8567504882812,-96.831428527832,172.028793334961)));
#241=IFCINDEXEDPOLYGONALFACE((4,1,2,6));
#242=IFCINDEXEDPOLYGONALFACE((1,3,16,2));
#243=IFCINDEXEDPOLYGONALFACE((5,4,6,7));
#244=IFCINDEXEDPOLYGONALFACE((6,2,16,15,11,10,8,7));
#245=IFCINDEXEDPOLYGONALFACE((9,5,7,8));
#246=IFCINDEXEDPOLYGONALFACE((12,9,8,10));
#247=IFCINDEXEDPOLYGONALFACE((13,12,10,11));
#248=IFCINDEXEDPOLYGONALFACE((14,13,11,15));
#249=IFCINDEXEDPOLYGONALFACE((3,14,15,16));
#250=IFCPOLYGONALFACESET(#240,$,(#241,#242,#243,#244,#245,#246,#247,#248,#249),$);
#251=IFCCARTESIANPOINTLIST3D(((-97.7276000976562,-94.5211181640625,172.885177612305),(-97.5595092773438,-97.462532043457,172.472473144531),(-98.4191207885742,-94.5211181640625,172.20166015625),(-96.7554321289062,-94.5211181640625,172.879440307617),(-96.0720825195312,-94.5211181640625,172.18798828125),(-96.9282836914062,-97.462532043457,172.468734741211),(-96.4846801757812,-97.462532043457,172.019882202148),(-96.4883422851562,-97.462532043457,171.388793945312),(-96.0776977539062,-94.5211181640625,171.215759277344),(-96.9373168945312,-97.462532043457,170.945068359375),(-97.5685424804688,-97.462532043457,170.948791503906),(-96.7692260742188,-94.5211181640625,170.532348632812),(-97.7412719726562,-94.5211181640625,170.538208007812),(-98.4248580932617,-94.5211181640625,171.229553222656),(-98.0120239257812,-97.462532043457,171.397705078125),(-98.,-97.462532043457,172.028793334961)));
#252=IFCINDEXEDPOLYGONALFACE((4,1,2,6));
#253=IFCINDEXEDPOLYGONALFACE((1,3,16,2));
#254=IFCINDEXEDPOLYGONALFACE((5,4,6,7));
#255=IFCINDEXEDPOLYGONALFACE((6,2,16,15,11,10,8,7));
#256=IFCINDEXEDPOLYGONALFACE((9,5,7,8));
#257=IFCINDEXEDPOLYGONALFACE((12,9,8,10));
#258=IFCINDEXEDPOLYGONALFACE((13,12,10,11));
#259=IFCINDEXEDPOLYGONALFACE((14,13,11,15));
#260=IFCINDEXEDPOLYGONALFACE((3,14,15,16));
#261=IFCPOLYGONALFACESET(#251,$,(#252,#253,#254,#255,#256,#257,#258,#259,#260),$);
#262=IFCCARTESIANPOINTLIST3D(((-101.045959472656,-94.5211181640625,172.885177612305),(-100.877983093262,-97.462532043457,172.472473144531),(-101.737365722656,-94.5211181640625,172.20166015625),(-100.073791503906,-94.5211181640625,172.879440307617),(-99.3904418945312,-94.5211181640625,172.18798828125),(-100.246643066406,-97.462532043457,172.468734741211),(-99.8030395507812,-97.462532043457,172.019882202148),(-99.8068237304688,-97.462532043457,171.388793945312),(-99.3960571289062,-94.5211181640625,171.215759277344),(-100.255676269531,-97.462532043457,170.945068359375),(-100.886779785156,-97.462532043457,170.948791503906),(-100.087463378906,-94.5211181640625,170.532348632812),(-101.059631347656,-94.5211181640625,170.538208007812),(-101.743225097656,-94.5211181640625,171.229553222656),(-101.330505371094,-97.462532043457,171.397705078125),(-101.326721191406,-97.462532043457,172.028793334961)));
#263=IFCINDEXEDPOLYGONALFACE((4,1,2,6));
#264=IFCINDEXEDPOLYGONALFACE((1,3,16,2));
#265=IFCINDEXEDPOLYGONALFACE((5,4,6,7));
#266=IFCINDEXEDPOLYGONALFACE((6,2,16,15,11,10,8,7));
#267=IFCINDEXEDPOLYGONALFACE((9,5,7,8));
#268=IFCINDEXEDPOLYGONALFACE((12,9,8,10));
#269=IFCINDEXEDPOLYGONALFACE((13,12,10,11));
#270=IFCINDEXEDPOLYGONALFACE((14,13,11,15));
#271=IFCINDEXEDPOLYGONALFACE((3,14,15,16));
#272=IFCPOLYGONALFACESET(#262,$,(#263,#264,#265,#266,#267,#268,#269,#270,#271),$);
#273=IFCCARTESIANPOINTLIST3D(((-104.370178222656,-93.8899307250977,172.885177612305),(-104.202087402344,-96.831428527832,172.472473144531),(-105.061584472656,-93.8899307250977,172.20166015625),(-103.398132324219,-93.8899307250977,172.879440307617),(-102.714660644531,-93.8899307250977,172.18798828125),(-103.570854187012,-96.831428527832,172.468734741211),(-103.127258300781,-96.831428527832,172.019882202148),(-103.130912780762,-96.831428527832,171.388793945312),(-102.720275878906,-93.8899307250977,171.215759277344),(-103.579895019531,-96.831428527832,170.945068359375),(-104.210998535156,-96.831428527832,170.948791503906),(-103.411682128906,-93.8899307250977,170.532348632812),(-104.383850097656,-93.8899307250977,170.538208007812),(-105.067321777344,-93.8899307250977,171.229553222656),(-104.654724121094,-96.831428527832,171.397705078125),(-104.650939941406,-96.831428527832,172.028793334961)));
#274=IFCINDEXEDPOLYGONALFACE((4,1,2,6));
#275=IFCINDEXEDPOLYGONALFACE((1,3,16,2));
#276=IFCINDEXEDPOLYGONALFACE((5,4,6,7));
#277=IFCINDEXEDPOLYGONALFACE((6,2,16,15,11,10,8,7));
#278=IFCINDEXEDPOLYGONALFACE((9,5,7,8));
#279=IFCINDEXEDPOLYGONALFACE((12,9,8,10));
#280=IFCINDEXEDPOLYGONALFACE((13,12,10,11));
#281=IFCINDEXEDPOLYGONALFACE((14,13,11,15));
#282=IFCINDEXEDPOLYGONALFACE((3,14,15,16));
#283=IFCPOLYGONALFACESET(#273,$,(#274,#275,#276,#277,#278,#279,#280,#281,#282),$);
#284=IFCCARTESIANPOINTLIST3D(((-94.5759887695312,-93.8899307250977,167.725402832031),(-94.4078979492188,-96.831428527832,167.312805175781),(-95.2675170898438,-93.8899307250977,167.0419921875),(-93.6039428710938,-93.8899307250977,167.719665527344),(-92.9204711914062,-93.8899307250977,167.028259277344),(-93.7767944335938,-96.831428527832,167.309204101562),(-93.3330688476562,-96.831428527832,166.860168457031),(-93.3367309570312,-96.831428527832,166.229064941406),(-92.9260864257812,-93.8899307250977,166.056091308594),(-93.7857055664062,-96.831428527832,165.785385131836),(-94.4169311523438,-96.831428527832,165.7890625),(-93.6176147460938,-93.8899307250977,165.372787475586),(-94.5897827148438,-93.8899307250977,165.378356933594),(-95.2732467651367,-93.8899307250977,166.069885253906),(-94.8605346679688,-96.831428527832,166.237976074219),(-94.8567504882812,-96.831428527832,166.869079589844)));
#285=IFCINDEXEDPOLYGONALFACE((4,1,2,6));
#286=IFCINDEXEDPOLYGONALFACE((1,3,16,2));
#287=IFCINDEXEDPOLYGONALFACE((5,4,6,7));
#288=IFCINDEXEDPOLYGONALFACE((6,2,16,15,11,10,8,7));
#289=IFCINDEXEDPOLYGONALFACE((9,5,7,8));
#290=IFCINDEXEDPOLYGONALFACE((12,9,8,10));
#291=IFCINDEXEDPOLYGONALFACE((13,12,10,11));
#292=IFCINDEXEDPOLYGONALFACE((14,13,11,15));
#293=IFCINDEXEDPOLYGONALFACE((3,14,15,16));
#294=IFCPOLYGONALFACESET(#284,$,(#285,#286,#287,#288,#289,#290,#291,#292,#293),$);
#295=IFCCARTESIANPOINTLIST3D(((-97.7276000976562,-94.5211181640625,167.725402832031),(-97.5593872070312,-97.462532043457,167.312805175781),(-98.4191207885742,-94.5211181640625,167.042053222656),(-96.7554321289062,-94.5211181640625,167.719665527344),(-96.0720825195312,-94.5211181640625,167.028259277344),(-96.9282836914062,-97.462532043457,167.309204101562),(-96.4846801757812,-97.462532043457,166.860168457031),(-96.4883422851562,-97.462532043457,166.229064941406),(-96.0776977539062,-94.5211181640625,166.056091308594),(-96.9373168945312,-97.462532043457,165.785385131836),(-97.5685424804688,-97.462532043457,165.7890625),(-96.7692260742188,-94.5210189819336,165.372787475586),(-97.7412719726562,-94.5210189819336,165.378356933594),(-98.4248580932617,-94.5211181640625,166.069885253906),(-98.0120239257812,-97.462532043457,166.237976074219),(-98.,-97.462532043457,166.869079589844)));
#296=IFCINDEXEDPOLYGONALFACE((4,1,2,6));
#297=IFCINDEXEDPOLYGONALFACE((1,3,16,2));
#298=IFCINDEXEDPOLYGONALFACE((5,4,6,7));
#299=IFCINDEXEDPOLYGONALFACE((6,2,16,15,11,10,8,7));
#300=IFCINDEXEDPOLYGONALFACE((9,5,7,8));
#301=IFCINDEXEDPOLYGONALFACE((12,9,8,10));
#302=IFCINDEXEDPOLYGONALFACE((13,12,10,11));
#303=IFCINDEXEDPOLYGONALFACE((14,13,11,15));
#304=IFCINDEXEDPOLYGONALFACE((3,14,15,16));
#305=IFCPOLYGONALFACESET(#295,$,(#296,#297,#298,#299,#300,#301,#302,#303,#304),$);
#306=IFCCARTESIANPOINTLIST3D(((-101.045959472656,-94.5211181640625,167.725402832031),(-100.877983093262,-97.462532043457,167.312805175781),(-101.737487792969,-94.5211181640625,167.0419921875),(-100.073791503906,-94.5211181640625,167.719665527344),(-99.3904418945312,-94.5211181640625,167.028259277344),(-100.246643066406,-97.462532043457,167.30908203125),(-99.8030395507812,-97.462532043457,166.860168457031),(-99.8068237304688,-97.462532043457,166.229064941406),(-99.3960571289062,-94.5211181640625,166.056091308594),(-100.255676269531,-97.462532043457,165.785385131836),(-100.886779785156,-97.462532043457,165.7890625),(-100.087463378906,-94.5211181640625,165.372787475586),(-101.059631347656,-94.5211181640625,165.378356933594),(-101.743225097656,-94.5211181640625,166.069885253906),(-101.330375671387,-97.462532043457,166.237976074219),(-101.326721191406,-97.462532043457,166.869079589844)));
#307=IFCINDEXEDPOLYGONALFACE((4,1,2,6));
#308=IFCINDEXEDPOLYGONALFACE((1,3,16,2));
#309=IFCINDEXEDPOLYGONALFACE((5,4,6,7));
#310=IFCINDEXEDPOLYGONALFACE((6,2,16,15,11,10,8,7));
#311=IFCINDEXEDPOLYGONALFACE((9,5,7,8));
#312=IFCINDEXEDPOLYGONALFACE((12,9,8,10));
#313=IFCINDEXEDPOLYGONALFACE((13,12,10,11));
#314=IFCINDEXEDPOLYGONALFACE((14,13,11,15));
#315=IFCINDEXEDPOLYGONALFACE((3,14,15,16));
#316=IFCPOLYGONALFACESET(#306,$,(#307,#308,#309,#310,#311,#312,#313,#314,#315),$);
#317=IFCCARTESIANPOINTLIST3D(((-104.370178222656,-93.8899307250977,167.725402832031),(-104.202087402344,-96.831428527832,167.312805175781),(-105.061584472656,-93.8899307250977,167.042053222656),(-103.398010253906,-93.8899307250977,167.719665527344),(-102.714660644531,-93.8899307250977,167.028259277344),(-103.570854187012,-96.831428527832,167.309204101562),(-103.127258300781,-96.831428527832,166.860168457031),(-103.130912780762,-96.831428527832,166.229064941406),(-102.720275878906,-93.8899307250977,166.056091308594),(-103.579895019531,-96.831428527832,165.785385131836),(-104.210998535156,-96.831428527832,165.7890625),(-103.411682128906,-93.8899307250977,165.372787475586),(-104.383850097656,-93.8899307250977,165.378356933594),(-105.067321777344,-93.8899307250977,166.069885253906),(-104.654724121094,-96.831428527832,166.237976074219),(-104.650939941406,-96.831428527832,166.869079589844)));
#318=IFCINDEXEDPOLYGONALFACE((4,1,2,6));
#319=IFCINDEXEDPOLYGONALFACE((1,3,16,2));
#320=IFCINDEXEDPOLYGONALFACE((5,4,6,7));
#321=IFCINDEXEDPOLYGONALFACE((6,2,16,15,11,10,8,7));
#322=IFCINDEXEDPOLYGONALFACE((9,5,7,8));
#323=IFCINDEXEDPOLYGONALFACE((12,9,8,10));
#324=IFCINDEXEDPOLYGONALFACE((13,12,10,11));
#325=IFCINDEXEDPOLYGONALFACE((14,13,11,15));
#326=IFCINDEXEDPOLYGONALFACE((3,14,15,16));
#327=IFCPOLYGONALFACESET(#317,$,(#318,#319,#320,#321,#322,#323,#324,#325,#326),$);
#328=IFCCARTESIANPOINTLIST3D(((-94.5759887695312,-93.8899307250977,162.211044311523),(-94.4078979492188,-96.831428527832,161.798446655273),(-95.2675170898438,-93.8899307250977,161.527648925781),(-93.6039428710938,-93.8899307250977,162.205505371094),(-92.9204711914062,-93.8899307250977,161.514099121094),(-93.7767944335938,-96.831428527832,161.794799804688),(-93.3330688476562,-96.831428527832,161.345886230469),(-93.3367309570312,-96.831428527832,160.714782714844),(-92.9260864257812,-93.8899307250977,160.541809082031),(-93.7857055664062,-96.831428527832,160.271057128906),(-94.4169311523438,-96.831428527832,160.274780273438),(-93.6176147460938,-93.8899307250977,159.858459472656),(-94.5897827148438,-93.8899307250977,159.864196777344),(-95.2732467651367,-93.8899307250977,160.555603027344),(-94.8605346679688,-96.831428527832,160.723693847656),(-94.8567504882812,-96.831428527832,161.354797363281)));
#329=IFCINDEXEDPOLYGONALFACE((4,1,2,6));
#330=IFCINDEXEDPOLYGONALFACE((1,3,16,2));
#331=IFCINDEXEDPOLYGONALFACE((5,4,6,7));
#332=IFCINDEXEDPOLYGONALFACE((6,2,16,15,11,10,8,7));
#333=IFCINDEXEDPOLYGONALFACE((9,5,7,8));
#334=IFCINDEXEDPOLYGONALFACE((12,9,8,10));
#335=IFCINDEXEDPOLYGONALFACE((13,12,10,11));
#336=IFCINDEXEDPOLYGONALFACE((14,13,11,15));
#337=IFCINDEXEDPOLYGONALFACE((3,14,15,16));
#338=IFCPOLYGONALFACESET(#328,$,(#329,#330,#331,#332,#333,#334,#335,#336,#337),$);
#339=IFCCARTESIANPOINTLIST3D(((-97.7276000976562,-94.5211181640625,162.211044311523),(-97.5593872070312,-97.462532043457,161.798446655273),(-98.4191207885742,-94.5211181640625,161.527648925781),(-96.7554321289062,-94.5210189819336,162.205505371094),(-96.0720825195312,-94.5210189819336,161.514099121094),(-96.9282836914062,-97.462532043457,161.794799804688),(-96.4846801757812,-97.462532043457,161.345886230469),(-96.4883422851562,-97.462532043457,160.714782714844),(-96.0776977539062,-94.5210189819336,160.541870117188),(-96.9373168945312,-97.462532043457,160.271057128906),(-97.5685424804688,-97.462532043457,160.274780273438),(-96.7692260742188,-94.5211181640625,159.858459472656),(-97.7412719726562,-94.5211181640625,159.864196777344),(-98.4246215820312,-94.5210189819336,160.555603027344),(-98.0120239257812,-97.462532043457,160.723693847656),(-98.,-97.462532043457,161.354858398438)));
#340=IFCINDEXEDPOLYGONALFACE((4,1,2,6));
#341=IFCINDEXEDPOLYGONALFACE((1,3,16,2));
#342=IFCINDEXEDPOLYGONALFACE((5,4,6,7));
#343=IFCINDEXEDPOLYGONALFACE((6,2,16,15,11,10,8,7));
#344=IFCINDEXEDPOLYGONALFACE((9,5,7,8));
#345=IFCINDEXEDPOLYGONALFACE((12,9,8,10));
#346=IFCINDEXEDPOLYGONALFACE((13,12,10,11));
#347=IFCINDEXEDPOLYGONALFACE((14,13,11,15));
#348=IFCINDEXEDPOLYGONALFACE((3,14,15,16));
#349=IFCPOLYGONALFACESET(#339,$,(#340,#341,#342,#343,#344,#345,#346,#347,#348),$);
#350=IFCCARTESIANPOINTLIST3D(((-101.045959472656,-94.5211181640625,162.211044311523),(-100.877983093262,-97.462532043457,161.798446655273),(-101.737365722656,-94.5211181640625,161.527648925781),(-100.073791503906,-94.5211181640625,162.205505371094),(-99.3904418945312,-94.5211181640625,161.513977050781),(-100.246887207031,-97.462532043457,161.794799804688),(-99.8030395507812,-97.462532043457,161.345886230469),(-99.8068237304688,-97.462532043457,160.714782714844),(-99.3960571289062,-94.5211181640625,160.541870117188),(-100.255676269531,-97.462532043457,160.271057128906),(-100.886779785156,-97.462532043457,160.274780273438),(-100.087463378906,-94.5211181640625,159.858459472656),(-101.059631347656,-94.5211181640625,159.864196777344),(-101.743103027344,-94.5211181640625,160.555603027344),(-101.330375671387,-97.462532043457,160.723693847656),(-101.326721191406,-97.462532043457,161.354797363281)));
#351=IFCINDEXEDPOLYGONALFACE((4,1,2,6));
#352=IFCINDEXEDPOLYGONALFACE((1,3,16,2));
#353=IFCINDEXEDPOLYGONALFACE((5,4,6,7));
#354=IFCINDEXEDPOLYGONALFACE((6,2,16,15,11,10,8,7));
#355=IFCINDEXEDPOLYGONALFACE((9,5,7,8));
#356=IFCINDEXEDPOLYGONALFACE((12,9,8,10));
#357=IFCINDEXEDPOLYGONALFACE((13,12,10,11));
#358=IFCINDEXEDPOLYGONALFACE((14,13,11,15));
#359=IFCINDEXEDPOLYGONALFACE((3,14,15,16));
#360=IFCPOLYGONALFACESET(#350,$,(#351,#352,#353,#354,#355,#356,#357,#358,#359),$);
#361=IFCCARTESIANPOINTLIST3D(((-104.370178222656,-93.8899307250977,162.211044311523),(-104.202087402344,-96.831428527832,161.798446655273),(-105.061584472656,-93.8899307250977,161.527648925781),(-103.398010253906,-93.8899307250977,162.205505371094),(-102.714660644531,-93.8899307250977,161.514099121094),(-103.570854187012,-96.831428527832,161.794799804688),(-103.127258300781,-96.831428527832,161.345886230469),(-103.131042480469,-96.831428527832,160.714782714844),(-102.720275878906,-93.8899307250977,160.541870117188),(-103.579895019531,-96.831428527832,160.271057128906),(-104.210998535156,-96.831428527832,160.274780273438),(-103.411682128906,-93.8899307250977,159.858459472656),(-104.383850097656,-93.8899307250977,159.864196777344),(-105.067321777344,-93.8899307250977,160.555603027344),(-104.654724121094,-96.831428527832,160.723693847656),(-104.650939941406,-96.831428527832,161.354797363281)));
#362=IFCINDEXEDPOLYGONALFACE((4,1,2,6));
#363=IFCINDEXEDPOLYGONALFACE((1,3,16,2));
#364=IFCINDEXEDPOLYGONALFACE((5,4,6,7));
#365=IFCINDEXEDPOLYGONALFACE((6,2,16,15,11,10,8,7));
#366=IFCINDEXEDPOLYGONALFACE((9,5,7,8));
#367=IFCINDEXEDPOLYGONALFACE((12,9,8,10));
#368=IFCINDEXEDPOLYGONALFACE((13,12,10,11));
#369=IFCINDEXEDPOLYGONALFACE((14,13,11,15));
#370=IFCINDEXEDPOLYGONALFACE((3,14,15,16));
#371=IFCPOLYGONALFACESET(#361,$,(#362,#363,#364,#365,#366,#367,#368,#369,#370),$);
#372=IFCCARTESIANPOINTLIST3D(((-94.5759887695312,-93.8899307250977,157.051452636719),(-94.4078979492188,-96.831428527832,156.638793945312),(-95.2675170898438,-93.8899307250977,156.367980957031),(-93.6039428710938,-93.8899307250977,157.045776367188),(-92.9204711914062,-93.8899307250977,156.354309082031),(-93.7767944335938,-96.831428527832,156.635070800781),(-93.3330688476562,-96.831428527832,156.186157226562),(-93.3367309570312,-96.831428527832,155.555038452148),(-92.9260864257812,-93.8899307250977,155.382202148438),(-93.7857055664062,-96.831428527832,155.111389160156),(-94.4169311523438,-96.831428527832,155.115036010742),(-93.6176147460938,-93.8899307250977,154.698791503906),(-94.5897827148438,-93.8899307250977,154.704391479492),(-95.2732467651367,-93.8899307250977,155.395751953125),(-94.8605346679688,-96.831428527832,155.563949584961),(-94.8567504882812,-96.831428527832,156.195190429688)));
#373=IFCINDEXEDPOLYGONALFACE((4,1,2,6));
#374=IFCINDEXEDPOLYGONALFACE((1,3,16,2));
#375=IFCINDEXEDPOLYGONALFACE((5,4,6,7));
#376=IFCINDEXEDPOLYGONALFACE((6,2,16,15,11,10,8,7));
#377=IFCINDEXEDPOLYGONALFACE((9,5,7,8));
#378=IFCINDEXEDPOLYGONALFACE((12,9,8,10));
#379=IFCINDEXEDPOLYGONALFACE((13,12,10,11));
#380=IFCINDEXEDPOLYGONALFACE((14,13,11,15));
#381=IFCINDEXEDPOLYGONALFACE((3,14,15,16));
#382=IFCPOLYGONALFACESET(#372,$,(#373,#374,#375,#376,#377,#378,#379,#380,#381),$);
#383=IFCCARTESIANPOINTLIST3D(((-97.7276000976562,-94.5210189819336,157.051452636719),(-97.5595092773438,-97.462532043457,156.638793945312),(-98.4191207885742,-94.5211181640625,156.368103027344),(-96.7554321289062,-94.5211181640625,157.045776367188),(-96.0720825195312,-94.5211181640625,156.354309082031),(-96.9282836914062,-97.462532043457,156.635192871094),(-96.4846801757812,-97.462532043457,156.186157226562),(-96.4883422851562,-97.462532043457,155.555038452148),(-96.0776977539062,-94.5211181640625,155.382202148438),(-96.9373168945312,-97.462532043457,155.111389160156),(-97.5685424804688,-97.462532043457,155.115036010742),(-96.7692260742188,-94.5210189819336,154.698791503906),(-97.7412719726562,-94.5210189819336,154.704391479492),(-98.4248580932617,-94.5211181640625,155.395874023438),(-98.0120239257812,-97.462532043457,155.563949584961),(-98.,-97.462532043457,156.195190429688)));
#384=IFCINDEXEDPOLYGONALFACE((4,1,2,6));
#385=IFCINDEXEDPOLYGONALFACE((1,3,16,2));
#386=IFCINDEXEDPOLYGONALFACE((5,4,6,7));
#387=IFCINDEXEDPOLYGONALFACE((6,2,16,15,11,10,8,7));
#388=IFCINDEXEDPOLYGONALFACE((9,5,7,8));
#389=IFCINDEXEDPOLYGONALFACE((12,9,8,10));
#390=IFCINDEXEDPOLYGONALFACE((13,12,10,11));
#391=IFCINDEXEDPOLYGONALFACE((14,13,11,15));
#392=IFCINDEXEDPOLYGONALFACE((3,14,15,16));
#393=IFCPOLYGONALFACESET(#383,$,(#384,#385,#386,#387,#388,#389,#390,#391,#392),$);
#394=IFCCARTESIANPOINTLIST3D(((-101.045959472656,-94.5211181640625,157.051452636719),(-100.877983093262,-97.462532043457,156.638793945312),(-101.737365722656,-94.5211181640625,156.367980957031),(-100.073791503906,-94.5211181640625,157.045776367188),(-99.3904418945312,-94.5211181640625,156.354309082031),(-100.246887207031,-97.462532043457,156.635070800781),(-99.8030395507812,-97.462532043457,156.186157226562),(-99.8068237304688,-97.462532043457,155.555038452148),(-99.3960571289062,-94.5211181640625,155.382202148438),(-100.255676269531,-97.462532043457,155.111389160156),(-100.886779785156,-97.462532043457,155.115036010742),(-100.087463378906,-94.5210189819336,154.698791503906),(-101.059631347656,-94.5211181640625,154.704391479492),(-101.743225097656,-94.5211181640625,155.395874023438),(-101.330505371094,-97.462532043457,155.563949584961),(-101.326721191406,-97.462532043457,156.195190429688)));
#395=IFCINDEXEDPOLYGONALFACE((4,1,2,6));
#396=IFCINDEXEDPOLYGONALFACE((1,3,16,2));
#397=IFCINDEXEDPOLYGONALFACE((5,4,6,7));
#398=IFCINDEXEDPOLYGONALFACE((6,2,16,15,11,10,8,7));
#399=IFCINDEXEDPOLYGONALFACE((9,5,7,8));
#400=IFCINDEXEDPOLYGONALFACE((12,9,8,10));
#401=IFCINDEXEDPOLYGONALFACE((13,12,10,11));
#402=IFCINDEXEDPOLYGONALFACE((14,13,11,15));
#403=IFCINDEXEDPOLYGONALFACE((3,14,15,16));
#404=IFCPOLYGONALFACESET(#394,$,(#395,#396,#397,#398,#399,#400,#401,#402,#403),$);
#405=IFCCARTESIANPOINTLIST3D(((-104.370178222656,-93.8899307250977,157.051452636719),(-104.202087402344,-96.831428527832,156.638793945312),(-105.061584472656,-93.8899307250977,156.367980957031),(-103.398010253906,-93.8899307250977,157.045654296875),(-102.714660644531,-93.8899307250977,156.354309082031),(-103.570854187012,-96.831428527832,156.635070800781),(-103.127258300781,-96.831428527832,156.186157226562),(-103.130912780762,-96.831428527832,155.555038452148),(-102.720275878906,-93.8899307250977,155.382202148438),(-103.579895019531,-96.831428527832,155.111389160156),(-104.210998535156,-96.831428527832,155.115036010742),(-103.411682128906,-93.8899307250977,154.698791503906),(-104.383850097656,-93.8899307250977,154.704391479492),(-105.067321777344,-93.8899307250977,155.395874023438),(-104.654724121094,-96.831428527832,155.563949584961),(-104.650939941406,-96.831428527832,156.195190429688)));
#406=IFCINDEXEDPOLYGONALFACE((4,1,2,6));
#407=IFCINDEXEDPOLYGONALFACE((1,3,16,2));
#408=IFCINDEXEDPOLYGONALFACE((5,4,6,7));
#409=IFCINDEXEDPOLYGONALFACE((6,2,16,15,11,10,8,7));
#410=IFCINDEXEDPOLYGONALFACE((9,5,7,8));
#411=IFCINDEXEDPOLYGONALFACE((12,9,8,10));
#412=IFCINDEXEDPOLYGONALFACE((13,12,10,11));
#413=IFCINDEXEDPOLYGONALFACE((14,13,11,15));
#414=IFCINDEXEDPOLYGONALFACE((3,14,15,16));
#415=IFCPOLYGONALFACESET(#405,$,(#406,#407,#408,#409,#410,#411,#412,#413,#414),$);
#416=IFCCARTESIANPOINTLIST3D(((-94.5759887695312,-93.8899307250977,151.708251953125),(-94.4078979492188,-96.831428527832,151.295654296875),(-95.2675170898438,-93.8899307250977,151.024963378906),(-93.6039428710938,-93.8899307250977,151.702697753906),(-92.9204711914062,-93.8899307250977,151.011291503906),(-93.7767944335938,-96.831428527832,151.292053222656),(-93.3330688476562,-96.831428527832,150.843200683594),(-93.3367309570312,-96.831428527832,150.211959838867),(-92.9260864257812,-93.8899307250977,150.0390625),(-93.7857055664062,-96.831428527832,149.768249511719),(-94.4169311523438,-96.831428527832,149.771957397461),(-93.6176147460938,-93.8899307250977,149.355651855469),(-94.5896606445312,-93.8899307250977,149.361251831055),(-95.2732467651367,-93.8899307250977,150.052795410156),(-94.8605346679688,-96.831428527832,150.220886230469),(-94.8567504882812,-96.831428527832,150.85205078125)));
#417=IFCINDEXEDPOLYGONALFACE((4,1,2,6));
#418=IFCINDEXEDPOLYGONALFACE((1,3,16,2));
#419=IFCINDEXEDPOLYGONALFACE((5,4,6,7));
#420=IFCINDEXEDPOLYGONALFACE((6,2,16,15,11,10,8,7));
#421=IFCINDEXEDPOLYGONALFACE((9,5,7,8));
#422=IFCINDEXEDPOLYGONALFACE((12,9,8,10));
#423=IFCINDEXEDPOLYGONALFACE((13,12,10,11));
#424=IFCINDEXEDPOLYGONALFACE((14,13,11,15));
#425=IFCINDEXEDPOLYGONALFACE((3,14,15,16));
#426=IFCPOLYGONALFACESET(#416,$,(#417,#418,#419,#420,#421,#422,#423,#424,#425),$);
#427=IFCCARTESIANPOINTLIST3D(((-97.7276000976562,-94.5211181640625,151.708374023438),(-97.5595092773438,-97.462532043457,151.295654296875),(-98.4190063476562,-94.5210189819336,151.024963378906),(-96.7554321289062,-94.5211181640625,151.702697753906),(-96.0720825195312,-94.5210189819336,151.011291503906),(-96.9282836914062,-97.462532043457,151.292053222656),(-96.4846801757812,-97.462532043457,150.843200683594),(-96.4883422851562,-97.462532043457,150.211959838867),(-96.0776977539062,-94.5210189819336,150.0390625),(-96.9373168945312,-97.462532043457,149.768249511719),(-97.5685424804688,-97.462532043457,149.771957397461),(-96.7692260742188,-94.5210189819336,149.355651855469),(-97.7412719726562,-94.5210189819336,149.361251831055),(-98.4246215820312,-94.5210189819336,150.052795410156),(-98.0120239257812,-97.462532043457,150.220886230469),(-98.,-97.462532043457,150.85205078125)));
#428=IFCINDEXEDPOLYGONALFACE((4,1,2,6));
#429=IFCINDEXEDPOLYGONALFACE((1,3,16,2));
#430=IFCINDEXEDPOLYGONALFACE((5,4,6,7));
#431=IFCINDEXEDPOLYGONALFACE((6,2,16,15,11,10,8,7));
#432=IFCINDEXEDPOLYGONALFACE((9,5,7,8));
#433=IFCINDEXEDPOLYGONALFACE((12,9,8,10));
#434=IFCINDEXEDPOLYGONALFACE((13,12,10,11));
#435=IFCINDEXEDPOLYGONALFACE((14,13,11,15));
#436=IFCINDEXEDPOLYGONALFACE((3,14,15,16));
#437=IFCPOLYGONALFACESET(#427,$,(#428,#429,#430,#431,#432,#433,#434,#435,#436),$);
#438=IFCCARTESIANPOINTLIST3D(((-101.045959472656,-94.5211181640625,151.708374023438),(-100.877983093262,-97.462532043457,151.295654296875),(-101.737365722656,-94.5211181640625,151.024963378906),(-100.073791503906,-94.5211181640625,151.702697753906),(-99.3904418945312,-94.5211181640625,151.011291503906),(-100.246887207031,-97.462532043457,151.292053222656),(-99.8030395507812,-97.462532043457,150.843200683594),(-99.8068237304688,-97.462532043457,150.211959838867),(-99.3960571289062,-94.5210189819336,150.0390625),(-100.255676269531,-97.462532043457,149.768249511719),(-100.886779785156,-97.462532043457,149.772094726562),(-100.087463378906,-94.5211181640625,149.355651855469),(-101.059631347656,-94.5211181640625,149.361251831055),(-101.743225097656,-94.5211181640625,150.052795410156),(-101.330505371094,-97.462532043457,150.220886230469),(-101.326721191406,-97.462532043457,150.85205078125)));
#439=IFCINDEXEDPOLYGONALFACE((4,1,2,6));
#440=IFCINDEXEDPOLYGONALFACE((1,3,16,2));
#441=IFCINDEXEDPOLYGONALFACE((5,4,6,7));
#442=IFCINDEXEDPOLYGONALFACE((6,2,16,15,11,10,8,7));
#443=IFCINDEXEDPOLYGONALFACE((9,5,7,8));
#444=IFCINDEXEDPOLYGONALFACE((12,9,8,10));
#445=IFCINDEXEDPOLYGONALFACE((13,12,10,11));
#446=IFCINDEXEDPOLYGONALFACE((14,13,11,15));
#447=IFCINDEXEDPOLYGONALFACE((3,14,15,16));
#448=IFCPOLYGONALFACESET(#438,$,(#439,#440,#441,#442,#443,#444,#445,#446,#447),$);
#449=IFCCARTESIANPOINTLIST3D(((-104.370178222656,-93.8899307250977,151.708374023438),(-104.202087402344,-96.831428527832,151.295654296875),(-105.061584472656,-93.8899307250977,151.024963378906),(-103.398010253906,-93.8899307250977,151.702697753906),(-102.714660644531,-93.8899307250977,151.011291503906),(-103.570854187012,-96.831428527832,151.292053222656),(-103.127258300781,-96.831428527832,150.843200683594),(-103.131042480469,-96.831428527832,150.211959838867),(-102.720275878906,-93.8899307250977,150.0390625),(-103.579895019531,-96.831428527832,149.768249511719),(-104.210998535156,-96.831428527832,149.772094726562),(-103.411682128906,-93.8899307250977,149.355651855469),(-104.383850097656,-93.8899307250977,149.361251831055),(-105.067321777344,-93.8899307250977,150.052795410156),(-104.654724121094,-96.831428527832,150.220886230469),(-104.650939941406,-96.831428527832,150.85205078125)));
#450=IFCINDEXEDPOLYGONALFACE((4,1,2,6));
#451=IFCINDEXEDPOLYGONALFACE((1,3,16,2));
#452=IFCINDEXEDPOLYGONALFACE((5,4,6,7));
#453=IFCINDEXEDPOLYGONALFACE((6,2,16,15,11,10,8,7));
#454=IFCINDEXEDPOLYGONALFACE((9,5,7,8));
#455=IFCINDEXEDPOLYGONALFACE((12,9,8,10));
#456=IFCINDEXEDPOLYGONALFACE((13,12,10,11));
#457=IFCINDEXEDPOLYGONALFACE((14,13,11,15));
#458=IFCINDEXEDPOLYGONALFACE((3,14,15,16));
#459=IFCPOLYGONALFACESET(#449,$,(#450,#451,#452,#453,#454,#455,#456,#457,#458),$);
#460=IFCCARTESIANPOINTLIST3D(((-94.5759887695312,-93.8899307250977,146.548706054688),(-94.4078979492188,-96.831428527832,146.136108398438),(-95.2675170898438,-93.8899307250977,145.865295410156),(-93.6039428710938,-93.8899307250977,146.54296875),(-92.9204711914062,-93.8899307250977,145.851501464844),(-93.7767944335938,-96.831428527832,146.132263183594),(-93.3330688476562,-96.831428527832,145.683349609375),(-93.3367309570312,-96.831428527832,145.052307128906),(-92.9260864257812,-93.8899307250977,144.87939453125),(-93.7858276367188,-96.831428527832,144.608581542969),(-94.4169311523438,-96.831428527832,144.6123046875),(-93.6176147460938,-93.8899307250977,144.195983886719),(-94.5897827148438,-93.8899307250977,144.201599121094),(-95.2732467651367,-93.8899307250977,144.89306640625),(-94.8605346679688,-96.831428527832,145.061157226562),(-94.8567504882812,-96.831428527832,145.692260742188)));
#461=IFCINDEXEDPOLYGONALFACE((4,1,2,6));
#462=IFCINDEXEDPOLYGONALFACE((1,3,16,2));
#463=IFCINDEXEDPOLYGONALFACE((5,4,6,7));
#464=IFCINDEXEDPOLYGONALFACE((6,2,16,15,11,10,8,7));
#465=IFCINDEXEDPOLYGONALFACE((9,5,7,8));
#466=IFCINDEXEDPOLYGONALFACE((12,9,8,10));
#467=IFCINDEXEDPOLYGONALFACE((13,12,10,11));
#468=IFCINDEXEDPOLYGONALFACE((14,13,11,15));
#469=IFCINDEXEDPOLYGONALFACE((3,14,15,16));
#470=IFCPOLYGONALFACESET(#460,$,(#461,#462,#463,#464,#465,#466,#467,#468,#469),$);
#471=IFCCARTESIANPOINTLIST3D(((-97.7276000976562,-94.5210189819336,146.548706054688),(-97.5593872070312,-97.462532043457,146.136108398438),(-98.4191207885742,-94.5211181640625,145.865295410156),(-96.7554321289062,-94.5210189819336,146.54296875),(-96.0720825195312,-94.5210189819336,145.851501464844),(-96.9284057617188,-97.462532043457,146.132263183594),(-96.4846801757812,-97.462532043457,145.683349609375),(-96.4883422851562,-97.462532043457,145.052307128906),(-96.0776977539062,-94.5210189819336,144.87939453125),(-96.9371948242188,-97.462532043457,144.608703613281),(-97.5685424804688,-97.462532043457,144.6123046875),(-96.7692260742188,-94.5210189819336,144.195861816406),(-97.7412719726562,-94.5210189819336,144.20166015625),(-98.4248580932617,-94.5210189819336,144.89306640625),(-98.0120239257812,-97.462532043457,145.061157226562),(-98.,-97.462532043457,145.692260742188)));
#472=IFCINDEXEDPOLYGONALFACE((4,1,2,6));
#473=IFCINDEXEDPOLYGONALFACE((1,3,16,2));
#474=IFCINDEXEDPOLYGONALFACE((5,4,6,7));
#475=IFCINDEXEDPOLYGONALFACE((6,2,16,15,11,10,8,7));
#476=IFCINDEXEDPOLYGONALFACE((9,5,7,8));
#477=IFCINDEXEDPOLYGONALFACE((12,9,8,10));
#478=IFCINDEXEDPOLYGONALFACE((13,12,10,11));
#479=IFCINDEXEDPOLYGONALFACE((14,13,11,15));
#480=IFCINDEXEDPOLYGONALFACE((3,14,15,16));
#481=IFCPOLYGONALFACESET(#471,$,(#472,#473,#474,#475,#476,#477,#478,#479,#480),$);
#482=IFCCARTESIANPOINTLIST3D(((-101.045959472656,-94.5211181640625,146.548706054688),(-100.877983093262,-97.462532043457,146.136108398438),(-101.737487792969,-94.5211181640625,145.865295410156),(-100.073791503906,-94.5211181640625,146.54296875),(-99.3904418945312,-94.5211181640625,145.851501464844),(-100.246887207031,-97.462532043457,146.132263183594),(-99.8030395507812,-97.462532043457,145.683349609375),(-99.8068237304688,-97.462532043457,145.052307128906),(-99.3960571289062,-94.5211181640625,144.87939453125),(-100.255676269531,-97.462532043457,144.608581542969),(-100.886779785156,-97.462532043457,144.6123046875),(-100.087463378906,-94.5210189819336,144.195983886719),(-101.059631347656,-94.5211181640625,144.201599121094),(-101.743225097656,-94.5211181640625,144.89306640625),(-101.330505371094,-97.462532043457,145.061157226562),(-101.326721191406,-97.462532043457,145.692260742188)));
#483=IFCINDEXEDPOLYGONALFACE((4,1,2,6));
#484=IFCINDEXEDPOLYGONALFACE((1,3,16,2));
#485=IFCINDEXEDPOLYGONALFACE((5,4,6,7));
#486=IFCINDEXEDPOLYGONALFACE((6,2,16,15,11,10,8,7));
#487=IFCINDEXEDPOLYGONALFACE((9,5,7,8));
#488=IFCINDEXEDPOLYGONALFACE((12,9,8,10));
#489=IFCINDEXEDPOLYGONALFACE((13,12,10,11));
#490=IFCINDEXEDPOLYGONALFACE((14,13,11,15));
#491=IFCINDEXEDPOLYGONALFACE((3,14,15,16));
#492=IFCPOLYGONALFACESET(#482,$,(#483,#484,#485,#486,#487,#488,#489,#490,#491),$);
#493=IFCCARTESIANPOINTLIST3D(((-104.370178222656,-93.8899307250977,146.548706054688),(-104.201965332031,-96.831428527832,146.136108398438),(-105.061584472656,-93.8899307250977,145.865295410156),(-103.398010253906,-93.8899307250977,146.54296875),(-102.714660644531,-93.8899307250977,145.851501464844),(-103.570854187012,-96.831428527832,146.132263183594),(-103.127258300781,-96.831428527832,145.683349609375),(-103.130912780762,-96.831428527832,145.052307128906),(-102.720275878906,-93.8899307250977,144.87939453125),(-103.579895019531,-96.831428527832,144.608581542969),(-104.210998535156,-96.831428527832,144.6123046875),(-103.411682128906,-93.8899307250977,144.195983886719),(-104.383850097656,-93.8899307250977,144.20166015625),(-105.067321777344,-93.8899307250977,144.89306640625),(-104.654724121094,-96.831428527832,145.061157226562),(-104.650939941406,-96.831428527832,145.692260742188)));
#494=IFCINDEXEDPOLYGONALFACE((4,1,2,6));
#495=IFCINDEXEDPOLYGONALFACE((1,3,16,2));
#496=IFCINDEXEDPOLYGONALFACE((5,4,6,7));
#497=IFCINDEXEDPOLYGONALFACE((6,2,16,15,11,10,8,7));
#498=IFCINDEXEDPOLYGONALFACE((9,5,7,8));
#499=IFCINDEXEDPOLYGONALFACE((12,9,8,10));
#500=IFCINDEXEDPOLYGONALFACE((13,12,10,11));
#501=IFCINDEXEDPOLYGONALFACE((14,13,11,15));
#502=IFCINDEXEDPOLYGONALFACE((3,14,15,16));
#503=IFCPOLYGONALFACESET(#493,$,(#494,#495,#496,#497,#498,#499,#500,#501,#502),$);
#504=IFCCARTESIANPOINTLIST3D(((92.1397094726562,-68.6210098266602,-18.5892372131348),(89.7772750854492,-68.6206207275391,-17.4287128448486),(94.6326904296875,-68.6211242675781,-19.4329261779785),(92.1398239135742,-4.62101268768311,-18.5892486572266),(89.7774047851562,-4.62061595916748,-17.4287261962891),(94.6328125,-4.62111949920654,-19.4329357147217),(97.213623046875,-4.62101268768311,-19.9487457275391),(99.8397216796875,-4.62061595916748,-20.1249542236328),(97.2135009765625,-68.6210098266602,-19.9487342834473),(99.839599609375,-68.6206207275391,-20.124942779541),(102.465698242188,-68.6210098266602,-19.9487342834473),(105.046569824219,-68.6211242675781,-19.4329261779785),(102.4658203125,-4.62101268768311,-19.9487457275391),(105.046691894531,-4.62111949920654,-19.4329357147217),(107.539794921875,-4.62101268768311,-18.5892486572266),(109.902099609375,-4.62061595916748,-17.4287261962891),(107.539672851562,-68.6210098266602,-18.5892372131348),(109.901969909668,-68.6206207275391,-17.4287128448486),(112.088195800781,-68.6210098266602,-15.9631376266479),(114.065361022949,-68.6211242675781,-14.2258939743042),(112.088317871094,-4.62101316452026,-15.9631490707397),(114.065490722656,-4.6211199760437,-14.2259044647217),(115.802612304688,-4.62101316452026,-12.2487325668335),(117.268310546875,-4.62061643600464,-10.0625143051147),(115.802490234375,-68.6210098266602,-12.2487211227417),(117.268188476562,-68.6206207275391,-10.0625028610229),(118.428588867188,-68.6210098266602,-7.70019769668579),(119.272399902344,-68.6211242675781,-5.2070951461792),(118.4287109375,-4.62101316452026,-7.70020961761475),(119.272521972656,-4.62112045288086,-5.207106590271),(119.788269042969,-4.62101364135742,-2.62635731697083),(119.964538574219,-4.6206169128418,0.),(119.788146972656,-68.6210098266602,-2.62634587287903),(119.964416503906,-68.6206207275391,0.),(119.788146972656,-68.6210098266602,2.62585139274597),(119.272399902344,-68.6211242675781,5.20678424835205),(119.788269042969,-4.62101364135742,2.62583994865417),(119.272521972656,-4.62112045288086,5.20677280426025),(118.4287109375,-4.62101411819458,7.699875831604),(117.268310546875,-4.62061738967896,10.062180519104),(118.428588867188,-68.6210098266602,7.6998872756958),(117.268188476562,-68.6206207275391,10.0621919631958),(115.802490234375,-68.6210098266602,12.248348236084),(114.065361022949,-68.6211242675781,14.2254610061646),(115.802612304688,-4.62101411819458,12.2483377456665),(114.065490722656,-4.62112092971802,14.2254495620728),(112.088317871094,-4.62101411819458,15.9626932144165),(109.902099609375,-4.62061786651611,17.4283905029297),(112.088195800781,-68.6210098266602,15.962703704834),(109.901969909668,-68.6206207275391,17.4284019470215),(107.539672851562,-68.6210098266602,18.5888023376465),(105.046569824219,-68.6211242675781,19.4325523376465),(107.539794921875,-4.62101459503174,18.5887908935547),(105.046691894531,-4.62112140655518,19.4325389862061),(102.4658203125,-4.62101459503174,19.9483489990234),(99.8397216796875,-4.62061786651611,20.1244354248047),(102.465698242188,-68.6210098266602,19.9483604431152),(99.839599609375,-68.6206207275391,20.1244468688965),(97.2135009765625,-68.6210098266602,19.9483604431152),(94.6326904296875,-68.6211242675781,19.4325523376465),(97.213623046875,-4.62101459503174,19.9483489990234),(94.6328125,-4.62112140655518,19.4325389862061),(92.1398239135742,-4.62101459503174,18.5887908935547),(89.7774047851562,-4.62061786651611,17.4283905029297),(92.1397094726562,-68.6210098266602,18.5888023376465),(89.7772750854492,-68.6206207275391,17.4284019470215),(87.5911178588867,-68.6209259033203,15.962703704834),(85.6138916015625,-68.6211242675781,14.2254610061646),(87.5912475585938,-4.62092256546021,15.9626932144165),(85.614013671875,-4.62112092971802,14.2254495620728),(83.8768844604492,-4.62092256546021,12.2483377456665),(82.4111938476562,-4.62061738967896,10.062180519104),(83.8767700195312,-68.6209259033203,12.248348236084),(82.4110717773438,-68.6206207275391,10.0621919631958),(81.2506713867188,-68.6209259033203,7.6998872756958),(80.4069213867188,-68.6211242675781,5.20678424835205),(81.2507858276367,-4.62092256546021,7.699875831604),(80.4070434570312,-4.62112045288086,5.20677280426025),(79.8911666870117,-4.62092208862305,2.62583994865417),(79.7150268554688,-4.6206169128418,0.),(79.8910522460938,-68.6209259033203,2.62585139274597),(79.7149047851562,-68.6206207275391,0.),(79.8910522460938,-68.6209259033203,-2.62634587287903),(80.4069213867188,-68.6211242675781,-5.2070951461792),(79.8911666870117,-4.62092208862305,-2.62635731697083),(80.4070434570312,-4.62112045288086,-5.207106590271),(81.2507858276367,-4.62092161178589,-7.70020961761475),(82.4111938476562,-4.62061643600464,-10.0625143051147),(81.2506713867188,-68.6209259033203,-7.70019769668579),(82.4110717773438,-68.6206207275391,-10.0625028610229),(83.8767700195312,-68.6209259033203,-12.2487211227417),(85.6138916015625,-68.6211242675781,-14.2258939743042),(83.8768844604492,-4.62092161178589,-12.2487325668335),(85.614013671875,-4.6211199760437,-14.2259044647217),(87.5912475585938,-4.62101316452026,-15.9631490707397),(87.5911178588867,-68.6210098266602,-15.9631376266479)));
#505=IFCINDEXEDPOLYGONALFACE((2,5,4,1));
#506=IFCINDEXEDPOLYGONALFACE((19,20,25,26,27,28,33,34,35,36,41,42,43,44,49,50,51,52,57,58,59,60,65,66,67,68,73,74,75,76,81,82,83,84,89,90,91,92,96,2,1,3,9,10,11,12,17,18));
#507=IFCINDEXEDPOLYGONALFACE((3,1,4,6));
#508=IFCINDEXEDPOLYGONALFACE((21,16,15,14,13,8,7,6,4,5,95,94,93,88,87,86,85,80,79,78,77,72,71,70,69,64,63,62,61,56,55,54,53,48,47,46,45,40,39,38,37,32,31,30,29,24,23,22));
#509=IFCINDEXEDPOLYGONALFACE((9,3,6,7));
#510=IFCINDEXEDPOLYGONALFACE((10,9,7,8));
#511=IFCINDEXEDPOLYGONALFACE((11,10,8,13));
#512=IFCINDEXEDPOLYGONALFACE((12,11,13,14));
#513=IFCINDEXEDPOLYGONALFACE((17,12,14,15));
#514=IFCINDEXEDPOLYGONALFACE((18,17,15,16));
#515=IFCINDEXEDPOLYGONALFACE((19,18,16,21));
#516=IFCINDEXEDPOLYGONALFACE((20,19,21,22));
#517=IFCINDEXEDPOLYGONALFACE((25,20,22,23));
#518=IFCINDEXEDPOLYGONALFACE((26,25,23,24));
#519=IFCINDEXEDPOLYGONALFACE((27,26,24,29));
#520=IFCINDEXEDPOLYGONALFACE((28,27,29,30));
#521=IFCINDEXEDPOLYGONALFACE((33,28,30,31));
#522=IFCINDEXEDPOLYGONALFACE((34,33,31,32));
#523=IFCINDEXEDPOLYGONALFACE((35,34,32,37));
#524=IFCINDEXEDPOLYGONALFACE((36,35,37,38));
#525=IFCINDEXEDPOLYGONALFACE((41,36,38,39));
#526=IFCINDEXEDPOLYGONALFACE((42,41,39,40));
#527=IFCINDEXEDPOLYGONALFACE((43,42,40,45));
#528=IFCINDEXEDPOLYGONALFACE((44,43,45,46));
#529=IFCINDEXEDPOLYGONALFACE((49,44,46,47));
#530=IFCINDEXEDPOLYGONALFACE((50,49,47,48));
#531=IFCINDEXEDPOLYGONALFACE((51,50,48,53));
#532=IFCINDEXEDPOLYGONALFACE((52,51,53,54));
#533=IFCINDEXEDPOLYGONALFACE((57,52,54,55));
#534=IFCINDEXEDPOLYGONALFACE((58,57,55,56));
#535=IFCINDEXEDPOLYGONALFACE((59,58,56,61));
#536=IFCINDEXEDPOLYGONALFACE((60,59,61,62));
#537=IFCINDEXEDPOLYGONALFACE((65,60,62,63));
#538=IFCINDEXEDPOLYGONALFACE((66,65,63,64));
#539=IFCINDEXEDPOLYGONALFACE((67,66,64,69));
#540=IFCINDEXEDPOLYGONALFACE((68,67,69,70));
#541=IFCINDEXEDPOLYGONALFACE((73,68,70,71));
#542=IFCINDEXEDPOLYGONALFACE((74,73,71,72));
#543=IFCINDEXEDPOLYGONALFACE((75,74,72,77));
#544=IFCINDEXEDPOLYGONALFACE((76,75,77,78));
#545=IFCINDEXEDPOLYGONALFACE((81,76,78,79));
#546=IFCINDEXEDPOLYGONALFACE((82,81,79,80));
#547=IFCINDEXEDPOLYGONALFACE((83,82,80,85));
#548=IFCINDEXEDPOLYGONALFACE((84,83,85,86));
#549=IFCINDEXEDPOLYGONALFACE((89,84,86,87));
#550=IFCINDEXEDPOLYGONALFACE((90,89,87,88));
#551=IFCINDEXEDPOLYGONALFACE((91,90,88,93));
#552=IFCINDEXEDPOLYGONALFACE((92,91,93,94));
#553=IFCINDEXEDPOLYGONALFACE((96,92,94,95));
#554=IFCINDEXEDPOLYGONALFACE((2,96,95,5));
#555=IFCPOLYGONALFACESET(#504,$,(#505,#506,#507,#508,#509,#510,#511,#512,#513,#514,#515,#516,#517,#518,#519,#520,#521,#522,#523,#524,#525,#526,#527,#528,#529,#530,#531,#532,#533,#534,#535,#536,#537,#538,#539,#540,#541,#542,#543,#544,#545,#546,#547,#548,#549,#550,#551,#552,#553,#554),$);
#556=IFCCARTESIANPOINTLIST3D(((-8.,-68.6209259033203,-18.589054107666),(-10.3611450195312,-68.6206207275391,-17.428653717041),(-5.50579786300659,-68.6211242675781,-19.432804107666),(-8.,-4.62092113494873,-18.5890655517578),(-10.3610229492188,-4.62061595916748,-17.4286651611328),(-5.50567626953125,-4.62111949920654,-19.4328155517578),(-2.9248046875,-4.62101268768311,-19.9486236572266),(-0.29864501953125,-4.62061595916748,-20.1247100830078),(-2.92492651939392,-68.6210098266602,-19.9486122131348),(-0.29876708984375,-68.6206207275391,-20.124698638916),(2.32733154296875,-68.6210098266602,-19.9486122131348),(4.90814161300659,-68.6211242675781,-19.432804107666),(2.32745361328125,-4.62101268768311,-19.9486236572266),(4.90826416015625,-4.62111949920654,-19.4328155517578),(7.40142822265625,-4.62101268768311,-18.5890655517578),(9.76373291015625,-4.62061595916748,-17.4286651611328),(7.40130615234375,-68.6210098266602,-18.589054107666),(9.76361083984375,-68.6206207275391,-17.428653717041),(11.9497671127319,-68.6210098266602,-15.9629554748535),(13.927001953125,-68.6211242675781,-14.2257099151611),(11.9498891830444,-4.62101316452026,-15.9629669189453),(13.9271240234375,-4.6211199760437,-14.2257223129272),(15.6642446517944,-4.62101316452026,-12.248610496521),(17.1299438476562,-4.62061643600464,-10.0624523162842),(15.6641235351562,-68.6210098266602,-12.2485990524292),(17.1298198699951,-68.6206207275391,-10.0624418258667),(18.2902221679688,-68.6210098266602,-7.70013666152954),(19.1339721679688,-68.6211242675781,-5.20703411102295),(18.2903442382812,-4.62101316452026,-7.7001485824585),(19.1340942382812,-4.62112045288086,-5.20704555511475),(19.6499004364014,-4.62101364135742,-2.62611317634583),(19.8259887695312,-4.6206169128418,0.),(19.6497802734375,-68.6210098266602,-2.62610149383545),(19.8258666992188,-68.6206207275391,0.),(19.6497802734375,-68.6210098266602,2.62609553337097),(19.1339721679688,-68.6211242675781,5.2068452835083),(19.6499004364014,-4.62101364135742,2.62608408927917),(19.1340942382812,-4.62112045288086,5.2068338394165),(18.2903442382812,-4.62101411819458,7.6999363899231),(17.1299438476562,-4.62061738967896,10.0622415542603),(18.2902221679688,-68.6210098266602,7.69994831085205),(17.1298198699951,-68.6206207275391,10.0622520446777),(15.6641235351562,-68.6210098266602,12.2484712600708),(13.927001953125,-68.6211242675781,14.2257041931152),(15.6642446517944,-4.62101411819458,12.248459815979),(13.9271240234375,-4.62112092971802,14.2256937026978),(11.9498891830444,-4.62101411819458,15.9628753662109),(9.76373291015625,-4.62061786651611,17.4284515380859),(11.9497671127319,-68.6210098266602,15.9628868103027),(9.76361083984375,-68.6206207275391,17.4284629821777),(7.40130615234375,-68.6210098266602,18.5888633728027),(4.90814161300659,-68.6211242675781,19.432674407959),(7.40142822265625,-4.62101459503174,18.5888519287109),(4.90826416015625,-4.62112140655518,19.4326629638672),(2.32745361328125,-4.62101459503174,19.9484710693359),(-0.29864501953125,-4.62061786651611,20.1246795654297),(2.32733154296875,-68.6210098266602,19.9484825134277),(-0.29876708984375,-68.6206207275391,20.1246910095215),(-2.92492651939392,-68.6209259033203,19.9484825134277),(-5.50579786300659,-68.6211242675781,19.432674407959),(-2.9248046875,-4.62092304229736,19.9484710693359),(-5.50567626953125,-4.62112140655518,19.4326629638672),(-8.,-4.62092304229736,18.5888519287109),(-10.3610229492188,-4.62061786651611,17.4284515380859),(-8.,-68.6209259033203,18.5888633728027),(-10.3611450195312,-68.6206207275391,17.4284629821777),(-12.5473022460938,-68.6209259033203,15.9628868103027),(-14.5244750976562,-68.6211242675781,14.2257041931152),(-12.5471801757812,-4.62092256546021,15.9628753662109),(-14.5243530273438,-4.62112092971802,14.2256937026978),(-16.2615356445312,-4.62092256546021,12.248459815979),(-17.7272338867188,-4.62051010131836,10.0622415542603),(-16.2616558074951,-68.6209259033203,12.2484712600708),(-17.7273559570312,-68.6205139160156,10.0622520446777),(-18.8877544403076,-68.6209259033203,7.69994831085205),(-19.7315063476562,-68.6210098266602,5.2068452835083),(-18.8876342773438,-4.62092256546021,7.6999363899231),(-19.7313842773438,-4.62101364135742,5.2068338394165),(-20.2471923828125,-4.62092208862305,2.62608408927917),(-20.4233989715576,-4.62051010131836,0.),(-20.247314453125,-68.6209259033203,2.62609553337097),(-20.4235229492188,-68.6205139160156,0.),(-20.247314453125,-68.6209259033203,-2.62610149383545),(-19.7315063476562,-68.6210098266602,-5.20703411102295),(-20.2471923828125,-4.62092208862305,-2.62611317634583),(-19.7313842773438,-4.62101364135742,-5.20704555511475),(-18.8876342773438,-4.62092161178589,-7.7001485824585),(-17.7272338867188,-4.62061643600464,-10.0624523162842),(-18.8877544403076,-68.6209259033203,-7.70013666152954),(-17.7273559570312,-68.6206207275391,-10.0624418258667),(-16.2616558074951,-68.6209259033203,-12.2485990524292),(-14.5244750976562,-68.6211242675781,-14.2258319854736),(-16.2615356445312,-4.62092161178589,-12.248610496521),(-14.5243530273438,-4.6211199760437,-14.2258443832397),(-12.5471801757812,-4.62092161178589,-15.9629669189453),(-12.5473022460938,-68.6209259033203,-15.9629554748535)));
#557=IFCINDEXEDPOLYGONALFACE((2,5,4,1));
#558=IFCINDEXEDPOLYGONALFACE((19,20,25,26,27,28,33,34,35,36,41,42,43,44,49,50,51,52,57,58,59,60,65,66,67,68,73,74,75,76,81,82,83,84,89,90,91,92,96,2,1,3,9,10,11,12,17,18));
#559=IFCINDEXEDPOLYGONALFACE((3,1,4,6));
#560=IFCINDEXEDPOLYGONALFACE((21,16,15,14,13,8,7,6,4,5,95,94,93,88,87,86,85,80,79,78,77,72,71,70,69,64,63,62,61,56,55,54,53,48,47,46,45,40,39,38,37,32,31,30,29,24,23,22));
#561=IFCINDEXEDPOLYGONALFACE((9,3,6,7));
#562=IFCINDEXEDPOLYGONALFACE((10,9,7,8));
#563=IFCINDEXEDPOLYGONALFACE((11,10,8,13));
#564=IFCINDEXEDPOLYGONALFACE((12,11,13,14));
#565=IFCINDEXEDPOLYGONALFACE((17,12,14,15));
#566=IFCINDEXEDPOLYGONALFACE((18,17,15,16));
#567=IFCINDEXEDPOLYGONALFACE((19,18,16,21));
#568=IFCINDEXEDPOLYGONALFACE((20,19,21,22));
#569=IFCINDEXEDPOLYGONALFACE((25,20,22,23));
#570=IFCINDEXEDPOLYGONALFACE((26,25,23,24));
#571=IFCINDEXEDPOLYGONALFACE((27,26,24,29));
#572=IFCINDEXEDPOLYGONALFACE((28,27,29,30));
#573=IFCINDEXEDPOLYGONALFACE((33,28,30,31));
#574=IFCINDEXEDPOLYGONALFACE((34,33,31,32));
#575=IFCINDEXEDPOLYGONALFACE((35,34,32,37));
#576=IFCINDEXEDPOLYGONALFACE((36,35,37,38));
#577=IFCINDEXEDPOLYGONALFACE((41,36,38,39));
#578=IFCINDEXEDPOLYGONALFACE((42,41,39,40));
#579=IFCINDEXEDPOLYGONALFACE((43,42,40,45));
#580=IFCINDEXEDPOLYGONALFACE((44,43,45,46));
#581=IFCINDEXEDPOLYGONALFACE((49,44,46,47));
#582=IFCINDEXEDPOLYGONALFACE((50,49,47,48));
#583=IFCINDEXEDPOLYGONALFACE((51,50,48,53));
#584=IFCINDEXEDPOLYGONALFACE((52,51,53,54));
#585=IFCINDEXEDPOLYGONALFACE((57,52,54,55));
#586=IFCINDEXEDPOLYGONALFACE((58,57,55,56));
#587=IFCINDEXEDPOLYGONALFACE((59,58,56,61));
#588=IFCINDEXEDPOLYGONALFACE((60,59,61,62));
#589=IFCINDEXEDPOLYGONALFACE((65,60,62,63));
#590=IFCINDEXEDPOLYGONALFACE((66,65,63,64));
#591=IFCINDEXEDPOLYGONALFACE((67,66,64,69));
#592=IFCINDEXEDPOLYGONALFACE((68,67,69,70));
#593=IFCINDEXEDPOLYGONALFACE((73,68,70,71));
#594=IFCINDEXEDPOLYGONALFACE((74,73,71,72));
#595=IFCINDEXEDPOLYGONALFACE((75,74,72,77));
#596=IFCINDEXEDPOLYGONALFACE((76,75,77,78));
#597=IFCINDEXEDPOLYGONALFACE((81,76,78,79));
#598=IFCINDEXEDPOLYGONALFACE((82,81,79,80));
#599=IFCINDEXEDPOLYGONALFACE((83,82,80,85));
#600=IFCINDEXEDPOLYGONALFACE((84,83,85,86));
#601=IFCINDEXEDPOLYGONALFACE((89,84,86,87));
#602=IFCINDEXEDPOLYGONALFACE((90,89,87,88));
#603=IFCINDEXEDPOLYGONALFACE((91,90,88,93));
#604=IFCINDEXEDPOLYGONALFACE((92,91,93,94));
#605=IFCINDEXEDPOLYGONALFACE((96,92,94,95));
#606=IFCINDEXEDPOLYGONALFACE((2,96,95,5));
#607=IFCPOLYGONALFACESET(#556,$,(#557,#558,#559,#560,#561,#562,#563,#564,#565,#566,#567,#568,#569,#570,#571,#572,#573,#574,#575,#576,#577,#578,#579,#580,#581,#582,#583,#584,#585,#586,#587,#588,#589,#590,#591,#592,#593,#594,#595,#596,#597,#598,#599,#600,#601,#602,#603,#604,#605,#606),$);
#608=IFCCARTESIANPOINTLIST3D(((-117.934387207031,-98.6950225830078,0.474849194288254),(-117.365295410156,-98.6950225830078,4.79650449752808),(-117.365295410156,-98.6950225830078,-3.8468062877655),(-117.934387207031,-4.69502639770508,0.474853307008743),(-117.365295410156,-4.69502639770508,4.7965087890625),(-117.365295410156,-4.69502639770508,-3.84680199623108),(-115.697326660156,-4.69502592086792,-7.87390184402466),(-113.043762207031,-4.69502592086792,-11.3320302963257),(-115.697326660156,-98.6950225830078,-7.87390613555908),(-113.043762207031,-98.6950225830078,-11.3320350646973),(-109.585632324219,-98.6950225830078,-13.985538482666),(-105.558532714844,-98.6950225830078,-15.6536293029785),(-109.585632324219,-4.69502592086792,-13.9855346679688),(-105.558532714844,-4.69502592086792,-15.6536264419556),(-101.236877441406,-4.69502544403076,-16.2225952148438),(-96.9153442382812,-4.69502592086792,-15.6536264419556),(-101.236877441406,-98.6950225830078,-16.222599029541),(-96.9153442382812,-98.6950225830078,-15.6536293029785),(-92.8882446289062,-98.6950225830078,-13.985538482666),(-89.4087524414062,-98.6950225830078,-11.3157386779785),(-92.8882446289062,-4.69502592086792,-13.9855346679688),(-89.4087524414062,-4.69502592086792,-11.3157339096069),(-87.5167846679688,-4.69502592086792,-9.59210205078125),(-86.3400268554688,-4.69502592086792,-7.68939208984375),(-87.5167846679688,-98.6950225830078,-9.59210681915283),(-86.3400268554688,-98.6950225830078,-7.68939638137817),(-85.0139694213867,-98.6950225830078,-3.85583925247192),(-84.4437866210938,-98.6950225830078,0.474849194288254),(-85.0139694213867,-4.69502639770508,-3.85583519935608),(-84.4437866210938,-4.69502639770508,0.474853307008743),(-85.0139694213867,-4.69502639770508,4.80535888671875),(-86.3400268554688,-4.69502687454224,8.63909816741943),(-85.0139694213867,-98.6950225830078,4.80535459518433),(-86.3400268554688,-98.6950225830078,8.63909435272217),(-87.5166625976562,-98.6950225830078,10.5418043136597),(-89.4087524414062,-98.6950225830078,12.2652540206909),(-87.5166625976562,-4.69502687454224,10.5418090820312),(-89.4087524414062,-4.69502687454224,12.2652587890625),(-92.8882446289062,-4.69502687454224,14.935302734375),(-96.9153442382812,-4.69502735137939,16.603271484375),(-92.8882446289062,-98.6950225830078,14.9352979660034),(-96.9153442382812,-98.6950225830078,16.6032676696777),(-101.236877441406,-98.6950225830078,17.1722984313965),(-105.558532714844,-98.6950225830078,16.6032676696777),(-101.236877441406,-4.69502735137939,17.1723022460938),(-105.558532714844,-4.69502735137939,16.603271484375),(-109.585632324219,-4.69502687454224,14.935302734375),(-113.043762207031,-4.69502687454224,12.2816772460938),(-109.585632324219,-98.6950225830078,14.9352979660034),(-113.043762207031,-98.6950225830078,12.2816724777222),(-115.697326660156,-98.6950225830078,8.82360363006592),(-115.697326660156,-4.69502687454224,8.8236083984375)));
#609=IFCINDEXEDPOLYGONALFACE((2,5,4,1));
#610=IFCINDEXEDPOLYGONALFACE((17,18,19,20,25,26,27,28,33,34,35,36,41,42,43,44,49,50,51,2,1,3,9,10,11,12));
#611=IFCINDEXEDPOLYGONALFACE((3,1,4,6));
#612=IFCINDEXEDPOLYGONALFACE((15,14,13,8,7,6,4,5,52,48,47,46,45,40,39,38,37,32,31,30,29,24,23,22,21,16));
#613=IFCINDEXEDPOLYGONALFACE((9,3,6,7));
#614=IFCINDEXEDPOLYGONALFACE((10,9,7,8));
#615=IFCINDEXEDPOLYGONALFACE((11,10,8,13));
#616=IFCINDEXEDPOLYGONALFACE((12,11,13,14));
#617=IFCINDEXEDPOLYGONALFACE((17,12,14,15));
#618=IFCINDEXEDPOLYGONALFACE((18,17,15,16));
#619=IFCINDEXEDPOLYGONALFACE((19,18,16,21));
#620=IFCINDEXEDPOLYGONALFACE((20,19,21,22));
#621=IFCINDEXEDPOLYGONALFACE((25,20,22,23));
#622=IFCINDEXEDPOLYGONALFACE((26,25,23,24));
#623=IFCINDEXEDPOLYGONALFACE((27,26,24,29));
#624=IFCINDEXEDPOLYGONALFACE((28,27,29,30));
#625=IFCINDEXEDPOLYGONALFACE((33,28,30,31));
#626=IFCINDEXEDPOLYGONALFACE((34,33,31,32));
#627=IFCINDEXEDPOLYGONALFACE((35,34,32,37));
#628=IFCINDEXEDPOLYGONALFACE((36,35,37,38));
#629=IFCINDEXEDPOLYGONALFACE((41,36,38,39));
#630=IFCINDEXEDPOLYGONALFACE((42,41,39,40));
#631=IFCINDEXEDPOLYGONALFACE((43,42,40,45));
#632=IFCINDEXEDPOLYGONALFACE((44,43,45,46));
#633=IFCINDEXEDPOLYGONALFACE((49,44,46,47));
#634=IFCINDEXEDPOLYGONALFACE((50,49,47,48));
#635=IFCINDEXEDPOLYGONALFACE((51,50,48,52));
#636=IFCINDEXEDPOLYGONALFACE((2,51,52,5));
#637=IFCPOLYGONALFACESET(#608,$,(#609,#610,#611,#612,#613,#614,#615,#616,#617,#618,#619,#620,#621,#622,#623,#624,#625,#626,#627,#628,#629,#630,#631,#632,#633,#634,#635,#636),$);
#638=IFCCARTESIANPOINTLIST3D(((99.8394165039062,-53.1732139587402,-79.1093139648438),(99.0426635742188,-53.2800102233887,-79.1093139648438),(100.636047363281,-53.2800102233887,-79.1093139648438),(99.8394165039062,-53.1732025146484,-19.109317779541),(99.0426635742188,-53.2799949645996,-19.109317779541),(100.636047363281,-53.2799949645996,-19.109317779541),(101.37939453125,-53.5859069824219,-19.109317779541),(102.015991210938,-54.0767059326172,-19.109317779541),(101.37939453125,-53.5859184265137,-79.1093139648438),(102.015991210938,-54.076717376709,-79.1093139648438),(102.506774902344,-54.7133140563965,-79.1093139648438),(102.812805175781,-55.456615447998,-79.1093139648438),(102.506774902344,-54.7133026123047,-19.109317779541),(102.812805175781,-55.456600189209,-19.109317779541),(102.919486999512,-56.2532958984375,-19.109317779541),(102.812805175781,-57.0499992370605,-19.109317779541),(102.919486999512,-56.2533073425293,-79.1093139648438),(102.812805175781,-57.0500106811523,-79.1093139648438),(102.506774902344,-57.7934036254883,-79.1093139648438),(102.015991210938,-58.4300193786621,-79.1093139648438),(102.506774902344,-57.7933921813965,-19.109317779541),(102.015991210938,-58.4300079345703,-19.109317779541),(101.37939453125,-58.9208030700684,-19.109317779541),(100.636047363281,-59.2266998291016,-19.109317779541),(101.37939453125,-58.9208183288574,-79.1093139648438),(100.636047363281,-59.2267112731934,-79.1093139648438),(99.8394165039062,-59.3334121704102,-79.1093139648438),(99.0426635742188,-59.2267112731934,-79.1093139648438),(99.8394165039062,-59.3334045410156,-19.109317779541),(99.0426635742188,-59.2266998291016,-19.109317779541),(98.2992477416992,-58.9208030700684,-19.109317779541),(97.6626586914062,-58.4300079345703,-19.109317779541),(98.2992477416992,-58.9208183288574,-79.1093139648438),(97.6626586914062,-58.4300193786621,-79.1093139648438),(97.171875,-57.7934036254883,-79.1093139648438),(96.8660278320312,-57.0500106811523,-79.1093139648438),(97.171875,-57.7933921813965,-19.109317779541),(96.8660278320312,-57.0499992370605,-19.109317779541),(96.75927734375,-56.2532958984375,-19.109317779541),(96.8660278320312,-55.456600189209,-19.109317779541),(96.75927734375,-56.2533073425293,-79.1093139648438),(96.8660278320312,-55.456615447998,-79.1093139648438),(97.171875,-54.7133140563965,-79.1093139648438),(97.6627807617188,-54.076717376709,-79.1093139648438),(97.171875,-54.7133026123047,-19.109317779541),(97.6627807617188,-54.0767059326172,-19.109317779541),(98.2993774414062,-53.5859069824219,-19.109317779541),(98.2993774414062,-53.5859184265137,-79.1093139648438)));
#639=IFCINDEXEDPOLYGONALFACE((2,5,4,1));
#640=IFCINDEXEDPOLYGONALFACE((17,18,19,20,25,26,27,28,33,34,35,36,41,42,43,44,48,2,1,3,9,10,11,12));
#641=IFCINDEXEDPOLYGONALFACE((3,1,4,6));
#642=IFCINDEXEDPOLYGONALFACE((15,14,13,8,7,6,4,5,47,46,45,40,39,38,37,32,31,30,29,24,23,22,21,16));
#643=IFCINDEXEDPOLYGONALFACE((9,3,6,7));
#644=IFCINDEXEDPOLYGONALFACE((10,9,7,8));
#645=IFCINDEXEDPOLYGONALFACE((11,10,8,13));
#646=IFCINDEXEDPOLYGONALFACE((12,11,13,14));
#647=IFCINDEXEDPOLYGONALFACE((17,12,14,15));
#648=IFCINDEXEDPOLYGONALFACE((18,17,15,16));
#649=IFCINDEXEDPOLYGONALFACE((19,18,16,21));
#650=IFCINDEXEDPOLYGONALFACE((20,19,21,22));
#651=IFCINDEXEDPOLYGONALFACE((25,20,22,23));
#652=IFCINDEXEDPOLYGONALFACE((26,25,23,24));
#653=IFCINDEXEDPOLYGONALFACE((27,26,24,29));
#654=IFCINDEXEDPOLYGONALFACE((28,27,29,30));
#655=IFCINDEXEDPOLYGONALFACE((33,28,30,31));
#656=IFCINDEXEDPOLYGONALFACE((34,33,31,32));
#657=IFCINDEXEDPOLYGONALFACE((35,34,32,37));
#658=IFCINDEXEDPOLYGONALFACE((36,35,37,38));
#659=IFCINDEXEDPOLYGONALFACE((41,36,38,39));
#660=IFCINDEXEDPOLYGONALFACE((42,41,39,40));
#661=IFCINDEXEDPOLYGONALFACE((43,42,40,45));
#662=IFCINDEXEDPOLYGONALFACE((44,43,45,46));
#663=IFCINDEXEDPOLYGONALFACE((48,44,46,47));
#664=IFCINDEXEDPOLYGONALFACE((2,48,47,5));
#665=IFCPOLYGONALFACESET(#638,$,(#639,#640,#641,#642,#643,#644,#645,#646,#647,#648,#649,#650,#651,#652,#653,#654,#655,#656,#657,#658,#659,#660,#661,#662,#663,#664),$);
#666=IFCCARTESIANPOINTLIST3D(((-0.29901123046875,-53.1732177734375,-30.4254169464111),(-1.095703125,-53.2799224853516,-30.4254169464111),(0.4976806640625,-53.2799224853516,-30.4254169464111),(-0.29901123046875,-53.1732177734375,-10.4254188537598),(-1.095703125,-53.2799224853516,-10.4254198074341),(0.4976806640625,-53.2799224853516,-10.4254198074341),(1.24102771282196,-53.5859222412109,-10.4254198074341),(1.87762451171875,-54.0767211914062,-10.4254198074341),(1.24102771282196,-53.5859222412109,-30.4254169464111),(1.87762451171875,-54.0767211914062,-30.4254169464111),(2.36834716796875,-54.7133178710938,-30.4254169464111),(2.67425537109375,-55.4566192626953,-30.4254169464111),(2.36834716796875,-54.7133178710938,-10.4254198074341),(2.67425537109375,-55.4566192626953,-10.4254198074341),(2.78106689453125,-56.2533111572266,-10.4254198074341),(2.67425537109375,-57.0500144958496,-10.4254198074341),(2.78106689453125,-56.2533111572266,-30.4254169464111),(2.67425537109375,-57.0500144958496,-30.4254169464111),(2.36834716796875,-57.7933197021484,-30.4254169464111),(1.87762451171875,-58.4300231933594,-30.4254169464111),(2.36834716796875,-57.7933197021484,-10.4254198074341),(1.87762451171875,-58.4300231933594,-10.4254198074341),(1.24102771282196,-58.9207153320312,-10.4254198074341),(0.4976806640625,-59.2267150878906,-10.4254198074341),(1.24102771282196,-58.9207153320312,-30.4254169464111),(0.4976806640625,-59.2267150878906,-30.4254169464111),(-0.29901123046875,-59.3334159851074,-30.4254169464111),(-1.0958251953125,-59.2267150878906,-30.4254169464111),(-0.29901123046875,-59.3334159851074,-10.4254198074341),(-1.0958251953125,-59.2267150878906,-10.4254198074341),(-1.839111328125,-58.9207153320312,-10.4254198074341),(-2.47570776939392,-58.4299163818359,-10.4254198074341),(-1.839111328125,-58.9207153320312,-30.4254169464111),(-2.47570776939392,-58.4299163818359,-30.4254169464111),(-2.96649146080017,-57.7933197021484,-30.4254169464111),(-3.27239990234375,-57.0500144958496,-30.4254169464111),(-2.96649146080017,-57.7933197021484,-10.4254198074341),(-3.27239990234375,-57.0500144958496,-10.4254198074341),(-3.37908935546875,-56.2533111572266,-10.4254198074341),(-3.27239990234375,-55.4566192626953,-10.4254198074341),(-3.37908935546875,-56.2533111572266,-30.4254169464111),(-3.27239990234375,-55.4566192626953,-30.4254169464111),(-2.96636962890625,-54.7133178710938,-30.4254169464111),(-2.47570776939392,-54.0767211914062,-30.4254169464111),(-2.96636962890625,-54.7133178710938,-10.4254198074341),(-2.47570776939392,-54.0767211914062,-10.4254198074341),(-1.839111328125,-53.5859222412109,-10.4254198074341),(-1.839111328125,-53.5859222412109,-30.4254169464111)));
#667=IFCINDEXEDPOLYGONALFACE((2,5,4,1));
#668=IFCINDEXEDPOLYGONALFACE((17,18,19,20,25,26,27,28,33,34,35,36,41,42,43,44,48,2,1,3,9,10,11,12));
#669=IFCINDEXEDPOLYGONALFACE((3,1,4,6));
#670=IFCINDEXEDPOLYGONALFACE((15,14,13,8,7,6,4,5,47,46,45,40,39,38,37,32,31,30,29,24,23,22,21,16));
#671=IFCINDEXEDPOLYGONALFACE((9,3,6,7));
#672=IFCINDEXEDPOLYGONALFACE((10,9,7,8));
#673=IFCINDEXEDPOLYGONALFACE((11,10,8,13));
#674=IFCINDEXEDPOLYGONALFACE((12,11,13,14));
#675=IFCINDEXEDPOLYGONALFACE((17,12,14,15));
#676=IFCINDEXEDPOLYGONALFACE((18,17,15,16));
#677=IFCINDEXEDPOLYGONALFACE((19,18,16,21));
#678=IFCINDEXEDPOLYGONALFACE((20,19,21,22));
#679=IFCINDEXEDPOLYGONALFACE((25,20,22,23));
#680=IFCINDEXEDPOLYGONALFACE((26,25,23,24));
#681=IFCINDEXEDPOLYGONALFACE((27,26,24,29));
#682=IFCINDEXEDPOLYGONALFACE((28,27,29,30));
#683=IFCINDEXEDPOLYGONALFACE((33,28,30,31));
#684=IFCINDEXEDPOLYGONALFACE((34,33,31,32));
#685=IFCINDEXEDPOLYGONALFACE((35,34,32,37));
#686=IFCINDEXEDPOLYGONALFACE((36,35,37,38));
#687=IFCINDEXEDPOLYGONALFACE((41,36,38,39));
#688=IFCINDEXEDPOLYGONALFACE((42,41,39,40));
#689=IFCINDEXEDPOLYGONALFACE((43,42,40,45));
#690=IFCINDEXEDPOLYGONALFACE((44,43,45,46));
#691=IFCINDEXEDPOLYGONALFACE((48,44,46,47));
#692=IFCINDEXEDPOLYGONALFACE((2,48,47,5));
#693=IFCPOLYGONALFACESET(#666,$,(#667,#668,#669,#670,#671,#672,#673,#674,#675,#676,#677,#678,#679,#680,#681,#682,#683,#684,#685,#686,#687,#688,#689,#690,#691,#692),$);
#694=IFCCARTESIANPOINTLIST3D(((-91.6680297851562,-75.1515274047852,208.471786499023),(-90.2964477539062,-76.5232315063477,208.471786499023),(-93.2557983398438,-74.0287246704102,208.471786499023),(-91.6680297851562,-75.1515274047852,8.4718132019043),(-90.2964477539062,-76.5232315063477,8.4718132019043),(-93.2557983398438,-74.0287246704102,8.47181415557861),(-95.0271606445312,-73.1870193481445,8.47181415557861),(-96.9498901367188,-72.6584243774414,8.47181415557861),(-95.0271606445312,-73.1870193481445,208.471786499023),(-96.9498901367188,-72.6584243774414,208.471786499023),(-99.,-72.4749221801758,208.471786499023),(-101.037536621094,-72.6584243774414,208.471786499023),(-99.,-72.4749221801758,8.47181415557861),(-101.037536621094,-72.6584243774414,8.47181415557861),(-102.960266113281,-73.1870193481445,8.47181415557861),(-104.731384277344,-74.0287246704102,8.47181415557861),(-102.960266113281,-73.1870193481445,208.471786499023),(-104.731384277344,-74.0287246704102,208.471786499023),(-106.319152832031,-75.1515274047852,208.471786499023),(-107.690727233887,-76.5232315063477,208.471786499023),(-106.319152832031,-75.1515274047852,8.4718132019043),(-107.690727233887,-76.5232315063477,8.4718132019043),(-108.813529968262,-78.1109237670898,8.4718132019043),(-109.655334472656,-79.8822250366211,8.4718132019043),(-108.813529968262,-78.1109237670898,208.471786499023),(-109.655334472656,-79.8822250366211,208.471786499023),(-110.183898925781,-81.8049240112305,208.471786499023),(-110.367492675781,-83.8487319946289,208.471786499023),(-110.183898925781,-81.8049240112305,8.4718132019043),(-110.367492675781,-83.8487319946289,8.4718132019043),(-110.183898925781,-85.8925247192383,8.4718132019043),(-109.655334472656,-87.8152160644531,8.4718132019043),(-110.183898925781,-85.8925247192383,208.471786499023),(-109.655334472656,-87.8152160644531,208.471786499023),(-108.813529968262,-89.5865173339844,208.471786499023),(-107.690727233887,-91.1742324829102,208.471786499023),(-108.813529968262,-89.5865173339844,8.4718132019043),(-107.690727233887,-91.1742324829102,8.4718132019043),(-106.319152832031,-92.5458297729492,8.4718132019043),(-104.731384277344,-93.6687240600586,8.4718132019043),(-106.319152832031,-92.5458297729492,208.471786499023),(-104.731384277344,-93.6687240600586,208.471786499023),(-102.960266113281,-94.5104293823242,208.471786499023),(-101.037536621094,-95.0390243530273,208.471786499023),(-102.960266113281,-94.5104293823242,8.4718132019043),(-101.037536621094,-95.0390243530273,8.4718132019043),(-99.,-95.222526550293,8.4718132019043),(-96.9498901367188,-95.0390243530273,8.4718132019043),(-99.,-95.222526550293,208.471786499023),(-96.9498901367188,-95.0390243530273,208.471786499023),(-95.0271606445312,-94.5104293823242,208.471786499023),(-93.2557983398438,-93.6687240600586,208.471786499023),(-95.0271606445312,-94.5104293823242,8.4718132019043),(-93.2557983398438,-93.6687240600586,8.4718132019043),(-91.6680297851562,-92.5458297729492,8.4718132019043),(-90.2964477539062,-91.1742324829102,8.4718132019043),(-91.6680297851562,-92.5458297729492,208.471786499023),(-90.2964477539062,-91.1742324829102,208.471786499023),(-89.1736450195312,-89.5865173339844,208.471786499023),(-88.3320922851562,-87.8152160644531,208.471786499023),(-89.1736450195312,-89.5865173339844,8.4718132019043),(-88.3320922851562,-87.8152160644531,8.4718132019043),(-87.8034057617188,-85.8925247192383,8.4718132019043),(-87.6199340820312,-83.8487319946289,8.4718132019043),(-87.8034057617188,-85.8925247192383,208.471786499023),(-87.6199340820312,-83.8487319946289,208.471786499023),(-87.8034057617188,-81.8049240112305,208.471786499023),(-88.3320922851562,-79.8822250366211,208.471786499023),(-87.8034057617188,-81.8049240112305,8.4718132019043),(-88.3320922851562,-79.8822250366211,8.4718132019043),(-89.1736450195312,-78.1109237670898,8.4718132019043),(-89.1736450195312,-78.1109237670898,208.471786499023)));
#695=IFCINDEXEDPOLYGONALFACE((2,5,4,1));
#696=IFCINDEXEDPOLYGONALFACE((11,12,17,18,19,20,25,26,27,28,33,34,35,36,41,42,43,44,49,50,51,52,57,58,59,60,65,66,67,68,72,2,1,3,9,10));
#697=IFCINDEXEDPOLYGONALFACE((3,1,4,6));
#698=IFCINDEXEDPOLYGONALFACE((13,8,7,6,4,5,71,70,69,64,63,62,61,56,55,54,53,48,47,46,45,40,39,38,37,32,31,30,29,24,23,22,21,16,15,14));
#699=IFCINDEXEDPOLYGONALFACE((9,3,6,7));
#700=IFCINDEXEDPOLYGONALFACE((10,9,7,8));
#701=IFCINDEXEDPOLYGONALFACE((11,10,8,13));
#702=IFCINDEXEDPOLYGONALFACE((12,11,13,14));
#703=IFCINDEXEDPOLYGONALFACE((17,12,14,15));
#704=IFCINDEXEDPOLYGONALFACE((18,17,15,16));
#705=IFCINDEXEDPOLYGONALFACE((19,18,16,21));
#706=IFCINDEXEDPOLYGONALFACE((20,19,21,22));
#707=IFCINDEXEDPOLYGONALFACE((25,20,22,23));
#708=IFCINDEXEDPOLYGONALFACE((26,25,23,24));
#709=IFCINDEXEDPOLYGONALFACE((27,26,24,29));
#710=IFCINDEXEDPOLYGONALFACE((28,27,29,30));
#711=IFCINDEXEDPOLYGONALFACE((33,28,30,31));
#712=IFCINDEXEDPOLYGONALFACE((34,33,31,32));
#713=IFCINDEXEDPOLYGONALFACE((35,34,32,37));
#714=IFCINDEXEDPOLYGONALFACE((36,35,37,38));
#715=IFCINDEXEDPOLYGONALFACE((41,36,38,39));
#716=IFCINDEXEDPOLYGONALFACE((42,41,39,40));
#717=IFCINDEXEDPOLYGONALFACE((43,42,40,45));
#718=IFCINDEXEDPOLYGONALFACE((44,43,45,46));
#719=IFCINDEXEDPOLYGONALFACE((49,44,46,47));
#720=IFCINDEXEDPOLYGONALFACE((50,49,47,48));
#721=IFCINDEXEDPOLYGONALFACE((51,50,48,53));
#722=IFCINDEXEDPOLYGONALFACE((52,51,53,54));
#723=IFCINDEXEDPOLYGONALFACE((57,52,54,55));
#724=IFCINDEXEDPOLYGONALFACE((58,57,55,56));
#725=IFCINDEXEDPOLYGONALFACE((59,58,56,61));
#726=IFCINDEXEDPOLYGONALFACE((60,59,61,62));
#727=IFCINDEXEDPOLYGONALFACE((65,60,62,63));
#728=IFCINDEXEDPOLYGONALFACE((66,65,63,64));
#729=IFCINDEXEDPOLYGONALFACE((67,66,64,69));
#730=IFCINDEXEDPOLYGONALFACE((68,67,69,70));
#731=IFCINDEXEDPOLYGONALFACE((72,68,70,71));
#732=IFCINDEXEDPOLYGONALFACE((2,72,71,5));
#733=IFCPOLYGONALFACESET(#694,$,(#695,#696,#697,#698,#699,#700,#701,#702,#703,#704,#705,#706,#707,#708,#709,#710,#711,#712,#713,#714,#715,#716,#717,#718,#719,#720,#721,#722,#723,#724,#725,#726,#727,#728,#729,#730,#731,#732),$);
#734=IFCCARTESIANPOINTLIST3D(((-132.673873901367,-4.,-32.527099609375),(-132.673873901367,-4.,32.5267944335938),(132.673095703125,-4.,-32.527099609375),(-132.673873901367,0.,-32.527099609375),(-132.673873901367,0.,32.5267944335938),(132.673095703125,0.,-32.527099609375),(132.673095703125,0.,32.5267944335938),(132.673095703125,-4.,32.5267944335938)));
#735=IFCINDEXEDPOLYGONALFACE((2,1,4,5));
#736=IFCINDEXEDPOLYGONALFACE((1,2,8,3));
#737=IFCINDEXEDPOLYGONALFACE((1,3,6,4));
#738=IFCINDEXEDPOLYGONALFACE((4,6,7,5));
#739=IFCINDEXEDPOLYGONALFACE((3,8,7,6));
#740=IFCINDEXEDPOLYGONALFACE((8,2,5,7));
#741=IFCPOLYGONALFACESET(#734,$,(#735,#736,#737,#738,#739,#740),$);
#742=IFCCARTESIANPOINTLIST3D(((-101.236877441406,-36.1117210388184,-50.608642578125),(-104.736869812012,-37.0495262145996,-50.608642578125),(-101.236877441406,-36.1117057800293,-426.653503417969),(-97.7368774414062,-37.0495262145996,-50.608642578125),(-95.1746215820312,-39.6117210388184,-50.608642578125),(-97.7368774414062,-37.0495109558105,-426.588500976562),(-95.1746215820312,-39.6117057800293,-426.433410644531),(-97.7009811401367,-37.698314666748,-432.219604492188),(-101.199768066406,-36.7826957702637,-432.477722167969),(-95.1417846679688,-40.2071952819824,-431.602203369141),(-97.5928344726562,-39.6634941101074,-437.720520019531),(-101.086975097656,-38.8340873718262,-438.2197265625),(-95.0449829101562,-41.9665946960449,-436.526733398438),(-97.4234008789062,-42.7419853210449,-442.567321777344),(-100.909973144531,-42.046703338623,-443.277679443359),(-94.8931274414062,-44.724193572998,-440.868408203125),(-97.2012329101562,-46.7753105163574,-446.606597900391),(-100.678283691406,-46.2552909851074,-447.492614746094),(-94.6941528320312,-48.3386039733887,-444.488342285156),(-96.9348678588867,-51.6150016784668,-449.689819335938),(-100.400085449219,-51.3058891296387,-450.710144042969),(-94.4553833007812,-52.6737937927246,-447.249969482422),(-96.6323852539062,-57.1074028015137,-451.657928466797),(-100.084526062012,-57.0389976501465,-452.764404296875),(-94.1846313476562,-57.5908012390137,-449.012023925781),(-96.3228149414062,-62.7293930053711,-452.307525634766),(-99.7642211914062,-62.853889465332,-453.436340332031),(-93.9004516601562,-62.7515068054199,-449.608337402344),(-96.2632446289062,-63.8098983764648,-452.307525634766),(-99.6976852416992,-64.064094543457,-453.436340332031),(-93.8580932617188,-63.5219917297363,-449.608337402344),(-95.9536743164062,-69.431999206543,-451.657928466797),(-99.3775024414062,-69.8789901733398,-452.764404296875),(-93.5739135742188,-68.6827926635742,-449.012023925781),(-95.6514282226562,-74.9244003295898,-449.689819335938),(-99.0618286132812,-75.6120986938477,-450.710205078125),(-93.3030395507812,-73.5997924804688,-447.249969482422),(-95.3848266601562,-79.7639999389648,-446.606719970703),(-98.7837448120117,-80.6626892089844,-447.492706298828),(-93.0643920898438,-77.9348983764648,-444.488342285156),(-95.1629028320312,-83.7973937988281,-442.567321777344),(-98.5520629882812,-84.8711929321289,-443.27783203125),(-92.8655395507812,-81.5494003295898,-440.868408203125),(-95.,-86.8758926391602,-437.720428466797),(-98.3750610351562,-88.0839004516602,-438.219604492188),(-92.7136840820312,-84.3069915771484,-436.526733398438),(-94.8850708007812,-88.841194152832,-432.219604492188),(-98.2622680664062,-90.1352920532227,-432.477722167969),(-92.6167602539062,-86.0663986206055,-431.602203369141),(-94.8494262695312,-89.4898834228516,-426.588623046875),(-98.2251586914062,-90.8062973022461,-426.653503417969),(-92.5840454101562,-86.6619033813477,-426.433410644531),(-94.8494262695312,-89.4899063110352,-7.17340469360352),(-98.2254028320312,-90.8063201904297,-7.17340517044067),(-92.5840454101562,-86.6619186401367,-7.17340469360352),(-92.0361862182617,-83.0801239013672,-7.17340469360352),(-93.3525924682617,-79.7042236328125,-7.17340421676636),(-92.0361862182617,-83.0801010131836,-426.229522705078),(-92.0650024414062,-82.5545883178711,-430.791015625),(-93.3525924682617,-79.7042083740234,-426.031524658203),(-93.3777465820312,-79.2465896606445,-430.),(-96.1804809570312,-77.4387969970703,-425.892639160156),(-99.7622680664062,-76.8908996582031,-425.849822998047),(-96.1804809570312,-77.4388122558594,-7.17340421676636),(-96.2031860351562,-77.0288925170898,-429.450500488281),(-96.2604370117188,-75.9870986938477,-432.366516113281),(-99.7839965820312,-76.4956893920898,-429.280426025391),(-99.8383178710938,-75.5105972290039,-432.037536621094),(-103.161193847656,-77.7898941040039,-429.538635253906),(-103.220031738281,-76.7186965942383,-432.536773681641),(-105.429504394531,-80.5645980834961,-430.155914306641),(-103.138244628906,-78.2072982788086,-425.914733886719),(-105.403625488281,-81.0353088378906,-426.06982421875),(-103.138244628906,-78.2073135375977,-7.17340421676636),(-105.403625488281,-81.0354156494141,-7.17340469360352),(-99.7623901367188,-76.8909072875977,-7.17340421676636),(-105.951477050781,-84.6172180175781,-7.17340469360352),(-104.635070800781,-88.,-7.17340469360352),(-105.951477050781,-84.6171951293945,-426.273803710938),(-105.981262207031,-84.0764999389648,-430.967102050781),(-104.635070800781,-88.,-426.471740722656),(-104.668510437012,-87.384391784668,-431.754608154297),(-101.806945800781,-90.2583999633789,-426.610717773438),(-101.843078613281,-89.6020812988281,-432.3076171875),(-101.807182312012,-90.2584228515625,-7.17340469360352),(-101.952941894531,-87.6074905395508,-437.890625),(-102.125061035156,-84.4831924438477,-442.809509277344),(-104.768127441406,-85.5741958618164,-436.821533203125),(-104.924377441406,-82.7372970581055,-441.287902832031),(-106.066467285156,-82.5288925170898,-435.298828125),(-106.200126647949,-80.1012878417969,-439.120727539062),(-105.499809265137,-79.2874908447266,-433.730529785156),(-105.610168457031,-77.2815017700195,-436.888732910156),(-105.755187988281,-74.6483993530273,-439.525939941406),(-103.312927246094,-75.0335922241211,-435.189727783203),(-103.434875488281,-72.8192977905273,-437.407409667969),(-99.9236450195312,-73.9596939086914,-434.479309082031),(-100.035949707031,-71.9206008911133,-436.521514892578),(-96.3506469726562,-74.3476943969727,-434.947479248047),(-96.4692993164062,-72.1931991577148,-437.105377197266),(-93.5513305664062,-76.0935897827148,-436.469116210938),(-92.2756958007812,-78.7295837402344,-438.636291503906),(-93.4451293945312,-78.020393371582,-433.435699462891),(-93.6904830932617,-73.5638961791992,-439.),(-93.8572387695312,-70.5351028442383,-440.932434082031),(-92.4443969726562,-75.6654891967773,-441.705017089844),(-92.6465377807617,-72.,-444.044616699219),(-92.8755493164062,-67.8320999145508,-445.535705566406),(-93.1265258789062,-63.2774848937988,-446.062133789062),(-94.0461959838867,-67.1079940795898,-442.160614013672),(-94.2644653320312,-63.141788482666,-442.618896484375),(-96.7715454101562,-66.7044906616211,-439.790893554688),(-100.321838378906,-66.7295913696289,-439.061614990234),(-96.6111450195312,-69.6162033081055,-438.747314453125),(-96.9672241210938,-63.1513938903809,-440.201538085938),(-96.9501266479492,-63.4612922668457,-440.201538085938),(-100.510437011719,-63.3035926818848,-439.45751953125),(-100.488578796387,-63.6989974975586,-439.45751953125),(-103.944885253906,-63.5577926635742,-440.586303710938),(-103.930236816406,-63.8234939575195,-440.586303710938),(-106.350036621094,-63.8456993103027,-443.285522460938),(-103.745422363281,-67.1765975952148,-440.168212890625),(-106.125419616699,-67.9257888793945,-442.814025878906),(-103.580627441406,-70.1704025268555,-439.09521484375),(-105.928771972656,-71.495002746582,-441.535034179688),(-100.170227050781,-69.4826889038086,-438.074829101562),(-106.585510253906,-73.1016006469727,-444.740417480469),(-105.374694824219,-74.559700012207,-447.852569580078),(-106.375427246094,-76.9177932739258,-442.309143066406),(-106.823791503906,-68.7763900756836,-446.290344238281),(-107.081726074219,-64.0902938842773,-446.831817626953),(-105.653137207031,-69.5004959106445,-449.665405273438),(-105.943664550781,-64.2258987426758,-450.274871826172),(-102.927795410156,-69.9040908813477,-452.035125732422),(-103.241027832031,-64.2162933349609,-452.692443847656),(-102.620788574219,-75.4785995483398,-450.037719726562),(-102.350402832031,-80.3900985717773,-446.908721923828),(-105.129089355469,-79.019401550293,-445.011413574219),(-103.302795410156,-63.0915870666504,-452.692291259766),(-103.616027832031,-57.4038047790527,-452.035125732422),(-106.,-63.3788948059082,-450.274871826172),(-106.280700683594,-58.1041984558105,-449.665405273438),(-107.106628417969,-63.6386985778809,-446.831817626953),(-107.364555358887,-58.9524040222168,-446.290344238281),(-106.352600097656,-63.8013954162598,-443.285522460938),(-106.577087402344,-59.7212028503418,-442.814025878906),(-106.773742675781,-56.1520957946777,-441.535034179688),(-104.129455566406,-60.2045974731445,-440.168212890625),(-104.294250488281,-57.2109031677246,-439.09521484375),(-100.677307128906,-60.2730941772461,-439.061614990234),(-100.828796386719,-57.5200004577637,-438.074829101562),(-97.1456909179688,-59.9083061218262,-439.790893554688),(-97.3059692382812,-57.,-438.747314453125),(-94.4811401367188,-59.2078971862793,-442.160614013672),(-93.3972778320312,-58.3597068786621,-445.535705566406),(-94.2627563476562,-63.1740951538086,-442.618896484375),(-94.6697387695312,-55.7808036804199,-440.932434082031),(-94.8364791870117,-52.7519950866699,-439.),(-93.6262741088867,-54.1986045837402,-444.044616699219),(-93.8284301757812,-50.5262870788574,-441.705017089844),(-94.,-47.4622001647949,-438.636291503906),(-94.1257934570312,-45.1261100769043,-434.958435058594),(-94.9758911132812,-50.2223014831543,-436.469116210938),(-95.0818481445312,-48.2955131530762,-433.435577392578),(-97.5665893554688,-52.2649955749512,-434.947479248047),(-101.075500488281,-53.0429916381836,-434.479309082031),(-97.4479370117188,-54.4195976257324,-437.105377197266),(-97.6567916870117,-50.6255912780762,-432.366516113281),(-97.7141723632812,-49.583812713623,-429.450500488281),(-101.160827636719,-51.4919853210449,-432.037536621094),(-101.215026855469,-50.506908416748,-429.280426025391),(-104.654838562012,-50.6626091003418,-432.536712646484),(-104.713806152344,-49.5914115905762,-429.538635253906),(-107.202697753906,-48.359504699707,-433.730529785156),(-104.562072753906,-52.3476982116699,-435.189727783203),(-107.092346191406,-50.3656120300293,-436.888732910156),(-104.440124511719,-54.5619926452637,-437.407531738281),(-106.947326660156,-53.,-439.525939941406),(-100.963188171387,-55.0820999145508,-436.521514892578),(-107.812927246094,-50.811107635498,-442.309143066406),(-106.804992675781,-48.5853080749512,-445.011413574219),(-107.602722167969,-54.6273002624512,-444.740325927734),(-107.988098144531,-47.627513885498,-439.120727539062),(-108.121887207031,-45.1999931335449,-435.298828125),(-107.,-44.8674125671387,-441.287902832031),(-107.165832519531,-42.030590057373,-436.821533203125),(-104.418762207031,-42.8246879577637,-442.809509277344),(-104.590881347656,-39.700511932373,-437.890716552734),(-104.193420410156,-46.917797088623,-446.908721923828),(-103.923034667969,-51.8292961120605,-450.037628173828),(-106.559387207031,-53.044994354248,-447.8525390625),(-104.700744628906,-37.7059135437012,-432.3076171875),(-107.265441894531,-40.220287322998,-431.754608154297),(-104.736869812012,-37.0495109558105,-426.610717773438),(-107.298889160156,-39.6117057800293,-426.471740722656),(-107.299011230469,-39.6117210388184,-50.608642578125),(-108.236869812012,-43.1117057800293,-426.273742675781),(-108.236869812012,-43.1117210388184,-50.6086463928223),(-107.298889160156,-46.6117057800293,-426.06982421875),(-108.207092285156,-43.6523857116699,-430.967102050781),(-107.273132324219,-47.0825004577637,-430.155914306641),(-107.299133300781,-46.6117210388184,-50.6086463928223),(-104.736869812012,-49.173900604248,-425.914733886719),(-104.736869812012,-49.1739158630371,-50.6086463928223),(-101.236877441406,-50.1117057800293,-425.849822998047),(-101.236877441406,-50.1117210388184,-50.6086463928223),(-97.7368774414062,-49.173900604248,-425.892639160156),(-97.7368774414062,-49.1739158630371,-50.6086463928223),(-95.1746215820312,-46.6117057800293,-426.031524658203),(-95.1746215820312,-46.6117210388184,-50.6086463928223),(-94.2368774414062,-43.1117057800293,-426.229522705078),(-95.1494750976562,-47.0692863464355,-430.),(-94.2078247070312,-43.6371879577637,-430.791015625),(-94.2368774414062,-43.1117210388184,-50.6086463928223),(-93.1464233398438,-62.9142990112305,-446.062133789062),(-92.1470336914062,-81.0656967163086,-434.958435058594)));
#743=IFCINDEXEDPOLYGONALFACE((2,196,198,202,204,206,208,210,214,5,4,1));
#744=IFCINDEXEDPOLYGONALFACE((1,3,194,2));
#745=IFCINDEXEDPOLYGONALFACE((4,6,3,1));
#746=IFCINDEXEDPOLYGONALFACE((5,7,6,4));
#747=IFCINDEXEDPOLYGONALFACE((7,10,8,6));
#748=IFCINDEXEDPOLYGONALFACE((6,8,9,3));
#749=IFCINDEXEDPOLYGONALFACE((8,11,12,9));
#750=IFCINDEXEDPOLYGONALFACE((10,13,11,8));
#751=IFCINDEXEDPOLYGONALFACE((11,14,15,12));
#752=IFCINDEXEDPOLYGONALFACE((13,16,14,11));
#753=IFCINDEXEDPOLYGONALFACE((14,17,18,15));
#754=IFCINDEXEDPOLYGONALFACE((16,19,17,14));
#755=IFCINDEXEDPOLYGONALFACE((17,20,21,18));
#756=IFCINDEXEDPOLYGONALFACE((19,22,20,17));
#757=IFCINDEXEDPOLYGONALFACE((20,23,24,21));
#758=IFCINDEXEDPOLYGONALFACE((22,25,23,20));
#759=IFCINDEXEDPOLYGONALFACE((23,26,27,24));
#760=IFCINDEXEDPOLYGONALFACE((25,28,26,23));
#761=IFCINDEXEDPOLYGONALFACE((26,29,30,27));
#762=IFCINDEXEDPOLYGONALFACE((28,31,29,26));
#763=IFCINDEXEDPOLYGONALFACE((29,32,33,30));
#764=IFCINDEXEDPOLYGONALFACE((31,34,32,29));
#765=IFCINDEXEDPOLYGONALFACE((32,35,36,33));
#766=IFCINDEXEDPOLYGONALFACE((34,37,35,32));
#767=IFCINDEXEDPOLYGONALFACE((35,38,39,36));
#768=IFCINDEXEDPOLYGONALFACE((37,40,38,35));
#769=IFCINDEXEDPOLYGONALFACE((38,41,42,39));
#770=IFCINDEXEDPOLYGONALFACE((40,43,41,38));
#771=IFCINDEXEDPOLYGONALFACE((41,44,45,42));
#772=IFCINDEXEDPOLYGONALFACE((43,46,44,41));
#773=IFCINDEXEDPOLYGONALFACE((44,47,48,45));
#774=IFCINDEXEDPOLYGONALFACE((46,49,47,44));
#775=IFCINDEXEDPOLYGONALFACE((47,50,51,48));
#776=IFCINDEXEDPOLYGONALFACE((49,52,50,47));
#777=IFCINDEXEDPOLYGONALFACE((50,53,54,51));
#778=IFCINDEXEDPOLYGONALFACE((52,55,53,50));
#779=IFCINDEXEDPOLYGONALFACE((78,85,54,53,55,56,57,64,76,74,75,77));
#780=IFCINDEXEDPOLYGONALFACE((58,56,55,52));
#781=IFCINDEXEDPOLYGONALFACE((60,57,56,58));
#782=IFCINDEXEDPOLYGONALFACE((59,58,52,49));
#783=IFCINDEXEDPOLYGONALFACE((61,60,58,59));
#784=IFCINDEXEDPOLYGONALFACE((65,62,60,61));
#785=IFCINDEXEDPOLYGONALFACE((62,64,57,60));
#786=IFCINDEXEDPOLYGONALFACE((63,76,64,62));
#787=IFCINDEXEDPOLYGONALFACE((67,63,62,65));
#788=IFCINDEXEDPOLYGONALFACE((66,65,61,103));
#789=IFCINDEXEDPOLYGONALFACE((68,67,65,66));
#790=IFCINDEXEDPOLYGONALFACE((70,69,67,68));
#791=IFCINDEXEDPOLYGONALFACE((69,72,63,67));
#792=IFCINDEXEDPOLYGONALFACE((92,71,69,70));
#793=IFCINDEXEDPOLYGONALFACE((71,73,72,69));
#794=IFCINDEXEDPOLYGONALFACE((73,75,74,72));
#795=IFCINDEXEDPOLYGONALFACE((72,74,76,63));
#796=IFCINDEXEDPOLYGONALFACE((79,77,75,73));
#797=IFCINDEXEDPOLYGONALFACE((81,78,77,79));
#798=IFCINDEXEDPOLYGONALFACE((80,79,73,71));
#799=IFCINDEXEDPOLYGONALFACE((82,81,79,80));
#800=IFCINDEXEDPOLYGONALFACE((84,83,81,82));
#801=IFCINDEXEDPOLYGONALFACE((83,85,78,81));
#802=IFCINDEXEDPOLYGONALFACE((48,51,83,84));
#803=IFCINDEXEDPOLYGONALFACE((51,54,85,83));
#804=IFCINDEXEDPOLYGONALFACE((45,48,84,86));
#805=IFCINDEXEDPOLYGONALFACE((86,84,82,88));
#806=IFCINDEXEDPOLYGONALFACE((87,86,88,89));
#807=IFCINDEXEDPOLYGONALFACE((42,45,86,87));
#808=IFCINDEXEDPOLYGONALFACE((89,88,90,91));
#809=IFCINDEXEDPOLYGONALFACE((88,82,80,90));
#810=IFCINDEXEDPOLYGONALFACE((91,90,92,93));
#811=IFCINDEXEDPOLYGONALFACE((90,80,71,92));
#812=IFCINDEXEDPOLYGONALFACE((93,92,70,95));
#813=IFCINDEXEDPOLYGONALFACE((94,93,95,96));
#814=IFCINDEXEDPOLYGONALFACE((129,91,93,94));
#815=IFCINDEXEDPOLYGONALFACE((96,95,97,98));
#816=IFCINDEXEDPOLYGONALFACE((95,70,68,97));
#817=IFCINDEXEDPOLYGONALFACE((98,97,99,100));
#818=IFCINDEXEDPOLYGONALFACE((97,68,66,99));
#819=IFCINDEXEDPOLYGONALFACE((100,99,101,104));
#820=IFCINDEXEDPOLYGONALFACE((99,66,103,101));
#821=IFCINDEXEDPOLYGONALFACE((101,103,216,102));
#822=IFCINDEXEDPOLYGONALFACE((104,101,102,106));
#823=IFCINDEXEDPOLYGONALFACE((105,104,106,107));
#824=IFCINDEXEDPOLYGONALFACE((114,100,104,105));
#825=IFCINDEXEDPOLYGONALFACE((107,106,40,37));
#826=IFCINDEXEDPOLYGONALFACE((106,102,43,40));
#827=IFCINDEXEDPOLYGONALFACE((110,105,107,108));
#828=IFCINDEXEDPOLYGONALFACE((108,107,37,34));
#829=IFCINDEXEDPOLYGONALFACE((109,108,34,31));
#830=IFCINDEXEDPOLYGONALFACE((111,110,108,109));
#831=IFCINDEXEDPOLYGONALFACE((115,112,110,111));
#832=IFCINDEXEDPOLYGONALFACE((112,114,105,110));
#833=IFCINDEXEDPOLYGONALFACE((113,126,114,112));
#834=IFCINDEXEDPOLYGONALFACE((117,113,112,115));
#835=IFCINDEXEDPOLYGONALFACE((116,115,111,156));
#836=IFCINDEXEDPOLYGONALFACE((118,117,115,116));
#837=IFCINDEXEDPOLYGONALFACE((120,119,117,118));
#838=IFCINDEXEDPOLYGONALFACE((119,122,113,117));
#839=IFCINDEXEDPOLYGONALFACE((145,121,119,120));
#840=IFCINDEXEDPOLYGONALFACE((121,123,122,119));
#841=IFCINDEXEDPOLYGONALFACE((123,125,124,122));
#842=IFCINDEXEDPOLYGONALFACE((122,124,126,113));
#843=IFCINDEXEDPOLYGONALFACE((125,94,96,124));
#844=IFCINDEXEDPOLYGONALFACE((124,96,98,126));
#845=IFCINDEXEDPOLYGONALFACE((126,98,100,114));
#846=IFCINDEXEDPOLYGONALFACE((130,127,125,123));
#847=IFCINDEXEDPOLYGONALFACE((127,129,94,125));
#848=IFCINDEXEDPOLYGONALFACE((128,138,129,127));
#849=IFCINDEXEDPOLYGONALFACE((132,128,127,130));
#850=IFCINDEXEDPOLYGONALFACE((131,130,123,121));
#851=IFCINDEXEDPOLYGONALFACE((133,132,130,131));
#852=IFCINDEXEDPOLYGONALFACE((135,134,132,133));
#853=IFCINDEXEDPOLYGONALFACE((134,136,128,132));
#854=IFCINDEXEDPOLYGONALFACE((30,33,134,135));
#855=IFCINDEXEDPOLYGONALFACE((33,36,136,134));
#856=IFCINDEXEDPOLYGONALFACE((36,39,137,136));
#857=IFCINDEXEDPOLYGONALFACE((136,137,138,128));
#858=IFCINDEXEDPOLYGONALFACE((39,42,87,137));
#859=IFCINDEXEDPOLYGONALFACE((137,87,89,138));
#860=IFCINDEXEDPOLYGONALFACE((138,89,91,129));
#861=IFCINDEXEDPOLYGONALFACE((27,30,135,139));
#862=IFCINDEXEDPOLYGONALFACE((139,135,133,141));
#863=IFCINDEXEDPOLYGONALFACE((140,139,141,142));
#864=IFCINDEXEDPOLYGONALFACE((24,27,139,140));
#865=IFCINDEXEDPOLYGONALFACE((142,141,143,144));
#866=IFCINDEXEDPOLYGONALFACE((141,133,131,143));
#867=IFCINDEXEDPOLYGONALFACE((144,143,145,146));
#868=IFCINDEXEDPOLYGONALFACE((143,131,121,145));
#869=IFCINDEXEDPOLYGONALFACE((146,145,120,148));
#870=IFCINDEXEDPOLYGONALFACE((147,146,148,149));
#871=IFCINDEXEDPOLYGONALFACE((182,144,146,147));
#872=IFCINDEXEDPOLYGONALFACE((149,148,150,151));
#873=IFCINDEXEDPOLYGONALFACE((148,120,118,150));
#874=IFCINDEXEDPOLYGONALFACE((151,150,152,153));
#875=IFCINDEXEDPOLYGONALFACE((150,118,116,152));
#876=IFCINDEXEDPOLYGONALFACE((153,152,154,157));
#877=IFCINDEXEDPOLYGONALFACE((152,116,156,154));
#878=IFCINDEXEDPOLYGONALFACE((154,156,215,155));
#879=IFCINDEXEDPOLYGONALFACE((157,154,155,159));
#880=IFCINDEXEDPOLYGONALFACE((158,157,159,160));
#881=IFCINDEXEDPOLYGONALFACE((167,153,157,158));
#882=IFCINDEXEDPOLYGONALFACE((160,159,22,19));
#883=IFCINDEXEDPOLYGONALFACE((159,155,25,22));
#884=IFCINDEXEDPOLYGONALFACE((163,158,160,161));
#885=IFCINDEXEDPOLYGONALFACE((161,160,19,16));
#886=IFCINDEXEDPOLYGONALFACE((162,161,16,13));
#887=IFCINDEXEDPOLYGONALFACE((164,163,161,162));
#888=IFCINDEXEDPOLYGONALFACE((168,165,163,164));
#889=IFCINDEXEDPOLYGONALFACE((165,167,158,163));
#890=IFCINDEXEDPOLYGONALFACE((166,179,167,165));
#891=IFCINDEXEDPOLYGONALFACE((170,166,165,168));
#892=IFCINDEXEDPOLYGONALFACE((169,168,164,212));
#893=IFCINDEXEDPOLYGONALFACE((171,170,168,169));
#894=IFCINDEXEDPOLYGONALFACE((173,172,170,171));
#895=IFCINDEXEDPOLYGONALFACE((172,175,166,170));
#896=IFCINDEXEDPOLYGONALFACE((201,174,172,173));
#897=IFCINDEXEDPOLYGONALFACE((174,176,175,172));
#898=IFCINDEXEDPOLYGONALFACE((176,178,177,175));
#899=IFCINDEXEDPOLYGONALFACE((175,177,179,166));
#900=IFCINDEXEDPOLYGONALFACE((178,147,149,177));
#901=IFCINDEXEDPOLYGONALFACE((177,149,151,179));
#902=IFCINDEXEDPOLYGONALFACE((179,151,153,167));
#903=IFCINDEXEDPOLYGONALFACE((183,180,178,176));
#904=IFCINDEXEDPOLYGONALFACE((180,182,147,178));
#905=IFCINDEXEDPOLYGONALFACE((181,191,182,180));
#906=IFCINDEXEDPOLYGONALFACE((185,181,180,183));
#907=IFCINDEXEDPOLYGONALFACE((184,183,176,174));
#908=IFCINDEXEDPOLYGONALFACE((186,185,183,184));
#909=IFCINDEXEDPOLYGONALFACE((188,187,185,186));
#910=IFCINDEXEDPOLYGONALFACE((187,189,181,185));
#911=IFCINDEXEDPOLYGONALFACE((12,15,187,188));
#912=IFCINDEXEDPOLYGONALFACE((15,18,189,187));
#913=IFCINDEXEDPOLYGONALFACE((18,21,190,189));
#914=IFCINDEXEDPOLYGONALFACE((189,190,191,181));
#915=IFCINDEXEDPOLYGONALFACE((21,24,140,190));
#916=IFCINDEXEDPOLYGONALFACE((190,140,142,191));
#917=IFCINDEXEDPOLYGONALFACE((191,142,144,182));
#918=IFCINDEXEDPOLYGONALFACE((9,12,188,192));
#919=IFCINDEXEDPOLYGONALFACE((192,188,186,193));
#920=IFCINDEXEDPOLYGONALFACE((3,9,192,194));
#921=IFCINDEXEDPOLYGONALFACE((194,192,193,195));
#922=IFCINDEXEDPOLYGONALFACE((2,194,195,196));
#923=IFCINDEXEDPOLYGONALFACE((196,195,197,198));
#924=IFCINDEXEDPOLYGONALFACE((195,193,200,197));
#925=IFCINDEXEDPOLYGONALFACE((198,197,199,202));
#926=IFCINDEXEDPOLYGONALFACE((197,200,201,199));
#927=IFCINDEXEDPOLYGONALFACE((193,186,184,200));
#928=IFCINDEXEDPOLYGONALFACE((200,184,174,201));
#929=IFCINDEXEDPOLYGONALFACE((199,201,173,203));
#930=IFCINDEXEDPOLYGONALFACE((202,199,203,204));
#931=IFCINDEXEDPOLYGONALFACE((204,203,205,206));
#932=IFCINDEXEDPOLYGONALFACE((203,173,171,205));
#933=IFCINDEXEDPOLYGONALFACE((206,205,207,208));
#934=IFCINDEXEDPOLYGONALFACE((205,171,169,207));
#935=IFCINDEXEDPOLYGONALFACE((208,207,209,210));
#936=IFCINDEXEDPOLYGONALFACE((207,169,212,209));
#937=IFCINDEXEDPOLYGONALFACE((210,209,211,214));
#938=IFCINDEXEDPOLYGONALFACE((209,212,213,211));
#939=IFCINDEXEDPOLYGONALFACE((212,164,162,213));
#940=IFCINDEXEDPOLYGONALFACE((213,162,13,10));
#941=IFCINDEXEDPOLYGONALFACE((211,213,10,7));
#942=IFCINDEXEDPOLYGONALFACE((214,211,7,5));
#943=IFCINDEXEDPOLYGONALFACE((156,111,109,215));
#944=IFCINDEXEDPOLYGONALFACE((155,215,28,25));
#945=IFCINDEXEDPOLYGONALFACE((215,109,31,28));
#946=IFCINDEXEDPOLYGONALFACE((103,61,59,216));
#947=IFCINDEXEDPOLYGONALFACE((102,216,46,43));
#948=IFCINDEXEDPOLYGONALFACE((216,59,49,46));
#949=IFCPOLYGONALFACESET(#742,$,(#743,#744,#745,#746,#747,#748,#749,#750,#751,#752,#753,#754,#755,#756,#757,#758,#759,#760,#761,#762,#763,#764,#765,#766,#767,#768,#769,#770,#771,#772,#773,#774,#775,#776,#777,#778,#779,#780,#781,#782,#783,#784,#785,#786,#787,#788,#789,#790,#791,#792,#793,#794,#795,#796,#797,#798,#799,#800,#801,#802,#803,#804,#805,#806,#807,#808,#809,#810,#811,#812,#813,#814,#815,#816,#817,#818,#819,#820,#821,#822,#823,#824,#825,#826,#827,#828,#829,#830,#831,#832,#833,#834,#835,#836,#837,#838,#839,#840,#841,#842,#843,#844,#845,#846,#847,#848,#849,#850,#851,#852,#853,#854,#855,#856,#857,#858,#859,#860,#861,#862,#863,#864,#865,#866,#867,#868,#869,#870,#871,#872,#873,#874,#875,#876,#877,#878,#879,#880,#881,#882,#883,#884,#885,#886,#887,#888,#889,#890,#891,#892,#893,#894,#895,#896,#897,#898,#899,#900,#901,#902,#903,#904,#905,#906,#907,#908,#909,#910,#911,#912,#913,#914,#915,#916,#917,#918,#919,#920,#921,#922,#923,#924,#925,#926,#927,#928,#929,#930,#931,#932,#933,#934,#935,#936,#937,#938,#939,#940,#941,#942,#943,#944,#945,#946,#947,#948),$);
#950=IFCCARTESIANPOINTLIST3D(((-111.541931152344,-43.1119079589844,-19.1284198760986),(-111.341857910156,-45.1219177246094,-19.1527099609375),(-111.341857910156,-41.101806640625,-19.1527099609375),(-112.262268066406,-43.1119079589844,-12.5790424346924),(-109.783264160156,-43.1119079589844,-24.9546527862549),(-109.617492675781,-44.7789306640625,-24.9546527862549),(-109.559509277344,-43.1119041442871,-49.8858070373535),(-109.617492675781,-41.4449119567871,-24.9546527862549),(-109.398124694824,-41.4885215759277,-49.8858032226562),(-109.132629394531,-39.84130859375,-24.9546527862549),(-108.341491699219,-38.3646240234375,-24.9546527862549),(-108.926086425781,-39.9269065856934,-49.8858032226562),(-110.757377624512,-39.1683044433594,-19.2167377471924),(-111.423645019531,-38.89501953125,-13.2831439971924),(-109.803527832031,-37.3878173828125,-19.3117084503174),(-110.403617858887,-37.,-14.0403461456299),(-108.523498535156,-35.8251037597656,-19.4172382354736),(-106.960998535156,-34.5451011657715,-19.5126361846924),(-109.,-35.347412109375,-15.5155048370361),(-107.280090332031,-37.0687255859375,-24.9546527862549),(-107.121887207031,-37.2268028259277,-49.8858032226562),(-105.983940124512,-36.,-24.9546527862549),(-104.507377624512,-35.2160339355469,-24.9546527862549),(-105.859802246094,-36.1931114196777,-49.8858032226562),(-104.421691894531,-35.4227256774902,-49.8858032226562),(-105.836608886719,-36.2278099060059,-50.196044921875),(-107.092346191406,-37.2563133239746,-50.196044921875),(-105.786926269531,-36.302303314209,-50.3968505859375),(-104.405822753906,-35.4612998962402,-50.196044921875),(-102.851989746094,-35.,-50.196044921875),(-104.371520996094,-35.544002532959,-50.3968505859375),(-104.325988769531,-35.6538047790527,-50.5147094726562),(-102.834533691406,-35.079402923584,-50.3968505859375),(-101.236877441406,-34.920524597168,-50.3968505859375),(-102.811340332031,-35.1959190368652,-50.5147094726562),(-101.236877441406,-35.0393028259277,-50.5147094726562),(-99.6621704101562,-35.1959190368652,-50.5147094726562),(-101.236877441406,-35.1687278747559,-50.5758056640625),(-98.1970825195312,-35.7733116149902,-50.5758056640625),(-104.276428222656,-35.7733116149902,-50.5758056640625),(-106.853576660156,-37.4952049255371,-50.5758056640625),(-106.944885253906,-37.4037132263184,-50.5147094726562),(-108.575256347656,-40.0721054077148,-50.5758056640625),(-108.694885253906,-40.0226097106934,-50.5147094726562),(-109.179992675781,-43.1119041442871,-50.5758094787598),(-109.309387207031,-43.1119041442871,-50.5147132873535),(-108.575256347656,-46.1516036987305,-50.5758094787598),(-108.694885253906,-46.2011070251465,-50.5147132873535),(-106.853576660156,-48.7285118103027,-50.5758094787598),(-106.341125488281,-45.2261009216309,-50.6086463928223),(-106.654602050781,-44.189510345459,-50.6086463928223),(-105.829650878906,-46.180721282959,-50.6086463928223),(-105.143371582031,-47.0185203552246,-50.6086463928223),(-106.778869628906,-46.8149070739746,-50.6086463928223),(-99.7630004882812,-50.5219078063965,-50.6004066467285),(-93.8982543945312,-46.1516036987305,-50.5758094787598),(-93.7786254882812,-46.2011070251465,-50.5147132873535),(-93.2937545776367,-43.1119041442871,-50.5758094787598),(-95.6201782226562,-48.7285118103027,-50.5758094787598),(-98.1970825195312,-50.4504051208496,-50.5758094787598),(-95.5286254882812,-48.8200035095215,-50.5147132873535),(-96.7527389526367,-49.8227195739746,-50.5147132873535),(-94.5259323120117,-47.5959129333496,-50.5147132873535),(-95.4446334838867,-48.9040184020996,-50.3968544006348),(-94.4271850585938,-47.661922454834,-50.3968544006348),(-95.3812866210938,-48.9674034118652,-50.1960487365723),(-96.6868286132812,-49.9214134216309,-50.3968544006348),(-96.6370162963867,-50.,-50.1960487365723),(-98.1021118164062,-50.6797142028809,-50.3968544006348),(-98.1475219726562,-50.5699119567871,-50.5147132873535),(-98.0679321289062,-50.762508392334,-50.1960487365723),(-99.6390991210938,-51.1443138122559,-50.3968544006348),(-99.6216430664062,-51.2322044372559,-50.1960487365723),(-101.236877441406,-51.3032188415527,-50.3968544006348),(-99.6621704101562,-51.0278282165527,-50.5147132873535),(-101.236877441406,-51.1844139099121,-50.5147132873535),(-102.811340332031,-51.0278282165527,-50.5147132873535),(-101.236877441406,-51.0550193786621,-50.5758094787598),(-104.276428222656,-50.4504051208496,-50.5758094787598),(-104.325988769531,-50.5699119567871,-50.5147132873535),(-104.371520996094,-50.6797142028809,-50.3968544006348),(-105.720886230469,-49.8227195739746,-50.5147132873535),(-106.944885253906,-48.8200035095215,-50.5147132873535),(-105.786926269531,-49.9214134216309,-50.3968544006348),(-107.028991699219,-48.9040184020996,-50.3968544006348),(-105.836608886719,-50.,-50.1960487365723),(-104.405822753906,-50.762508392334,-50.1960487365723),(-107.092346191406,-48.9674034118652,-50.1960487365723),(-105.859802246094,-50.0306053161621,-49.8858070373535),(-107.121887207031,-49.,-49.8858070373535),(-104.421813964844,-50.8010215759277,-49.8858070373535),(-105.983940124512,-50.2165222167969,-24.9546527862549),(-107.280090332031,-49.155029296875,-24.9546527862549),(-104.507377624512,-51.,-24.9546527862549),(-106.960998535156,-51.6785278320312,-19.5126361846924),(-107.337211608887,-52.2405090332031,-16.1824970245361),(-105.180480957031,-52.6324157714844,-19.5878295898438),(-108.523498535156,-50.3986167907715,-19.4172382354736),(-109.803527832031,-48.8359069824219,-19.3117084503174),(-109.,-50.8763122558594,-15.5155048370361),(-109.034729003906,-50.9051208496094,-14.8807992935181),(-110.403617858887,-49.2332153320312,-14.0403461456299),(-109.,-50.8554077148438,-14.7684955596924),(-107.363098144531,-52.2751159667969,-15.6412973403931),(-105.457824707031,-53.2964172363281,-16.2408466339111),(-107.330139160156,-52.2182273864746,-15.5249042510986),(-105.435729980469,-53.2347259521484,-16.1214008331299),(-103.377250671387,-53.8579216003418,-16.4772968292236),(-103.388244628906,-53.9224243164062,-16.5984516143799),(-101.236877441406,-54.0711212158203,-16.5952167510986),(-101.236877441406,-54.1365203857422,-16.716796875),(-99.0964965820312,-53.8579216003418,-16.4772968292236),(-97.0380249023438,-53.2347259521484,-16.1214008331299),(-99.1149291992188,-53.7504119873047,-16.3948383331299),(-99.0852661132812,-53.9224243164062,-16.5984516143799),(-99.0945434570312,-53.8802185058594,-17.0220966339111),(-97.0159225463867,-53.2964172363281,-16.2408466339111),(-97.0339965820312,-53.2572174072266,-16.7084369659424),(-95.1106567382812,-52.2751159667969,-15.6412973403931),(-93.4390182495117,-50.9051208496094,-14.8807992935181),(-95.1434936523438,-52.2182273864746,-15.5249042510986),(-95.1365356445312,-52.2405090332031,-16.1824970245361),(-95.5127563476562,-51.6785278320312,-19.5126361846924),(-93.4712524414062,-50.8763122558594,-15.5155048370361),(-93.9501342773438,-50.3986167907715,-19.4172382354736),(-95.1936645507812,-49.155029296875,-24.9546527862549),(-92.6701049804688,-48.8359069824219,-19.3117084503174),(-94.1321411132812,-47.859130859375,-24.9546527862549),(-92.0701293945312,-49.2332153320312,-14.0403461456299),(-91.7161254882812,-47.055419921875,-19.2167377471924),(-91.0499877929688,-47.3287048339844,-13.2831439971924),(-93.3411178588867,-46.3824157714844,-24.9546527862549),(-91.1316528320312,-45.1219177246094,-19.1527099609375),(-92.8562622070312,-44.7789306640625,-24.9546527862549),(-90.4249877929688,-45.2611083984375,-12.7726459503174),(-90.9318161010742,-43.1119079589844,-19.1284198760986),(-90.2114791870117,-43.1119079589844,-12.5790424346924),(-92.6904907226562,-43.1119079589844,-24.9546527862549),(-91.1316528320312,-41.101806640625,-19.1527099609375),(-92.8562622070312,-41.4449119567871,-24.9546527862549),(-90.4251022338867,-40.9626159667969,-12.7726459503174),(-91.7161254882812,-39.1683044433594,-19.2167377471924),(-91.0499877929688,-38.89501953125,-13.2831439971924),(-93.3411178588867,-39.84130859375,-24.9546527862549),(-92.6701049804688,-37.3878173828125,-19.3117084503174),(-94.1321411132812,-38.3646240234375,-24.9546527862549),(-92.0701293945312,-37.,-14.0403461456299),(-93.9501342773438,-35.8251037597656,-19.4172382354736),(-93.4712524414062,-35.347412109375,-15.5155048370361),(-95.1936645507812,-37.0687255859375,-24.9546527862549),(-95.5127563476562,-34.5451011657715,-19.5126361846924),(-95.1365356445312,-33.9833068847656,-16.1824970245361),(-97.2932739257812,-33.59130859375,-19.5878295898438),(-96.4895629882812,-36.,-24.9546527862549),(-97.9663696289062,-35.2160339355469,-24.9546527862549),(-96.6138229370117,-36.1931114196777,-49.8858032226562),(-95.3518676757812,-37.2268028259277,-49.8858032226562),(-96.6370162963867,-36.2278099060059,-50.196044921875),(-98.0519332885742,-35.4227256774902,-49.8858032226562),(-98.0679321289062,-35.4612998962402,-50.196044921875),(-99.6135864257812,-34.9506187438965,-49.8858032226562),(-99.6216430664062,-35.,-50.196044921875),(-101.236877441406,-34.7892112731934,-49.8858032226562),(-99.5698776245117,-34.7313232421875,-24.9546527862549),(-101.236877441406,-34.5655212402344,-24.9546527862549),(-99.1370239257812,-32.5561218261719,-18.01220703125),(-97.1174926757812,-33.1666259765625,-17.8328266143799),(-99.0945434570312,-32.343505859375,-17.0220966339111),(-101.236877441406,-32.3472290039062,-18.0715961456299),(-101.236877441406,-32.1304321289062,-17.1257953643799),(-103.336486816406,-32.5561218261719,-18.01220703125),(-103.379089355469,-32.343505859375,-17.0220966339111),(-105.356262207031,-33.1666259765625,-17.8328266143799),(-102.903869628906,-34.7313232421875,-24.9546527862549),(-102.860168457031,-34.9506187438965,-49.8858032226562),(-105.439750671387,-32.9665222167969,-16.7084369659424),(-105.180480957031,-33.59130859375,-19.5878295898438),(-107.337211608887,-33.9833068847656,-16.1824970245361),(-105.457824707031,-32.9273071289062,-16.2408466339111),(-103.388488769531,-32.3013305664062,-16.5984516143799),(-105.435729980469,-32.989013671875,-16.1214008331299),(-107.363098144531,-33.9486083984375,-15.6412973403931),(-109.034729003906,-35.318603515625,-14.8807992935181),(-107.330139160156,-34.,-15.5249042510986),(-109.,-35.3683166503906,-14.7684955596924),(-110.351867675781,-37.030517578125,-13.9327411651611),(-108.920227050781,-35.4512329101562,-14.7006244659424),(-105.398986816406,-33.0918273925781,-16.0417499542236),(-110.265922546387,-37.0971069335938,-13.8727436065674),(-111.267631530762,-38.9700317382812,-13.1271381378174),(-111.365051269531,-38.9231262207031,-13.1799335479736),(-111.881530761719,-41.,-12.6246356964111),(-111.031799316406,-39.0843200683594,-13.1278095245361),(-111.630432128906,-41.0597229003906,-12.6372079849243),(-105.303031921387,-33.3626098632812,-15.9747333526611),(-104.852233886719,-34.6407165527344,-15.8052377700806),(-103.309997558594,-32.759822845459,-16.3197040557861),(-99.1636276245117,-32.759822845459,-16.3197040557861),(-103.079650878906,-34.12060546875,-16.1114521026611),(-101.236877441406,-33.9428100585938,-16.2128314971924),(-99.3940963745117,-34.12060546875,-16.1114521026611),(-97.6213989257812,-34.6407165527344,-15.8052377700806),(-97.1707153320312,-33.3626098632812,-15.9747333526611),(-95.9890747070312,-35.4895324707031,-15.2917499542236),(-94.5564498901367,-36.6283264160156,-14.6403207778931),(-93.3829956054688,-38.0187072753906,-13.9202289581299),(-92.5084838867188,-39.60302734375,-13.2714252471924),(-91.9725875854492,-41.3234252929688,-12.8339252471924),(-91.7893676757812,-43.1119079589844,-12.6680316925049),(-90.8430786132812,-41.0597229003906,-12.6372079849243),(-90.6384887695312,-43.1119079589844,-12.4512958526611),(-91.4418334960938,-39.0843200683594,-13.1278095245361),(-90.5922241210938,-41.,-12.6246356964111),(-90.4878540039062,-40.9771118164062,-12.6723041534424),(-90.3823852539062,-43.1119079589844,-12.4341449737549),(-91.2058639526367,-38.9700317382812,-13.1271381378174),(-91.1084594726562,-38.9231262207031,-13.1799335479736),(-92.2078247070312,-37.0971069335938,-13.8727436065674),(-92.1216430664062,-37.030517578125,-13.9327411651611),(-93.5532836914062,-35.4512329101562,-14.7006244659424),(-93.4819946289062,-35.3683166503906,-14.7684955596924),(-97.0747604370117,-33.0918273925781,-16.0417499542236),(-99.1149291992188,-32.4733276367188,-16.3948383331299),(-101.236877441406,-32.2615051269531,-16.5115966796875),(-99.0964965820312,-32.3658142089844,-16.4772968292236),(-97.0380249023438,-32.989013671875,-16.1214008331299),(-99.0852661132812,-32.3013305664062,-16.5984516143799),(-101.236877441406,-32.1525268554688,-16.5952167510986),(-101.236877441406,-32.0872192382812,-16.716796875),(-103.377250671387,-32.3658142089844,-16.4772968292236),(-97.0159225463867,-32.9273071289062,-16.2408466339111),(-97.0339965820312,-32.9665222167969,-16.7084369659424),(-95.1106567382812,-33.9486083984375,-15.6412973403931),(-93.4390182495117,-35.318603515625,-14.8807992935181),(-95.1434936523438,-34.,-15.5249042510986),(-90.5922241210938,-45.2224082946777,-12.6246356964111),(-90.2754516601562,-43.1119079589844,-12.4799213409424),(-90.4878540039062,-45.2466125488281,-12.6723041534424),(-91.1084594726562,-47.3006248474121,-13.1799335479736),(-92.1216430664062,-49.1932067871094,-13.9327411651611),(-91.2058639526367,-47.2537231445312,-13.1271381378174),(-92.2078247070312,-49.1265258789062,-13.8727436065674),(-91.4418334960938,-47.139404296875,-13.1278095245361),(-90.8430786132812,-45.1640319824219,-12.6372079849243),(-97.1707153320312,-52.8611145019531,-15.9747333526611),(-97.0747604370117,-53.1319122314453,-16.0417499542236),(-97.6213989257812,-51.5830078125,-15.8052377700806),(-99.1636276245117,-53.4639129638672,-16.3197040557861),(-103.309997558594,-53.4639129638672,-16.3197040557861),(-99.3940963745117,-52.1031188964844,-16.1114521026611),(-101.236877441406,-52.2809143066406,-16.2128314971924),(-103.079650878906,-52.1031188964844,-16.1114521026611),(-104.852233886719,-51.5830078125,-15.8052377700806),(-105.303031921387,-52.8611145019531,-15.9747333526611),(-106.484680175781,-50.7342224121094,-15.2917499542236),(-107.917297363281,-49.5954284667969,-14.6403207778931),(-109.090637207031,-48.2050132751465,-13.9202289581299),(-109.965148925781,-46.6207275390625,-13.2714252471924),(-110.501037597656,-44.9003295898438,-12.8339252471924),(-110.684387207031,-43.1119079589844,-12.6680316925049),(-111.630432128906,-45.1640319824219,-12.6372079849243),(-111.835266113281,-43.1119079589844,-12.4512958526611),(-111.031799316406,-47.139404296875,-13.1278095245361),(-111.881408691406,-45.2224082946777,-12.6246356964111),(-111.267631530762,-47.2537231445312,-13.1271381378174),(-112.091369628906,-43.1119079589844,-12.4341449737549),(-111.985900878906,-45.2466125488281,-12.6723041534424),(-112.048645019531,-45.2611083984375,-12.7726459503174),(-111.365051269531,-47.3006248474121,-13.1799335479736),(-112.198303222656,-43.1119079589844,-12.4799213409424),(-111.985900878906,-40.9771118164062,-12.6723041534424),(-112.048645019531,-40.9626159667969,-12.7726459503174),(-111.423645019531,-47.3287048339844,-13.2831439971924),(-110.351867675781,-49.1932067871094,-13.9327411651611),(-110.265922546387,-49.1265258789062,-13.8727436065674),(-108.920227050781,-50.7726135253906,-14.7006244659424),(-105.398986816406,-53.1319122314453,-16.0417499542236),(-101.236877441406,-53.9622192382812,-16.5115966796875),(-110.757377624512,-47.055419921875,-19.2167377471924),(-109.132629394531,-46.3824157714844,-24.9546527862549),(-108.926086425781,-46.2968101501465,-49.8858070373535),(-108.341491699219,-47.859130859375,-24.9546527862549),(-108.155578613281,-47.7348289489746,-49.8858070373535),(-108.120788574219,-47.7116050720215,-50.1960487365723),(-108.046440124512,-47.661922454834,-50.3968544006348),(-108.887390136719,-46.280818939209,-50.1960487365723),(-109.357109069824,-44.727108001709,-50.1960487365723),(-108.804748535156,-46.2465171813965,-50.3968544006348),(-109.269340515137,-44.7096214294434,-50.3968544006348),(-109.428276062012,-43.1119041442871,-50.3968544006348),(-109.152893066406,-44.6864280700684,-50.5147132873535),(-109.269340515137,-41.5141258239746,-50.3968505859375),(-109.517631530762,-43.1119041442871,-50.1960487365723),(-109.357238769531,-41.4966087341309,-50.196044921875),(-108.887390136719,-39.942928314209,-50.196044921875),(-108.120788574219,-38.5121116638184,-50.196044921875),(-108.804618835449,-39.9772300720215,-50.3968505859375),(-108.046440124512,-38.561824798584,-50.3968505859375),(-107.028991699219,-37.3197288513184,-50.3968505859375),(-107.947563171387,-38.6278038024902,-50.5147094726562),(-108.155578613281,-38.4889183044434,-49.8858032226562),(-109.152893066406,-41.5373191833496,-50.5147094726562),(-109.398124694824,-44.7352256774902,-49.8858070373535),(-107.947563171387,-47.5959129333496,-50.5147132873535),(-110.501037597656,-41.3234252929688,-12.8339252471924),(-109.965148925781,-39.60302734375,-13.2714252471924),(-109.090637207031,-38.0187072753906,-13.9202289581299),(-107.917297363281,-36.6283264160156,-14.6403207778931),(-106.484680175781,-35.4895324707031,-15.2917499542236),(-95.9890747070312,-50.7342224121094,-15.2917499542236),(-94.5564498901367,-49.5954284667969,-14.6403207778931),(-93.3829956054688,-48.2050132751465,-13.9202289581299),(-92.5084838867188,-46.6207275390625,-13.2714252471924),(-91.9725875854492,-44.9003295898438,-12.8339252471924),(-93.5532836914062,-50.7726135253906,-14.7006244659424),(-93.4819946289062,-50.8554077148438,-14.7684955596924),(-101.236877441406,-34.8309288024902,-50.196044921875),(-99.6389770507812,-35.079402923584,-50.3968505859375),(-98.1021118164062,-35.544002532959,-50.3968505859375),(-98.1475219726562,-35.6538047790527,-50.5147094726562),(-96.6868286132812,-36.302303314209,-50.3968505859375),(-95.4446334838867,-37.3197288513184,-50.3968505859375),(-96.7527389526367,-36.4010276794434,-50.5147094726562),(-95.5286254882812,-37.4037132263184,-50.5147094726562),(-94.5259323120117,-38.6278038024902,-50.5147094726562),(-95.6201782226562,-37.4952049255371,-50.5758056640625),(-93.8982543945312,-40.0722007751465,-50.5758056640625),(-93.7786254882812,-40.0226097106934,-50.5147094726562),(-93.6690063476562,-39.9772300720215,-50.3968505859375),(-93.3208618164062,-41.5373191833496,-50.5147094726562),(-93.1643600463867,-43.1119041442871,-50.5147132873535),(-93.2042846679688,-41.5141258239746,-50.3968505859375),(-93.1165161132812,-41.4966087341309,-50.196044921875),(-93.0454711914062,-43.1119041442871,-50.3968544006348),(-92.9558639526367,-43.1119041442871,-50.1960487365723),(-93.2042846679688,-44.7096214294434,-50.3968544006348),(-93.1165161132812,-44.727108001709,-50.1960487365723),(-93.6690063476562,-46.2466087341309,-50.3968544006348),(-93.3208618164062,-44.6864280700684,-50.5147132873535),(-93.5862350463867,-46.280818939209,-50.1960487365723),(-94.3528442382812,-47.711727142334,-50.1960487365723),(-93.5476684570312,-46.2968101501465,-49.8858070373535),(-93.0755004882812,-44.7352256774902,-49.8858070373535),(-94.3179321289062,-47.7348289489746,-49.8858070373535),(-95.3518676757812,-49.,-49.8858070373535),(-96.6138229370117,-50.0306053161621,-49.8858070373535),(-98.0519332885742,-50.8010215759277,-49.8858070373535),(-96.4895629882812,-50.2165222167969,-24.9546527862549),(-97.9663696289062,-51.,-24.9546527862549),(-99.5698776245117,-51.492431640625,-24.9546527862549),(-97.2932739257812,-52.6324157714844,-19.5878295898438),(-97.1174926757812,-53.0570220947266,-17.8328266143799),(-99.1370239257812,-53.6676177978516,-18.01220703125),(-101.236877441406,-53.876522064209,-18.0715961456299),(-101.236877441406,-54.093318939209,-17.1257953643799),(-103.336486816406,-53.6676177978516,-18.01220703125),(-101.236877441406,-51.6582336425781,-24.9546527862549),(-102.903869628906,-51.492431640625,-24.9546527862549),(-101.236877441406,-51.4345054626465,-49.8858070373535),(-101.236877441406,-51.3928184509277,-50.1960487365723),(-99.6135864257812,-51.2731285095215,-49.8858070373535),(-102.860168457031,-51.2731285095215,-49.8858070373535),(-102.851989746094,-51.2322044372559,-50.1960487365723),(-102.834533691406,-51.1443138122559,-50.3968544006348),(-105.356262207031,-53.0570220947266,-17.8328266143799),(-103.379089355469,-53.8802185058594,-17.0220966339111),(-105.439750671387,-53.2572174072266,-16.7084369659424),(-92.9141235351562,-43.1119041442871,-49.8858070373535),(-93.0755004882812,-41.4885215759277,-49.8858032226562),(-93.5476684570312,-39.9269065856934,-49.8858032226562),(-93.5862350463867,-39.942928314209,-50.196044921875),(-94.3179321289062,-38.4889183044434,-49.8858032226562),(-94.3528442382812,-38.5121116638184,-50.196044921875),(-95.3812866210938,-37.2563133239746,-50.196044921875),(-94.4271850585938,-38.561824798584,-50.3968505859375),(-104.305725097656,-47.7047080993652,-50.6086463928223),(-103.351135253906,-48.216121673584,-50.6086463928223),(-102.314392089844,-48.5295066833496,-50.6086463928223),(-101.236877441406,-48.6367111206055,-50.6086463928223),(-100.159233093262,-48.5295066833496,-50.6086463928223),(-99.1224975585938,-48.216121673584,-50.6086463928223),(-98.1680297851562,-47.7047080993652,-50.6086463928223),(-97.3301391601562,-47.0185203552246,-50.6086463928223),(-96.6441040039062,-46.180721282959,-50.6086463928223),(-96.1326293945312,-45.2261009216309,-50.6086463928223),(-95.8191528320312,-44.189510345459,-50.6086463928223),(-95.7119674682617,-43.1119041442871,-50.6086463928223),(-95.8191528320312,-42.0342063903809,-50.608642578125),(-96.1326293945312,-41.,-50.608642578125),(-96.6441040039062,-40.0430221557617,-50.608642578125),(-97.3301391601562,-39.2052230834961,-50.608642578125),(-98.1680297851562,-38.5190086364746,-50.608642578125),(-99.1224975585938,-38.,-50.608642578125),(-100.159233093262,-37.6942100524902,-50.608642578125),(-101.236877441406,-37.5869979858398,-50.608642578125),(-102.314392089844,-37.6942100524902,-50.608642578125),(-103.351135253906,-38.,-50.608642578125),(-104.305725097656,-38.5190086364746,-50.608642578125),(-105.143371582031,-39.2052230834961,-50.608642578125),(-105.829650878906,-40.0430221557617,-50.608642578125),(-106.341125488281,-41.,-50.608642578125),(-106.654602050781,-42.0342063903809,-50.608642578125),(-106.761528015137,-43.1119041442871,-50.6086463928223),(-105.720756530762,-36.4010276794434,-50.5147094726562)));
#951=IFCINDEXEDPOLYGONALFACE((1,5,6,2));
#952=IFCINDEXEDPOLYGONALFACE((4,1,2,268));
#953=IFCINDEXEDPOLYGONALFACE((5,1,3,8));
#954=IFCINDEXEDPOLYGONALFACE((1,4,272,3));
#955=IFCINDEXEDPOLYGONALFACE((7,303,6,5));
#956=IFCINDEXEDPOLYGONALFACE((7,5,8,9));
#957=IFCINDEXEDPOLYGONALFACE((10,12,9,8));
#958=IFCINDEXEDPOLYGONALFACE((13,10,8,3));
#959=IFCINDEXEDPOLYGONALFACE((10,11,301,12));
#960=IFCINDEXEDPOLYGONALFACE((10,13,15,11));
#961=IFCINDEXEDPOLYGONALFACE((14,13,3,272));
#962=IFCINDEXEDPOLYGONALFACE((13,14,16,15));
#963=IFCINDEXEDPOLYGONALFACE((20,11,15,17));
#964=IFCINDEXEDPOLYGONALFACE((183,19,17,15,16));
#965=IFCINDEXEDPOLYGONALFACE((20,17,18,22));
#966=IFCINDEXEDPOLYGONALFACE((19,178,18,17));
#967=IFCINDEXEDPOLYGONALFACE((21,301,11,20));
#968=IFCINDEXEDPOLYGONALFACE((21,20,22,24));
#969=IFCINDEXEDPOLYGONALFACE((23,22,18,177));
#970=IFCINDEXEDPOLYGONALFACE((23,25,24,22));
#971=IFCINDEXEDPOLYGONALFACE((25,29,26,24));
#972=IFCINDEXEDPOLYGONALFACE((27,21,24,26));
#973=IFCINDEXEDPOLYGONALFACE((299,27,26,28));
#974=IFCINDEXEDPOLYGONALFACE((29,31,28,26));
#975=IFCINDEXEDPOLYGONALFACE((31,29,30,33));
#976=IFCINDEXEDPOLYGONALFACE((29,25,175,30));
#977=IFCINDEXEDPOLYGONALFACE((31,32,404,28));
#978=IFCINDEXEDPOLYGONALFACE((32,31,33,35));
#979=IFCINDEXEDPOLYGONALFACE((317,34,33,30));
#980=IFCINDEXEDPOLYGONALFACE((34,36,35,33));
#981=IFCINDEXEDPOLYGONALFACE((40,32,35,36,38));
#982=IFCINDEXEDPOLYGONALFACE((36,34,318,37));
#983=IFCINDEXEDPOLYGONALFACE((38,36,37,320,39));
#984=IFCINDEXEDPOLYGONALFACE((326,327,58,56,55,54,52,53,376,377,378,379,380,381,382,383,384,385,386,387,388,389,390,391,392,393,394,395,396,397,398,399,400,401,402,403,51,50,47,45,43,41,40,38,39));
#985=IFCINDEXEDPOLYGONALFACE((41,42,404,32,40));
#986=IFCINDEXEDPOLYGONALFACE((43,44,300,42,41));
#987=IFCINDEXEDPOLYGONALFACE((45,46,302,44,43));
#988=IFCINDEXEDPOLYGONALFACE((47,48,291,46,45));
#989=IFCINDEXEDPOLYGONALFACE((49,83,304,48,47));
#990=IFCINDEXEDPOLYGONALFACE((79,49,47,50,52,54,55,56,59,60,78));
#991=IFCINDEXEDPOLYGONALFACE((58,331,339,57,56));
#992=IFCINDEXEDPOLYGONALFACE((56,57,63,61,59));
#993=IFCINDEXEDPOLYGONALFACE((59,61,62,70,60));
#994=IFCINDEXEDPOLYGONALFACE((61,64,67,62));
#995=IFCINDEXEDPOLYGONALFACE((64,61,63,65));
#996=IFCINDEXEDPOLYGONALFACE((66,64,65,341));
#997=IFCINDEXEDPOLYGONALFACE((64,66,68,67));
#998=IFCINDEXEDPOLYGONALFACE((71,69,67,68));
#999=IFCINDEXEDPOLYGONALFACE((69,70,62,67));
#1000=IFCINDEXEDPOLYGONALFACE((70,69,72,75));
#1001=IFCINDEXEDPOLYGONALFACE((69,71,73,72));
#1002=IFCINDEXEDPOLYGONALFACE((360,74,72,73));
#1003=IFCINDEXEDPOLYGONALFACE((74,76,75,72));
#1004=IFCINDEXEDPOLYGONALFACE((60,70,75,76,78));
#1005=IFCINDEXEDPOLYGONALFACE((76,74,364,77));
#1006=IFCINDEXEDPOLYGONALFACE((78,76,77,80,79));
#1007=IFCINDEXEDPOLYGONALFACE((79,80,82,83,49));
#1008=IFCINDEXEDPOLYGONALFACE((81,80,77,364));
#1009=IFCINDEXEDPOLYGONALFACE((80,81,84,82));
#1010=IFCINDEXEDPOLYGONALFACE((85,83,82,84));
#1011=IFCINDEXEDPOLYGONALFACE((88,85,84,86));
#1012=IFCINDEXEDPOLYGONALFACE((81,87,86,84));
#1013=IFCINDEXEDPOLYGONALFACE((87,91,89,86));
#1014=IFCINDEXEDPOLYGONALFACE((90,88,86,89));
#1015=IFCINDEXEDPOLYGONALFACE((90,89,92,93));
#1016=IFCINDEXEDPOLYGONALFACE((94,92,89,91));
#1017=IFCINDEXEDPOLYGONALFACE((93,92,95,98));
#1018=IFCINDEXEDPOLYGONALFACE((94,97,95,92));
#1019=IFCINDEXEDPOLYGONALFACE((365,367,96,95,97));
#1020=IFCINDEXEDPOLYGONALFACE((100,98,95,96));
#1021=IFCINDEXEDPOLYGONALFACE((100,101,102,99,98));
#1022=IFCINDEXEDPOLYGONALFACE((93,98,99,282));
#1023=IFCINDEXEDPOLYGONALFACE((101,100,96,104));
#1024=IFCINDEXEDPOLYGONALFACE((101,103,274,102));
#1025=IFCINDEXEDPOLYGONALFACE((103,101,104,106));
#1026=IFCINDEXEDPOLYGONALFACE((367,105,104,96));
#1027=IFCINDEXEDPOLYGONALFACE((105,107,106,104));
#1028=IFCINDEXEDPOLYGONALFACE((107,108,110,112,114,278,277,276,103,106));
#1029=IFCINDEXEDPOLYGONALFACE((107,105,109,108));
#1030=IFCINDEXEDPOLYGONALFACE((111,110,108,109));
#1031=IFCINDEXEDPOLYGONALFACE((110,111,115,112));
#1032=IFCINDEXEDPOLYGONALFACE((113,121,316,315,246,114,112));
#1033=IFCINDEXEDPOLYGONALFACE((117,113,112,115));
#1034=IFCINDEXEDPOLYGONALFACE((111,355,116,115));
#1035=IFCINDEXEDPOLYGONALFACE((118,117,115,116));
#1036=IFCINDEXEDPOLYGONALFACE((117,118,122,119));
#1037=IFCINDEXEDPOLYGONALFACE((113,117,119,121));
#1038=IFCINDEXEDPOLYGONALFACE((120,316,121,119));
#1039=IFCINDEXEDPOLYGONALFACE((124,120,119,122));
#1040=IFCINDEXEDPOLYGONALFACE((352,351,123,122,118));
#1041=IFCINDEXEDPOLYGONALFACE((124,122,123,125));
#1042=IFCINDEXEDPOLYGONALFACE((120,124,125,127,129));
#1043=IFCINDEXEDPOLYGONALFACE((126,125,123,348));
#1044=IFCINDEXEDPOLYGONALFACE((126,128,127,125));
#1045=IFCINDEXEDPOLYGONALFACE((132,130,127,128));
#1046=IFCINDEXEDPOLYGONALFACE((130,131,129,127));
#1047=IFCINDEXEDPOLYGONALFACE((131,130,133,135));
#1048=IFCINDEXEDPOLYGONALFACE((130,132,134,133));
#1049=IFCINDEXEDPOLYGONALFACE((138,136,133,134));
#1050=IFCINDEXEDPOLYGONALFACE((136,137,135,133));
#1051=IFCINDEXEDPOLYGONALFACE((137,136,139,141));
#1052=IFCINDEXEDPOLYGONALFACE((136,138,140,139));
#1053=IFCINDEXEDPOLYGONALFACE((144,142,139,140));
#1054=IFCINDEXEDPOLYGONALFACE((142,143,141,139));
#1055=IFCINDEXEDPOLYGONALFACE((143,142,145,147));
#1056=IFCINDEXEDPOLYGONALFACE((142,144,146,145));
#1057=IFCINDEXEDPOLYGONALFACE((150,148,145,146));
#1058=IFCINDEXEDPOLYGONALFACE((149,234,147,145,148));
#1059=IFCINDEXEDPOLYGONALFACE((149,148,151,152));
#1060=IFCINDEXEDPOLYGONALFACE((150,154,151,148));
#1061=IFCINDEXEDPOLYGONALFACE((167,232,152,151,153));
#1062=IFCINDEXEDPOLYGONALFACE((155,153,151,154));
#1063=IFCINDEXEDPOLYGONALFACE((157,156,154,150));
#1064=IFCINDEXEDPOLYGONALFACE((155,154,156,159));
#1065=IFCINDEXEDPOLYGONALFACE((157,374,158,156));
#1066=IFCINDEXEDPOLYGONALFACE((160,159,156,158));
#1067=IFCINDEXEDPOLYGONALFACE((159,160,162,161));
#1068=IFCINDEXEDPOLYGONALFACE((155,159,161,164));
#1069=IFCINDEXEDPOLYGONALFACE((317,163,161,162));
#1070=IFCINDEXEDPOLYGONALFACE((163,165,164,161));
#1071=IFCINDEXEDPOLYGONALFACE((155,164,166,167,153));
#1072=IFCINDEXEDPOLYGONALFACE((165,169,166,164));
#1073=IFCINDEXEDPOLYGONALFACE((232,167,166,168));
#1074=IFCINDEXEDPOLYGONALFACE((169,170,168,166));
#1075=IFCINDEXEDPOLYGONALFACE((170,169,171,172));
#1076=IFCINDEXEDPOLYGONALFACE((165,174,171,169));
#1077=IFCINDEXEDPOLYGONALFACE((173,176,172,171));
#1078=IFCINDEXEDPOLYGONALFACE((23,177,173,171,174));
#1079=IFCINDEXEDPOLYGONALFACE((163,175,174,165));
#1080=IFCINDEXEDPOLYGONALFACE((23,174,175,25));
#1081=IFCINDEXEDPOLYGONALFACE((163,317,30,175));
#1082=IFCINDEXEDPOLYGONALFACE((173,177,18,178,176));
#1083=IFCINDEXEDPOLYGONALFACE((179,176,178,182));
#1084=IFCINDEXEDPOLYGONALFACE((176,179,180,172));
#1085=IFCINDEXEDPOLYGONALFACE((179,181,230,180));
#1086=IFCINDEXEDPOLYGONALFACE((181,179,182,184));
#1087=IFCINDEXEDPOLYGONALFACE((183,185,184,182));
#1088=IFCINDEXEDPOLYGONALFACE((19,183,182,178));
#1089=IFCINDEXEDPOLYGONALFACE((181,184,185,187,188,224,223,225,228,230));
#1090=IFCINDEXEDPOLYGONALFACE((185,183,16,186));
#1091=IFCINDEXEDPOLYGONALFACE((187,185,186,189));
#1092=IFCINDEXEDPOLYGONALFACE((187,189,190,193,195,188));
#1093=IFCINDEXEDPOLYGONALFACE((191,190,189,186));
#1094=IFCINDEXEDPOLYGONALFACE((190,191,271,192));
#1095=IFCINDEXEDPOLYGONALFACE((193,190,192,194));
#1096=IFCINDEXEDPOLYGONALFACE((307,308,309,196,195,193,194,305,306));
#1097=IFCINDEXEDPOLYGONALFACE((224,188,195,197,198,223));
#1098=IFCINDEXEDPOLYGONALFACE((196,199,197,195));
#1099=IFCINDEXEDPOLYGONALFACE((200,201,198,197,199));
#1100=IFCINDEXEDPOLYGONALFACE((201,202,203,198));
#1101=IFCINDEXEDPOLYGONALFACE((205,206,207,208,210,212,203,202,204));
#1102=IFCINDEXEDPOLYGONALFACE((208,209,211,210));
#1103=IFCINDEXEDPOLYGONALFACE((211,215,213,210));
#1104=IFCINDEXEDPOLYGONALFACE((216,212,210,213));
#1105=IFCINDEXEDPOLYGONALFACE((215,237,214,213));
#1106=IFCINDEXEDPOLYGONALFACE((217,216,213,214));
#1107=IFCINDEXEDPOLYGONALFACE((216,217,219,218));
#1108=IFCINDEXEDPOLYGONALFACE((220,222,203,212,216,218));
#1109=IFCINDEXEDPOLYGONALFACE((221,220,218,219));
#1110=IFCINDEXEDPOLYGONALFACE((226,225,223,222,220,221,235));
#1111=IFCINDEXEDPOLYGONALFACE((203,222,223,198));
#1112=IFCINDEXEDPOLYGONALFACE((226,231,227,225));
#1113=IFCINDEXEDPOLYGONALFACE((229,228,225,227));
#1114=IFCINDEXEDPOLYGONALFACE((228,229,180,230));
#1115=IFCINDEXEDPOLYGONALFACE((229,170,172,180));
#1116=IFCINDEXEDPOLYGONALFACE((170,229,227,168));
#1117=IFCINDEXEDPOLYGONALFACE((231,232,168,227));
#1118=IFCINDEXEDPOLYGONALFACE((232,231,233,152));
#1119=IFCINDEXEDPOLYGONALFACE((231,226,235,233));
#1120=IFCINDEXEDPOLYGONALFACE((234,149,152,233));
#1121=IFCINDEXEDPOLYGONALFACE((221,234,233,235));
#1122=IFCINDEXEDPOLYGONALFACE((234,221,219,147));
#1123=IFCINDEXEDPOLYGONALFACE((217,143,147,219));
#1124=IFCINDEXEDPOLYGONALFACE((143,217,214,141));
#1125=IFCINDEXEDPOLYGONALFACE((215,211,244,236));
#1126=IFCINDEXEDPOLYGONALFACE((237,215,236,238));
#1127=IFCINDEXEDPOLYGONALFACE((237,137,141,214));
#1128=IFCINDEXEDPOLYGONALFACE((137,237,238,135));
#1129=IFCINDEXEDPOLYGONALFACE((241,239,238,236));
#1130=IFCINDEXEDPOLYGONALFACE((239,131,135,238));
#1131=IFCINDEXEDPOLYGONALFACE((239,241,242,240));
#1132=IFCINDEXEDPOLYGONALFACE((131,239,240,129));
#1133=IFCINDEXEDPOLYGONALFACE((315,242,241,243,245,246));
#1134=IFCINDEXEDPOLYGONALFACE((243,241,236,244));
#1135=IFCINDEXEDPOLYGONALFACE((312,311,310,247,245,243,244,314,313));
#1136=IFCINDEXEDPOLYGONALFACE((246,245,248,114));
#1137=IFCINDEXEDPOLYGONALFACE((247,250,248,245));
#1138=IFCINDEXEDPOLYGONALFACE((278,114,248,249,254,277));
#1139=IFCINDEXEDPOLYGONALFACE((250,251,252,249,248));
#1140=IFCINDEXEDPOLYGONALFACE((252,253,254,249));
#1141=IFCINDEXEDPOLYGONALFACE((256,257,258,259,261,263,254,253,255));
#1142=IFCINDEXEDPOLYGONALFACE((259,260,262,261));
#1143=IFCINDEXEDPOLYGONALFACE((262,266,264,261));
#1144=IFCINDEXEDPOLYGONALFACE((265,263,261,264));
#1145=IFCINDEXEDPOLYGONALFACE((269,265,264,267));
#1146=IFCINDEXEDPOLYGONALFACE((266,270,267,264));
#1147=IFCINDEXEDPOLYGONALFACE((270,4,268,267));
#1148=IFCINDEXEDPOLYGONALFACE((273,269,267,268));
#1149=IFCINDEXEDPOLYGONALFACE((4,270,271,272));
#1150=IFCINDEXEDPOLYGONALFACE((270,266,192,271));
#1151=IFCINDEXEDPOLYGONALFACE((191,14,272,271));
#1152=IFCINDEXEDPOLYGONALFACE((269,273,102,274));
#1153=IFCINDEXEDPOLYGONALFACE((265,269,274,275));
#1154=IFCINDEXEDPOLYGONALFACE((103,276,275,274));
#1155=IFCINDEXEDPOLYGONALFACE((276,277,254,263,265,275));
#1156=IFCINDEXEDPOLYGONALFACE((273,279,99,102));
#1157=IFCINDEXEDPOLYGONALFACE((279,273,268,2));
#1158=IFCINDEXEDPOLYGONALFACE((280,279,2,6));
#1159=IFCINDEXEDPOLYGONALFACE((279,280,282,99));
#1160=IFCINDEXEDPOLYGONALFACE((280,6,303,281));
#1161=IFCINDEXEDPOLYGONALFACE((280,281,283,282));
#1162=IFCINDEXEDPOLYGONALFACE((90,93,282,283));
#1163=IFCINDEXEDPOLYGONALFACE((281,286,284,283));
#1164=IFCINDEXEDPOLYGONALFACE((88,90,283,284));
#1165=IFCINDEXEDPOLYGONALFACE((85,88,284,285));
#1166=IFCINDEXEDPOLYGONALFACE((286,288,285,284));
#1167=IFCINDEXEDPOLYGONALFACE((288,286,287,289));
#1168=IFCINDEXEDPOLYGONALFACE((286,281,303,287));
#1169=IFCINDEXEDPOLYGONALFACE((288,48,304,285));
#1170=IFCINDEXEDPOLYGONALFACE((48,288,289,291));
#1171=IFCINDEXEDPOLYGONALFACE((293,290,289,287));
#1172=IFCINDEXEDPOLYGONALFACE((290,46,291,289));
#1173=IFCINDEXEDPOLYGONALFACE((46,290,292,302));
#1174=IFCINDEXEDPOLYGONALFACE((290,293,294,292));
#1175=IFCINDEXEDPOLYGONALFACE((293,7,9,294));
#1176=IFCINDEXEDPOLYGONALFACE((7,293,287,303));
#1177=IFCINDEXEDPOLYGONALFACE((295,297,292,294));
#1178=IFCINDEXEDPOLYGONALFACE((12,295,294,9));
#1179=IFCINDEXEDPOLYGONALFACE((297,295,296,298));
#1180=IFCINDEXEDPOLYGONALFACE((295,12,301,296));
#1181=IFCINDEXEDPOLYGONALFACE((297,44,302,292));
#1182=IFCINDEXEDPOLYGONALFACE((44,297,298,300));
#1183=IFCINDEXEDPOLYGONALFACE((299,42,300,298));
#1184=IFCINDEXEDPOLYGONALFACE((27,299,298,296));
#1185=IFCINDEXEDPOLYGONALFACE((42,299,28,404));
#1186=IFCINDEXEDPOLYGONALFACE((21,27,296,301));
#1187=IFCINDEXEDPOLYGONALFACE((83,85,285,304));
#1188=IFCINDEXEDPOLYGONALFACE((266,262,194,192));
#1189=IFCINDEXEDPOLYGONALFACE((260,305,194,262));
#1190=IFCINDEXEDPOLYGONALFACE((209,314,244,211));
#1191=IFCINDEXEDPOLYGONALFACE((315,316,240,242));
#1192=IFCINDEXEDPOLYGONALFACE((316,120,129,240));
#1193=IFCINDEXEDPOLYGONALFACE((14,191,186,16));
#1194=IFCINDEXEDPOLYGONALFACE((34,317,162,318));
#1195=IFCINDEXEDPOLYGONALFACE((160,319,318,162));
#1196=IFCINDEXEDPOLYGONALFACE((319,320,37,318));
#1197=IFCINDEXEDPOLYGONALFACE((320,319,321,323));
#1198=IFCINDEXEDPOLYGONALFACE((319,160,158,321));
#1199=IFCINDEXEDPOLYGONALFACE((322,324,323,321));
#1200=IFCINDEXEDPOLYGONALFACE((374,322,321,158));
#1201=IFCINDEXEDPOLYGONALFACE((39,320,323,324,326));
#1202=IFCINDEXEDPOLYGONALFACE((324,322,375,325));
#1203=IFCINDEXEDPOLYGONALFACE((326,324,325,328,327));
#1204=IFCINDEXEDPOLYGONALFACE((327,328,330,331,58));
#1205=IFCINDEXEDPOLYGONALFACE((329,328,325,375));
#1206=IFCINDEXEDPOLYGONALFACE((328,329,332,330));
#1207=IFCINDEXEDPOLYGONALFACE((334,331,330,332));
#1208=IFCINDEXEDPOLYGONALFACE((329,371,333,332));
#1209=IFCINDEXEDPOLYGONALFACE((335,334,332,333));
#1210=IFCINDEXEDPOLYGONALFACE((334,335,337,336));
#1211=IFCINDEXEDPOLYGONALFACE((331,334,336,339));
#1212=IFCINDEXEDPOLYGONALFACE((340,338,336,337));
#1213=IFCINDEXEDPOLYGONALFACE((338,57,339,336));
#1214=IFCINDEXEDPOLYGONALFACE((57,338,65,63));
#1215=IFCINDEXEDPOLYGONALFACE((338,340,341,65));
#1216=IFCINDEXEDPOLYGONALFACE((340,342,344,341));
#1217=IFCINDEXEDPOLYGONALFACE((342,340,337,343));
#1218=IFCINDEXEDPOLYGONALFACE((132,342,343,134));
#1219=IFCINDEXEDPOLYGONALFACE((132,128,344,342));
#1220=IFCINDEXEDPOLYGONALFACE((345,344,128,126));
#1221=IFCINDEXEDPOLYGONALFACE((345,66,341,344));
#1222=IFCINDEXEDPOLYGONALFACE((66,345,346,68));
#1223=IFCINDEXEDPOLYGONALFACE((345,126,348,346));
#1224=IFCINDEXEDPOLYGONALFACE((349,347,346,348));
#1225=IFCINDEXEDPOLYGONALFACE((347,71,68,346));
#1226=IFCINDEXEDPOLYGONALFACE((349,348,123,351));
#1227=IFCINDEXEDPOLYGONALFACE((349,350,361,347));
#1228=IFCINDEXEDPOLYGONALFACE((349,351,352,353,350));
#1229=IFCINDEXEDPOLYGONALFACE((352,118,116,353));
#1230=IFCINDEXEDPOLYGONALFACE((357,350,353,354));
#1231=IFCINDEXEDPOLYGONALFACE((355,354,353,116));
#1232=IFCINDEXEDPOLYGONALFACE((354,355,366,356));
#1233=IFCINDEXEDPOLYGONALFACE((357,354,356,358));
#1234=IFCINDEXEDPOLYGONALFACE((359,357,358,362));
#1235=IFCINDEXEDPOLYGONALFACE((359,361,350,357));
#1236=IFCINDEXEDPOLYGONALFACE((359,360,73,361));
#1237=IFCINDEXEDPOLYGONALFACE((360,359,362,363));
#1238=IFCINDEXEDPOLYGONALFACE((94,91,362,358));
#1239=IFCINDEXEDPOLYGONALFACE((91,87,363,362));
#1240=IFCINDEXEDPOLYGONALFACE((74,360,363,364));
#1241=IFCINDEXEDPOLYGONALFACE((87,81,364,363));
#1242=IFCINDEXEDPOLYGONALFACE((71,347,361,73));
#1243=IFCINDEXEDPOLYGONALFACE((94,358,356,365,97));
#1244=IFCINDEXEDPOLYGONALFACE((367,365,356,366));
#1245=IFCINDEXEDPOLYGONALFACE((105,367,366,109));
#1246=IFCINDEXEDPOLYGONALFACE((355,111,109,366));
#1247=IFCINDEXEDPOLYGONALFACE((335,368,343,337));
#1248=IFCINDEXEDPOLYGONALFACE((368,138,134,343));
#1249=IFCINDEXEDPOLYGONALFACE((368,335,333,369));
#1250=IFCINDEXEDPOLYGONALFACE((368,369,140,138));
#1251=IFCINDEXEDPOLYGONALFACE((371,370,369,333));
#1252=IFCINDEXEDPOLYGONALFACE((144,140,369,370));
#1253=IFCINDEXEDPOLYGONALFACE((370,371,373,372));
#1254=IFCINDEXEDPOLYGONALFACE((144,370,372,146));
#1255=IFCINDEXEDPOLYGONALFACE((374,157,372,373));
#1256=IFCINDEXEDPOLYGONALFACE((157,150,146,372));
#1257=IFCINDEXEDPOLYGONALFACE((322,374,373,375));
#1258=IFCINDEXEDPOLYGONALFACE((371,329,375,373));
#1259=IFCPOLYGONALFACESET(#950,$,(#951,#952,#953,#954,#955,#956,#957,#958,#959,#960,#961,#962,#963,#964,#965,#966,#967,#968,#969,#970,#971,#972,#973,#974,#975,#976,#977,#978,#979,#980,#981,#982,#983,#984,#985,#986,#987,#988,#989,#990,#991,#992,#993,#994,#995,#996,#997,#998,#999,#1000,#1001,#1002,#1003,#1004,#1005,#1006,#1007,#1008,#1009,#1010,#1011,#1012,#1013,#1014,#1015,#1016,#1017,#1018,#1019,#1020,#1021,#1022,#1023,#1024,#1025,#1026,#1027,#1028,#1029,#1030,#1031,#1032,#1033,#1034,#1035,#1036,#1037,#1038,#1039,#1040,#1041,#1042,#1043,#1044,#1045,#1046,#1047,#1048,#1049,#1050,#1051,#1052,#1053,#1054,#1055,#1056,#1057,#1058,#1059,#1060,#1061,#1062,#1063,#1064,#1065,#1066,#1067,#1068,#1069,#1070,#1071,#1072,#1073,#1074,#1075,#1076,#1077,#1078,#1079,#1080,#1081,#1082,#1083,#1084,#1085,#1086,#1087,#1088,#1089,#1090,#1091,#1092,#1093,#1094,#1095,#1096,#1097,#1098,#1099,#1100,#1101,#1102,#1103,#1104,#1105,#1106,#1107,#1108,#1109,#1110,#1111,#1112,#1113,#1114,#1115,#1116,#1117,#1118,#1119,#1120,#1121,#1122,#1123,#1124,#1125,#1126,#1127,#1128,#1129,#1130,#1131,#1132,#1133,#1134,#1135,#1136,#1137,#1138,#1139,#1140,#1141,#1142,#1143,#1144,#1145,#1146,#1147,#1148,#1149,#1150,#1151,#1152,#1153,#1154,#1155,#1156,#1157,#1158,#1159,#1160,#1161,#1162,#1163,#1164,#1165,#1166,#1167,#1168,#1169,#1170,#1171,#1172,#1173,#1174,#1175,#1176,#1177,#1178,#1179,#1180,#1181,#1182,#1183,#1184,#1185,#1186,#1187,#1188,#1189,#1190,#1191,#1192,#1193,#1194,#1195,#1196,#1197,#1198,#1199,#1200,#1201,#1202,#1203,#1204,#1205,#1206,#1207,#1208,#1209,#1210,#1211,#1212,#1213,#1214,#1215,#1216,#1217,#1218,#1219,#1220,#1221,#1222,#1223,#1224,#1225,#1226,#1227,#1228,#1229,#1230,#1231,#1232,#1233,#1234,#1235,#1236,#1237,#1238,#1239,#1240,#1241,#1242,#1243,#1244,#1245,#1246,#1247,#1248,#1249,#1250,#1251,#1252,#1253,#1254,#1255,#1256,#1257,#1258),$);
#1260=IFCSHAPEREPRESENTATION(#1421,'Body','Tessellation',(#74,#85,#96,#107,#118,#129,#140,#151,#162,#173,#184,#195,#206,#217,#228,#239,#250,#261,#272,#283,#294,#305,#316,#327,#338,#349,#360,#371,#382,#393,#404,#415,#426,#437,#448,#459,#470,#481,#492,#503,#555,#607,#637,#665,#693,#733,#741,#949,#1259));
#1261=IFCREPRESENTATIONMAP(#63,#1260);
#1262=IFCDIRECTION((1.,0.,0.));
#1263=IFCDIRECTION((0.,1.,0.));
#1264=IFCCARTESIANPOINT((0.,0.,0.));
#1265=IFCDIRECTION((0.,0.,1.));
#1266=IFCCARTESIANTRANSFORMATIONOPERATOR3D(#1262,#1263,#1264,1.,#1265);
#1267=IFCMAPPEDITEM(#1261,#1266);
#1268=IFCSHAPEREPRESENTATION(#1421,'Body','MappedRepresentation',(#1267));
#1270=IFCCARTESIANPOINT((0.,0.,0.));
#1271=IFCDIRECTION((0.,0.,1.));
#1272=IFCDIRECTION((1.,0.,0.));
#1273=IFCAXIS2PLACEMENT3D(#1270,#1271,#1272);
#1274=IFCCARTESIANPOINTLIST3D(((19.8258647918701,-68.6206207275391,0.),(19.8259887695312,-4.62061643600464,0.),(-20.4233989715576,-4.62051010131836,0.),(-20.4235210418701,-68.6205062866211,0.),(-102.714653015137,-93.8899230957031,0.),(-105.067314147949,-93.8899230957031,0.),(-104.654716491699,-96.8314208984375,0.),(-103.127250671387,-96.8314208984375,0.),(79.7148971557617,-68.6206207275391,0.),(79.7150268554688,-4.62061643600464,0.),(119.964530944824,-4.62061643600464,0.),(119.964408874512,-68.6206207275391,0.),(-99.3904342651367,-94.5211181640625,0.),(-101.743225097656,-94.5211181640625,0.),(-101.330375671387,-97.462532043457,0.),(-99.8030319213867,-97.462532043457,0.),(-96.4846801757812,-97.462532043457,0.),(-96.0720825195312,-94.5211181640625,0.),(-98.4246139526367,-94.5211181640625,0.),(-98.0120162963867,-97.462532043457,0.),(-84.4437789916992,-4.69502592086792,0.),(-117.934387207031,-4.69502592086792,0.),(-117.934387207031,-98.6950225830078,0.),(-84.4437789916992,-98.6950225830078,0.),(-132.673873901367,-4.,0.),(132.673095703125,-4.,0.),(132.673095703125,0.,0.),(-92.9204711914062,-93.8899230957031,0.),(-95.2732467651367,-93.8899230957031,0.),(-94.8605270385742,-96.8314208984375,0.),(-93.3330612182617,-96.8314208984375,0.),(-90.2964401245117,-91.1742248535156,0.),(-89.1736373901367,-89.5865173339844,0.),(-88.3320922851562,-87.8152160644531,0.),(-87.8034057617188,-85.8925247192383,0.),(-87.6199264526367,-83.8487243652344,0.),(-87.8034057617188,-81.8049163818359,0.),(-88.3320922851562,-79.8822250366211,0.),(-89.1736373901367,-78.1109237670898,0.),(-90.2964401245117,-76.5232238769531,0.),(-91.6680297851562,-75.1515197753906,0.),(-93.2557907104492,-74.0287170410156,0.),(-95.0271606445312,-73.18701171875,0.),(-96.9498825073242,-72.6584243774414,0.),(-99.,-72.4749145507812,0.),(-101.037536621094,-72.6584243774414,0.),(-102.960258483887,-73.18701171875,0.),(-104.731376647949,-74.0287170410156,0.),(-106.319145202637,-75.1515197753906,0.),(-107.690727233887,-76.5232238769531,0.),(-108.813529968262,-78.1109237670898,0.),(-109.655326843262,-79.8822250366211,0.),(-110.183898925781,-81.8049163818359,0.),(-110.367485046387,-83.8487243652344,0.),(-110.183898925781,-85.8925247192383,0.),(-109.655326843262,-87.8152160644531,0.),(-108.813529968262,-89.5865173339844,0.),(-107.690727233887,-91.1742248535156,0.),(-106.319145202637,-92.5458221435547,0.),(-104.731376647949,-93.6687164306641,0.),(-102.960258483887,-94.5104217529297,0.),(-101.037536621094,-95.0390167236328,0.),(-99.,-95.2225189208984,0.),(-96.9498825073242,-95.0390167236328,0.),(-95.0271606445312,-94.5104217529297,0.),(-93.2557907104492,-93.6687164306641,0.),(-91.6680297851562,-92.5458221435547,0.),(19.8258647918701,-68.6206207275391,20.),(19.8259887695312,-4.62061643600464,20.),(-20.4233989715576,-4.62051010131836,20.),(-20.4235210418701,-68.6205062866211,20.),(-102.714653015137,-93.8899230957031,20.),(-105.067314147949,-93.8899230957031,20.),(-104.654716491699,-96.8314208984375,20.),(-103.127250671387,-96.8314208984375,20.),(79.7148971557617,-68.6206207275391,20.),(79.7150268554688,-4.62061643600464,20.),(119.964530944824,-4.62061643600464,20.),(119.964408874512,-68.6206207275391,20.),(-99.3904342651367,-94.5211181640625,20.),(-101.743225097656,-94.5211181640625,20.),(-101.330375671387,-97.462532043457,20.),(-99.8030319213867,-97.462532043457,20.),(-96.4846801757812,-97.462532043457,20.),(-96.0720825195312,-94.5211181640625,20.),(-98.4246139526367,-94.5211181640625,20.),(-98.0120162963867,-97.462532043457,20.),(-84.4437789916992,-4.69502592086792,20.),(-117.934387207031,-4.69502592086792,20.),(-117.934387207031,-98.6950225830078,20.),(-84.4437789916992,-98.6950225830078,20.),(-132.673873901367,-4.,20.),(132.673095703125,-4.,20.),(132.673095703125,0.,20.),(-92.9204711914062,-93.8899230957031,20.),(-95.2732467651367,-93.8899230957031,20.),(-94.8605270385742,-96.8314208984375,20.),(-93.3330612182617,-96.8314208984375,20.),(-90.2964401245117,-91.1742248535156,20.),(-89.1736373901367,-89.5865173339844,20.),(-88.3320922851562,-87.8152160644531,20.),(-87.8034057617188,-85.8925247192383,20.),(-87.6199264526367,-83.8487243652344,20.),(-87.8034057617188,-81.8049163818359,20.),(-88.3320922851562,-79.8822250366211,20.),(-89.1736373901367,-78.1109237670898,20.),(-90.2964401245117,-76.5232238769531,20.),(-91.6680297851562,-75.1515197753906,20.),(-93.2557907104492,-74.0287170410156,20.),(-95.0271606445312,-73.18701171875,20.),(-96.9498825073242,-72.6584243774414,20.),(-99.,-72.4749145507812,20.),(-101.037536621094,-72.6584243774414,20.),(-102.960258483887,-73.18701171875,20.),(-104.731376647949,-74.0287170410156,20.),(-106.319145202637,-75.1515197753906,20.),(-107.690727233887,-76.5232238769531,20.),(-108.813529968262,-78.1109237670898,20.),(-109.655326843262,-79.8822250366211,20.),(-110.183898925781,-81.8049163818359,20.),(-110.367485046387,-83.8487243652344,20.),(-110.183898925781,-85.8925247192383,20.),(-109.655326843262,-87.8152160644531,20.),(-108.813529968262,-89.5865173339844,20.),(-107.690727233887,-91.1742248535156,20.),(-106.319145202637,-92.5458221435547,20.),(-104.731376647949,-93.6687164306641,20.),(-102.960258483887,-94.5104217529297,20.),(-101.037536621094,-95.0390167236328,20.),(-99.,-95.2225189208984,20.),(-96.9498825073242,-95.0390167236328,20.),(-95.0271606445312,-94.5104217529297,20.),(-93.2557907104492,-93.6687164306641,20.),(-91.6680297851562,-92.5458221435547,20.)));
#1275=IFCINDEXEDPOLYGONALFACE((61,62,129,128));
#1276=IFCINDEXEDPOLYGONALFACE((35,36,103,102));
#1277=IFCINDEXEDPOLYGONALFACE((7,8,75,74));
#1278=IFCINDEXEDPOLYGONALFACE((62,63,130,129));
#1279=IFCINDEXEDPOLYGONALFACE((36,37,104,103));
#1280=IFCINDEXEDPOLYGONALFACE((8,5,72,75));
#1281=IFCINDEXEDPOLYGONALFACE((63,64,131,130));
#1282=IFCINDEXEDPOLYGONALFACE((37,38,105,104));
#1283=IFCINDEXEDPOLYGONALFACE((9,10,77,76));
#1284=IFCINDEXEDPOLYGONALFACE((64,65,132,131));
#1285=IFCINDEXEDPOLYGONALFACE((38,39,106,105));
#1286=IFCINDEXEDPOLYGONALFACE((10,11,78,77));
#1287=IFCINDEXEDPOLYGONALFACE((65,66,133,132));
#1288=IFCINDEXEDPOLYGONALFACE((39,40,107,106));
#1289=IFCINDEXEDPOLYGONALFACE((11,12,79,78));
#1290=IFCINDEXEDPOLYGONALFACE((66,67,134,133));
#1291=IFCINDEXEDPOLYGONALFACE((40,41,108,107));
#1292=IFCINDEXEDPOLYGONALFACE((13,14,81,80));
#1293=IFCINDEXEDPOLYGONALFACE((67,32,99,134));
#1294=IFCINDEXEDPOLYGONALFACE((41,42,109,108));
#1295=IFCINDEXEDPOLYGONALFACE((14,15,82,81));
#1296=IFCINDEXEDPOLYGONALFACE((4,1,68,71));
#1297=IFCINDEXEDPOLYGONALFACE((42,43,110,109));
#1298=IFCINDEXEDPOLYGONALFACE((15,16,83,82));
#1299=IFCINDEXEDPOLYGONALFACE((12,9,76,79));
#1300=IFCINDEXEDPOLYGONALFACE((43,44,111,110));
#1301=IFCINDEXEDPOLYGONALFACE((16,13,80,83));
#1302=IFCINDEXEDPOLYGONALFACE((44,45,112,111));
#1303=IFCINDEXEDPOLYGONALFACE((17,18,85,84));
#1304=IFCINDEXEDPOLYGONALFACE((45,46,113,112));
#1305=IFCINDEXEDPOLYGONALFACE((18,19,86,85));
#1306=IFCINDEXEDPOLYGONALFACE((46,47,114,113));
#1307=IFCINDEXEDPOLYGONALFACE((19,20,87,86));
#1308=IFCINDEXEDPOLYGONALFACE((47,48,115,114));
#1309=IFCINDEXEDPOLYGONALFACE((20,17,84,87));
#1310=IFCINDEXEDPOLYGONALFACE((48,49,116,115));
#1311=IFCINDEXEDPOLYGONALFACE((21,22,89,88));
#1312=IFCINDEXEDPOLYGONALFACE((49,50,117,116));
#1313=IFCINDEXEDPOLYGONALFACE((22,23,90,89));
#1314=IFCINDEXEDPOLYGONALFACE((50,51,118,117));
#1315=IFCINDEXEDPOLYGONALFACE((23,24,91,90));
#1316=IFCINDEXEDPOLYGONALFACE((51,52,119,118));
#1317=IFCINDEXEDPOLYGONALFACE((24,21,88,91));
#1318=IFCINDEXEDPOLYGONALFACE((52,53,120,119));
#1319=IFCINDEXEDPOLYGONALFACE((25,26,93,92));
#1320=IFCINDEXEDPOLYGONALFACE((53,54,121,120));
#1321=IFCINDEXEDPOLYGONALFACE((26,27,94,93));
#1322=IFCINDEXEDPOLYGONALFACE((54,55,122,121));
#1323=IFCINDEXEDPOLYGONALFACE((28,29,96,95));
#1324=IFCINDEXEDPOLYGONALFACE((55,56,123,122));
#1325=IFCINDEXEDPOLYGONALFACE((29,30,97,96));
#1326=IFCINDEXEDPOLYGONALFACE((56,57,124,123));
#1327=IFCINDEXEDPOLYGONALFACE((30,31,98,97));
#1328=IFCINDEXEDPOLYGONALFACE((1,2,69,68));
#1329=IFCINDEXEDPOLYGONALFACE((57,58,125,124));
#1330=IFCINDEXEDPOLYGONALFACE((31,28,95,98));
#1331=IFCINDEXEDPOLYGONALFACE((2,3,70,69));
#1332=IFCINDEXEDPOLYGONALFACE((58,59,126,125));
#1333=IFCINDEXEDPOLYGONALFACE((32,33,100,99));
#1334=IFCINDEXEDPOLYGONALFACE((3,4,71,70));
#1335=IFCINDEXEDPOLYGONALFACE((59,60,127,126));
#1336=IFCINDEXEDPOLYGONALFACE((33,34,101,100));
#1337=IFCINDEXEDPOLYGONALFACE((5,6,73,72));
#1338=IFCINDEXEDPOLYGONALFACE((60,61,128,127));
#1339=IFCINDEXEDPOLYGONALFACE((34,35,102,101));
#1340=IFCINDEXEDPOLYGONALFACE((6,7,74,73));
#1341=IFCINDEXEDPOLYGONALFACE((1,4,3,2));
#1342=IFCINDEXEDPOLYGONALFACE((5,8,7,6));
#1343=IFCINDEXEDPOLYGONALFACE((9,12,11,10));
#1344=IFCINDEXEDPOLYGONALFACE((13,16,15,14));
#1345=IFCINDEXEDPOLYGONALFACE((17,20,19,18));
#1346=IFCINDEXEDPOLYGONALFACE((21,24,23,22));
#1347=IFCINDEXEDPOLYGONALFACE((28,31,30,29));
#1348=IFCINDEXEDPOLYGONALFACE((32,67,66,65,64,63,62,61,60,59,58,57,56,55,54,53,52,51,50,49,48,47,46,45,44,43,42,41,40,39,38,37,36,35,34,33));
#1349=IFCINDEXEDPOLYGONALFACE((72,73,74,75));
#1350=IFCINDEXEDPOLYGONALFACE((80,81,82,83));
#1351=IFCINDEXEDPOLYGONALFACE((84,85,86,87));
#1352=IFCINDEXEDPOLYGONALFACE((95,96,97,98));
#1353=IFCPOLYGONALFACESET(#1274,.F.,(#1275,#1276,#1277,#1278,#1279,#1280,#1281,#1282,#1283,#1284,#1285,#1286,#1287,#1288,#1289,#1290,#1291,#1292,#1293,#1294,#1295,#1296,#1297,#1298,#1299,#1300,#1301,#1302,#1303,#1304,#1305,#1306,#1307,#1308,#1309,#1310,#1311,#1312,#1313,#1314,#1315,#1316,#1317,#1318,#1319,#1320,#1321,#1322,#1323,#1324,#1325,#1326,#1327,#1328,#1329,#1330,#1331,#1332,#1333,#1334,#1335,#1336,#1337,#1338,#1339,#1340,#1341,#1342,#1343,#1344,#1345,#1346,#1347,#1348,#1349,#1350,#1351,#1352),$);
#1354=IFCSHAPEREPRESENTATION(#1420,'Body','Tessellation',(#1353));
#1355=IFCREPRESENTATIONMAP(#1273,#1354);
#1356=IFCDIRECTION((1.,0.,0.));
#1357=IFCDIRECTION((0.,1.,0.));
#1358=IFCCARTESIANPOINT((0.,0.,0.));
#1359=IFCDIRECTION((0.,0.,1.));
#1360=IFCCARTESIANTRANSFORMATIONOPERATOR3D(#1356,#1357,#1358,1.,#1359);
#1361=IFCMAPPEDITEM(#1355,#1360);
#1362=IFCSHAPEREPRESENTATION(#1420,'Body','MappedRepresentation',(#1361));
#1363=IFCPRODUCTDEFINITIONSHAPE($,$,(#1268,#1362));
#1364=IFCSANITARYTERMINAL('245NU$zZL0d9tYTVwwBdk$',#28,'SanitaryTerminal',$,$,#1426,#1363,$,$);
#1365=IFCSTYLEDITEM(#74,(#1370),$);
#1366=IFCCOLOURRGB($,0.800047397613525,0.563774406909943,0.314339339733124);
#1367=IFCCOLOURRGB($,0.800000011920929,0.800000011920929,0.800000011920929);
#1368=IFCSURFACESTYLERENDERING(#1366,0.,#1367,$,$,$,IFCNORMALISEDRATIOMEASURE(0.),IFCSPECULARROUGHNESS(0.5),.NOTDEFINED.);
#1369=IFCEXTERNALLYDEFINEDSURFACESTYLE('Materials.blend','materials/MetalBrassCast005_1K','MetalBrassCast005_1K');
#1370=IFCSURFACESTYLE('MetalBrassCast005_1K',.BOTH.,(#1368,#1369));
#1371=IFCSTYLEDITEM(#85,(#1370),$);
#1372=IFCSTYLEDITEM(#96,(#1370),$);
#1373=IFCSTYLEDITEM(#107,(#1370),$);
#1374=IFCSTYLEDITEM(#118,(#1370),$);
#1375=IFCSTYLEDITEM(#129,(#1370),$);
#1376=IFCSTYLEDITEM(#140,(#1370),$);
#1377=IFCSTYLEDITEM(#151,(#1370),$);
#1378=IFCSTYLEDITEM(#162,(#1370),$);
#1379=IFCSTYLEDITEM(#173,(#1370),$);
#1380=IFCSTYLEDITEM(#184,(#1370),$);
#1381=IFCSTYLEDITEM(#195,(#1370),$);
#1382=IFCSTYLEDITEM(#206,(#1370),$);
#1383=IFCSTYLEDITEM(#217,(#1370),$);
#1384=IFCSTYLEDITEM(#228,(#1370),$);
#1385=IFCSTYLEDITEM(#239,(#1370),$);
#1386=IFCSTYLEDITEM(#250,(#1370),$);
#1387=IFCSTYLEDITEM(#261,(#1370),$);
#1388=IFCSTYLEDITEM(#272,(#1370),$);
#1389=IFCSTYLEDITEM(#283,(#1370),$);
#1390=IFCSTYLEDITEM(#294,(#1370),$);
#1391=IFCSTYLEDITEM(#305,(#1370),$);
#1392=IFCSTYLEDITEM(#316,(#1370),$);
#1393=IFCSTYLEDITEM(#327,(#1370),$);
#1394=IFCSTYLEDITEM(#338,(#1370),$);
#1395=IFCSTYLEDITEM(#349,(#1370),$);
#1396=IFCSTYLEDITEM(#360,(#1370),$);
#1397=IFCSTYLEDITEM(#371,(#1370),$);
#1398=IFCSTYLEDITEM(#382,(#1370),$);
#1399=IFCSTYLEDITEM(#393,(#1370),$);
#1400=IFCSTYLEDITEM(#404,(#1370),$);
#1401=IFCSTYLEDITEM(#415,(#1370),$);
#1402=IFCSTYLEDITEM(#426,(#1370),$);
#1403=IFCSTYLEDITEM(#437,(#1370),$);
#1404=IFCSTYLEDITEM(#448,(#1370),$);
#1405=IFCSTYLEDITEM(#459,(#1370),$);
#1406=IFCSTYLEDITEM(#470,(#1370),$);
#1407=IFCSTYLEDITEM(#481,(#1370),$);
#1408=IFCSTYLEDITEM(#492,(#1370),$);
#1409=IFCSTYLEDITEM(#503,(#1370),$);
#1410=IFCSTYLEDITEM(#555,(#1370),$);
#1411=IFCSTYLEDITEM(#607,(#1370),$);
#1412=IFCSTYLEDITEM(#637,(#1370),$);
#1413=IFCSTYLEDITEM(#665,(#1370),$);
#1414=IFCSTYLEDITEM(#693,(#1370),$);
#1415=IFCSTYLEDITEM(#733,(#1370),$);
#1416=IFCSTYLEDITEM(#741,(#1370),$);
#1417=IFCSTYLEDITEM(#949,(#1370),$);
#1418=IFCSTYLEDITEM(#1259,(#1370),$);
#1419=IFCSTYLEDITEM(#1353,(#1370),'MetalBrassCast005_1K');
#1420=IFCGEOMETRICREPRESENTATIONSUBCONTEXT('Body','Model',*,*,*,*,#10,$,.PLAN_VIEW.,$);
#1421=IFCGEOMETRICREPRESENTATIONSUBCONTEXT('Body','Model',*,*,*,*,#10,$,.MODEL_VIEW.,$);
#1422=IFCCARTESIANPOINT((-1839.81168270111,1840.,1210.));
#1423=IFCDIRECTION((0.,0.,1.));
#1424=IFCDIRECTION((0.,1.,0.));
#1425=IFCAXIS2PLACEMENT3D(#1422,#1423,#1424);
#1426=IFCLOCALPLACEMENT($,#1425);
#1427=IFCOWNERHISTORY(#23,#4,.READWRITE.,.MODIFIED.,1770473229,#23,#27,1762351146);
#1428=IFCSANITARYTERMINALTYPE('3WbkJJsCrBKe0vL$_wD4s3',#1427,'Gessi316 54038','External parts wall-mounted for shower mixer, two-way, diverter, water outlet, handshower hook',$,$,(#1261,#1355),$,$,.SHOWER.);
#1436=IFCOWNERHISTORY(#3,#4,.READWRITE.,.ADDED.,1787482448,#3,#4,1787482448);
#1437=IFCRELDEFINESBYTYPE('2RcubszU96TuMRaSaKCC8y',#1436,$,$,(#1364),#1428);
#1438=IFCOWNERHISTORY(#23,#4,.READWRITE.,.MODIFIED.,1787482448,#3,#27,1762414105);
#1439=IFCBUILDINGSTOREY('1nWDSMPFnE6ReuI_BVi9KH',#1438,'BATHG',$,$,#1444,$,$,$,$);
#1440=IFCCARTESIANPOINT((0.,0.,0.));
#1441=IFCDIRECTION((0.,0.,1.));
#1442=IFCDIRECTION((1.,0.,0.));
#1443=IFCAXIS2PLACEMENT3D(#1440,#1441,#1442);
#1444=IFCLOCALPLACEMENT($,#1443);
#1445=IFCOWNERHISTORY(#23,#4,.READWRITE.,.MODIFIED.,1787482448,#3,#27,1761750327);
#1446=IFCBUILDINGSTOREY('1VjEk5I8XFmfiAYaLk_F_7',#1445,'FUR',$,$,#1451,$,$,$,$);
#1447=IFCCARTESIANPOINT((0.,0.,0.));
#1448=IFCDIRECTION((0.,0.,1.));
#1449=IFCDIRECTION((1.,0.,0.));
#1450=IFCAXIS2PLACEMENT3D(#1447,#1448,#1449);
#1451=IFCLOCALPLACEMENT($,#1450);
#1452=IFCOWNERHISTORY(#23,#4,.READWRITE.,.MODIFIED.,1787482448,#3,#27,1759986564);
#1453=IFCBUILDING('0aVVbcf_9A9x07_Nod0gAP',#1452,'My Building',$,$,#1458,$,$,$,$,$,$);
#1454=IFCCARTESIANPOINT((0.,0.,0.));
#1455=IFCDIRECTION((0.,0.,1.));
#1456=IFCDIRECTION((1.,0.,0.));
#1457=IFCAXIS2PLACEMENT3D(#1454,#1455,#1456);
#1458=IFCLOCALPLACEMENT($,#1457);
#1459=IFCSITE('3iWnpcHW54tQCcUMk_yOsj',#1465,'My Site',$,$,#1464,$,$,$,$,$,$,$,$);
#1460=IFCCARTESIANPOINT((0.,0.,0.));
#1461=IFCDIRECTION((0.,0.,1.));
#1462=IFCDIRECTION((1.,0.,0.));
#1463=IFCAXIS2PLACEMENT3D(#1460,#1461,#1462);
#1464=IFCLOCALPLACEMENT($,#1463);
#1465=IFCOWNERHISTORY(#3,#27,.READWRITE.,.ADDED.,1787482448,#3,#27,1787482448);
#1466=IFCRELCONTAINEDINSPATIALSTRUCTURE('00Ti2fZiv49RnPNjM9uhRr',#5,$,$,(#1364),#1439);
#1467=IFCRELAGGREGATES('2zHKlmgXnAKfPyngmj0pN1',#5,$,$,#1446,(#1439));
#1468=IFCRELAGGREGATES('3fr2CNrij3tPHxC5_YRHfb',#5,$,$,#1453,(#1446));
#1469=IFCRELAGGREGATES('3UkqSrClDFABEZWJokY9MS',#5,$,$,#1459,(#1453));
#1470=IFCRELAGGREGATES('1Oc$CmVYn1APv0lMC2HdVI',#5,$,$,#20,(#1459));
ENDSEC;
END-ISO-10303-21;
