ISO-10303-21;
HEADER;
FILE_DESCRIPTION(('ViewDefinition [CoordinationView]'),'2;1');
FILE_NAME('','2026-08-23T15:56:29',(''),(''),'IfcOpenShell 0.8.4-e8eb5e4','IfcOpenShell 0.8.4-e8eb5e4','');
FILE_SCHEMA(('IFC4'));
ENDSEC;
DATA;
#1=IFCPERSON($,'','ryan@openingdesign.com',$,$,$,$,$);
#2=IFCORGANIZATION($,'','',$,$);
#3=IFCPERSONANDORGANIZATION(#1,#2,$);
#4=IFCAPPLICATION($,'0.8.3','Bonsai','Bonsai-0.8.3');
#5=IFCOWNERHISTORY(#3,#4,.READWRITE.,.MODIFIED.,1786125332,#3,#4,1759683330);
#6=IFCCARTESIANPOINT((0.,0.,0.));
#7=IFCDIRECTION((0.,0.,1.));
#8=IFCDIRECTION((1.,0.,0.));
#9=IFCAXIS2PLACEMENT3D(#6,#7,#8);
#10=IFCGEOMETRICREPRESENTATIONCONTEXT($,'Model',3,1.E-05,#9,$);
#11=IFCGEOMETRICREPRESENTATIONCONTEXT($,'Plan',2,1.E-05,$,$);
#12=IFCSIUNIT(*,.VOLUMEUNIT.,$,.CUBIC_METRE.);
#13=IFCSIUNIT(*,.LENGTHUNIT.,.MILLI.,.METRE.);
#14=IFCDIMENSIONALEXPONENTS(0,0,0,0,0,0,0);
#15=IFCSIUNIT(*,.PLANEANGLEUNIT.,$,.RADIAN.);
#16=IFCMEASUREWITHUNIT(IFCREAL(0.0174532925199433),#15);
#17=IFCCONVERSIONBASEDUNIT(#14,.PLANEANGLEUNIT.,'degree',#16);
#18=IFCSIUNIT(*,.AREAUNIT.,$,.SQUARE_METRE.);
#19=IFCUNITASSIGNMENT((#12,#13,#17,#18));
#20=IFCPROJECT('3hFmn2ED14Ofwsj$DzZ0HC',$,'My Project',$,$,$,$,(#10,#11),#19);
#21=IFCPERSON($,'','ryan@openingdesign.com',$,$,$,$,$);
#22=IFCORGANIZATION($,'','',$,$);
#23=IFCPERSONANDORGANIZATION(#21,#22,$);
#24=IFCACTORROLE(.USERDEFINED.,'CONTRIBUTOR',$);
#25=IFCTELECOMADDRESS(.USERDEFINED.,$,'WEBPAGE',$,$,$,$,'https://ifcopenshell.org',$);
#26=IFCORGANIZATION('IfcOpenShell','IfcOpenShell','IfcOpenShell is an open source software library that helps users and software developers to work with IFC data.',(#24),(#25));
#27=IFCAPPLICATION(#26,'0.8.4','Bonsai','Bonsai-0.8.4');
#28=IFCOWNERHISTORY(#23,#4,.READWRITE.,.MODIFIED.,1787471789,#3,#27,1762245086);
#60=IFCCARTESIANPOINT((0.,0.,0.));
#61=IFCDIRECTION((0.,0.,1.));
#62=IFCDIRECTION((1.,0.,0.));
#63=IFCAXIS2PLACEMENT3D(#60,#61,#62);
#64=IFCCARTESIANPOINTLIST3D(((280.,0.,0.),(280.,0.,220.),(279.662719726562,-13.7389602661133,220.),(279.662719726562,-13.7389602661133,0.),(278.651702880859,-27.4448108673096,220.),(278.651702880859,-27.4448108673096,0.),(276.969421386719,-41.0845413208008,220.),(276.969421386719,-41.0845413208008,0.),(274.619873046875,-54.6252975463867,220.),(274.619873046875,-54.6252975463867,0.),(271.608734130859,-68.0344696044922,220.),(271.608734130859,-68.0344696044922,0.),(267.943237304688,-81.2797088623047,220.),(267.943237304688,-81.2797088623047,0.),(263.63232421875,-94.3291625976562,220.),(263.63232421875,-94.3291625976562,0.),(258.686218261719,-107.1513671875,220.),(258.686218261719,-107.1513671875,0.),(253.116958618164,-119.71541595459,220.),(253.116958618164,-119.71541595459,0.),(246.937911987305,-132.,220.),(246.937911987305,-132.,0.),(240.163986206055,-143.948791503906,220.),(240.163986206055,-143.948791503906,0.),(232.811462402344,-155.559661865234,220.),(232.811462402344,-155.559661865234,0.),(224.898071289062,-166.795791625977,220.),(224.898071289062,-166.795791625977,0.),(216.442886352539,-177.630126953125,220.),(216.442886352539,-177.630126953125,0.),(207.466278076172,-188.036514282227,220.),(207.466278076172,-188.036514282227,0.),(197.989852905273,-197.989883422852,220.),(197.989852905273,-197.989883422852,0.),(188.036483764648,-207.46630859375,220.),(188.036483764648,-207.46630859375,0.),(177.630096435547,-216.442916870117,220.),(177.630096435547,-216.442916870117,0.),(166.795761108398,-224.898071289062,220.),(166.795761108398,-224.898071289062,0.),(155.559631347656,-232.811462402344,220.),(155.559631347656,-232.811462402344,0.),(143.948760986328,-240.163986206055,220.),(143.948760986328,-240.163986206055,0.),(132.,-246.937911987305,220.),(132.,-246.937911987305,0.),(119.715400695801,-253.116958618164,220.),(119.715400695801,-253.116958618164,0.),(107.151336669922,-258.686218261719,220.),(107.151336669922,-258.686218261719,0.),(94.3291397094727,-263.63232421875,220.),(94.3291397094727,-263.63232421875,0.),(81.2796859741211,-267.943237304688,220.),(81.2796859741211,-267.943237304688,0.),(68.0344390869141,-271.608734130859,220.),(68.0344390869141,-271.608734130859,0.),(54.6252784729004,-274.619873046875,220.),(54.6252784729004,-274.619873046875,0.),(41.0845146179199,-276.969421386719,220.),(41.0845146179199,-276.969421386719,0.),(27.4447841644287,-278.651702880859,0.),(27.4447841644287,-278.651702880859,220.),(13.7389364242554,-279.662719726562,220.),(13.7389364242554,-279.662719726562,0.),(0.,-280.,220.),(0.,-280.,0.),(-13.7389602661133,-279.662719726562,220.),(-13.7389602661133,-279.662719726562,0.),(-27.4448108673096,-278.651702880859,220.),(-27.4448108673096,-278.651702880859,0.),(-41.0845413208008,-276.969421386719,220.),(-41.0845413208008,-276.969421386719,0.),(-54.6252975463867,-274.619873046875,220.),(-54.6252975463867,-274.619873046875,0.),(-68.0344696044922,-271.608734130859,220.),(-68.0344696044922,-271.608734130859,0.),(-81.2797088623047,-267.943237304688,220.),(-81.2797088623047,-267.943237304688,0.),(-94.3291625976562,-263.63232421875,220.),(-94.3291625976562,-263.63232421875,0.),(-107.1513671875,-258.686218261719,220.),(-107.1513671875,-258.686218261719,0.),(-119.71541595459,-253.116958618164,220.),(-119.71541595459,-253.116958618164,0.),(-132.,-246.937911987305,220.),(-132.,-246.937911987305,0.),(-143.948791503906,-240.163986206055,220.),(-143.948791503906,-240.163986206055,0.),(-155.559661865234,-232.811462402344,220.),(-155.559661865234,-232.811462402344,0.),(-166.795791625977,-224.898071289062,220.),(-166.795791625977,-224.898071289062,0.),(-177.630126953125,-216.442886352539,220.),(-177.630126953125,-216.442886352539,0.),(-188.036514282227,-207.466278076172,220.),(-188.036514282227,-207.466278076172,0.),(-197.989883422852,-197.989852905273,220.),(-197.989883422852,-197.989852905273,0.),(-207.46630859375,-188.036483764648,220.),(-207.46630859375,-188.036483764648,0.),(-216.442916870117,-177.630096435547,220.),(-216.442916870117,-177.630096435547,0.),(-224.898071289062,-166.795761108398,220.),(-224.898071289062,-166.795761108398,0.),(-232.811462402344,-155.559631347656,220.),(-232.811462402344,-155.559631347656,0.),(-240.163986206055,-143.948760986328,220.),(-240.163986206055,-143.948760986328,0.),(-246.937911987305,-132.,220.),(-246.937911987305,-132.,0.),(-253.116958618164,-119.715400695801,220.),(-253.116958618164,-119.715400695801,0.),(-258.686218261719,-107.151336669922,220.),(-258.686218261719,-107.151336669922,0.),(-263.63232421875,-94.3291397094727,220.),(-263.63232421875,-94.3291397094727,0.),(-267.943237304688,-81.2796859741211,220.),(-267.943237304688,-81.2796859741211,0.),(-271.608734130859,-68.0344390869141,220.),(-271.608734130859,-68.0344390869141,0.),(-274.619873046875,-54.6252784729004,220.),(-274.619873046875,-54.6252784729004,0.),(-276.969421386719,-41.0845146179199,220.),(-276.969421386719,-41.0845146179199,0.),(-278.651702880859,-27.4447841644287,220.),(-278.651702880859,-27.4447841644287,0.),(-279.662719726562,-13.7389364242554,220.),(-279.662719726562,-13.7389364242554,0.),(-280.,0.,220.),(-280.,0.,0.),(-279.662719726562,13.7389602661133,220.),(-279.662719726562,13.7389602661133,0.),(-278.651702880859,27.4448108673096,220.),(-278.651702880859,27.4448108673096,0.),(-276.969421386719,41.0845413208008,220.),(-276.969421386719,41.0845413208008,0.),(-274.619873046875,54.6252975463867,220.),(-274.619873046875,54.6252975463867,0.),(-271.608734130859,68.0344696044922,220.),(-271.608734130859,68.0344696044922,0.),(-267.943237304688,81.2797088623047,220.),(-267.943237304688,81.2797088623047,0.),(-263.63232421875,94.3291625976562,220.),(-263.63232421875,94.3291625976562,0.),(-258.686218261719,107.1513671875,220.),(-258.686218261719,107.1513671875,0.),(-253.116958618164,119.71541595459,220.),(-253.116958618164,119.71541595459,0.),(-246.937911987305,132.,220.),(-246.937911987305,132.,0.),(-240.163986206055,143.948791503906,220.),(-240.163986206055,143.948791503906,0.),(-232.811462402344,155.559661865234,220.),(-232.811462402344,155.559661865234,0.),(-224.898071289062,166.795791625977,220.),(-224.898071289062,166.795791625977,0.),(-216.442886352539,177.630126953125,220.),(-216.442886352539,177.630126953125,0.),(-207.466278076172,188.036514282227,220.),(-207.466278076172,188.036514282227,0.),(-197.989852905273,197.989883422852,220.),(-197.989852905273,197.989883422852,0.),(-188.036483764648,207.46630859375,220.),(-188.036483764648,207.46630859375,0.),(-177.630096435547,216.442916870117,220.),(-177.630096435547,216.442916870117,0.),(-166.795761108398,224.898071289062,220.),(-166.795761108398,224.898071289062,0.),(-155.559631347656,232.811462402344,220.),(-155.559631347656,232.811462402344,0.),(-143.948760986328,240.163986206055,220.),(-143.948760986328,240.163986206055,0.),(-132.,246.937911987305,220.),(-132.,246.937911987305,0.),(-119.715400695801,253.116958618164,220.),(-119.715400695801,253.116958618164,0.),(-107.151336669922,258.686218261719,220.),(-107.151336669922,258.686218261719,0.),(-94.3291397094727,263.63232421875,220.),(-94.3291397094727,263.63232421875,0.),(-81.2796859741211,267.943237304688,220.),(-81.2796859741211,267.943237304688,0.),(-68.0344390869141,271.608734130859,220.),(-68.0344390869141,271.608734130859,0.),(-54.6252784729004,274.619873046875,220.),(-54.6252784729004,274.619873046875,0.),(-41.0845146179199,276.969421386719,220.),(-41.0845146179199,276.969421386719,0.),(-27.4447841644287,278.651702880859,220.),(-27.4447841644287,278.651702880859,0.),(-13.7389364242554,279.662719726562,220.),(-13.7389364242554,279.662719726562,0.),(0.,280.,220.),(0.,280.,0.),(13.7389602661133,279.662719726562,220.),(13.7389602661133,279.662719726562,0.),(27.4448108673096,278.651702880859,220.),(27.4448108673096,278.651702880859,0.),(41.0845413208008,276.969421386719,220.),(41.0845413208008,276.969421386719,0.),(54.6252975463867,274.619873046875,220.),(54.6252975463867,274.619873046875,0.),(68.0344696044922,271.608734130859,220.),(68.0344696044922,271.608734130859,0.),(81.2797088623047,267.943237304688,220.),(81.2797088623047,267.943237304688,0.),(94.3291625976562,263.63232421875,220.),(94.3291625976562,263.63232421875,0.),(107.1513671875,258.686218261719,220.),(107.1513671875,258.686218261719,0.),(119.71541595459,253.116958618164,220.),(119.71541595459,253.116958618164,0.),(132.,246.937911987305,220.),(132.,246.937911987305,0.),(143.948791503906,240.163986206055,220.),(143.948791503906,240.163986206055,0.),(155.559661865234,232.811462402344,220.),(155.559661865234,232.811462402344,0.),(166.795791625977,224.898071289062,220.),(166.795791625977,224.898071289062,0.),(177.630126953125,216.442886352539,220.),(177.630126953125,216.442886352539,0.),(188.036514282227,207.466278076172,220.),(188.036514282227,207.466278076172,0.),(197.989883422852,197.989852905273,220.),(197.989883422852,197.989852905273,0.),(207.46630859375,188.036483764648,220.),(207.46630859375,188.036483764648,0.),(216.442916870117,177.630096435547,220.),(216.442916870117,177.630096435547,0.),(224.898071289062,166.795761108398,220.),(224.898071289062,166.795761108398,0.),(232.811462402344,155.559631347656,220.),(232.811462402344,155.559631347656,0.),(240.163986206055,143.948760986328,220.),(240.163986206055,143.948760986328,0.),(246.937911987305,132.,220.),(246.937911987305,132.,0.),(253.116958618164,119.715400695801,220.),(253.116958618164,119.715400695801,0.),(258.686218261719,107.151336669922,220.),(258.686218261719,107.151336669922,0.),(263.63232421875,94.3291397094727,220.),(263.63232421875,94.3291397094727,0.),(267.943237304688,81.2796859741211,220.),(267.943237304688,81.2796859741211,0.),(271.608734130859,68.0344390869141,220.),(271.608734130859,68.0344390869141,0.),(274.619873046875,54.6252784729004,220.),(274.619873046875,54.6252784729004,0.),(276.969421386719,41.0845146179199,220.),(276.969421386719,41.0845146179199,0.),(278.651702880859,27.4447841644287,220.),(278.651702880859,27.4447841644287,0.),(279.662719726562,13.7389364242554,220.),(279.662719726562,13.7389364242554,0.),(280.,0.,230.),(279.662719726562,-13.7389602661133,230.),(265.679595947266,-13.0520124435425,230.),(266.,0.,230.),(280.,0.,250.),(279.662719726562,-13.7389602661133,250.),(279.662719726562,13.7389364242554,230.),(265.679595947266,13.0519895553589,230.),(279.662719726562,13.7389364242554,250.),(265.679595947266,-13.0520124435425,220.),(266.,0.,220.),(265.679595947266,13.0519895553589,220.),(264.719116210938,26.0725479125977,230.),(264.719116210938,26.0725479125977,220.),(263.120941162109,39.0302886962891,230.),(263.120941162109,39.0302886962891,220.),(276.969421386719,41.0845146179199,230.),(278.651702880859,27.4447841644287,230.),(276.969421386719,41.0845146179199,250.),(278.651702880859,27.4447841644287,250.),(274.619873046875,54.6252784729004,250.),(271.608734130859,68.0344390869141,250.),(267.943237304688,81.2796859741211,250.),(263.63232421875,94.3291397094727,250.),(258.686218261719,107.151336669922,250.),(253.116958618164,119.715400695801,250.),(246.937911987305,132.,250.),(240.163986206055,143.948760986328,250.),(232.811462402344,155.559631347656,250.),(224.898071289062,166.795761108398,250.),(216.442916870117,177.630096435547,250.),(207.46630859375,188.036483764648,250.),(197.989883422852,197.989852905273,250.),(188.036514282227,207.466278076172,250.),(177.630126953125,216.442886352539,250.),(166.795791625977,224.898071289062,250.),(155.559661865234,232.811462402344,250.),(143.948791503906,240.163986206055,250.),(132.,246.937911987305,250.),(119.71541595459,253.116958618164,250.),(107.1513671875,258.686218261719,250.),(94.3291625976562,263.63232421875,250.),(81.2797088623047,267.943237304688,250.),(68.0344696044922,271.608734130859,250.),(54.6252975463867,274.619873046875,250.),(41.0845413208008,276.969421386719,250.),(27.4448108673096,278.651702880859,250.),(13.7389602661133,279.662719726562,250.),(0.,280.,250.),(-13.7389364242554,279.662719726562,250.),(-27.4447841644287,278.651702880859,250.),(-41.0845146179199,276.969421386719,250.),(-54.6252784729004,274.619873046875,250.),(-68.0344390869141,271.608734130859,250.),(-81.2796859741211,267.943237304688,250.),(-94.3291397094727,263.63232421875,250.),(-107.151336669922,258.686218261719,250.),(-119.715400695801,253.116958618164,250.),(-132.,246.937911987305,250.),(-143.948760986328,240.163986206055,250.),(-155.559631347656,232.811462402344,250.),(-166.795761108398,224.898071289062,250.),(-177.630096435547,216.442916870117,250.),(-188.036483764648,207.46630859375,250.),(-197.989852905273,197.989883422852,250.),(-207.466278076172,188.036514282227,250.),(-216.442886352539,177.630126953125,250.),(-224.898071289062,166.795791625977,250.),(-232.811462402344,155.559661865234,250.),(-240.163986206055,143.948791503906,250.),(-246.937911987305,132.,250.),(-253.116958618164,119.71541595459,250.),(-258.686218261719,107.1513671875,250.),(-263.63232421875,94.3291625976562,250.),(-267.943237304688,81.2797088623047,250.),(-271.608734130859,68.0344696044922,250.),(-274.619873046875,54.6252975463867,250.),(-276.969421386719,41.0845413208008,250.),(-278.651702880859,27.4448108673096,250.),(-279.662719726562,13.7389602661133,250.),(-280.,0.,250.),(-279.662719726562,-13.7389364242554,250.),(-278.651702880859,-27.4447841644287,250.),(-276.969421386719,-41.0845146179199,250.),(-274.619873046875,-54.6252784729004,250.),(-271.608734130859,-68.0344390869141,250.),(-267.943237304688,-81.2796859741211,250.),(-263.63232421875,-94.3291397094727,250.),(-258.686218261719,-107.151336669922,250.),(-253.116958618164,-119.715400695801,250.),(-246.937911987305,-132.,250.),(-240.163986206055,-143.948760986328,250.),(-232.811462402344,-155.559631347656,250.),(-224.898071289062,-166.795761108398,250.),(-216.442916870117,-177.630096435547,250.),(-207.46630859375,-188.036483764648,250.),(-197.989883422852,-197.989852905273,250.),(-188.036514282227,-207.466278076172,250.),(-177.630126953125,-216.442886352539,250.),(-166.795791625977,-224.898071289062,250.),(-155.559661865234,-232.811462402344,250.),(-143.948791503906,-240.163986206055,250.),(-132.,-246.937911987305,250.),(-119.71541595459,-253.116958618164,250.),(-107.1513671875,-258.686218261719,250.),(-94.3291625976562,-263.63232421875,250.),(-81.2797088623047,-267.943237304688,250.),(-68.0344696044922,-271.608734130859,250.),(-54.6252975463867,-274.619873046875,250.),(-41.0845413208008,-276.969421386719,250.),(-27.4448108673096,-278.651702880859,250.),(-13.7389602661133,-279.662719726562,250.),(0.,-280.,250.),(13.7389364242554,-279.662719726562,250.),(27.4447841644287,-278.651702880859,250.),(41.0845146179199,-276.969421386719,250.),(54.6252784729004,-274.619873046875,250.),(68.0344390869141,-271.608734130859,250.),(81.2796859741211,-267.943237304688,250.),(94.3291397094727,-263.63232421875,250.),(107.151336669922,-258.686218261719,250.),(119.715400695801,-253.116958618164,250.),(132.,-246.937911987305,250.),(143.948760986328,-240.163986206055,250.),(155.559631347656,-232.811462402344,250.),(166.795761108398,-224.898071289062,250.),(177.630096435547,-216.442916870117,250.),(188.036483764648,-207.46630859375,250.),(197.989852905273,-197.989883422852,250.),(207.466278076172,-188.036514282227,250.),(216.442886352539,-177.630126953125,250.),(224.898071289062,-166.795791625977,250.),(232.811462402344,-155.559661865234,250.),(240.163986206055,-143.948791503906,250.),(246.937911987305,-132.,250.),(253.116958618164,-119.71541595459,250.),(258.686218261719,-107.1513671875,250.),(263.63232421875,-94.3291625976562,250.),(267.943237304688,-81.2797088623047,250.),(271.608734130859,-68.0344696044922,250.),(274.619873046875,-54.6252975463867,250.),(276.969421386719,-41.0845413208008,250.),(278.651702880859,-27.4448108673096,250.),(274.619873046875,54.6252784729004,230.),(271.608734130859,68.0344390869141,230.),(260.888824462891,51.8940086364746,230.),(258.028289794922,64.6327133178711,230.),(260.888824462891,51.8940086364746,220.),(258.028289794922,64.6327133178711,220.),(254.546127319336,77.215705871582,230.),(254.546127319336,77.215705871582,220.),(250.450653076172,89.6126861572266,230.),(250.450653076172,89.6126861572266,220.),(263.63232421875,94.3291397094727,230.),(267.943237304688,81.2796859741211,230.),(258.686218261719,107.151336669922,230.),(253.116958618164,119.715400695801,230.),(245.751937866211,101.793785095215,230.),(240.461120605469,113.729637145996,230.),(245.751937866211,101.793785095215,220.),(240.461120605469,113.729637145996,220.),(234.591018676758,125.391494750977,230.),(234.591018676758,125.391494750977,220.),(228.155776977539,136.75129699707,230.),(228.155776977539,136.75129699707,220.),(240.163986206055,143.948760986328,230.),(246.937911987305,132.,230.),(232.811462402344,155.559631347656,230.),(224.898071289062,166.795761108398,230.),(221.170883178711,147.781646728516,230.),(213.653167724609,158.455993652344,230.),(221.170883178711,147.781646728516,220.),(213.653167724609,158.455993652344,220.),(205.62077331543,168.748611450195,230.),(205.62077331543,168.748611450195,220.),(197.092987060547,178.634643554688,230.),(197.092987060547,178.634643554688,220.),(207.46630859375,188.036483764648,230.),(216.442916870117,177.630096435547,230.),(197.989883422852,197.989852905273,230.),(188.036514282227,207.466278076172,230.),(188.090408325195,188.090377807617,230.),(178.634674072266,197.092956542969,230.),(188.090408325195,188.090377807617,220.),(178.634674072266,197.092956542969,220.),(168.748641967773,205.62077331543,230.),(168.748641967773,205.62077331543,220.),(158.456024169922,213.653167724609,230.),(158.456024169922,213.653167724609,220.),(166.795791625977,224.898071289062,230.),(177.630126953125,216.442886352539,230.),(155.559661865234,232.811462402344,230.),(143.948791503906,240.163986206055,230.),(147.781692504883,221.170883178711,230.),(136.751327514648,228.155776977539,230.),(147.781692504883,221.170883178711,220.),(136.751327514648,228.155776977539,220.),(125.391525268555,234.591018676758,230.),(125.391525268555,234.591018676758,220.),(113.729652404785,240.461120605469,230.),(113.729652404785,240.461120605469,220.),(119.71541595459,253.116958618164,230.),(132.,246.937911987305,230.),(107.1513671875,258.686218261719,230.),(94.3291625976562,263.63232421875,230.),(101.793800354004,245.751937866211,230.),(89.6127014160156,250.450653076172,230.),(101.793800354004,245.751937866211,220.),(89.6127014160156,250.450653076172,220.),(77.2157211303711,254.546127319336,230.),(77.2157211303711,254.546127319336,220.),(64.6327362060547,258.028289794922,230.),(64.6327362060547,258.028289794922,220.),(68.0344696044922,271.608734130859,230.),(81.2797088623047,267.943237304688,230.),(54.6252975463867,274.619873046875,230.),(41.0845413208008,276.969421386719,230.),(51.8940315246582,260.888824462891,230.),(39.0303153991699,263.120941162109,230.),(51.8940315246582,260.888824462891,220.),(39.0303153991699,263.120941162109,220.),(26.0725688934326,264.719116210938,230.),(26.0725688934326,264.719116210938,220.),(13.0520124435425,265.679595947266,230.),(13.0520124435425,265.679595947266,220.),(13.7389602661133,279.662719726562,230.),(27.4448108673096,278.651702880859,230.),(0.,280.,230.),(-13.7389364242554,279.662719726562,230.),(0.,266.,230.),(-13.0519895553589,265.679595947266,230.),(0.,266.,220.),(-13.0519895553589,265.679595947266,220.),(-26.0725479125977,264.719116210938,230.),(-26.0725479125977,264.719116210938,220.),(-39.0302886962891,263.120941162109,230.),(-39.0302886962891,263.120941162109,220.),(-41.0845146179199,276.969421386719,230.),(-27.4447841644287,278.651702880859,230.),(-54.6252784729004,274.619873046875,230.),(-68.0344390869141,271.608734130859,230.),(-51.8940086364746,260.888824462891,230.),(-64.6327133178711,258.028289794922,230.),(-51.8940086364746,260.888824462891,220.),(-64.6327133178711,258.028289794922,220.),(-77.215705871582,254.546127319336,230.),(-77.215705871582,254.546127319336,220.),(-89.6126861572266,250.450653076172,230.),(-89.6126861572266,250.450653076172,220.),(-94.3291397094727,263.63232421875,230.),(-81.2796859741211,267.943237304688,230.),(-107.151336669922,258.686218261719,230.),(-119.715400695801,253.116958618164,230.),(-101.793785095215,245.751937866211,230.),(-113.729637145996,240.461120605469,230.),(-101.793785095215,245.751937866211,220.),(-113.729637145996,240.461120605469,220.),(-125.391494750977,234.591018676758,230.),(-125.391494750977,234.591018676758,220.),(-136.75129699707,228.155776977539,230.),(-136.75129699707,228.155776977539,220.),(-143.948760986328,240.163986206055,230.),(-132.,246.937911987305,230.),(-155.559631347656,232.811462402344,230.),(-166.795761108398,224.898071289062,230.),(-147.781646728516,221.170883178711,230.),(-158.455993652344,213.653167724609,230.),(-147.781646728516,221.170883178711,220.),(-158.455993652344,213.653167724609,220.),(-168.748611450195,205.62077331543,230.),(-168.748611450195,205.62077331543,220.),(-178.634643554688,197.092987060547,230.),(-178.634643554688,197.092987060547,220.),(-188.036483764648,207.46630859375,230.),(-177.630096435547,216.442916870117,230.),(-197.989852905273,197.989883422852,230.),(-207.466278076172,188.036514282227,230.),(-188.090377807617,188.090408325195,230.),(-197.092956542969,178.634674072266,230.),(-188.090377807617,188.090408325195,220.),(-197.092956542969,178.634674072266,220.),(-205.62077331543,168.748641967773,230.),(-205.62077331543,168.748641967773,220.),(-213.653167724609,158.456024169922,230.),(-213.653167724609,158.456024169922,220.),(-224.898071289062,166.795791625977,230.),(-216.442886352539,177.630126953125,230.),(-232.811462402344,155.559661865234,230.),(-240.163986206055,143.948791503906,230.),(-221.170883178711,147.781692504883,230.),(-228.155776977539,136.751327514648,230.),(-221.170883178711,147.781692504883,220.),(-228.155776977539,136.751327514648,220.),(-234.591018676758,125.391525268555,230.),(-234.591018676758,125.391525268555,220.),(-240.461120605469,113.729652404785,230.),(-240.461120605469,113.729652404785,220.),(-253.116958618164,119.71541595459,230.),(-246.937911987305,132.,230.),(-258.686218261719,107.1513671875,230.),(-263.63232421875,94.3291625976562,230.),(-245.751937866211,101.793800354004,230.),(-250.450653076172,89.6127014160156,230.),(-245.751937866211,101.793800354004,220.),(-250.450653076172,89.6127014160156,220.),(-254.546127319336,77.2157211303711,230.),(-254.546127319336,77.2157211303711,220.),(-258.028289794922,64.6327362060547,230.),(-258.028289794922,64.6327362060547,220.),(-271.608734130859,68.0344696044922,230.),(-267.943237304688,81.2797088623047,230.),(-274.619873046875,54.6252975463867,230.),(-276.969421386719,41.0845413208008,230.),(-260.888824462891,51.8940315246582,230.),(-263.120941162109,39.0303153991699,230.),(-260.888824462891,51.8940315246582,220.),(-263.120941162109,39.0303153991699,220.),(-264.719116210938,26.0725688934326,230.),(-264.719116210938,26.0725688934326,220.),(-265.679595947266,13.0520124435425,230.),(-265.679595947266,13.0520124435425,220.),(-279.662719726562,13.7389602661133,230.),(-278.651702880859,27.4448108673096,230.),(-280.,0.,230.),(-279.662719726562,-13.7389364242554,230.),(-266.,0.,230.),(-265.679595947266,-13.0519895553589,230.),(-266.,0.,220.),(-265.679595947266,-13.0519895553589,220.),(-264.719116210938,-26.0725479125977,230.),(-264.719116210938,-26.0725479125977,220.),(-263.120941162109,-39.0302886962891,230.),(-263.120941162109,-39.0302886962891,220.),(-276.969421386719,-41.0845146179199,230.),(-278.651702880859,-27.4447841644287,230.),(-274.619873046875,-54.6252784729004,230.),(-271.608734130859,-68.0344390869141,230.),(-260.888824462891,-51.8940086364746,230.),(-258.028289794922,-64.6327133178711,230.),(-260.888824462891,-51.8940086364746,220.),(-258.028289794922,-64.6327133178711,220.),(-254.546127319336,-77.215705871582,230.),(-254.546127319336,-77.215705871582,220.),(-250.450653076172,-89.6126861572266,230.),(-250.450653076172,-89.6126861572266,220.),(-263.63232421875,-94.3291397094727,230.),(-267.943237304688,-81.2796859741211,230.),(-258.686218261719,-107.151336669922,230.),(-253.116958618164,-119.715400695801,230.),(-245.751937866211,-101.793785095215,230.),(-240.461120605469,-113.729637145996,230.),(-245.751937866211,-101.793785095215,220.),(-240.461120605469,-113.729637145996,220.),(-234.591018676758,-125.391494750977,230.),(-234.591018676758,-125.391494750977,220.),(-228.155776977539,-136.75129699707,230.),(-228.155776977539,-136.75129699707,220.),(-240.163986206055,-143.948760986328,230.),(-246.937911987305,-132.,230.),(-232.811462402344,-155.559631347656,230.),(-224.898071289062,-166.795761108398,230.),(-221.170883178711,-147.781646728516,230.),(-213.653167724609,-158.455993652344,230.),(-221.170883178711,-147.781646728516,220.),(-213.653167724609,-158.455993652344,220.),(-205.62077331543,-168.748611450195,230.),(-205.62077331543,-168.748611450195,220.),(-197.092987060547,-178.634643554688,230.),(-197.092987060547,-178.634643554688,220.),(-207.46630859375,-188.036483764648,230.),(-216.442916870117,-177.630096435547,230.),(-197.989883422852,-197.989852905273,230.),(-188.036514282227,-207.466278076172,230.),(-188.090408325195,-188.090377807617,230.),(-178.634674072266,-197.092956542969,230.),(-188.090408325195,-188.090377807617,220.),(-178.634674072266,-197.092956542969,220.),(-168.748641967773,-205.62077331543,230.),(-168.748641967773,-205.62077331543,220.),(-158.456024169922,-213.653167724609,230.),(-158.456024169922,-213.653167724609,220.),(-166.795791625977,-224.898071289062,230.),(-177.630126953125,-216.442886352539,230.),(-155.559661865234,-232.811462402344,230.),(-143.948791503906,-240.163986206055,230.),(-147.781692504883,-221.170883178711,230.),(-136.751327514648,-228.155776977539,230.),(-147.781692504883,-221.170883178711,220.),(-136.751327514648,-228.155776977539,220.),(-125.391525268555,-234.591018676758,230.),(-125.391525268555,-234.591018676758,220.),(-113.729652404785,-240.461120605469,230.),(-113.729652404785,-240.461120605469,220.),(-119.71541595459,-253.116958618164,230.),(-132.,-246.937911987305,230.),(-107.1513671875,-258.686218261719,230.),(-94.3291625976562,-263.63232421875,230.),(-101.793800354004,-245.751937866211,230.),(-89.6127014160156,-250.450653076172,230.),(-101.793800354004,-245.751937866211,220.),(-89.6127014160156,-250.450653076172,220.),(-77.2157211303711,-254.546127319336,230.),(-77.2157211303711,-254.546127319336,220.),(-64.6327362060547,-258.028289794922,230.),(-64.6327362060547,-258.028289794922,220.),(-68.0344696044922,-271.608734130859,230.),(-81.2797088623047,-267.943237304688,230.),(-54.6252975463867,-274.619873046875,230.),(-41.0845413208008,-276.969421386719,230.),(-51.8940315246582,-260.888824462891,230.),(-39.0303153991699,-263.120941162109,230.),(-51.8940315246582,-260.888824462891,220.),(-39.0303153991699,-263.120941162109,220.),(-26.0725688934326,-264.719116210938,230.),(-26.0725688934326,-264.719116210938,220.),(-13.0520124435425,-265.679595947266,230.),(-13.0520124435425,-265.679595947266,220.),(-13.7389602661133,-279.662719726562,230.),(-27.4448108673096,-278.651702880859,230.),(0.,-280.,230.),(13.7389364242554,-279.662719726562,230.),(0.,-266.,230.),(13.0519895553589,-265.679595947266,230.),(0.,-266.,220.),(13.0519895553589,-265.679595947266,220.),(26.0725479125977,-264.719116210938,230.),(26.0725479125977,-264.719116210938,220.),(39.0302886962891,-263.120941162109,230.),(39.0302886962891,-263.120941162109,220.),(41.0845146179199,-276.969421386719,230.),(27.4447841644287,-278.651702880859,230.),(54.6252784729004,-274.619873046875,230.),(68.0344390869141,-271.608734130859,230.),(51.8940086364746,-260.888824462891,230.),(64.6327133178711,-258.028289794922,230.),(51.8940086364746,-260.888824462891,220.),(64.6327133178711,-258.028289794922,220.),(77.215705871582,-254.546127319336,230.),(77.215705871582,-254.546127319336,220.),(89.6126861572266,-250.450653076172,230.),(89.6126861572266,-250.450653076172,220.),(94.3291397094727,-263.63232421875,230.),(81.2796859741211,-267.943237304688,230.),(107.151336669922,-258.686218261719,230.),(119.715400695801,-253.116958618164,230.),(101.793785095215,-245.751937866211,230.),(113.729637145996,-240.461120605469,230.),(101.793785095215,-245.751937866211,220.),(113.729637145996,-240.461120605469,220.),(125.391494750977,-234.591018676758,230.),(125.391494750977,-234.591018676758,220.),(136.75129699707,-228.155776977539,230.),(136.75129699707,-228.155776977539,220.),(143.948760986328,-240.163986206055,230.),(132.,-246.937911987305,230.),(155.559631347656,-232.811462402344,230.),(166.795761108398,-224.898071289062,230.),(147.781646728516,-221.170883178711,230.),(158.455993652344,-213.653167724609,230.),(147.781646728516,-221.170883178711,220.),(158.455993652344,-213.653167724609,220.),(168.748611450195,-205.62077331543,230.),(168.748611450195,-205.62077331543,220.),(178.634643554688,-197.092987060547,230.),(178.634643554688,-197.092987060547,220.),(188.036483764648,-207.46630859375,230.),(177.630096435547,-216.442916870117,230.),(197.989852905273,-197.989883422852,230.),(207.466278076172,-188.036514282227,230.),(188.090377807617,-188.090408325195,230.),(197.092956542969,-178.634674072266,230.),(188.090377807617,-188.090408325195,220.),(197.092956542969,-178.634674072266,220.),(205.62077331543,-168.748641967773,230.),(205.62077331543,-168.748641967773,220.),(213.653167724609,-158.456024169922,230.),(213.653167724609,-158.456024169922,220.),(224.898071289062,-166.795791625977,230.),(216.442886352539,-177.630126953125,230.),(232.811462402344,-155.559661865234,230.),(240.163986206055,-143.948791503906,230.),(221.170883178711,-147.781692504883,230.),(228.155776977539,-136.751327514648,230.),(221.170883178711,-147.781692504883,220.),(228.155776977539,-136.751327514648,220.),(234.591018676758,-125.391525268555,230.),(234.591018676758,-125.391525268555,220.),(240.461120605469,-113.729652404785,230.),(240.461120605469,-113.729652404785,220.),(253.116958618164,-119.71541595459,230.),(246.937911987305,-132.,230.),(258.686218261719,-107.1513671875,230.),(263.63232421875,-94.3291625976562,230.),(245.751937866211,-101.793800354004,230.),(250.450653076172,-89.6127014160156,230.),(245.751937866211,-101.793800354004,220.),(250.450653076172,-89.6127014160156,220.),(254.546127319336,-77.2157211303711,230.),(254.546127319336,-77.2157211303711,220.),(258.028289794922,-64.6327362060547,230.),(258.028289794922,-64.6327362060547,220.),(271.608734130859,-68.0344696044922,230.),(267.943237304688,-81.2797088623047,230.),(274.619873046875,-54.6252975463867,230.),(276.969421386719,-41.0845413208008,230.),(260.888824462891,-51.8940315246582,230.),(263.120941162109,-39.0303153991699,230.),(260.888824462891,-51.8940315246582,220.),(263.120941162109,-39.0303153991699,220.),(264.719116210938,-26.0725688934326,230.),(264.719116210938,-26.0725688934326,220.),(278.651702880859,-27.4448108673096,230.),(41.0845146179199,-276.969421386719,220.),(41.0845146179199,-276.969421386719,0.),(27.4447841644287,-278.651702880859,0.),(42.920654296875,-291.856597900391,0.),(29.2809238433838,-293.538879394531,0.),(27.4447841644287,-278.651702880859,220.),(29.2809238433838,-293.538879394531,220.),(42.920654296875,-291.856597900391,220.),(38.5703010559082,-297.431030273438,5.),(38.5703010559082,-297.431030273438,215.),(34.8553695678711,-297.889251708984,215.),(34.8553695678711,-297.889251708984,5.)));
#65=IFCINDEXEDPOLYGONALFACE((771,770,772));
#66=IFCINDEXEDPOLYGONALFACE((771,772,773));
#67=IFCINDEXEDPOLYGONALFACE((776,774,775));
#68=IFCINDEXEDPOLYGONALFACE((769,774,776));
#69=IFCINDEXEDPOLYGONALFACE((780,777,778));
#70=IFCINDEXEDPOLYGONALFACE((780,778,779));
#71=IFCINDEXEDPOLYGONALFACE((775,774,771));
#72=IFCINDEXEDPOLYGONALFACE((775,771,773));
#73=IFCINDEXEDPOLYGONALFACE((778,777,772));
#74=IFCINDEXEDPOLYGONALFACE((776,778,772));
#75=IFCINDEXEDPOLYGONALFACE((773,772,777));
#76=IFCINDEXEDPOLYGONALFACE((780,773,777));
#77=IFCINDEXEDPOLYGONALFACE((775,779,778));
#78=IFCINDEXEDPOLYGONALFACE((775,778,776));
#79=IFCINDEXEDPOLYGONALFACE((773,780,779));
#80=IFCINDEXEDPOLYGONALFACE((773,779,775));
#81=IFCINDEXEDPOLYGONALFACE((769,776,772));
#82=IFCINDEXEDPOLYGONALFACE((769,772,770));
#83=IFCPOLYGONALFACESET(#64,.F.,(#65,#66,#67,#68,#69,#70,#71,#72,#73,#74,#75,#76,#77,#78,#79,#80,#81,#82),$);
#84=IFCINDEXEDPOLYGONALFACE((2,3,4));
#85=IFCINDEXEDPOLYGONALFACE((2,4,1));
#86=IFCINDEXEDPOLYGONALFACE((3,5,6));
#87=IFCINDEXEDPOLYGONALFACE((3,6,4));
#88=IFCINDEXEDPOLYGONALFACE((5,7,8));
#89=IFCINDEXEDPOLYGONALFACE((5,8,6));
#90=IFCINDEXEDPOLYGONALFACE((7,9,10));
#91=IFCINDEXEDPOLYGONALFACE((7,10,8));
#92=IFCINDEXEDPOLYGONALFACE((9,11,12));
#93=IFCINDEXEDPOLYGONALFACE((9,12,10));
#94=IFCINDEXEDPOLYGONALFACE((11,13,14));
#95=IFCINDEXEDPOLYGONALFACE((11,14,12));
#96=IFCINDEXEDPOLYGONALFACE((13,15,16));
#97=IFCINDEXEDPOLYGONALFACE((13,16,14));
#98=IFCINDEXEDPOLYGONALFACE((15,17,18));
#99=IFCINDEXEDPOLYGONALFACE((15,18,16));
#100=IFCINDEXEDPOLYGONALFACE((17,19,20));
#101=IFCINDEXEDPOLYGONALFACE((17,20,18));
#102=IFCINDEXEDPOLYGONALFACE((19,21,22));
#103=IFCINDEXEDPOLYGONALFACE((19,22,20));
#104=IFCINDEXEDPOLYGONALFACE((21,23,24));
#105=IFCINDEXEDPOLYGONALFACE((21,24,22));
#106=IFCINDEXEDPOLYGONALFACE((23,25,26));
#107=IFCINDEXEDPOLYGONALFACE((23,26,24));
#108=IFCINDEXEDPOLYGONALFACE((25,27,28));
#109=IFCINDEXEDPOLYGONALFACE((25,28,26));
#110=IFCINDEXEDPOLYGONALFACE((27,29,30));
#111=IFCINDEXEDPOLYGONALFACE((27,30,28));
#112=IFCINDEXEDPOLYGONALFACE((29,31,32));
#113=IFCINDEXEDPOLYGONALFACE((29,32,30));
#114=IFCINDEXEDPOLYGONALFACE((31,33,34));
#115=IFCINDEXEDPOLYGONALFACE((31,34,32));
#116=IFCINDEXEDPOLYGONALFACE((36,34,33));
#117=IFCINDEXEDPOLYGONALFACE((36,33,35));
#118=IFCINDEXEDPOLYGONALFACE((38,36,35));
#119=IFCINDEXEDPOLYGONALFACE((38,35,37));
#120=IFCINDEXEDPOLYGONALFACE((40,38,37));
#121=IFCINDEXEDPOLYGONALFACE((40,37,39));
#122=IFCINDEXEDPOLYGONALFACE((42,40,39));
#123=IFCINDEXEDPOLYGONALFACE((42,39,41));
#124=IFCINDEXEDPOLYGONALFACE((44,42,41));
#125=IFCINDEXEDPOLYGONALFACE((44,41,43));
#126=IFCINDEXEDPOLYGONALFACE((46,44,43));
#127=IFCINDEXEDPOLYGONALFACE((46,43,45));
#128=IFCINDEXEDPOLYGONALFACE((48,46,45));
#129=IFCINDEXEDPOLYGONALFACE((48,45,47));
#130=IFCINDEXEDPOLYGONALFACE((50,48,47));
#131=IFCINDEXEDPOLYGONALFACE((50,47,49));
#132=IFCINDEXEDPOLYGONALFACE((52,50,49));
#133=IFCINDEXEDPOLYGONALFACE((52,49,51));
#134=IFCINDEXEDPOLYGONALFACE((54,52,51));
#135=IFCINDEXEDPOLYGONALFACE((54,51,53));
#136=IFCINDEXEDPOLYGONALFACE((56,54,53));
#137=IFCINDEXEDPOLYGONALFACE((56,53,55));
#138=IFCINDEXEDPOLYGONALFACE((58,56,55));
#139=IFCINDEXEDPOLYGONALFACE((58,55,57));
#140=IFCINDEXEDPOLYGONALFACE((60,58,57));
#141=IFCINDEXEDPOLYGONALFACE((60,57,59));
#142=IFCINDEXEDPOLYGONALFACE((64,61,62));
#143=IFCINDEXEDPOLYGONALFACE((64,62,63));
#144=IFCINDEXEDPOLYGONALFACE((66,64,63));
#145=IFCINDEXEDPOLYGONALFACE((66,63,65));
#146=IFCINDEXEDPOLYGONALFACE((68,66,65));
#147=IFCINDEXEDPOLYGONALFACE((68,65,67));
#148=IFCINDEXEDPOLYGONALFACE((70,68,67));
#149=IFCINDEXEDPOLYGONALFACE((70,67,69));
#150=IFCINDEXEDPOLYGONALFACE((72,70,69));
#151=IFCINDEXEDPOLYGONALFACE((72,69,71));
#152=IFCINDEXEDPOLYGONALFACE((74,72,71));
#153=IFCINDEXEDPOLYGONALFACE((74,71,73));
#154=IFCINDEXEDPOLYGONALFACE((76,74,73));
#155=IFCINDEXEDPOLYGONALFACE((76,73,75));
#156=IFCINDEXEDPOLYGONALFACE((78,76,75));
#157=IFCINDEXEDPOLYGONALFACE((78,75,77));
#158=IFCINDEXEDPOLYGONALFACE((80,78,77));
#159=IFCINDEXEDPOLYGONALFACE((80,77,79));
#160=IFCINDEXEDPOLYGONALFACE((82,80,79));
#161=IFCINDEXEDPOLYGONALFACE((82,79,81));
#162=IFCINDEXEDPOLYGONALFACE((84,82,81));
#163=IFCINDEXEDPOLYGONALFACE((84,81,83));
#164=IFCINDEXEDPOLYGONALFACE((86,84,83));
#165=IFCINDEXEDPOLYGONALFACE((86,83,85));
#166=IFCINDEXEDPOLYGONALFACE((88,86,85));
#167=IFCINDEXEDPOLYGONALFACE((88,85,87));
#168=IFCINDEXEDPOLYGONALFACE((90,88,87));
#169=IFCINDEXEDPOLYGONALFACE((90,87,89));
#170=IFCINDEXEDPOLYGONALFACE((92,90,89));
#171=IFCINDEXEDPOLYGONALFACE((92,89,91));
#172=IFCINDEXEDPOLYGONALFACE((94,92,91));
#173=IFCINDEXEDPOLYGONALFACE((94,91,93));
#174=IFCINDEXEDPOLYGONALFACE((96,94,93));
#175=IFCINDEXEDPOLYGONALFACE((96,93,95));
#176=IFCINDEXEDPOLYGONALFACE((98,96,95));
#177=IFCINDEXEDPOLYGONALFACE((98,95,97));
#178=IFCINDEXEDPOLYGONALFACE((97,99,100));
#179=IFCINDEXEDPOLYGONALFACE((97,100,98));
#180=IFCINDEXEDPOLYGONALFACE((99,101,102));
#181=IFCINDEXEDPOLYGONALFACE((99,102,100));
#182=IFCINDEXEDPOLYGONALFACE((101,103,104));
#183=IFCINDEXEDPOLYGONALFACE((101,104,102));
#184=IFCINDEXEDPOLYGONALFACE((103,105,106));
#185=IFCINDEXEDPOLYGONALFACE((103,106,104));
#186=IFCINDEXEDPOLYGONALFACE((105,107,108));
#187=IFCINDEXEDPOLYGONALFACE((105,108,106));
#188=IFCINDEXEDPOLYGONALFACE((107,109,110));
#189=IFCINDEXEDPOLYGONALFACE((107,110,108));
#190=IFCINDEXEDPOLYGONALFACE((109,111,112));
#191=IFCINDEXEDPOLYGONALFACE((109,112,110));
#192=IFCINDEXEDPOLYGONALFACE((111,113,114));
#193=IFCINDEXEDPOLYGONALFACE((111,114,112));
#194=IFCINDEXEDPOLYGONALFACE((113,115,116));
#195=IFCINDEXEDPOLYGONALFACE((113,116,114));
#196=IFCINDEXEDPOLYGONALFACE((115,117,118));
#197=IFCINDEXEDPOLYGONALFACE((115,118,116));
#198=IFCINDEXEDPOLYGONALFACE((117,119,120));
#199=IFCINDEXEDPOLYGONALFACE((117,120,118));
#200=IFCINDEXEDPOLYGONALFACE((119,121,122));
#201=IFCINDEXEDPOLYGONALFACE((119,122,120));
#202=IFCINDEXEDPOLYGONALFACE((121,123,124));
#203=IFCINDEXEDPOLYGONALFACE((121,124,122));
#204=IFCINDEXEDPOLYGONALFACE((123,125,126));
#205=IFCINDEXEDPOLYGONALFACE((123,126,124));
#206=IFCINDEXEDPOLYGONALFACE((125,127,128));
#207=IFCINDEXEDPOLYGONALFACE((125,128,126));
#208=IFCINDEXEDPOLYGONALFACE((127,129,130));
#209=IFCINDEXEDPOLYGONALFACE((127,130,128));
#210=IFCINDEXEDPOLYGONALFACE((129,131,132));
#211=IFCINDEXEDPOLYGONALFACE((129,132,130));
#212=IFCINDEXEDPOLYGONALFACE((131,133,134));
#213=IFCINDEXEDPOLYGONALFACE((131,134,132));
#214=IFCINDEXEDPOLYGONALFACE((133,135,136));
#215=IFCINDEXEDPOLYGONALFACE((133,136,134));
#216=IFCINDEXEDPOLYGONALFACE((135,137,138));
#217=IFCINDEXEDPOLYGONALFACE((135,138,136));
#218=IFCINDEXEDPOLYGONALFACE((137,139,140));
#219=IFCINDEXEDPOLYGONALFACE((137,140,138));
#220=IFCINDEXEDPOLYGONALFACE((139,141,142));
#221=IFCINDEXEDPOLYGONALFACE((139,142,140));
#222=IFCINDEXEDPOLYGONALFACE((141,143,144));
#223=IFCINDEXEDPOLYGONALFACE((141,144,142));
#224=IFCINDEXEDPOLYGONALFACE((143,145,146));
#225=IFCINDEXEDPOLYGONALFACE((143,146,144));
#226=IFCINDEXEDPOLYGONALFACE((145,147,148));
#227=IFCINDEXEDPOLYGONALFACE((145,148,146));
#228=IFCINDEXEDPOLYGONALFACE((147,149,150));
#229=IFCINDEXEDPOLYGONALFACE((147,150,148));
#230=IFCINDEXEDPOLYGONALFACE((149,151,152));
#231=IFCINDEXEDPOLYGONALFACE((149,152,150));
#232=IFCINDEXEDPOLYGONALFACE((151,153,154));
#233=IFCINDEXEDPOLYGONALFACE((151,154,152));
#234=IFCINDEXEDPOLYGONALFACE((153,155,156));
#235=IFCINDEXEDPOLYGONALFACE((153,156,154));
#236=IFCINDEXEDPOLYGONALFACE((155,157,158));
#237=IFCINDEXEDPOLYGONALFACE((155,158,156));
#238=IFCINDEXEDPOLYGONALFACE((157,159,160));
#239=IFCINDEXEDPOLYGONALFACE((157,160,158));
#240=IFCINDEXEDPOLYGONALFACE((159,161,162));
#241=IFCINDEXEDPOLYGONALFACE((159,162,160));
#242=IFCINDEXEDPOLYGONALFACE((164,162,161));
#243=IFCINDEXEDPOLYGONALFACE((164,161,163));
#244=IFCINDEXEDPOLYGONALFACE((166,164,163));
#245=IFCINDEXEDPOLYGONALFACE((166,163,165));
#246=IFCINDEXEDPOLYGONALFACE((168,166,165));
#247=IFCINDEXEDPOLYGONALFACE((168,165,167));
#248=IFCINDEXEDPOLYGONALFACE((170,168,167));
#249=IFCINDEXEDPOLYGONALFACE((170,167,169));
#250=IFCINDEXEDPOLYGONALFACE((172,170,169));
#251=IFCINDEXEDPOLYGONALFACE((172,169,171));
#252=IFCINDEXEDPOLYGONALFACE((174,172,171));
#253=IFCINDEXEDPOLYGONALFACE((174,171,173));
#254=IFCINDEXEDPOLYGONALFACE((176,174,173));
#255=IFCINDEXEDPOLYGONALFACE((176,173,175));
#256=IFCINDEXEDPOLYGONALFACE((178,176,175));
#257=IFCINDEXEDPOLYGONALFACE((178,175,177));
#258=IFCINDEXEDPOLYGONALFACE((180,178,177));
#259=IFCINDEXEDPOLYGONALFACE((180,177,179));
#260=IFCINDEXEDPOLYGONALFACE((182,180,179));
#261=IFCINDEXEDPOLYGONALFACE((182,179,181));
#262=IFCINDEXEDPOLYGONALFACE((184,182,181));
#263=IFCINDEXEDPOLYGONALFACE((184,181,183));
#264=IFCINDEXEDPOLYGONALFACE((186,184,183));
#265=IFCINDEXEDPOLYGONALFACE((186,183,185));
#266=IFCINDEXEDPOLYGONALFACE((188,186,185));
#267=IFCINDEXEDPOLYGONALFACE((188,185,187));
#268=IFCINDEXEDPOLYGONALFACE((190,188,187));
#269=IFCINDEXEDPOLYGONALFACE((190,187,189));
#270=IFCINDEXEDPOLYGONALFACE((192,190,189));
#271=IFCINDEXEDPOLYGONALFACE((192,189,191));
#272=IFCINDEXEDPOLYGONALFACE((194,192,191));
#273=IFCINDEXEDPOLYGONALFACE((194,191,193));
#274=IFCINDEXEDPOLYGONALFACE((196,194,193));
#275=IFCINDEXEDPOLYGONALFACE((196,193,195));
#276=IFCINDEXEDPOLYGONALFACE((198,196,195));
#277=IFCINDEXEDPOLYGONALFACE((198,195,197));
#278=IFCINDEXEDPOLYGONALFACE((200,198,197));
#279=IFCINDEXEDPOLYGONALFACE((200,197,199));
#280=IFCINDEXEDPOLYGONALFACE((202,200,199));
#281=IFCINDEXEDPOLYGONALFACE((202,199,201));
#282=IFCINDEXEDPOLYGONALFACE((204,202,201));
#283=IFCINDEXEDPOLYGONALFACE((204,201,203));
#284=IFCINDEXEDPOLYGONALFACE((206,204,203));
#285=IFCINDEXEDPOLYGONALFACE((206,203,205));
#286=IFCINDEXEDPOLYGONALFACE((208,206,205));
#287=IFCINDEXEDPOLYGONALFACE((208,205,207));
#288=IFCINDEXEDPOLYGONALFACE((210,208,207));
#289=IFCINDEXEDPOLYGONALFACE((210,207,209));
#290=IFCINDEXEDPOLYGONALFACE((212,210,209));
#291=IFCINDEXEDPOLYGONALFACE((212,209,211));
#292=IFCINDEXEDPOLYGONALFACE((214,212,211));
#293=IFCINDEXEDPOLYGONALFACE((214,211,213));
#294=IFCINDEXEDPOLYGONALFACE((216,214,213));
#295=IFCINDEXEDPOLYGONALFACE((216,213,215));
#296=IFCINDEXEDPOLYGONALFACE((218,216,215));
#297=IFCINDEXEDPOLYGONALFACE((218,215,217));
#298=IFCINDEXEDPOLYGONALFACE((220,218,217));
#299=IFCINDEXEDPOLYGONALFACE((220,217,219));
#300=IFCINDEXEDPOLYGONALFACE((222,220,219));
#301=IFCINDEXEDPOLYGONALFACE((222,219,221));
#302=IFCINDEXEDPOLYGONALFACE((224,222,221));
#303=IFCINDEXEDPOLYGONALFACE((224,221,223));
#304=IFCINDEXEDPOLYGONALFACE((226,224,223));
#305=IFCINDEXEDPOLYGONALFACE((226,223,225));
#306=IFCINDEXEDPOLYGONALFACE((225,227,228));
#307=IFCINDEXEDPOLYGONALFACE((225,228,226));
#308=IFCINDEXEDPOLYGONALFACE((227,229,230));
#309=IFCINDEXEDPOLYGONALFACE((227,230,228));
#310=IFCINDEXEDPOLYGONALFACE((229,231,232));
#311=IFCINDEXEDPOLYGONALFACE((229,232,230));
#312=IFCINDEXEDPOLYGONALFACE((231,233,234));
#313=IFCINDEXEDPOLYGONALFACE((231,234,232));
#314=IFCINDEXEDPOLYGONALFACE((233,235,236));
#315=IFCINDEXEDPOLYGONALFACE((233,236,234));
#316=IFCINDEXEDPOLYGONALFACE((235,237,238));
#317=IFCINDEXEDPOLYGONALFACE((235,238,236));
#318=IFCINDEXEDPOLYGONALFACE((237,239,240));
#319=IFCINDEXEDPOLYGONALFACE((237,240,238));
#320=IFCINDEXEDPOLYGONALFACE((239,241,242));
#321=IFCINDEXEDPOLYGONALFACE((239,242,240));
#322=IFCINDEXEDPOLYGONALFACE((241,243,244));
#323=IFCINDEXEDPOLYGONALFACE((241,244,242));
#324=IFCINDEXEDPOLYGONALFACE((243,245,246));
#325=IFCINDEXEDPOLYGONALFACE((243,246,244));
#326=IFCINDEXEDPOLYGONALFACE((245,247,248));
#327=IFCINDEXEDPOLYGONALFACE((245,248,246));
#328=IFCINDEXEDPOLYGONALFACE((247,249,250));
#329=IFCINDEXEDPOLYGONALFACE((247,250,248));
#330=IFCINDEXEDPOLYGONALFACE((249,251,252));
#331=IFCINDEXEDPOLYGONALFACE((249,252,250));
#332=IFCINDEXEDPOLYGONALFACE((251,253,254));
#333=IFCINDEXEDPOLYGONALFACE((251,254,252));
#334=IFCINDEXEDPOLYGONALFACE((91,97,95));
#335=IFCINDEXEDPOLYGONALFACE((91,95,93));
#336=IFCINDEXEDPOLYGONALFACE((103,101,99));
#337=IFCINDEXEDPOLYGONALFACE((103,99,97));
#338=IFCINDEXEDPOLYGONALFACE((85,91,89));
#339=IFCINDEXEDPOLYGONALFACE((85,89,87));
#340=IFCINDEXEDPOLYGONALFACE((109,107,105));
#341=IFCINDEXEDPOLYGONALFACE((109,105,103));
#342=IFCINDEXEDPOLYGONALFACE((83,97,91));
#343=IFCINDEXEDPOLYGONALFACE((83,103,97));
#344=IFCINDEXEDPOLYGONALFACE((83,91,85));
#345=IFCINDEXEDPOLYGONALFACE((77,83,81));
#346=IFCINDEXEDPOLYGONALFACE((77,81,79));
#347=IFCINDEXEDPOLYGONALFACE((117,115,113));
#348=IFCINDEXEDPOLYGONALFACE((117,113,111));
#349=IFCINDEXEDPOLYGONALFACE((117,111,109));
#350=IFCINDEXEDPOLYGONALFACE((69,77,75));
#351=IFCINDEXEDPOLYGONALFACE((69,75,73));
#352=IFCINDEXEDPOLYGONALFACE((69,73,71));
#353=IFCINDEXEDPOLYGONALFACE((125,123,121));
#354=IFCINDEXEDPOLYGONALFACE((125,121,119));
#355=IFCINDEXEDPOLYGONALFACE((125,119,117));
#356=IFCINDEXEDPOLYGONALFACE((65,83,77));
#357=IFCINDEXEDPOLYGONALFACE((65,103,83));
#358=IFCINDEXEDPOLYGONALFACE((65,77,69));
#359=IFCINDEXEDPOLYGONALFACE((65,69,67));
#360=IFCINDEXEDPOLYGONALFACE((129,127,125));
#361=IFCINDEXEDPOLYGONALFACE((129,117,109));
#362=IFCINDEXEDPOLYGONALFACE((129,125,117));
#363=IFCINDEXEDPOLYGONALFACE((62,65,63));
#364=IFCINDEXEDPOLYGONALFACE((133,131,129));
#365=IFCINDEXEDPOLYGONALFACE((57,62,59));
#366=IFCINDEXEDPOLYGONALFACE((137,135,133));
#367=IFCINDEXEDPOLYGONALFACE((55,62,57));
#368=IFCINDEXEDPOLYGONALFACE((139,137,133));
#369=IFCINDEXEDPOLYGONALFACE((53,65,62));
#370=IFCINDEXEDPOLYGONALFACE((53,62,55));
#371=IFCINDEXEDPOLYGONALFACE((141,133,129));
#372=IFCINDEXEDPOLYGONALFACE((141,139,133));
#373=IFCINDEXEDPOLYGONALFACE((49,53,51));
#374=IFCINDEXEDPOLYGONALFACE((145,143,141));
#375=IFCINDEXEDPOLYGONALFACE((47,53,49));
#376=IFCINDEXEDPOLYGONALFACE((147,141,129));
#377=IFCINDEXEDPOLYGONALFACE((147,145,141));
#378=IFCINDEXEDPOLYGONALFACE((45,65,53));
#379=IFCINDEXEDPOLYGONALFACE((45,53,47));
#380=IFCINDEXEDPOLYGONALFACE((45,109,103));
#381=IFCINDEXEDPOLYGONALFACE((45,103,65));
#382=IFCINDEXEDPOLYGONALFACE((41,45,43));
#383=IFCINDEXEDPOLYGONALFACE((153,151,149));
#384=IFCINDEXEDPOLYGONALFACE((39,45,41));
#385=IFCINDEXEDPOLYGONALFACE((155,153,149));
#386=IFCINDEXEDPOLYGONALFACE((155,149,147));
#387=IFCINDEXEDPOLYGONALFACE((35,39,37));
#388=IFCINDEXEDPOLYGONALFACE((159,157,155));
#389=IFCINDEXEDPOLYGONALFACE((33,39,35));
#390=IFCINDEXEDPOLYGONALFACE((161,155,147));
#391=IFCINDEXEDPOLYGONALFACE((161,159,155));
#392=IFCINDEXEDPOLYGONALFACE((27,33,31));
#393=IFCINDEXEDPOLYGONALFACE((27,31,29));
#394=IFCINDEXEDPOLYGONALFACE((167,147,129));
#395=IFCINDEXEDPOLYGONALFACE((167,165,163));
#396=IFCINDEXEDPOLYGONALFACE((167,163,161));
#397=IFCINDEXEDPOLYGONALFACE((167,161,147));
#398=IFCINDEXEDPOLYGONALFACE((167,129,109));
#399=IFCINDEXEDPOLYGONALFACE((21,27,25));
#400=IFCINDEXEDPOLYGONALFACE((21,25,23));
#401=IFCINDEXEDPOLYGONALFACE((173,171,169));
#402=IFCINDEXEDPOLYGONALFACE((173,169,167));
#403=IFCINDEXEDPOLYGONALFACE((173,167,109));
#404=IFCINDEXEDPOLYGONALFACE((19,39,33));
#405=IFCINDEXEDPOLYGONALFACE((19,33,27));
#406=IFCINDEXEDPOLYGONALFACE((19,27,21));
#407=IFCINDEXEDPOLYGONALFACE((13,19,17));
#408=IFCINDEXEDPOLYGONALFACE((13,17,15));
#409=IFCINDEXEDPOLYGONALFACE((181,179,177));
#410=IFCINDEXEDPOLYGONALFACE((181,177,175));
#411=IFCINDEXEDPOLYGONALFACE((181,175,173));
#412=IFCINDEXEDPOLYGONALFACE((5,13,11));
#413=IFCINDEXEDPOLYGONALFACE((5,11,9));
#414=IFCINDEXEDPOLYGONALFACE((5,9,7));
#415=IFCINDEXEDPOLYGONALFACE((189,187,185));
#416=IFCINDEXEDPOLYGONALFACE((189,185,183));
#417=IFCINDEXEDPOLYGONALFACE((189,183,181));
#418=IFCINDEXEDPOLYGONALFACE((2,13,5));
#419=IFCINDEXEDPOLYGONALFACE((2,5,3));
#420=IFCINDEXEDPOLYGONALFACE((2,39,19));
#421=IFCINDEXEDPOLYGONALFACE((2,19,13));
#422=IFCINDEXEDPOLYGONALFACE((193,189,181));
#423=IFCINDEXEDPOLYGONALFACE((193,191,189));
#424=IFCINDEXEDPOLYGONALFACE((193,181,173));
#425=IFCINDEXEDPOLYGONALFACE((253,2,255));
#426=IFCINDEXEDPOLYGONALFACE((197,195,193));
#427=IFCINDEXEDPOLYGONALFACE((249,253,251));
#428=IFCINDEXEDPOLYGONALFACE((201,199,197));
#429=IFCINDEXEDPOLYGONALFACE((247,253,249));
#430=IFCINDEXEDPOLYGONALFACE((203,201,197));
#431=IFCINDEXEDPOLYGONALFACE((245,253,247));
#432=IFCINDEXEDPOLYGONALFACE((245,2,253));
#433=IFCINDEXEDPOLYGONALFACE((205,197,193));
#434=IFCINDEXEDPOLYGONALFACE((205,203,197));
#435=IFCINDEXEDPOLYGONALFACE((241,245,243));
#436=IFCINDEXEDPOLYGONALFACE((209,207,205));
#437=IFCINDEXEDPOLYGONALFACE((239,245,241));
#438=IFCINDEXEDPOLYGONALFACE((211,205,193));
#439=IFCINDEXEDPOLYGONALFACE((211,209,205));
#440=IFCINDEXEDPOLYGONALFACE((237,109,45));
#441=IFCINDEXEDPOLYGONALFACE((237,45,39));
#442=IFCINDEXEDPOLYGONALFACE((237,2,245));
#443=IFCINDEXEDPOLYGONALFACE((237,245,239));
#444=IFCINDEXEDPOLYGONALFACE((237,39,2));
#445=IFCINDEXEDPOLYGONALFACE((237,173,109));
#446=IFCINDEXEDPOLYGONALFACE((233,237,235));
#447=IFCINDEXEDPOLYGONALFACE((217,215,213));
#448=IFCINDEXEDPOLYGONALFACE((231,193,173));
#449=IFCINDEXEDPOLYGONALFACE((231,173,237));
#450=IFCINDEXEDPOLYGONALFACE((231,211,193));
#451=IFCINDEXEDPOLYGONALFACE((231,237,233));
#452=IFCINDEXEDPOLYGONALFACE((219,213,211));
#453=IFCINDEXEDPOLYGONALFACE((219,217,213));
#454=IFCINDEXEDPOLYGONALFACE((227,231,229));
#455=IFCINDEXEDPOLYGONALFACE((223,221,219));
#456=IFCINDEXEDPOLYGONALFACE((225,211,231));
#457=IFCINDEXEDPOLYGONALFACE((225,219,211));
#458=IFCINDEXEDPOLYGONALFACE((225,223,219));
#459=IFCINDEXEDPOLYGONALFACE((225,231,227));
#460=IFCINDEXEDPOLYGONALFACE((253,255,256));
#461=IFCINDEXEDPOLYGONALFACE((253,256,254));
#462=IFCINDEXEDPOLYGONALFACE((255,2,1));
#463=IFCINDEXEDPOLYGONALFACE((255,1,256));
#464=IFCINDEXEDPOLYGONALFACE((28,30,32));
#465=IFCINDEXEDPOLYGONALFACE((28,32,34));
#466=IFCINDEXEDPOLYGONALFACE((40,34,36));
#467=IFCINDEXEDPOLYGONALFACE((40,36,38));
#468=IFCINDEXEDPOLYGONALFACE((22,24,26));
#469=IFCINDEXEDPOLYGONALFACE((22,26,28));
#470=IFCINDEXEDPOLYGONALFACE((46,40,42));
#471=IFCINDEXEDPOLYGONALFACE((46,42,44));
#472=IFCINDEXEDPOLYGONALFACE((20,34,40));
#473=IFCINDEXEDPOLYGONALFACE((20,28,34));
#474=IFCINDEXEDPOLYGONALFACE((20,22,28));
#475=IFCINDEXEDPOLYGONALFACE((14,16,18));
#476=IFCINDEXEDPOLYGONALFACE((14,18,20));
#477=IFCINDEXEDPOLYGONALFACE((54,46,48));
#478=IFCINDEXEDPOLYGONALFACE((54,48,50));
#479=IFCINDEXEDPOLYGONALFACE((54,50,52));
#480=IFCINDEXEDPOLYGONALFACE((6,8,10));
#481=IFCINDEXEDPOLYGONALFACE((6,10,12));
#482=IFCINDEXEDPOLYGONALFACE((6,12,14));
#483=IFCINDEXEDPOLYGONALFACE((61,54,56));
#484=IFCINDEXEDPOLYGONALFACE((61,56,58));
#485=IFCINDEXEDPOLYGONALFACE((61,58,60));
#486=IFCINDEXEDPOLYGONALFACE((1,4,6));
#487=IFCINDEXEDPOLYGONALFACE((1,20,40));
#488=IFCINDEXEDPOLYGONALFACE((1,14,20));
#489=IFCINDEXEDPOLYGONALFACE((1,6,14));
#490=IFCINDEXEDPOLYGONALFACE((66,61,64));
#491=IFCINDEXEDPOLYGONALFACE((66,46,54));
#492=IFCINDEXEDPOLYGONALFACE((66,54,61));
#493=IFCINDEXEDPOLYGONALFACE((254,256,1));
#494=IFCINDEXEDPOLYGONALFACE((70,66,68));
#495=IFCINDEXEDPOLYGONALFACE((250,252,254));
#496=IFCINDEXEDPOLYGONALFACE((74,70,72));
#497=IFCINDEXEDPOLYGONALFACE((248,250,254));
#498=IFCINDEXEDPOLYGONALFACE((76,70,74));
#499=IFCINDEXEDPOLYGONALFACE((246,248,254));
#500=IFCINDEXEDPOLYGONALFACE((246,254,1));
#501=IFCINDEXEDPOLYGONALFACE((78,70,76));
#502=IFCINDEXEDPOLYGONALFACE((78,66,70));
#503=IFCINDEXEDPOLYGONALFACE((242,244,246));
#504=IFCINDEXEDPOLYGONALFACE((82,78,80));
#505=IFCINDEXEDPOLYGONALFACE((240,242,246));
#506=IFCINDEXEDPOLYGONALFACE((84,66,78));
#507=IFCINDEXEDPOLYGONALFACE((84,78,82));
#508=IFCINDEXEDPOLYGONALFACE((238,246,1));
#509=IFCINDEXEDPOLYGONALFACE((238,240,246));
#510=IFCINDEXEDPOLYGONALFACE((238,40,46));
#511=IFCINDEXEDPOLYGONALFACE((238,1,40));
#512=IFCINDEXEDPOLYGONALFACE((234,236,238));
#513=IFCINDEXEDPOLYGONALFACE((90,86,88));
#514=IFCINDEXEDPOLYGONALFACE((232,234,238));
#515=IFCINDEXEDPOLYGONALFACE((92,84,86));
#516=IFCINDEXEDPOLYGONALFACE((92,86,90));
#517=IFCINDEXEDPOLYGONALFACE((228,230,232));
#518=IFCINDEXEDPOLYGONALFACE((96,92,94));
#519=IFCINDEXEDPOLYGONALFACE((226,228,232));
#520=IFCINDEXEDPOLYGONALFACE((98,84,92));
#521=IFCINDEXEDPOLYGONALFACE((98,92,96));
#522=IFCINDEXEDPOLYGONALFACE((220,222,224));
#523=IFCINDEXEDPOLYGONALFACE((220,224,226));
#524=IFCINDEXEDPOLYGONALFACE((104,66,84));
#525=IFCINDEXEDPOLYGONALFACE((104,84,98));
#526=IFCINDEXEDPOLYGONALFACE((104,98,100));
#527=IFCINDEXEDPOLYGONALFACE((104,100,102));
#528=IFCINDEXEDPOLYGONALFACE((104,46,66));
#529=IFCINDEXEDPOLYGONALFACE((214,216,218));
#530=IFCINDEXEDPOLYGONALFACE((214,218,220));
#531=IFCINDEXEDPOLYGONALFACE((110,46,104));
#532=IFCINDEXEDPOLYGONALFACE((110,104,106));
#533=IFCINDEXEDPOLYGONALFACE((110,106,108));
#534=IFCINDEXEDPOLYGONALFACE((212,226,232));
#535=IFCINDEXEDPOLYGONALFACE((212,220,226));
#536=IFCINDEXEDPOLYGONALFACE((212,214,220));
#537=IFCINDEXEDPOLYGONALFACE((206,208,210));
#538=IFCINDEXEDPOLYGONALFACE((206,210,212));
#539=IFCINDEXEDPOLYGONALFACE((118,110,112));
#540=IFCINDEXEDPOLYGONALFACE((118,112,114));
#541=IFCINDEXEDPOLYGONALFACE((118,114,116));
#542=IFCINDEXEDPOLYGONALFACE((198,202,204));
#543=IFCINDEXEDPOLYGONALFACE((198,204,206));
#544=IFCINDEXEDPOLYGONALFACE((198,200,202));
#545=IFCINDEXEDPOLYGONALFACE((126,118,120));
#546=IFCINDEXEDPOLYGONALFACE((126,120,122));
#547=IFCINDEXEDPOLYGONALFACE((126,122,124));
#548=IFCINDEXEDPOLYGONALFACE((194,198,206));
#549=IFCINDEXEDPOLYGONALFACE((194,212,232));
#550=IFCINDEXEDPOLYGONALFACE((194,206,212));
#551=IFCINDEXEDPOLYGONALFACE((194,196,198));
#552=IFCINDEXEDPOLYGONALFACE((130,118,126));
#553=IFCINDEXEDPOLYGONALFACE((130,126,128));
#554=IFCINDEXEDPOLYGONALFACE((130,110,118));
#555=IFCINDEXEDPOLYGONALFACE((190,192,194));
#556=IFCINDEXEDPOLYGONALFACE((134,130,132));
#557=IFCINDEXEDPOLYGONALFACE((186,188,190));
#558=IFCINDEXEDPOLYGONALFACE((138,134,136));
#559=IFCINDEXEDPOLYGONALFACE((184,186,190));
#560=IFCINDEXEDPOLYGONALFACE((140,134,138));
#561=IFCINDEXEDPOLYGONALFACE((182,190,194));
#562=IFCINDEXEDPOLYGONALFACE((182,184,190));
#563=IFCINDEXEDPOLYGONALFACE((142,130,134));
#564=IFCINDEXEDPOLYGONALFACE((142,134,140));
#565=IFCINDEXEDPOLYGONALFACE((178,180,182));
#566=IFCINDEXEDPOLYGONALFACE((146,142,144));
#567=IFCINDEXEDPOLYGONALFACE((176,178,182));
#568=IFCINDEXEDPOLYGONALFACE((148,130,142));
#569=IFCINDEXEDPOLYGONALFACE((148,142,146));
#570=IFCINDEXEDPOLYGONALFACE((174,182,194));
#571=IFCINDEXEDPOLYGONALFACE((174,238,46));
#572=IFCINDEXEDPOLYGONALFACE((174,232,238));
#573=IFCINDEXEDPOLYGONALFACE((174,176,182));
#574=IFCINDEXEDPOLYGONALFACE((174,46,110));
#575=IFCINDEXEDPOLYGONALFACE((174,194,232));
#576=IFCINDEXEDPOLYGONALFACE((170,172,174));
#577=IFCINDEXEDPOLYGONALFACE((154,150,152));
#578=IFCINDEXEDPOLYGONALFACE((168,110,130));
#579=IFCINDEXEDPOLYGONALFACE((168,130,148));
#580=IFCINDEXEDPOLYGONALFACE((168,174,110));
#581=IFCINDEXEDPOLYGONALFACE((168,170,174));
#582=IFCINDEXEDPOLYGONALFACE((156,150,154));
#583=IFCINDEXEDPOLYGONALFACE((156,148,150));
#584=IFCINDEXEDPOLYGONALFACE((164,166,168));
#585=IFCINDEXEDPOLYGONALFACE((160,156,158));
#586=IFCINDEXEDPOLYGONALFACE((162,168,148));
#587=IFCINDEXEDPOLYGONALFACE((162,148,156));
#588=IFCINDEXEDPOLYGONALFACE((162,156,160));
#589=IFCINDEXEDPOLYGONALFACE((162,164,168));
#590=IFCINDEXEDPOLYGONALFACE((259,257,258));
#591=IFCINDEXEDPOLYGONALFACE((260,257,259));
#592=IFCINDEXEDPOLYGONALFACE((261,258,257));
#593=IFCINDEXEDPOLYGONALFACE((261,262,258));
#594=IFCINDEXEDPOLYGONALFACE((264,263,257));
#595=IFCINDEXEDPOLYGONALFACE((264,257,260));
#596=IFCINDEXEDPOLYGONALFACE((265,257,263));
#597=IFCINDEXEDPOLYGONALFACE((265,261,257));
#598=IFCINDEXEDPOLYGONALFACE((260,259,266));
#599=IFCINDEXEDPOLYGONALFACE((260,266,267));
#600=IFCINDEXEDPOLYGONALFACE((264,260,267));
#601=IFCINDEXEDPOLYGONALFACE((264,267,268));
#602=IFCINDEXEDPOLYGONALFACE((269,264,268));
#603=IFCINDEXEDPOLYGONALFACE((269,268,270));
#604=IFCINDEXEDPOLYGONALFACE((271,269,270));
#605=IFCINDEXEDPOLYGONALFACE((271,270,272));
#606=IFCINDEXEDPOLYGONALFACE((271,273,274));
#607=IFCINDEXEDPOLYGONALFACE((271,274,269));
#608=IFCINDEXEDPOLYGONALFACE((274,263,264));
#609=IFCINDEXEDPOLYGONALFACE((269,274,264));
#610=IFCINDEXEDPOLYGONALFACE((275,274,273));
#611=IFCINDEXEDPOLYGONALFACE((275,276,274));
#612=IFCINDEXEDPOLYGONALFACE((276,263,274));
#613=IFCINDEXEDPOLYGONALFACE((276,265,263));
#614=IFCINDEXEDPOLYGONALFACE((356,353,354));
#615=IFCINDEXEDPOLYGONALFACE((356,354,355));
#616=IFCINDEXEDPOLYGONALFACE((350,351,352));
#617=IFCINDEXEDPOLYGONALFACE((350,352,353));
#618=IFCINDEXEDPOLYGONALFACE((359,356,357));
#619=IFCINDEXEDPOLYGONALFACE((359,357,358));
#620=IFCINDEXEDPOLYGONALFACE((347,348,349));
#621=IFCINDEXEDPOLYGONALFACE((347,349,350));
#622=IFCINDEXEDPOLYGONALFACE((360,353,356));
#623=IFCINDEXEDPOLYGONALFACE((360,350,353));
#624=IFCINDEXEDPOLYGONALFACE((360,356,359));
#625=IFCINDEXEDPOLYGONALFACE((363,360,361));
#626=IFCINDEXEDPOLYGONALFACE((363,361,362));
#627=IFCINDEXEDPOLYGONALFACE((343,344,345));
#628=IFCINDEXEDPOLYGONALFACE((343,345,346));
#629=IFCINDEXEDPOLYGONALFACE((343,346,347));
#630=IFCINDEXEDPOLYGONALFACE((367,363,364));
#631=IFCINDEXEDPOLYGONALFACE((367,364,365));
#632=IFCINDEXEDPOLYGONALFACE((367,365,366));
#633=IFCINDEXEDPOLYGONALFACE((339,340,341));
#634=IFCINDEXEDPOLYGONALFACE((339,341,342));
#635=IFCINDEXEDPOLYGONALFACE((339,342,343));
#636=IFCINDEXEDPOLYGONALFACE((369,360,363));
#637=IFCINDEXEDPOLYGONALFACE((369,350,360));
#638=IFCINDEXEDPOLYGONALFACE((369,363,367));
#639=IFCINDEXEDPOLYGONALFACE((369,367,368));
#640=IFCINDEXEDPOLYGONALFACE((337,338,339));
#641=IFCINDEXEDPOLYGONALFACE((337,343,347));
#642=IFCINDEXEDPOLYGONALFACE((337,339,343));
#643=IFCINDEXEDPOLYGONALFACE((371,369,370));
#644=IFCINDEXEDPOLYGONALFACE((335,336,337));
#645=IFCINDEXEDPOLYGONALFACE((373,371,372));
#646=IFCINDEXEDPOLYGONALFACE((333,334,335));
#647=IFCINDEXEDPOLYGONALFACE((374,371,373));
#648=IFCINDEXEDPOLYGONALFACE((332,333,335));
#649=IFCINDEXEDPOLYGONALFACE((375,369,371));
#650=IFCINDEXEDPOLYGONALFACE((375,371,374));
#651=IFCINDEXEDPOLYGONALFACE((331,335,337));
#652=IFCINDEXEDPOLYGONALFACE((331,332,335));
#653=IFCINDEXEDPOLYGONALFACE((377,375,376));
#654=IFCINDEXEDPOLYGONALFACE((329,330,331));
#655=IFCINDEXEDPOLYGONALFACE((378,375,377));
#656=IFCINDEXEDPOLYGONALFACE((328,331,337));
#657=IFCINDEXEDPOLYGONALFACE((328,329,331));
#658=IFCINDEXEDPOLYGONALFACE((379,369,375));
#659=IFCINDEXEDPOLYGONALFACE((379,375,378));
#660=IFCINDEXEDPOLYGONALFACE((379,347,350));
#661=IFCINDEXEDPOLYGONALFACE((379,350,369));
#662=IFCINDEXEDPOLYGONALFACE((381,379,380));
#663=IFCINDEXEDPOLYGONALFACE((325,326,327));
#664=IFCINDEXEDPOLYGONALFACE((382,379,381));
#665=IFCINDEXEDPOLYGONALFACE((324,325,327));
#666=IFCINDEXEDPOLYGONALFACE((324,327,328));
#667=IFCINDEXEDPOLYGONALFACE((384,382,383));
#668=IFCINDEXEDPOLYGONALFACE((322,323,324));
#669=IFCINDEXEDPOLYGONALFACE((385,382,384));
#670=IFCINDEXEDPOLYGONALFACE((321,324,328));
#671=IFCINDEXEDPOLYGONALFACE((321,322,324));
#672=IFCINDEXEDPOLYGONALFACE((388,385,386));
#673=IFCINDEXEDPOLYGONALFACE((388,386,387));
#674=IFCINDEXEDPOLYGONALFACE((318,328,337));
#675=IFCINDEXEDPOLYGONALFACE((318,319,320));
#676=IFCINDEXEDPOLYGONALFACE((318,320,321));
#677=IFCINDEXEDPOLYGONALFACE((318,321,328));
#678=IFCINDEXEDPOLYGONALFACE((318,337,347));
#679=IFCINDEXEDPOLYGONALFACE((391,388,389));
#680=IFCINDEXEDPOLYGONALFACE((391,389,390));
#681=IFCINDEXEDPOLYGONALFACE((315,316,317));
#682=IFCINDEXEDPOLYGONALFACE((315,317,318));
#683=IFCINDEXEDPOLYGONALFACE((315,318,347));
#684=IFCINDEXEDPOLYGONALFACE((392,382,385));
#685=IFCINDEXEDPOLYGONALFACE((392,385,388));
#686=IFCINDEXEDPOLYGONALFACE((392,388,391));
#687=IFCINDEXEDPOLYGONALFACE((395,392,393));
#688=IFCINDEXEDPOLYGONALFACE((395,393,394));
#689=IFCINDEXEDPOLYGONALFACE((311,312,313));
#690=IFCINDEXEDPOLYGONALFACE((311,313,314));
#691=IFCINDEXEDPOLYGONALFACE((311,314,315));
#692=IFCINDEXEDPOLYGONALFACE((399,395,396));
#693=IFCINDEXEDPOLYGONALFACE((399,396,397));
#694=IFCINDEXEDPOLYGONALFACE((399,397,398));
#695=IFCINDEXEDPOLYGONALFACE((307,308,309));
#696=IFCINDEXEDPOLYGONALFACE((307,309,310));
#697=IFCINDEXEDPOLYGONALFACE((307,310,311));
#698=IFCINDEXEDPOLYGONALFACE((261,395,399));
#699=IFCINDEXEDPOLYGONALFACE((261,399,262));
#700=IFCINDEXEDPOLYGONALFACE((261,382,392));
#701=IFCINDEXEDPOLYGONALFACE((261,392,395));
#702=IFCINDEXEDPOLYGONALFACE((305,307,311));
#703=IFCINDEXEDPOLYGONALFACE((305,306,307));
#704=IFCINDEXEDPOLYGONALFACE((305,311,315));
#705=IFCINDEXEDPOLYGONALFACE((276,261,265));
#706=IFCINDEXEDPOLYGONALFACE((303,304,305));
#707=IFCINDEXEDPOLYGONALFACE((277,276,275));
#708=IFCINDEXEDPOLYGONALFACE((301,302,303));
#709=IFCINDEXEDPOLYGONALFACE((278,276,277));
#710=IFCINDEXEDPOLYGONALFACE((300,301,303));
#711=IFCINDEXEDPOLYGONALFACE((279,276,278));
#712=IFCINDEXEDPOLYGONALFACE((279,261,276));
#713=IFCINDEXEDPOLYGONALFACE((299,303,305));
#714=IFCINDEXEDPOLYGONALFACE((299,300,303));
#715=IFCINDEXEDPOLYGONALFACE((281,279,280));
#716=IFCINDEXEDPOLYGONALFACE((297,298,299));
#717=IFCINDEXEDPOLYGONALFACE((282,279,281));
#718=IFCINDEXEDPOLYGONALFACE((296,299,305));
#719=IFCINDEXEDPOLYGONALFACE((296,297,299));
#720=IFCINDEXEDPOLYGONALFACE((283,347,379));
#721=IFCINDEXEDPOLYGONALFACE((283,379,382));
#722=IFCINDEXEDPOLYGONALFACE((283,261,279));
#723=IFCINDEXEDPOLYGONALFACE((283,279,282));
#724=IFCINDEXEDPOLYGONALFACE((283,382,261));
#725=IFCINDEXEDPOLYGONALFACE((283,315,347));
#726=IFCINDEXEDPOLYGONALFACE((285,283,284));
#727=IFCINDEXEDPOLYGONALFACE((293,294,295));
#728=IFCINDEXEDPOLYGONALFACE((286,305,315));
#729=IFCINDEXEDPOLYGONALFACE((286,315,283));
#730=IFCINDEXEDPOLYGONALFACE((286,296,305));
#731=IFCINDEXEDPOLYGONALFACE((286,283,285));
#732=IFCINDEXEDPOLYGONALFACE((292,295,296));
#733=IFCINDEXEDPOLYGONALFACE((292,293,295));
#734=IFCINDEXEDPOLYGONALFACE((288,286,287));
#735=IFCINDEXEDPOLYGONALFACE((290,291,292));
#736=IFCINDEXEDPOLYGONALFACE((289,296,286));
#737=IFCINDEXEDPOLYGONALFACE((289,292,296));
#738=IFCINDEXEDPOLYGONALFACE((289,290,292));
#739=IFCINDEXEDPOLYGONALFACE((289,286,288));
#740=IFCINDEXEDPOLYGONALFACE((277,273,400));
#741=IFCINDEXEDPOLYGONALFACE((277,275,273));
#742=IFCINDEXEDPOLYGONALFACE((278,400,401));
#743=IFCINDEXEDPOLYGONALFACE((278,277,400));
#744=IFCINDEXEDPOLYGONALFACE((401,400,402));
#745=IFCINDEXEDPOLYGONALFACE((403,401,402));
#746=IFCINDEXEDPOLYGONALFACE((400,273,271));
#747=IFCINDEXEDPOLYGONALFACE((402,400,271));
#748=IFCINDEXEDPOLYGONALFACE((403,402,404));
#749=IFCINDEXEDPOLYGONALFACE((403,404,405));
#750=IFCINDEXEDPOLYGONALFACE((402,271,272));
#751=IFCINDEXEDPOLYGONALFACE((402,272,404));
#752=IFCINDEXEDPOLYGONALFACE((406,403,405));
#753=IFCINDEXEDPOLYGONALFACE((406,405,407));
#754=IFCINDEXEDPOLYGONALFACE((408,406,407));
#755=IFCINDEXEDPOLYGONALFACE((408,407,409));
#756=IFCINDEXEDPOLYGONALFACE((410,411,406));
#757=IFCINDEXEDPOLYGONALFACE((408,410,406));
#758=IFCINDEXEDPOLYGONALFACE((406,411,401));
#759=IFCINDEXEDPOLYGONALFACE((406,401,403));
#760=IFCINDEXEDPOLYGONALFACE((280,411,410));
#761=IFCINDEXEDPOLYGONALFACE((280,279,411));
#762=IFCINDEXEDPOLYGONALFACE((279,401,411));
#763=IFCINDEXEDPOLYGONALFACE((279,278,401));
#764=IFCINDEXEDPOLYGONALFACE((281,410,412));
#765=IFCINDEXEDPOLYGONALFACE((281,280,410));
#766=IFCINDEXEDPOLYGONALFACE((282,412,413));
#767=IFCINDEXEDPOLYGONALFACE((282,281,412));
#768=IFCINDEXEDPOLYGONALFACE((413,412,414));
#769=IFCINDEXEDPOLYGONALFACE((415,413,414));
#770=IFCINDEXEDPOLYGONALFACE((414,412,410));
#771=IFCINDEXEDPOLYGONALFACE((414,410,408));
#772=IFCINDEXEDPOLYGONALFACE((415,414,416));
#773=IFCINDEXEDPOLYGONALFACE((415,416,417));
#774=IFCINDEXEDPOLYGONALFACE((414,408,409));
#775=IFCINDEXEDPOLYGONALFACE((414,409,416));
#776=IFCINDEXEDPOLYGONALFACE((418,415,417));
#777=IFCINDEXEDPOLYGONALFACE((418,417,419));
#778=IFCINDEXEDPOLYGONALFACE((420,418,419));
#779=IFCINDEXEDPOLYGONALFACE((420,419,421));
#780=IFCINDEXEDPOLYGONALFACE((420,422,423));
#781=IFCINDEXEDPOLYGONALFACE((420,423,418));
#782=IFCINDEXEDPOLYGONALFACE((418,423,413));
#783=IFCINDEXEDPOLYGONALFACE((418,413,415));
#784=IFCINDEXEDPOLYGONALFACE((284,423,422));
#785=IFCINDEXEDPOLYGONALFACE((284,283,423));
#786=IFCINDEXEDPOLYGONALFACE((283,413,423));
#787=IFCINDEXEDPOLYGONALFACE((283,282,413));
#788=IFCINDEXEDPOLYGONALFACE((285,422,424));
#789=IFCINDEXEDPOLYGONALFACE((285,284,422));
#790=IFCINDEXEDPOLYGONALFACE((286,424,425));
#791=IFCINDEXEDPOLYGONALFACE((286,285,424));
#792=IFCINDEXEDPOLYGONALFACE((427,425,424));
#793=IFCINDEXEDPOLYGONALFACE((427,424,426));
#794=IFCINDEXEDPOLYGONALFACE((424,422,420));
#795=IFCINDEXEDPOLYGONALFACE((426,424,420));
#796=IFCINDEXEDPOLYGONALFACE((427,426,428));
#797=IFCINDEXEDPOLYGONALFACE((427,428,429));
#798=IFCINDEXEDPOLYGONALFACE((426,420,421));
#799=IFCINDEXEDPOLYGONALFACE((426,421,428));
#800=IFCINDEXEDPOLYGONALFACE((430,427,429));
#801=IFCINDEXEDPOLYGONALFACE((430,429,431));
#802=IFCINDEXEDPOLYGONALFACE((432,430,431));
#803=IFCINDEXEDPOLYGONALFACE((432,431,433));
#804=IFCINDEXEDPOLYGONALFACE((434,435,430));
#805=IFCINDEXEDPOLYGONALFACE((432,434,430));
#806=IFCINDEXEDPOLYGONALFACE((430,435,425));
#807=IFCINDEXEDPOLYGONALFACE((430,425,427));
#808=IFCINDEXEDPOLYGONALFACE((288,435,434));
#809=IFCINDEXEDPOLYGONALFACE((288,287,435));
#810=IFCINDEXEDPOLYGONALFACE((287,425,435));
#811=IFCINDEXEDPOLYGONALFACE((287,286,425));
#812=IFCINDEXEDPOLYGONALFACE((289,434,436));
#813=IFCINDEXEDPOLYGONALFACE((289,288,434));
#814=IFCINDEXEDPOLYGONALFACE((436,437,290));
#815=IFCINDEXEDPOLYGONALFACE((436,290,289));
#816=IFCINDEXEDPOLYGONALFACE((439,436,438));
#817=IFCINDEXEDPOLYGONALFACE((437,436,439));
#818=IFCINDEXEDPOLYGONALFACE((436,434,432));
#819=IFCINDEXEDPOLYGONALFACE((438,436,432));
#820=IFCINDEXEDPOLYGONALFACE((440,439,438));
#821=IFCINDEXEDPOLYGONALFACE((440,441,439));
#822=IFCINDEXEDPOLYGONALFACE((438,432,433));
#823=IFCINDEXEDPOLYGONALFACE((438,433,440));
#824=IFCINDEXEDPOLYGONALFACE((441,442,439));
#825=IFCINDEXEDPOLYGONALFACE((441,443,442));
#826=IFCINDEXEDPOLYGONALFACE((443,444,442));
#827=IFCINDEXEDPOLYGONALFACE((443,445,444));
#828=IFCINDEXEDPOLYGONALFACE((446,447,442));
#829=IFCINDEXEDPOLYGONALFACE((446,442,444));
#830=IFCINDEXEDPOLYGONALFACE((442,437,439));
#831=IFCINDEXEDPOLYGONALFACE((447,437,442));
#832=IFCINDEXEDPOLYGONALFACE((447,446,292));
#833=IFCINDEXEDPOLYGONALFACE((447,292,291));
#834=IFCINDEXEDPOLYGONALFACE((437,447,291));
#835=IFCINDEXEDPOLYGONALFACE((437,291,290));
#836=IFCINDEXEDPOLYGONALFACE((446,448,293));
#837=IFCINDEXEDPOLYGONALFACE((446,293,292));
#838=IFCINDEXEDPOLYGONALFACE((448,449,294));
#839=IFCINDEXEDPOLYGONALFACE((448,294,293));
#840=IFCINDEXEDPOLYGONALFACE((451,448,450));
#841=IFCINDEXEDPOLYGONALFACE((449,448,451));
#842=IFCINDEXEDPOLYGONALFACE((448,446,444));
#843=IFCINDEXEDPOLYGONALFACE((448,444,450));
#844=IFCINDEXEDPOLYGONALFACE((452,451,450));
#845=IFCINDEXEDPOLYGONALFACE((452,453,451));
#846=IFCINDEXEDPOLYGONALFACE((445,450,444));
#847=IFCINDEXEDPOLYGONALFACE((445,452,450));
#848=IFCINDEXEDPOLYGONALFACE((453,454,451));
#849=IFCINDEXEDPOLYGONALFACE((453,455,454));
#850=IFCINDEXEDPOLYGONALFACE((455,456,454));
#851=IFCINDEXEDPOLYGONALFACE((455,457,456));
#852=IFCINDEXEDPOLYGONALFACE((458,459,454));
#853=IFCINDEXEDPOLYGONALFACE((458,454,456));
#854=IFCINDEXEDPOLYGONALFACE((459,449,451));
#855=IFCINDEXEDPOLYGONALFACE((459,451,454));
#856=IFCINDEXEDPOLYGONALFACE((459,458,296));
#857=IFCINDEXEDPOLYGONALFACE((459,296,295));
#858=IFCINDEXEDPOLYGONALFACE((449,459,295));
#859=IFCINDEXEDPOLYGONALFACE((449,295,294));
#860=IFCINDEXEDPOLYGONALFACE((458,460,297));
#861=IFCINDEXEDPOLYGONALFACE((458,297,296));
#862=IFCINDEXEDPOLYGONALFACE((460,461,298));
#863=IFCINDEXEDPOLYGONALFACE((460,298,297));
#864=IFCINDEXEDPOLYGONALFACE((461,460,462));
#865=IFCINDEXEDPOLYGONALFACE((461,462,463));
#866=IFCINDEXEDPOLYGONALFACE((462,458,456));
#867=IFCINDEXEDPOLYGONALFACE((460,458,462));
#868=IFCINDEXEDPOLYGONALFACE((464,463,462));
#869=IFCINDEXEDPOLYGONALFACE((464,465,463));
#870=IFCINDEXEDPOLYGONALFACE((457,462,456));
#871=IFCINDEXEDPOLYGONALFACE((457,464,462));
#872=IFCINDEXEDPOLYGONALFACE((465,466,463));
#873=IFCINDEXEDPOLYGONALFACE((465,467,466));
#874=IFCINDEXEDPOLYGONALFACE((467,468,466));
#875=IFCINDEXEDPOLYGONALFACE((467,469,468));
#876=IFCINDEXEDPOLYGONALFACE((470,471,466));
#877=IFCINDEXEDPOLYGONALFACE((470,466,468));
#878=IFCINDEXEDPOLYGONALFACE((466,461,463));
#879=IFCINDEXEDPOLYGONALFACE((471,461,466));
#880=IFCINDEXEDPOLYGONALFACE((471,470,300));
#881=IFCINDEXEDPOLYGONALFACE((471,300,299));
#882=IFCINDEXEDPOLYGONALFACE((461,471,299));
#883=IFCINDEXEDPOLYGONALFACE((461,299,298));
#884=IFCINDEXEDPOLYGONALFACE((470,472,301));
#885=IFCINDEXEDPOLYGONALFACE((470,301,300));
#886=IFCINDEXEDPOLYGONALFACE((472,473,302));
#887=IFCINDEXEDPOLYGONALFACE((472,302,301));
#888=IFCINDEXEDPOLYGONALFACE((475,472,474));
#889=IFCINDEXEDPOLYGONALFACE((473,472,475));
#890=IFCINDEXEDPOLYGONALFACE((474,470,468));
#891=IFCINDEXEDPOLYGONALFACE((472,470,474));
#892=IFCINDEXEDPOLYGONALFACE((476,475,474));
#893=IFCINDEXEDPOLYGONALFACE((476,477,475));
#894=IFCINDEXEDPOLYGONALFACE((469,474,468));
#895=IFCINDEXEDPOLYGONALFACE((469,476,474));
#896=IFCINDEXEDPOLYGONALFACE((477,478,475));
#897=IFCINDEXEDPOLYGONALFACE((477,479,478));
#898=IFCINDEXEDPOLYGONALFACE((479,480,478));
#899=IFCINDEXEDPOLYGONALFACE((479,481,480));
#900=IFCINDEXEDPOLYGONALFACE((480,483,478));
#901=IFCINDEXEDPOLYGONALFACE((482,483,480));
#902=IFCINDEXEDPOLYGONALFACE((483,473,475));
#903=IFCINDEXEDPOLYGONALFACE((483,475,478));
#904=IFCINDEXEDPOLYGONALFACE((483,482,304));
#905=IFCINDEXEDPOLYGONALFACE((483,304,303));
#906=IFCINDEXEDPOLYGONALFACE((473,483,303));
#907=IFCINDEXEDPOLYGONALFACE((473,303,302));
#908=IFCINDEXEDPOLYGONALFACE((482,484,305));
#909=IFCINDEXEDPOLYGONALFACE((482,305,304));
#910=IFCINDEXEDPOLYGONALFACE((484,485,306));
#911=IFCINDEXEDPOLYGONALFACE((484,306,305));
#912=IFCINDEXEDPOLYGONALFACE((484,486,487));
#913=IFCINDEXEDPOLYGONALFACE((485,484,487));
#914=IFCINDEXEDPOLYGONALFACE((484,482,480));
#915=IFCINDEXEDPOLYGONALFACE((484,480,486));
#916=IFCINDEXEDPOLYGONALFACE((488,487,486));
#917=IFCINDEXEDPOLYGONALFACE((488,489,487));
#918=IFCINDEXEDPOLYGONALFACE((481,486,480));
#919=IFCINDEXEDPOLYGONALFACE((481,488,486));
#920=IFCINDEXEDPOLYGONALFACE((489,490,487));
#921=IFCINDEXEDPOLYGONALFACE((489,491,490));
#922=IFCINDEXEDPOLYGONALFACE((491,492,490));
#923=IFCINDEXEDPOLYGONALFACE((491,493,492));
#924=IFCINDEXEDPOLYGONALFACE((495,490,492));
#925=IFCINDEXEDPOLYGONALFACE((494,495,492));
#926=IFCINDEXEDPOLYGONALFACE((495,485,487));
#927=IFCINDEXEDPOLYGONALFACE((495,487,490));
#928=IFCINDEXEDPOLYGONALFACE((495,494,308));
#929=IFCINDEXEDPOLYGONALFACE((495,308,307));
#930=IFCINDEXEDPOLYGONALFACE((485,495,307));
#931=IFCINDEXEDPOLYGONALFACE((485,307,306));
#932=IFCINDEXEDPOLYGONALFACE((494,496,309));
#933=IFCINDEXEDPOLYGONALFACE((494,309,308));
#934=IFCINDEXEDPOLYGONALFACE((496,497,310));
#935=IFCINDEXEDPOLYGONALFACE((496,310,309));
#936=IFCINDEXEDPOLYGONALFACE((497,496,498));
#937=IFCINDEXEDPOLYGONALFACE((497,498,499));
#938=IFCINDEXEDPOLYGONALFACE((496,494,492));
#939=IFCINDEXEDPOLYGONALFACE((496,492,498));
#940=IFCINDEXEDPOLYGONALFACE((500,499,498));
#941=IFCINDEXEDPOLYGONALFACE((500,501,499));
#942=IFCINDEXEDPOLYGONALFACE((493,498,492));
#943=IFCINDEXEDPOLYGONALFACE((493,500,498));
#944=IFCINDEXEDPOLYGONALFACE((501,502,499));
#945=IFCINDEXEDPOLYGONALFACE((501,503,502));
#946=IFCINDEXEDPOLYGONALFACE((503,504,502));
#947=IFCINDEXEDPOLYGONALFACE((503,505,504));
#948=IFCINDEXEDPOLYGONALFACE((506,507,502));
#949=IFCINDEXEDPOLYGONALFACE((506,502,504));
#950=IFCINDEXEDPOLYGONALFACE((497,499,502));
#951=IFCINDEXEDPOLYGONALFACE((507,497,502));
#952=IFCINDEXEDPOLYGONALFACE((507,506,312));
#953=IFCINDEXEDPOLYGONALFACE((507,312,311));
#954=IFCINDEXEDPOLYGONALFACE((497,507,311));
#955=IFCINDEXEDPOLYGONALFACE((497,311,310));
#956=IFCINDEXEDPOLYGONALFACE((506,508,313));
#957=IFCINDEXEDPOLYGONALFACE((506,313,312));
#958=IFCINDEXEDPOLYGONALFACE((508,509,314));
#959=IFCINDEXEDPOLYGONALFACE((508,314,313));
#960=IFCINDEXEDPOLYGONALFACE((509,508,510));
#961=IFCINDEXEDPOLYGONALFACE((509,510,511));
#962=IFCINDEXEDPOLYGONALFACE((506,504,510));
#963=IFCINDEXEDPOLYGONALFACE((508,506,510));
#964=IFCINDEXEDPOLYGONALFACE((512,511,510));
#965=IFCINDEXEDPOLYGONALFACE((512,513,511));
#966=IFCINDEXEDPOLYGONALFACE((505,510,504));
#967=IFCINDEXEDPOLYGONALFACE((505,512,510));
#968=IFCINDEXEDPOLYGONALFACE((513,514,511));
#969=IFCINDEXEDPOLYGONALFACE((513,515,514));
#970=IFCINDEXEDPOLYGONALFACE((515,516,514));
#971=IFCINDEXEDPOLYGONALFACE((515,517,516));
#972=IFCINDEXEDPOLYGONALFACE((519,514,516));
#973=IFCINDEXEDPOLYGONALFACE((518,519,516));
#974=IFCINDEXEDPOLYGONALFACE((509,511,514));
#975=IFCINDEXEDPOLYGONALFACE((519,509,514));
#976=IFCINDEXEDPOLYGONALFACE((519,518,316));
#977=IFCINDEXEDPOLYGONALFACE((519,316,315));
#978=IFCINDEXEDPOLYGONALFACE((509,519,315));
#979=IFCINDEXEDPOLYGONALFACE((509,315,314));
#980=IFCINDEXEDPOLYGONALFACE((518,520,317));
#981=IFCINDEXEDPOLYGONALFACE((518,317,316));
#982=IFCINDEXEDPOLYGONALFACE((520,521,318));
#983=IFCINDEXEDPOLYGONALFACE((520,318,317));
#984=IFCINDEXEDPOLYGONALFACE((520,522,523));
#985=IFCINDEXEDPOLYGONALFACE((521,520,523));
#986=IFCINDEXEDPOLYGONALFACE((520,518,516));
#987=IFCINDEXEDPOLYGONALFACE((520,516,522));
#988=IFCINDEXEDPOLYGONALFACE((524,523,522));
#989=IFCINDEXEDPOLYGONALFACE((524,525,523));
#990=IFCINDEXEDPOLYGONALFACE((517,522,516));
#991=IFCINDEXEDPOLYGONALFACE((517,524,522));
#992=IFCINDEXEDPOLYGONALFACE((525,526,523));
#993=IFCINDEXEDPOLYGONALFACE((525,527,526));
#994=IFCINDEXEDPOLYGONALFACE((527,528,526));
#995=IFCINDEXEDPOLYGONALFACE((527,529,528));
#996=IFCINDEXEDPOLYGONALFACE((530,531,526));
#997=IFCINDEXEDPOLYGONALFACE((530,526,528));
#998=IFCINDEXEDPOLYGONALFACE((521,523,526));
#999=IFCINDEXEDPOLYGONALFACE((531,521,526));
#1000=IFCINDEXEDPOLYGONALFACE((531,530,320));
#1001=IFCINDEXEDPOLYGONALFACE((531,320,319));
#1002=IFCINDEXEDPOLYGONALFACE((521,531,319));
#1003=IFCINDEXEDPOLYGONALFACE((521,319,318));
#1004=IFCINDEXEDPOLYGONALFACE((530,532,321));
#1005=IFCINDEXEDPOLYGONALFACE((530,321,320));
#1006=IFCINDEXEDPOLYGONALFACE((322,532,533));
#1007=IFCINDEXEDPOLYGONALFACE((322,321,532));
#1008=IFCINDEXEDPOLYGONALFACE((532,534,535));
#1009=IFCINDEXEDPOLYGONALFACE((532,535,533));
#1010=IFCINDEXEDPOLYGONALFACE((532,530,528));
#1011=IFCINDEXEDPOLYGONALFACE((532,528,534));
#1012=IFCINDEXEDPOLYGONALFACE((535,534,536));
#1013=IFCINDEXEDPOLYGONALFACE((535,536,537));
#1014=IFCINDEXEDPOLYGONALFACE((529,534,528));
#1015=IFCINDEXEDPOLYGONALFACE((529,536,534));
#1016=IFCINDEXEDPOLYGONALFACE((538,535,537));
#1017=IFCINDEXEDPOLYGONALFACE((538,537,539));
#1018=IFCINDEXEDPOLYGONALFACE((540,538,539));
#1019=IFCINDEXEDPOLYGONALFACE((540,539,541));
#1020=IFCINDEXEDPOLYGONALFACE((542,538,540));
#1021=IFCINDEXEDPOLYGONALFACE((543,538,542));
#1022=IFCINDEXEDPOLYGONALFACE((533,535,538));
#1023=IFCINDEXEDPOLYGONALFACE((533,538,543));
#1024=IFCINDEXEDPOLYGONALFACE((324,543,542));
#1025=IFCINDEXEDPOLYGONALFACE((324,323,543));
#1026=IFCINDEXEDPOLYGONALFACE((323,533,543));
#1027=IFCINDEXEDPOLYGONALFACE((323,322,533));
#1028=IFCINDEXEDPOLYGONALFACE((325,542,544));
#1029=IFCINDEXEDPOLYGONALFACE((325,324,542));
#1030=IFCINDEXEDPOLYGONALFACE((326,544,545));
#1031=IFCINDEXEDPOLYGONALFACE((326,325,544));
#1032=IFCINDEXEDPOLYGONALFACE((544,546,547));
#1033=IFCINDEXEDPOLYGONALFACE((544,547,545));
#1034=IFCINDEXEDPOLYGONALFACE((544,540,546));
#1035=IFCINDEXEDPOLYGONALFACE((542,540,544));
#1036=IFCINDEXEDPOLYGONALFACE((547,546,548));
#1037=IFCINDEXEDPOLYGONALFACE((547,548,549));
#1038=IFCINDEXEDPOLYGONALFACE((546,540,541));
#1039=IFCINDEXEDPOLYGONALFACE((546,541,548));
#1040=IFCINDEXEDPOLYGONALFACE((550,547,549));
#1041=IFCINDEXEDPOLYGONALFACE((550,549,551));
#1042=IFCINDEXEDPOLYGONALFACE((552,550,551));
#1043=IFCINDEXEDPOLYGONALFACE((552,551,553));
#1044=IFCINDEXEDPOLYGONALFACE((554,550,552));
#1045=IFCINDEXEDPOLYGONALFACE((555,550,554));
#1046=IFCINDEXEDPOLYGONALFACE((555,547,550));
#1047=IFCINDEXEDPOLYGONALFACE((545,547,555));
#1048=IFCINDEXEDPOLYGONALFACE((328,555,554));
#1049=IFCINDEXEDPOLYGONALFACE((328,327,555));
#1050=IFCINDEXEDPOLYGONALFACE((327,545,555));
#1051=IFCINDEXEDPOLYGONALFACE((327,326,545));
#1052=IFCINDEXEDPOLYGONALFACE((329,554,556));
#1053=IFCINDEXEDPOLYGONALFACE((329,328,554));
#1054=IFCINDEXEDPOLYGONALFACE((330,556,557));
#1055=IFCINDEXEDPOLYGONALFACE((330,329,556));
#1056=IFCINDEXEDPOLYGONALFACE((557,558,559));
#1057=IFCINDEXEDPOLYGONALFACE((556,558,557));
#1058=IFCINDEXEDPOLYGONALFACE((554,552,558));
#1059=IFCINDEXEDPOLYGONALFACE((554,558,556));
#1060=IFCINDEXEDPOLYGONALFACE((559,558,560));
#1061=IFCINDEXEDPOLYGONALFACE((559,560,561));
#1062=IFCINDEXEDPOLYGONALFACE((558,552,553));
#1063=IFCINDEXEDPOLYGONALFACE((558,553,560));
#1064=IFCINDEXEDPOLYGONALFACE((562,559,561));
#1065=IFCINDEXEDPOLYGONALFACE((562,561,563));
#1066=IFCINDEXEDPOLYGONALFACE((564,562,563));
#1067=IFCINDEXEDPOLYGONALFACE((564,563,565));
#1068=IFCINDEXEDPOLYGONALFACE((566,562,564));
#1069=IFCINDEXEDPOLYGONALFACE((567,562,566));
#1070=IFCINDEXEDPOLYGONALFACE((557,559,562));
#1071=IFCINDEXEDPOLYGONALFACE((557,562,567));
#1072=IFCINDEXEDPOLYGONALFACE((332,567,566));
#1073=IFCINDEXEDPOLYGONALFACE((332,331,567));
#1074=IFCINDEXEDPOLYGONALFACE((331,557,567));
#1075=IFCINDEXEDPOLYGONALFACE((331,330,557));
#1076=IFCINDEXEDPOLYGONALFACE((333,566,568));
#1077=IFCINDEXEDPOLYGONALFACE((333,332,566));
#1078=IFCINDEXEDPOLYGONALFACE((334,568,569));
#1079=IFCINDEXEDPOLYGONALFACE((334,333,568));
#1080=IFCINDEXEDPOLYGONALFACE((568,570,571));
#1081=IFCINDEXEDPOLYGONALFACE((568,571,569));
#1082=IFCINDEXEDPOLYGONALFACE((566,564,570));
#1083=IFCINDEXEDPOLYGONALFACE((566,570,568));
#1084=IFCINDEXEDPOLYGONALFACE((571,570,572));
#1085=IFCINDEXEDPOLYGONALFACE((571,572,573));
#1086=IFCINDEXEDPOLYGONALFACE((570,564,565));
#1087=IFCINDEXEDPOLYGONALFACE((570,565,572));
#1088=IFCINDEXEDPOLYGONALFACE((574,571,573));
#1089=IFCINDEXEDPOLYGONALFACE((574,573,575));
#1090=IFCINDEXEDPOLYGONALFACE((576,574,575));
#1091=IFCINDEXEDPOLYGONALFACE((576,575,577));
#1092=IFCINDEXEDPOLYGONALFACE((579,574,576));
#1093=IFCINDEXEDPOLYGONALFACE((579,576,578));
#1094=IFCINDEXEDPOLYGONALFACE((579,571,574));
#1095=IFCINDEXEDPOLYGONALFACE((569,571,579));
#1096=IFCINDEXEDPOLYGONALFACE((336,579,578));
#1097=IFCINDEXEDPOLYGONALFACE((336,335,579));
#1098=IFCINDEXEDPOLYGONALFACE((335,569,579));
#1099=IFCINDEXEDPOLYGONALFACE((335,334,569));
#1100=IFCINDEXEDPOLYGONALFACE((337,578,580));
#1101=IFCINDEXEDPOLYGONALFACE((337,336,578));
#1102=IFCINDEXEDPOLYGONALFACE((338,580,581));
#1103=IFCINDEXEDPOLYGONALFACE((338,337,580));
#1104=IFCINDEXEDPOLYGONALFACE((580,582,583));
#1105=IFCINDEXEDPOLYGONALFACE((580,583,581));
#1106=IFCINDEXEDPOLYGONALFACE((580,576,582));
#1107=IFCINDEXEDPOLYGONALFACE((578,576,580));
#1108=IFCINDEXEDPOLYGONALFACE((583,582,584));
#1109=IFCINDEXEDPOLYGONALFACE((583,584,585));
#1110=IFCINDEXEDPOLYGONALFACE((582,576,577));
#1111=IFCINDEXEDPOLYGONALFACE((582,577,584));
#1112=IFCINDEXEDPOLYGONALFACE((586,583,585));
#1113=IFCINDEXEDPOLYGONALFACE((586,585,587));
#1114=IFCINDEXEDPOLYGONALFACE((588,586,587));
#1115=IFCINDEXEDPOLYGONALFACE((588,587,589));
#1116=IFCINDEXEDPOLYGONALFACE((591,586,588));
#1117=IFCINDEXEDPOLYGONALFACE((591,588,590));
#1118=IFCINDEXEDPOLYGONALFACE((583,586,591));
#1119=IFCINDEXEDPOLYGONALFACE((581,583,591));
#1120=IFCINDEXEDPOLYGONALFACE((340,591,590));
#1121=IFCINDEXEDPOLYGONALFACE((340,339,591));
#1122=IFCINDEXEDPOLYGONALFACE((339,581,591));
#1123=IFCINDEXEDPOLYGONALFACE((339,338,581));
#1124=IFCINDEXEDPOLYGONALFACE((341,590,592));
#1125=IFCINDEXEDPOLYGONALFACE((341,340,590));
#1126=IFCINDEXEDPOLYGONALFACE((342,592,593));
#1127=IFCINDEXEDPOLYGONALFACE((342,341,592));
#1128=IFCINDEXEDPOLYGONALFACE((594,595,593));
#1129=IFCINDEXEDPOLYGONALFACE((592,594,593));
#1130=IFCINDEXEDPOLYGONALFACE((588,594,592));
#1131=IFCINDEXEDPOLYGONALFACE((590,588,592));
#1132=IFCINDEXEDPOLYGONALFACE((595,594,596));
#1133=IFCINDEXEDPOLYGONALFACE((595,596,597));
#1134=IFCINDEXEDPOLYGONALFACE((594,588,589));
#1135=IFCINDEXEDPOLYGONALFACE((594,589,596));
#1136=IFCINDEXEDPOLYGONALFACE((598,595,597));
#1137=IFCINDEXEDPOLYGONALFACE((598,597,599));
#1138=IFCINDEXEDPOLYGONALFACE((600,598,599));
#1139=IFCINDEXEDPOLYGONALFACE((600,599,601));
#1140=IFCINDEXEDPOLYGONALFACE((598,600,602));
#1141=IFCINDEXEDPOLYGONALFACE((603,598,602));
#1142=IFCINDEXEDPOLYGONALFACE((593,595,598));
#1143=IFCINDEXEDPOLYGONALFACE((593,598,603));
#1144=IFCINDEXEDPOLYGONALFACE((344,603,602));
#1145=IFCINDEXEDPOLYGONALFACE((344,343,603));
#1146=IFCINDEXEDPOLYGONALFACE((343,593,603));
#1147=IFCINDEXEDPOLYGONALFACE((343,342,593));
#1148=IFCINDEXEDPOLYGONALFACE((345,602,604));
#1149=IFCINDEXEDPOLYGONALFACE((345,344,602));
#1150=IFCINDEXEDPOLYGONALFACE((346,604,605));
#1151=IFCINDEXEDPOLYGONALFACE((346,345,604));
#1152=IFCINDEXEDPOLYGONALFACE((606,607,605));
#1153=IFCINDEXEDPOLYGONALFACE((604,606,605));
#1154=IFCINDEXEDPOLYGONALFACE((602,600,606));
#1155=IFCINDEXEDPOLYGONALFACE((602,606,604));
#1156=IFCINDEXEDPOLYGONALFACE((607,606,608));
#1157=IFCINDEXEDPOLYGONALFACE((607,608,609));
#1158=IFCINDEXEDPOLYGONALFACE((606,600,601));
#1159=IFCINDEXEDPOLYGONALFACE((606,601,608));
#1160=IFCINDEXEDPOLYGONALFACE((610,607,609));
#1161=IFCINDEXEDPOLYGONALFACE((610,609,611));
#1162=IFCINDEXEDPOLYGONALFACE((612,610,611));
#1163=IFCINDEXEDPOLYGONALFACE((612,611,613));
#1164=IFCINDEXEDPOLYGONALFACE((615,610,612));
#1165=IFCINDEXEDPOLYGONALFACE((615,612,614));
#1166=IFCINDEXEDPOLYGONALFACE((605,607,610));
#1167=IFCINDEXEDPOLYGONALFACE((605,610,615));
#1168=IFCINDEXEDPOLYGONALFACE((348,615,614));
#1169=IFCINDEXEDPOLYGONALFACE((348,347,615));
#1170=IFCINDEXEDPOLYGONALFACE((347,605,615));
#1171=IFCINDEXEDPOLYGONALFACE((347,346,605));
#1172=IFCINDEXEDPOLYGONALFACE((349,614,616));
#1173=IFCINDEXEDPOLYGONALFACE((349,348,614));
#1174=IFCINDEXEDPOLYGONALFACE((350,616,617));
#1175=IFCINDEXEDPOLYGONALFACE((350,349,616));
#1176=IFCINDEXEDPOLYGONALFACE((616,618,619));
#1177=IFCINDEXEDPOLYGONALFACE((616,619,617));
#1178=IFCINDEXEDPOLYGONALFACE((612,618,616));
#1179=IFCINDEXEDPOLYGONALFACE((614,612,616));
#1180=IFCINDEXEDPOLYGONALFACE((619,618,620));
#1181=IFCINDEXEDPOLYGONALFACE((619,620,621));
#1182=IFCINDEXEDPOLYGONALFACE((618,612,613));
#1183=IFCINDEXEDPOLYGONALFACE((618,613,620));
#1184=IFCINDEXEDPOLYGONALFACE((622,619,621));
#1185=IFCINDEXEDPOLYGONALFACE((622,621,623));
#1186=IFCINDEXEDPOLYGONALFACE((624,622,623));
#1187=IFCINDEXEDPOLYGONALFACE((624,623,625));
#1188=IFCINDEXEDPOLYGONALFACE((622,624,626));
#1189=IFCINDEXEDPOLYGONALFACE((627,622,626));
#1190=IFCINDEXEDPOLYGONALFACE((617,619,622));
#1191=IFCINDEXEDPOLYGONALFACE((617,622,627));
#1192=IFCINDEXEDPOLYGONALFACE((352,627,626));
#1193=IFCINDEXEDPOLYGONALFACE((352,351,627));
#1194=IFCINDEXEDPOLYGONALFACE((351,617,627));
#1195=IFCINDEXEDPOLYGONALFACE((351,350,617));
#1196=IFCINDEXEDPOLYGONALFACE((353,626,628));
#1197=IFCINDEXEDPOLYGONALFACE((353,352,626));
#1198=IFCINDEXEDPOLYGONALFACE((628,629,354));
#1199=IFCINDEXEDPOLYGONALFACE((628,354,353));
#1200=IFCINDEXEDPOLYGONALFACE((628,630,631));
#1201=IFCINDEXEDPOLYGONALFACE((628,631,629));
#1202=IFCINDEXEDPOLYGONALFACE((624,630,628));
#1203=IFCINDEXEDPOLYGONALFACE((626,624,628));
#1204=IFCINDEXEDPOLYGONALFACE((632,631,630));
#1205=IFCINDEXEDPOLYGONALFACE((632,633,631));
#1206=IFCINDEXEDPOLYGONALFACE((630,624,625));
#1207=IFCINDEXEDPOLYGONALFACE((630,625,632));
#1208=IFCINDEXEDPOLYGONALFACE((633,634,631));
#1209=IFCINDEXEDPOLYGONALFACE((633,635,634));
#1210=IFCINDEXEDPOLYGONALFACE((635,636,634));
#1211=IFCINDEXEDPOLYGONALFACE((635,637,636));
#1212=IFCINDEXEDPOLYGONALFACE((634,638,639));
#1213=IFCINDEXEDPOLYGONALFACE((634,636,638));
#1214=IFCINDEXEDPOLYGONALFACE((629,634,639));
#1215=IFCINDEXEDPOLYGONALFACE((631,634,629));
#1216=IFCINDEXEDPOLYGONALFACE((639,638,356));
#1217=IFCINDEXEDPOLYGONALFACE((639,356,355));
#1218=IFCINDEXEDPOLYGONALFACE((629,639,355));
#1219=IFCINDEXEDPOLYGONALFACE((629,355,354));
#1220=IFCINDEXEDPOLYGONALFACE((638,640,357));
#1221=IFCINDEXEDPOLYGONALFACE((638,357,356));
#1222=IFCINDEXEDPOLYGONALFACE((640,641,358));
#1223=IFCINDEXEDPOLYGONALFACE((640,358,357));
#1224=IFCINDEXEDPOLYGONALFACE((640,643,641));
#1225=IFCINDEXEDPOLYGONALFACE((642,643,640));
#1226=IFCINDEXEDPOLYGONALFACE((636,640,638));
#1227=IFCINDEXEDPOLYGONALFACE((636,642,640));
#1228=IFCINDEXEDPOLYGONALFACE((644,643,642));
#1229=IFCINDEXEDPOLYGONALFACE((644,645,643));
#1230=IFCINDEXEDPOLYGONALFACE((637,642,636));
#1231=IFCINDEXEDPOLYGONALFACE((637,644,642));
#1232=IFCINDEXEDPOLYGONALFACE((645,646,643));
#1233=IFCINDEXEDPOLYGONALFACE((645,647,646));
#1234=IFCINDEXEDPOLYGONALFACE((647,648,646));
#1235=IFCINDEXEDPOLYGONALFACE((647,649,648));
#1236=IFCINDEXEDPOLYGONALFACE((646,650,651));
#1237=IFCINDEXEDPOLYGONALFACE((646,648,650));
#1238=IFCINDEXEDPOLYGONALFACE((643,651,641));
#1239=IFCINDEXEDPOLYGONALFACE((643,646,651));
#1240=IFCINDEXEDPOLYGONALFACE((651,650,360));
#1241=IFCINDEXEDPOLYGONALFACE((651,360,359));
#1242=IFCINDEXEDPOLYGONALFACE((641,651,359));
#1243=IFCINDEXEDPOLYGONALFACE((641,359,358));
#1244=IFCINDEXEDPOLYGONALFACE((650,652,361));
#1245=IFCINDEXEDPOLYGONALFACE((650,361,360));
#1246=IFCINDEXEDPOLYGONALFACE((652,653,362));
#1247=IFCINDEXEDPOLYGONALFACE((652,362,361));
#1248=IFCINDEXEDPOLYGONALFACE((654,653,652));
#1249=IFCINDEXEDPOLYGONALFACE((654,655,653));
#1250=IFCINDEXEDPOLYGONALFACE((650,654,652));
#1251=IFCINDEXEDPOLYGONALFACE((648,654,650));
#1252=IFCINDEXEDPOLYGONALFACE((656,655,654));
#1253=IFCINDEXEDPOLYGONALFACE((656,657,655));
#1254=IFCINDEXEDPOLYGONALFACE((649,654,648));
#1255=IFCINDEXEDPOLYGONALFACE((649,656,654));
#1256=IFCINDEXEDPOLYGONALFACE((657,658,655));
#1257=IFCINDEXEDPOLYGONALFACE((657,659,658));
#1258=IFCINDEXEDPOLYGONALFACE((659,660,658));
#1259=IFCINDEXEDPOLYGONALFACE((659,661,660));
#1260=IFCINDEXEDPOLYGONALFACE((658,662,663));
#1261=IFCINDEXEDPOLYGONALFACE((658,660,662));
#1262=IFCINDEXEDPOLYGONALFACE((653,658,663));
#1263=IFCINDEXEDPOLYGONALFACE((655,658,653));
#1264=IFCINDEXEDPOLYGONALFACE((663,662,364));
#1265=IFCINDEXEDPOLYGONALFACE((663,364,363));
#1266=IFCINDEXEDPOLYGONALFACE((653,663,363));
#1267=IFCINDEXEDPOLYGONALFACE((653,363,362));
#1268=IFCINDEXEDPOLYGONALFACE((662,664,365));
#1269=IFCINDEXEDPOLYGONALFACE((662,365,364));
#1270=IFCINDEXEDPOLYGONALFACE((664,665,366));
#1271=IFCINDEXEDPOLYGONALFACE((664,366,365));
#1272=IFCINDEXEDPOLYGONALFACE((664,667,665));
#1273=IFCINDEXEDPOLYGONALFACE((666,667,664));
#1274=IFCINDEXEDPOLYGONALFACE((662,666,664));
#1275=IFCINDEXEDPOLYGONALFACE((660,666,662));
#1276=IFCINDEXEDPOLYGONALFACE((668,667,666));
#1277=IFCINDEXEDPOLYGONALFACE((668,669,667));
#1278=IFCINDEXEDPOLYGONALFACE((661,666,660));
#1279=IFCINDEXEDPOLYGONALFACE((661,668,666));
#1280=IFCINDEXEDPOLYGONALFACE((669,670,667));
#1281=IFCINDEXEDPOLYGONALFACE((669,671,670));
#1282=IFCINDEXEDPOLYGONALFACE((671,672,670));
#1283=IFCINDEXEDPOLYGONALFACE((671,673,672));
#1284=IFCINDEXEDPOLYGONALFACE((675,672,674));
#1285=IFCINDEXEDPOLYGONALFACE((670,672,675));
#1286=IFCINDEXEDPOLYGONALFACE((667,675,665));
#1287=IFCINDEXEDPOLYGONALFACE((667,670,675));
#1288=IFCINDEXEDPOLYGONALFACE((675,674,368));
#1289=IFCINDEXEDPOLYGONALFACE((675,368,367));
#1290=IFCINDEXEDPOLYGONALFACE((665,675,367));
#1291=IFCINDEXEDPOLYGONALFACE((665,367,366));
#1292=IFCINDEXEDPOLYGONALFACE((674,676,369));
#1293=IFCINDEXEDPOLYGONALFACE((674,369,368));
#1294=IFCINDEXEDPOLYGONALFACE((676,677,370));
#1295=IFCINDEXEDPOLYGONALFACE((676,370,369));
#1296=IFCINDEXEDPOLYGONALFACE((679,677,676));
#1297=IFCINDEXEDPOLYGONALFACE((678,679,676));
#1298=IFCINDEXEDPOLYGONALFACE((672,676,674));
#1299=IFCINDEXEDPOLYGONALFACE((672,678,676));
#1300=IFCINDEXEDPOLYGONALFACE((680,679,678));
#1301=IFCINDEXEDPOLYGONALFACE((680,681,679));
#1302=IFCINDEXEDPOLYGONALFACE((673,678,672));
#1303=IFCINDEXEDPOLYGONALFACE((673,680,678));
#1304=IFCINDEXEDPOLYGONALFACE((681,682,679));
#1305=IFCINDEXEDPOLYGONALFACE((681,683,682));
#1306=IFCINDEXEDPOLYGONALFACE((683,684,682));
#1307=IFCINDEXEDPOLYGONALFACE((683,685,684));
#1308=IFCINDEXEDPOLYGONALFACE((684,686,687));
#1309=IFCINDEXEDPOLYGONALFACE((682,684,687));
#1310=IFCINDEXEDPOLYGONALFACE((679,687,677));
#1311=IFCINDEXEDPOLYGONALFACE((679,682,687));
#1312=IFCINDEXEDPOLYGONALFACE((687,686,372));
#1313=IFCINDEXEDPOLYGONALFACE((687,372,371));
#1314=IFCINDEXEDPOLYGONALFACE((677,687,371));
#1315=IFCINDEXEDPOLYGONALFACE((677,371,370));
#1316=IFCINDEXEDPOLYGONALFACE((686,688,373));
#1317=IFCINDEXEDPOLYGONALFACE((686,373,372));
#1318=IFCINDEXEDPOLYGONALFACE((688,689,374));
#1319=IFCINDEXEDPOLYGONALFACE((688,374,373));
#1320=IFCINDEXEDPOLYGONALFACE((690,689,688));
#1321=IFCINDEXEDPOLYGONALFACE((690,691,689));
#1322=IFCINDEXEDPOLYGONALFACE((684,688,686));
#1323=IFCINDEXEDPOLYGONALFACE((684,690,688));
#1324=IFCINDEXEDPOLYGONALFACE((692,691,690));
#1325=IFCINDEXEDPOLYGONALFACE((692,693,691));
#1326=IFCINDEXEDPOLYGONALFACE((685,690,684));
#1327=IFCINDEXEDPOLYGONALFACE((685,692,690));
#1328=IFCINDEXEDPOLYGONALFACE((693,694,691));
#1329=IFCINDEXEDPOLYGONALFACE((693,695,694));
#1330=IFCINDEXEDPOLYGONALFACE((695,696,694));
#1331=IFCINDEXEDPOLYGONALFACE((695,697,696));
#1332=IFCINDEXEDPOLYGONALFACE((694,698,699));
#1333=IFCINDEXEDPOLYGONALFACE((694,696,698));
#1334=IFCINDEXEDPOLYGONALFACE((694,699,689));
#1335=IFCINDEXEDPOLYGONALFACE((691,694,689));
#1336=IFCINDEXEDPOLYGONALFACE((699,698,376));
#1337=IFCINDEXEDPOLYGONALFACE((699,376,375));
#1338=IFCINDEXEDPOLYGONALFACE((689,699,375));
#1339=IFCINDEXEDPOLYGONALFACE((689,375,374));
#1340=IFCINDEXEDPOLYGONALFACE((698,700,377));
#1341=IFCINDEXEDPOLYGONALFACE((698,377,376));
#1342=IFCINDEXEDPOLYGONALFACE((700,701,378));
#1343=IFCINDEXEDPOLYGONALFACE((700,378,377));
#1344=IFCINDEXEDPOLYGONALFACE((702,701,700));
#1345=IFCINDEXEDPOLYGONALFACE((702,703,701));
#1346=IFCINDEXEDPOLYGONALFACE((702,700,698));
#1347=IFCINDEXEDPOLYGONALFACE((696,702,698));
#1348=IFCINDEXEDPOLYGONALFACE((704,703,702));
#1349=IFCINDEXEDPOLYGONALFACE((704,705,703));
#1350=IFCINDEXEDPOLYGONALFACE((697,702,696));
#1351=IFCINDEXEDPOLYGONALFACE((697,704,702));
#1352=IFCINDEXEDPOLYGONALFACE((705,706,703));
#1353=IFCINDEXEDPOLYGONALFACE((705,707,706));
#1354=IFCINDEXEDPOLYGONALFACE((707,708,706));
#1355=IFCINDEXEDPOLYGONALFACE((707,709,708));
#1356=IFCINDEXEDPOLYGONALFACE((708,710,711));
#1357=IFCINDEXEDPOLYGONALFACE((706,708,711));
#1358=IFCINDEXEDPOLYGONALFACE((706,711,701));
#1359=IFCINDEXEDPOLYGONALFACE((703,706,701));
#1360=IFCINDEXEDPOLYGONALFACE((711,710,380));
#1361=IFCINDEXEDPOLYGONALFACE((711,380,379));
#1362=IFCINDEXEDPOLYGONALFACE((701,711,379));
#1363=IFCINDEXEDPOLYGONALFACE((701,379,378));
#1364=IFCINDEXEDPOLYGONALFACE((710,712,381));
#1365=IFCINDEXEDPOLYGONALFACE((710,381,380));
#1366=IFCINDEXEDPOLYGONALFACE((712,713,382));
#1367=IFCINDEXEDPOLYGONALFACE((712,382,381));
#1368=IFCINDEXEDPOLYGONALFACE((715,713,712));
#1369=IFCINDEXEDPOLYGONALFACE((714,715,712));
#1370=IFCINDEXEDPOLYGONALFACE((708,712,710));
#1371=IFCINDEXEDPOLYGONALFACE((708,714,712));
#1372=IFCINDEXEDPOLYGONALFACE((716,715,714));
#1373=IFCINDEXEDPOLYGONALFACE((716,717,715));
#1374=IFCINDEXEDPOLYGONALFACE((709,714,708));
#1375=IFCINDEXEDPOLYGONALFACE((709,716,714));
#1376=IFCINDEXEDPOLYGONALFACE((717,718,715));
#1377=IFCINDEXEDPOLYGONALFACE((717,719,718));
#1378=IFCINDEXEDPOLYGONALFACE((719,720,718));
#1379=IFCINDEXEDPOLYGONALFACE((719,721,720));
#1380=IFCINDEXEDPOLYGONALFACE((718,722,723));
#1381=IFCINDEXEDPOLYGONALFACE((718,720,722));
#1382=IFCINDEXEDPOLYGONALFACE((718,723,713));
#1383=IFCINDEXEDPOLYGONALFACE((715,718,713));
#1384=IFCINDEXEDPOLYGONALFACE((723,722,384));
#1385=IFCINDEXEDPOLYGONALFACE((723,384,383));
#1386=IFCINDEXEDPOLYGONALFACE((713,723,383));
#1387=IFCINDEXEDPOLYGONALFACE((713,383,382));
#1388=IFCINDEXEDPOLYGONALFACE((722,724,385));
#1389=IFCINDEXEDPOLYGONALFACE((722,385,384));
#1390=IFCINDEXEDPOLYGONALFACE((386,724,725));
#1391=IFCINDEXEDPOLYGONALFACE((386,385,724));
#1392=IFCINDEXEDPOLYGONALFACE((727,725,724));
#1393=IFCINDEXEDPOLYGONALFACE((727,724,726));
#1394=IFCINDEXEDPOLYGONALFACE((720,724,722));
#1395=IFCINDEXEDPOLYGONALFACE((720,726,724));
#1396=IFCINDEXEDPOLYGONALFACE((727,726,728));
#1397=IFCINDEXEDPOLYGONALFACE((727,728,729));
#1398=IFCINDEXEDPOLYGONALFACE((721,726,720));
#1399=IFCINDEXEDPOLYGONALFACE((721,728,726));
#1400=IFCINDEXEDPOLYGONALFACE((730,727,729));
#1401=IFCINDEXEDPOLYGONALFACE((730,729,731));
#1402=IFCINDEXEDPOLYGONALFACE((732,730,731));
#1403=IFCINDEXEDPOLYGONALFACE((732,731,733));
#1404=IFCINDEXEDPOLYGONALFACE((730,734,735));
#1405=IFCINDEXEDPOLYGONALFACE((732,734,730));
#1406=IFCINDEXEDPOLYGONALFACE((730,735,725));
#1407=IFCINDEXEDPOLYGONALFACE((730,725,727));
#1408=IFCINDEXEDPOLYGONALFACE((388,735,734));
#1409=IFCINDEXEDPOLYGONALFACE((388,387,735));
#1410=IFCINDEXEDPOLYGONALFACE((387,725,735));
#1411=IFCINDEXEDPOLYGONALFACE((387,386,725));
#1412=IFCINDEXEDPOLYGONALFACE((389,734,736));
#1413=IFCINDEXEDPOLYGONALFACE((389,388,734));
#1414=IFCINDEXEDPOLYGONALFACE((390,736,737));
#1415=IFCINDEXEDPOLYGONALFACE((390,389,736));
#1416=IFCINDEXEDPOLYGONALFACE((739,737,736));
#1417=IFCINDEXEDPOLYGONALFACE((739,736,738));
#1418=IFCINDEXEDPOLYGONALFACE((732,736,734));
#1419=IFCINDEXEDPOLYGONALFACE((738,736,732));
#1420=IFCINDEXEDPOLYGONALFACE((739,738,740));
#1421=IFCINDEXEDPOLYGONALFACE((739,740,741));
#1422=IFCINDEXEDPOLYGONALFACE((738,732,733));
#1423=IFCINDEXEDPOLYGONALFACE((738,733,740));
#1424=IFCINDEXEDPOLYGONALFACE((742,739,741));
#1425=IFCINDEXEDPOLYGONALFACE((742,741,743));
#1426=IFCINDEXEDPOLYGONALFACE((744,742,743));
#1427=IFCINDEXEDPOLYGONALFACE((744,743,745));
#1428=IFCINDEXEDPOLYGONALFACE((742,746,747));
#1429=IFCINDEXEDPOLYGONALFACE((744,746,742));
#1430=IFCINDEXEDPOLYGONALFACE((739,747,737));
#1431=IFCINDEXEDPOLYGONALFACE((742,747,739));
#1432=IFCINDEXEDPOLYGONALFACE((392,747,746));
#1433=IFCINDEXEDPOLYGONALFACE((392,391,747));
#1434=IFCINDEXEDPOLYGONALFACE((391,737,747));
#1435=IFCINDEXEDPOLYGONALFACE((391,390,737));
#1436=IFCINDEXEDPOLYGONALFACE((393,746,748));
#1437=IFCINDEXEDPOLYGONALFACE((393,392,746));
#1438=IFCINDEXEDPOLYGONALFACE((394,748,749));
#1439=IFCINDEXEDPOLYGONALFACE((394,393,748));
#1440=IFCINDEXEDPOLYGONALFACE((750,749,748));
#1441=IFCINDEXEDPOLYGONALFACE((751,749,750));
#1442=IFCINDEXEDPOLYGONALFACE((750,748,746));
#1443=IFCINDEXEDPOLYGONALFACE((750,746,744));
#1444=IFCINDEXEDPOLYGONALFACE((751,750,752));
#1445=IFCINDEXEDPOLYGONALFACE((751,752,753));
#1446=IFCINDEXEDPOLYGONALFACE((750,744,745));
#1447=IFCINDEXEDPOLYGONALFACE((750,745,752));
#1448=IFCINDEXEDPOLYGONALFACE((754,751,753));
#1449=IFCINDEXEDPOLYGONALFACE((754,753,755));
#1450=IFCINDEXEDPOLYGONALFACE((756,754,755));
#1451=IFCINDEXEDPOLYGONALFACE((756,755,757));
#1452=IFCINDEXEDPOLYGONALFACE((754,758,759));
#1453=IFCINDEXEDPOLYGONALFACE((756,758,754));
#1454=IFCINDEXEDPOLYGONALFACE((754,759,749));
#1455=IFCINDEXEDPOLYGONALFACE((754,749,751));
#1456=IFCINDEXEDPOLYGONALFACE((396,759,758));
#1457=IFCINDEXEDPOLYGONALFACE((396,395,759));
#1458=IFCINDEXEDPOLYGONALFACE((395,749,759));
#1459=IFCINDEXEDPOLYGONALFACE((395,394,749));
#1460=IFCINDEXEDPOLYGONALFACE((397,758,760));
#1461=IFCINDEXEDPOLYGONALFACE((397,396,758));
#1462=IFCINDEXEDPOLYGONALFACE((398,760,761));
#1463=IFCINDEXEDPOLYGONALFACE((398,397,760));
#1464=IFCINDEXEDPOLYGONALFACE((763,761,760));
#1465=IFCINDEXEDPOLYGONALFACE((763,760,762));
#1466=IFCINDEXEDPOLYGONALFACE((762,760,758));
#1467=IFCINDEXEDPOLYGONALFACE((762,758,756));
#1468=IFCINDEXEDPOLYGONALFACE((763,762,764));
#1469=IFCINDEXEDPOLYGONALFACE((763,764,765));
#1470=IFCINDEXEDPOLYGONALFACE((762,756,757));
#1471=IFCINDEXEDPOLYGONALFACE((762,757,764));
#1472=IFCINDEXEDPOLYGONALFACE((766,763,765));
#1473=IFCINDEXEDPOLYGONALFACE((766,765,767));
#1474=IFCINDEXEDPOLYGONALFACE((259,766,767));
#1475=IFCINDEXEDPOLYGONALFACE((259,767,266));
#1476=IFCINDEXEDPOLYGONALFACE((259,258,768));
#1477=IFCINDEXEDPOLYGONALFACE((259,768,766));
#1478=IFCINDEXEDPOLYGONALFACE((763,768,761));
#1479=IFCINDEXEDPOLYGONALFACE((766,768,763));
#1480=IFCINDEXEDPOLYGONALFACE((262,768,258));
#1481=IFCINDEXEDPOLYGONALFACE((262,399,768));
#1482=IFCINDEXEDPOLYGONALFACE((399,761,768));
#1483=IFCINDEXEDPOLYGONALFACE((399,398,761));
#1484=IFCPOLYGONALFACESET(#64,.F.,(#84,#85,#86,#87,#88,#89,#90,#91,#92,#93,#94,#95,#96,#97,#98,#99,#100,#101,#102,#103,#104,#105,#106,#107,#108,#109,#110,#111,#112,#113,#114,#115,#116,#117,#118,#119,#120,#121,#122,#123,#124,#125,#126,#127,#128,#129,#130,#131,#132,#133,#134,#135,#136,#137,#138,#139,#140,#141,#142,#143,#144,#145,#146,#147,#148,#149,#150,#151,#152,#153,#154,#155,#156,#157,#158,#159,#160,#161,#162,#163,#164,#165,#166,#167,#168,#169,#170,#171,#172,#173,#174,#175,#176,#177,#178,#179,#180,#181,#182,#183,#184,#185,#186,#187,#188,#189,#190,#191,#192,#193,#194,#195,#196,#197,#198,#199,#200,#201,#202,#203,#204,#205,#206,#207,#208,#209,#210,#211,#212,#213,#214,#215,#216,#217,#218,#219,#220,#221,#222,#223,#224,#225,#226,#227,#228,#229,#230,#231,#232,#233,#234,#235,#236,#237,#238,#239,#240,#241,#242,#243,#244,#245,#246,#247,#248,#249,#250,#251,#252,#253,#254,#255,#256,#257,#258,#259,#260,#261,#262,#263,#264,#265,#266,#267,#268,#269,#270,#271,#272,#273,#274,#275,#276,#277,#278,#279,#280,#281,#282,#283,#284,#285,#286,#287,#288,#289,#290,#291,#292,#293,#294,#295,#296,#297,#298,#299,#300,#301,#302,#303,#304,#305,#306,#307,#308,#309,#310,#311,#312,#313,#314,#315,#316,#317,#318,#319,#320,#321,#322,#323,#324,#325,#326,#327,#328,#329,#330,#331,#332,#333,#334,#335,#336,#337,#338,#339,#340,#341,#342,#343,#344,#345,#346,#347,#348,#349,#350,#351,#352,#353,#354,#355,#356,#357,#358,#359,#360,#361,#362,#363,#364,#365,#366,#367,#368,#369,#370,#371,#372,#373,#374,#375,#376,#377,#378,#379,#380,#381,#382,#383,#384,#385,#386,#387,#388,#389,#390,#391,#392,#393,#394,#395,#396,#397,#398,#399,#400,#401,#402,#403,#404,#405,#406,#407,#408,#409,#410,#411,#412,#413,#414,#415,#416,#417,#418,#419,#420,#421,#422,#423,#424,#425,#426,#427,#428,#429,#430,#431,#432,#433,#434,#435,#436,#437,#438,#439,#440,#441,#442,#443,#444,#445,#446,#447,#448,#449,#450,#451,#452,#453,#454,#455,#456,#457,#458,#459,#460,#461,#462,#463,#464,#465,#466,#467,#468,#469,#470,#471,#472,#473,#474,#475,#476,#477,#478,#479,#480,#481,#482,#483,#484,#485,#486,#487,#488,#489,#490,#491,#492,#493,#494,#495,#496,#497,#498,#499,#500,#501,#502,#503,#504,#505,#506,#507,#508,#509,#510,#511,#512,#513,#514,#515,#516,#517,#518,#519,#520,#521,#522,#523,#524,#525,#526,#527,#528,#529,#530,#531,#532,#533,#534,#535,#536,#537,#538,#539,#540,#541,#542,#543,#544,#545,#546,#547,#548,#549,#550,#551,#552,#553,#554,#555,#556,#557,#558,#559,#560,#561,#562,#563,#564,#565,#566,#567,#568,#569,#570,#571,#572,#573,#574,#575,#576,#577,#578,#579,#580,#581,#582,#583,#584,#585,#586,#587,#588,#589,#590,#591,#592,#593,#594,#595,#596,#597,#598,#599,#600,#601,#602,#603,#604,#605,#606,#607,#608,#609,#610,#611,#612,#613,#614,#615,#616,#617,#618,#619,#620,#621,#622,#623,#624,#625,#626,#627,#628,#629,#630,#631,#632,#633,#634,#635,#636,#637,#638,#639,#640,#641,#642,#643,#644,#645,#646,#647,#648,#649,#650,#651,#652,#653,#654,#655,#656,#657,#658,#659,#660,#661,#662,#663,#664,#665,#666,#667,#668,#669,#670,#671,#672,#673,#674,#675,#676,#677,#678,#679,#680,#681,#682,#683,#684,#685,#686,#687,#688,#689,#690,#691,#692,#693,#694,#695,#696,#697,#698,#699,#700,#701,#702,#703,#704,#705,#706,#707,#708,#709,#710,#711,#712,#713,#714,#715,#716,#717,#718,#719,#720,#721,#722,#723,#724,#725,#726,#727,#728,#729,#730,#731,#732,#733,#734,#735,#736,#737,#738,#739,#740,#741,#742,#743,#744,#745,#746,#747,#748,#749,#750,#751,#752,#753,#754,#755,#756,#757,#758,#759,#760,#761,#762,#763,#764,#765,#766,#767,#768,#769,#770,#771,#772,#773,#774,#775,#776,#777,#778,#779,#780,#781,#782,#783,#784,#785,#786,#787,#788,#789,#790,#791,#792,#793,#794,#795,#796,#797,#798,#799,#800,#801,#802,#803,#804,#805,#806,#807,#808,#809,#810,#811,#812,#813,#814,#815,#816,#817,#818,#819,#820,#821,#822,#823,#824,#825,#826,#827,#828,#829,#830,#831,#832,#833,#834,#835,#836,#837,#838,#839,#840,#841,#842,#843,#844,#845,#846,#847,#848,#849,#850,#851,#852,#853,#854,#855,#856,#857,#858,#859,#860,#861,#862,#863,#864,#865,#866,#867,#868,#869,#870,#871,#872,#873,#874,#875,#876,#877,#878,#879,#880,#881,#882,#883,#884,#885,#886,#887,#888,#889,#890,#891,#892,#893,#894,#895,#896,#897,#898,#899,#900,#901,#902,#903,#904,#905,#906,#907,#908,#909,#910,#911,#912,#913,#914,#915,#916,#917,#918,#919,#920,#921,#922,#923,#924,#925,#926,#927,#928,#929,#930,#931,#932,#933,#934,#935,#936,#937,#938,#939,#940,#941,#942,#943,#944,#945,#946,#947,#948,#949,#950,#951,#952,#953,#954,#955,#956,#957,#958,#959,#960,#961,#962,#963,#964,#965,#966,#967,#968,#969,#970,#971,#972,#973,#974,#975,#976,#977,#978,#979,#980,#981,#982,#983,#984,#985,#986,#987,#988,#989,#990,#991,#992,#993,#994,#995,#996,#997,#998,#999,#1000,#1001,#1002,#1003,#1004,#1005,#1006,#1007,#1008,#1009,#1010,#1011,#1012,#1013,#1014,#1015,#1016,#1017,#1018,#1019,#1020,#1021,#1022,#1023,#1024,#1025,#1026,#1027,#1028,#1029,#1030,#1031,#1032,#1033,#1034,#1035,#1036,#1037,#1038,#1039,#1040,#1041,#1042,#1043,#1044,#1045,#1046,#1047,#1048,#1049,#1050,#1051,#1052,#1053,#1054,#1055,#1056,#1057,#1058,#1059,#1060,#1061,#1062,#1063,#1064,#1065,#1066,#1067,#1068,#1069,#1070,#1071,#1072,#1073,#1074,#1075,#1076,#1077,#1078,#1079,#1080,#1081,#1082,#1083,#1084,#1085,#1086,#1087,#1088,#1089,#1090,#1091,#1092,#1093,#1094,#1095,#1096,#1097,#1098,#1099,#1100,#1101,#1102,#1103,#1104,#1105,#1106,#1107,#1108,#1109,#1110,#1111,#1112,#1113,#1114,#1115,#1116,#1117,#1118,#1119,#1120,#1121,#1122,#1123,#1124,#1125,#1126,#1127,#1128,#1129,#1130,#1131,#1132,#1133,#1134,#1135,#1136,#1137,#1138,#1139,#1140,#1141,#1142,#1143,#1144,#1145,#1146,#1147,#1148,#1149,#1150,#1151,#1152,#1153,#1154,#1155,#1156,#1157,#1158,#1159,#1160,#1161,#1162,#1163,#1164,#1165,#1166,#1167,#1168,#1169,#1170,#1171,#1172,#1173,#1174,#1175,#1176,#1177,#1178,#1179,#1180,#1181,#1182,#1183,#1184,#1185,#1186,#1187,#1188,#1189,#1190,#1191,#1192,#1193,#1194,#1195,#1196,#1197,#1198,#1199,#1200,#1201,#1202,#1203,#1204,#1205,#1206,#1207,#1208,#1209,#1210,#1211,#1212,#1213,#1214,#1215,#1216,#1217,#1218,#1219,#1220,#1221,#1222,#1223,#1224,#1225,#1226,#1227,#1228,#1229,#1230,#1231,#1232,#1233,#1234,#1235,#1236,#1237,#1238,#1239,#1240,#1241,#1242,#1243,#1244,#1245,#1246,#1247,#1248,#1249,#1250,#1251,#1252,#1253,#1254,#1255,#1256,#1257,#1258,#1259,#1260,#1261,#1262,#1263,#1264,#1265,#1266,#1267,#1268,#1269,#1270,#1271,#1272,#1273,#1274,#1275,#1276,#1277,#1278,#1279,#1280,#1281,#1282,#1283,#1284,#1285,#1286,#1287,#1288,#1289,#1290,#1291,#1292,#1293,#1294,#1295,#1296,#1297,#1298,#1299,#1300,#1301,#1302,#1303,#1304,#1305,#1306,#1307,#1308,#1309,#1310,#1311,#1312,#1313,#1314,#1315,#1316,#1317,#1318,#1319,#1320,#1321,#1322,#1323,#1324,#1325,#1326,#1327,#1328,#1329,#1330,#1331,#1332,#1333,#1334,#1335,#1336,#1337,#1338,#1339,#1340,#1341,#1342,#1343,#1344,#1345,#1346,#1347,#1348,#1349,#1350,#1351,#1352,#1353,#1354,#1355,#1356,#1357,#1358,#1359,#1360,#1361,#1362,#1363,#1364,#1365,#1366,#1367,#1368,#1369,#1370,#1371,#1372,#1373,#1374,#1375,#1376,#1377,#1378,#1379,#1380,#1381,#1382,#1383,#1384,#1385,#1386,#1387,#1388,#1389,#1390,#1391,#1392,#1393,#1394,#1395,#1396,#1397,#1398,#1399,#1400,#1401,#1402,#1403,#1404,#1405,#1406,#1407,#1408,#1409,#1410,#1411,#1412,#1413,#1414,#1415,#1416,#1417,#1418,#1419,#1420,#1421,#1422,#1423,#1424,#1425,#1426,#1427,#1428,#1429,#1430,#1431,#1432,#1433,#1434,#1435,#1436,#1437,#1438,#1439,#1440,#1441,#1442,#1443,#1444,#1445,#1446,#1447,#1448,#1449,#1450,#1451,#1452,#1453,#1454,#1455,#1456,#1457,#1458,#1459,#1460,#1461,#1462,#1463,#1464,#1465,#1466,#1467,#1468,#1469,#1470,#1471,#1472,#1473,#1474,#1475,#1476,#1477,#1478,#1479,#1480,#1481,#1482,#1483),$);
#1485=IFCSHAPEREPRESENTATION(#1835,'Body','Tessellation',(#83,#1484));
#1486=IFCREPRESENTATIONMAP(#63,#1485);
#1487=IFCDIRECTION((1.,0.,0.));
#1488=IFCDIRECTION((0.,1.,0.));
#1489=IFCCARTESIANPOINT((0.,0.,0.));
#1490=IFCDIRECTION((0.,0.,1.));
#1491=IFCCARTESIANTRANSFORMATIONOPERATOR3D(#1487,#1488,#1489,1.,#1490);
#1492=IFCMAPPEDITEM(#1486,#1491);
#1493=IFCSHAPEREPRESENTATION(#1835,'Body','MappedRepresentation',(#1492));
#1495=IFCCARTESIANPOINT((0.,0.,0.));
#1496=IFCDIRECTION((0.,0.,1.));
#1497=IFCDIRECTION((1.,0.,0.));
#1498=IFCAXIS2PLACEMENT3D(#1495,#1496,#1497);
#1499=IFCCARTESIANPOINT((-275.,-303.,0.));
#1500=IFCBOUNDINGBOX(#1499,550.,578.,10.);
#1501=IFCSHAPEREPRESENTATION(#1837,'Box','BoundingBox',(#1500));
#1502=IFCREPRESENTATIONMAP(#1498,#1501);
#1503=IFCDIRECTION((1.,0.,0.));
#1504=IFCDIRECTION((0.,1.,0.));
#1505=IFCCARTESIANPOINT((0.,0.,0.));
#1506=IFCDIRECTION((0.,0.,1.));
#1507=IFCCARTESIANTRANSFORMATIONOPERATOR3D(#1503,#1504,#1505,1.,#1506);
#1508=IFCMAPPEDITEM(#1502,#1507);
#1509=IFCSHAPEREPRESENTATION(#1837,'Box','MappedRepresentation',(#1508));
#1511=IFCCARTESIANPOINT((0.,0.,0.));
#1512=IFCDIRECTION((0.,0.,1.));
#1513=IFCDIRECTION((1.,0.,0.));
#1514=IFCAXIS2PLACEMENT3D(#1511,#1512,#1513);
#1515=IFCCARTESIANPOINTLIST3D(((14.,-289.,0.),(13.8716049194336,-287.097015380859,0.),(13.4992036819458,-285.275360107422,0.),(12.8989610671997,-283.547790527344,0.),(12.0875730514526,-281.931304931641,0.),(11.0817270278931,-280.4423828125,0.),(9.89814853668213,-279.097747802734,0.),(8.5535306930542,-277.914184570312,0.),(7.06459760665894,-276.908355712891,0.),(5.44804239273071,-276.096923828125,0.),(3.72055649757385,-275.496643066406,0.),(1.89886379241943,-275.124328613281,0.),(0.,-275.,0.),(-1.89954900741577,-275.124328613281,0.),(-3.72124171257019,-275.496643066406,0.),(-5.44875812530518,-276.096923828125,0.),(-7.06531476974487,-276.908355712891,0.),(-8.55424976348877,-277.914184570312,0.),(-9.89883613586426,-279.097747802734,0.),(-11.0824146270752,-280.4423828125,0.),(-12.0882606506348,-281.931304931641,0.),(-12.8996543884277,-283.547790527344,0.),(-13.499927520752,-285.275360107422,0.),(-13.8722972869873,-287.097015380859,0.),(-14.,-289.,0.),(-13.8722991943359,-290.895477294922,0.),(-13.4999284744263,-292.717132568359,0.),(-12.899658203125,-294.444702148438,0.),(-12.0882663726807,-296.061248779297,0.),(-11.0824203491211,-297.550170898438,0.),(-9.89884376525879,-298.894714355469,0.),(-8.5542573928833,-300.078308105469,0.),(-7.06532335281372,-301.084136962891,0.),(-5.44876766204834,-301.895538330078,0.),(-3.72125148773193,-302.495819091797,0.),(-1.89955878257751,-302.8681640625,0.),(0.,-303.,0.),(1.89888441562653,-302.8681640625,0.),(3.72057723999023,-302.495819091797,0.),(5.44806289672852,-301.895538330078,0.),(7.06462001800537,-301.084136962891,0.),(8.55355262756348,-300.078308105469,0.),(9.89817237854004,-298.894714355469,0.),(11.0817499160767,-297.550170898438,0.),(12.0875968933105,-296.061248779297,0.),(12.8989896774292,-294.444702148438,0.),(13.4992322921753,-292.717132568359,0.),(13.8716325759888,-290.895477294922,0.),(0.,-275.,10.),(1.89886379241943,-275.124328613281,10.),(3.72057723999023,-302.495819091797,10.),(1.89888441562653,-302.8681640625,10.),(3.72055649757385,-275.496643066406,10.),(0.,-303.,10.),(5.44804239273071,-276.096923828125,10.),(-1.89955878257751,-302.8681640625,10.),(7.06459760665894,-276.908355712891,10.),(-3.72125148773193,-302.495819091797,10.),(8.5535306930542,-277.914184570312,10.),(-5.44876766204834,-301.895538330078,10.),(9.89814853668213,-279.097747802734,10.),(-7.06532335281372,-301.084136962891,10.),(11.0817270278931,-280.4423828125,10.),(-8.5542573928833,-300.078308105469,10.),(12.0875730514526,-281.931304931641,10.),(-9.89884376525879,-298.894714355469,10.),(12.8989610671997,-283.547790527344,10.),(-11.0824203491211,-297.550170898438,10.),(13.4992036819458,-285.275360107422,10.),(-12.0882663726807,-296.061248779297,10.),(13.8716049194336,-287.097015380859,10.),(-12.899658203125,-294.444702148438,10.),(14.,-289.,10.),(-13.4999284744263,-292.717132568359,10.),(-13.8722991943359,-290.895477294922,10.),(-14.,-289.,10.),(-13.8722972869873,-287.097015380859,10.),(-13.499927520752,-285.275360107422,10.),(-12.8996543884277,-283.547790527344,10.),(13.8716325759888,-290.895477294922,10.),(-12.0882606506348,-281.931304931641,10.),(13.4992322921753,-292.717132568359,10.),(-11.0824146270752,-280.4423828125,10.),(12.8989896774292,-294.444702148438,10.),(-9.89883613586426,-279.097747802734,10.),(12.0875968933105,-296.061248779297,10.),(-8.55424976348877,-277.914184570312,10.),(11.0817499160767,-297.550170898438,10.),(-7.06531476974487,-276.908355712891,10.),(9.89817237854004,-298.894714355469,10.),(-5.44875812530518,-276.096923828125,10.),(8.55355262756348,-300.078308105469,10.),(-3.72124171257019,-275.496643066406,10.),(7.06462001800537,-301.084136962891,10.),(-1.89954900741577,-275.124328613281,10.),(5.44806289672852,-301.895538330078,10.),(275.,0.,0.),(272.485015869141,37.3060302734375,0.),(265.170013427734,73.0895919799805,0.),(253.379516601562,107.022422790527,0.),(237.441452026367,138.7763671875,0.),(217.684005737305,168.023376464844,0.),(194.435256958008,194.435287475586,0.),(168.023361206055,217.68408203125,0.),(138.776351928711,237.441558837891,0.),(107.022415161133,253.379623413086,0.),(73.0896072387695,265.170227050781,0.),(37.3060417175293,272.485168457031,0.),(0.,275.,0.),(-37.3062400817871,272.485198974609,0.),(-73.0897827148438,265.170318603516,0.),(-107.022567749023,253.379745483398,0.),(-138.776565551758,237.441696166992,0.),(-168.023559570312,217.684265136719,0.),(-194.435531616211,194.435501098633,0.),(-217.68424987793,168.023574829102,0.),(-237.441772460938,138.776626586914,0.),(-253.379867553711,107.022651672363,0.),(-265.170440673828,73.08984375,0.),(-272.485382080078,37.306282043457,0.),(-275.,0.,0.),(-272.485443115234,-37.3059730529785,0.),(-265.170562744141,-73.0895309448242,0.),(-253.379989624023,-107.022323608398,0.),(-237.44189453125,-138.776290893555,0.),(-217.684417724609,-168.023315429688,0.),(-194.435729980469,-194.435256958008,0.),(-168.023773193359,-217.684005737305,0.),(-138.776809692383,-237.441513061523,0.),(-107.022811889648,-253.379608154297,0.),(-73.0900344848633,-265.170135498047,0.),(-37.3064994812012,-272.485168457031,0.),(0.,-275.,0.),(37.3058204650879,-272.485198974609,0.),(73.0893783569336,-265.170288085938,0.),(107.022201538086,-253.37971496582,0.),(138.776153564453,-237.441665649414,0.),(168.023178100586,-217.684265136719,0.),(194.435073852539,-194.435562133789,0.),(217.683853149414,-168.023574829102,0.),(237.441329956055,-138.776626586914,0.),(253.379425048828,-107.02262878418,0.),(265.169952392578,-73.08984375,0.),(272.484985351562,-37.306282043457,0.),(-73.0900344848633,-265.170135498047,10.),(-107.022811889648,-253.379608154297,10.),(168.023361206055,217.68408203125,10.),(194.435256958008,194.435287475586,10.),(-138.776809692383,-237.441513061523,10.),(217.684005737305,168.023376464844,10.),(-168.023773193359,-217.684005737305,10.),(237.441452026367,138.7763671875,10.),(-194.435729980469,-194.435256958008,10.),(253.379516601562,107.022422790527,10.),(-217.684417724609,-168.023315429688,10.),(265.170013427734,73.0895919799805,10.),(-237.44189453125,-138.776290893555,10.),(272.485015869141,37.3060302734375,10.),(-253.379989624023,-107.022323608398,10.),(275.,0.,10.),(-265.170562744141,-73.0895309448242,10.),(-272.485443115234,-37.3059730529785,10.),(-275.,0.,10.),(-272.485382080078,37.306282043457,10.),(-265.170440673828,73.08984375,10.),(-253.379867553711,107.022651672363,10.),(272.484985351562,-37.306282043457,10.),(-237.441772460938,138.776626586914,10.),(265.169952392578,-73.08984375,10.),(-217.68424987793,168.023574829102,10.),(253.379425048828,-107.02262878418,10.),(-194.435531616211,194.435501098633,10.),(237.441329956055,-138.776626586914,10.),(-168.023559570312,217.684265136719,10.),(217.683853149414,-168.023574829102,10.),(-138.776565551758,237.441696166992,10.),(194.435073852539,-194.435562133789,10.),(-107.022567749023,253.379745483398,10.),(168.023178100586,-217.684265136719,10.),(-73.0897827148438,265.170318603516,10.),(138.776153564453,-237.441665649414,10.),(-37.3062400817871,272.485198974609,10.),(107.022201538086,-253.37971496582,10.),(0.,275.,10.),(73.0893783569336,-265.170288085938,10.),(37.3060417175293,272.485168457031,10.),(37.3058204650879,-272.485198974609,10.),(73.0896072387695,265.170227050781,10.),(0.,-275.,10.),(107.022415161133,253.379623413086,10.),(-37.3064994812012,-272.485168457031,10.),(138.776351928711,237.441558837891,10.)));
#1516=IFCINDEXEDPOLYGONALFACE((24,20,21));
#1517=IFCINDEXEDPOLYGONALFACE((24,21,22));
#1518=IFCINDEXEDPOLYGONALFACE((24,22,23));
#1519=IFCINDEXEDPOLYGONALFACE((14,15,16));
#1520=IFCINDEXEDPOLYGONALFACE((14,16,17));
#1521=IFCINDEXEDPOLYGONALFACE((14,17,18));
#1522=IFCINDEXEDPOLYGONALFACE((25,19,20));
#1523=IFCINDEXEDPOLYGONALFACE((25,20,24));
#1524=IFCINDEXEDPOLYGONALFACE((13,18,19));
#1525=IFCINDEXEDPOLYGONALFACE((13,14,18));
#1526=IFCINDEXEDPOLYGONALFACE((10,11,12));
#1527=IFCINDEXEDPOLYGONALFACE((28,26,27));
#1528=IFCINDEXEDPOLYGONALFACE((9,10,12));
#1529=IFCINDEXEDPOLYGONALFACE((29,26,28));
#1530=IFCINDEXEDPOLYGONALFACE((8,12,13));
#1531=IFCINDEXEDPOLYGONALFACE((8,9,12));
#1532=IFCINDEXEDPOLYGONALFACE((30,25,26));
#1533=IFCINDEXEDPOLYGONALFACE((30,26,29));
#1534=IFCINDEXEDPOLYGONALFACE((31,19,25));
#1535=IFCINDEXEDPOLYGONALFACE((31,25,30));
#1536=IFCINDEXEDPOLYGONALFACE((7,13,19));
#1537=IFCINDEXEDPOLYGONALFACE((7,8,13));
#1538=IFCINDEXEDPOLYGONALFACE((7,19,31));
#1539=IFCINDEXEDPOLYGONALFACE((36,32,33));
#1540=IFCINDEXEDPOLYGONALFACE((36,33,34));
#1541=IFCINDEXEDPOLYGONALFACE((36,34,35));
#1542=IFCINDEXEDPOLYGONALFACE((2,3,4));
#1543=IFCINDEXEDPOLYGONALFACE((2,4,5));
#1544=IFCINDEXEDPOLYGONALFACE((2,5,6));
#1545=IFCINDEXEDPOLYGONALFACE((37,32,36));
#1546=IFCINDEXEDPOLYGONALFACE((37,31,32));
#1547=IFCINDEXEDPOLYGONALFACE((1,6,7));
#1548=IFCINDEXEDPOLYGONALFACE((1,2,6));
#1549=IFCINDEXEDPOLYGONALFACE((40,38,39));
#1550=IFCINDEXEDPOLYGONALFACE((46,47,48));
#1551=IFCINDEXEDPOLYGONALFACE((41,38,40));
#1552=IFCINDEXEDPOLYGONALFACE((45,46,48));
#1553=IFCINDEXEDPOLYGONALFACE((42,38,41));
#1554=IFCINDEXEDPOLYGONALFACE((42,37,38));
#1555=IFCINDEXEDPOLYGONALFACE((44,45,48));
#1556=IFCINDEXEDPOLYGONALFACE((44,48,1));
#1557=IFCINDEXEDPOLYGONALFACE((43,7,31));
#1558=IFCINDEXEDPOLYGONALFACE((43,1,7));
#1559=IFCINDEXEDPOLYGONALFACE((43,31,37));
#1560=IFCINDEXEDPOLYGONALFACE((43,37,42));
#1561=IFCINDEXEDPOLYGONALFACE((43,44,1));
#1562=IFCINDEXEDPOLYGONALFACE((49,12,13));
#1563=IFCINDEXEDPOLYGONALFACE((49,50,12));
#1564=IFCINDEXEDPOLYGONALFACE((51,38,39));
#1565=IFCINDEXEDPOLYGONALFACE((51,52,38));
#1566=IFCINDEXEDPOLYGONALFACE((50,11,12));
#1567=IFCINDEXEDPOLYGONALFACE((50,53,11));
#1568=IFCINDEXEDPOLYGONALFACE((52,37,38));
#1569=IFCINDEXEDPOLYGONALFACE((52,54,37));
#1570=IFCINDEXEDPOLYGONALFACE((53,10,11));
#1571=IFCINDEXEDPOLYGONALFACE((53,55,10));
#1572=IFCINDEXEDPOLYGONALFACE((54,36,37));
#1573=IFCINDEXEDPOLYGONALFACE((54,56,36));
#1574=IFCINDEXEDPOLYGONALFACE((55,9,10));
#1575=IFCINDEXEDPOLYGONALFACE((55,57,9));
#1576=IFCINDEXEDPOLYGONALFACE((56,35,36));
#1577=IFCINDEXEDPOLYGONALFACE((56,58,35));
#1578=IFCINDEXEDPOLYGONALFACE((57,8,9));
#1579=IFCINDEXEDPOLYGONALFACE((57,59,8));
#1580=IFCINDEXEDPOLYGONALFACE((58,34,35));
#1581=IFCINDEXEDPOLYGONALFACE((58,60,34));
#1582=IFCINDEXEDPOLYGONALFACE((59,7,8));
#1583=IFCINDEXEDPOLYGONALFACE((59,61,7));
#1584=IFCINDEXEDPOLYGONALFACE((60,33,34));
#1585=IFCINDEXEDPOLYGONALFACE((60,62,33));
#1586=IFCINDEXEDPOLYGONALFACE((6,7,61));
#1587=IFCINDEXEDPOLYGONALFACE((6,61,63));
#1588=IFCINDEXEDPOLYGONALFACE((62,32,33));
#1589=IFCINDEXEDPOLYGONALFACE((62,64,32));
#1590=IFCINDEXEDPOLYGONALFACE((5,6,63));
#1591=IFCINDEXEDPOLYGONALFACE((5,63,65));
#1592=IFCINDEXEDPOLYGONALFACE((64,31,32));
#1593=IFCINDEXEDPOLYGONALFACE((64,66,31));
#1594=IFCINDEXEDPOLYGONALFACE((4,5,65));
#1595=IFCINDEXEDPOLYGONALFACE((4,65,67));
#1596=IFCINDEXEDPOLYGONALFACE((30,31,66));
#1597=IFCINDEXEDPOLYGONALFACE((30,66,68));
#1598=IFCINDEXEDPOLYGONALFACE((3,4,67));
#1599=IFCINDEXEDPOLYGONALFACE((3,67,69));
#1600=IFCINDEXEDPOLYGONALFACE((29,30,68));
#1601=IFCINDEXEDPOLYGONALFACE((29,68,70));
#1602=IFCINDEXEDPOLYGONALFACE((2,3,69));
#1603=IFCINDEXEDPOLYGONALFACE((2,69,71));
#1604=IFCINDEXEDPOLYGONALFACE((28,29,70));
#1605=IFCINDEXEDPOLYGONALFACE((28,70,72));
#1606=IFCINDEXEDPOLYGONALFACE((1,2,71));
#1607=IFCINDEXEDPOLYGONALFACE((1,71,73));
#1608=IFCINDEXEDPOLYGONALFACE((27,28,72));
#1609=IFCINDEXEDPOLYGONALFACE((27,72,74));
#1610=IFCINDEXEDPOLYGONALFACE((26,27,74));
#1611=IFCINDEXEDPOLYGONALFACE((26,74,75));
#1612=IFCINDEXEDPOLYGONALFACE((25,26,75));
#1613=IFCINDEXEDPOLYGONALFACE((25,75,76));
#1614=IFCINDEXEDPOLYGONALFACE((24,25,76));
#1615=IFCINDEXEDPOLYGONALFACE((24,76,77));
#1616=IFCINDEXEDPOLYGONALFACE((23,24,77));
#1617=IFCINDEXEDPOLYGONALFACE((23,77,78));
#1618=IFCINDEXEDPOLYGONALFACE((22,23,78));
#1619=IFCINDEXEDPOLYGONALFACE((22,78,79));
#1620=IFCINDEXEDPOLYGONALFACE((48,1,73));
#1621=IFCINDEXEDPOLYGONALFACE((48,73,80));
#1622=IFCINDEXEDPOLYGONALFACE((21,22,79));
#1623=IFCINDEXEDPOLYGONALFACE((21,79,81));
#1624=IFCINDEXEDPOLYGONALFACE((47,48,80));
#1625=IFCINDEXEDPOLYGONALFACE((47,80,82));
#1626=IFCINDEXEDPOLYGONALFACE((20,21,81));
#1627=IFCINDEXEDPOLYGONALFACE((20,81,83));
#1628=IFCINDEXEDPOLYGONALFACE((46,47,82));
#1629=IFCINDEXEDPOLYGONALFACE((46,82,84));
#1630=IFCINDEXEDPOLYGONALFACE((19,20,83));
#1631=IFCINDEXEDPOLYGONALFACE((19,83,85));
#1632=IFCINDEXEDPOLYGONALFACE((45,46,84));
#1633=IFCINDEXEDPOLYGONALFACE((45,84,86));
#1634=IFCINDEXEDPOLYGONALFACE((85,18,19));
#1635=IFCINDEXEDPOLYGONALFACE((85,87,18));
#1636=IFCINDEXEDPOLYGONALFACE((44,45,86));
#1637=IFCINDEXEDPOLYGONALFACE((44,86,88));
#1638=IFCINDEXEDPOLYGONALFACE((87,17,18));
#1639=IFCINDEXEDPOLYGONALFACE((87,89,17));
#1640=IFCINDEXEDPOLYGONALFACE((43,44,88));
#1641=IFCINDEXEDPOLYGONALFACE((43,88,90));
#1642=IFCINDEXEDPOLYGONALFACE((89,16,17));
#1643=IFCINDEXEDPOLYGONALFACE((89,91,16));
#1644=IFCINDEXEDPOLYGONALFACE((90,42,43));
#1645=IFCINDEXEDPOLYGONALFACE((90,92,42));
#1646=IFCINDEXEDPOLYGONALFACE((91,15,16));
#1647=IFCINDEXEDPOLYGONALFACE((91,93,15));
#1648=IFCINDEXEDPOLYGONALFACE((92,41,42));
#1649=IFCINDEXEDPOLYGONALFACE((92,94,41));
#1650=IFCINDEXEDPOLYGONALFACE((93,14,15));
#1651=IFCINDEXEDPOLYGONALFACE((93,95,14));
#1652=IFCINDEXEDPOLYGONALFACE((94,40,41));
#1653=IFCINDEXEDPOLYGONALFACE((94,96,40));
#1654=IFCINDEXEDPOLYGONALFACE((95,13,14));
#1655=IFCINDEXEDPOLYGONALFACE((95,49,13));
#1656=IFCINDEXEDPOLYGONALFACE((96,39,40));
#1657=IFCINDEXEDPOLYGONALFACE((96,51,39));
#1658=IFCPOLYGONALFACESET(#1515,.F.,(#1516,#1517,#1518,#1519,#1520,#1521,#1522,#1523,#1524,#1525,#1526,#1527,#1528,#1529,#1530,#1531,#1532,#1533,#1534,#1535,#1536,#1537,#1538,#1539,#1540,#1541,#1542,#1543,#1544,#1545,#1546,#1547,#1548,#1549,#1550,#1551,#1552,#1553,#1554,#1555,#1556,#1557,#1558,#1559,#1560,#1561,#1562,#1563,#1564,#1565,#1566,#1567,#1568,#1569,#1570,#1571,#1572,#1573,#1574,#1575,#1576,#1577,#1578,#1579,#1580,#1581,#1582,#1583,#1584,#1585,#1586,#1587,#1588,#1589,#1590,#1591,#1592,#1593,#1594,#1595,#1596,#1597,#1598,#1599,#1600,#1601,#1602,#1603,#1604,#1605,#1606,#1607,#1608,#1609,#1610,#1611,#1612,#1613,#1614,#1615,#1616,#1617,#1618,#1619,#1620,#1621,#1622,#1623,#1624,#1625,#1626,#1627,#1628,#1629,#1630,#1631,#1632,#1633,#1634,#1635,#1636,#1637,#1638,#1639,#1640,#1641,#1642,#1643,#1644,#1645,#1646,#1647,#1648,#1649,#1650,#1651,#1652,#1653,#1654,#1655,#1656,#1657),$);
#1659=IFCINDEXEDPOLYGONALFACE((120,116,117));
#1660=IFCINDEXEDPOLYGONALFACE((120,117,118));
#1661=IFCINDEXEDPOLYGONALFACE((120,118,119));
#1662=IFCINDEXEDPOLYGONALFACE((110,111,112));
#1663=IFCINDEXEDPOLYGONALFACE((110,112,113));
#1664=IFCINDEXEDPOLYGONALFACE((110,113,114));
#1665=IFCINDEXEDPOLYGONALFACE((109,114,115));
#1666=IFCINDEXEDPOLYGONALFACE((109,110,114));
#1667=IFCINDEXEDPOLYGONALFACE((121,115,116));
#1668=IFCINDEXEDPOLYGONALFACE((121,116,120));
#1669=IFCINDEXEDPOLYGONALFACE((124,122,123));
#1670=IFCINDEXEDPOLYGONALFACE((106,107,108));
#1671=IFCINDEXEDPOLYGONALFACE((125,122,124));
#1672=IFCINDEXEDPOLYGONALFACE((105,106,108));
#1673=IFCINDEXEDPOLYGONALFACE((126,121,122));
#1674=IFCINDEXEDPOLYGONALFACE((126,122,125));
#1675=IFCINDEXEDPOLYGONALFACE((104,108,109));
#1676=IFCINDEXEDPOLYGONALFACE((104,105,108));
#1677=IFCINDEXEDPOLYGONALFACE((127,115,121));
#1678=IFCINDEXEDPOLYGONALFACE((127,121,126));
#1679=IFCINDEXEDPOLYGONALFACE((103,115,127));
#1680=IFCINDEXEDPOLYGONALFACE((103,109,115));
#1681=IFCINDEXEDPOLYGONALFACE((103,104,109));
#1682=IFCINDEXEDPOLYGONALFACE((132,128,129));
#1683=IFCINDEXEDPOLYGONALFACE((132,129,130));
#1684=IFCINDEXEDPOLYGONALFACE((132,130,131));
#1685=IFCINDEXEDPOLYGONALFACE((98,99,100));
#1686=IFCINDEXEDPOLYGONALFACE((98,100,101));
#1687=IFCINDEXEDPOLYGONALFACE((98,101,102));
#1688=IFCINDEXEDPOLYGONALFACE((97,102,103));
#1689=IFCINDEXEDPOLYGONALFACE((97,98,102));
#1690=IFCINDEXEDPOLYGONALFACE((133,128,132));
#1691=IFCINDEXEDPOLYGONALFACE((133,127,128));
#1692=IFCINDEXEDPOLYGONALFACE((142,143,144));
#1693=IFCINDEXEDPOLYGONALFACE((136,134,135));
#1694=IFCINDEXEDPOLYGONALFACE((137,134,136));
#1695=IFCINDEXEDPOLYGONALFACE((141,142,144));
#1696=IFCINDEXEDPOLYGONALFACE((140,141,144));
#1697=IFCINDEXEDPOLYGONALFACE((140,144,97));
#1698=IFCINDEXEDPOLYGONALFACE((138,133,134));
#1699=IFCINDEXEDPOLYGONALFACE((138,134,137));
#1700=IFCINDEXEDPOLYGONALFACE((139,133,138));
#1701=IFCINDEXEDPOLYGONALFACE((139,97,103));
#1702=IFCINDEXEDPOLYGONALFACE((139,127,133));
#1703=IFCINDEXEDPOLYGONALFACE((139,140,97));
#1704=IFCINDEXEDPOLYGONALFACE((139,103,127));
#1705=IFCINDEXEDPOLYGONALFACE((145,130,131));
#1706=IFCINDEXEDPOLYGONALFACE((145,146,130));
#1707=IFCINDEXEDPOLYGONALFACE((147,103,104));
#1708=IFCINDEXEDPOLYGONALFACE((147,148,103));
#1709=IFCINDEXEDPOLYGONALFACE((146,129,130));
#1710=IFCINDEXEDPOLYGONALFACE((146,149,129));
#1711=IFCINDEXEDPOLYGONALFACE((102,103,148));
#1712=IFCINDEXEDPOLYGONALFACE((102,148,150));
#1713=IFCINDEXEDPOLYGONALFACE((149,128,129));
#1714=IFCINDEXEDPOLYGONALFACE((149,151,128));
#1715=IFCINDEXEDPOLYGONALFACE((101,102,150));
#1716=IFCINDEXEDPOLYGONALFACE((101,150,152));
#1717=IFCINDEXEDPOLYGONALFACE((151,127,128));
#1718=IFCINDEXEDPOLYGONALFACE((151,153,127));
#1719=IFCINDEXEDPOLYGONALFACE((100,101,152));
#1720=IFCINDEXEDPOLYGONALFACE((100,152,154));
#1721=IFCINDEXEDPOLYGONALFACE((126,127,153));
#1722=IFCINDEXEDPOLYGONALFACE((126,153,155));
#1723=IFCINDEXEDPOLYGONALFACE((99,100,154));
#1724=IFCINDEXEDPOLYGONALFACE((99,154,156));
#1725=IFCINDEXEDPOLYGONALFACE((125,126,155));
#1726=IFCINDEXEDPOLYGONALFACE((125,155,157));
#1727=IFCINDEXEDPOLYGONALFACE((98,99,156));
#1728=IFCINDEXEDPOLYGONALFACE((98,156,158));
#1729=IFCINDEXEDPOLYGONALFACE((124,125,157));
#1730=IFCINDEXEDPOLYGONALFACE((124,157,159));
#1731=IFCINDEXEDPOLYGONALFACE((97,98,158));
#1732=IFCINDEXEDPOLYGONALFACE((97,158,160));
#1733=IFCINDEXEDPOLYGONALFACE((123,124,159));
#1734=IFCINDEXEDPOLYGONALFACE((123,159,161));
#1735=IFCINDEXEDPOLYGONALFACE((122,123,161));
#1736=IFCINDEXEDPOLYGONALFACE((122,161,162));
#1737=IFCINDEXEDPOLYGONALFACE((121,122,162));
#1738=IFCINDEXEDPOLYGONALFACE((121,162,163));
#1739=IFCINDEXEDPOLYGONALFACE((120,121,163));
#1740=IFCINDEXEDPOLYGONALFACE((120,163,164));
#1741=IFCINDEXEDPOLYGONALFACE((119,120,164));
#1742=IFCINDEXEDPOLYGONALFACE((119,164,165));
#1743=IFCINDEXEDPOLYGONALFACE((118,119,165));
#1744=IFCINDEXEDPOLYGONALFACE((118,165,166));
#1745=IFCINDEXEDPOLYGONALFACE((144,97,160));
#1746=IFCINDEXEDPOLYGONALFACE((144,160,167));
#1747=IFCINDEXEDPOLYGONALFACE((117,118,166));
#1748=IFCINDEXEDPOLYGONALFACE((117,166,168));
#1749=IFCINDEXEDPOLYGONALFACE((143,144,167));
#1750=IFCINDEXEDPOLYGONALFACE((143,167,169));
#1751=IFCINDEXEDPOLYGONALFACE((116,117,168));
#1752=IFCINDEXEDPOLYGONALFACE((116,168,170));
#1753=IFCINDEXEDPOLYGONALFACE((142,143,169));
#1754=IFCINDEXEDPOLYGONALFACE((142,169,171));
#1755=IFCINDEXEDPOLYGONALFACE((115,116,170));
#1756=IFCINDEXEDPOLYGONALFACE((115,170,172));
#1757=IFCINDEXEDPOLYGONALFACE((141,142,171));
#1758=IFCINDEXEDPOLYGONALFACE((141,171,173));
#1759=IFCINDEXEDPOLYGONALFACE((172,114,115));
#1760=IFCINDEXEDPOLYGONALFACE((172,174,114));
#1761=IFCINDEXEDPOLYGONALFACE((140,141,173));
#1762=IFCINDEXEDPOLYGONALFACE((140,173,175));
#1763=IFCINDEXEDPOLYGONALFACE((174,113,114));
#1764=IFCINDEXEDPOLYGONALFACE((174,176,113));
#1765=IFCINDEXEDPOLYGONALFACE((139,140,175));
#1766=IFCINDEXEDPOLYGONALFACE((139,175,177));
#1767=IFCINDEXEDPOLYGONALFACE((176,112,113));
#1768=IFCINDEXEDPOLYGONALFACE((176,178,112));
#1769=IFCINDEXEDPOLYGONALFACE((177,138,139));
#1770=IFCINDEXEDPOLYGONALFACE((177,179,138));
#1771=IFCINDEXEDPOLYGONALFACE((178,111,112));
#1772=IFCINDEXEDPOLYGONALFACE((178,180,111));
#1773=IFCINDEXEDPOLYGONALFACE((179,137,138));
#1774=IFCINDEXEDPOLYGONALFACE((179,181,137));
#1775=IFCINDEXEDPOLYGONALFACE((180,110,111));
#1776=IFCINDEXEDPOLYGONALFACE((180,182,110));
#1777=IFCINDEXEDPOLYGONALFACE((181,136,137));
#1778=IFCINDEXEDPOLYGONALFACE((181,183,136));
#1779=IFCINDEXEDPOLYGONALFACE((182,109,110));
#1780=IFCINDEXEDPOLYGONALFACE((182,184,109));
#1781=IFCINDEXEDPOLYGONALFACE((183,135,136));
#1782=IFCINDEXEDPOLYGONALFACE((183,185,135));
#1783=IFCINDEXEDPOLYGONALFACE((184,108,109));
#1784=IFCINDEXEDPOLYGONALFACE((184,186,108));
#1785=IFCINDEXEDPOLYGONALFACE((185,134,135));
#1786=IFCINDEXEDPOLYGONALFACE((185,187,134));
#1787=IFCINDEXEDPOLYGONALFACE((186,107,108));
#1788=IFCINDEXEDPOLYGONALFACE((186,188,107));
#1789=IFCINDEXEDPOLYGONALFACE((187,133,134));
#1790=IFCINDEXEDPOLYGONALFACE((187,189,133));
#1791=IFCINDEXEDPOLYGONALFACE((188,106,107));
#1792=IFCINDEXEDPOLYGONALFACE((188,190,106));
#1793=IFCINDEXEDPOLYGONALFACE((189,132,133));
#1794=IFCINDEXEDPOLYGONALFACE((189,191,132));
#1795=IFCINDEXEDPOLYGONALFACE((190,105,106));
#1796=IFCINDEXEDPOLYGONALFACE((190,192,105));
#1797=IFCINDEXEDPOLYGONALFACE((191,131,132));
#1798=IFCINDEXEDPOLYGONALFACE((191,145,131));
#1799=IFCINDEXEDPOLYGONALFACE((192,104,105));
#1800=IFCINDEXEDPOLYGONALFACE((192,147,104));
#1801=IFCPOLYGONALFACESET(#1515,.F.,(#1659,#1660,#1661,#1662,#1663,#1664,#1665,#1666,#1667,#1668,#1669,#1670,#1671,#1672,#1673,#1674,#1675,#1676,#1677,#1678,#1679,#1680,#1681,#1682,#1683,#1684,#1685,#1686,#1687,#1688,#1689,#1690,#1691,#1692,#1693,#1694,#1695,#1696,#1697,#1698,#1699,#1700,#1701,#1702,#1703,#1704,#1705,#1706,#1707,#1708,#1709,#1710,#1711,#1712,#1713,#1714,#1715,#1716,#1717,#1718,#1719,#1720,#1721,#1722,#1723,#1724,#1725,#1726,#1727,#1728,#1729,#1730,#1731,#1732,#1733,#1734,#1735,#1736,#1737,#1738,#1739,#1740,#1741,#1742,#1743,#1744,#1745,#1746,#1747,#1748,#1749,#1750,#1751,#1752,#1753,#1754,#1755,#1756,#1757,#1758,#1759,#1760,#1761,#1762,#1763,#1764,#1765,#1766,#1767,#1768,#1769,#1770,#1771,#1772,#1773,#1774,#1775,#1776,#1777,#1778,#1779,#1780,#1781,#1782,#1783,#1784,#1785,#1786,#1787,#1788,#1789,#1790,#1791,#1792,#1793,#1794,#1795,#1796,#1797,#1798,#1799,#1800),$);
#1802=IFCSHAPEREPRESENTATION(#1836,'Body','Tessellation',(#1658,#1801));
#1803=IFCREPRESENTATIONMAP(#1514,#1802);
#1804=IFCDIRECTION((1.,0.,0.));
#1805=IFCDIRECTION((0.,1.,0.));
#1806=IFCCARTESIANPOINT((0.,0.,0.));
#1807=IFCDIRECTION((0.,0.,1.));
#1808=IFCCARTESIANTRANSFORMATIONOPERATOR3D(#1804,#1805,#1806,1.,#1807);
#1809=IFCMAPPEDITEM(#1803,#1808);
#1810=IFCSHAPEREPRESENTATION(#1836,'Body','MappedRepresentation',(#1809));
#1811=IFCPRODUCTDEFINITIONSHAPE($,$,(#1493,#1509,#1810));
#1812=IFCFURNITURE('3hA0vKpcn44u4Tsx4tqiUz',#28,'Furniture',$,$,#1842,#1811,$,$);
#1813=IFCSTYLEDITEM(#83,(#1818),'MetalBrassCast005_1K.007');
#1814=IFCCOLOURRGB($,0.800047397613525,0.563774406909943,0.314339339733124);
#1815=IFCCOLOURRGB($,0.800000011920929,0.800000011920929,0.800000011920929);
#1816=IFCSURFACESTYLERENDERING(#1814,0.,#1815,$,$,$,IFCNORMALISEDRATIOMEASURE(0.),IFCSPECULARROUGHNESS(0.5),.NOTDEFINED.);
#1817=IFCEXTERNALLYDEFINEDSURFACESTYLE('Materials.blend','materials/MetalBrassCast005_1K','MetalBrassCast005_1K');
#1818=IFCSURFACESTYLE('MetalBrassCast005_1K',.BOTH.,(#1816,#1817));
#1819=IFCSTYLEDITEM(#1484,(#1824),'Kashmir Nude.004');
#1820=IFCCOLOURRGB($,0.800000011920929,0.800000011920929,0.800000011920929);
#1821=IFCCOLOURRGB($,0.800000011920929,0.800000011920929,0.800000011920929);
#1822=IFCSURFACESTYLERENDERING(#1820,0.,#1821,$,$,$,IFCNORMALISEDRATIOMEASURE(0.),IFCSPECULARROUGHNESS(0.5),.NOTDEFINED.);
#1823=IFCEXTERNALLYDEFINEDSURFACESTYLE('Materials.blend','materials/KashmirNude_1K','KashmirNude_1K');
#1824=IFCSURFACESTYLE('Kashmir Nude',.BOTH.,(#1822,#1823));
#1825=IFCSTYLEDITEM(#1658,(#1829),'MetalBrassCast005_1K.001');
#1826=IFCCOLOURRGB($,0.800000011920929,0.800000011920929,0.800000011920929);
#1827=IFCCOLOURRGB($,0.800000011920929,0.800000011920929,0.800000011920929);
#1828=IFCSURFACESTYLERENDERING(#1826,0.,#1827,$,$,$,IFCNORMALISEDRATIOMEASURE(0.),IFCSPECULARROUGHNESS(0.5),.NOTDEFINED.);
#1829=IFCSURFACESTYLE('MetalBrassCast005_1K.001',.BOTH.,(#1828));
#1830=IFCSTYLEDITEM(#1801,(#1834),'Kashmir Nude.002');
#1831=IFCCOLOURRGB($,0.800000011920929,0.800000011920929,0.800000011920929);
#1832=IFCCOLOURRGB($,0.800000011920929,0.800000011920929,0.800000011920929);
#1833=IFCSURFACESTYLERENDERING(#1831,0.,#1832,$,$,$,IFCNORMALISEDRATIOMEASURE(0.),IFCSPECULARROUGHNESS(0.5),.NOTDEFINED.);
#1834=IFCSURFACESTYLE('Kashmir Nude.002',.BOTH.,(#1833));
#1835=IFCGEOMETRICREPRESENTATIONSUBCONTEXT('Body','Model',*,*,*,*,#10,$,.MODEL_VIEW.,$);
#1836=IFCGEOMETRICREPRESENTATIONSUBCONTEXT('Body','Model',*,*,*,*,#10,$,.PLAN_VIEW.,$);
#1837=IFCGEOMETRICREPRESENTATIONSUBCONTEXT('Box','Model',*,*,*,*,#10,$,.MODEL_VIEW.,$);
#1838=IFCCARTESIANPOINT((-6087.03184127808,-4145.18070220947,10.));
#1839=IFCDIRECTION((0.,0.,1.));
#1840=IFCDIRECTION((0.,1.,0.));
#1841=IFCAXIS2PLACEMENT3D(#1838,#1839,#1840);
#1842=IFCLOCALPLACEMENT($,#1841);
#1843=IFCOWNERHISTORY(#23,#4,.READWRITE.,.MODIFIED.,1772201372,#23,#27,1762245053);
#1844=IFCFURNITURETYPE('1OOnzl9Iv0OOHaA0EOe321',#1843,'BST02','Beside 55x58xh35',$,$,(#1486,#1502,#1803),$,'BESIDETABLE',.NOTDEFINED.,.USERDEFINED.);
#1853=IFCOWNERHISTORY(#3,#4,.READWRITE.,.ADDED.,1787471789,#3,#4,1787471789);
#1854=IFCRELDEFINESBYTYPE('3Ddj5iiRLAgv89wJsu$DcU',#1853,$,$,(#1812),#1844);
#1855=IFCOWNERHISTORY(#23,#4,.READWRITE.,.MODIFIED.,1787471789,#3,#27,1762414122);
#1856=IFCBUILDINGSTOREY('1cWTMdxLbERA7F2YEXDAZK',#1855,'BEDM',$,$,#1861,$,$,$,$);
#1857=IFCCARTESIANPOINT((0.,0.,0.));
#1858=IFCDIRECTION((0.,0.,1.));
#1859=IFCDIRECTION((1.,0.,0.));
#1860=IFCAXIS2PLACEMENT3D(#1857,#1858,#1859);
#1861=IFCLOCALPLACEMENT($,#1860);
#1862=IFCOWNERHISTORY(#23,#4,.READWRITE.,.MODIFIED.,1787471789,#3,#27,1761750327);
#1863=IFCBUILDINGSTOREY('1VjEk5I8XFmfiAYaLk_F_7',#1862,'FUR',$,$,#1868,$,$,$,$);
#1864=IFCCARTESIANPOINT((0.,0.,0.));
#1865=IFCDIRECTION((0.,0.,1.));
#1866=IFCDIRECTION((1.,0.,0.));
#1867=IFCAXIS2PLACEMENT3D(#1864,#1865,#1866);
#1868=IFCLOCALPLACEMENT($,#1867);
#1869=IFCOWNERHISTORY(#23,#4,.READWRITE.,.MODIFIED.,1787471789,#3,#27,1759986564);
#1870=IFCBUILDING('0aVVbcf_9A9x07_Nod0gAP',#1869,'My Building',$,$,#1875,$,$,$,$,$,$);
#1871=IFCCARTESIANPOINT((0.,0.,0.));
#1872=IFCDIRECTION((0.,0.,1.));
#1873=IFCDIRECTION((1.,0.,0.));
#1874=IFCAXIS2PLACEMENT3D(#1871,#1872,#1873);
#1875=IFCLOCALPLACEMENT($,#1874);
#1876=IFCSITE('3iWnpcHW54tQCcUMk_yOsj',#1882,'My Site',$,$,#1881,$,$,$,$,$,$,$,$);
#1877=IFCCARTESIANPOINT((0.,0.,0.));
#1878=IFCDIRECTION((0.,0.,1.));
#1879=IFCDIRECTION((1.,0.,0.));
#1880=IFCAXIS2PLACEMENT3D(#1877,#1878,#1879);
#1881=IFCLOCALPLACEMENT($,#1880);
#1882=IFCOWNERHISTORY(#3,#27,.READWRITE.,.ADDED.,1787471789,#3,#27,1787471789);
#1883=IFCRELCONTAINEDINSPATIALSTRUCTURE('18ppf8vM14wPriPluDO5OK',#5,$,$,(#1812),#1856);
#1884=IFCRELAGGREGATES('1HB7ptTY19X9oRxXnmbp7a',#5,$,$,#1863,(#1856));
#1885=IFCRELAGGREGATES('1qQZsL$qH9beA$Dq2uvHRE',#5,$,$,#1870,(#1863));
#1886=IFCRELAGGREGATES('39PBSmIw5Clv9_iO3fEiN0',#5,$,$,#1876,(#1870));
#1887=IFCRELAGGREGATES('13oOaGlvDB2RsM08U5azJL',#5,$,$,#20,(#1876));
ENDSEC;
END-ISO-10303-21;
